# Blender 4.3.2
# www.blender.org
mtllib FED_Danube.mtl
o Danube_1
v -4.842916 21.848503 78.311974
v -4.238004 21.000128 78.859787
v -4.238004 22.206089 73.042969
v -4.238004 22.206089 73.042969
v -4.842916 23.046858 73.891342
v -4.842916 21.848503 78.311974
v -8.190723 23.046858 73.891342
v -8.806979 22.206089 73.042969
v -8.738542 21.000128 78.859787
v -8.738542 21.000128 78.859787
v -8.145035 21.848503 78.315765
v -8.190723 23.046858 73.891342
v -10.351580 21.848503 78.311974
v -9.746666 21.000128 78.859787
v -9.746666 22.206089 73.042969
v -9.746666 22.206089 73.042969
v -10.351580 23.046858 73.891342
v -10.351580 21.848503 78.311974
v -13.699387 23.046858 73.891342
v -14.311840 22.206089 73.042969
v -14.247204 21.000128 78.859787
v -14.247204 21.000128 78.859787
v -13.649897 21.848503 78.315765
v -13.699387 23.046858 73.891342
v -62.550652 -9.693103 -15.407475
v -62.835995 -10.336037 -14.890137
v -64.681084 -10.336037 -15.654800
v -64.681084 -10.336037 -15.654800
v -64.144676 -9.693103 -15.829760
v -62.550652 -9.693103 -15.407475
v -58.407761 -9.693103 -15.407475
v -56.813732 -9.693103 -15.829760
v -56.281120 -10.336037 -15.654800
v -56.281120 -10.336037 -15.654800
v -58.122410 -10.336037 -14.890137
v -58.407761 -9.693103 -15.407475
v -15.426550 35.448959 0.989114
v -15.430351 35.152210 0.570630
v -16.149328 32.363628 5.672216
v 4.842916 21.848503 78.311974
v 4.842916 23.046858 73.891342
v 4.238004 22.206089 73.042969
v 4.238004 22.206089 73.042969
v 4.238004 21.000128 78.859787
v 4.842916 21.848503 78.311974
v 8.190723 23.046858 73.891342
v 8.141232 21.848503 78.315765
v 8.738542 21.000128 78.859787
v 8.738542 21.000128 78.859787
v 8.803177 22.206089 73.042969
v 8.190723 23.046858 73.891342
v 10.347776 21.848503 78.311974
v 10.347776 23.046858 73.891342
v 9.742865 22.206089 73.042969
v 9.742865 22.206089 73.042969
v 9.742865 21.000128 78.859787
v 10.347776 21.848503 78.311974
v 13.695583 23.046858 73.891342
v 13.649897 21.848503 78.315765
v 14.243402 21.000128 78.859787
v 14.243402 21.000128 78.859787
v 14.311840 22.206089 73.042969
v 13.695583 23.046858 73.891342
v 62.550652 -9.693103 -15.407475
v 64.144676 -9.693103 -15.829760
v 64.677284 -10.336037 -15.654800
v 64.677284 -10.336037 -15.654800
v 62.835995 -10.336037 -14.890137
v 62.550652 -9.693103 -15.407475
v 58.407761 -9.693103 -15.407475
v 58.122410 -10.336037 -14.890137
v 56.277317 -10.336037 -15.654800
v 56.277317 -10.336037 -15.654800
v 56.809925 -9.693103 -15.829760
v 58.407761 -9.693103 -15.407475
v 15.426550 35.152210 0.570630
v 15.426550 35.448959 0.989114
v 16.149328 32.363628 5.672216
v -27.611752 -2.103488 32.937790
v -27.611752 4.439917 32.937790
v -27.611752 4.439916 29.122074
v -27.611752 -2.107289 13.474937
v -27.611752 4.439916 29.122074
v -27.482418 4.573052 13.543375
v -22.620491 25.820227 29.122070
v -22.628096 25.770737 13.478737
v -24.039495 -8.597462 32.937794
v -24.043297 -8.639347 13.474937
v -27.611752 -2.103488 32.937790
v -24.381874 -6.352956 51.282265
v -23.796034 -6.352956 63.338123
v -26.230770 -2.099683 51.236629
v -22.803118 -8.631740 68.378876
v -26.238438 4.439918 51.164326
v -27.611752 4.439917 32.937790
v -23.278635 17.876770 51.282257
v -22.601480 25.839237 32.937790
v -20.992243 23.628958 68.470184
v -22.517773 17.850155 63.125080
v -25.321562 -2.099681 63.315311
v -24.937298 4.439919 68.432106
v -25.325365 4.439919 63.281094
v -20.474844 21.924608 78.467926
v -24.937298 -2.095878 68.401688
v -23.902557 -2.095878 78.566841
v -22.358019 -8.681169 78.566841
v -23.913963 4.439919 78.494537
v -22.829733 -2.092075 87.720062
v -21.962347 -8.726854 87.902618
v -19.519947 -5.337162 106.460144
v -22.829733 4.439920 87.720062
v -19.497135 16.731709 93.388474
v -19.736794 -2.076867 106.479149
v -17.469414 -2.080667 116.473076
v -17.374363 -0.246981 116.427452
v -17.944994 4.420912 111.869881
v -19.729189 4.447527 106.547638
v -18.329195 7.593696 108.149216
v 27.607952 4.439916 29.122074
v 27.607952 4.439917 32.937790
v 27.607952 -2.103488 32.937790
v 27.607952 4.439916 29.122074
v 27.607952 -2.107289 13.474937
v 27.482418 4.573052 13.543375
v 22.616690 25.820227 29.122070
v 22.628096 25.770737 13.478737
v 24.035694 -8.597462 32.937794
v 24.039495 -8.639347 13.474937
v 27.607952 -2.103488 32.937790
v 24.378073 -6.352956 51.282265
v 26.226969 -2.099683 51.236629
v 23.792231 -6.352956 63.338123
v 26.234571 4.439918 51.164326
v 22.803118 -8.631740 68.378876
v 27.607952 4.439917 32.937790
v 23.274832 17.876770 51.282257
v 22.597677 25.839237 32.937790
v 20.992243 23.628958 68.470184
v 22.517773 17.850155 63.125080
v 25.317760 -2.099681 63.315311
v 24.933495 4.439919 68.432106
v 25.321562 4.439919 63.281094
v 20.471041 21.924608 78.467926
v 24.933495 -2.095878 68.401688
v 23.910160 4.439919 78.494537
v 23.902557 -2.095878 78.566841
v 22.354218 -8.681169 78.566841
v 22.825930 4.439920 87.720062
v 19.497135 16.731709 93.388474
v 22.825930 -2.092075 87.720062
v 21.962347 -8.726854 87.902618
v 19.516146 -5.337162 106.460144
v 19.729189 4.447527 106.547638
v 18.329195 7.593696 108.149216
v 17.944994 4.420912 111.869881
v 19.736794 -2.076867 106.479149
v 17.469414 -2.080667 116.473076
v 17.374363 -0.246981 116.427452
v -29.745995 8.407842 -12.318401
v -26.531324 21.277864 4.576580
v -27.718275 21.814278 4.675498
v -30.932943 8.624687 -12.618957
v -29.970444 7.806730 -12.326006
v -29.745995 8.407842 -12.318401
v -30.932943 8.624687 -12.618957
v -31.157394 7.559467 -12.630363
v -26.200352 24.081654 -14.471655
v -26.192749 24.100666 2.632570
v -27.189466 24.416430 2.925520
v -27.197073 24.359333 -14.745532
v -26.192749 24.100666 2.632570
v -26.390583 23.301783 3.096741
v -27.490023 23.271303 3.560850
v -27.189466 24.416430 2.925520
v -30.244385 7.772505 -94.777061
v -30.259592 7.688797 -89.264603
v -26.938402 20.235451 -87.720062
v -26.984028 20.167011 -91.223824
v -30.248186 7.791515 -98.444435
v -30.232916 7.879026 -104.881317
v -31.145988 7.570867 -105.436737
v -31.161196 7.468147 -98.166695
v -26.972620 20.056688 -94.316750
v -30.248186 7.791515 -98.444435
v -31.161196 7.468147 -98.166695
v -27.706869 20.501787 -93.776543
v -26.987829 20.056688 -96.888428
v -26.972620 20.056688 -94.316750
v -27.706869 20.501787 -93.776543
v -27.722076 20.501785 -97.033035
v -30.244385 7.772505 -94.777061
v -26.984028 20.167011 -91.223824
v -27.634565 20.593037 -91.516762
v -31.157394 7.468147 -95.286865
v -30.259592 7.688797 -89.264603
v -30.244385 7.772505 -94.777061
v -31.157394 7.468147 -95.286865
v -31.176405 7.365428 -88.945023
v -26.938402 20.235451 -87.720062
v -30.259592 7.688797 -89.264603
v -31.176405 7.365428 -88.945023
v -27.577534 20.695759 -87.244484
v -26.984028 20.167011 -91.223824
v -26.938402 20.235451 -87.720062
v -27.577534 20.695759 -87.244484
v -27.634565 20.593037 -91.516762
v -33.223137 3.949186 -80.822815
v -33.223137 -1.643188 -80.822815
v -32.340542 -2.130172 -80.244583
v -32.340542 4.436106 -80.244583
v -15.099380 31.572342 -92.966187
v -15.959159 28.528893 -98.292229
v -17.861284 26.908249 -98.353119
v -16.115110 31.385914 -91.353149
v -19.379208 23.914227 -102.454185
v -22.468342 23.891415 -102.378082
v -23.061789 24.074043 -101.510696
v -18.686844 24.089251 -101.609612
v -19.379208 21.266451 -105.250366
v -19.379208 23.914227 -102.454185
v -18.686844 24.089251 -101.609612
v -18.686844 20.969696 -104.911797
v -19.379208 14.133343 -109.880180
v -19.379208 21.266451 -105.250366
v -18.686844 20.969696 -104.911797
v -18.690647 13.832788 -109.541611
v -19.379208 7.757296 -111.664436
v -19.379208 14.133343 -109.880180
v -18.690647 13.832788 -109.541611
v -18.686844 6.779587 -111.516098
v -25.816151 7.734484 -111.641632
v -19.379208 7.757296 -111.664436
v -18.686844 6.779587 -111.516098
v -26.656858 6.752972 -111.489418
v -24.507469 14.045832 -109.933472
v -25.816151 7.734484 -111.641632
v -26.656858 6.752972 -111.489418
v -25.180820 13.867006 -109.541611
v -23.023767 21.205555 -105.303604
v -24.507469 14.045832 -109.933472
v -25.180820 13.867006 -109.541611
v -23.704721 20.988708 -104.892723
v -22.468342 23.891415 -102.378082
v -23.023767 21.205555 -105.303604
v -23.704721 20.988708 -104.892723
v -23.061789 24.074043 -101.510696
v -17.621624 31.424006 7.597215
v -17.031921 32.744095 7.585809
v -17.058599 32.732681 -18.116154
v -17.606417 31.424004 -18.112350
v -5.877657 -7.277384 -64.559357
v -5.877657 -9.156694 -64.559357
v -5.679821 -9.156694 -80.244583
v -5.679821 -7.277384 -80.244583
v -9.948303 -10.716497 -19.246067
v -11.420601 -9.156693 -18.104744
v -11.078159 -9.156694 -46.340416
v -9.605925 -10.716500 -44.830097
v -11.081962 -10.575764 -95.492241
v -6.653790 -10.575764 -95.492241
v -6.653790 -10.575762 -83.862457
v -11.237974 -10.575762 -83.862457
v -6.653790 -10.575762 -83.862457
v -6.204826 -9.164362 -83.341255
v -11.907522 -9.164362 -83.341255
v -11.237974 -10.575762 -83.862457
v -11.081962 -10.575764 -95.492241
v -11.751574 -9.164364 -96.177063
v -6.204826 -9.164364 -96.177063
v -6.653790 -10.575764 -95.492241
v -11.237974 -10.575762 -83.862457
v -11.907522 -9.164362 -83.341255
v -11.751574 -9.164364 -96.177063
v -11.081962 -10.575764 -95.492241
v -6.204826 -9.164362 -83.341255
v -6.653790 -10.575762 -83.862457
v -6.653790 -10.575764 -95.492241
v -6.204826 -9.164364 -96.177063
v -18.306383 -11.058884 -102.792770
v -19.280289 -9.156696 -103.926422
v -11.679270 -9.156696 -103.926422
v -12.653177 -11.058884 -102.792770
v -12.653177 -11.058882 -61.420788
v -11.679270 -9.156694 -60.465893
v -19.280289 -9.156694 -60.325150
v -18.306383 -11.058882 -61.279984
v -18.306383 -11.058882 -50.974091
v -19.280289 -9.156694 -52.670837
v -11.679270 -9.156694 -52.670837
v -12.653177 -11.058882 -50.974091
v -12.653177 -11.058876 2.872293
v -11.679270 -9.156690 4.180974
v -19.280289 -9.156690 4.325518
v -18.306383 -11.058876 3.016837
v -16.358570 -11.207228 -96.743889
v -14.928159 -11.207228 -96.743889
v -14.928159 -11.207226 -62.558250
v -16.358570 -11.207226 -62.425114
v -16.358570 -11.207226 -49.357254
v -14.928159 -11.207226 -49.357254
v -14.928159 -11.207220 0.631530
v -16.358570 -11.207220 0.642936
v -14.536290 26.227304 26.500908
v -14.072181 30.997917 26.500908
v -14.068378 31.016930 21.444948
v -14.536290 26.227304 21.444948
v -21.730293 25.462580 29.521544
v -26.565607 5.242663 29.620464
v -26.573212 5.238863 32.507900
v -21.730293 25.462580 32.538380
v -20.330299 25.462580 29.498730
v -21.730293 25.462580 29.521544
v -21.730293 25.462580 32.538380
v -20.341705 25.462580 32.564995
v -20.330299 25.462580 29.498730
v -20.269403 26.234909 29.129677
v -22.049862 26.288139 29.122070
v -21.730293 25.462580 29.521544
v -26.565607 5.242663 29.620464
v -27.611752 4.439916 29.122074
v -27.611752 4.439917 32.937790
v -26.573212 5.238863 32.507900
v -22.049862 26.288139 32.937790
v -20.269403 26.242514 32.937790
v -20.341705 25.462580 32.564995
v -21.730293 25.462580 32.538380
v -20.269403 26.242514 32.937790
v -20.269403 26.234909 29.129677
v -20.330299 25.462580 29.498730
v -20.341705 25.462580 32.564995
v -5.569497 31.009327 22.650908
v -7.711343 30.997917 26.470491
v -7.711343 32.671791 27.071535
v -5.249993 32.660385 22.658510
v -25.218842 4.413304 62.653366
v -26.044403 4.409500 51.719749
v -26.044403 -2.111089 51.792049
v -25.207436 -2.130160 62.687584
v -25.207436 -2.130160 62.687584
v -26.044403 -2.111089 51.792049
v -24.416157 -5.824149 51.833878
v -23.898754 -5.827949 62.710461
v -2.879895 22.198484 71.445137
v -2.419526 23.393038 70.779388
v -15.361852 23.453934 70.676666
v -14.829241 22.232765 71.403313
v -10.032014 17.188213 84.387451
v -10.054827 13.874626 92.155899
v -1.495110 13.806189 92.224342
v -1.472297 17.188213 84.376060
v -10.009201 7.053481 99.361252
v -1.594027 7.045877 99.406937
v -1.495110 13.806189 92.224342
v -10.054827 13.874626 92.155899
v -1.472297 18.051794 84.874382
v -10.032014 18.047993 84.885788
v -10.032014 17.188213 84.387451
v -1.472297 17.188213 84.376060
v -10.009201 7.913261 99.855835
v -1.594027 7.905656 99.905258
v -1.594027 7.045877 99.406937
v -10.009201 7.053481 99.361252
v -16.856960 32.728882 13.459663
v -17.617823 31.435411 13.463467
v -17.454206 31.435413 20.509127
v -16.689543 32.702209 20.509125
v -4.842916 21.848503 78.311974
v -4.842916 23.046858 73.891342
v -8.190723 23.046858 73.891342
v -8.145035 21.848503 78.315765
v -4.842916 23.046858 73.891342
v -4.238004 22.206089 73.042969
v -8.806979 22.206089 73.042969
v -8.190723 23.046858 73.891342
v -8.145035 21.848503 78.315765
v -8.738542 21.000128 78.859787
v -4.238004 21.000128 78.859787
v -4.842916 21.848503 78.311974
v -12.881430 31.914730 25.671541
v -9.518414 31.941345 25.671541
v -9.518414 31.941345 22.194403
v -12.885231 31.914730 22.243891
v -9.518414 31.941345 25.671541
v -8.810781 30.606050 26.299269
v -8.810781 30.606050 21.555271
v -9.518414 31.941345 22.194403
v -12.881430 31.914730 25.671541
v -13.714595 30.594645 26.299269
v -8.810781 30.606050 26.299269
v -9.518414 31.941345 25.671541
v -12.885231 31.914730 22.243891
v -13.722198 30.594645 21.623774
v -13.714595 30.594645 26.299269
v -12.881430 31.914730 25.671541
v -9.518414 31.941345 22.194403
v -8.810781 30.606050 21.555271
v -13.722198 30.594645 21.623774
v -12.885231 31.914730 22.243891
v -25.606909 14.057249 42.946987
v -24.530281 18.907770 42.943188
v -24.568306 18.915375 39.595383
v -25.644930 14.064854 39.644810
v -24.530281 18.907770 42.943188
v -23.377552 19.238743 43.536629
v -23.427040 19.250149 38.971458
v -24.568306 18.915375 39.595383
v -25.606909 14.057249 42.946987
v -24.602524 12.934998 43.536629
v -23.377552 19.238743 43.536629
v -24.530281 18.907770 42.943188
v -25.644930 14.064854 39.644810
v -24.655815 12.942601 39.036156
v -24.602524 12.934998 43.536629
v -25.606909 14.057249 42.946987
v -24.568306 18.915375 39.595383
v -23.427040 19.250149 38.971458
v -24.655815 12.942601 39.036156
v -25.644930 14.064854 39.644810
v -10.351580 21.848503 78.311974
v -10.351580 23.046858 73.891342
v -13.699387 23.046858 73.891342
v -13.649897 21.848503 78.315765
v -10.351580 23.046858 73.891342
v -9.746666 22.206089 73.042969
v -14.311840 22.206089 73.042969
v -13.699387 23.046858 73.891342
v -13.649897 21.848503 78.315765
v -14.247204 21.000128 78.859787
v -9.746666 21.000128 78.859787
v -10.351580 21.848503 78.311974
v -22.620491 25.820227 29.122070
v -22.049862 26.288139 29.122070
v -22.049862 26.288137 13.474934
v -22.628096 25.770737 13.478737
v -17.617823 31.435411 13.463467
v -17.986816 26.227303 13.474934
v -17.830866 26.227304 20.509127
v -17.454206 31.435413 20.509127
v -23.484074 -7.071934 12.626563
v -26.428604 -2.111092 12.626563
v -26.428604 -2.111092 7.635302
v -23.484074 -7.071936 7.635302
v -17.480885 23.640358 7.635300
v -20.395000 23.640358 7.635300
v -20.395000 23.640362 12.626561
v -17.480885 23.640362 12.626561
v -27.356884 4.710055 36.323681
v -28.513420 4.710055 36.163868
v -28.513420 -0.007329 36.163868
v -27.356884 -0.007329 36.323681
v -37.099751 3.804586 26.443815
v -37.175858 3.804586 17.416187
v -37.175858 0.898077 17.416187
v -37.099751 0.898077 26.443815
v -31.975353 4.710054 28.030239
v -37.099751 3.804586 26.443815
v -37.099751 0.898077 26.443815
v -31.975353 -0.007329 28.030239
v -30.818817 4.710055 33.732933
v -31.975353 4.710054 28.030239
v -31.975353 -0.007329 28.030239
v -30.818817 -0.007329 33.732933
v -28.513420 4.710055 36.163868
v -30.818817 4.710055 33.732933
v -30.818817 -0.007329 33.732933
v -28.513420 -0.007329 36.163868
v -31.994364 4.710053 13.771627
v -27.482418 4.573052 13.543375
v -27.356884 -0.007329 13.611876
v -31.994364 -0.007329 13.771628
v -37.175858 3.804586 17.416187
v -31.994364 4.710053 13.771627
v -31.994364 -0.007329 13.771628
v -37.175858 0.898077 17.416187
v -67.987007 0.011679 -0.559223
v -69.717972 -1.000247 -0.555421
v -69.717972 -1.000247 2.016315
v -67.929977 0.011679 2.012512
v -65.761505 0.011679 -4.192377
v -66.347359 -0.555151 -3.572255
v -66.305527 -0.555151 -0.844570
v -65.799530 0.011679 -0.559223
v -69.717972 -0.996444 -7.738019
v -69.717972 -1.000247 -4.165762
v -67.876678 0.011679 -4.180970
v -67.880486 0.019284 -7.738019
v -67.987007 -10.336035 -0.559223
v -67.929977 -10.336035 2.012513
v -69.717972 -9.320305 2.016315
v -69.717972 -9.320305 -0.559223
v -65.761505 -10.336035 -4.192376
v -65.799530 -10.336035 -0.559223
v -66.305527 -9.769206 -0.844569
v -66.347359 -9.769206 -3.572254
v -69.717972 -9.327909 -7.738018
v -67.880486 -10.343639 -7.738018
v -67.876678 -10.336035 -4.180969
v -69.717972 -9.320305 -4.165761
v -64.144676 -9.693103 -15.829760
v -64.681084 -10.336037 -15.654800
v -64.783806 -10.336037 -31.206820
v -64.251190 -9.693103 -31.161194
v -67.732147 -0.460033 -8.388556
v -67.701721 -0.216572 -8.247753
v -67.705528 -0.224177 -12.242296
v -67.735939 -0.467639 -12.101554
v -68.960915 -1.342628 -8.388556
v -69.307091 -1.342628 -8.247753
v -67.701721 -0.216572 -8.247753
v -67.732147 -0.460033 -8.388556
v -67.732147 -9.860518 -8.388556
v -67.701721 -10.107784 -8.247753
v -69.307091 -8.981729 -8.247753
v -68.960915 -8.981729 -8.388556
v -67.735939 -9.856718 -12.101554
v -67.705528 -10.100179 -12.242296
v -67.701721 -10.107784 -8.247753
v -67.732147 -9.860518 -8.388556
v -68.960915 -8.981729 -12.101554
v -69.307091 -8.981729 -12.242296
v -67.705528 -10.100179 -12.242296
v -67.735939 -9.856718 -12.101554
v -67.735939 -0.467639 -12.101554
v -67.705528 -0.224177 -12.242296
v -69.307091 -1.342628 -12.242296
v -68.960915 -1.342628 -12.101554
v -52.975201 0.011679 -0.559223
v -53.028431 0.011679 2.012512
v -51.240429 -1.000247 2.016315
v -51.240429 -1.000247 -0.559223
v -55.196892 0.011679 -4.192377
v -55.158875 0.011679 -0.559223
v -54.656673 -0.555151 -0.844570
v -54.611053 -0.555151 -3.572255
v -51.240429 -0.996444 -7.738019
v -53.077919 0.019284 -7.738019
v -53.085522 0.011679 -4.180970
v -51.240429 -1.000247 -4.165762
v -52.975201 -10.336035 -0.559223
v -51.240429 -9.320305 -0.559223
v -51.240429 -9.320305 2.016315
v -53.028431 -10.336035 2.012513
v -55.196892 -10.336035 -4.192376
v -54.611053 -9.769206 -3.572254
v -54.656673 -9.769206 -0.844569
v -55.158875 -10.336035 -0.559223
v -51.240429 -9.327909 -7.738018
v -51.240429 -9.320305 -4.165761
v -53.085522 -10.336035 -4.180969
v -53.077919 -10.343639 -7.738018
v -56.813732 -9.693103 -15.829760
v -56.711010 -9.693103 -31.161194
v -56.174599 -10.336037 -31.206820
v -56.281120 -10.336037 -15.654800
v -53.226265 -0.460033 -8.388556
v -53.226265 -0.467639 -12.101554
v -53.252876 -0.224177 -12.242296
v -53.256680 -0.216572 -8.247753
v -52.001297 -1.342628 -8.388556
v -53.226265 -0.460033 -8.388556
v -53.256680 -0.216572 -8.247753
v -51.651249 -1.342628 -8.247753
v -53.226265 -9.860518 -8.388556
v -52.001297 -8.981729 -8.388556
v -51.651249 -8.981729 -8.247753
v -53.256680 -10.107784 -8.247753
v -53.226265 -9.856718 -12.101554
v -53.226265 -9.860518 -8.388556
v -53.256680 -10.107784 -8.247753
v -53.252876 -10.100179 -12.242296
v -52.001297 -8.981729 -12.101554
v -53.226265 -9.856718 -12.101554
v -53.252876 -10.100179 -12.242296
v -51.651249 -8.981729 -12.242296
v -53.226265 -0.467639 -12.101554
v -52.001297 -1.342628 -12.101554
v -51.651249 -1.342628 -12.242296
v -53.252876 -0.224177 -12.242296
v -52.910503 16.697414 -63.227802
v -58.061577 11.706154 -63.227802
v -57.989273 11.786061 -52.503426
v -52.944717 16.682207 -52.514832
v -57.852333 11.938211 -19.318373
v -53.401291 16.309414 -19.006411
v -53.393623 16.298008 -27.691660
v -57.852333 11.934409 -27.646034
v -26.634045 30.389198 -31.237305
v -21.612366 31.184280 -31.237305
v -21.540062 31.184277 -44.502937
v -26.596022 30.396803 -44.502937
v -31.172604 29.209852 -31.237305
v -30.796005 31.024529 -29.932423
v -30.784597 31.039736 -45.811615
v -31.161196 29.228863 -44.502937
v -50.894188 17.005577 -44.502937
v -51.925194 17.690395 -45.811615
v -51.921387 17.732222 -29.932423
v -50.890385 17.047462 -31.237305
v -61.405582 2.708945 -44.502937
v -62.409901 2.667122 -45.811615
v -62.409901 2.667123 -29.932421
v -61.405582 2.587216 -31.241104
v -56.459946 12.014315 -31.241104
v -56.676792 13.079536 -29.932423
v -56.604485 13.136629 -45.811615
v -56.387642 12.067606 -44.502937
v -21.612366 31.184280 -31.237305
v -21.228102 33.116882 -29.932425
v -21.155861 33.116882 -45.811615
v -21.540062 31.184277 -44.502937
v -26.634045 30.389198 -31.237305
v -26.854691 32.108761 -29.932425
v -21.228102 33.116882 -29.932425
v -21.612366 31.184280 -31.237305
v -26.596022 30.396803 -44.502937
v -26.816671 32.116360 -45.811615
v -26.854691 32.108761 -29.932425
v -26.634045 30.389198 -31.237305
v -21.540062 31.184277 -44.502937
v -21.155861 33.116882 -45.811615
v -26.816671 32.116360 -45.811615
v -26.596022 30.396803 -44.502937
v -58.860458 -0.281210 -19.656948
v -58.860458 -0.281215 -62.938713
v -31.340019 -0.262203 -63.037628
v -31.340019 -0.262200 -19.637938
v -32.013374 2.689933 -61.489227
v -31.343824 2.785046 -63.037628
v -58.769146 2.655712 -62.759888
v -58.765343 2.655715 -61.489227
v -58.765343 2.655716 -21.056942
v -58.765343 2.655716 -19.603655
v -31.343824 2.785050 -19.637938
v -32.013374 2.689935 -21.056942
v -32.013374 2.689935 -21.056942
v -31.343824 2.785050 -19.637938
v -31.343824 2.785046 -63.037628
v -32.013374 2.689933 -61.489227
v -31.343824 2.785046 -63.037628
v -31.340019 -0.262203 -63.037628
v -58.860458 -0.281215 -62.938713
v -58.769146 2.655712 -62.759888
v -58.765343 2.655716 -19.603655
v -58.860458 -0.281210 -19.656948
v -31.340019 -0.262200 -19.637938
v -31.343824 2.785050 -19.637938
v -31.343824 2.785046 -63.037628
v -31.343824 2.785050 -19.637938
v -31.340019 -0.262200 -19.637938
v -31.340019 -0.262203 -63.037628
v -50.437683 4.683374 -21.056942
v -51.609425 2.663321 -21.056942
v -45.575756 2.670925 -21.056942
v -46.363235 4.679571 -21.056942
v -33.862267 22.008308 -21.056942
v -34.147614 21.437614 -22.221016
v -32.774235 19.603928 -22.221016
v -32.367157 20.014809 -21.056942
v -32.367157 20.014809 -21.056942
v -32.774235 19.603928 -22.221016
v -35.262260 7.209483 -22.221016
v -35.072029 6.539935 -21.056942
v -35.072029 6.539935 -21.056942
v -35.262260 7.209483 -22.221016
v -48.360538 13.627356 -22.221016
v -49.224121 13.509426 -21.056942
v -49.224121 13.509426 -21.056942
v -48.360538 13.627356 -22.221016
v -39.260605 19.322447 -22.221016
v -39.416557 19.706648 -21.056942
v -39.416557 19.706648 -21.056942
v -39.260605 19.322447 -22.221016
v -34.147614 21.437614 -22.221016
v -33.862267 22.008308 -21.056942
v -50.662136 12.649646 -21.056942
v -50.555611 12.132244 -22.221016
v -36.962811 4.934501 -22.221016
v -35.597034 4.664363 -21.056942
v -35.597034 4.664363 -21.056942
v -36.962811 4.934501 -22.221016
v -41.824738 4.942105 -22.221016
v -41.257843 4.671967 -21.056942
v -41.257843 4.671967 -21.056942
v -41.824738 4.942105 -22.221016
v -42.741547 3.089409 -22.221016
v -42.246964 2.678529 -21.056942
v -42.246964 2.678529 -21.056942
v -42.741547 3.089409 -22.221016
v -45.355110 3.085606 -22.221016
v -45.575756 2.670925 -21.056942
v -45.575756 2.670925 -21.056942
v -45.355110 3.085606 -22.221016
v -46.085552 4.945908 -22.221016
v -46.363235 4.679571 -21.056942
v -46.363235 4.679571 -21.056942
v -46.085552 4.945908 -22.221016
v -50.677341 4.953511 -22.221016
v -50.437683 4.683374 -21.056942
v -50.437683 4.683374 -21.056942
v -50.677341 4.953511 -22.221016
v -51.769176 3.078002 -22.221016
v -51.609425 2.663321 -21.056942
v -51.609425 2.663321 -21.056942
v -51.769176 3.078002 -22.221016
v -55.915932 3.070399 -22.221016
v -56.657784 2.655716 -21.056942
v -56.657784 2.655716 -21.056942
v -55.915932 3.070399 -22.221016
v -55.520256 4.957314 -22.221016
v -56.231693 4.690977 -21.056942
v -56.231693 4.690977 -21.056942
v -55.520256 4.957314 -22.221016
v -54.576767 7.449142 -22.221016
v -55.006660 7.646978 -21.056942
v -55.006660 7.646978 -21.056942
v -54.576767 7.449142 -22.221016
v -50.555611 12.132244 -22.221016
v -50.662136 12.649646 -21.056942
v -33.128021 10.503996 -61.489227
v -33.683441 10.968103 -59.929482
v -33.668236 19.908283 -59.929482
v -33.112812 20.574028 -61.489227
v -33.112812 20.574028 -61.489227
v -33.668236 19.908283 -59.929482
v -35.764454 20.429487 -59.929482
v -35.471500 21.159933 -61.489227
v -48.645882 12.942595 -61.489227
v -48.223595 12.524111 -59.929482
v -49.452370 10.793144 -59.929482
v -50.688747 10.401276 -61.489227
v -50.688747 10.401276 -61.489227
v -49.452370 10.793144 -59.929482
v -33.683441 10.968103 -59.929482
v -33.128021 10.503996 -61.489227
v -23.206394 34.433167 -65.654991
v -16.952078 34.851650 -65.479973
v -16.955877 34.851650 -71.749496
v -23.073195 34.440834 -71.745689
v -16.952078 34.851650 -65.479973
v -15.989576 32.987549 -64.559357
v -15.993380 32.987549 -72.635887
v -16.955877 34.851650 -71.749496
v -23.206394 34.433167 -65.654991
v -24.028090 32.390301 -64.779999
v -15.989576 32.987549 -64.559357
v -16.952078 34.851650 -65.479973
v -23.073195 34.440834 -71.745689
v -23.856930 32.394100 -72.624481
v -24.028090 32.390301 -64.779999
v -23.206394 34.433167 -65.654991
v -16.955877 34.851650 -71.749496
v -15.993380 32.987549 -72.635887
v -23.856930 32.394100 -72.624481
v -23.073195 34.440834 -71.745689
v -48.721928 5.744787 -63.608265
v -48.721928 6.977426 -63.608265
v -35.509525 6.977426 -63.608265
v -35.509525 5.744787 -63.608265
v -49.779545 8.160574 -63.520752
v -50.955086 9.336056 -61.489227
v -33.276428 9.336056 -61.489227
v -34.451908 8.160574 -63.520752
v -49.779545 4.812769 -63.520752
v -50.955086 3.637226 -61.489227
v -50.955086 9.336056 -61.489227
v -49.779545 8.160574 -63.520752
v -34.451908 4.812769 -63.520752
v -33.276428 3.637226 -61.489227
v -50.955086 3.637226 -61.489227
v -49.779545 4.812769 -63.520752
v -34.451908 8.160574 -63.520752
v -33.276428 9.336056 -61.489227
v -33.276428 3.637226 -61.489227
v -34.451908 4.812769 -63.520752
v -21.239508 31.975622 -35.444889
v -21.212893 31.975622 -40.112782
v -26.725359 31.123447 -40.112782
v -26.736763 31.119642 -35.444889
v -26.736763 31.119642 -35.444889
v -26.622639 30.389198 -35.444889
v -21.589554 31.184280 -35.444889
v -21.239508 31.975622 -35.444889
v -21.212893 31.975622 -40.112782
v -21.562878 31.184280 -40.112782
v -26.611233 30.393000 -40.112782
v -26.725359 31.123447 -40.112782
v -52.625156 19.185444 -26.097631
v -47.709999 23.077269 -26.036798
v -47.713799 23.077267 -28.262291
v -52.514832 19.265350 -28.258488
v -47.709999 23.077269 -26.036798
v -45.857300 22.091957 -25.393866
v -45.861099 22.088154 -28.882412
v -47.713799 23.077267 -28.262291
v -52.625156 19.185444 -26.097631
v -52.138233 17.039860 -25.488979
v -45.857300 22.091957 -25.393866
v -47.709999 23.077269 -26.036798
v -52.514832 19.265350 -28.258488
v -52.001297 17.138777 -28.878611
v -52.138233 17.039860 -25.488979
v -52.625156 19.185444 -26.097631
v -47.713799 23.077267 -28.262291
v -45.861099 22.088154 -28.882412
v -52.001297 17.138777 -28.878611
v -52.514832 19.265350 -28.258488
v -63.459850 1.483974 -27.330269
v -63.387611 1.483974 -21.113972
v -63.387611 3.709466 -21.140591
v -63.452248 3.648633 -27.322664
v -63.387611 1.483974 -21.113972
v -61.451206 0.848645 -20.292278
v -61.455006 4.337193 -20.330297
v -63.387611 3.709466 -21.140591
v -63.459850 1.483974 -27.330269
v -61.485428 0.867655 -28.292768
v -61.451206 0.848645 -20.292278
v -63.387611 1.483974 -21.113972
v -63.452248 3.648633 -27.322664
v -61.477821 4.257286 -28.273697
v -61.485428 0.867655 -28.292768
v -63.459850 1.483974 -27.330269
v -63.387611 3.709466 -21.140591
v -61.455006 4.337193 -20.330297
v -61.477821 4.257286 -28.273697
v -63.452248 3.648633 -27.322664
v -15.768929 40.055954 -77.520630
v -10.785271 40.059757 -77.535904
v -10.808084 36.327747 -82.238007
v -16.560207 36.392448 -82.192390
v -10.149941 37.731548 -27.626963
v -13.349341 34.961975 -25.196030
v -13.242819 34.882133 -19.984121
v -10.157546 37.678257 -19.976517
v -10.785271 40.059757 -77.535904
v -15.768929 40.055954 -77.520630
v -15.768929 40.055954 -73.902748
v -10.781469 40.055954 -73.826645
v -15.768929 40.055954 -77.520630
v -16.560207 36.392448 -82.192390
v -16.537395 36.380978 -75.321754
v -15.768929 40.055954 -73.902748
v -12.204276 36.993496 -40.652996
v -13.395028 35.030476 -42.033920
v -13.372216 35.000061 -34.219852
v -12.189068 36.970688 -35.410606
v -16.537395 36.380978 -75.321754
v -15.970566 35.703827 -74.549484
v -15.205902 39.375000 -73.134277
v -15.768929 40.055954 -73.902748
v -16.560207 36.392448 -82.192390
v -15.997182 35.711430 -81.420059
v -15.970566 35.703827 -74.549484
v -16.537395 36.380978 -75.321754
v -10.808084 36.327747 -82.238007
v -10.206974 35.642990 -81.465744
v -15.997182 35.711430 -81.420059
v -16.560207 36.392448 -82.192390
v -10.785271 40.059757 -77.535904
v -10.222244 39.378803 -76.767365
v -10.206974 35.642990 -81.465744
v -10.808084 36.327747 -82.238007
v -10.781469 40.055954 -73.826645
v -10.218380 39.375000 -73.058174
v -10.222244 39.378803 -76.767365
v -10.785271 40.059757 -77.535904
v -15.768929 40.055954 -73.902748
v -15.205902 39.375000 -73.134277
v -10.218380 39.375000 -73.058174
v -10.781469 40.055954 -73.826645
v -10.252662 37.480484 -56.779514
v -13.554779 35.114185 -54.067036
v -13.414040 35.060890 -49.889866
v -10.180359 37.484283 -48.105667
v -2.906510 38.564713 -53.781693
v -2.906510 38.560909 -55.714294
v -4.774415 38.560909 -55.714294
v -4.747801 38.564713 -53.781693
v -2.906510 38.560909 -55.714294
v -2.510839 37.206539 -56.125175
v -5.177691 37.206539 -56.125175
v -4.774415 38.560909 -55.714294
v -2.906510 38.564713 -53.781693
v -2.510839 37.206539 -53.370811
v -2.510839 37.206539 -56.125175
v -2.906510 38.560909 -55.714294
v -4.747801 38.564713 -53.781693
v -5.135805 37.206539 -53.367004
v -2.510839 37.206539 -53.370811
v -2.906510 38.564713 -53.781693
v -4.774415 38.560909 -55.714294
v -5.177691 37.206539 -56.125175
v -5.135805 37.206539 -53.367004
v -4.747801 38.564713 -53.781693
v -2.906510 38.564713 -50.000191
v -2.906510 38.560909 -51.932793
v -4.774415 38.560909 -51.932793
v -4.747801 38.564713 -49.996391
v -2.906510 38.560909 -51.932793
v -2.510839 37.206539 -52.343674
v -5.177691 37.206539 -52.343674
v -4.774415 38.560909 -51.932793
v -2.906510 38.564713 -50.000191
v -2.510839 37.206539 -49.585510
v -2.510839 37.206539 -52.343674
v -2.906510 38.560909 -51.932793
v -4.747801 38.564713 -49.996391
v -5.135805 37.206539 -49.585510
v -2.510839 37.206539 -49.585510
v -2.906510 38.564713 -50.000191
v -4.774415 38.560909 -51.932793
v -5.177691 37.206539 -52.343674
v -5.135805 37.206539 -49.585510
v -4.747801 38.564713 -49.996391
v -2.906510 38.564713 -25.036219
v -2.906510 38.560913 -26.968822
v -4.774415 38.560913 -26.968822
v -4.747801 38.564713 -25.032415
v -2.906510 38.560913 -26.968822
v -2.510839 37.206543 -27.379700
v -5.177691 37.206543 -27.379700
v -4.774415 38.560913 -26.968822
v -2.906510 38.564713 -25.036219
v -2.510839 37.206543 -24.625401
v -2.510839 37.206543 -27.379700
v -2.906510 38.560913 -26.968822
v -4.747801 38.564713 -25.032415
v -5.135805 37.206543 -24.621599
v -2.510839 37.206543 -24.625401
v -2.906510 38.564713 -25.036219
v -4.774415 38.560913 -26.968822
v -5.177691 37.206543 -27.379700
v -5.135805 37.206543 -24.621599
v -4.747801 38.564713 -25.032415
v -2.906510 38.564713 -21.559074
v -2.906510 38.560913 -23.491680
v -4.774415 38.560913 -23.491680
v -4.747801 38.564713 -21.555273
v -2.906510 38.560913 -23.491680
v -2.510839 37.206543 -23.902559
v -5.177691 37.206543 -23.902559
v -4.774415 38.560913 -23.491680
v -2.906510 38.564713 -21.559074
v -2.510839 37.206543 -21.148195
v -2.510839 37.206543 -23.902559
v -2.906510 38.560913 -23.491680
v -4.747801 38.564713 -21.555273
v -5.135805 37.206543 -21.144394
v -2.510839 37.206543 -21.148195
v -2.906510 38.564713 -21.559074
v -4.774415 38.560913 -23.491680
v -5.177691 37.206543 -23.902559
v -5.135805 37.206543 -21.144394
v -4.747801 38.564713 -21.555273
v -7.049398 35.475578 0.874987
v -7.053200 35.178825 0.456504
v -15.430351 35.152210 0.570630
v -15.426550 35.448959 0.989114
v -8.734739 40.048351 -44.160553
v -9.179837 39.340782 -44.605656
v -9.176036 39.249470 -30.396534
v -8.734739 40.048355 -31.069885
v -3.899427 39.979916 -39.819828
v -2.195076 39.979916 -41.459484
v -2.065741 42.361420 -41.246437
v -3.678779 42.361420 -39.694298
v -4.523350 39.979916 -37.579067
v -3.899427 39.979916 -39.819828
v -3.678779 42.361420 -39.694298
v -4.268420 42.361420 -37.579067
v -3.899427 39.979916 -35.342171
v -4.523350 39.979916 -37.579067
v -4.268420 42.361420 -37.579067
v -3.678779 42.361420 -35.463902
v -2.195076 39.979916 -33.702454
v -3.899427 39.979916 -35.342171
v -3.678779 42.361420 -35.463902
v -2.065741 42.365223 -33.915497
v 0.000000 42.365223 -33.382946
v 0.000000 39.979916 -33.135620
v -2.195076 39.979916 -33.702454
v -2.065741 42.365223 -33.915497
v -23.210194 17.271919 51.833878
v -26.044403 4.409500 51.719749
v -25.218842 4.413304 62.653366
v -22.532980 17.245306 62.505020
v -25.218842 4.413304 62.653366
v -25.325365 4.439919 63.281094
v -22.517773 17.850155 63.125080
v -22.532980 17.245306 62.505020
v -25.207436 -2.130160 62.687584
v -25.321562 -2.099681 63.315311
v -25.325365 4.439919 63.281094
v -25.218842 4.413304 62.653366
v -23.898754 -5.827949 62.710461
v -23.796034 -6.352956 63.338123
v -25.321562 -2.099681 63.315311
v -25.207436 -2.130160 62.687584
v -24.416157 -5.824149 51.833878
v -24.381874 -6.352956 51.282265
v -23.796034 -6.352956 63.338123
v -23.898754 -5.827949 62.710461
v -26.044403 -2.111089 51.792049
v -26.230770 -2.099683 51.236629
v -24.381874 -6.352956 51.282265
v -24.416157 -5.824149 51.833878
v -26.044403 4.409500 51.719749
v -26.238438 4.439918 51.164326
v -26.230770 -2.099683 51.236629
v -26.044403 -2.111089 51.792049
v -23.210194 17.271919 51.833878
v -23.278635 17.876770 51.282257
v -26.238438 4.439918 51.164326
v -26.044403 4.409500 51.719749
v -22.532980 17.245306 62.505020
v -22.517773 17.850155 63.125080
v -23.278635 17.876770 51.282257
v -23.210194 17.271919 51.833878
v 0.000000 42.365219 -41.779053
v -2.065741 42.361420 -41.246437
v -2.195076 39.979916 -41.459484
v 0.000000 39.979916 -42.022511
v -36.647049 25.329437 -44.944229
v -37.689392 26.881639 -46.131180
v -37.689392 26.881638 -70.456017
v -36.647049 25.329433 -71.441330
v -36.647049 25.329433 -71.441330
v -34.798153 26.101704 -71.441330
v -34.798153 26.101704 -44.944229
v -36.647049 25.329437 -44.944229
v -37.689392 26.881638 -70.456017
v -35.840500 27.653906 -70.456017
v -34.798153 26.101704 -71.441330
v -36.647049 25.329433 -71.441330
v 29.742193 8.407842 -12.318401
v 30.929144 8.624687 -12.618957
v 27.714472 21.814278 4.675498
v 26.527521 21.277864 4.576580
v 29.970444 7.806730 -12.326006
v 31.157394 7.559467 -12.630363
v 30.929144 8.624687 -12.618957
v 29.742193 8.407842 -12.318401
v 26.196548 24.081654 -14.471655
v 27.197073 24.359333 -14.745532
v 27.189466 24.416430 2.925520
v 26.188946 24.100666 2.632570
v 26.188946 24.100666 2.632570
v 27.189466 24.416430 2.925520
v 27.486219 23.271303 3.560850
v 26.390583 23.301783 3.096741
v 30.240583 7.772505 -94.777061
v 26.984028 20.167011 -91.223824
v 26.938402 20.235451 -87.720062
v 30.259592 7.688797 -89.264603
v 30.248186 7.791515 -98.444435
v 31.161196 7.468147 -98.166695
v 31.145988 7.570867 -105.436737
v 30.229113 7.879026 -104.881317
v 26.972620 20.056688 -94.316750
v 27.703066 20.501787 -93.776543
v 31.161196 7.468147 -98.166695
v 30.248186 7.791515 -98.444435
v 26.984028 20.056688 -96.888428
v 27.722076 20.501785 -97.033035
v 27.703066 20.501787 -93.776543
v 26.972620 20.056688 -94.316750
v 30.240583 7.772505 -94.777061
v 31.153593 7.468147 -95.286865
v 27.630764 20.593037 -91.516762
v 26.984028 20.167011 -91.223824
v 30.259592 7.688797 -89.264603
v 31.172604 7.365428 -88.945023
v 31.153593 7.468147 -95.286865
v 30.240583 7.772505 -94.777061
v 26.938402 20.235451 -87.720062
v 27.573730 20.695759 -87.244484
v 31.172604 7.365428 -88.945023
v 30.259592 7.688797 -89.264603
v 26.984028 20.167011 -91.223824
v 27.630764 20.593037 -91.516762
v 27.573730 20.695759 -87.244484
v 26.938402 20.235451 -87.720062
v 33.219334 3.949186 -80.822815
v 32.340542 4.436106 -80.244583
v 32.340542 -2.130172 -80.244583
v 33.219334 -1.643188 -80.822815
v 15.095578 31.572342 -92.966187
v 16.115110 31.385914 -91.353149
v 17.861284 26.908249 -98.353119
v 15.955296 28.528893 -98.292229
v 19.375404 23.914227 -102.454185
v 18.686844 24.089251 -101.609612
v 23.061789 24.074043 -101.510696
v 22.464542 23.891415 -102.378082
v 19.379208 21.266451 -105.250366
v 18.686844 20.969696 -104.911797
v 18.686844 24.089251 -101.609612
v 19.375404 23.914227 -102.454185
v 19.379208 14.133343 -109.880180
v 18.686844 13.832788 -109.541611
v 18.686844 20.969696 -104.911797
v 19.379208 21.266451 -105.250366
v 19.375404 7.757296 -111.664436
v 18.686844 6.779587 -111.516098
v 18.686844 13.832788 -109.541611
v 19.379208 14.133343 -109.880180
v 25.812349 7.734484 -111.641632
v 26.656858 6.752972 -111.489418
v 18.686844 6.779587 -111.516098
v 19.375404 7.757296 -111.664436
v 24.503605 14.045832 -109.933472
v 25.180820 13.867006 -109.541611
v 26.656858 6.752972 -111.489418
v 25.812349 7.734484 -111.641632
v 23.019964 21.205555 -105.303604
v 23.700920 20.988708 -104.892723
v 25.180820 13.867006 -109.541611
v 24.503605 14.045832 -109.933472
v 22.464542 23.891415 -102.378082
v 23.061789 24.074043 -101.510696
v 23.700920 20.988708 -104.892723
v 23.019964 21.205555 -105.303604
v 17.621624 31.424006 7.597215
v 17.606417 31.424004 -18.112350
v 17.054796 32.732681 -18.116154
v 17.031921 32.744095 7.585809
v 5.877657 -7.277384 -64.559357
v 5.676019 -7.277384 -80.244583
v 5.676019 -9.156694 -80.244583
v 5.877657 -9.156694 -64.559357
v 9.948303 -10.716497 -19.246067
v 9.605925 -10.716500 -44.830097
v 11.074357 -9.156694 -46.340416
v 11.416799 -9.156693 -18.104744
v 11.078159 -10.575764 -95.492241
v 11.234171 -10.575762 -83.862457
v 6.649987 -10.575762 -83.862457
v 6.649987 -10.575764 -95.492241
v 6.649987 -10.575762 -83.862457
v 11.234171 -10.575762 -83.862457
v 11.903721 -9.164362 -83.341255
v 6.204826 -9.164362 -83.341255
v 11.078159 -10.575764 -95.492241
v 6.649987 -10.575764 -95.492241
v 6.204826 -9.164364 -96.177063
v 11.747770 -9.164364 -96.177063
v 11.234171 -10.575762 -83.862457
v 11.078159 -10.575764 -95.492241
v 11.747770 -9.164364 -96.177063
v 11.903721 -9.164362 -83.341255
v 6.204826 -9.164362 -83.341255
v 6.204826 -9.164364 -96.177063
v 6.649987 -10.575764 -95.492241
v 6.649987 -10.575762 -83.862457
v 18.302580 -11.058884 -102.792770
v 12.653177 -11.058884 -102.792770
v 11.675468 -9.156696 -103.926422
v 19.280289 -9.156696 -103.926422
v 12.653177 -11.058882 -61.420788
v 18.302580 -11.058882 -61.279984
v 19.280289 -9.156694 -60.325150
v 11.675468 -9.156694 -60.465893
v 18.302580 -11.058882 -50.974091
v 12.653177 -11.058882 -50.974091
v 11.675468 -9.156694 -52.670837
v 19.280289 -9.156694 -52.670837
v 12.653177 -11.058876 2.872293
v 18.302580 -11.058876 3.016837
v 19.280289 -9.156690 4.325518
v 11.675468 -9.156690 4.180974
v 16.354767 -11.207228 -96.743889
v 16.354767 -11.207226 -62.425114
v 14.924356 -11.207226 -62.558250
v 14.924356 -11.207228 -96.743889
v 16.354767 -11.207226 -49.357254
v 16.354767 -11.207220 0.642936
v 14.924356 -11.207220 0.631530
v 14.924356 -11.207226 -49.357254
v 14.536290 26.227304 26.500908
v 14.536290 26.227304 21.444948
v 14.068378 31.016930 21.444948
v 14.072181 30.997917 26.500908
v 21.730293 25.462580 29.521544
v 21.730293 25.462580 32.538380
v 26.569408 5.238863 32.507900
v 26.561804 5.242663 29.620464
v 20.330299 25.462580 29.498730
v 20.337904 25.462580 32.564995
v 21.730293 25.462580 32.538380
v 21.730293 25.462580 29.521544
v 20.330299 25.462580 29.498730
v 21.730293 25.462580 29.521544
v 22.046059 26.288139 29.122070
v 20.265602 26.234909 29.129677
v 26.561804 5.242663 29.620464
v 26.569408 5.238863 32.507900
v 27.607952 4.439917 32.937790
v 27.607952 4.439916 29.122074
v 22.046059 26.288139 32.937790
v 21.730293 25.462580 32.538380
v 20.337904 25.462580 32.564995
v 20.265602 26.242514 32.937790
v 20.265602 26.242514 32.937790
v 20.337904 25.462580 32.564995
v 20.330299 25.462580 29.498730
v 20.265602 26.234909 29.129677
v 5.569497 31.009327 22.650908
v 5.249993 32.660385 22.658510
v 7.707541 32.671791 27.071535
v 7.707541 30.997917 26.470491
v 25.215038 4.413304 62.653366
v 25.207436 -2.130160 62.687584
v 26.040602 -2.111089 51.792049
v 26.044403 4.409500 51.719749
v 25.207436 -2.130160 62.687584
v 23.898754 -5.827949 62.710461
v 24.412355 -5.824149 51.833878
v 26.040602 -2.111089 51.792049
v 2.879895 22.198484 71.445137
v 14.825439 22.232765 71.403313
v 15.361852 23.453934 70.676666
v 2.415724 23.393038 70.779388
v 10.032014 17.188213 84.387451
v 1.472297 17.188213 84.376060
v 1.491307 13.806189 92.224342
v 10.051023 13.874626 92.155899
v 10.005398 7.053481 99.361252
v 10.051023 13.874626 92.155899
v 1.491307 13.806189 92.224342
v 1.590225 7.045877 99.406937
v 1.472297 18.051794 84.874382
v 1.472297 17.188213 84.376060
v 10.032014 17.188213 84.387451
v 10.032014 18.047993 84.885788
v 10.005398 7.913261 99.855835
v 10.005398 7.053481 99.361252
v 1.590225 7.045877 99.406937
v 1.590225 7.905656 99.905258
v 16.853159 32.728882 13.459663
v 16.689543 32.702209 20.509125
v 17.450405 31.435413 20.509127
v 17.614021 31.435411 13.463467
v 4.842916 21.848503 78.311974
v 8.141232 21.848503 78.315765
v 8.190723 23.046858 73.891342
v 4.842916 23.046858 73.891342
v 4.842916 23.046858 73.891342
v 8.190723 23.046858 73.891342
v 8.803177 22.206089 73.042969
v 4.238004 22.206089 73.042969
v 8.141232 21.848503 78.315765
v 4.842916 21.848503 78.311974
v 4.238004 21.000128 78.859787
v 8.738542 21.000128 78.859787
v 12.881430 31.914730 25.671541
v 12.885231 31.914730 22.243891
v 9.518414 31.941345 22.194403
v 9.518414 31.941345 25.671541
v 9.518414 31.941345 25.671541
v 9.518414 31.941345 22.194403
v 8.806979 30.606050 21.555271
v 8.806979 30.606050 26.299269
v 12.881430 31.914730 25.671541
v 9.518414 31.941345 25.671541
v 8.806979 30.606050 26.299269
v 13.714595 30.594645 26.299269
v 12.885231 31.914730 22.243891
v 12.881430 31.914730 25.671541
v 13.714595 30.594645 26.299269
v 13.718396 30.594645 21.623774
v 9.518414 31.941345 22.194403
v 12.885231 31.914730 22.243891
v 13.718396 30.594645 21.623774
v 8.806979 30.606050 21.555271
v 25.603106 14.057249 42.946987
v 25.641129 14.064854 39.644810
v 24.568306 18.915375 39.595383
v 24.530281 18.907770 42.943188
v 24.530281 18.907770 42.943188
v 24.568306 18.915375 39.595383
v 23.427040 19.250149 38.971458
v 23.373749 19.238743 43.536629
v 25.603106 14.057249 42.946987
v 24.530281 18.907770 42.943188
v 23.373749 19.238743 43.536629
v 24.602524 12.934998 43.536629
v 25.641129 14.064854 39.644810
v 25.603106 14.057249 42.946987
v 24.602524 12.934998 43.536629
v 24.652012 12.942601 39.036156
v 24.568306 18.915375 39.595383
v 25.641129 14.064854 39.644810
v 24.652012 12.942601 39.036156
v 23.427040 19.250149 38.971458
v 10.347776 21.848503 78.311974
v 13.649897 21.848503 78.315765
v 13.695583 23.046858 73.891342
v 10.347776 23.046858 73.891342
v 10.347776 23.046858 73.891342
v 13.695583 23.046858 73.891342
v 14.311840 22.206089 73.042969
v 9.742865 22.206089 73.042969
v 13.649897 21.848503 78.315765
v 10.347776 21.848503 78.311974
v 9.742865 21.000128 78.859787
v 14.243402 21.000128 78.859787
v 22.616690 25.820227 29.122070
v 22.628096 25.770737 13.478737
v 22.046059 26.288137 13.474934
v 22.046059 26.288139 29.122070
v 17.614021 31.435411 13.463467
v 17.450405 31.435413 20.509127
v 17.827066 26.227304 20.509127
v 17.986816 26.227303 13.474934
v 23.484074 -7.071934 12.626563
v 23.484074 -7.071936 7.635302
v 26.428604 -2.111092 7.635302
v 26.428604 -2.111092 12.626563
v 17.477083 23.640358 7.635300
v 17.477083 23.640362 12.626561
v 20.395000 23.640362 12.626561
v 20.395000 23.640358 7.635300
v 27.356884 4.710055 36.323681
v 27.356884 -0.007329 36.323681
v 28.509617 -0.007329 36.163868
v 28.509617 4.710055 36.163868
v 37.099751 3.804586 26.443815
v 37.099751 0.898077 26.443815
v 37.175858 0.898077 17.416187
v 37.175858 3.804586 17.416187
v 31.971548 4.710054 28.030239
v 31.971548 -0.007329 28.030239
v 37.099751 0.898077 26.443815
v 37.099751 3.804586 26.443815
v 30.818817 4.710055 33.732933
v 30.818817 -0.007329 33.732933
v 31.971548 -0.007329 28.030239
v 31.971548 4.710054 28.030239
v 28.509617 4.710055 36.163868
v 28.509617 -0.007329 36.163868
v 30.818817 -0.007329 33.732933
v 30.818817 4.710055 33.732933
v 31.994364 4.710053 13.771627
v 31.994364 -0.007329 13.771628
v 27.356884 -0.007329 13.611876
v 27.482418 4.573052 13.543375
v 37.175858 3.804586 17.416187
v 37.175858 0.898077 17.416187
v 31.994364 -0.007329 13.771628
v 31.994364 4.710053 13.771627
v 67.983200 0.011679 -0.559223
v 67.929977 0.011679 2.012512
v 69.717972 -1.000247 2.016315
v 69.717972 -1.000247 -0.555421
v 65.757713 0.011679 -4.192377
v 65.799530 0.011679 -0.559223
v 66.301720 -0.555151 -0.844570
v 66.343552 -0.555151 -3.572255
v 69.717972 -0.996444 -7.738019
v 67.880486 0.019284 -7.738019
v 67.872879 0.011679 -4.180970
v 69.717972 -1.000247 -4.165762
v 67.983200 -10.336035 -0.559223
v 69.717972 -9.320305 -0.559223
v 69.717972 -9.320305 2.016315
v 67.929977 -10.336035 2.012513
v 65.757713 -10.336035 -4.192376
v 66.343552 -9.769206 -3.572254
v 66.301720 -9.769206 -0.844569
v 65.799530 -10.336035 -0.559223
v 69.717972 -9.327909 -7.738018
v 69.717972 -9.320305 -4.165761
v 67.872879 -10.336035 -4.180969
v 67.880486 -10.343639 -7.738018
v 64.144676 -9.693103 -15.829760
v 64.247391 -9.693103 -31.161194
v 64.783806 -10.336037 -31.206820
v 64.677284 -10.336037 -15.654800
v 67.732147 -0.460033 -8.388556
v 67.732147 -0.467639 -12.101554
v 67.705528 -0.224177 -12.242296
v 67.701721 -0.216572 -8.247753
v 68.957108 -1.342628 -8.388556
v 67.732147 -0.460033 -8.388556
v 67.701721 -0.216572 -8.247753
v 69.307091 -1.342628 -8.247753
v 67.732147 -9.860518 -8.388556
v 68.957108 -8.981729 -8.388556
v 69.307091 -8.981729 -8.247753
v 67.701721 -10.107784 -8.247753
v 67.732147 -9.856718 -12.101554
v 67.732147 -9.860518 -8.388556
v 67.701721 -10.107784 -8.247753
v 67.705528 -10.100179 -12.242296
v 68.957108 -8.981729 -12.101554
v 67.732147 -9.856718 -12.101554
v 67.705528 -10.100179 -12.242296
v 69.307091 -8.981729 -12.242296
v 67.732147 -0.467639 -12.101554
v 68.957108 -1.342628 -12.101554
v 69.307091 -1.342628 -12.242296
v 67.705528 -0.224177 -12.242296
v 52.971397 0.011679 -0.559223
v 51.236629 -1.000247 -0.559223
v 51.236629 -1.000247 2.016315
v 53.028431 0.011679 2.012512
v 55.196892 0.011679 -4.192377
v 54.611053 -0.555151 -3.572255
v 54.652870 -0.555151 -0.844570
v 55.155067 0.011679 -0.559223
v 51.236629 -0.996444 -7.738019
v 51.236629 -1.000247 -4.165762
v 53.081722 0.011679 -4.180970
v 53.074116 0.019284 -7.738019
v 52.971397 -10.336035 -0.559223
v 53.028431 -10.336035 2.012513
v 51.236629 -9.320305 2.016315
v 51.236629 -9.320305 -0.559223
v 55.196892 -10.336035 -4.192376
v 55.155067 -10.336035 -0.559223
v 54.652870 -9.769206 -0.844569
v 54.611053 -9.769206 -3.572254
v 51.236629 -9.327909 -7.738018
v 53.074116 -10.343639 -7.738018
v 53.081722 -10.336035 -4.180969
v 51.236629 -9.320305 -4.165761
v 56.809925 -9.693103 -15.829760
v 56.277317 -10.336037 -15.654800
v 56.170799 -10.336037 -31.206820
v 56.707207 -9.693103 -31.161194
v 53.226265 -0.460033 -8.388556
v 53.256680 -0.216572 -8.247753
v 53.252876 -0.224177 -12.242296
v 53.222466 -0.467639 -12.101554
v 51.997490 -1.342628 -8.388556
v 51.651249 -1.342628 -8.247753
v 53.256680 -0.216572 -8.247753
v 53.226265 -0.460033 -8.388556
v 53.226265 -9.860518 -8.388556
v 53.256680 -10.107784 -8.247753
v 51.651249 -8.981729 -8.247753
v 51.997490 -8.981729 -8.388556
v 53.222466 -9.856718 -12.101554
v 53.252876 -10.100179 -12.242296
v 53.256680 -10.107784 -8.247753
v 53.226265 -9.860518 -8.388556
v 51.997490 -8.981729 -12.101554
v 51.651249 -8.981729 -12.242296
v 53.252876 -10.100179 -12.242296
v 53.222466 -9.856718 -12.101554
v 53.222466 -0.467639 -12.101554
v 53.252876 -0.224177 -12.242296
v 51.651249 -1.342628 -12.242296
v 51.997490 -1.342628 -12.101554
v 52.906700 16.697414 -63.227802
v 52.944717 16.682207 -52.514832
v 57.985474 11.786061 -52.503426
v 58.061577 11.706154 -63.227802
v 57.848534 11.938211 -19.318373
v 57.848534 11.934409 -27.646034
v 53.389820 16.298008 -27.691660
v 53.397484 16.309414 -19.006411
v 26.634045 30.389198 -31.237305
v 26.596022 30.396803 -44.502937
v 21.540062 31.184277 -44.502937
v 21.608562 31.184280 -31.237305
v 31.168800 29.209852 -31.237305
v 31.157394 29.228863 -44.502937
v 30.784597 31.039736 -45.811615
v 30.796005 31.024529 -29.932423
v 50.890385 17.005577 -44.502937
v 50.890385 17.047462 -31.237305
v 51.921387 17.732222 -29.932423
v 51.921387 17.690395 -45.811615
v 61.405582 2.708945 -44.502937
v 61.405582 2.587216 -31.241104
v 62.409901 2.667123 -29.932421
v 62.409901 2.667122 -45.811615
v 56.456146 12.014315 -31.241104
v 56.383839 12.067606 -44.502937
v 56.600685 13.136629 -45.811615
v 56.672993 13.079536 -29.932423
v 21.608562 31.184280 -31.237305
v 21.540062 31.184277 -44.502937
v 21.155861 33.116882 -45.811615
v 21.224298 33.116882 -29.932425
v 26.634045 30.389198 -31.237305
v 21.608562 31.184280 -31.237305
v 21.224298 33.116882 -29.932425
v 26.850891 32.108761 -29.932425
v 26.596022 30.396803 -44.502937
v 26.634045 30.389198 -31.237305
v 26.850891 32.108761 -29.932425
v 26.812868 32.116360 -45.811615
v 21.540062 31.184277 -44.502937
v 26.596022 30.396803 -44.502937
v 26.812868 32.116360 -45.811615
v 21.155861 33.116882 -45.811615
v 58.856659 -0.281210 -19.656948
v 31.340019 -0.262200 -19.637938
v 31.340019 -0.262203 -63.037628
v 58.856659 -0.281215 -62.938713
v 32.009571 2.689933 -61.489227
v 58.765343 2.655715 -61.489227
v 58.765343 2.655712 -62.759888
v 31.340019 2.785046 -63.037628
v 58.765343 2.655716 -21.056942
v 32.009571 2.689935 -21.056942
v 31.340019 2.785050 -19.637938
v 58.765343 2.655716 -19.603655
v 32.009571 2.689935 -21.056942
v 32.009571 2.689933 -61.489227
v 31.340019 2.785046 -63.037628
v 31.340019 2.785050 -19.637938
v 31.340019 2.785046 -63.037628
v 58.765343 2.655712 -62.759888
v 58.856659 -0.281215 -62.938713
v 31.340019 -0.262203 -63.037628
v 58.765343 2.655716 -19.603655
v 31.340019 2.785050 -19.637938
v 31.340019 -0.262200 -19.637938
v 58.856659 -0.281210 -19.656948
v 31.340019 2.785046 -63.037628
v 31.340019 -0.262203 -63.037628
v 31.340019 -0.262200 -19.637938
v 31.340019 2.785050 -19.637938
v 50.433884 4.683374 -21.056942
v 46.363235 4.679571 -21.056942
v 45.575756 2.670925 -21.056942
v 51.609425 2.663321 -21.056942
v 33.858467 22.008308 -21.056942
v 32.363358 20.014809 -21.056942
v 32.770432 19.603928 -22.221016
v 34.147614 21.437614 -22.221016
v 32.363358 20.014809 -21.056942
v 35.072029 6.539935 -21.056942
v 35.262260 7.209483 -22.221016
v 32.770432 19.603928 -22.221016
v 35.072029 6.539935 -21.056942
v 49.224121 13.509426 -21.056942
v 48.360538 13.627356 -22.221016
v 35.262260 7.209483 -22.221016
v 49.224121 13.509426 -21.056942
v 39.416557 19.706648 -21.056942
v 39.260605 19.322447 -22.221016
v 48.360538 13.627356 -22.221016
v 39.416557 19.706648 -21.056942
v 33.858467 22.008308 -21.056942
v 34.147614 21.437614 -22.221016
v 39.260605 19.322447 -22.221016
v 50.658333 12.649646 -21.056942
v 35.597034 4.664363 -21.056942
v 36.959007 4.934501 -22.221016
v 50.551811 12.132244 -22.221016
v 35.597034 4.664363 -21.056942
v 41.254044 4.671967 -21.056942
v 41.820938 4.942105 -22.221016
v 36.959007 4.934501 -22.221016
v 41.254044 4.671967 -21.056942
v 42.243160 2.678529 -21.056942
v 42.737747 3.089409 -22.221016
v 41.820938 4.942105 -22.221016
v 42.243160 2.678529 -21.056942
v 45.575756 2.670925 -21.056942
v 45.351303 3.085606 -22.221016
v 42.737747 3.089409 -22.221016
v 45.575756 2.670925 -21.056942
v 46.363235 4.679571 -21.056942
v 46.081753 4.945908 -22.221016
v 45.351303 3.085606 -22.221016
v 46.363235 4.679571 -21.056942
v 50.433884 4.683374 -21.056942
v 50.677341 4.953511 -22.221016
v 46.081753 4.945908 -22.221016
v 50.433884 4.683374 -21.056942
v 51.609425 2.663321 -21.056942
v 51.765373 3.078002 -22.221016
v 50.677341 4.953511 -22.221016
v 51.609425 2.663321 -21.056942
v 56.657784 2.655716 -21.056942
v 55.912128 3.070399 -22.221016
v 51.765373 3.078002 -22.221016
v 56.657784 2.655716 -21.056942
v 56.231693 4.690977 -21.056942
v 55.520256 4.957314 -22.221016
v 55.912128 3.070399 -22.221016
v 56.231693 4.690977 -21.056942
v 55.006660 7.646978 -21.056942
v 54.576767 7.449142 -22.221016
v 55.520256 4.957314 -22.221016
v 55.006660 7.646978 -21.056942
v 50.658333 12.649646 -21.056942
v 50.551811 12.132244 -22.221016
v 54.576767 7.449142 -22.221016
v 33.124218 10.503996 -61.489227
v 33.109013 20.574028 -61.489227
v 33.668236 19.908283 -59.929482
v 33.679642 10.968103 -59.929482
v 33.109013 20.574028 -61.489227
v 35.471500 21.159933 -61.489227
v 35.764454 20.429487 -59.929482
v 33.668236 19.908283 -59.929482
v 48.642082 12.942595 -61.489227
v 50.688747 10.401276 -61.489227
v 49.448570 10.793144 -59.929482
v 48.219795 12.524111 -59.929482
v 50.688747 10.401276 -61.489227
v 33.124218 10.503996 -61.489227
v 33.679642 10.968103 -59.929482
v 49.448570 10.793144 -59.929482
v 23.206394 34.433167 -65.654991
v 23.073195 34.440834 -71.745689
v 16.952078 34.851650 -71.749496
v 16.952078 34.851650 -65.479973
v 16.952078 34.851650 -65.479973
v 16.952078 34.851650 -71.749496
v 15.989576 32.987549 -72.635887
v 15.985774 32.987549 -64.559357
v 23.206394 34.433167 -65.654991
v 16.952078 34.851650 -65.479973
v 15.985774 32.987549 -64.559357
v 24.024288 32.390301 -64.779999
v 23.073195 34.440834 -71.745689
v 23.206394 34.433167 -65.654991
v 24.024288 32.390301 -64.779999
v 23.853069 32.394100 -72.624481
v 16.952078 34.851650 -71.749496
v 23.073195 34.440834 -71.745689
v 23.853069 32.394100 -72.624481
v 15.989576 32.987549 -72.635887
v 48.718124 5.744787 -63.608265
v 35.509525 5.744787 -63.608265
v 35.509525 6.977426 -63.608265
v 48.718124 6.977426 -63.608265
v 49.775738 8.160574 -63.520752
v 34.451908 8.160574 -63.520752
v 33.276428 9.336056 -61.489227
v 50.951286 9.336056 -61.489227
v 49.775738 4.812769 -63.520752
v 49.775738 8.160574 -63.520752
v 50.951286 9.336056 -61.489227
v 50.951286 3.637226 -61.489227
v 34.451908 4.812769 -63.520752
v 49.775738 4.812769 -63.520752
v 50.951286 3.637226 -61.489227
v 33.276428 3.637226 -61.489227
v 34.451908 8.160574 -63.520752
v 34.451908 4.812769 -63.520752
v 33.276428 3.637226 -61.489227
v 33.276428 9.336056 -61.489227
v 21.235706 31.975622 -35.444889
v 26.736763 31.119642 -35.444889
v 26.721556 31.123447 -40.112782
v 21.212893 31.975622 -40.112782
v 26.736763 31.119642 -35.444889
v 21.235706 31.975622 -35.444889
v 21.585751 31.184280 -35.444889
v 26.622639 30.389198 -35.444889
v 21.212893 31.975622 -40.112782
v 26.721556 31.123447 -40.112782
v 26.607430 30.393000 -40.112782
v 21.562878 31.184280 -40.112782
v 52.621349 19.185444 -26.097631
v 52.514832 19.265350 -28.258488
v 47.709999 23.077267 -28.262291
v 47.709999 23.077269 -26.036798
v 47.709999 23.077269 -26.036798
v 47.709999 23.077267 -28.262291
v 45.861099 22.088154 -28.882412
v 45.857300 22.091957 -25.393866
v 52.621349 19.185444 -26.097631
v 47.709999 23.077269 -26.036798
v 45.857300 22.091957 -25.393866
v 52.134434 17.039860 -25.488979
v 52.514832 19.265350 -28.258488
v 52.621349 19.185444 -26.097631
v 52.134434 17.039860 -25.488979
v 51.997490 17.138777 -28.878611
v 47.709999 23.077267 -28.262291
v 52.514832 19.265350 -28.258488
v 51.997490 17.138777 -28.878611
v 45.861099 22.088154 -28.882412
v 63.456055 1.483974 -27.330269
v 63.452248 3.648633 -27.322664
v 63.383808 3.709466 -21.140591
v 63.383808 1.483974 -21.113972
v 63.383808 1.483974 -21.113972
v 63.383808 3.709466 -21.140591
v 61.451206 4.337193 -20.330297
v 61.451206 0.848645 -20.292278
v 63.456055 1.483974 -27.330269
v 63.383808 1.483974 -21.113972
v 61.451206 0.848645 -20.292278
v 61.481625 0.867655 -28.292768
v 63.452248 3.648633 -27.322664
v 63.456055 1.483974 -27.330269
v 61.481625 0.867655 -28.292768
v 61.474018 4.257286 -28.273697
v 63.383808 3.709466 -21.140591
v 63.452248 3.648633 -27.322664
v 61.474018 4.257286 -28.273697
v 61.451206 4.337193 -20.330297
v 15.768929 40.055954 -77.520630
v 16.560207 36.392448 -82.192390
v 10.804281 36.327747 -82.238007
v 10.781469 40.059757 -77.535904
v 10.146140 37.731548 -27.626963
v 10.157546 37.678257 -19.976517
v 13.239017 34.882133 -19.984121
v 13.349341 34.961975 -25.196030
v 10.781469 40.059757 -77.535904
v 10.781469 40.055954 -73.826645
v 15.768929 40.055954 -73.902748
v 15.768929 40.055954 -77.520630
v 15.768929 40.055954 -77.520630
v 15.768929 40.055954 -73.902748
v 16.533592 36.380978 -75.321754
v 16.560207 36.392448 -82.192390
v 12.200474 36.993496 -40.652996
v 12.189068 36.970688 -35.410606
v 13.372216 35.000061 -34.219852
v 13.391227 35.030476 -42.033920
v 16.533592 36.380978 -75.321754
v 15.768929 40.055954 -73.902748
v 15.205902 39.375000 -73.134277
v 15.970566 35.703827 -74.549484
v 16.560207 36.392448 -82.192390
v 16.533592 36.380978 -75.321754
v 15.970566 35.703827 -74.549484
v 15.997182 35.711430 -81.420059
v 10.804281 36.327747 -82.238007
v 16.560207 36.392448 -82.192390
v 15.997182 35.711430 -81.420059
v 10.203172 35.642990 -81.465744
v 10.781469 40.059757 -77.535904
v 10.804281 36.327747 -82.238007
v 10.203172 35.642990 -81.465744
v 10.218380 39.378803 -76.767365
v 10.781469 40.055954 -73.826645
v 10.781469 40.059757 -77.535904
v 10.218380 39.378803 -76.767365
v 10.218380 39.375000 -73.058174
v 15.768929 40.055954 -73.902748
v 10.781469 40.055954 -73.826645
v 10.218380 39.375000 -73.058174
v 15.205902 39.375000 -73.134277
v 10.248859 37.480484 -56.779514
v 10.176556 37.484283 -48.105667
v 13.414040 35.060890 -49.889866
v 13.550978 35.114185 -54.067036
v 2.902708 38.564713 -53.781693
v 4.743999 38.564713 -53.781693
v 4.774415 38.560909 -55.714294
v 2.902708 38.560909 -55.714294
v 2.902708 38.560909 -55.714294
v 4.774415 38.560909 -55.714294
v 5.173888 37.206539 -56.125175
v 2.510839 37.206539 -56.125175
v 2.902708 38.564713 -53.781693
v 2.902708 38.560909 -55.714294
v 2.510839 37.206539 -56.125175
v 2.510839 37.206539 -53.370811
v 4.743999 38.564713 -53.781693
v 2.902708 38.564713 -53.781693
v 2.510839 37.206539 -53.370811
v 5.132003 37.206539 -53.367004
v 4.774415 38.560909 -55.714294
v 4.743999 38.564713 -53.781693
v 5.132003 37.206539 -53.367004
v 5.173888 37.206539 -56.125175
v 2.902708 38.564713 -50.000191
v 4.743999 38.564713 -49.996391
v 4.774415 38.560909 -51.932793
v 2.902708 38.560909 -51.932793
v 2.902708 38.560909 -51.932793
v 4.774415 38.560909 -51.932793
v 5.173888 37.206539 -52.343674
v 2.510839 37.206539 -52.343674
v 2.902708 38.564713 -50.000191
v 2.902708 38.560909 -51.932793
v 2.510839 37.206539 -52.343674
v 2.510839 37.206539 -49.585510
v 4.743999 38.564713 -49.996391
v 2.902708 38.564713 -50.000191
v 2.510839 37.206539 -49.585510
v 5.132003 37.206539 -49.585510
v 4.774415 38.560909 -51.932793
v 4.743999 38.564713 -49.996391
v 5.132003 37.206539 -49.585510
v 5.173888 37.206539 -52.343674
v 2.902708 38.564713 -25.036219
v 4.743999 38.564713 -25.032415
v 4.774415 38.560913 -26.968822
v 2.902708 38.560913 -26.968822
v 2.902708 38.560913 -26.968822
v 4.774415 38.560913 -26.968822
v 5.173888 37.206543 -27.379700
v 2.510839 37.206543 -27.379700
v 2.902708 38.564713 -25.036219
v 2.902708 38.560913 -26.968822
v 2.510839 37.206543 -27.379700
v 2.510839 37.206543 -24.625401
v 4.743999 38.564713 -25.032415
v 2.902708 38.564713 -25.036219
v 2.510839 37.206543 -24.625401
v 5.132003 37.206543 -24.621599
v 4.774415 38.560913 -26.968822
v 4.743999 38.564713 -25.032415
v 5.132003 37.206543 -24.621599
v 5.173888 37.206543 -27.379700
v 2.902708 38.564713 -21.559074
v 4.743999 38.564713 -21.555273
v 4.774415 38.560913 -23.491680
v 2.902708 38.560913 -23.491680
v 2.902708 38.560913 -23.491680
v 4.774415 38.560913 -23.491680
v 5.173888 37.206543 -23.902559
v 2.510839 37.206543 -23.902559
v 2.902708 38.564713 -21.559074
v 2.902708 38.560913 -23.491680
v 2.510839 37.206543 -23.902559
v 2.510839 37.206543 -21.148195
v 4.743999 38.564713 -21.555273
v 2.902708 38.564713 -21.559074
v 2.510839 37.206543 -21.148195
v 5.132003 37.206543 -21.144394
v 4.774415 38.560913 -23.491680
v 4.743999 38.564713 -21.555273
v 5.132003 37.206543 -21.144394
v 5.173888 37.206543 -23.902559
v 7.049398 35.475578 0.874987
v 15.426550 35.448959 0.989114
v 15.426550 35.152210 0.570630
v 7.049398 35.178825 0.456504
v 8.734739 40.048351 -44.160553
v 8.734739 40.048355 -31.069885
v 9.176036 39.249470 -30.396534
v 9.176036 39.340782 -44.605656
v 3.899427 39.979916 -39.819828
v 3.678779 42.361420 -39.694298
v 2.065741 42.361420 -41.246437
v 2.191273 39.979916 -41.459484
v 4.523350 39.979916 -37.579067
v 4.268420 42.361420 -37.579067
v 3.678779 42.361420 -39.694298
v 3.899427 39.979916 -39.819828
v 3.899427 39.979916 -35.342171
v 3.678779 42.361420 -35.463902
v 4.268420 42.361420 -37.579067
v 4.523350 39.979916 -37.579067
v 2.191273 39.979916 -33.702454
v 2.065741 42.365223 -33.915497
v 3.678779 42.361420 -35.463902
v 3.899427 39.979916 -35.342171
v 0.000000 42.365223 -33.382946
v 2.065741 42.365223 -33.915497
v 2.191273 39.979916 -33.702454
v 0.000000 39.979916 -33.135620
v 23.210194 17.271919 51.833878
v 22.532980 17.245306 62.505020
v 25.215038 4.413304 62.653366
v 26.044403 4.409500 51.719749
v 25.215038 4.413304 62.653366
v 22.532980 17.245306 62.505020
v 22.517773 17.850155 63.125080
v 25.321562 4.439919 63.281094
v 25.207436 -2.130160 62.687584
v 25.215038 4.413304 62.653366
v 25.321562 4.439919 63.281094
v 25.317760 -2.099681 63.315311
v 23.898754 -5.827949 62.710461
v 25.207436 -2.130160 62.687584
v 25.317760 -2.099681 63.315311
v 23.792231 -6.352956 63.338123
v 24.412355 -5.824149 51.833878
v 23.898754 -5.827949 62.710461
v 23.792231 -6.352956 63.338123
v 24.378073 -6.352956 51.282265
v 26.040602 -2.111089 51.792049
v 24.412355 -5.824149 51.833878
v 24.378073 -6.352956 51.282265
v 26.226969 -2.099683 51.236629
v 26.044403 4.409500 51.719749
v 26.040602 -2.111089 51.792049
v 26.226969 -2.099683 51.236629
v 26.234571 4.439918 51.164326
v 23.210194 17.271919 51.833878
v 26.044403 4.409500 51.719749
v 26.234571 4.439918 51.164326
v 23.274832 17.876770 51.282257
v 22.532980 17.245306 62.505020
v 23.210194 17.271919 51.833878
v 23.274832 17.876770 51.282257
v 22.517773 17.850155 63.125080
v 0.000000 42.365219 -41.779053
v 0.000000 39.979916 -42.022511
v 2.191273 39.979916 -41.459484
v 2.065741 42.361420 -41.246437
v 36.643242 25.329437 -44.944229
v 36.643242 25.329433 -71.441330
v 37.685589 26.881638 -70.456017
v 37.685589 26.881639 -46.131180
v 36.643242 25.329433 -71.441330
v 36.643242 25.329437 -44.944229
v 34.794353 26.101704 -44.944229
v 34.794353 26.101704 -71.441330
v 37.685589 26.881638 -70.456017
v 36.643242 25.329433 -71.441330
v 34.794353 26.101704 -71.441330
v 35.836693 27.653906 -70.456017
v -33.223137 -1.643188 -80.822815
v -33.223137 3.949186 -80.822815
v -33.223137 3.949183 -98.672684
v -33.223137 -1.646991 -98.665085
v -32.557388 3.949182 -113.167152
v -32.557388 -1.650796 -113.167152
v -17.575937 31.431601 -80.244583
v -17.012911 32.732677 -80.244583
v -22.072674 32.732677 -80.244583
v -18.005827 26.908253 -80.244583
v -26.481895 26.969086 -80.244583
v -30.065559 -2.141581 -112.128540
v -17.492290 -2.141581 -112.128540
v -26.984028 -8.388231 -107.685104
v 0.000000 -8.388231 -107.685104
v 0.000000 -2.141581 -112.128540
v 17.488489 -2.141581 -112.128540
v 26.984028 -8.388231 -107.685104
v 30.061760 -2.141581 -112.128540
v -29.989454 7.806731 4.063044
v -29.765005 8.799648 5.109191
v -26.675930 20.665348 5.132003
v -26.531324 21.277864 4.576580
v -29.970444 7.806730 -12.326006
v -29.745995 8.407842 -12.318401
v -27.862881 20.939289 5.424953
v -27.718275 21.814278 4.675498
v -26.531324 21.277864 4.576580
v -26.675930 20.665348 5.132003
v -30.951956 8.769232 5.432559
v -29.765005 8.799648 5.109191
v -31.176405 7.555666 4.093462
v -29.989454 7.806731 4.063044
v -31.157394 7.559467 -12.630363
v -29.970444 7.806730 -12.326006
v -26.390583 23.005028 -15.205902
v -26.200352 24.081654 -14.471655
v -27.197073 24.359333 -14.745532
v -27.486219 23.214268 -15.597707
v -29.726984 10.184433 -15.213505
v -30.913935 9.743136 -15.654802
v -29.726984 10.135004 -14.403152
v -29.726984 10.184433 -15.213505
v -30.913935 9.743136 -15.654802
v -30.917738 9.743136 -14.406956
v -26.390583 23.301783 3.096741
v -27.490023 23.271303 3.560850
v -30.065559 -2.141581 -112.128540
v -26.984028 -8.388231 -107.685104
v -27.649837 -9.156696 -103.926422
v -30.731306 -2.133975 -98.086784
v -27.649837 -9.156694 -80.244583
v -32.340542 -2.130172 -80.244583
v -27.649837 -9.156694 -46.340416
v -32.340542 -2.122505 -46.340424
v -27.649837 -9.156693 -18.104744
v -32.340542 4.436106 -80.244583
v -32.340542 -2.114897 -18.104744
v -27.649837 -9.156690 7.635303
v -32.340542 -2.111092 7.635302
v -32.340542 4.439911 -46.340424
v -32.340542 4.439913 -18.104744
v -32.340542 4.439916 7.635301
v -26.481895 26.969086 -80.244583
v -22.072674 32.732677 -80.244583
v -22.030849 32.732677 -89.489052
v -26.481895 26.969090 -46.340424
v -26.481895 26.969090 -18.104746
v -26.481895 26.969086 -98.353119
v -27.486219 23.214268 -15.597707
v -27.197073 24.359333 -14.745532
v -30.913935 9.743136 -15.654802
v -26.481895 26.969091 7.635300
v -30.917738 9.743136 -14.406956
v -27.189466 24.416430 2.925520
v -27.490023 23.271303 3.560850
v -31.157394 7.559467 -12.630363
v -30.932943 8.624687 -12.618957
v -31.176405 7.555666 4.093462
v -27.718275 21.814278 4.675498
v -27.862881 20.939289 5.424953
v -30.951956 8.769232 5.432559
v -27.577534 20.695759 -87.244484
v -31.176405 7.365428 -88.945023
v -32.355751 4.436106 -98.094452
v -27.634565 20.593037 -91.516762
v -31.157394 7.468147 -95.286865
v -27.706869 20.501787 -93.776543
v -31.161196 7.468147 -98.166695
v -27.722076 20.501785 -97.033035
v -31.145988 7.570867 -105.436737
v -28.517220 18.253418 -100.065079
v -32.344345 4.413291 -112.128540
v -27.996017 21.003916 -104.873718
v -29.787817 13.886080 -109.541611
v -29.841110 14.049634 -102.960121
v -27.425323 17.937656 -99.764526
v -26.987829 20.056688 -96.888428
v -27.722076 20.501785 -97.033035
v -28.517220 18.253418 -100.065079
v -28.338396 13.813777 -102.610138
v -29.841110 14.049634 -102.960121
v -30.232916 7.879026 -104.881317
v -31.145988 7.570867 -105.436737
v -17.606417 31.424004 -18.112350
v -17.058599 32.732681 -18.116154
v -17.035725 32.732681 -46.340424
v -17.591209 31.427803 -46.340424
v -17.012911 32.732677 -80.244583
v -17.575937 31.431601 -80.244583
v -33.223137 3.949183 -98.672684
v -33.223137 3.949186 -80.822815
v -32.340542 4.436106 -80.244583
v -32.355751 4.436106 -98.094452
v -32.557388 3.949182 -113.167152
v -32.344345 4.413291 -112.128540
v -17.469414 3.949182 -113.167152
v -32.557388 3.949182 -113.167152
v -32.344345 4.413291 -112.128540
v -17.465612 4.424697 -112.128540
v 0.000000 3.949182 -113.167152
v 0.000000 4.436104 -112.128540
v 17.465612 4.424697 -112.128540
v 17.469414 3.949182 -113.167152
v 32.344345 4.413291 -112.128540
v 32.553589 3.949182 -113.167152
v -30.731306 -2.133975 -98.086784
v -32.340542 -2.130172 -80.244583
v -33.223137 -1.643188 -80.822815
v -33.223137 -1.646991 -98.665085
v -30.065559 -2.141581 -112.128540
v -32.557388 -1.650796 -113.167152
v -17.518906 -1.650796 -113.167152
v -17.492290 -2.141581 -112.128540
v 0.000000 -2.141581 -112.128540
v 0.000000 -1.650796 -113.167152
v 17.518906 -1.650796 -113.167152
v 17.488489 -2.141581 -112.128540
v 30.061760 -2.141581 -112.128540
v 32.553589 -1.650796 -113.167152
v 33.219334 -1.646991 -98.665085
v 30.727503 -2.133975 -98.086784
v 33.219334 -1.643188 -80.822815
v 32.340542 -2.130172 -80.244583
v -19.379208 7.757296 -111.664436
v -25.816151 7.734484 -111.641632
v -24.507469 14.045832 -109.933472
v -19.379208 14.133343 -109.880180
v -23.023767 21.205555 -105.303604
v -19.379208 21.266451 -105.250366
v -19.379208 23.914227 -102.454185
v -22.468342 23.891415 -102.378082
v -4.713581 20.920269 -104.968834
v -3.956522 20.916405 -104.972626
v -4.009751 13.768089 -109.541611
v -4.713581 13.771892 -109.541611
v -4.059241 6.867099 -111.455193
v -4.713581 6.867099 -111.455193
v -17.465612 4.424697 -112.128540
v 0.000000 6.867099 -111.455193
v -10.914606 6.863296 -111.455193
v 0.000000 4.436104 -112.128540
v 17.465612 4.424697 -112.128540
v 4.055377 6.867099 -111.455193
v -11.568947 6.863296 -111.455193
v -11.519519 13.798569 -109.541611
v -10.891792 13.794765 -109.541611
v -11.470028 20.939281 -104.946022
v -10.865116 20.935478 -104.949814
v -17.446602 6.863296 -111.459000
v -18.686844 6.779587 -111.516098
v -26.656858 6.752972 -111.489418
v -32.344345 4.413291 -112.128540
v -29.787817 13.886080 -109.541611
v -25.180820 13.867006 -109.541611
v -27.996017 21.003916 -104.873718
v -23.704721 20.988708 -104.892723
v -23.061789 24.074043 -101.510696
v -26.481895 26.969086 -98.353119
v -18.686844 24.089251 -101.609612
v -17.461811 13.825183 -109.541611
v -18.686844 6.779587 -111.516098
v -18.690647 13.832788 -109.541611
v -17.412384 20.958290 -104.923203
v -18.686844 20.969696 -104.911797
v -17.861284 26.908249 -98.353119
v -16.115110 31.385914 -91.353149
v -22.030849 32.732677 -89.489052
v 0.000000 26.908249 -98.353119
v 0.000000 32.732677 -89.489052
v 0.000000 31.321278 -91.429260
v 16.115110 31.385914 -91.353149
v 22.027046 32.732677 -89.489052
v 26.478096 26.969086 -98.353119
v 17.861284 26.908249 -98.353119
v 18.686844 24.089251 -101.609612
v 23.061789 24.074043 -101.510696
v 27.992214 21.003916 -104.873718
v 23.700920 20.988708 -104.892723
v 25.180820 13.867006 -109.541611
v 29.787817 13.886080 -109.541611
v 26.656858 6.752972 -111.489418
v 32.344345 4.413291 -112.128540
v 18.686844 6.779587 -111.516098
v 17.446602 6.863296 -111.459000
v 11.568947 6.863296 -111.455193
v 17.458010 13.825183 -109.541611
v 18.686844 6.779587 -111.516098
v 18.686844 13.832788 -109.541611
v 17.408581 20.958290 -104.923203
v 18.686844 20.969696 -104.911797
v 10.914606 6.863296 -111.455193
v 11.519519 13.798569 -109.541611
v 4.713581 6.867099 -111.455193
v 10.887991 13.794765 -109.541611
v 11.470028 20.939281 -104.946022
v 10.861313 20.935478 -104.949814
v 4.713581 13.771892 -109.541611
v 4.005949 13.768089 -109.541611
v 4.713581 20.920269 -104.968834
v 3.956522 20.916405 -104.972626
v 0.000000 20.904999 -104.980240
v 4.713581 20.920269 -104.968834
v 11.470028 20.939281 -104.946022
v 10.861313 20.935478 -104.949814
v 3.956522 20.916405 -104.972626
v -4.713581 20.920269 -104.968834
v -3.956522 20.916405 -104.972626
v -11.470028 20.939281 -104.946022
v -10.865116 20.935478 -104.949814
v -10.865116 20.935478 -104.949814
v -4.713581 20.920269 -104.968834
v -4.713581 13.771892 -109.541611
v -10.891792 13.794765 -109.541611
v -4.713581 6.867099 -111.455193
v -10.914606 6.863296 -111.455193
v -17.412384 20.958290 -104.923203
v -11.470028 20.939281 -104.946022
v -11.519519 13.798569 -109.541611
v -17.461811 13.825183 -109.541611
v -11.568947 6.863296 -111.455193
v -17.446602 6.863296 -111.459000
v -18.306383 -11.058884 -102.792770
v -12.653177 -11.058884 -102.792770
v -12.653177 -11.058882 -80.244583
v -18.306383 -11.058882 -80.244583
v -12.653177 -11.058882 -61.420788
v -18.306383 -11.058882 -61.279984
v -12.653177 -11.058876 2.872293
v -18.306383 -11.058876 3.016837
v -18.306383 -11.058879 -18.104744
v -12.653177 -11.058879 -18.104744
v -18.306383 -11.058882 -46.340416
v -12.653177 -11.058882 -46.340416
v -12.653177 -11.058882 -50.974091
v -18.306383 -11.058882 -50.974091
v -19.280289 -9.156696 -103.926422
v -18.306383 -11.058884 -102.792770
v -18.306383 -11.058882 -80.244583
v -19.280289 -9.156694 -80.244583
v -18.306383 -11.058882 -61.279984
v -19.280289 -9.156694 -60.325150
v -11.679270 -9.156694 -60.465893
v -12.653177 -11.058882 -61.420788
v -12.653177 -11.058882 -80.244583
v -11.679270 -9.156694 -80.244583
v -12.653177 -11.058884 -102.792770
v -11.679270 -9.156696 -103.926422
v -12.653177 -11.058882 -50.974091
v -11.679270 -9.156694 -52.670837
v -11.679270 -9.156694 -46.340416
v -12.653177 -11.058882 -46.340416
v -11.679270 -9.156693 -18.104744
v -12.653177 -11.058879 -18.104744
v -11.679270 -9.156690 4.180974
v -12.653177 -11.058876 2.872293
v -19.280289 -9.156694 -52.670837
v -18.306383 -11.058882 -50.974091
v -18.306383 -11.058882 -46.340416
v -19.280289 -9.156694 -46.340416
v -18.306383 -11.058879 -18.104744
v -19.280289 -9.156693 -18.104744
v -18.306383 -11.058876 3.016837
v -19.280289 -9.156690 4.325518
v -18.005827 26.908260 7.635300
v -17.621624 31.424006 7.597215
v -17.606417 31.424004 -18.112350
v -18.005827 26.908257 -18.104746
v -17.591209 31.427803 -46.340424
v -18.005827 26.908255 -46.340424
v -17.575937 31.431601 -80.244583
v -18.005827 26.908253 -80.244583
v -15.479780 4.363817 112.444313
v -14.829241 3.039930 112.006821
v -15.437957 7.738302 108.411751
v -14.829241 6.859511 107.795425
v -15.396070 17.009388 93.578712
v -14.829241 16.046888 93.194435
v -15.377060 22.213692 78.467926
v -14.829241 21.258860 78.133148
v -15.361852 23.453934 70.676666
v -14.829241 22.232765 71.403313
v -13.748813 23.940857 68.481590
v -13.992275 24.888149 66.666916
v -14.570572 24.203392 66.568001
v -16.263454 29.940304 49.768135
v -15.536873 30.560427 49.775738
v -17.442801 32.021252 32.945454
v -16.693344 32.629967 32.945454
v -16.704752 32.671791 27.071535
v -17.461811 31.994638 27.056330
v -22.620491 25.820227 29.122070
v -27.611752 4.439916 29.122074
v -26.565607 5.242663 29.620464
v -21.730293 25.462580 29.521544
v -22.049862 26.288139 29.122070
v -21.730293 25.462580 32.538380
v -26.573212 5.238863 32.507900
v -27.611752 4.439917 32.937790
v -22.601480 25.839237 32.937790
v -22.049862 26.288139 32.937790
v -5.569497 31.009327 22.650908
v -14.072181 30.997917 26.500908
v -7.711343 30.997917 26.470491
v -14.068378 31.016930 21.444948
v 0.000000 31.009327 22.605282
v 0.000000 31.016930 21.380310
v 14.068378 31.016930 21.444948
v 5.569497 31.009327 22.650908
v 14.072181 30.997917 26.500908
v 7.707541 30.997917 26.470491
v -2.400515 22.171869 78.467926
v -2.879895 21.224577 78.133148
v -2.548923 21.000128 78.848381
v -2.419526 23.393038 70.779388
v -2.879895 22.198484 71.445137
v -14.829241 16.046888 93.194435
v -12.812929 16.039284 93.160233
v -12.801522 19.349070 83.577110
v -14.829241 21.258860 78.133148
v 0.000000 19.341465 83.527679
v -2.879895 22.198484 71.445137
v -14.829241 22.232765 71.403313
v -2.879895 21.224577 78.133148
v -2.548923 21.000128 78.848381
v 0.000000 21.000128 78.855980
v 2.545121 21.000128 78.848381
v 14.825439 21.258860 78.133148
v 2.879895 21.224577 78.133148
v 2.879895 22.198484 71.445137
v 14.825439 22.232765 71.403313
v 12.801522 19.349070 83.577110
v 14.825439 16.046888 93.194435
v 12.812929 16.039284 93.160233
v -12.402111 18.474081 84.185822
v -12.801522 19.349070 83.577110
v -12.812929 16.039284 93.160233
v -12.390704 14.745812 92.639015
v -12.763500 6.429621 107.799232
v -12.367829 6.810020 100.936264
v -12.390704 14.745812 92.639015
v -10.054827 14.734406 92.654228
v -10.032014 18.047993 84.885788
v -12.402111 18.474081 84.185822
v -1.472297 18.051794 84.874382
v -1.495110 14.665968 92.718925
v 0.000000 14.654561 92.726532
v 0.000000 18.432257 84.242920
v 0.000000 18.466476 84.185822
v 12.402111 18.474081 84.185822
v 1.472297 18.051794 84.874382
v 1.495110 14.665968 92.718925
v 10.032014 18.047993 84.885788
v 12.386903 14.745812 92.639015
v 10.051023 14.734406 92.654228
v -10.009201 7.913261 99.855835
v -10.054827 14.734406 92.654228
v -12.390704 14.745812 92.639015
v -12.367829 6.810020 100.936264
v -1.594027 7.905656 99.905258
v 0.000000 6.867114 100.833549
v 0.000000 14.654561 92.726532
v -1.495110 14.665968 92.718925
v 0.000000 6.950761 100.757439
v 1.590225 7.905656 99.905258
v 1.495110 14.665968 92.718925
v 12.364027 6.810020 100.936264
v 10.005398 7.913261 99.855835
v 12.386903 14.745812 92.639015
v 10.051023 14.734406 92.654228
v -1.495110 14.665968 92.718925
v -1.472297 18.051794 84.874382
v -1.472297 17.188213 84.376060
v -1.495110 13.806189 92.224342
v -1.594027 7.905656 99.905258
v -1.594027 7.045877 99.406937
v -10.054827 13.874626 92.155899
v -10.032014 17.188213 84.387451
v -10.032014 18.047993 84.885788
v -10.054827 14.734406 92.654228
v -10.009201 7.053481 99.361252
v -10.009201 7.913261 99.855835
v -16.012390 -12.063196 68.405487
v -15.316225 -12.063196 72.765221
v -17.792784 -9.156685 75.610901
v -18.911295 -9.156685 68.405487
v -16.571613 -12.055590 43.521427
v -19.474321 -9.156687 41.851353
v -17.454206 31.435413 20.509127
v -17.830866 26.227304 20.509127
v -14.536290 26.227304 21.444948
v -14.068378 31.016930 21.444948
v -16.689543 32.702209 20.509125
v 0.000000 32.702209 20.509125
v 0.000000 31.016930 21.380310
v 14.068378 31.016930 21.444948
v 16.689543 32.702209 20.509125
v 17.450405 31.435413 20.509127
v 14.536290 26.227304 21.444948
v 17.827066 26.227304 20.509127
v -21.285194 -7.071934 12.626563
v -24.229727 -2.111092 12.626563
v -24.229727 4.439916 12.626562
v -20.212372 24.020760 12.626561
v -15.894461 24.020760 12.626561
v -24.043297 -8.639347 13.474937
v -23.293840 -9.156687 13.474937
v -23.293840 -9.156687 32.937794
v -24.039495 -8.597462 32.937794
v -22.251495 -9.156685 68.375076
v -22.803118 -8.631740 68.378876
v -21.840620 -9.152882 78.566841
v -22.358019 -8.681169 78.566841
v -21.479229 -9.152880 87.914032
v -21.962347 -8.726854 87.902618
v -19.044432 -5.702417 106.456337
v -19.519947 -5.337162 106.460144
v -17.469414 -2.080667 116.473076
v -16.894983 -2.080667 117.112206
v -17.374363 -0.246981 116.427452
v -16.894983 -0.186146 116.990479
v -17.944994 4.420912 111.869881
v -17.359091 4.417109 112.311172
v -18.329195 7.593696 108.149216
v -17.811855 7.745905 108.347054
v -18.968327 17.009388 93.578712
v -19.497135 16.731709 93.388474
v -20.474844 21.924608 78.467926
v -19.968912 22.225161 78.467926
v -20.486250 23.925648 68.470184
v -20.992243 23.628958 68.470184
v -22.601480 25.839237 32.937790
v -22.049862 26.288139 32.937790
v -16.263454 29.940304 49.768135
v -16.457487 25.496862 49.733917
v -14.570572 24.203392 66.568001
v -17.792784 26.269129 32.937790
v -17.442801 32.021252 32.945454
v -17.461811 31.994638 27.056330
v -17.834669 26.227304 26.991632
v -26.428604 4.439916 7.635301
v -26.428604 -2.111092 7.635302
v -26.428604 -2.111092 12.626563
v -26.428604 4.439916 12.626562
v -20.395000 23.640358 7.635300
v -20.395000 23.640362 12.626561
v -26.428604 4.439916 12.626562
v -26.428604 -2.111092 12.626563
v -23.484074 -7.071934 12.626563
v -20.395000 23.640362 12.626561
v -17.480885 23.640362 12.626561
v -23.484074 -7.071936 7.635302
v -26.428604 -2.111092 7.635302
v -26.428604 4.439916 7.635301
v -20.395000 23.640358 7.635300
v -17.480885 23.640358 7.635300
v -69.717972 -1.000249 -31.206825
v -69.717972 -1.000249 -12.771103
v -67.888092 0.011678 -12.771103
v -67.907166 0.011678 -31.206825
v -69.717972 -1.000252 -51.601822
v -67.933777 0.011675 -51.601822
v -69.717972 -1.000254 -71.057137
v -67.956589 0.011674 -71.057137
v -69.717972 -1.000254 -86.297188
v -67.975601 0.011672 -86.323860
v -68.158226 -1.144798 -101.339478
v -66.313141 -0.300289 -101.339478
v -65.038673 -0.642667 -107.833511
v -66.693527 -1.190486 -107.833511
v -65.712021 -1.194289 -109.145996
v -66.693527 -1.190486 -107.833511
v -65.038673 -0.642667 -107.833511
v -60.481102 -1.194289 -109.130722
v -60.481102 -0.642667 -107.818237
v -55.919731 -0.642667 -107.833511
v -55.246384 -1.194289 -109.145996
v -54.264870 -1.190486 -107.833511
v -67.629417 -0.555151 2.339683
v -66.290314 -0.555151 2.339683
v -65.826149 0.011679 2.012512
v -67.929977 0.011679 2.012512
v -69.097916 -1.506243 2.339683
v -69.717972 -1.000247 2.016315
v -69.097916 -3.130689 2.339683
v -69.097916 -5.162208 2.339683
v -69.721771 -5.162208 2.016315
v -69.717972 -9.320305 2.016315
v -69.097916 -7.189865 2.339683
v -69.097916 -8.818113 2.339683
v -67.929977 -10.336035 2.012513
v -67.629417 -9.769206 2.339684
v -65.826149 -10.336035 2.012513
v -66.290314 -9.769206 2.339684
v -65.799530 0.011679 -0.559223
v -66.305527 -0.555151 -0.844570
v -67.739746 -0.555151 -0.836966
v -67.987007 0.011679 -0.559223
v -69.097916 -1.506243 -0.829361
v -69.717972 -1.000247 -0.555421
v -69.721771 -5.162208 -0.559223
v -69.097916 -5.162208 -0.829361
v -69.097916 -8.818113 -0.829361
v -69.717972 -9.320305 -0.559223
v -67.987007 -10.336035 -0.559223
v -67.739746 -9.769206 -0.836965
v -65.799530 -10.336035 -0.559223
v -66.305527 -9.769206 -0.844569
v -67.739746 -0.555151 -0.836966
v -66.305527 -0.555151 -0.844570
v -66.347359 -0.555151 -3.572255
v -67.792976 -0.555151 -3.568453
v -69.097916 -1.506243 -0.829361
v -69.097916 -1.506243 -3.564651
v -69.097916 -5.162208 -0.829361
v -69.097916 -5.162208 -3.564651
v -69.097916 -8.818113 -3.564651
v -69.097916 -8.818113 -0.829361
v -67.792976 -9.769206 -3.568452
v -67.739746 -9.769206 -0.836965
v -66.347359 -9.769206 -3.572254
v -66.305527 -9.769206 -0.844569
v -65.753906 0.011679 4.835313
v -65.826149 0.011679 2.012512
v -66.290314 -0.555151 2.339683
v -66.290314 -0.555151 5.002669
v -64.563156 0.011679 6.212432
v -64.913139 -0.555151 6.592895
v -63.075653 0.011679 7.018982
v -63.220196 -0.555151 7.475488
v -60.481102 -0.555151 7.722751
v -60.481102 0.011679 7.270048
v -57.882751 0.011679 7.018982
v -57.742012 -0.555151 7.475488
v -56.045265 -0.555151 6.592895
v -56.395245 0.011679 6.212432
v -54.668083 -0.555151 5.002669
v -55.204491 0.011679 4.835313
v -54.668083 -0.555151 2.339683
v -55.132256 0.011679 2.012512
v -67.732147 -0.460033 -8.388556
v -67.735939 -0.467639 -12.101554
v -68.960915 -1.342628 -12.101554
v -68.960915 -1.342628 -8.388556
v -68.964706 -5.162208 -12.101554
v -68.964706 -5.162208 -8.388556
v -68.960915 -8.981729 -8.388556
v -68.960915 -8.981729 -12.101554
v -67.732147 -9.860518 -8.388556
v -67.735939 -9.856718 -12.101554
v -69.721771 -2.921448 -51.601822
v -69.721771 -2.925253 -71.057137
v -69.139740 -3.393164 -70.600563
v -69.139740 -3.389361 -51.601822
v -69.721771 -2.921445 -31.184010
v -69.139740 -3.389359 -31.184010
v -69.135941 -2.415454 -24.237329
v -69.721771 -1.947541 -24.237329
v -69.139740 -2.415454 -16.130316
v -69.721771 -1.947541 -15.757521
v -67.888092 -10.336037 -12.771103
v -69.717972 -9.320307 -12.771103
v -69.717972 -9.320307 -31.206820
v -67.907166 -10.336037 -31.206820
v -69.717972 -9.320309 -51.601814
v -67.933777 -10.336039 -51.601814
v -69.717972 -9.320312 -71.057137
v -67.956589 -10.336041 -71.057137
v -69.717972 -9.320314 -86.297188
v -67.975601 -10.336041 -86.323860
v -68.158226 -9.179571 -101.339478
v -66.313141 -10.020277 -101.339478
v -65.038673 -9.681704 -107.833511
v -66.693527 -9.133884 -107.833511
v -66.693527 -9.133884 -107.833511
v -65.712021 -9.130082 -109.145996
v -65.038673 -9.681704 -107.833511
v -60.481102 -9.130082 -109.130722
v -60.481102 -9.681704 -107.818237
v -55.919731 -9.681704 -107.833511
v -55.246384 -9.130082 -109.145996
v -54.264870 -9.133884 -107.833511
v -66.290314 -9.769206 2.339684
v -65.826149 -10.336035 2.012513
v -65.753906 -10.336035 4.835314
v -66.290314 -9.769206 5.002670
v -64.563156 -10.336035 6.212433
v -64.913139 -9.769206 6.592896
v -63.075653 -10.336035 7.018983
v -63.220196 -9.769206 7.475488
v -60.481102 -9.769206 7.722752
v -60.481102 -10.336035 7.270048
v -57.882751 -10.336035 7.018983
v -57.742012 -9.769206 7.475488
v -56.045265 -9.769206 6.592896
v -56.395245 -10.336035 6.212433
v -54.668083 -9.769206 5.002670
v -55.204491 -10.336035 4.835314
v -54.668083 -9.769206 2.339684
v -55.132256 -10.336035 2.012513
v -69.139740 -6.931202 -70.600563
v -69.721771 -7.399113 -71.057137
v -69.721771 -7.399113 -51.601814
v -69.139740 -6.931200 -51.601814
v -69.721771 -7.402914 -31.184006
v -69.139740 -6.935000 -31.184006
v -69.135941 -7.908907 -24.237329
v -69.721771 -8.376820 -24.237329
v -69.139740 -7.905107 -16.130316
v -69.721771 -8.376820 -15.757521
v -61.983814 -10.336041 -86.407578
v -61.481625 -9.693108 -85.878769
v -62.387093 -9.693108 -71.038063
v -62.919636 -10.336041 -71.057137
v -62.520226 -9.693106 -51.598015
v -63.052841 -10.336039 -51.601814
v -62.596268 -9.693106 -40.226902
v -63.132683 -10.336039 -40.276333
v -64.251190 -9.693103 -31.161194
v -64.783806 -10.336037 -31.206820
v -66.096291 0.011678 -12.763499
v -65.118576 1.240515 -13.809710
v -65.137589 1.240515 -31.203020
v -66.115295 0.011678 -31.199219
v -65.164200 1.240512 -51.601822
v -66.141914 0.011675 -51.594219
v -65.190819 1.240511 -71.053329
v -66.164719 0.011674 -71.049530
v -65.209892 1.240509 -86.320068
v -66.187599 0.011672 -86.316261
v -63.547367 0.932349 -100.624306
v -64.521271 -0.300289 -101.331871
v -60.481102 0.011678 -31.206825
v -60.481102 0.011678 -12.771103
v -60.481102 1.240515 -13.821115
v -60.469696 1.240515 -31.210625
v -60.462093 0.011675 -51.601822
v -60.481102 1.240512 -51.609425
v -60.477299 0.011674 -71.057137
v -60.462093 1.240511 -71.060936
v -60.473499 0.011672 -86.426590
v -60.484905 1.240509 -86.430389
v -60.481102 -0.300289 -101.339478
v -60.481102 0.932349 -100.631905
v -69.307091 -1.342628 -8.247753
v -68.960915 -1.342628 -8.388556
v -68.964706 -5.162208 -8.388556
v -69.310959 -5.162208 -8.247753
v -68.960915 -8.981729 -8.388556
v -69.307091 -8.981729 -8.247753
v -69.307091 -8.981729 -12.242296
v -68.960915 -8.981729 -12.101554
v -68.964706 -5.162208 -12.101554
v -69.310959 -5.162208 -12.242296
v -68.960915 -1.342628 -12.101554
v -69.307091 -1.342628 -12.242296
v -53.070255 0.011678 -12.771103
v -51.240429 -1.000249 -12.771103
v -51.240429 -1.000249 -31.206825
v -53.051243 0.011678 -31.206825
v -51.240429 -1.000252 -51.601822
v -53.028431 0.011675 -51.601822
v -51.240429 -1.000254 -71.057137
v -53.001816 0.011674 -71.057137
v -51.240429 -1.000254 -86.297188
v -52.982803 0.011672 -86.323860
v -52.800179 -1.144798 -101.339478
v -54.645271 -0.300289 -101.339478
v -55.919731 -0.642667 -107.833511
v -54.264870 -1.190486 -107.833511
v -55.132256 0.011679 2.012512
v -54.668083 -0.555151 2.339683
v -53.328987 -0.555151 2.339683
v -53.028431 0.011679 2.012512
v -51.860489 -1.506243 2.339683
v -51.240429 -1.000247 2.016315
v -51.860489 -3.130689 2.339683
v -51.860489 -5.162208 2.339683
v -51.236629 -5.162208 2.016315
v -51.240429 -9.320305 2.016315
v -51.860489 -7.189865 2.339683
v -51.860489 -8.818113 2.339683
v -53.028431 -10.336035 2.012513
v -53.328987 -9.769206 2.339684
v -55.132256 -10.336035 2.012513
v -54.668083 -9.769206 2.339684
v -53.222466 -0.555151 -0.836966
v -54.656673 -0.555151 -0.844570
v -55.158875 0.011679 -0.559223
v -52.975201 0.011679 -0.559223
v -51.860489 -1.506243 -0.829361
v -51.240429 -1.000247 -0.559223
v -51.236629 -5.162208 -0.559223
v -51.860489 -5.162208 -0.829361
v -51.860489 -8.818113 -0.829361
v -51.240429 -9.320305 -0.559223
v -52.975201 -10.336035 -0.559223
v -53.222466 -9.769206 -0.836965
v -55.158875 -10.336035 -0.559223
v -54.656673 -9.769206 -0.844569
v -54.611053 -0.555151 -3.572255
v -54.656673 -0.555151 -0.844570
v -53.222466 -0.555151 -0.836966
v -53.169170 -0.555151 -3.568453
v -51.860489 -1.506243 -0.829361
v -51.860489 -1.506243 -3.564651
v -51.860489 -5.162208 -0.829361
v -51.860489 -5.162208 -3.564651
v -51.860489 -8.818113 -3.564651
v -51.860489 -8.818113 -0.829361
v -53.169170 -9.769206 -3.568452
v -53.222466 -9.769206 -0.836965
v -54.611053 -9.769206 -3.572254
v -54.656673 -9.769206 -0.844569
v -52.001297 -1.342628 -12.101554
v -53.226265 -0.467639 -12.101554
v -53.226265 -0.460033 -8.388556
v -52.001297 -1.342628 -8.388556
v -51.997490 -5.162208 -12.101554
v -51.997490 -5.162208 -8.388556
v -52.001297 -8.981729 -8.388556
v -52.001297 -8.981729 -12.101554
v -53.226265 -9.860518 -8.388556
v -53.226265 -9.856718 -12.101554
v -51.822472 -3.393164 -70.600563
v -51.236629 -2.925253 -71.057137
v -51.236629 -2.921448 -51.601822
v -51.818665 -3.389361 -51.601822
v -51.236629 -2.921445 -31.184010
v -51.818665 -3.389359 -31.184010
v -51.822472 -2.415454 -24.237329
v -51.240429 -1.947541 -24.237329
v -51.822472 -2.415454 -16.130316
v -51.240429 -1.947541 -15.757521
v -51.240429 -9.320307 -31.206820
v -51.240429 -9.320307 -12.771103
v -53.070255 -10.336037 -12.771103
v -53.051243 -10.336037 -31.206820
v -51.240429 -9.320309 -51.601814
v -53.028431 -10.336039 -51.601814
v -51.240429 -9.320312 -71.057137
v -53.001816 -10.336041 -71.057137
v -51.240429 -9.320314 -86.297188
v -52.982803 -10.336041 -86.323860
v -52.800179 -9.179571 -101.339478
v -54.645271 -10.020277 -101.339478
v -55.919731 -9.681704 -107.833511
v -54.264870 -9.133884 -107.833511
v -51.240429 -9.320307 -12.771103
v -51.651249 -8.981729 -12.242296
v -53.252876 -10.100179 -12.242296
v -53.070255 -10.336037 -12.771103
v -60.481102 -10.100179 -12.242296
v -60.481102 -10.336037 -12.771103
v -67.888092 -10.336037 -12.771103
v -67.705528 -10.100179 -12.242296
v -69.717972 -9.320307 -12.771103
v -69.307091 -8.981729 -12.242296
v -69.721771 -5.162210 -12.771103
v -69.310959 -5.162208 -12.242296
v -69.307091 -1.342628 -12.242296
v -69.717972 -1.000249 -12.771103
v -67.705528 -0.224177 -12.242296
v -67.888092 0.011678 -12.771103
v -60.481102 -0.224177 -12.242296
v -60.481102 0.011678 -12.771103
v -53.070255 0.011678 -12.771103
v -53.252876 -0.224177 -12.242296
v -51.240429 -1.000249 -12.771103
v -51.651249 -1.342628 -12.242296
v -51.236629 -5.162210 -12.771103
v -51.647446 -5.162208 -12.242296
v -51.651249 -8.981729 -12.242296
v -51.240429 -9.320307 -12.771103
v -51.651249 -8.981729 -8.247753
v -51.240429 -9.327909 -7.738018
v -53.077919 -10.343639 -7.738018
v -53.256680 -10.107784 -8.247753
v -60.481102 -10.343639 -7.738018
v -60.481102 -10.107784 -8.247753
v -67.701721 -10.107784 -8.247753
v -67.880486 -10.343639 -7.738018
v -69.307091 -8.981729 -8.247753
v -69.717972 -9.327909 -7.738018
v -69.310959 -5.162208 -8.247753
v -69.721771 -5.162208 -7.738018
v -69.717972 -0.996444 -7.738019
v -69.307091 -1.342628 -8.247753
v -67.880486 0.019284 -7.738019
v -67.701721 -0.216572 -8.247753
v -60.481102 0.019284 -7.738019
v -60.481102 -0.216572 -8.247753
v -53.256680 -0.216572 -8.247753
v -53.077919 0.019284 -7.738019
v -51.651249 -1.342628 -8.247753
v -51.240429 -0.996444 -7.738019
v -51.647446 -5.162208 -8.247753
v -51.236629 -5.162208 -7.738018
v -51.240429 -9.327909 -7.738018
v -51.651249 -8.981729 -8.247753
v -51.236629 -7.399113 -51.601814
v -51.236629 -7.399113 -71.057137
v -51.822472 -6.931202 -70.600563
v -51.818665 -6.931200 -51.601814
v -51.236629 -7.402914 -31.184006
v -51.818665 -6.935000 -31.184006
v -51.822472 -7.908907 -24.237329
v -51.240429 -8.376820 -24.237329
v -51.822472 -7.905107 -16.130316
v -51.240429 -8.376820 -15.757521
v -58.571316 -9.693108 -71.038063
v -59.480587 -9.693108 -85.878769
v -58.974586 -10.336041 -86.407578
v -58.038704 -10.336041 -71.057137
v -58.441978 -9.693106 -51.598015
v -57.905563 -10.336039 -51.601814
v -58.362068 -9.693106 -40.226902
v -57.829460 -10.336039 -40.276333
v -56.711010 -9.693103 -31.161194
v -56.174599 -10.336037 -31.206820
v -55.820816 1.240515 -31.203020
v -55.839825 1.240515 -13.809710
v -54.862118 0.011678 -12.763499
v -54.843105 0.011678 -31.199219
v -55.794201 1.240512 -51.601822
v -54.816490 0.011675 -51.594219
v -55.771324 1.240511 -71.053329
v -54.793617 0.011674 -71.049530
v -55.752312 1.240509 -86.320068
v -54.774605 0.011672 -86.316261
v -57.414841 0.932349 -100.624306
v -56.437134 -0.300289 -101.331871
v -60.481102 1.240515 -13.821115
v -60.481102 0.011678 -12.771103
v -60.481102 0.011678 -31.206825
v -60.469696 1.240515 -31.210625
v -60.462093 0.011675 -51.601822
v -60.481102 1.240512 -51.609425
v -60.477299 0.011674 -71.057137
v -60.462093 1.240511 -71.060936
v -60.473499 0.011672 -86.426590
v -60.484905 1.240509 -86.430389
v -60.481102 -0.300289 -101.339478
v -60.481102 0.932349 -100.631905
v -51.997490 -5.162208 -8.388556
v -52.001297 -1.342628 -8.388556
v -51.651249 -1.342628 -8.247753
v -51.647446 -5.162208 -8.247753
v -52.001297 -8.981729 -8.388556
v -51.651249 -8.981729 -8.247753
v -51.997490 -5.162208 -12.101554
v -52.001297 -8.981729 -12.101554
v -51.651249 -8.981729 -12.242296
v -51.647446 -5.162208 -12.242296
v -52.001297 -1.342628 -12.101554
v -51.651249 -1.342628 -12.242296
v -62.409901 2.667123 -19.539021
v -62.497414 -0.791008 -19.535217
v -61.941933 -0.791008 -18.363474
v -61.785980 2.667123 -18.367277
v -61.040329 7.551863 -19.539021
v -60.321289 7.555665 -18.367279
v -58.506680 10.290956 -18.241747
v -59.024014 10.789345 -19.402020
v -58.259354 10.576302 -18.230341
v -57.852333 11.938211 -19.318373
v -57.266434 11.709959 -18.146631
v -53.401291 16.309414 -19.006411
v -53.020824 15.955629 -17.834669
v -51.921387 17.762638 -18.899891
v -51.521915 17.313738 -17.728148
v -46.952938 20.924076 -17.142246
v -47.238289 21.536531 -18.313988
v -41.767639 24.207188 -16.305340
v -42.018707 24.827309 -17.477083
v -36.654655 27.296261 -15.125996
v -36.879101 27.939196 -16.297737
v -31.876432 29.369669 -13.684177
v -32.222614 30.290283 -14.863461
v -30.514460 30.153343 -13.258090
v -30.811214 31.005520 -14.429770
v -27.748692 31.907124 -12.478155
v -27.421522 31.169073 -11.306476
v -21.338427 33.116886 -6.071691
v -21.338427 32.196274 -4.899949
v -15.955296 33.116886 -5.794010
v -15.955296 32.123970 -4.622269
v -61.941933 -0.791008 -18.363474
v -62.497414 -0.791008 -19.535217
v -62.497414 -0.791008 -29.932421
v -59.005005 -0.791008 -18.363474
v -62.497414 -0.791011 -45.811615
v -62.497414 -0.791013 -88.100464
v -61.812595 -0.791013 -89.603180
v -59.005005 -0.791013 -89.603180
v -59.005005 -0.791013 -89.603180
v -61.812595 -0.791013 -89.603180
v -61.542519 2.663318 -85.289070
v -58.769146 2.655712 -85.289070
v -60.233841 7.574672 -75.907593
v -57.555580 7.567067 -75.785858
v -58.000679 10.610518 -64.726715
v -56.041466 9.876269 -64.726715
v -45.674675 18.173513 -71.235893
v -49.943157 15.544746 -64.726715
v -51.358360 16.967554 -64.726715
v -46.812195 20.581635 -71.235893
v -40.584492 21.308277 -74.857643
v -41.801865 23.777292 -74.857643
v -35.437286 24.138680 -77.106010
v -36.384514 26.976753 -77.106010
v -29.133476 26.272923 -79.122253
v -30.172083 29.970713 -79.122253
v -21.026463 27.710938 -79.742386
v -21.026463 31.644646 -79.742386
v -15.997182 31.606564 -79.708160
v -15.997182 27.710938 -79.708160
v -32.310127 30.252262 -23.301447
v -32.222614 30.290283 -14.863461
v -30.811214 31.005520 -14.429770
v -30.796005 31.024529 -29.932423
v -35.030209 28.878881 -23.236811
v -35.174747 28.810383 -29.932423
v -61.405582 2.708945 -44.502937
v -61.405582 2.587216 -31.241104
v -60.028400 6.867105 -31.241104
v -60.028400 6.874708 -44.502937
v -58.190914 10.119796 -31.241104
v -58.179508 10.127399 -44.502937
v -56.387642 12.067606 -44.502937
v -56.459946 12.014315 -31.241104
v -50.894188 17.005577 -44.502937
v -50.890385 17.047462 -31.237305
v -46.789322 20.444698 -31.237305
v -46.789322 20.444696 -44.502937
v -41.577412 23.697388 -31.237305
v -41.581215 23.651762 -44.502937
v -36.414993 26.866432 -31.237305
v -36.395920 26.889244 -44.502937
v -31.172604 29.209852 -31.237305
v -31.161196 29.228863 -44.502937
v -50.890385 17.047462 -31.237305
v -51.921387 17.732222 -29.932423
v -47.238289 21.536531 -29.932423
v -46.789322 20.444698 -31.237305
v -42.026314 24.789223 -29.932423
v -41.577412 23.697388 -31.237305
v -36.863895 27.958267 -29.932423
v -36.414993 26.866432 -31.237305
v -35.174747 28.810383 -29.932423
v -30.796005 31.024529 -29.932423
v -31.172604 29.209852 -31.237305
v -51.925194 17.690395 -45.811615
v -50.894188 17.005577 -44.502937
v -46.789322 20.444696 -44.502937
v -47.238289 21.536531 -45.811615
v -41.581215 23.651762 -44.502937
v -42.030113 24.739796 -45.811615
v -36.395920 26.889244 -44.502937
v -36.844883 27.981079 -45.811615
v -31.161196 29.228863 -44.502937
v -30.784597 31.039736 -45.811615
v -61.405582 2.587216 -31.241104
v -62.409901 2.667123 -29.932421
v -61.040329 7.559466 -29.932423
v -60.028400 6.867105 -31.241104
v -59.012608 10.796948 -29.932423
v -58.190914 10.119796 -31.241104
v -56.676792 13.079536 -29.932423
v -56.459946 12.014315 -31.241104
v -62.409901 2.667122 -45.811615
v -61.405582 2.708945 -44.502937
v -60.028400 6.874708 -44.502937
v -61.040329 7.567068 -45.811615
v -58.179508 10.127399 -44.502937
v -59.001202 10.804552 -45.811615
v -56.387642 12.067606 -44.502937
v -56.604485 13.136629 -45.811615
v -15.970566 33.116882 -29.932425
v -15.955296 33.116886 -5.794010
v -15.955296 32.123970 -4.622269
v -15.955296 27.710943 -4.622268
v -15.978170 33.116882 -45.811615
v -15.997182 27.710938 -79.708160
v -15.997182 31.606564 -79.708160
v -15.997182 33.116882 -78.361404
v -32.013374 2.689935 -21.056942
v -32.013374 2.689933 -61.489227
v -25.580233 27.052795 -61.489227
v -31.629107 4.679571 -21.056942
v -25.580233 27.052801 -21.056942
v -32.774235 19.603928 -22.221016
v -34.147614 21.437614 -22.221016
v -39.260605 19.322447 -22.221016
v -35.262260 7.209483 -22.221016
v -48.360538 13.627356 -22.221016
v -41.257843 4.671967 -21.056942
v -42.246964 2.678529 -21.056942
v -32.013374 2.689935 -21.056942
v -35.597034 4.664363 -21.056942
v -31.629107 4.679571 -21.056942
v -35.072029 6.539935 -21.056942
v -25.580233 27.052801 -21.056942
v -49.224121 13.509426 -21.056942
v -32.367157 20.014809 -21.056942
v -50.662136 12.649646 -21.056942
v -33.862267 22.008308 -21.056942
v -49.943157 15.544749 -21.056942
v -55.995834 9.952377 -21.056942
v -45.674675 18.173517 -21.056942
v -55.006660 7.646978 -21.056942
v -39.416557 19.706648 -21.056942
v -57.555580 7.567071 -21.056942
v -58.286026 4.690977 -21.056942
v -56.231693 4.690977 -21.056942
v -56.657784 2.655716 -21.056942
v -58.765343 2.655716 -21.056942
v -35.494316 24.074049 -21.056942
v -40.584492 21.300676 -21.056942
v -29.156288 26.257717 -21.056942
v -55.520256 4.957314 -22.221016
v -55.915932 3.070399 -22.221016
v -51.769176 3.078002 -22.221016
v -50.677341 4.953511 -22.221016
v -54.576767 7.449142 -22.221016
v -46.085552 4.945908 -22.221016
v -50.555611 12.132244 -22.221016
v -41.824738 4.942105 -22.221016
v -36.962811 4.934501 -22.221016
v -42.741547 3.089409 -22.221016
v -45.355110 3.085606 -22.221016
v -39.348114 18.641426 -59.929482
v -35.764454 20.429487 -59.929482
v -33.668236 19.908283 -59.929482
v -33.683441 10.968103 -59.929482
v -43.445381 16.088764 -59.929482
v -48.223595 12.524111 -59.929482
v -49.452370 10.793144 -59.929482
v -35.471500 21.159933 -61.489227
v -35.764454 20.429487 -59.929482
v -39.348114 18.641426 -59.929482
v -39.568768 19.280558 -61.489227
v -43.445381 16.088764 -59.929482
v -43.833385 16.659395 -61.489227
v -48.223595 12.524111 -59.929482
v -48.645882 12.942595 -61.489227
v -51.925194 16.423538 -64.726715
v -51.358360 16.967554 -64.726715
v -49.943157 15.544746 -64.726715
v -56.041466 9.876269 -64.726715
v -57.483276 11.105106 -64.726715
v -58.000679 10.610518 -64.726715
v -51.491501 17.325142 -40.112782
v -51.491501 17.340351 -35.444889
v -47.177387 21.072422 -35.444889
v -47.177387 21.072422 -40.112782
v -41.965481 24.309904 -35.444889
v -41.969280 24.294697 -40.112782
v -36.799194 27.501698 -35.444889
v -36.791588 27.509304 -40.112782
v -30.887257 30.016403 -35.444889
v -30.879652 30.024010 -40.112782
v -56.551262 12.805594 -35.444889
v -56.524582 12.824667 -40.112782
v -58.833847 10.469778 -40.112782
v -58.841454 10.469778 -35.444889
v -60.678940 7.217087 -40.112782
v -60.678940 7.213285 -35.444889
v -62.208267 2.636704 -40.112782
v -62.208267 2.591019 -35.444889
v -31.168800 29.217457 -35.444889
v -30.887257 30.016403 -35.444889
v -36.799194 27.501698 -35.444889
v -36.407326 26.874037 -35.444889
v -41.965481 24.309904 -35.444889
v -41.577412 23.682178 -35.444889
v -47.177387 21.072422 -35.444889
v -46.789322 20.444696 -35.444889
v -51.491501 17.340351 -35.444889
v -50.890385 17.032253 -35.444889
v -50.894188 17.016983 -40.112782
v -51.491501 17.325142 -40.112782
v -47.177387 21.072422 -40.112782
v -46.789322 20.444696 -40.112782
v -41.969280 24.294697 -40.112782
v -41.581215 23.666971 -40.112782
v -36.791588 27.509304 -40.112782
v -36.403522 26.881639 -40.112782
v -30.879652 30.024010 -40.112782
v -31.164999 29.221258 -40.112782
v -56.437134 12.029524 -35.444889
v -56.551262 12.805594 -35.444889
v -58.841454 10.469778 -35.444889
v -58.187111 10.123596 -35.444889
v -60.678940 7.213285 -35.444889
v -60.028400 6.867105 -35.444889
v -62.208267 2.591019 -35.444889
v -61.405582 2.625237 -35.444889
v -61.405582 2.667122 -40.112782
v -62.208267 2.636704 -40.112782
v -60.678940 7.217087 -40.112782
v -60.028400 6.870906 -40.112782
v -58.833847 10.469778 -40.112782
v -58.183308 10.123596 -40.112782
v -56.524582 12.824667 -40.112782
v -56.410454 12.048534 -40.112782
v -21.338427 27.710943 -4.899949
v -15.955296 27.710943 -4.622268
v -15.955296 32.123970 -4.622269
v -21.338427 32.196274 -4.899949
v -25.580233 27.052801 -11.306476
v -27.421522 31.169073 -11.306476
v -29.160156 26.257721 -13.258090
v -30.514460 30.153343 -13.258090
v -31.876432 29.369669 -13.684177
v -30.522064 25.782143 -13.657501
v -36.654655 27.296261 -15.125996
v -35.501923 24.054976 -15.125995
v -41.767639 24.207188 -16.305340
v -40.584492 21.308281 -16.305340
v -46.952938 20.924076 -17.142246
v -45.674675 18.173519 -17.142246
v -51.521915 17.313738 -17.728148
v -49.943157 15.544749 -17.728148
v -51.263245 14.323580 -17.838470
v -53.020824 15.955629 -17.834669
v -55.040939 10.838774 -18.150433
v -57.266434 11.709959 -18.146631
v -56.003441 9.948577 -18.230341
v -58.259354 10.576302 -18.230341
v -57.555580 7.567072 -18.367279
v -58.506680 10.290956 -18.241747
v -60.321289 7.555665 -18.367279
v -58.765343 2.655716 -18.367277
v -61.785980 2.667123 -18.367277
v -59.005005 -0.791008 -18.363474
v -61.941933 -0.791008 -18.363474
v -61.812595 -0.791013 -89.603180
v -62.497414 -0.791013 -88.100464
v -62.409901 2.667120 -83.786354
v -61.542519 2.663318 -85.289070
v -61.040329 7.582276 -74.469574
v -60.233841 7.574672 -75.907593
v -58.985992 10.812155 -63.227802
v -58.000679 10.610518 -64.726715
v -57.483276 11.105106 -64.726715
v -58.061577 11.706154 -63.227802
v -52.910503 16.697414 -63.227802
v -51.925194 16.423538 -64.726715
v -51.358360 16.967554 -64.726715
v -51.925194 17.648508 -63.227802
v -46.812195 20.581635 -71.235893
v -47.238289 21.536530 -69.733185
v -41.801865 23.777292 -74.857643
v -42.041584 24.667490 -73.354927
v -36.384514 26.976753 -77.106010
v -36.814407 28.022900 -75.603302
v -30.172083 29.970713 -79.122253
v -30.761723 31.070152 -77.623352
v -21.026463 31.644646 -79.742386
v -21.026463 33.116882 -78.239670
v -15.997182 33.116882 -78.361404
v -15.997182 31.606564 -79.708160
v -16.149328 32.363628 5.672216
v -15.430351 35.152210 0.570630
v -16.255852 32.428326 0.578234
v -15.224913 37.769573 -6.794532
v -16.305340 32.454941 -6.745042
v -16.335756 32.466351 -18.119957
v -15.205902 39.066845 -18.119957
v -15.205902 39.078251 -19.995527
v -15.959159 34.916351 -19.995527
v -16.347164 32.470150 -19.995527
v -16.027597 34.977184 -25.188427
v -16.453686 32.527241 -25.158009
v -16.598228 32.610950 -49.908875
v -16.149328 35.079903 -49.889866
v -16.236839 35.133194 -54.089848
v -16.655323 32.637566 -54.070835
v -16.735231 32.683189 -67.918564
v -15.205902 39.367397 -58.788155
v -15.205902 39.375000 -67.671242
v -15.453165 38.237537 -68.055511
v -15.445560 38.237537 -70.767982
v -16.754242 32.690792 -70.767982
v -15.205902 39.375000 -71.117966
v -15.970566 35.703827 -74.549484
v -15.205902 39.375000 -73.134277
v -16.845554 32.698399 -84.121132
v -15.997182 35.711430 -81.420059
v -7.136909 37.480484 -56.779514
v -10.252662 37.480484 -56.779514
v -10.180359 37.484283 -48.105667
v -7.136909 37.484283 -48.105667
v 0.000000 37.480484 -56.779514
v 0.000000 37.484283 -48.109470
v 7.136909 37.484283 -48.105667
v 7.136909 37.480484 -56.779514
v 10.176556 37.484283 -48.105667
v 10.248859 37.480484 -56.779514
v -13.414040 35.060890 -49.889866
v -13.395028 35.030476 -42.033920
v -12.204276 36.993496 -40.652996
v -10.785271 39.382607 -46.606754
v -12.189068 36.970688 -35.410606
v -10.777666 39.264679 -28.433514
v -13.349341 34.961975 -25.196030
v -13.372216 35.000061 -34.219852
v -7.136909 37.693527 -27.646036
v -10.149941 37.731548 -27.626963
v -10.157546 37.678257 -19.976517
v -7.136909 37.640236 -19.965111
v 0.000000 37.609821 -27.687859
v 0.000000 37.552723 -19.942234
v 7.136909 37.640236 -19.965111
v 7.136909 37.693527 -27.646036
v 10.157546 37.678257 -19.976517
v 10.146140 37.731548 -27.626963
v -13.242819 34.882133 -19.984121
v -15.959159 34.916351 -19.995527
v -15.205902 39.078251 -19.995527
v -10.157546 39.074448 -19.995527
v -10.157546 37.678257 -19.976517
v 0.000000 39.074448 -19.995527
v -7.136909 37.640236 -19.965111
v 0.000000 37.552723 -19.942234
v 7.136909 37.640236 -19.965111
v 10.157546 37.678257 -19.976517
v 10.157546 39.074448 -19.995527
v 13.239017 34.882133 -19.984121
v 15.205902 39.078251 -19.995527
v 15.955296 34.916351 -19.995527
v -7.053200 35.178825 0.456504
v -7.049398 35.475578 0.874987
v -7.163524 38.226074 -6.843960
v -7.167327 37.780979 -6.859169
v -7.232025 39.599453 -18.081934
v -7.235827 39.066845 -18.119957
v -2.233159 42.433662 -36.266586
v -2.233159 42.433662 -38.895355
v -2.602153 42.433662 -37.579067
v -1.232576 42.433662 -39.857849
v -1.232576 42.433662 -35.304085
v 0.000000 42.433662 -40.173615
v 0.000000 42.433662 -34.984520
v 1.232576 42.433662 -35.304085
v 1.232576 42.433662 -39.857849
v 2.233159 42.433662 -36.266586
v 2.233159 42.433662 -38.895355
v 2.598351 42.433662 -37.579067
v 33.219334 3.949183 -98.672684
v 33.219334 3.949186 -80.822815
v 33.219334 -1.643188 -80.822815
v 33.219334 -1.646991 -98.665085
v 32.553589 3.949182 -113.167152
v 32.553589 -1.650796 -113.167152
v 17.012911 32.732677 -80.244583
v 17.575937 31.431601 -80.244583
v 22.072674 32.732677 -80.244583
v 18.005827 26.908253 -80.244583
v 26.478096 26.969086 -80.244583
v 29.970444 7.806730 -12.326006
v 29.742193 8.407842 -12.318401
v 26.527521 21.277864 4.576580
v 29.985655 7.806731 4.063044
v 26.675930 20.665348 5.132003
v 29.761202 8.799648 5.109191
v 26.527521 21.277864 4.576580
v 27.714472 21.814278 4.675498
v 27.862881 20.939289 5.424953
v 26.675930 20.665348 5.132003
v 30.951956 8.769232 5.432559
v 29.761202 8.799648 5.109191
v 31.172604 7.555666 4.093462
v 29.985655 7.806731 4.063044
v 31.157394 7.559467 -12.630363
v 29.970444 7.806730 -12.326006
v 27.197073 24.359333 -14.745532
v 26.196548 24.081654 -14.471655
v 26.386780 23.005028 -15.205902
v 27.486219 23.214268 -15.597707
v 29.726984 10.184433 -15.213505
v 30.913935 9.743136 -15.654802
v 30.913935 9.743136 -15.654802
v 29.726984 10.184433 -15.213505
v 29.726984 10.135004 -14.403152
v 30.913935 9.743136 -14.406956
v 26.390583 23.301783 3.096741
v 27.486219 23.271303 3.560850
v 27.649837 -9.156696 -103.926422
v 26.984028 -8.388231 -107.685104
v 30.061760 -2.141581 -112.128540
v 30.727503 -2.133975 -98.086784
v 27.649837 -9.156694 -80.244583
v 32.340542 -2.130172 -80.244583
v 27.649837 -9.156694 -46.340416
v 32.340542 -2.122505 -46.340424
v 27.649837 -9.156693 -18.104744
v 32.340542 4.436106 -80.244583
v 32.340542 -2.114897 -18.104744
v 27.649837 -9.156690 7.635303
v 32.340542 -2.111092 7.635302
v 32.340542 4.439911 -46.340424
v 32.340542 4.439913 -18.104744
v 32.340542 4.439916 7.635301
v 26.478096 26.969086 -80.244583
v 22.027046 32.732677 -89.489052
v 22.072674 32.732677 -80.244583
v 26.478096 26.969090 -46.340424
v 26.478096 26.969090 -18.104746
v 26.478096 26.969086 -98.353119
v 27.573730 20.695759 -87.244484
v 31.172604 7.365428 -88.945023
v 32.355751 4.436106 -98.094452
v 27.630764 20.593037 -91.516762
v 31.153593 7.468147 -95.286865
v 27.703066 20.501787 -93.776543
v 27.722076 20.501785 -97.033035
v 31.161196 7.468147 -98.166695
v 28.517220 18.253418 -100.065079
v 31.145988 7.570867 -105.436737
v 27.992214 21.003916 -104.873718
v 32.344345 4.413291 -112.128540
v 29.841110 14.049634 -102.960121
v 29.787817 13.886080 -109.541611
v 27.197073 24.359333 -14.745532
v 27.486219 23.214268 -15.597707
v 26.478096 26.969091 7.635300
v 30.913935 9.743136 -15.654802
v 27.189466 24.416430 2.925520
v 30.913935 9.743136 -14.406956
v 27.486219 23.271303 3.560850
v 31.157394 7.559467 -12.630363
v 31.172604 7.555666 4.093462
v 30.929144 8.624687 -12.618957
v 27.714472 21.814278 4.675498
v 30.951956 8.769232 5.432559
v 27.862881 20.939289 5.424953
v 27.722076 20.501785 -97.033035
v 26.984028 20.056688 -96.888428
v 27.421522 17.937656 -99.764526
v 28.517220 18.253418 -100.065079
v 28.334595 13.813777 -102.610138
v 29.841110 14.049634 -102.960121
v 30.229113 7.879026 -104.881317
v 31.145988 7.570867 -105.436737
v 17.031921 32.732681 -46.340424
v 17.054796 32.732681 -18.116154
v 17.606417 31.424004 -18.112350
v 17.591209 31.427803 -46.340424
v 17.012911 32.732677 -80.244583
v 17.575937 31.431601 -80.244583
v 32.340542 4.436106 -80.244583
v 33.219334 3.949186 -80.822815
v 33.219334 3.949183 -98.672684
v 32.355751 4.436106 -98.094452
v 32.553589 3.949182 -113.167152
v 32.344345 4.413291 -112.128540
v 24.503605 14.045832 -109.933472
v 25.812349 7.734484 -111.641632
v 19.375404 7.757296 -111.664436
v 19.379208 14.133343 -109.880180
v 23.019964 21.205555 -105.303604
v 19.379208 21.266451 -105.250366
v 19.375404 23.914227 -102.454185
v 22.464542 23.891415 -102.378082
v 4.713581 13.771892 -109.541611
v 4.713581 20.920269 -104.968834
v 10.861313 20.935478 -104.949814
v 10.887991 13.794765 -109.541611
v 4.713581 6.867099 -111.455193
v 10.914606 6.863296 -111.455193
v 11.519519 13.798569 -109.541611
v 11.470028 20.939281 -104.946022
v 17.408581 20.958290 -104.923203
v 17.458010 13.825183 -109.541611
v 11.568947 6.863296 -111.455193
v 17.446602 6.863296 -111.459000
v 12.653177 -11.058882 -80.244583
v 12.653177 -11.058884 -102.792770
v 18.302580 -11.058884 -102.792770
v 18.302580 -11.058882 -80.244583
v 12.653177 -11.058882 -61.420788
v 18.302580 -11.058882 -61.279984
v 18.302580 -11.058879 -18.104744
v 18.302580 -11.058876 3.016837
v 12.653177 -11.058876 2.872293
v 12.653177 -11.058879 -18.104744
v 18.302580 -11.058882 -46.340416
v 12.653177 -11.058882 -46.340416
v 12.653177 -11.058882 -50.974091
v 18.302580 -11.058882 -50.974091
v 18.302580 -11.058882 -80.244583
v 18.302580 -11.058884 -102.792770
v 19.280289 -9.156696 -103.926422
v 19.280289 -9.156694 -80.244583
v 18.302580 -11.058882 -61.279984
v 19.280289 -9.156694 -60.325150
v 12.653177 -11.058882 -80.244583
v 12.653177 -11.058882 -61.420788
v 11.675468 -9.156694 -60.465893
v 11.675468 -9.156694 -80.244583
v 12.653177 -11.058884 -102.792770
v 11.675468 -9.156696 -103.926422
v 11.675468 -9.156694 -46.340416
v 11.675468 -9.156694 -52.670837
v 12.653177 -11.058882 -50.974091
v 12.653177 -11.058882 -46.340416
v 11.675468 -9.156693 -18.104744
v 12.653177 -11.058879 -18.104744
v 11.675468 -9.156690 4.180974
v 12.653177 -11.058876 2.872293
v 18.302580 -11.058882 -46.340416
v 18.302580 -11.058882 -50.974091
v 19.280289 -9.156694 -52.670837
v 19.280289 -9.156694 -46.340416
v 18.302580 -11.058879 -18.104744
v 19.280289 -9.156693 -18.104744
v 18.302580 -11.058876 3.016837
v 19.280289 -9.156690 4.325518
v 17.606417 31.424004 -18.112350
v 17.621624 31.424006 7.597215
v 18.005827 26.908260 7.635300
v 18.005827 26.908257 -18.104746
v 17.591209 31.427803 -46.340424
v 18.005827 26.908255 -46.340424
v 17.575937 31.431601 -80.244583
v 18.005827 26.908253 -80.244583
v 14.825439 3.039930 112.006821
v 15.479780 4.363817 112.444313
v 15.434155 7.738302 108.411751
v 14.825439 6.859511 107.795425
v 15.392269 17.009388 93.578712
v 14.825439 16.046888 93.194435
v 15.377060 22.213692 78.467926
v 14.825439 21.258860 78.133148
v 15.361852 23.453934 70.676666
v 14.825439 22.232765 71.403313
v 13.988472 24.888149 66.666916
v 13.745011 23.940857 68.481590
v 14.570572 24.203392 66.568001
v 16.263454 29.940304 49.768135
v 15.536873 30.560427 49.775738
v 17.438999 32.021252 32.945454
v 16.693344 32.629967 32.945454
v 16.700951 32.671791 27.071535
v 17.458010 31.994638 27.056330
v 26.561804 5.242663 29.620464
v 27.607952 4.439916 29.122074
v 22.616690 25.820227 29.122070
v 21.730293 25.462580 29.521544
v 22.046059 26.288139 29.122070
v 27.607952 4.439917 32.937790
v 26.569408 5.238863 32.507900
v 21.730293 25.462580 32.538380
v 22.597677 25.839237 32.937790
v 22.046059 26.288139 32.937790
v 2.879895 21.224577 78.133148
v 2.400515 22.171869 78.467926
v 2.545121 21.000128 78.848381
v 2.415724 23.393038 70.779388
v 2.879895 22.198484 71.445137
v 12.812929 16.039284 93.160233
v 12.801522 19.349070 83.577110
v 12.402111 18.474081 84.185822
v 12.386903 14.745812 92.639015
v 12.759699 6.429621 107.799232
v 12.364027 6.810020 100.936264
v 1.472297 17.188213 84.376060
v 1.472297 18.051794 84.874382
v 1.495110 14.665968 92.718925
v 1.491307 13.806189 92.224342
v 1.590225 7.905656 99.905258
v 1.590225 7.045877 99.406937
v 10.032014 18.047993 84.885788
v 10.032014 17.188213 84.387451
v 10.051023 13.874626 92.155899
v 10.051023 14.734406 92.654228
v 10.005398 7.053481 99.361252
v 10.005398 7.913261 99.855835
v 17.792784 -9.156685 75.610901
v 15.312424 -12.063196 72.765221
v 16.008587 -12.063196 68.405487
v 18.911295 -9.156685 68.405487
v 16.571613 -12.055590 43.521427
v 19.470520 -9.156687 41.851353
v 21.281393 -7.071934 12.626563
v 15.894461 24.020760 12.626561
v 20.212372 24.020760 12.626561
v 24.225924 4.439916 12.626562
v 24.225924 -2.111092 12.626563
v 23.290041 -9.156687 32.937794
v 23.290041 -9.156687 13.474937
v 24.039495 -8.639347 13.474937
v 24.035694 -8.597462 32.937794
v 22.247696 -9.156685 68.375076
v 22.803118 -8.631740 68.378876
v 21.840620 -9.152882 78.566841
v 22.354218 -8.681169 78.566841
v 21.475428 -9.152880 87.914032
v 21.962347 -8.726854 87.902618
v 19.044432 -5.702417 106.456337
v 19.516146 -5.337162 106.460144
v 17.469414 -2.080667 116.473076
v 16.894983 -2.080667 117.112206
v 17.374363 -0.246981 116.427452
v 16.894983 -0.186146 116.990479
v 17.944994 4.420912 111.869881
v 17.359091 4.417109 112.311172
v 18.329195 7.593696 108.149216
v 17.811855 7.745905 108.347054
v 18.968327 17.009388 93.578712
v 19.497135 16.731709 93.388474
v 20.471041 21.924608 78.467926
v 19.965109 22.225161 78.467926
v 20.482449 23.925648 68.470184
v 20.992243 23.628958 68.470184
v 22.597677 25.839237 32.937790
v 22.046059 26.288139 32.937790
v 16.453686 25.496862 49.733917
v 16.263454 29.940304 49.768135
v 14.570572 24.203392 66.568001
v 17.788980 26.269129 32.937790
v 17.438999 32.021252 32.945454
v 17.458010 31.994638 27.056330
v 17.834669 26.227304 26.991632
v 26.428604 -2.111092 12.626563
v 26.428604 -2.111092 7.635302
v 26.428604 4.439916 7.635301
v 26.428604 4.439916 12.626562
v 20.395000 23.640358 7.635300
v 20.395000 23.640362 12.626561
v 23.484074 -7.071934 12.626563
v 26.428604 -2.111092 12.626563
v 26.428604 4.439916 12.626562
v 20.395000 23.640362 12.626561
v 17.477083 23.640362 12.626561
v 26.428604 4.439916 7.635301
v 26.428604 -2.111092 7.635302
v 23.484074 -7.071936 7.635302
v 20.395000 23.640358 7.635300
v 17.477083 23.640358 7.635300
v 67.884285 0.011678 -12.771103
v 69.717972 -1.000249 -12.771103
v 69.717972 -1.000249 -31.206825
v 67.903358 0.011678 -31.206825
v 69.717972 -1.000252 -51.601822
v 67.929977 0.011675 -51.601822
v 69.717972 -1.000254 -71.057137
v 67.956589 0.011674 -71.057137
v 69.717972 -1.000254 -86.297188
v 67.975601 0.011672 -86.323860
v 68.154419 -1.144798 -101.339478
v 66.313141 -0.300289 -101.339478
v 65.038673 -0.642667 -107.833511
v 66.693527 -1.190486 -107.833511
v 66.693527 -1.190486 -107.833511
v 65.708221 -1.194289 -109.145996
v 65.038673 -0.642667 -107.833511
v 60.477299 -1.194289 -109.130722
v 60.477299 -0.642667 -107.818237
v 55.915932 -0.642667 -107.833511
v 55.246384 -1.194289 -109.145996
v 54.264870 -1.190486 -107.833511
v 65.826149 0.011679 2.012512
v 66.290314 -0.555151 2.339683
v 67.625626 -0.555151 2.339683
v 67.929977 0.011679 2.012512
v 69.097916 -1.506243 2.339683
v 69.717972 -1.000247 2.016315
v 69.097916 -3.130689 2.339683
v 69.097916 -5.162208 2.339683
v 69.721771 -5.162208 2.016315
v 69.717972 -9.320305 2.016315
v 69.097916 -7.189865 2.339683
v 69.097916 -8.818113 2.339683
v 67.929977 -10.336035 2.012513
v 67.625626 -9.769206 2.339684
v 65.826149 -10.336035 2.012513
v 66.290314 -9.769206 2.339684
v 67.735939 -0.555151 -0.836966
v 66.301720 -0.555151 -0.844570
v 65.799530 0.011679 -0.559223
v 67.983200 0.011679 -0.559223
v 69.094109 -1.506243 -0.829361
v 69.717972 -1.000247 -0.555421
v 69.721771 -5.162208 -0.559223
v 69.094109 -5.162208 -0.829361
v 69.094109 -8.818113 -0.829361
v 69.717972 -9.320305 -0.559223
v 67.983200 -10.336035 -0.559223
v 67.735939 -9.769206 -0.836965
v 65.799530 -10.336035 -0.559223
v 66.301720 -9.769206 -0.844569
v 66.343552 -0.555151 -3.572255
v 66.301720 -0.555151 -0.844570
v 67.735939 -0.555151 -0.836966
v 67.789169 -0.555151 -3.568453
v 69.094109 -1.506243 -0.829361
v 69.094109 -1.506243 -3.564651
v 69.094109 -5.162208 -0.829361
v 69.094109 -5.162208 -3.564651
v 69.094109 -8.818113 -3.564651
v 69.094109 -8.818113 -0.829361
v 67.789169 -9.769206 -3.568452
v 67.735939 -9.769206 -0.836965
v 66.343552 -9.769206 -3.572254
v 66.301720 -9.769206 -0.844569
v 66.290314 -0.555151 2.339683
v 65.826149 0.011679 2.012512
v 65.750107 0.011679 4.835313
v 66.290314 -0.555151 5.002669
v 64.563156 0.011679 6.212432
v 64.913139 -0.555151 6.592895
v 63.075653 0.011679 7.018982
v 63.216393 -0.555151 7.475488
v 60.477299 -0.555151 7.722751
v 60.477299 0.011679 7.270048
v 57.878952 0.011679 7.018982
v 57.738209 -0.555151 7.475488
v 56.041466 -0.555151 6.592895
v 56.395245 0.011679 6.212432
v 54.664276 -0.555151 5.002669
v 55.204491 0.011679 4.835313
v 54.664276 -0.555151 2.339683
v 55.128387 0.011679 2.012512
v 68.957108 -1.342628 -12.101554
v 67.732147 -0.467639 -12.101554
v 67.732147 -0.460033 -8.388556
v 68.957108 -1.342628 -8.388556
v 68.960915 -5.162208 -12.101554
v 68.960915 -5.162208 -8.388556
v 68.957108 -8.981729 -8.388556
v 68.957108 -8.981729 -12.101554
v 67.732147 -9.860518 -8.388556
v 67.732147 -9.856718 -12.101554
v 69.135941 -3.393164 -70.600563
v 69.717972 -2.925253 -71.057137
v 69.717972 -2.921448 -51.601822
v 69.135941 -3.389361 -51.601822
v 69.717972 -2.921445 -31.184010
v 69.135941 -3.389359 -31.184010
v 69.135941 -2.415454 -24.237329
v 69.717972 -1.947541 -24.237329
v 69.135941 -2.415454 -16.130316
v 69.717972 -1.947541 -15.757521
v 69.717972 -9.320307 -31.206820
v 69.717972 -9.320307 -12.771103
v 67.884285 -10.336037 -12.771103
v 67.903358 -10.336037 -31.206820
v 69.717972 -9.320309 -51.601814
v 67.929977 -10.336039 -51.601814
v 69.717972 -9.320312 -71.057137
v 67.956589 -10.336041 -71.057137
v 69.717972 -9.320314 -86.297188
v 67.975601 -10.336041 -86.323860
v 68.154419 -9.179571 -101.339478
v 66.313141 -10.020277 -101.339478
v 65.038673 -9.681704 -107.833511
v 66.693527 -9.133884 -107.833511
v 65.708221 -9.130082 -109.145996
v 66.693527 -9.133884 -107.833511
v 65.038673 -9.681704 -107.833511
v 60.477299 -9.130082 -109.130722
v 60.477299 -9.681704 -107.818237
v 55.915932 -9.681704 -107.833511
v 55.246384 -9.130082 -109.145996
v 54.264870 -9.133884 -107.833511
v 65.750107 -10.336035 4.835314
v 65.826149 -10.336035 2.012513
v 66.290314 -9.769206 2.339684
v 66.290314 -9.769206 5.002670
v 64.563156 -10.336035 6.212433
v 64.913139 -9.769206 6.592896
v 63.075653 -10.336035 7.018983
v 63.216393 -9.769206 7.475488
v 60.477299 -9.769206 7.722752
v 60.477299 -10.336035 7.270048
v 57.878952 -10.336035 7.018983
v 57.738209 -9.769206 7.475488
v 56.041466 -9.769206 6.592896
v 56.395245 -10.336035 6.212433
v 54.664276 -9.769206 5.002670
v 55.204491 -10.336035 4.835314
v 54.664276 -9.769206 2.339684
v 55.128387 -10.336035 2.012513
v 69.717972 -7.399113 -51.601814
v 69.717972 -7.399113 -71.057137
v 69.135941 -6.931202 -70.600563
v 69.135941 -6.931200 -51.601814
v 69.717972 -7.402914 -31.184006
v 69.135941 -6.935000 -31.184006
v 69.135941 -7.908907 -24.237329
v 69.717972 -8.376820 -24.237329
v 69.135941 -7.905107 -16.130316
v 69.717972 -8.376820 -15.757521
v 62.383228 -9.693108 -71.038063
v 61.477821 -9.693108 -85.878769
v 61.983814 -10.336041 -86.407578
v 62.919636 -10.336041 -71.057137
v 62.516422 -9.693106 -51.598015
v 63.052841 -10.336039 -51.601814
v 62.596268 -9.693106 -40.226902
v 63.128883 -10.336039 -40.276333
v 64.247391 -9.693103 -31.161194
v 64.783806 -10.336037 -31.206820
v 65.137589 1.240515 -31.203020
v 65.118576 1.240515 -13.809710
v 66.096291 0.011678 -12.763499
v 66.115295 0.011678 -31.199219
v 65.164200 1.240512 -51.601822
v 66.138107 0.011675 -51.594219
v 65.187019 1.240511 -71.053329
v 66.164719 0.011674 -71.049530
v 65.206093 1.240509 -86.320068
v 66.183792 0.011672 -86.316261
v 63.543564 0.932349 -100.624306
v 64.521271 -0.300289 -101.331871
v 60.477299 1.240515 -13.821115
v 60.477299 0.011678 -12.771103
v 60.477299 0.011678 -31.206825
v 60.469696 1.240515 -31.210625
v 60.458294 0.011675 -51.601822
v 60.477299 1.240512 -51.609425
v 60.473499 0.011674 -71.057137
v 60.458294 1.240511 -71.060936
v 60.473499 0.011672 -86.426590
v 60.481102 1.240509 -86.430389
v 60.477299 -0.300289 -101.339478
v 60.477299 0.932349 -100.631905
v 68.960915 -5.162208 -8.388556
v 68.957108 -1.342628 -8.388556
v 69.307091 -1.342628 -8.247753
v 69.310959 -5.162208 -8.247753
v 68.957108 -8.981729 -8.388556
v 69.307091 -8.981729 -8.247753
v 68.960915 -5.162208 -12.101554
v 68.957108 -8.981729 -12.101554
v 69.307091 -8.981729 -12.242296
v 69.310959 -5.162208 -12.242296
v 68.957108 -1.342628 -12.101554
v 69.307091 -1.342628 -12.242296
v 51.236629 -1.000249 -31.206825
v 51.236629 -1.000249 -12.771103
v 53.070255 0.011678 -12.771103
v 53.051243 0.011678 -31.206825
v 51.236629 -1.000252 -51.601822
v 53.024632 0.011675 -51.601822
v 51.236629 -1.000254 -71.057137
v 53.001816 0.011674 -71.057137
v 51.236629 -1.000254 -86.297188
v 52.982803 0.011672 -86.323860
v 52.800179 -1.144798 -101.339478
v 54.645271 -0.300289 -101.339478
v 55.915932 -0.642667 -107.833511
v 54.264870 -1.190486 -107.833511
v 53.328987 -0.555151 2.339683
v 54.664276 -0.555151 2.339683
v 55.128387 0.011679 2.012512
v 53.028431 0.011679 2.012512
v 51.856686 -1.506243 2.339683
v 51.236629 -1.000247 2.016315
v 51.856686 -3.130689 2.339683
v 51.856686 -5.162208 2.339683
v 51.232761 -5.162208 2.016315
v 51.236629 -9.320305 2.016315
v 51.856686 -7.189865 2.339683
v 51.856686 -8.818113 2.339683
v 53.028431 -10.336035 2.012513
v 53.328987 -9.769206 2.339684
v 55.128387 -10.336035 2.012513
v 54.664276 -9.769206 2.339684
v 55.155067 0.011679 -0.559223
v 54.652870 -0.555151 -0.844570
v 53.218658 -0.555151 -0.836966
v 52.971397 0.011679 -0.559223
v 51.860489 -1.506243 -0.829361
v 51.236629 -1.000247 -0.559223
v 51.232761 -5.162208 -0.559223
v 51.860489 -5.162208 -0.829361
v 51.860489 -8.818113 -0.829361
v 51.236629 -9.320305 -0.559223
v 52.971397 -10.336035 -0.559223
v 53.218658 -9.769206 -0.836965
v 55.155067 -10.336035 -0.559223
v 54.652870 -9.769206 -0.844569
v 53.218658 -0.555151 -0.836966
v 54.652870 -0.555151 -0.844570
v 54.611053 -0.555151 -3.572255
v 53.165367 -0.555151 -3.568453
v 51.860489 -1.506243 -0.829361
v 51.860489 -1.506243 -3.564651
v 51.860489 -5.162208 -0.829361
v 51.860489 -5.162208 -3.564651
v 51.860489 -8.818113 -3.564651
v 51.860489 -8.818113 -0.829361
v 53.165367 -9.769206 -3.568452
v 53.218658 -9.769206 -0.836965
v 54.611053 -9.769206 -3.572254
v 54.652870 -9.769206 -0.844569
v 53.226265 -0.460033 -8.388556
v 53.222466 -0.467639 -12.101554
v 51.997490 -1.342628 -12.101554
v 51.997490 -1.342628 -8.388556
v 51.993690 -5.162208 -12.101554
v 51.993690 -5.162208 -8.388556
v 51.997490 -8.981729 -8.388556
v 51.997490 -8.981729 -12.101554
v 53.226265 -9.860518 -8.388556
v 53.222466 -9.856718 -12.101554
v 51.236629 -2.921448 -51.601822
v 51.236629 -2.925253 -71.057137
v 51.818665 -3.393164 -70.600563
v 51.818665 -3.389361 -51.601822
v 51.236629 -2.921445 -31.184010
v 51.818665 -3.389359 -31.184010
v 51.818665 -2.415454 -24.237329
v 51.236629 -1.947541 -24.237329
v 51.818665 -2.415454 -16.130316
v 51.236629 -1.947541 -15.757521
v 53.070255 -10.336037 -12.771103
v 51.236629 -9.320307 -12.771103
v 51.236629 -9.320307 -31.206820
v 53.051243 -10.336037 -31.206820
v 51.236629 -9.320309 -51.601814
v 53.024632 -10.336039 -51.601814
v 51.236629 -9.320312 -71.057137
v 53.001816 -10.336041 -71.057137
v 51.236629 -9.320314 -86.297188
v 52.982803 -10.336041 -86.323860
v 52.800179 -9.179571 -101.339478
v 54.645271 -10.020277 -101.339478
v 55.915932 -9.681704 -107.833511
v 54.264870 -9.133884 -107.833511
v 53.252876 -10.100179 -12.242296
v 51.651249 -8.981729 -12.242296
v 51.236629 -9.320307 -12.771103
v 53.070255 -10.336037 -12.771103
v 60.477299 -10.100179 -12.242296
v 60.477299 -10.336037 -12.771103
v 67.884285 -10.336037 -12.771103
v 67.705528 -10.100179 -12.242296
v 69.717972 -9.320307 -12.771103
v 69.307091 -8.981729 -12.242296
v 69.721771 -5.162210 -12.771103
v 69.310959 -5.162208 -12.242296
v 69.307091 -1.342628 -12.242296
v 69.717972 -1.000249 -12.771103
v 67.705528 -0.224177 -12.242296
v 67.884285 0.011678 -12.771103
v 60.477299 -0.224177 -12.242296
v 60.477299 0.011678 -12.771103
v 53.070255 0.011678 -12.771103
v 53.252876 -0.224177 -12.242296
v 51.236629 -1.000249 -12.771103
v 51.651249 -1.342628 -12.242296
v 51.232761 -5.162210 -12.771103
v 51.647446 -5.162208 -12.242296
v 51.651249 -8.981729 -12.242296
v 51.236629 -9.320307 -12.771103
v 53.074116 -10.343639 -7.738018
v 51.236629 -9.327909 -7.738018
v 51.651249 -8.981729 -8.247753
v 53.256680 -10.107784 -8.247753
v 60.477299 -10.343639 -7.738018
v 60.477299 -10.107784 -8.247753
v 67.701721 -10.107784 -8.247753
v 67.880486 -10.343639 -7.738018
v 69.307091 -8.981729 -8.247753
v 69.717972 -9.327909 -7.738018
v 69.310959 -5.162208 -8.247753
v 69.721771 -5.162208 -7.738018
v 69.717972 -0.996444 -7.738019
v 69.307091 -1.342628 -8.247753
v 67.880486 0.019284 -7.738019
v 67.701721 -0.216572 -8.247753
v 60.477299 0.019284 -7.738019
v 60.477299 -0.216572 -8.247753
v 53.256680 -0.216572 -8.247753
v 53.074116 0.019284 -7.738019
v 51.651249 -1.342628 -8.247753
v 51.236629 -0.996444 -7.738019
v 51.647446 -5.162208 -8.247753
v 51.232761 -5.162208 -7.738018
v 51.236629 -9.327909 -7.738018
v 51.651249 -8.981729 -8.247753
v 51.818665 -6.931202 -70.600563
v 51.236629 -7.399113 -71.057137
v 51.236629 -7.399113 -51.601814
v 51.818665 -6.931200 -51.601814
v 51.236629 -7.402914 -31.184006
v 51.818665 -6.935000 -31.184006
v 51.818665 -7.908907 -24.237329
v 51.236629 -8.376820 -24.237329
v 51.818665 -7.905107 -16.130316
v 51.236629 -8.376820 -15.757521
v 58.974586 -10.336041 -86.407578
v 59.476780 -9.693108 -85.878769
v 58.571316 -9.693108 -71.038063
v 58.034901 -10.336041 -71.057137
v 58.438171 -9.693106 -51.598015
v 57.901764 -10.336039 -51.601814
v 58.362068 -9.693106 -40.226902
v 57.825661 -10.336039 -40.276333
v 56.707207 -9.693103 -31.161194
v 56.170799 -10.336037 -31.206820
v 54.862118 0.011678 -12.763499
v 55.836021 1.240515 -13.809710
v 55.817013 1.240515 -31.203020
v 54.843105 0.011678 -31.199219
v 55.794201 1.240512 -51.601822
v 54.816490 0.011675 -51.594219
v 55.767521 1.240511 -71.053329
v 54.789814 0.011674 -71.049530
v 55.748512 1.240509 -86.320068
v 54.770805 0.011672 -86.316261
v 57.411041 0.932349 -100.624306
v 56.433331 -0.300289 -101.331871
v 60.477299 0.011678 -31.206825
v 60.477299 0.011678 -12.771103
v 60.477299 1.240515 -13.821115
v 60.469696 1.240515 -31.210625
v 60.458294 0.011675 -51.601822
v 60.477299 1.240512 -51.609425
v 60.473499 0.011674 -71.057137
v 60.458294 1.240511 -71.060936
v 60.473499 0.011672 -86.426590
v 60.481102 1.240509 -86.430389
v 60.477299 -0.300289 -101.339478
v 60.477299 0.932349 -100.631905
v 51.651249 -1.342628 -8.247753
v 51.997490 -1.342628 -8.388556
v 51.993690 -5.162208 -8.388556
v 51.647446 -5.162208 -8.247753
v 51.997490 -8.981729 -8.388556
v 51.651249 -8.981729 -8.247753
v 51.651249 -8.981729 -12.242296
v 51.997490 -8.981729 -12.101554
v 51.993690 -5.162208 -12.101554
v 51.647446 -5.162208 -12.242296
v 51.997490 -1.342628 -12.101554
v 51.651249 -1.342628 -12.242296
v 61.938129 -0.791008 -18.363474
v 62.497414 -0.791008 -19.535217
v 62.409901 2.667123 -19.539021
v 61.782181 2.667123 -18.367277
v 61.036526 7.551863 -19.539021
v 60.321289 7.555665 -18.367279
v 58.506680 10.290956 -18.241747
v 59.020214 10.789345 -19.402020
v 58.259354 10.576302 -18.230341
v 57.848534 11.938211 -19.318373
v 57.266434 11.709959 -18.146631
v 53.397484 16.309414 -19.006411
v 53.017025 15.955629 -17.834669
v 51.917587 17.762638 -18.899891
v 51.518112 17.313738 -17.728148
v 46.952938 20.924076 -17.142246
v 47.234482 21.536531 -18.313988
v 41.763840 24.207188 -16.305340
v 42.018707 24.827309 -17.477083
v 36.650848 27.296261 -15.125996
v 36.879101 27.939196 -16.297737
v 31.872633 29.369669 -13.684177
v 32.222614 30.290283 -14.863461
v 30.510658 30.153343 -13.258090
v 30.807411 31.005520 -14.429770
v 27.748692 31.907124 -12.478155
v 27.417719 31.169073 -11.306476
v 21.338427 33.116886 -6.071691
v 21.338427 32.196274 -4.899949
v 15.951492 33.116886 -5.794010
v 15.951492 32.123970 -4.622269
v 62.497414 -0.791008 -29.932421
v 62.497414 -0.791008 -19.535217
v 61.938129 -0.791008 -18.363474
v 59.005005 -0.791008 -18.363474
v 62.497414 -0.791011 -45.811615
v 62.497414 -0.791013 -88.100464
v 61.808796 -0.791013 -89.603180
v 59.005005 -0.791013 -89.603180
v 61.538719 2.663318 -85.289070
v 61.808796 -0.791013 -89.603180
v 59.005005 -0.791013 -89.603180
v 58.765343 2.655712 -85.289070
v 60.233841 7.574672 -75.907593
v 57.555580 7.567067 -75.785858
v 57.996880 10.610518 -64.726715
v 56.037659 9.876269 -64.726715
v 51.358360 16.967554 -64.726715
v 49.939354 15.544746 -64.726715
v 45.674675 18.173513 -71.235893
v 46.808395 20.581635 -71.235893
v 40.584492 21.308277 -74.857643
v 41.801865 23.777292 -74.857643
v 35.433422 24.138680 -77.106010
v 36.384514 26.976753 -77.106010
v 29.129677 26.272923 -79.122253
v 30.168282 29.970713 -79.122253
v 21.022663 27.710938 -79.742386
v 21.022663 31.644646 -79.742386
v 15.993380 31.606564 -79.708160
v 15.993380 27.710938 -79.708160
v 30.807411 31.005520 -14.429770
v 32.222614 30.290283 -14.863461
v 32.310127 30.252262 -23.301447
v 30.796005 31.024529 -29.932423
v 35.026402 28.878881 -23.236811
v 35.174747 28.810383 -29.932423
v 60.024601 6.867105 -31.241104
v 61.405582 2.587216 -31.241104
v 61.405582 2.708945 -44.502937
v 60.024601 6.874708 -44.502937
v 58.190914 10.119796 -31.241104
v 58.175705 10.127399 -44.502937
v 56.383839 12.067606 -44.502937
v 56.456146 12.014315 -31.241104
v 46.785522 20.444698 -31.237305
v 50.890385 17.047462 -31.237305
v 50.890385 17.005577 -44.502937
v 46.785522 20.444696 -44.502937
v 41.573608 23.697388 -31.237305
v 41.581215 23.651762 -44.502937
v 36.411194 26.866432 -31.237305
v 36.395920 26.889244 -44.502937
v 31.168800 29.209852 -31.237305
v 31.157394 29.228863 -44.502937
v 47.234482 21.536531 -29.932423
v 51.921387 17.732222 -29.932423
v 50.890385 17.047462 -31.237305
v 46.785522 20.444698 -31.237305
v 42.022511 24.789223 -29.932423
v 41.573608 23.697388 -31.237305
v 36.860088 27.958267 -29.932423
v 36.411194 26.866432 -31.237305
v 35.174747 28.810383 -29.932423
v 30.796005 31.024529 -29.932423
v 31.168800 29.209852 -31.237305
v 46.785522 20.444696 -44.502937
v 50.890385 17.005577 -44.502937
v 51.921387 17.690395 -45.811615
v 47.234482 21.536531 -45.811615
v 41.581215 23.651762 -44.502937
v 42.030113 24.739796 -45.811615
v 36.395920 26.889244 -44.502937
v 36.844883 27.981079 -45.811615
v 31.157394 29.228863 -44.502937
v 30.784597 31.039736 -45.811615
v 61.036526 7.559466 -29.932423
v 62.409901 2.667123 -29.932421
v 61.405582 2.587216 -31.241104
v 60.024601 6.867105 -31.241104
v 59.012608 10.796948 -29.932423
v 58.190914 10.119796 -31.241104
v 56.672993 13.079536 -29.932423
v 56.456146 12.014315 -31.241104
v 60.024601 6.874708 -44.502937
v 61.405582 2.708945 -44.502937
v 62.409901 2.667122 -45.811615
v 61.036526 7.567068 -45.811615
v 58.175705 10.127399 -44.502937
v 58.997402 10.804552 -45.811615
v 56.383839 12.067606 -44.502937
v 56.600685 13.136629 -45.811615
v 15.951492 32.123970 -4.622269
v 15.951492 33.116886 -5.794010
v 15.966763 33.116882 -29.932425
v 15.951492 27.710943 -4.622268
v 15.978170 33.116882 -45.811615
v 15.993380 27.710938 -79.708160
v 15.993380 31.606564 -79.708160
v 15.993380 33.116882 -78.361404
v 31.629107 4.679571 -21.056942
v 25.580233 27.052801 -21.056942
v 25.580233 27.052795 -61.489227
v 32.009571 2.689935 -21.056942
v 32.009571 2.689933 -61.489227
v 35.262260 7.209483 -22.221016
v 48.360538 13.627356 -22.221016
v 39.260605 19.322447 -22.221016
v 32.770432 19.603928 -22.221016
v 34.147614 21.437614 -22.221016
v 32.009571 2.689935 -21.056942
v 42.243160 2.678529 -21.056942
v 41.254044 4.671967 -21.056942
v 35.597034 4.664363 -21.056942
v 31.629107 4.679571 -21.056942
v 35.072029 6.539935 -21.056942
v 25.580233 27.052801 -21.056942
v 49.224121 13.509426 -21.056942
v 32.363358 20.014809 -21.056942
v 50.658333 12.649646 -21.056942
v 33.858467 22.008308 -21.056942
v 49.939354 15.544749 -21.056942
v 55.995834 9.952377 -21.056942
v 45.674675 18.173517 -21.056942
v 55.006660 7.646978 -21.056942
v 39.416557 19.706648 -21.056942
v 57.555580 7.567071 -21.056942
v 35.494316 24.074049 -21.056942
v 29.152487 26.257717 -21.056942
v 40.580692 21.300676 -21.056942
v 58.286026 4.690977 -21.056942
v 56.231693 4.690977 -21.056942
v 56.657784 2.655716 -21.056942
v 58.765343 2.655716 -21.056942
v 51.765373 3.078002 -22.221016
v 55.912128 3.070399 -22.221016
v 55.520256 4.957314 -22.221016
v 50.677341 4.953511 -22.221016
v 54.576767 7.449142 -22.221016
v 46.081753 4.945908 -22.221016
v 50.551811 12.132244 -22.221016
v 36.959007 4.934501 -22.221016
v 41.820938 4.942105 -22.221016
v 42.737747 3.089409 -22.221016
v 45.351303 3.085606 -22.221016
v 33.668236 19.908283 -59.929482
v 35.764454 20.429487 -59.929482
v 39.344315 18.641426 -59.929482
v 33.679642 10.968103 -59.929482
v 43.441513 16.088764 -59.929482
v 48.219795 12.524111 -59.929482
v 49.448570 10.793144 -59.929482
v 39.344315 18.641426 -59.929482
v 35.764454 20.429487 -59.929482
v 35.471500 21.159933 -61.489227
v 39.564964 19.280558 -61.489227
v 43.441513 16.088764 -59.929482
v 43.833385 16.659395 -61.489227
v 48.219795 12.524111 -59.929482
v 48.642082 12.942595 -61.489227
v 51.358360 16.967554 -64.726715
v 51.921387 16.423538 -64.726715
v 49.939354 15.544746 -64.726715
v 56.037659 9.876269 -64.726715
v 57.479477 11.105106 -64.726715
v 57.996880 10.610518 -64.726715
v 47.173584 21.072422 -35.444889
v 51.487694 17.340351 -35.444889
v 51.491501 17.325142 -40.112782
v 47.173584 21.072422 -40.112782
v 41.965481 24.309904 -35.444889
v 41.965481 24.294697 -40.112782
v 36.795391 27.501698 -35.444889
v 36.787788 27.509304 -40.112782
v 30.883455 30.016403 -35.444889
v 30.879652 30.024010 -40.112782
v 58.833847 10.469778 -40.112782
v 56.524582 12.824667 -40.112782
v 56.547455 12.805594 -35.444889
v 58.837646 10.469778 -35.444889
v 60.675133 7.217087 -40.112782
v 60.675133 7.213285 -35.444889
v 62.204468 2.636704 -40.112782
v 62.204468 2.591019 -35.444889
v 36.795391 27.501698 -35.444889
v 30.883455 30.016403 -35.444889
v 31.164999 29.217457 -35.444889
v 36.407326 26.874037 -35.444889
v 41.965481 24.309904 -35.444889
v 41.577412 23.682178 -35.444889
v 47.173584 21.072422 -35.444889
v 46.785522 20.444696 -35.444889
v 51.487694 17.340351 -35.444889
v 50.890385 17.032253 -35.444889
v 47.173584 21.072422 -40.112782
v 51.491501 17.325142 -40.112782
v 50.890385 17.016983 -40.112782
v 46.785522 20.444696 -40.112782
v 41.965481 24.294697 -40.112782
v 41.577412 23.666971 -40.112782
v 36.787788 27.509304 -40.112782
v 36.399723 26.881639 -40.112782
v 30.879652 30.024010 -40.112782
v 31.161196 29.221258 -40.112782
v 58.837646 10.469778 -35.444889
v 56.547455 12.805594 -35.444889
v 56.433331 12.029524 -35.444889
v 58.187111 10.123596 -35.444889
v 60.675133 7.213285 -35.444889
v 60.024601 6.867105 -35.444889
v 62.204468 2.591019 -35.444889
v 61.405582 2.625237 -35.444889
v 60.675133 7.217087 -40.112782
v 62.204468 2.636704 -40.112782
v 61.405582 2.667122 -40.112782
v 60.024601 6.870906 -40.112782
v 58.833847 10.469778 -40.112782
v 58.179508 10.123596 -40.112782
v 56.524582 12.824667 -40.112782
v 56.410454 12.048534 -40.112782
v 15.951492 32.123970 -4.622269
v 15.951492 27.710943 -4.622268
v 21.338427 27.710943 -4.899949
v 21.338427 32.196274 -4.899949
v 25.580233 27.052801 -11.306476
v 27.417719 31.169073 -11.306476
v 29.160156 26.257721 -13.258090
v 30.510658 30.153343 -13.258090
v 31.872633 29.369669 -13.684177
v 30.522064 25.782143 -13.657501
v 36.650848 27.296261 -15.125996
v 35.501923 24.054976 -15.125995
v 41.763840 24.207188 -16.305340
v 40.584492 21.308281 -16.305340
v 46.952938 20.924076 -17.142246
v 45.674675 18.173519 -17.142246
v 51.518112 17.313738 -17.728148
v 49.939354 15.544749 -17.728148
v 51.263245 14.323580 -17.838470
v 53.017025 15.955629 -17.834669
v 55.037140 10.838774 -18.150433
v 57.266434 11.709959 -18.146631
v 56.003441 9.948577 -18.230341
v 58.259354 10.576302 -18.230341
v 57.555580 7.567072 -18.367279
v 58.506680 10.290956 -18.241747
v 60.321289 7.555665 -18.367279
v 58.765343 2.655716 -18.367277
v 61.782181 2.667123 -18.367277
v 59.005005 -0.791008 -18.363474
v 61.938129 -0.791008 -18.363474
v 62.409901 2.667120 -83.786354
v 62.497414 -0.791013 -88.100464
v 61.808796 -0.791013 -89.603180
v 61.538719 2.663318 -85.289070
v 61.036526 7.582276 -74.469574
v 60.233841 7.574672 -75.907593
v 58.985992 10.812155 -63.227802
v 57.996880 10.610518 -64.726715
v 57.479477 11.105106 -64.726715
v 58.061577 11.706154 -63.227802
v 52.906700 16.697414 -63.227802
v 51.921387 16.423538 -64.726715
v 51.358360 16.967554 -64.726715
v 51.925194 17.648508 -63.227802
v 46.808395 20.581635 -71.235893
v 47.234482 21.536530 -69.733185
v 41.801865 23.777292 -74.857643
v 42.037781 24.667490 -73.354927
v 36.384514 26.976753 -77.106010
v 36.814407 28.022900 -75.603302
v 30.168282 29.970713 -79.122253
v 30.761723 31.070152 -77.623352
v 21.022663 31.644646 -79.742386
v 21.022663 33.116882 -78.239670
v 15.993380 33.116882 -78.361404
v 15.993380 31.606564 -79.708160
v 15.426550 35.152210 0.570630
v 16.149328 32.363628 5.672216
v 16.255852 32.428326 0.578234
v 15.224913 37.769573 -6.794532
v 16.301538 32.454941 -6.745042
v 16.335756 32.466351 -18.119957
v 15.205902 39.066845 -18.119957
v 15.205902 39.078251 -19.995527
v 15.955296 34.916351 -19.995527
v 16.347164 32.470150 -19.995527
v 16.027597 34.977184 -25.188427
v 16.449883 32.527241 -25.158009
v 16.598228 32.610950 -49.908875
v 16.149328 35.079903 -49.889866
v 16.233040 35.133194 -54.089848
v 16.655323 32.637566 -54.070835
v 16.731430 32.683189 -67.918564
v 15.205902 39.367397 -58.788155
v 15.205902 39.375000 -67.671242
v 15.449362 38.237537 -68.055511
v 15.445560 38.237537 -70.767982
v 16.750439 32.690792 -70.767982
v 15.205902 39.375000 -71.117966
v 15.970566 35.703827 -74.549484
v 15.205902 39.375000 -73.134277
v 16.845554 32.698399 -84.121132
v 15.997182 35.711430 -81.420059
v 12.200474 36.993496 -40.652996
v 13.391227 35.030476 -42.033920
v 13.414040 35.060890 -49.889866
v 10.785271 39.382607 -46.606754
v 12.189068 36.970688 -35.410606
v 10.773865 39.264679 -28.433514
v 13.349341 34.961975 -25.196030
v 13.372216 35.000061 -34.219852
v 7.163524 38.226074 -6.843960
v 7.049398 35.475578 0.874987
v 7.049398 35.178825 0.456504
v 7.163524 37.780979 -6.859169
v 7.232025 39.599453 -18.081934
v 7.232025 39.066845 -18.119957
v -26.987829 20.056688 -96.888428
v -27.425323 17.937656 -99.764526
v -28.338396 13.813777 -102.610138
v -26.972620 20.056688 -94.316750
v -30.248186 7.791515 -98.444435
v -30.232916 7.879026 -104.881317
v -26.481895 26.969090 -18.104746
v -26.481895 26.969091 7.635300
v -18.005827 26.908260 7.635300
v -18.005827 26.908257 -18.104746
v -18.005827 26.908255 -46.340424
v -26.481895 26.969090 -46.340424
v -26.481895 26.969086 -80.244583
v -18.005827 26.908253 -80.244583
v -22.072674 32.732677 -80.244583
v -17.012911 32.732677 -80.244583
v -22.030849 32.732677 -89.489052
v -15.194433 32.732677 -80.244583
v -15.270538 32.732677 -85.779846
v 0.000000 32.732677 -89.489052
v 0.000000 32.732677 -85.867371
v 0.000000 32.732677 -80.244583
v 15.190631 32.732677 -80.244583
v 15.266735 32.732677 -85.779846
v 22.027046 32.732677 -89.489052
v 17.012911 32.732677 -80.244583
v 22.072674 32.732677 -80.244583
v -32.557388 -1.650796 -113.167152
v -32.557388 3.949182 -113.167152
v -17.469414 3.949182 -113.167152
v -17.518906 -1.650796 -113.167152
v 0.000000 -1.650796 -113.167152
v 0.000000 3.949182 -113.167152
v 17.469414 3.949182 -113.167152
v 17.518906 -1.650796 -113.167152
v 32.553589 -1.650796 -113.167152
v 32.553589 3.949182 -113.167152
v 0.000000 -7.277384 -64.627792
v -5.877657 -7.277384 -64.559357
v -5.679821 -7.277384 -80.244583
v 0.000000 -7.277384 -80.244583
v 5.676019 -7.277384 -80.244583
v 5.877657 -7.277384 -64.559357
v -26.192749 24.100666 2.632570
v -26.200352 24.081654 -14.471655
v -26.390583 23.005028 -15.205902
v -26.390583 23.301783 3.096741
v -29.726984 10.135004 -14.403152
v -29.726984 10.184433 -15.213505
v -17.035725 32.732681 -46.340424
v -17.058599 32.732681 -18.116154
v -14.791221 32.732681 -18.119957
v -15.038483 32.732681 -46.256775
v -15.194433 32.732677 -80.244583
v -17.012911 32.732677 -80.244583
v 0.000000 28.528893 -98.292229
v -15.959159 28.528893 -98.292229
v -15.099380 31.572342 -92.966187
v 0.000000 31.519112 -93.030884
v 15.095578 31.572342 -92.966187
v 15.955296 28.528893 -98.292229
v 0.000000 26.908249 -98.353119
v -17.861284 26.908249 -98.353119
v -15.959159 28.528893 -98.292229
v 0.000000 28.528893 -98.292229
v 15.955296 28.528893 -98.292229
v 17.861284 26.908249 -98.353119
v 0.000000 -10.716497 -19.246067
v -9.948303 -10.716497 -19.246067
v -9.605925 -10.716500 -44.830097
v 0.000000 -10.716500 -44.830097
v 9.605925 -10.716500 -44.830097
v 9.948303 -10.716497 -19.246067
v 0.000000 -9.156694 -64.627792
v -5.877657 -9.156694 -64.559357
v -5.877657 -7.277384 -64.559357
v 0.000000 -7.277384 -64.627792
v 5.877657 -7.277384 -64.559357
v 5.877657 -9.156694 -64.559357
v 0.000000 -9.156693 -18.104744
v -11.420601 -9.156693 -18.104744
v -9.948303 -10.716497 -19.246067
v 0.000000 -10.716497 -19.246067
v 9.948303 -10.716497 -19.246067
v 11.416799 -9.156693 -18.104744
v -17.834669 26.227304 26.991632
v -14.536290 26.227304 26.500908
v -14.536290 26.227304 21.444948
v -17.830866 26.227304 20.509127
v -17.986816 26.227303 13.474934
v -22.049862 26.288137 13.474934
v -22.049862 26.288139 29.122070
v -20.269403 26.234909 29.129677
v -17.792784 26.269129 32.937790
v -20.269403 26.242514 32.937790
v -16.457487 25.496862 49.733917
v -14.570572 24.203392 66.568001
v -20.486250 23.925648 68.470184
v -22.049862 26.288139 32.937790
v -13.748813 23.940857 68.481590
v -2.419526 23.393038 70.779388
v -10.180359 23.918045 68.481590
v -15.361852 23.453934 70.676666
v -19.968912 22.225161 78.467926
v 0.000000 23.883823 68.477798
v -15.377060 22.213692 78.467926
v -2.400515 22.171869 78.467926
v -18.968327 17.009388 93.578712
v 0.000000 22.164267 78.467926
v -15.396070 17.009388 93.578712
v 2.400515 22.171869 78.467926
v -17.811855 7.745905 108.347054
v 2.415724 23.393038 70.779388
v -15.437957 7.738302 108.411751
v 10.180359 23.918045 68.481590
v -17.359091 4.417109 112.311172
v 13.745011 23.940857 68.481590
v -15.479780 4.363817 112.444313
v -16.894983 -0.186146 116.990479
v 0.000000 -0.186146 116.990479
v 0.000000 4.363817 112.444313
v 15.479780 4.363817 112.444313
v 16.894983 -0.186146 116.990479
v 17.359091 4.417109 112.311172
v 15.434155 7.738302 108.411751
v 17.811855 7.745905 108.347054
v 15.392269 17.009388 93.578712
v 18.968327 17.009388 93.578712
v 15.377060 22.213692 78.467926
v 19.965109 22.225161 78.467926
v 15.361852 23.453934 70.676666
v 20.482449 23.925648 68.470184
v 14.570572 24.203392 66.568001
v 20.265602 26.242514 32.937790
v 22.046059 26.288139 32.937790
v 16.453686 25.496862 49.733917
v 17.788980 26.269129 32.937790
v 20.265602 26.234909 29.129677
v 17.834669 26.227304 26.991632
v 14.536290 26.227304 26.500908
v 14.536290 26.227304 21.444948
v 17.827066 26.227304 20.509127
v 22.046059 26.288139 29.122070
v 22.046059 26.288137 13.474934
v 17.986816 26.227303 13.474934
v -16.012390 -12.063196 68.405487
v -16.571613 -12.055590 43.521427
v 0.000000 -12.055590 43.529034
v 0.000000 -12.063196 68.553894
v 16.008587 -12.063196 68.405487
v 16.571613 -12.055590 43.521427
v 0.000000 19.341465 83.527679
v -12.801522 19.349070 83.577110
v -12.402111 18.474081 84.185822
v 0.000000 18.466476 84.185822
v 12.402111 18.474081 84.185822
v 12.801522 19.349070 83.577110
v -16.571613 -12.055590 43.521427
v -19.474321 -9.156687 41.851353
v 0.000000 -9.156687 41.858959
v 0.000000 -12.055590 43.529034
v 16.571613 -12.055590 43.521427
v 19.470520 -9.156687 41.851353
v 0.000000 -7.071934 12.539052
v -21.285194 -7.071934 12.626563
v -15.894461 24.020760 12.626561
v 0.000000 24.020760 12.626561
v 15.894461 24.020760 12.626561
v 21.281393 -7.071934 12.626563
v -13.748813 23.940857 68.481590
v -10.180359 23.918045 68.481590
v -10.511332 24.880543 66.651718
v -13.992275 24.888149 66.666916
v -15.536873 30.560427 49.775738
v -11.260787 28.582134 55.680077
v 0.000000 30.533749 49.787144
v 0.000000 28.525103 55.820816
v 11.260787 28.582134 55.680077
v 0.000000 32.626167 32.949261
v 15.536873 30.560427 49.775738
v 10.507528 24.880543 66.651718
v -16.693344 32.629967 32.945454
v 13.988472 24.888149 66.666916
v 13.745011 23.940857 68.481590
v 10.180359 23.918045 68.481590
v 16.693344 32.629967 32.945454
v -7.711343 32.671791 27.071535
v -16.704752 32.671791 27.071535
v 0.000000 32.626167 32.846539
v 16.700951 32.671791 27.071535
v 7.707541 32.671791 27.071535
v 0.000000 32.671791 27.071535
v -5.249993 32.660385 22.658510
v 5.249993 32.660385 22.658510
v 0.000000 32.660385 22.609083
v -17.480885 23.640358 7.635300
v -17.480885 23.640362 12.626561
v -17.480885 25.846842 13.474934
v -17.515104 25.846842 7.635300
v -17.035725 32.744095 7.585809
v -17.005306 32.721283 13.459663
v -31.975353 -0.007329 28.030239
v -37.099751 0.898077 26.443815
v -37.175858 0.898077 17.416187
v -31.994364 -0.007329 13.771628
v -27.356884 -0.007329 13.611876
v -30.818817 -0.007329 33.732933
v -28.513420 -0.007329 36.163868
v -27.356884 -0.007329 36.323681
v -28.513420 4.710055 36.163868
v -27.356884 4.710055 36.323681
v -27.482418 4.573052 13.543375
v -30.818817 4.710055 33.732933
v -31.975353 4.710054 28.030239
v -31.994364 4.710053 13.771627
v -37.175858 3.804586 17.416187
v -37.099751 3.804586 26.443815
v -69.721771 -5.162208 2.016315
v -69.717972 -1.000247 2.016315
v -69.717972 -1.000247 -0.555421
v -69.721771 -5.162208 -0.559223
v -69.717972 -9.320305 -0.559223
v -69.717972 -9.320305 2.016315
v -69.717972 -1.000247 -4.165762
v -69.717972 -0.996444 -7.738019
v -69.721771 -5.162208 -7.738018
v -69.721771 -5.162208 -4.165761
v -69.717972 -9.320305 -4.165761
v -69.717972 -9.327909 -7.738018
v -66.693527 -5.162215 -107.833511
v -66.693527 -1.190486 -107.833511
v -65.712021 -1.194289 -109.145996
v -65.712021 -5.162215 -109.145996
v -65.712021 -9.130082 -109.145996
v -66.693527 -9.133884 -107.833511
v -65.799530 0.011679 -0.559223
v -67.987007 0.011679 -0.559223
v -67.929977 0.011679 2.012512
v -65.826149 0.011679 2.012512
v -60.481102 0.011679 -0.563025
v -65.761505 0.011679 -4.192377
v -67.880486 0.019284 -7.738019
v -67.876678 0.011679 -4.180970
v -60.481102 0.011679 -4.230398
v -60.481102 0.019284 -7.738019
v -53.077919 0.019284 -7.738019
v -55.196892 0.011679 -4.192377
v -53.085522 0.011679 -4.180970
v -55.158875 0.011679 -0.559223
v -53.028431 0.011679 2.012512
v -52.975201 0.011679 -0.559223
v -55.132256 0.011679 2.012512
v -60.481102 0.011679 2.008710
v -55.204491 0.011679 4.835313
v -65.753906 0.011679 4.835313
v -56.395245 0.011679 6.212432
v -64.563156 0.011679 6.212432
v -57.882751 0.011679 7.018982
v -63.075653 0.011679 7.018982
v -60.481102 0.011679 7.270048
v -60.481102 -0.224177 -12.242296
v -67.705528 -0.224177 -12.242296
v -67.701721 -0.216572 -8.247753
v -60.481102 -0.216572 -8.247753
v -53.256680 -0.216572 -8.247753
v -53.252876 -0.224177 -12.242296
v -69.139740 -3.393164 -70.600563
v -69.721771 -2.925253 -71.057137
v -69.721771 -5.162213 -71.060936
v -69.139740 -5.162213 -70.604370
v -69.139740 -6.931202 -70.600563
v -69.721771 -7.399113 -71.057137
v -69.721771 -1.947541 -15.757521
v -69.139740 -2.415454 -16.130316
v -69.139740 -5.162210 -16.134119
v -69.721771 -5.162210 -15.761323
v -69.721771 -8.376820 -15.757521
v -69.139740 -7.905107 -16.130316
v -67.929977 -10.336035 2.012513
v -67.987007 -10.336035 -0.559223
v -65.799530 -10.336035 -0.559223
v -65.826149 -10.336035 2.012513
v -60.481102 -10.336035 -0.563025
v -65.761505 -10.336035 -4.192376
v -67.876678 -10.336035 -4.180969
v -67.880486 -10.343639 -7.738018
v -60.481102 -10.336035 -4.230397
v -60.481102 -10.343639 -7.738018
v -53.077919 -10.343639 -7.738018
v -55.196892 -10.336035 -4.192376
v -53.085522 -10.336035 -4.180969
v -55.158875 -10.336035 -0.559223
v -52.975201 -10.336035 -0.559223
v -53.028431 -10.336035 2.012513
v -55.132256 -10.336035 2.012513
v -60.481102 -10.336035 2.008711
v -55.204491 -10.336035 4.835314
v -65.753906 -10.336035 4.835314
v -56.395245 -10.336035 6.212433
v -64.563156 -10.336035 6.212433
v -57.882751 -10.336035 7.018983
v -63.075653 -10.336035 7.018983
v -60.481102 -10.336035 7.270048
v -67.701721 -10.107784 -8.247753
v -67.705528 -10.100179 -12.242296
v -60.481102 -10.100179 -12.242296
v -60.481102 -10.107784 -8.247753
v -53.256680 -10.107784 -8.247753
v -53.252876 -10.100179 -12.242296
v -61.481625 -9.693108 -85.878769
v -61.983814 -10.336041 -86.407578
v -60.481102 -10.336041 -86.426590
v -60.481102 -9.693108 -85.890167
v -59.480587 -9.693108 -85.878769
v -58.974586 -10.336041 -86.407578
v -62.835995 -10.336037 -14.890137
v -62.550652 -9.693103 -15.407475
v -60.481102 -9.693103 -15.281942
v -60.481102 -10.336037 -14.749332
v -58.122410 -10.336037 -14.890137
v -58.407761 -9.693103 -15.407475
v -65.118576 1.240515 -13.809710
v -66.096291 0.011678 -12.763499
v -60.481102 0.011678 -12.771103
v -60.481102 1.240515 -13.821115
v -55.839825 1.240515 -13.809710
v -54.862118 0.011678 -12.763499
v -64.521271 -0.300289 -101.331871
v -63.547367 0.932349 -100.624306
v -60.481102 0.932349 -100.631905
v -60.481102 -0.300289 -101.339478
v -56.437134 -0.300289 -101.331871
v -57.414841 0.932349 -100.624306
v -51.240429 -1.000247 -0.559223
v -51.240429 -1.000247 2.016315
v -51.236629 -5.162208 2.016315
v -51.236629 -5.162208 -0.559223
v -51.240429 -9.320305 -0.559223
v -51.240429 -9.320305 2.016315
v -51.236629 -5.162208 -7.738018
v -51.240429 -0.996444 -7.738019
v -51.240429 -1.000247 -4.165762
v -51.236629 -5.162208 -4.165761
v -51.240429 -9.320305 -4.165761
v -51.240429 -9.327909 -7.738018
v -55.246384 -1.194289 -109.145996
v -54.264870 -1.190486 -107.833511
v -54.264870 -5.162215 -107.833511
v -55.246384 -5.162215 -109.145996
v -55.246384 -9.130082 -109.145996
v -54.264870 -9.133884 -107.833511
v -51.236629 -5.162213 -71.060936
v -51.236629 -2.925253 -71.057137
v -51.822472 -3.393164 -70.600563
v -51.818665 -5.162213 -70.604370
v -51.822472 -6.931202 -70.600563
v -51.236629 -7.399113 -71.057137
v -51.818665 -5.162210 -16.134119
v -51.822472 -2.415454 -16.130316
v -51.240429 -1.947541 -15.757521
v -51.236629 -5.162210 -15.761323
v -51.240429 -8.376820 -15.757521
v -51.822472 -7.905107 -16.130316
v -30.796005 31.024529 -29.932423
v -30.811214 31.005520 -14.429770
v -27.748692 31.907124 -12.478155
v -21.338427 33.116886 -6.071691
v -26.854691 32.108761 -29.932425
v -30.784597 31.039736 -45.811615
v -21.228102 33.116882 -29.932425
v -26.816671 32.116360 -45.811615
v -15.970566 33.116882 -29.932425
v -15.955296 33.116886 -5.794010
v -21.155861 33.116882 -45.811615
v -15.978170 33.116882 -45.811615
v -15.997182 33.116882 -78.361404
v -21.026463 33.116882 -78.239670
v -30.761723 31.070152 -77.623352
v -36.814407 28.022900 -75.603302
v -36.833416 27.996284 -57.076202
v -36.844883 27.981079 -45.811615
v -42.041584 24.667490 -73.354927
v -42.030113 24.739796 -45.811615
v -42.033920 24.709377 -57.159912
v -47.238289 21.536530 -69.733185
v -47.238289 21.536531 -45.811615
v -47.238289 21.536530 -57.236015
v -51.925194 17.648508 -63.227802
v -51.925194 17.690395 -45.811615
v -51.925194 17.663717 -57.327332
v -52.910503 16.697414 -63.227802
v -52.944717 16.682207 -52.514832
v -56.604485 13.136629 -45.811615
v -59.001202 10.804552 -45.811615
v -56.676792 13.079536 -29.932423
v -57.989273 11.786061 -52.503426
v -51.921387 17.732222 -29.932423
v -58.985992 10.812155 -63.227802
v -58.061577 11.706154 -63.227802
v -61.040329 7.567068 -45.811615
v -61.040329 7.582276 -74.469574
v -62.409901 2.667122 -45.811615
v -62.409901 2.667120 -83.786354
v -62.497414 -0.791011 -45.811615
v -62.497414 -0.791013 -88.100464
v -62.409901 2.667123 -29.932421
v -62.497414 -0.791008 -29.932421
v -62.497414 -0.791008 -19.535217
v -62.409901 2.667123 -19.539021
v -61.040329 7.559466 -29.932423
v -61.040329 7.551863 -19.539021
v -59.012608 10.796948 -29.932423
v -59.024014 10.789345 -19.402020
v -57.852333 11.938211 -19.318373
v -57.852333 11.934409 -27.646034
v -53.393623 16.298008 -27.691660
v -51.921387 17.762638 -18.899891
v -53.401291 16.309414 -19.006411
v -47.238289 21.536531 -29.932423
v -47.238289 21.536531 -18.313988
v -42.026314 24.789223 -29.932423
v -42.018707 24.827309 -17.477083
v -36.863895 27.958267 -29.932423
v -36.879101 27.939196 -16.297737
v -32.222614 30.290283 -14.863461
v -32.310127 30.252262 -23.301447
v -35.030209 28.878881 -23.236811
v -35.174747 28.810383 -29.932423
v -15.205902 39.375000 -71.117966
v -15.445560 38.237537 -70.767982
v 0.000000 38.245144 -70.699478
v 0.000000 39.371197 -71.049530
v 15.205902 39.375000 -71.117966
v 15.445560 38.237537 -70.767982
v -15.205902 39.375000 -67.671242
v -15.205902 39.367397 -58.788155
v 0.000000 39.363598 -58.788155
v 0.000000 39.371197 -67.602798
v 15.205902 39.375000 -67.671242
v 15.205902 39.367397 -58.788155
v 0.000000 38.245144 -68.055511
v -15.453165 38.237537 -68.055511
v -15.205902 39.375000 -67.671242
v 0.000000 39.371197 -67.602798
v 15.205902 39.375000 -67.671242
v 15.449362 38.237537 -68.055511
v -15.445560 38.237537 -70.767982
v -15.453165 38.237537 -68.055511
v 0.000000 38.245144 -68.055511
v 0.000000 38.245144 -70.699478
v 15.445560 38.237537 -70.767982
v 15.449362 38.237537 -68.055511
v -15.224913 37.769573 -6.794532
v -15.430351 35.152210 0.570630
v -7.053200 35.178825 0.456504
v -7.167327 37.780979 -6.859169
v -7.235827 39.066845 -18.119957
v -15.205902 39.066845 -18.119957
v -15.205902 39.078251 -19.995527
v 0.000000 39.066845 -18.119957
v -10.157546 39.074448 -19.995527
v 0.000000 39.074448 -19.995527
v 10.157546 39.074448 -19.995527
v 15.205902 39.078251 -19.995527
v 7.232025 39.066845 -18.119957
v 15.205902 39.066845 -18.119957
v 15.224913 37.769573 -6.794532
v 7.163524 37.780979 -6.859169
v 7.049398 35.178825 0.456504
v 15.426550 35.152210 0.570630
v -8.734739 40.048351 -44.160553
v -8.734739 40.048355 -31.069885
v 0.000000 39.880997 -31.290531
v 0.000000 40.048351 -44.381203
v 8.734739 40.048351 -44.160553
v 8.734739 40.048355 -31.069885
v -10.149941 37.731548 -27.626963
v -10.777666 39.264679 -28.433514
v -13.349341 34.961975 -25.196030
v -7.136909 37.693527 -27.646036
v 0.000000 37.609821 -27.687859
v 0.000000 39.063042 -28.471535
v 10.773865 39.264679 -28.433514
v 7.136909 37.693527 -27.646036
v 10.146140 37.731548 -27.626963
v 13.349341 34.961975 -25.196030
v 0.000000 32.698399 -84.204834
v -4.618466 32.698399 -84.182022
v -3.515162 37.385365 -78.916824
v 0.000000 37.339676 -78.814102
v 3.515162 37.385365 -78.916824
v 4.614664 32.698399 -84.182022
v -10.180359 37.484283 -48.105667
v -13.414040 35.060890 -49.889866
v -10.785271 39.382607 -46.606754
v -7.136909 37.484283 -48.105667
v 0.000000 37.484283 -48.109470
v 0.000000 39.158157 -46.610558
v 10.785271 39.382607 -46.606754
v 7.136909 37.484283 -48.105667
v 10.176556 37.484283 -48.105667
v 13.414040 35.060890 -49.889866
v -15.959159 34.916351 -19.995527
v -13.242819 34.882133 -19.984121
v -13.349341 34.961975 -25.196030
v -16.027597 34.977184 -25.188427
v -16.149328 35.079903 -49.889866
v -13.372216 35.000061 -34.219852
v -13.395028 35.030476 -42.033920
v -13.414040 35.060890 -49.889866
v -13.554779 35.114185 -54.067036
v -16.236839 35.133194 -54.089848
v 0.000000 39.066845 -18.119957
v -7.235827 39.066845 -18.119957
v -7.232025 39.599453 -18.081934
v 0.000000 39.599453 -18.081934
v 7.232025 39.599453 -18.081934
v 7.232025 39.066845 -18.119957
v 0.000000 39.146751 -44.826302
v -9.179837 39.340782 -44.605656
v -8.734739 40.048351 -44.160553
v 0.000000 40.048351 -44.381203
v 8.734739 40.048351 -44.160553
v 9.176036 39.340782 -44.605656
v 0.000000 -9.156696 -103.926422
v -27.649837 -9.156696 -103.926422
v -26.984028 -8.388231 -107.685104
v 0.000000 -8.388231 -107.685104
v 26.984028 -8.388231 -107.685104
v 27.649837 -9.156696 -103.926422
v -15.099380 31.572342 -92.966187
v -16.115110 31.385914 -91.353149
v 0.000000 31.321278 -91.429260
v 0.000000 31.519112 -93.030884
v 15.095578 31.572342 -92.966187
v 16.115110 31.385914 -91.353149
v 0.000000 32.732677 -80.244583
v -15.194433 32.732677 -80.244583
v -15.038483 32.732681 -46.256775
v 0.000000 32.732681 -46.256775
v 15.034681 32.732681 -46.256775
v 15.190631 32.732677 -80.244583
v 0.000000 32.732681 -46.256775
v -15.038483 32.732681 -46.256775
v -14.791221 32.732681 -18.119957
v 0.000000 32.732681 -18.119957
v 14.791221 32.732681 -18.119957
v 15.034681 32.732681 -46.256775
v 0.000000 -7.277384 -80.244583
v -5.679821 -7.277384 -80.244583
v -5.679821 -9.156694 -80.244583
v 0.000000 -9.156694 -80.244583
v 5.676019 -9.156694 -80.244583
v 5.676019 -7.277384 -80.244583
v -9.605925 -10.716500 -44.830097
v -11.078159 -9.156694 -46.340416
v 0.000000 -9.156694 -46.340416
v 0.000000 -10.716500 -44.830097
v 9.605925 -10.716500 -44.830097
v 11.074357 -9.156694 -46.340416
v 0.000000 -0.186146 116.990479
v -16.894983 -0.186146 116.990479
v -16.894983 -2.080667 117.112206
v 0.000000 -2.080667 117.112206
v 16.894983 -2.080667 117.112206
v 16.894983 -0.186146 116.990479
v -15.316225 -12.063196 72.765221
v -16.012390 -12.063196 68.405487
v 0.000000 -12.063196 68.553894
v 0.000000 -12.063196 72.765221
v 15.312424 -12.063196 72.765221
v 16.008587 -12.063196 68.405487
v -7.711343 32.671791 27.071535
v -7.711343 30.997917 26.470491
v 0.000000 32.641373 27.060131
v 0.000000 30.997917 26.436211
v 7.707541 30.997917 26.470491
v 7.707541 32.671791 27.071535
v 0.000000 31.009327 22.605282
v -5.569497 31.009327 22.650908
v -5.249993 32.660385 22.658510
v 0.000000 32.660385 22.609083
v 5.249993 32.660385 22.658510
v 5.569497 31.009327 22.650908
v -14.829241 3.039930 112.006821
v -15.479780 4.363817 112.444313
v 0.000000 4.363817 112.444313
v 0.000000 2.979095 112.079124
v 14.825439 3.039930 112.006821
v 15.479780 4.363817 112.444313
v -2.400515 22.171869 78.467926
v -2.548923 21.000128 78.848381
v 0.000000 21.000128 78.855980
v 0.000000 22.164267 78.467926
v 2.400515 22.171869 78.467926
v 2.545121 21.000128 78.848381
v -12.367829 6.810020 100.936264
v -12.763500 6.429621 107.799232
v 0.000000 6.395340 107.810638
v 0.000000 6.867114 100.833549
v 12.364027 6.810020 100.936264
v 12.759699 6.429621 107.799232
v 0.000000 -9.156685 75.610901
v -17.792784 -9.156685 75.610901
v -15.316225 -12.063196 72.765221
v 0.000000 -12.063196 72.765221
v 15.312424 -12.063196 72.765221
v 17.792784 -9.156685 75.610901
v -6.376047 -9.156685 78.718979
v -17.792784 -9.156685 75.610901
v 0.000000 -9.156685 75.610901
v 0.000000 -9.156685 78.718979
v 6.372245 -9.156685 78.718979
v 17.792784 -9.156685 75.610901
v 0.000000 -7.071934 12.539052
v -23.484074 -7.071934 12.626563
v -23.484074 -7.071936 7.635302
v 0.000000 -7.071936 7.635302
v 23.484074 -7.071936 7.635302
v 23.484074 -7.071934 12.626563
v -8.734739 40.048355 -31.069885
v -9.176036 39.249470 -30.396534
v 0.000000 39.070648 -30.453568
v 0.000000 39.880997 -31.290531
v 8.734739 40.048355 -31.069885
v 9.176036 39.249470 -30.396534
v 30.248186 7.791515 -98.444435
v 30.229113 7.879026 -104.881317
v 28.334595 13.813777 -102.610138
v 26.972620 20.056688 -94.316750
v 26.984028 20.056688 -96.888428
v 27.421522 17.937656 -99.764526
v 18.005827 26.908260 7.635300
v 26.478096 26.969091 7.635300
v 26.478096 26.969090 -18.104746
v 18.005827 26.908257 -18.104746
v 18.005827 26.908255 -46.340424
v 26.478096 26.969090 -46.340424
v 26.478096 26.969086 -80.244583
v 18.005827 26.908253 -80.244583
v 29.726984 10.135004 -14.403152
v 29.726984 10.184433 -15.213505
v 26.386780 23.005028 -15.205902
v 26.390583 23.301783 3.096741
v 26.188946 24.100666 2.632570
v 26.196548 24.081654 -14.471655
v 14.791221 32.732681 -18.119957
v 17.054796 32.732681 -18.116154
v 17.031921 32.732681 -46.340424
v 15.034681 32.732681 -46.256775
v 15.190631 32.732677 -80.244583
v 17.012911 32.732677 -80.244583
v 17.031921 32.744095 7.585809
v 17.005306 32.721283 13.459663
v 17.477083 25.846842 13.474934
v 17.511301 25.846842 7.635300
v 17.477083 23.640358 7.635300
v 17.477083 23.640362 12.626561
v 37.175858 0.898077 17.416187
v 37.099751 0.898077 26.443815
v 31.971548 -0.007329 28.030239
v 31.994364 -0.007329 13.771628
v 27.356884 -0.007329 13.611876
v 30.818817 -0.007329 33.732933
v 28.509617 -0.007329 36.163868
v 27.356884 -0.007329 36.323681
v 27.356884 4.710055 36.323681
v 28.509617 4.710055 36.163868
v 27.482418 4.573052 13.543375
v 30.818817 4.710055 33.732933
v 31.971548 4.710054 28.030239
v 31.994364 4.710053 13.771627
v 37.175858 3.804586 17.416187
v 37.099751 3.804586 26.443815
v 69.717972 -1.000247 -0.555421
v 69.717972 -1.000247 2.016315
v 69.721771 -5.162208 2.016315
v 69.721771 -5.162208 -0.559223
v 69.717972 -9.320305 -0.559223
v 69.717972 -9.320305 2.016315
v 69.721771 -5.162208 -7.738018
v 69.717972 -0.996444 -7.738019
v 69.717972 -1.000247 -4.165762
v 69.721771 -5.162208 -4.165761
v 69.717972 -9.320305 -4.165761
v 69.717972 -9.327909 -7.738018
v 65.708221 -1.194289 -109.145996
v 66.693527 -1.190486 -107.833511
v 66.693527 -5.162215 -107.833511
v 65.708221 -5.162215 -109.145996
v 65.708221 -9.130082 -109.145996
v 66.693527 -9.133884 -107.833511
v 67.929977 0.011679 2.012512
v 67.983200 0.011679 -0.559223
v 65.799530 0.011679 -0.559223
v 65.826149 0.011679 2.012512
v 60.477299 0.011679 -0.563025
v 65.757713 0.011679 -4.192377
v 67.872879 0.011679 -4.180970
v 67.880486 0.019284 -7.738019
v 60.477299 0.011679 -4.230398
v 60.477299 0.019284 -7.738019
v 53.074116 0.019284 -7.738019
v 55.196892 0.011679 -4.192377
v 53.081722 0.011679 -4.180970
v 55.155067 0.011679 -0.559223
v 52.971397 0.011679 -0.559223
v 53.028431 0.011679 2.012512
v 55.128387 0.011679 2.012512
v 60.477299 0.011679 2.008710
v 55.204491 0.011679 4.835313
v 65.750107 0.011679 4.835313
v 56.395245 0.011679 6.212432
v 64.563156 0.011679 6.212432
v 57.878952 0.011679 7.018982
v 63.075653 0.011679 7.018982
v 60.477299 0.011679 7.270048
v 67.701721 -0.216572 -8.247753
v 67.705528 -0.224177 -12.242296
v 60.477299 -0.224177 -12.242296
v 60.477299 -0.216572 -8.247753
v 53.256680 -0.216572 -8.247753
v 53.252876 -0.224177 -12.242296
v 69.721771 -5.162213 -71.060936
v 69.717972 -2.925253 -71.057137
v 69.135941 -3.393164 -70.600563
v 69.139740 -5.162213 -70.604370
v 69.135941 -6.931202 -70.600563
v 69.717972 -7.399113 -71.057137
v 69.139740 -5.162210 -16.134119
v 69.135941 -2.415454 -16.130316
v 69.717972 -1.947541 -15.757521
v 69.721771 -5.162210 -15.761323
v 69.717972 -8.376820 -15.757521
v 69.135941 -7.905107 -16.130316
v 65.799530 -10.336035 -0.559223
v 67.983200 -10.336035 -0.559223
v 67.929977 -10.336035 2.012513
v 65.826149 -10.336035 2.012513
v 60.477299 -10.336035 -0.563025
v 65.757713 -10.336035 -4.192376
v 67.880486 -10.343639 -7.738018
v 67.872879 -10.336035 -4.180969
v 60.477299 -10.336035 -4.230397
v 60.477299 -10.343639 -7.738018
v 53.074116 -10.343639 -7.738018
v 55.196892 -10.336035 -4.192376
v 53.081722 -10.336035 -4.180969
v 55.155067 -10.336035 -0.559223
v 53.028431 -10.336035 2.012513
v 52.971397 -10.336035 -0.559223
v 55.128387 -10.336035 2.012513
v 60.477299 -10.336035 2.008711
v 55.204491 -10.336035 4.835314
v 65.750107 -10.336035 4.835314
v 56.395245 -10.336035 6.212433
v 64.563156 -10.336035 6.212433
v 57.878952 -10.336035 7.018983
v 63.075653 -10.336035 7.018983
v 60.477299 -10.336035 7.270048
v 60.477299 -10.100179 -12.242296
v 67.705528 -10.100179 -12.242296
v 67.701721 -10.107784 -8.247753
v 60.477299 -10.107784 -8.247753
v 53.256680 -10.107784 -8.247753
v 53.252876 -10.100179 -12.242296
v 60.477299 -10.336041 -86.426590
v 61.983814 -10.336041 -86.407578
v 61.477821 -9.693108 -85.878769
v 60.477299 -9.693108 -85.890167
v 59.476780 -9.693108 -85.878769
v 58.974586 -10.336041 -86.407578
v 60.477299 -9.693103 -15.281942
v 62.550652 -9.693103 -15.407475
v 62.835995 -10.336037 -14.890137
v 60.477299 -10.336037 -14.749332
v 58.122410 -10.336037 -14.890137
v 58.407761 -9.693103 -15.407475
v 60.477299 0.011678 -12.771103
v 66.096291 0.011678 -12.763499
v 65.118576 1.240515 -13.809710
v 60.477299 1.240515 -13.821115
v 55.836021 1.240515 -13.809710
v 54.862118 0.011678 -12.763499
v 60.477299 0.932349 -100.631905
v 63.543564 0.932349 -100.624306
v 64.521271 -0.300289 -101.331871
v 60.477299 -0.300289 -101.339478
v 56.433331 -0.300289 -101.331871
v 57.411041 0.932349 -100.624306
v 51.232761 -5.162208 2.016315
v 51.236629 -1.000247 2.016315
v 51.236629 -1.000247 -0.559223
v 51.232761 -5.162208 -0.559223
v 51.236629 -9.320305 -0.559223
v 51.236629 -9.320305 2.016315
v 51.236629 -1.000247 -4.165762
v 51.236629 -0.996444 -7.738019
v 51.232761 -5.162208 -7.738018
v 51.232761 -5.162208 -4.165761
v 51.236629 -9.320305 -4.165761
v 51.236629 -9.327909 -7.738018
v 54.264870 -5.162215 -107.833511
v 54.264870 -1.190486 -107.833511
v 55.246384 -1.194289 -109.145996
v 55.246384 -5.162215 -109.145996
v 55.246384 -9.130082 -109.145996
v 54.264870 -9.133884 -107.833511
v 51.818665 -3.393164 -70.600563
v 51.236629 -2.925253 -71.057137
v 51.232761 -5.162213 -71.060936
v 51.818665 -5.162213 -70.604370
v 51.818665 -6.931202 -70.600563
v 51.236629 -7.399113 -71.057137
v 51.236629 -1.947541 -15.757521
v 51.818665 -2.415454 -16.130316
v 51.818665 -5.162210 -16.134119
v 51.232761 -5.162210 -15.761323
v 51.236629 -8.376820 -15.757521
v 51.818665 -7.905107 -16.130316
v 30.807411 31.005520 -14.429770
v 30.796005 31.024529 -29.932423
v 27.748692 31.907124 -12.478155
v 21.338427 33.116886 -6.071691
v 26.850891 32.108761 -29.932425
v 30.784597 31.039736 -45.811615
v 21.224298 33.116882 -29.932425
v 26.812868 32.116360 -45.811615
v 15.966763 33.116882 -29.932425
v 15.951492 33.116886 -5.794010
v 21.155861 33.116882 -45.811615
v 15.978170 33.116882 -45.811615
v 15.993380 33.116882 -78.361404
v 21.022663 33.116882 -78.239670
v 30.761723 31.070152 -77.623352
v 36.814407 28.022900 -75.603302
v 36.833416 27.996284 -57.076202
v 36.844883 27.981079 -45.811615
v 42.037781 24.667490 -73.354927
v 42.030113 24.739796 -45.811615
v 42.033920 24.709377 -57.159912
v 47.234482 21.536530 -69.733185
v 47.234482 21.536531 -45.811615
v 47.234482 21.536530 -57.236015
v 51.925194 17.648508 -63.227802
v 51.921387 17.690395 -45.811615
v 51.921387 17.663717 -57.327332
v 52.906700 16.697414 -63.227802
v 52.944717 16.682207 -52.514832
v 56.600685 13.136629 -45.811615
v 58.997402 10.804552 -45.811615
v 56.672993 13.079536 -29.932423
v 57.985474 11.786061 -52.503426
v 51.921387 17.732222 -29.932423
v 58.985992 10.812155 -63.227802
v 58.061577 11.706154 -63.227802
v 61.036526 7.567068 -45.811615
v 61.036526 7.582276 -74.469574
v 62.409901 2.667122 -45.811615
v 62.409901 2.667120 -83.786354
v 62.497414 -0.791011 -45.811615
v 62.497414 -0.791013 -88.100464
v 62.409901 2.667123 -29.932421
v 62.497414 -0.791008 -29.932421
v 62.497414 -0.791008 -19.535217
v 62.409901 2.667123 -19.539021
v 61.036526 7.559466 -29.932423
v 61.036526 7.551863 -19.539021
v 59.012608 10.796948 -29.932423
v 59.020214 10.789345 -19.402020
v 57.848534 11.938211 -19.318373
v 57.848534 11.934409 -27.646034
v 53.389820 16.298008 -27.691660
v 51.917587 17.762638 -18.899891
v 53.397484 16.309414 -19.006411
v 47.234482 21.536531 -29.932423
v 47.234482 21.536531 -18.313988
v 42.022511 24.789223 -29.932423
v 42.018707 24.827309 -17.477083
v 36.860088 27.958267 -29.932423
v 36.879101 27.939196 -16.297737
v 32.310127 30.252262 -23.301447
v 32.222614 30.290283 -14.863461
v 35.026402 28.878881 -23.236811
v 35.174747 28.810383 -29.932423
v 13.349341 34.961975 -25.196030
v 13.239017 34.882133 -19.984121
v 15.955296 34.916351 -19.995527
v 16.027597 34.977184 -25.188427
v 16.149328 35.079903 -49.889866
v 13.372216 35.000061 -34.219852
v 13.391227 35.030476 -42.033920
v 13.414040 35.060890 -49.889866
v 13.550978 35.114185 -54.067036
v 16.233040 35.133194 -54.089848
v -7.711343 32.671791 27.071535
v -7.711343 30.997917 26.470491
v -14.072181 30.997917 26.500908
v -16.704752 32.671791 27.071535
v -17.461811 31.994638 27.056330
v -17.834669 26.227304 26.991632
v -14.536290 26.227304 26.500908
v -12.763500 6.429621 107.799232
v -12.812929 16.039284 93.160233
v -14.829241 16.046888 93.194435
v -14.829241 6.859511 107.795425
v -14.829241 3.039930 112.006821
v 0.000000 2.979095 112.079124
v 0.000000 6.395340 107.810638
v 12.759699 6.429621 107.799232
v 14.825439 3.039930 112.006821
v 14.825439 6.859511 107.795425
v 14.825439 16.046888 93.194435
v 12.812929 16.039284 93.160233
v -65.761505 0.011679 -4.192377
v -67.876678 0.011679 -4.180970
v -66.347359 -0.555151 -3.572255
v -67.792976 -0.555151 -3.819518
v -67.792976 -0.555151 -3.568453
v -69.717972 -1.000247 -4.165762
v -69.097916 -1.506243 -3.564651
v -69.097916 -5.162208 -3.564651
v -69.721771 -5.162208 -4.165761
v -69.717972 -9.320305 -4.165761
v -69.097916 -8.818113 -3.564651
v -67.792976 -9.769206 -3.568452
v -67.792976 -9.769206 -3.819518
v -66.347359 -9.769206 -3.572254
v -67.876678 -10.336035 -4.180969
v -65.761505 -10.336035 -4.192376
v -53.085522 0.011679 -4.180970
v -55.196892 0.011679 -4.192377
v -54.611053 -0.555151 -3.572255
v -53.165367 -0.555151 -3.819518
v -53.169170 -0.555151 -3.568453
v -51.240429 -1.000247 -4.165762
v -51.860489 -1.506243 -3.564651
v -51.860489 -5.162208 -3.564651
v -51.236629 -5.162208 -4.165761
v -51.240429 -9.320305 -4.165761
v -51.860489 -8.818113 -3.564651
v -53.169170 -9.769206 -3.568452
v -53.165367 -9.769206 -3.819518
v -54.611053 -9.769206 -3.572254
v -53.085522 -10.336035 -4.180969
v -55.196892 -10.336035 -4.192376
v -15.205902 39.375000 -73.134277
v -15.205902 39.375000 -71.117966
v -10.218380 39.375000 -73.058174
v 0.000000 39.375000 -76.832069
v -10.222244 39.378803 -76.767365
v 0.000000 39.371197 -71.049530
v 15.205902 39.375000 -71.117966
v 10.218380 39.375000 -73.058174
v 15.205902 39.375000 -73.134277
v 10.218380 39.378803 -76.767365
v -15.205902 39.367397 -58.788155
v -16.236839 35.133194 -54.089848
v -13.554779 35.114185 -54.067036
v -10.252662 37.480484 -56.779514
v -7.136909 37.480484 -56.779514
v 0.000000 37.480484 -56.779514
v 0.000000 39.363598 -58.788155
v 15.205902 39.367397 -58.788155
v 7.136909 37.480484 -56.779514
v 10.248859 37.480484 -56.779514
v 13.550978 35.114185 -54.067036
v 16.233040 35.133194 -54.089848
v -23.069391 4.439916 7.635301
v -23.069391 -2.111092 7.635302
v -20.303684 -7.071936 7.635302
v 0.000000 23.640358 7.635300
v -19.363998 23.640358 7.635300
v 0.000000 -7.071936 7.635302
v 20.299883 -7.071936 7.635302
v 23.065590 4.439916 7.635301
v 19.363998 23.640358 7.635300
v 23.065590 -2.111092 7.635302
v 14.072181 30.997917 26.500908
v 7.707541 30.997917 26.470491
v 7.707541 32.671791 27.071535
v 16.700951 32.671791 27.071535
v 17.458010 31.994638 27.056330
v 17.834669 26.227304 26.991632
v 14.536290 26.227304 26.500908
v 67.872879 0.011679 -4.180970
v 65.757713 0.011679 -4.192377
v 66.343552 -0.555151 -3.572255
v 67.792976 -0.555151 -3.819518
v 67.789169 -0.555151 -3.568453
v 69.717972 -1.000247 -4.165762
v 69.094109 -1.506243 -3.564651
v 69.094109 -5.162208 -3.564651
v 69.721771 -5.162208 -4.165761
v 69.717972 -9.320305 -4.165761
v 69.094109 -8.818113 -3.564651
v 67.789169 -9.769206 -3.568452
v 67.792976 -9.769206 -3.819518
v 66.343552 -9.769206 -3.572254
v 67.872879 -10.336035 -4.180969
v 65.757713 -10.336035 -4.192376
v 55.196892 0.011679 -4.192377
v 53.081722 0.011679 -4.180970
v 54.611053 -0.555151 -3.572255
v 53.165367 -0.555151 -3.819518
v 53.165367 -0.555151 -3.568453
v 51.236629 -1.000247 -4.165762
v 51.860489 -1.506243 -3.564651
v 51.860489 -5.162208 -3.564651
v 51.232761 -5.162208 -4.165761
v 51.236629 -9.320305 -4.165761
v 51.860489 -8.818113 -3.564651
v 53.165367 -9.769206 -3.568452
v 53.165367 -9.769206 -3.819518
v 54.611053 -9.769206 -3.572254
v 53.081722 -10.336035 -4.180969
v 55.196892 -10.336035 -4.192376
v -16.149328 32.363628 5.672216
v 0.000000 32.546257 5.672216
v -15.426550 35.448959 0.989114
v -7.049398 35.475578 0.874987
v 16.149328 32.363628 5.672216
v 15.426550 35.448959 0.989114
v 7.049398 35.475578 0.874987
v 0.000000 35.498390 0.779872
v 0.000000 38.237545 -6.901054
v -7.163524 38.226074 -6.843960
v 7.163524 38.226074 -6.843960
v 0.000000 39.599453 -18.081934
v -7.232025 39.599453 -18.081934
v 7.232025 39.599453 -18.081934
v -17.031921 32.744095 7.585809
v -17.621624 31.424006 7.597215
v -18.005827 26.908260 7.635300
v 0.000000 32.736488 7.585809
v 0.000000 26.908260 7.635300
v 18.005827 26.908260 7.635300
v 17.031921 32.744095 7.585809
v 17.621624 31.424006 7.597215
v 0.000000 23.640358 7.635300
v -19.363998 23.640358 7.635300
v 19.363998 23.640358 7.635300
v -26.481895 26.969091 7.635300
v 26.478096 26.969091 7.635300
v -23.069391 4.439916 7.635301
v 23.065590 4.439916 7.635301
v -32.340542 4.439916 7.635301
v 32.340542 4.439916 7.635301
v -23.069391 -2.111092 7.635302
v 23.065590 -2.111092 7.635302
v -32.340542 -2.111092 7.635302
v 32.340542 -2.111092 7.635302
v -20.303684 -7.071936 7.635302
v 20.299883 -7.071936 7.635302
v -27.649837 -9.156690 7.635303
v 27.649837 -9.156690 7.635303
v 0.000000 -9.156690 7.635303
v 0.000000 -7.071936 7.635302
v 0.000000 26.227303 13.474934
v -17.986816 26.227303 13.474934
v -17.617823 31.435411 13.463467
v 0.000000 32.725082 13.459663
v -16.856960 32.728882 13.459663
v 17.614021 31.435411 13.463467
v 16.853159 32.728882 13.459663
v 17.986816 26.227303 13.474934
v -69.139740 -3.389361 -51.601822
v -69.139740 -3.393164 -70.600563
v -69.139740 -5.162213 -70.604370
v -69.139740 -6.931202 -70.600563
v -69.139740 -6.931200 -51.601814
v -69.139740 -5.162213 -51.601814
v -69.139740 -3.389359 -31.184010
v -69.139740 -6.935000 -31.184006
v -69.139740 -5.162210 -31.187805
v -69.135941 -2.415454 -24.237329
v -69.135941 -7.908907 -24.237329
v -69.139740 -5.162210 -24.263945
v -69.139740 -5.162210 -16.134119
v -69.139740 -2.415454 -16.130316
v -69.139740 -7.905107 -16.130316
v -51.818665 -5.162213 -70.604370
v -51.822472 -3.393164 -70.600563
v -51.818665 -3.389361 -51.601822
v -51.818665 -6.931200 -51.601814
v -51.822472 -6.931202 -70.600563
v -51.818665 -5.162213 -51.601814
v -51.818665 -3.389359 -31.184010
v -51.818665 -6.935000 -31.184006
v -51.818665 -5.162210 -31.187805
v -51.822472 -2.415454 -24.237329
v -51.822472 -7.908907 -24.237329
v -51.818665 -5.162210 -24.263945
v -51.818665 -5.162210 -16.134119
v -51.822472 -2.415454 -16.130316
v -51.822472 -7.905107 -16.130316
v -15.955296 27.710943 -4.622268
v -21.338427 27.710943 -4.899949
v -15.997182 27.710938 -79.708160
v -21.102570 27.710938 -61.489227
v -21.026463 27.710938 -79.742386
v -29.133476 26.272923 -79.122253
v -25.580233 27.052801 -21.056942
v -25.580233 27.052801 -11.306476
v -25.580233 27.052795 -61.489227
v -29.156288 26.257717 -21.056942
v -29.141081 26.269121 -61.489227
v -29.160156 26.257721 -13.258090
v -35.437286 24.138680 -77.106010
v -30.522064 25.782143 -13.657501
v -35.452492 24.115870 -61.489227
v -35.501923 24.054976 -15.125995
v -40.584492 21.308277 -74.857643
v -35.490513 24.070246 -21.056942
v -40.584492 21.308277 -61.489227
v -40.584492 21.308279 -21.056942
v -45.674675 18.173513 -71.235893
v -40.584492 21.308281 -16.305340
v -45.674675 18.173515 -61.489227
v -45.674675 18.173517 -21.056942
v -49.943157 15.544746 -64.726715
v -45.674675 18.173519 -17.142246
v -49.943157 15.544746 -61.489227
v -49.943157 15.544749 -17.728148
v -56.041466 9.876269 -64.726715
v -49.943157 15.544749 -21.056942
v -56.041466 9.876269 -61.489227
v -51.263245 14.323580 -17.838470
v -57.555580 7.567068 -61.378902
v -51.248035 14.327383 -21.056942
v -57.555580 7.567067 -75.785858
v -55.040939 10.838774 -18.150433
v -58.769146 2.655715 -61.413189
v -55.071358 10.770334 -21.056942
v -58.769146 2.655712 -62.759888
v -56.003441 9.948577 -18.230341
v -58.769146 2.655712 -85.289070
v -56.052864 9.857262 -21.056942
v -59.005005 -0.791013 -89.603180
v -57.555580 7.567071 -21.056942
v -58.860458 -0.281215 -62.938713
v -57.555580 7.567072 -18.367279
v -59.005005 -0.791008 -18.363474
v -58.765343 2.655716 -21.056942
v -58.860458 -0.281210 -19.656948
v -58.765343 2.655716 -19.603655
v -58.765343 2.655716 -18.367277
v 0.000000 6.867099 -111.455193
v -4.059241 6.867099 -111.455193
v -4.009751 13.768089 -109.541611
v 4.005949 13.768089 -109.541611
v 4.055377 6.867099 -111.455193
v 0.000000 13.752880 -109.541611
v -3.956522 20.916405 -104.972626
v 3.956522 20.916405 -104.972626
v 0.000000 20.904999 -104.980240
v 0.000000 28.525103 55.820816
v -11.260787 28.582134 55.680077
v -10.511332 24.880543 66.651718
v 10.507528 24.880543 66.651718
v 11.260787 28.582134 55.680077
v 0.000000 24.876743 66.613686
v -10.180359 23.918045 68.481590
v 10.180359 23.918045 68.481590
v 0.000000 23.883823 68.477798
v -16.845554 32.698399 -84.121132
v -15.997182 35.711430 -81.420059
v -10.206974 35.642990 -81.465744
v -3.515162 37.385365 -78.916824
v -4.618466 32.698399 -84.182022
v 0.000000 39.375000 -76.832069
v -10.222244 39.378803 -76.767365
v 0.000000 37.339676 -78.814102
v 3.515162 37.385365 -78.916824
v 10.218380 39.378803 -76.767365
v 10.203172 35.642990 -81.465744
v 16.845554 32.698399 -84.121132
v 4.614664 32.698399 -84.182022
v 15.997182 35.711430 -81.420059
v 69.139740 -5.162213 -70.604370
v 69.135941 -3.393164 -70.600563
v 69.135941 -3.389361 -51.601822
v 69.135941 -6.931200 -51.601814
v 69.135941 -6.931202 -70.600563
v 69.139740 -5.162213 -51.601814
v 69.135941 -3.389359 -31.184010
v 69.135941 -6.935000 -31.184006
v 69.139740 -5.162210 -31.187805
v 69.135941 -2.415454 -24.237329
v 69.135941 -7.908907 -24.237329
v 69.139740 -5.162210 -24.263945
v 69.139740 -5.162210 -16.134119
v 69.135941 -2.415454 -16.130316
v 69.135941 -7.905107 -16.130316
v 51.818665 -3.389361 -51.601822
v 51.818665 -3.393164 -70.600563
v 51.818665 -5.162213 -70.604370
v 51.818665 -6.931202 -70.600563
v 51.818665 -6.931200 -51.601814
v 51.818665 -5.162213 -51.601814
v 51.818665 -3.389359 -31.184010
v 51.818665 -6.935000 -31.184006
v 51.818665 -5.162210 -31.187805
v 51.818665 -2.415454 -24.237329
v 51.818665 -7.908907 -24.237329
v 51.818665 -5.162210 -24.263945
v 51.818665 -5.162210 -16.134119
v 51.818665 -2.415454 -16.130316
v 51.818665 -7.905107 -16.130316
v 21.338427 27.710943 -4.899949
v 15.951492 27.710943 -4.622268
v 15.993380 27.710938 -79.708160
v 21.102570 27.710938 -61.489227
v 21.022663 27.710938 -79.742386
v 29.129677 26.272923 -79.122253
v 25.580233 27.052801 -21.056942
v 25.580233 27.052801 -11.306476
v 25.580233 27.052795 -61.489227
v 29.152487 26.257717 -21.056942
v 29.137280 26.269121 -61.489227
v 29.160156 26.257721 -13.258090
v 35.433422 24.138680 -77.106010
v 30.522064 25.782143 -13.657501
v 35.452492 24.115870 -61.489227
v 35.501923 24.054976 -15.125995
v 40.584492 21.308277 -74.857643
v 35.490513 24.070246 -21.056942
v 40.584492 21.308277 -61.489227
v 40.584492 21.308279 -21.056942
v 45.674675 18.173513 -71.235893
v 40.584492 21.308281 -16.305340
v 45.674675 18.173515 -61.489227
v 45.674675 18.173517 -21.056942
v 49.939354 15.544746 -64.726715
v 45.674675 18.173519 -17.142246
v 49.939354 15.544746 -61.489227
v 49.939354 15.544749 -17.728148
v 56.037659 9.876269 -64.726715
v 49.939354 15.544749 -21.056942
v 56.037659 9.876269 -61.489227
v 51.263245 14.323580 -17.838470
v 57.555580 7.567068 -61.378902
v 51.244232 14.327383 -21.056942
v 57.555580 7.567067 -75.785858
v 55.037140 10.838774 -18.150433
v 58.765343 2.655715 -61.413189
v 55.071358 10.770334 -21.056942
v 58.765343 2.655712 -62.759888
v 56.003441 9.948577 -18.230341
v 58.765343 2.655712 -85.289070
v 56.049065 9.857262 -21.056942
v 59.005005 -0.791013 -89.603180
v 57.555580 7.567071 -21.056942
v 58.856659 -0.281215 -62.938713
v 57.555580 7.567072 -18.367279
v 59.005005 -0.791008 -18.363474
v 58.765343 2.655716 -21.056942
v 58.856659 -0.281210 -19.656948
v 58.765343 2.655716 -19.603655
v 58.765343 2.655716 -18.367277
v 0.000000 32.725082 13.459663
v -16.856960 32.728882 13.459663
v -16.689543 32.702209 20.509125
v 0.000000 32.702209 20.509125
v 16.689543 32.702209 20.509125
v 16.853159 32.728882 13.459663
v 17.005306 32.721283 13.459663
v 17.031921 32.744095 7.585809
v -17.031921 32.744095 7.585809
v -17.005306 32.721283 13.459663
v 0.000000 32.736488 7.585809
v 14.616198 32.732685 5.672216
v 17.054796 32.732681 -18.116154
v 14.791221 32.732681 -18.119957
v 0.000000 32.732681 -18.119957
v 0.000000 32.546257 5.672216
v -14.616198 32.732685 5.672216
v -17.058599 32.732681 -18.116154
v -14.791221 32.732681 -18.119957
v -32.013374 2.689933 -61.489227
v -29.156288 26.257715 -61.489227
v -25.580233 27.052795 -61.489227
v -33.128021 10.503996 -61.489227
v -58.765343 2.655715 -61.489227
v -33.112812 20.574028 -61.489227
v -50.688747 10.401276 -61.489227
v -35.471500 21.159933 -61.489227
v -57.555580 7.567068 -61.489227
v -35.494316 24.074047 -61.489227
v -56.045265 9.861061 -61.489227
v -39.568768 19.280558 -61.489227
v -48.645882 12.942595 -61.489227
v -40.584492 21.300674 -61.489227
v -49.943157 15.544746 -61.489227
v -43.833385 16.659395 -61.489227
v -45.674675 18.173515 -61.489227
v 29.152487 26.257715 -61.489227
v 32.009571 2.689933 -61.489227
v 25.580233 27.052795 -61.489227
v 33.124218 10.503996 -61.489227
v 58.765343 2.655715 -61.489227
v 33.109013 20.574028 -61.489227
v 50.688747 10.401276 -61.489227
v 35.471500 21.159933 -61.489227
v 57.555580 7.567068 -61.489227
v 35.494316 24.074047 -61.489227
v 56.041466 9.861061 -61.489227
v 39.564964 19.280558 -61.489227
v 48.642082 12.942595 -61.489227
v 40.580692 21.300674 -61.489227
v 49.939354 15.544746 -61.489227
v 43.833385 16.659395 -61.489227
v 45.674675 18.173515 -61.489227
v -65.712021 -5.162215 -109.145996
v -65.712021 -1.194289 -109.145996
v -60.481102 -1.194289 -109.130722
v -55.246384 -1.194289 -109.145996
v -55.246384 -5.162215 -109.145996
v -60.481102 -5.162215 -109.130722
v -60.481102 -9.130082 -109.130722
v -65.712021 -9.130082 -109.145996
v -55.246384 -9.130082 -109.145996
v -60.481102 0.932349 -100.631905
v -63.547367 0.932349 -100.624306
v -65.209892 1.240509 -86.320068
v -55.752312 1.240509 -86.320068
v -57.414841 0.932349 -100.624306
v -60.484905 1.240509 -86.430389
v -60.462093 1.240511 -71.060936
v -65.190819 1.240511 -71.053329
v -55.771324 1.240511 -71.053329
v -60.481102 1.240512 -51.609425
v -65.164200 1.240512 -51.601822
v -55.794201 1.240512 -51.601822
v -60.469696 1.240515 -31.210625
v -65.137589 1.240515 -31.203020
v -55.820816 1.240515 -31.203020
v -65.118576 1.240515 -13.809710
v -55.839825 1.240515 -13.809710
v -60.481102 1.240515 -13.821115
v 60.477299 -1.194289 -109.130722
v 65.708221 -1.194289 -109.145996
v 65.708221 -5.162215 -109.145996
v 65.708221 -9.130082 -109.145996
v 60.477299 -9.130082 -109.130722
v 60.477299 -5.162215 -109.130722
v 55.246384 -5.162215 -109.145996
v 55.246384 -1.194289 -109.145996
v 55.246384 -9.130082 -109.145996
v 65.206093 1.240509 -86.320068
v 63.543564 0.932349 -100.624306
v 60.477299 0.932349 -100.631905
v 57.411041 0.932349 -100.624306
v 55.748512 1.240509 -86.320068
v 60.481102 1.240509 -86.430389
v 60.458294 1.240511 -71.060936
v 65.187019 1.240511 -71.053329
v 55.767521 1.240511 -71.053329
v 60.477299 1.240512 -51.609425
v 65.164200 1.240512 -51.601822
v 55.794201 1.240512 -51.601822
v 60.469696 1.240515 -31.210625
v 65.137589 1.240515 -31.203020
v 55.817013 1.240515 -31.203020
v 65.118576 1.240515 -13.809710
v 55.836021 1.240515 -13.809710
v 60.477299 1.240515 -13.821115
v -69.721771 -2.921445 -31.184010
v -69.721771 -1.947541 -24.237329
v -69.717972 -1.000249 -31.206825
v -69.721771 -2.921448 -51.601822
v -69.721771 -1.947541 -15.757521
v -69.717972 -1.000252 -51.601822
v -69.717972 -1.000249 -12.771103
v -69.721771 -2.925253 -71.057137
v -69.721771 -5.162210 -12.771103
v -69.717972 -1.000254 -71.057137
v -69.721771 -5.162210 -15.761323
v -69.717972 -1.000254 -86.297188
v -69.721771 -8.376820 -15.757521
v -69.717972 -9.320307 -12.771103
v -69.717972 -9.320307 -31.206820
v -69.721771 -8.376820 -24.237329
v -69.721771 -7.402914 -31.184006
v -69.721771 -7.399113 -51.601814
v -69.717972 -9.320309 -51.601814
v -69.721771 -7.399113 -71.057137
v -69.717972 -9.320312 -71.057137
v -69.717972 -9.320314 -86.297188
v -69.721771 -5.162215 -86.297188
v -69.721771 -5.162213 -71.060936
v -68.158226 -9.179571 -101.339478
v -68.158226 -1.144798 -101.339478
v -68.162033 -5.162215 -101.339478
v -66.693527 -9.133884 -107.833511
v -66.693527 -1.190486 -107.833511
v -66.693527 -5.162215 -107.833511
v -51.240429 -1.947541 -24.237329
v -51.236629 -2.921445 -31.184010
v -51.240429 -1.000249 -31.206825
v -51.236629 -2.921448 -51.601822
v -51.240429 -1.947541 -15.757521
v -51.240429 -1.000252 -51.601822
v -51.240429 -1.000249 -12.771103
v -51.236629 -2.925253 -71.057137
v -51.236629 -5.162210 -12.771103
v -51.240429 -1.000254 -71.057137
v -51.236629 -5.162210 -15.761323
v -51.240429 -1.000254 -86.297188
v -51.240429 -8.376820 -15.757521
v -51.240429 -9.320307 -12.771103
v -51.240429 -9.320307 -31.206820
v -51.240429 -8.376820 -24.237329
v -51.236629 -7.402914 -31.184006
v -51.236629 -7.399113 -51.601814
v -51.240429 -9.320309 -51.601814
v -51.236629 -7.399113 -71.057137
v -51.240429 -9.320312 -71.057137
v -51.240429 -9.320314 -86.297188
v -51.236629 -5.162215 -86.297188
v -51.236629 -5.162213 -71.060936
v -52.800179 -9.179571 -101.339478
v -52.800179 -1.144798 -101.339478
v -52.796379 -5.162215 -101.339478
v -54.264870 -9.133884 -107.833511
v -54.264870 -1.190486 -107.833511
v -54.264870 -5.162215 -107.833511
v 69.717972 -1.947541 -24.237329
v 69.717972 -2.921445 -31.184010
v 69.717972 -1.000249 -31.206825
v 69.717972 -2.921448 -51.601822
v 69.717972 -1.947541 -15.757521
v 69.717972 -1.000252 -51.601822
v 69.717972 -1.000249 -12.771103
v 69.717972 -2.925253 -71.057137
v 69.721771 -5.162210 -12.771103
v 69.717972 -1.000254 -71.057137
v 69.721771 -5.162210 -15.761323
v 69.717972 -1.000254 -86.297188
v 69.717972 -8.376820 -15.757521
v 69.717972 -9.320307 -12.771103
v 69.717972 -9.320307 -31.206820
v 69.717972 -8.376820 -24.237329
v 69.717972 -7.402914 -31.184006
v 69.717972 -7.399113 -51.601814
v 69.717972 -9.320309 -51.601814
v 69.717972 -7.399113 -71.057137
v 69.717972 -9.320312 -71.057137
v 69.717972 -9.320314 -86.297188
v 69.721771 -5.162215 -86.297188
v 69.721771 -5.162213 -71.060936
v 68.154419 -9.179571 -101.339478
v 68.154419 -1.144798 -101.339478
v 68.158226 -5.162215 -101.339478
v 66.693527 -9.133884 -107.833511
v 66.693527 -1.190486 -107.833511
v 66.693527 -5.162215 -107.833511
v 51.236629 -2.921445 -31.184010
v 51.236629 -1.947541 -24.237329
v 51.236629 -1.000249 -31.206825
v 51.236629 -2.921448 -51.601822
v 51.236629 -1.947541 -15.757521
v 51.236629 -1.000252 -51.601822
v 51.236629 -1.000249 -12.771103
v 51.236629 -2.925253 -71.057137
v 51.232761 -5.162210 -12.771103
v 51.236629 -1.000254 -71.057137
v 51.232761 -5.162210 -15.761323
v 51.236629 -1.000254 -86.297188
v 51.236629 -8.376820 -15.757521
v 51.236629 -9.320307 -12.771103
v 51.236629 -9.320307 -31.206820
v 51.236629 -8.376820 -24.237329
v 51.236629 -7.402914 -31.184006
v 51.236629 -7.399113 -51.601814
v 51.236629 -9.320309 -51.601814
v 51.236629 -7.399113 -71.057137
v 51.236629 -9.320312 -71.057137
v 51.236629 -9.320314 -86.297188
v 51.232761 -5.162215 -86.297188
v 51.232761 -5.162213 -71.060936
v 52.800179 -9.179571 -101.339478
v 52.800179 -1.144798 -101.339478
v 52.796379 -5.162215 -101.339478
v 54.264870 -9.133884 -107.833511
v 54.264870 -1.190486 -107.833511
v 54.264870 -5.162215 -107.833511
v -27.649837 -9.156694 -80.244583
v -27.649837 -9.156696 -103.926422
v 0.000000 -9.156696 -103.926422
v -5.679821 -9.156694 -80.244583
v 0.000000 -9.156694 -80.244583
v -5.877657 -9.156694 -64.559357
v 5.676019 -9.156694 -80.244583
v -11.078159 -9.156694 -46.340416
v -27.649837 -9.156694 -46.340416
v 0.000000 -9.156694 -46.340416
v -11.420601 -9.156693 -18.104744
v 0.000000 -9.156694 -64.627792
v -27.649837 -9.156693 -18.104744
v 5.877657 -9.156694 -64.559357
v -27.649837 -9.156690 7.635303
v 11.074357 -9.156694 -46.340416
v 0.000000 -9.156693 -18.104744
v 0.000000 -9.156690 7.635303
v 27.649837 -9.156690 7.635303
v 11.416799 -9.156693 -18.104744
v 27.649837 -9.156693 -18.104744
v 27.649837 -9.156694 -46.340416
v 27.649837 -9.156694 -80.244583
v 27.649837 -9.156696 -103.926422
v 0.000000 -5.706217 106.494354
v 0.000000 -2.080667 117.112206
v -16.894983 -2.080667 117.112206
v 16.894983 -2.080667 117.112206
v -19.044432 -5.702417 106.456337
v 19.044432 -5.702417 106.456337
v 0.000000 -9.152880 87.914032
v -8.837459 -9.152880 87.914032
v -21.479229 -9.152880 87.914032
v 8.833657 -9.152880 87.914032
v 21.475428 -9.152880 87.914032
v -17.792784 -9.156685 75.610901
v -21.840620 -9.152882 78.566841
v -22.251495 -9.156685 68.375076
v -6.376047 -9.156685 78.718979
v -18.911295 -9.156685 68.405487
v 0.000000 -9.156685 78.718979
v -23.293840 -9.156687 32.937794
v 6.372245 -9.156685 78.718979
v -19.474321 -9.156687 41.851353
v 17.792784 -9.156685 75.610901
v 21.840620 -9.152882 78.566841
v 22.247696 -9.156685 68.375076
v 18.911295 -9.156685 68.405487
v 23.290041 -9.156687 32.937794
v 19.470520 -9.156687 41.851353
v 0.000000 -9.156687 32.937794
v 0.000000 -9.156687 41.858959
v 23.290041 -9.156687 13.474937
v -23.293840 -9.156687 13.474937
v 0.000000 -9.156687 13.360811
v -66.290314 -0.555151 2.339683
v -67.629417 -0.555151 2.339683
v -67.633224 -0.555151 5.447768
v -66.290314 -0.555151 5.002669
v -69.097916 -1.506243 2.339683
v -65.871834 -0.555151 7.498300
v -64.913139 -0.555151 6.592895
v -68.884872 -1.506243 6.045076
v -69.128326 -3.130689 6.292339
v -69.097916 -3.130689 2.339683
v -69.097916 -5.162208 2.339683
v -63.532158 -0.555151 8.654834
v -63.220196 -0.555151 7.475488
v -67.013100 -1.510046 8.506488
v -67.370750 -3.130689 8.959191
v -69.097916 -5.162208 6.379851
v -69.128326 -7.189865 6.292339
v -69.097916 -7.189865 2.339683
v -69.097916 -8.818113 2.339683
v -67.522896 -5.162208 9.115141
v -67.370750 -7.189865 8.959191
v -68.884872 -8.818113 6.045077
v -67.633224 -9.769206 5.447769
v -67.629417 -9.769206 2.339684
v -66.290314 -9.769206 2.339684
v -66.290314 -9.769206 5.002670
v -65.871834 -9.769206 7.498302
v -64.913139 -9.769206 6.592896
v -67.013100 -8.810509 8.506488
v -63.532158 -9.769206 8.654834
v -63.220196 -9.769206 7.475488
v -64.068565 -7.189865 10.994515
v -63.901215 -8.810509 10.359184
v -60.481102 -9.769206 9.016224
v -60.481102 -9.769206 7.722752
v -57.742012 -9.769206 7.475488
v -60.481102 -8.810509 10.587439
v -57.426247 -9.769206 8.654834
v -56.045265 -9.769206 6.592896
v -60.481102 -7.189865 11.317883
v -57.060997 -8.810509 10.359184
v -55.086563 -9.769206 7.498302
v -54.668083 -9.769206 5.002670
v -53.949108 -8.810509 8.506488
v -53.325188 -9.769206 5.447769
v -54.668083 -9.769206 2.339684
v -53.328987 -9.769206 2.339684
v -51.860489 -8.818113 2.339683
v -52.077335 -8.818113 6.045077
v -51.833878 -7.189865 6.292339
v -51.860489 -7.189865 2.339683
v -51.860489 -5.162208 2.339683
v -53.587650 -7.189865 8.959191
v -56.889839 -7.189865 10.994515
v -51.860489 -5.162208 6.379851
v -53.435509 -5.162208 9.115141
v -56.867023 -5.162208 11.085766
v -51.833878 -3.130689 6.292339
v -51.860489 -3.130689 2.339683
v -51.860489 -1.506243 2.339683
v -53.587650 -3.130689 8.959191
v -52.077335 -1.506243 6.045076
v -56.867023 -3.130689 10.907003
v -53.949108 -1.510046 8.506488
v -53.325188 -0.555151 5.447768
v -53.328987 -0.555151 2.339683
v -54.668083 -0.555151 2.339683
v -54.668083 -0.555151 5.002669
v -55.086563 -0.555151 7.498300
v -56.045265 -0.555151 6.592895
v -57.426247 -0.555151 8.654834
v -57.742012 -0.555151 7.475488
v -57.038177 -1.510046 10.271673
v -60.481102 -0.555151 9.016224
v -60.481102 -0.555151 7.722751
v -60.481102 -1.510046 10.499927
v -63.920227 -1.510046 10.271673
v -60.481102 -3.130689 11.230372
v -64.091385 -3.130689 10.907003
v -60.481102 -5.162208 11.412998
v -64.091385 -5.162208 11.085766
v -61.481625 -9.693108 -85.878769
v -60.481102 -9.693108 -85.890167
v -60.481102 -9.693108 -71.057137
v -59.480587 -9.693108 -85.878769
v -62.387093 -9.693108 -71.038063
v -58.571316 -9.693108 -71.038063
v -60.481102 -9.693106 -51.601814
v -62.520226 -9.693106 -51.598015
v -58.441978 -9.693106 -51.598015
v -62.596268 -9.693106 -40.226902
v -58.362068 -9.693106 -40.226902
v -64.251190 -9.693103 -31.161194
v -56.711010 -9.693103 -31.161194
v -60.481102 -9.693103 -31.206820
v -64.144676 -9.693103 -15.829760
v -56.813732 -9.693103 -15.829760
v -62.550652 -9.693103 -15.407475
v -58.407761 -9.693103 -15.407475
v -60.481102 -9.693103 -15.281942
v 67.633224 -0.555151 5.447768
v 67.625626 -0.555151 2.339683
v 66.290314 -0.555151 2.339683
v 66.290314 -0.555151 5.002669
v 69.097916 -1.506243 2.339683
v 65.868042 -0.555151 7.498300
v 64.913139 -0.555151 6.592895
v 68.881065 -1.506243 6.045076
v 63.532158 -0.555151 8.654834
v 63.216393 -0.555151 7.475488
v 67.009293 -1.510046 8.506488
v 69.124535 -3.130689 6.292339
v 69.097916 -3.130689 2.339683
v 69.097916 -5.162208 2.339683
v 67.370750 -3.130689 8.959191
v 69.097916 -5.162208 6.379851
v 69.124535 -7.189865 6.292339
v 69.097916 -7.189865 2.339683
v 69.097916 -8.818113 2.339683
v 67.519089 -5.162208 9.115141
v 67.370750 -7.189865 8.959191
v 68.881065 -8.818113 6.045077
v 64.087585 -3.130689 10.907003
v 64.068565 -7.189865 10.994515
v 63.920227 -1.510046 10.271673
v 64.087585 -5.162208 11.085766
v 60.477299 -3.130689 11.230372
v 60.477299 -1.510046 10.499927
v 60.477299 -0.555151 9.016224
v 60.477299 -0.555151 7.722751
v 57.738209 -0.555151 7.475488
v 57.426247 -0.555151 8.654834
v 56.041466 -0.555151 6.592895
v 57.034378 -1.510046 10.271673
v 55.086563 -0.555151 7.498300
v 54.664276 -0.555151 5.002669
v 53.945305 -1.510046 8.506488
v 53.321381 -0.555151 5.447768
v 54.664276 -0.555151 2.339683
v 53.328987 -0.555151 2.339683
v 51.856686 -1.506243 2.339683
v 52.073532 -1.506243 6.045076
v 51.830078 -3.130689 6.292339
v 51.856686 -3.130689 2.339683
v 51.856686 -5.162208 2.339683
v 53.583851 -3.130689 8.959191
v 56.867023 -3.130689 10.907003
v 51.856686 -5.162208 6.379851
v 53.435509 -5.162208 9.115141
v 56.867023 -5.162208 11.085766
v 60.477299 -5.162208 11.412998
v 60.477299 -7.189865 11.317883
v 56.886032 -7.189865 10.994515
v 53.583851 -7.189865 8.959191
v 51.830078 -7.189865 6.292339
v 51.856686 -7.189865 2.339683
v 51.856686 -8.818113 2.339683
v 52.073532 -8.818113 6.045077
v 53.945305 -8.810509 8.506488
v 57.057190 -8.810509 10.359184
v 53.321381 -9.769206 5.447769
v 53.328987 -9.769206 2.339684
v 54.664276 -9.769206 2.339684
v 54.664276 -9.769206 5.002670
v 55.086563 -9.769206 7.498302
v 56.041466 -9.769206 6.592896
v 57.426247 -9.769206 8.654834
v 57.738209 -9.769206 7.475488
v 60.477299 -8.810509 10.587439
v 60.477299 -9.769206 9.016224
v 60.477299 -9.769206 7.722752
v 63.216393 -9.769206 7.475488
v 63.897346 -8.810509 10.359184
v 63.532158 -9.769206 8.654834
v 64.913139 -9.769206 6.592896
v 67.009293 -8.810509 8.506488
v 65.868042 -9.769206 7.498302
v 66.290314 -9.769206 5.002670
v 67.633224 -9.769206 5.447769
v 66.290314 -9.769206 2.339684
v 67.625626 -9.769206 2.339684
v 60.477299 -9.693108 -71.057137
v 60.477299 -9.693108 -85.890167
v 61.477821 -9.693108 -85.878769
v 59.476780 -9.693108 -85.878769
v 62.383228 -9.693108 -71.038063
v 58.571316 -9.693108 -71.038063
v 60.477299 -9.693106 -51.601814
v 62.516422 -9.693106 -51.598015
v 58.438171 -9.693106 -51.598015
v 62.596268 -9.693106 -40.226902
v 58.362068 -9.693106 -40.226902
v 64.247391 -9.693103 -31.161194
v 56.707207 -9.693103 -31.161194
v 60.477299 -9.693103 -31.206820
v 64.144676 -9.693103 -15.829760
v 56.809925 -9.693103 -15.829760
v 62.550652 -9.693103 -15.407475
v 58.407761 -9.693103 -15.407475
v 60.477299 -9.693103 -15.281942
v -27.482418 4.573052 13.543375
v -22.628096 25.770737 13.478737
v -20.212372 24.020760 12.626561
v -22.049862 26.288137 13.474934
v -24.229727 4.439916 12.626562
v -15.894461 24.020760 12.626561
v -27.611752 -2.107289 13.474937
v -17.986816 26.227303 13.474934
v -24.229727 -2.111092 12.626563
v 0.000000 26.227303 13.474934
v -24.043297 -8.639347 13.474937
v 0.000000 24.020760 12.626561
v -21.285194 -7.071934 12.626563
v 15.894461 24.020760 12.626561
v -23.293840 -9.156687 13.474937
v 17.986816 26.227303 13.474934
v 0.000000 -9.156687 13.360811
v 22.046059 26.288137 13.474934
v 0.000000 -7.071934 12.539052
v 20.212372 24.020760 12.626561
v 21.281393 -7.071934 12.626563
v 22.628096 25.770737 13.478737
v 23.290041 -9.156687 13.474937
v 27.482418 4.573052 13.543375
v 24.039495 -8.639347 13.474937
v 24.225924 4.439916 12.626562
v 24.225924 -2.111092 12.626563
v 27.607952 -2.107289 13.474937
v -60.481102 -10.336037 -14.749332
v -60.481102 -10.336037 -12.771103
v -62.835995 -10.336037 -14.890137
v -58.122410 -10.336037 -14.890137
v -67.888092 -10.336037 -12.771103
v -53.070255 -10.336037 -12.771103
v -64.681084 -10.336037 -15.654800
v -56.281120 -10.336037 -15.654800
v -67.907166 -10.336037 -31.206820
v -53.051243 -10.336037 -31.206820
v -64.783806 -10.336037 -31.206820
v -56.174599 -10.336037 -31.206820
v -63.132683 -10.336039 -40.276333
v -57.829460 -10.336039 -40.276333
v -67.933777 -10.336039 -51.601814
v -53.028431 -10.336039 -51.601814
v -63.052841 -10.336039 -51.601814
v -57.905563 -10.336039 -51.601814
v -67.956589 -10.336041 -71.057137
v -53.001816 -10.336041 -71.057137
v -62.919636 -10.336041 -71.057137
v -58.038704 -10.336041 -71.057137
v -67.975601 -10.336041 -86.323860
v -52.982803 -10.336041 -86.323860
v -61.983814 -10.336041 -86.407578
v -58.974586 -10.336041 -86.407578
v -60.481102 -10.020277 -101.339478
v -66.313141 -10.020277 -101.339478
v -60.481102 -10.336041 -86.426590
v -65.038673 -9.681704 -107.833511
v -54.645271 -10.020277 -101.339478
v -60.481102 -9.681704 -107.818237
v -55.919731 -9.681704 -107.833511
v -9.179837 39.340782 -44.605656
v -10.785271 39.382607 -46.606754
v -10.777666 39.264679 -28.433514
v 0.000000 39.158157 -46.610558
v -9.176036 39.249470 -30.396534
v 0.000000 39.146751 -44.826302
v 0.000000 39.063042 -28.471535
v 9.176036 39.340782 -44.605656
v 0.000000 39.070648 -30.453568
v 10.785271 39.382607 -46.606754
v 9.176036 39.249470 -30.396534
v 10.773865 39.264679 -28.433514
v -5.417349 39.709778 -34.497597
v -3.070064 39.709778 -32.241627
v -3.070064 41.680405 -32.241627
v 0.000000 39.880997 -31.290531
v -5.417349 41.680405 -34.497597
v 0.000000 41.680405 -31.454151
v -6.277130 39.709774 -37.579067
v 3.070064 41.680405 -32.241627
v -6.277130 41.680405 -37.579067
v 3.070064 39.709778 -32.241627
v -5.417349 39.709774 -40.660599
v 5.417349 39.709778 -34.497597
v -5.417349 41.680405 -40.660599
v 5.417349 41.680405 -34.497597
v -3.070064 39.709774 -42.916573
v 6.277130 39.709774 -37.579067
v -3.070064 41.680405 -42.916573
v 6.277130 41.680405 -37.579067
v 0.000000 39.709774 -43.707851
v 5.417349 39.709774 -40.660599
v 0.000000 41.680405 -43.707851
v 5.417349 41.680405 -40.660599
v 3.070064 41.680405 -42.916573
v 3.070064 39.709774 -42.916573
v -5.417349 41.680405 -34.497597
v -3.070064 41.680405 -32.241627
v -2.385307 42.361420 -33.386753
v 0.000000 41.680405 -31.454151
v -4.230399 42.361420 -35.159538
v 0.000000 42.361420 -32.770432
v -6.277130 41.680405 -37.579067
v 2.381505 42.361420 -33.386753
v -4.903750 42.361420 -37.579067
v 3.070064 41.680405 -32.241627
v -5.417349 41.680405 -40.660599
v 5.417349 41.680405 -34.497597
v -4.230399 42.361420 -40.002460
v 4.226597 42.361420 -35.159538
v -3.070064 41.680405 -42.916573
v 6.277130 41.680405 -37.579067
v -2.385307 42.361420 -41.775246
v 4.903750 42.361420 -37.579067
v 0.000000 41.680405 -43.707851
v 5.417349 41.680405 -40.660599
v 0.000000 42.361420 -42.387768
v 4.226597 42.361420 -40.002460
v 2.381505 42.361420 -41.775246
v 3.070064 41.680405 -42.916573
v -4.230399 42.361420 -35.159538
v -2.385307 42.361420 -33.386753
v -2.065741 42.365223 -33.915497
v 0.000000 42.361420 -32.770432
v -3.678779 42.361420 -35.463902
v 0.000000 42.365223 -33.382946
v -4.903750 42.361420 -37.579067
v 2.065741 42.365223 -33.915497
v -4.268420 42.361420 -37.579067
v 2.381505 42.361420 -33.386753
v -4.230399 42.361420 -40.002460
v 4.226597 42.361420 -35.159538
v -3.678779 42.361420 -39.694298
v 3.678779 42.361420 -35.463902
v -2.385307 42.361420 -41.775246
v 4.903750 42.361420 -37.579067
v -2.065741 42.361420 -41.246437
v 4.268420 42.361420 -37.579067
v 0.000000 42.361420 -42.387768
v 4.226597 42.361420 -40.002460
v 0.000000 42.365219 -41.779053
v 3.678779 42.361420 -39.694298
v 2.065741 42.361420 -41.246437
v 2.381505 42.361420 -41.775246
v -2.233159 41.364639 -36.266586
v -1.232576 41.364639 -35.304085
v -1.232576 42.433662 -35.304085
v 0.000000 41.364639 -34.984520
v -2.233159 42.433662 -36.266586
v 0.000000 42.433662 -34.984520
v -2.602153 41.364639 -37.579067
v 1.232576 42.433662 -35.304085
v -2.602153 42.433662 -37.579067
v 1.232576 41.364639 -35.304085
v -2.233159 41.364639 -38.895355
v 2.233159 41.364639 -36.266586
v -2.233159 42.433662 -38.895355
v 2.233159 42.433662 -36.266586
v -1.232576 41.364639 -39.857849
v 2.598351 41.364639 -37.579067
v -1.232576 42.433662 -39.857849
v 2.598351 42.433662 -37.579067
v 0.000000 41.364639 -40.173615
v 2.233159 41.364639 -38.895355
v 0.000000 42.433662 -40.173615
v 2.233159 42.433662 -38.895355
v 1.232576 42.433662 -39.857849
v 1.232576 41.364639 -39.857849
v 60.477299 -10.336037 -12.771103
v 60.477299 -10.336037 -14.749332
v 62.835995 -10.336037 -14.890137
v 58.122410 -10.336037 -14.890137
v 67.884285 -10.336037 -12.771103
v 53.070255 -10.336037 -12.771103
v 64.677284 -10.336037 -15.654800
v 56.277317 -10.336037 -15.654800
v 67.903358 -10.336037 -31.206820
v 53.051243 -10.336037 -31.206820
v 64.783806 -10.336037 -31.206820
v 56.170799 -10.336037 -31.206820
v 63.128883 -10.336039 -40.276333
v 57.825661 -10.336039 -40.276333
v 67.929977 -10.336039 -51.601814
v 53.024632 -10.336039 -51.601814
v 63.052841 -10.336039 -51.601814
v 57.901764 -10.336039 -51.601814
v 67.956589 -10.336041 -71.057137
v 53.001816 -10.336041 -71.057137
v 62.919636 -10.336041 -71.057137
v 58.034901 -10.336041 -71.057137
v 67.975601 -10.336041 -86.323860
v 52.982803 -10.336041 -86.323860
v 61.983814 -10.336041 -86.407578
v 58.974586 -10.336041 -86.407578
v 60.477299 -10.020277 -101.339478
v 60.477299 -10.336041 -86.426590
v 54.645271 -10.020277 -101.339478
v 66.313141 -10.020277 -101.339478
v 55.915932 -9.681704 -107.833511
v 65.038673 -9.681704 -107.833511
v 60.477299 -9.681704 -107.818237
v -67.888092 0.011678 -12.771103
v -60.481102 0.011678 -12.771103
v -60.481102 0.011678 -31.206825
v -53.070255 0.011678 -12.771103
v -67.907166 0.011678 -31.206825
v -53.051243 0.011678 -31.206825
v -67.933777 0.011675 -51.601822
v -53.028431 0.011675 -51.601822
v -60.462093 0.011675 -51.601822
v -67.956589 0.011674 -71.057137
v -53.001816 0.011674 -71.057137
v -60.477299 0.011674 -71.057137
v -67.975601 0.011672 -86.323860
v -52.982803 0.011672 -86.323860
v -60.473499 0.011672 -86.426590
v -60.481102 -0.300289 -101.339478
v -66.313141 -0.300289 -101.339478
v -54.645271 -0.300289 -101.339478
v -65.038673 -0.642667 -107.833511
v -55.919731 -0.642667 -107.833511
v -60.481102 -0.642667 -107.818237
v 67.884285 0.011678 -12.771103
v 67.903358 0.011678 -31.206825
v 60.477299 0.011678 -31.206825
v 60.477299 0.011678 -12.771103
v 53.070255 0.011678 -12.771103
v 53.051243 0.011678 -31.206825
v 67.929977 0.011675 -51.601822
v 53.024632 0.011675 -51.601822
v 60.458294 0.011675 -51.601822
v 67.956589 0.011674 -71.057137
v 53.001816 0.011674 -71.057137
v 60.473499 0.011674 -71.057137
v 67.975601 0.011672 -86.323860
v 52.982803 0.011672 -86.323860
v 60.473499 0.011672 -86.426590
v 60.477299 -0.300289 -101.339478
v 66.313141 -0.300289 -101.339478
v 54.645271 -0.300289 -101.339478
v 65.038673 -0.642667 -107.833511
v 55.915932 -0.642667 -107.833511
v 60.477299 -0.642667 -107.818237
v -48.721928 6.977426 -63.608265
v -49.779545 8.160574 -63.520752
v -34.451908 8.160574 -63.520752
v -48.721928 5.744787 -63.608265
v -35.509525 6.977426 -63.608265
v -49.779545 4.812769 -63.520752
v -34.451908 4.812769 -63.520752
v -35.509525 5.744787 -63.608265
v 48.718124 6.977426 -63.608265
v 35.509525 6.977426 -63.608265
v 34.451908 8.160574 -63.520752
v 34.451908 4.812769 -63.520752
v 49.775738 8.160574 -63.520752
v 35.509525 5.744787 -63.608265
v 48.718124 5.744787 -63.608265
v 49.775738 4.812769 -63.520752
v -25.367188 3.211147 62.657169
v -25.371052 3.854082 62.653366
v -26.200352 3.850276 51.727356
v -26.196548 3.211145 51.734959
v -26.386780 3.211145 51.179539
v -26.390583 3.873090 51.171932
v -27.432991 3.873090 37.335609
v -27.432991 3.211145 37.335609
v -25.363386 0.034498 62.676178
v -25.363386 0.677432 62.672382
v -26.196548 0.677431 51.761570
v -26.196548 0.034496 51.769176
v -26.386780 0.034496 51.213753
v -26.386780 0.677431 51.206150
v -27.432991 0.677431 37.335609
v -27.432991 0.034496 37.335609
v 25.367188 3.211147 62.657169
v 26.196548 3.211145 51.734959
v 26.196548 3.850276 51.727356
v 25.367188 3.854082 62.653366
v 26.386780 3.211145 51.179539
v 27.429190 3.211145 37.335609
v 27.429190 3.873090 37.335609
v 26.386780 3.873090 51.171932
v 25.363386 0.034498 62.676178
v 26.196548 0.034496 51.769176
v 26.196548 0.677431 51.761570
v 25.363386 0.677432 62.672382
v 26.382978 0.034496 51.213753
v 27.429190 0.034496 37.335609
v 27.429190 0.677431 37.335609
v 26.382978 0.677431 51.206150
v -1.445620 32.896240 29.419617
v -0.688559 32.896240 29.381598
v -0.688559 32.922855 27.071535
v -1.445620 32.922855 27.071535
v -0.688559 32.911449 23.217796
v -1.445620 32.911449 23.225401
v -1.445620 32.953335 19.732990
v -0.688559 32.953335 19.732990
v -0.688559 32.972343 13.459663
v -1.445620 32.976147 13.459663
v -0.688559 32.987553 7.585809
v -1.445620 32.987553 7.585809
v -0.688559 32.827801 5.672216
v -1.445620 32.839207 5.672216
v -0.688559 39.664150 -16.560209
v -1.445620 39.664150 -16.560209
v -1.445620 38.481007 -6.874439
v -0.688559 38.484810 -6.882043
v -1.445620 35.738049 0.825560
v -0.688559 35.741917 0.814153
v -1.445620 32.839207 5.672216
v -0.688559 32.827801 5.672216
v -1.445620 -9.419217 76.029381
v -0.688559 -9.419217 76.029381
v -0.688559 -9.419217 78.718979
v -1.445620 -9.419217 78.718979
v -0.688559 -9.419217 87.914032
v -1.445620 -9.419217 87.914032
v -0.688559 -5.968690 106.490555
v -21.566677 3.211149 96.306389
v -21.566677 3.873093 96.314003
v -22.981880 3.873093 87.720062
v -22.981880 3.211149 87.720062
v -24.062309 3.873092 78.502136
v -24.062309 3.211147 78.509811
v -25.089508 3.873092 68.428299
v -25.089508 3.211147 68.424500
v -25.477512 3.211147 63.284889
v -25.477512 3.873092 63.281094
v -25.473709 0.677432 63.300098
v -25.473709 0.034498 63.303905
v -25.089508 0.034498 68.409286
v -25.089508 0.677432 68.413094
v -24.058506 0.034498 78.544022
v -24.058506 0.677432 78.536423
v -22.981880 0.034500 87.720062
v -22.981880 0.677434 87.720062
v -21.570480 0.034500 96.275978
v -21.570480 0.677434 96.279770
v 0.688559 32.922855 27.071535
v 0.688559 32.896240 29.381598
v 1.445620 32.896240 29.419617
v 1.445620 32.922855 27.071535
v 0.688559 32.911449 23.217796
v 1.445620 32.911449 23.225401
v 0.688559 32.972343 13.459663
v 0.688559 32.953335 19.732990
v 1.445620 32.953335 19.732990
v 1.445620 32.976147 13.459663
v 0.688559 32.987553 7.585809
v 1.445620 32.987553 7.585809
v 0.688559 32.827801 5.672216
v 1.445620 32.839207 5.672216
v 1.445620 38.481007 -6.874439
v 1.445620 39.664150 -16.560209
v 0.688559 39.664150 -16.560209
v 0.688559 38.484810 -6.882043
v 1.445620 35.738049 0.825560
v 0.688559 35.741917 0.814153
v 1.445620 32.839207 5.672216
v 0.688559 32.827801 5.672216
v 0.688559 -9.419217 78.718979
v 0.688559 -9.419217 76.029381
v 1.445620 -9.419217 76.029381
v 1.445620 -9.419217 78.718979
v 0.688559 -9.419217 87.914032
v 1.445620 -9.419217 87.914032
v 0.688559 -5.968690 106.490555
v 1.445620 -5.968690 106.490555
v 22.978077 3.873093 87.720062
v 21.562878 3.873093 96.314003
v 21.566677 3.211149 96.306389
v 22.978077 3.211149 87.720062
v 24.062309 3.873092 78.502136
v 24.062309 3.211147 78.509811
v 25.085705 3.873092 68.428299
v 25.085705 3.211147 68.424500
v 25.473709 3.211147 63.284889
v 25.473709 3.873092 63.281094
v 25.085705 0.034498 68.409286
v 25.473709 0.034498 63.303905
v 25.473709 0.677432 63.300098
v 25.085705 0.677432 68.413094
v 24.058506 0.034498 78.544022
v 24.058506 0.677432 78.536423
v 22.978077 0.034500 87.720062
v 22.978077 0.677434 87.720062
v 21.570480 0.034500 96.275978
v 21.570480 0.677434 96.279770
v -1.445620 -9.419217 87.914032
v -0.688559 -5.968690 106.490555
v -1.445620 -5.968690 106.490555
v -10.062429 17.728426 84.642326
v -10.085243 14.376820 92.479263
v -1.498912 14.308318 92.547699
v -1.476099 17.728426 84.630920
v -10.039618 7.502382 99.749313
v -1.597829 7.498579 99.798744
v -1.498912 14.308318 92.547699
v -10.085243 14.376820 92.479263
v -27.649837 20.574028 -87.700989
v -27.695463 20.501787 -91.201012
v -30.951956 8.122487 -94.754250
v -30.967163 8.038779 -89.245590
v 10.062429 17.728426 84.642326
v 1.476099 17.728426 84.630920
v 1.495110 14.308318 92.547699
v 10.081442 14.376820 92.479263
v 10.039618 7.502382 99.749313
v 10.081442 14.376820 92.479263
v 1.495110 14.308318 92.547699
v 1.597829 7.498579 99.798744
v 27.646034 20.574028 -87.700989
v 30.967163 8.038779 -89.245590
v 30.948153 8.122487 -94.754250
v 27.695463 20.501787 -91.201012
v -10.899399 21.372971 -105.303604
v -4.728790 21.353962 -105.326416
v -4.728790 14.140947 -109.933472
v -10.922211 14.163760 -109.933472
v -4.728790 7.175197 -111.869881
v -10.948825 7.171393 -111.869881
v -17.465612 21.395786 -105.276985
v -11.504248 21.372971 -105.303604
v -11.557540 14.167562 -109.933472
v -17.515104 14.197979 -109.933472
v -11.606968 7.171393 -111.873688
v -17.499893 7.167591 -111.873688
v 4.724988 14.140947 -109.933472
v 4.728790 21.353962 -105.326416
v 10.895596 21.372971 -105.303604
v 10.922211 14.163760 -109.933472
v 4.724988 7.175197 -111.869881
v 10.948825 7.171393 -111.869881
v 11.553737 14.167562 -109.933472
v 11.504248 21.372971 -105.303604
v 17.465612 21.395786 -105.276985
v 17.515104 14.197979 -109.933472
v 11.603166 7.171393 -111.873688
v 17.499893 7.167591 -111.873688
v -27.706869 20.357182 -96.861809
v -28.140560 18.261023 -99.753113
v -28.992737 14.239864 -102.750938
v -27.684057 20.395264 -94.293884
v -30.955757 8.141499 -98.421623
v -30.929144 8.259425 -104.850891
v 30.955757 8.141499 -98.421623
v 30.929144 8.259425 -104.850891
v 28.992737 14.239864 -102.750938
v 27.680254 20.395264 -94.293884
v 27.703066 20.357182 -96.861809
v 28.136757 18.261023 -99.753113
v 0.000000 7.175197 -111.869881
v -4.070647 7.175197 -111.869881
v -4.021158 14.137144 -109.933472
v 4.017355 14.137144 -109.933472
v 4.070647 7.175197 -111.869881
v 0.000000 14.125738 -109.933472
v -3.971730 21.350098 -105.330215
v 3.967928 21.350098 -105.330215
v 0.000000 21.338692 -105.337822
v -25.717232 13.634962 24.260143
v -25.717232 13.634960 18.922701
v -25.880785 12.942600 17.944994
v -26.409595 10.705638 17.944994
v -26.147121 11.824088 17.568333
v -26.147121 11.824088 25.610712
v -25.880785 12.942600 25.237850
v -26.573212 10.013277 24.260143
v -26.409595 10.705639 25.237850
v -26.573212 10.013277 18.922701
v -22.270510 13.638768 79.890732
v -23.282436 13.638768 69.790276
v -23.506886 12.946405 68.808762
v -23.913963 10.701839 68.808762
v -23.746546 11.824093 68.435905
v -22.464542 11.824093 81.241295
v -22.297123 12.946406 80.868439
v -22.928650 10.009480 79.890732
v -22.704201 10.701842 80.868439
v -23.940578 10.009480 69.790276
v 26.143322 11.824088 25.610712
v 26.409595 10.705639 25.237850
v 26.569408 10.013277 24.260143
v 26.569408 10.013277 18.922701
v 26.409595 10.705638 17.944994
v 25.717232 13.634962 24.260143
v 25.880785 12.942600 25.237850
v 25.880785 12.942600 17.944994
v 26.143322 11.824088 17.568333
v 25.717232 13.634960 18.922701
v 22.460739 11.824093 81.241295
v 22.704201 10.701842 80.868439
v 22.928650 10.009480 79.890732
v 23.940578 10.009480 69.790276
v 23.913963 10.701839 68.808762
v 22.266708 13.638768 79.890732
v 22.297123 12.946406 80.868439
v 23.503084 12.946405 68.808762
v 23.746546 11.824093 68.435905
v 23.278635 13.638768 69.790276
v -20.779581 1.571182 101.541710
v -21.016003 1.404635 100.139633
v -21.322824 3.922292 98.320068
v -21.056511 3.534328 99.899414
v -20.641346 2.652364 102.361496
v -20.411617 1.800187 103.723869
v -20.613653 1.135375 102.525719
v -20.994202 0.190955 100.268929
v -21.263979 -0.197009 98.669052
v -21.138260 2.611418 99.414604
v -20.836813 3.176620 101.202309
v -20.790081 0.600710 101.479446
v -21.050463 1.404462 99.935272
v -21.395779 4.203928 97.887421
v -21.068819 3.762913 99.826431
v -20.596884 2.760350 102.625183
v -20.335741 1.791645 104.173843
v -20.565403 1.035929 102.811859
v -20.997986 -0.037631 100.246475
v -21.356579 -0.478644 98.119896
v -21.196362 2.755442 99.070045
v -20.819077 3.356292 101.307480
v -20.765955 0.428153 101.622513
v -21.336666 1.892622 98.133942
v -21.329033 2.358634 98.179207
v -21.306431 2.806740 98.313248
v -21.269726 3.219717 98.530914
v -21.220331 3.581692 98.823845
v -21.160145 3.878759 99.180786
v -21.091476 4.099499 99.588005
v -21.016968 4.235430 100.029877
v -20.939482 4.281329 100.489395
v -20.861992 4.235430 100.948929
v -20.787485 4.099499 101.390793
v -20.718815 3.878759 101.798019
v -20.658628 3.581692 102.154961
v -20.609234 3.219717 102.447891
v -20.572529 2.806740 102.665558
v -20.549927 2.358636 102.799599
v -20.542295 1.892622 102.844856
v -20.549927 1.426607 102.799599
v -20.572529 0.978502 102.665558
v -20.609234 0.565526 102.447891
v -20.658627 0.203550 102.154961
v -20.718815 -0.093516 101.798019
v -20.787485 -0.314257 101.390793
v -20.861992 -0.450187 100.948929
v -20.939480 -0.496087 100.489395
v -21.016968 -0.450187 100.029877
v -21.091476 -0.314257 99.588005
v -21.160145 -0.093516 99.180786
v -21.220331 0.203550 98.823845
v -21.269726 0.565526 98.530914
v -21.306431 0.978502 98.313248
v -21.329033 1.426607 98.179207
v -20.939480 1.892622 100.489395
v -21.376131 1.892622 97.899902
v -21.367741 2.404940 97.949661
v -21.342892 2.897570 98.097015
v -21.302540 3.351581 98.336304
v -21.248238 3.749524 98.658356
v -21.182070 4.076109 99.050751
v -21.106579 4.318782 99.498444
v -21.024666 4.468219 99.984215
v -20.939480 4.518678 100.489395
v -20.854294 4.468219 100.994583
v -20.772381 4.318782 101.480362
v -20.696890 4.076109 101.928055
v -20.630722 3.749524 102.320450
v -20.576418 3.351581 102.642487
v -20.536068 2.897570 102.881783
v -20.511219 2.404940 103.029144
v -20.502831 1.892622 103.078903
v -20.511219 1.380303 103.029144
v -20.536068 0.887673 102.881783
v -20.576418 0.433662 102.642487
v -20.630720 0.035719 102.320450
v -20.696888 -0.290865 101.928055
v -20.772381 -0.533538 101.480362
v -20.854292 -0.682976 100.994583
v -20.939480 -0.733435 100.489395
v -21.024666 -0.682976 99.984215
v -21.106577 -0.533538 99.498444
v -21.182070 -0.290865 99.050751
v -21.248238 0.035719 98.658356
v -21.302540 0.433662 98.336304
v -21.342892 0.887673 98.097015
v -21.367741 1.380303 97.949661
v -21.329033 2.358634 98.179207
v -21.336666 1.892622 98.133942
v -21.306431 2.806740 98.313248
v -21.269726 3.219717 98.530914
v -21.220331 3.581692 98.823845
v -21.160145 3.878759 99.180786
v -21.091476 4.099499 99.588005
v -21.016968 4.235430 100.029877
v -20.939482 4.281329 100.489395
v -20.861992 4.235430 100.948929
v -20.787485 4.099499 101.390793
v -20.718815 3.878759 101.798019
v -20.658628 3.581692 102.154961
v -20.609234 3.219717 102.447891
v -20.572529 2.806740 102.665558
v -20.549927 2.358636 102.799599
v -20.542295 1.892622 102.844856
v -20.549927 1.426607 102.799599
v -20.572529 0.978502 102.665558
v -20.609234 0.565526 102.447891
v -20.658627 0.203550 102.154961
v -20.718815 -0.093516 101.798019
v -20.787485 -0.314257 101.390793
v -20.861992 -0.450187 100.948929
v -20.939480 -0.496087 100.489395
v -21.016968 -0.450187 100.029877
v -21.091476 -0.314257 99.588005
v -21.160145 -0.093516 99.180786
v -21.220331 0.203550 98.823845
v -21.269726 0.565526 98.530914
v -21.306431 0.978502 98.313248
v -21.329033 1.426607 98.179207
v -21.138260 2.611418 99.414604
v -21.016003 1.404635 100.139633
v -21.056511 3.534328 99.899414
v -21.322824 3.922292 98.320068
v -20.836813 3.176620 101.202309
v -20.411617 1.800187 103.723869
v -20.641346 2.652364 102.361496
v -20.613653 1.135375 102.525719
v -20.790081 0.600710 101.479446
v -21.263979 -0.197009 98.669052
v -20.994202 0.190955 100.268929
v 20.779572 2.154101 101.541710
v 21.015995 2.320648 100.139633
v 21.322815 -0.197009 98.320068
v 21.056501 0.190955 99.899414
v 20.641336 1.072919 102.361496
v 20.411608 1.925097 103.723869
v 20.613644 2.589908 102.525719
v 20.994190 3.534328 100.268929
v 21.263969 3.922292 98.669052
v 21.138250 1.113865 99.414604
v 20.836803 0.548663 101.202309
v 20.790071 3.124573 101.479446
v 21.050453 2.320821 99.935272
v 21.395769 -0.478644 97.887421
v 21.068806 -0.037630 99.826431
v 20.596874 0.964934 102.625183
v 20.335732 1.933638 104.173843
v 20.565393 2.689354 102.811859
v 20.997978 3.762914 100.246475
v 21.356567 4.203929 98.119896
v 21.196350 0.969841 99.070045
v 20.819069 0.368991 101.307480
v 20.765945 3.297130 101.622513
v 21.336655 1.832662 98.133942
v 21.329023 1.366647 98.179207
v 21.306421 0.918543 98.313248
v 21.269718 0.505567 98.530914
v 21.220322 0.143591 98.823845
v 21.160135 -0.153476 99.180786
v 21.091465 -0.374216 99.588005
v 21.016958 -0.510147 100.029877
v 20.939468 -0.556045 100.489395
v 20.861984 -0.510147 100.948929
v 20.787476 -0.374216 101.390793
v 20.718805 -0.153476 101.798019
v 20.658619 0.143591 102.154961
v 20.609224 0.505567 102.447891
v 20.572519 0.918543 102.665558
v 20.549917 1.366647 102.799599
v 20.542286 1.832662 102.844856
v 20.549917 2.298676 102.799599
v 20.572519 2.746781 102.665558
v 20.609224 3.159757 102.447891
v 20.658619 3.521733 102.154961
v 20.718805 3.818799 101.798019
v 20.787476 4.039540 101.390793
v 20.861984 4.175471 100.948929
v 20.939468 4.221369 100.489395
v 21.016958 4.175471 100.029877
v 21.091465 4.039540 99.588005
v 21.160135 3.818799 99.180786
v 21.220322 3.521733 98.823845
v 21.269718 3.159757 98.530914
v 21.306421 2.746781 98.313248
v 21.329023 2.298676 98.179207
v 20.939468 1.832662 100.489395
v 21.376122 1.832662 97.899902
v 21.367731 1.320343 97.949661
v 21.342884 0.827713 98.097015
v 21.302530 0.373702 98.336304
v 21.248228 -0.024241 98.658356
v 21.182060 -0.350826 99.050751
v 21.106569 -0.593498 99.498444
v 21.024656 -0.742936 99.984215
v 20.939468 -0.793395 100.489395
v 20.854282 -0.742936 100.994583
v 20.772371 -0.593498 101.480362
v 20.696880 -0.350826 101.928055
v 20.630711 -0.024241 102.320450
v 20.576408 0.373702 102.642487
v 20.536058 0.827713 102.881783
v 20.511209 1.320343 103.029144
v 20.502819 1.832662 103.078903
v 20.511209 2.344980 103.029144
v 20.536058 2.837610 102.881783
v 20.576408 3.291621 102.642487
v 20.630713 3.689564 102.320450
v 20.696880 4.016148 101.928055
v 20.772371 4.258822 101.480362
v 20.854282 4.408259 100.994583
v 20.939468 4.458718 100.489395
v 21.024656 4.408259 99.984215
v 21.106569 4.258822 99.498444
v 21.182060 4.016148 99.050751
v 21.248228 3.689564 98.658356
v 21.302530 3.291621 98.336304
v 21.342884 2.837610 98.097015
v 21.367731 2.344980 97.949661
v 21.329023 1.366647 98.179207
v 21.336655 1.832662 98.133942
v 21.306421 0.918543 98.313248
v 21.269718 0.505567 98.530914
v 21.220322 0.143591 98.823845
v 21.160135 -0.153476 99.180786
v 21.091465 -0.374216 99.588005
v 21.016958 -0.510147 100.029877
v 20.939468 -0.556045 100.489395
v 20.861984 -0.510147 100.948929
v 20.787476 -0.374216 101.390793
v 20.718805 -0.153476 101.798019
v 20.658619 0.143591 102.154961
v 20.609224 0.505567 102.447891
v 20.572519 0.918543 102.665558
v 20.549917 1.366647 102.799599
v 20.542286 1.832662 102.844856
v 20.549917 2.298676 102.799599
v 20.572519 2.746781 102.665558
v 20.609224 3.159757 102.447891
v 20.658619 3.521733 102.154961
v 20.718805 3.818799 101.798019
v 20.787476 4.039540 101.390793
v 20.861984 4.175471 100.948929
v 20.939468 4.221369 100.489395
v 21.016958 4.175471 100.029877
v 21.091465 4.039540 99.588005
v 21.160135 3.818799 99.180786
v 21.220322 3.521733 98.823845
v 21.269718 3.159757 98.530914
v 21.306421 2.746781 98.313248
v 21.329023 2.298676 98.179207
v 21.138250 1.113865 99.414604
v 21.015995 2.320648 100.139633
v 21.056501 0.190955 99.899414
v 21.322815 -0.197009 98.320068
v 20.836803 0.548663 101.202309
v 20.411608 1.925097 103.723869
v 20.641336 1.072919 102.361496
v 20.613644 2.589908 102.525719
v 20.790071 3.124573 101.479446
v 21.263969 3.922292 98.669052
v 20.994190 3.534328 100.268929
v 0.036305 32.924709 33.022598
v -0.554639 32.924667 32.589531
v 2.494203 32.924671 30.354950
v 2.024384 32.924671 32.294514
v 0.956340 32.648891 35.301514
v -0.075633 32.447887 36.962502
v -0.880708 32.624660 35.501740
v -1.933283 32.924667 33.022594
v -2.494203 32.924667 30.783535
v 0.906755 32.924671 31.699139
v 1.591206 32.819916 33.888248
v -1.528178 32.779026 34.226128
v -0.554848 32.924667 32.338554
v 2.835259 32.924671 29.823629
v 2.301198 32.924671 32.204887
v 1.087109 32.609985 35.622990
v -0.085975 32.381500 37.511101
v -1.001135 32.582443 35.850597
v -2.200408 32.924667 33.022594
v -2.835259 32.924667 30.109131
v 1.081166 32.924671 31.275988
v 1.808786 32.804398 34.016472
v -1.737141 32.757915 34.400555
v 0.036305 32.907368 30.129913
v 0.600640 32.907368 30.185497
v 1.143288 32.907368 30.350105
v 1.643395 32.907368 30.617418
v 2.081742 32.907368 30.977163
v 2.441485 32.907368 31.415510
v 2.708798 32.907368 31.915617
v 2.873408 32.907368 32.458263
v 2.928990 32.907368 33.022598
v 2.873408 32.839573 33.582848
v 2.708797 32.774384 34.121563
v 2.441484 32.714302 34.618050
v 2.081742 32.661636 35.053223
v 1.643395 32.618416 35.410358
v 1.143288 32.586304 35.675735
v 0.600640 32.566528 35.839153
v 0.036305 32.559853 35.894333
v -0.528030 32.566528 35.839153
v -1.070678 32.586304 35.675735
v -1.570785 32.618416 35.410358
v -2.009132 32.661636 35.053223
v -2.368874 32.714298 34.618050
v -2.636187 32.774380 34.121563
v -2.800797 32.839569 33.582848
v -2.856380 32.907368 33.022598
v -2.800798 32.907368 32.458263
v -2.636187 32.907368 31.915617
v -2.368875 32.907368 31.415510
v -2.009132 32.907368 30.977163
v -1.570785 32.907368 30.617418
v -1.070678 32.907368 30.350105
v -0.528030 32.907368 30.185497
v 0.036305 32.907368 33.022598
v 0.036305 32.907368 29.842489
v 0.656714 32.907368 29.903593
v 1.253282 32.907368 30.084560
v 1.803081 32.907368 30.378433
v 2.284984 32.907368 30.773922
v 2.680471 32.907368 31.255825
v 2.974345 32.907368 31.805622
v 3.155312 32.907368 32.402191
v 3.216417 32.907368 33.022598
v 3.155312 32.832836 33.638515
v 2.974345 32.761162 34.230762
v 2.680471 32.695114 34.776577
v 2.284984 32.637218 35.254990
v 1.803081 32.589706 35.647614
v 1.253282 32.554401 35.939362
v 0.656714 32.532661 36.119015
v 0.036305 32.525322 36.179680
v -0.584103 32.532661 36.119015
v -1.180670 32.554401 35.939362
v -1.730470 32.589706 35.647614
v -2.212373 32.637218 35.254990
v -2.607860 32.695114 34.776577
v -2.901734 32.761162 34.230762
v -3.082701 32.832832 33.638515
v -3.143806 32.907368 33.022598
v -3.082701 32.907368 32.402191
v -2.901734 32.907368 31.805622
v -2.607860 32.907368 31.255825
v -2.212373 32.907368 30.773922
v -1.730470 32.907368 30.378433
v -1.180670 32.907368 30.084560
v -0.584104 32.907368 29.903593
v 0.600640 32.907368 30.185497
v 0.036305 32.907368 30.129913
v 1.143288 32.907368 30.350105
v 1.643395 32.907368 30.617418
v 2.081742 32.907368 30.977163
v 2.441485 32.907368 31.415510
v 2.708798 32.907368 31.915617
v 2.873408 32.907368 32.458263
v 2.928990 32.907368 33.022598
v 2.873408 32.839573 33.582848
v 2.708797 32.774384 34.121563
v 2.441484 32.714302 34.618050
v 2.081742 32.661636 35.053223
v 1.643395 32.618416 35.410358
v 1.143288 32.586304 35.675735
v 0.600640 32.566528 35.839153
v 0.036305 32.559853 35.894333
v -0.528030 32.566528 35.839153
v -1.070678 32.586304 35.675735
v -1.570785 32.618416 35.410358
v -2.009132 32.661636 35.053223
v -2.368874 32.714298 34.618050
v -2.636187 32.774380 34.121563
v -2.800797 32.839569 33.582848
v -2.856380 32.907368 33.022598
v -2.800798 32.907368 32.458263
v -2.636187 32.907368 31.915617
v -2.368875 32.907368 31.415510
v -2.009132 32.907368 30.977163
v -1.570785 32.907368 30.617418
v -1.070678 32.907368 30.350105
v -0.528030 32.907368 30.185497
v 0.906755 32.924671 31.699139
v -0.554639 32.924667 32.589531
v 2.024384 32.924671 32.294514
v 2.494203 32.924671 30.354950
v 1.591206 32.819916 33.888248
v -0.075633 32.447887 36.962502
v 0.956340 32.648891 35.301514
v -0.880708 32.624660 35.501740
v -1.528178 32.779026 34.226128
v -2.494203 32.924667 30.783535
v -1.933283 32.924667 33.022594
v 2.079889 32.924671 33.022594
v -2.019170 32.859425 33.561737
v 1.827313 32.924671 33.022594
v -1.776281 32.868324 33.488213
v 1.827313 32.924671 33.022594
v -1.776281 32.868324 33.488213
v 0.351420 -4.548815 110.810814
v 0.517967 -5.014436 109.467354
v -1.999693 -5.618709 107.723839
v -1.611727 -5.094214 109.237175
v -0.729761 -4.276564 111.596336
v 0.122418 -3.824128 112.901764
v 0.787228 -4.222026 111.753700
v 1.731646 -4.971497 109.591232
v 2.119609 -5.502809 108.058235
v -0.688817 -5.255213 108.772629
v -1.254018 -4.661530 110.485603
v 1.321892 -4.569492 110.751152
v 0.518139 -5.082301 109.271530
v -2.281329 -5.762387 107.309280
v -1.840313 -5.118452 109.167244
v -0.837746 -4.188998 111.848991
v 0.130959 -3.674695 113.332932
v 0.886674 -4.127004 112.027878
v 1.960232 -4.978953 109.569717
v 2.401244 -5.685178 107.532036
v -0.832841 -5.369640 108.442467
v -1.433691 -4.626600 110.586380
v 1.494449 -4.521978 110.888229
v 0.029978 -5.663211 107.542587
v -0.436036 -5.648183 107.585953
v -0.884141 -5.603667 107.714394
v -1.297117 -5.531383 107.922966
v -1.659093 -5.434101 108.203651
v -1.956159 -5.315565 108.545670
v -2.176899 -5.180328 108.935867
v -2.312830 -5.033586 109.359268
v -2.358728 -4.880977 109.799583
v -2.312829 -4.728372 110.239906
v -2.176897 -4.581632 110.663300
v -1.956157 -4.446393 111.053505
v -1.659090 -4.327853 111.395523
v -1.297113 -4.230571 111.676208
v -0.884137 -4.158286 111.884773
v -0.436032 -4.113771 112.013214
v 0.029982 -4.098742 112.056580
v 0.495996 -4.113771 112.013214
v 0.944101 -4.158287 111.884773
v 1.357076 -4.230571 111.676208
v 1.719052 -4.327853 111.395523
v 2.016119 -4.446393 111.053505
v 2.236858 -4.581632 110.663300
v 2.372789 -4.728373 110.239906
v 2.418687 -4.880977 109.799583
v 2.372788 -5.033587 109.359268
v 2.236857 -5.180326 108.935867
v 2.016116 -5.315566 108.545670
v 1.719049 -5.434101 108.203651
v 1.357073 -5.531383 107.922966
v 0.944097 -5.603667 107.714394
v 0.495991 -5.648183 107.585953
v 0.029980 -4.880977 109.799583
v 0.029977 -5.740942 107.318329
v -0.482341 -5.724413 107.366013
v -0.974971 -5.675477 107.507202
v -1.428982 -5.596008 107.736496
v -1.826925 -5.489064 108.045074
v -2.153508 -5.358747 108.421082
v -2.396182 -5.210069 108.850052
v -2.545619 -5.048750 109.315521
v -2.596077 -4.880977 109.799583
v -2.545618 -4.713208 110.283661
v -2.396180 -4.551885 110.749123
v -2.153506 -4.403211 111.178101
v -1.826922 -4.272896 111.554100
v -1.428978 -4.165946 111.862679
v -0.974967 -4.086477 112.091972
v -0.482336 -4.037541 112.233162
v 0.029982 -4.021017 112.280846
v 0.542300 -4.037541 112.233162
v 1.034930 -4.086477 112.091972
v 1.488941 -4.165946 111.862679
v 1.886884 -4.272891 111.554100
v 2.213467 -4.403206 111.178093
v 2.456141 -4.551885 110.749123
v 2.605579 -4.713209 110.283653
v 2.656037 -4.880977 109.799583
v 2.605577 -5.048746 109.315506
v 2.456139 -5.210070 108.850052
v 2.213465 -5.358748 108.421066
v 1.886881 -5.489064 108.045059
v 1.488937 -5.596008 107.736496
v 1.034926 -5.675478 107.507202
v 0.542296 -5.724413 107.366013
v -0.436036 -5.648183 107.585953
v 0.029978 -5.663211 107.542587
v -0.884141 -5.603667 107.714394
v -1.297117 -5.531383 107.922966
v -1.659093 -5.434101 108.203651
v -1.956159 -5.315565 108.545670
v -2.176899 -5.180328 108.935867
v -2.312830 -5.033586 109.359268
v -2.358728 -4.880977 109.799583
v -2.312829 -4.728372 110.239906
v -2.176897 -4.581632 110.663300
v -1.956157 -4.446393 111.053505
v -1.659090 -4.327853 111.395523
v -1.297113 -4.230571 111.676208
v -0.884137 -4.158286 111.884773
v -0.436032 -4.113771 112.013214
v 0.029982 -4.098742 112.056580
v 0.495996 -4.113771 112.013214
v 0.944101 -4.158287 111.884773
v 1.357076 -4.230571 111.676208
v 1.719052 -4.327853 111.395523
v 2.016119 -4.446393 111.053505
v 2.236858 -4.581632 110.663300
v 2.372789 -4.728373 110.239906
v 2.418687 -4.880977 109.799583
v 2.372788 -5.033587 109.359268
v 2.236857 -5.180326 108.935867
v 2.016116 -5.315566 108.545670
v 1.719049 -5.434101 108.203651
v 1.357073 -5.531383 107.922966
v 0.944097 -5.603667 107.714394
v 0.495991 -5.648183 107.585953
v -0.688817 -5.255213 108.772629
v 0.517967 -5.014436 109.467354
v -1.611727 -5.094214 109.237175
v -1.999693 -5.618709 107.723839
v -1.254018 -4.661530 110.485603
v 0.122418 -3.824128 112.901764
v -0.729761 -4.276564 111.596336
v 0.787228 -4.222026 111.753700
v 1.321892 -4.569492 110.751152
v 2.119609 -5.502809 108.058235
v 1.731646 -4.971497 109.591232
vn 0.7685 0.6274 0.1255
vn 0.8642 0.4871 0.1257
vn -0.8537 0.5091 0.1097
vn -0.7518 0.6343 0.1801
vn 0.2827 -0.6744 -0.6821
vn 0.2264 -0.4293 -0.8743
vn -0.2337 -0.4286 -0.8727
vn -0.2824 -0.6744 -0.6822
vn -0.9910 0.1092 -0.0780
vn -0.8642 0.4871 0.1257
vn -0.7685 0.6274 0.1255
vn 0.7483 0.6381 0.1812
vn 0.8537 0.5091 0.1097
vn 0.7484 0.6381 0.1812
vn -0.2823 -0.6744 -0.6823
vn 0.2822 -0.6744 -0.6823
vn 0.9908 0.1101 -0.0786
vn -1.0000 -0.0000 -0.0000
vn -0.9055 0.3590 -0.2264
vn -0.8716 0.4162 0.2591
vn -0.9702 -0.2425 -0.0000
vn -0.9956 0.0941 -0.0000
vn -0.9931 0.1173 -0.0078
vn -0.8520 0.5236 -0.0000
vn -0.8610 0.5087 -0.0000
vn -0.7559 -0.6545 0.0156
vn -0.9701 -0.2426 -0.0000
vn -0.7414 -0.6711 -0.0000
vn -0.9440 -0.3277 0.0390
vn -0.8871 -0.4591 0.0467
vn -0.9409 -0.3371 0.0313
vn -0.9766 -0.2031 0.0703
vn -0.8456 -0.5324 0.0392
vn -0.9923 0.1016 0.0703
vn -0.9915 0.1093 0.0703
vn -0.9760 0.2108 0.0547
vn -0.8441 0.5315 0.0703
vn -0.8042 0.5856 0.1015
vn -0.9787 0.1957 0.0626
vn -0.9845 -0.1641 0.0625
vn -0.9925 0.0938 0.0781
vn -0.7987 0.5716 0.1879
vn -0.9840 -0.1562 0.0859
vn -0.9876 -0.1254 0.0941
vn -0.8687 -0.4930 0.0470
vn -0.9904 0.0936 0.1014
vn -0.9897 -0.0701 0.1247
vn -0.8730 -0.4754 0.1091
vn -0.8476 -0.4631 0.2590
vn -0.9866 0.0940 0.1331
vn -0.7999 0.5254 0.2901
vn -0.9803 -0.0235 0.1961
vn -0.7911 -0.3916 0.4700
vn -0.8641 0.1963 0.4634
vn -0.7743 0.4067 0.4849
vn -0.9621 0.1251 0.2425
vn -0.7198 0.5320 0.4459
vn 0.8716 0.4162 0.2591
vn 0.9040 0.3616 -0.2280
vn 1.0000 -0.0000 -0.0000
vn 0.9956 0.0941 -0.0000
vn 0.9702 -0.2425 -0.0000
vn 0.9931 0.1173 -0.0078
vn 0.8498 0.5271 -0.0000
vn 0.8610 0.5087 -0.0000
vn 0.9701 -0.2426 -0.0000
vn 0.7525 -0.6584 0.0157
vn 0.7414 -0.6711 -0.0000
vn 0.9431 -0.3301 0.0393
vn 0.8855 -0.4623 0.0470
vn 0.9763 -0.2047 0.0708
vn 0.9409 -0.3372 0.0314
vn 0.9922 0.1024 0.0709
vn 0.8456 -0.5324 0.0392
vn 0.9914 0.1101 0.0708
vn 0.9756 0.2124 0.0551
vn 0.8419 0.5350 0.0708
vn 0.8014 0.5893 0.1022
vn 0.9786 0.1958 0.0626
vn 0.9845 -0.1641 0.0625
vn 0.9924 0.0945 0.0788
vn 0.7959 0.5752 0.1891
vn 0.9837 -0.1574 0.0866
vn 0.9903 0.0943 0.1022
vn 0.9876 -0.1254 0.0941
vn 0.8687 -0.4930 0.0470
vn 0.9866 0.0940 0.1331
vn 0.7970 0.5287 0.2920
vn 0.9896 -0.0706 0.1257
vn 0.8711 -0.4787 0.1099
vn 0.8477 -0.4630 0.2590
vn 0.9621 0.1251 0.2425
vn 0.7160 0.5350 0.4485
vn 0.7743 0.4067 0.4849
vn 0.9803 -0.0235 0.1961
vn 0.7911 -0.3916 0.4699
vn 0.8641 0.1964 0.4634
vn -0.2899 -0.7365 0.6112
vn -0.2827 -0.7382 0.6125
vn -0.2899 -0.7365 0.6111
vn -0.2440 0.0551 0.9682
vn -0.2346 0.0704 0.9696
vn -0.2515 0.0471 0.9667
vn -0.2589 0.0393 0.9651
vn -0.2664 -0.9639 -0.0000
vn -0.3045 -0.9525 -0.0000
vn -0.3581 -0.3893 -0.8486
vn -0.3446 -0.4072 -0.8458
vn -0.3582 -0.3892 -0.8486
vn -0.3671 -0.3749 -0.8513
vn -0.9683 0.2499 -0.0000
vn -0.3303 0.9438 0.0079
vn -0.3279 0.9447 0.0078
vn -0.3844 0.3844 -0.8393
vn -0.3910 0.3832 -0.8368
vn -0.3844 0.3846 -0.8393
vn -0.5180 -0.8554 -0.0000
vn -0.5237 -0.8519 -0.0000
vn -0.5236 -0.8519 -0.0000
vn -0.4526 -0.1327 0.8818
vn -0.4778 -0.1253 0.8695
vn -0.4464 -0.1331 0.8849
vn -0.3209 0.9471 0.0079
vn -0.3209 0.9471 0.0078
vn -0.4688 0.2344 -0.8516
vn -0.3898 0.2105 -0.8965
vn -0.3925 0.2120 -0.8950
vn -0.5617 -0.8270 0.0234
vn -0.5707 -0.8209 0.0235
vn -0.5707 -0.8208 0.0235
vn -0.5511 -0.0000 0.8344
vn -0.5511 -0.0000 0.8345
vn -0.6187 0.7205 -0.3133
vn -0.6088 0.7259 -0.3200
vn -0.6138 0.7240 -0.3148
vn -0.6202 0.7222 -0.3063
vn -0.0156 0.9773 -0.2111
vn -0.0078 0.9806 -0.1961
vn 0.5482 0.6030 -0.5795
vn 0.5401 0.6106 -0.5792
vn 0.5417 0.4553 -0.7065
vn 0.5417 0.4554 -0.7065
vn 0.5417 0.4553 -0.7066
vn 0.5091 0.2271 -0.8302
vn -0.0000 -0.1568 -0.9876
vn -0.0000 -0.1480 -0.9890
vn -0.5179 0.3218 -0.7926
vn -0.5180 0.3218 -0.7926
vn -0.5381 0.3198 -0.7799
vn -0.5242 0.5320 -0.6650
vn -0.5546 0.5312 -0.6405
vn -0.5314 0.6720 -0.5157
vn -0.5314 0.6720 -0.5158
vn -0.5419 0.6676 -0.5105
vn -0.9701 0.2426 -0.0000
vn -0.9138 0.4061 -0.0000
vn -0.9235 0.3835 -0.0000
vn -0.9719 0.2352 -0.0000
vn 1.0000 -0.0000 0.0079
vn -0.7339 -0.6792 -0.0078
vn -0.7339 -0.6793 -0.0078
vn -0.7263 -0.6873 -0.0078
vn -0.0000 -1.0000 -0.0000
vn -0.0000 -0.3443 0.9389
vn -0.0000 -0.4378 -0.8991
vn -0.9066 -0.4220 -0.0078
vn -0.9065 -0.4220 -0.0078
vn -0.9020 -0.4314 -0.0157
vn 0.9525 -0.3045 -0.0000
vn 0.9525 -0.3044 -0.0000
vn -0.0000 -0.5087 -0.8609
vn 0.0157 -0.4566 0.8895
vn 0.0158 -0.4566 0.8896
vn 0.0157 -0.4566 0.8896
vn 0.0158 -0.4408 0.8974
vn -0.0000 -0.6629 -0.7487
vn 0.0078 -0.5708 0.8210
vn 0.0156 -0.5618 0.8271
vn -0.9956 0.0940 -0.0000
vn -0.9737 0.2277 -0.0000
vn -0.9737 0.2278 -0.0000
vn -0.0000 1.0000 -0.0000
vn 0.0079 0.4314 0.9021
vn 0.0078 0.4314 0.9021
vn 0.0078 0.4378 0.8990
vn -0.6598 0.4948 0.5656
vn -0.9054 0.3591 -0.2264
vn -0.6343 0.4934 -0.5952
vn 0.0078 0.4314 -0.9021
vn 0.0157 0.4378 -0.8989
vn -0.9970 0.0779 -0.0000
vn -0.9970 0.0778 -0.0000
vn -0.8626 0.1647 -0.4783
vn -0.8582 0.1717 -0.4837
vn -0.8593 0.1641 -0.4844
vn -0.9975 -0.0000 0.0701
vn -0.9353 -0.3507 0.0468
vn -0.9149 -0.3988 0.0626
vn -0.9217 -0.3827 0.0625
vn -0.9416 -0.3346 0.0389
vn -0.0079 0.4876 0.8730
vn -0.0078 0.4876 0.8730
vn -0.0001 0.5087 0.8609
vn -0.0000 0.5088 0.8609
vn -0.0000 0.9196 0.3930
vn -0.0000 0.7303 0.6832
vn -0.0000 0.7303 0.6831
vn -0.0000 0.7266 0.6871
vn -0.0000 -0.5029 0.8643
vn -0.0000 -0.5029 0.8644
vn -0.0000 0.4936 -0.8697
vn -0.8608 0.5087 0.0157
vn -0.8642 0.5028 0.0157
vn -0.0000 0.9658 0.2592
vn -0.0000 0.9658 0.2591
vn -0.0000 0.7071 -0.7071
vn -0.0000 0.5364 0.8440
vn -0.0000 0.5419 0.8404
vn -0.0079 1.0000 -0.0000
vn 0.8832 0.4689 -0.0000
vn 0.8833 0.4688 -0.0000
vn 0.8832 0.4690 -0.0000
vn -0.0000 0.4315 0.9021
vn -0.0000 0.4250 0.9052
vn -0.8462 0.5328 -0.0000
vn -0.0156 0.4220 -0.9065
vn -0.0157 0.4314 -0.9020
vn -0.9774 0.2111 0.0078
vn -0.2830 0.9591 -0.0000
vn -0.4395 0.0785 0.8948
vn -0.4396 0.0785 0.8948
vn -0.4791 0.1021 0.8718
vn -0.7487 -0.6629 -0.0000
vn -0.5010 0.0861 -0.8611
vn -0.4456 0.0860 -0.8911
vn -0.0000 0.5420 0.8404
vn -0.8519 0.5237 -0.0001
vn -0.3279 0.9447 -0.0000
vn -0.3511 0.9363 -0.0000
vn -0.8609 0.5088 -0.0000
vn -0.9974 0.0701 0.0156
vn -0.8609 -0.5087 -0.0000
vn -0.9638 -0.2665 -0.0000
vn -0.8609 -0.5088 -0.0000
vn -0.1337 -0.0000 0.9910
vn -1.0000 -0.0000 0.0079
vn -1.0000 -0.0000 0.0078
vn -0.2973 -0.0000 0.9548
vn -0.2974 -0.0000 0.9548
vn -0.9806 -0.0000 0.1961
vn -0.9806 -0.0000 0.1962
vn -0.7264 -0.0000 0.6873
vn -0.0390 -0.0078 -0.9992
vn -0.0468 -0.0156 -0.9988
vn -0.0313 -0.0000 -0.9995
vn -0.5761 -0.0000 -0.8174
vn -0.5760 -0.0000 -0.8174
vn -0.2592 0.9658 -0.0000
vn -0.5087 0.8609 -0.0000
vn -0.4995 0.8663 -0.0000
vn -0.2518 0.9678 -0.0000
vn -0.7032 0.7110 -0.0000
vn -0.4315 0.9021 -0.0000
vn -0.4472 0.8944 -0.0000
vn -0.7452 0.6668 -0.0078
vn -0.4843 0.8749 -0.0000
vn -0.2572 -0.9664 -0.0000
vn -0.2499 -0.9683 -0.0000
vn -0.4995 -0.8663 -0.0000
vn -0.5054 -0.8629 -0.0000
vn -0.7032 -0.7110 -0.0000
vn -0.7452 -0.6668 -0.0078
vn -0.4472 -0.8944 -0.0000
vn -0.4284 -0.9036 -0.0000
vn -0.4843 -0.8749 -0.0000
vn 0.7669 -0.6417 -0.0078
vn -0.9931 0.1173 -0.0000
vn -0.3281 0.4687 -0.8202
vn -0.3605 0.4937 -0.7914
vn -0.3500 -0.4978 -0.7935
vn -0.3501 -0.4979 -0.7935
vn -0.3293 -0.4626 -0.8232
vn -0.9931 -0.1173 -0.0000
vn -0.9931 -0.1174 -0.0000
vn -0.9921 -0.1251 -0.0000
vn -0.3302 -0.4717 0.8176
vn -0.3590 -0.4996 0.7884
vn -0.3536 0.4951 0.7936
vn -0.3536 0.4951 0.7937
vn -0.3293 0.4626 0.8232
vn 0.2592 0.9658 -0.0000
vn 0.2518 0.9678 -0.0000
vn 0.4936 0.8697 -0.0000
vn 0.5029 0.8644 -0.0000
vn 0.6992 0.7149 -0.0000
vn 0.7452 0.6668 -0.0078
vn 0.4472 0.8944 -0.0000
vn 0.4315 0.9021 -0.0000
vn 0.4783 0.8782 -0.0000
vn 0.2444 0.9697 -0.0000
vn 0.2572 -0.9664 -0.0000
vn 0.4995 -0.8663 -0.0000
vn 0.4936 -0.8697 -0.0000
vn 0.2499 -0.9683 -0.0000
vn 0.6992 -0.7149 -0.0000
vn 0.4285 -0.9036 -0.0000
vn 0.4472 -0.8944 -0.0000
vn 0.7452 -0.6668 -0.0078
vn 0.4783 -0.8782 -0.0000
vn 0.2426 -0.9701 -0.0000
vn -0.7669 -0.6417 -0.0078
vn 0.9931 0.1173 -0.0000
vn 0.3536 0.4951 -0.7937
vn 0.3536 0.4950 -0.7937
vn 0.3536 0.4951 -0.7936
vn 0.3281 0.4687 -0.8202
vn 0.3293 -0.4626 -0.8232
vn 0.3293 -0.4625 -0.8232
vn 0.3432 -0.4992 -0.7956
vn 0.9922 -0.1250 -0.0000
vn 0.9922 -0.1249 -0.0000
vn 0.9931 -0.1173 -0.0000
vn 0.3522 -0.5010 0.7906
vn 0.3522 -0.5009 0.7906
vn 0.3302 -0.4717 0.8176
vn 0.3293 0.4625 0.8232
vn 0.3467 0.4964 0.7959
vn -0.6992 0.7149 -0.0000
vn -0.6994 0.7147 -0.0003
vn -0.1568 0.9876 -0.0000
vn -0.1567 0.9876 -0.0000
vn -0.7634 0.4722 -0.4407
vn -0.7392 0.4955 -0.4561
vn -0.7456 0.4866 0.4552
vn -0.7750 0.4697 0.4227
vn 0.1417 0.9212 0.3622
vn -0.1339 0.8341 0.5351
vn -0.1333 0.8306 -0.5407
vn 0.1417 0.9213 -0.3622
vn -0.0393 0.9992 -0.0000
vn -0.0394 0.9992 -0.0000
vn 0.0786 0.9969 0.0078
vn 0.0863 0.9962 0.0078
vn -0.9808 -0.1946 -0.0078
vn -0.9790 -0.2036 -0.0078
vn -0.9774 -0.2111 -0.0078
vn -0.9805 0.1961 -0.0078
vn -0.9806 0.1961 -0.0079
vn -0.9823 0.1871 -0.0078
vn -0.1099 0.5888 -0.8008
vn -0.0944 0.5667 -0.8185
vn 0.9920 0.1260 -0.0000
vn -0.1018 0.5715 0.8142
vn -0.1017 0.5715 0.8143
vn -0.1018 0.5716 0.8142
vn -0.0939 0.5948 0.7983
vn -0.0001 -1.0000 -0.0000
vn 0.0001 -1.0000 -0.0000
vn -0.0079 0.9985 0.0550
vn -0.0000 0.9980 -0.0629
vn -0.1414 0.9900 -0.0000
vn -0.1415 0.9899 -0.0000
vn -0.1413 0.9900 -0.0000
vn -0.0000 -0.0000 -1.0000
vn -0.0078 0.0546 -0.9985
vn -0.0000 -0.0158 0.9999
vn -0.0000 -0.0157 0.9999
vn -0.0000 -0.0000 1.0000
vn -0.7193 -0.5394 0.4378
vn -0.7192 -0.5394 0.4378
vn -0.9476 0.1880 0.2584
vn -0.9476 0.1879 0.2584
vn 0.4004 0.8243 0.4004
vn 0.4094 0.8268 0.3858
vn 0.5016 -0.8151 0.2900
vn 0.5018 -0.7998 0.3293
vn 0.3605 -0.8698 0.3370
vn 0.3604 -0.8697 0.3371
vn 0.3605 -0.8698 0.3369
vn -0.4380 -0.8368 0.3285
vn -0.4454 -0.8361 0.3204
vn -0.0000 0.9754 0.2203
vn -0.0000 0.9754 0.2202
vn -0.7911 0.3916 0.4700
vn -0.7911 0.3916 0.4699
vn -0.0000 0.9439 0.3304
vn -0.0000 0.9439 0.3303
vn 0.8913 0.3471 0.2919
vn 0.8913 0.3470 0.2918
vn 0.8913 0.3471 0.2918
vn -0.8315 0.4785 0.2824
vn -0.8314 0.4785 0.2824
vn 0.8582 -0.1811 0.4803
vn 0.8390 -0.3215 0.4391
vn 0.8561 -0.3534 0.3770
vn 0.7049 -0.6110 0.3603
vn 0.7049 -0.6109 0.3603
vn 0.7073 -0.6209 0.3380
vn -0.9423 -0.0000 -0.3349
vn -0.9423 -0.0001 -0.3349
vn -0.2190 -0.8680 -0.4457
vn -0.2189 -0.8680 -0.4457
vn 0.7622 -0.5422 -0.3536
vn 0.7040 -0.5710 -0.4224
vn -0.0078 0.9719 -0.2352
vn -0.0078 0.9719 -0.2351
vn -0.0078 0.9569 -0.2902
vn -0.0707 0.9975 -0.0000
vn -0.0629 0.9980 -0.0000
vn 0.8897 0.4566 -0.0000
vn 0.8896 0.4567 -0.0000
vn -0.0550 0.4085 0.9111
vn -0.0550 0.4084 0.9111
vn -0.0552 0.4179 0.9068
vn -0.9325 0.3604 -0.0235
vn -0.9325 0.3605 -0.0235
vn -0.0314 0.4154 -0.9091
vn -0.0313 0.3994 -0.9162
vn -0.0000 0.8644 -0.5029
vn -0.8663 -0.0000 -0.4995
vn -0.8664 -0.0000 -0.4994
vn -0.0000 -0.8664 -0.4994
vn -0.0000 -0.8663 -0.4995
vn 0.8644 -0.0000 -0.5029
vn 0.8643 -0.0000 -0.5029
vn -0.6247 0.7809 -0.0000
vn -0.6199 0.7847 -0.0000
vn 0.4722 0.8815 -0.0000
vn -0.1959 0.2194 0.9558
vn -0.2042 0.2356 0.9502
vn -0.9731 -0.2258 -0.0467
vn -0.9731 -0.2257 -0.0467
vn -0.9705 -0.2348 -0.0548
vn -0.1952 0.2342 -0.9524
vn -0.1880 0.2272 -0.9555
vn -0.3930 0.0079 0.9195
vn -0.3929 0.0079 0.9195
vn -0.2974 -0.9548 -0.0000
vn -0.3115 -0.9502 -0.0000
vn -0.4378 -0.0000 -0.8991
vn -0.3067 0.9518 -0.0079
vn -0.3068 0.9517 -0.0079
vn -0.3068 0.9518 -0.0079
vn -0.2974 0.9547 -0.0077
vn -0.0000 0.7847 -0.6199
vn -0.0000 0.7809 -0.6247
vn -0.6585 0.7526 0.0078
vn -0.6454 0.7635 0.0236
vn -0.6668 0.7452 0.0078
vn -0.6750 0.7378 -0.0000
vn -0.0000 1.0000 0.0001
vn -0.9790 0.2037 -0.0000
vn -0.9790 0.2036 -0.0000
vn -0.8575 0.5145 -0.0000
vn -0.8263 -0.0468 0.5613
vn -0.7740 -0.6332 -0.0000
vn -0.0157 -0.7525 -0.6584
vn -0.0156 -0.7559 -0.6546
vn 0.8710 0.3845 -0.3060
vn 0.8735 0.3777 -0.3070
vn 0.8621 0.3919 -0.3213
vn 0.7707 0.6372 -0.0001
vn 0.7708 0.6371 -0.0001
vn -0.0079 0.7452 0.6668
vn -0.0078 0.7452 0.6668
vn -0.5707 0.8208 0.0234
vn -0.6025 0.7981 -0.0000
vn -0.0000 0.2903 -0.9569
vn 0.9612 0.2758 -0.0000
vn 0.9612 0.2757 -0.0000
vn -0.0000 0.2902 0.9570
vn -0.0000 0.2901 0.9570
vn -0.9618 0.2737 0.0078
vn 0.0001 0.2903 0.9569
vn -0.0000 0.2900 0.9570
vn -0.0000 0.2903 0.9569
vn 0.0001 0.2902 0.9570
vn -0.0078 0.8148 -0.5797
vn -0.8519 0.5237 -0.0000
vn -0.8749 0.4843 -0.0000
vn -0.8782 0.4783 -0.0000
vn 0.6915 -0.1022 0.7151
vn 0.9583 -0.1021 0.2670
vn 0.9583 -0.1021 0.2671
vn 0.9582 -0.1022 0.2670
vn 0.9582 -0.1026 0.2671
vn 0.9582 -0.1022 -0.2671
vn 0.9583 -0.1021 -0.2671
vn 0.9582 -0.1025 -0.2672
vn 0.9582 -0.1024 -0.2671
vn 0.6877 -0.1016 -0.7189
vn 0.2431 -0.1020 -0.9646
vn 0.2431 -0.1019 -0.9646
vn -0.9771 0.2032 0.0625
vn -0.9750 0.2106 0.0702
vn -0.9652 0.1962 -0.1726
vn -0.9658 0.1947 -0.1713
vn -0.9851 -0.0000 -0.1720
vn -0.9864 -0.0000 -0.1644
vn -0.9341 -0.3347 -0.1246
vn -0.9341 -0.3347 -0.1245
vn -0.9325 -0.3291 -0.1489
vn -0.9920 -0.1171 0.0469
vn -0.9920 -0.1172 0.0469
vn -0.9894 -0.1402 0.0389
vn -0.8806 -0.3818 0.2806
vn -0.8806 -0.3819 0.2806
vn -0.8728 -0.3818 0.3039
vn -0.9471 -0.0000 0.3209
vn -0.9471 -0.0000 0.3210
vn -0.9495 -0.0000 0.3139
vn -0.9239 0.1957 0.3288
vn -0.9262 0.1962 0.3218
vn -0.9973 -0.0390 0.0624
vn -0.9973 -0.0389 0.0623
vn -0.9970 -0.0467 0.0623
vn 0.2431 -0.1020 0.9646
vn 0.2431 -0.1019 0.9646
vn -0.8308 -0.5566 -0.0000
vn -0.8309 -0.5565 -0.0000
vn 0.3835 -0.9235 -0.0000
vn 0.3836 -0.9235 -0.0000
vn -0.1800 0.4305 -0.8845
vn 0.2827 -0.7382 0.6125
vn 0.2366 0.0552 0.9700
vn 0.2516 0.0393 0.9670
vn 0.2441 0.0472 0.9686
vn 0.2272 0.0705 0.9713
vn 0.2664 -0.9639 -0.0000
vn 0.2974 -0.9548 -0.0000
vn 0.3581 -0.3893 -0.8486
vn 0.3671 -0.3749 -0.8513
vn 0.3582 -0.3892 -0.8486
vn 0.3446 -0.4073 -0.8458
vn 0.9678 0.2518 -0.0000
vn 0.3303 0.9438 0.0079
vn 0.3304 0.9438 0.0079
vn 0.3233 0.9463 0.0079
vn 0.3209 0.9471 0.0078
vn 0.3844 0.3844 -0.8393
vn 0.3910 0.3832 -0.8368
vn 0.5179 -0.8554 -0.0000
vn 0.5180 -0.8554 -0.0000
vn 0.4464 -0.1331 0.8849
vn 0.4717 -0.1258 0.8727
vn 0.4627 0.2352 -0.8547
vn 0.4688 0.2344 -0.8516
vn 0.3926 0.2120 -0.8950
vn 0.3832 0.2111 -0.8992
vn 0.5564 -0.8306 0.0235
vn 0.5654 -0.8245 0.0236
vn 0.5511 -0.0000 0.8345
vn 0.6187 0.7205 -0.3132
vn 0.6202 0.7222 -0.3062
vn 0.6138 0.7240 -0.3148
vn 0.6039 0.7293 -0.3215
vn 0.0079 0.9805 -0.1961
vn 0.0078 0.9805 -0.1962
vn 0.0078 0.9806 -0.1961
vn 0.0078 0.9774 -0.2111
vn -0.5456 0.6080 -0.5768
vn -0.5482 0.6030 -0.5795
vn -0.5472 0.4534 -0.7036
vn -0.5417 0.4554 -0.7065
vn -0.5091 0.2271 -0.8302
vn -0.5091 0.2272 -0.8302
vn 0.5325 0.3211 -0.7832
vn 0.5325 0.3211 -0.7831
vn 0.5180 0.3217 -0.7926
vn 0.5546 0.5312 -0.6405
vn 0.5242 0.5320 -0.6650
vn 0.5363 0.6705 -0.5126
vn 0.5363 0.6704 -0.5127
vn 0.5257 0.6748 -0.5179
vn 0.9697 0.2444 -0.0000
vn 0.9720 0.2352 -0.0000
vn 0.9224 0.3863 -0.0000
vn 0.9125 0.4091 -0.0000
vn 0.7226 -0.6912 -0.0079
vn 0.7302 -0.6831 -0.0078
vn 0.9020 -0.4314 -0.0157
vn 0.9051 -0.4250 -0.0078
vn -0.9525 -0.3045 -0.0000
vn -0.0236 -0.4408 0.8973
vn -0.0158 -0.4565 0.8896
vn -0.0234 -0.5617 0.8270
vn -0.0156 -0.5708 0.8210
vn 0.9956 0.0940 -0.0000
vn 0.9737 0.2277 -0.0000
vn -0.0156 0.4377 0.8990
vn -0.0156 0.4378 0.8990
vn -0.0079 0.4314 0.9021
vn 0.6553 0.4974 0.5685
vn 0.6296 0.4958 -0.5982
vn -0.0156 0.4377 -0.8990
vn -0.0156 0.4378 -0.8990
vn -0.0078 0.4315 -0.9021
vn 0.9969 0.0785 -0.0000
vn 0.8626 0.1647 -0.4784
vn 0.8593 0.1641 -0.4844
vn 0.8582 0.1717 -0.4837
vn 0.9975 -0.0000 0.0707
vn 0.9343 -0.3533 0.0471
vn 0.9407 -0.3371 0.0392
vn 0.9205 -0.3855 0.0629
vn 0.9136 -0.4017 0.0630
vn -0.0000 0.4877 0.8730
vn -0.0000 0.5087 0.8609
vn 0.0001 0.5087 0.8609
vn -0.0000 0.4876 0.8730
vn -0.0000 0.9195 0.3930
vn -0.0078 0.9195 0.3929
vn -0.0078 0.4936 -0.8697
vn 0.8608 0.5087 0.0157
vn 0.8588 0.5121 0.0158
vn 0.8642 0.5028 0.0157
vn 0.0001 0.5419 0.8404
vn -0.0000 1.0000 -0.0001
vn -0.8832 0.4690 -0.0000
vn -0.8832 0.4689 -0.0000
vn -0.0000 0.4251 0.9052
vn -0.0000 0.4314 0.9021
vn 0.8462 0.5328 -0.0000
vn 0.0157 0.4314 -0.9020
vn 0.0157 0.4312 -0.9021
vn 0.0078 0.4220 -0.9066
vn 0.9771 0.2128 0.0079
vn 0.2758 0.9612 -0.0000
vn 0.4791 0.1021 0.8718
vn 0.4332 0.0787 0.8979
vn 0.7452 -0.6668 -0.0000
vn 0.7453 -0.6668 -0.0000
vn 0.4456 0.0860 -0.8911
vn 0.4951 0.0864 -0.8645
vn 0.8497 0.5272 -0.0000
vn 0.8609 0.5088 -0.0000
vn 0.3443 0.9389 -0.0000
vn 0.3210 0.9471 -0.0000
vn 0.9974 0.0707 0.0157
vn 0.8609 -0.5087 -0.0000
vn 0.8609 -0.5088 -0.0000
vn 0.9638 -0.2665 -0.0000
vn 0.1337 -0.0000 0.9910
vn 1.0000 -0.0000 0.0080
vn 0.2903 -0.0000 0.9569
vn 0.2902 -0.0000 0.9570
vn 0.9806 -0.0000 0.1962
vn 0.7226 -0.0000 0.6912
vn 0.7227 -0.0000 0.6912
vn 0.0390 -0.0078 -0.9992
vn 0.0313 -0.0000 -0.9995
vn 0.0469 -0.0156 -0.9988
vn 0.5708 -0.0000 -0.8211
vn 0.5029 0.8643 -0.0000
vn 0.7452 0.6667 -0.0079
vn 0.4473 0.8944 -0.0000
vn 0.4284 -0.9036 -0.0000
vn 0.4473 -0.8944 -0.0000
vn 0.7452 -0.6667 -0.0079
vn 0.9931 0.1174 -0.0000
vn 0.9921 -0.1251 -0.0000
vn 0.3522 -0.5010 0.7905
vn 0.3293 0.4626 0.8232
vn 0.3292 0.4625 0.8232
vn 0.3467 0.4965 0.7958
vn -0.4473 0.8944 -0.0000
vn -0.7452 0.6667 -0.0079
vn -0.5053 -0.8630 -0.0000
vn -0.7452 -0.6667 -0.0079
vn -0.4473 -0.8944 -0.0000
vn -0.4285 -0.9035 -0.0000
vn -0.9922 -0.1250 -0.0000
vn -0.3536 0.4950 0.7937
vn 0.6992 0.7150 -0.0000
vn 0.6993 0.7149 -0.0001
vn 0.1491 0.9888 -0.0000
vn 0.1568 0.9876 0.0001
vn 0.7634 0.4722 -0.4407
vn 0.7719 0.4726 0.4253
vn 0.7456 0.4866 0.4552
vn 0.7392 0.4954 -0.4561
vn -0.1494 0.9202 0.3618
vn -0.1494 0.9202 -0.3618
vn 0.1255 0.8315 -0.5412
vn 0.1338 0.8341 0.5351
vn 0.0315 0.9995 -0.0000
vn -0.0941 0.9955 0.0078
vn -0.0785 0.9969 0.0078
vn 0.0394 0.9992 -0.0000
vn 0.9806 -0.1961 -0.0078
vn 0.9774 -0.2111 -0.0078
vn 0.9790 -0.2036 -0.0078
vn 0.9805 -0.1961 -0.0079
vn 0.9806 0.1961 -0.0079
vn 0.9820 0.1886 -0.0078
vn 0.9820 0.1885 -0.0079
vn 0.9805 0.1961 -0.0078
vn 0.0866 0.5671 -0.8191
vn 0.1022 0.5893 -0.8014
vn -0.9922 0.1250 -0.0000
vn 0.0862 0.5953 0.7989
vn 0.0940 0.5720 0.8149
vn 0.0001 1.0000 -0.0000
vn -0.0000 0.9985 0.0550
vn 0.1337 0.9910 -0.0000
vn 0.0078 0.0546 -0.9985
vn 0.7155 -0.5425 0.4403
vn 0.7154 -0.5425 0.4403
vn 0.9476 0.1879 0.2584
vn 0.9476 0.1880 0.2584
vn -0.4094 0.8267 0.3858
vn -0.4094 0.8268 0.3858
vn -0.4069 0.8217 0.3991
vn -0.5018 -0.7998 0.3293
vn -0.5074 -0.8119 0.2888
vn -0.3604 -0.8698 0.3369
vn -0.3602 -0.8699 0.3370
vn -0.3602 -0.8699 0.3368
vn -0.3605 -0.8698 0.3369
vn 0.4391 -0.8390 0.3215
vn 0.4380 -0.8368 0.3285
vn 0.7911 0.3916 0.4700
vn 0.7911 0.3916 0.4699
vn -0.8929 0.3446 0.2898
vn 0.8314 0.4785 0.2824
vn -0.8603 -0.1799 0.4771
vn -0.8603 -0.1799 0.4770
vn -0.8602 -0.1799 0.4771
vn -0.8582 -0.3511 0.3745
vn -0.8413 -0.3194 0.4362
vn -0.7112 -0.6174 0.3361
vn -0.7049 -0.6109 0.3603
vn 0.9414 -0.0000 -0.3373
vn 0.2115 -0.8695 -0.4465
vn 0.2115 -0.8694 -0.4465
vn -0.7079 -0.5678 -0.4200
vn -0.7079 -0.5678 -0.4201
vn -0.7079 -0.5679 -0.4201
vn -0.7655 -0.5390 -0.3515
vn -0.0000 0.9570 -0.2902
vn 0.0078 0.9719 -0.2351
vn 0.0629 0.9980 -0.0000
vn 0.0628 0.9980 -0.0000
vn -0.8913 0.4535 -0.0000
vn 0.0473 0.4181 0.9072
vn 0.0474 0.4181 0.9072
vn 0.0550 0.4084 0.9111
vn 0.9325 0.3605 -0.0235
vn 0.9325 0.3604 -0.0235
vn 0.0235 0.3995 -0.9164
vn 0.0314 0.4154 -0.9091
vn -0.0000 0.8643 -0.5029
vn 0.6199 0.7847 -0.0000
vn -0.4722 0.8815 -0.0000
vn -0.4721 0.8815 -0.0000
vn 0.1966 0.2359 0.9517
vn 0.1966 0.2360 0.9517
vn 0.1959 0.2194 0.9558
vn 0.9705 -0.2348 -0.0548
vn 0.9726 -0.2275 -0.0471
vn 0.1804 0.2275 -0.9569
vn 0.1877 0.2346 -0.9538
vn 1.0000 -0.0000 0.0078
vn 0.3863 0.0079 0.9224
vn 0.3863 0.0079 0.9223
vn 0.3116 -0.9502 -0.0000
vn 0.3115 -0.9502 -0.0000
vn 0.4378 -0.0000 -0.8991
vn 0.4315 -0.0000 -0.9021
vn 0.2902 0.9569 -0.0078
vn 0.3068 0.9517 -0.0078
vn 0.6585 0.7526 0.0079
vn 0.6750 0.7378 -0.0000
vn 0.6624 0.7491 0.0079
vn 0.6454 0.7635 0.0236
vn 0.9790 0.2037 -0.0000
vn 0.9790 0.2036 -0.0000
vn 0.8554 0.5180 -0.0000
vn 0.8554 0.5179 -0.0000
vn 0.8238 -0.0471 0.5649
vn 0.7708 -0.6371 -0.0000
vn 0.0078 -0.7525 -0.6585
vn 0.0078 -0.7559 -0.6546
vn 0.0079 -0.7526 -0.6585
vn -0.8728 0.3819 -0.3039
vn -0.8621 0.3919 -0.3213
vn -0.8754 0.3752 -0.3048
vn -0.7739 0.6332 -0.0000
vn -0.7740 0.6332 -0.0000
vn 0.0079 0.7452 0.6668
vn 0.5975 0.8019 -0.0000
vn 0.5654 0.8245 0.0236
vn -0.9618 0.2737 -0.0000
vn -0.0002 0.2903 0.9569
vn 0.9612 0.2757 0.0079
vn 0.9612 0.2758 0.0079
vn -0.0001 0.2902 0.9570
vn 0.0079 0.8148 -0.5797
vn 0.8498 0.5272 -0.0000
vn 0.8764 0.4816 -0.0000
vn 0.8730 0.4876 -0.0000
vn -0.6915 -0.1022 0.7151
vn -0.6915 -0.1021 0.7151
vn -0.9589 -0.1014 0.2651
vn -0.9589 -0.1013 0.2651
vn -0.9589 -0.1014 -0.2651
vn -0.9589 -0.1013 -0.2650
vn -0.6877 -0.1016 -0.7189
vn -0.6877 -0.1015 -0.7189
vn -0.2505 -0.1018 -0.9628
vn -0.2505 -0.1017 -0.9628
vn 0.9768 0.2048 0.0630
vn 0.9771 0.2032 0.0625
vn 0.9747 0.2122 0.0707
vn 0.9652 0.1962 -0.1727
vn 0.9653 0.1962 -0.1726
vn 0.9864 -0.0000 -0.1644
vn 0.9851 -0.0000 -0.1720
vn 0.9325 -0.3291 -0.1489
vn 0.9330 -0.3372 -0.1255
vn 0.9892 -0.1413 0.0393
vn 0.9920 -0.1172 0.0469
vn 0.8709 -0.3845 0.3060
vn 0.8788 -0.3845 0.2825
vn 0.9495 -0.0000 0.3139
vn 0.9471 -0.0000 0.3209
vn 0.9262 0.1962 0.3218
vn 0.9239 0.1958 0.3288
vn 0.9969 -0.0471 0.0628
vn 0.9969 -0.0472 0.0628
vn 0.9973 -0.0393 0.0628
vn -0.2505 -0.1018 0.9628
vn -0.2505 -0.1017 0.9628
vn 0.8308 -0.5565 -0.0000
vn 0.8308 -0.5566 -0.0000
vn 0.8309 -0.5565 -0.0000
vn -0.3835 -0.9235 -0.0000
vn -0.3836 -0.9235 -0.0000
vn 0.1800 0.4305 -0.8845
vn -0.9997 -0.0000 -0.0233
vn -0.9989 -0.0000 -0.0468
vn -0.0000 -0.5796 -0.8149
vn -0.0000 -0.5799 -0.8147
vn -0.9701 0.2425 -0.0078
vn -0.9678 0.2497 -0.0312
vn -0.9701 0.2425 0.0078
vn -0.9701 0.2425 -0.0000
vn -0.9511 0.3040 -0.0546
vn -0.9312 0.3521 -0.0939
vn -0.2885 -0.2651 -0.9200
vn -0.3278 -0.5854 -0.7415
vn -0.3194 -0.5920 -0.7400
vn -0.2965 -0.3044 -0.9052
vn -0.2426 0.4618 -0.8532
vn -0.2435 0.4084 -0.8797
vn -0.2038 0.9248 -0.3213
vn -0.2042 0.9034 -0.3771
vn -0.2038 0.9790 -0.0001
vn -0.2035 0.9791 0.0001
vn -0.3677 -0.2347 0.8998
vn -0.3596 -0.4847 0.7974
vn -0.3686 -0.4863 0.7922
vn -0.3693 -0.1807 0.9116
vn -0.3754 0.0860 0.9229
vn -0.3781 0.0867 0.9217
vn -0.3136 0.9016 -0.2979
vn -0.3695 0.9276 0.0550
vn -0.3373 0.9413 0.0157
vn -0.3061 0.9183 -0.2512
vn -0.2594 0.7938 -0.5501
vn -0.8975 -0.4292 -0.1015
vn -0.7804 -0.5697 -0.2576
vn -0.9024 -0.4237 -0.0784
vn -0.9093 -0.4155 -0.0234
vn -0.8423 -0.5382 -0.0312
vn -0.9233 -0.3834 -0.0235
vn -0.9570 -0.2902 -0.0000
vn -0.8332 -0.5529 -0.0000
vn -0.9836 0.1796 -0.0156
vn -0.9576 -0.2881 -0.0000
vn -0.9922 0.1249 -0.0000
vn -0.9921 0.1250 0.0078
vn -0.9885 0.1491 -0.0236
vn -0.9326 0.3606 -0.0157
vn -0.7981 0.6025 -0.0000
vn -0.7914 0.6113 -0.0000
vn -0.9568 0.2902 0.0157
vn -0.9682 0.2499 -0.0078
vn -0.9663 0.2572 -0.0078
vn -0.9682 0.2498 0.0156
vn -0.9701 0.2426 0.0002
vn -0.9796 0.1881 0.0705
vn -0.9658 0.2591 -0.0000
vn -0.9786 0.2035 0.0313
vn -0.9587 0.2806 0.0468
vn -0.9805 0.1726 0.0942
vn -0.9490 0.3137 -0.0314
vn -0.9795 0.1959 0.0470
vn -0.9709 0.2349 -0.0470
vn -0.9620 0.2503 -0.1095
vn -0.9770 0.2111 -0.0313
vn -0.9446 0.3279 -0.0156
vn -0.9327 0.3606 -0.0000
vn -0.9790 0.2036 0.0078
vn -0.9471 0.3209 -0.0000
vn -0.9757 0.2186 0.0156
vn -0.9447 0.3279 -0.0000
vn -0.9791 0.1958 0.0548
vn -0.9547 0.2974 0.0078
vn -0.9709 0.2349 0.0470
vn -0.9593 0.2808 0.0312
vn -0.9700 0.2425 0.0156
vn -0.9720 0.2351 -0.0000
vn -0.3756 -0.6025 0.7042
vn -0.5088 -0.6575 0.5558
vn -0.4841 -0.6638 0.5701
vn -0.3609 -0.5807 0.7298
vn -0.2736 -0.3986 0.8754
vn -0.2749 -0.3692 0.8877
vn -0.4243 -0.2436 0.8722
vn -0.4463 -0.2427 0.8613
vn -0.9720 0.2352 -0.0000
vn -0.9207 0.3902 -0.0000
vn -0.9196 0.3930 -0.0000
vn -0.4876 0.8729 -0.0157
vn -0.4876 0.8731 -0.0000
vn -0.4936 0.8696 -0.0078
vn -0.8730 0.4876 -0.0079
vn -0.9095 0.4156 -0.0000
vn -0.0000 0.9096 -0.4156
vn -0.0000 0.9125 -0.4090
vn -0.0000 0.9125 -0.4091
vn -0.0000 0.9095 -0.4156
vn -0.0000 0.9052 -0.4250
vn -0.0000 0.9021 -0.4315
vn -0.1961 -0.9806 -0.0078
vn -0.4625 -0.8858 -0.0392
vn -0.4439 -0.8952 -0.0388
vn -0.1871 -0.9823 -0.0078
vn -0.0783 -0.9629 -0.2583
vn -0.1404 -0.9831 -0.1170
vn -0.0000 -0.9036 -0.4284
vn -0.0000 -0.9036 -0.4285
vn 0.0783 -0.9629 -0.2583
vn 0.1405 -0.9831 -0.1171
vn 0.1871 -0.9823 -0.0078
vn 0.1961 -0.9806 -0.0078
vn 0.4375 -0.8984 -0.0391
vn 0.4625 -0.8858 -0.0391
vn -0.0000 0.2592 -0.9658
vn -0.0078 0.2572 -0.9663
vn -0.0000 0.3902 -0.9207
vn -0.0000 0.4061 -0.9138
vn -0.0000 0.6285 -0.7778
vn -0.0000 0.6417 -0.7670
vn -0.0157 0.7302 -0.6831
vn -0.0235 0.7376 -0.6748
vn -0.0000 0.5328 -0.8462
vn -0.0000 0.4062 -0.9138
vn -0.0000 0.2665 -0.9638
vn -0.0000 0.2571 -0.9664
vn -0.0000 0.2591 -0.9658
vn -0.0000 0.2572 -0.9664
vn -0.0000 0.2662 -0.9639
vn -0.0000 0.5384 -0.8427
vn 0.0157 0.2591 -0.9657
vn -0.1102 0.9919 0.0630
vn -0.0000 0.3835 -0.9235
vn -0.0001 0.4221 -0.9066
vn -0.0000 0.6332 -0.7740
vn -0.0000 0.6585 -0.7526
vn -0.0079 0.7303 -0.6831
vn 0.0470 0.7444 -0.6661
vn 0.0079 0.2444 0.9696
vn -0.0000 0.6750 -0.7379
vn -0.0000 0.6371 -0.7708
vn 0.0078 0.7847 -0.6199
vn -0.0000 0.8211 -0.5708
vn 0.0079 0.8308 -0.5565
vn -0.0000 0.7378 -0.6750
vn -0.0000 0.8084 -0.5886
vn -0.0000 0.8084 -0.5887
vn -0.0078 0.8210 -0.5708
vn -0.0157 0.8307 -0.5564
vn -0.0079 0.7846 -0.6199
vn -0.0548 0.7441 -0.6658
vn 0.0079 0.7302 -0.6831
vn -0.0000 0.4220 -0.9066
vn 0.1024 0.9927 0.0630
vn -0.0157 0.2591 -0.9657
vn -0.0078 0.4061 -0.9138
vn -0.0157 0.2443 0.9696
vn -0.0000 0.6751 -0.7378
vn -0.0000 0.7408 -0.6718
vn -0.0001 0.7345 -0.6786
vn -0.0000 0.7366 -0.6763
vn -0.0000 0.7374 -0.6755
vn -0.0000 0.7415 -0.6710
vn 0.0001 0.7360 -0.6770
vn -0.0000 0.7382 -0.6746
vn 0.0004 0.2665 -0.9638
vn -0.0000 0.2664 -0.9639
vn -0.8913 -0.4535 -0.0000
vn 0.8897 -0.4566 -0.0000
vn 0.8896 -0.4567 -0.0000
vn -0.8912 -0.4535 -0.0000
vn -0.8913 -0.4534 -0.0000
vn -0.9702 0.2425 -0.0000
vn -0.9963 0.0857 -0.0000
vn -0.9963 0.0863 -0.0000
vn 0.8953 0.3377 0.2906
vn 0.8696 0.3682 0.3290
vn 0.8724 0.3930 0.2908
vn 0.8704 0.3921 0.2980
vn 0.8787 0.4315 0.2040
vn 0.8786 0.4628 0.1178
vn 0.8794 0.4632 0.1099
vn 0.8958 0.4400 0.0629
vn 0.9004 0.4306 0.0626
vn -0.1576 0.8669 0.4729
vn -0.4016 0.8268 0.3937
vn -0.7787 0.5428 0.3146
vn -0.8809 0.4405 0.1730
vn -0.3361 0.9142 0.2266
vn -0.8851 0.4622 0.0548
vn -0.3365 0.9390 0.0704
vn -0.3606 0.9327 -0.0000
vn -0.9021 0.4315 -0.0000
vn -0.3382 0.1967 0.9203
vn -0.6598 0.4948 0.5655
vn -0.3446 0.1645 0.9242
vn -0.2749 0.3299 0.9031
vn -0.3519 0.1564 -0.9229
vn -0.9054 0.3591 -0.2263
vn -0.3358 0.1952 -0.9215
vn -0.2729 0.3275 -0.9046
vn -0.9034 0.3770 0.2042
vn -0.8989 0.3596 0.2502
vn -0.8446 0.2580 0.4692
vn -0.9182 0.3924 0.0549
vn -0.9222 0.3829 0.0547
vn 0.0079 0.9463 0.3233
vn 0.0079 0.9438 0.3303
vn -0.0000 0.9720 0.2351
vn -0.0000 0.9899 0.1414
vn -0.0000 0.9900 0.1414
vn -0.0000 0.9737 0.2277
vn -0.0000 0.9471 0.3209
vn -0.0000 0.9438 0.3304
vn -0.0079 0.9438 0.3303
vn -0.0079 0.9463 0.3233
vn -0.0079 0.9462 0.3234
vn 0.8528 0.4930 0.1722
vn 0.8418 0.5113 0.1731
vn 0.9567 0.2588 0.1333
vn 0.9605 0.2440 0.1338
vn 0.9931 0.0938 0.0704
vn 0.9965 0.0628 0.0549
vn 0.0079 0.9195 0.3930
vn 0.0157 0.8814 0.4722
vn 0.0315 0.9047 0.4248
vn -0.0236 0.8813 0.4720
vn -0.0000 0.8782 0.4783
vn -0.0000 0.8554 0.5180
vn -0.0393 0.9045 0.4247
vn 0.0236 0.8813 0.4720
vn -0.0158 0.8813 0.4723
vn -0.0079 0.9195 0.3930
vn -0.0079 0.7149 0.6992
vn -0.0000 0.7226 0.6912
vn -0.0157 0.7148 0.6992
vn 0.0237 0.6950 0.7186
vn -0.0000 0.6668 0.7452
vn -0.0000 0.6832 0.7302
vn -0.0315 0.6948 0.7185
vn 0.0078 0.7149 0.6992
vn -1.0000 -0.0000 -0.0078
vn -0.7057 -0.7057 0.0627
vn -0.7029 -0.7029 0.1093
vn -0.7028 -0.7029 0.1094
vn -0.7060 -0.7060 0.0549
vn -0.7110 -0.7032 0.0078
vn -0.2585 0.0705 0.9634
vn -0.2737 0.0157 0.9617
vn -0.2664 0.0157 0.9637
vn -0.1174 0.2975 0.9475
vn -0.1807 0.2515 0.9508
vn -0.0000 0.4566 0.8897
vn 0.1174 0.2975 0.9475
vn 0.1731 0.2518 0.9522
vn 0.2585 0.0705 0.9634
vn 0.2664 0.0157 0.9637
vn -0.7413 -0.6711 -0.0001
vn -0.3210 -0.9471 -0.0000
vn -0.7558 -0.6546 0.0156
vn -0.3674 -0.9300 0.0078
vn -0.8456 -0.5324 0.0391
vn -0.8687 -0.4931 0.0470
vn -0.3516 -0.9297 0.1094
vn -0.8729 -0.4755 0.1091
vn -0.3064 -0.9113 0.2750
vn -0.7910 -0.3916 0.4700
vn -0.3368 -0.4856 0.8067
vn -0.8641 0.1964 0.4635
vn -0.3771 0.3534 0.8561
vn -0.7742 0.4067 0.4849
vn -0.2517 0.6999 0.6685
vn -0.7197 0.5321 0.4460
vn -0.2274 0.7762 0.5880
vn -0.2738 0.8603 0.4301
vn -0.7998 0.5254 0.2901
vn -0.2519 0.9365 0.2440
vn -0.2591 0.9577 0.1256
vn -0.8441 0.5315 0.0704
vn -0.3296 0.9415 0.0706
vn -0.8810 0.4404 0.1730
vn -0.9948 0.0392 0.0940
vn -0.7787 0.5428 0.3147
vn -0.9978 0.0546 0.0390
vn -0.8851 0.4621 0.0548
vn -0.9021 0.4314 -0.0000
vn -0.9981 0.0624 -0.0000
vn -0.9890 0.1480 -0.0000
vn -0.9639 -0.2664 -0.0000
vn -0.9547 0.2974 -0.0000
vn -0.4877 0.8730 0.0002
vn -0.4842 0.8749 -0.0000
vn -0.4936 0.8697 -0.0000
vn -0.5029 0.8644 -0.0000
vn -0.5026 0.8639 -0.0314
vn -0.2664 0.9636 -0.0235
vn -0.4075 0.9091 -0.0862
vn -0.2198 0.9730 -0.0706
vn -0.1253 0.9710 -0.2036
vn -0.3134 0.9402 -0.1332
vn -0.1573 0.9361 -0.3146
vn -0.3134 0.9402 -0.1333
vn -0.0000 0.9195 -0.3930
vn -0.0000 0.9737 -0.2278
vn 0.1253 0.9710 -0.2036
vn 0.1496 0.9372 -0.3150
vn 0.3063 0.9425 -0.1336
vn -0.1100 0.4476 0.8874
vn -0.0000 0.5029 0.8644
vn -0.1331 0.4307 0.8926
vn -0.3540 0.1652 0.9205
vn -0.3218 0.1963 0.9262
vn -0.4628 -0.0000 0.8864
vn -0.4629 -0.0000 0.8864
vn -0.3213 -0.2038 0.9248
vn -0.3541 -0.1652 0.9205
vn -0.1331 -0.4307 0.8926
vn -0.1096 -0.4539 0.8843
vn -0.0000 0.4472 -0.8944
vn -0.1175 0.3996 -0.9091
vn -0.1255 0.3765 -0.9179
vn -0.3130 0.1409 -0.9392
vn -0.2741 0.1645 -0.9475
vn -0.3995 -0.0000 -0.9167
vn -0.3996 -0.0000 -0.9167
vn -0.3130 -0.1409 -0.9392
vn -0.2737 -0.1721 -0.9463
vn -0.1251 -0.3833 -0.9151
vn -0.1175 -0.3996 -0.9091
vn -0.0000 -0.4472 -0.8944
vn -0.0000 -0.4535 -0.8913
vn -0.2974 0.9548 -0.0000
vn -0.4314 0.9022 0.0011
vn -0.3139 0.9495 -0.0000
vn -0.8912 0.4537 -0.0000
vn -0.8913 -0.4533 -0.0000
vn -0.8881 -0.4596 -0.0000
vn -0.4472 -0.8944 0.0024
vn -0.6684 0.6999 0.2517
vn -0.7668 0.6416 0.0156
vn -0.7636 0.6455 0.0157
vn -0.6661 0.7052 0.2429
vn -0.4635 0.6756 0.5734
vn -0.4721 0.6688 0.5743
vn -0.2128 0.6462 0.7329
vn -0.2203 0.6451 0.7317
vn -0.0000 0.6285 0.7778
vn -0.0000 0.6199 0.7847
vn 0.2128 0.6462 0.7329
vn 0.4659 0.6712 0.5765
vn 0.4573 0.6780 0.5755
vn 0.6661 0.7052 0.2429
vn 0.6684 0.6999 0.2517
vn 0.7636 0.6455 0.0157
vn 0.7668 0.6416 0.0156
vn -0.5849 0.8111 -0.0000
vn -0.5798 0.8148 -0.0000
vn -0.8913 0.4534 -0.0000
vn -0.8881 -0.4597 -0.0000
vn -0.5849 -0.8111 -0.0000
vn -0.5798 -0.8148 -0.0000
vn -0.6247 -0.7809 -0.0000
vn -0.6247 -0.7808 -0.0000
vn -0.6253 -0.7738 0.1016
vn -0.2499 -0.9683 -0.0001
vn -0.4845 -0.8748 -0.0000
vn -0.4936 -0.8697 -0.0000
vn -0.4996 -0.8663 -0.0002
vn -0.4993 -0.8659 -0.0312
vn -0.2664 -0.9636 -0.0235
vn -0.4076 -0.9091 -0.0862
vn -0.2181 -0.9734 -0.0701
vn -0.1253 -0.9710 -0.2036
vn -0.3134 -0.9402 -0.1332
vn -0.3134 -0.9402 -0.1333
vn -0.1562 -0.9370 -0.3123
vn -0.0000 -0.9207 -0.3902
vn -0.0000 -0.9741 -0.2261
vn 0.1253 -0.9710 -0.2036
vn 0.1486 -0.9382 -0.3127
vn 0.3063 -0.9425 -0.1336
vn -0.7597 -0.6501 0.0157
vn -0.7669 -0.6416 0.0157
vn -0.6648 -0.7039 0.2503
vn -0.6661 -0.7052 0.2429
vn -0.4635 -0.6756 0.5734
vn -0.4696 -0.6731 0.5713
vn -0.2117 -0.6507 0.7292
vn -0.2192 -0.6497 0.7280
vn -0.0000 -0.6285 0.7778
vn -0.0000 -0.6247 0.7809
vn 0.2117 -0.6508 0.7292
vn 0.4635 -0.6755 0.5734
vn 0.4573 -0.6780 0.5755
vn 0.6661 -0.7052 0.2429
vn 0.6648 -0.7039 0.2503
vn 0.7597 -0.6500 0.0157
vn 0.7669 -0.6416 0.0157
vn -0.6285 0.7778 -0.0000
vn -0.6253 0.7738 0.1016
vn 0.7664 -0.6412 0.0391
vn 0.7669 -0.6417 -0.0000
vn 0.7536 -0.6437 0.1335
vn -0.7847 0.6199 -0.0000
vn -0.7531 0.6511 -0.0941
vn -1.0000 0.0078 -0.0000
vn -1.0000 0.0079 -0.0000
vn -0.9999 -0.0156 -0.0000
vn -1.0000 -0.0078 -0.0000
vn -1.0000 -0.0001 -0.0000
vn -1.0000 -0.0001 0.0001
vn -0.3741 -0.0000 -0.9274
vn -0.3768 -0.0001 0.9263
vn -0.3768 0.0001 0.9263
vn -0.3769 -0.0000 0.9263
vn -0.3766 -0.0000 0.9264
vn -0.3768 -0.0000 0.9263
vn 0.2444 0.9697 0.0001
vn 0.4877 0.8730 0.0002
vn 0.4970 0.8677 -0.0000
vn 0.5026 0.8639 -0.0314
vn 0.2664 0.9636 -0.0235
vn 0.4075 0.9091 -0.0862
vn 0.2123 0.9746 -0.0707
vn 0.3063 0.9425 -0.1335
vn 0.1100 0.4476 0.8874
vn 0.1331 0.4307 0.8926
vn 0.3540 0.1652 0.9205
vn 0.3148 0.1967 0.9286
vn 0.4628 -0.0000 0.8865
vn 0.4628 -0.0000 0.8864
vn 0.3143 -0.2043 0.9271
vn 0.4629 -0.0000 0.8864
vn 0.3540 -0.1653 0.9205
vn 0.1331 -0.4307 0.8926
vn 0.1096 -0.4539 0.8843
vn 0.1098 0.4000 -0.9099
vn 0.1178 0.3769 -0.9187
vn 0.3060 0.1412 -0.9415
vn 0.2741 0.1645 -0.9475
vn 0.3996 -0.0000 -0.9167
vn 0.3060 -0.1412 -0.9415
vn 0.2737 -0.1720 -0.9463
vn 0.1174 -0.3836 -0.9160
vn 0.1098 -0.4000 -0.9099
vn 0.4314 0.9022 -0.0000
vn 0.4472 0.8944 0.0024
vn 0.2974 0.9548 -0.0000
vn 0.3068 0.9518 -0.0000
vn 0.8913 0.4534 -0.0000
vn 0.8913 -0.4535 -0.0000
vn 0.8864 -0.4628 -0.0000
vn 0.3045 -0.9525 -0.0000
vn 0.4284 -0.9036 0.0011
vn 0.5797 0.8148 -0.0000
vn 0.5798 0.8148 -0.0000
vn 0.5797 -0.8148 -0.0000
vn 0.5798 -0.8148 -0.0000
vn 0.6246 -0.7810 -0.0000
vn 0.6247 -0.7809 -0.0000
vn 0.6247 -0.7808 -0.0000
vn 0.6205 -0.7776 0.1021
vn 0.4843 -0.8749 -0.0000
vn 0.4935 -0.8697 -0.0001
vn 0.4992 -0.8659 -0.0312
vn 0.2664 -0.9636 -0.0235
vn 0.4076 -0.9091 -0.0862
vn 0.2106 -0.9750 -0.0702
vn 0.3063 -0.9425 -0.1335
vn 0.6290 -0.3695 0.6840
vn 0.6525 -0.2909 0.6997
vn 0.1962 -0.8557 0.4789
vn 0.2426 -0.8532 0.4618
vn -0.0000 -0.9138 0.4061
vn -0.0000 -0.9138 0.4062
vn -0.2427 -0.8531 0.4618
vn -0.1963 -0.8556 0.4789
vn -0.6290 -0.3695 0.6840
vn -0.6570 -0.2894 0.6961
vn -0.7914 -0.0000 0.6113
vn -0.6569 0.2894 0.6962
vn -0.6308 0.3627 0.6860
vn -0.1963 0.8556 0.4790
vn -0.2444 0.8510 0.4648
vn -0.0000 0.9125 0.4090
vn 0.2444 0.8510 0.4648
vn 0.1963 0.8556 0.4790
vn 0.6308 0.3627 0.6860
vn 0.6525 0.2909 0.6997
vn 0.7885 -0.0000 0.6150
vn 0.6526 -0.2909 0.6997
vn 0.6336 -0.3208 -0.7040
vn 0.5790 -0.3678 -0.7276
vn 0.2671 -0.8172 -0.5107
vn 0.2262 -0.8500 -0.4757
vn -0.0000 -0.9066 -0.4220
vn -0.2336 -0.8485 -0.4749
vn -0.2744 -0.8154 -0.5096
vn -0.6336 -0.3207 -0.7040
vn -0.5842 -0.3661 -0.7244
vn -0.7739 -0.0000 -0.6332
vn -0.5842 0.3661 -0.7244
vn -0.6352 0.3137 -0.7058
vn -0.2744 0.8154 -0.5096
vn -0.2351 0.8463 -0.4780
vn -0.0000 0.9066 -0.4220
vn 0.2277 0.8479 -0.4789
vn 0.2672 0.8172 -0.5107
vn 0.6352 0.3137 -0.7058
vn 0.5790 0.3677 -0.7277
vn 0.7739 -0.0000 -0.6332
vn 0.7739 -0.0000 -0.6333
vn 0.5790 -0.3677 -0.7277
vn 0.6336 -0.3207 -0.7040
vn 0.6285 0.7778 -0.0000
vn 0.6205 0.7776 0.1021
vn -0.7664 -0.6412 0.0391
vn -0.7663 -0.6412 0.0391
vn -0.7669 -0.6417 -0.0000
vn -0.7675 -0.6410 -0.0000
vn -0.7569 -0.6399 0.1327
vn 0.7847 0.6199 -0.0000
vn 0.7776 0.6205 -0.1021
vn 0.7531 0.6511 -0.0941
vn 1.0000 0.0002 -0.0000
vn 1.0000 -0.0079 -0.0000
vn 1.0000 0.0079 -0.0000
vn 0.9999 -0.0157 -0.0000
vn 1.0000 0.0001 -0.0000
vn 1.0000 -0.0002 0.0003
vn 0.3673 -0.0000 -0.9301
vn 0.3674 -0.0000 -0.9301
vn 0.3700 -0.0000 0.9290
vn 0.3701 -0.0000 0.9290
vn -0.8769 0.1331 0.4619
vn -0.9065 0.0156 0.4220
vn -0.8988 0.0235 0.4377
vn -0.8709 0.1412 0.4708
vn -0.8067 0.3368 0.4856
vn -0.7929 0.3768 0.4789
vn -0.7011 0.4963 0.5120
vn -0.6887 0.5087 0.5166
vn -0.6527 0.5663 0.5033
vn -0.6532 0.5981 0.4643
vn -0.6691 0.5983 0.4408
vn -0.6575 0.6340 0.4071
vn -0.6509 0.6352 0.4157
vn -0.6124 0.6517 0.4475
vn -0.6022 0.6569 0.4537
vn -0.5564 0.6740 0.4859
vn -0.5275 0.7008 0.4803
vn -0.5275 0.7007 0.4803
vn -0.5025 0.7145 0.4868
vn -0.5092 0.7051 0.4935
vn -0.5183 0.6047 0.6047
vn -0.5101 0.6043 0.6121
vn -0.5345 0.6131 0.5817
vn -0.5263 0.6206 0.5813
vn -0.5795 0.6030 0.5482
vn -0.6131 0.5817 0.5345
vn -0.3917 0.7208 0.5719
vn -0.2747 0.7538 0.5969
vn -0.0235 0.7667 0.6415
vn -0.0237 0.7635 0.6453
vn -0.0000 -0.7981 0.6025
vn -0.0000 -0.6912 0.7227
vn -0.0000 -0.6501 -0.7598
vn -0.0000 -0.2974 -0.9548
vn -0.0000 -0.2973 -0.9548
vn -0.0000 -0.6501 -0.7599
vn -0.0000 0.8308 -0.5565
vn -0.0000 0.8404 -0.5419
vn 0.0157 0.9262 -0.3767
vn 0.0314 0.9349 -0.3535
vn 0.2975 0.9234 -0.2425
vn 0.3378 0.9112 -0.2357
vn -0.5843 -0.2960 -0.7557
vn -0.5693 -0.5615 -0.6005
vn -0.5940 -0.5158 -0.6174
vn -0.5761 -0.2725 -0.7707
vn -0.3976 -0.1949 -0.8966
vn -0.3916 -0.1880 -0.9007
vn -0.3049 -0.1095 -0.9461
vn -0.2961 -0.0935 -0.9506
vn -0.1718 -0.0469 -0.9840
vn -0.0312 -0.0000 -0.9995
vn -0.4534 0.8913 -0.0000
vn -0.3537 0.9354 -0.0000
vn -0.3280 0.9447 -0.0000
vn -0.4535 0.8913 -0.0000
vn -0.9503 0.3115 -0.0001
vn -0.9525 0.3045 -0.0000
vn -0.9167 0.3996 -0.0000
vn -0.9167 0.3996 -0.0001
vn -0.8111 0.5849 -0.0000
vn -0.8084 0.5886 -0.0000
vn -0.7378 0.6750 -0.0000
vn -0.6417 0.7669 -0.0000
vn -0.5886 0.8084 -0.0000
vn -0.5271 0.8498 -0.0000
vn -0.4689 0.8832 -0.0000
vn -0.4091 0.9125 -0.0000
vn -0.4090 0.9125 -0.0000
vn 0.1418 0.9213 -0.3622
vn -0.1332 0.8306 -0.5407
vn -0.4367 0.6083 -0.6628
vn -0.4473 0.6044 -0.6593
vn -0.3919 0.6347 -0.6660
vn -0.3918 0.6347 -0.6661
vn -0.3611 0.6515 -0.6672
vn -0.3610 0.6435 -0.6749
vn -0.3368 0.6579 -0.6736
vn -0.7393 0.4954 -0.4561
vn -0.1338 0.8341 0.5351
vn 0.1418 0.9212 0.3622
vn -0.4410 0.6065 0.6615
vn -0.4325 0.6137 0.6606
vn -0.3918 0.6347 0.6660
vn -0.3542 0.6534 0.6691
vn -0.3455 0.6517 0.6752
vn -0.7579 0.2110 -0.6173
vn -0.7685 0.2117 -0.6038
vn -0.6717 0.3124 -0.6717
vn -0.6792 0.2966 -0.6714
vn -0.6089 0.4684 -0.6402
vn -0.6247 0.4685 -0.6247
vn -0.5876 0.5563 -0.5876
vn -0.6108 0.5560 -0.5638
vn -0.7612 0.2355 0.6043
vn -0.7754 0.2506 0.5796
vn -0.6900 0.2822 0.6665
vn -0.6827 0.2982 0.6671
vn -0.6191 0.4624 0.6348
vn -0.6206 0.4792 0.6206
vn -0.5746 0.5668 0.5904
vn -0.5721 0.5877 0.5721
vn 1.0000 -0.0000 0.0001
vn 1.0000 -0.0001 0.0001
vn 0.9658 -0.2591 -0.0000
vn 0.9659 -0.2591 -0.0000
vn 0.9813 -0.1884 0.0393
vn 0.9658 -0.2592 -0.0000
vn 0.4207 -0.8491 -0.3194
vn 0.3754 -0.8367 -0.3988
vn 0.4850 -0.7822 -0.3911
vn 0.4760 -0.7803 -0.4057
vn 0.5404 -0.7362 -0.4073
vn 0.5704 -0.7423 -0.3516
vn -0.6585 0.7526 -0.0000
vn -0.5938 0.8046 -0.0000
vn -0.5271 0.8498 -0.0001
vn -0.5272 0.8498 -0.0000
vn -0.4629 0.8864 -0.0000
vn -0.4628 0.8865 -0.0000
vn -0.3930 0.9196 -0.0000
vn -0.3929 0.9196 -0.0000
vn -0.7149 0.6992 -0.0000
vn -0.7981 0.6025 -0.0001
vn -0.8019 0.5975 -0.0000
vn -0.9138 0.4063 -0.0001
vn -0.9495 0.3139 -0.0000
vn -0.9502 0.3116 -0.0000
vn -0.5087 -0.0000 0.8610
vn -0.0550 -0.0000 0.9985
vn -0.4528 -0.0546 0.8900
vn -0.6087 -0.2107 0.7649
vn -0.5642 -0.2351 0.7915
vn -0.3596 -0.1407 0.9224
vn -0.3829 -0.1328 0.9142
vn -0.2508 -0.0862 0.9642
vn -0.2509 -0.0863 0.9642
vn -0.2196 -0.0784 0.9724
vn -0.1565 -0.0626 0.9857
vn -0.1564 -0.0626 0.9857
vn -0.1094 -0.0547 0.9925
vn -0.1093 -0.0547 0.9925
vn -0.0628 -0.0549 0.9965
vn -0.0705 -0.0627 0.9955
vn -0.0393 -0.0393 0.9985
vn -0.0315 -0.0472 0.9984
vn -0.0236 -0.0550 0.9982
vn -0.0157 -0.0550 0.9984
vn -0.0158 -0.0550 0.9984
vn -0.0079 -0.0550 0.9985
vn -0.0000 -0.0315 0.9995
vn -0.0000 -0.0472 0.9989
vn -0.0001 -0.0156 0.9999
vn -0.0000 -0.6913 0.7226
vn -0.7839 0.4939 -0.3763
vn -0.8011 0.4712 -0.3691
vn -0.6060 0.7161 -0.3463
vn -0.6737 0.6267 -0.3917
vn -0.4064 0.8831 -0.2344
vn -0.5152 0.8041 -0.2966
vn -0.4638 0.7861 -0.4087
vn -0.3759 0.8537 -0.3603
vn -0.6081 0.6237 -0.4911
vn -0.6104 0.6261 -0.4852
vn -0.6014 0.6170 -0.5076
vn -0.7661 0.4222 -0.4847
vn -0.7117 0.5006 -0.4928
vn -0.7574 0.4295 -0.4919
vn -0.7992 0.3840 -0.4624
vn -0.6254 0.6176 -0.4769
vn -0.6355 0.6120 -0.4708
vn -0.5481 0.6107 -0.5716
vn -0.5616 0.5928 -0.5772
vn -0.3225 0.7001 -0.6371
vn -0.3765 0.6667 -0.6432
vn -0.1022 0.7074 -0.6994
vn -0.1022 0.7073 -0.6995
vn -0.0000 0.6750 -0.7378
vn 0.0079 0.6668 -0.7452
vn -0.9567 0.2900 0.0237
vn -0.9555 0.2898 0.0548
vn -0.9634 0.2663 0.0313
vn -0.9805 0.1961 0.0078
vn -0.9806 0.1961 -0.0000
vn -0.9864 0.1644 0.0078
vn -0.9864 0.1644 -0.0000
vn -0.9861 0.1644 0.0235
vn -0.9876 0.1568 0.0078
vn -0.9851 0.1720 0.0078
vn -0.9837 0.1796 -0.0000
vn -0.9864 0.1644 0.0079
vn -0.9758 0.2186 -0.0000
vn -0.9741 0.2260 -0.0078
vn -0.9758 0.2186 -0.0078
vn -0.9756 0.2185 -0.0234
vn -0.9726 0.2275 0.0471
vn -0.9720 0.2349 0.0002
vn -0.9775 0.2111 -0.0000
vn -0.9791 0.2036 -0.0000
vn -0.9639 0.2664 -0.0000
vn -0.8609 0.5087 -0.0000
vn 0.0079 1.0000 -0.0000
vn -0.0157 0.9999 -0.0000
vn -0.0158 0.9999 -0.0000
vn -0.0000 -0.0078 -1.0000
vn 0.0079 -0.0156 -0.9998
vn -0.0000 -0.0313 -0.9995
vn -0.0000 -0.0312 -0.9995
vn -0.0078 -0.0156 -0.9998
vn -0.9999 -0.0078 0.0078
vn 0.9997 -0.0000 -0.0235
vn 0.9989 -0.0000 -0.0471
vn 0.9989 -0.0000 -0.0472
vn 0.9503 0.3064 -0.0549
vn 0.9312 0.3522 -0.0939
vn 0.9696 0.2444 -0.0079
vn 0.9696 0.2444 0.0079
vn 0.9673 0.2516 -0.0312
vn 0.3194 -0.5920 -0.7400
vn 0.3208 -0.5869 -0.7434
vn 0.2885 -0.2651 -0.9200
vn 0.2894 -0.3050 -0.9073
vn 0.2353 0.4627 -0.8547
vn 0.2435 0.4084 -0.8797
vn 0.2038 0.9248 -0.3213
vn 0.1967 0.9048 -0.3777
vn 0.2036 0.9790 -0.0000
vn 0.3618 -0.4877 0.7945
vn 0.3528 -0.4860 0.7996
vn 0.3610 -0.2354 0.9024
vn 0.3625 -0.1813 0.9142
vn 0.3687 0.0863 0.9256
vn 0.3781 0.0867 0.9217
vn 0.3303 0.9437 0.0157
vn 0.3695 0.9276 0.0550
vn 0.3065 0.9038 -0.2986
vn 0.2990 0.9205 -0.2517
vn 0.2520 0.7954 -0.5512
vn 0.9024 -0.4237 -0.0784
vn 0.7804 -0.5697 -0.2575
vn 0.8959 -0.4323 -0.1022
vn 0.9093 -0.4154 -0.0234
vn 0.8400 -0.5417 -0.0314
vn 0.9233 -0.3834 -0.0235
vn 0.9570 -0.2902 -0.0000
vn 0.9834 0.1809 -0.0157
vn 0.9569 -0.2903 -0.0000
vn 0.9920 0.1261 -0.0000
vn 0.9920 0.1260 0.0079
vn 0.9885 0.1491 -0.0235
vn 0.9326 0.3605 -0.0157
vn 0.7915 0.6112 -0.0000
vn 0.7952 0.6063 -0.0000
vn 0.9568 0.2902 0.0157
vn 0.9766 0.2127 -0.0315
vn 0.9437 0.3304 -0.0156
vn 0.9327 0.3606 -0.0000
vn 0.9790 0.2036 0.0078
vn 0.9471 0.3209 -0.0000
vn 0.9753 0.2202 0.0158
vn 0.9791 0.1958 0.0548
vn 0.9439 0.3304 -0.0000
vn 0.9709 0.2349 0.0470
vn 0.9547 0.2974 0.0078
vn 0.9700 0.2425 0.0156
vn 0.9586 0.2829 0.0314
vn 0.9658 0.2591 -0.0078
vn 0.9678 0.2518 -0.0079
vn 0.9701 0.2426 -0.0000
vn 0.9677 0.2517 0.0157
vn 0.9658 0.2591 -0.0000
vn 0.9796 0.1881 0.0705
vn 0.9786 0.2035 0.0313
vn 0.9580 0.2827 0.0471
vn 0.9490 0.3137 -0.0314
vn 0.9805 0.1726 0.0941
vn 0.9795 0.1959 0.0470
vn 0.9620 0.2503 -0.1095
vn 0.9709 0.2349 -0.0470
vn 0.4781 -0.6663 0.5722
vn 0.5088 -0.6575 0.5557
vn 0.3756 -0.6025 0.7042
vn 0.3541 -0.5823 0.7318
vn 0.2663 -0.3995 0.8772
vn 0.2677 -0.3700 0.8896
vn 0.4243 -0.2436 0.8722
vn 0.4400 -0.2436 0.8643
vn 0.9196 0.3930 -0.0000
vn 0.9719 0.2352 -0.0000
vn 0.9195 0.3930 -0.0000
vn 0.4876 0.8730 -0.0000
vn 0.4877 0.8730 -0.0000
vn 0.4816 0.8763 -0.0158
vn 0.4936 0.8697 -0.0078
vn 0.8730 0.4876 -0.0079
vn 0.9096 0.4156 -0.0000
vn -0.0000 0.3903 -0.9207
vn 0.0078 0.7302 -0.6831
vn 0.0157 0.7377 -0.6749
vn -0.0004 0.2665 -0.9638
vn 0.8897 -0.4565 -0.0000
vn 0.9720 0.2351 -0.0000
vn 0.9963 0.0863 -0.0000
vn 0.9701 0.2425 -0.0000
vn -0.8953 0.3377 0.2906
vn -0.8742 0.3903 0.2888
vn -0.8704 0.3920 0.2979
vn -0.8787 0.4315 0.2040
vn -0.8786 0.4628 0.1177
vn -0.8794 0.4633 0.1099
vn -0.8973 0.4369 0.0624
vn -0.9004 0.4306 0.0626
vn 0.4016 0.8268 0.3937
vn 0.1499 0.8680 0.4735
vn 0.7787 0.5428 0.3146
vn 0.8809 0.4405 0.1731
vn 0.3291 0.9166 0.2272
vn 0.8851 0.4622 0.0548
vn 0.3365 0.9390 0.0704
vn 0.3537 0.9353 -0.0000
vn 0.9021 0.4315 -0.0000
vn 0.3313 0.1972 0.9227
vn 0.3446 0.1645 0.9242
vn 0.2676 0.3306 0.9051
vn 0.6296 0.4958 -0.5981
vn 0.3519 0.1564 -0.9229
vn 0.3358 0.1952 -0.9215
vn 0.2657 0.3282 -0.9065
vn 0.8974 0.3621 0.2519
vn 0.9034 0.3771 0.2042
vn 0.8423 0.2598 0.4723
vn 0.9182 0.3924 0.0549
vn 0.9210 0.3857 0.0551
vn -0.9567 0.2588 0.1333
vn -0.8440 0.5080 0.1719
vn -0.8529 0.4930 0.1722
vn -0.9611 0.2423 0.1329
vn -0.9931 0.0938 0.0704
vn -0.9965 0.0628 0.0549
vn 1.0000 -0.0000 -0.0079
vn 0.6989 -0.7067 0.1099
vn 0.6989 -0.7067 0.1100
vn 0.7057 -0.7057 0.0628
vn 0.7060 -0.7060 0.0549
vn 0.7110 -0.7032 0.0079
vn 0.7110 -0.7032 0.0078
vn 0.3139 -0.9494 -0.0000
vn 0.7413 -0.6711 -0.0000
vn 0.3674 -0.9300 0.0078
vn 0.8456 -0.5324 0.0391
vn 0.3606 -0.9327 0.0078
vn 0.8687 -0.4931 0.0469
vn 0.3516 -0.9297 0.1094
vn 0.3064 -0.9113 0.2750
vn 0.8476 -0.4631 0.2590
vn 0.3298 -0.4869 0.8088
vn 0.8641 0.1964 0.4635
vn 0.3771 0.3534 0.8561
vn 0.7742 0.4067 0.4849
vn 0.2517 0.6999 0.6685
vn 0.2199 0.7776 0.5891
vn 0.2665 0.8621 0.4311
vn 0.7958 0.5753 0.1891
vn 0.2518 0.9365 0.2440
vn 0.2591 0.9577 0.1256
vn 0.8418 0.5351 0.0708
vn 0.3225 0.9439 0.0708
vn 0.9948 0.0392 0.0940
vn 0.8809 0.4404 0.1730
vn 0.7787 0.5428 0.3147
vn 0.9977 0.0550 0.0393
vn 0.8851 0.4621 0.0549
vn 0.9022 0.4314 -0.0000
vn 0.9980 0.0629 -0.0000
vn 0.9639 -0.2664 -0.0000
vn 0.9888 0.1491 -0.0000
vn 0.9888 0.1492 -0.0000
vn 0.9547 0.2974 -0.0000
vn 0.2445 0.9697 0.0001
vn 0.4970 0.8678 -0.0000
vn 0.1497 0.9372 -0.3150
vn -0.1253 0.9710 -0.2037
vn -0.1573 0.9361 -0.3147
vn 0.1100 0.4477 0.8874
vn 0.2741 0.1644 -0.9475
vn 0.2737 -0.1721 -0.9463
vn 0.8912 0.4537 -0.0000
vn 0.8912 -0.4537 -0.0000
vn 0.8864 -0.4629 -0.0000
vn 0.7669 0.6416 0.0157
vn 0.6684 0.6999 0.2516
vn 0.6660 0.7053 0.2428
vn -0.4721 0.6688 0.5744
vn -0.6660 0.7053 0.2428
vn -0.6684 0.6999 0.2516
vn -0.7636 0.6455 0.0158
vn -0.7668 0.6416 0.0157
vn 0.6205 -0.7775 0.1021
vn 0.4938 -0.8696 0.0003
vn 0.4993 -0.8659 -0.0312
vn -0.1253 -0.9710 -0.2037
vn -0.1562 -0.9370 -0.3124
vn 0.7668 -0.6416 0.0157
vn 0.7597 -0.6501 0.0157
vn 0.6660 -0.7054 0.2426
vn -0.2117 -0.6508 0.7292
vn -0.2192 -0.6496 0.7280
vn -0.6660 -0.7053 0.2429
vn -0.7668 -0.6416 0.0157
vn 0.6205 0.7775 0.1021
vn 0.9999 -0.0158 -0.0000
vn 1.0000 0.0002 -0.0003
vn -0.1100 0.4477 0.8874
vn -0.3540 0.1653 0.9205
vn -0.3218 0.1962 0.9262
vn -0.3213 -0.2037 0.9248
vn -0.3540 -0.1652 0.9205
vn -0.1176 0.3997 -0.9091
vn -0.1255 0.3766 -0.9178
vn -0.3131 0.1409 -0.9392
vn -0.3131 -0.1409 -0.9392
vn -0.1252 -0.3833 -0.9151
vn -0.1176 -0.3997 -0.9091
vn -0.8912 0.4536 -0.0000
vn -0.5797 -0.8148 -0.0000
vn -0.2499 -0.9683 0.0001
vn -0.4846 -0.8748 -0.0000
vn -0.4075 -0.9091 -0.0862
vn -0.1962 -0.8557 0.4788
vn -0.2426 -0.8531 0.4618
vn 0.2427 -0.8531 0.4618
vn 0.1963 -0.8557 0.4789
vn 0.7885 -0.0000 0.6151
vn 0.1963 0.8557 0.4789
vn 0.2443 0.8510 0.4649
vn -0.1963 0.8557 0.4789
vn -0.6570 0.2894 0.6961
vn -0.7914 -0.0000 0.6112
vn -0.2744 -0.8155 -0.5096
vn -0.6336 -0.3208 -0.7040
vn -0.2336 -0.8485 -0.4748
vn 0.5790 -0.3678 -0.7277
vn 0.5790 0.3678 -0.7277
vn 0.2671 0.8172 -0.5107
vn -0.2744 0.8154 -0.5097
vn -0.7739 -0.0000 -0.6333
vn -0.7740 -0.0000 -0.6332
vn -0.6337 -0.3207 -0.7040
vn -0.6286 0.7778 -0.0000
vn 0.7536 -0.6437 0.1334
vn -1.0000 0.0004 0.0002
vn -1.0000 0.0001 -0.0001
vn -0.3766 0.0004 0.9264
vn 0.8973 0.0237 0.4408
vn 0.9051 0.0157 0.4250
vn 0.8768 0.1332 0.4620
vn 0.8709 0.1412 0.4707
vn 0.8039 0.3389 0.4887
vn 0.7899 0.3792 0.4819
vn 0.7011 0.4963 0.5121
vn 0.6846 0.5115 0.5193
vn 0.6527 0.5662 0.5033
vn 0.6532 0.5981 0.4643
vn 0.6691 0.5983 0.4408
vn 0.6575 0.6340 0.4071
vn 0.6509 0.6352 0.4157
vn 0.6124 0.6517 0.4475
vn 0.5972 0.6601 0.4557
vn 0.5510 0.6769 0.4880
vn 0.5275 0.7007 0.4803
vn 0.4966 0.7173 0.4887
vn 0.5034 0.7078 0.4955
vn 0.5126 0.6071 0.6072
vn 0.5043 0.6067 0.6145
vn 0.5345 0.6131 0.5817
vn 0.5206 0.6231 0.5837
vn 0.5743 0.6058 0.5507
vn 0.6131 0.5817 0.5345
vn 0.3851 0.7230 0.5736
vn 0.2748 0.7538 0.5969
vn 0.0236 0.7667 0.6415
vn 0.0157 0.7636 0.6455
vn -0.0001 -0.6502 -0.7598
vn -0.0157 0.9262 -0.3768
vn -0.0393 0.9346 -0.3534
vn -0.2974 0.9234 -0.2426
vn -0.3447 0.9088 -0.2350
vn 0.5940 -0.5158 -0.6174
vn 0.5640 -0.5640 -0.6032
vn 0.5791 -0.2974 -0.7591
vn 0.5708 -0.2737 -0.7741
vn 0.3977 -0.1949 -0.8966
vn 0.3916 -0.1880 -0.9007
vn 0.2978 -0.1097 -0.9483
vn 0.2961 -0.0935 -0.9506
vn 0.1718 -0.0469 -0.9840
vn 0.1642 -0.0469 -0.9853
vn 0.0312 -0.0000 -0.9995
vn 0.0234 -0.0000 -0.9997
vn -0.0078 -0.0000 -1.0000
vn -0.0079 -0.0000 -1.0000
vn 0.3468 0.9379 -0.0000
vn 0.3209 0.9471 -0.0000
vn 0.9167 0.3996 -0.0000
vn 0.9518 0.3068 -0.0000
vn 0.9495 0.3139 -0.0000
vn 0.9154 0.4025 -0.0000
vn 0.8084 0.5887 -0.0000
vn 0.8084 0.5886 -0.0000
vn 0.7378 0.6750 -0.0000
vn 0.7378 0.6750 -0.0001
vn 0.5834 0.8122 -0.0000
vn 0.6371 0.7708 -0.0000
vn 0.6417 0.7669 -0.0000
vn 0.5835 0.8121 -0.0000
vn 0.5271 0.8498 -0.0001
vn 0.4628 0.8864 -0.0000
vn 0.4723 0.8815 -0.0000
vn 0.4090 0.9125 -0.0000
vn 0.4091 0.9125 -0.0000
vn 0.4303 0.6103 -0.6651
vn 0.1255 0.8314 -0.5413
vn -0.1495 0.9202 -0.3618
vn 0.4411 0.6064 -0.6616
vn 0.3919 0.6347 -0.6660
vn 0.3918 0.6347 -0.6661
vn 0.3611 0.6515 -0.6673
vn 0.3542 0.6453 -0.6768
vn 0.3298 0.6596 -0.6754
vn 0.7393 0.4954 -0.4561
vn 0.4410 0.6065 0.6615
vn -0.1495 0.9202 0.3618
vn 0.1337 0.8341 0.5351
vn 0.4326 0.6135 0.6607
vn 0.3918 0.6347 0.6660
vn 0.3473 0.6551 0.6709
vn 0.3455 0.6517 0.6752
vn 0.6674 0.3141 -0.6752
vn 0.7685 0.2117 -0.6038
vn 0.7546 0.2122 -0.6210
vn 0.6749 0.2983 -0.6749
vn 0.6040 0.4706 -0.6432
vn 0.6247 0.4685 -0.6247
vn 0.5825 0.5588 -0.5903
vn 0.6108 0.5560 -0.5638
vn 0.6900 0.2823 0.6665
vn 0.7722 0.2522 0.5831
vn 0.7612 0.2354 0.6043
vn 0.6827 0.2982 0.6671
vn 0.6142 0.4646 0.6379
vn 0.6158 0.4816 0.6236
vn 0.5746 0.5668 0.5904
vn 0.5721 0.5877 0.5721
vn -1.0000 -0.0000 0.0001
vn -1.0000 -0.0000 -0.0001
vn -0.9664 -0.2572 -0.0000
vn -0.9663 -0.2572 -0.0000
vn -0.9816 -0.1870 0.0390
vn -0.9664 -0.2571 -0.0000
vn -0.3821 -0.8342 -0.3976
vn -0.4207 -0.8491 -0.3194
vn -0.3820 -0.8342 -0.3976
vn -0.4760 -0.7803 -0.4057
vn -0.5704 -0.7423 -0.3516
vn 0.5886 0.8084 -0.0000
vn 0.6540 0.7565 -0.0000
vn 0.5887 0.8084 -0.0000
vn 0.5272 0.8498 -0.0000
vn 0.4566 0.8897 -0.0000
vn 0.3930 0.9196 -0.0000
vn 0.7981 0.6025 -0.0000
vn 0.7149 0.6992 -0.0000
vn 0.7150 0.6992 -0.0000
vn 0.8019 0.5975 -0.0000
vn 0.0472 -0.0000 0.9989
vn 0.5029 -0.0000 0.8644
vn 0.4466 -0.0548 0.8931
vn 0.6038 -0.2117 0.7685
vn 0.5588 -0.2361 0.7950
vn 0.3596 -0.1407 0.9224
vn 0.3762 -0.1332 0.9169
vn 0.2509 -0.0863 0.9642
vn 0.2196 -0.0784 0.9724
vn 0.2121 -0.0786 0.9741
vn 0.1565 -0.0626 0.9857
vn 0.1488 -0.0627 0.9869
vn 0.1094 -0.0547 0.9925
vn 0.1017 -0.0548 0.9933
vn 0.0628 -0.0549 0.9965
vn 0.0628 -0.0627 0.9961
vn 0.0393 -0.0393 0.9985
vn 0.0315 -0.0471 0.9984
vn 0.0236 -0.0549 0.9982
vn 0.0157 -0.0550 0.9984
vn 0.0079 -0.0550 0.9985
vn -0.0001 -0.0159 0.9999
vn 0.6060 0.7162 -0.3463
vn 0.8011 0.4712 -0.3691
vn 0.7808 0.4969 -0.3786
vn 0.6737 0.6266 -0.3917
vn 0.4064 0.8831 -0.2345
vn 0.5095 0.8073 -0.2978
vn 0.4638 0.7860 -0.4087
vn 0.3693 0.8562 -0.3613
vn 0.6032 0.6267 -0.4935
vn 0.6055 0.6290 -0.4875
vn 0.5963 0.6199 -0.5100
vn 0.7661 0.4221 -0.4847
vn 0.7079 0.5035 -0.4954
vn 0.7540 0.4320 -0.4948
vn 0.7993 0.3840 -0.4623
vn 0.6206 0.6206 -0.4792
vn 0.6355 0.6120 -0.4708
vn 0.5426 0.6133 -0.5740
vn 0.5563 0.5954 -0.5797
vn 0.3225 0.7001 -0.6371
vn 0.3698 0.6687 -0.6451
vn 0.1022 0.7073 -0.6995
vn -0.0079 0.6668 -0.7452
vn 0.9555 0.2898 0.0549
vn 0.9567 0.2901 0.0235
vn 0.9634 0.2663 0.0313
vn 0.9806 0.1961 0.0078
vn 0.9806 0.1961 -0.0000
vn 0.9864 0.1644 0.0078
vn 0.9864 0.1644 -0.0000
vn 0.9861 0.1644 0.0235
vn 0.9876 0.1568 0.0079
vn 0.9848 0.1733 0.0079
vn 0.9835 0.1810 -0.0000
vn 0.9754 0.2203 -0.0000
vn 0.9737 0.2277 -0.0079
vn 0.9754 0.2203 -0.0079
vn 0.9752 0.2202 -0.0236
vn 0.9726 0.2275 0.0471
vn 0.9771 0.2127 -0.0000
vn 0.9701 0.2425 -0.0078
vn 0.9791 0.2036 -0.0000
vn 0.9639 0.2664 -0.0000
vn 0.8554 0.5179 0.0001
vn 0.8589 0.5122 -0.0000
vn 0.9999 -0.0079 0.0079
vn -0.9739 0.2259 -0.0234
vn -0.9616 0.2736 -0.0235
vn -0.9717 0.2351 -0.0235
vn -0.9595 0.2808 -0.0234
vn -0.9548 0.2974 -0.0000
vn -0.9851 0.1720 -0.0000
vn -0.9682 0.2499 0.0156
vn -0.0000 0.8697 -0.4936
vn -0.0000 0.8663 -0.4995
vn -0.0000 0.8696 -0.4937
vn -0.0000 0.0312 -0.9995
vn -0.0000 0.0313 -0.9995
vn -0.0156 -0.0000 -0.9999
vn 0.0078 -0.0000 -1.0000
vn -0.0000 -0.5937 0.8047
vn -0.0079 0.9998 0.0157
vn -0.0000 0.9995 0.0315
vn -0.2599 0.9610 0.0945
vn -0.0157 0.9954 0.0940
vn -0.2590 0.9577 0.1256
vn -0.3295 0.9415 0.0706
vn -0.0000 0.9775 0.2112
vn -0.0236 0.9832 0.1809
vn -0.0000 0.9790 0.2036
vn -0.0000 0.9821 0.1886
vn -0.2518 0.9365 0.2440
vn -0.0000 0.9835 0.1810
vn -0.0000 0.9701 0.2425
vn -0.0078 0.9864 0.1644
vn -0.2737 0.8603 0.4301
vn -0.0000 0.9864 0.1644
vn -0.0000 0.9021 0.4314
vn -0.2273 0.7762 0.5880
vn 0.0157 0.9834 0.1809
vn -0.0158 0.8083 0.5885
vn -0.0078 0.9790 0.2036
vn -0.2516 0.6999 0.6684
vn -0.0000 0.9775 0.2111
vn -0.0157 0.7302 0.6831
vn -0.3770 0.3534 0.8561
vn -0.0000 0.4091 0.9125
vn -0.0000 0.7068 0.7074
vn 0.0157 0.7302 0.6831
vn 0.3770 0.3534 0.8561
vn 0.2516 0.6999 0.6684
vn 0.0079 0.8084 0.5886
vn -0.0000 0.9021 0.4315
vn 0.2664 0.8621 0.4310
vn -0.0079 0.9820 0.1886
vn 0.2590 0.9577 0.1256
vn 0.0157 0.9954 0.0941
vn 0.2599 0.9610 0.0945
vn 0.0079 0.9998 0.0158
vn -0.0078 1.0000 -0.0000
vn 0.3442 0.9389 -0.0000
vn -0.0000 -1.0000 0.0002
vn -0.0000 0.5975 0.8019
vn -0.0000 0.5708 0.8211
vn -0.0000 -0.4995 -0.8663
vn -0.0000 -0.4996 -0.8663
vn -0.0000 -0.4992 -0.8665
vn -0.0000 0.8864 0.4628
vn -0.4016 0.8269 0.3937
vn -0.3360 0.9142 0.2266
vn -0.0000 0.9495 0.3139
vn -0.0000 0.9754 0.2206
vn -0.0000 0.9980 0.0628
vn 0.3290 0.9166 0.2272
vn -0.3365 0.9391 0.0704
vn 0.4016 0.8269 0.3937
vn 0.1499 0.8680 0.4734
vn -0.0000 0.8865 0.4628
vn 0.3365 0.9391 0.0704
vn -0.3605 0.9328 -0.0000
vn 0.3537 0.9354 -0.0000
vn -0.9995 0.0312 -0.0000
vn -0.9997 0.0234 -0.0000
vn -0.0546 -0.9985 -0.0000
vn -0.1720 -0.9851 -0.0000
vn -0.1722 -0.9851 0.0002
vn -0.0624 -0.9981 -0.0000
vn -0.0000 1.0000 -0.0079
vn 0.0236 0.9997 -0.0000
vn -0.0472 0.9989 -0.0000
vn -0.1720 0.9851 -0.0000
vn -0.8008 -0.0000 -0.5989
vn -0.8010 -0.0000 -0.5986
vn -0.2591 0.9659 -0.0000
vn -0.2517 0.9678 -0.0000
vn 0.2517 0.9678 -0.0000
vn 0.2591 0.9659 -0.0000
vn -0.6199 -0.0000 0.7847
vn -0.5384 -0.0000 -0.8427
vn -0.2498 -0.9683 -0.0000
vn -0.2571 -0.9664 -0.0000
vn 0.2425 -0.9702 -0.0000
vn 0.2571 -0.9664 -0.0000
vn 0.2498 -0.9683 -0.0000
vn 0.0078 -0.6417 0.7669
vn -0.0078 -0.6417 0.7669
vn 0.0391 -0.6412 -0.7663
vn -0.0469 -0.6410 -0.7661
vn -0.0000 0.6502 0.7598
vn -0.0000 0.6501 0.7598
vn -0.0000 0.6500 0.7599
vn 0.7981 -0.0000 -0.6025
vn 0.6150 -0.0000 0.7885
vn 0.6151 -0.0000 0.7885
vn 0.5328 -0.0000 -0.8462
vn -0.1960 0.9805 -0.0157
vn -0.2425 0.9701 -0.0000
vn -0.3303 0.9439 -0.0000
vn -0.0628 0.9980 -0.0000
vn -0.2277 0.9737 -0.0000
vn -0.1018 0.9948 -0.0000
vn -0.5328 0.8462 -0.0000
vn -0.5565 0.8308 -0.0000
vn -0.5798 0.8148 -0.0001
vn -0.5798 0.8147 -0.0001
vn -0.6629 0.7487 -0.0000
vn -0.6792 0.7339 -0.0000
vn -0.6668 0.7452 -0.0000
vn -0.6992 0.7150 -0.0000
vn -0.7778 0.6285 -0.0000
vn -0.9948 0.1019 -0.0000
vn -0.7808 0.6247 -0.0000
vn -0.7809 0.6247 -0.0000
vn -0.6992 0.7149 -0.0001
vn -0.4783 0.8782 -0.0000
vn -0.0078 0.2902 0.9569
vn -0.0000 0.3674 -0.9301
vn -0.0000 0.3139 -0.9495
vn -0.0000 0.3209 -0.9471
vn -0.0002 1.0000 -0.0000
vn 0.0002 1.0000 -0.0000
vn -0.0000 0.9992 0.0394
vn -0.0001 1.0000 -0.0000
vn -0.0000 0.9985 0.0551
vn -0.0000 1.0000 0.0079
vn 0.0158 0.9999 -0.0000
vn -0.0078 0.9999 0.0079
vn 0.1020 0.4944 0.8632
vn 0.0784 0.4861 0.8704
vn 0.1887 0.5190 0.8336
vn 0.0078 0.4689 0.8832
vn -0.0000 0.4723 0.8815
vn -0.0000 0.4722 0.8815
vn -0.0862 0.4858 0.8698
vn -0.0078 0.4690 0.8832
vn -0.1020 0.4944 0.8632
vn -0.1888 0.5191 0.8336
vn -0.0000 0.7487 -0.6629
vn -0.0000 0.7453 -0.6668
vn 0.0859 0.6561 -0.7498
vn -0.0000 0.7264 -0.6873
vn -0.0859 0.6561 -0.7498
vn -0.0000 0.6199 -0.7847
vn -0.0235 0.6111 -0.7912
vn 0.0235 0.6111 -0.7912
vn 0.0079 0.9999 0.0079
vn -0.0000 0.0624 -0.9981
vn -0.0078 0.5328 -0.8462
vn -0.0000 0.4378 -0.8991
vn 0.0079 0.5328 -0.8462
vn 0.0078 0.5328 -0.8462
vn -0.0000 -0.9790 -0.2036
vn -0.0000 -0.9791 -0.2036
vn -0.0000 0.9940 0.1096
vn -0.0000 0.9931 0.1173
vn -0.0078 0.9939 0.1096
vn -0.0000 -0.6953 -0.7187
vn -0.0000 -0.6951 -0.7189
vn -0.0000 -0.6956 -0.7184
vn -0.0000 0.4090 0.9125
vn -0.0000 -0.5565 0.8308
vn 0.3770 0.3535 0.8561
vn -0.0000 -0.3374 0.9414
vn -0.0000 -0.3537 0.9354
vn -0.0000 -0.3538 0.9353
vn -0.0079 -0.3537 0.9353
vn -0.0000 -0.3373 0.9414
vn -0.0000 0.3045 -0.9525
vn -0.0000 0.3138 -0.9495
vn -0.0000 0.2499 -0.9683
vn -0.0000 0.3068 0.9518
vn -0.0000 0.3138 0.9495
vn -0.0000 0.3139 0.9494
vn -0.0000 0.9980 0.0629
vn -0.0000 -0.7032 0.7110
vn 0.0157 0.6455 0.7636
vn 0.0157 0.6370 0.7707
vn -0.0000 0.7149 0.6992
vn -0.0157 0.6455 0.7636
vn -0.0157 0.6370 0.7707
vn 0.9588 0.2829 -0.0236
vn 0.9541 0.2996 -0.0000
vn 0.9610 0.2757 -0.0236
vn 0.9717 0.2351 -0.0235
vn 0.9734 0.2277 -0.0235
vn 0.9677 0.2517 0.0158
vn 0.9754 0.2202 -0.0000
vn 0.9851 0.1720 -0.0000
vn 0.9995 0.0315 -0.0000
vn 0.9997 0.0236 -0.0000
vn 0.1720 -0.9851 -0.0000
vn 0.0469 -0.9989 -0.0000
vn 0.0624 -0.9981 -0.0000
vn -0.0236 0.9997 -0.0000
vn -0.0079 0.9999 -0.0078
vn 0.1721 0.9851 0.0002
vn 0.1720 0.9851 -0.0000
vn -0.0079 -0.6417 0.7669
vn 0.0391 -0.6412 -0.7664
vn -0.5384 0.0001 -0.8427
vn 0.1885 0.9819 -0.0157
vn 0.0550 0.9985 -0.0000
vn 0.2352 0.9720 -0.0000
vn 0.3233 0.9463 -0.0000
vn 0.2277 0.9737 -0.0000
vn 0.0551 0.9985 -0.0000
vn 0.0941 0.9956 -0.0000
vn 0.3139 0.9495 -0.0000
vn 0.5328 0.8462 -0.0000
vn 0.5272 0.8497 -0.0001
vn 0.5511 0.8345 -0.0000
vn 0.6585 0.7526 -0.0000
vn 0.6668 0.7452 -0.0000
vn 0.7778 0.6285 -0.0000
vn 0.7953 0.6062 -0.0000
vn 0.9948 0.1019 -0.0000
vn 0.9948 0.1018 -0.0000
vn 0.9888 0.1490 0.0001
vn 0.6991 0.7150 -0.0001
vn 0.6624 0.7491 -0.0000
vn 0.5745 0.8185 -0.0000
vn 0.5271 0.8498 -0.0000
vn 0.4876 0.8731 -0.0000
vn -0.0079 0.9999 0.0079
vn -0.0157 0.9998 0.0079
vn -0.0000 0.3279 -0.9447
vn -0.0078 0.3373 -0.9414
vn -0.0704 0.1956 -0.9781
vn -0.0861 0.1879 -0.9784
vn -0.1411 0.0705 -0.9875
vn -0.1480 0.0156 -0.9889
vn -0.1480 0.0078 -0.9890
vn 0.0864 0.7856 0.6127
vn 0.0079 0.8344 0.5510
vn 0.0235 0.8366 0.5473
vn 0.1570 0.7929 0.5888
vn 0.0314 0.7704 0.6368
vn -0.0000 0.7778 0.6285
vn -0.0000 0.7817 0.6237
vn -0.0942 0.7850 0.6123
vn -0.0393 0.7702 0.6366
vn -0.1647 0.7919 0.5880
vn -0.0234 0.8366 0.5473
vn -0.0157 0.8344 0.5510
vn -0.0000 0.7378 0.6750
vn -0.1729 0.5500 0.8171
vn -0.0237 0.7415 0.6705
vn -0.1885 0.8483 0.4948
vn -0.1491 0.9808 0.1255
vn -0.5325 0.3211 0.7831
vn -0.5730 0.2355 0.7850
vn -0.6953 -0.0000 0.7187
vn -0.5312 -0.3281 0.7812
vn -0.5720 -0.2429 0.7835
vn -0.1479 -0.9811 0.1246
vn -0.1873 -0.8505 0.4915
vn -0.0235 -0.7450 0.6666
vn -0.1721 -0.5554 0.8136
vn -0.0000 -0.7378 0.6750
vn 0.1728 0.5500 0.8171
vn -0.0079 0.7378 0.6750
vn 0.0158 0.7416 0.6706
vn 0.1885 0.8483 0.4948
vn 0.1491 0.9808 0.1255
vn 0.5269 0.3225 0.7864
vn 0.5677 0.2365 0.7885
vn 0.6912 -0.0000 0.7226
vn 0.6913 -0.0000 0.7226
vn 0.5256 -0.3294 0.7844
vn 0.5666 -0.2440 0.7870
vn 0.1480 -0.9811 0.1246
vn 0.1873 -0.8505 0.4916
vn 0.0157 -0.7451 0.6667
vn 0.1721 -0.5554 0.8136
vn -0.0079 -0.7378 0.6750
vn 0.0001 1.0000 0.0002
vn 0.0001 1.0000 0.0003
vn -0.0001 1.0000 0.0002
vn 0.0001 1.0000 -0.0002
vn -0.0000 0.7452 0.6668
vn -0.0078 0.7378 0.6750
vn 0.0627 0.1958 -0.9786
vn -0.0000 0.3373 -0.9414
vn 0.0861 0.1879 -0.9784
vn 0.1334 0.0706 -0.9885
vn 0.1479 0.0156 -0.9889
vn 0.1403 0.0078 -0.9901
vn 0.1729 0.5500 0.8171
vn 0.1885 0.8483 0.4949
vn 0.5677 0.2366 0.7885
vn 0.6913 -0.0000 0.7225
vn -0.0237 0.7415 0.6706
vn -0.1884 0.8483 0.4948
vn -0.1492 0.9808 0.1255
vn -0.1873 -0.8505 0.4916
vn -0.0079 0.8344 0.5510
vn -0.0000 0.8518 0.5239
vn -0.0079 0.8404 0.5419
vn -0.0000 0.8897 0.4566
vn -0.0000 0.8404 0.5419
vn -0.0000 0.9052 0.4250
vn -0.0000 0.9737 0.2278
vn -0.0000 0.0080 1.0000
vn -0.0000 0.0078 1.0000
vn -0.0079 -0.0000 1.0000
vn -1.0000 -0.0000 0.0002
vn 1.0000 -0.0000 -0.0002
vn 1.0000 -0.0001 -0.0000
vn 1.0000 -0.0000 0.0002
vn 0.0390 -0.9992 -0.0000
vn 0.0701 -0.9975 -0.0000
vn 0.0779 -0.9970 -0.0000
vn 0.2351 -0.9720 -0.0000
vn 0.1721 -0.9851 -0.0000
vn 0.1723 -0.9850 -0.0000
vn 0.1644 -0.9864 -0.0000
vn 0.2665 -0.9638 -0.0000
vn 0.3209 -0.9471 -0.0000
vn 0.3996 -0.9167 -0.0000
vn 0.3901 -0.9208 -0.0000
vn 0.5238 -0.8518 -0.0000
vn 0.5236 -0.8519 -0.0000
vn 0.5237 -0.8519 -0.0000
vn 0.5849 -0.8111 -0.0000
vn 0.6025 -0.7981 -0.0000
vn 0.5975 -0.8018 -0.0000
vn 0.7847 -0.6199 -0.0000
vn 0.7637 -0.6456 -0.0000
vn 0.6750 -0.7378 -0.0000
vn 0.9167 -0.3995 -0.0000
vn 0.6792 -0.7339 -0.0000
vn 0.6750 -0.7378 0.0079
vn 0.9701 -0.2425 -0.0000
vn 0.6792 -0.7339 0.0078
vn 0.9851 -0.1720 -0.0000
vn 0.7598 -0.6501 -0.0000
vn 0.9956 -0.0941 -0.0000
vn 0.9975 -0.0706 -0.0000
vn 0.9167 -0.3996 -0.0000
vn 0.9821 -0.1886 -0.0000
vn 0.9910 -0.1180 0.0629
vn 0.9818 -0.1885 0.0236
vn 0.9899 -0.1414 0.0079
vn -0.0000 0.9196 0.3929
vn -0.0000 0.8815 0.4722
vn 0.0157 0.6749 -0.7377
vn -0.0000 0.6668 -0.7452
vn 0.2270 0.3522 -0.9080
vn 0.0859 0.6560 -0.7498
vn -0.0000 0.7452 -0.6668
vn -0.0000 0.7149 -0.6992
vn -0.0000 0.7263 -0.6873
vn -0.2344 0.3516 -0.9063
vn -0.0157 0.6749 -0.7377
vn 1.0000 -0.0000 -0.0001
vn -0.0391 -0.9992 -0.0000
vn -0.0779 -0.9970 -0.0000
vn -0.0855 -0.9963 0.0004
vn -0.2425 -0.9701 -0.0000
vn -0.1721 -0.9851 -0.0000
vn -0.1644 -0.9864 -0.0000
vn -0.2736 -0.9619 -0.0000
vn -0.3279 -0.9447 -0.0000
vn -0.4061 -0.9138 -0.0000
vn -0.3902 -0.9208 -0.0000
vn -0.4062 -0.9138 -0.0000
vn -0.6074 -0.7944 -0.0000
vn -0.6025 -0.7981 -0.0000
vn -0.7877 -0.6161 -0.0000
vn -0.6792 -0.7339 -0.0000
vn -0.9167 -0.3995 -0.0000
vn -0.6793 -0.7339 -0.0000
vn -0.9638 -0.2666 -0.0000
vn -0.6791 -0.7340 0.0079
vn -0.6793 -0.7339 0.0079
vn -0.9851 -0.1720 -0.0000
vn -0.7598 -0.6501 -0.0000
vn -0.9956 -0.0941 -0.0000
vn -0.9975 -0.0701 -0.0000
vn -0.9167 -0.3996 0.0001
vn -0.9823 -0.1871 -0.0000
vn -0.9167 -0.3997 -0.0000
vn -0.9912 -0.1171 0.0625
vn -0.9821 -0.1871 0.0234
vn -0.9901 -0.1403 0.0078
vn -0.0000 0.9956 -0.0941
vn -0.0003 1.0000 -0.0000
vn -0.0000 0.9989 -0.0472
vn -0.0000 0.9997 -0.0236
vn -0.0000 0.9997 -0.0237
vn -0.9948 0.0005 -0.1018
vn -0.9948 -0.0000 -0.1018
vn -0.9758 -0.0000 -0.2186
vn 0.9948 -0.0000 -0.1018
vn 1.0000 -0.0002 -0.0000
vn 0.9948 -0.0005 -0.1018
vn 0.9754 -0.0003 -0.2204
vn 0.9754 0.0003 -0.2204
vn 0.9754 -0.0000 -0.2206
vn 0.9948 -0.0004 -0.1018
vn 0.9948 -0.0000 -0.1019
vn 0.9755 -0.0001 -0.2201
vn 0.9755 0.0001 -0.2201
vn 0.9755 -0.0000 -0.2200
vn -0.9948 0.0004 -0.1018
vn -1.0000 0.0001 -0.0000
vn -0.9948 -0.0000 -0.1019
vn -0.9758 -0.0000 -0.2185
vn -0.0000 -0.9683 0.2499
vn -0.0000 -0.5565 0.8309
vn 0.3298 -0.4868 0.8088
vn -0.0000 -0.9963 0.0863
vn -0.3516 -0.9298 0.1094
vn 0.3516 -0.9298 0.1094
vn -0.3673 -0.9301 0.0078
vn -0.0000 -1.0000 0.0001
vn -0.3209 -0.9471 -0.0000
vn -0.0001 -1.0000 -0.0001
vn 0.3605 -0.9327 0.0078
vn 0.3673 -0.9301 0.0078
vn 0.3138 -0.9495 -0.0000
vn 0.2973 -0.9548 -0.0000
vn -0.2973 -0.9548 -0.0000
vn -0.2832 0.9591 -0.0003
vn -0.3305 0.9364 0.1180
vn -0.8782 0.4783 0.0079
vn -0.1958 0.9480 0.2507
vn -0.8062 0.5244 0.2739
vn -0.9518 0.0780 0.2965
vn -1.0000 -0.0000 -0.0080
vn -0.0863 0.9576 0.2747
vn -0.5265 0.6051 0.5972
vn -0.6773 0.1969 0.7088
vn -0.9597 -0.0000 0.2809
vn -0.9512 -0.0858 0.2963
vn -0.8782 -0.4783 0.0079
vn -0.7149 -0.0000 0.6992
vn -0.6805 -0.2033 0.7040
vn -0.8062 -0.5244 0.2739
vn -0.3281 -0.9374 0.1172
vn -0.2809 -0.9597 -0.0000
vn -0.1958 -0.9480 0.2507
vn -0.5321 -0.6103 0.5868
vn -0.0859 -0.9603 0.2654
vn -0.2974 -0.2113 0.9311
vn -0.2351 -0.6428 0.7290
vn -0.0000 -0.9597 0.2809
vn -0.0000 -0.6668 0.7452
vn 0.0859 -0.9603 0.2654
vn -0.0000 -0.2277 0.9737
vn 0.2277 -0.6440 0.7304
vn 0.1883 -0.9495 0.2511
vn 0.5265 -0.6128 0.5893
vn 0.3281 -0.9374 0.1172
vn 0.2809 -0.9597 -0.0000
vn 0.8782 -0.4783 0.0079
vn 0.8034 -0.5277 0.2757
vn 0.9505 -0.0864 0.2985
vn 0.6805 -0.2033 0.7040
vn 0.2974 -0.2113 0.9311
vn 0.9591 -0.0000 0.2832
vn 0.7149 -0.0000 0.6992
vn 0.2974 0.0157 0.9546
vn 0.9511 0.0786 0.2987
vn 0.8782 0.4783 0.0078
vn 0.6773 0.1969 0.7088
vn 0.8034 0.5277 0.2757
vn 0.2913 0.2283 0.9290
vn 0.5265 0.6051 0.5972
vn 0.3305 0.9364 0.1181
vn 0.2832 0.9591 -0.0003
vn 0.1883 0.9495 0.2511
vn 0.0863 0.9576 0.2747
vn 0.2201 0.6368 0.7390
vn -0.0000 0.9547 0.2974
vn -0.0000 0.6541 0.7564
vn -0.2276 0.6356 0.7377
vn -0.0000 0.2426 0.9701
vn -0.2985 0.2278 0.9268
vn -0.0000 0.0157 0.9999
vn -0.2974 0.0157 0.9546
vn 0.3305 0.9364 0.1180
vn 0.2830 0.9591 -0.0000
vn 0.0863 0.9576 0.2748
vn 0.9591 -0.0000 0.2831
vn -0.0000 0.2425 0.9701
vn -0.0000 0.6540 0.7565
vn -0.2276 0.6357 0.7377
vn -0.8062 0.5244 0.2740
vn -1.0000 -0.0000 -0.0079
vn -0.2984 0.2278 0.9268
vn -0.6805 -0.2032 0.7040
vn -0.8062 -0.5244 0.2740
vn -0.5321 -0.6103 0.5869
vn -0.1958 -0.9480 0.2508
vn 0.2278 -0.6440 0.7304
vn -0.2735 0.0313 -0.9614
vn -0.2346 0.1408 -0.9618
vn -0.1404 0.2107 -0.9674
vn -0.1170 0.2573 -0.9592
vn -0.2663 0.0313 -0.9634
vn -0.0000 0.3511 -0.9363
vn -0.2495 -0.0546 -0.9668
vn -0.0000 0.3606 -0.9327
vn -0.2418 -0.0780 -0.9672
vn -0.0000 0.3537 -0.9354
vn -0.2037 -0.1724 -0.9637
vn -0.1019 -0.2743 -0.9562
vn -0.1094 -0.2813 -0.9534
vn -0.0078 0.3605 -0.9327
vn -0.0000 -0.3671 -0.9302
vn 0.1170 0.2574 -0.9592
vn -0.0000 -0.3673 -0.9301
vn 0.1404 0.2107 -0.9674
vn 0.0941 -0.2745 -0.9570
vn 0.2346 0.1408 -0.9618
vn 0.1094 -0.2813 -0.9534
vn 0.2663 0.0313 -0.9634
vn 0.1962 -0.1726 -0.9652
vn 0.2590 0.0314 -0.9654
vn 0.2345 -0.0781 -0.9690
vn 0.2422 -0.0547 -0.9687
vn -0.2663 -0.9636 -0.0235
vn 0.2663 -0.9636 -0.0235
vn -0.0000 -0.9999 -0.0155
vn -0.0000 -0.9992 -0.0390
vn -0.2180 -0.9734 -0.0701
vn -0.0000 -0.9997 -0.0234
vn 0.2106 -0.9751 -0.0702
vn -0.0000 -0.9741 -0.2260
vn 0.0157 0.9999 -0.0000
vn -0.8609 -0.0000 0.5087
vn -0.5123 -0.0000 0.8588
vn -0.5029 0.0079 0.8643
vn -0.0000 0.0550 0.9985
vn -0.0000 0.0863 0.9963
vn 0.5029 0.0079 0.8643
vn 0.5122 -0.0000 0.8589
vn -0.8575 -0.0000 -0.5145
vn 0.8589 -0.0000 0.5122
vn -0.4843 -0.0000 -0.8749
vn 0.8554 -0.0000 -0.5179
vn 0.4843 -0.0000 -0.8749
vn -0.3845 0.8946 0.2276
vn -0.2269 0.8919 0.3912
vn -0.1331 0.9629 0.2349
vn -0.0000 0.8896 0.4567
vn -0.2275 0.9646 0.1333
vn -0.0000 0.9638 0.2665
vn 0.1254 0.9638 0.2351
vn -0.2665 0.9638 -0.0000
vn 0.2194 0.8935 0.3919
vn -0.3845 0.8946 -0.2276
vn 0.3845 0.8946 0.2276
vn -0.2272 0.9636 -0.1410
vn 0.2275 0.9646 0.1333
vn -0.2262 0.8892 -0.3978
vn 0.4409 0.8975 -0.0000
vn -0.1331 0.9629 -0.2349
vn 0.2665 0.9638 -0.0000
vn -0.0000 0.8864 -0.4629
vn 0.3845 0.8946 -0.2276
vn -0.0000 0.9618 -0.2737
vn 0.2272 0.9636 -0.1410
vn 0.1254 0.9638 -0.2351
vn 0.2188 0.8907 -0.3985
vn -0.2274 0.9646 0.1333
vn -0.1331 0.9629 0.2348
vn -0.0000 0.9639 0.2664
vn -0.2664 0.9639 -0.0000
vn 0.1253 0.9639 0.2350
vn 0.2274 0.9646 0.1333
vn -0.1331 0.9629 -0.2348
vn 0.2664 0.9639 -0.0000
vn -0.0000 0.9618 -0.2736
vn 0.1254 0.9639 -0.2351
vn -0.4880 -0.0000 0.8728
vn 0.4876 -0.0000 0.8731
vn -1.0000 -0.0000 0.0004
vn 0.4880 -0.0000 0.8728
vn 0.8589 -0.0000 0.5121
vn -0.4844 -0.0000 -0.8749
vn 0.8554 -0.0000 -0.5180
vn 0.4844 -0.0000 -0.8749
vn 0.2443 0.9697 -0.0000
vn -0.2663 0.9636 -0.0235
vn 0.2663 0.9636 -0.0235
vn -0.0000 0.9992 -0.0393
vn -0.2197 0.9730 -0.0706
vn 0.2122 0.9747 -0.0707
vn -0.1253 0.9710 -0.2035
vn 0.1252 0.9710 -0.2036
vn -0.0000 0.9737 -0.2277
vn -0.0000 0.0701 -0.9975
vn -0.0856 -0.0000 -0.9963
vn -0.0000 -0.0940 -0.9956
vn -0.0000 -0.0941 -0.9956
vn 0.0779 -0.0000 -0.9970
vn -0.9975 -0.0000 0.0702
vn 0.0001 1.0000 0.0032
vn 0.0002 1.0000 0.0033
vn 0.0001 1.0000 0.0016
vn -0.0000 1.0000 0.0016
vn 0.0002 0.9963 -0.0863
vn -0.0000 0.9963 -0.0863
vn 0.0078 0.9969 -0.0785
vn -0.0000 0.9052 0.4251
vn 0.0001 0.9052 0.4251
vn 0.0079 0.8588 0.5122
vn 0.0079 0.8589 0.5122
vn -0.0000 -0.9964 0.0852
vn -0.0000 -0.9837 0.1796
vn -0.9876 -0.0000 0.1568
vn -0.9912 -0.0000 0.1327
vn -0.9948 -0.0000 0.1018
vn -0.9963 -0.0000 0.0863
vn -0.9963 -0.0000 0.0856
vn -0.9963 -0.0000 0.0857
vn -0.9948 -0.0000 0.1019
vn -0.0002 1.0000 0.0033
vn -0.0001 1.0000 0.0032
vn -0.0157 0.9968 -0.0785
vn -0.0157 0.9968 -0.0784
vn -0.0158 0.8588 0.5121
vn 0.9910 -0.0000 0.1337
vn 0.9876 -0.0000 0.1568
vn 0.9948 -0.0000 0.1019
vn 0.9948 -0.0000 0.1018
vn 0.9963 -0.0000 0.0863
vn -0.0001 -0.9837 0.1796
vn 0.0002 -0.9822 0.1877
vn 0.0003 0.7266 0.6871
vn -0.0003 0.7266 0.6871
vn -0.0000 0.2664 -0.9638
vn 0.0002 0.2669 -0.9637
vn 0.0001 0.2664 -0.9639
vn -0.0000 0.2663 -0.9639
vn -0.9774 0.2112 -0.0078
vn -0.9613 0.2736 -0.0313
vn -0.9567 0.2901 -0.0235
vn 0.9567 0.2901 -0.0235
vn 0.9607 0.2756 -0.0315
vn 0.9774 0.2111 -0.0078
vn -0.9741 0.2260 -0.0000
vn -0.9805 0.1726 0.0941
vn 0.9737 0.2278 -0.0000
vn 0.9737 0.2277 -0.0001
vn 0.9861 -0.0000 -0.1663
vn -0.9861 -0.0000 -0.1663
vn -0.0000 -0.9928 -0.1201
vn 0.0001 -1.0000 0.0001
vn -0.0000 0.9449 -0.3275
vn -0.0000 0.9449 -0.3274
vt 0.333008 -0.499023
vt 0.333008 -0.482422
vt 0.414551 -0.482422
vt 0.414551 -0.499023
vt 0.198731 -0.499023
vt 0.198731 -0.482422
vt 0.270508 -0.482422
vt 0.270508 -0.499023
vt 0.420410 -0.499023
vt 0.420410 -0.482422
vt 0.502441 -0.482422
vt 0.502441 -0.499023
vt 0.286621 -0.499023
vt 0.286621 -0.482422
vt 0.358398 -0.482422
vt 0.358398 -0.499023
vt -0.302734 -0.482910
vt -0.302734 -0.499023
vt -0.328125 -0.499023
vt -0.328125 -0.482910
vt -0.241211 -0.482910
vt -0.215820 -0.482910
vt -0.215820 -0.499023
vt -0.241211 -0.499023
vt 2.115234 0.517090
vt 2.115234 0.500488
vt 1.912598 0.517090
vt 0.909668 -0.385742
vt 0.909668 -0.346191
vt 0.932617 -0.346191
vt 1.027344 -0.385742
vt 1.027344 -0.345215
vt 0.932617 -0.216309
vt 1.027344 -0.216797
vt 0.909668 -0.424805
vt 1.027344 -0.425293
vt 0.798340 -0.411621
vt 0.725586 -0.411621
vt 0.798828 -0.385742
vt 0.694824 -0.425293
vt 0.799316 -0.346191
vt 0.798340 -0.264648
vt 0.909668 -0.216309
vt 0.694336 -0.229981
vt 0.726563 -0.264648
vt 0.725586 -0.385742
vt 0.694336 -0.346191
vt 0.725586 -0.346191
vt 0.633789 -0.240234
vt 0.694824 -0.385742
vt 0.633301 -0.385742
vt 0.633301 -0.425781
vt 0.633789 -0.346191
vt 0.577637 -0.385742
vt 0.576660 -0.425781
vt 0.464356 -0.405273
vt 0.577637 -0.346191
vt 0.543457 -0.271484
vt 0.463867 -0.385742
vt 0.403320 -0.385742
vt 0.403809 -0.374512
vt 0.431641 -0.346191
vt 0.463867 -0.346191
vt 0.454102 -0.327148
vt 1.898438 -0.000488
vt 2.415527 -0.000488
vt 2.415527 -0.036133
vt 1.898438 -0.036133
vt 1.891602 -0.000488
vt 1.891602 -0.036133
vt 1.364746 -0.036133
vt 1.090820 -0.036133
vt 1.090820 -0.000488
vt 1.364746 -0.000488
vt 1.072754 -0.036133
vt 1.072754 -0.000488
vt -10.594240 3.303223
vt -10.882320 3.301758
vt -11.007320 3.973145
vt -10.823730 3.967285
vt 2.471680 1.517090
vt 2.576172 1.517090
vt 2.575684 1.500488
vt 2.467285 1.500488
vt 2.866211 1.517090
vt 3.075195 1.517090
vt 3.082520 1.500488
vt 2.866211 1.500488
vt 2.822266 1.517090
vt 2.820313 1.500488
vt 3.183105 1.517090
vt 3.394531 1.517090
vt 3.393066 1.500488
vt 3.180664 1.500488
vt 3.097168 1.517090
vt 3.088379 1.500488
vt 3.453125 1.517090
vt 3.657715 1.517090
vt 3.666016 1.500488
vt 3.453613 1.500488
vt -1.446777 -0.036133
vt -1.636719 -0.036133
vt -1.636719 -0.000977
vt -1.446777 -0.000977
vt -0.468262 1.963867
vt -0.691406 1.963867
vt -0.691406 1.998535
vt -0.468262 1.998535
vt -1.654785 1.517578
vt -1.579102 1.517578
vt -1.579102 1.500488
vt -1.654785 1.500488
vt -1.735840 1.517578
vt -1.735840 1.500488
vt -1.894043 1.517578
vt -1.894043 1.500488
vt -2.000000 1.517578
vt -2.000000 1.500488
vt -2.125488 1.517578
vt -2.125488 1.500488
vt -1.352539 1.517578
vt -1.227051 1.517578
vt -1.227051 1.500488
vt -1.352539 1.500488
vt -1.509277 1.517578
vt -1.509277 1.500488
vt -0.526367 0.500488
vt -0.525391 0.517578
vt -0.155273 0.517578
vt -0.156250 0.500488
vt -0.937500 0.517578
vt -0.937500 0.500977
vt -1.075684 0.500977
vt -1.075684 0.517090
vt 0.120117 1.963379
vt 0.120117 1.999023
vt 0.573731 1.999023
vt 0.573731 1.963379
vt -0.498535 0.238770
vt -0.498535 0.304688
vt -0.374023 0.304688
vt -0.374023 0.236328
vt -0.405273 1.998535
vt -0.405273 1.964355
vt -0.596191 1.964355
vt -0.596191 1.998535
vt 0.312988 1.998535
vt 0.312988 1.964355
vt 0.104981 1.964355
vt 0.104981 1.998535
vt 0.823242 1.998535
vt 0.823242 1.964355
vt -0.282227 1.517090
vt -0.282227 1.500000
vt -0.361816 1.500000
vt -0.361816 1.517090
vt 0.310059 1.517090
vt 0.310059 1.500000
vt 0.230469 1.500000
vt 0.230469 1.517090
vt 1.586426 1.500488
vt 1.586426 1.517090
vt 1.643555 1.517090
vt 1.643555 1.500488
vt 1.049805 1.500488
vt 1.049805 1.517090
vt 1.106934 1.517090
vt 1.106934 1.500488
vt -1.767578 0.131348
vt -1.793945 0.131348
vt -1.793945 0.264160
vt -1.767578 0.264160
vt 0.671387 1.496582
vt 0.714844 1.496582
vt 0.714844 1.450684
vt 0.671387 1.450684
vt 2.205566 0.140625
vt 2.205566 0.264648
vt 2.231445 0.264648
vt 2.231445 0.140625
vt 2.205566 0.132324
vt 2.231445 0.132324
vt 1.487793 0.963379
vt 1.440430 0.998535
vt 1.539063 0.998535
vt 1.567871 0.963379
vt 1.511230 0.998535
vt 1.525879 0.963379
vt 1.415039 0.963379
vt 1.427734 0.998535
vt 1.425293 0.998535
vt 1.542969 0.998535
vt 1.485840 0.963379
vt 1.391113 0.963379
vt 1.347168 0.998535
vt 1.591797 0.998535
vt 1.371094 0.963379
vt 1.422363 0.965332
vt 1.359863 0.965332
vt 1.356445 0.999512
vt 1.428711 0.999512
vt 2.006348 0.120117
vt 2.006348 0.020020
vt 1.946777 0.020996
vt 1.946777 0.120606
vt 1.912109 0.022461
vt 1.912109 0.121582
vt 2.041992 1.500977
vt 2.037109 1.517578
vt 2.166016 1.517578
vt 2.160645 1.500977
vt -0.302734 -0.287109
vt -0.302734 -0.323242
vt -0.339844 -0.323731
vt -0.339844 -0.287109
vt -0.302734 -0.365723
vt -0.339356 -0.365723
vt -0.063477 -1.037109
vt -0.363770 -1.037109
vt -0.363770 -1.001953
vt -0.063477 -1.001953
vt 0.880859 -1.037109
vt 0.593262 -1.037109
vt 0.593262 -1.001953
vt 0.880859 -1.001953
vt -0.609863 0.517578
vt -0.610840 0.500488
vt -0.712402 0.500488
vt -0.711914 0.517578
vt -1.740723 -0.181152
vt -1.686035 -0.181152
vt -1.686035 -0.221191
vt -1.740723 -0.220703
vt 0.135742 -0.499023
vt 0.135742 -0.482422
vt -1.450684 -0.206055
vt -1.450684 -0.165039
vt -1.408203 -0.165039
vt -1.409180 -0.206055
vt 1.384277 0.500488
vt 1.384277 0.517090
vt 1.433105 0.517090
vt 1.433105 0.500488
vt 1.334961 0.500488
vt 1.334961 0.517090
vt 1.286621 0.500488
vt 1.286621 0.517090
vt 1.237305 0.500488
vt 1.237305 0.517090
vt 3.280762 0.844238
vt 3.280762 0.900879
vt 3.318848 0.900879
vt 3.318359 0.844238
vt 1.737305 -1.037109
vt 1.737305 -1.001465
vt 1.842285 -1.001465
vt 1.842285 -1.037109
vt 1.611816 -1.037109
vt 1.611816 -1.001465
vt 1.968262 -1.037109
vt 1.968262 -1.001465
vt 2.054199 -1.001465
vt 2.054199 -1.037109
vt 0.223633 -0.499023
vt 0.223633 -0.482422
vt 3.288086 -1.500000
vt 3.288086 -1.483887
vt 3.705566 -1.483887
vt 3.705566 -1.500000
vt 2.740234 0.733398
vt 2.740234 0.697754
vt 2.692383 0.697754
vt 2.692383 0.733398
vt 0.383301 1.284180
vt 0.406738 1.284180
vt 0.406738 1.222656
vt 0.383301 1.222656
vt 0.395020 1.222656
vt 0.395020 1.284180
vt 1.644043 -0.000977
vt 1.654297 -0.000977
vt 1.654297 -0.036133
vt 1.644043 -0.036133
vt -0.669434 0.215332
vt -0.668945 0.291504
vt -0.626953 0.291504
vt -0.627441 0.215332
vt 1.737793 -0.000977
vt 1.786621 -0.000977
vt 1.786621 -0.036133
vt 1.737793 -0.036133
vt 1.685059 -0.000977
vt 1.685059 -0.036133
vt -1.374023 0.236816
vt -1.434082 0.236816
vt -1.434082 0.304688
vt -1.374023 0.304688
vt 1.868652 -0.000977
vt 1.926270 -0.000977
vt 1.926270 -0.036133
vt 1.868652 -0.036133
vt 1.965332 0.963379
vt 1.965332 0.999023
vt 1.913086 0.999023
vt 1.913086 0.963379
vt -1.790039 0.500488
vt -1.790039 0.517578
vt -1.727539 0.517578
vt -1.727539 0.500488
vt 2.111328 0.999023
vt 2.038574 0.999023
vt 2.039063 0.963379
vt 2.111328 0.963379
vt -1.538574 0.500488
vt -1.600586 0.500488
vt -1.600586 0.517578
vt -1.538574 0.517578
vt 1.780273 -0.482910
vt 1.780273 -0.499023
vt 1.565918 -0.499023
vt 1.565918 -0.482910
vt 3.557129 0.999023
vt 3.557129 0.963867
vt 3.082031 0.963867
vt 3.082031 0.999023
vt 3.692383 0.999023
vt 3.692383 0.963867
vt 4.799316 0.999023
vt 4.799316 0.963867
vt 4.664551 0.963867
vt 4.664551 0.999023
vt 5.274414 0.999023
vt 5.274414 0.963867
vt 1.805176 0.999023
vt 1.805176 0.963867
vt 1.670898 0.963867
vt 1.670898 0.999023
vt 2.777344 0.963867
vt 2.777344 0.999023
vt -1.945313 0.500488
vt -2.007324 0.500488
vt -2.007324 0.517578
vt -1.945313 0.517578
vt -2.205078 0.500488
vt -2.205078 0.517578
vt -2.143066 0.517578
vt -2.143066 0.500488
vt -0.001465 -0.482910
vt -0.001465 -0.499023
vt 3.477539 0.963379
vt 3.173340 0.963379
vt 3.173340 0.998535
vt 3.477539 0.998535
vt 3.612305 0.963379
vt 3.612305 0.998535
vt 4.719727 0.963379
vt 4.584473 0.963379
vt 4.584473 0.998535
vt 4.719727 0.998535
vt 1.932129 0.963379
vt 1.457520 0.963379
vt 1.457520 0.998535
vt 1.932129 0.998535
vt 2.066895 0.963379
vt 2.066895 0.998535
vt 3.038574 0.963379
vt 3.038574 0.998535
vt -2.710449 0.291016
vt -2.594238 0.291016
vt -2.594238 0.215332
vt -2.710449 0.215332
vt 3.105957 0.113770
vt 3.138184 0.113770
vt 3.138672 0.015625
vt 3.105957 0.015625
vt -0.661621 -1.037109
vt -0.690918 -1.001953
vt -0.332031 -1.001953
vt -0.361816 -1.037109
vt -0.661133 -1.037109
vt -0.361328 -1.037109
vt 2.640625 -0.498535
vt 2.627930 -0.482910
vt 2.779297 -0.482910
vt 2.767090 -0.498535
vt 2.555664 -0.498535
vt 2.543457 -0.482910
vt 2.694824 -0.482910
vt 2.682617 -0.498535
vt -0.581543 -1.037109
vt -0.575684 -1.001953
vt -0.726563 -1.001953
vt -0.716309 -1.037109
vt -0.718262 -1.037109
vt -0.728516 -1.001953
vt -0.576660 -1.001953
vt -0.582520 -1.037109
vt -1.125488 0.780273
vt -1.402832 0.780273
vt -1.403809 0.956543
vt -1.125488 0.956543
vt -3.014160 -0.036133
vt -3.030762 -0.000977
vt -2.352539 -0.000977
vt -2.352539 -0.036133
vt 2.269043 -0.036621
vt 2.269043 -0.000977
vt 2.945801 -0.000977
vt 2.929688 -0.036621
vt -7.445313 0.882324
vt -7.448242 0.875977
vt -7.448242 1.064453
vt -7.445313 1.057617
vt -0.276856 -0.001465
vt -0.276856 -0.036133
vt -0.595215 -0.036133
vt -0.595215 -0.001465
vt 1.862305 -0.001465
vt 1.862305 -0.036133
vt 1.542969 -0.036133
vt 1.542969 -0.001465
vt -1.951660 0.315430
vt -1.945801 0.305176
vt -1.976563 0.305176
vt -1.972656 0.315430
vt 2.021973 0.998535
vt 2.021973 0.963867
vt 1.991211 0.963867
vt 1.991211 0.998535
vt 1.935059 0.963867
vt 1.935059 0.998535
vt 1.642578 0.963867
vt 1.642578 0.998535
vt 2.295898 0.998535
vt 2.295898 0.963867
vt 2.092773 0.963867
vt 2.092773 0.998535
vt 2.019531 0.998535
vt 2.019531 0.963867
vt 1.711914 0.963867
vt 1.711914 0.998535
vt 2.686523 0.998535
vt 2.686523 0.963867
vt 2.573730 0.963867
vt 2.573730 0.998535
vt 2.553223 0.963867
vt 2.553223 0.998535
vt 2.489258 0.963867
vt 2.489258 0.998535
vt 2.473145 0.963867
vt 2.473145 0.998535
vt 2.379883 0.963867
vt 2.379883 0.998535
vt 2.355469 0.963867
vt 2.355469 0.998535
vt 2.256836 0.963867
vt 2.256836 0.998535
vt 2.248047 0.963867
vt 2.248047 0.998535
vt 2.224609 0.963867
vt 2.224609 0.998535
vt -0.433594 -0.499512
vt -0.434082 -0.482910
vt -0.344238 -0.482910
vt -0.341797 -0.499512
vt -0.321289 -0.482910
vt -0.323242 -0.499512
vt -0.174805 -0.499512
vt -0.174805 -0.482910
vt -0.153809 -0.482910
vt -0.143555 -0.499512
vt -0.600586 -0.499512
vt -0.588867 -0.482910
vt -0.598633 0.130859
vt -0.598633 0.205078
vt -0.502441 0.205078
vt -0.502441 0.130859
vt -1.899414 0.963867
vt -1.899414 0.999023
vt -1.759277 0.999023
vt -1.759277 0.963867
vt -1.483887 0.963867
vt -1.483887 0.999023
vt -1.343750 0.999023
vt -1.343750 0.963867
vt -1.620605 0.963867
vt -1.620605 0.999023
vt -0.474609 0.195801
vt -0.474609 0.220703
vt -0.395508 0.220703
vt -0.395508 0.195801
vt 3.551758 0.517578
vt 3.542969 0.499512
vt 3.678711 0.499512
vt 3.669434 0.517578
vt 3.598145 0.517578
vt 3.588867 0.499512
vt 3.632813 0.499512
vt 3.623535 0.517578
vt 3.530762 0.496582
vt 3.530762 0.450684
vt 3.487305 0.450684
vt 3.487305 0.496582
vt 1.808594 1.517578
vt 1.809082 1.500977
vt 1.687988 1.500977
vt 1.687988 1.517578
vt 1.809082 1.517578
vt 1.331543 0.219727
vt 1.330566 0.287109
vt 1.356445 0.287109
vt 1.356445 0.221191
vt 1.577637 0.500977
vt 1.577637 0.516602
vt 1.617676 0.516602
vt 1.617676 0.500977
vt 1.477539 0.500977
vt 1.477539 0.516602
vt 1.685059 0.500977
vt 1.685059 0.516602
vt 1.723633 0.516602
vt 1.723633 0.500977
vt 2.374023 1.291016
vt 2.374023 1.215332
vt 2.322754 1.215332
vt 2.322754 1.291016
vt 2.331543 1.291016
vt 2.325195 1.270508
vt 2.361816 1.270508
vt 2.355469 1.291016
vt 2.391602 1.291016
vt 2.405273 1.270508
vt 2.290039 1.270508
vt 2.302246 1.291016
vt 2.354492 1.291016
vt 2.361328 1.270508
vt 2.290527 1.270508
vt 2.404785 1.270508
vt -3.498535 0.236816
vt -3.498535 0.305176
vt -3.373535 0.305176
vt -3.373535 0.236816
vt 1.454102 0.291992
vt 1.497070 0.267578
vt 1.496582 0.214356
vt 1.454590 0.214356
vt -0.523926 0.234375
vt -0.512207 0.215820
vt -0.576660 0.215332
vt -0.566895 0.234375
vt 1.789551 1.500977
vt 1.789551 1.517578
vt 1.713867 1.500977
vt 1.713867 1.517578
vt 1.631836 1.500977
vt 1.631836 1.517578
vt 1.613770 1.500977
vt 1.613770 1.517578
vt 1.572754 1.500977
vt 1.572754 1.517578
vt 1.879883 1.517578
vt 1.879883 1.500977
vt -0.502930 -0.761719
vt -0.516113 -0.781250
vt -0.536621 -0.780762
vt -0.544922 -0.761231
vt -0.501953 -0.791992
vt -0.501953 -0.867188
vt -0.600098 -0.867188
vt -0.600098 -0.791992
vt -0.205078 -0.000977
vt -0.194336 -0.036133
vt -0.266602 -0.036133
vt -0.255859 -0.000977
vt -0.598145 0.130859
vt -0.598145 0.205078
vt 2.384277 0.517090
vt 2.384277 0.500488
vt -1.224609 0.999023
vt -1.224609 0.963867
vt -1.896973 0.963867
vt -1.896973 0.999023
vt 2.218750 -0.000488
vt 2.249023 -0.000488
vt 2.249023 -0.036621
vt 2.218750 -0.036621
vt 2.220703 -0.036621
vt 2.220703 -0.000488
vt 2.122070 0.022949
vt 2.121582 0.120606
vt 0.065918 2.500977
vt 0.066895 2.517090
vt 0.453613 2.517090
vt 0.436035 2.500977
vt -0.125000 2.500977
vt -0.123535 2.517090
vt -0.235352 2.500977
vt -0.250488 2.517090
vt 0.105957 2.500977
vt 0.089844 2.517090
vt 0.442871 2.517090
vt 0.424316 2.500977
vt 0.663574 2.500977
vt 0.663086 2.517090
vt 0.790527 2.517090
vt 0.774902 2.500977
vt 0.473145 2.500977
vt 0.471680 2.517090
vt 0.102539 2.500977
vt 0.084473 2.517090
vt 0.313477 2.500977
vt 0.295410 2.517090
vt 0.642578 2.517090
vt 0.626465 2.500977
vt 1.208496 -0.035645
vt 1.237305 -0.001465
vt 1.688477 -0.001465
vt 1.705566 -0.035645
vt -0.650391 0.796387
vt -0.672363 0.796387
vt -0.672363 0.408691
vt -0.650391 0.408691
vt 1.667969 0.999023
vt 1.667969 0.963379
vt 1.626953 0.963379
vt 1.626953 0.999023
vt -0.553711 0.500977
vt -0.553711 0.516602
vt -0.502930 0.516602
vt -0.502930 0.500488
vt -0.461426 0.516602
vt -0.461426 0.500488
vt -0.112305 0.462891
vt -0.117188 0.474121
vt -0.074707 0.474121
vt -0.108887 0.425293
vt -0.038086 0.425781
vt 1.943359 0.491211
vt 2.062012 0.491211
vt 1.972656 0.418945
vt 2.227051 0.418945
vt 2.227051 0.491211
vt -0.991211 0.009766
vt -0.997559 0.016113
vt -0.997559 0.091797
vt -0.994141 0.095703
vt -0.889648 0.009277
vt -0.889648 0.013184
vt 1.242188 -0.036133
vt 1.222168 -0.036133
vt 1.222168 -0.000488
vt 1.242188 -0.000488
vt 1.333496 -0.036133
vt 1.333496 -0.000488
vt 1.399902 -0.036133
vt 1.399902 -0.000488
vt 1.389160 -0.036133
vt 1.389160 -0.000488
vt 1.489746 -0.036133
vt 1.489746 -0.000488
vt 1.520508 -0.036133
vt 1.520508 -0.000488
vt 2.056641 -0.036133
vt 2.056641 -0.000488
vt 1.788574 -0.385742
vt 1.761719 -0.423828
vt 1.738770 -0.428223
vt 1.703613 -0.385742
vt 1.595215 -0.428223
vt 1.595215 -0.385742
vt 1.390137 -0.428223
vt 1.390137 -0.385742
vt 1.218750 -0.428223
vt 1.595215 -0.346191
vt 1.218750 -0.385742
vt 1.062988 -0.428223
vt 1.062988 -0.385742
vt 1.390137 -0.346191
vt 1.218750 -0.346191
vt 1.062988 -0.346191
vt 1.595215 -0.209473
vt 1.595215 -0.174805
vt 1.651367 -0.174805
vt 1.390137 -0.209473
vt 1.218750 -0.209473
vt 1.705078 -0.209473
vt 1.203613 -0.232422
vt 1.198730 -0.225586
vt 1.204102 -0.313965
vt 1.062988 -0.209473
vt 1.196289 -0.313965
vt 1.091309 -0.225098
vt 1.087402 -0.231934
vt 1.185547 -0.327148
vt 1.185547 -0.320801
vt 1.084473 -0.327148
vt 1.081055 -0.240723
vt 1.076172 -0.246094
vt 1.076172 -0.319824
vt 1.637695 -0.247559
vt 1.647949 -0.328125
vt 1.703613 -0.346191
vt 1.663574 -0.248047
vt 1.686523 -0.327637
vt 1.677246 -0.248535
vt 1.704102 -0.327637
vt 1.697266 -0.248535
vt 1.748047 -0.327148
vt 1.715332 -0.262207
vt 1.788574 -0.346191
vt 1.744629 -0.245606
vt 1.772949 -0.289063
vt 1.732910 -0.288086
vt 2.764160 1.517090
vt 2.761230 1.500488
vt 2.684082 1.517090
vt 2.680176 1.500488
vt -0.848633 -0.036133
vt -0.848633 -0.021973
vt -0.565918 -0.021973
vt -0.565918 -0.036133
vt -0.226074 -0.021973
vt -0.226074 -0.036133
vt -0.953613 -0.036133
vt -0.953613 -0.000977
vt -0.518555 -0.036133
vt -0.518555 -0.000977
vt -0.337402 -0.036133
vt -0.337402 -0.000977
vt -0.125488 -0.036133
vt -0.125488 -0.000977
vt -2.185059 -0.000977
vt -2.185059 -0.036133
vt -2.623535 -0.000977
vt -2.623535 -0.036133
vt -2.791016 -0.036133
vt -2.791016 -0.000977
vt -3.003418 -0.000977
vt -3.003418 -0.036133
vt -1.592773 0.270996
vt -1.592773 0.230469
vt -1.632813 0.238770
vt -1.633301 0.270996
vt -1.687012 0.248047
vt -1.687500 0.270996
vt -1.710938 0.270996
vt -1.710938 0.251465
vt 3.996582 0.794922
vt 4.000488 0.794922
vt 4.000000 0.748535
vt 3.996094 0.748535
vt 4.000000 0.711426
vt 3.996094 0.711426
vt 3.926758 0.698242
vt 4.021973 0.711426
vt 3.962402 0.711426
vt 4.021973 0.698242
vt 3.958984 0.711426
vt 3.959473 0.748535
vt 3.962891 0.748535
vt 3.959473 0.794922
vt 3.962891 0.794922
vt 3.926758 0.711426
vt 3.919922 0.710938
vt 3.876465 0.710938
vt 3.845703 0.698731
vt 3.859863 0.749512
vt 3.884766 0.749023
vt 3.869629 0.795898
vt 3.893066 0.795410
vt 3.896484 0.819824
vt 3.877930 0.842285
vt 3.920410 0.819336
vt 3.926758 0.749023
vt 3.920410 0.749023
vt 3.927246 0.795410
vt 3.920410 0.795410
vt 3.924805 0.842285
vt 3.934570 0.883301
vt 3.902344 0.895020
vt 4.022461 0.841797
vt 4.022461 0.895020
vt 4.022461 0.882813
vt 4.021973 0.794434
vt -1.826660 0.118164
vt -1.812500 0.118164
vt -1.812500 0.098633
vt -1.826660 0.098633
vt -1.812500 0.082520
vt -1.827148 0.082520
vt -1.841797 0.118164
vt -1.828125 0.118164
vt -1.828125 0.098633
vt -1.841797 0.099121
vt -1.828613 0.082520
vt -1.841797 0.082520
vt -0.148926 1.013672
vt -0.148926 1.042480
vt -0.263672 1.042480
vt -0.263672 1.013672
vt -0.358887 1.042480
vt -0.359863 1.013672
vt -0.685547 1.042480
vt -0.686035 1.013672
vt -0.579102 1.013672
vt -0.579102 1.042480
vt -0.435547 1.013672
vt -0.435547 1.042480
vt -0.412109 1.042480
vt -0.412109 1.013672
vt -0.003418 1.517090
vt -0.003418 1.500000
vt -0.775879 1.500000
vt -0.775879 1.517090
vt -0.543457 1.517090
vt -0.543457 1.500000
vt 0.545410 1.500488
vt 0.545410 1.517090
vt 0.592773 1.517090
vt 0.592773 1.500488
vt 0.836914 1.517090
vt 0.836914 1.500488
vt 1.539063 1.500488
vt 1.539063 1.517090
vt 1.294922 1.500488
vt 1.294922 1.517090
vt 2.779785 0.702637
vt 2.780273 0.733398
vt 2.955078 0.733887
vt 2.955078 0.702637
vt 3.147461 0.734375
vt 3.147461 0.703125
vt 3.377930 0.734863
vt 3.377930 0.703613
vt 0.880371 1.517090
vt 0.882813 1.500488
vt 0.800781 1.517090
vt 0.797852 1.500488
vt 0.529297 1.517090
vt 0.530273 1.500488
vt 0.280762 1.517090
vt 0.282227 1.500488
vt 0.161621 1.517090
vt 0.180176 1.500488
vt -1.420410 0.517578
vt -1.391602 0.517578
vt -1.394043 0.500488
vt -1.136230 0.500488
vt -1.134766 0.517578
vt -0.890625 0.500488
vt -0.891113 0.517578
vt -0.806152 0.517578
vt -0.805664 0.500488
vt 1.271484 0.998535
vt 2.037109 0.998535
vt 2.001953 0.963379
vt 1.276367 0.963379
vt 1.250000 0.998535
vt 2.088867 0.963379
vt 1.351074 0.963379
vt 1.315430 0.998535
vt 2.094727 0.998535
vt 2.115723 0.998535
vt 0.791504 1.461426
vt 0.772461 1.496582
vt 0.841797 1.461426
vt 0.841797 1.450684
vt 2.079590 1.517578
vt 2.078125 1.500977
vt 2.072754 1.500977
vt 2.169434 1.517578
vt 2.155762 1.500977
vt -0.359863 0.851074
vt -0.359863 0.854492
vt -0.342773 0.854492
vt -0.333008 0.851074
vt -0.342773 0.877441
vt -0.322754 0.872070
vt -0.322266 0.851074
vt -0.333008 0.872070
vt -0.334473 0.873047
vt -0.334473 0.877441
vt -0.202148 0.894043
vt -0.203125 0.895996
vt -0.180664 0.895996
vt -0.180176 0.892578
vt -0.140137 0.895996
vt -0.153809 0.888184
vt -0.357422 0.896973
vt -0.357422 0.889160
vt -0.326172 0.889160
vt -0.323242 0.896973
vt -0.326172 0.861328
vt -0.357422 0.861328
vt -0.357422 0.856445
vt -0.323731 0.856445
vt -0.323242 0.856445
vt -0.394043 0.889160
vt -0.399414 0.896973
vt -0.394043 0.861328
vt -0.399414 0.856445
vt -0.399414 0.855957
vt 0.253906 -1.037109
vt 0.253906 -1.001953
vt 1.224121 -1.001953
vt 1.519531 -1.001953
vt 1.519531 -1.037109
vt 1.224121 -1.037109
vt 0.487793 1.963379
vt 0.410156 1.963379
vt 0.410156 1.999023
vt 0.487793 1.999023
vt 0.830078 1.963379
vt 0.830078 1.999023
vt 1.813965 0.974121
vt 1.821289 0.874512
vt 1.755371 0.873535
vt 1.746582 0.964356
vt 1.799805 0.998535
vt 1.481445 0.998535
vt 1.480957 0.964356
vt -1.145020 0.392090
vt -1.092285 0.423340
vt -1.023438 0.423340
vt -0.815918 0.380859
vt -0.815918 0.334961
vt -2.036621 -1.500000
vt -2.036621 -1.483887
vt -1.517090 -1.483887
vt -1.517090 -1.500000
vt -0.558106 -1.483887
vt -0.558106 -1.500000
vt -0.281250 -1.483887
vt -0.281250 -1.500000
vt -0.027344 -1.483887
vt -0.027344 -1.500000
vt 0.503418 -1.483887
vt 0.503418 -1.500000
vt 0.819336 -1.500000
vt 0.819336 -1.483887
vt 0.873535 -1.500000
vt 0.873535 -1.483887
vt 1.062500 -1.500000
vt 1.062500 -1.483887
vt 1.207031 -1.500000
vt 1.207031 -1.483887
vt 1.699707 -1.483887
vt 1.699707 -1.500000
vt 2.142090 -1.500000
vt 2.142090 -1.483887
vt 2.420898 -1.483887
vt 2.420898 -1.500000
vt 3.391602 -1.500000
vt 3.391602 -1.483887
vt 2.492676 0.723145
vt 2.493164 0.692871
vt 2.377930 0.684570
vt 2.607910 0.697754
vt 2.607422 0.737305
vt 2.647949 0.736816
vt 2.648438 0.697754
vt 0.314453 1.222656
vt 0.288086 1.222656
vt 0.288086 1.284180
vt 0.314453 1.284180
vt -8.237793 1.682129
vt -8.237793 1.751465
vt -8.268555 1.804199
vt -8.301270 1.479004
vt -8.332031 1.479004
vt -7.344238 0.841797
vt -7.331543 0.841797
vt -7.357422 0.841797
vt -7.370117 0.841797
vt 2.589355 0.999023
vt 2.213867 0.999023
vt 2.213867 0.963379
vt 2.589355 0.963379
vt 3.004395 0.999023
vt 3.004395 0.963379
vt 3.400391 0.999023
vt 3.400391 0.963379
vt 3.710449 0.999023
vt 3.710938 0.963379
vt 4.016602 0.999023
vt 4.016602 0.963379
vt 4.148926 0.963379
vt 4.148926 0.999023
vt 1.247070 -0.482422
vt 1.259277 -0.499023
vt 1.238770 -0.499023
vt 1.181641 -0.482422
vt 1.181641 -0.499023
vt 1.124512 -0.499023
vt 1.116211 -0.482422
vt 1.104004 -0.499023
vt 2.562500 -0.482422
vt 2.605957 -0.482422
vt 2.605957 -0.499023
vt 2.562500 -0.499023
vt 2.511230 -0.482422
vt 2.511230 -0.499023
vt 2.461914 -0.482422
vt 2.409180 -0.482422
vt 2.409180 -0.499023
vt 2.307129 -0.499023
vt 2.355957 -0.482422
vt 2.307129 -0.482422
vt 2.253906 -0.499023
vt 2.253906 -0.482422
vt 2.209961 -0.499023
vt 2.209961 -0.482422
vt -1.696777 0.517578
vt -1.696777 0.500488
vt -1.666504 0.517578
vt -1.666504 0.500488
vt -1.636230 0.500488
vt -1.636230 0.517578
vt 1.839844 1.204590
vt 1.849609 1.204102
vt 1.849609 1.169434
vt 1.839844 1.169434
vt 1.834961 1.204590
vt 1.834961 1.169434
vt 1.822754 1.204590
vt 1.822754 1.169434
vt -1.867676 0.500488
vt -1.948242 0.500488
vt -1.948242 0.517578
vt -1.867676 0.517578
vt -1.810059 0.500488
vt -1.810059 0.517578
vt -1.757324 0.500488
vt -1.757324 0.517578
vt -1.678711 0.517578
vt -1.678711 0.500488
vt -1.600098 0.500488
vt -1.600098 0.517578
vt -1.546875 0.517578
vt -1.546875 0.500488
vt -1.489258 0.517578
vt -1.489258 0.500488
vt -1.408691 0.517578
vt -1.408691 0.500488
vt 1.322266 1.291504
vt 1.374023 1.291504
vt 1.374023 1.273926
vt 1.322266 1.273926
vt 1.374023 1.254883
vt 1.322266 1.254883
vt 0.340820 -0.482910
vt 0.794922 -0.482910
vt 0.794922 -0.499023
vt 0.340820 -0.499023
vt -0.141113 -0.482910
vt -0.141113 -0.499023
vt -0.305176 -0.499023
vt -0.305176 -0.482910
vt -0.500977 -0.499023
vt -0.500977 -0.482910
vt -2.153809 0.517578
vt -2.153809 0.500488
vt -2.234375 0.500488
vt -2.234375 0.517578
vt -2.291992 0.500488
vt -2.291992 0.517578
vt -2.344727 0.500488
vt -2.344727 0.517578
vt -2.423828 0.517578
vt -2.423828 0.500488
vt -2.502441 0.500488
vt -2.502441 0.517578
vt -2.555176 0.517578
vt -2.555176 0.500488
vt -2.612793 0.517578
vt -2.612793 0.500488
vt -2.693359 0.517578
vt -2.693359 0.500488
vt 1.249023 -0.482910
vt 1.249023 -0.499023
vt 1.730957 -0.482910
vt 1.730957 -0.499023
vt 1.895020 -0.499023
vt 1.895020 -0.482910
vt 2.090820 -0.499023
vt 2.090820 -0.482910
vt 0.799805 -0.499023
vt 0.799805 -0.482910
vt 1.009766 -0.482910
vt 1.009766 -0.499023
vt 1.280273 -0.482910
vt 1.280273 -0.499023
vt 1.437988 -0.482910
vt 1.437988 -0.499023
vt 0.174316 1.517090
vt 0.158203 1.500977
vt -0.122559 1.500977
vt -0.123047 1.517090
vt -0.451660 1.500977
vt -0.452637 1.517090
vt -0.765625 1.500977
vt -0.766602 1.517090
vt -1.012207 1.500977
vt -1.013184 1.517090
vt -1.243164 1.500977
vt -1.255371 1.517090
vt -6.230957 0.766602
vt -6.230957 0.686523
vt -6.230957 0.690918
vt -6.230469 0.766602
vt -6.230957 0.854981
vt -6.230957 0.939453
vt -6.230469 0.939453
vt -6.230957 1.006348
vt -6.230469 1.071289
vt -6.230957 1.067871
vt 4.178711 0.999023
vt 4.178711 0.963867
vt 2.291016 0.999023
vt 2.291016 0.963867
vt -2.042480 0.517578
vt -2.042480 0.500488
vt -2.077148 0.517578
vt -2.077148 0.500488
vt -2.077637 0.500488
vt -2.077637 0.517578
vt -2.107910 0.500488
vt -2.107910 0.517578
vt 1.731445 -0.482910
vt 1.731445 -0.499023
vt 1.895508 -0.499023
vt 1.895508 -0.482910
vt 2.091309 -0.499023
vt 2.091309 -0.482910
vt -0.521973 0.999023
vt -0.521973 0.963867
vt -0.612305 0.963867
vt -0.612305 0.999023
vt -0.998535 0.963867
vt -0.998535 0.999023
vt -1.384277 0.999023
vt -1.384277 0.963867
vt -1.474609 0.999023
vt -1.474609 0.963867
vt -1.475098 0.999023
vt -1.475098 0.963867
vt -1.565918 0.963867
vt -1.565918 0.999023
vt -1.951660 0.963867
vt -1.951660 0.999023
vt -2.337402 0.999023
vt -2.337402 0.963867
vt -2.428223 0.999023
vt -2.428223 0.963867
vt -1.641602 0.963867
vt -1.641602 0.999023
vt -1.550781 0.999023
vt -1.550781 0.963867
vt -1.165039 0.999023
vt -1.165039 0.963867
vt -0.779297 0.963867
vt -0.779297 0.999023
vt -0.688477 0.963867
vt -0.688477 0.999023
vt -0.597656 0.999023
vt -0.597656 0.963867
vt -0.211914 0.999023
vt -0.211914 0.963867
vt 0.173340 0.963867
vt 0.173340 0.999023
vt 0.264160 0.963867
vt 0.264160 0.999023
vt 0.264648 0.963867
vt 0.264648 0.999023
vt 0.554688 -0.482910
vt 0.764648 -0.482910
vt 0.764648 -0.499023
vt 0.554688 -0.499023
vt 0.284180 -0.482910
vt 0.284180 -0.499023
vt 0.126465 -0.482910
vt 0.126465 -0.499023
vt -0.124512 1.500977
vt 0.155762 1.500977
vt 0.171875 1.517090
vt -0.125488 1.517090
vt -0.454102 1.500977
vt -0.455078 1.517090
vt -0.768066 1.500977
vt -0.769043 1.517090
vt -1.014648 1.500977
vt -1.015137 1.517090
vt -1.245605 1.500977
vt -1.257813 1.517090
vt -6.230957 1.071289
vt 4.098633 0.963379
vt 4.098633 0.998535
vt 2.552734 0.963379
vt 2.552734 0.998535
vt -0.699219 -0.499023
vt -0.718262 -0.499023
vt -0.718262 -0.482422
vt -0.695801 -0.482422
vt -0.664063 -0.499023
vt -0.664063 -0.482422
vt -0.662598 -0.482422
vt -0.648438 -0.499023
vt -0.648438 -0.482422
vt -0.636719 -0.499023
vt -0.636719 -0.482422
vt -0.588379 -0.499023
vt -0.588379 -0.482422
vt -0.572266 -0.499023
vt -0.572266 -0.482422
vt -0.525391 -0.482422
vt -0.525391 -0.499023
vt -0.476563 -0.482422
vt -0.476563 -0.499023
vt -0.428223 -0.482422
vt -0.428223 -0.499023
vt -0.386231 -0.482422
vt -0.386231 -0.499023
vt -0.373047 -0.482422
vt -0.373047 -0.499023
vt -0.343750 -0.499023
vt -0.343750 -0.482422
vt -0.272461 -0.499023
vt -0.272461 -0.482422
vt -0.237793 -0.499023
vt -0.237793 -0.482422
vt -7.071289 0.772949
vt -7.068848 0.777832
vt -7.068848 0.823242
vt -7.083984 0.772949
vt -7.068848 0.892090
vt -7.068848 1.075684
vt -7.071777 1.082031
vt -7.083984 1.082031
vt 1.328613 1.963379
vt 1.328125 1.999023
vt 1.390625 1.999023
vt 1.390625 1.963379
vt 1.507324 1.999023
vt 1.513184 1.963379
vt 1.626953 1.999023
vt 1.633789 1.963379
vt 1.822266 1.963379
vt 1.729980 1.963379
vt 1.729492 1.999023
vt 1.824707 1.999023
vt 1.899902 1.963379
vt 1.903320 1.999023
vt 1.981934 1.963379
vt 1.985352 1.999023
vt 2.062988 1.963379
vt 2.055176 1.999023
vt 2.155762 1.963379
vt 2.159668 1.999023
vt 2.215820 1.999023
vt 2.211914 1.963379
vt 2.439453 0.479492
vt 2.386230 0.480469
vt 2.383301 0.490234
vt 2.481445 0.490723
vt 2.439453 0.460449
vt 2.481445 0.459473
vt 2.776855 0.016113
vt 2.776367 0.114258
vt 2.804688 0.114258
vt 2.804688 0.016113
vt 2.830078 0.114258
vt 2.830566 0.016113
vt 2.849609 0.016113
vt 2.849121 0.114258
vt 2.904297 0.016113
vt 2.904785 0.114258
vt 2.943848 0.114258
vt 2.943848 0.016113
vt 2.989258 0.114258
vt 2.988770 0.016113
vt 3.033691 0.114258
vt 3.033691 0.016113
vt 3.074707 0.114258
vt 3.074707 0.015625
vt 0.068848 -1.037109
vt 0.096191 -1.001953
vt -0.029297 -1.001953
vt -0.041016 -1.037109
vt -0.168945 -1.001953
vt -0.181152 -1.037109
vt -0.307129 -1.001953
vt -0.319336 -1.037109
vt -0.352539 -1.001953
vt -0.470215 -1.001953
vt -0.459961 -1.037109
vt -0.180664 -1.037109
vt -0.319824 -1.037109
vt -0.307617 -1.001953
vt -0.460449 -1.037109
vt 2.718750 -0.498535
vt 2.715332 -0.482910
vt 2.763184 -0.482910
vt 2.761719 -0.498535
vt 2.799316 -0.482910
vt 2.797852 -0.498535
vt 2.830078 -0.482910
vt 2.822266 -0.498535
vt 2.834473 -0.482910
vt 2.830078 -0.498535
vt 2.788086 -0.498535
vt 2.786621 -0.482910
vt 2.751953 -0.498535
vt 2.750488 -0.482910
vt 2.727051 -0.498535
vt 2.718750 -0.482910
vt -7.300293 0.835938
vt -7.300293 0.730957
vt -7.300293 0.726074
vt -7.300293 0.904785
vt -7.299805 1.051758
vt -7.299805 1.045898
vt -6.966309 0.781250
vt -6.966309 0.956543
vt -6.994141 0.956543
vt -6.968262 0.781250
vt -6.994141 0.781250
vt -0.363281 0.185547
vt -0.365723 0.200684
vt -0.331543 0.214356
vt -0.293457 0.139160
vt -0.262207 0.230469
vt -1.999023 0.315430
vt -1.994141 0.305176
vt -2.046875 0.305176
vt -2.028320 0.315430
vt -2.048828 0.315430
vt -2.030762 0.325195
vt -2.080078 0.431152
vt -1.958008 0.361328
vt -2.044922 0.394531
vt -1.950684 0.356445
vt -2.037109 0.404785
vt -1.954102 0.371582
vt -1.922852 0.342773
vt -1.976074 0.385254
vt -1.928223 0.331055
vt -2.008301 0.393066
vt -1.915039 0.330566
vt -1.911133 0.315430
vt -1.921875 0.315430
vt -1.919434 0.305176
vt -1.908691 0.305176
vt -2.028809 0.415527
vt -2.002441 0.401367
vt -2.061523 0.426758
vt -0.262207 0.220703
vt -0.251953 0.213379
vt -0.270996 0.193848
vt -0.285156 0.197754
vt -0.278320 0.227539
vt -0.306641 0.176270
vt -0.319336 0.230957
vt -0.326660 0.156250
vt -0.349609 0.133301
vt -0.313477 0.151856
vt -0.301270 0.164063
vt 2.006348 0.414551
vt 2.037109 0.430176
vt 2.055176 0.425781
vt 2.055176 0.348145
vt 1.970703 0.392578
vt 1.929199 0.361816
vt 1.918457 0.346680
vt -0.281250 -0.482910
vt -0.282227 -0.499512
vt -0.233887 -0.482910
vt -0.233887 -0.499512
vt 1.720215 1.999023
vt 1.635254 1.999023
vt 3.212402 0.450684
vt 3.212402 0.496582
vt 3.268555 0.496582
vt 3.268555 0.450684
vt 3.328613 0.496582
vt 3.328613 0.450684
vt 3.387695 0.496582
vt 3.388184 0.450684
vt 3.448730 0.496582
vt 3.448730 0.450684
vt 3.145508 0.496582
vt 3.145508 0.450684
vt 3.113281 0.450684
vt 3.113281 0.497070
vt 3.079102 0.450684
vt 3.079102 0.497070
vt 3.042480 0.450684
vt 3.041992 0.497070
vt 1.919922 1.500977
vt 1.910156 1.517578
vt 2.050781 1.517578
vt 2.050293 1.500977
vt 2.194824 1.517578
vt 2.194824 1.500977
vt 2.340332 1.517578
vt 2.340332 1.500977
vt 2.459961 1.517578
vt 2.454590 1.500977
vt 2.455566 1.500977
vt 2.460938 1.517578
vt 2.340820 1.517578
vt 2.340820 1.500977
vt 2.195313 1.517578
vt 2.195313 1.500977
vt 2.050781 1.500977
vt 1.910645 1.517578
vt 1.920410 1.500977
vt 2.629883 1.500977
vt 2.618164 1.517578
vt 2.695801 1.517578
vt 2.691406 1.500977
vt 2.773438 1.517578
vt 2.776367 1.500977
vt 2.879395 1.517578
vt 2.882324 1.500977
vt 2.881348 1.500977
vt 2.878418 1.517578
vt 2.773926 1.517578
vt 2.776855 1.500977
vt 2.617676 1.517578
vt 2.629395 1.500977
vt -1.615234 -0.036133
vt -1.666992 -0.036133
vt -1.666016 -0.000488
vt -1.614258 -0.000488
vt -1.538574 -0.036133
vt -1.532227 -0.000488
vt -1.498535 -0.036133
vt -1.498047 -0.000488
vt -1.482910 -0.000488
vt -1.484863 -0.036133
vt -1.432617 -0.000488
vt -1.430664 -0.036133
vt -1.375000 -0.000488
vt -1.370605 -0.036133
vt -1.312988 -0.000488
vt -1.307617 -0.036133
vt -1.256348 -0.000488
vt -1.259277 -0.036133
vt -1.241699 -0.036133
vt -1.236816 -0.000488
vt -1.185547 -0.036133
vt -1.176270 -0.000488
vt -1.170898 -0.036133
vt -1.161621 -0.000488
vt -1.138672 -0.036133
vt -1.157715 -0.000488
vt -1.126465 -0.000488
vt -1.083496 -0.036133
vt -1.079590 -0.000488
vt -1.048828 -0.036133
vt -1.047363 -0.000488
vt -1.502930 -0.499023
vt -1.502930 -0.482422
vt -1.448242 -0.482422
vt -1.448242 -0.499023
vt -1.343750 -0.482422
vt -1.343750 -0.499023
vt -1.228027 -0.482422
vt -1.228027 -0.499023
vt -1.217285 -0.499023
vt -1.217285 -0.482422
vt -1.144043 -0.482422
vt -1.144043 -0.499023
vt -1.132324 -0.499023
vt -1.132324 -0.482422
vt -1.045898 -0.499023
vt -1.045898 -0.482422
vt -0.976563 -0.499023
vt -0.976563 -0.482422
vt -0.910645 -0.499023
vt -0.910645 -0.482422
vt -0.840820 -0.499023
vt -0.840820 -0.482422
vt -0.745606 -0.499023
vt -0.745606 -0.482422
vt -0.696289 -0.482422
vt -0.696289 -0.499023
vt -1.743652 1.008789
vt -1.694336 1.036621
vt -1.694336 1.009277
vt -1.623535 1.062012
vt -1.623535 1.009766
vt -1.514160 1.009766
vt -1.514160 1.074707
vt -1.496094 1.074707
vt -1.496094 1.033691
vt -1.496094 1.010254
vt -1.445801 1.034668
vt -1.445801 1.010742
vt -1.207520 1.011719
vt -1.207520 1.035645
vt -1.166992 1.036133
vt -1.166992 1.011719
vt -1.033691 1.012695
vt -1.122070 1.078613
vt -1.036133 1.078613
vt -1.032715 1.067383
vt -1.006348 1.067383
vt -1.006348 1.012695
vt -1.002930 1.078613
vt -0.969727 1.042969
vt -0.983398 1.079102
vt -0.877441 1.012695
vt -0.903320 1.042969
vt -0.502930 -0.746582
vt -0.544922 -0.746582
vt -0.502930 -0.712402
vt -0.544922 -0.711914
vt -0.805664 0.339356
vt -0.930176 0.338867
vt -0.952148 0.375000
vt -0.857910 0.419434
vt -1.035645 0.375000
vt -1.145996 0.417481
vt -1.197266 0.337402
vt -1.054199 0.338379
vt -0.564453 1.291016
vt -0.588379 1.291016
vt -0.588379 1.234863
vt -0.564453 1.234863
vt -0.507324 1.291016
vt -0.507324 1.234863
vt -0.956543 0.429688
vt -1.000488 0.430176
vt -0.988281 0.497070
vt -0.907227 0.497070
vt -0.907227 0.474609
vt -0.743652 0.497070
vt -0.858398 0.474121
vt -0.743652 0.472656
vt 2.637695 0.517090
vt 2.637695 0.500488
vt 2.978516 0.517090
vt 2.978516 0.500488
vt -1.193359 -0.988281
vt -1.193359 -0.974609
vt -1.191406 -0.981445
vt -1.198242 -0.969727
vt -1.198242 -0.992676
vt -1.204590 -0.968262
vt -1.204590 -0.994629
vt -10.526860 3.958496
vt -10.370610 3.843750
vt -10.209470 3.621094
vt -10.661620 3.959961
vt -10.401860 3.302246
vt -10.065430 3.303711
vt 1.571289 0.610840
vt 1.724121 0.610840
vt 1.724121 0.659668
vt 1.571289 0.659668
vt 1.404297 0.659668
vt 1.404297 0.610840
vt 1.203125 0.610840
vt 1.203125 0.659668
vt 1.129883 0.568359
vt 1.156250 0.568359
vt 1.129883 0.520020
vt 1.165527 0.568359
vt 1.165039 0.539551
vt 1.244629 0.520020
vt 1.244629 0.539063
vt 1.244629 0.568359
vt -0.418457 0.516602
vt -0.418457 0.500488
vt -0.368652 0.500488
vt -0.368652 0.516602
vt 1.414063 1.256836
vt 1.413574 1.227539
vt 1.491211 1.228516
vt 1.491211 1.256836
vt -0.870117 0.109863
vt -0.764160 0.109375
vt -0.759766 0.102539
vt -0.873047 0.104492
vt -0.765137 0.020020
vt -0.760254 0.020508
vt -0.848633 -0.001465
vt -0.566406 -0.001465
vt -0.226074 -0.001465
vt 1.616699 -0.431641
vt 1.720703 -0.431641
vt 1.720703 -0.469238
vt 1.616699 -0.469238
vt -1.186523 1.998535
vt -1.186035 1.963867
vt 1.573242 0.474609
vt 1.573242 0.368164
vt 1.830566 0.371582
vt 1.830566 0.474609
vt -0.885742 0.500977
vt -0.885742 0.517578
vt -0.129395 1.999023
vt -0.128906 1.963379
vt 1.838867 0.660645
vt 1.835938 0.679688
vt 1.805664 0.679688
vt 1.800293 0.660645
vt 1.758789 0.659668
vt 1.758789 0.636231
vt 1.851563 0.636231
vt 1.851563 0.646484
vt 1.874023 0.660645
vt 1.874023 0.646484
vt 1.973633 0.668457
vt 2.073242 0.679199
vt 2.084473 0.645508
vt 1.874023 0.636231
vt 2.084473 0.684082
vt 2.098145 0.749023
vt 2.084473 0.704590
vt 2.097656 0.674805
vt 2.144043 0.648438
vt 2.084473 0.762695
vt 2.144043 0.674805
vt 2.144043 0.749023
vt 2.233398 0.654297
vt 2.144043 0.762695
vt 2.233398 0.674805
vt 2.320801 0.660645
vt 2.321289 0.674316
vt 2.344238 0.663086
vt 2.345215 0.674316
vt 2.372070 0.666016
vt 2.372070 0.762695
vt 2.345215 0.762695
vt -0.677734 -0.276367
vt -0.675293 -0.176758
vt -0.741211 -0.177246
vt -0.741211 -0.276856
vt -0.837402 0.897949
vt -0.768555 0.897949
vt -0.770508 0.892090
vt -0.837402 0.892090
vt 1.041504 1.999023
vt 1.041016 1.963379
vt -7.741211 0.899414
vt -8.425781 0.899414
vt -8.252441 1.899414
vt -7.741211 1.899414
vt 2.617676 -0.198731
vt 2.617676 -0.165527
vt 2.634277 -0.168457
vt 2.634277 -0.200684
vt 2.790527 -0.215332
vt 2.735840 -0.175781
vt 2.790527 -0.071289
vt 2.734863 -0.071289
vt 2.946289 -0.071289
vt 2.946289 -0.225586
vt 3.000488 -0.142578
vt 3.000488 -0.226074
vt 2.947266 -0.071289
vt 3.000488 -0.071289
vt 3.041504 -0.120117
vt 3.041992 -0.071289
vt -0.684082 0.061523
vt -0.709473 0.061523
vt -0.713867 0.072754
vt -0.684082 0.072754
vt -0.683594 0.107910
vt -0.713379 0.107422
vt 2.146484 0.895020
vt 2.133789 0.935547
vt 2.062500 0.936035
vt 2.033691 0.895020
vt 2.032227 0.858398
vt 2.191406 0.885742
vt 2.210938 0.867188
vt 2.211914 0.858398
vt 2.210938 0.868652
vt 2.211914 0.859375
vt 2.031738 0.860352
vt 2.191406 0.886719
vt 2.146484 0.895996
vt 2.033691 0.895996
vt 2.062500 0.937012
vt 2.133789 0.936523
vt 3.199707 0.550293
vt 3.199707 0.579590
vt 3.217773 0.579590
vt 3.217773 0.550293
vt 3.217773 0.520508
vt 3.199707 0.520508
vt 3.243652 0.579590
vt 3.269043 0.579590
vt 3.269043 0.550293
vt 3.243652 0.550293
vt 3.243652 0.520508
vt 3.269043 0.520508
vt 1.181152 -0.482422
vt 1.248047 -0.482422
vt 1.248047 -0.499023
vt 1.181152 -0.499023
vt 1.113770 -0.499023
vt 1.113770 -0.482422
vt 4.037109 0.611816
vt 4.037109 0.596680
vt 4.019043 0.596680
vt 4.019043 0.611816
vt 4.037109 0.649902
vt 4.062988 0.612305
vt 4.088379 0.597168
vt 4.062988 0.597168
vt 4.063477 0.649902
vt 4.088379 0.649902
vt 4.019043 0.649902
vt 3.999023 0.612305
vt 3.989258 0.620606
vt 3.983398 0.631348
vt 3.981445 0.649902
vt -3.609863 -0.718262
vt -3.609863 -0.784180
vt -3.696289 -0.784180
vt -3.696289 -0.718262
vt -0.608887 0.288086
vt -0.694336 0.288086
vt -0.694336 0.252441
vt -0.608887 0.252441
vt 0.782227 -0.499023
vt 0.782227 -0.482910
vt -0.271973 -0.482910
vt -0.271973 -0.499023
vt -0.559570 1.517090
vt -0.543945 1.500977
vt -0.633789 1.500977
vt -0.633789 1.517090
vt -0.709473 1.517090
vt -0.725586 1.500977
vt -0.724609 1.500977
vt -0.702637 1.517090
vt -0.542969 1.500977
vt -0.564941 1.517090
vt 2.043945 0.793457
vt 1.958008 0.793457
vt 1.947266 0.810547
vt 1.912109 0.844238
vt 2.043945 0.815430
vt 2.131836 0.793457
vt 2.043945 0.844727
vt 2.131836 0.815430
vt 2.044434 0.868652
vt 1.910645 0.868652
vt 2.132324 0.844727
vt 2.132324 0.868164
vt 2.312500 0.868164
vt 2.312012 0.845215
vt 2.308105 0.793457
vt 2.296875 0.754883
vt 2.194336 0.754883
vt 2.131836 0.754883
vt 2.284668 0.718750
vt 2.131836 0.719238
vt 2.194824 0.719238
vt 2.264648 0.684082
vt 2.131836 0.684082
vt 2.195313 0.684082
vt 2.228516 0.648438
vt 2.131836 0.648926
vt 2.195801 0.648438
vt 2.228516 0.640625
vt 2.168945 0.640137
vt 2.131836 0.610840
vt 2.131836 0.591309
vt 2.043945 0.610352
vt 2.168945 0.599609
vt 2.043945 0.648926
vt 2.228516 0.591309
vt 2.228516 0.599121
vt 2.131836 0.570313
vt 2.290527 0.570313
vt 2.131836 0.546387
vt 2.342285 0.546387
vt 2.131836 0.533691
vt 2.366211 0.533203
vt 2.043945 0.546387
vt 2.043945 0.533691
vt 1.986328 0.533691
vt 1.986328 0.546875
vt 2.043945 0.570801
vt 1.986328 0.570801
vt 2.043945 0.591309
vt 1.985352 0.591309
vt 1.984863 0.601074
vt 2.031250 0.601074
vt 2.031250 0.637207
vt 1.982910 0.649414
vt 1.983398 0.637207
vt 2.043945 0.684082
vt 1.979492 0.684082
vt 2.043945 0.719727
vt 1.975098 0.719727
vt 2.043945 0.754883
vt 1.968262 0.754395
vt 1.960449 0.784180
vt 2.007324 0.783691
vt 2.006836 0.766602
vt 2.043945 0.765625
vt -0.146484 0.517578
vt -0.143066 0.500488
vt -0.364746 0.500488
vt -0.364746 0.517578
vt -2.333496 1.123535
vt -2.264160 1.123535
vt -2.264160 1.004395
vt -2.333008 1.004395
vt -0.160156 -0.499023
vt -0.372070 -0.499512
vt -0.368652 -0.482910
vt -0.160156 -0.482422
vt -0.511719 0.219238
vt -0.524414 0.219238
vt -0.524414 0.290527
vt -0.511719 0.290527
vt -1.856445 1.123535
vt -1.798340 1.125000
vt -1.799316 1.059570
vt -1.856934 1.060547
vt -1.945313 1.061035
vt -1.945313 1.123535
vt -1.959961 1.123535
vt -1.945313 1.004395
vt -1.959961 1.083984
vt -1.959961 1.004395
vt 1.306152 1.029785
vt 1.193359 1.029785
vt 1.193359 1.104492
vt 1.306152 1.104492
vt -1.127441 0.470215
vt -1.117188 0.497559
vt -1.077148 0.413086
vt -1.174316 0.470703
vt -1.285645 0.470703
vt -1.285156 0.496582
vt -0.435059 0.391602
vt -0.462891 0.391602
vt -0.456543 0.434082
vt -0.435059 0.434570
vt -0.659668 0.450195
vt -0.722656 0.391113
vt -0.671387 0.497070
vt -0.600098 0.450195
vt -0.460449 0.453613
vt -0.460938 0.497559
vt -0.662109 0.496582
vt -0.662109 0.469238
vt -0.715332 0.469238
vt -0.715332 0.496582
vt -0.965820 0.496582
vt -0.806641 0.469238
vt -0.886231 0.469238
vt -0.965820 0.469238
vt -1.008301 0.469238
vt -1.008789 0.496582
vt 3.209473 0.500488
vt 3.209473 0.517090
vt -0.833496 0.963867
vt -0.833984 0.999023
vt -0.205078 0.500488
vt -0.328613 0.500488
vt -0.325684 0.517578
vt -0.205078 0.517578
vt -0.011230 1.998535
vt -0.011719 1.963867
vt -7.168945 1.047363
vt -7.103027 1.047363
vt -7.103516 0.899902
vt -7.168945 0.899902
vt -7.183594 0.997070
vt -7.118164 0.997070
vt -7.119141 0.875000
vt -7.183594 0.875000
vt -1.125488 0.517090
vt -1.125488 0.500488
vt 0.815430 1.999023
vt 0.814941 1.963379
vt -0.665039 0.998535
vt -0.357422 0.998535
vt -0.357422 0.963867
vt -0.665039 0.963867
vt -0.396973 0.026367
vt -0.392578 0.001953
vt -0.483887 0.001953
vt -0.483887 0.026367
vt -6.956055 0.564941
vt -6.956055 0.567383
vt -6.989258 0.564941
vt -6.989258 0.567383
vt 1.534180 0.965332
vt 1.534180 0.999512
vt -0.321777 0.500977
vt -0.329102 0.517578
vt -0.145020 0.517578
vt -0.145020 0.500488
vt 2.040527 1.500977
vt 2.039551 1.517578
vt -0.258301 0.892578
vt -0.229004 0.892578
vt -0.229004 0.840332
vt -0.258301 0.840332
vt 0.215820 1.999023
vt 0.216309 1.963379
vt 1.627441 -1.483398
vt 1.685547 -1.500000
vt 1.594238 -1.500000
vt 1.594238 -1.483398
vt 0.289063 1.284180
vt 0.289063 1.222656
vt -2.287598 0.963867
vt -2.287598 0.999023
vt 1.231934 0.965332
vt 1.176270 0.999512
vt 1.161133 0.981934
vt 1.153809 0.863281
vt 1.222656 0.864258
vt -0.391113 0.854492
vt -0.390625 0.851074
vt -0.400879 0.851074
vt -0.400879 0.877441
vt -0.391113 0.877441
vt -1.824707 0.500488
vt -1.824707 0.503418
vt -1.824707 0.517578
vt -1.855469 0.500488
vt -1.855469 0.517578
vt -1.886719 0.517578
vt -1.886719 0.503418
vt -1.921387 0.517578
vt -1.886719 0.500488
vt -1.921387 0.500488
vt -1.910156 0.500488
vt -1.910156 0.503418
vt -1.910156 0.517578
vt -1.879395 0.500488
vt -1.879395 0.517578
vt -1.848633 0.517578
vt -1.848633 0.503418
vt -1.813965 0.517578
vt -1.848633 0.500488
vt -1.813965 0.500488
vt -2.376465 1.123535
vt -2.360840 1.123535
vt -2.375977 1.084473
vt -2.405762 1.004395
vt -2.404785 1.084473
vt -2.360352 1.004395
vt -0.181641 0.496582
vt -0.164063 0.388184
vt -0.209961 0.387695
vt -0.266602 0.449707
vt -0.319824 0.449707
vt -0.441895 0.449707
vt -0.441895 0.496582
vt -7.346191 0.841797
vt -7.357910 0.841797
vt -7.446289 0.841797
vt -7.362305 0.841797
vt -0.952637 0.748535
vt -0.953613 0.865234
vt -0.912109 0.753906
vt -0.911621 0.814453
vt -0.911621 0.865234
vt -0.854492 0.865723
vt -0.854004 0.813965
vt -0.781250 0.866699
vt -0.780762 0.814453
vt -0.765625 -0.604981
vt -0.758789 -0.608398
vt -0.735840 -0.610352
vt -0.765625 -0.519043
vt -0.735840 -0.519043
vt -0.719238 -0.519043
vt -0.719238 -0.617188
vt -0.736328 -0.652832
vt -0.622070 -0.635742
vt -0.622070 -0.682617
vt -0.588867 -0.635742
vt -0.588867 -0.682617
vt -0.563965 -0.621582
vt -0.553223 -0.659180
vt -0.553223 -0.519043
vt -0.563965 -0.519043
vt -0.229004 0.332520
vt -0.410156 0.332520
vt -0.406250 0.384766
vt -0.229004 0.397949
vt -0.398926 0.397949
vt -0.051758 1.205078
vt -0.029297 1.205078
vt -0.029297 1.220215
vt -0.029297 1.235352
vt -0.051758 1.235352
vt -0.051758 1.220215
vt -0.076172 1.205078
vt -0.076172 1.235352
vt -0.076172 1.220215
vt -0.084473 1.196777
vt -0.084473 1.244141
vt -0.084473 1.220215
vt -0.094238 1.220215
vt -0.094238 1.196777
vt -0.094238 1.244141
vt 1.358887 0.126465
vt 1.358398 0.114258
vt 1.190918 0.126465
vt 1.231934 0.115234
vt 1.190918 0.115234
vt 1.192383 0.097168
vt 1.322266 0.104492
vt 1.344238 0.104981
vt 1.231934 0.104981
vt 1.322266 0.096680
vt 1.231934 0.096680
vt 1.339844 0.096680
vt 1.196777 0.082031
vt 1.338867 0.093262
vt 1.231445 0.082031
vt 1.335938 0.081543
vt 1.201660 0.068848
vt 1.322754 0.081543
vt 1.231445 0.068848
vt 1.322754 0.068359
vt 1.209961 0.055664
vt 1.333496 0.068848
vt 1.231445 0.055176
vt 1.323242 0.055176
vt 1.224121 0.043945
vt 1.332031 0.055176
vt 1.231445 0.043945
vt 1.330566 0.043945
vt 1.224121 0.025391
vt 1.323242 0.043945
vt 1.231445 0.025391
vt 1.330566 0.040039
vt 1.231934 0.019043
vt 1.323242 0.040039
vt 1.199707 0.019043
vt 1.329590 0.028320
vt 1.231934 0.007813
vt 1.322754 0.028320
vt 1.228516 0.007813
vt 1.329102 0.025391
vt 1.178223 0.007813
vt 1.322754 0.025391
vt 1.168457 0.000000
vt 1.322754 0.019531
vt 1.228516 0.001465
vt 1.328613 0.019043
vt 1.328125 0.000000
vt 1.322266 0.008301
vt 1.325195 0.001465
vt 1.325195 0.007813
vt 1.328125 0.007813
vt -1.801758 0.082520
vt -1.811035 0.082520
vt -1.811035 0.098633
vt -1.801758 0.098633
vt -1.811035 0.118164
vt -1.801758 0.118164
vt -0.666504 0.498047
vt -0.587402 0.499023
vt -0.592773 0.417969
vt -0.666504 0.418457
vt -0.595215 0.403809
vt -0.666504 0.403320
vt -0.842285 1.012695
vt -0.835449 1.044922
vt -0.789063 1.044922
vt -0.735840 1.068848
vt -0.744629 1.012695
vt -0.708008 1.092285
vt -0.789551 1.092285
vt -0.708008 1.069336
vt 3.126465 -0.071289
vt 3.126465 -0.227539
vt 3.061523 -0.225586
vt 3.061523 -0.071289
vt 3.126465 -0.228516
vt 3.181152 -0.229004
vt 3.181152 -0.071289
vt 3.198730 -0.206543
vt 3.418945 -0.229004
vt 3.418945 -0.208008
vt 3.418945 -0.071289
vt 3.198730 -0.071289
vt -0.503418 0.004395
vt -0.490234 0.114258
vt -0.473633 0.118164
vt -0.508789 0.041016
vt -0.627930 0.004395
vt -0.508301 0.087891
vt -0.590332 0.040527
vt -0.519531 0.090332
vt -0.622559 0.027344
vt -0.519531 0.104004
vt -0.615234 0.038086
vt -0.538574 0.082031
vt -0.581055 0.052246
vt -0.543457 0.091309
vt -0.586914 0.064453
vt -0.558594 0.069824
vt -0.566895 0.076660
vt 4.318359 0.801758
vt 4.318359 0.831055
vt 4.279785 0.831055
vt 4.279785 0.801758
vt -0.087891 -0.526367
vt -0.087891 -0.541504
vt -0.157715 -0.549316
vt -0.157715 -0.503418
vt -0.087891 -0.511719
vt -0.157227 -0.526367
vt -0.232422 -0.526367
vt -0.232422 -0.549316
vt -0.232422 -0.503418
vt -0.327148 -0.526367
vt -0.327148 -0.549316
vt -0.327148 -0.503418
vt -0.426758 -0.526367
vt -0.426758 -0.549316
vt -0.426758 -0.503906
vt -0.511719 -0.549316
vt -0.511719 -0.503906
vt -0.511719 -0.526367
vt 3.435547 0.565918
vt 3.386230 0.573242
vt 3.436035 0.579590
vt 3.581055 0.565918
vt 3.326172 0.573242
vt 3.581055 0.579590
vt 3.304688 0.579590
vt 3.719727 0.565918
vt 3.304688 0.550293
vt 3.719727 0.579590
vt 3.326172 0.550293
vt 3.828125 0.579590
vt 3.326172 0.527344
vt 3.304688 0.520508
vt 3.436035 0.520508
vt 3.386230 0.527344
vt 3.435547 0.534180
vt 3.581055 0.534180
vt 3.581055 0.520508
vt 3.719727 0.534180
vt 3.719727 0.520508
vt 3.828125 0.520508
vt 3.828125 0.550293
vt 3.719727 0.550293
vt 3.935059 0.521484
vt 3.935059 0.578613
vt 3.935059 0.550293
vt 3.980957 0.521973
vt 3.980957 0.578613
vt 3.980957 0.550293
vt 3.062500 0.519531
vt 3.150391 0.519531
vt 3.150391 0.622559
vt 3.062500 0.601563
vt 3.062500 0.622559
vt 3.003906 0.600586
vt 2.936523 0.581055
vt 2.936523 0.519531
vt 2.936523 0.622559
vt 2.831543 0.580078
vt 3.004395 0.622559
vt 2.831543 0.519531
vt 2.735352 0.519531
vt 2.831543 0.622559
vt 2.735352 0.622559
vt 1.992188 0.621582
vt 1.946777 0.621582
vt 1.946289 0.550781
vt 1.992188 0.541504
vt 2.070801 0.621582
vt 2.070801 0.584473
vt 2.070801 0.531250
vt 2.122559 0.546387
vt 2.109863 0.529785
vt 2.152832 0.527832
vt 2.109375 0.594727
vt 2.152832 0.541992
vt 2.109375 0.621582
vt 2.301270 0.523438
vt 2.264160 0.539551
vt 2.301270 0.621094
vt 2.264160 0.621094
vt 2.382813 0.522949
vt 2.383789 0.621094
vt -0.164063 1.212891
vt -0.163086 1.208984
vt -0.167969 1.204590
vt -0.168945 1.208984
vt -0.161133 1.202637
vt -0.173340 1.204590
vt -0.173828 1.208984
vt -0.167481 1.199219
vt -0.166992 1.193848
vt -0.160156 1.195801
vt -0.159668 1.186523
vt -0.178711 1.205078
vt -0.178711 1.209473
vt -0.172852 1.198730
vt -0.172363 1.193359
vt -0.166992 1.186523
vt -0.166992 1.179688
vt -0.160156 1.177734
vt -0.161133 1.170898
vt -0.172363 1.186523
vt -0.172363 1.180176
vt -0.167481 1.174316
vt -0.167969 1.168945
vt -0.163086 1.164551
vt -0.164063 1.160156
vt -0.168945 1.164063
vt -0.173340 1.168945
vt -0.173828 1.164551
vt -0.172852 1.174805
vt -0.178711 1.168457
vt -0.178711 1.164063
vt -0.178711 1.180176
vt -0.178711 1.174805
vt -0.185059 1.167969
vt -0.185059 1.163574
vt -0.191406 1.164063
vt -0.185059 1.173828
vt -0.190918 1.168457
vt -0.195801 1.164551
vt -0.185059 1.180176
vt -0.190918 1.174805
vt -0.196289 1.168945
vt -0.200684 1.164551
vt -0.197266 1.174805
vt -0.201660 1.168945
vt -0.205566 1.160645
vt -0.207031 1.164551
vt -0.208984 1.170898
vt -0.202637 1.174316
vt -0.202637 1.180176
vt -0.209961 1.178223
vt -0.210449 1.187012
vt -0.197266 1.180176
vt -0.190918 1.180176
vt -0.203125 1.187012
vt -0.197754 1.186523
vt -0.190918 1.187012
vt -0.202637 1.193848
vt -0.209961 1.195801
vt -0.208496 1.202637
vt -0.197266 1.193359
vt -0.202148 1.199219
vt -0.190918 1.193359
vt -0.197266 1.198730
vt -0.201660 1.204590
vt -0.206543 1.208984
vt -0.205566 1.213379
vt -0.200684 1.209473
vt -0.196289 1.204590
vt -0.195801 1.208984
vt -0.190918 1.205078
vt -0.190918 1.209473
vt -0.190918 1.198730
vt -0.185059 1.205566
vt -0.185059 1.209961
vt -0.185059 1.199707
vt -0.178711 1.198730
vt -0.185059 1.193359
vt -0.178711 1.193359
vt -0.185059 1.187012
vt -0.178711 1.186523
vt 1.578613 1.272949
vt 1.578613 1.273926
vt 1.563965 1.273926
vt 1.578613 1.274902
vt 1.563965 1.271973
vt 1.563965 1.275391
vt 1.544922 1.273926
vt 1.544922 1.271973
vt 1.544922 1.275879
vt 1.534180 1.271484
vt 1.534180 1.275879
vt 1.525391 1.270020
vt 1.525391 1.277344
vt 1.525391 1.273926
vt 1.510254 1.270020
vt 1.510254 1.277344
vt 1.509766 1.271973
vt 1.509766 1.275879
vt 1.509766 1.273926
vt 0.673340 1.999023
vt 0.926270 1.999023
vt 0.901367 1.963379
vt 0.920410 1.999023
vt 0.672852 1.963379
vt 0.846680 1.963379
vt 0.593750 1.999023
vt 0.872559 1.999023
vt 0.595215 1.963379
vt 0.661133 1.999023
vt 0.516113 1.999023
vt 0.659668 1.963379
vt 0.537109 1.963379
vt 0.524414 1.999023
vt 0.787109 1.999023
vt 0.788574 1.963379
vt 4.138184 0.649902
vt 4.124023 0.649902
vt 4.139160 0.633301
vt 4.124023 0.597168
vt 4.144531 0.620117
vt 4.255371 0.597168
vt 4.255371 0.619141
vt 4.319824 0.630859
vt 4.400391 0.596680
vt 4.400391 0.631348
vt 4.538574 0.596680
vt 4.538574 0.632324
vt 4.647461 0.596680
vt 4.647949 0.639160
vt 4.753906 0.649902
vt 4.753906 0.608398
vt 4.647949 0.649902
vt 4.800293 0.617188
vt 4.800293 0.649902
vt -1.355957 0.461914
vt -1.324707 0.486816
vt -1.605957 0.486816
vt -1.324707 0.319824
vt -1.575684 0.461914
vt -1.352539 0.319824
vt -1.605469 0.319824
vt -1.574707 0.319824
vt 1.607422 0.963379
vt 1.549316 0.963379
vt 1.549316 0.998535
vt 1.493164 0.963379
vt 1.607422 0.998535
vt 1.493164 0.998535
vt 1.664551 0.963379
vt 1.664551 0.998535
vt 1.721680 0.963379
vt 1.721680 0.998535
vt 1.779785 0.963379
vt 1.779785 0.998535
vt 1.836426 0.963379
vt 1.836426 0.998535
vt -0.662109 0.963867
vt -0.731445 0.963867
vt -0.731445 0.998535
vt -0.797852 0.963867
vt -0.662109 0.998535
vt -0.797363 0.998535
vt -0.593750 0.963867
vt -0.593750 0.998535
vt -0.525391 0.963867
vt -0.525391 0.998535
vt -0.456543 0.963867
vt -0.456543 0.998535
vt -0.389648 0.963867
vt -0.390625 0.998535
vt -0.328125 0.500488
vt -0.394043 0.500488
vt -0.394043 0.517578
vt -0.457520 0.500488
vt -0.328125 0.517578
vt -0.457031 0.517578
vt -0.263184 0.500488
vt -0.263184 0.517578
vt -0.198242 0.500488
vt -0.198242 0.517578
vt -0.131836 0.500488
vt -0.131836 0.517578
vt -0.068359 0.500488
vt -0.068848 0.517578
vt -1.970703 -0.499512
vt -1.979004 -0.499512
vt -1.979004 -0.483398
vt -1.987305 -0.499512
vt -1.970703 -0.483398
vt -1.987305 -0.483398
vt -1.961914 -0.499512
vt -1.961914 -0.483398
vt -1.953613 -0.499512
vt -1.953613 -0.483398
vt -1.944824 -0.499512
vt -1.944824 -0.483398
vt -1.937012 -0.499512
vt -1.937012 -0.483398
vt 4.255371 0.649902
vt 4.400391 0.649902
vt 4.538574 0.649902
vt 0.222656 0.254883
vt 0.232422 0.264160
vt 0.232422 0.132324
vt 0.212891 0.254883
vt 0.222656 0.141602
vt 0.205566 0.264160
vt 0.205566 0.132324
vt 0.212891 0.141602
vt 0.258617 0.255505
vt 0.259105 0.255505
vt 0.259594 0.255505
vt 0.258617 0.255016
vt 0.259105 0.255016
vt 0.259594 0.256481
vt 0.259594 0.256969
vt 0.260082 0.256969
vt 0.260570 0.256969
vt 0.261058 0.256969
vt 0.258129 0.255505
vt 0.257641 0.255505
vt 0.257152 0.255505
vt 0.257152 0.255016
vt 0.257641 0.255016
vt 0.258129 0.255016
vt 0.222599 0.225056
vt 0.222622 0.196850
vt 0.215405 0.196489
vt 0.215382 0.225056
vt 0.222592 0.163716
vt 0.215495 0.163566
vt 0.211319 0.217637
vt 0.214458 0.217306
vt 0.217635 0.171346
vt 0.212686 0.171046
vt 0.216028 0.216555
vt 0.220429 0.216495
vt 0.220429 0.192374
vt 0.216013 0.192434
vt 0.220429 0.171977
vt 0.215990 0.171977
vt 0.211349 0.216675
vt 0.215600 0.216585
vt 0.215562 0.192434
vt 0.211319 0.192524
vt 0.215525 0.171977
vt 0.211327 0.171977
vt 0.219535 0.216766
vt 0.222133 0.209076
vt 0.224822 0.194296
vt 0.217230 0.216946
vt 0.220924 0.171376
vt 0.226699 0.171797
vt 0.223793 0.171977
vt 0.220894 0.171977
vt 0.220932 0.192344
vt 0.223793 0.192314
vt 0.220969 0.216465
vt 0.223793 0.216435
vt 0.213903 0.208535
vt 0.224109 0.208535
vt 0.225978 0.203098
vt 0.225978 0.185525
vt 0.226692 0.194326
vt 0.211319 0.194296
vt 0.212033 0.203098
vt 0.213903 0.180088
vt 0.212033 0.185525
vt 0.224109 0.180088
vt 0.212896 0.203128
vt 0.225032 0.203128
vt 0.226219 0.199763
vt 0.226271 0.188859
vt 0.226699 0.194326
vt 0.211319 0.194326
vt 0.211740 0.199763
vt 0.212979 0.185495
vt 0.211792 0.188859
vt 0.225115 0.185495
vt 0.403320 0.166748
vt 0.403320 0.167664
vt 0.402997 0.167530
vt 0.402673 0.167396
vt 0.402405 0.166748
vt 0.402539 0.166424
vt 0.402673 0.166101
vt 0.403320 0.165832
vt 0.403968 0.166101
vt 0.404102 0.166424
vt 0.404236 0.166748
vt 0.403968 0.167396
vt 0.222768 0.186980
vt 0.221744 0.184506
vt 0.223793 0.189453
vt 0.216797 0.196449
vt 0.221744 0.194400
vt 0.210826 0.186980
vt 0.209801 0.189453
vt 0.216797 0.182457
vt 0.211850 0.194400
vt 0.214323 0.195425
vt 0.211850 0.184506
vt 0.258382 0.260843
vt 0.216549 0.191941
vt 0.402466 0.166601
vt 0.404211 0.166689
vt 0.210267 0.188328
vt 0.210261 0.188341
vt 0.404169 0.166586
vt 0.223281 0.188216
vt 0.223605 0.188999
vt 0.223610 0.189011
s 1
usemtl FED_Shuttle__Hull
f 1/1/1 2/2/1 3/3/1
f 4/3/2 5/4/2 6/1/2
f 7/5/3 8/6/3 9/7/3
f 10/7/4 11/8/4 12/5/4
f 13/9/1 14/10/1 15/11/1
f 16/11/2 17/12/2 18/9/2
f 19/13/3 20/14/3 21/15/3
f 22/15/4 23/16/4 24/13/4
f 25/17/5 26/18/5 27/19/5
f 28/19/6 29/20/6 30/17/6
f 31/21/7 32/22/7 33/23/7
f 34/23/8 35/24/8 36/21/8
f 37/25/9 38/26/9 39/27/9
f 40/1/10 41/4/10 42/3/10
f 43/3/11 44/2/11 45/1/11
f 46/5/12 47/8/12 48/7/12
f 49/7/13 50/6/13 51/5/13
f 52/9/10 53/12/10 54/11/10
f 55/11/11 56/10/11 57/9/11
f 58/13/14 59/16/14 60/15/14
f 61/15/13 62/14/13 63/13/13
f 64/17/7 65/20/7 66/19/7
f 67/19/15 68/18/15 69/17/15
f 70/21/16 71/24/16 72/23/16
f 73/23/6 74/22/6 75/21/6
f 76/26/17 77/25/17 78/27/17
f 79/28/18 80/29/19 81/30/20
f 82/31/21 79/28/18 83/30/22
f 83/30/22 84/32/23 82/31/21
f 84/32/23 83/30/22 85/33/24
f 85/33/24 86/34/25 84/32/23
f 87/35/26 82/31/27 88/36/28
f 87/35/26 89/28/29 82/31/27
f 90/37/30 89/28/29 87/35/26
f 91/38/31 90/37/30 87/35/26
f 90/37/30 92/39/32 89/28/29
f 91/38/31 87/35/26 93/40/33
f 89/28/29 92/39/32 94/41/34
f 94/41/34 95/29/35 89/28/29
f 95/29/35 94/41/34 96/42/36
f 97/43/37 95/29/35 96/42/36
f 98/44/38 97/43/37 96/42/36
f 99/45/39 98/44/38 96/42/36
f 91/38/31 93/40/33 100/46/40
f 101/47/41 98/44/38 99/45/39
f 99/45/39 102/48/34 101/47/41
f 101/47/41 102/48/34 100/46/40
f 103/49/42 98/44/38 101/47/41
f 93/40/33 104/50/43 100/46/40
f 100/46/40 104/50/43 101/47/41
f 105/51/44 104/50/43 93/40/33
f 93/40/33 106/52/45 105/51/44
f 107/53/46 101/47/41 104/50/43
f 104/50/43 105/51/44 107/53/46
f 101/47/41 107/53/46 103/49/42
f 108/54/47 105/51/44 106/52/45
f 106/52/45 109/55/48 108/54/47
f 108/54/47 109/55/48 110/56/49
f 111/57/50 107/53/46 105/51/44
f 103/49/42 107/53/46 111/57/50
f 105/51/44 108/54/47 111/57/50
f 111/57/50 112/58/51 103/49/42
f 110/56/49 113/59/52 108/54/47
f 111/57/50 108/54/47 113/59/52
f 114/60/53 113/59/52 110/56/49
f 115/61/54 113/59/52 114/60/53
f 115/61/54 116/62/55 113/59/52
f 112/58/51 111/57/50 117/63/56
f 113/59/52 117/63/56 111/57/50
f 116/62/55 117/63/56 113/59/52
f 117/63/56 118/64/57 112/58/51
f 118/64/57 117/63/56 116/62/55
f 119/30/58 120/29/59 121/28/60
f 122/30/61 121/28/60 123/31/62
f 123/31/62 124/32/63 122/30/61
f 125/33/64 122/30/61 124/32/63
f 124/32/63 126/34/65 125/33/64
f 123/31/66 127/35/67 128/36/68
f 123/31/66 129/28/69 127/35/67
f 127/35/67 129/28/69 130/37/70
f 129/28/69 131/39/71 130/37/70
f 127/35/67 130/37/70 132/38/72
f 133/41/73 131/39/71 129/28/69
f 134/40/74 127/35/67 132/38/72
f 129/28/69 135/29/75 133/41/73
f 133/41/73 135/29/75 136/42/76
f 135/29/75 137/43/77 136/42/76
f 137/43/77 138/44/78 136/42/76
f 138/44/78 139/45/79 136/42/76
f 134/40/74 132/38/72 140/46/80
f 139/45/79 138/44/78 141/47/81
f 141/47/81 142/48/73 139/45/79
f 140/46/80 142/48/73 141/47/81
f 141/47/81 138/44/78 143/49/82
f 144/50/83 134/40/74 140/46/80
f 141/47/81 144/50/83 140/46/80
f 143/49/82 145/53/84 141/47/81
f 144/50/83 141/47/81 145/53/84
f 134/40/74 144/50/83 146/51/85
f 145/53/84 146/51/85 144/50/83
f 146/51/85 147/52/86 134/40/74
f 148/57/87 145/53/84 143/49/82
f 146/51/85 145/53/84 148/57/87
f 143/49/82 149/58/88 148/57/87
f 147/52/86 146/51/85 150/54/89
f 148/57/87 150/54/89 146/51/85
f 150/54/89 151/55/90 147/52/86
f 152/56/91 151/55/90 150/54/89
f 153/63/92 148/57/87 149/58/88
f 149/58/88 154/64/93 153/63/92
f 153/63/92 154/64/93 155/62/94
f 156/59/95 150/54/89 148/57/87
f 148/57/87 153/63/92 156/59/95
f 150/54/89 156/59/95 152/56/91
f 156/59/95 153/63/92 155/62/94
f 156/59/95 157/60/96 152/56/91
f 156/59/95 155/62/94 158/61/97
f 156/59/95 158/61/97 157/60/96
f 159/65/98 160/66/99 161/67/99
f 161/67/99 162/68/100 159/65/98
f 163/69/101 164/65/102 165/68/103
f 165/68/103 166/70/104 163/69/101
f 167/71/105 168/72/106 169/73/106
f 169/73/106 170/74/105 167/71/105
f 171/72/107 172/75/108 173/76/109
f 173/76/109 174/73/110 171/72/107
f 175/77/111 176/78/111 177/79/111
f 177/79/111 178/80/111 175/77/111
f 179/81/112 180/82/113 181/83/112
f 181/83/112 182/84/112 179/81/112
f 183/85/114 184/86/115 185/87/115
f 185/87/115 186/88/116 183/85/114
f 187/89/117 188/85/118 189/88/119
f 189/88/119 190/90/117 187/89/117
f 191/91/120 192/92/121 193/93/121
f 193/93/121 194/94/122 191/91/120
f 195/95/112 196/91/123 197/94/124
f 197/94/124 198/96/112 195/95/112
f 199/97/125 200/98/126 201/99/127
f 201/99/127 202/100/125 199/97/125
f 203/92/128 204/97/129 205/100/130
f 205/100/130 206/93/128 203/92/128
f 207/101/131 208/102/132 209/103/132
f 209/103/132 210/104/132 207/101/131
f 211/105/133 212/106/134 213/107/135
f 213/107/135 214/108/136 211/105/133
f 215/109/137 216/110/137 217/111/137
f 217/111/137 218/112/138 215/109/137
f 219/113/139 220/109/139 221/112/139
f 221/112/139 222/114/140 219/113/139
f 223/115/141 224/113/142 225/114/142
f 225/114/142 226/116/143 223/115/141
f 227/117/144 228/115/144 229/116/144
f 229/116/144 230/118/144 227/117/144
f 231/119/145 232/117/145 233/118/145
f 233/118/145 234/120/146 231/119/145
f 235/121/147 236/122/148 237/123/147
f 237/123/147 238/124/149 235/121/147
f 239/125/150 240/121/150 241/124/150
f 241/124/150 242/126/151 239/125/150
f 243/110/152 244/125/153 245/126/153
f 245/126/153 246/111/154 243/110/152
f 247/127/155 248/128/156 249/129/157
f 249/129/157 250/130/158 247/127/155
f 251/131/159 252/132/159 253/133/159
f 253/133/159 254/134/159 251/131/159
f 255/135/160 256/136/160 257/137/161
f 257/137/161 258/138/162 255/135/160
f 259/139/163 260/140/163 261/141/163
f 261/141/163 262/142/163 259/139/163
f 263/143/164 264/144/164 265/145/164
f 265/145/164 266/146/164 263/143/164
f 267/147/165 268/148/165 269/149/165
f 269/149/165 270/150/165 267/147/165
f 271/151/166 272/152/166 273/148/167
f 273/148/167 274/147/168 271/151/166
f 275/144/169 276/143/169 277/150/169
f 277/150/169 278/149/170 275/144/169
f 279/153/171 280/154/171 281/155/171
f 281/155/171 282/156/171 279/153/171
f 283/157/172 284/158/173 285/159/174
f 285/159/174 286/160/175 283/157/172
f 287/161/176 288/162/176 289/163/176
f 289/163/176 290/164/176 287/161/176
f 291/165/177 292/166/177 293/167/177
f 293/167/177 294/168/178 291/165/177
f 295/169/163 296/170/163 297/171/163
f 297/171/163 298/172/163 295/169/163
f 299/169/163 300/170/163 301/171/163
f 301/171/163 302/172/163 299/169/163
f 303/173/22 304/174/179 305/175/22
f 305/175/22 306/176/179 303/173/22
f 307/177/180 308/178/180 309/179/181
f 309/179/181 310/180/181 307/177/180
f 311/181/182 312/177/182 313/180/182
f 313/180/182 314/182/182 311/181/182
f 315/183/183 316/184/184 317/185/184
f 317/185/184 318/186/185 315/183/183
f 319/187/186 320/188/20 321/189/187
f 321/189/187 322/190/188 319/187/186
f 323/191/189 324/192/189 325/193/189
f 325/193/189 326/194/190 323/191/189
f 327/195/191 328/196/192 329/186/191
f 329/186/191 330/197/22 327/195/191
f 331/198/193 332/199/194 333/200/195
f 333/200/195 334/201/193 331/198/193
f 335/202/196 336/203/196 337/204/196
f 337/204/196 338/205/196 335/202/196
f 339/205/197 340/204/198 341/206/199
f 341/206/199 342/207/200 339/205/197
f 343/208/201 344/209/202 345/210/203
f 345/210/203 346/211/204 343/208/201
f 347/212/205 348/213/205 349/214/205
f 349/214/205 350/215/205 347/212/205
f 351/216/206 352/217/206 353/214/207
f 353/214/207 354/213/208 351/216/206
f 355/218/209 356/219/209 357/220/209
f 357/220/209 358/221/210 355/218/209
f 359/222/211 360/223/211 361/224/211
f 361/224/211 362/225/211 359/222/211
f 363/226/212 364/227/213 365/228/212
f 365/228/212 366/229/212 363/226/212
f 367/230/214 368/231/214 369/232/214
f 369/232/214 370/233/215 367/230/214
f 371/234/216 372/235/216 373/6/216
f 373/6/216 374/5/216 371/234/216
f 375/8/217 376/7/217 377/2/217
f 377/2/217 378/1/218 375/8/217
f 379/236/219 380/237/219 381/238/219
f 381/238/219 382/239/219 379/236/219
f 383/240/220 384/241/221 385/242/222
f 385/242/222 386/243/220 383/240/220
f 387/244/223 388/245/223 389/241/223
f 389/241/223 390/240/224 387/244/223
f 391/246/225 392/247/225 393/245/225
f 393/245/225 394/244/225 391/246/225
f 395/248/226 396/249/226 397/247/226
f 397/247/226 398/246/227 395/248/226
f 399/250/228 400/251/228 401/252/228
f 401/252/228 402/253/228 399/250/228
f 403/254/229 404/255/229 405/256/229
f 405/256/229 406/257/229 403/254/229
f 407/258/230 408/259/230 409/255/231
f 409/255/231 410/254/232 407/258/230
f 411/260/233 412/261/233 413/262/233
f 413/262/233 414/263/233 411/260/233
f 415/257/234 416/256/234 417/261/234
f 417/261/234 418/260/235 415/257/234
f 419/230/214 420/231/215 421/232/214
f 421/232/214 422/233/215 419/230/214
f 423/264/216 424/265/216 425/14/216
f 425/14/216 426/13/216 423/264/216
f 427/16/217 428/15/217 429/10/217
f 429/10/217 430/9/236 427/16/217
f 431/266/237 432/267/238 433/268/239
f 433/268/239 434/269/240 431/266/237
f 435/270/241 436/271/241 437/272/241
f 437/272/241 438/273/241 435/270/241
f 439/274/242 440/275/243 441/276/243
f 441/276/243 442/277/244 439/274/242
f 443/276/182 444/278/182 445/279/182
f 445/279/182 446/275/182 443/276/182
f 447/280/245 448/281/245 449/282/245
f 449/282/245 450/283/245 447/280/245
f 451/284/246 452/285/246 453/286/246
f 453/286/246 454/287/247 451/284/246
f 455/288/248 456/289/249 457/290/248
f 457/290/248 458/291/248 455/288/248
f 459/292/250 460/288/250 461/291/250
f 461/291/250 462/293/251 459/292/250
f 463/281/252 464/292/252 465/293/252
f 465/293/252 466/282/252 463/281/252
f 467/294/253 468/295/254 469/296/253
f 469/296/253 470/297/255 467/294/253
f 471/298/256 472/299/256 473/300/257
f 473/300/257 474/301/257 471/298/256
f 475/302/258 476/303/259 477/304/260
f 477/304/260 478/305/261 475/302/258
f 479/306/262 480/307/263 481/308/264
f 481/308/264 482/309/265 479/306/262
f 483/310/266 484/311/266 485/312/261
f 485/312/261 486/313/261 483/310/266
f 487/302/267 488/305/268 489/304/269
f 489/304/269 490/303/270 487/302/267
f 491/314/271 492/315/272 493/316/273
f 493/316/273 494/317/274 491/314/271
f 495/310/275 496/313/268 497/312/268
f 497/312/268 498/311/275 495/310/275
f 499/318/276 500/319/276 501/320/276
f 501/320/276 502/321/276 499/318/276
f 503/322/277 504/323/277 505/324/277
f 505/324/277 506/325/277 503/322/277
f 507/326/278 508/327/278 509/323/278
f 509/323/278 510/322/279 507/326/278
f 511/328/280 512/329/281 513/330/281
f 513/330/281 514/331/282 511/328/280
f 515/332/283 516/333/283 517/329/284
f 517/329/284 518/328/285 515/332/283
f 519/334/286 520/335/286 521/336/286
f 521/336/286 522/337/287 519/334/286
f 523/325/288 524/324/288 525/338/289
f 525/338/289 526/339/290 523/325/288
f 527/302/291 528/305/292 529/304/293
f 529/304/293 530/303/294 527/302/291
f 531/340/295 532/341/296 533/342/297
f 533/342/297 534/343/298 531/340/295
f 535/310/299 536/313/300 537/312/300
f 537/312/300 538/311/299 535/310/299
f 539/302/301 540/303/302 541/304/303
f 541/304/303 542/305/304 539/302/301
f 543/344/305 544/345/306 545/346/307
f 545/346/307 546/347/308 543/344/305
f 547/310/309 548/311/309 549/312/310
f 549/312/310 550/313/310 547/310/309
f 551/22/311 552/348/311 553/349/311
f 553/349/311 554/23/311 551/22/311
f 555/350/312 556/351/312 557/352/312
f 557/352/312 558/353/312 555/350/312
f 559/354/313 560/350/314 561/353/315
f 561/353/315 562/355/316 559/354/313
f 563/356/317 564/357/317 565/358/318
f 565/358/318 566/359/319 563/356/317
f 567/360/320 568/361/321 569/362/321
f 569/362/321 570/363/322 567/360/320
f 571/364/323 572/360/323 573/363/324
f 573/363/324 574/365/325 571/364/323
f 575/351/326 576/366/326 577/367/326
f 577/367/326 578/352/327 575/351/326
f 579/368/328 580/369/328 581/370/328
f 581/370/328 582/371/328 579/368/328
f 583/370/262 584/371/262 585/368/262
f 585/368/262 586/369/329 583/370/262
f 587/372/330 588/373/330 589/374/331
f 589/374/331 590/375/330 587/372/330
f 591/376/332 592/377/333 593/378/334
f 593/378/334 594/379/335 591/376/332
f 595/380/336 596/377/337 597/378/338
f 597/378/338 598/381/339 595/380/336
f 599/382/340 600/383/341 601/384/342
f 601/384/342 602/385/343 599/382/340
f 603/386/344 604/387/344 605/388/345
f 605/388/345 606/389/346 603/386/344
f 607/376/347 608/377/348 609/378/349
f 609/378/349 610/379/349 607/376/347
f 611/390/350 612/391/350 613/392/350
f 613/392/350 614/393/351 611/390/350
f 615/376/352 616/377/352 617/378/312
f 617/378/312 618/379/312 615/376/352
f 619/394/353 620/395/354 621/396/355
f 621/396/355 622/397/356 619/394/353
f 623/398/163 624/399/357 625/400/163
f 625/400/163 626/401/358 623/398/163
f 627/402/359 628/403/359 629/404/359
f 629/404/359 630/405/182 627/402/359
f 631/406/219 632/407/219 633/408/219
f 633/408/219 634/409/360 631/406/219
f 635/410/361 636/411/362 637/412/363
f 637/412/363 638/413/361 635/410/361
f 639/414/364 640/415/364 641/416/364
f 641/416/364 642/417/365 639/414/364
f 643/418/366 644/419/367 645/420/367
f 645/420/367 646/421/368 643/418/366
f 647/412/60 648/411/60 649/411/60
f 649/411/60 650/412/60 647/412/60
f 651/422/368 652/423/368 653/424/368
f 653/424/368 654/425/368 651/422/368
f 655/426/369 656/427/370 657/428/370
f 657/428/370 658/429/369 655/426/369
f 659/429/371 660/428/371 661/430/372
f 661/430/372 662/431/372 659/429/371
f 663/431/373 664/430/373 665/432/373
f 665/432/373 666/433/374 663/431/373
f 667/434/375 668/435/375 669/436/375
f 669/436/375 670/437/376 667/434/375
f 671/437/377 672/436/377 673/427/378
f 673/427/378 674/426/379 671/437/377
f 675/438/380 676/439/380 677/440/380
f 677/440/380 678/441/381 675/438/380
f 679/442/382 680/443/382 681/444/382
f 681/444/382 682/445/383 679/442/382
f 683/445/384 684/444/385 685/446/385
f 685/446/385 686/447/385 683/445/384
f 687/447/386 688/446/386 689/448/386
f 689/448/386 690/449/387 687/447/386
f 691/449/388 692/448/388 693/450/389
f 693/450/389 694/451/390 691/449/388
f 695/451/382 696/450/382 697/452/382
f 697/452/382 698/453/383 695/451/382
f 699/453/391 700/452/392 701/454/392
f 701/454/392 702/455/392 699/453/391
f 703/455/386 704/454/386 705/456/386
f 705/456/386 706/457/386 703/455/386
f 707/457/393 708/456/393 709/458/393
f 709/458/393 710/459/393 707/457/393
f 711/459/394 712/458/394 713/460/394
f 713/460/394 714/461/395 711/459/394
f 715/461/396 716/460/397 717/439/397
f 717/439/397 718/438/398 715/461/396
f 719/462/399 720/463/399 721/464/399
f 721/464/399 722/465/400 719/462/399
f 723/465/401 724/464/401 725/466/402
f 725/466/402 726/467/402 723/465/401
f 727/468/403 728/469/403 729/470/403
f 729/470/403 730/471/404 727/468/403
f 731/472/405 732/473/406 733/463/405
f 733/463/405 734/462/407 731/472/405
f 735/474/408 736/475/409 737/476/408
f 737/476/408 738/477/408 735/474/408
f 739/478/410 740/479/411 741/480/410
f 741/480/410 742/481/410 739/478/410
f 743/482/412 744/483/413 745/484/413
f 745/484/413 746/485/414 743/482/412
f 747/486/415 748/487/416 749/483/416
f 749/483/416 750/482/416 747/486/415
f 751/481/417 752/480/417 753/487/417
f 753/487/417 754/486/418 751/481/417
f 755/488/364 756/489/364 757/490/364
f 757/490/364 758/491/364 755/488/364
f 759/492/419 760/493/419 761/494/419
f 761/494/419 762/495/419 759/492/419
f 763/496/420 764/497/421 765/498/420
f 765/498/420 766/499/420 763/496/420
f 767/495/422 768/494/423 769/493/423
f 769/493/423 770/492/422 767/495/422
f 771/499/424 772/498/424 773/497/424
f 773/497/424 774/496/425 771/499/424
f 775/500/331 776/501/330 777/502/330
f 777/502/330 778/503/330 775/500/331
f 779/504/368 780/505/368 781/506/368
f 781/506/368 782/507/368 779/504/368
f 783/507/364 784/506/364 785/505/364
f 785/505/364 786/508/364 783/507/364
f 787/509/426 788/510/427 789/511/426
f 789/511/426 790/512/426 787/509/426
f 791/513/428 792/514/428 793/515/428
f 793/515/428 794/516/428 791/513/428
f 795/517/429 796/518/429 797/514/429
f 797/514/429 798/513/430 795/517/429
f 799/519/431 800/520/432 801/521/431
f 801/521/431 802/522/433 799/519/431
f 803/516/434 804/515/434 805/520/434
f 805/520/434 806/519/435 803/516/434
f 807/523/247 808/524/247 809/525/247
f 809/525/247 810/526/247 807/523/247
f 811/527/436 812/528/437 813/529/437
f 813/529/437 814/530/436 811/527/436
f 815/531/438 816/532/438 817/533/438
f 817/533/438 818/534/439 815/531/438
f 819/535/440 820/536/440 821/528/440
f 821/528/440 822/527/440 819/535/440
f 823/534/441 824/537/442 825/538/443
f 825/538/443 826/531/444 823/534/441
f 827/539/445 828/540/446 829/541/445
f 829/541/445 830/542/445 827/539/445
f 831/543/447 832/544/448 833/545/449
f 833/545/449 834/546/450 831/543/447
f 835/541/182 836/542/182 837/539/182
f 837/539/182 838/540/451 835/541/182
f 839/541/452 840/542/453 841/539/453
f 841/539/453 842/540/453 839/541/452
f 843/547/454 844/548/454 845/549/454
f 845/549/454 846/550/454 843/547/454
f 847/551/455 848/552/455 849/508/455
f 849/508/455 850/505/455 847/551/455
f 851/553/456 852/554/456 853/552/456
f 853/552/456 854/551/456 851/553/456
f 855/555/457 856/556/457 857/554/458
f 857/554/458 858/553/458 855/555/457
f 859/557/459 860/558/460 861/556/461
f 861/556/461 862/555/461 859/557/459
f 863/559/462 864/560/462 865/558/463
f 865/558/463 866/557/463 863/559/462
f 867/505/464 868/508/464 869/561/465
f 869/561/465 870/562/465 867/505/464
f 871/563/466 872/564/466 873/565/466
f 873/565/466 874/566/467 871/563/466
f 875/567/182 876/568/182 877/569/182
f 877/569/182 878/570/182 875/567/182
f 879/571/468 880/572/468 881/573/468
f 881/573/468 882/574/468 879/571/468
f 883/571/469 884/572/469 885/573/470
f 885/573/470 886/574/469 883/571/469
f 887/571/471 888/572/471 889/573/471
f 889/573/471 890/574/472 887/571/471
f 891/571/473 892/572/473 893/573/473
f 893/573/473 894/574/473 891/571/473
f 895/567/182 896/568/182 897/569/182
f 897/569/182 898/570/182 895/567/182
f 899/571/468 900/572/468 901/573/468
f 901/573/468 902/574/468 899/571/468
f 903/571/469 904/572/469 905/573/469
f 905/573/469 906/574/469 903/571/469
f 907/571/474 908/572/475 909/573/476
f 909/573/476 910/574/471 907/571/474
f 911/571/473 912/572/473 913/573/473
f 913/573/473 914/574/473 911/571/473
f 915/476/182 916/477/182 917/575/182
f 917/575/182 918/576/182 915/476/182
f 919/571/468 920/572/468 921/573/468
f 921/573/468 922/574/468 919/571/468
f 923/571/469 924/572/469 925/573/469
f 925/573/469 926/574/469 923/571/469
f 927/571/471 928/572/471 929/573/471
f 929/573/471 930/574/471 927/571/471
f 931/571/473 932/572/473 933/573/473
f 933/573/473 934/574/473 931/571/473
f 935/476/182 936/477/182 937/575/182
f 937/575/182 938/576/182 935/476/182
f 939/571/468 940/572/468 941/573/468
f 941/573/468 942/574/468 939/571/468
f 943/571/469 944/572/469 945/573/469
f 945/573/469 946/574/469 943/571/469
f 947/571/477 948/572/471 949/573/471
f 949/573/471 950/574/477 947/571/477
f 951/571/473 952/572/473 953/573/473
f 953/573/473 954/574/473 951/571/473
f 955/577/478 956/578/478 957/26/478
f 957/26/478 958/25/478 955/577/478
f 959/579/479 960/580/479 961/581/480
f 961/581/480 962/582/481 959/579/479
f 963/583/482 964/584/482 965/585/482
f 965/585/482 966/586/482 963/583/482
f 967/584/483 968/583/484 969/586/485
f 969/586/485 970/585/486 967/584/483
f 971/583/487 972/584/488 973/585/489
f 973/585/489 974/586/490 971/583/487
f 975/584/491 976/583/491 977/586/491
f 977/586/491 978/585/491 975/584/491
f 979/587/492 980/588/493 981/584/492
f 981/584/492 982/585/493 979/587/492
f 983/589/494 984/203/495 985/202/494
f 985/202/494 986/590/494 983/589/494
f 987/591/496 988/592/496 989/593/496
f 989/593/496 990/594/497 987/591/496
f 991/595/498 992/596/498 993/592/498
f 993/592/498 994/591/499 991/595/498
f 995/597/500 996/598/501 997/596/501
f 997/596/501 998/595/502 995/597/500
f 999/599/503 1000/600/504 1001/601/504
f 1001/601/504 1002/602/505 999/599/503
f 1003/603/506 1004/604/507 1005/605/507
f 1005/605/507 1006/606/508 1003/603/506
f 1007/607/509 1008/608/510 1009/604/509
f 1009/604/509 1010/603/511 1007/607/509
f 1011/609/512 1012/610/512 1013/608/512
f 1013/608/512 1014/607/513 1011/609/512
f 1015/611/514 1016/612/515 1017/613/515
f 1017/613/515 1018/614/516 1015/611/514
f 1019/587/517 1020/585/517 1021/584/518
f 1021/584/518 1022/588/517 1019/587/517
f 1023/615/519 1024/616/520 1025/617/519
f 1025/617/519 1026/618/519 1023/615/519
f 1027/619/521 1028/620/521 1029/621/522
f 1029/621/522 1030/622/522 1027/619/521
f 1031/623/523 1032/624/523 1033/625/523
f 1033/625/523 1034/626/523 1031/623/523
f 1035/65/524 1036/68/524 1037/67/524
f 1037/67/524 1038/66/524 1035/65/524
f 1039/69/525 1040/70/526 1041/68/527
f 1041/68/527 1042/65/528 1039/69/525
f 1043/71/529 1044/74/529 1045/73/530
f 1045/73/530 1046/72/530 1043/71/529
f 1047/72/531 1048/73/532 1049/76/533
f 1049/76/533 1050/75/534 1047/72/531
f 1051/77/535 1052/80/535 1053/79/535
f 1053/79/535 1054/78/535 1051/77/535
f 1055/81/536 1056/84/537 1057/83/538
f 1057/83/538 1058/82/539 1055/81/536
f 1059/85/540 1060/88/540 1061/87/541
f 1061/87/541 1062/86/541 1059/85/540
f 1063/89/542 1064/90/542 1065/88/543
f 1065/88/543 1066/85/543 1063/89/542
f 1067/91/544 1068/94/544 1069/93/545
f 1069/93/545 1070/92/545 1067/91/544
f 1071/95/536 1072/96/536 1073/94/539
f 1073/94/539 1074/91/539 1071/95/536
f 1075/97/546 1076/100/547 1077/99/548
f 1077/99/548 1078/98/549 1075/97/546
f 1079/92/550 1080/93/550 1081/100/551
f 1081/100/551 1082/97/551 1079/92/550
f 1083/101/552 1084/104/552 1085/103/552
f 1085/103/552 1086/102/552 1083/101/552
f 1087/105/553 1088/108/554 1089/107/555
f 1089/107/555 1090/106/556 1087/105/553
f 1091/109/557 1092/112/558 1093/111/559
f 1093/111/559 1094/110/560 1091/109/557
f 1095/113/561 1096/114/561 1097/112/561
f 1097/112/561 1098/109/562 1095/113/561
f 1099/115/563 1100/116/563 1101/114/563
f 1101/114/563 1102/113/564 1099/115/563
f 1103/117/565 1104/118/565 1105/116/566
f 1105/116/566 1106/115/565 1103/117/565
f 1107/119/146 1108/120/146 1109/118/146
f 1109/118/146 1110/117/145 1107/119/146
f 1111/121/567 1112/124/568 1113/123/567
f 1113/123/567 1114/122/569 1111/121/567
f 1115/125/570 1116/126/570 1117/124/570
f 1117/124/570 1118/121/571 1115/125/570
f 1119/110/572 1120/111/573 1121/126/573
f 1121/126/573 1122/125/574 1119/110/572
f 1123/127/575 1124/130/576 1125/129/577
f 1125/129/577 1126/128/578 1123/127/575
f 1127/131/247 1128/134/247 1129/133/247
f 1129/133/247 1130/132/247 1127/131/247
f 1131/135/579 1132/138/579 1133/137/579
f 1133/137/579 1134/136/580 1131/135/579
f 1135/139/163 1136/142/163 1137/141/163
f 1137/141/163 1138/140/163 1135/139/163
f 1139/143/164 1140/146/164 1141/145/164
f 1141/145/164 1142/144/164 1139/143/164
f 1143/147/165 1144/150/165 1145/149/165
f 1145/149/165 1146/148/165 1143/147/165
f 1147/151/581 1148/147/581 1149/148/581
f 1149/148/581 1150/152/582 1147/151/581
f 1151/144/583 1152/149/583 1153/150/583
f 1153/150/583 1154/143/583 1151/144/583
f 1155/153/171 1156/156/171 1157/155/171
f 1157/155/171 1158/154/171 1155/153/171
f 1159/157/584 1160/160/584 1161/159/584
f 1161/159/584 1162/158/585 1159/157/584
f 1163/161/176 1164/164/176 1165/163/176
f 1165/163/176 1166/162/176 1163/161/176
f 1167/165/586 1168/168/586 1169/167/586
f 1169/167/586 1170/166/587 1167/165/586
f 1171/169/163 1172/172/163 1173/171/163
f 1173/171/163 1174/170/163 1171/169/163
f 1175/169/163 1176/172/163 1177/171/163
f 1177/171/163 1178/170/163 1175/169/163
f 1179/173/61 1180/176/588 1181/175/61
f 1181/175/61 1182/174/61 1179/173/61
f 1183/177/589 1184/180/589 1185/179/589
f 1185/179/589 1186/178/589 1183/177/589
f 1187/181/182 1188/182/182 1189/180/182
f 1189/180/182 1190/177/182 1187/181/182
f 1191/183/590 1192/186/590 1193/185/591
f 1193/185/591 1194/184/592 1191/183/590
f 1195/187/593 1196/190/594 1197/189/59
f 1197/189/59 1198/188/58 1195/187/593
f 1199/191/595 1200/194/596 1201/193/596
f 1201/193/596 1202/192/597 1199/191/595
f 1203/195/61 1204/197/61 1205/186/61
f 1205/186/61 1206/196/598 1203/195/61
f 1207/198/599 1208/201/599 1209/200/600
f 1209/200/600 1210/199/601 1207/198/599
f 1211/202/602 1212/205/602 1213/204/602
f 1213/204/602 1214/203/602 1211/202/602
f 1215/205/603 1216/207/604 1217/206/605
f 1217/206/605 1218/204/606 1215/205/603
f 1219/208/607 1220/211/608 1221/210/609
f 1221/210/609 1222/209/610 1219/208/607
f 1223/212/611 1224/215/611 1225/214/205
f 1225/214/205 1226/213/612 1223/212/611
f 1227/216/208 1228/213/208 1229/214/208
f 1229/214/208 1230/217/207 1227/216/208
f 1231/218/209 1232/221/210 1233/220/209
f 1233/220/209 1234/219/209 1231/218/209
f 1235/222/613 1236/225/613 1237/224/613
f 1237/224/613 1238/223/613 1235/222/613
f 1239/226/614 1240/229/615 1241/228/615
f 1241/228/615 1242/227/616 1239/226/614
f 1243/230/214 1244/233/215 1245/232/214
f 1245/232/214 1246/231/214 1243/230/214
f 1247/234/216 1248/5/216 1249/6/216
f 1249/6/216 1250/235/216 1247/234/216
f 1251/8/218 1252/1/236 1253/2/617
f 1253/2/617 1254/7/217 1251/8/218
f 1255/236/182 1256/239/618 1257/238/182
f 1257/238/182 1258/237/182 1255/236/182
f 1259/240/619 1260/243/620 1261/242/619
f 1261/242/619 1262/241/619 1259/240/619
f 1263/244/224 1264/240/224 1265/241/621
f 1265/241/621 1266/245/622 1263/244/224
f 1267/246/623 1268/244/623 1269/245/623
f 1269/245/623 1270/247/623 1267/246/623
f 1271/248/624 1272/246/624 1273/247/625
f 1273/247/625 1274/249/626 1271/248/624
f 1275/250/627 1276/253/627 1277/252/627
f 1277/252/627 1278/251/627 1275/250/627
f 1279/254/628 1280/257/628 1281/256/628
f 1281/256/628 1282/255/628 1279/254/628
f 1283/258/629 1284/254/629 1285/255/629
f 1285/255/629 1286/259/630 1283/258/629
f 1287/260/631 1288/263/632 1289/262/631
f 1289/262/631 1290/261/631 1287/260/631
f 1291/257/633 1292/260/633 1293/261/633
f 1293/261/633 1294/256/634 1291/257/633
f 1295/230/214 1296/233/215 1297/232/214
f 1297/232/214 1298/231/215 1295/230/214
f 1299/264/216 1300/13/216 1301/14/216
f 1301/14/216 1302/265/216 1299/264/216
f 1303/16/218 1304/9/617 1305/10/617
f 1305/10/617 1306/15/217 1303/16/218
f 1307/266/635 1308/269/636 1309/268/637
f 1309/268/637 1310/267/638 1307/266/635
f 1311/270/639 1312/273/639 1313/272/639
f 1313/272/639 1314/271/639 1311/270/639
f 1315/274/640 1316/277/641 1317/276/642
f 1317/276/642 1318/275/642 1315/274/640
f 1319/276/182 1320/275/182 1321/279/182
f 1321/279/182 1322/278/182 1319/276/182
f 1323/280/643 1324/283/643 1325/282/643
f 1325/282/643 1326/281/643 1323/280/643
f 1327/284/644 1328/287/159 1329/286/644
f 1329/286/644 1330/285/644 1327/284/644
f 1331/288/645 1332/291/645 1333/290/646
f 1333/290/646 1334/289/645 1331/288/645
f 1335/292/647 1336/293/647 1337/291/647
f 1337/291/647 1338/288/647 1335/292/647
f 1339/281/648 1340/282/648 1341/293/649
f 1341/293/649 1342/292/649 1339/281/648
f 1343/294/650 1344/297/651 1345/296/650
f 1345/296/650 1346/295/652 1343/294/650
f 1347/298/653 1348/301/653 1349/300/653
f 1349/300/653 1350/299/653 1347/298/653
f 1351/302/291 1352/305/292 1353/304/293
f 1353/304/293 1354/303/654 1351/302/291
f 1355/306/295 1356/309/655 1357/308/656
f 1357/308/656 1358/307/298 1355/306/295
f 1359/310/299 1360/313/300 1361/312/300
f 1361/312/300 1362/311/299 1359/310/299
f 1363/302/301 1364/303/302 1365/304/303
f 1365/304/303 1366/305/304 1363/302/301
f 1367/314/305 1368/317/657 1369/316/658
f 1369/316/658 1370/315/659 1367/314/305
f 1371/310/309 1372/311/309 1373/312/310
f 1373/312/310 1374/313/310 1371/310/309
f 1375/318/311 1376/321/311 1377/320/311
f 1377/320/311 1378/319/311 1375/318/311
f 1379/322/660 1380/325/312 1381/324/312
f 1381/324/312 1382/323/312 1379/322/660
f 1383/326/314 1384/322/315 1385/323/315
f 1385/323/315 1386/327/316 1383/326/314
f 1387/328/317 1388/331/318 1389/330/317
f 1389/330/317 1390/329/319 1387/328/317
f 1391/332/661 1392/328/320 1393/329/320
f 1393/329/320 1394/333/322 1391/332/661
f 1395/334/324 1396/337/662 1397/336/323
f 1397/336/323 1398/335/325 1395/334/324
f 1399/325/663 1400/339/664 1401/338/326
f 1401/338/326 1402/324/665 1399/325/663
f 1403/302/258 1404/303/259 1405/304/260
f 1405/304/260 1406/305/261 1403/302/258
f 1407/340/262 1408/343/263 1409/342/666
f 1409/342/666 1410/341/667 1407/340/262
f 1411/310/266 1412/311/266 1413/312/261
f 1413/312/261 1414/313/261 1411/310/266
f 1415/302/267 1416/305/268 1417/304/269
f 1417/304/269 1418/303/668 1415/302/267
f 1419/344/271 1420/347/669 1421/346/670
f 1421/346/670 1422/345/671 1419/344/271
f 1423/310/275 1424/313/268 1425/312/268
f 1425/312/268 1426/311/275 1423/310/275
f 1427/22/276 1428/23/276 1429/349/276
f 1429/349/276 1430/348/276 1427/22/276
f 1431/350/277 1432/353/277 1433/352/277
f 1433/352/277 1434/351/277 1431/350/277
f 1435/354/278 1436/355/278 1437/353/278
f 1437/353/278 1438/350/279 1435/354/278
f 1439/356/281 1440/359/281 1441/358/281
f 1441/358/281 1442/357/282 1439/356/281
f 1443/360/283 1444/363/283 1445/362/283
f 1445/362/283 1446/361/672 1443/360/283
f 1447/364/286 1448/365/286 1449/363/286
f 1449/363/286 1450/360/287 1447/364/286
f 1451/351/289 1452/352/289 1453/367/673
f 1453/367/673 1454/366/290 1451/351/289
f 1455/368/295 1456/371/295 1457/370/295
f 1457/370/295 1458/369/295 1455/368/295
f 1459/370/674 1460/369/675 1461/368/295
f 1461/368/295 1462/371/295 1459/370/674
f 1463/372/676 1464/375/676 1465/374/676
f 1465/374/676 1466/373/677 1463/372/676
f 1467/376/678 1468/379/679 1469/378/680
f 1469/378/680 1470/377/681 1467/376/678
f 1471/380/682 1472/381/683 1473/378/684
f 1473/378/684 1474/377/685 1471/380/682
f 1475/382/686 1476/385/687 1477/384/688
f 1477/384/688 1478/383/689 1475/382/686
f 1479/386/690 1480/389/691 1481/388/692
f 1481/388/692 1482/387/693 1479/386/690
f 1483/376/694 1484/379/695 1485/378/696
f 1485/378/696 1486/377/697 1483/376/694
f 1487/390/698 1488/393/698 1489/392/698
f 1489/392/698 1490/391/699 1487/390/698
f 1491/376/700 1492/379/277 1493/378/277
f 1493/378/277 1494/377/700 1491/376/700
f 1495/394/701 1496/397/701 1497/396/701
f 1497/396/701 1498/395/702 1495/394/701
f 1499/398/163 1500/401/358 1501/400/163
f 1501/400/163 1502/399/357 1499/398/163
f 1503/402/182 1504/405/703 1505/404/182
f 1505/404/182 1506/403/704 1503/402/182
f 1507/406/360 1508/409/360 1509/408/360
f 1509/408/360 1510/407/182 1507/406/360
f 1511/410/705 1512/413/705 1513/412/705
f 1513/412/705 1514/411/705 1511/410/705
f 1515/414/706 1516/417/706 1517/416/706
f 1517/416/706 1518/415/364 1515/414/706
f 1519/418/368 1520/421/368 1521/420/368
f 1521/420/368 1522/419/367 1519/418/368
f 1523/412/18 1524/412/18 1525/411/18
f 1525/411/18 1526/411/18 1523/412/18
f 1527/422/368 1528/425/368 1529/424/368
f 1529/424/368 1530/423/368 1527/422/368
f 1531/426/707 1532/429/707 1533/428/707
f 1533/428/707 1534/427/708 1531/426/707
f 1535/429/709 1536/431/710 1537/430/710
f 1537/430/710 1538/428/710 1535/429/709
f 1539/431/711 1540/433/712 1541/432/712
f 1541/432/712 1542/430/713 1539/431/711
f 1543/434/714 1544/437/714 1545/436/714
f 1545/436/714 1546/435/715 1543/434/714
f 1547/437/716 1548/426/717 1549/427/718
f 1549/427/718 1550/436/719 1547/437/716
f 1551/438/720 1552/441/720 1553/440/720
f 1553/440/720 1554/439/721 1551/438/720
f 1555/442/382 1556/445/382 1557/444/383
f 1557/444/383 1558/443/382 1555/442/382
f 1559/445/722 1560/447/723 1561/446/722
f 1561/446/722 1562/444/723 1559/445/722
f 1563/447/386 1564/449/386 1565/448/387
f 1565/448/387 1566/446/387 1563/447/386
f 1567/449/724 1568/451/724 1569/450/724
f 1569/450/724 1570/448/724 1567/449/724
f 1571/451/382 1572/453/382 1573/452/382
f 1573/452/382 1574/450/382 1571/451/382
f 1575/453/725 1576/455/725 1577/454/725
f 1577/454/725 1578/452/725 1575/453/725
f 1579/455/387 1580/457/386 1581/456/386
f 1581/456/386 1582/454/386 1579/455/387
f 1583/457/726 1584/459/727 1585/458/728
f 1585/458/728 1586/456/726 1583/457/726
f 1587/459/729 1588/461/729 1589/460/729
f 1589/460/729 1590/458/730 1587/459/729
f 1591/461/731 1592/438/731 1593/439/731
f 1593/439/731 1594/460/732 1591/461/731
f 1595/462/733 1596/465/733 1597/464/733
f 1597/464/733 1598/463/733 1595/462/733
f 1599/465/734 1600/467/735 1601/466/735
f 1601/466/735 1602/464/735 1599/465/734
f 1603/468/736 1604/471/737 1605/470/738
f 1605/470/738 1606/469/739 1603/468/736
f 1607/472/740 1608/462/740 1609/463/740
f 1609/463/740 1610/473/741 1607/472/740
f 1611/474/742 1612/477/742 1613/476/743
f 1613/476/743 1614/475/742 1611/474/742
f 1615/478/744 1616/481/744 1617/480/744
f 1617/480/744 1618/479/744 1615/478/744
f 1619/482/745 1620/485/745 1621/484/746
f 1621/484/746 1622/483/747 1619/482/745
f 1623/486/748 1624/482/748 1625/483/748
f 1625/483/748 1626/487/749 1623/486/748
f 1627/481/750 1628/486/750 1629/487/750
f 1629/487/750 1630/480/751 1627/481/750
f 1631/488/364 1632/491/364 1633/490/364
f 1633/490/364 1634/489/364 1631/488/364
f 1635/492/419 1636/495/419 1637/494/419
f 1637/494/419 1638/493/752 1635/492/419
f 1639/496/424 1640/499/424 1641/498/424
f 1641/498/424 1642/497/424 1639/496/424
f 1643/495/423 1644/492/423 1645/493/423
f 1645/493/423 1646/494/423 1643/495/423
f 1647/499/420 1648/496/420 1649/497/420
f 1649/497/420 1650/498/420 1647/499/420
f 1651/500/676 1652/503/676 1653/502/676
f 1653/502/676 1654/501/676 1651/500/676
f 1655/504/368 1656/507/368 1657/506/368
f 1657/506/368 1658/505/368 1655/504/368
f 1659/507/364 1660/508/364 1661/505/364
f 1661/505/364 1662/506/364 1659/507/364
f 1663/509/753 1664/512/753 1665/511/753
f 1665/511/753 1666/510/753 1663/509/753
f 1667/513/754 1668/516/755 1669/515/754
f 1669/515/754 1670/514/754 1667/513/754
f 1671/517/756 1672/513/757 1673/514/757
f 1673/514/757 1674/518/758 1671/517/756
f 1675/519/759 1676/522/759 1677/521/759
f 1677/521/759 1678/520/760 1675/519/759
f 1679/516/761 1680/519/761 1681/520/761
f 1681/520/761 1682/515/762 1679/516/761
f 1683/523/159 1684/526/763 1685/525/159
f 1685/525/159 1686/524/159 1683/523/159
f 1687/527/764 1688/530/765 1689/529/765
f 1689/529/765 1690/528/765 1687/527/764
f 1691/531/766 1692/534/767 1693/533/766
f 1693/533/766 1694/532/530 1691/531/766
f 1695/535/768 1696/527/768 1697/528/768
f 1697/528/768 1698/536/769 1695/535/768
f 1699/534/770 1700/531/770 1701/538/770
f 1701/538/770 1702/537/771 1699/534/770
f 1703/539/445 1704/542/445 1705/541/445
f 1705/541/445 1706/540/446 1703/539/445
f 1707/543/772 1708/546/773 1709/545/774
f 1709/545/774 1710/544/775 1707/543/772
f 1711/541/182 1712/540/182 1713/539/182
f 1713/539/182 1714/542/182 1711/541/182
f 1715/541/776 1716/540/776 1717/539/777
f 1717/539/777 1718/542/777 1715/541/776
f 1719/547/778 1720/550/779 1721/549/778
f 1721/549/778 1722/548/778 1719/547/778
f 1723/551/780 1724/505/780 1725/508/780
f 1725/508/780 1726/552/780 1723/551/780
f 1727/553/781 1728/551/781 1729/552/781
f 1729/552/781 1730/554/781 1727/553/781
f 1731/555/782 1732/553/783 1733/554/783
f 1733/554/783 1734/556/784 1731/555/782
f 1735/557/785 1736/555/786 1737/556/786
f 1737/556/786 1738/558/787 1735/557/785
f 1739/559/788 1740/557/788 1741/558/788
f 1741/558/788 1742/560/789 1739/559/788
f 1743/505/790 1744/562/790 1745/561/790
f 1745/561/790 1746/508/790 1743/505/790
f 1747/563/791 1748/566/791 1749/565/791
f 1749/565/791 1750/564/792 1747/563/791
f 1751/567/182 1752/570/182 1753/569/182
f 1753/569/182 1754/568/182 1751/567/182
f 1755/571/468 1756/574/468 1757/573/468
f 1757/573/468 1758/572/468 1755/571/468
f 1759/571/793 1760/574/793 1761/573/793
f 1761/573/793 1762/572/793 1759/571/793
f 1763/571/476 1764/574/471 1765/573/794
f 1765/573/794 1766/572/476 1763/571/476
f 1767/571/795 1768/574/796 1769/573/796
f 1769/573/796 1770/572/796 1767/571/795
f 1771/567/182 1772/570/182 1773/569/182
f 1773/569/182 1774/568/182 1771/567/182
f 1775/571/468 1776/574/468 1777/573/468
f 1777/573/468 1778/572/468 1775/571/468
f 1779/571/793 1780/574/793 1781/573/793
f 1781/573/793 1782/572/793 1779/571/793
f 1783/571/794 1784/574/471 1785/573/471
f 1785/573/471 1786/572/471 1783/571/794
f 1787/571/796 1788/574/796 1789/573/796
f 1789/573/796 1790/572/796 1787/571/796
f 1791/476/182 1792/576/182 1793/575/182
f 1793/575/182 1794/477/182 1791/476/182
f 1795/571/468 1796/574/468 1797/573/468
f 1797/573/468 1798/572/468 1795/571/468
f 1799/571/793 1800/574/793 1801/573/793
f 1801/573/793 1802/572/793 1799/571/793
f 1803/571/471 1804/574/471 1805/573/471
f 1805/573/471 1806/572/471 1803/571/471
f 1807/571/796 1808/574/795 1809/573/796
f 1809/573/796 1810/572/796 1807/571/796
f 1811/476/182 1812/576/182 1813/575/182
f 1813/575/182 1814/477/182 1811/476/182
f 1815/571/468 1816/574/468 1817/573/468
f 1817/573/468 1818/572/468 1815/571/468
f 1819/571/793 1820/574/793 1821/573/793
f 1821/573/793 1822/572/793 1819/571/793
f 1823/571/797 1824/574/797 1825/573/471
f 1825/573/471 1826/572/797 1823/571/797
f 1827/571/796 1828/574/796 1829/573/796
f 1829/573/796 1830/572/796 1827/571/796
f 1831/577/798 1832/25/798 1833/26/798
f 1833/26/798 1834/578/798 1831/577/798
f 1835/579/799 1836/582/800 1837/581/801
f 1837/581/801 1838/580/799 1835/579/799
f 1839/583/802 1840/586/802 1841/585/803
f 1841/585/803 1842/584/802 1839/583/802
f 1843/584/804 1844/585/805 1845/586/804
f 1845/586/804 1846/583/805 1843/584/804
f 1847/583/806 1848/586/806 1849/585/807
f 1849/585/807 1850/584/807 1847/583/806
f 1851/584/808 1852/585/808 1853/586/809
f 1853/586/809 1854/583/808 1851/584/808
f 1855/587/810 1856/585/811 1857/584/811
f 1857/584/811 1858/588/811 1855/587/810
f 1859/589/812 1860/590/813 1861/202/812
f 1861/202/812 1862/203/814 1859/589/812
f 1863/591/815 1864/594/816 1865/593/816
f 1865/593/816 1866/592/815 1863/591/815
f 1867/595/817 1868/591/817 1869/592/817
f 1869/592/817 1870/596/818 1867/595/817
f 1871/597/819 1872/595/819 1873/596/819
f 1873/596/819 1874/598/820 1871/597/819
f 1875/599/821 1876/602/821 1877/601/821
f 1877/601/821 1878/600/822 1875/599/821
f 1879/603/823 1880/606/823 1881/605/823
f 1881/605/823 1882/604/824 1879/603/823
f 1883/607/825 1884/603/825 1885/604/825
f 1885/604/825 1886/608/826 1883/607/825
f 1887/609/827 1888/607/827 1889/608/827
f 1889/608/827 1890/610/828 1887/609/827
f 1891/611/829 1892/614/830 1893/613/829
f 1893/613/829 1894/612/831 1891/611/829
f 1895/587/832 1896/588/832 1897/584/833
f 1897/584/833 1898/585/833 1895/587/832
f 1899/615/834 1900/618/835 1901/617/834
f 1901/617/834 1902/616/836 1899/615/834
f 1903/619/837 1904/622/838 1905/621/837
f 1905/621/837 1906/620/837 1903/619/837
f 1907/623/839 1908/626/839 1909/625/839
f 1909/625/839 1910/624/839 1907/623/839
f 1911/627/18 1912/628/18 1913/629/840
f 1913/629/840 1914/630/840 1911/627/18
f 1914/630/840 1913/629/840 1915/631/841
f 1915/631/841 1916/632/841 1914/630/840
f 1917/633/368 1918/634/368 1919/635/368
f 1920/636/368 1917/633/368 1919/635/368
f 1919/635/368 1921/637/368 1920/636/368
f 1922/638/842 1923/639/842 1924/640/842
f 1925/641/842 1924/640/842 1923/639/842
f 1923/639/842 1926/642/842 1925/641/842
f 1925/641/842 1926/642/842 1927/639/842
f 1927/639/842 1928/640/842 1925/641/842
f 1927/639/842 1929/638/843 1928/640/842
f 1930/643/844 1931/644/845 1932/645/846
f 1933/646/847 1930/643/844 1932/645/846
f 1933/646/847 1934/647/848 1930/643/844
f 1933/646/847 1935/648/849 1934/647/848
f 1936/649/850 1937/650/851 1938/651/852
f 1938/651/852 1939/652/853 1936/649/850
f 1940/653/854 1936/649/850 1939/652/853
f 1939/652/853 1941/654/855 1940/653/854
f 1942/655/856 1940/653/854 1941/654/855
f 1941/654/855 1943/656/857 1942/655/856
f 1944/70/858 1942/655/856 1943/656/857
f 1943/656/857 1945/69/859 1944/70/858
f 1946/657/860 1947/71/861 1948/74/862
f 1948/74/862 1949/658/863 1946/657/860
f 1950/659/864 1946/657/860 1949/658/863
f 1949/658/863 1951/660/865 1950/659/864
f 1952/661/866 1953/659/867 1954/660/868
f 1954/660/868 1955/662/869 1952/661/866
f 1956/663/870 1952/661/866 1955/662/869
f 1955/662/869 1957/664/870 1956/663/870
f 1958/665/871 1959/666/872 1960/667/873
f 1960/667/873 1961/668/874 1958/665/871
f 1961/668/874 1960/667/873 1962/669/875
f 1962/669/875 1963/670/876 1961/668/874
f 1963/670/876 1962/669/875 1964/671/520
f 1964/671/520 1965/672/877 1963/670/876
f 1965/672/877 1964/671/520 1966/673/878
f 1967/674/879 1963/670/876 1965/672/877
f 1966/673/878 1968/675/880 1965/672/877
f 1968/675/880 1966/673/878 1969/676/878
f 1969/676/878 1970/677/880 1968/675/880
f 1971/678/881 1965/672/877 1968/675/880
f 1965/672/877 1971/678/881 1967/674/879
f 1972/679/882 1968/675/880 1970/677/880
f 1968/675/880 1972/679/882 1971/678/881
f 1970/677/880 1973/680/883 1972/679/882
f 1974/681/884 1967/674/879 1971/678/881
f 1974/681/884 1975/682/885 1976/683/886
f 1971/678/881 1977/684/111 1974/681/884
f 1978/685/111 1977/684/111 1971/678/881
f 1971/678/881 1972/679/882 1978/685/111
f 1976/683/886 1979/686/887 1974/681/884
f 1978/685/111 1972/679/882 1980/687/888
f 1978/685/111 1980/687/888 1981/688/889
f 1972/679/882 1982/689/890 1980/687/888
f 1978/685/111 1981/688/889 1983/690/891
f 1984/691/892 1982/689/890 1972/679/882
f 1981/688/889 1985/692/893 1983/690/891
f 1985/692/893 1986/693/894 1983/690/891
f 1972/679/882 1987/694/895 1984/691/892
f 1984/691/892 1987/694/895 1988/695/896
f 1986/693/894 1984/691/892 1988/695/896
f 1989/696/897 1987/694/895 1972/679/882
f 1990/697/898 1986/693/894 1988/695/896
f 1986/693/894 1990/697/898 1983/690/891
f 1973/680/883 1989/696/897 1972/679/882
f 1990/697/898 1991/698/899 1983/690/891
f 1973/680/883 1983/690/891 1991/698/899
f 1973/680/883 1992/699/900 1989/696/897
f 1973/680/883 1991/698/899 1992/699/900
f 1967/674/879 1974/681/884 1993/700/901
f 1979/686/887 1993/700/901 1974/681/884
f 1993/700/901 1994/701/902 1967/674/879
f 1995/702/903 1967/674/879 1994/701/902
f 1979/686/887 1996/703/904 1993/700/901
f 1994/701/902 1997/704/905 1995/702/903
f 1997/704/905 1996/703/904 1998/705/906
f 1998/705/906 1996/703/904 1979/686/887
f 1998/705/906 1999/706/907 1997/704/905
f 1995/702/903 1997/704/905 1999/706/907
f 1979/686/887 2000/707/908 1998/705/906
f 1995/702/903 1999/706/907 2001/708/909
f 2002/709/910 2000/707/908 1979/686/887
f 2001/708/909 2003/710/911 1995/702/903
f 2004/711/912 2002/709/910 1979/686/887
f 2005/712/180 2003/710/911 2001/708/909
f 2004/711/912 2006/713/913 2002/709/910
f 2001/708/909 2006/713/913 2005/712/180
f 2006/713/913 2004/711/912 2005/712/180
f 2007/714/914 2008/89/915 2009/90/916
f 2009/90/916 2010/715/917 2007/714/914
f 2011/716/918 2007/714/914 2010/715/917
f 2010/715/917 2012/717/919 2011/716/918
f 2013/82/920 2011/716/918 2012/717/919
f 2012/717/919 2014/83/921 2013/82/920
f 2015/718/922 2016/719/157 2017/720/923
f 2017/720/923 2018/721/155 2015/718/922
f 2018/721/155 2017/720/923 2019/722/924
f 2019/722/924 2020/723/155 2018/721/155
f 2021/724/925 2022/101/926 2023/104/926
f 2023/104/926 2024/725/927 2021/724/925
f 2025/726/928 2021/724/925 2024/725/927
f 2024/725/927 2026/727/929 2025/726/928
f 2027/728/930 2028/726/931 2029/727/932
f 2029/727/932 2030/729/933 2027/728/930
f 2031/730/934 2027/728/930 2030/729/933
f 2030/729/933 2032/731/935 2031/730/934
f 2031/730/934 2032/731/935 2033/729/930
f 2033/729/930 2034/728/930 2031/730/934
f 2034/728/930 2033/729/930 2035/727/931
f 2035/727/931 2036/726/932 2034/728/930
f 2037/732/936 2038/103/937 2039/102/938
f 2039/102/938 2040/733/939 2037/732/936
f 2041/734/940 2037/732/936 2040/733/939
f 2040/733/939 2042/735/941 2041/734/940
f 2041/734/940 2042/735/941 2043/736/942
f 2043/736/942 2044/737/942 2041/734/940
f 2045/738/942 2044/737/942 2043/736/942
f 2043/736/942 2046/739/942 2045/738/942
f 2045/738/942 2046/739/942 2047/736/942
f 2047/736/942 2048/737/943 2045/738/942
f 2049/734/944 2048/737/943 2047/736/942
f 2047/736/942 2050/735/945 2049/734/944
f 2049/734/944 2050/735/945 2051/733/946
f 2051/733/946 2052/732/947 2049/734/944
f 2052/732/947 2051/733/946 2053/102/948
f 2053/102/948 2054/103/949 2052/732/947
f 2055/740/950 2056/741/951 2057/742/952
f 2057/742/952 2058/743/953 2055/740/950
f 2058/743/953 2057/742/952 2059/744/954
f 2059/744/954 2060/745/955 2058/743/953
f 2061/746/956 2060/745/955 2059/744/954
f 2059/744/954 2062/747/957 2061/746/956
f 2063/748/958 2064/749/958 2065/750/959
f 2065/750/959 2066/751/953 2063/748/958
f 2066/751/953 2065/750/959 2067/752/960
f 2067/752/960 2068/753/950 2066/751/953
f 2068/753/950 2067/752/960 2069/754/961
f 2067/752/960 2070/755/960 2069/754/961
f 2071/756/962 2068/753/950 2069/754/961
f 2070/755/960 2072/757/960 2069/754/961
f 2073/754/963 2072/757/960 2070/755/960
f 2073/754/963 2070/755/960 2074/752/964
f 2075/758/962 2071/756/962 2069/754/961
f 2071/756/962 2075/758/962 2076/759/953
f 2076/759/953 2077/760/953 2071/756/962
f 2077/760/953 2076/759/953 2078/761/965
f 2078/761/965 2079/762/965 2077/760/953
f 2075/758/962 2069/754/961 2080/763/966
f 2069/754/961 2081/764/967 2080/763/966
f 2081/764/967 2069/754/961 2082/765/950
f 2069/754/961 2083/766/950 2082/765/950
f 2082/765/950 2083/766/950 2084/767/968
f 2084/767/968 2085/768/969 2082/765/950
f 2085/768/969 2084/767/968 2086/769/970
f 2086/769/970 2087/770/971 2085/768/969
f 2088/771/972 2087/770/971 2086/769/970
f 2086/769/970 2089/772/446 2088/771/972
f 2090/773/973 2088/771/972 2089/772/446
f 2091/774/959 2080/763/966 2092/764/974
f 2093/775/953 2091/774/959 2092/764/974
f 2094/776/975 2091/774/959 2093/775/953
f 2093/775/953 2095/777/976 2094/776/975
f 2094/776/975 2095/777/976 2090/773/973
f 2089/772/446 2096/778/977 2090/773/973
f 2090/773/973 2096/778/977 2094/776/975
f 2097/779/978 2096/778/977 2089/772/446
f 2089/772/446 2098/780/979 2097/779/978
f 2096/778/977 2099/781/980 2094/776/975
f 2097/779/978 2098/780/979 2100/782/981
f 2100/782/981 2101/783/982 2097/779/978
f 2102/779/983 2101/783/982 2100/782/981
f 2100/782/981 2103/780/984 2102/779/983
f 2102/779/983 2103/780/984 2104/772/446
f 2104/772/446 2105/778/985 2102/779/983
f 2106/773/986 2105/778/985 2104/772/446
f 2104/772/446 2107/771/987 2106/773/986
f 2107/771/987 2104/772/446 2108/769/970
f 2108/769/970 2109/770/971 2107/771/987
f 2110/768/988 2109/770/971 2108/769/970
f 2108/769/970 2111/767/968 2110/768/988
f 2112/765/962 2110/768/988 2111/767/968
f 2111/767/968 2113/766/950 2112/765/962
f 2113/766/950 2073/754/963 2112/765/962
f 2073/754/963 2114/764/989 2112/765/962
f 2114/764/989 2073/754/963 2115/763/990
f 2073/754/963 2116/758/962 2115/763/990
f 2115/763/990 2117/774/991 2118/764/992
f 2117/774/991 2119/775/953 2118/764/992
f 2119/775/953 2117/774/991 2120/776/993
f 2120/776/993 2121/777/976 2119/775/953
f 2106/773/986 2121/777/976 2120/776/993
f 2120/776/993 2105/778/985 2106/773/986
f 2099/781/980 2105/778/985 2120/776/993
f 2073/754/963 2122/756/962 2116/758/962
f 2123/759/959 2116/758/962 2122/756/962
f 2073/754/963 2124/753/962 2122/756/962
f 2122/756/962 2125/760/953 2123/759/959
f 2073/754/963 2074/752/964 2124/753/962
f 2126/761/965 2123/759/959 2125/760/953
f 2125/760/953 2127/762/965 2126/761/965
f 2128/751/953 2124/753/962 2074/752/964
f 2074/752/964 2129/750/953 2128/751/953
f 2130/748/958 2128/751/953 2129/750/953
f 2129/750/953 2131/749/958 2130/748/958
f 2132/784/980 2099/781/980 2120/776/993
f 2099/781/980 2132/784/980 2094/776/975
f 2133/748/994 2132/784/980 2120/776/993
f 2134/761/995 2133/748/994 2120/776/993
f 2134/761/995 2135/762/996 2133/748/994
f 2133/748/994 2136/749/997 2132/784/980
f 2132/784/980 2137/748/998 2094/776/975
f 2132/784/980 2138/749/980 2137/748/998
f 2137/748/998 2139/761/999 2094/776/975
f 2137/748/998 2140/762/1000 2139/761/999
f 2141/785/965 2142/786/958 2143/787/959
f 2143/787/959 2144/788/953 2141/785/965
f 2144/788/953 2143/787/959 2145/789/1001
f 2145/789/1001 2146/790/1002 2144/788/953
f 2147/791/965 2148/792/965 2149/793/953
f 2149/793/953 2150/794/953 2147/791/965
f 2150/794/953 2149/793/953 2151/795/1002
f 2151/795/1002 2152/796/962 2150/794/953
f 2153/797/163 2154/798/163 2155/799/163
f 2155/799/163 2156/800/163 2153/797/163
f 2156/800/163 2155/799/163 2157/801/163
f 2157/801/163 2158/802/163 2156/800/163
f 2159/803/163 2160/804/163 2161/805/163
f 2161/805/163 2162/806/163 2159/803/163
f 2162/806/163 2161/805/163 2163/807/163
f 2163/807/163 2164/808/163 2162/806/163
f 2165/809/163 2164/808/163 2163/807/163
f 2163/807/163 2166/810/163 2165/809/163
f 2167/154/1003 2168/153/1003 2169/811/1003
f 2169/811/1003 2170/812/1003 2167/154/1003
f 2170/812/1003 2169/811/1003 2171/160/1003
f 2171/160/1003 2172/159/1003 2170/812/1003
f 2173/813/1004 2174/814/1005 2175/815/1005
f 2175/815/1005 2176/816/1005 2173/813/1004
f 2176/816/1005 2175/815/1005 2177/156/1005
f 2177/156/1005 2178/155/1005 2176/816/1005
f 2179/817/1004 2180/818/1005 2181/819/1005
f 2181/819/1005 2182/820/1005 2179/817/1004
f 2182/820/1005 2181/819/1005 2183/821/1004
f 2183/821/1004 2184/822/1004 2182/820/1005
f 2184/822/1004 2183/821/1004 2185/166/1005
f 2185/166/1005 2186/165/1005 2184/822/1004
f 2187/162/1003 2188/161/1006 2189/823/1003
f 2189/823/1003 2190/824/1003 2187/162/1003
f 2190/824/1003 2189/823/1003 2191/825/1003
f 2191/825/1003 2192/826/1003 2190/824/1003
f 2192/826/1003 2191/825/1003 2193/168/1007
f 2193/168/1007 2194/167/1003 2192/826/1003
f 2195/827/191 2196/828/1008 2197/829/913
f 2197/829/913 2198/830/1009 2195/827/191
f 2198/830/1009 2197/829/913 2199/831/847
f 2199/831/847 2200/832/1010 2198/830/1009
f 2200/832/1010 2199/831/847 2201/833/1008
f 2201/833/1008 2202/834/179 2200/832/1010
f 2203/835/1011 2204/836/1012 2205/837/1013
f 2204/836/1012 2206/838/1014 2205/837/1013
f 2207/839/1015 2205/837/1013 2206/838/1014
f 2206/838/1014 2208/840/1015 2207/839/1015
f 2209/841/1016 2207/839/1015 2208/840/1015
f 2208/840/1015 2210/842/1017 2209/841/1016
f 2209/841/1016 2210/842/1017 2211/843/1018
f 2211/843/1018 2210/842/1017 2212/844/1019
f 2213/845/1020 2214/846/1021 2215/847/1022
f 2216/848/1023 2215/847/1022 2214/846/1021
f 2214/846/1021 2217/849/1024 2216/848/1023
f 2218/850/1025 2216/848/1023 2217/849/1024
f 2217/849/1024 2219/851/1026 2218/850/1025
f 2218/850/1025 2219/851/1026 2220/852/1027
f 2220/852/1027 2221/853/1028 2218/850/1025
f 2222/854/1029 2223/855/20 2224/856/1030
f 2224/856/1030 2225/857/1031 2222/854/1029
f 2225/857/1031 2226/858/1032 2222/854/1029
f 2227/859/1033 2228/860/188 2229/861/1034
f 2229/861/1034 2230/862/1035 2227/859/1033
f 2230/862/1035 2231/863/1036 2227/859/1033
f 2232/864/182 2233/174/182 2234/865/182
f 2232/864/182 2235/175/182 2233/174/182
f 2232/864/182 2236/866/182 2235/175/182
f 2236/866/182 2237/867/182 2235/175/182
f 2238/175/182 2237/867/182 2236/866/182
f 2238/175/182 2236/866/182 2239/864/182
f 2240/174/182 2238/175/182 2239/864/182
f 2240/174/182 2239/864/182 2241/865/182
f 2242/868/1037 2243/869/1038 2244/870/1039
f 2243/869/1038 2242/868/1037 2245/871/1040
f 2245/871/1040 2246/872/1041 2243/869/1038
f 2247/873/1042 2248/874/1042 2249/875/1043
f 2249/875/1043 2250/876/1044 2247/873/1042
f 2250/876/1044 2249/875/1043 2251/877/387
f 2252/878/1045 2253/879/1046 2250/876/1044
f 2250/876/1044 2254/880/1047 2252/878/1045
f 2255/881/1048 2254/880/1047 2250/876/1044
f 2255/881/1048 2250/876/1044 2251/877/387
f 2256/882/1049 2255/881/1048 2251/877/387
f 2257/881/1048 2256/882/1049 2251/877/387
f 2258/876/1044 2257/881/1048 2251/877/387
f 2258/876/1044 2259/880/1047 2257/881/1048
f 2260/878/1045 2259/880/1047 2258/876/1044
f 2258/876/1044 2261/879/1046 2260/878/1045
f 2262/875/1050 2258/876/1044 2251/877/387
f 2263/873/1051 2258/876/1044 2262/875/1050
f 2262/875/1050 2264/874/1052 2263/873/1051
f 2265/883/1053 2266/884/1054 2267/885/1055
f 2267/885/1055 2268/886/1056 2265/883/1053
f 2268/886/1056 2267/885/1055 2269/887/1057
f 2269/887/1057 2270/888/1058 2268/886/1056
f 2271/889/1059 2272/890/205 2273/891/1060
f 2273/891/1060 2274/892/1061 2271/889/1059
f 2274/892/1061 2273/891/1060 2275/893/1062
f 2275/893/1062 2276/894/611 2277/895/205
f 2278/896/1063 2274/892/1061 2275/893/1062
f 2277/895/205 2278/896/1063 2275/893/1062
f 2278/896/1063 2279/897/1064 2274/892/1061
f 2280/892/1065 2279/897/1064 2278/896/1063
f 2281/893/1066 2278/896/1063 2277/895/205
f 2280/892/1065 2278/896/1063 2281/893/1066
f 2277/895/205 2282/894/611 2281/893/1066
f 2283/891/1067 2280/892/1065 2281/893/1066
f 2284/889/1068 2280/892/1065 2283/891/1067
f 2283/891/1067 2285/890/205 2284/889/1068
f 2286/898/1069 2287/890/208 2288/889/1070
f 2288/889/1070 2289/899/1071 2286/898/1069
f 2289/899/1071 2290/900/1072 2286/898/1069
f 2289/899/1071 2291/901/1073 2290/900/1072
f 2292/895/206 2293/894/206 2290/900/1072
f 2291/901/1073 2294/902/1074 2290/900/1072
f 2290/900/1072 2294/902/1074 2292/895/206
f 2295/900/1075 2294/902/1074 2291/901/1073
f 2292/895/206 2294/902/1074 2295/900/1075
f 2295/900/1075 2296/894/206 2292/895/206
f 2295/900/1075 2291/901/1073 2297/899/1076
f 2295/900/1075 2297/899/1076 2298/898/1076
f 2298/898/1076 2297/899/1076 2299/889/1070
f 2299/889/1070 2300/890/208 2298/898/1076
f 2301/903/18 2302/218/18 2303/221/18
f 2303/221/18 2304/904/18 2301/903/18
f 2305/223/1077 2301/903/18 2304/904/18
f 2304/904/18 2306/224/1077 2305/223/1077
f 2307/905/60 2308/906/60 2309/907/60
f 2309/907/60 2310/908/60 2307/905/60
f 2311/225/60 2307/905/60 2310/908/60
f 2310/908/60 2312/222/60 2311/225/60
f 2313/909/1078 2314/910/1079 2315/911/1080
f 2315/911/1080 2316/912/1081 2313/909/1078
f 2317/913/1082 2313/909/1078 2316/912/1081
f 2316/912/1081 2318/914/1082 2317/913/1082
f 2319/915/1083 2320/916/1084 2321/917/1085
f 2321/917/1085 2322/918/1086 2319/915/1083
f 2322/918/1086 2323/919/1087 2319/915/1083
f 2324/920/1088 2323/919/1087 2322/918/1086
f 2322/918/1086 2325/921/1088 2324/920/1088
f 2324/920/1088 2325/921/1088 2326/918/1089
f 2326/918/1089 2327/919/1090 2324/920/1088
f 2327/919/1090 2326/918/1089 2328/915/1091
f 2328/915/1091 2326/918/1089 2329/917/1092
f 2329/917/1092 2330/916/1092 2328/915/1091
f 2331/922/364 2332/923/364 2333/924/364
f 2334/925/364 2331/922/364 2333/924/364
f 2334/925/364 2335/926/364 2331/922/364
f 2336/927/1093 2337/928/438 2338/929/1094
f 2338/929/1094 2339/930/1095 2336/927/1093
f 2339/930/1095 2338/929/1094 2340/931/1096
f 2340/931/1096 2341/932/1097 2339/930/1095
f 2341/932/1097 2340/931/1096 2342/933/1096
f 2342/933/1096 2343/934/1098 2341/932/1097
f 2343/934/1098 2342/933/1096 2344/935/1099
f 2344/935/1099 2345/936/1100 2343/934/1098
f 2345/936/1100 2344/935/1099 2346/937/1101
f 2346/937/1101 2347/938/49 2345/936/1100
f 2348/939/1102 2347/938/49 2346/937/1101
f 2346/937/1101 2349/940/1103 2348/939/1102
f 2350/941/1104 2348/939/1102 2349/940/1103
f 2349/940/1103 2351/942/1105 2350/941/1104
f 2352/943/1106 2350/941/1104 2351/942/1105
f 2351/942/1105 2353/944/1107 2352/943/1106
f 2354/945/1108 2352/943/1106 2353/944/1107
f 2353/944/1107 2355/946/1109 2354/945/1108
f 2354/945/1108 2355/946/1109 2356/947/1110
f 2356/947/1110 2357/948/1111 2354/945/1108
f 2358/949/42 2357/948/1111 2356/947/1110
f 2356/947/1110 2359/950/1112 2358/949/42
f 2358/949/42 2359/950/1112 2360/951/1113
f 2360/951/1113 2361/952/38 2358/949/42
f 2362/953/1114 2361/952/38 2360/951/1113
f 2360/951/1113 2363/954/1115 2362/953/1114
f 2364/955/1116 2365/956/1117 2366/957/1118
f 2367/958/1119 2365/956/1117 2364/955/1116
f 2364/955/1116 2368/959/1120 2367/958/1119
f 2367/958/1119 2368/959/1120 2369/960/1121
f 2369/960/1121 2370/961/1122 2367/958/1119
f 2371/962/1123 2372/963/1124 2373/964/1124
f 2373/964/1124 2374/965/1123 2371/962/1123
f 2375/278/1125 2371/962/1123 2374/965/1123
f 2374/965/1123 2376/279/1125 2375/278/1125
f 2377/966/368 2378/967/368 2379/968/368
f 2380/969/368 2377/966/368 2379/968/368
f 2380/969/368 2379/968/368 2381/970/368
f 2382/971/364 2383/972/364 2384/972/364
f 2382/971/364 2384/972/364 2385/973/364
f 2382/971/364 2385/973/364 2386/974/364
f 2387/975/1126 2388/976/1127 2389/977/261
f 2389/977/261 2390/978/261 2387/975/1126
f 2391/979/1128 2387/975/1126 2390/978/261
f 2390/978/261 2392/980/258 2391/979/1128
f 2393/981/1129 2391/979/1128 2392/980/258
f 2392/980/258 2394/982/258 2393/981/1129
f 2395/983/1130 2393/981/1129 2394/982/258
f 2394/982/258 2396/984/1131 2395/983/1130
f 2397/985/1132 2395/983/1130 2396/984/1131
f 2396/984/1131 2398/986/1133 2397/985/1132
f 2397/985/1132 2398/986/1133 2399/987/1134
f 2399/987/1134 2400/988/1135 2397/985/1132
f 2401/989/1136 2402/990/1137 2403/991/1134
f 2404/992/1138 2401/989/1136 2403/991/1134
f 2403/991/1134 2405/993/1139 2404/992/1138
f 2404/992/1138 2405/993/1139 2406/994/1140
f 2406/994/1140 2407/995/1141 2404/992/1138
f 2408/996/1142 2407/995/1141 2406/994/1140
f 2409/997/1143 2410/998/1144 2411/999/1144
f 2411/999/1144 2412/1000/1145 2409/997/1143
f 2413/1001/1146 2409/997/1143 2412/1000/1145
f 2412/1000/1145 2414/1002/1147 2413/1001/1146
f 2415/1003/1148 2413/1001/1146 2414/1002/1147
f 2415/1003/1148 2414/1002/1147 2416/1004/1149
f 2414/1002/1147 2417/1005/1148 2416/1004/1149
f 2417/1005/1148 2418/1006/1150 2416/1004/1149
f 2418/1006/1150 2419/1007/1149 2416/1004/1149
f 2418/1006/1150 2420/1008/1151 2419/1007/1149
f 2420/1008/1151 2418/1006/1150 2421/1009/1152
f 2421/1009/1152 2422/1010/1153 2420/1008/1151
f 2422/1010/1153 2421/1009/1152 2423/1011/210
f 2423/1011/210 2424/1012/210 2422/1010/1153
f 2425/309/1154 2426/308/1154 2427/1013/1155
f 2427/1013/1155 2428/1014/1156 2425/309/1154
f 2428/1014/1156 2427/1013/1155 2429/1015/1157
f 2429/1015/1157 2430/1016/1158 2428/1014/1156
f 2431/1016/1159 2430/1016/1158 2429/1015/1157
f 2429/1015/1157 2432/1015/1160 2431/1016/1159
f 2431/1016/1159 2432/1015/1160 2433/1015/1161
f 2433/1015/1161 2434/1016/1162 2431/1016/1159
f 2435/1017/1163 2434/1016/1162 2433/1015/1161
f 2433/1015/1161 2436/1018/1164 2435/1017/1163
f 2437/315/1165 2435/1017/1163 2436/1018/1164
f 2436/1018/1164 2438/316/1166 2437/315/1165
f 2439/1019/1167 2440/1020/264 2441/1021/1168
f 2441/1021/1168 2442/1022/1169 2439/1019/1167
f 2443/1023/744 2439/1019/1167 2442/1022/1169
f 2442/1022/1169 2444/1024/1170 2443/1023/744
f 2445/1025/18 2443/1023/744 2444/1024/1170
f 2444/1024/1170 2446/1026/18 2445/1025/18
f 2445/1025/18 2446/1026/18 2447/1024/1171
f 2447/1024/1171 2448/1023/1172 2445/1025/18
f 2448/1023/1172 2447/1024/1171 2449/1022/439
f 2449/1022/439 2450/1019/438 2448/1023/1172
f 2450/1019/438 2449/1022/439 2451/1021/274
f 2451/1021/274 2452/1020/1173 2450/1019/438
f 2453/1027/1174 2454/1028/1175 2455/1029/1176
f 2455/1029/1176 2456/1030/1177 2453/1027/1174
f 2457/1031/1178 2453/1027/1174 2456/1030/1177
f 2456/1030/1177 2458/1032/1179 2457/1031/1178
f 2459/1033/1180 2457/1031/1178 2458/1032/1179
f 2458/1032/1179 2460/1034/1181 2459/1033/1180
f 2459/1033/1180 2460/1034/1181 2461/1035/1182
f 2461/1035/1182 2462/1036/1183 2459/1033/1180
f 2463/1037/1184 2462/1036/1183 2461/1035/1182
f 2461/1035/1182 2464/1038/1184 2463/1037/1184
f 2463/1037/1184 2464/1038/1184 2465/1039/1185
f 2465/1039/1185 2466/1040/1186 2463/1037/1184
f 2466/1040/1186 2465/1039/1185 2467/1041/1187
f 2467/1041/1187 2468/1042/1188 2466/1040/1186
f 2468/1042/1188 2467/1041/1187 2469/1043/1189
f 2469/1043/1189 2470/1044/1190 2468/1042/1188
f 2471/1045/1191 2472/1046/1192 2473/1047/744
f 2473/1047/744 2474/1048/1193 2471/1045/1191
f 2474/1048/1193 2473/1047/744 2475/1049/18
f 2475/1049/18 2476/1050/18 2474/1048/1193
f 2477/1048/1172 2476/1050/18 2475/1049/18
f 2475/1049/18 2478/1047/1194 2477/1048/1172
f 2479/1045/1195 2477/1048/1172 2478/1047/1194
f 2478/1047/1194 2480/1046/1196 2479/1045/1195
f 2481/1051/1197 2482/1052/1197 2483/1053/1198
f 2483/1053/1198 2484/1054/1197 2481/1051/1197
f 2485/1055/1199 2481/1051/1197 2484/1054/1197
f 2484/1054/1197 2486/1056/1199 2485/1055/1199
f 2485/1055/1199 2486/1056/1199 2487/1057/1199
f 2487/1057/1199 2488/1058/1199 2485/1055/1199
f 2488/1058/1199 2487/1057/1199 2489/1059/1197
f 2489/1059/1197 2490/1060/1197 2488/1058/1199
f 2491/977/1200 2492/976/1201 2493/975/275
f 2493/975/275 2494/978/268 2491/977/1200
f 2494/978/268 2493/975/275 2495/979/1202
f 2495/979/1202 2496/980/267 2494/978/268
f 2496/980/267 2495/979/1202 2497/981/1203
f 2497/981/1203 2498/982/267 2496/980/267
f 2498/982/267 2497/981/1203 2499/983/1204
f 2499/983/1204 2500/984/1205 2498/982/267
f 2500/984/1205 2499/983/1204 2501/985/1206
f 2501/985/1206 2502/986/1207 2500/984/1205
f 2503/987/1208 2502/986/1207 2501/985/1206
f 2501/985/1206 2504/988/1209 2503/987/1208
f 2505/990/1210 2506/989/1211 2507/991/1208
f 2507/991/1208 2506/989/1211 2508/992/1212
f 2508/992/1212 2509/993/1213 2507/991/1208
f 2510/994/1214 2509/993/1213 2508/992/1212
f 2508/992/1212 2511/995/1215 2510/994/1214
f 2511/995/1215 2512/996/1216 2510/994/1214
f 2513/1061/1217 2514/1062/1218 2515/1063/1219
f 2515/1063/1219 2516/1064/1220 2513/1061/1217
f 2516/1064/1220 2515/1063/1219 2517/1065/1221
f 2517/1065/1221 2518/1066/1222 2516/1064/1220
f 2518/1066/1222 2517/1065/1221 2519/1067/1223
f 2519/1067/1223 2520/1068/1224 2518/1066/1222
f 2521/1069/1225 2520/1068/1224 2519/1067/1223
f 2519/1067/1223 2522/1070/1226 2521/1069/1225
f 2521/1069/1225 2522/1070/1226 2523/1071/1227
f 2523/1071/1227 2524/1072/1227 2521/1069/1225
f 2525/1073/1228 2524/1072/1227 2523/1071/1227
f 2523/1071/1227 2526/1074/1229 2525/1073/1228
f 2527/1075/1230 2525/1073/1228 2526/1074/1229
f 2526/1074/1229 2528/1076/1231 2527/1075/1230
f 2529/1077/1232 2527/1075/1230 2528/1076/1231
f 2528/1076/1231 2530/1078/1233 2529/1077/1232
f 2531/1053/1234 2532/1052/1234 2533/1079/1234
f 2533/1079/1234 2534/1080/1234 2531/1053/1234
f 2534/1080/1234 2533/1079/1234 2535/1081/1235
f 2535/1081/1235 2536/1082/1235 2534/1080/1234
f 2537/1083/1235 2536/1082/1235 2535/1081/1235
f 2535/1081/1235 2538/1084/1235 2537/1083/1235
f 2539/1085/1234 2537/1083/1235 2538/1084/1235
f 2538/1084/1235 2540/1086/1234 2539/1085/1234
f 2541/1087/1236 2542/1088/1236 2543/1089/1236
f 2543/1089/1236 2544/1090/1236 2541/1087/1236
f 2544/1090/1236 2543/1089/1236 2545/1091/1237
f 2545/1091/1237 2546/1092/1237 2544/1090/1236
f 2546/1092/1237 2545/1091/1237 2547/1093/1237
f 2547/1093/1237 2548/1094/1237 2546/1092/1237
f 2548/1094/1237 2547/1093/1237 2549/321/1238
f 2549/321/1238 2550/320/1238 2548/1094/1237
f 2551/1095/1239 2552/1096/1239 2553/1097/1239
f 2553/1097/1239 2554/1098/1239 2551/1095/1239
f 2554/1098/1239 2553/1097/1239 2555/1099/1239
f 2555/1099/1239 2556/1100/1239 2554/1098/1239
f 2556/1100/1239 2555/1099/1239 2557/1101/1239
f 2557/1101/1239 2558/1102/1239 2556/1100/1239
f 2558/1102/1239 2557/1101/1239 2559/1103/1239
f 2559/1103/1239 2560/1104/1239 2558/1102/1239
f 2560/1104/1239 2559/1103/1239 2561/1105/1240
f 2561/1105/1240 2562/1106/1240 2560/1104/1239
f 2563/1107/1241 2564/1108/18 2565/1109/1241
f 2565/1109/1241 2566/1110/1242 2563/1107/1241
f 2567/1111/1243 2563/1107/1241 2566/1110/1242
f 2566/1110/1242 2568/1111/1241 2567/1111/1243
f 2569/1112/1241 2567/1111/1243 2568/1111/1241
f 2568/1111/1241 2570/1113/1244 2569/1112/1241
f 2571/1114/1244 2569/1112/1241 2570/1113/1244
f 2570/1113/1244 2572/1114/18 2571/1114/1244
f 2573/1115/1245 2571/1114/1244 2572/1114/18
f 2572/1114/18 2574/1116/1246 2573/1115/1245
f 2575/327/1247 2576/326/1247 2577/1117/1247
f 2577/1117/1247 2578/1118/1247 2575/327/1247
f 2578/1118/1247 2577/1117/1247 2579/331/1247
f 2579/331/1247 2580/330/1247 2578/1118/1247
f 2581/335/1248 2582/334/1249 2583/1119/1250
f 2583/1119/1250 2584/1120/1251 2581/335/1248
f 2584/1120/1251 2583/1119/1250 2585/339/1249
f 2585/339/1249 2586/338/1252 2584/1120/1251
f 2587/977/1253 2588/976/299 2589/975/1254
f 2589/975/1254 2590/978/292 2587/977/1253
f 2590/978/292 2589/975/1254 2591/979/293
f 2591/979/293 2592/980/292 2590/978/292
f 2592/980/292 2591/979/293 2593/981/1255
f 2593/981/1255 2594/982/291 2592/980/292
f 2594/982/291 2593/981/1255 2595/983/1256
f 2595/983/1256 2596/984/1257 2594/982/291
f 2596/984/1257 2595/983/1256 2597/985/1258
f 2597/985/1258 2598/986/1259 2596/984/1257
f 2599/987/1140 2598/986/1259 2597/985/1258
f 2597/985/1258 2600/988/1260 2599/987/1140
f 2601/999/1144 2602/998/1144 2603/997/1261
f 2603/997/1261 2604/1000/1262 2601/999/1144
f 2604/1000/1262 2603/997/1261 2605/1001/1263
f 2605/1001/1263 2606/1002/1264 2604/1000/1262
f 2606/1002/1264 2605/1001/1263 2607/1003/1265
f 2606/1002/1264 2607/1003/1265 2608/1004/1266
f 2609/1005/1266 2606/1002/1264 2608/1004/1266
f 2610/1006/1267 2609/1005/1266 2608/1004/1266
f 2611/1007/1268 2610/1006/1267 2608/1004/1266
f 2611/1007/1268 2612/1008/1269 2610/1006/1267
f 2613/1009/1270 2610/1006/1267 2612/1008/1269
f 2612/1008/1269 2614/1010/1271 2613/1009/1270
f 2615/1011/210 2613/1009/1270 2614/1010/1271
f 2614/1010/1271 2616/1012/210 2615/1011/210
f 2617/1121/1272 2618/342/1154 2619/341/1154
f 2619/341/1154 2620/1122/1273 2617/1121/1272
f 2621/1123/1274 2617/1121/1272 2620/1122/1273
f 2620/1122/1273 2622/1124/1275 2621/1123/1274
f 2621/1123/1274 2622/1124/1275 2623/1125/1276
f 2623/1125/1276 2624/1126/1276 2621/1123/1274
f 2625/1126/1277 2624/1126/1276 2623/1125/1276
f 2623/1125/1276 2626/1125/1278 2625/1126/1277
f 2625/1126/1277 2626/1125/1278 2627/1127/1279
f 2627/1127/1279 2628/1128/1280 2625/1126/1277
f 2628/1128/1280 2627/1127/1279 2629/347/1165
f 2629/347/1165 2630/346/1166 2628/1128/1280
f 2631/1021/1281 2632/1020/1282 2633/1019/1283
f 2633/1019/1283 2634/1022/1284 2631/1021/1281
f 2634/1022/1284 2633/1019/1283 2635/1023/410
f 2635/1023/410 2636/1024/1285 2634/1022/1284
f 2636/1024/1285 2635/1023/410 2637/1025/60
f 2637/1025/60 2638/1026/60 2636/1024/1285
f 2639/1024/1286 2638/1026/60 2637/1025/60
f 2637/1025/60 2640/1023/1287 2639/1024/1286
f 2641/1022/1288 2639/1024/1286 2640/1023/1287
f 2640/1023/1287 2642/1019/530 2641/1022/1288
f 2643/1021/1289 2641/1022/1288 2642/1019/530
f 2642/1019/530 2644/1020/307 2643/1021/1289
f 2645/1047/410 2646/1046/1290 2647/1045/1291
f 2647/1045/1291 2648/1048/410 2645/1047/410
f 2649/1049/60 2645/1047/410 2648/1048/410
f 2648/1048/410 2650/1050/60 2649/1049/60
f 2649/1049/60 2650/1050/60 2651/1048/1287
f 2651/1048/1287 2652/1047/1287 2649/1049/60
f 2652/1047/1287 2651/1048/1287 2653/1045/1292
f 2653/1045/1292 2654/1046/1293 2652/1047/1287
f 2655/1053/1294 2656/1052/1295 2657/1079/1296
f 2657/1079/1296 2658/1080/1296 2655/1053/1294
f 2658/1080/1296 2657/1079/1296 2659/1129/1297
f 2659/1129/1297 2660/1130/1297 2658/1080/1296
f 2661/1131/1297 2660/1130/1297 2659/1129/1297
f 2659/1129/1297 2662/1132/1297 2661/1131/1297
f 2663/1133/1295 2661/1131/1297 2662/1132/1297
f 2662/1132/1297 2664/1134/1296 2663/1133/1295
f 2665/975/1298 2666/976/309 2667/977/310
f 2667/977/310 2668/978/304 2665/975/1298
f 2669/979/1299 2665/975/1298 2668/978/304
f 2668/978/304 2670/980/304 2669/979/1299
f 2671/981/303 2669/979/1299 2670/980/304
f 2670/980/304 2672/982/301 2671/981/303
f 2673/983/1300 2671/981/303 2672/982/301
f 2672/982/301 2674/984/1301 2673/983/1300
f 2675/985/1302 2673/983/1300 2674/984/1301
f 2674/984/1301 2676/986/1303 2675/985/1302
f 2675/985/1302 2676/986/1303 2677/987/1214
f 2677/987/1214 2678/988/1304 2675/985/1302
f 2679/1135/1305 2680/1136/1306 2681/1137/1307
f 2681/1137/1307 2682/1138/1308 2679/1135/1305
f 2682/1138/1308 2681/1137/1307 2683/1139/1309
f 2683/1139/1309 2684/1140/1310 2682/1138/1308
f 2685/1141/1311 2684/1140/1310 2683/1139/1309
f 2683/1139/1309 2686/1142/1312 2685/1141/1311
f 2687/1143/1313 2685/1141/1311 2686/1142/1312
f 2686/1142/1312 2688/1144/1314 2687/1143/1313
f 2689/1145/1315 2687/1143/1313 2688/1144/1314
f 2688/1144/1314 2690/1146/1315 2689/1145/1315
f 2689/1145/1315 2690/1146/1315 2691/1146/1316
f 2691/1146/1316 2692/1145/1317 2689/1145/1315
f 2692/1145/1317 2691/1146/1316 2693/1147/1318
f 2693/1147/1318 2694/1148/1319 2692/1145/1317
f 2694/1148/1319 2693/1147/1318 2695/1149/1320
f 2695/1149/1320 2696/1150/1320 2694/1148/1319
f 2697/1151/1321 2696/1150/1320 2695/1149/1320
f 2695/1149/1320 2698/1152/1322 2697/1151/1321
f 2699/1153/1323 2697/1151/1321 2698/1152/1322
f 2698/1152/1322 2700/1154/1324 2699/1153/1323
f 2701/1153/1325 2699/1153/1323 2700/1154/1324
f 2700/1154/1324 2702/1154/1325 2701/1153/1325
f 2701/1153/1325 2702/1154/1325 2703/1154/1326
f 2703/1154/1326 2704/1153/1305 2701/1153/1325
f 2705/1155/1327 2706/1156/1328 2707/1157/1329
f 2707/1157/1329 2708/1158/1330 2705/1155/1327
f 2708/1158/1330 2707/1157/1329 2709/1159/1331
f 2709/1159/1331 2710/1160/1331 2708/1158/1330
f 2711/1161/1332 2710/1160/1331 2709/1159/1331
f 2709/1159/1331 2712/1162/1333 2711/1161/1332
f 2713/1163/1334 2711/1161/1332 2712/1162/1333
f 2712/1162/1333 2714/1164/1335 2713/1163/1334
f 2715/1163/1336 2713/1163/1334 2714/1164/1335
f 2714/1164/1335 2716/1164/1336 2715/1163/1336
f 2715/1163/1336 2716/1164/1336 2717/1164/1337
f 2717/1164/1337 2718/1163/1338 2715/1163/1336
f 2718/1163/1338 2717/1164/1337 2719/1165/1339
f 2719/1165/1339 2720/1166/1340 2718/1163/1338
f 2720/1166/1340 2719/1165/1339 2721/1167/1341
f 2721/1167/1341 2722/1168/1341 2720/1166/1340
f 2723/1169/1342 2722/1168/1341 2721/1167/1341
f 2721/1167/1341 2724/1170/1343 2723/1169/1342
f 2725/1171/1344 2723/1169/1342 2724/1170/1343
f 2724/1170/1343 2726/1172/1345 2725/1171/1344
f 2727/1173/1346 2725/1171/1344 2726/1172/1345
f 2726/1172/1345 2728/1174/1347 2727/1173/1346
f 2727/1173/1346 2728/1174/1347 2729/1174/1348
f 2729/1174/1348 2730/1173/1349 2727/1173/1346
f 2731/1051/1350 2732/1052/1350 2733/1053/1350
f 2733/1053/1350 2734/1054/1350 2731/1051/1350
f 2735/1055/1351 2731/1051/1350 2734/1054/1350
f 2734/1054/1350 2736/1056/1351 2735/1055/1351
f 2735/1055/1351 2736/1056/1351 2737/1057/1351
f 2737/1057/1351 2738/1058/1351 2735/1055/1351
f 2738/1058/1351 2737/1057/1351 2739/1059/1350
f 2739/1059/1350 2740/1060/1350 2738/1058/1351
f 2741/1175/1352 2742/1176/1353 2743/1177/1353
f 2743/1177/1353 2744/1178/1352 2741/1175/1352
f 2745/1179/1354 2741/1175/1352 2744/1178/1352
f 2744/1178/1352 2746/1180/1354 2745/1179/1354
f 2747/1181/1355 2745/1179/1354 2746/1180/1354
f 2746/1180/1354 2748/1182/1354 2747/1181/1355
f 2749/348/1356 2747/1181/1355 2748/1182/1354
f 2748/1182/1354 2750/349/1356 2749/348/1356
f 2751/1183/1357 2752/1184/1357 2753/1185/1357
f 2753/1185/1357 2754/1186/1357 2751/1183/1357
f 2755/1187/1357 2751/1183/1357 2754/1186/1357
f 2754/1186/1357 2756/1188/1357 2755/1187/1357
f 2757/1189/1357 2755/1187/1357 2756/1188/1357
f 2756/1188/1357 2758/1190/1357 2757/1189/1357
f 2759/1191/1357 2757/1189/1357 2758/1190/1357
f 2758/1190/1357 2760/1192/1357 2759/1191/1357
f 2761/1193/1358 2759/1191/1357 2760/1192/1357
f 2760/1192/1357 2762/1194/1359 2761/1193/1358
f 2763/1109/1360 2764/1108/60 2765/1107/60
f 2765/1107/60 2766/1107/1361 2763/1109/1360
f 2766/1107/1361 2765/1107/60 2767/1111/1362
f 2767/1111/1362 2768/1111/1362 2766/1107/1361
f 2768/1111/1362 2767/1111/1362 2769/1112/1363
f 2769/1112/1363 2770/1112/1363 2768/1111/1362
f 2770/1112/1363 2769/1112/1363 2771/1114/60
f 2771/1114/60 2772/1114/60 2770/1112/1363
f 2772/1114/60 2771/1114/60 2773/1195/1364
f 2773/1195/1364 2774/1116/1365 2772/1114/60
f 2775/1196/1366 2776/354/1367 2777/355/1367
f 2777/355/1367 2778/1197/1366 2775/1196/1366
f 2779/357/1367 2775/1196/1366 2778/1197/1366
f 2778/1197/1366 2780/358/1367 2779/357/1367
f 2781/1198/1368 2782/364/1368 2783/365/1368
f 2783/365/1368 2784/1199/1369 2781/1198/1368
f 2785/366/1368 2781/1198/1368 2784/1199/1369
f 2784/1199/1369 2786/367/1368 2785/366/1368
f 2787/1200/1370 2788/1201/1371 2789/1202/1372
f 2789/1202/1372 2790/1203/1373 2787/1200/1370
f 2791/1204/1374 2787/1200/1370 2790/1203/1373
f 2790/1203/1373 2792/1205/1375 2791/1204/1374
f 2791/1204/1374 2792/1205/1375 2793/1206/1376
f 2791/1204/1374 2793/1206/1376 2794/1207/1377
f 2793/1206/1376 2795/1208/1378 2794/1207/1377
f 2796/1209/1379 2794/1207/1377 2795/1208/1378
f 2795/1208/1378 2797/1210/1380 2796/1209/1379
f 2798/1211/1381 2796/1209/1379 2797/1210/1380
f 2797/1210/1380 2799/1212/1382 2798/1211/1381
f 2800/1213/1383 2798/1211/1381 2799/1212/1382
f 2799/1212/1382 2801/1214/1384 2800/1213/1383
f 2800/1213/1383 2801/1214/1384 2802/1215/1385
f 2802/1215/1385 2803/1216/1385 2800/1213/1383
f 2803/1216/1385 2802/1215/1385 2804/1217/1386
f 2804/1217/1386 2805/1218/1387 2803/1216/1385
f 2805/1218/1387 2804/1217/1386 2806/1219/1388
f 2806/1219/1388 2807/1220/1389 2805/1218/1387
f 2807/1220/1389 2806/1219/1388 2808/1221/1390
f 2808/1221/1390 2809/1222/1391 2807/1220/1389
f 2809/1222/1391 2808/1221/1390 2810/1223/1392
f 2810/1223/1392 2811/1224/1393 2809/1222/1391
f 2812/1225/1394 2811/1224/1393 2810/1223/1392
f 2810/1223/1392 2813/1226/1395 2812/1225/1394
f 2814/1227/1396 2812/1225/1394 2813/1226/1395
f 2813/1226/1395 2815/1228/1397 2814/1227/1396
f 2816/1229/1398 2814/1227/1396 2815/1228/1397
f 2815/1228/1397 2817/1230/1399 2816/1229/1398
f 2818/1231/1400 2819/1232/163 2820/1233/163
f 2818/1231/1400 2820/1233/163 2821/1234/1401
f 2820/1233/163 2822/1235/163 2821/1234/1401
f 2822/1235/163 2823/1236/163 2821/1234/1401
f 2823/1236/163 2824/1237/1402 2821/1234/1401
f 2824/1237/1402 2825/1238/1403 2821/1234/1401
f 2826/1239/1404 2827/1240/1405 2828/1241/1406
f 2828/1241/1406 2829/1242/1407 2826/1239/1404
f 2829/1242/1407 2828/1241/1406 2830/1243/1408
f 2830/1243/1408 2831/1244/1409 2829/1242/1407
f 2831/1244/1409 2830/1243/1408 2832/1245/1410
f 2832/1245/1410 2833/1246/1411 2831/1244/1409
f 2834/1247/1412 2835/1248/1413 2836/1249/1414
f 2836/1249/1414 2837/1250/1415 2834/1247/1412
f 2838/1251/1416 2834/1247/1412 2837/1250/1415
f 2837/1250/1415 2839/1252/1417 2838/1251/1416
f 2840/1253/1418 2838/1251/1416 2839/1252/1417
f 2839/1252/1417 2841/1254/1419 2840/1253/1418
f 2842/1255/1420 2840/1253/1418 2841/1254/1419
f 2841/1254/1419 2843/1256/1420 2842/1255/1420
f 2844/1257/1421 2842/1255/1420 2843/1256/1420
f 2843/1256/1420 2845/1258/1421 2844/1257/1421
f 2844/1257/1421 2845/1258/1421 2846/1259/364
f 2846/1259/364 2847/1260/364 2844/1257/1421
f 2848/1261/1422 2849/1262/1422 2850/1263/1423
f 2850/1263/1423 2851/1264/1424 2848/1261/1422
f 2852/1265/1425 2848/1261/1422 2851/1264/1424
f 2851/1264/1424 2853/1266/1422 2852/1265/1425
f 2854/1267/1426 2855/1268/1427 2856/1269/1428
f 2856/1269/1428 2857/1270/1429 2854/1267/1426
f 2857/1270/1429 2856/1269/1428 2858/1271/1430
f 2858/1271/1430 2859/1272/1431 2857/1270/1429
f 2860/1273/1432 2859/1272/1431 2858/1271/1430
f 2858/1271/1430 2861/1274/1432 2860/1273/1432
f 2862/1275/1433 2863/1276/1433 2864/1277/1434
f 2864/1277/1434 2865/1278/1434 2862/1275/1433
f 2865/1278/1434 2864/1277/1434 2866/1279/1435
f 2866/1279/1435 2867/1280/1435 2865/1278/1434
f 2867/1280/1435 2866/1279/1435 2868/1281/1436
f 2868/1281/1436 2869/1282/754 2867/1280/1435
f 2869/1282/754 2868/1281/1436 2870/1283/1437
f 2870/1283/1437 2871/1284/1438 2869/1282/754
f 2872/1285/1439 2873/1286/1440 2874/1287/1441
f 2874/1287/1441 2875/1288/1442 2872/1285/1439
f 2875/1288/1442 2874/1287/1441 2876/1289/1443
f 2876/1289/1443 2877/1290/1444 2875/1288/1442
f 2877/1290/1444 2876/1289/1443 2878/1291/1445
f 2878/1291/1445 2879/1292/1446 2877/1290/1444
f 2878/1291/1445 2880/1293/1447 2879/1292/1446
f 2880/1293/1447 2881/1294/1448 2879/1292/1446
f 2881/1294/1448 2882/1295/332 2879/1292/1446
f 2883/1286/1449 2884/1285/1450 2885/1288/1451
f 2885/1288/1451 2886/1287/1452 2883/1286/1449
f 2886/1287/1452 2885/1288/1451 2887/1296/1453
f 2887/1296/1453 2888/1289/1453 2886/1287/1452
f 2888/1289/1453 2887/1296/1453 2889/1297/1454
f 2889/1297/1454 2890/1298/1455 2888/1289/1453
f 2890/1298/1455 2889/1297/1454 2891/1299/335
f 2891/1299/335 2892/1294/334 2890/1298/1455
f 2893/1300/1456 2894/1301/1457 2895/1302/1458
f 2895/1302/1458 2896/1303/1459 2893/1300/1456
f 2896/1303/1459 2895/1302/1458 2897/1304/1460
f 2897/1304/1460 2898/1305/1461 2896/1303/1459
f 2898/1305/1461 2897/1304/1460 2899/1306/1462
f 2899/1306/1462 2900/1307/1463 2898/1305/1461
f 2901/1308/1464 2902/1309/1465 2903/1310/1466
f 2903/1310/1466 2904/1311/1467 2901/1308/1464
f 2904/1311/1467 2903/1310/1466 2905/1312/1468
f 2905/1312/1468 2906/1313/1469 2904/1311/1467
f 2906/1313/1469 2905/1312/1468 2907/1314/1470
f 2907/1314/1470 2908/1315/1471 2906/1313/1469
f 2909/1316/60 2910/1317/60 2911/1318/60
f 2911/1318/60 2912/1318/1472 2909/1316/60
f 2913/1319/60 2909/1316/60 2912/1318/1472
f 2912/1318/1472 2914/1320/60 2913/1319/60
f 2913/1319/60 2914/1320/60 2915/1320/60
f 2915/1320/60 2916/1321/1473 2913/1319/60
f 2917/1322/1474 2918/1323/1474 2919/1324/1475
f 2920/1325/1476 2917/1322/1474 2919/1324/1475
f 2921/1326/1477 2920/1325/1476 2919/1324/1475
f 2922/1327/368 2923/1328/368 2924/1329/368
f 2925/1330/368 2922/1327/368 2924/1329/368
f 2926/1331/368 2925/1330/368 2924/1329/368
f 2927/1332/368 2928/1333/368 2929/1334/368
f 2927/1332/368 2929/1334/368 2930/1335/368
f 2929/1334/368 2931/1336/368 2930/1335/368
f 2932/1337/368 2930/1335/368 2931/1336/368
f 2933/1338/368 2932/1337/368 2931/1336/368
f 2930/1335/368 2932/1337/368 2934/1339/368
f 2933/1338/368 2935/1340/368 2932/1337/368
f 2934/1339/368 2936/1341/368 2930/1335/368
f 2933/1338/368 2937/1342/368 2935/1340/368
f 2938/1343/368 2936/1341/368 2934/1339/368
f 2938/1343/368 2939/1344/368 2936/1341/368
f 2940/1345/368 2938/1343/368 2934/1339/368
f 2939/1344/368 2941/1346/368 2936/1341/368
f 2940/1345/368 2934/1339/368 2942/1347/368
f 2940/1345/368 2942/1347/368 2937/1342/368
f 2933/1338/368 2940/1345/368 2937/1342/368
f 2939/1344/368 2943/1348/368 2941/1346/368
f 2943/1348/368 2944/1349/368 2941/1346/368
f 2944/1349/368 2945/1350/368 2941/1346/368
f 2946/1351/368 2945/1350/368 2944/1349/368
f 2944/1349/368 2947/1352/368 2946/1351/368
f 2933/1338/368 2948/1353/368 2940/1345/368
f 2948/1353/368 2949/1354/368 2940/1345/368
f 2933/1338/368 2950/1355/368 2948/1353/368
f 2951/1356/368 2952/1357/368 2953/1358/368
f 2953/1358/368 2954/1359/368 2951/1356/368
f 2955/1360/368 2951/1356/368 2954/1359/368
f 2956/1361/368 2955/1360/368 2954/1359/368
f 2956/1361/368 2957/1362/368 2955/1360/368
f 2958/1363/368 2959/1364/368 2957/1362/368
f 2957/1362/368 2956/1361/368 2958/1363/368
f 2960/1365/368 2958/1363/368 2956/1361/368
f 2956/1361/368 2961/1366/368 2960/1365/368
f 2962/1367/364 2963/1368/364 2964/1369/364
f 2964/1369/364 2965/1370/364 2962/1367/364
f 2966/1371/364 2962/1367/364 2965/1370/364
f 2967/1372/364 2966/1371/364 2965/1370/364
f 2968/1373/364 2967/1372/364 2965/1370/364
f 2969/467/1478 2970/466/1478 2971/1374/1478
f 2971/1374/1478 2972/1375/1479 2969/467/1478
f 2972/1375/1479 2971/1374/1478 2973/1376/1480
f 2973/1376/1480 2974/1377/1481 2972/1375/1479
f 2974/1377/1481 2973/1376/1480 2975/469/1482
f 2975/469/1482 2976/468/1483 2974/1377/1481
f 2977/1378/364 2978/1249/364 2979/1248/364
f 2977/1378/364 2979/1248/364 2980/1246/364
f 2980/1246/364 2981/1379/364 2977/1378/364
f 2981/1379/364 2980/1246/364 2982/1245/364
f 2983/1380/1484 2984/1381/1484 2985/1382/1485
f 2985/1382/1485 2986/1383/1485 2983/1380/1484
f 2986/1383/1485 2985/1382/1485 2987/1384/1486
f 2987/1384/1486 2988/1385/1487 2986/1383/1485
f 2988/1385/1487 2987/1384/1486 2989/1386/1488
f 2989/1386/1488 2990/1387/1489 2988/1385/1487
f 2990/1387/1489 2989/1386/1488 2991/1388/1490
f 2991/1388/1490 2992/1389/1491 2990/1387/1489
f 2993/1390/1492 2994/1391/1492 2995/1392/1493
f 2995/1392/1493 2996/1393/1494 2993/1390/1492
f 2996/1393/1494 2995/1392/1493 2997/1394/1495
f 2997/1394/1495 2998/1395/1428 2996/1393/1494
f 2998/1395/1428 2997/1394/1495 2999/1396/1496
f 2999/1396/1496 3000/1397/1497 2998/1395/1428
f 3001/1398/368 3002/1399/368 3003/1400/368
f 3003/1400/368 3004/1401/368 3001/1398/368
f 3004/1401/368 3003/1400/368 3005/1402/368
f 3005/1402/368 3006/1403/368 3004/1401/368
f 3006/1403/368 3005/1402/368 3007/1404/368
f 3007/1404/368 3008/1405/368 3006/1403/368
f 3008/1405/368 3007/1404/368 3009/1406/368
f 3009/1406/368 3010/1407/368 3008/1405/368
f 3011/1408/364 3012/1409/364 3013/1410/364
f 3013/1410/364 3014/1411/364 3011/1408/364
f 3014/1411/364 3013/1410/364 3015/1412/364
f 3015/1412/364 3016/1413/364 3014/1411/364
f 3016/1413/364 3015/1412/364 3017/1400/364
f 3017/1400/364 3018/1414/364 3016/1413/364
f 3018/1414/364 3017/1400/364 3019/1415/364
f 3019/1415/364 3020/1416/364 3018/1414/364
f 3021/1417/368 3022/1418/368 3023/1419/368
f 3023/1419/368 3024/1420/368 3021/1417/368
f 3024/1420/368 3023/1419/368 3025/1421/368
f 3025/1421/368 3026/1422/368 3024/1420/368
f 3026/1422/368 3025/1421/368 3027/1423/368
f 3027/1423/368 3028/1424/368 3026/1422/368
f 3029/1425/364 3030/1426/364 3031/1427/364
f 3031/1427/364 3032/1428/364 3029/1425/364
f 3032/1428/364 3031/1427/364 3033/1419/364
f 3033/1419/364 3034/1420/364 3032/1428/364
f 3034/1420/364 3033/1419/364 3035/1429/364
f 3035/1429/364 3036/1430/364 3034/1420/364
f 3037/1431/1498 3038/1432/1499 3039/1433/1499
f 3039/1433/1499 3040/1434/1500 3037/1431/1498
f 3041/1435/1501 3037/1431/1498 3040/1434/1500
f 3040/1434/1500 3042/1436/1502 3041/1435/1501
f 3043/1437/1503 3041/1435/1501 3042/1436/1502
f 3042/1436/1502 3044/1438/1504 3043/1437/1503
f 3043/1437/1503 3044/1438/1504 3045/1439/1505
f 3045/1439/1505 3046/1440/1506 3043/1437/1503
f 3046/1440/1506 3045/1439/1505 3047/1441/1507
f 3047/1441/1507 3048/1442/1507 3046/1440/1506
f 3048/1442/1507 3047/1441/1507 3049/1443/1508
f 3049/1443/1508 3050/1444/1509 3048/1442/1507
f 3050/1444/1509 3049/1443/1508 3051/1445/1510
f 3051/1445/1510 3052/1446/1511 3050/1444/1509
f 3052/1446/1511 3051/1445/1510 3053/1447/1512
f 3053/1447/1512 3054/1448/1513 3052/1446/1511
f 3055/1449/1514 3054/1448/1513 3053/1447/1512
f 3053/1447/1512 3056/1450/1515 3055/1449/1514
f 3057/1451/1516 3055/1449/1514 3056/1450/1515
f 3056/1450/1515 3058/1452/1517 3057/1451/1516
f 3059/1453/1518 3057/1451/1516 3058/1452/1517
f 3058/1452/1517 3060/1454/1519 3059/1453/1518
f 3061/1455/1520 3059/1453/1518 3060/1454/1519
f 3061/1455/1520 3060/1454/1519 3062/1456/1521
f 3063/1457/1522 3061/1455/1520 3062/1456/1521
f 3064/1458/368 3061/1455/1520 3063/1457/1522
f 3063/1457/1522 3065/1459/368 3064/1458/368
f 3066/1460/1523 3064/1458/368 3065/1459/368
f 3065/1459/368 3067/1461/1400 3066/1460/1523
f 3068/1462/1524 3069/1463/1525 3070/1464/1526
f 3070/1464/1526 3071/1465/1527 3068/1462/1524
f 3071/1465/1527 3070/1464/1526 3072/1466/1528
f 3072/1466/1528 3073/1467/1529 3071/1465/1527
f 3073/1467/1529 3072/1466/1528 3074/1468/1530
f 3074/1468/1530 3075/1469/1531 3073/1467/1529
f 3076/1470/1532 3075/1469/1531 3074/1468/1530
f 3074/1468/1530 3077/1471/1533 3076/1470/1532
f 3076/1470/1532 3077/1471/1533 3078/1472/1534
f 3078/1472/1534 3079/1473/1534 3076/1470/1532
f 3080/1474/1535 3079/1473/1534 3078/1472/1534
f 3078/1472/1534 3081/1475/1536 3080/1474/1535
f 3082/1476/1537 3080/1474/1535 3081/1475/1536
f 3081/1475/1536 3083/1477/1538 3082/1476/1537
f 3084/1478/1539 3082/1476/1537 3083/1477/1538
f 3083/1477/1538 3085/1479/1540 3084/1478/1539
f 3086/1480/1541 3084/1478/1539 3085/1479/1540
f 3085/1479/1540 3087/1481/1542 3086/1480/1541
f 3088/1482/1543 3086/1480/1541 3087/1481/1542
f 3087/1481/1542 3089/1483/1544 3088/1482/1543
f 3090/1484/1545 3088/1482/1543 3089/1483/1544
f 3089/1483/1544 3091/1485/1546 3090/1484/1545
f 3090/1484/1545 3091/1485/1546 3092/1486/1547
f 3092/1486/1547 3093/1487/1548 3090/1484/1545
f 3094/1488/1549 3095/1489/1550 3096/1490/1551
f 3096/1490/1551 3095/1489/1550 3097/1491/1552
f 3097/1491/1552 3098/1492/1553 3096/1490/1551
f 3099/1493/1554 3098/1492/1553 3097/1491/1552
f 3097/1491/1552 3100/1494/1554 3099/1493/1554
f 3100/1494/1554 3101/1495/1555 3099/1493/1554
f 3101/1495/1555 3102/1496/1556 3099/1493/1554
f 3102/1496/1556 3103/1497/1557 3099/1493/1554
f 3103/1497/1557 3102/1496/1556 3104/1498/1554
f 3104/1498/1554 3105/1499/1554 3103/1497/1557
f 3106/1500/1558 3105/1499/1554 3104/1498/1554
f 3104/1498/1554 3107/1501/1558 3106/1500/1558
f 3106/1500/1558 3107/1501/1558 3108/1502/1559
f 3108/1502/1559 3109/1503/1560 3106/1500/1558
f 3110/1504/1561 3109/1503/1560 3108/1502/1559
f 3110/1504/1561 3108/1502/1559 3111/1505/1562
f 3110/1504/1561 3111/1505/1562 3112/1506/1563
f 3110/1504/1561 3112/1506/1563 3113/1507/1564
f 3110/1504/1561 3113/1507/1564 3114/1508/1565
f 3114/1508/1565 3115/1509/1566 3110/1504/1561
f 3115/1509/1566 3114/1508/1565 3116/1510/1567
f 3115/1509/1566 3116/1510/1567 3117/1511/844
f 3116/1510/1567 3118/1512/1568 3117/1511/844
f 3119/1513/893 3115/1509/1566 3117/1511/844
f 3117/1511/844 3120/1514/1569 3119/1513/893
f 3121/1515/618 3122/563/618 3123/566/618
f 3123/566/618 3124/1516/618 3121/1515/618
f 3125/1517/451 3121/1515/618 3124/1516/618
f 3124/1516/618 3126/1518/618 3125/1517/451
f 3125/1517/451 3126/1518/618 3127/1516/618
f 3127/1516/618 3128/1515/618 3125/1517/451
f 3128/1515/618 3127/1516/618 3129/566/618
f 3129/566/618 3130/563/182 3128/1515/618
f 3131/1519/454 3132/1520/454 3133/1521/454
f 3133/1521/454 3134/1522/454 3131/1519/454
f 3134/1522/454 3133/1521/454 3135/1523/454
f 3135/1523/454 3136/1524/1570 3134/1522/454
f 3137/1525/1570 3136/1524/1570 3135/1523/454
f 3135/1523/454 3138/1526/454 3137/1525/1570
f 3139/1527/1571 3140/1528/1571 3141/1529/1571
f 3141/1529/1571 3142/1530/1571 3139/1527/1571
f 3143/1531/182 3139/1527/1571 3142/1530/1571
f 3142/1530/1571 3144/1532/182 3143/1531/182
f 3143/1531/182 3144/1532/182 3145/1530/1572
f 3145/1530/1572 3146/1527/1573 3143/1531/182
f 3146/1527/1573 3145/1530/1572 3147/1529/1572
f 3147/1529/1572 3148/1528/1572 3146/1527/1573
f 3149/1533/364 3150/1534/364 3151/1535/364
f 3151/1535/364 3152/1536/1574 3149/1533/364
f 3152/1536/1574 3153/1537/1575 3149/1533/364
f 3152/1536/1574 3154/1538/1576 3153/1537/1575
f 3154/1538/1576 3155/1539/1576 3153/1537/1575
f 3154/1538/1576 3156/1540/1576 3155/1539/1576
f 3157/1539/1577 3156/1540/1576 3154/1538/1576
f 3157/1539/1577 3154/1538/1576 3158/1537/1578
f 3154/1538/1576 3159/1536/1574 3158/1537/1578
f 3158/1537/1578 3159/1536/1574 3160/1533/364
f 3160/1533/364 3159/1536/1574 3161/1535/364
f 3161/1535/364 3162/1534/364 3160/1533/364
f 3163/578/1579 3164/577/1579 3165/1541/247
f 3165/1541/247 3166/1542/247 3163/578/1579
f 3166/1542/247 3165/1541/247 3167/1543/18
f 3167/1543/18 3168/1544/18 3166/1542/247
f 3169/1545/182 3170/1546/182 3171/1547/182
f 3172/1548/182 3170/1546/182 3169/1545/182
f 3169/1545/182 3173/1549/182 3172/1548/182
f 3174/1550/182 3172/1548/182 3173/1549/182
f 3173/1549/182 3175/1551/182 3174/1550/182
f 3174/1550/182 3175/1551/182 3176/1549/182
f 3176/1549/182 3177/1548/182 3174/1550/182
f 3177/1548/182 3176/1549/182 3178/1545/182
f 3178/1545/182 3179/1546/182 3177/1548/182
f 3179/1546/182 3178/1545/182 3180/1547/182
f 3181/629/1580 3182/628/60 3183/627/60
f 3183/627/60 3184/630/1580 3181/629/1580
f 3185/631/1581 3181/629/1580 3184/630/1580
f 3184/630/1580 3186/632/1582 3185/631/1581
f 3187/634/368 3188/633/368 3189/635/368
f 3189/635/368 3188/633/368 3190/636/368
f 3190/636/368 3191/637/368 3189/635/368
f 3192/647/1583 3193/648/1584 3194/646/575
f 3195/643/1585 3192/647/1583 3194/646/575
f 3195/643/1585 3194/646/575 3196/645/1586
f 3197/644/1587 3195/643/1585 3196/645/1586
f 3198/651/1588 3199/650/1589 3200/649/1590
f 3200/649/1590 3201/652/1591 3198/651/1588
f 3201/652/1591 3200/649/1590 3202/653/1592
f 3202/653/1592 3203/654/1593 3201/652/1591
f 3203/654/1593 3202/653/1592 3204/655/1594
f 3204/655/1594 3205/656/1595 3203/654/1593
f 3205/656/1595 3204/655/1594 3206/70/1596
f 3206/70/1596 3207/69/1596 3205/656/1595
f 3208/74/1597 3209/71/1598 3210/657/1599
f 3210/657/1599 3211/658/1600 3208/74/1597
f 3211/658/1600 3210/657/1599 3212/659/1601
f 3212/659/1601 3213/660/1602 3211/658/1600
f 3214/660/1603 3215/659/1604 3216/661/1605
f 3216/661/1605 3217/662/1606 3214/660/1603
f 3217/662/1606 3216/661/1605 3218/663/1607
f 3218/663/1607 3219/664/1607 3217/662/1606
f 3220/667/1608 3221/666/1609 3222/665/1610
f 3222/665/1610 3223/668/1611 3220/667/1608
f 3224/669/1612 3220/667/1608 3223/668/1611
f 3223/668/1611 3225/670/1613 3224/669/1612
f 3226/671/836 3224/669/1612 3225/670/1613
f 3225/670/1613 3227/672/1614 3226/671/836
f 3228/673/834 3226/671/836 3227/672/1614
f 3227/672/1614 3225/670/1613 3229/674/1615
f 3227/672/1614 3230/675/1614 3228/673/834
f 3231/676/834 3228/673/834 3230/675/1614
f 3230/675/1614 3232/677/1616 3231/676/834
f 3230/675/1614 3227/672/1614 3233/678/1617
f 3229/674/1615 3233/678/1617 3227/672/1614
f 3232/677/1616 3230/675/1614 3234/679/1618
f 3233/678/1617 3234/679/1618 3230/675/1614
f 3234/679/1618 3235/680/1619 3232/677/1616
f 3233/678/1617 3229/674/1615 3236/681/1620
f 3237/683/1621 3238/682/1622 3236/681/1620
f 3236/681/1620 3239/684/535 3233/678/1617
f 3233/678/1617 3239/684/535 3240/685/535
f 3240/685/535 3234/679/1618 3233/678/1617
f 3236/681/1620 3241/686/1623 3237/683/1621
f 3242/700/1624 3236/681/1620 3229/674/1615
f 3242/700/1624 3241/686/1623 3236/681/1620
f 3229/674/1615 3243/701/1625 3242/700/1624
f 3243/701/1625 3229/674/1615 3244/702/1626
f 3245/703/1627 3241/686/1623 3242/700/1624
f 3244/702/1626 3246/704/1628 3243/701/1625
f 3241/686/1623 3245/703/1627 3247/705/1629
f 3247/705/1629 3245/703/1627 3246/704/1628
f 3247/705/1629 3248/707/1630 3241/686/1623
f 3246/704/1628 3249/706/1631 3247/705/1629
f 3246/704/1628 3244/702/1626 3249/706/1631
f 3248/707/1630 3250/709/1632 3241/686/1623
f 3251/708/1633 3249/706/1631 3244/702/1626
f 3250/709/1632 3252/711/1634 3241/686/1623
f 3244/702/1626 3253/710/1635 3251/708/1633
f 3250/709/1632 3254/713/576 3252/711/1634
f 3251/708/1633 3253/710/1635 3255/712/589
f 3252/711/1634 3254/713/576 3255/712/589
f 3255/712/589 3254/713/576 3251/708/1633
f 3256/688/1636 3257/687/1637 3240/685/535
f 3257/687/1637 3234/679/1618 3240/685/535
f 3256/688/1636 3240/685/535 3258/690/1638
f 3257/687/1637 3259/689/1639 3234/679/1618
f 3260/692/1640 3256/688/1636 3258/690/1638
f 3234/679/1618 3259/689/1639 3261/691/1641
f 3262/693/1642 3260/692/1640 3258/690/1638
f 3261/691/1641 3263/694/1643 3234/679/1618
f 3263/694/1643 3264/696/1644 3234/679/1618
f 3263/694/1643 3261/691/1641 3265/695/1645
f 3261/691/1641 3262/693/1642 3265/695/1645
f 3264/696/1644 3235/680/1619 3234/679/1618
f 3262/693/1642 3266/697/1646 3265/695/1645
f 3266/697/1646 3262/693/1642 3258/690/1638
f 3264/696/1644 3267/699/1647 3235/680/1619
f 3268/698/1648 3266/697/1646 3258/690/1638
f 3267/699/1647 3268/698/1648 3235/680/1619
f 3268/698/1648 3258/690/1638 3235/680/1619
f 3269/90/1649 3270/89/1650 3271/714/1651
f 3271/714/1651 3272/715/1652 3269/90/1649
f 3272/715/1652 3271/714/1651 3273/716/1653
f 3273/716/1653 3274/717/1654 3272/715/1652
f 3274/717/1654 3273/716/1653 3275/82/1655
f 3275/82/1655 3276/83/1656 3274/717/1654
f 3277/720/1657 3278/719/577 3279/718/1658
f 3279/718/1658 3280/721/1638 3277/720/1657
f 3281/722/1659 3277/720/1657 3280/721/1638
f 3280/721/1638 3282/723/575 3281/722/1659
f 3283/104/1660 3284/101/1661 3285/724/1662
f 3285/724/1662 3286/725/1663 3283/104/1660
f 3286/725/1663 3285/724/1662 3287/726/1664
f 3287/726/1664 3288/727/1665 3286/725/1663
f 3289/742/1666 3290/741/963 3291/740/950
f 3291/740/950 3292/743/953 3289/742/1666
f 3293/744/954 3289/742/1666 3292/743/953
f 3292/743/953 3294/745/955 3293/744/954
f 3293/744/954 3294/745/955 3295/746/1667
f 3295/746/1667 3296/747/1668 3293/744/954
f 3297/787/959 3298/786/958 3299/785/965
f 3299/785/965 3300/788/953 3297/787/959
f 3301/789/1669 3297/787/959 3300/788/953
f 3300/788/953 3302/790/1002 3301/789/1669
f 3303/793/953 3304/792/965 3305/791/965
f 3305/791/965 3306/794/959 3303/793/953
f 3307/795/1002 3303/793/953 3306/794/959
f 3306/794/959 3308/796/962 3307/795/1002
f 3309/799/163 3310/798/163 3311/797/163
f 3311/797/163 3312/800/163 3309/799/163
f 3313/801/163 3309/799/163 3312/800/163
f 3312/800/163 3314/802/163 3313/801/163
f 3315/805/163 3316/804/163 3317/803/163
f 3317/803/163 3318/806/163 3315/805/163
f 3319/807/163 3315/805/163 3318/806/163
f 3318/806/163 3320/808/163 3319/807/163
f 3319/807/163 3320/808/163 3321/809/163
f 3321/809/163 3322/810/163 3319/807/163
f 3323/811/1004 3324/153/1670 3325/154/1005
f 3325/154/1005 3326/812/1005 3323/811/1004
f 3327/160/1005 3323/811/1004 3326/812/1005
f 3326/812/1005 3328/159/1004 3327/160/1005
f 3329/815/1003 3330/814/1003 3331/813/1003
f 3331/813/1003 3332/816/1003 3329/815/1003
f 3333/156/1003 3329/815/1003 3332/816/1003
f 3332/816/1003 3334/155/1003 3333/156/1003
f 3335/819/1003 3336/818/1007 3337/817/1003
f 3337/817/1003 3338/820/1003 3335/819/1003
f 3339/821/1003 3335/819/1003 3338/820/1003
f 3338/820/1003 3340/822/1003 3339/821/1003
f 3341/166/1003 3339/821/1003 3340/822/1003
f 3340/822/1003 3342/165/1003 3341/166/1003
f 3343/823/1004 3344/161/1004 3345/162/1004
f 3345/162/1004 3346/824/1670 3343/823/1004
f 3347/825/1004 3343/823/1004 3346/824/1670
f 3346/824/1670 3348/826/1004 3347/825/1004
f 3349/168/1005 3347/825/1004 3348/826/1004
f 3348/826/1004 3350/167/1670 3349/168/1005
f 3351/829/1671 3352/828/575 3353/827/598
f 3353/827/598 3354/830/1672 3351/829/1671
f 3355/831/1673 3351/829/1671 3354/830/1672
f 3354/830/1672 3356/832/1672 3355/831/1673
f 3357/833/575 3355/831/1673 3356/832/1672
f 3356/832/1672 3358/834/588 3357/833/575
f 3359/836/1674 3360/835/1674 3361/837/1675
f 3362/838/1676 3359/836/1674 3361/837/1675
f 3362/838/1676 3361/837/1675 3363/839/1677
f 3363/839/1677 3364/840/1677 3362/838/1676
f 3364/840/1677 3363/839/1677 3365/841/1678
f 3365/841/1678 3366/842/1679 3364/840/1677
f 3366/842/1679 3365/841/1678 3367/843/1680
f 3366/842/1679 3367/843/1680 3368/844/1681
f 3369/846/1682 3370/845/1683 3371/847/1684
f 3369/846/1682 3371/847/1684 3372/848/1685
f 3372/848/1685 3373/849/1686 3369/846/1682
f 3373/849/1686 3372/848/1685 3374/850/1687
f 3374/850/1687 3375/851/1688 3373/849/1686
f 3376/852/1689 3375/851/1688 3374/850/1687
f 3374/850/1687 3377/853/1690 3376/852/1689
f 3378/856/593 3379/855/58 3380/854/1691
f 3380/854/1691 3381/857/1692 3378/856/593
f 3382/858/1693 3381/857/1692 3380/854/1691
f 3383/861/59 3384/860/1694 3385/859/1695
f 3385/859/1695 3386/862/1696 3383/861/59
f 3387/863/1697 3386/862/1696 3385/859/1695
f 3388/869/1698 3389/868/1699 3390/870/1700
f 3391/871/1701 3389/868/1699 3388/869/1698
f 3388/869/1698 3392/872/1702 3391/871/1701
f 3393/885/1703 3394/884/1704 3395/883/1705
f 3395/883/1705 3396/886/1706 3393/885/1703
f 3397/887/1707 3393/885/1703 3396/886/1706
f 3396/886/1706 3398/888/1708 3397/887/1707
f 3399/221/60 3400/218/60 3401/903/60
f 3401/903/60 3402/904/60 3399/221/60
f 3402/904/60 3401/903/60 3403/223/1709
f 3403/223/1709 3404/224/1709 3402/904/60
f 3405/907/18 3406/906/18 3407/905/18
f 3407/905/18 3408/908/18 3405/907/18
f 3408/908/18 3407/905/18 3409/225/18
f 3409/225/18 3410/222/18 3408/908/18
f 3411/911/1710 3412/910/1711 3413/909/1712
f 3413/909/1712 3414/912/1713 3411/911/1710
f 3414/912/1713 3413/909/1712 3415/913/1714
f 3415/913/1714 3416/914/1715 3414/912/1713
f 3417/922/364 3418/926/364 3419/925/364
f 3417/922/364 3419/925/364 3420/924/364
f 3421/923/364 3417/922/364 3420/924/364
f 3422/929/1716 3423/928/530 3424/927/1717
f 3424/927/1717 3425/930/67 3422/929/1716
f 3426/931/1718 3422/929/1716 3425/930/67
f 3425/930/67 3427/932/1719 3426/931/1718
f 3428/933/1720 3426/931/1718 3427/932/1719
f 3427/932/1719 3429/934/1721 3428/933/1720
f 3430/935/1722 3428/933/1720 3429/934/1721
f 3429/934/1721 3431/936/90 3430/935/1722
f 3432/937/1723 3430/935/1722 3431/936/90
f 3431/936/90 3433/938/1724 3432/937/1723
f 3432/937/1723 3433/938/1724 3434/939/96
f 3434/939/96 3435/940/1725 3432/937/1723
f 3435/940/1725 3434/939/96 3436/941/1726
f 3436/941/1726 3437/942/1727 3435/940/1725
f 3437/942/1727 3436/941/1726 3438/943/1728
f 3438/943/1728 3439/944/1729 3437/942/1727
f 3439/944/1729 3438/943/1728 3440/945/93
f 3440/945/93 3441/946/1730 3439/944/1729
f 3442/947/1731 3441/946/1730 3440/945/93
f 3440/945/93 3443/948/88 3442/947/1731
f 3442/947/1731 3443/948/88 3444/949/1732
f 3444/949/1732 3445/950/1733 3442/947/1731
f 3446/951/1734 3445/950/1733 3444/949/1732
f 3444/949/1732 3447/952/78 3446/951/1734
f 3446/951/1734 3447/952/78 3448/953/1735
f 3448/953/1735 3449/954/1736 3446/951/1734
f 3450/956/1737 3451/955/1738 3452/957/1739
f 3451/955/1738 3450/956/1737 3453/958/1740
f 3453/958/1740 3454/959/1741 3451/955/1738
f 3455/960/1742 3454/959/1741 3453/958/1740
f 3453/958/1740 3456/961/1743 3455/960/1742
f 3457/964/1744 3458/963/1744 3459/962/1745
f 3459/962/1745 3460/965/1746 3457/964/1744
f 3460/965/1746 3459/962/1745 3461/278/1747
f 3461/278/1747 3462/279/1747 3460/965/1746
f 3463/968/368 3464/967/368 3465/966/368
f 3463/968/368 3465/966/368 3466/969/368
f 3463/968/368 3466/969/368 3467/970/368
f 3468/972/364 3469/972/364 3470/971/364
f 3471/973/364 3468/972/364 3470/971/364
f 3471/973/364 3470/971/364 3472/974/364
f 3473/977/1748 3474/976/299 3475/975/1661
f 3475/975/1661 3476/978/292 3473/977/1748
f 3476/978/292 3475/975/1661 3477/979/293
f 3477/979/293 3478/980/292 3476/978/292
f 3478/980/292 3477/979/293 3479/981/1749
f 3479/981/1749 3480/982/291 3478/980/292
f 3480/982/291 3479/981/1749 3481/983/1256
f 3481/983/1256 3482/984/1257 3480/982/291
f 3482/984/1257 3481/983/1256 3483/985/1258
f 3483/985/1258 3484/986/1259 3482/984/1257
f 3485/987/1140 3484/986/1259 3483/985/1258
f 3483/985/1258 3486/988/1260 3485/987/1140
f 3487/990/1142 3488/989/1750 3489/991/1140
f 3489/991/1140 3488/989/1750 3490/992/1138
f 3490/992/1138 3491/993/1139 3489/991/1140
f 3492/994/1751 3491/993/1139 3490/992/1138
f 3490/992/1138 3493/995/1752 3492/994/1751
f 3493/995/1752 3494/996/1135 3492/994/1751
f 3495/999/1144 3496/998/1144 3497/997/1753
f 3497/997/1753 3498/1000/1262 3495/999/1144
f 3498/1000/1262 3497/997/1753 3499/1001/1263
f 3499/1001/1263 3500/1002/1264 3498/1000/1262
f 3500/1002/1264 3499/1001/1263 3501/1003/1266
f 3500/1002/1264 3501/1003/1266 3502/1004/1268
f 3503/1005/1266 3500/1002/1264 3502/1004/1268
f 3504/1006/1267 3503/1005/1266 3502/1004/1268
f 3505/1007/1268 3504/1006/1267 3502/1004/1268
f 3505/1007/1268 3506/1008/1269 3504/1006/1267
f 3507/1009/1270 3504/1006/1267 3506/1008/1269
f 3506/1008/1269 3508/1010/1271 3507/1009/1270
f 3509/1011/210 3507/1009/1270 3508/1010/1271
f 3508/1010/1271 3510/1012/210 3509/1011/210
f 3511/1013/1272 3512/308/1154 3513/309/1154
f 3513/309/1154 3514/1014/1273 3511/1013/1272
f 3515/1015/1274 3511/1013/1272 3514/1014/1273
f 3514/1014/1273 3516/1016/1754 3515/1015/1274
f 3515/1015/1274 3516/1016/1754 3517/1016/1276
f 3517/1016/1276 3518/1015/1276 3515/1015/1274
f 3519/1015/1277 3518/1015/1276 3517/1016/1276
f 3517/1016/1276 3520/1016/1755 3519/1015/1277
f 3519/1015/1277 3520/1016/1755 3521/1017/1279
f 3521/1017/1279 3522/1018/1280 3519/1015/1277
f 3522/1018/1280 3521/1017/1279 3523/315/1165
f 3523/315/1165 3524/316/1166 3522/1018/1280
f 3525/1021/1281 3526/1020/1282 3527/1019/1283
f 3527/1019/1283 3528/1022/1284 3525/1021/1281
f 3528/1022/1284 3527/1019/1283 3529/1023/410
f 3529/1023/410 3530/1024/1756 3528/1022/1284
f 3530/1024/1756 3529/1023/410 3531/1025/60
f 3531/1025/60 3532/1026/60 3530/1024/1756
f 3533/1024/1757 3532/1026/60 3531/1025/60
f 3531/1025/60 3534/1023/1758 3533/1024/1757
f 3535/1022/1288 3533/1024/1757 3534/1023/1758
f 3534/1023/1758 3536/1019/530 3535/1022/1288
f 3537/1021/1289 3535/1022/1288 3536/1019/530
f 3536/1019/530 3538/1020/307 3537/1021/1289
f 3539/1029/1189 3540/1028/1759 3541/1027/1760
f 3541/1027/1760 3542/1030/1761 3539/1029/1189
f 3542/1030/1761 3541/1027/1760 3543/1031/1186
f 3543/1031/1186 3544/1032/1185 3542/1030/1761
f 3544/1032/1185 3543/1031/1186 3545/1033/1184
f 3545/1033/1184 3546/1034/1184 3544/1032/1185
f 3547/1035/1182 3546/1034/1184 3545/1033/1184
f 3545/1033/1184 3548/1036/1183 3547/1035/1182
f 3547/1035/1182 3548/1036/1183 3549/1037/1180
f 3549/1037/1180 3550/1038/1181 3547/1035/1182
f 3551/1039/1762 3550/1038/1181 3549/1037/1180
f 3549/1037/1180 3552/1040/1178 3551/1039/1762
f 3553/1041/1763 3551/1039/1762 3552/1040/1178
f 3552/1040/1178 3554/1042/1764 3553/1041/1763
f 3555/1043/1765 3553/1041/1763 3554/1042/1764
f 3554/1042/1764 3556/1044/1766 3555/1043/1765
f 3557/1047/410 3558/1046/1291 3559/1045/1291
f 3559/1045/1291 3560/1048/410 3557/1047/410
f 3561/1049/60 3557/1047/410 3560/1048/410
f 3560/1048/410 3562/1050/60 3561/1049/60
f 3561/1049/60 3562/1050/60 3563/1048/1287
f 3563/1048/1287 3564/1047/1287 3561/1049/60
f 3564/1047/1287 3563/1048/1287 3565/1045/1293
f 3565/1045/1293 3566/1046/1293 3564/1047/1287
f 3567/1053/1295 3568/1052/1295 3569/1051/1296
f 3569/1051/1296 3570/1054/1296 3567/1053/1295
f 3570/1054/1296 3569/1051/1296 3571/1055/1297
f 3571/1055/1297 3572/1056/1297 3570/1054/1296
f 3573/1057/1767 3572/1056/1297 3571/1055/1297
f 3571/1055/1297 3574/1058/1767 3573/1057/1767
f 3575/1059/1296 3573/1057/1767 3574/1058/1767
f 3574/1058/1767 3576/1060/1296 3575/1059/1296
f 3577/975/1298 3578/976/309 3579/977/310
f 3579/977/310 3580/978/304 3577/975/1298
f 3581/979/1768 3577/975/1298 3580/978/304
f 3580/978/304 3582/980/304 3581/979/1768
f 3583/981/303 3581/979/1768 3582/980/304
f 3582/980/304 3584/982/301 3583/981/303
f 3585/983/1769 3583/981/303 3584/982/301
f 3584/982/301 3586/984/1301 3585/983/1769
f 3587/985/1302 3585/983/1769 3586/984/1301
f 3586/984/1301 3588/986/1303 3587/985/1302
f 3587/985/1302 3588/986/1303 3589/987/1214
f 3589/987/1214 3590/988/1304 3587/985/1302
f 3591/989/1215 3592/990/1216 3593/991/1214
f 3594/992/1212 3591/989/1215 3593/991/1214
f 3593/991/1214 3595/993/1213 3594/992/1212
f 3594/992/1212 3595/993/1213 3596/994/1770
f 3596/994/1770 3597/995/1771 3594/992/1212
f 3598/996/1209 3597/995/1771 3596/994/1770
f 3599/1063/1231 3600/1062/1772 3601/1061/1773
f 3601/1061/1773 3602/1064/1774 3599/1063/1231
f 3603/1065/1229 3599/1063/1231 3602/1064/1774
f 3602/1064/1774 3604/1066/1228 3603/1065/1229
f 3605/1067/1227 3603/1065/1229 3604/1066/1228
f 3604/1066/1228 3606/1068/1227 3605/1067/1227
f 3605/1067/1227 3606/1068/1227 3607/1069/1225
f 3607/1069/1225 3608/1070/1226 3605/1067/1227
f 3609/1071/1775 3608/1070/1226 3607/1069/1225
f 3607/1069/1225 3610/1072/1776 3609/1071/1775
f 3609/1071/1775 3610/1072/1776 3611/1073/1222
f 3611/1073/1222 3612/1074/1221 3609/1071/1775
f 3612/1074/1221 3611/1073/1222 3613/1075/1777
f 3613/1075/1777 3614/1076/1219 3612/1074/1221
f 3614/1076/1219 3613/1075/1777 3615/1077/1217
f 3615/1077/1217 3616/1078/1778 3614/1076/1219
f 3617/1079/1350 3618/1052/1350 3619/1053/1350
f 3619/1053/1350 3620/1080/1350 3617/1079/1350
f 3621/1081/1351 3617/1079/1350 3620/1080/1350
f 3620/1080/1350 3622/1082/1779 3621/1081/1351
f 3621/1081/1351 3622/1082/1779 3623/1083/1779
f 3623/1083/1779 3624/1084/1779 3621/1081/1351
f 3624/1084/1779 3623/1083/1779 3625/1085/1350
f 3625/1085/1350 3626/1086/1350 3624/1084/1779
f 3627/1089/1352 3628/1088/1352 3629/1087/1352
f 3629/1087/1352 3630/1090/1352 3627/1089/1352
f 3631/1091/1354 3627/1089/1352 3630/1090/1352
f 3630/1090/1352 3632/1092/1354 3631/1091/1354
f 3633/1093/1355 3631/1091/1354 3632/1092/1354
f 3632/1092/1354 3634/1094/1354 3633/1093/1355
f 3635/321/1356 3633/1093/1355 3634/1094/1354
f 3634/1094/1354 3636/320/1356 3635/321/1356
f 3637/1097/1357 3638/1096/1357 3639/1095/1357
f 3639/1095/1357 3640/1098/1357 3637/1097/1357
f 3641/1099/1357 3637/1097/1357 3640/1098/1357
f 3640/1098/1357 3642/1100/1357 3641/1099/1357
f 3643/1101/1357 3641/1099/1357 3642/1100/1357
f 3642/1100/1357 3644/1102/1357 3643/1101/1357
f 3645/1103/1357 3643/1101/1357 3644/1102/1357
f 3644/1102/1357 3646/1104/1357 3645/1103/1357
f 3647/1105/1358 3645/1103/1357 3646/1104/1357
f 3646/1104/1357 3648/1106/1359 3647/1105/1358
f 3649/1109/1360 3650/1108/60 3651/1107/60
f 3651/1107/60 3652/1110/1362 3649/1109/1360
f 3652/1110/1362 3651/1107/60 3653/1111/1780
f 3653/1111/1780 3654/1111/1363 3652/1110/1362
f 3654/1111/1363 3653/1111/1780 3655/1112/1362
f 3655/1112/1362 3656/1113/1362 3654/1111/1363
f 3656/1113/1362 3655/1112/1362 3657/1114/1361
f 3657/1114/1361 3658/1114/1361 3656/1113/1362
f 3658/1114/1361 3657/1114/1361 3659/1115/1361
f 3659/1115/1361 3660/1116/1781 3658/1114/1361
f 3661/1117/1367 3662/326/1367 3663/327/1367
f 3663/327/1367 3664/1118/1367 3661/1117/1367
f 3665/331/1367 3661/1117/1367 3664/1118/1367
f 3664/1118/1367 3666/330/1367 3665/331/1367
f 3667/1119/1368 3668/334/1368 3669/335/1368
f 3669/335/1368 3670/1120/1368 3667/1119/1368
f 3671/339/1369 3667/1119/1368 3670/1120/1368
f 3670/1120/1368 3672/338/1369 3671/339/1369
f 3673/975/926 3674/976/1127 3675/977/261
f 3675/977/261 3676/978/261 3673/975/926
f 3677/979/1128 3673/975/926 3676/978/261
f 3676/978/261 3678/980/258 3677/979/1128
f 3679/981/1129 3677/979/1128 3678/980/258
f 3678/980/258 3680/982/258 3679/981/1129
f 3681/983/1130 3679/981/1129 3680/982/258
f 3680/982/258 3682/984/1131 3681/983/1130
f 3683/985/1132 3681/983/1130 3682/984/1131
f 3682/984/1131 3684/986/1133 3683/985/1132
f 3683/985/1132 3684/986/1133 3685/987/1134
f 3685/987/1134 3686/988/1135 3683/985/1132
f 3687/997/1782 3688/998/1144 3689/999/1144
f 3689/999/1144 3690/1000/1145 3687/997/1782
f 3691/1001/1783 3687/997/1782 3690/1000/1145
f 3690/1000/1145 3692/1002/1784 3691/1001/1783
f 3693/1003/1148 3691/1001/1783 3692/1002/1784
f 3693/1003/1148 3692/1002/1784 3694/1004/1149
f 3692/1002/1784 3695/1005/1148 3694/1004/1149
f 3695/1005/1148 3696/1006/1785 3694/1004/1149
f 3696/1006/1785 3697/1007/1148 3694/1004/1149
f 3696/1006/1785 3698/1008/1786 3697/1007/1148
f 3698/1008/1786 3696/1006/1785 3699/1009/1152
f 3699/1009/1152 3700/1010/1153 3698/1008/1786
f 3700/1010/1153 3699/1009/1152 3701/1011/210
f 3701/1011/210 3702/1012/210 3700/1010/1153
f 3703/341/1154 3704/342/1154 3705/1121/1787
f 3705/1121/1787 3706/1122/1788 3703/341/1154
f 3706/1122/1788 3705/1121/1787 3707/1123/1789
f 3707/1123/1789 3708/1124/1158 3706/1122/1788
f 3709/1125/1160 3708/1124/1158 3707/1123/1789
f 3707/1123/1789 3710/1126/1160 3709/1125/1160
f 3709/1125/1160 3710/1126/1160 3711/1126/1790
f 3711/1126/1790 3712/1125/1162 3709/1125/1160
f 3713/1127/1791 3712/1125/1162 3711/1126/1790
f 3711/1126/1790 3714/1128/1792 3713/1127/1791
f 3715/347/1165 3713/1127/1791 3714/1128/1792
f 3714/1128/1792 3716/346/1166 3715/347/1165
f 3717/1019/1167 3718/1020/264 3719/1021/1168
f 3719/1021/1168 3720/1022/1169 3717/1019/1167
f 3721/1023/744 3717/1019/1167 3720/1022/1169
f 3720/1022/1169 3722/1024/1793 3721/1023/744
f 3723/1025/18 3721/1023/744 3722/1024/1793
f 3722/1024/1793 3724/1026/18 3723/1025/18
f 3723/1025/18 3724/1026/18 3725/1024/1171
f 3725/1024/1171 3726/1023/1172 3723/1025/18
f 3726/1023/1172 3725/1024/1171 3727/1022/439
f 3727/1022/439 3728/1019/438 3726/1023/1172
f 3728/1019/438 3727/1022/439 3729/1021/274
f 3729/1021/274 3730/1020/1173 3728/1019/438
f 3731/1045/1191 3732/1046/1192 3733/1047/744
f 3733/1047/744 3734/1048/1193 3731/1045/1191
f 3734/1048/1193 3733/1047/744 3735/1049/18
f 3735/1049/18 3736/1050/18 3734/1048/1193
f 3737/1048/1172 3736/1050/18 3735/1049/18
f 3735/1049/18 3738/1047/1194 3737/1048/1172
f 3739/1045/1195 3737/1048/1172 3738/1047/1194
f 3738/1047/1194 3740/1046/1794 3739/1045/1195
f 3741/1079/1198 3742/1052/1198 3743/1053/1198
f 3743/1053/1198 3744/1080/1198 3741/1079/1198
f 3745/1129/1199 3741/1079/1198 3744/1080/1198
f 3744/1080/1198 3746/1130/1199 3745/1129/1199
f 3745/1129/1199 3746/1130/1199 3747/1131/1199
f 3747/1131/1199 3748/1132/1199 3745/1129/1199
f 3748/1132/1199 3747/1131/1199 3749/1133/1198
f 3749/1133/1198 3750/1134/1198 3748/1132/1199
f 3751/977/1795 3752/976/1796 3753/975/275
f 3753/975/275 3754/978/268 3751/977/1795
f 3754/978/268 3753/975/275 3755/979/1202
f 3755/979/1202 3756/980/267 3754/978/268
f 3756/980/267 3755/979/1202 3757/981/269
f 3757/981/269 3758/982/267 3756/980/267
f 3758/982/267 3757/981/269 3759/983/1204
f 3759/983/1204 3760/984/1205 3758/982/267
f 3760/984/1205 3759/983/1204 3761/985/1797
f 3761/985/1797 3762/986/1207 3760/984/1205
f 3763/987/1208 3762/986/1207 3761/985/1797
f 3761/985/1797 3764/988/1209 3763/987/1208
f 3765/1137/1798 3766/1136/1314 3767/1135/1313
f 3767/1135/1313 3768/1138/1799 3765/1137/1798
f 3769/1139/1309 3765/1137/1798 3768/1138/1799
f 3768/1138/1799 3770/1140/1309 3769/1139/1309
f 3769/1139/1309 3770/1140/1309 3771/1141/1800
f 3771/1141/1800 3772/1142/1801 3769/1139/1309
f 3772/1142/1801 3771/1141/1800 3773/1143/1305
f 3773/1143/1305 3774/1144/1306 3772/1142/1801
f 3774/1144/1306 3773/1143/1305 3775/1145/1325
f 3775/1145/1325 3776/1146/1802 3774/1144/1306
f 3777/1146/1324 3776/1146/1802 3775/1145/1325
f 3775/1145/1325 3778/1145/1323 3777/1146/1324
f 3779/1147/1803 3777/1146/1324 3778/1145/1323
f 3778/1145/1323 3780/1148/1804 3779/1147/1803
f 3781/1149/1320 3779/1147/1803 3780/1148/1804
f 3780/1148/1804 3782/1150/1320 3781/1149/1320
f 3781/1149/1320 3782/1150/1320 3783/1151/1319
f 3783/1151/1319 3784/1152/1805 3781/1149/1320
f 3784/1152/1805 3783/1151/1319 3785/1153/1317
f 3785/1153/1317 3786/1154/1806 3784/1152/1805
f 3786/1154/1806 3785/1153/1317 3787/1153/1807
f 3787/1153/1807 3788/1154/1315 3786/1154/1806
f 3789/1154/1314 3788/1154/1315 3787/1153/1807
f 3787/1153/1807 3790/1153/1313 3789/1154/1314
f 3791/1157/1808 3792/1156/1335 3793/1155/1809
f 3793/1155/1809 3794/1158/1810 3791/1157/1808
f 3795/1159/1331 3791/1157/1808 3794/1158/1810
f 3794/1158/1810 3796/1160/1331 3795/1159/1331
f 3795/1159/1331 3796/1160/1331 3797/1161/1330
f 3797/1161/1330 3798/1162/1329 3795/1159/1331
f 3798/1162/1329 3797/1161/1330 3799/1163/1349
f 3799/1163/1349 3800/1164/1811 3798/1162/1329
f 3800/1164/1811 3799/1163/1349 3801/1163/1346
f 3801/1163/1346 3802/1164/1346 3800/1164/1811
f 3803/1164/1812 3802/1164/1346 3801/1163/1346
f 3801/1163/1346 3804/1163/1344 3803/1164/1812
f 3805/1165/1813 3803/1164/1812 3804/1163/1344
f 3804/1163/1344 3806/1166/1342 3805/1165/1813
f 3807/1167/1341 3805/1165/1813 3806/1166/1342
f 3806/1166/1342 3808/1168/1341 3807/1167/1341
f 3807/1167/1341 3808/1168/1341 3809/1169/1340
f 3809/1169/1340 3810/1170/1814 3807/1167/1341
f 3810/1170/1814 3809/1169/1340 3811/1171/1338
f 3811/1171/1338 3812/1172/1337 3810/1170/1814
f 3812/1172/1337 3811/1171/1338 3813/1173/1815
f 3813/1173/1815 3814/1174/1816 3812/1172/1337
f 3815/1174/1335 3814/1174/1816 3813/1173/1815
f 3813/1173/1815 3816/1173/1817 3815/1174/1335
f 3817/1053/1234 3818/1052/1234 3819/1051/1234
f 3819/1051/1234 3820/1054/1234 3817/1053/1234
f 3820/1054/1234 3819/1051/1234 3821/1055/1235
f 3821/1055/1235 3822/1056/1235 3820/1054/1234
f 3823/1057/1235 3822/1056/1235 3821/1055/1235
f 3821/1055/1235 3824/1058/1235 3823/1057/1235
f 3825/1059/1818 3823/1057/1235 3824/1058/1235
f 3824/1058/1235 3826/1060/1234 3825/1059/1818
f 3827/1177/1236 3828/1176/1236 3829/1175/1236
f 3829/1175/1236 3830/1178/1236 3827/1177/1236
f 3830/1178/1236 3829/1175/1236 3831/1179/1237
f 3831/1179/1237 3832/1180/1237 3830/1178/1236
f 3832/1180/1237 3831/1179/1237 3833/1181/1237
f 3833/1181/1237 3834/1182/1237 3832/1180/1237
f 3834/1182/1237 3833/1181/1237 3835/348/1238
f 3835/348/1238 3836/349/1819 3834/1182/1237
f 3837/1185/1239 3838/1184/1239 3839/1183/1239
f 3839/1183/1239 3840/1186/1239 3837/1185/1239
f 3840/1186/1239 3839/1183/1239 3841/1187/1239
f 3841/1187/1239 3842/1188/1239 3840/1186/1239
f 3842/1188/1239 3841/1187/1239 3843/1189/1239
f 3843/1189/1239 3844/1190/1239 3842/1188/1239
f 3844/1190/1239 3843/1189/1239 3845/1191/1239
f 3845/1191/1239 3846/1192/1239 3844/1190/1239
f 3846/1192/1239 3845/1191/1239 3847/1193/1240
f 3847/1193/1240 3848/1194/1240 3846/1192/1239
f 3849/1107/1244 3850/1108/18 3851/1109/1244
f 3851/1109/1244 3852/1107/1244 3849/1107/1244
f 3853/1111/1241 3849/1107/1244 3852/1107/1244
f 3852/1107/1244 3854/1111/1243 3853/1111/1241
f 3855/1112/1243 3853/1111/1241 3854/1111/1243
f 3854/1111/1243 3856/1112/18 3855/1112/1243
f 3857/1114/18 3855/1112/1243 3856/1112/18
f 3856/1112/18 3858/1114/18 3857/1114/18
f 3859/1195/1820 3857/1114/18 3858/1114/18
f 3858/1114/18 3860/1116/1821 3859/1195/1820
f 3861/355/1247 3862/354/1247 3863/1196/1247
f 3863/1196/1247 3864/1197/1247 3861/355/1247
f 3864/1197/1247 3863/1196/1247 3865/357/1247
f 3865/357/1247 3866/358/1247 3864/1197/1247
f 3867/365/1252 3868/364/1252 3869/1198/1251
f 3869/1198/1251 3870/1199/1251 3867/365/1252
f 3870/1199/1251 3869/1198/1251 3871/366/1252
f 3871/366/1252 3872/367/1822 3870/1199/1251
f 3873/1202/1823 3874/1201/1824 3875/1200/1825
f 3875/1200/1825 3876/1203/1826 3873/1202/1823
f 3876/1203/1826 3875/1200/1825 3877/1204/1827
f 3877/1204/1827 3878/1205/1828 3876/1203/1826
f 3879/1206/1829 3878/1205/1828 3877/1204/1827
f 3879/1206/1829 3877/1204/1827 3880/1207/1830
f 3881/1208/1831 3879/1206/1829 3880/1207/1830
f 3881/1208/1831 3880/1207/1830 3882/1209/1832
f 3882/1209/1832 3883/1210/1833 3881/1208/1831
f 3883/1210/1833 3882/1209/1832 3884/1211/1834
f 3884/1211/1834 3885/1212/1835 3883/1210/1833
f 3885/1212/1835 3884/1211/1834 3886/1213/1836
f 3886/1213/1836 3887/1214/1837 3885/1212/1835
f 3888/1215/1838 3887/1214/1837 3886/1213/1836
f 3886/1213/1836 3889/1216/1838 3888/1215/1838
f 3890/1217/1839 3888/1215/1838 3889/1216/1838
f 3889/1216/1838 3891/1218/1839 3890/1217/1839
f 3892/1219/1840 3890/1217/1839 3891/1218/1839
f 3891/1218/1839 3893/1220/1841 3892/1219/1840
f 3894/1221/1842 3892/1219/1840 3893/1220/1841
f 3893/1220/1841 3895/1222/1843 3894/1221/1842
f 3896/1223/1844 3894/1221/1842 3895/1222/1843
f 3895/1222/1843 3897/1224/1845 3896/1223/1844
f 3896/1223/1844 3897/1224/1845 3898/1225/1846
f 3898/1225/1846 3899/1226/1847 3896/1223/1844
f 3899/1226/1847 3898/1225/1846 3900/1227/1848
f 3900/1227/1848 3901/1228/1849 3899/1226/1847
f 3901/1228/1849 3900/1227/1848 3902/1229/1850
f 3902/1229/1850 3903/1230/1851 3901/1228/1849
f 3904/1233/163 3905/1232/163 3906/1231/1400
f 3904/1233/163 3906/1231/1400 3907/1234/1401
f 3908/1235/163 3904/1233/163 3907/1234/1401
f 3909/1236/163 3908/1235/163 3907/1234/1401
f 3910/1237/1402 3909/1236/163 3907/1234/1401
f 3911/1238/1403 3910/1237/1402 3907/1234/1401
f 3912/1241/1406 3913/1240/1852 3914/1239/1404
f 3914/1239/1404 3915/1242/1407 3912/1241/1406
f 3916/1243/1853 3912/1241/1406 3915/1242/1407
f 3915/1242/1407 3917/1244/1854 3916/1243/1853
f 3918/1245/1855 3916/1243/1853 3917/1244/1854
f 3917/1244/1854 3919/1246/1856 3918/1245/1855
f 3920/1249/1857 3921/1248/1858 3922/1247/1859
f 3922/1247/1859 3923/1250/1860 3920/1249/1857
f 3923/1250/1860 3922/1247/1859 3924/1251/1861
f 3924/1251/1861 3925/1252/1862 3923/1250/1860
f 3925/1252/1862 3924/1251/1861 3926/1253/1863
f 3926/1253/1863 3927/1254/1864 3925/1252/1862
f 3927/1254/1864 3926/1253/1863 3928/1255/1865
f 3928/1255/1865 3929/1256/1866 3927/1254/1864
f 3929/1256/1866 3928/1255/1865 3930/1257/1867
f 3930/1257/1867 3931/1258/1868 3929/1256/1866
f 3932/1259/1869 3931/1258/1868 3930/1257/1867
f 3930/1257/1867 3933/1260/1870 3932/1259/1869
f 3934/1263/1871 3935/1262/297 3936/1261/297
f 3936/1261/297 3937/1264/1872 3934/1263/1871
f 3937/1264/1872 3936/1261/297 3938/1265/297
f 3938/1265/297 3939/1266/297 3937/1264/1872
f 3940/1269/1873 3941/1268/1874 3942/1267/1875
f 3942/1267/1875 3943/1270/1876 3940/1269/1873
f 3944/1271/1877 3940/1269/1873 3943/1270/1876
f 3943/1270/1876 3945/1272/1878 3944/1271/1877
f 3944/1271/1877 3945/1272/1878 3946/1273/1879
f 3946/1273/1879 3947/1274/1880 3944/1271/1877
f 3948/1277/1881 3949/1276/1882 3950/1275/1883
f 3950/1275/1883 3951/1278/1884 3948/1277/1881
f 3952/1279/1885 3948/1277/1881 3951/1278/1884
f 3951/1278/1884 3953/1280/1885 3952/1279/1885
f 3954/1281/1886 3952/1279/1885 3953/1280/1885
f 3953/1280/1885 3955/1282/1887 3954/1281/1886
f 3956/1283/1888 3954/1281/1886 3955/1282/1887
f 3955/1282/1887 3957/1284/1889 3956/1283/1888
f 3958/1287/1890 3959/1286/1891 3960/1285/1892
f 3960/1285/1892 3961/1288/1893 3958/1287/1890
f 3962/1289/1894 3958/1287/1890 3961/1288/1893
f 3961/1288/1893 3963/1290/1895 3962/1289/1894
f 3964/1291/1896 3962/1289/1894 3963/1290/1895
f 3963/1290/1895 3965/1292/1897 3964/1291/1896
f 3966/1293/1898 3964/1291/1896 3965/1292/1897
f 3967/1294/1899 3966/1293/1898 3965/1292/1897
f 3968/1295/678 3967/1294/1899 3965/1292/1897
f 3969/1288/1900 3970/1285/1901 3971/1286/1902
f 3971/1286/1902 3972/1287/1903 3969/1288/1900
f 3973/1296/1904 3969/1288/1900 3972/1287/1903
f 3972/1287/1903 3974/1289/1904 3973/1296/1904
f 3975/1297/1905 3973/1296/1904 3974/1289/1904
f 3974/1289/1904 3976/1298/1906 3975/1297/1905
f 3977/1299/679 3975/1297/1905 3976/1298/1906
f 3976/1298/1906 3978/1294/680 3977/1299/679
f 3979/1302/1907 3980/1301/1908 3981/1300/1909
f 3981/1300/1909 3982/1303/1910 3979/1302/1907
f 3983/1304/1911 3979/1302/1907 3982/1303/1910
f 3982/1303/1910 3984/1305/1912 3983/1304/1911
f 3985/1306/1913 3983/1304/1911 3984/1305/1912
f 3984/1305/1912 3986/1307/1914 3985/1306/1913
f 3987/1310/1915 3988/1309/1916 3989/1308/1917
f 3989/1308/1917 3990/1311/1918 3987/1310/1915
f 3991/1312/1919 3987/1310/1915 3990/1311/1918
f 3990/1311/1918 3992/1313/1920 3991/1312/1919
f 3993/1314/1921 3991/1312/1919 3992/1313/1920
f 3992/1313/1920 3994/1315/1922 3993/1314/1921
f 3995/1318/18 3996/1317/18 3997/1316/18
f 3997/1316/18 3998/1318/1923 3995/1318/18
f 3998/1318/1923 3997/1316/18 3999/1319/18
f 3999/1319/18 4000/1320/1924 3998/1318/1923
f 4001/1320/18 4000/1320/1924 3999/1319/18
f 3999/1319/18 4002/1321/1821 4001/1320/18
f 4003/1325/1925 4004/1326/1926 4005/1324/1925
f 4006/1322/1927 4003/1325/1925 4005/1324/1925
f 4007/1323/1928 4006/1322/1927 4005/1324/1925
f 4008/1330/368 4009/1331/368 4010/1329/368
f 4011/1327/368 4008/1330/368 4010/1329/368
f 4012/1328/368 4011/1327/368 4010/1329/368
f 4013/1334/368 4014/1333/368 4015/1332/368
f 4013/1334/368 4015/1332/368 4016/1335/368
f 4017/1336/368 4013/1334/368 4016/1335/368
f 4016/1335/368 4018/1337/368 4017/1336/368
f 4018/1337/368 4019/1338/368 4017/1336/368
f 4020/1339/368 4018/1337/368 4016/1335/368
f 4018/1337/368 4021/1340/368 4019/1338/368
f 4016/1335/368 4022/1341/368 4020/1339/368
f 4021/1340/368 4023/1342/368 4019/1338/368
f 4020/1339/368 4022/1341/368 4024/1343/368
f 4022/1341/368 4025/1344/368 4024/1343/368
f 4020/1339/368 4024/1343/368 4026/1345/368
f 4022/1341/368 4027/1346/368 4025/1344/368
f 4028/1347/368 4020/1339/368 4026/1345/368
f 4023/1342/368 4028/1347/368 4026/1345/368
f 4023/1342/368 4026/1345/368 4019/1338/368
f 4027/1346/368 4029/1348/368 4025/1344/368
f 4026/1345/368 4030/1353/368 4019/1338/368
f 4030/1353/368 4031/1355/368 4019/1338/368
f 4026/1345/368 4032/1354/368 4030/1353/368
f 4027/1346/368 4033/1349/368 4029/1348/368
f 4027/1346/368 4034/1350/368 4033/1349/368
f 4033/1349/368 4034/1350/368 4035/1351/368
f 4035/1351/368 4036/1352/368 4033/1349/368
f 4037/1358/368 4038/1357/368 4039/1356/368
f 4039/1356/368 4040/1359/368 4037/1358/368
f 4039/1356/368 4041/1360/368 4040/1359/368
f 4041/1360/368 4042/1361/368 4040/1359/368
f 4041/1360/368 4043/1362/368 4042/1361/368
f 4043/1362/368 4044/1364/368 4045/1363/368
f 4045/1363/368 4042/1361/368 4043/1362/368
f 4042/1361/368 4045/1363/368 4046/1365/368
f 4046/1365/368 4047/1366/368 4042/1361/368
f 4048/1369/364 4049/1368/364 4050/1367/364
f 4050/1367/364 4051/1370/364 4048/1369/364
f 4050/1367/364 4052/1371/364 4051/1370/364
f 4052/1371/364 4053/1372/364 4051/1370/364
f 4053/1372/364 4054/1373/364 4051/1370/364
f 4055/1374/1929 4056/466/1930 4057/467/1931
f 4057/467/1931 4058/1375/1929 4055/1374/1929
f 4059/1376/1932 4055/1374/1929 4058/1375/1929
f 4058/1375/1929 4060/1377/1932 4059/1376/1932
f 4061/469/1933 4059/1376/1932 4060/1377/1932
f 4060/1377/1932 4062/468/1933 4061/469/1933
f 4063/1249/364 4064/1378/364 4065/1248/364
f 4066/1246/364 4065/1248/364 4064/1378/364
f 4064/1378/364 4067/1379/364 4066/1246/364
f 4066/1246/364 4067/1379/364 4068/1245/364
f 4069/1382/1934 4070/1381/1935 4071/1380/1935
f 4071/1380/1935 4072/1383/1936 4069/1382/1934
f 4073/1384/1937 4069/1382/1934 4072/1383/1936
f 4072/1383/1936 4074/1385/1937 4073/1384/1937
f 4075/1386/1938 4073/1384/1937 4074/1385/1937
f 4074/1385/1937 4076/1387/1938 4075/1386/1938
f 4077/1388/1939 4075/1386/1938 4076/1387/1938
f 4076/1387/1938 4078/1389/1939 4077/1388/1939
f 4079/1392/1940 4080/1391/1941 4081/1390/1942
f 4081/1390/1942 4082/1393/1943 4079/1392/1940
f 4083/1394/578 4079/1392/1940 4082/1393/1943
f 4082/1393/1943 4084/1395/1873 4083/1394/578
f 4085/1396/1875 4083/1394/578 4084/1395/1873
f 4084/1395/1873 4086/1397/1875 4085/1396/1875
f 4087/1400/368 4088/1399/368 4089/1398/368
f 4089/1398/368 4090/1401/368 4087/1400/368
f 4091/1402/368 4087/1400/368 4090/1401/368
f 4090/1401/368 4092/1403/368 4091/1402/368
f 4093/1404/368 4091/1402/368 4092/1403/368
f 4092/1403/368 4094/1405/368 4093/1404/368
f 4095/1406/368 4093/1404/368 4094/1405/368
f 4094/1405/368 4096/1407/368 4095/1406/368
f 4097/1410/364 4098/1409/364 4099/1408/364
f 4099/1408/364 4100/1411/364 4097/1410/364
f 4101/1412/364 4097/1410/364 4100/1411/364
f 4100/1411/364 4102/1413/364 4101/1412/364
f 4103/1400/364 4101/1412/364 4102/1413/364
f 4102/1413/364 4104/1414/364 4103/1400/364
f 4105/1415/364 4103/1400/364 4104/1414/364
f 4104/1414/364 4106/1416/364 4105/1415/364
f 4107/1419/368 4108/1418/368 4109/1417/368
f 4109/1417/368 4110/1420/368 4107/1419/368
f 4111/1421/368 4107/1419/368 4110/1420/368
f 4110/1420/368 4112/1422/368 4111/1421/368
f 4113/1423/368 4111/1421/368 4112/1422/368
f 4112/1422/368 4114/1424/368 4113/1423/368
f 4115/1427/364 4116/1426/364 4117/1425/364
f 4117/1425/364 4118/1428/364 4115/1427/364
f 4119/1419/364 4115/1427/364 4118/1428/364
f 4118/1428/364 4120/1420/364 4119/1419/364
f 4121/1429/364 4119/1419/364 4120/1420/364
f 4120/1420/364 4122/1430/364 4121/1429/364
f 4123/1433/1944 4124/1432/1944 4125/1431/1945
f 4125/1431/1945 4126/1434/1946 4123/1433/1944
f 4126/1434/1946 4125/1431/1945 4127/1435/1947
f 4127/1435/1947 4128/1436/1948 4126/1434/1946
f 4128/1436/1948 4127/1435/1947 4129/1437/1949
f 4129/1437/1949 4130/1438/1950 4128/1436/1948
f 4131/1439/1951 4130/1438/1950 4129/1437/1949
f 4129/1437/1949 4132/1440/1951 4131/1439/1951
f 4133/1441/1952 4131/1439/1951 4132/1440/1951
f 4132/1440/1951 4134/1442/1953 4133/1441/1952
f 4135/1443/1954 4133/1441/1952 4134/1442/1953
f 4134/1442/1953 4136/1444/1955 4135/1443/1954
f 4137/1445/1956 4135/1443/1954 4136/1444/1955
f 4136/1444/1955 4138/1446/1957 4137/1445/1956
f 4139/1447/1958 4137/1445/1956 4138/1446/1957
f 4138/1446/1957 4140/1448/1959 4139/1447/1958
f 4139/1447/1958 4140/1448/1959 4141/1449/1960
f 4141/1449/1960 4142/1450/1961 4139/1447/1958
f 4142/1450/1961 4141/1449/1960 4143/1451/1962
f 4143/1451/1962 4144/1452/1963 4142/1450/1961
f 4144/1452/1963 4143/1451/1962 4145/1453/1963
f 4145/1453/1963 4146/1454/1964 4144/1452/1963
f 4146/1454/1964 4145/1453/1963 4147/1455/1520
f 4146/1454/1964 4147/1455/1520 4148/1456/1521
f 4147/1455/1520 4149/1457/1965 4148/1456/1521
f 4149/1457/1965 4147/1455/1520 4150/1458/368
f 4150/1458/368 4151/1459/368 4149/1457/1965
f 4151/1459/368 4150/1458/368 4152/1460/1523
f 4152/1460/1523 4153/1461/1400 4151/1459/368
f 4154/1464/1966 4155/1463/1967 4156/1462/1968
f 4156/1462/1968 4157/1465/1969 4154/1464/1966
f 4158/1466/1970 4154/1464/1966 4157/1465/1969
f 4157/1465/1969 4159/1467/1971 4158/1466/1970
f 4160/1468/1972 4158/1466/1970 4159/1467/1971
f 4159/1467/1971 4161/1469/1973 4160/1468/1972
f 4160/1468/1972 4161/1469/1973 4162/1470/1974
f 4162/1470/1974 4163/1471/1975 4160/1468/1972
f 4164/1472/1976 4163/1471/1975 4162/1470/1974
f 4162/1470/1974 4165/1473/1976 4164/1472/1976
f 4164/1472/1976 4165/1473/1976 4166/1474/1977
f 4166/1474/1977 4167/1475/1978 4164/1472/1976
f 4167/1475/1978 4166/1474/1977 4168/1476/1979
f 4168/1476/1979 4169/1477/1980 4167/1475/1978
f 4169/1477/1980 4168/1476/1979 4170/1478/1981
f 4170/1478/1981 4171/1479/1982 4169/1477/1980
f 4171/1479/1982 4170/1478/1981 4172/1480/1983
f 4172/1480/1983 4173/1481/1984 4171/1479/1982
f 4173/1481/1984 4172/1480/1983 4174/1482/1985
f 4174/1482/1985 4175/1483/1986 4173/1481/1984
f 4175/1483/1986 4174/1482/1985 4176/1484/1987
f 4176/1484/1987 4177/1485/1987 4175/1483/1986
f 4178/1486/1547 4177/1485/1987 4176/1484/1987
f 4176/1484/1987 4179/1487/1988 4178/1486/1547
f 4180/1489/1989 4181/1488/1990 4182/1490/1991
f 4183/1491/1992 4180/1489/1989 4182/1490/1991
f 4182/1490/1991 4184/1492/1993 4183/1491/1992
f 4183/1491/1992 4184/1492/1993 4185/1493/1994
f 4185/1493/1994 4186/1494/1994 4183/1491/1992
f 4187/1495/1995 4186/1494/1994 4185/1493/1994
f 4188/1496/1996 4187/1495/1995 4185/1493/1994
f 4189/1497/1997 4188/1496/1996 4185/1493/1994
f 4190/1498/1994 4188/1496/1996 4189/1497/1997
f 4189/1497/1997 4191/1499/1994 4190/1498/1994
f 4190/1498/1994 4191/1499/1994 4192/1500/1998
f 4192/1500/1998 4193/1501/1998 4190/1498/1994
f 4194/1502/1999 4193/1501/1998 4192/1500/1998
f 4192/1500/1998 4195/1503/1994 4194/1502/1999
f 4195/1503/1994 4196/1504/2000 4194/1502/1999
f 4197/1505/2001 4194/1502/1999 4196/1504/2000
f 4198/1506/2002 4197/1505/2001 4196/1504/2000
f 4198/1506/2002 4196/1504/2000 4199/1507/2003
f 4200/1508/2004 4199/1507/2003 4196/1504/2000
f 4196/1504/2000 4201/1509/1671 4200/1508/2004
f 4202/1510/2005 4200/1508/2004 4201/1509/1671
f 4202/1510/2005 4201/1509/1671 4203/1511/2006
f 4204/1512/2007 4202/1510/2005 4203/1511/2006
f 4203/1511/2006 4201/1509/1671 4205/1513/1640
f 4205/1513/1640 4206/1514/2008 4203/1511/2006
f 4207/1521/2009 4208/1520/778 4209/1519/778
f 4209/1519/778 4210/1522/778 4207/1521/2009
f 4211/1523/778 4207/1521/2009 4210/1522/778
f 4210/1522/778 4212/1524/2010 4211/1523/778
f 4211/1523/778 4212/1524/2010 4213/1525/2010
f 4213/1525/2010 4214/1526/778 4211/1523/778
f 4215/1541/159 4216/577/2011 4217/578/2011
f 4217/578/2011 4218/1542/159 4215/1541/159
f 4219/1543/60 4215/1541/159 4218/1542/159
f 4218/1542/159 4220/1544/60 4219/1543/60
f 4221/1552/453 4222/1553/2012 4223/1554/2013
f 4224/1555/2014 4221/1552/453 4223/1554/2013
f 4225/1556/2015 4224/1555/2014 4223/1554/2013
f 4226/1557/2016 4225/1556/2015 4223/1554/2013
f 4227/1558/182 4228/1559/182 4229/1560/182
f 4229/1560/182 4230/1561/182 4227/1558/182
f 4227/1558/182 4230/1561/182 4231/1562/182
f 4231/1562/182 4232/1563/182 4227/1558/182
f 4233/1564/182 4232/1563/182 4231/1562/182
f 4231/1562/182 4234/1565/182 4233/1564/182
f 4235/1566/182 4236/1567/182 4237/1568/182
f 4236/1567/182 4238/1569/182 4237/1568/182
f 4238/1569/182 4239/1570/182 4237/1568/182
f 4240/1571/182 4237/1568/182 4239/1570/182
f 4241/1572/182 4239/1570/182 4238/1569/182
f 4239/1570/182 4241/1572/182 4240/1571/182
f 4238/1569/182 4242/1573/182 4241/1572/182
f 4241/1572/182 4242/1573/182 4243/1569/182
f 4240/1571/182 4241/1572/182 4244/1570/182
f 4243/1569/182 4244/1570/182 4241/1572/182
f 4244/1570/182 4245/1568/182 4240/1571/182
f 4244/1570/182 4243/1569/182 4245/1568/182
f 4243/1569/182 4246/1567/182 4245/1568/182
f 4246/1567/182 4247/1566/182 4245/1568/182
f 4248/632/364 4249/631/364 4250/1574/364
f 4250/1574/364 4251/1575/364 4248/632/364
f 4252/1576/364 4251/1575/364 4250/1574/364
f 4250/1574/364 4253/1577/364 4252/1576/364
f 4252/1576/364 4253/1577/364 4254/1574/364
f 4254/1574/364 4255/1575/364 4252/1576/364
f 4256/632/364 4255/1575/364 4254/1574/364
f 4254/1574/364 4257/631/364 4256/632/364
f 4258/1578/163 4259/1579/163 4260/1580/163
f 4260/1580/163 4261/1581/163 4258/1578/163
f 4258/1578/163 4261/1581/163 4262/1580/163
f 4262/1580/163 4263/1579/163 4258/1578/163
f 4264/1582/922 4265/1583/2017 4266/1584/1561
f 4267/1585/844 4264/1582/922 4266/1584/1561
f 4268/1586/111 4267/1585/844 4266/1584/1561
f 4269/1587/2018 4268/1586/111 4266/1584/1561
f 4270/720/182 4271/719/182 4272/1588/182
f 4272/1588/182 4273/1589/182 4270/720/182
f 4270/720/182 4273/1589/182 4274/1590/182
f 4274/1590/182 4275/722/182 4270/720/182
f 4276/1591/2019 4277/1592/2020 4278/1593/2019
f 4278/1593/2019 4279/1594/2021 4276/1591/2019
f 4276/1591/2019 4279/1594/2021 4280/1593/2019
f 4280/1593/2019 4281/1592/2020 4276/1591/2019
f 4282/1595/2022 4283/107/2023 4284/106/2022
f 4284/106/2022 4285/1596/2022 4282/1595/2022
f 4282/1595/2022 4285/1596/2022 4286/106/2022
f 4286/106/2022 4287/107/2022 4282/1595/2022
f 4288/1597/163 4289/1598/163 4290/1599/163
f 4290/1599/163 4291/1600/163 4288/1597/163
f 4288/1597/163 4291/1600/163 4292/1599/163
f 4292/1599/163 4293/1598/163 4288/1597/163
f 4294/1601/2024 4295/132/2024 4296/131/2024
f 4296/131/2024 4297/1602/2024 4294/1601/2024
f 4294/1601/2024 4297/1602/2024 4298/131/2025
f 4298/131/2025 4299/132/2025 4294/1601/2024
f 4300/1603/2026 4301/136/2026 4302/135/2026
f 4302/135/2026 4303/1604/2026 4300/1603/2026
f 4300/1603/2026 4303/1604/2026 4304/135/2026
f 4304/135/2026 4305/136/2026 4300/1603/2026
f 4306/1605/182 4307/1606/182 4308/1607/182
f 4309/1608/1571 4306/1605/182 4308/1607/182
f 4309/1608/1571 4310/1609/1571 4311/1610/239
f 4309/1608/1571 4311/1610/239 4312/1611/238
f 4309/1608/1571 4312/1611/238 4313/1612/1571
f 4309/1608/1571 4313/1612/1571 4306/1605/182
f 4313/1612/1571 4314/1613/2027 4306/1605/182
f 4313/1612/1571 4315/1614/2028 4314/1613/2027
f 4316/1615/2029 4314/1613/2027 4315/1614/2028
f 4316/1615/2029 4315/1614/2028 4317/1616/2030
f 4315/1614/2028 4318/1617/2031 4317/1616/2030
f 4315/1614/2028 4319/1618/2032 4318/1617/2031
f 4318/1617/2031 4320/1619/2033 4317/1616/2030
f 4320/1619/2033 4318/1617/2031 4321/1620/2034
f 4322/1621/2035 4320/1619/2033 4321/1620/2034
f 4318/1617/2031 4323/1622/2036 4321/1620/2034
f 4323/1622/2036 4318/1617/2031 4324/1623/2037
f 4325/1624/2038 4322/1621/2035 4321/1620/2034
f 4324/1623/2037 4326/1625/2039 4323/1622/2036
f 4325/1624/2038 4321/1620/2034 4327/1626/2040
f 4326/1625/2039 4324/1623/2037 4328/1627/2041
f 4325/1624/2038 4327/1626/2040 4329/1628/2042
f 4328/1627/2041 4330/1629/2043 4326/1625/2039
f 4331/1626/2042 4325/1624/2038 4329/1628/2042
f 4330/1629/2043 4328/1627/2041 4332/1630/2044
f 4331/1626/2042 4333/1620/2045 4325/1624/2038
f 4332/1630/2044 4334/1631/2046 4330/1629/2043
f 4333/1620/2045 4335/1621/2047 4325/1624/2038
f 4334/1631/2046 4332/1630/2044 4336/1632/2048
f 4333/1620/2045 4337/1619/2049 4335/1621/2047
f 4336/1632/2048 4338/1633/2050 4334/1631/2046
f 4339/1634/2051 4338/1633/2050 4336/1632/2048
f 4338/1633/2050 4339/1634/2051 4340/1635/2052
f 4340/1635/2052 4341/1636/2053 4338/1633/2050
f 4342/1633/2054 4341/1636/2053 4340/1635/2052
f 4340/1635/2052 4343/1634/2055 4342/1633/2054
f 4342/1633/2054 4343/1634/2055 4344/1632/2056
f 4345/1631/2057 4342/1633/2054 4344/1632/2056
f 4344/1632/2056 4346/1630/1730 4345/1631/2057
f 4347/1629/2058 4345/1631/2057 4346/1630/1730
f 4346/1630/1730 4348/1627/2059 4347/1629/2058
f 4349/1625/2039 4347/1629/2058 4348/1627/2059
f 4348/1627/2059 4350/1623/1733 4349/1625/2039
f 4351/1622/2060 4349/1625/2039 4350/1623/1733
f 4350/1623/1733 4352/1617/2061 4351/1622/2060
f 4333/1620/2045 4351/1622/2060 4352/1617/2061
f 4333/1620/2045 4352/1617/2061 4337/1619/2049
f 4337/1619/2049 4352/1617/2061 4353/1616/2062
f 4352/1617/2061 4354/1614/2028 4353/1616/2062
f 4352/1617/2061 4355/1618/1736 4354/1614/2028
f 4354/1614/2028 4356/1615/2063 4353/1616/2062
f 4354/1614/2028 4357/1613/2064 4356/1615/2063
f 4357/1613/2064 4354/1614/2028 4358/1612/2065
f 4359/1605/182 4357/1613/2064 4358/1612/2065
f 4360/1606/182 4359/1605/182 4361/1607/182
f 4359/1605/182 4362/1608/219 4361/1607/182
f 4359/1605/182 4358/1612/2065 4362/1608/219
f 4358/1612/2065 4363/1611/1872 4362/1608/219
f 4363/1611/1872 4364/1610/2066 4362/1608/219
f 4364/1610/2066 4365/1609/1572 4362/1608/219
f 4366/1637/163 4367/1638/163 4368/1639/163
f 4368/1639/163 4369/1640/163 4366/1637/163
f 4370/1637/163 4369/1640/163 4368/1639/163
f 4368/1639/163 4371/1638/2067 4370/1637/163
f 4372/1641/2068 4373/1642/2069 4374/1643/2068
f 4374/1643/2068 4375/1644/2068 4372/1641/2068
f 4372/1641/2068 4375/1644/2068 4376/1643/2069
f 4376/1643/2069 4377/1642/2069 4372/1641/2068
f 4378/913/2070 4379/914/2070 4380/1645/2071
f 4380/1645/2071 4381/1646/2072 4378/913/2070
f 4382/913/2070 4381/1646/2072 4380/1645/2071
f 4380/1645/2071 4383/914/2070 4382/913/2070
f 4384/1647/1869 4385/1648/1869 4386/1649/1869
f 4386/1649/1869 4387/1650/364 4384/1647/1869
f 4384/1647/1869 4387/1650/364 4388/1649/364
f 4388/1649/364 4389/1648/364 4384/1647/1869
f 4390/1651/1020 4391/1652/2073 4392/1653/205
f 4392/1653/205 4393/1654/2074 4390/1651/1020
f 4394/1655/2075 4393/1654/2074 4392/1653/205
f 4392/1653/205 4395/1656/2076 4394/1655/2075
f 4396/1657/2077 4394/1655/2075 4395/1656/2076
f 4395/1656/2076 4397/1658/2076 4396/1657/2077
f 4396/1657/2077 4397/1658/2076 4398/1656/2076
f 4394/1655/2075 4396/1657/2077 4399/1659/2078
f 4398/1656/2076 4400/1655/2079 4396/1657/2077
f 4399/1659/2078 4396/1657/2077 4400/1655/2079
f 4400/1655/2079 4398/1656/2076 4401/1653/611
f 4399/1659/2078 4402/1660/2080 4394/1655/2075
f 4401/1653/611 4403/1654/2081 4400/1655/2079
f 4404/1651/2082 4403/1654/2081 4401/1653/611
f 4401/1653/611 4405/1652/2083 4404/1651/2082
f 4400/1655/2079 4406/1660/2084 4399/1659/2078
f 4407/1661/182 4408/1662/2085 4402/1660/2080
f 4409/1663/182 4402/1660/2080 4399/1659/2078
f 4409/1663/182 4407/1661/182 4402/1660/2080
f 4406/1660/2084 4409/1663/182 4399/1659/2078
f 4406/1660/2084 4410/1662/2086 4411/1661/182
f 4406/1660/2084 4411/1661/182 4409/1663/182
f 4412/1664/182 4407/1661/182 4409/1663/182
f 4411/1661/182 4412/1664/182 4409/1663/182
f 4413/1665/182 4407/1661/182 4412/1664/182
f 4412/1664/182 4411/1661/182 4414/1665/182
f 4412/1664/182 4415/1666/182 4413/1665/182
f 4414/1665/182 4415/1666/182 4412/1664/182
f 4416/1667/1244 4417/1668/18 4418/1669/2087
f 4419/1670/2088 4416/1667/1244 4418/1669/2087
f 4420/1671/1122 4419/1670/2088 4418/1669/2087
f 4421/1672/1122 4420/1671/1122 4418/1669/2087
f 4422/1673/2089 4423/1674/2090 4424/1675/2091
f 4424/1675/2091 4425/1676/2092 4422/1673/2089
f 4422/1673/2089 4425/1676/2092 4426/1677/163
f 4427/1678/163 4422/1673/2089 4426/1677/163
f 4428/1679/163 4427/1678/163 4426/1677/163
f 4429/1680/163 4428/1679/163 4426/1677/163
f 4430/1681/2093 4431/1682/2093 4432/1683/2094
f 4433/1684/2093 4430/1681/2093 4432/1683/2094
f 4434/1685/340 4433/1684/2093 4432/1683/2094
f 4435/1686/2095 4434/1685/340 4432/1683/2094
f 4434/1685/340 4435/1686/2095 4436/1687/2096
f 4436/1687/2096 4437/1688/2096 4434/1685/340
f 4438/1689/18 4439/1690/18 4440/1691/18
f 4440/1691/18 4441/1692/18 4438/1689/18
f 4438/1689/18 4441/1692/18 4442/1693/18
f 4442/1693/18 4443/1694/18 4438/1689/18
f 4444/1695/18 4445/1696/18 4446/1697/18
f 4446/1697/18 4447/1698/18 4444/1695/18
f 4448/1699/18 4447/1698/18 4446/1697/18
f 4446/1697/18 4449/1700/18 4448/1699/18
f 4450/1701/2097 4451/1702/2097 4452/1703/2097
f 4452/1703/2097 4453/1704/2097 4450/1701/2097
f 4450/1701/2097 4453/1704/2097 4454/1705/2098
f 4454/1705/2098 4455/1706/2098 4450/1701/2097
f 4456/1707/182 4457/1708/2099 4458/1709/2100
f 4458/1709/2100 4459/1710/182 4456/1707/182
f 4460/1711/182 4456/1707/182 4459/1710/182
f 4461/1712/182 4456/1707/182 4460/1711/182
f 4462/1713/2100 4463/1714/2100 4461/1712/182
f 4462/1713/2100 4461/1712/182 4464/1715/182
f 4460/1711/182 4464/1715/182 4461/1712/182
f 4464/1715/182 4465/1716/182 4462/1713/2100
f 4466/1713/300 4465/1716/182 4464/1715/182
f 4464/1715/182 4467/1712/182 4466/1713/300
f 4468/1714/300 4466/1713/300 4467/1712/182
f 4467/1712/182 4464/1715/182 4460/1711/182
f 4460/1711/182 4469/1707/182 4467/1712/182
f 4470/1709/2101 4471/1708/2102 4469/1707/182
f 4469/1707/182 4472/1710/182 4470/1709/2101
f 4472/1710/182 4469/1707/182 4460/1711/182
f 4460/1711/182 4473/1717/182 4472/1710/182
f 4459/1710/182 4473/1717/182 4460/1711/182
f 4474/1718/182 4472/1710/182 4473/1717/182
f 4473/1717/182 4459/1710/182 4475/1718/182
f 4476/1719/182 4474/1718/182 4473/1717/182
f 4473/1717/182 4475/1718/182 4477/1719/182
f 4476/1719/182 4473/1717/182 4478/1720/182
f 4473/1717/182 4477/1719/182 4479/1720/182
f 4473/1717/182 4480/1721/182 4478/1720/182
f 4480/1721/182 4473/1717/182 4479/1720/182
f 4481/1722/182 4482/1723/182 4483/1724/182
f 4483/1724/182 4484/1725/182 4481/1722/182
f 4481/1722/182 4484/1725/182 4485/1724/182
f 4485/1724/182 4486/1723/182 4481/1722/182
f 4487/1053/2103 4488/1052/2103 4489/1052/2103
f 4489/1052/2103 4490/1053/2103 4487/1053/2103
f 4491/1053/2103 4490/1053/2103 4489/1052/2103
f 4489/1052/2103 4492/1052/2103 4491/1053/2103
f 4493/1134/2104 4494/1133/2104 4495/1085/2104
f 4495/1085/2104 4496/1086/2104 4493/1134/2104
f 4497/1086/2104 4496/1086/2104 4495/1085/2104
f 4495/1085/2104 4498/1085/2104 4497/1086/2104
f 4499/1709/2105 4500/1708/2106 4501/1707/163
f 4501/1707/163 4502/1710/163 4499/1709/2105
f 4502/1710/163 4501/1707/163 4503/1711/163
f 4503/1711/163 4501/1707/163 4504/1712/163
f 4505/1714/2105 4506/1713/2105 4504/1712/163
f 4507/1715/163 4504/1712/163 4506/1713/2105
f 4504/1712/163 4507/1715/163 4503/1711/163
f 4506/1713/2105 4508/1716/163 4507/1715/163
f 4507/1715/163 4508/1716/163 4509/1713/2107
f 4509/1713/2107 4510/1712/163 4507/1715/163
f 4509/1713/2107 4511/1714/2107 4510/1712/163
f 4503/1711/163 4507/1715/163 4510/1712/163
f 4510/1712/163 4512/1707/163 4503/1711/163
f 4512/1707/163 4513/1708/2108 4514/1709/2109
f 4514/1709/2109 4515/1710/163 4512/1707/163
f 4503/1711/163 4512/1707/163 4515/1710/163
f 4515/1710/163 4516/1717/163 4503/1711/163
f 4503/1711/163 4516/1717/163 4502/1710/163
f 4516/1717/163 4515/1710/163 4517/1718/163
f 4518/1718/163 4502/1710/163 4516/1717/163
f 4516/1717/163 4517/1718/163 4519/1719/163
f 4520/1719/163 4518/1718/163 4516/1717/163
f 4516/1717/163 4519/1719/163 4521/1720/163
f 4520/1719/163 4516/1717/163 4522/1720/163
f 4523/1721/163 4516/1717/163 4521/1720/163
f 4516/1717/163 4523/1721/163 4522/1720/163
f 4524/1726/163 4525/1727/163 4526/1728/163
f 4526/1728/163 4527/1729/163 4524/1726/163
f 4528/1726/163 4527/1729/163 4526/1728/163
f 4526/1728/163 4529/1727/163 4528/1726/163
f 4530/1088/2110 4531/1087/2110 4532/1730/2110
f 4532/1730/2110 4533/1731/2110 4530/1088/2110
f 4534/1176/2111 4533/1731/2110 4532/1730/2110
f 4532/1730/2110 4535/1177/2111 4534/1176/2111
f 4536/18/2112 4537/17/2112 4538/1732/2112
f 4538/1732/2112 4539/1733/2112 4536/18/2112
f 4540/24/2113 4539/1733/2112 4538/1732/2112
f 4538/1732/2112 4541/21/2113 4540/24/2113
f 4542/1734/2114 4543/1735/2115 4544/1736/2115
f 4544/1736/2115 4545/1737/2116 4542/1734/2114
f 4546/1738/2115 4545/1737/2116 4544/1736/2115
f 4544/1736/2115 4547/1739/2115 4546/1738/2115
f 4548/1740/211 4549/1741/211 4550/1737/211
f 4550/1737/211 4551/1736/211 4548/1740/211
f 4552/1742/211 4551/1736/211 4550/1737/211
f 4550/1737/211 4553/1743/211 4552/1742/211
f 4554/1691/60 4555/1690/60 4556/1689/60
f 4556/1689/60 4557/1692/60 4554/1691/60
f 4558/1693/60 4557/1692/60 4556/1689/60
f 4556/1689/60 4559/1694/60 4558/1693/60
f 4560/1697/60 4561/1696/60 4562/1695/60
f 4562/1695/60 4563/1698/60 4560/1697/60
f 4560/1697/60 4563/1698/60 4564/1699/60
f 4564/1699/60 4565/1700/60 4560/1697/60
f 4566/1705/2117 4567/1706/2117 4568/1701/2117
f 4568/1701/2117 4569/1704/2117 4566/1705/2117
f 4570/1703/2117 4569/1704/2117 4568/1701/2117
f 4568/1701/2117 4571/1702/2117 4570/1703/2117
f 4572/1052/2118 4573/1052/2118 4574/1053/2119
f 4574/1053/2119 4575/1053/2118 4572/1052/2118
f 4572/1052/2118 4575/1053/2118 4576/1053/2118
f 4576/1053/2118 4577/1052/2118 4572/1052/2118
f 4578/1059/2120 4579/1059/2120 4580/1060/2120
f 4580/1060/2120 4581/1060/2120 4578/1059/2120
f 4578/1059/2120 4581/1060/2120 4582/1060/2120
f 4582/1060/2120 4583/1059/2120 4578/1059/2120
f 4584/1744/238 4585/1745/1423 4586/1746/2121
f 4584/1744/238 4586/1746/2121 4587/1747/409
f 4588/1748/2122 4584/1744/238 4587/1747/409
f 4589/1749/2123 4584/1744/238 4588/1748/2122
f 4590/1750/2124 4588/1748/2122 4587/1747/409
f 4588/1748/2122 4591/1751/2125 4589/1749/2123
f 4592/1752/182 4590/1750/2124 4587/1747/409
f 4587/1747/409 4593/1753/182 4592/1752/182
f 4594/1754/409 4590/1750/2124 4592/1752/182
f 4592/1752/182 4595/1755/182 4594/1754/409
f 4594/1754/409 4595/1755/182 4596/1756/182
f 4596/1756/182 4597/1757/2126 4594/1754/409
f 4594/1754/409 4597/1757/2126 4598/1758/1169
f 4591/1751/2125 4594/1754/409 4598/1758/1169
f 4589/1749/2123 4591/1751/2125 4598/1758/1169
f 4598/1758/1169 4599/1759/926 4589/1749/2123
f 4599/1759/926 4600/1760/1128 4589/1749/2123
f 4600/1760/1128 4601/1761/1128 4589/1749/2123
f 4600/1760/1128 4599/1759/926 4602/1762/2127
f 4603/1763/2127 4601/1761/1128 4600/1760/1128
f 4602/1762/2127 4604/1764/2127 4600/1760/1128
f 4600/1760/1128 4604/1764/2127 4603/1763/2127
f 4604/1764/2127 4602/1762/2127 4605/1765/2128
f 4606/1766/2129 4603/1763/2127 4604/1764/2127
f 4605/1765/2128 4607/1767/2130 4604/1764/2127
f 4604/1764/2127 4607/1767/2130 4606/1766/2129
f 4607/1767/2130 4605/1765/2128 4608/1768/2131
f 4609/1769/2132 4606/1766/2129 4607/1767/2130
f 4608/1768/2131 4610/1770/2133 4607/1767/2130
f 4607/1767/2130 4610/1770/2133 4609/1769/2132
f 4610/1770/2133 4608/1768/2131 4611/1771/328
f 4609/1769/2132 4610/1770/2133 4611/1771/328
f 4612/1772/328 4609/1769/2132 4611/1771/328
f 4612/1772/328 4613/1773/2134 4609/1769/2132
f 4614/1774/2135 4613/1773/2134 4612/1772/328
f 4609/1769/2132 4613/1773/2134 4615/1775/328
f 4612/1772/328 4616/1776/328 4614/1774/2135
f 4615/1775/328 4617/1777/2132 4609/1769/2132
f 4618/1778/885 4614/1774/2135 4616/1776/328
f 4616/1776/328 4619/1779/328 4618/1778/885
f 4620/1780/1428 4614/1774/2135 4618/1778/885
f 4618/1778/885 4621/1781/1125 4620/1780/1428
f 4622/1782/2136 4620/1780/1428 4621/1781/1125
f 4621/1781/1125 4623/1783/1122 4622/1782/2136
f 4624/1784/2088 4622/1782/2136 4623/1783/1122
f 4623/1783/1122 4625/1785/2088 4624/1784/2088
f 4626/1786/2136 4622/1782/2136 4624/1784/2088
f 4624/1784/2088 4627/1787/2088 4626/1786/2136
f 4626/1786/2136 4627/1787/2088 4628/1788/2088
f 4628/1788/2088 4629/1789/1123 4626/1786/2136
f 4630/1790/1428 4626/1786/2136 4629/1789/1123
f 4629/1789/1123 4631/1791/1428 4630/1790/1428
f 4632/1792/2137 4630/1790/1428 4631/1791/1428
f 4631/1791/1428 4633/1793/2138 4632/1792/2137
f 4632/1792/2137 4633/1793/2138 4634/1794/262
f 4634/1794/262 4635/1795/2139 4632/1792/2137
f 4615/1775/328 4632/1792/2137 4635/1795/2139
f 4636/1796/262 4615/1775/328 4635/1795/2139
f 4636/1796/262 4617/1777/2132 4615/1775/328
f 4637/1797/2133 4617/1777/2132 4636/1796/262
f 4636/1796/262 4638/1798/262 4637/1797/2133
f 4639/1799/1192 4617/1777/2132 4637/1797/2133
f 4637/1797/2133 4640/1800/1192 4639/1799/1192
f 4641/1801/1486 4639/1799/1192 4640/1800/1192
f 4640/1800/1192 4642/1802/1435 4641/1801/1486
f 4643/1803/926 4641/1801/1486 4642/1802/1435
f 4642/1802/1435 4644/1804/2140 4643/1803/926
f 4644/1804/2140 4645/1805/1425 4646/1806/1425
f 4646/1806/1425 4647/1807/1425 4644/1804/2140
f 4643/1803/926 4644/1804/2140 4647/1807/1425
f 4647/1807/1425 4648/1808/1422 4643/1803/926
f 4649/1809/2141 4650/1810/2141 4651/1811/471
f 4651/1811/471 4652/1812/471 4649/1809/2141
f 4653/1809/471 4652/1812/471 4651/1811/471
f 4651/1811/471 4654/1810/471 4653/1809/471
f 4655/1813/618 4656/1814/182 4657/1815/182
f 4657/1815/182 4658/1816/182 4655/1813/618
f 4659/1813/618 4658/1816/182 4657/1815/182
f 4657/1815/182 4660/1814/182 4659/1813/618
f 4661/1817/2142 4662/1818/2143 4663/1819/2144
f 4663/1819/2144 4664/1820/2142 4661/1817/2142
f 4661/1817/2142 4664/1820/2142 4665/1819/2144
f 4665/1819/2144 4666/1818/2143 4661/1817/2142
f 4667/1821/703 4668/1822/2145 4669/1823/182
f 4669/1823/182 4670/1824/182 4667/1821/703
f 4671/1821/2146 4670/1824/182 4669/1823/182
f 4669/1823/182 4672/1822/182 4671/1821/2146
f 4673/1825/1047 4674/1826/1049 4675/1827/386
f 4675/1827/386 4676/1828/382 4673/1825/1047
f 4673/1825/1047 4676/1828/382 4677/1829/2147
f 4677/1829/2147 4678/1830/704 4673/1825/1047
f 4679/1831/182 4678/1830/704 4677/1829/2147
f 4679/1831/182 4677/1829/2147 4680/1832/182
f 4681/1833/703 4679/1831/182 4680/1832/182
f 4682/1834/182 4681/1833/703 4680/1832/182
f 4683/1833/2148 4682/1834/182 4680/1832/182
f 4684/1831/182 4683/1833/2148 4680/1832/182
f 4685/1829/2147 4684/1831/182 4680/1832/182
f 4685/1829/2147 4686/1830/2149 4684/1831/182
f 4687/1825/1047 4686/1830/2149 4685/1829/2147
f 4685/1829/2147 4688/1828/382 4687/1825/1047
f 4687/1825/1047 4688/1828/382 4689/1827/386
f 4689/1827/386 4690/1826/387 4687/1825/1047
f 4691/1835/2150 4692/1836/2151 4693/1837/182
f 4693/1837/182 4694/1838/2150 4691/1835/2150
f 4695/1835/2152 4694/1838/2150 4693/1837/182
f 4693/1837/182 4696/1836/1573 4695/1835/2152
f 4697/1839/2153 4698/1840/2154 4699/1841/2155
f 4697/1839/2153 4700/1842/2156 4698/1840/2154
f 4700/1842/2156 4701/1843/2157 4698/1840/2154
f 4701/1843/2157 4702/1844/2158 4698/1840/2154
f 4702/1844/2158 4701/1843/2157 4703/1840/2159
f 4701/1843/2157 4704/1842/2160 4703/1840/2159
f 4704/1842/2160 4705/1839/2161 4703/1840/2159
f 4703/1840/2159 4705/1839/2161 4706/1841/2162
f 4707/1845/2163 4708/1846/2164 4709/1847/2165
f 4709/1847/2165 4710/1848/2166 4707/1845/2163
f 4707/1845/2163 4710/1848/2166 4711/1847/2167
f 4711/1847/2167 4712/1846/2164 4707/1845/2163
f 4713/1849/2168 4714/1850/2169 4715/1851/2168
f 4716/1852/2168 4713/1849/2168 4715/1851/2168
f 4717/1853/2168 4716/1852/2168 4715/1851/2168
f 4717/1853/2168 4715/1851/2168 4718/1854/1548
f 4719/1851/2168 4717/1853/2168 4718/1854/1548
f 4720/1852/2168 4717/1853/2168 4719/1851/2168
f 4721/1849/2168 4720/1852/2168 4719/1851/2168
f 4722/1850/2170 4721/1849/2168 4719/1851/2168
f 4723/1855/2171 4724/1856/2171 4725/1857/2150
f 4725/1857/2150 4726/1858/2150 4723/1855/2171
f 4726/1858/2150 4725/1857/2150 4727/1859/2150
f 4725/1857/2150 4728/1860/182 4727/1859/2150
f 4728/1860/182 4729/1861/182 4727/1859/2150
f 4729/1861/182 4730/1862/2150 4727/1859/2150
f 4727/1859/2150 4730/1862/2150 4731/1863/2150
f 4731/1863/2150 4732/1864/2150 4727/1859/2150
f 4733/1865/2172 4734/1544/2172 4735/1543/2172
f 4735/1543/2172 4736/1866/2172 4733/1865/2172
f 4733/1865/2172 4736/1866/2172 4737/1543/2172
f 4737/1543/2172 4738/1544/2172 4733/1865/2172
f 4739/1867/1154 4740/580/2173 4741/579/2173
f 4741/579/2173 4742/1868/2174 4739/1867/1154
f 4739/1867/1154 4742/1868/2174 4743/579/2175
f 4743/579/2175 4744/580/2176 4739/1867/1154
f 4745/1869/2177 4746/1870/2177 4747/1871/2177
f 4747/1871/2177 4748/1872/2178 4745/1869/2177
f 4745/1869/2177 4748/1872/2178 4749/1871/2177
f 4749/1871/2177 4750/1870/2177 4745/1869/2177
f 4751/105/2179 4752/108/2179 4753/1873/2180
f 4753/1873/2180 4754/1874/2180 4751/105/2179
f 4755/105/2181 4754/1874/2180 4753/1873/2180
f 4753/1873/2180 4756/108/2181 4755/105/2181
f 4757/1875/182 4758/1876/182 4759/1877/182
f 4759/1877/182 4760/1878/182 4757/1875/182
f 4757/1875/182 4760/1878/182 4761/1877/182
f 4761/1877/182 4762/1876/182 4757/1875/182
f 4763/1879/182 4764/1880/182 4765/1881/182
f 4765/1881/182 4766/1882/182 4763/1879/182
f 4763/1879/182 4766/1882/182 4767/1881/182
f 4767/1881/182 4768/1880/182 4763/1879/182
f 4769/1883/368 4770/134/368 4771/133/368
f 4771/133/368 4772/1884/368 4769/1883/368
f 4769/1883/368 4772/1884/368 4773/133/368
f 4773/133/368 4774/134/368 4769/1883/368
f 4775/138/2182 4776/137/2182 4777/1885/2182
f 4777/1885/2182 4778/1886/2182 4775/138/2182
f 4779/138/2183 4778/1886/2182 4777/1885/2182
f 4777/1885/2182 4780/137/2184 4779/138/2183
f 4781/1887/2185 4782/1888/2051 4783/1889/1103
f 4783/1889/1103 4784/1890/2186 4781/1887/2185
f 4781/1887/2185 4784/1890/2186 4785/1889/1725
f 4785/1889/1725 4786/1888/2187 4781/1887/2185
f 4787/1891/163 4788/1892/163 4789/1893/163
f 4789/1893/163 4790/1894/163 4787/1891/163
f 4791/1891/163 4790/1894/163 4789/1893/163
f 4789/1893/163 4792/1892/163 4791/1891/163
f 4793/1895/2188 4794/1896/2189 4795/1897/2189
f 4796/1898/2190 4795/1897/2189 4794/1896/2189
f 4795/1897/2189 4796/1898/2190 4797/1896/2191
f 4795/1897/2189 4797/1896/2191 4798/1895/2192
f 4799/1899/364 4800/198/1869 4801/201/1869
f 4801/201/1869 4802/1900/364 4799/1899/364
f 4799/1899/364 4802/1900/364 4803/201/2025
f 4803/201/2025 4804/198/2025 4799/1899/364
f 4805/1901/2193 4806/1902/2194 4807/1903/2195
f 4807/1903/2195 4808/1904/2195 4805/1901/2193
f 4809/1901/2193 4808/1904/2195 4807/1903/2195
f 4807/1903/2195 4810/1902/2194 4809/1901/2193
f 4811/868/2196 4812/870/2196 4813/1905/2197
f 4813/1905/2197 4814/1906/2198 4811/868/2196
f 4815/868/2196 4814/1906/2198 4813/1905/2197
f 4813/1905/2197 4816/870/2196 4815/868/2196
f 4817/1907/2149 4818/1908/704 4819/1909/2199
f 4819/1909/2199 4820/1910/2199 4817/1907/2149
f 4821/1907/2149 4820/1910/2199 4819/1909/2199
f 4819/1909/2199 4822/1908/704 4821/1907/2149
f 4823/1911/2200 4824/911/2200 4825/910/2200
f 4825/910/2200 4826/1912/2200 4823/1911/2200
f 4823/1911/2200 4826/1912/2200 4827/910/2200
f 4827/910/2200 4828/911/2200 4823/1911/2200
f 4829/1913/163 4830/1914/163 4831/1915/163
f 4831/1915/163 4832/1916/163 4829/1913/163
f 4833/1913/163 4832/1916/163 4831/1915/163
f 4831/1915/163 4834/1914/163 4833/1913/163
f 4835/1917/163 4836/274/163 4837/277/163
f 4837/277/163 4838/1918/163 4835/1917/163
f 4835/1917/163 4838/1918/163 4839/277/163
f 4839/277/163 4840/274/163 4835/1917/163
f 4841/582/2201 4842/581/2202 4843/1919/2203
f 4843/1919/2203 4844/1920/1070 4841/582/2201
f 4845/582/2204 4844/1920/1070 4843/1919/2203
f 4843/1919/2203 4846/581/2205 4845/582/2204
f 4847/1556/2206 4848/1557/2207 4849/1554/2208
f 4850/1555/2209 4847/1556/2206 4849/1554/2208
f 4851/1552/776 4850/1555/2209 4849/1554/2208
f 4852/1553/2210 4851/1552/776 4849/1554/2208
f 4853/1560/2065 4854/1559/219 4855/1558/2065
f 4855/1558/2065 4856/1561/219 4853/1560/2065
f 4857/1562/2065 4856/1561/219 4855/1558/2065
f 4855/1558/2065 4858/1563/219 4857/1562/2065
f 4857/1562/2065 4858/1563/219 4859/1564/219
f 4859/1564/219 4860/1565/219 4857/1562/2065
f 4861/1586/535 4862/1587/2211 4863/1584/2212
f 4864/1585/2006 4861/1586/535 4863/1584/2212
f 4865/1582/1671 4864/1585/2006 4863/1584/2212
f 4866/1583/2213 4865/1582/1671 4863/1584/2212
f 4867/1588/182 4868/719/182 4869/720/182
f 4869/720/182 4870/1589/182 4867/1588/182
f 4871/1590/182 4870/1589/182 4869/720/182
f 4869/720/182 4872/722/182 4871/1590/182
f 4873/1671/1743 4874/1672/1743 4875/1669/2214
f 4876/1670/2215 4873/1671/1743 4875/1669/2214
f 4877/1667/1361 4876/1670/2215 4875/1669/2214
f 4878/1668/60 4877/1667/1361 4875/1669/2214
f 4879/1675/2216 4880/1674/2216 4881/1673/2217
f 4881/1673/2217 4882/1676/2218 4879/1675/2216
f 4882/1676/2218 4881/1673/2217 4883/1677/163
f 4881/1673/2217 4884/1678/163 4883/1677/163
f 4884/1678/163 4885/1679/163 4883/1677/163
f 4885/1679/163 4886/1680/163 4883/1677/163
f 4887/1682/2093 4888/1681/2093 4889/1683/2219
f 4888/1681/2093 4890/1684/2220 4889/1683/2219
f 4890/1684/2220 4891/1685/686 4889/1683/2219
f 4891/1685/686 4892/1686/689 4889/1683/2219
f 4893/1687/2221 4892/1686/689 4891/1685/686
f 4891/1685/686 4894/1688/2222 4893/1687/2221
f 4895/1691/60 4896/1690/60 4897/1689/60
f 4897/1689/60 4898/1692/60 4895/1691/60
f 4899/1693/60 4898/1692/60 4897/1689/60
f 4897/1689/60 4900/1694/60 4899/1693/60
f 4901/1697/60 4902/1696/60 4903/1695/60
f 4903/1695/60 4904/1698/60 4901/1697/60
f 4901/1697/60 4904/1698/60 4905/1699/60
f 4905/1699/60 4906/1700/60 4901/1697/60
f 4907/1703/2117 4908/1702/2117 4909/1701/2117
f 4909/1701/2117 4910/1704/2117 4907/1703/2117
f 4911/1705/2117 4910/1704/2117 4909/1701/2117
f 4909/1701/2117 4912/1706/2117 4911/1705/2117
f 4913/1709/2101 4914/1708/2102 4915/1707/182
f 4915/1707/182 4916/1710/182 4913/1709/2101
f 4916/1710/182 4915/1707/182 4917/1711/182
f 4917/1711/182 4915/1707/182 4918/1712/182
f 4919/1714/300 4920/1713/300 4918/1712/182
f 4921/1715/182 4918/1712/182 4920/1713/300
f 4918/1712/182 4921/1715/182 4917/1711/182
f 4920/1713/300 4922/1716/182 4921/1715/182
f 4921/1715/182 4922/1716/182 4923/1713/2100
f 4923/1713/2100 4924/1712/182 4921/1715/182
f 4923/1713/2100 4925/1714/2100 4924/1712/182
f 4917/1711/182 4921/1715/182 4924/1712/182
f 4924/1712/182 4926/1707/182 4917/1711/182
f 4926/1707/182 4927/1708/2099 4928/1709/2100
f 4928/1709/2100 4929/1710/182 4926/1707/182
f 4917/1711/182 4926/1707/182 4929/1710/182
f 4929/1710/182 4930/1717/182 4917/1711/182
f 4917/1711/182 4930/1717/182 4916/1710/182
f 4930/1717/182 4929/1710/182 4931/1718/182
f 4932/1718/182 4916/1710/182 4930/1717/182
f 4930/1717/182 4931/1718/182 4933/1719/182
f 4934/1719/182 4932/1718/182 4930/1717/182
f 4930/1717/182 4933/1719/182 4935/1720/182
f 4934/1719/182 4930/1717/182 4936/1720/182
f 4937/1721/182 4930/1717/182 4935/1720/182
f 4930/1717/182 4937/1721/182 4936/1720/182
f 4938/1724/182 4939/1723/182 4940/1722/182
f 4940/1722/182 4941/1725/182 4938/1724/182
f 4942/1724/182 4941/1725/182 4940/1722/182
f 4940/1722/182 4943/1723/182 4942/1724/182
f 4944/1052/2118 4945/1052/2119 4946/1053/2119
f 4946/1053/2119 4947/1053/2119 4944/1052/2118
f 4944/1052/2118 4947/1053/2119 4948/1053/2119
f 4948/1053/2119 4949/1052/2119 4944/1052/2118
f 4950/1085/2120 4951/1133/2120 4952/1134/2120
f 4952/1134/2120 4953/1086/2120 4950/1085/2120
f 4950/1085/2120 4953/1086/2120 4954/1086/2120
f 4954/1086/2120 4955/1085/2120 4950/1085/2120
f 4956/1707/163 4957/1708/2108 4958/1709/2109
f 4958/1709/2109 4959/1710/163 4956/1707/163
f 4960/1711/163 4956/1707/163 4959/1710/163
f 4961/1712/163 4956/1707/163 4960/1711/163
f 4962/1713/2107 4963/1714/2107 4961/1712/163
f 4962/1713/2107 4961/1712/163 4964/1715/163
f 4960/1711/163 4964/1715/163 4961/1712/163
f 4964/1715/163 4965/1716/163 4962/1713/2107
f 4966/1713/2105 4965/1716/163 4964/1715/163
f 4964/1715/163 4967/1712/163 4966/1713/2105
f 4968/1714/2105 4966/1713/2105 4967/1712/163
f 4967/1712/163 4964/1715/163 4960/1711/163
f 4960/1711/163 4969/1707/163 4967/1712/163
f 4970/1709/2105 4971/1708/2106 4969/1707/163
f 4969/1707/163 4972/1710/163 4970/1709/2105
f 4972/1710/163 4969/1707/163 4960/1711/163
f 4960/1711/163 4973/1717/163 4972/1710/163
f 4959/1710/163 4973/1717/163 4960/1711/163
f 4974/1718/163 4972/1710/163 4973/1717/163
f 4973/1717/163 4959/1710/163 4975/1718/163
f 4976/1719/163 4974/1718/163 4973/1717/163
f 4973/1717/163 4975/1718/163 4977/1719/163
f 4976/1719/163 4973/1717/163 4978/1720/163
f 4973/1717/163 4977/1719/163 4979/1720/163
f 4973/1717/163 4980/1721/163 4978/1720/163
f 4980/1721/163 4973/1717/163 4979/1720/163
f 4981/1728/163 4982/1727/163 4983/1726/163
f 4983/1726/163 4984/1729/163 4981/1728/163
f 4981/1728/163 4984/1729/163 4985/1726/163
f 4985/1726/163 4986/1727/163 4981/1728/163
f 4987/1730/2111 4988/1087/2223 4989/1088/2223
f 4989/1088/2223 4990/1731/2111 4987/1730/2111
f 4987/1730/2111 4990/1731/2111 4991/1176/2110
f 4991/1176/2110 4992/1177/2110 4987/1730/2111
f 4993/1732/2113 4994/17/2113 4995/18/2113
f 4995/18/2113 4996/1733/2113 4993/1732/2113
f 4993/1732/2113 4996/1733/2113 4997/24/2224
f 4997/24/2224 4998/21/2112 4993/1732/2113
f 4999/1736/2115 5000/1735/2115 5001/1734/2114
f 5001/1734/2114 5002/1737/2116 4999/1736/2115
f 4999/1736/2115 5002/1737/2116 5003/1738/2114
f 5003/1738/2114 5004/1739/2115 4999/1736/2115
f 5005/1737/211 5006/1741/211 5007/1740/211
f 5007/1740/211 5008/1736/211 5005/1737/211
f 5005/1737/211 5008/1736/211 5009/1742/211
f 5009/1742/211 5010/1743/211 5005/1737/211
f 5011/1689/18 5012/1690/18 5013/1691/18
f 5013/1691/18 5014/1692/18 5011/1689/18
f 5011/1689/18 5014/1692/18 5015/1693/18
f 5015/1693/18 5016/1694/18 5011/1689/18
f 5017/1695/18 5018/1696/18 5019/1697/18
f 5019/1697/18 5020/1698/18 5017/1695/18
f 5021/1699/18 5020/1698/18 5019/1697/18
f 5019/1697/18 5022/1700/1245 5021/1699/18
f 5023/1701/2097 5024/1706/2097 5025/1705/2097
f 5025/1705/2097 5026/1704/2097 5023/1701/2097
f 5023/1701/2097 5026/1704/2097 5027/1703/2097
f 5027/1703/2097 5028/1702/2097 5023/1701/2097
f 5029/1053/2103 5030/1052/2103 5031/1052/2103
f 5031/1052/2103 5032/1053/2103 5029/1053/2103
f 5033/1053/2103 5032/1053/2103 5031/1052/2103
f 5031/1052/2103 5034/1052/2103 5033/1053/2103
f 5035/1060/2104 5036/1059/2225 5037/1059/2104
f 5037/1059/2104 5038/1060/2104 5035/1060/2104
f 5039/1060/2104 5038/1060/2104 5037/1059/2104
f 5037/1059/2104 5040/1059/2104 5039/1060/2104
f 5041/1745/1871 5042/1744/1872 5043/1746/2226
f 5043/1746/2226 5042/1744/1872 5044/1747/2227
f 5042/1744/1872 5045/1748/2228 5044/1747/2227
f 5045/1748/2228 5042/1744/1872 5046/1749/2229
f 5045/1748/2228 5047/1750/2227 5044/1747/2227
f 5046/1749/2229 5048/1751/2230 5045/1748/2228
f 5044/1747/2227 5047/1750/2227 5049/1752/182
f 5049/1752/182 5050/1753/182 5044/1747/2227
f 5049/1752/182 5047/1750/2227 5051/1754/2231
f 5051/1754/2231 5052/1755/182 5049/1752/182
f 5053/1756/182 5052/1755/182 5051/1754/2231
f 5051/1754/2231 5054/1757/2232 5053/1756/182
f 5054/1757/2232 5051/1754/2231 5055/1758/2233
f 5051/1754/2231 5048/1751/2230 5055/1758/2233
f 5048/1751/2230 5046/1749/2229 5055/1758/2233
f 5056/1759/1661 5055/1758/2233 5046/1749/2229
f 5057/1760/293 5056/1759/1661 5046/1749/2229
f 5058/1761/1661 5057/1760/293 5046/1749/2229
f 5059/1762/2234 5056/1759/1661 5057/1760/293
f 5057/1760/293 5058/1761/1661 5060/1763/2235
f 5057/1760/293 5061/1764/2235 5059/1762/2234
f 5060/1763/2235 5061/1764/2235 5057/1760/293
f 5062/1765/2236 5059/1762/2234 5061/1764/2235
f 5061/1764/2235 5060/1763/2235 5063/1766/1291
f 5061/1764/2235 5064/1767/1291 5062/1765/2236
f 5063/1766/1291 5064/1767/1291 5061/1764/2235
f 5065/1768/2237 5062/1765/2236 5064/1767/1291
f 5064/1767/1291 5063/1766/1291 5066/1769/773
f 5064/1767/1291 5067/1770/2238 5065/1768/2237
f 5066/1769/773 5067/1770/2238 5064/1767/1291
f 5065/1768/2237 5067/1770/2238 5068/1771/295
f 5067/1770/2238 5066/1769/773 5068/1771/295
f 5066/1769/773 5069/1772/295 5068/1771/295
f 5066/1769/773 5070/1773/295 5069/1772/295
f 5069/1772/295 5070/1773/295 5071/1774/2239
f 5072/1775/295 5070/1773/295 5066/1769/773
f 5071/1774/2239 5073/1776/295 5069/1772/295
f 5066/1769/773 5074/1777/773 5072/1775/295
f 5073/1776/295 5071/1774/2239 5075/1778/2240
f 5075/1778/2240 5076/1779/295 5073/1776/295
f 5075/1778/2240 5071/1774/2239 5077/1780/1876
f 5077/1780/1876 5078/1781/1747 5075/1778/2240
f 5078/1781/1747 5077/1780/1876 5079/1782/2241
f 5079/1782/2241 5080/1783/1743 5078/1781/1747
f 5080/1783/1743 5079/1782/2241 5081/1784/2215
f 5081/1784/2215 5082/1785/2215 5080/1783/1743
f 5081/1784/2215 5079/1782/2241 5083/1786/2242
f 5083/1786/2242 5084/1787/2215 5081/1784/2215
f 5085/1788/2215 5084/1787/2215 5083/1786/2242
f 5083/1786/2242 5086/1789/2243 5085/1788/2215
f 5086/1789/2243 5083/1786/2242 5087/1790/1873
f 5087/1790/1873 5088/1791/1873 5086/1789/2243
f 5088/1791/1873 5087/1790/1873 5089/1792/2239
f 5089/1792/2239 5090/1793/2239 5088/1791/1873
f 5091/1794/295 5090/1793/2239 5089/1792/2239
f 5089/1792/2239 5092/1795/2244 5091/1794/295
f 5089/1792/2239 5072/1775/295 5092/1795/2244
f 5072/1775/295 5093/1796/295 5092/1795/2244
f 5072/1775/295 5074/1777/773 5093/1796/295
f 5093/1796/295 5074/1777/773 5094/1797/2245
f 5094/1797/2245 5095/1798/295 5093/1796/295
f 5094/1797/2245 5074/1777/773 5096/1799/1291
f 5096/1799/1291 5097/1800/2246 5094/1797/2245
f 5097/1800/2246 5096/1799/1291 5098/1801/1885
f 5098/1801/1885 5099/1802/2247 5097/1800/2246
f 5099/1802/2247 5098/1801/1885 5100/1803/2248
f 5100/1803/2248 5101/1804/299 5099/1802/2247
f 5102/1806/297 5103/1805/297 5101/1804/299
f 5101/1804/299 5104/1807/297 5102/1806/297
f 5104/1807/297 5101/1804/299 5100/1803/2248
f 5100/1803/2248 5105/1808/656 5104/1807/297
f 5106/1857/2249 5107/1856/2250 5108/1855/2249
f 5108/1855/2249 5109/1858/2249 5106/1857/2249
f 5106/1857/2249 5109/1858/2249 5110/1859/2249
f 5111/1860/219 5106/1857/2249 5110/1859/2249
f 5112/1861/219 5111/1860/219 5110/1859/2249
f 5113/1862/2152 5112/1861/219 5110/1859/2249
f 5114/1863/2249 5113/1862/2152 5110/1859/2249
f 5110/1859/2249 5115/1864/2249 5114/1863/2249
f 5116/200/2251 5117/199/2252 5118/1921/2253
f 5118/1921/2253 5119/1922/2254 5116/200/2251
f 5120/1923/2255 5119/1922/2254 5118/1921/2253
f 5121/1924/2256 5120/1923/2255 5118/1921/2253
f 5118/1921/2253 5122/1925/2257 5121/1924/2256
f 5123/1926/2258 5124/874/2259 5125/873/2260
f 5125/873/2260 5126/1927/2261 5123/1926/2258
f 5126/1927/2261 5127/1928/2262 5123/1926/2258
f 5128/1929/2263 5123/1926/2258 5127/1928/2262
f 5128/1929/2263 5129/1930/2264 5123/1926/2258
f 5130/1926/2265 5129/1930/2264 5128/1929/2263
f 5131/1928/2266 5130/1926/2265 5128/1929/2263
f 5131/1928/2266 5132/1927/2267 5130/1926/2265
f 5130/1926/2265 5132/1927/2267 5133/873/2268
f 5133/873/2268 5134/874/2269 5130/1926/2265
f 5135/306/2270 5136/1931/2271 5137/307/2272
f 5136/1931/2271 5138/1932/2273 5137/307/2272
f 5138/1932/2273 5139/1933/2274 5137/307/2272
f 5138/1932/2273 5136/1931/2271 5140/1934/2275
f 5138/1932/2273 5140/1934/2275 5139/1933/2274
f 5140/1934/2275 5141/1935/2276 5139/1933/2274
f 5142/1935/2277 5141/1935/2276 5140/1934/2275
f 5140/1934/2275 5143/1934/2277 5142/1935/2277
f 5142/1935/2277 5143/1934/2277 5144/1934/2278
f 5144/1934/2278 5145/1935/2279 5142/1935/2277
f 5145/1935/2279 5144/1934/2278 5146/1936/2280
f 5144/1934/2278 5147/1937/2281 5146/1936/2280
f 5146/1936/2280 5147/1937/2281 5148/1938/2282
f 5144/1934/2278 5149/1939/2283 5147/1937/2281
f 5147/1937/2281 5149/1939/2283 5148/1938/2282
f 5149/1939/2283 5150/1940/2284 5148/1938/2282
f 5151/1941/2285 5152/340/2286 5153/343/2287
f 5154/1942/2288 5151/1941/2285 5153/343/2287
f 5155/1943/2289 5154/1942/2288 5153/343/2287
f 5156/1944/2290 5151/1941/2285 5154/1942/2288
f 5156/1944/2290 5154/1942/2288 5155/1943/2289
f 5157/1945/2291 5156/1944/2290 5155/1943/2289
f 5156/1944/2290 5157/1945/2291 5158/1945/2292
f 5158/1945/2292 5159/1944/2293 5156/1944/2290
f 5160/1944/2294 5159/1944/2293 5158/1945/2292
f 5158/1945/2292 5161/1945/2295 5160/1944/2294
f 5160/1944/2294 5161/1945/2295 5162/1946/2296
f 5163/1947/2297 5160/1944/2294 5162/1946/2296
f 5163/1947/2297 5162/1946/2296 5164/1948/2298
f 5163/1947/2297 5165/1949/2299 5160/1944/2294
f 5165/1949/2299 5163/1947/2297 5164/1948/2298
f 5166/1950/2300 5165/1949/2299 5164/1948/2298
f 5167/1951/182 5168/1952/2301 5169/1953/2302
f 5168/1952/2301 5170/1954/182 5169/1953/2302
f 5170/1954/182 5171/1955/182 5169/1953/2302
f 5168/1952/2301 5172/1956/182 5170/1954/182
f 5170/1954/182 5172/1956/182 5173/1952/2303
f 5170/1954/182 5173/1952/2303 5174/1953/2304
f 5173/1952/2303 5175/1951/182 5174/1953/2304
f 5176/1955/618 5170/1954/182 5174/1953/2304
f 5177/1957/2270 5178/1958/2305 5179/1959/2305
f 5179/1959/2305 5180/1960/2270 5177/1957/2270
f 5177/1957/2270 5180/1960/2270 5181/1961/206
f 5177/1957/2270 5181/1961/206 5182/1962/206
f 5183/1963/207 5177/1957/2270 5182/1962/206
f 5184/1957/2306 5183/1963/207 5182/1962/206
f 5185/1961/206 5184/1957/2306 5182/1962/206
f 5185/1961/206 5186/1960/2286 5184/1957/2306
f 5184/1957/2306 5186/1960/2286 5187/1959/464
f 5187/1959/464 5188/1958/2305 5184/1957/2306
f 5189/1964/368 5190/1964/368 5191/1965/368
f 5192/1966/368 5189/1964/368 5191/1965/368
f 5192/1966/368 5193/1967/368 5189/1964/368
f 5192/1966/368 5191/1965/368 5194/1966/368
f 5195/1965/368 5192/1966/368 5194/1966/368
f 5195/1965/368 5196/1964/368 5192/1966/368
f 5196/1964/368 5197/1967/368 5192/1966/368
f 5195/1965/368 5198/1964/368 5196/1964/368
f 5199/1921/2307 5200/199/2308 5201/200/2251
f 5201/200/2251 5202/1922/2309 5199/1921/2307
f 5202/1922/2309 5203/1923/2310 5199/1921/2307
f 5199/1921/2307 5203/1923/2310 5204/1924/2311
f 5204/1924/2311 5205/1925/2312 5199/1921/2307
f 5206/1931/2313 5207/306/2286 5208/307/2287
f 5209/1932/2314 5206/1931/2313 5208/307/2287
f 5210/1933/2289 5209/1932/2314 5208/307/2287
f 5211/1934/2290 5206/1931/2313 5209/1932/2314
f 5211/1934/2290 5209/1932/2314 5210/1933/2289
f 5212/1935/2315 5211/1934/2290 5210/1933/2289
f 5211/1934/2290 5212/1935/2315 5213/1935/2293
f 5213/1935/2293 5214/1934/2316 5211/1934/2290
f 5215/1934/2294 5214/1934/2316 5213/1935/2293
f 5213/1935/2293 5216/1935/2295 5215/1934/2294
f 5215/1934/2294 5216/1935/2295 5217/1936/2296
f 5218/1937/2297 5215/1934/2294 5217/1936/2296
f 5218/1937/2297 5217/1936/2296 5219/1938/2298
f 5218/1937/2297 5220/1939/2299 5215/1934/2294
f 5220/1939/2299 5218/1937/2297 5219/1938/2298
f 5221/1940/2300 5220/1939/2299 5219/1938/2298
f 5222/340/2270 5223/1941/2271 5224/343/2317
f 5223/1941/2271 5225/1942/2318 5224/343/2317
f 5225/1942/2318 5226/1943/2319 5224/343/2317
f 5225/1942/2318 5223/1941/2271 5227/1944/2275
f 5225/1942/2318 5227/1944/2275 5226/1943/2319
f 5227/1944/2275 5228/1945/2276 5226/1943/2319
f 5229/1945/2277 5228/1945/2276 5227/1944/2275
f 5227/1944/2275 5230/1944/2277 5229/1945/2277
f 5229/1945/2277 5230/1944/2277 5231/1944/2278
f 5231/1944/2278 5232/1945/2279 5229/1945/2277
f 5232/1945/2279 5231/1944/2278 5233/1946/2280
f 5231/1944/2278 5234/1947/2320 5233/1946/2280
f 5233/1946/2280 5234/1947/2320 5235/1948/2282
f 5231/1944/2278 5236/1949/2283 5234/1947/2320
f 5234/1947/2320 5236/1949/2283 5235/1948/2282
f 5236/1949/2283 5237/1950/2284 5235/1948/2282
f 5238/1968/2321 5239/1969/2322 5240/1970/2323
f 5239/1969/2322 5241/1971/2324 5240/1970/2323
f 5239/1969/2322 5242/1968/2259 5243/1970/2325
f 5244/1971/2324 5239/1969/2322 5243/1970/2325
f 5239/1969/2322 5245/1972/2326 5241/1971/2324
f 5244/1971/2324 5245/1972/2326 5239/1969/2322
f 5241/1971/2324 5245/1972/2326 5246/1973/2327
f 5246/1973/2327 5245/1972/2326 5244/1971/2324
f 5246/1973/2327 5247/1974/1047 5241/1971/2324
f 5244/1971/2324 5248/1974/1047 5246/1973/2327
f 5247/1974/1047 5246/1973/2327 5249/1975/2180
f 5249/1975/2180 5246/1973/2327 5248/1974/1047
f 5249/1975/2180 5250/1976/2180 5247/1974/1047
f 5248/1974/1047 5251/1976/2180 5249/1975/2180
f 5252/1977/2328 5253/1978/368 5254/1979/368
f 5255/1980/2329 5252/1977/2328 5254/1979/368
f 5255/1980/2329 5254/1979/368 5256/1981/368
f 5257/1979/368 5255/1980/2329 5256/1981/368
f 5257/1979/368 5258/1977/2328 5255/1980/2329
f 5257/1979/368 5259/1978/2330 5258/1977/2328
f 5260/1982/368 5256/1981/368 5254/1979/368
f 5257/1979/368 5256/1981/368 5260/1982/368
f 5254/1979/368 5261/1983/368 5260/1982/368
f 5260/1982/368 5262/1983/368 5257/1979/368
f 5263/1984/368 5261/1983/368 5254/1979/368
f 5262/1983/368 5264/1984/368 5257/1979/368
f 5265/1985/368 5261/1983/368 5263/1984/368
f 5264/1984/368 5262/1983/368 5266/1985/368
f 5263/1984/368 5267/1986/368 5265/1985/368
f 5266/1985/368 5268/1986/368 5264/1984/368
f 5269/1987/368 5265/1985/368 5267/1986/368
f 5268/1986/368 5266/1985/368 5270/1987/368
f 5267/1986/368 5271/1988/368 5269/1987/368
f 5270/1987/368 5272/1988/368 5268/1986/368
f 5273/1989/368 5269/1987/368 5271/1988/368
f 5272/1988/368 5270/1987/368 5274/1989/368
f 5271/1988/368 5275/1990/368 5273/1989/368
f 5274/1989/368 5276/1990/368 5272/1988/368
f 5273/1989/368 5275/1990/368 5277/1991/368
f 5277/1991/368 5276/1990/368 5274/1989/368
f 5277/1991/368 5278/1992/368 5273/1989/368
f 5274/1989/368 5278/1992/368 5277/1991/368
f 5279/1993/364 5280/1994/364 5281/1995/364
f 5282/1996/364 5281/1995/364 5283/1997/364
f 5282/1996/364 5279/1993/364 5281/1995/364
f 5284/1995/364 5279/1993/364 5282/1996/364
f 5284/1995/364 5282/1996/364 5285/1997/364
f 5284/1995/364 5286/1994/364 5279/1993/364
f 5287/1998/18 5288/1999/18 5289/2000/18
f 5289/2000/18 5290/2001/18 5291/2002/18
f 5289/2000/18 5292/2003/18 5287/1998/18
f 5291/2002/18 5292/2003/18 5289/2000/18
f 5293/2004/1924 5287/1998/18 5292/2003/18
f 5292/2003/18 5291/2002/18 5294/2005/1924
f 5292/2003/18 5295/2006/2331 5293/2004/1924
f 5294/2005/1924 5295/2006/2331 5292/2003/18
f 5296/2007/18 5293/2004/1924 5295/2006/2331
f 5295/2006/2331 5294/2005/1924 5297/2008/18
f 5295/2006/2331 5298/2009/18 5296/2007/18
f 5297/2008/18 5298/2009/18 5295/2006/2331
f 5296/2007/18 5298/2009/18 5299/2010/18
f 5299/2010/18 5298/2009/18 5297/2008/18
f 5299/2010/18 5300/2011/1923 5296/2007/18
f 5297/2008/18 5301/2012/1923 5299/2010/18
f 5302/2000/2332 5303/1999/60 5304/1998/1364
f 5305/2002/2333 5306/2001/60 5302/2000/2332
f 5304/1998/1364 5307/2003/60 5302/2000/2332
f 5302/2000/2332 5307/2003/60 5305/2002/2333
f 5307/2003/60 5304/1998/1364 5308/2004/60
f 5309/2005/60 5305/2002/2333 5307/2003/60
f 5308/2004/60 5310/2006/2334 5307/2003/60
f 5307/2003/60 5310/2006/2334 5309/2005/60
f 5310/2006/2334 5308/2004/60 5311/2007/60
f 5312/2008/60 5309/2005/60 5310/2006/2334
f 5311/2007/60 5313/2009/60 5310/2006/2334
f 5310/2006/2334 5313/2009/60 5312/2008/60
f 5314/2010/60 5313/2009/60 5311/2007/60
f 5312/2008/60 5313/2009/60 5314/2010/60
f 5311/2007/60 5315/2011/60 5314/2010/60
f 5314/2010/60 5316/2012/60 5312/2008/60
f 5317/2013/163 5318/2014/2335 5319/2015/163
f 5318/2014/2335 5320/2016/2336 5319/2015/163
f 5320/2016/2336 5321/2017/2337 5319/2015/163
f 5322/2018/2338 5321/2017/2337 5320/2016/2336
f 5320/2016/2336 5318/2014/2335 5323/2019/2339
f 5318/2014/2335 5324/2020/2340 5323/2019/2339
f 5325/2021/2341 5320/2016/2336 5323/2019/2339
f 5320/2016/2336 5325/2021/2341 5322/2018/2338
f 5326/2022/529 5323/2019/2339 5324/2020/2340
f 5327/2023/2342 5322/2018/2338 5325/2021/2341
f 5324/2020/2340 5328/2024/301 5326/2022/529
f 5329/2025/521 5322/2018/2338 5327/2023/2342
f 5326/2022/529 5328/2024/301 5330/2026/2343
f 5327/2023/2342 5331/2027/2344 5329/2025/521
f 5326/2022/529 5330/2026/2343 5332/2028/2345
f 5333/2029/303 5329/2025/521 5331/2027/2344
f 5332/2028/2345 5334/2030/2344 5326/2022/529
f 5331/2027/2344 5335/2031/302 5333/2029/303
f 5336/2032/302 5334/2030/2344 5332/2028/2345
f 5337/2033/2346 5333/2029/303 5335/2031/302
f 5332/2028/2345 5338/2034/303 5336/2032/302
f 5335/2031/302 5339/2035/2347 5337/2033/2346
f 5340/2036/2348 5336/2032/302 5338/2034/303
f 5341/2037/2349 5337/2033/2346 5339/2035/2347
f 5338/2034/303 5342/2038/2348 5340/2036/2348
f 5339/2035/2347 5343/2039/2350 5341/2037/2349
f 5340/2036/2348 5342/2038/2348 5344/2040/2351
f 5345/2041/2352 5341/2037/2349 5343/2039/2350
f 5344/2040/2351 5346/2042/2350 5340/2036/2348
f 5343/2039/2350 5347/2043/2353 5345/2041/2352
f 5346/2042/2350 5344/2040/2351 5348/2044/2354
f 5345/2041/2352 5347/2043/2353 5349/2045/2355
f 5348/2044/2354 5350/2046/2356 5346/2042/2350
f 5349/2045/2355 5351/2047/642 5345/2041/2352
f 5350/2046/2356 5348/2044/2354 5352/2048/2357
f 5349/2045/2355 5353/2049/2358 5351/2047/642
f 5352/2048/2357 5354/2050/2359 5350/2046/2356
f 5353/2049/2358 5355/2051/2360 5351/2047/642
f 5354/2050/2359 5352/2048/2357 5356/2052/2361
f 5355/2051/2360 5357/2053/2362 5351/2047/642
f 5356/2052/2361 5358/2054/2353 5354/2050/2359
f 5359/2055/2363 5357/2053/2362 5355/2051/2360
f 5360/2056/2364 5358/2054/2353 5356/2052/2361
f 5361/2057/2365 5359/2055/2363 5355/2051/2360
f 5356/2052/2361 5362/2058/2364 5360/2056/2364
f 5361/2057/2365 5363/2059/2366 5359/2055/2363
f 5364/2060/2358 5360/2056/2364 5362/2058/2364
f 5361/2057/2365 5365/2061/2367 5363/2059/2366
f 5366/2062/2360 5364/2060/2358 5362/2058/2364
f 5365/2061/2367 5367/2063/2368 5363/2059/2366
f 5367/2063/2368 5366/2062/2360 5362/2058/2364
f 5365/2061/2367 5366/2062/2360 5367/2063/2368
f 5368/2064/960 5369/2065/960 5370/2066/953
f 5371/2066/959 5372/2065/960 5368/2064/960
f 5370/2066/953 5373/2067/953 5368/2064/960
f 5368/2064/960 5373/2067/953 5371/2066/959
f 5373/2067/953 5370/2066/953 5374/2068/958
f 5375/2068/958 5371/2066/959 5373/2067/953
f 5374/2068/958 5376/2069/958 5373/2067/953
f 5373/2067/953 5376/2069/958 5375/2068/958
f 5377/2070/2076 5378/2071/2076 5379/2072/205
f 5380/2072/2369 5381/2071/2076 5377/2070/2076
f 5379/2072/205 5382/2073/205 5377/2070/2076
f 5377/2070/2076 5382/2073/205 5380/2072/2369
f 5382/2073/205 5379/2072/205 5383/2074/2073
f 5384/2074/2073 5380/2072/2369 5382/2073/205
f 5383/2074/2073 5385/2075/2370 5382/2073/205
f 5382/2073/205 5385/2075/2370 5384/2074/2073
f 5386/2076/2371 5387/2077/2372 5388/2078/2373
f 5389/2079/2374 5390/2080/2375 5386/2076/2371
f 5389/2079/2374 5386/2076/2371 5388/2078/2373
f 5389/2079/2374 5388/2078/2373 5391/2081/2376
f 5388/2078/2373 5392/2082/446 5391/2081/2376
f 5393/2083/2377 5389/2079/2374 5391/2081/2376
f 5394/2079/2167 5393/2083/2377 5391/2081/2376
f 5395/2082/446 5396/2078/2378 5391/2081/2376
f 5396/2078/2378 5394/2079/2167 5391/2081/2376
f 5396/2078/2378 5397/2076/2379 5394/2079/2167
f 5397/2076/2379 5398/2080/2375 5394/2079/2167
f 5396/2078/2378 5399/2077/2372 5397/2076/2379
f 5400/2000/60 5401/1999/2333 5402/1998/60
f 5403/2002/60 5404/2001/60 5400/2000/60
f 5402/1998/60 5405/2003/60 5400/2000/60
f 5400/2000/60 5405/2003/60 5403/2002/60
f 5405/2003/60 5402/1998/60 5406/2004/60
f 5407/2005/60 5403/2002/60 5405/2003/60
f 5406/2004/60 5408/2006/2380 5405/2003/60
f 5405/2003/60 5408/2006/2380 5407/2005/60
f 5408/2006/2380 5406/2004/60 5409/2007/60
f 5410/2008/60 5407/2005/60 5408/2006/2380
f 5409/2007/60 5411/2009/60 5408/2006/2380
f 5408/2006/2380 5411/2009/60 5410/2008/60
f 5412/2010/60 5411/2009/60 5409/2007/60
f 5410/2008/60 5411/2009/60 5412/2010/60
f 5409/2007/60 5413/2011/60 5412/2010/60
f 5412/2010/60 5414/2012/60 5410/2008/60
f 5415/1998/18 5416/1999/18 5417/2000/18
f 5417/2000/18 5418/2001/18 5419/2002/18
f 5417/2000/18 5420/2003/18 5415/1998/18
f 5419/2002/18 5420/2003/18 5417/2000/18
f 5421/2004/18 5415/1998/18 5420/2003/18
f 5420/2003/18 5419/2002/18 5422/2005/18
f 5420/2003/18 5423/2006/18 5421/2004/18
f 5422/2005/18 5423/2006/18 5420/2003/18
f 5424/2007/18 5421/2004/18 5423/2006/18
f 5423/2006/18 5422/2005/18 5425/2008/18
f 5423/2006/18 5426/2009/18 5424/2007/18
f 5425/2008/18 5426/2009/18 5423/2006/18
f 5424/2007/18 5426/2009/18 5427/2010/18
f 5427/2010/18 5426/2009/18 5425/2008/18
f 5427/2010/18 5428/2011/18 5424/2007/18
f 5425/2008/18 5429/2012/18 5427/2010/18
f 5430/2014/2381 5431/2013/163 5432/2015/163
f 5433/2016/2382 5430/2014/2381 5432/2015/163
f 5434/2017/2383 5433/2016/2382 5432/2015/163
f 5433/2016/2382 5434/2017/2383 5435/2018/2384
f 5430/2014/2381 5433/2016/2382 5436/2019/2385
f 5437/2020/2090 5430/2014/2381 5436/2019/2385
f 5433/2016/2382 5438/2021/2386 5436/2019/2385
f 5435/2018/2384 5438/2021/2386 5433/2016/2382
f 5437/2020/2090 5436/2019/2385 5439/2022/2387
f 5435/2018/2384 5440/2023/105 5438/2021/2386
f 5439/2022/2387 5441/2024/267 5437/2020/2090
f 5440/2023/105 5435/2018/2384 5442/2025/838
f 5441/2024/267 5439/2022/2387 5443/2026/2388
f 5442/2025/838 5444/2027/2389 5440/2023/105
f 5445/2028/2390 5443/2026/2388 5439/2022/2387
f 5444/2027/2389 5442/2025/838 5446/2029/269
f 5439/2022/2387 5447/2030/2391 5445/2028/2390
f 5446/2029/269 5448/2031/269 5444/2027/2389
f 5445/2028/2390 5447/2030/2391 5449/2032/269
f 5448/2031/269 5446/2029/269 5450/2033/118
f 5449/2032/269 5451/2034/269 5445/2028/2390
f 5450/2033/118 5452/2035/118 5448/2031/269
f 5451/2034/269 5449/2032/269 5453/2036/118
f 5452/2035/118 5450/2033/118 5454/2037/1195
f 5453/2036/118 5455/2038/118 5451/2034/269
f 5454/2037/1195 5456/2039/2392 5452/2035/118
f 5457/2040/2393 5455/2038/118 5453/2036/118
f 5456/2039/2392 5454/2037/1195 5458/2041/2394
f 5453/2036/118 5459/2042/2392 5457/2040/2393
f 5458/2041/2394 5460/2043/1354 5456/2039/2392
f 5461/2044/2395 5457/2040/2393 5459/2042/2392
f 5462/2045/2396 5460/2043/1354 5458/2041/2394
f 5459/2042/2392 5463/2046/2397 5461/2044/2395
f 5458/2041/2394 5464/2047/2398 5462/2045/2396
f 5465/2048/2399 5461/2044/2395 5463/2046/2397
f 5466/2049/27 5462/2045/2396 5464/2047/2398
f 5463/2046/2397 5467/2050/2400 5465/2048/2399
f 5468/2051/2401 5466/2049/27 5464/2047/2398
f 5469/2052/2402 5465/2048/2399 5467/2050/2400
f 5470/2053/2403 5468/2051/2401 5464/2047/2398
f 5467/2050/2400 5471/2054/1354 5469/2052/2402
f 5470/2053/2403 5472/2055/2404 5468/2051/2401
f 5469/2052/2402 5471/2054/1354 5473/2056/2405
f 5472/2055/2404 5474/2057/2406 5468/2051/2401
f 5473/2056/2405 5475/2058/2407 5469/2052/2402
f 5472/2055/2404 5476/2059/2408 5474/2057/2406
f 5473/2056/2405 5477/2060/27 5475/2058/2407
f 5476/2059/2408 5478/2061/2409 5474/2057/2406
f 5477/2060/27 5479/2062/2401 5475/2058/2407
f 5476/2059/2408 5480/2063/2410 5478/2061/2409
f 5479/2062/2401 5480/2063/2410 5475/2058/2407
f 5480/2063/2410 5479/2062/2401 5478/2061/2409
f 5481/2084/182 5482/2085/182 5483/2086/182
f 5483/2086/182 5484/2087/182 5481/2084/182
f 5481/2084/182 5484/2087/182 5485/2086/182
f 5485/2086/182 5486/2085/182 5481/2084/182
f 5481/2084/182 5487/2088/182 5488/2089/703
f 5489/2089/2148 5490/2088/182 5481/2084/182
f 5488/2089/703 5491/2090/2411 5481/2084/182
f 5481/2084/182 5491/2090/2411 5489/2089/2148
f 5491/2090/2411 5488/2089/703 5492/2091/219
f 5492/2091/219 5488/2089/703 5493/2092/2412
f 5493/2092/2412 5494/2093/182 5492/2091/219
f 5492/2091/219 5494/2093/182 5495/2094/182
f 5492/2091/219 5496/2095/2413 5491/2090/2411
f 5495/2094/182 5496/2095/2413 5492/2091/219
f 5497/2091/182 5489/2089/2148 5491/2090/2411
f 5491/2090/2411 5496/2095/2413 5497/2091/182
f 5497/2091/182 5496/2095/2413 5495/2094/182
f 5498/2092/2148 5489/2089/2148 5497/2091/182
f 5495/2094/182 5499/2093/182 5497/2091/182
f 5497/2091/182 5499/2093/182 5498/2092/2148
f 5500/2096/364 5501/2097/364 5502/2098/364
f 5501/2097/364 5500/2096/364 5503/2099/364
f 5503/2099/364 5500/2096/364 5504/2100/364
f 5505/2101/364 5501/2097/364 5503/2099/364
f 5504/2100/364 5506/2102/364 5503/2099/364
f 5505/2101/364 5507/2103/364 5501/2097/364
f 5506/2102/364 5504/2100/364 5508/2104/364
f 5507/2103/364 5509/2105/364 5501/2097/364
f 5506/2102/364 5508/2104/364 5510/2106/364
f 5507/2103/364 5511/2107/364 5509/2105/364
f 5512/2108/364 5506/2102/364 5510/2106/364
f 5511/2107/364 5513/2109/364 5509/2105/364
f 5512/2108/364 5510/2106/364 5514/2110/364
f 5511/2107/364 5515/2111/364 5513/2109/364
f 5515/2111/364 5512/2108/364 5514/2110/364
f 5515/2111/364 5516/2112/364 5513/2109/364
f 5515/2111/364 5514/2110/364 5516/2112/364
f 5517/2097/364 5518/2096/364 5519/2098/364
f 5518/2096/364 5517/2097/364 5520/2099/364
f 5521/2100/364 5518/2096/364 5520/2099/364
f 5517/2097/364 5522/2101/364 5520/2099/364
f 5520/2099/364 5523/2102/364 5521/2100/364
f 5517/2097/364 5524/2103/364 5522/2101/364
f 5525/2104/364 5521/2100/364 5523/2102/364
f 5517/2097/364 5526/2105/364 5524/2103/364
f 5527/2106/364 5525/2104/364 5523/2102/364
f 5526/2105/364 5528/2107/364 5524/2103/364
f 5527/2106/364 5523/2102/364 5529/2108/364
f 5526/2105/364 5530/2109/364 5528/2107/364
f 5531/2110/364 5527/2106/364 5529/2108/364
f 5530/2109/364 5532/2111/364 5528/2107/364
f 5531/2110/364 5529/2108/364 5532/2111/364
f 5530/2109/364 5533/2112/364 5532/2111/364
f 5533/2112/364 5531/2110/364 5532/2111/364
f 5534/2113/364 5535/2114/364 5536/2115/364
f 5536/2115/364 5537/2114/364 5538/2113/364
f 5536/2115/364 5539/2116/364 5534/2113/364
f 5538/2113/364 5539/2116/364 5536/2115/364
f 5534/2113/364 5539/2116/364 5540/2115/364
f 5540/2115/364 5539/2116/364 5538/2113/364
f 5540/2115/364 5541/2114/364 5534/2113/364
f 5538/2113/364 5542/2114/364 5540/2115/364
f 5543/2117/2414 5544/2118/2415 5545/2119/2093
f 5546/2120/2093 5547/2121/2414 5543/2117/2414
f 5545/2119/2093 5548/2122/2093 5543/2117/2414
f 5543/2117/2414 5548/2122/2093 5546/2120/2093
f 5549/2123/182 5548/2122/2093 5545/2119/2093
f 5546/2120/2093 5548/2122/2093 5549/2123/182
f 5545/2119/2093 5550/2124/182 5549/2123/182
f 5549/2123/182 5551/2125/182 5546/2120/2093
f 5552/2126/182 5549/2123/182 5550/2124/182
f 5551/2125/182 5549/2123/182 5552/2126/182
f 5550/2124/182 5553/2127/182 5552/2126/182
f 5552/2126/182 5554/2128/182 5551/2125/182
f 5555/2129/182 5552/2126/182 5553/2127/182
f 5554/2128/182 5552/2126/182 5555/2129/182
f 5553/2127/182 5556/2130/182 5555/2129/182
f 5555/2129/182 5557/2131/182 5554/2128/182
f 5555/2129/182 5556/2130/182 5558/2132/182
f 5559/2133/182 5557/2131/182 5555/2129/182
f 5558/2132/182 5560/2134/182 5555/2129/182
f 5555/2129/182 5560/2134/182 5559/2133/182
f 5561/2115/364 5562/2114/364 5563/2113/364
f 5563/2113/364 5564/2114/364 5565/2115/364
f 5563/2113/364 5566/2116/364 5561/2115/364
f 5565/2115/364 5566/2116/364 5563/2113/364
f 5561/2115/364 5566/2116/364 5567/2113/364
f 5567/2113/364 5566/2116/364 5565/2115/364
f 5567/2113/364 5568/2114/364 5561/2115/364
f 5565/2115/364 5569/2114/364 5567/2113/364
f 5570/2119/2093 5571/2118/2414 5572/2117/2414
f 5572/2117/2414 5573/2121/2414 5574/2120/2093
f 5572/2117/2414 5575/2122/2093 5570/2119/2093
f 5574/2120/2093 5575/2122/2093 5572/2117/2414
f 5570/2119/2093 5575/2122/2093 5576/2123/182
f 5576/2123/182 5575/2122/2093 5574/2120/2093
f 5576/2123/182 5577/2124/182 5570/2119/2093
f 5574/2120/2093 5578/2125/182 5576/2123/182
f 5577/2124/182 5576/2123/182 5579/2126/182
f 5579/2126/182 5576/2123/182 5578/2125/182
f 5579/2126/182 5580/2127/182 5577/2124/182
f 5578/2125/182 5581/2128/182 5579/2126/182
f 5580/2127/182 5579/2126/182 5582/2129/182
f 5582/2129/182 5579/2126/182 5581/2128/182
f 5582/2129/182 5583/2130/182 5580/2127/182
f 5581/2128/182 5584/2131/182 5582/2129/182
f 5585/2132/182 5583/2130/182 5582/2129/182
f 5582/2129/182 5584/2131/182 5586/2133/182
f 5582/2129/182 5587/2134/182 5585/2132/182
f 5586/2133/182 5587/2134/182 5582/2129/182
f 5588/2135/18 5589/2136/18 5590/2137/18
f 5591/2138/18 5588/2135/18 5590/2137/18
f 5589/2136/18 5592/2139/18 5590/2137/18
f 5590/2137/18 5593/2140/18 5591/2138/18
f 5592/2139/18 5594/2141/18 5590/2137/18
f 5595/2142/18 5591/2138/18 5593/2140/18
f 5596/2143/1923 5594/2141/18 5592/2139/18
f 5593/2140/18 5597/2144/18 5595/2142/18
f 5592/2139/18 5598/2145/18 5596/2143/1923
f 5597/2144/18 5599/2146/2416 5595/2142/18
f 5596/2143/1923 5598/2145/18 5600/2147/18
f 5600/2147/18 5601/2148/18 5596/2143/1923
f 5601/2148/18 5600/2147/18 5602/2149/18
f 5600/2147/18 5603/2150/18 5602/2149/18
f 5603/2150/18 5604/2151/18 5602/2149/18
f 5602/2149/18 5604/2151/18 5605/2152/18
f 5605/2152/18 5606/2153/18 5602/2149/18
f 5606/2153/18 5605/2152/18 5607/2154/18
f 5607/2154/18 5608/2155/18 5606/2153/18
f 5609/2156/2417 5608/2155/18 5607/2154/18
f 5610/2157/2417 5609/2156/2417 5607/2154/18
f 5607/2154/18 5611/2158/18 5610/2157/2417
f 5610/2157/2417 5611/2158/18 5595/2142/18
f 5595/2142/18 5599/2146/2416 5610/2157/2417
f 5612/2159/2417 5609/2156/2417 5610/2157/2417
f 5610/2157/2417 5599/2146/2416 5613/2160/2417
f 5610/2157/2417 5614/2161/2417 5612/2159/2417
f 5613/2160/2417 5614/2161/2417 5610/2157/2417
f 5615/2162/2418 5612/2159/2417 5614/2161/2417
f 5614/2161/2417 5613/2160/2417 5616/2163/2418
f 5614/2161/2417 5617/2164/2418 5615/2162/2418
f 5616/2163/2418 5617/2164/2418 5614/2161/2417
f 5618/2136/1360 5619/2135/60 5620/2137/60
f 5620/2137/60 5619/2135/60 5621/2138/60
f 5622/2139/2333 5618/2136/1360 5620/2137/60
f 5621/2138/60 5623/2140/60 5620/2137/60
f 5624/2141/60 5622/2139/2333 5620/2137/60
f 5623/2140/60 5621/2138/60 5625/2142/60
f 5622/2139/2333 5624/2141/60 5626/2143/2380
f 5625/2142/60 5627/2144/60 5623/2140/60
f 5626/2143/2380 5628/2145/60 5622/2139/2333
f 5629/2146/2419 5627/2144/60 5625/2142/60
f 5630/2147/1364 5628/2145/60 5626/2143/2380
f 5626/2143/2380 5631/2148/60 5630/2147/1364
f 5630/2147/1364 5631/2148/60 5632/2149/60
f 5633/2150/2420 5630/2147/1364 5632/2149/60
f 5634/2151/60 5633/2150/2420 5632/2149/60
f 5635/2152/60 5634/2151/60 5632/2149/60
f 5632/2149/60 5636/2153/60 5635/2152/60
f 5637/2154/60 5635/2152/60 5636/2153/60
f 5636/2153/60 5638/2155/60 5637/2154/60
f 5638/2155/60 5639/2156/2421 5637/2154/60
f 5637/2154/60 5639/2156/2421 5640/2157/2419
f 5640/2157/2419 5641/2158/60 5637/2154/60
f 5625/2142/60 5641/2158/60 5640/2157/2419
f 5640/2157/2419 5629/2146/2419 5625/2142/60
f 5640/2157/2419 5639/2156/2421 5642/2159/2419
f 5643/2160/2419 5629/2146/2419 5640/2157/2419
f 5642/2159/2419 5644/2161/2419 5640/2157/2419
f 5640/2157/2419 5644/2161/2419 5643/2160/2419
f 5644/2161/2419 5642/2159/2419 5645/2162/2422
f 5646/2163/2423 5643/2160/2419 5644/2161/2419
f 5645/2162/2422 5647/2164/2424 5644/2161/2419
f 5644/2161/2419 5647/2164/2424 5646/2163/2423
f 5648/2136/60 5649/2135/60 5650/2137/60
f 5650/2137/60 5649/2135/60 5651/2138/60
f 5652/2139/2333 5648/2136/60 5650/2137/60
f 5651/2138/60 5653/2140/60 5650/2137/60
f 5654/2141/60 5652/2139/2333 5650/2137/60
f 5653/2140/60 5651/2138/60 5655/2142/60
f 5652/2139/2333 5654/2141/60 5656/2143/2380
f 5655/2142/60 5657/2144/60 5653/2140/60
f 5656/2143/2380 5658/2145/60 5652/2139/2333
f 5659/2146/2419 5657/2144/60 5655/2142/60
f 5660/2147/1364 5658/2145/60 5656/2143/2380
f 5656/2143/2380 5661/2148/60 5660/2147/1364
f 5660/2147/1364 5661/2148/60 5662/2149/60
f 5663/2150/60 5660/2147/1364 5662/2149/60
f 5664/2151/60 5663/2150/60 5662/2149/60
f 5665/2152/60 5664/2151/60 5662/2149/60
f 5662/2149/60 5666/2153/60 5665/2152/60
f 5667/2154/2333 5665/2152/60 5666/2153/60
f 5666/2153/60 5668/2155/60 5667/2154/2333
f 5668/2155/60 5669/2156/2425 5667/2154/2333
f 5667/2154/2333 5669/2156/2425 5670/2157/2419
f 5670/2157/2419 5671/2158/60 5667/2154/2333
f 5655/2142/60 5671/2158/60 5670/2157/2419
f 5670/2157/2419 5659/2146/2419 5655/2142/60
f 5670/2157/2419 5669/2156/2425 5672/2159/2426
f 5673/2160/2426 5659/2146/2419 5670/2157/2419
f 5672/2159/2426 5674/2161/2419 5670/2157/2419
f 5670/2157/2419 5674/2161/2419 5673/2160/2426
f 5674/2161/2419 5672/2159/2426 5675/2162/2427
f 5676/2163/2428 5673/2160/2426 5674/2161/2419
f 5675/2162/2427 5677/2164/2429 5674/2161/2419
f 5674/2161/2419 5677/2164/2429 5676/2163/2428
f 5678/2135/18 5679/2136/18 5680/2137/18
f 5681/2138/18 5678/2135/18 5680/2137/18
f 5679/2136/18 5682/2139/1245 5680/2137/18
f 5680/2137/18 5683/2140/18 5681/2138/18
f 5682/2139/1245 5684/2141/18 5680/2137/18
f 5685/2142/18 5681/2138/18 5683/2140/18
f 5686/2143/1924 5684/2141/18 5682/2139/1245
f 5683/2140/18 5687/2144/18 5685/2142/18
f 5682/2139/1245 5688/2145/18 5686/2143/1924
f 5687/2144/18 5689/2146/2430 5685/2142/18
f 5686/2143/1924 5688/2145/18 5690/2147/2431
f 5690/2147/2431 5691/2148/18 5686/2143/1924
f 5691/2148/18 5690/2147/2431 5692/2149/18
f 5690/2147/2431 5693/2150/18 5692/2149/18
f 5693/2150/18 5694/2151/18 5692/2149/18
f 5692/2149/18 5694/2151/18 5695/2152/18
f 5695/2152/18 5696/2153/18 5692/2149/18
f 5696/2153/18 5695/2152/18 5697/2154/1245
f 5697/2154/1245 5698/2155/18 5696/2153/18
f 5699/2156/2417 5698/2155/18 5697/2154/1245
f 5700/2157/2417 5699/2156/2417 5697/2154/1245
f 5697/2154/1245 5701/2158/18 5700/2157/2417
f 5700/2157/2417 5701/2158/18 5685/2142/18
f 5685/2142/18 5689/2146/2430 5700/2157/2417
f 5702/2159/2417 5699/2156/2417 5700/2157/2417
f 5700/2157/2417 5689/2146/2430 5703/2160/2417
f 5700/2157/2417 5704/2161/2432 5702/2159/2417
f 5703/2160/2417 5704/2161/2432 5700/2157/2417
f 5705/2162/2418 5702/2159/2417 5704/2161/2432
f 5704/2161/2432 5703/2160/2417 5706/2163/2418
f 5704/2161/2432 5707/2164/2433 5705/2162/2418
f 5706/2163/2418 5707/2164/2433 5704/2161/2432
f 5708/2165/163 5709/2166/163 5710/2167/163
f 5711/2168/163 5708/2165/163 5710/2167/163
f 5712/2169/163 5711/2168/163 5710/2167/163
f 5708/2165/163 5711/2168/163 5713/2170/163
f 5714/2168/163 5712/2169/163 5710/2167/163
f 5715/2171/163 5708/2165/163 5713/2170/163
f 5715/2171/163 5716/2172/163 5708/2165/163
f 5717/2173/163 5715/2171/163 5713/2170/163
f 5716/2172/163 5715/2171/163 5718/2174/163
f 5719/2175/163 5717/2173/163 5713/2170/163
f 5718/2174/163 5720/2176/163 5716/2172/163
f 5717/2173/163 5719/2175/163 5721/2170/163
f 5722/2177/163 5720/2176/163 5718/2174/163
f 5723/2171/163 5717/2173/163 5721/2170/163
f 5722/2177/163 5718/2174/163 5724/2178/163
f 5725/2179/163 5722/2177/163 5724/2178/163
f 5726/2177/163 5725/2179/163 5724/2178/163
f 5727/2174/163 5726/2177/163 5724/2178/163
f 5727/2174/163 5728/2176/163 5726/2177/163
f 5729/2172/163 5728/2176/163 5727/2174/163
f 5727/2174/163 5723/2171/163 5729/2172/163
f 5730/2165/163 5729/2172/163 5723/2171/163
f 5730/2165/163 5723/2171/163 5721/2170/163
f 5714/2168/163 5730/2165/163 5721/2170/163
f 5730/2165/163 5714/2168/163 5710/2167/163
f 5731/2166/163 5730/2165/163 5710/2167/163
f 5732/2180/2434 5733/2181/2435 5734/2182/1103
f 5735/2182/2436 5733/2181/2435 5732/2180/2434
f 5734/2182/1103 5736/2183/1101 5732/2180/2434
f 5732/2180/2434 5737/2183/1723 5735/2182/2436
f 5738/2184/2437 5732/2180/2434 5736/2183/1101
f 5732/2180/2434 5738/2184/2437 5737/2183/1723
f 5739/2185/2437 5738/2184/2437 5736/2183/1101
f 5740/2186/2438 5739/2185/2437 5736/2183/1101
f 5738/2184/2437 5741/2185/2437 5737/2183/1723
f 5741/2185/2437 5742/2186/2439 5737/2183/1723
f 5739/2185/2437 5740/2186/2438 5743/2187/163
f 5743/2187/163 5740/2186/2438 5744/2188/2440
f 5745/2189/2440 5743/2187/163 5744/2188/2440
f 5743/2187/163 5746/2190/2441 5739/2185/2437
f 5738/2184/2437 5739/2185/2437 5746/2190/2441
f 5745/2189/2440 5747/2191/163 5743/2187/163
f 5746/2190/2441 5748/2192/2441 5738/2184/2437
f 5747/2191/163 5745/2189/2440 5749/2193/2442
f 5738/2184/2437 5748/2192/2441 5750/2190/2441
f 5750/2190/2441 5741/2185/2437 5738/2184/2437
f 5749/2193/2442 5751/2194/163 5747/2191/163
f 5741/2185/2437 5750/2190/2441 5752/2187/2443
f 5752/2187/2443 5742/2186/2439 5741/2185/2437
f 5742/2186/2439 5752/2187/2443 5753/2188/2444
f 5752/2187/2443 5754/2189/2445 5753/2188/2444
f 5752/2187/2443 5755/2191/163 5754/2189/2445
f 5756/2193/2446 5754/2189/2445 5755/2191/163
f 5755/2191/163 5757/2194/163 5756/2193/2446
f 5758/2195/163 5756/2193/2446 5757/2194/163
f 5757/2194/163 5759/2196/163 5758/2195/163
f 5758/2195/163 5759/2196/163 5751/2194/163
f 5751/2194/163 5749/2193/2442 5758/2195/163
f 5760/2197/2447 5756/2193/2446 5758/2195/163
f 5758/2195/163 5749/2193/2442 5761/2197/2448
f 5758/2195/163 5762/2198/163 5760/2197/2447
f 5761/2197/2448 5762/2198/163 5758/2195/163
f 5763/2199/182 5764/2200/2449 5765/2201/2450
f 5765/2201/2450 5766/2202/182 5763/2199/182
f 5765/2201/2450 5764/2200/2449 5767/2203/2451
f 5766/2202/182 5765/2201/2450 5768/2204/2452
f 5768/2204/2452 5769/2205/182 5766/2202/182
f 5767/2203/2451 5770/2206/2453 5765/2201/2450
f 5768/2204/2452 5765/2201/2450 5770/2206/2453
f 5771/2207/2454 5770/2206/2453 5767/2203/2451
f 5767/2203/2451 5772/2208/2455 5771/2207/2454
f 5771/2207/2454 5772/2208/2455 5773/2209/1077
f 5769/2205/182 5768/2204/2452 5774/2210/2456
f 5774/2210/2456 5775/2211/182 5769/2205/182
f 5770/2206/2453 5776/2212/2457 5768/2204/2452
f 5774/2210/2456 5768/2204/2452 5776/2212/2457
f 5770/2206/2453 5771/2207/2454 5777/2213/2458
f 5777/2213/2458 5776/2212/2457 5770/2206/2453
f 5773/2209/1077 5778/2214/2459 5771/2207/2454
f 5777/2213/2458 5771/2207/2454 5778/2214/2459
f 5779/2215/2460 5778/2214/2459 5773/2209/1077
f 5773/2209/1077 5780/2216/2455 5779/2215/2460
f 5779/2215/2460 5780/2216/2455 5781/2217/2461
f 5778/2214/2459 5782/2218/2462 5777/2213/2458
f 5778/2214/2459 5779/2215/2460 5783/2219/2463
f 5783/2219/2463 5782/2218/2462 5778/2214/2459
f 5781/2217/2461 5784/2220/2464 5779/2215/2460
f 5783/2219/2463 5779/2215/2460 5784/2220/2464
f 5785/2221/2465 5784/2220/2464 5781/2217/2461
f 5781/2217/2461 5786/2222/2466 5785/2221/2465
f 5785/2221/2465 5786/2222/2466 5787/2223/163
f 5787/2223/163 5788/2224/163 5785/2221/2465
f 5789/2225/2467 5785/2221/2465 5788/2224/163
f 5784/2220/2464 5785/2221/2465 5789/2225/2467
f 5788/2224/163 5790/2226/163 5789/2225/2467
f 5789/2225/2467 5791/2227/2468 5784/2220/2464
f 5784/2220/2464 5791/2227/2468 5783/2219/2463
f 5792/2228/2469 5789/2225/2467 5790/2226/163
f 5791/2227/2468 5789/2225/2467 5792/2228/2469
f 5790/2226/163 5793/2229/163 5792/2228/2469
f 5794/2230/2470 5783/2219/2463 5791/2227/2468
f 5782/2218/2462 5783/2219/2463 5794/2230/2470
f 5792/2228/2469 5795/2231/2471 5791/2227/2468
f 5791/2227/2468 5795/2231/2471 5794/2230/2470
f 5796/2232/2472 5792/2228/2469 5793/2229/163
f 5793/2229/163 5797/2233/163 5796/2232/2472
f 5796/2232/2472 5797/2233/163 5798/2234/163
f 5799/2235/2473 5795/2231/2471 5792/2228/2469
f 5792/2228/2469 5796/2232/2472 5799/2235/2473
f 5798/2234/163 5800/2236/2474 5796/2232/2472
f 5799/2235/2473 5796/2232/2472 5800/2236/2474
f 5800/2236/2474 5798/2234/163 5801/2237/163
f 5795/2231/2471 5799/2235/2473 5802/2238/2475
f 5802/2238/2475 5794/2230/2470 5795/2231/2471
f 5800/2236/2474 5803/2239/2476 5799/2235/2473
f 5802/2238/2475 5799/2235/2473 5803/2239/2476
f 5801/2237/163 5804/2240/2477 5800/2236/2474
f 5804/2240/2477 5801/2237/163 5805/2241/163
f 5806/2242/2478 5803/2239/2476 5800/2236/2474
f 5800/2236/2474 5804/2240/2477 5806/2242/2478
f 5805/2241/163 5807/2243/2479 5804/2240/2477
f 5807/2243/2479 5805/2241/163 5808/2244/163
f 5808/2244/163 5809/2245/2480 5807/2243/2479
f 5807/2243/2479 5809/2245/2480 5810/2246/2481
f 5804/2240/2477 5807/2243/2479 5811/2247/2482
f 5810/2246/2481 5811/2247/2482 5807/2243/2479
f 5811/2247/2482 5806/2242/2478 5804/2240/2477
f 5812/2248/2483 5811/2247/2482 5810/2246/2481
f 5810/2246/2481 5813/2249/1709 5812/2248/2483
f 5812/2248/2483 5813/2249/1709 5814/2250/1709
f 5815/2251/2484 5806/2242/2478 5811/2247/2482
f 5811/2247/2482 5812/2248/2483 5815/2251/2484
f 5816/2252/2485 5803/2239/2476 5806/2242/2478
f 5806/2242/2478 5815/2251/2484 5816/2252/2485
f 5803/2239/2476 5816/2252/2485 5802/2238/2475
f 5815/2251/2484 5812/2248/2483 5817/2253/2486
f 5814/2250/1709 5817/2253/2486 5812/2248/2483
f 5816/2252/2485 5815/2251/2484 5818/2254/2487
f 5817/2253/2486 5818/2254/2487 5815/2251/2484
f 5802/2238/2475 5816/2252/2485 5819/2255/2488
f 5818/2254/2487 5819/2255/2488 5816/2252/2485
f 5820/2256/2489 5817/2253/2486 5814/2250/1709
f 5814/2250/1709 5821/2257/1709 5820/2256/2489
f 5820/2256/2489 5821/2257/1709 5822/2258/2490
f 5823/2259/2491 5818/2254/2487 5817/2253/2486
f 5817/2253/2486 5820/2256/2489 5823/2259/2491
f 5822/2258/2490 5824/2260/2492 5820/2256/2489
f 5823/2259/2491 5820/2256/2489 5824/2260/2492
f 5818/2254/2487 5823/2259/2491 5825/2261/2493
f 5825/2261/2493 5819/2255/2488 5818/2254/2487
f 5824/2260/2492 5826/2262/2494 5823/2259/2491
f 5825/2261/2493 5823/2259/2491 5826/2262/2494
f 5827/2263/2495 5824/2260/2492 5822/2258/2490
f 5822/2258/2490 5828/2264/2496 5827/2263/2495
f 5827/2263/2495 5828/2264/2496 5829/2265/182
f 5829/2265/182 5830/2266/182 5827/2263/2495
f 5824/2260/2492 5827/2263/2495 5831/2267/2497
f 5831/2267/2497 5827/2263/2495 5830/2266/182
f 5831/2267/2497 5826/2262/2494 5824/2260/2492
f 5830/2266/182 5832/2268/182 5831/2267/2497
f 5833/2269/2498 5831/2267/2497 5832/2268/182
f 5826/2262/2494 5831/2267/2497 5833/2269/2498
f 5832/2268/182 5834/2270/182 5833/2269/2498
f 5833/2269/2498 5835/2271/2499 5826/2262/2494
f 5826/2262/2494 5835/2271/2499 5825/2261/2493
f 5836/2272/2500 5833/2269/2498 5834/2270/182
f 5834/2270/182 5837/2273/182 5836/2272/2500
f 5836/2272/2500 5837/2273/182 5775/2211/182
f 5775/2211/182 5774/2210/2456 5836/2272/2500
f 5833/2269/2498 5836/2272/2500 5838/2274/2501
f 5838/2274/2501 5836/2272/2500 5774/2210/2456
f 5838/2274/2501 5835/2271/2499 5833/2269/2498
f 5774/2210/2456 5839/2275/2502 5838/2274/2501
f 5776/2212/2457 5839/2275/2502 5774/2210/2456
f 5835/2271/2499 5838/2274/2501 5840/2276/2503
f 5840/2276/2503 5838/2274/2501 5839/2275/2502
f 5840/2276/2503 5825/2261/2493 5835/2271/2499
f 5819/2255/2488 5825/2261/2493 5840/2276/2503
f 5841/2277/2504 5839/2275/2502 5776/2212/2457
f 5839/2275/2502 5841/2277/2504 5840/2276/2503
f 5776/2212/2457 5777/2213/2458 5841/2277/2504
f 5841/2277/2504 5777/2213/2458 5782/2218/2462
f 5840/2276/2503 5842/2278/2505 5819/2255/2488
f 5819/2255/2488 5842/2278/2505 5802/2238/2475
f 5840/2276/2503 5841/2277/2504 5843/2279/2506
f 5843/2279/2506 5842/2278/2505 5840/2276/2503
f 5782/2218/2462 5843/2279/2506 5841/2277/2504
f 5802/2238/2475 5842/2278/2505 5843/2279/2506
f 5794/2230/2470 5843/2279/2506 5782/2218/2462
f 5843/2279/2506 5794/2230/2470 5802/2238/2475
f 5844/2280/163 5845/2281/163 5846/2282/163
f 5846/2282/163 5845/2281/163 5847/2283/163
f 5846/2282/163 5848/2284/163 5844/2280/163
f 5847/2283/163 5849/2285/163 5846/2282/163
f 5848/2284/163 5846/2282/163 5850/2286/163
f 5850/2286/163 5846/2282/163 5849/2285/163
f 5850/2286/163 5851/2287/163 5848/2284/163
f 5849/2285/163 5852/2288/163 5850/2286/163
f 5851/2287/163 5850/2286/163 5853/2289/163
f 5850/2286/163 5852/2288/163 5854/2290/163
f 5855/2291/163 5853/2289/163 5850/2286/163
f 5850/2286/163 5854/2290/163 5856/2292/163
f 5850/2286/163 5857/2293/163 5855/2291/163
f 5856/2292/163 5857/2293/163 5850/2286/163
f 5855/2291/163 5857/2293/163 5858/2294/163
f 5857/2293/163 5856/2292/163 5859/2295/163
f 5857/2293/163 5860/2296/163 5858/2294/163
f 5861/2297/163 5857/2293/163 5859/2295/163
f 5857/2293/163 5862/2298/163 5860/2296/163
f 5861/2297/163 5862/2298/163 5857/2293/163
f 5863/2201/2507 5864/2200/2508 5865/2199/182
f 5865/2199/182 5866/2202/182 5863/2201/2507
f 5867/2203/2490 5864/2200/2508 5863/2201/2507
f 5868/2204/2497 5863/2201/2507 5866/2202/182
f 5866/2202/182 5869/2205/182 5868/2204/2497
f 5863/2201/2507 5870/2206/2492 5867/2203/2490
f 5870/2206/2492 5863/2201/2507 5868/2204/2497
f 5871/2210/2509 5868/2204/2497 5869/2205/182
f 5869/2205/182 5872/2211/182 5871/2210/2509
f 5868/2204/2497 5873/2212/2494 5870/2206/2492
f 5873/2212/2494 5868/2204/2497 5871/2210/2509
f 5867/2203/2490 5870/2206/2492 5874/2207/2489
f 5874/2207/2489 5875/2208/1709 5867/2203/2490
f 5876/2209/1709 5875/2208/1709 5874/2207/2489
f 5877/2213/2491 5874/2207/2489 5870/2206/2492
f 5870/2206/2492 5873/2212/2494 5877/2213/2491
f 5874/2207/2489 5878/2214/2510 5876/2209/1709
f 5878/2214/2510 5874/2207/2489 5877/2213/2491
f 5876/2209/1709 5878/2214/2510 5879/2215/2483
f 5879/2215/2483 5880/2216/1709 5876/2209/1709
f 5881/2217/2481 5880/2216/1709 5879/2215/2483
f 5877/2213/2491 5882/2218/2487 5878/2214/2510
f 5883/2219/2484 5879/2215/2483 5878/2214/2510
f 5878/2214/2510 5882/2218/2487 5883/2219/2484
f 5879/2215/2483 5884/2220/2482 5881/2217/2481
f 5884/2220/2482 5879/2215/2483 5883/2219/2484
f 5882/2218/2487 5877/2213/2491 5885/2277/2493
f 5885/2277/2493 5877/2213/2491 5873/2212/2494
f 5886/2230/2485 5883/2219/2484 5882/2218/2487
f 5873/2212/2494 5887/2275/2499 5885/2277/2493
f 5871/2210/2509 5887/2275/2499 5873/2212/2494
f 5885/2277/2493 5888/2279/2488 5882/2218/2487
f 5882/2218/2487 5888/2279/2488 5886/2230/2485
f 5889/2276/2511 5885/2277/2493 5887/2275/2499
f 5888/2279/2488 5885/2277/2493 5889/2276/2511
f 5890/2274/2512 5887/2275/2499 5871/2210/2509
f 5887/2275/2499 5890/2274/2512 5889/2276/2511
f 5871/2210/2509 5891/2272/2500 5890/2274/2512
f 5891/2272/2500 5871/2210/2509 5872/2211/182
f 5872/2211/182 5892/2273/182 5891/2272/2500
f 5891/2272/2500 5892/2273/182 5893/2270/182
f 5893/2270/182 5894/2269/2456 5891/2272/2500
f 5890/2274/2512 5891/2272/2500 5894/2269/2456
f 5894/2269/2456 5893/2270/182 5895/2268/182
f 5894/2269/2456 5896/2271/2513 5890/2274/2512
f 5889/2276/2511 5890/2274/2512 5896/2271/2513
f 5895/2268/182 5897/2267/2452 5894/2269/2456
f 5897/2267/2452 5895/2268/182 5898/2266/182
f 5899/2262/2457 5896/2271/2513 5894/2269/2456
f 5894/2269/2456 5897/2267/2452 5899/2262/2457
f 5898/2266/182 5900/2263/2450 5897/2267/2452
f 5900/2263/2450 5898/2266/182 5901/2265/182
f 5901/2265/182 5902/2264/229 5900/2263/2450
f 5900/2263/2450 5902/2264/229 5903/2258/2451
f 5897/2267/2452 5900/2263/2450 5904/2260/2514
f 5903/2258/2451 5904/2260/2514 5900/2263/2450
f 5904/2260/2514 5899/2262/2457 5897/2267/2452
f 5905/2256/2454 5904/2260/2514 5903/2258/2451
f 5903/2258/2451 5906/2257/2515 5905/2256/2454
f 5905/2256/2454 5906/2257/2515 5907/2250/1077
f 5908/2259/2458 5899/2262/2457 5904/2260/2514
f 5904/2260/2514 5905/2256/2454 5908/2259/2458
f 5909/2261/2516 5896/2271/2513 5899/2262/2457
f 5899/2262/2457 5908/2259/2458 5909/2261/2516
f 5896/2271/2513 5909/2261/2516 5889/2276/2511
f 5908/2259/2458 5905/2256/2454 5910/2253/2459
f 5907/2250/1077 5910/2253/2459 5905/2256/2454
f 5909/2261/2516 5908/2259/2458 5911/2254/2462
f 5910/2253/2459 5911/2254/2462 5908/2259/2458
f 5889/2276/2511 5909/2261/2516 5912/2255/2506
f 5911/2254/2462 5912/2255/2506 5909/2261/2516
f 5912/2255/2506 5913/2278/2505 5889/2276/2511
f 5889/2276/2511 5913/2278/2505 5888/2279/2488
f 5888/2279/2488 5913/2278/2505 5914/2238/2475
f 5914/2238/2475 5913/2278/2505 5912/2255/2506
f 5914/2238/2475 5886/2230/2485 5888/2279/2488
f 5915/2252/2470 5912/2255/2506 5911/2254/2462
f 5912/2255/2506 5915/2252/2470 5914/2238/2475
f 5916/2251/2517 5911/2254/2462 5910/2253/2459
f 5911/2254/2462 5916/2251/2517 5915/2252/2470
f 5917/2248/2460 5910/2253/2459 5907/2250/1077
f 5910/2253/2459 5917/2248/2460 5916/2251/2517
f 5907/2250/1077 5918/2249/2515 5917/2248/2460
f 5917/2248/2460 5918/2249/2515 5919/2246/2461
f 5916/2251/2517 5917/2248/2460 5920/2247/2518
f 5919/2246/2461 5920/2247/2518 5917/2248/2460
f 5915/2252/2470 5916/2251/2517 5921/2242/2519
f 5920/2247/2518 5921/2242/2519 5916/2251/2517
f 5921/2242/2519 5922/2239/2471 5915/2252/2470
f 5914/2238/2475 5915/2252/2470 5922/2239/2471
f 5923/2243/2465 5920/2247/2518 5919/2246/2461
f 5919/2246/2461 5924/2245/2466 5923/2243/2465
f 5923/2243/2465 5924/2245/2466 5925/2244/163
f 5925/2244/163 5926/2241/163 5923/2243/2465
f 5920/2247/2518 5923/2243/2465 5927/2240/2520
f 5927/2240/2520 5923/2243/2465 5926/2241/163
f 5927/2240/2520 5921/2242/2519 5920/2247/2518
f 5926/2241/163 5928/2237/163 5927/2240/2520
f 5921/2242/2519 5927/2240/2520 5929/2236/2469
f 5929/2236/2469 5927/2240/2520 5928/2237/163
f 5929/2236/2469 5922/2239/2471 5921/2242/2519
f 5928/2237/163 5930/2234/163 5929/2236/2469
f 5931/2235/2473 5922/2239/2471 5929/2236/2469
f 5922/2239/2471 5931/2235/2473 5914/2238/2475
f 5932/2232/2472 5929/2236/2469 5930/2234/163
f 5929/2236/2469 5932/2232/2472 5931/2235/2473
f 5930/2234/163 5933/2233/163 5932/2232/2472
f 5932/2232/2472 5933/2233/163 5934/2229/163
f 5914/2238/2475 5931/2235/2473 5935/2231/2521
f 5935/2231/2521 5886/2230/2485 5914/2238/2475
f 5931/2235/2473 5932/2232/2472 5936/2228/2474
f 5934/2229/163 5936/2228/2474 5932/2232/2472
f 5936/2228/2474 5935/2231/2521 5931/2235/2473
f 5936/2228/2474 5934/2229/163 5937/2226/163
f 5886/2230/2485 5935/2231/2521 5938/2227/2478
f 5938/2227/2478 5935/2231/2521 5936/2228/2474
f 5938/2227/2478 5883/2219/2484 5886/2230/2485
f 5883/2219/2484 5938/2227/2478 5884/2220/2482
f 5937/2226/163 5939/2225/2477 5936/2228/2474
f 5936/2228/2474 5939/2225/2477 5938/2227/2478
f 5884/2220/2482 5938/2227/2478 5939/2225/2477
f 5939/2225/2477 5937/2226/163 5940/2224/163
f 5939/2225/2477 5941/2221/2479 5884/2220/2482
f 5940/2224/163 5941/2221/2479 5939/2225/2477
f 5881/2217/2481 5884/2220/2482 5941/2221/2479
f 5941/2221/2479 5940/2224/163 5942/2223/163
f 5941/2221/2479 5943/2222/2480 5881/2217/2481
f 5942/2223/163 5943/2222/2480 5941/2221/2479
f 5944/2282/163 5945/2281/163 5946/2280/163
f 5947/2283/163 5945/2281/163 5944/2282/163
f 5946/2280/163 5948/2284/163 5944/2282/163
f 5944/2282/163 5949/2285/163 5947/2283/163
f 5950/2286/163 5944/2282/163 5948/2284/163
f 5949/2285/163 5944/2282/163 5950/2286/163
f 5948/2284/163 5951/2287/163 5950/2286/163
f 5950/2286/163 5952/2288/163 5949/2285/163
f 5950/2286/163 5951/2287/163 5953/2289/163
f 5952/2288/163 5950/2286/163 5954/2290/163
f 5950/2286/163 5953/2289/163 5955/2291/163
f 5956/2292/163 5954/2290/163 5950/2286/163
f 5955/2291/163 5957/2293/163 5950/2286/163
f 5950/2286/163 5957/2293/163 5956/2292/163
f 5957/2293/163 5955/2291/163 5958/2294/163
f 5956/2292/163 5957/2293/163 5959/2295/163
f 5960/2296/163 5957/2293/163 5958/2294/163
f 5957/2293/163 5961/2297/163 5959/2295/163
f 5960/2296/163 5962/2298/163 5957/2293/163
f 5957/2293/163 5962/2298/163 5961/2297/163
f 5963/2299/2522 5964/2300/2523 5965/2301/2524
f 5964/2300/2523 5966/2302/2525 5965/2301/2524
f 5965/2301/2524 5967/2303/2526 5963/2299/2522
f 5968/2304/2527 5965/2301/2524 5966/2302/2525
f 5969/2305/2528 5963/2299/2522 5967/2303/2526
f 5966/2302/2525 5970/2306/2529 5968/2304/2527
f 5967/2303/2526 5971/2307/2530 5969/2305/2528
f 5968/2304/2527 5970/2306/2529 5972/2308/2531
f 5973/2309/2532 5969/2305/2528 5971/2307/2530
f 5972/2308/2531 5974/2310/2531 5968/2304/2527
f 5971/2307/2530 5975/2311/2533 5973/2309/2532
f 5976/2304/2527 5974/2310/2531 5972/2308/2531
f 5975/2311/2533 5977/2312/2534 5973/2309/2532
f 5972/2308/2531 5978/2306/2535 5976/2304/2527
f 5979/2313/2536 5977/2312/2534 5975/2311/2533
f 5976/2304/2527 5978/2306/2535 5980/2302/2537
f 5975/2311/2533 5981/2314/2538 5979/2313/2536
f 5980/2302/2537 5982/2301/2539 5976/2304/2527
f 5979/2313/2536 5981/2314/2538 5983/2311/2540
f 5980/2302/2537 5984/2300/2541 5982/2301/2539
f 5983/2311/2540 5985/2312/2542 5979/2313/2536
f 5982/2301/2539 5984/2300/2541 5986/2299/2543
f 5985/2312/2542 5983/2311/2540 5987/2309/2544
f 5986/2299/2543 5988/2303/2545 5982/2301/2539
f 5987/2309/2544 5983/2311/2540 5989/2307/2546
f 5988/2303/2545 5986/2299/2543 5990/2305/2547
f 5989/2307/2546 5990/2305/2547 5987/2309/2544
f 5990/2305/2547 5989/2307/2546 5988/2303/2545
f 5991/2315/163 5992/2316/163 5993/2317/163
f 5992/2316/163 5991/2315/163 5994/2317/163
f 5992/2316/163 5995/2318/2105 5993/2317/163
f 5996/2318/2107 5992/2316/163 5994/2317/163
f 5995/2318/2105 5997/2319/163 5993/2317/163
f 5998/2319/163 5996/2318/2107 5994/2317/163
f 5995/2318/2105 5999/2320/2105 5997/2319/163
f 5998/2319/163 6000/2320/2109 5996/2318/2107
f 5997/2319/163 5999/2320/2105 6001/2321/163
f 6000/2320/2109 5998/2319/163 6002/2321/163
f 6003/2322/163 6001/2321/163 5999/2320/2105
f 6002/2321/163 6004/2322/163 6000/2320/2109
f 6005/2323/2106 6003/2322/163 5999/2320/2105
f 6004/2322/163 6006/2323/2109 6000/2320/2109
f 6005/2323/2106 6007/2324/163 6003/2322/163
f 6004/2322/163 6008/2324/163 6006/2323/2109
f 6007/2324/163 6005/2323/2106 6009/2325/2106
f 6010/2325/2108 6006/2323/2109 6008/2324/163
f 6009/2325/2106 6011/2326/163 6007/2324/163
f 6008/2324/163 6012/2326/163 6010/2325/2108
f 6011/2326/163 6009/2325/2106 6013/2327/2548
f 6014/2327/2549 6010/2325/2108 6012/2326/163
f 6013/2327/2548 6015/2328/2550 6011/2326/163
f 6012/2326/163 6016/2328/2550 6014/2327/2549
f 6017/2329/2551 6015/2328/2550 6013/2327/2548
f 6014/2327/2549 6016/2328/2550 6017/2329/2551
f 6017/2329/2551 6013/2327/2548 6018/2330/2552
f 6016/2328/2550 6019/2331/2553 6017/2329/2551
f 6017/2329/2551 6019/2331/2553 6015/2328/2550
f 6017/2329/2551 6018/2330/2552 6020/2332/1208
f 6014/2327/2549 6017/2329/2551 6021/2330/2554
f 6020/2332/1208 6022/2333/2555 6017/2329/2551
f 6023/2332/1214 6021/2330/2554 6017/2329/2551
f 6017/2329/2551 6022/2333/2555 6023/2332/1214
f 6024/2334/2556 6025/2335/2151 6026/2336/2556
f 6027/2337/182 6025/2335/2151 6024/2334/2556
f 6026/2336/2556 6028/2338/2556 6024/2334/2556
f 6024/2334/2556 6029/2339/182 6027/2337/182
f 6028/2338/2556 6026/2336/2556 6030/2340/182
f 6027/2337/182 6029/2339/182 6031/2334/2219
f 6030/2340/182 6032/2341/182 6028/2338/2556
f 6031/2334/2219 6033/2335/2219 6027/2337/182
f 6034/2338/1573 6032/2341/182 6030/2340/182
f 6035/2336/1572 6033/2335/2219 6031/2334/2219
f 6030/2340/182 6035/2336/1572 6034/2338/1573
f 6031/2334/2219 6034/2338/1573 6035/2336/1572
f 6036/2342/2557 6037/2343/2558 6038/2344/2559
f 6038/2344/2559 6037/2343/2558 6039/2345/2560
f 6038/2344/2559 6040/2346/2557 6036/2342/2557
f 6039/2345/2560 6041/2347/2561 6038/2344/2559
f 6042/2348/18 6036/2342/2557 6040/2346/2557
f 6043/2344/2562 6041/2347/2561 6039/2345/2560
f 6040/2346/2557 6044/2349/18 6042/2348/18
f 6039/2345/2560 6045/2343/2563 6043/2344/2562
f 6046/2350/2564 6042/2348/18 6044/2349/18
f 6043/2344/2562 6045/2343/2563 6047/2342/2565
f 6044/2349/18 6048/2351/2564 6046/2350/2564
f 6047/2342/2565 6049/2346/2565 6043/2344/2562
f 6050/2352/2566 6046/2350/2564 6048/2351/2564
f 6049/2346/2565 6047/2342/2565 6051/2348/60
f 6048/2351/2564 6052/2353/2566 6050/2352/2566
f 6051/2348/60 6053/2349/60 6049/2346/2565
f 6054/2354/364 6050/2352/2566 6052/2353/2566
f 6053/2349/60 6051/2348/60 6055/2350/2567
f 6052/2353/2566 6056/2355/364 6054/2354/364
f 6055/2350/2567 6057/2351/2567 6053/2349/60
f 6054/2354/364 6056/2355/364 6058/2353/2568
f 6057/2351/2567 6055/2350/2567 6059/2352/2568
f 6058/2353/2568 6059/2352/2568 6054/2354/364
f 6059/2352/2568 6058/2353/2568 6057/2351/2567
f 6060/2356/2569 6061/2357/2570 6062/2358/2571
f 6062/2358/2571 6061/2357/2570 6063/2359/2572
f 6062/2358/2571 6064/2360/2573 6060/2356/2569
f 6063/2359/2572 6065/2361/2574 6062/2358/2571
f 6066/2362/264 6060/2356/2569 6064/2360/2573
f 6067/2358/2575 6065/2361/2574 6063/2359/2572
f 6064/2360/2573 6068/2363/2576 6066/2362/264
f 6063/2359/2572 6069/2357/2577 6067/2358/2575
f 6070/2364/2578 6066/2362/264 6068/2363/2576
f 6067/2358/2575 6069/2357/2577 6071/2356/2579
f 6068/2363/2576 6072/2365/2580 6070/2364/2578
f 6071/2356/2579 6073/2360/2581 6067/2358/2575
f 6074/2366/2582 6070/2364/2578 6072/2365/2580
f 6073/2360/2581 6071/2356/2579 6075/2362/2583
f 6072/2365/2580 6076/2367/2584 6074/2366/2582
f 6075/2362/2583 6077/2363/2585 6073/2360/2581
f 6078/2368/2586 6074/2366/2582 6076/2367/2584
f 6077/2363/2585 6075/2362/2583 6079/2364/2587
f 6076/2367/2584 6080/2369/2588 6078/2368/2586
f 6079/2364/2587 6081/2365/2589 6077/2363/2585
f 6078/2368/2586 6080/2369/2588 6082/2367/2590
f 6081/2365/2589 6079/2364/2587 6083/2366/2591
f 6082/2367/2590 6083/2366/2591 6078/2368/2586
f 6083/2366/2591 6082/2367/2590 6081/2365/2589
f 6084/2370/2592 6085/2371/2593 6086/2372/182
f 6086/2372/182 6085/2371/2593 6087/2373/2594
f 6086/2372/182 6088/2374/182 6084/2370/2592
f 6087/2373/2594 6089/2375/182 6086/2372/182
f 6090/2376/2595 6084/2370/2592 6088/2374/182
f 6091/2372/182 6089/2375/182 6087/2373/2594
f 6088/2374/182 6092/2377/219 6090/2376/2595
f 6087/2373/2594 6093/2371/2596 6091/2372/182
f 6094/2378/2580 6090/2376/2595 6092/2377/219
f 6091/2372/182 6093/2371/2596 6095/2370/2597
f 6092/2377/219 6096/2379/182 6094/2378/2580
f 6095/2370/2597 6097/2374/182 6091/2372/182
f 6098/2380/2598 6094/2378/2580 6096/2379/182
f 6097/2374/182 6095/2370/2597 6099/2376/2599
f 6096/2379/182 6100/2381/182 6098/2380/2598
f 6099/2376/2599 6101/2377/182 6097/2374/182
f 6102/2382/2600 6098/2380/2598 6100/2381/182
f 6101/2377/182 6099/2376/2599 6103/2378/2589
f 6100/2381/182 6104/2383/2093 6102/2382/2600
f 6103/2378/2589 6105/2379/182 6101/2377/182
f 6102/2382/2600 6104/2383/2093 6106/2381/182
f 6105/2379/182 6103/2378/2589 6107/2380/2601
f 6106/2381/182 6107/2380/2601 6102/2382/2600
f 6107/2380/2601 6106/2381/182 6105/2379/182
f 6108/2384/2557 6109/2385/2602 6110/2386/2602
f 6110/2386/2602 6109/2385/2602 6111/2387/368
f 6110/2386/2602 6112/2388/2557 6108/2384/2557
f 6111/2387/368 6113/2389/368 6110/2386/2602
f 6114/2390/1923 6108/2384/2557 6112/2388/2557
f 6115/2386/2603 6113/2389/368 6111/2387/368
f 6112/2388/2557 6116/2391/2604 6114/2390/1923
f 6111/2387/368 6117/2385/2605 6115/2386/2603
f 6118/2392/2564 6114/2390/1923 6116/2391/2604
f 6115/2386/2603 6117/2385/2605 6119/2384/2565
f 6116/2391/2604 6120/2393/2564 6118/2392/2564
f 6119/2384/2565 6121/2388/2606 6115/2386/2603
f 6122/2394/2607 6118/2392/2564 6120/2393/2564
f 6121/2388/2606 6119/2384/2565 6123/2390/1472
f 6120/2393/2564 6124/2395/2566 6122/2394/2607
f 6123/2390/1472 6125/2391/60 6121/2388/2606
f 6126/2396/364 6122/2394/2607 6124/2395/2566
f 6125/2391/60 6123/2390/1472 6127/2392/2608
f 6124/2395/2566 6128/2397/364 6126/2396/364
f 6127/2392/2608 6129/2393/2567 6125/2391/60
f 6126/2396/364 6128/2397/364 6130/2395/2568
f 6129/2393/2567 6127/2392/2608 6131/2394/2609
f 6130/2395/2568 6131/2394/2609 6126/2396/364
f 6131/2394/2609 6130/2395/2568 6129/2393/2567
f 6132/2316/163 6133/2315/163 6134/2317/163
f 6133/2315/163 6132/2316/163 6135/2317/163
f 6136/2318/2107 6132/2316/163 6134/2317/163
f 6132/2316/163 6137/2318/2105 6135/2317/163
f 6138/2319/163 6136/2318/2107 6134/2317/163
f 6137/2318/2105 6139/2319/163 6135/2317/163
f 6138/2319/163 6140/2320/2109 6136/2318/2107
f 6137/2318/2105 6141/2320/2105 6139/2319/163
f 6140/2320/2109 6138/2319/163 6142/2321/163
f 6139/2319/163 6141/2320/2105 6143/2321/163
f 6142/2321/163 6144/2322/163 6140/2320/2109
f 6145/2322/163 6143/2321/163 6141/2320/2105
f 6144/2322/163 6146/2323/2109 6140/2320/2109
f 6147/2323/2106 6145/2322/163 6141/2320/2105
f 6144/2322/163 6148/2324/163 6146/2323/2109
f 6147/2323/2106 6149/2324/163 6145/2322/163
f 6150/2325/2108 6146/2323/2109 6148/2324/163
f 6149/2324/163 6147/2323/2106 6151/2325/2106
f 6148/2324/163 6152/2326/163 6150/2325/2108
f 6151/2325/2106 6153/2326/163 6149/2324/163
f 6154/2327/2549 6150/2325/2108 6152/2326/163
f 6153/2326/163 6151/2325/2106 6155/2327/2548
f 6152/2326/163 6156/2328/2550 6154/2327/2549
f 6155/2327/2548 6157/2328/2550 6153/2326/163
f 6154/2327/2549 6156/2328/2550 6158/2329/2551
f 6158/2329/2551 6157/2328/2550 6155/2327/2548
f 6156/2328/2550 6159/2331/2553 6158/2329/2551
f 6158/2329/2551 6159/2331/2553 6157/2328/2550
f 6158/2329/2551 6155/2327/2548 6160/2330/2552
f 6154/2327/2549 6158/2329/2551 6161/2330/2554
f 6158/2329/2551 6160/2330/2552 6162/2332/1208
f 6163/2332/1214 6161/2330/2554 6158/2329/2551
f 6162/2332/1208 6164/2333/2555 6158/2329/2551
f 6158/2329/2551 6164/2333/2555 6163/2332/1214
f 6165/2318/2100 6166/2316/182 6167/2398/182
f 6167/2398/182 6166/2316/182 6168/2318/2610
f 6167/2398/182 6169/2320/2100 6165/2318/2100
f 6168/2318/2610 6170/2320/2101 6167/2398/182
f 6171/2323/2099 6169/2320/2100 6167/2398/182
f 6167/2398/182 6170/2320/2101 6172/2323/2101
f 6167/2398/182 6173/2399/182 6171/2323/2099
f 6172/2323/2101 6173/2399/182 6167/2398/182
f 6174/2325/2099 6171/2323/2099 6173/2399/182
f 6173/2399/182 6172/2323/2101 6175/2325/2102
f 6173/2399/182 6176/2400/182 6174/2325/2099
f 6175/2325/2102 6176/2400/182 6173/2399/182
f 6177/2327/2611 6174/2325/2099 6176/2400/182
f 6176/2400/182 6175/2325/2102 6178/2327/2612
f 6176/2400/182 6179/2331/2093 6177/2327/2611
f 6178/2327/2612 6179/2331/2093 6176/2400/182
f 6177/2327/2611 6179/2331/2093 6180/2329/2613
f 6180/2329/2613 6179/2331/2093 6178/2327/2612
f 6180/2329/2613 6181/2330/2614 6177/2327/2611
f 6178/2327/2612 6182/2330/2615 6180/2329/2613
f 6183/2332/2616 6181/2330/2614 6180/2329/2613
f 6180/2329/2613 6182/2330/2615 6184/2332/2617
f 6180/2329/2613 6185/2333/2618 6183/2332/2616
f 6184/2332/2617 6185/2333/2618 6180/2329/2613
f 6186/2318/2610 6187/2320/2101 6188/2398/182
f 6188/2398/182 6189/2316/182 6186/2318/2610
f 6190/2318/2100 6189/2316/182 6188/2398/182
f 6188/2398/182 6191/2320/2100 6190/2318/2100
f 6188/2398/182 6187/2320/2101 6192/2323/2101
f 6193/2323/2099 6191/2320/2100 6188/2398/182
f 6192/2323/2101 6194/2399/182 6188/2398/182
f 6188/2398/182 6194/2399/182 6193/2323/2099
f 6194/2399/182 6192/2323/2101 6195/2325/2102
f 6196/2325/2099 6193/2323/2099 6194/2399/182
f 6195/2325/2102 6197/2400/182 6194/2399/182
f 6194/2399/182 6197/2400/182 6196/2325/2099
f 6197/2400/182 6195/2325/2102 6198/2327/2612
f 6199/2327/2611 6196/2325/2099 6197/2400/182
f 6198/2327/2612 6200/2331/2093 6197/2400/182
f 6197/2400/182 6200/2331/2093 6199/2327/2611
f 6201/2329/2613 6200/2331/2093 6198/2327/2612
f 6199/2327/2611 6200/2331/2093 6201/2329/2613
f 6198/2327/2612 6202/2330/2615 6201/2329/2613
f 6201/2329/2613 6203/2330/2614 6199/2327/2611
f 6201/2329/2613 6202/2330/2615 6204/2332/2617
f 6205/2332/2616 6203/2330/2614 6201/2329/2613
f 6204/2332/2617 6206/2333/2618 6201/2329/2613
f 6201/2329/2613 6206/2333/2618 6205/2332/2616
f 6207/2401/2619 6208/2402/2619 6209/2403/2619
f 6208/2402/2619 6207/2401/2619 6210/2404/2620
f 6209/2403/2619 6211/2405/2619 6207/2401/2619
f 6210/2404/2620 6212/2406/2620 6208/2402/2619
f 6211/2405/2619 6209/2403/2619 6213/2407/2621
f 6212/2406/2620 6210/2404/2620 6214/2408/2622
f 6213/2407/2621 6214/2408/2622 6211/2405/2619
f 6214/2408/2622 6213/2407/2621 6212/2406/2620
f 6215/2401/2619 6216/2405/2619 6217/2403/2619
f 6218/2407/2621 6217/2403/2619 6216/2405/2619
f 6217/2403/2619 6219/2402/2619 6215/2401/2619
f 6216/2405/2619 6220/2408/2622 6218/2407/2621
f 6221/2404/2623 6215/2401/2619 6219/2402/2619
f 6222/2406/2623 6218/2407/2621 6220/2408/2622
f 6219/2402/2619 6222/2406/2623 6221/2404/2623
f 6220/2408/2622 6221/2404/2623 6222/2406/2623
f 6223/2409/196 6224/2409/196 6225/2410/196
f 6225/2410/196 6226/2410/196 6223/2409/196
f 6227/2410/196 6228/2410/196 6229/2411/2624
f 6229/2411/2624 6230/2411/196 6227/2410/196
f 6231/2412/196 6232/2412/196 6233/2413/2624
f 6233/2413/2624 6234/2413/2624 6231/2412/196
f 6235/2413/196 6236/2413/196 6237/2411/2624
f 6237/2411/2624 6238/2411/2624 6235/2413/196
f 6239/2409/602 6240/2410/602 6241/2410/602
f 6241/2410/602 6242/2409/602 6239/2409/602
f 6243/2410/602 6244/2411/602 6245/2411/602
f 6245/2411/602 6246/2410/602 6243/2410/602
f 6247/2412/602 6248/2413/602 6249/2413/602
f 6249/2413/602 6250/2412/602 6247/2412/602
f 6251/2413/602 6252/2411/602 6253/2411/602
f 6253/2411/602 6254/2413/602 6251/2413/602
f 6255/2414/2625 6256/2414/2626 6257/2415/2627
f 6257/2415/2627 6258/2414/2628 6255/2414/2625
f 6258/2414/2628 6257/2415/2627 6259/2416/182
f 6259/2416/182 6260/2416/182 6258/2414/2628
f 6261/2416/182 6262/2416/182 6263/2416/182
f 6263/2416/182 6264/2416/182 6261/2416/182
f 6264/2416/182 6263/2416/182 6265/2417/2629
f 6265/2417/2629 6266/2417/2630 6264/2416/182
f 6266/2417/2630 6265/2417/2629 6267/2417/2630
f 6267/2417/2630 6268/2417/2631 6266/2417/2630
f 6269/2418/2180 6270/2418/2180 6271/2418/1047
f 6271/2418/1047 6272/2418/1047 6269/2418/2180
f 6272/2418/1047 6271/2418/1047 6273/2417/2632
f 6273/2417/2632 6274/2417/2633 6272/2418/1047
f 6274/2417/2633 6273/2417/2632 6275/2417/2634
f 6275/2417/2634 6276/2417/2635 6274/2417/2633
f 6277/2419/163 6278/2419/163 6279/2419/163
f 6279/2419/163 6280/2419/163 6277/2419/163
f 6280/2419/163 6279/2419/163 6281/2420/2437
f 6281/2420/2437 6282/2420/2636 6280/2419/163
f 6282/2420/2636 6281/2420/2437 6283/2421/2637
f 6284/2422/2638 6285/2422/2638 6286/2423/2639
f 6286/2423/2639 6287/2423/2639 6284/2422/2638
f 6287/2423/2639 6286/2423/2639 6288/2424/2640
f 6288/2424/2640 6289/2424/2640 6287/2423/2639
f 6289/2424/2640 6288/2424/2640 6290/2409/2641
f 6290/2409/2641 6291/2412/2642 6289/2424/2640
f 6292/2409/2624 6291/2412/2642 6290/2409/2641
f 6290/2409/2641 6293/2409/196 6292/2409/2624
f 6294/2412/196 6295/2412/196 6296/2412/2643
f 6296/2412/2643 6297/2412/2643 6294/2412/196
f 6297/2412/2643 6296/2412/2643 6298/2424/2644
f 6298/2424/2644 6299/2424/2644 6297/2412/2643
f 6299/2424/2644 6298/2424/2644 6300/2423/2639
f 6300/2423/2639 6301/2423/2639 6299/2424/2644
f 6301/2423/2639 6300/2423/2639 6302/2422/2638
f 6302/2422/2638 6303/2422/2638 6301/2423/2639
f 6304/2415/2628 6305/2414/2645 6306/2414/2646
f 6306/2414/2646 6307/2414/2628 6304/2415/2628
f 6308/2416/182 6304/2415/2628 6307/2414/2628
f 6307/2414/2628 6309/2416/182 6308/2416/182
f 6310/2416/182 6311/2416/182 6312/2416/182
f 6312/2416/182 6313/2416/182 6310/2416/182
f 6314/2417/2630 6310/2416/182 6313/2416/182
f 6313/2416/182 6315/2417/2647 6314/2417/2630
f 6316/2417/2647 6314/2417/2630 6315/2417/2647
f 6315/2417/2647 6317/2417/2648 6316/2417/2647
f 6318/2418/1047 6319/2418/2180 6320/2418/2180
f 6320/2418/2180 6321/2418/1047 6318/2418/1047
f 6322/2417/2632 6318/2418/1047 6321/2418/1047
f 6321/2418/1047 6323/2417/2326 6322/2417/2632
f 6324/2417/2649 6322/2417/2632 6323/2417/2326
f 6323/2417/2326 6325/2417/2649 6324/2417/2649
f 6326/2419/163 6327/2419/163 6328/2419/163
f 6328/2419/163 6329/2419/163 6326/2419/163
f 6330/2420/2437 6326/2419/163 6329/2419/163
f 6329/2419/163 6331/2420/2437 6330/2420/2437
f 6332/2421/2637 6330/2420/2437 6331/2420/2437
f 6331/2420/2437 6333/2421/2637 6332/2421/2637
f 6334/2423/2650 6335/2422/2651 6336/2422/2651
f 6336/2422/2651 6337/2423/2650 6334/2423/2650
f 6338/2424/2652 6334/2423/2650 6337/2423/2650
f 6337/2423/2650 6339/2424/2653 6338/2424/2652
f 6340/2409/2654 6338/2424/2652 6339/2424/2653
f 6339/2424/2653 6341/2412/2654 6340/2409/2654
f 6340/2409/2654 6341/2412/2654 6342/2409/602
f 6342/2409/602 6343/2409/602 6340/2409/2654
f 6344/2412/2654 6345/2412/602 6346/2412/602
f 6346/2412/602 6347/2412/2654 6344/2412/2654
f 6348/2424/2652 6344/2412/2654 6347/2412/2654
f 6347/2412/2654 6349/2424/2652 6348/2424/2652
f 6350/2423/2650 6348/2424/2652 6349/2424/2652
f 6349/2424/2652 6351/2423/2650 6350/2423/2650
f 6352/2422/2651 6350/2423/2650 6351/2423/2650
f 6351/2423/2650 6353/2422/2651 6352/2422/2651
f 6355/2421/2655 6356/2421/2637 6354/2420/2656
f 6357/2425/611 6358/2426/205 6359/2427/205
f 6359/2427/205 6360/2428/205 6357/2425/611
f 6361/2429/207 6362/2430/206 6363/2427/206
f 6363/2427/206 6364/2426/2657 6361/2429/207
f 6365/2431/111 6366/2432/111 6367/2433/111
f 6367/2433/111 6368/2434/111 6365/2431/111
f 6369/2425/205 6370/2428/611 6371/2427/205
f 6371/2427/205 6372/2426/1068 6369/2425/205
f 6373/2429/208 6374/2426/2658 6375/2427/208
f 6375/2427/208 6376/2430/206 6373/2429/208
f 6377/2431/535 6378/2434/535 6379/2433/535
f 6379/2433/535 6380/2432/535 6377/2431/535
f 6381/2435/965 6382/2436/958 6383/2437/953
f 6383/2437/953 6384/2438/953 6381/2435/965
f 6384/2438/953 6383/2437/953 6385/2439/960
f 6385/2439/960 6386/2440/2659 6384/2438/953
f 6387/2441/965 6388/2442/965 6389/2443/953
f 6389/2443/953 6390/2444/953 6387/2441/965
f 6390/2444/953 6389/2443/953 6391/2445/1002
f 6391/2445/1002 6392/2446/960 6390/2444/953
f 6393/2437/953 6394/2436/958 6395/2435/965
f 6395/2435/965 6396/2438/959 6393/2437/953
f 6397/2439/960 6393/2437/953 6396/2438/959
f 6396/2438/959 6398/2440/2660 6397/2439/960
f 6399/2443/953 6400/2442/965 6401/2441/965
f 6401/2441/965 6402/2444/953 6399/2443/953
f 6403/2445/2661 6399/2443/953 6402/2444/953
f 6402/2444/953 6404/2446/2662 6403/2445/2661
f 6405/2447/1553 6406/2448/2663 6407/2449/2664
f 6408/2450/2014 6405/2447/1553 6407/2449/2664
f 6409/2451/2665 6408/2450/2014 6407/2449/2664
f 6410/2452/1427 6409/2451/2665 6407/2449/2664
f 6411/2451/2666 6412/2452/1874 6413/2449/2667
f 6414/2450/2209 6411/2451/2666 6413/2449/2667
f 6415/2447/1993 6414/2450/2209 6413/2449/2667
f 6416/2448/2668 6415/2447/1993 6413/2449/2667
f 6417/2453/960 6418/2454/960 6419/2455/953
f 6420/2455/953 6421/2454/960 6417/2453/960
f 6419/2455/953 6422/2456/959 6417/2453/960
f 6417/2453/960 6422/2456/959 6420/2455/953
f 6422/2456/959 6419/2455/953 6423/2457/958
f 6424/2457/958 6420/2455/953 6422/2456/959
f 6423/2457/958 6425/2458/958 6422/2456/959
f 6422/2456/959 6425/2458/958 6424/2457/958
f 6426/2459/2669 6427/2460/2669 6428/2461/2669
f 6429/2462/2669 6428/2461/2669 6430/2463/2669
f 6429/2462/2669 6426/2459/2669 6428/2461/2669
f 6431/2464/2669 6432/2465/2669 6426/2459/2669
f 6429/2462/2669 6431/2464/2669 6426/2459/2669
f 6429/2462/2669 6433/2466/2669 6431/2464/2669
f 6433/2466/2669 6434/2467/2669 6431/2464/2669
f 6429/2462/2669 6435/2468/2669 6433/2466/2669
f 6436/2469/2670 6437/2470/2670 6438/2471/2670
f 6439/2472/2670 6438/2471/2670 6440/2473/2670
f 6439/2472/2670 6436/2469/2670 6438/2471/2670
f 6441/2474/2670 6442/2475/2670 6436/2469/2670
f 6439/2472/2670 6441/2474/2670 6436/2469/2670
f 6439/2472/2670 6443/2476/2670 6441/2474/2670
f 6443/2476/2670 6444/2477/896 6441/2474/2670
f 6439/2472/2670 6445/2478/2670 6443/2476/2670
f 6446/2464/589 6447/2467/589 6448/2466/2671
f 6448/2466/2671 6449/2468/589 6450/2462/589
f 6446/2464/589 6448/2466/2671 6450/2462/589
f 6451/2459/2671 6452/2465/2672 6446/2464/589
f 6451/2459/2671 6446/2464/589 6450/2462/589
f 6453/2461/2671 6451/2459/2671 6450/2462/589
f 6453/2461/2671 6450/2462/589 6454/2463/589
f 6453/2461/2671 6455/2460/2671 6451/2459/2671
f 6456/2474/1645 6457/2477/1645 6458/2476/1645
f 6458/2476/1645 6459/2478/1645 6460/2472/1645
f 6456/2474/1645 6458/2476/1645 6460/2472/1645
f 6461/2469/1645 6462/2475/1645 6456/2474/1645
f 6461/2469/1645 6456/2474/1645 6460/2472/1645
f 6463/2471/1645 6461/2469/1645 6460/2472/1645
f 6463/2471/1645 6460/2472/1645 6464/2473/1645
f 6463/2471/1645 6465/2470/1645 6461/2469/1645
s 0
f 6466/2479/2673 6587/2480/2673 6586/2481/2673
f 6466/2479/2673 6589/2482/2673 6588/2483/2673
f 6466/2479/2673 6588/2483/2673 6590/2484/2673
f 6466/2479/2673 6592/2485/2673 6591/2486/2673
f 6466/2479/2673 6591/2486/2673 6593/2487/2673
f 6466/2479/2673 6593/2487/2673 6594/2488/2673
f 6466/2479/2673 6596/2489/2673 6595/2490/2673
f 6466/2479/2673 6595/2490/2673 6587/2480/2673
f 6592/2485/2673 6466/2479/2673 6590/2484/2673
f 6596/2489/2673 6466/2479/2673 6594/2488/2673
f 6589/2482/2673 6466/2479/2673 6586/2481/2673
f 6477/2491/2673 6472/2492/2673 6483/2492/2673 6488/2491/2673
f 6473/2493/2673 6477/2491/2673 6488/2491/2673 6484/2493/2673
f 6467/2494/2673 6474/2495/2673 6485/2495/2673 6478/2494/2673
f 6476/2496/2673 6469/2497/2673 6480/2497/2673 6487/2496/2673
f 6472/2492/2673 6471/2498/2673 6482/2498/2673 6483/2492/2673
f 6468/2499/2673 6475/2500/2673 6486/2500/2673 6479/2499/2673
f 6474/2495/2673 6473/2493/2673 6484/2493/2673 6485/2495/2673
f 6469/2497/2673 6468/2499/2673 6479/2499/2673 6480/2497/2673
f 6470/2501/2673 6476/2496/2673 6487/2496/2673 6481/2501/2673
f 6475/2500/2673 6467/2494/2673 6478/2494/2673 6486/2500/2673
f 6471/2498/2673 6470/2501/2673 6481/2501/2673 6482/2498/2673
f 6568/2502/2673 6569/2502/2673 6521/2502/2673
f 6584/2502/2673 6585/2502/2673 6521/2502/2673
f 6576/2502/2673 6577/2502/2673 6521/2502/2673
f 6561/2502/2673 6562/2502/2673 6521/2502/2673
f 6570/2502/2673 6521/2502/2673 6569/2502/2673
f 6521/2502/2673 6562/2502/2673 6563/2502/2673
f 6564/2502/2673 6521/2502/2673 6563/2502/2673
f 6564/2502/2673 6565/2502/2673 6521/2502/2673
f 6565/2502/2673 6566/2502/2673 6521/2502/2673
f 6566/2502/2673 6567/2502/2673 6521/2502/2673
f 6567/2502/2673 6568/2502/2673 6521/2502/2673
f 6585/2502/2673 6555/2502/2673 6521/2502/2673
f 6521/2502/2673 6578/2502/2673 6579/2502/2673
f 6579/2502/2673 6580/2502/2673 6521/2502/2673
f 6580/2502/2673 6581/2502/2673 6521/2502/2673
f 6581/2502/2673 6582/2502/2673 6521/2502/2673
f 6582/2502/2673 6583/2502/2673 6521/2502/2673
f 6583/2502/2673 6584/2502/2673 6521/2502/2673
f 6577/2502/2673 6578/2502/2673 6521/2502/2673
f 6521/2502/2673 6570/2502/2673 6571/2502/2673
f 6571/2502/2673 6572/2502/2673 6521/2502/2673
f 6572/2502/2673 6573/2502/2673 6521/2502/2673
f 6573/2502/2673 6574/2502/2673 6521/2502/2673
f 6574/2502/2673 6575/2502/2673 6521/2502/2673
f 6575/2502/2673 6576/2502/2673 6521/2502/2673
f 6555/2502/2673 6554/2502/2673 6521/2502/2673
f 6554/2502/2673 6556/2502/2673 6521/2502/2673
f 6556/2502/2673 6557/2502/2673 6521/2502/2673
f 6557/2502/2673 6558/2502/2673 6521/2502/2673
f 6558/2502/2673 6559/2502/2673 6521/2502/2673
f 6559/2502/2673 6560/2502/2673 6521/2502/2673
f 6560/2502/2673 6561/2502/2673 6521/2502/2673
f 6494/2503/2673 6493/2503/2673 6526/2503/2673 6527/2503/2673
f 6489/2503/2673 6520/2503/2673 6553/2503/2673 6522/2503/2673
f 6508/2503/2673 6507/2503/2673 6540/2503/2673 6541/2503/2673
f 6495/2503/2673 6494/2503/2673 6527/2503/2673 6528/2503/2673
f 6509/2503/2673 6508/2503/2673 6541/2503/2673 6542/2503/2673
f 6496/2503/2673 6495/2503/2673 6528/2503/2673 6529/2503/2673
f 6510/2503/2673 6509/2503/2673 6542/2503/2673 6543/2503/2673
f 6497/2503/2673 6496/2503/2673 6529/2503/2673 6530/2503/2673
f 6511/2503/2673 6510/2503/2673 6543/2503/2673 6544/2503/2673
f 6498/2503/2673 6497/2503/2673 6530/2503/2673 6531/2503/2673
f 6512/2503/2673 6511/2503/2673 6544/2503/2673 6545/2503/2673
f 6499/2503/2673 6498/2503/2673 6531/2503/2673 6532/2503/2673
f 6513/2503/2673 6512/2503/2673 6545/2503/2673 6546/2503/2673
f 6500/2503/2673 6499/2503/2673 6532/2503/2673 6533/2503/2673
f 6514/2503/2673 6513/2503/2673 6546/2503/2673 6547/2503/2673
f 6501/2503/2673 6500/2503/2673 6533/2503/2673 6534/2503/2673
f 6515/2503/2673 6514/2503/2673 6547/2503/2673 6548/2503/2673
f 6502/2503/2673 6501/2503/2673 6534/2503/2673 6535/2503/2673
f 6516/2503/2673 6515/2503/2673 6548/2503/2673 6549/2503/2673
f 6503/2503/2673 6502/2503/2673 6535/2503/2673 6536/2503/2673
f 6490/2503/2673 6489/2503/2673 6522/2503/2673 6523/2503/2673
f 6517/2503/2673 6516/2503/2673 6549/2503/2673 6550/2503/2673
f 6504/2503/2673 6503/2503/2673 6536/2503/2673 6537/2503/2673
f 6491/2503/2673 6490/2503/2673 6523/2503/2673 6524/2503/2673
f 6518/2503/2673 6517/2503/2673 6550/2503/2673 6551/2503/2673
f 6505/2503/2673 6504/2503/2673 6537/2503/2673 6538/2503/2673
f 6492/2503/2673 6491/2503/2673 6524/2503/2673 6525/2503/2673
f 6519/2503/2673 6518/2503/2673 6551/2503/2673 6552/2503/2673
f 6506/2503/2673 6505/2503/2673 6538/2503/2673 6539/2503/2673
f 6493/2503/2673 6492/2503/2673 6525/2503/2673 6526/2503/2673
f 6520/2503/2673 6519/2503/2673 6552/2503/2673 6553/2503/2673
f 6507/2503/2673 6506/2503/2673 6539/2503/2673 6540/2503/2673
f 6597/2479/2674 6718/2480/2674 6717/2481/2674
f 6597/2479/2674 6720/2482/2674 6719/2483/2674
f 6597/2479/2674 6719/2483/2674 6721/2484/2674
f 6597/2479/2674 6723/2485/2674 6722/2486/2674
f 6597/2479/2674 6722/2486/2674 6724/2487/2674
f 6597/2479/2674 6724/2487/2674 6725/2488/2674
f 6597/2479/2674 6727/2489/2674 6726/2490/2674
f 6597/2479/2674 6726/2490/2674 6718/2480/2674
f 6723/2485/2674 6597/2479/2674 6721/2484/2674
f 6727/2489/2674 6597/2479/2674 6725/2488/2674
f 6720/2482/2674 6597/2479/2674 6717/2481/2674
f 6608/2491/2674 6603/2492/2674 6614/2492/2674 6619/2491/2674
f 6604/2493/2674 6608/2491/2674 6619/2491/2674 6615/2493/2674
f 6598/2494/2674 6605/2495/2674 6616/2495/2674 6609/2494/2674
f 6607/2496/2674 6600/2497/2674 6611/2497/2674 6618/2496/2674
f 6603/2492/2674 6602/2498/2674 6613/2498/2674 6614/2492/2674
f 6599/2499/2674 6606/2500/2674 6617/2500/2674 6610/2499/2674
f 6605/2495/2674 6604/2493/2674 6615/2493/2674 6616/2495/2674
f 6600/2497/2674 6599/2499/2674 6610/2499/2674 6611/2497/2674
f 6601/2501/2674 6607/2496/2674 6618/2496/2674 6612/2501/2674
f 6606/2500/2674 6598/2494/2674 6609/2494/2674 6617/2500/2674
f 6602/2498/2674 6601/2501/2674 6612/2501/2674 6613/2498/2674
f 6699/2502/2674 6700/2502/2674 6652/2502/2674
f 6715/2502/2674 6716/2502/2674 6652/2502/2674
f 6707/2502/2674 6708/2502/2674 6652/2502/2674
f 6692/2502/2674 6693/2502/2674 6652/2502/2674
f 6701/2502/2674 6652/2502/2674 6700/2502/2674
f 6652/2502/2674 6693/2502/2674 6694/2502/2674
f 6695/2502/2674 6652/2502/2674 6694/2502/2674
f 6695/2502/2674 6696/2502/2674 6652/2502/2674
f 6696/2502/2674 6697/2502/2674 6652/2502/2674
f 6697/2502/2674 6698/2502/2674 6652/2502/2674
f 6698/2502/2674 6699/2502/2674 6652/2502/2674
f 6716/2502/2674 6686/2502/2674 6652/2502/2674
f 6652/2502/2674 6709/2502/2674 6710/2502/2674
f 6710/2502/2674 6711/2502/2674 6652/2502/2674
f 6711/2502/2674 6712/2502/2674 6652/2502/2674
f 6712/2502/2674 6713/2502/2674 6652/2502/2674
f 6713/2502/2674 6714/2502/2674 6652/2502/2674
f 6714/2502/2674 6715/2502/2674 6652/2502/2674
f 6708/2502/2674 6709/2502/2674 6652/2502/2674
f 6652/2502/2674 6701/2502/2674 6702/2502/2674
f 6702/2502/2674 6703/2502/2674 6652/2502/2674
f 6703/2502/2674 6704/2502/2674 6652/2502/2674
f 6704/2502/2674 6705/2502/2674 6652/2502/2674
f 6705/2502/2674 6706/2502/2674 6652/2502/2674
f 6706/2502/2674 6707/2502/2674 6652/2502/2674
f 6686/2502/2674 6685/2502/2674 6652/2502/2674
f 6685/2502/2674 6687/2502/2674 6652/2502/2674
f 6687/2502/2674 6688/2502/2674 6652/2502/2674
f 6688/2502/2674 6689/2502/2674 6652/2502/2674
f 6689/2502/2674 6690/2502/2674 6652/2502/2674
f 6690/2502/2674 6691/2502/2674 6652/2502/2674
f 6691/2502/2674 6692/2502/2674 6652/2502/2674
f 6625/2503/2674 6624/2503/2674 6657/2503/2674 6658/2503/2674
f 6620/2503/2674 6651/2503/2674 6684/2503/2674 6653/2503/2674
f 6639/2503/2674 6638/2503/2674 6671/2503/2674 6672/2503/2674
f 6626/2503/2674 6625/2503/2674 6658/2503/2674 6659/2503/2674
f 6640/2503/2674 6639/2503/2674 6672/2503/2674 6673/2503/2674
f 6627/2503/2674 6626/2503/2674 6659/2503/2674 6660/2503/2674
f 6641/2503/2674 6640/2503/2674 6673/2503/2674 6674/2503/2674
f 6628/2503/2674 6627/2503/2674 6660/2503/2674 6661/2503/2674
f 6642/2503/2674 6641/2503/2674 6674/2503/2674 6675/2503/2674
f 6629/2503/2674 6628/2503/2674 6661/2503/2674 6662/2503/2674
f 6643/2503/2674 6642/2503/2674 6675/2503/2674 6676/2503/2674
f 6630/2503/2674 6629/2503/2674 6662/2503/2674 6663/2503/2674
f 6644/2503/2674 6643/2503/2674 6676/2503/2674 6677/2503/2674
f 6631/2503/2674 6630/2503/2674 6663/2503/2674 6664/2503/2674
f 6645/2503/2674 6644/2503/2674 6677/2503/2674 6678/2503/2674
f 6632/2503/2674 6631/2503/2674 6664/2503/2674 6665/2503/2674
f 6646/2503/2674 6645/2503/2674 6678/2503/2674 6679/2503/2674
f 6633/2503/2674 6632/2503/2674 6665/2503/2674 6666/2503/2674
f 6647/2503/2674 6646/2503/2674 6679/2503/2674 6680/2503/2674
f 6634/2503/2674 6633/2503/2674 6666/2503/2674 6667/2503/2674
f 6621/2503/2674 6620/2503/2674 6653/2503/2674 6654/2503/2674
f 6648/2503/2674 6647/2503/2674 6680/2503/2674 6681/2503/2674
f 6635/2503/2674 6634/2503/2674 6667/2503/2674 6668/2503/2674
f 6622/2503/2674 6621/2503/2674 6654/2503/2674 6655/2503/2674
f 6649/2503/2674 6648/2503/2674 6681/2503/2674 6682/2503/2674
f 6636/2503/2674 6635/2503/2674 6668/2503/2674 6669/2503/2674
f 6623/2503/2674 6622/2503/2674 6655/2503/2674 6656/2503/2674
f 6650/2503/2674 6649/2503/2674 6682/2503/2674 6683/2503/2674
f 6637/2503/2674 6636/2503/2674 6669/2503/2674 6670/2503/2674
f 6624/2503/2674 6623/2503/2674 6656/2503/2674 6657/2503/2674
f 6651/2503/2674 6650/2503/2674 6683/2503/2674 6684/2503/2674
f 6638/2503/2674 6637/2503/2674 6670/2503/2674 6671/2503/2674
f 6728/2479/163 6849/2480/163 6848/2481/163
f 6728/2479/163 6851/2482/163 6850/2483/163
f 6728/2479/2675 6863/2504/2675 6852/2484/2675
f 6728/2479/2675 6854/2485/2675 6853/2486/2675
f 6728/2479/2675 6853/2486/2675 6855/2487/2675
f 6728/2479/2675 6855/2487/2675 6856/2488/2675
f 6857/2490/163 6849/2480/163 6858/2505/163
f 6738/2496/2675 6861/2506/2675 6859/2507/2675 6749/2496/2675
f 6854/2485/2675 6728/2479/2675 6852/2484/2675
f 6728/2479/2675 6864/2508/2675 6858/2505/2675
f 6851/2482/2676 6728/2479/2676 6848/2481/2676
f 6739/2491/2675 6734/2492/2675 6745/2492/2675 6750/2491/2675
f 6862/2509/2675 6739/2491/2675 6750/2491/2675 6860/2509/2675
f 6729/2494/163 6736/2495/163 6747/2495/163 6740/2494/163
f 6861/2506/163 6731/2497/163 6742/2497/163 6859/2507/163
f 6734/2492/2675 6733/2498/2675 6744/2498/2675 6745/2492/2675
f 6730/2499/163 6737/2500/163 6748/2500/163 6741/2499/163
f 6736/2495/163 6735/2510/163 6746/2511/163 6747/2495/163
f 6731/2497/163 6730/2499/163 6741/2499/163 6742/2497/163
f 6732/2501/2675 6738/2496/2675 6749/2496/2675 6743/2501/2675
f 6737/2500/163 6729/2494/163 6740/2494/163 6748/2500/163
f 6733/2498/2675 6732/2501/2675 6743/2501/2675 6744/2498/2675
f 6830/2502/2675 6831/2502/2675 6783/2502/2675
f 6846/2502/163 6847/2502/163 6783/2502/163
f 6838/2502/2675 6839/2502/2675 6783/2502/2675
f 6823/2502/163 6824/2502/163 6783/2502/163
f 6832/2502/2675 6783/2502/2675 6831/2502/2675
f 6783/2502/2675 6824/2502/2675 6825/2502/2675
f 6826/2502/2675 6783/2502/2675 6825/2502/2675
f 6826/2502/2675 6827/2502/2675 6783/2502/2675
f 6827/2502/2675 6828/2502/2675 6783/2502/2675
f 6828/2502/2675 6829/2502/2675 6783/2502/2675
f 6829/2502/2675 6830/2502/2675 6783/2502/2675
f 6847/2502/163 6817/2502/163 6783/2502/163
f 6783/2502/163 6840/2502/163 6841/2502/163
f 6841/2502/163 6842/2502/163 6783/2502/163
f 6842/2502/163 6843/2502/163 6783/2502/163
f 6843/2502/163 6844/2502/163 6783/2502/163
f 6844/2502/163 6845/2502/163 6783/2502/163
f 6845/2502/163 6846/2502/163 6783/2502/163
f 6839/2502/2675 6840/2502/2675 6783/2502/2675
f 6783/2502/2675 6832/2502/2675 6833/2502/2675
f 6833/2502/2675 6834/2502/2675 6783/2502/2675
f 6834/2502/2675 6835/2502/2675 6783/2502/2675
f 6835/2502/2675 6836/2502/2675 6783/2502/2675
f 6836/2502/2675 6837/2502/2675 6783/2502/2675
f 6837/2502/2675 6838/2502/2675 6783/2502/2675
f 6817/2502/163 6816/2502/163 6783/2502/163
f 6816/2502/163 6818/2502/163 6783/2502/163
f 6818/2502/163 6819/2502/163 6783/2502/163
f 6819/2502/163 6820/2502/163 6783/2502/163
f 6820/2502/163 6821/2502/163 6783/2502/163
f 6821/2502/163 6822/2502/163 6783/2502/163
f 6822/2502/163 6823/2502/163 6783/2502/163
f 6756/2503/163 6755/2503/163 6788/2503/163 6789/2503/163
f 6751/2503/163 6782/2503/163 6815/2503/163 6784/2503/163
f 6770/2503/2675 6769/2503/2675 6802/2503/2675 6803/2503/2675
f 6757/2503/163 6756/2503/163 6789/2503/163 6790/2503/163
f 6771/2503/2675 6770/2503/2675 6803/2503/2675 6804/2503/2675
f 6758/2503/163 6757/2503/163 6790/2503/163 6791/2503/163
f 6772/2503/2675 6771/2503/2675 6804/2503/2675 6805/2503/2675
f 6759/2503/163 6758/2503/163 6791/2503/163 6792/2503/163
f 6773/2503/2675 6772/2503/2675 6805/2503/2675 6806/2503/2675
f 6760/2503/2675 6759/2503/2675 6792/2503/2675 6793/2503/2675
f 6774/2503/2675 6773/2503/2675 6806/2503/2675 6807/2503/2675
f 6761/2503/2675 6760/2503/2675 6793/2503/2675 6794/2503/2675
f 6775/2503/2675 6774/2503/2675 6807/2503/2675 6808/2503/2675
f 6762/2503/2675 6761/2503/2675 6794/2503/2675 6795/2503/2675
f 6776/2503/163 6775/2503/163 6808/2503/163 6809/2503/163
f 6763/2503/2675 6762/2503/2675 6795/2503/2675 6796/2503/2675
f 6777/2503/163 6776/2503/163 6809/2503/163 6810/2503/163
f 6764/2503/2675 6763/2503/2675 6796/2503/2675 6797/2503/2675
f 6778/2503/163 6777/2503/163 6810/2503/163 6811/2503/163
f 6765/2503/2675 6764/2503/2675 6797/2503/2675 6798/2503/2675
f 6752/2503/163 6751/2503/163 6784/2503/163 6785/2503/163
f 6779/2503/163 6778/2503/163 6811/2503/163 6812/2503/163
f 6766/2503/2675 6765/2503/2675 6798/2503/2675 6799/2503/2675
f 6753/2503/163 6752/2503/163 6785/2503/163 6786/2503/163
f 6780/2503/163 6779/2503/163 6812/2503/163 6813/2503/163
f 6767/2503/2675 6766/2503/2675 6799/2503/2675 6800/2503/2675
f 6754/2503/163 6753/2503/163 6786/2503/163 6787/2503/163
f 6781/2503/163 6780/2503/163 6813/2503/163 6814/2503/163
f 6768/2503/2675 6767/2503/2675 6800/2503/2675 6801/2503/2675
f 6755/2503/163 6754/2503/163 6787/2503/163 6788/2503/163
f 6782/2503/163 6781/2503/163 6814/2503/163 6815/2503/163
f 6769/2503/2675 6768/2503/2675 6801/2503/2675 6802/2503/2675
f 6849/2480/2441 6728/2479/2441 6858/2505/2441
f 6735/2510/2675 6862/2509/2675 6860/2509/2675 6746/2511/2675
f 6728/2479/163 6850/2483/163 6863/2504/163
f 6728/2479/2675 6856/2488/2675 6864/2508/2675
f 6865/2479/2677 6986/2480/2677 6985/2481/2677
f 6865/2479/2677 6988/2482/2677 6987/2483/2677
f 6865/2479/2677 6987/2483/2677 6989/2484/2677
f 6865/2479/2677 6991/2485/2677 6990/2486/2677
f 6865/2479/2677 6990/2486/2677 6992/2487/2677
f 6865/2479/2677 6992/2487/2677 6993/2488/2677
f 6865/2479/2677 6995/2489/2677 6994/2490/2677
f 6865/2479/2677 6994/2490/2677 6986/2480/2677
f 6991/2485/2677 6865/2479/2677 6989/2484/2677
f 6995/2489/2677 6865/2479/2677 6993/2488/2677
f 6988/2482/2677 6865/2479/2677 6985/2481/2677
f 6876/2491/2677 6871/2492/2677 6882/2492/2677 6887/2491/2677
f 6872/2493/2677 6876/2491/2677 6887/2491/2677 6883/2493/2677
f 6866/2494/2678 6873/2495/2678 6884/2495/2678 6877/2494/2678
f 6875/2496/2677 6868/2497/2677 6879/2497/2677 6886/2496/2677
f 6871/2492/2677 6870/2498/2677 6881/2498/2677 6882/2492/2677
f 6867/2499/2677 6874/2500/2677 6885/2500/2677 6878/2499/2677
f 6873/2495/2677 6872/2493/2677 6883/2493/2677 6884/2495/2677
f 6868/2497/2677 6867/2499/2677 6878/2499/2677 6879/2497/2677
f 6869/2501/2677 6875/2496/2677 6886/2496/2677 6880/2501/2677
f 6874/2500/2677 6866/2494/2677 6877/2494/2677 6885/2500/2677
f 6870/2498/2677 6869/2501/2677 6880/2501/2677 6881/2498/2677
f 6967/2502/2677 6968/2502/2677 6920/2502/2677
f 6983/2502/2677 6984/2502/2677 6920/2502/2677
f 6975/2502/2677 6976/2502/2677 6920/2502/2677
f 6960/2502/2677 6961/2502/2677 6920/2502/2677
f 6969/2502/2677 6920/2502/2677 6968/2502/2677
f 6920/2502/2677 6961/2502/2677 6962/2502/2677
f 6963/2502/2677 6920/2502/2677 6962/2502/2677
f 6963/2502/2677 6964/2502/2677 6920/2502/2677
f 6964/2502/2677 6965/2502/2677 6920/2502/2677
f 6965/2502/2677 6966/2502/2677 6920/2502/2677
f 6966/2502/2677 6967/2502/2677 6920/2502/2677
f 6984/2502/2677 6954/2502/2677 6920/2502/2677
f 6920/2502/2677 6977/2502/2677 6978/2502/2677
f 6978/2502/2677 6979/2502/2677 6920/2502/2677
f 6979/2502/2677 6980/2502/2677 6920/2502/2677
f 6980/2502/2677 6981/2502/2677 6920/2502/2677
f 6981/2502/2677 6982/2502/2677 6920/2502/2677
f 6982/2502/2677 6983/2502/2677 6920/2502/2677
f 6976/2502/2677 6977/2502/2677 6920/2502/2677
f 6920/2502/2677 6969/2502/2677 6970/2502/2677
f 6970/2502/2677 6971/2502/2677 6920/2502/2677
f 6971/2502/2677 6972/2502/2677 6920/2502/2677
f 6972/2502/2677 6973/2502/2677 6920/2502/2677
f 6973/2502/2677 6974/2502/2677 6920/2502/2677
f 6974/2502/2677 6975/2502/2677 6920/2502/2677
f 6954/2502/2677 6953/2502/2677 6920/2502/2677
f 6953/2502/2677 6955/2502/2677 6920/2502/2677
f 6955/2502/2677 6956/2502/2677 6920/2502/2677
f 6956/2502/2677 6957/2502/2677 6920/2502/2677
f 6957/2502/2677 6958/2502/2677 6920/2502/2677
f 6958/2502/2677 6959/2502/2677 6920/2502/2677
f 6959/2502/2677 6960/2502/2677 6920/2502/2677
f 6893/2503/2677 6892/2503/2677 6925/2503/2677 6926/2503/2677
f 6888/2503/2677 6919/2503/2677 6952/2503/2677 6921/2503/2677
f 6907/2503/2677 6906/2503/2677 6939/2503/2677 6940/2503/2677
f 6894/2503/2677 6893/2503/2677 6926/2503/2677 6927/2503/2677
f 6908/2503/2677 6907/2503/2677 6940/2503/2677 6941/2503/2677
f 6895/2503/2677 6894/2503/2677 6927/2503/2677 6928/2503/2677
f 6909/2503/2677 6908/2503/2677 6941/2503/2677 6942/2503/2677
f 6896/2503/2677 6895/2503/2677 6928/2503/2677 6929/2503/2677
f 6910/2503/2677 6909/2503/2677 6942/2503/2677 6943/2503/2677
f 6897/2503/2677 6896/2503/2677 6929/2503/2677 6930/2503/2677
f 6911/2503/2677 6910/2503/2677 6943/2503/2677 6944/2503/2677
f 6898/2503/2677 6897/2503/2677 6930/2503/2677 6931/2503/2677
f 6912/2503/2677 6911/2503/2677 6944/2503/2677 6945/2503/2677
f 6899/2503/2677 6898/2503/2677 6931/2503/2677 6932/2503/2677
f 6913/2503/2677 6912/2503/2677 6945/2503/2677 6946/2503/2677
f 6900/2503/2677 6899/2503/2677 6932/2503/2677 6933/2503/2677
f 6914/2503/2677 6913/2503/2677 6946/2503/2677 6947/2503/2677
f 6901/2503/2677 6900/2503/2677 6933/2503/2677 6934/2503/2677
f 6915/2503/2677 6914/2503/2677 6947/2503/2677 6948/2503/2677
f 6902/2503/2677 6901/2503/2677 6934/2503/2677 6935/2503/2677
f 6889/2503/2677 6888/2503/2677 6921/2503/2677 6922/2503/2677
f 6916/2503/2677 6915/2503/2677 6948/2503/2677 6949/2503/2677
f 6903/2503/2677 6902/2503/2677 6935/2503/2677 6936/2503/2677
f 6890/2503/2677 6889/2503/2677 6922/2503/2677 6923/2503/2677
f 6917/2503/2677 6916/2503/2677 6949/2503/2677 6950/2503/2677
f 6904/2503/2677 6903/2503/2677 6936/2503/2677 6937/2503/2677
f 6891/2503/2677 6890/2503/2677 6923/2503/2677 6924/2503/2677
f 6918/2503/2677 6917/2503/2677 6950/2503/2677 6951/2503/2677
f 6905/2503/2677 6904/2503/2677 6937/2503/2677 6938/2503/2677
f 6892/2503/2677 6891/2503/2677 6924/2503/2677 6925/2503/2677
f 6919/2503/2677 6918/2503/2677 6951/2503/2677 6952/2503/2677
f 6906/2503/2677 6905/2503/2677 6938/2503/2677 6939/2503/2677
