# Blender 4.3.2
# www.blender.org
mtllib FED_Peregrine.mtl
o Peregrine
v 19.415981 9.402238 -87.539787
v 18.360296 8.484594 -87.539787
v 18.853628 9.520560 -86.168411
v 18.360296 -5.593960 -87.539787
v 19.435701 -6.146453 -87.539787
v 18.745167 -6.846848 -86.533394
v 13.683986 5.771592 -76.667564
v 18.853628 9.520560 -86.168411
v 18.360296 8.484594 -87.539787
v 18.360296 8.484594 -87.539787
v 13.683986 4.656745 -78.068520
v 13.683986 5.771592 -76.667564
v 40.321815 -4.390361 53.532196
v 39.729885 -5.544648 53.157188
v 40.410561 -5.238821 52.742897
v 39.512798 4.193004 52.496227
v 39.058910 4.321186 52.624573
v 39.571960 3.383985 53.324966
v 0.828740 -0.591927 86.513672
v 39.571960 3.383985 53.324966
v 39.058910 4.321186 52.624573
v 39.058910 4.321186 52.624573
v 0.513052 0.305834 86.030365
v 0.828740 -0.591927 86.513672
v 40.321815 -4.390361 53.532196
v 0.858320 -4.212714 85.053566
v 0.848460 -5.199378 83.879555
v 0.848460 -5.199378 83.879555
v 39.729885 -5.544648 53.157188
v 40.321815 -4.390361 53.532196
v 0.000000 -0.818873 86.128967
v 0.828740 -0.591927 86.513672
v 0.513052 0.305834 86.030365
v -18.370317 8.484594 -87.539787
v -19.425842 9.402238 -87.539787
v -18.863489 9.520560 -86.168411
v -18.745167 -6.846848 -86.533394
v -19.435701 -6.146453 -87.539787
v -18.370317 -5.593960 -87.539787
v -13.683986 5.771592 -76.667564
v -13.683986 4.656745 -78.068520
v -18.370317 8.484594 -87.539787
v -18.370317 8.484594 -87.539787
v -18.863489 9.520560 -86.168411
v -13.683986 5.771592 -76.667564
v -39.739746 -5.544648 53.157188
v -40.321815 -4.390361 53.532196
v -40.420422 -5.238821 52.742897
v -39.058910 4.321186 52.624573
v -39.522659 4.193004 52.496227
v -39.581821 3.383985 53.324966
v -0.828740 -0.591927 86.513672
v -0.522913 0.305834 86.030365
v -39.058910 4.321186 52.624573
v -39.058910 4.321186 52.624573
v -39.581821 3.383985 53.324966
v -0.828740 -0.591927 86.513672
v -40.321815 -4.390361 53.532196
v -39.739746 -5.544648 53.157188
v -0.858320 -5.199378 83.879555
v -0.858320 -5.199378 83.879555
v -0.868181 -4.212714 85.053566
v -40.321815 -4.390361 53.532196
v -0.522913 0.305834 86.030365
v -0.828740 -0.591927 86.513672
v 0.000000 -0.818873 86.128967
v -9.520567 -12.884822 56.057854
v -7.902528 -12.884825 54.439816
v -7.902528 -14.502860 56.057854
v -7.902528 -14.502860 69.889740
v -7.902528 -12.884822 71.497917
v -9.520567 -12.884822 69.889740
v 7.626281 -12.884825 54.439816
v 9.244320 -12.884822 56.057854
v 7.626281 -14.502860 56.057854
v 7.626281 -14.502860 69.889740
v 9.244320 -12.884822 69.889740
v 7.626281 -12.884822 71.497917
v 18.360296 8.484594 -87.539787
v 18.360296 -5.593960 -87.539787
v 13.693846 -11.118891 -78.107956
v 13.683986 4.656745 -78.068520
v 18.745167 -6.846848 -86.533394
v 19.435701 -6.146453 -87.539787
v 40.075153 -5.801186 -87.490479
v 42.117344 -9.382364 -24.368702
v 128.305481 -50.552643 -52.219978
v 128.295609 -50.473763 -19.090431
v 125.918015 -53.127602 -19.080570
v 125.996895 -53.137470 -52.219978
v 7.941968 7.409200 49.980431
v 8.780568 6.945610 49.950848
v 8.760848 7.695306 44.702164
v 7.922248 7.734908 44.455494
v 95.146339 -15.667013 -1.627898
v 103.601364 -24.575928 -1.499553
v 98.658669 -19.366682 -11.651657
v 95.175926 -15.686735 -11.671377
v 95.146339 -15.667013 -1.627898
v 95.442307 -14.976316 -1.341791
v 104.499130 -24.516603 -1.203586
v 103.601364 -24.575928 -1.499553
v 95.175926 -15.686735 -11.671377
v 95.471893 -14.996037 -11.967344
v 95.442307 -14.976316 -1.341791
v 95.146339 -15.667013 -1.627898
v 98.658669 -19.366682 -11.651657
v 99.260468 -19.001694 -11.947623
v 95.471893 -14.996037 -11.967344
v 95.175926 -15.686735 -11.671377
v 103.601364 -24.575928 -1.499553
v 104.499130 -24.516603 -1.203586
v 99.260468 -19.001694 -11.947623
v 98.658669 -19.366682 -11.651657
v 37.273247 -2.298722 -96.941872
v 51.559029 -2.298722 -96.941872
v 51.559029 -2.298712 25.059235
v 37.273247 -2.298712 25.059235
v 51.559029 -2.298722 -96.941872
v 37.273247 -2.298722 -96.941872
v 37.273247 -1.203596 -98.096313
v 51.559029 -1.203596 -98.096313
v 91.949875 -18.991838 -74.280106
v 51.559029 -2.298722 -96.941872
v 92.304993 -17.936153 -75.493553
v 91.860962 -18.902929 0.631376
v 51.559029 -2.298712 25.059235
v 124.161774 -52.259430 -51.332077
v 125.996895 -53.137470 -52.219978
v 92.304993 -17.936148 1.736362
v 51.559029 -1.203586 26.243267
v 102.782486 -28.719463 1.726503
v 37.273247 -1.203586 26.243267
v 37.273247 -2.298712 25.059235
v 51.559029 -2.298712 25.059235
v 102.121536 -29.498901 0.670818
v 125.918015 -53.127602 -19.080570
v 124.161774 -52.259426 -20.027634
v 37.273247 2.002740 -98.096313
v 51.559029 2.002740 -98.096313
v 51.559029 -1.203596 -98.096313
v 37.273247 -1.203596 -98.096313
v 37.273247 3.088006 -96.951897
v 51.559029 3.088006 -96.951897
v 51.559029 2.002740 -98.096313
v 37.273247 2.002740 -98.096313
v 37.273247 3.088015 25.078955
v 51.559029 3.088015 25.078955
v 51.559029 3.088006 -96.951897
v 37.273247 3.088006 -96.951897
v 37.273247 2.002749 26.243267
v 51.559029 2.002749 26.243267
v 51.559029 3.088015 25.078955
v 37.273247 3.088015 25.078955
v 37.273247 -1.203586 26.243267
v 51.559029 -1.203586 26.243267
v 51.559029 2.002749 26.243267
v 37.273247 2.002749 26.243267
v 38.368374 20.451939 -111.316559
v 38.368374 20.451939 -109.175598
v 38.368374 24.743538 -114.828712
v 38.368374 24.743538 -116.959808
v 21.073463 20.451939 -111.316559
v 21.073463 24.743538 -116.959808
v 21.073463 24.743538 -114.828712
v 21.073463 20.451939 -109.175598
v 43.222328 6.876578 -76.105209
v 43.311073 7.350029 -76.263130
v 52.802055 7.340169 -64.315506
v 52.644295 6.836977 -64.325371
v 53.926758 5.791314 -64.700378
v 54.420094 5.880055 -64.887726
v 43.597179 5.880054 -78.078377
v 43.320930 5.811033 -77.614784
v 52.979702 6.866564 22.661922
v 53.186928 7.310596 22.543438
v 53.186928 7.310596 40.519024
v 52.969837 6.866565 40.489445
v 54.193150 5.801182 41.081375
v 54.656902 5.968805 41.140701
v 54.656902 5.968804 22.543438
v 54.212872 5.771599 22.661922
v 52.969837 6.866558 -62.737076
v 53.186928 7.310589 -62.776512
v 53.186928 7.310591 -39.631123
v 52.979702 6.866560 -39.680424
v 54.212872 5.771595 -39.680424
v 54.656902 5.968799 -39.631123
v 54.656902 5.968797 -63.319145
v 54.193150 5.791314 -63.259827
v 52.979702 6.866562 -9.412106
v 53.186928 7.310593 -9.461407
v 53.186928 7.310595 19.850153
v 52.979702 6.866564 19.731670
v 54.212872 5.771599 19.731670
v 54.656902 5.968803 19.860012
v 54.656902 5.968801 -9.490987
v 54.212872 5.771597 -9.441686
v 43.222328 -12.371779 -76.105209
v 52.644295 -12.342199 -64.325371
v 52.802055 -12.845390 -64.315506
v 43.311073 -12.845391 -76.263130
v 53.926758 -11.296373 -64.700378
v 43.320930 -11.316094 -77.614784
v 43.597179 -11.385278 -78.078377
v 54.420094 -11.385277 -64.887726
v 52.979702 -12.361913 22.661922
v 52.969837 -12.371770 40.489445
v 53.186928 -12.815802 40.519024
v 53.186928 -12.815804 22.543438
v 54.193150 -11.296366 41.081375
v 54.212872 -11.276647 22.661922
v 54.656902 -11.474012 22.543438
v 54.656902 -11.474010 41.140701
v 52.969837 -12.371778 -62.737076
v 52.979702 -12.361917 -39.680424
v 53.186928 -12.815808 -39.631123
v 53.186928 -12.815810 -62.776512
v 54.212872 -11.276650 -39.680424
v 54.193150 -11.296373 -63.259827
v 54.656902 -11.474018 -63.319145
v 54.656902 -11.474016 -39.631123
v 52.979702 -12.361916 -9.412104
v 52.979702 -12.361913 19.731670
v 53.186928 -12.815804 19.850155
v 53.186928 -12.815807 -9.461405
v 54.212872 -11.276647 19.731670
v 54.212872 -11.276649 -9.441685
v 54.656902 -11.474014 -9.490985
v 54.656902 -11.474012 19.860014
v 38.121704 24.457432 -160.014343
v 38.121704 24.487011 -163.250427
v 38.121704 6.570583 -163.457489
v 38.121704 6.531143 -160.221573
v 21.310268 6.531143 -160.221573
v 21.310268 6.570583 -163.457489
v 21.320129 24.487011 -163.250427
v 21.320129 24.457432 -160.014343
v 0.513052 0.305834 86.030365
v 0.000000 0.286113 86.020508
v 0.000000 -0.818873 86.128967
v -0.522913 0.305834 86.030365
v 61.454437 18.912779 -121.330292
v 51.045971 21.714687 -124.724129
v 50.947372 18.942522 -121.320427
v 58.820320 16.989077 -118.854095
v 58.780880 -2.042197 -117.679916
v 60.398754 15.075068 -137.283417
v 63.033043 16.979214 -137.273544
v 61.375561 -3.196484 -114.049271
v 61.375561 -3.196484 -114.049271
v 61.375561 -3.196482 -84.816757
v 58.780880 -2.042195 -86.415070
v 58.780880 -2.042197 -117.679916
v 58.780880 -2.042195 -86.415070
v 61.375561 -3.196482 -84.816757
v 61.602509 -0.493339 -88.279785
v 58.997803 0.276240 -89.374916
v 47.553528 22.168577 -125.286476
v 47.454773 19.376532 -121.863060
v 50.947372 18.942522 -121.320427
v 51.045971 21.714687 -124.724129
v 61.454437 18.912779 -121.330292
v 58.820320 16.989077 -118.854095
v 60.369179 14.769244 -116.042320
v 63.003464 16.683088 -118.508667
v 58.701836 17.018656 -139.710464
v 61.296520 18.952381 -139.582123
v 63.033043 16.979214 -137.273544
v 60.398754 15.075068 -137.283417
v -18.370317 8.484594 -87.539787
v -13.683986 4.656745 -78.068520
v -13.693846 -11.118891 -78.107956
v -18.370317 -5.593960 -87.539787
v -18.745167 -6.846848 -86.533394
v -42.127205 -9.382364 -24.368702
v -40.075153 -5.801186 -87.490479
v -19.435701 -6.146453 -87.539787
v -128.315338 -50.552643 -52.219978
v -125.996895 -53.137470 -52.219978
v -125.918015 -53.127602 -19.080570
v -128.295609 -50.473763 -19.090431
v -7.951829 7.409200 49.980431
v -7.932109 7.734908 44.455494
v -8.770708 7.695306 44.702164
v -8.790428 6.945610 49.950848
v -95.156212 -15.667013 -1.627898
v -95.185783 -15.686735 -11.671377
v -98.668526 -19.366682 -11.651657
v -103.611221 -24.575928 -1.499553
v -95.156212 -15.667013 -1.627898
v -103.611221 -24.575928 -1.499553
v -104.499130 -24.516603 -1.203586
v -95.452179 -14.976316 -1.341791
v -95.185783 -15.686735 -11.671377
v -95.156212 -15.667013 -1.627898
v -95.452179 -14.976316 -1.341791
v -95.481750 -14.996037 -11.967344
v -98.668526 -19.366682 -11.651657
v -95.185783 -15.686735 -11.671377
v -95.481750 -14.996037 -11.967344
v -99.270317 -19.001694 -11.947623
v -103.611221 -24.575928 -1.499553
v -98.668526 -19.366682 -11.651657
v -99.270317 -19.001694 -11.947623
v -104.499130 -24.516603 -1.203586
v -37.273247 -2.298722 -96.941872
v -37.273247 -2.298712 25.059235
v -51.568890 -2.298712 25.059235
v -51.568890 -2.298722 -96.941872
v -37.273247 -1.203596 -98.096313
v -37.273247 -2.298722 -96.941872
v -51.568890 -2.298722 -96.941872
v -51.568890 -1.203596 -98.096313
v -91.959724 -18.991838 -74.280106
v -92.304993 -17.936153 -75.493553
v -51.568890 -2.298722 -96.941872
v -124.171799 -52.259430 -51.332077
v -125.996895 -53.137470 -52.219978
v -124.171799 -52.259426 -20.027634
v -125.918015 -53.127602 -19.080570
v -91.870834 -18.902929 0.631376
v -102.131386 -29.498901 0.670818
v -102.792351 -28.719463 1.726503
v -51.568890 -2.298712 25.059235
v -92.314865 -17.936148 1.736362
v -51.568890 -1.203586 26.243267
v -51.568890 -2.298712 25.059235
v -37.273247 -2.298712 25.059235
v -37.273247 -1.203586 26.243267
v -37.273247 2.002740 -98.096313
v -37.273247 -1.203596 -98.096313
v -51.568890 -1.203596 -98.096313
v -51.568890 2.002740 -98.096313
v -37.273247 3.088006 -96.951897
v -37.273247 2.002740 -98.096313
v -51.568890 2.002740 -98.096313
v -51.568890 3.088006 -96.951897
v -37.273247 3.088015 25.078955
v -37.273247 3.088006 -96.951897
v -51.568890 3.088006 -96.951897
v -51.568890 3.088015 25.078955
v -37.273247 2.002749 26.243267
v -37.273247 3.088015 25.078955
v -51.568890 3.088015 25.078955
v -51.568890 2.002749 26.243267
v -37.273247 -1.203586 26.243267
v -37.273247 2.002749 26.243267
v -51.568890 2.002749 26.243267
v -51.568890 -1.203586 26.243267
v -38.368374 20.451939 -111.316559
v -38.368374 24.743538 -116.959808
v -38.368374 24.743538 -114.828712
v -38.368374 20.451939 -109.175598
v -21.073463 20.451939 -111.316559
v -21.073463 20.451939 -109.175598
v -21.073463 24.743538 -114.828712
v -21.073463 24.743538 -116.959808
v -43.222328 6.876578 -76.105209
v -52.644295 6.836977 -64.325371
v -52.811920 7.340169 -64.315506
v -43.320930 7.350029 -76.263130
v -53.936619 5.791314 -64.700378
v -43.320930 5.811033 -77.614784
v -43.597179 5.880054 -78.078377
v -54.429951 5.880055 -64.887726
v -52.989563 6.866564 22.661922
v -52.979702 6.866565 40.489445
v -53.186928 7.310596 40.519024
v -53.186928 7.310596 22.543438
v -54.203011 5.801182 41.081375
v -54.212872 5.771599 22.661922
v -54.666763 5.968804 22.543438
v -54.666763 5.968805 41.140701
v -52.979702 6.866558 -62.737076
v -52.989563 6.866560 -39.680424
v -53.186928 7.310591 -39.631123
v -53.186928 7.310589 -62.776512
v -54.212872 5.771595 -39.680424
v -54.203011 5.791314 -63.259827
v -54.666763 5.968797 -63.319145
v -54.666763 5.968799 -39.631123
v -52.989563 6.866562 -9.412106
v -52.989563 6.866564 19.731670
v -53.186928 7.310595 19.850153
v -53.186928 7.310593 -9.461407
v -54.212872 5.771599 19.731670
v -54.212872 5.771597 -9.441686
v -54.666763 5.968801 -9.490987
v -54.666763 5.968803 19.860012
v -43.222328 -12.371779 -76.105209
v -43.320930 -12.845391 -76.263130
v -52.811920 -12.845390 -64.315506
v -52.644295 -12.342199 -64.325371
v -53.936619 -11.296373 -64.700378
v -54.429951 -11.385277 -64.887726
v -43.597179 -11.385278 -78.078377
v -43.320930 -11.316094 -77.614784
v -52.989563 -12.361913 22.661922
v -53.186928 -12.815804 22.543438
v -53.186928 -12.815802 40.519024
v -52.979702 -12.371770 40.489445
v -54.203011 -11.296366 41.081375
v -54.666763 -11.474010 41.140701
v -54.666763 -11.474012 22.543438
v -54.212872 -11.276647 22.661922
v -52.979702 -12.371778 -62.737076
v -53.186928 -12.815810 -62.776512
v -53.186928 -12.815808 -39.631123
v -52.989563 -12.361917 -39.680424
v -54.212872 -11.276650 -39.680424
v -54.666763 -11.474016 -39.631123
v -54.666763 -11.474018 -63.319145
v -54.203011 -11.296373 -63.259827
v -52.989563 -12.361916 -9.412104
v -53.186928 -12.815807 -9.461405
v -53.186928 -12.815804 19.850155
v -52.989563 -12.361913 19.731670
v -54.212872 -11.276647 19.731670
v -54.666763 -11.474012 19.860014
v -54.666763 -11.474014 -9.490985
v -54.212872 -11.276649 -9.441685
v -38.121704 24.457432 -160.014343
v -38.121704 6.531143 -160.221573
v -38.121704 6.570583 -163.457489
v -38.121704 24.487011 -163.250427
v -21.320129 6.531143 -160.221573
v -21.320129 24.457432 -160.014343
v -21.320129 24.487011 -163.250427
v -21.320129 6.570583 -163.457489
v -61.454437 18.912779 -121.330292
v -58.830181 16.989077 -118.854095
v -50.947372 18.942522 -121.320427
v -51.045971 21.714687 -124.724129
v -58.790741 -2.042197 -117.679916
v -61.385422 -3.196484 -114.049271
v -63.033043 16.979214 -137.273544
v -60.408615 15.075068 -137.283417
v -61.385422 -3.196484 -114.049271
v -58.790741 -2.042197 -117.679916
v -58.790741 -2.042195 -86.415070
v -61.385422 -3.196482 -84.816757
v -58.790741 -2.042195 -86.415070
v -59.007664 0.276240 -89.374916
v -61.602509 -0.493339 -88.279785
v -61.385422 -3.196482 -84.816757
v -47.553528 22.168577 -125.286476
v -51.045971 21.714687 -124.724129
v -50.947372 18.942522 -121.320427
v -47.454773 19.376532 -121.863060
v -61.454437 18.912779 -121.330292
v -63.013321 16.683088 -118.508667
v -60.379036 14.769244 -116.042320
v -58.830181 16.989077 -118.854095
v -58.701836 17.018656 -139.710464
v -60.408615 15.075068 -137.283417
v -63.033043 16.979214 -137.273544
v -61.306538 18.952381 -139.582123
v 9.747513 9.214743 30.850554
v 9.747513 10.112503 31.748314
v 9.560007 21.813459 15.084938
v 9.560007 20.915697 14.177317
v -9.560007 20.915697 14.177317
v -9.560007 21.813459 15.084938
v -9.747513 10.112503 31.748314
v -9.747513 9.214743 30.850554
v 11.631776 10.339449 28.788645
v 12.480236 10.339449 28.788645
v 15.075079 13.022870 13.230094
v 14.226619 13.022870 13.230094
v 11.464153 21.103043 13.457039
v 12.312613 21.103043 13.457039
v 12.480236 10.339449 28.788645
v 11.631776 10.339449 28.788645
v 14.226619 13.022870 13.230094
v 15.075079 13.022870 13.230094
v 12.312613 21.103043 13.457039
v 11.464153 21.103043 13.457039
v -14.029254 13.022870 13.230094
v -15.084939 13.022870 13.230094
v -12.490258 10.339449 28.788645
v -11.434573 10.339449 28.788645
v -11.434573 10.339449 28.788645
v -12.490258 10.339449 28.788645
v -12.312613 21.103043 13.457039
v -11.266788 21.103043 13.457039
v -11.266788 21.103043 13.457039
v -12.312613 21.103043 13.457039
v -15.084939 13.022870 13.230094
v -14.029254 13.022870 13.230094
v 6.156307 22.217886 9.155577
v 6.156307 23.835926 9.155577
v 6.294350 23.865507 -14.374523
v 6.294350 22.247467 -14.374523
v -6.304209 22.247467 -14.374523
v -6.304209 23.865507 -14.374523
v -6.156307 23.835926 9.155577
v -6.156307 22.217886 9.155577
v -9.520567 -6.708794 69.889740
v -9.520567 -6.708796 56.057854
v -9.520567 -12.884822 56.057854
v -9.520567 -12.884822 69.889740
v 9.244320 -6.708794 69.889740
v 9.244320 -12.884822 69.889740
v 9.244320 -12.884822 56.057854
v 9.244320 -6.708796 56.057854
v 7.626281 -14.502860 69.889740
v -7.902528 -14.502860 69.889740
v -7.902528 -14.502860 56.057854
v 7.626281 -14.502860 56.057854
v 7.626281 -6.708794 71.497917
v -7.902528 -6.708794 71.497917
v -7.902528 -12.884822 71.497917
v 7.626281 -12.884822 71.497917
v 7.626281 -12.884825 54.439816
v -7.902528 -12.884825 54.439816
v -7.902528 -6.708796 54.439816
v 7.626281 -6.708796 54.439816
v -7.902528 -6.708796 54.439816
v -7.902528 -12.884825 54.439816
v -9.520567 -12.884822 56.057854
v -9.520567 -6.708796 56.057854
v -7.902528 -12.884822 71.497917
v -7.902528 -6.708794 71.497917
v -9.520567 -6.708794 69.889740
v -9.520567 -12.884822 69.889740
v -7.902528 -14.502860 56.057854
v -7.902528 -14.502860 69.889740
v -9.520567 -12.884822 69.889740
v -9.520567 -12.884822 56.057854
v 7.626281 -14.502860 69.889740
v 7.626281 -14.502860 56.057854
v 9.244320 -12.884822 56.057854
v 9.244320 -12.884822 69.889740
v 7.626281 -6.708794 71.497917
v 7.626281 -12.884822 71.497917
v 9.244320 -12.884822 69.889740
v 9.244320 -6.708794 69.889740
v 7.626281 -12.884825 54.439816
v 7.626281 -6.708796 54.439816
v 9.244320 -6.708796 56.057854
v 9.244320 -12.884822 56.057854
v 7.626281 -12.884822 71.497917
v -7.902528 -12.884822 71.497917
v -7.902528 -14.502860 69.889740
v 7.626281 -14.502860 69.889740
v -7.902528 -12.884825 54.439816
v 7.626281 -12.884825 54.439816
v 7.626281 -14.502860 56.057854
v -7.902528 -14.502860 56.057854
v 0.858320 -4.212714 85.053566
v 40.321815 -4.390361 53.532196
v 39.571960 3.383985 53.324966
v 0.828740 -0.591927 86.513672
v 0.000000 -4.222574 85.043701
v 0.000000 -0.818873 86.128967
v -0.828740 -0.591927 86.513672
v -0.868181 -4.212714 85.053566
v -39.581821 3.383985 53.324966
v -40.321815 -4.390361 53.532196
v 102.782486 -28.719463 1.726503
v 125.918015 -53.127602 -19.080570
v 128.295609 -50.473763 -19.090431
v 104.380806 -25.878117 1.726503
v 92.304993 -17.936148 1.736362
v 93.784836 -14.660627 1.736362
v 51.559029 -1.203586 26.243267
v 51.559029 2.002749 26.243267
v 51.559029 -1.203596 -98.096313
v 51.559029 2.002740 -98.096313
v 93.784836 -14.660634 -75.493553
v 92.304993 -17.936153 -75.493553
v 128.305481 -50.552643 -52.219978
v 125.996895 -53.137470 -52.219978
v 7.941968 7.409200 49.980431
v 7.922248 7.734908 44.455494
v 7.359895 9.007518 44.179253
v 7.290874 8.603088 51.184021
v 6.471994 9.638892 44.041210
v 6.471994 9.027239 51.479984
v 0.000000 8.928637 51.706928
v 0.000000 9.638892 44.041210
v -6.481854 9.638892 44.041210
v -6.481854 9.027239 51.479984
v -7.300734 8.603088 51.184021
v -7.359895 9.007518 44.179253
v -7.951829 7.409200 49.980431
v -7.932109 7.734908 44.455494
v 7.922248 7.734908 44.455494
v 8.760848 7.695306 44.702164
v 7.872947 10.349310 44.406197
v 7.359895 9.007518 44.179253
v 6.975186 11.237211 44.297733
v 6.471994 9.638892 44.041210
v 0.000000 11.237211 44.297733
v 0.000000 9.638892 44.041210
v -6.481854 9.638892 44.041210
v -6.985046 11.237211 44.297733
v -7.359895 9.007518 44.179253
v -7.882807 10.349310 44.406197
v -7.932109 7.734908 44.455494
v -8.770708 7.695306 44.702164
v 8.780568 6.945610 49.950848
v 7.941968 7.409200 49.980431
v 7.290874 8.603088 51.184021
v 7.794066 9.372507 52.121384
v 6.471994 9.027239 51.479984
v 6.975186 9.905279 52.594830
v 0.000000 9.895419 52.614712
v 0.000000 8.928637 51.706928
v -6.481854 9.027239 51.479984
v -6.985046 9.905279 52.594830
v -7.803926 9.372507 52.121384
v -7.300734 8.603088 51.184021
v -8.790428 6.945610 49.950848
v -7.951829 7.409200 49.980431
v 36.375484 15.213121 -21.162203
v 36.207699 14.552165 -21.162203
v 32.725121 15.420346 -19.929035
v 32.892742 16.091160 -19.929035
v 29.242374 16.288527 -21.497774
v 29.400301 16.949482 -21.497774
v 29.400301 16.949482 -21.497774
v 29.242374 16.288527 -21.497774
v 27.910604 16.614073 -25.108700
v 28.078228 17.275188 -25.108700
v 29.212795 16.278666 -28.689884
v 29.380579 16.939619 -28.689884
v 29.380579 16.939619 -28.689884
v 29.212795 16.278666 -28.689884
v 32.715260 15.410485 -30.179739
v 32.873024 16.071440 -30.179741
v 36.207699 14.542304 -28.857668
v 36.375484 15.203259 -28.857668
v 36.375484 15.203259 -28.857668
v 36.207699 14.542304 -28.857668
v 37.529774 14.216757 -25.000074
v 37.697395 14.877711 -25.000074
v 36.207699 14.552165 -21.162203
v 36.375484 15.213121 -21.162203
v 23.026907 18.113791 -21.537216
v 22.948027 17.432955 -21.537216
v 19.554186 17.837545 -20.373068
v 19.633066 18.518221 -20.373068
v 16.150484 18.241972 -21.902203
v 16.239227 18.922649 -21.902203
v 16.239227 18.922649 -21.902203
v 16.150484 18.241972 -21.902203
v 14.877714 18.390036 -25.335484
v 14.956594 19.070711 -25.335484
v 16.160347 18.232111 -28.739185
v 16.239227 18.912788 -28.739185
v 16.239227 18.912788 -28.739185
v 16.160347 18.232111 -28.739185
v 19.534466 17.827682 -30.179741
v 19.623207 18.508358 -30.179741
v 22.928307 17.423092 -28.926693
v 23.007187 18.103930 -28.926693
v 23.007187 18.103930 -28.926693
v 22.928307 17.423092 -28.926693
v 24.210777 17.275188 -25.217161
v 24.289818 17.955864 -25.217161
v 22.948027 17.432955 -21.537216
v 23.026907 18.113791 -21.537216
v 18.745167 -6.846848 -86.533394
v 18.518221 -7.725051 -85.428406
v 18.360296 -5.593960 -87.539787
v 13.693846 -11.118891 -78.107956
v 14.256200 -12.618446 -77.012833
v 39.966530 7.586834 -76.440620
v 39.966530 7.586844 48.431572
v 41.594429 7.586844 48.391972
v 46.557007 7.586844 48.263794
v 42.886921 7.586834 -76.194107
v 49.921268 7.586844 46.635891
v 52.723175 7.586844 41.712914
v 52.723175 7.586843 21.201803
v 52.723175 7.586841 -9.984319
v 52.723175 7.586838 -39.088490
v 52.723175 7.586836 -63.832199
v 53.907043 6.343813 22.671780
v 52.979702 6.866564 22.661922
v 52.969837 6.866565 40.489445
v 53.985920 6.274632 40.963055
v 54.212872 5.771599 22.661922
v 54.193150 5.801182 41.081375
v 43.311073 7.350029 -76.263130
v 43.222328 6.876578 -76.105209
v 43.271629 6.245042 -77.417419
v 43.468990 6.560729 -77.752831
v 43.320930 5.811033 -77.614784
v 43.597179 5.880054 -78.078377
v 54.420094 5.880055 -64.887726
v 53.926758 5.791314 -64.700378
v 53.680096 6.274624 -64.650917
v 54.035385 6.620053 -64.759537
v 52.644295 6.836977 -64.325371
v 52.802055 7.340169 -64.315506
v 52.969837 6.866558 -62.737076
v 52.979702 6.866560 -39.680424
v 53.907043 6.343809 -39.680424
v 53.976063 6.284484 -63.151363
v 54.212872 5.771595 -39.680424
v 54.193150 5.791314 -63.259827
v 52.979702 6.866562 -9.412106
v 52.979702 6.866564 19.731670
v 53.907043 6.343813 19.731670
v 53.907043 6.343811 -9.441686
v 54.212872 5.771599 19.731670
v 54.212872 5.771597 -9.441686
v 52.969837 6.866565 40.489445
v 53.186928 7.310596 40.519024
v 54.360931 6.590319 41.002495
v 53.985920 6.274632 40.963055
v 54.656902 5.968805 41.140701
v 54.193150 5.801182 41.081375
v 53.186928 7.310596 22.543438
v 52.979702 6.866564 22.661922
v 53.907043 6.343813 22.671780
v 54.252312 6.689081 22.543438
v 54.212872 5.771599 22.661922
v 54.656902 5.968804 22.543438
v 52.782333 7.300737 42.314705
v 52.614712 6.846845 42.196228
v 53.670238 6.274632 42.561375
v 53.966202 6.590319 42.788319
v 53.897179 5.801182 42.620537
v 54.272034 5.968805 42.896782
v 41.900257 5.781462 49.911407
v 41.841095 5.968805 50.375160
v 46.981159 5.988526 50.404739
v 46.823395 5.751881 50.010010
v 51.144577 5.978665 48.046703
v 50.927654 5.771601 47.652134
v 54.272034 5.968805 42.896782
v 53.897179 5.801182 42.620537
v 41.841095 5.968805 50.375160
v 41.900257 5.781462 49.911407
v 41.939697 6.314235 49.645020
v 41.890396 6.649642 50.000149
v 42.097626 6.876588 48.648495
v 42.068043 7.330317 48.855724
v 42.068043 7.330317 48.855724
v 42.097626 6.876588 48.648495
v 46.645752 6.817265 48.549896
v 46.744507 7.281017 48.707825
v 50.177799 6.827126 46.744507
v 50.227097 7.281017 46.971298
v 52.614712 6.846845 42.196228
v 52.782333 7.300737 42.314705
v 53.186928 7.310589 -62.776512
v 52.969837 6.866558 -62.737076
v 53.976063 6.284484 -63.151363
v 54.351074 6.600333 -63.190804
v 54.193150 5.791314 -63.259827
v 54.656902 5.968797 -63.319145
v 54.656902 5.968799 -39.631123
v 54.212872 5.771595 -39.680424
v 53.907043 6.343809 -39.680424
v 54.252312 6.689076 -39.631123
v 52.979702 6.866560 -39.680424
v 53.186928 7.310591 -39.631123
v 53.186928 7.310593 -9.461407
v 52.979702 6.866562 -9.412106
v 53.907043 6.343811 -9.441686
v 54.262169 6.679218 -9.490987
v 54.212872 5.771597 -9.441686
v 54.656902 5.968801 -9.490987
v 54.656902 5.968803 19.860012
v 54.212872 5.771599 19.731670
v 53.907043 6.343813 19.731670
v 54.252312 6.689081 19.860012
v 52.979702 6.866564 19.731670
v 53.186928 7.310595 19.850153
v 41.594429 -13.082189 48.391972
v 39.966530 -13.082189 48.431572
v 39.966530 -13.082198 -76.440620
v 46.557007 -13.082189 48.263794
v 42.886921 -13.082198 -76.194107
v 52.723175 -13.082189 41.712914
v 52.723175 -13.082191 21.201803
v 52.723175 -13.082193 -9.984317
v 52.723175 -13.082194 -39.088490
v 52.723175 -13.082197 -63.832199
v 52.969837 -12.371770 40.489445
v 52.979702 -12.361913 22.661922
v 53.907043 -11.839000 22.671780
v 53.985920 -11.779837 40.963055
v 54.212872 -11.276647 22.661922
v 54.193150 -11.296366 41.081375
v 43.271629 -11.750265 -77.417419
v 43.222328 -12.371779 -76.105209
v 43.311073 -12.845391 -76.263130
v 43.468990 -12.065954 -77.752831
v 43.320930 -11.316094 -77.614784
v 43.597179 -11.385278 -78.078377
v 53.680096 -11.779844 -64.650917
v 53.926758 -11.296373 -64.700378
v 54.420094 -11.385277 -64.887726
v 54.035385 -12.125113 -64.759537
v 52.644295 -12.342199 -64.325371
v 52.802055 -12.845390 -64.315506
v 53.907043 -11.848864 -39.680424
v 52.979702 -12.361917 -39.680424
v 52.969837 -12.371778 -62.737076
v 53.976063 -11.789704 -63.151363
v 54.212872 -11.276650 -39.680424
v 54.193150 -11.296373 -63.259827
v 53.907043 -11.848860 19.731670
v 52.979702 -12.361913 19.731670
v 52.979702 -12.361916 -9.412104
v 53.907043 -11.839003 -9.441685
v 54.212872 -11.276647 19.731670
v 54.212872 -11.276649 -9.441685
v 52.782333 -12.796082 42.314705
v 46.744507 -12.776361 48.707825
v 46.557007 -13.082189 48.263794
v 52.723175 -13.082189 41.712914
v 53.966202 -12.095524 42.788319
v 54.252312 -12.184266 42.344288
v 54.272034 -11.474010 42.896782
v 53.186928 -12.815802 40.519024
v 53.186928 -12.815804 22.543438
v 54.360931 -12.095524 41.002495
v 52.723175 -13.082191 21.201803
v 55.229115 -10.467626 42.738857
v 46.981159 -11.483870 50.404739
v 47.208103 -10.467626 50.937508
v 54.656902 -11.474010 41.140701
v 55.229115 -10.467628 21.162203
v 54.656902 -11.474012 22.543438
v 54.252312 -12.184268 22.543438
v 54.252312 -12.184268 21.201803
v 53.186928 -12.815804 19.850155
v 53.186928 -12.815807 -9.461405
v 54.252312 -12.184268 19.860014
v 52.723175 -13.082193 -9.984317
v 54.656902 -11.474012 19.860014
v 54.262169 -12.184271 -9.490985
v 55.229115 -10.467630 -10.023758
v 54.656902 -11.474014 -9.490985
v 54.252312 -12.184271 -10.023757
v 52.723175 -13.082194 -39.088490
v 54.252312 -12.184272 -39.098351
v 55.229115 -10.467632 -39.088490
v 53.186928 -12.815808 -39.631123
v 53.186928 -12.815810 -62.776512
v 54.252312 -12.184272 -39.631123
v 52.723175 -13.082197 -63.832199
v 54.656902 -11.474016 -39.631123
v 54.351074 -12.105393 -63.190804
v 55.229115 -10.467634 -64.729958
v 54.656902 -11.474018 -63.319145
v 54.252312 -12.184275 -64.374672
v 54.035385 -12.125113 -64.759537
v 52.802055 -12.845390 -64.315506
v 54.420094 -11.385277 -64.887726
v 43.311073 -12.845391 -76.263130
v 43.547878 -10.467635 -78.946556
v 42.886921 -13.082198 -76.194107
v 43.597179 -11.385278 -78.078377
v 43.468990 -12.065954 -77.752831
v 43.094147 -12.184276 -77.979774
v 39.966530 -13.082198 -76.440620
v 38.437393 -12.184276 -77.979774
v 39.966530 -13.082189 48.431572
v 37.460751 -10.467635 -78.946556
v 38.437393 -12.184266 49.970570
v 37.460751 -10.467626 50.937508
v 54.360931 -12.095524 41.002495
v 53.186928 -12.815802 40.519024
v 52.969837 -12.371770 40.489445
v 53.985920 -11.779837 40.963055
v 54.656902 -11.474010 41.140701
v 54.193150 -11.296366 41.081375
v 53.907043 -11.839000 22.671780
v 52.979702 -12.361913 22.661922
v 53.186928 -12.815804 22.543438
v 54.252312 -12.184268 22.543438
v 54.212872 -11.276647 22.661922
v 54.656902 -11.474012 22.543438
v 46.744507 -12.776361 48.707825
v 52.782333 -12.796082 42.314705
v 52.614712 -12.352051 42.196228
v 46.645752 -12.322470 48.549896
v 42.068043 -12.825662 48.855724
v 42.097626 -12.381631 48.648495
v 53.670238 -11.779837 42.561375
v 52.614712 -12.352051 42.196228
v 52.782333 -12.796082 42.314705
v 53.966202 -12.095524 42.788319
v 53.897179 -11.296366 42.620537
v 54.272034 -11.474010 42.896782
v 46.823395 -11.256925 50.010010
v 53.897179 -11.296366 42.620537
v 54.272034 -11.474010 42.896782
v 46.981159 -11.483870 50.404739
v 41.900257 -11.276645 49.911407
v 41.841095 -11.474010 50.375160
v 41.939697 -11.819277 49.645020
v 41.900257 -11.276645 49.911407
v 41.841095 -11.474010 50.375160
v 41.890396 -12.154685 50.000149
v 42.097626 -12.381631 48.648495
v 42.068043 -12.825662 48.855724
v 53.976063 -11.789704 -63.151363
v 52.969837 -12.371778 -62.737076
v 53.186928 -12.815810 -62.776512
v 54.351074 -12.105393 -63.190804
v 54.193150 -11.296373 -63.259827
v 54.656902 -11.474018 -63.319145
v 53.907043 -11.848864 -39.680424
v 54.212872 -11.276650 -39.680424
v 54.656902 -11.474016 -39.631123
v 54.252312 -12.184272 -39.631123
v 52.979702 -12.361917 -39.680424
v 53.186928 -12.815808 -39.631123
v 53.907043 -11.839003 -9.441685
v 52.979702 -12.361916 -9.412104
v 53.186928 -12.815807 -9.461405
v 54.262169 -12.184271 -9.490985
v 54.212872 -11.276649 -9.441685
v 54.656902 -11.474014 -9.490985
v 53.907043 -11.848860 19.731670
v 54.212872 -11.276647 19.731670
v 54.656902 -11.474012 19.860014
v 54.252312 -12.184268 19.860014
v 52.979702 -12.361913 19.731670
v 53.186928 -12.815804 19.850155
v 38.121704 24.487011 -163.250427
v 39.729885 26.105049 -163.230713
v 39.739746 4.952706 -163.467499
v 38.121704 6.570583 -163.457489
v 39.739746 4.952706 -163.467499
v 29.715986 4.952706 -163.467499
v 29.715986 6.570583 -163.457489
v 19.702087 4.952706 -163.467499
v 21.310268 6.570583 -163.457489
v 19.702087 4.952706 -163.467499
v 19.702087 26.105049 -163.230713
v 21.320129 24.487011 -163.250427
v 19.702087 26.105049 -163.230713
v 29.715986 26.105049 -163.230713
v 29.715986 24.487011 -163.250427
v 39.729885 26.105049 -163.230713
v 38.121704 24.487011 -163.250427
v 38.121704 24.457432 -160.014343
v 29.715986 24.457432 -160.014343
v 29.715986 24.487011 -163.250427
v 21.320129 24.457432 -160.014343
v 21.320129 24.487011 -163.250427
v 21.310268 6.570583 -163.457489
v 21.310268 6.531143 -160.221573
v 29.715986 6.531143 -160.221573
v 29.715986 6.570583 -163.457489
v 38.121704 6.531143 -160.221573
v 38.121704 6.570583 -163.457489
v 46.557007 7.586844 48.263794
v 46.744507 7.281017 48.707825
v 50.227097 7.281017 46.971298
v 49.921268 7.586844 46.635891
v 52.782333 7.300737 42.314705
v 52.723175 7.586844 41.712914
v 53.966202 6.590319 42.788319
v 54.252312 6.689082 42.344288
v 54.272034 5.968805 42.896782
v 53.186928 7.310596 40.519024
v 53.186928 7.310596 22.543438
v 54.360931 6.590319 41.002495
v 52.723175 7.586843 21.201803
v 55.229115 4.962582 42.738857
v 54.656902 5.968805 41.140701
v 54.252312 6.689081 22.543438
v 51.549168 4.962582 48.411850
v 51.144577 5.978665 48.046703
v 46.981159 5.988526 50.404739
v 47.208103 4.962583 50.937508
v 55.229115 4.962580 21.162203
v 54.656902 5.968804 22.543438
v 54.252312 6.689081 21.201803
v 54.252312 6.689081 19.860012
v 53.186928 7.310595 19.850153
v 54.656902 5.968803 19.860012
v 53.186928 7.310593 -9.461407
v 55.229115 4.962578 -10.023760
v 52.723175 7.586841 -9.984319
v 54.656902 5.968801 -9.490987
v 54.262169 6.679218 -9.490987
v 54.252312 6.689079 -10.023760
v 52.723175 7.586838 -39.088490
v 54.252312 6.689076 -39.098351
v 55.229115 4.962576 -39.088490
v 53.186928 7.310591 -39.631123
v 54.252312 6.689076 -39.631123
v 53.186928 7.310589 -62.776512
v 54.656902 5.968799 -39.631123
v 52.723175 7.586836 -63.832199
v 55.229115 4.962574 -64.729958
v 54.351074 6.600333 -63.190804
v 54.656902 5.968797 -63.319145
v 54.252312 6.689075 -64.374672
v 54.035385 6.620053 -64.759537
v 52.802055 7.340169 -64.315506
v 54.420094 5.880055 -64.887726
v 43.311073 7.350029 -76.263130
v 43.547878 4.962573 -78.946556
v 42.886921 7.586834 -76.194107
v 43.597179 5.880054 -78.078377
v 43.468990 6.560729 -77.752831
v 43.094147 6.689074 -77.979774
v 39.966530 7.586834 -76.440620
v 38.437393 6.689074 -77.979774
v 39.966530 7.586844 48.431572
v 37.460751 4.962573 -78.946556
v 38.437393 6.689083 49.970570
v 37.460751 4.962583 50.937508
v 61.602509 -0.493339 -96.537437
v 63.003464 16.683088 -118.508667
v 60.369179 14.769244 -116.042320
v 58.997803 0.276239 -97.632568
v 61.602509 -0.493339 -88.279785
v 58.997803 0.276240 -89.374916
v 58.780880 -2.042195 -86.415070
v 58.997803 0.276240 -89.374916
v 58.997803 0.276239 -97.632568
v 58.780880 -2.042197 -117.679916
v 60.369179 14.769244 -116.042320
v 60.398754 15.075068 -137.283417
v 58.820320 16.989077 -118.854095
v 58.701836 17.018656 -139.710464
v 50.888054 18.962242 -142.818192
v 50.947372 18.942522 -121.320427
v 47.454773 19.376532 -121.863060
v 47.454773 19.376530 -143.479141
v 0.000000 19.376532 -121.863060
v 0.000000 19.376530 -143.479141
v -47.454773 19.376530 -143.479141
v -47.454773 19.376532 -121.863060
v -50.888054 18.962242 -142.818192
v -50.947372 18.942522 -121.320427
v -58.830181 16.989077 -118.854095
v -58.701836 17.018656 -139.710464
v -60.408615 15.075068 -137.283417
v -60.379036 14.769244 -116.042320
v -58.790741 -2.042197 -117.679916
v -59.007664 0.276239 -97.632568
v -58.790741 -2.042195 -86.415070
v -59.007664 0.276240 -89.374916
v 61.602509 -0.493339 -96.537437
v 61.602509 -0.493339 -88.279785
v 61.375561 -3.196482 -84.816757
v 61.375561 -3.196484 -114.049271
v 63.003464 16.683088 -118.508667
v 63.033043 16.979214 -137.273544
v 61.296520 18.952381 -139.582123
v 61.454437 18.912779 -121.330292
v 51.045971 21.714687 -124.724129
v 50.996670 21.724546 -142.926666
v 47.553528 22.168577 -143.479141
v 47.553528 22.168577 -125.286476
v 0.000000 21.971210 -125.286476
v 0.000000 21.971210 -143.479141
v -47.553528 22.168577 -143.479141
v -47.553528 22.168577 -125.286476
v -51.045971 21.714687 -124.724129
v -51.006531 21.724546 -142.926666
v -61.306538 18.952381 -139.582123
v -61.454437 18.912779 -121.330292
v -63.013321 16.683088 -118.508667
v -63.033043 16.979214 -137.273544
v -61.385422 -3.196484 -114.049271
v -61.602509 -0.493339 -96.537437
v -61.385422 -3.196482 -84.816757
v -61.602509 -0.493339 -88.279785
v 30.505287 -7.794076 -138.635071
v 30.564449 -5.584103 -135.665375
v 29.291677 -5.584103 -135.665375
v 29.351002 -7.794076 -138.635071
v 30.505287 -7.794077 -143.824585
v 29.351002 -7.794077 -143.824585
v 29.351002 -7.794077 -149.013947
v 30.505287 -7.794077 -149.013947
v 29.291677 -5.584104 -151.973785
v 30.564449 -5.584104 -151.973785
v 28.295315 -5.682705 -138.635071
v 29.351002 -7.794076 -138.635071
v 29.291677 -5.584103 -135.665375
v 29.351002 -7.794077 -143.824585
v 28.295315 -5.682706 -143.824585
v 28.295315 -5.682706 -149.013947
v 29.351002 -7.794077 -149.013947
v 29.291677 -5.584104 -151.973785
v 30.564449 -5.584103 -135.665375
v 30.505287 -7.794076 -138.635071
v 31.560972 -5.682705 -138.635071
v 31.560972 -5.682706 -143.824585
v 30.505287 -7.794077 -143.824585
v 30.505287 -7.794077 -149.013947
v 31.560972 -5.682706 -149.013947
v 30.564449 -5.584104 -151.973785
v 63.072479 18.843758 -123.254158
v 61.217636 17.620449 -120.284622
v 61.957630 16.574625 -120.284622
v 63.733437 17.896696 -123.254158
v 63.072479 18.843758 -128.443680
v 63.733437 17.896696 -128.443680
v 63.733437 17.896696 -133.623184
v 63.072479 18.843758 -133.623184
v 61.957630 16.574623 -136.592865
v 61.217636 17.620447 -136.592865
v 62.608734 15.824767 -123.254158
v 63.733437 17.896696 -123.254158
v 61.957630 16.574625 -120.284622
v 63.733437 17.896696 -128.443680
v 62.608734 15.824767 -128.443680
v 62.608734 15.824767 -133.623184
v 63.733437 17.896696 -133.623184
v 61.957630 16.574623 -136.592865
v 61.217636 17.620449 -120.284622
v 63.072479 18.843758 -123.254158
v 60.734169 18.488632 -123.254158
v 60.734169 18.488632 -128.443680
v 63.072479 18.843758 -128.443680
v 63.072479 18.843758 -133.623184
v 60.734169 18.488632 -133.623184
v 61.217636 17.620447 -136.592865
v -128.295609 -50.473763 -19.090431
v -125.918015 -53.127602 -19.080570
v -102.792351 -28.719463 1.726503
v -104.380806 -25.878117 1.726503
v -92.314865 -17.936148 1.736362
v -93.784836 -14.660627 1.736362
v -51.568890 -1.203586 26.243267
v -51.568890 2.002749 26.243267
v -93.794693 -14.660634 -75.493553
v -51.568890 2.002740 -98.096313
v -51.568890 -1.203596 -98.096313
v -92.304993 -17.936153 -75.493553
v -128.315338 -50.552643 -52.219978
v -125.996895 -53.137470 -52.219978
v -32.734982 15.420346 -19.929035
v -36.217560 14.552165 -21.162203
v -36.385345 15.213121 -21.162203
v -32.892742 16.091160 -19.929035
v -29.242374 16.288527 -21.497774
v -29.410160 16.949482 -21.497774
v -27.910604 16.614073 -25.108700
v -29.242374 16.288527 -21.497774
v -29.410160 16.949482 -21.497774
v -28.078228 17.275188 -25.108700
v -29.222656 16.278666 -28.689884
v -29.390440 16.939619 -28.689884
v -32.715260 15.410485 -30.179739
v -29.222656 16.278666 -28.689884
v -29.390440 16.939619 -28.689884
v -32.882881 16.071440 -30.179741
v -36.217560 14.542304 -28.857668
v -36.385345 15.203259 -28.857668
v -37.529774 14.216757 -25.000074
v -36.217560 14.542304 -28.857668
v -36.385345 15.203259 -28.857668
v -37.697395 14.877711 -25.000074
v -36.217560 14.552165 -21.162203
v -36.385345 15.213121 -21.162203
v -19.554186 17.837545 -20.373068
v -22.948027 17.432955 -21.537216
v -23.026907 18.113791 -21.537216
v -19.633066 18.518221 -20.373068
v -16.160347 18.241972 -21.902203
v -16.239227 18.922649 -21.902203
v -14.877714 18.390036 -25.335484
v -16.160347 18.241972 -21.902203
v -16.239227 18.922649 -21.902203
v -14.966455 19.070711 -25.335484
v -16.160347 18.232111 -28.739185
v -16.239227 18.912788 -28.739185
v -19.544327 17.827682 -30.179741
v -16.160347 18.232111 -28.739185
v -16.239227 18.912788 -28.739185
v -19.623207 18.508358 -30.179741
v -22.928307 17.423092 -28.926693
v -23.007187 18.103930 -28.926693
v -24.220636 17.275188 -25.217161
v -22.928307 17.423092 -28.926693
v -23.007187 18.103930 -28.926693
v -24.299681 17.955864 -25.217161
v -22.948027 17.432955 -21.537216
v -23.026907 18.113791 -21.537216
v -18.370317 -5.593960 -87.539787
v -18.518221 -7.725051 -85.428406
v -18.745167 -6.846848 -86.533394
v -13.693846 -11.118891 -78.107956
v -14.266060 -12.618446 -77.012833
v -41.594429 7.586844 48.391972
v -39.976555 7.586844 48.431572
v -39.976555 7.586834 -76.440620
v -46.557007 7.586844 48.263794
v -42.896782 7.586834 -76.194107
v -49.931126 7.586844 46.635891
v -52.723175 7.586844 41.712914
v -52.723175 7.586843 21.201803
v -52.723175 7.586841 -9.984319
v -52.723175 7.586838 -39.088490
v -52.723175 7.586836 -63.832199
v -52.979702 6.866565 40.489445
v -52.989563 6.866564 22.661922
v -53.907043 6.343813 22.671780
v -53.995781 6.274632 40.963055
v -54.212872 5.771599 22.661922
v -54.203011 5.801182 41.081375
v -43.281487 6.245042 -77.417419
v -43.222328 6.876578 -76.105209
v -43.320930 7.350029 -76.263130
v -43.468990 6.560729 -77.752831
v -43.320930 5.811033 -77.614784
v -43.597179 5.880054 -78.078377
v -53.680096 6.274624 -64.650917
v -53.936619 5.791314 -64.700378
v -54.429951 5.880055 -64.887726
v -54.045250 6.620053 -64.759537
v -52.644295 6.836977 -64.325371
v -52.811920 7.340169 -64.315506
v -53.907043 6.343809 -39.680424
v -52.989563 6.866560 -39.680424
v -52.979702 6.866558 -62.737076
v -53.985920 6.284484 -63.151363
v -54.212872 5.771595 -39.680424
v -54.203011 5.791314 -63.259827
v -53.907043 6.343813 19.731670
v -52.989563 6.866564 19.731670
v -52.989563 6.866562 -9.412106
v -53.916901 6.343811 -9.441686
v -54.212872 5.771599 19.731670
v -54.212872 5.771597 -9.441686
v -54.360931 6.590319 41.002495
v -53.186928 7.310596 40.519024
v -52.979702 6.866565 40.489445
v -53.995781 6.274632 40.963055
v -54.666763 5.968805 41.140701
v -54.203011 5.801182 41.081375
v -53.907043 6.343813 22.671780
v -52.989563 6.866564 22.661922
v -53.186928 7.310596 22.543438
v -54.262169 6.689081 22.543438
v -54.212872 5.771599 22.661922
v -54.666763 5.968804 22.543438
v -53.670238 6.274632 42.561375
v -52.614712 6.846845 42.196228
v -52.792198 7.300737 42.314705
v -53.966202 6.590319 42.788319
v -53.907043 5.801182 42.620537
v -54.281891 5.968805 42.896782
v -46.991020 5.988526 50.404739
v -41.850960 5.968805 50.375160
v -41.900257 5.781462 49.911407
v -46.823395 5.751881 50.010010
v -51.144577 5.978665 48.046703
v -50.937508 5.771601 47.652134
v -54.281891 5.968805 42.896782
v -53.907043 5.801182 42.620537
v -41.949715 6.314235 49.645020
v -41.900257 5.781462 49.911407
v -41.850960 5.968805 50.375160
v -41.900257 6.649642 50.000149
v -42.107483 6.876588 48.648495
v -42.068043 7.330317 48.855724
v -46.645752 6.817265 48.549896
v -42.107483 6.876588 48.648495
v -42.068043 7.330317 48.855724
v -46.754372 7.281017 48.707825
v -50.177799 6.827126 46.744507
v -50.236954 7.281017 46.971298
v -52.614712 6.846845 42.196228
v -52.792198 7.300737 42.314705
v -53.985920 6.284484 -63.151363
v -52.979702 6.866558 -62.737076
v -53.186928 7.310589 -62.776512
v -54.351074 6.600333 -63.190804
v -54.203011 5.791314 -63.259827
v -54.666763 5.968797 -63.319145
v -53.907043 6.343809 -39.680424
v -54.212872 5.771595 -39.680424
v -54.666763 5.968799 -39.631123
v -54.262169 6.689076 -39.631123
v -52.989563 6.866560 -39.680424
v -53.186928 7.310591 -39.631123
v -53.916901 6.343811 -9.441686
v -52.989563 6.866562 -9.412106
v -53.186928 7.310593 -9.461407
v -54.262169 6.679218 -9.490987
v -54.212872 5.771597 -9.441686
v -54.666763 5.968801 -9.490987
v -53.907043 6.343813 19.731670
v -54.212872 5.771599 19.731670
v -54.666763 5.968803 19.860012
v -54.262169 6.689081 19.860012
v -52.989563 6.866564 19.731670
v -53.186928 7.310595 19.850153
v -39.976555 -13.082198 -76.440620
v -39.976555 -13.082189 48.431572
v -41.594429 -13.082189 48.391972
v -46.557007 -13.082189 48.263794
v -42.896782 -13.082198 -76.194107
v -52.723175 -13.082189 41.712914
v -52.723175 -13.082191 21.201803
v -52.723175 -13.082193 -9.984317
v -52.723175 -13.082194 -39.088490
v -52.723175 -13.082197 -63.832199
v -53.907043 -11.839000 22.671780
v -52.989563 -12.361913 22.661922
v -52.979702 -12.371770 40.489445
v -53.995781 -11.779837 40.963055
v -54.212872 -11.276647 22.661922
v -54.203011 -11.296366 41.081375
v -43.320930 -12.845391 -76.263130
v -43.222328 -12.371779 -76.105209
v -43.281487 -11.750265 -77.417419
v -43.468990 -12.065954 -77.752831
v -43.320930 -11.316094 -77.614784
v -43.597179 -11.385278 -78.078377
v -54.429951 -11.385277 -64.887726
v -53.936619 -11.296373 -64.700378
v -53.680096 -11.779844 -64.650917
v -54.045250 -12.125113 -64.759537
v -52.644295 -12.342199 -64.325371
v -52.811920 -12.845390 -64.315506
v -52.979702 -12.371778 -62.737076
v -52.989563 -12.361917 -39.680424
v -53.907043 -11.848864 -39.680424
v -53.985920 -11.789704 -63.151363
v -54.212872 -11.276650 -39.680424
v -54.203011 -11.296373 -63.259827
v -52.989563 -12.361916 -9.412104
v -52.989563 -12.361913 19.731670
v -53.907043 -11.848860 19.731670
v -53.916901 -11.839003 -9.441685
v -54.212872 -11.276647 19.731670
v -54.212872 -11.276649 -9.441685
v -46.557007 -13.082189 48.263794
v -46.754372 -12.776361 48.707825
v -52.792198 -12.796082 42.314705
v -52.723175 -13.082189 41.712914
v -53.966202 -12.095524 42.788319
v -54.262169 -12.184266 42.344288
v -54.281891 -11.474010 42.896782
v -53.186928 -12.815802 40.519024
v -53.186928 -12.815804 22.543438
v -54.360931 -12.095524 41.002495
v -52.723175 -13.082191 21.201803
v -54.262169 -12.184268 22.543438
v -55.229115 -10.467626 42.738857
v -46.991020 -11.483870 50.404739
v -47.217960 -10.467626 50.937508
v -54.666763 -11.474010 41.140701
v -55.229115 -10.467628 21.162203
v -54.666763 -11.474012 22.543438
v -54.262169 -12.184268 21.201803
v -54.262169 -12.184268 19.860014
v -53.186928 -12.815804 19.850155
v -54.666763 -11.474012 19.860014
v -53.186928 -12.815807 -9.461405
v -55.229115 -10.467630 -10.023758
v -52.723175 -13.082193 -9.984317
v -54.666763 -11.474014 -9.490985
v -54.262169 -12.184271 -9.490985
v -54.262169 -12.184271 -10.023757
v -52.723175 -13.082194 -39.088490
v -54.262169 -12.184272 -39.098351
v -55.229115 -10.467632 -39.088490
v -53.186928 -12.815808 -39.631123
v -54.262169 -12.184272 -39.631123
v -53.186928 -12.815810 -62.776512
v -54.666763 -11.474016 -39.631123
v -52.723175 -13.082197 -63.832199
v -55.229115 -10.467634 -64.729958
v -54.351074 -12.105393 -63.190804
v -54.666763 -11.474018 -63.319145
v -54.262169 -12.184275 -64.374672
v -54.045250 -12.125113 -64.759537
v -52.811920 -12.845390 -64.315506
v -54.429951 -11.385277 -64.887726
v -43.320930 -12.845391 -76.263130
v -43.557739 -10.467635 -78.946556
v -42.896782 -13.082198 -76.194107
v -43.597179 -11.385278 -78.078377
v -43.468990 -12.065954 -77.752831
v -43.094147 -12.184276 -77.979774
v -39.976555 -13.082198 -76.440620
v -38.437393 -12.184276 -77.979774
v -39.976555 -13.082189 48.431572
v -37.470612 -10.467635 -78.946556
v -38.437393 -12.184266 49.970570
v -37.470612 -10.467626 50.937508
v -52.979702 -12.371770 40.489445
v -53.186928 -12.815802 40.519024
v -54.360931 -12.095524 41.002495
v -53.995781 -11.779837 40.963055
v -54.666763 -11.474010 41.140701
v -54.203011 -11.296366 41.081375
v -53.186928 -12.815804 22.543438
v -52.989563 -12.361913 22.661922
v -53.907043 -11.839000 22.671780
v -54.262169 -12.184268 22.543438
v -54.212872 -11.276647 22.661922
v -54.666763 -11.474012 22.543438
v -52.614712 -12.352051 42.196228
v -52.792198 -12.796082 42.314705
v -46.754372 -12.776361 48.707825
v -46.645752 -12.322470 48.549896
v -42.068043 -12.825662 48.855724
v -42.107483 -12.381631 48.648495
v -52.792198 -12.796082 42.314705
v -52.614712 -12.352051 42.196228
v -53.670238 -11.779837 42.561375
v -53.966202 -12.095524 42.788319
v -53.907043 -11.296366 42.620537
v -54.281891 -11.474010 42.896782
v -54.281891 -11.474010 42.896782
v -53.907043 -11.296366 42.620537
v -46.823395 -11.256925 50.010010
v -46.991020 -11.483870 50.404739
v -41.900257 -11.276645 49.911407
v -41.850960 -11.474010 50.375160
v -41.850960 -11.474010 50.375160
v -41.900257 -11.276645 49.911407
v -41.949715 -11.819277 49.645020
v -41.900257 -12.154685 50.000149
v -42.107483 -12.381631 48.648495
v -42.068043 -12.825662 48.855724
v -53.186928 -12.815810 -62.776512
v -52.979702 -12.371778 -62.737076
v -53.985920 -11.789704 -63.151363
v -54.351074 -12.105393 -63.190804
v -54.203011 -11.296373 -63.259827
v -54.666763 -11.474018 -63.319145
v -54.666763 -11.474016 -39.631123
v -54.212872 -11.276650 -39.680424
v -53.907043 -11.848864 -39.680424
v -54.262169 -12.184272 -39.631123
v -52.989563 -12.361917 -39.680424
v -53.186928 -12.815808 -39.631123
v -53.186928 -12.815807 -9.461405
v -52.989563 -12.361916 -9.412104
v -53.916901 -11.839003 -9.441685
v -54.262169 -12.184271 -9.490985
v -54.212872 -11.276649 -9.441685
v -54.666763 -11.474014 -9.490985
v -54.666763 -11.474012 19.860014
v -54.212872 -11.276647 19.731670
v -53.907043 -11.848860 19.731670
v -54.262169 -12.184268 19.860014
v -52.989563 -12.361913 19.731670
v -53.186928 -12.815804 19.850155
v -39.739746 4.952706 -163.467499
v -39.739746 26.105049 -163.230713
v -38.121704 24.487011 -163.250427
v -38.121704 6.570583 -163.457489
v -29.725847 4.952706 -163.467499
v -39.739746 4.952706 -163.467499
v -29.725847 6.570583 -163.457489
v -19.702087 4.952706 -163.467499
v -21.320129 6.570583 -163.457489
v -19.702087 26.105049 -163.230713
v -19.702087 4.952706 -163.467499
v -21.320129 24.487011 -163.250427
v -29.725847 26.105049 -163.230713
v -19.702087 26.105049 -163.230713
v -29.725847 24.487011 -163.250427
v -39.739746 26.105049 -163.230713
v -29.725847 24.457432 -160.014343
v -38.121704 24.457432 -160.014343
v -38.121704 24.487011 -163.250427
v -29.725847 24.487011 -163.250427
v -21.320129 24.457432 -160.014343
v -21.320129 24.487011 -163.250427
v -29.725847 6.531143 -160.221573
v -21.320129 6.531143 -160.221573
v -21.320129 6.570583 -163.457489
v -29.725847 6.570583 -163.457489
v -38.121704 6.531143 -160.221573
v -38.121704 6.570583 -163.457489
v -50.236954 7.281017 46.971298
v -46.754372 7.281017 48.707825
v -46.557007 7.586844 48.263794
v -49.931126 7.586844 46.635891
v -52.792198 7.300737 42.314705
v -52.723175 7.586844 41.712914
v -53.966202 6.590319 42.788319
v -54.262169 6.689082 42.344288
v -54.281891 5.968805 42.896782
v -53.186928 7.310596 40.519024
v -53.186928 7.310596 22.543438
v -54.360931 6.590319 41.002495
v -52.723175 7.586843 21.201803
v -55.229115 4.962582 42.738857
v -54.666763 5.968805 41.140701
v -54.262169 6.689081 22.543438
v -51.559029 4.962582 48.411850
v -51.144577 5.978665 48.046703
v -46.991020 5.988526 50.404739
v -47.217960 4.962583 50.937508
v -55.229115 4.962580 21.162203
v -54.666763 5.968804 22.543438
v -54.262169 6.689081 21.201803
v -54.262169 6.689081 19.860012
v -53.186928 7.310595 19.850153
v -54.666763 5.968803 19.860012
v -53.186928 7.310593 -9.461407
v -55.229115 4.962578 -10.023760
v -52.723175 7.586841 -9.984319
v -54.666763 5.968801 -9.490987
v -54.262169 6.679218 -9.490987
v -54.262169 6.689079 -10.023760
v -52.723175 7.586838 -39.088490
v -54.262169 6.689076 -39.098351
v -55.229115 4.962576 -39.088490
v -53.186928 7.310591 -39.631123
v -53.186928 7.310589 -62.776512
v -54.262169 6.689076 -39.631123
v -52.723175 7.586836 -63.832199
v -54.666763 5.968799 -39.631123
v -54.351074 6.600333 -63.190804
v -55.229115 4.962574 -64.729958
v -54.666763 5.968797 -63.319145
v -54.262169 6.689075 -64.374672
v -54.045250 6.620053 -64.759537
v -52.811920 7.340169 -64.315506
v -54.429951 5.880055 -64.887726
v -43.320930 7.350029 -76.263130
v -43.557739 4.962573 -78.946556
v -42.896782 7.586834 -76.194107
v -43.597179 5.880054 -78.078377
v -43.468990 6.560729 -77.752831
v -43.094147 6.689074 -77.979774
v -39.976555 7.586834 -76.440620
v -38.437393 6.689074 -77.979774
v -39.976555 7.586844 48.431572
v -37.470612 4.962573 -78.946556
v -38.437393 6.689083 49.970570
v -37.470612 4.962583 50.937508
v -60.379036 14.769244 -116.042320
v -63.013321 16.683088 -118.508667
v -61.602509 -0.493339 -96.537437
v -59.007664 0.276239 -97.632568
v -61.602509 -0.493339 -88.279785
v -59.007664 0.276240 -89.374916
v -29.291677 -5.584103 -135.665375
v -30.574306 -5.584103 -135.665375
v -30.505287 -7.794076 -138.635071
v -29.360859 -7.794076 -138.635071
v -30.505287 -7.794077 -143.824585
v -29.360859 -7.794077 -143.824585
v -29.360859 -7.794077 -149.013947
v -30.505287 -7.794077 -149.013947
v -29.291677 -5.584104 -151.973785
v -30.574306 -5.584104 -151.973785
v -29.360859 -7.794076 -138.635071
v -28.305172 -5.682705 -138.635071
v -29.291677 -5.584103 -135.665375
v -29.360859 -7.794077 -143.824585
v -28.305172 -5.682706 -143.824585
v -28.305172 -5.682706 -149.013947
v -29.360859 -7.794077 -149.013947
v -29.291677 -5.584104 -151.973785
v -30.505287 -7.794076 -138.635071
v -30.574306 -5.584103 -135.665375
v -31.560972 -5.682705 -138.635071
v -31.560972 -5.682706 -143.824585
v -30.505287 -7.794077 -143.824585
v -30.505287 -7.794077 -149.013947
v -31.560972 -5.682706 -149.013947
v -30.574306 -5.584104 -151.973785
v -61.957630 16.574625 -120.284622
v -61.227497 17.620449 -120.284622
v -63.082344 18.843758 -123.254158
v -63.733437 17.896696 -123.254158
v -63.082344 18.843758 -128.443680
v -63.733437 17.896696 -128.443680
v -63.733437 17.896696 -133.623184
v -63.082344 18.843758 -133.623184
v -61.957630 16.574623 -136.592865
v -61.227497 17.620447 -136.592865
v -63.733437 17.896696 -123.254158
v -62.608734 15.824767 -123.254158
v -61.957630 16.574625 -120.284622
v -63.733437 17.896696 -128.443680
v -62.608734 15.824767 -128.443680
v -62.608734 15.824767 -133.623184
v -63.733437 17.896696 -133.623184
v -61.957630 16.574623 -136.592865
v -63.082344 18.843758 -123.254158
v -61.227497 17.620449 -120.284622
v -60.744186 18.488632 -123.254158
v -60.744186 18.488632 -128.443680
v -63.082344 18.843758 -128.443680
v -63.082344 18.843758 -133.623184
v -60.744186 18.488632 -133.623184
v -61.227497 17.620447 -136.592865
v 9.747513 10.112503 31.748314
v 9.747513 9.214743 30.850554
v 0.000000 9.214743 30.850554
v 0.000000 10.112503 31.748314
v -9.747513 9.214743 30.850554
v -9.747513 10.112503 31.748314
v 9.560007 20.915697 14.177317
v 9.560007 21.813459 15.084938
v 0.000000 21.813459 15.084938
v 0.000000 20.915697 14.177317
v -9.560007 21.813459 15.084938
v -9.560007 20.915697 14.177317
v 6.156307 23.835926 9.155577
v 6.156307 22.217886 9.155577
v 0.000000 22.217886 9.155577
v 0.000000 23.835926 9.155577
v -6.156307 22.217886 9.155577
v -6.156307 23.835926 9.155577
v -6.304209 23.865507 -14.374523
v -6.304209 22.247467 -14.374523
v 0.000000 22.237608 -14.542308
v 0.000000 23.855646 -14.542308
v 6.294350 22.247467 -14.374523
v 6.294350 23.865507 -14.374523
v 18.360296 8.484594 -87.539787
v 19.415981 9.402238 -87.539787
v 41.170280 4.696186 -87.490479
v 40.075153 -5.801186 -87.490479
v 19.435701 -6.146453 -87.539787
v 18.360296 -5.593960 -87.539787
v 0.000000 4.686326 -78.157425
v 13.683986 4.656745 -78.068520
v 13.693846 -11.118891 -78.107956
v 0.000000 -11.187912 -78.117821
v -13.693846 -11.118891 -78.107956
v -13.683986 4.656745 -78.068520
v 0.000000 -15.844501 -66.061729
v 19.929035 -16.150490 -65.963127
v 19.929035 -16.150480 41.357620
v 0.000000 -16.150480 41.407085
v -19.938894 -16.150480 41.357620
v -19.938894 -16.150490 -65.963127
v 0.000000 22.217886 9.155577
v 6.156307 22.217886 9.155577
v 6.294350 22.247467 -14.374523
v 0.000000 22.237608 -14.542308
v -6.304209 22.247467 -14.374523
v -6.156307 22.217886 9.155577
v 67.028671 -0.956923 -7.922248
v 67.304924 -4.340903 -7.922248
v 67.304924 -4.340906 -39.019466
v 67.028671 -0.956925 -39.019466
v 66.515625 -0.019723 -38.309212
v 66.515625 -0.019721 -8.711547
v 59.353096 5.465607 -36.651730
v 59.353096 5.475630 -11.404991
v 49.931126 10.398606 -13.210375
v 49.931126 10.378884 -35.743950
v 40.489445 14.197037 -15.015919
v 40.489445 14.177315 -34.826466
v 37.697395 14.877711 -25.000074
v 36.375484 15.203259 -28.857668
v 36.375484 15.213121 -21.162203
v 26.223383 17.719059 -34.333138
v 26.223383 17.748640 -15.982702
v 32.873024 16.071440 -30.179741
v 32.892742 16.091160 -19.929035
v 29.380579 16.939619 -28.689884
v 29.400301 16.949482 -21.497774
v 28.078228 17.275188 -25.108700
v 26.223383 17.738779 -25.118561
v 24.289818 17.955864 -25.217161
v 23.007187 18.103930 -28.926693
v 23.026907 18.113791 -21.537216
v 19.623207 18.508358 -30.179741
v 11.957484 19.406120 -33.849827
v 19.633066 18.518221 -20.373068
v 11.957484 19.435699 -16.959345
v 16.239227 18.922649 -21.902203
v 14.956594 19.070711 -25.335484
v 11.957484 19.406120 -33.849827
v 16.239227 18.912788 -28.739185
v 59.234612 -2.417199 -7.922248
v 67.304924 -4.340903 -7.922248
v 67.028671 -0.956923 -7.922248
v 66.278816 -0.552494 -7.922248
v 66.515625 -0.019721 -8.711547
v 67.028671 -0.956923 -7.922248
v 59.333214 4.814513 -10.556531
v 49.358917 -1.736362 -7.922248
v 59.353096 5.475630 -11.404991
v 49.911407 9.786952 -12.381636
v 39.493080 -2.407339 -7.922248
v 49.931126 10.398606 -13.210375
v 40.459862 13.624823 -14.197040
v 26.795759 -1.479835 -7.922248
v 40.489445 14.197037 -15.015919
v 26.233406 17.176426 -15.173683
v 14.108134 -2.417199 -7.922248
v 26.223383 17.748640 -15.982702
v 12.006786 18.863487 -16.150486
v 11.957484 19.435699 -16.959345
v 0.000000 5.771592 -77.082016
v 13.683986 5.771592 -76.667564
v 13.683986 4.656745 -78.068520
v 0.000000 4.686326 -78.157425
v -13.683986 4.656745 -78.068520
v -13.683986 5.771592 -76.667564
v 0.000000 -11.187912 -78.117821
v 13.693846 -11.118891 -78.107956
v 14.256200 -12.618446 -77.012833
v 0.000000 -12.569145 -77.082016
v -14.266060 -12.618446 -77.012833
v -13.693846 -11.118891 -78.107956
v 39.739746 21.241241 -98.875587
v 39.729885 19.662640 -100.246964
v 29.715986 19.662640 -100.246964
v 29.715986 21.241241 -98.875587
v 19.702087 21.241241 -98.875587
v 19.702087 19.662640 -100.246964
v 38.368374 20.451939 -111.316559
v 38.368374 24.743538 -116.959808
v 29.715986 24.743538 -116.959808
v 29.715986 20.451939 -111.316559
v 21.073463 20.451939 -111.316559
v 21.073463 24.743538 -116.959808
v 40.913754 -6.462138 -47.938240
v 40.913754 -6.452277 -46.764229
v 29.715986 -6.452277 -46.764229
v 29.715986 -6.462138 -47.938240
v 18.518221 -6.462138 -47.938240
v 18.518221 -6.452277 -46.764229
v 29.715986 20.451939 -109.175598
v 38.368374 20.451939 -109.175598
v 38.368374 20.451939 -111.316559
v 29.715986 20.451939 -111.316559
v 21.073463 20.451939 -111.316559
v 21.073463 20.451939 -109.175598
v 29.715986 24.457432 -160.014343
v 38.121704 24.457432 -160.014343
v 38.121704 6.531143 -160.221573
v 29.715986 6.531143 -160.221573
v 21.310268 6.531143 -160.221573
v 21.320129 24.457432 -160.014343
v 29.715986 24.743538 -116.959808
v 38.368374 24.743538 -116.959808
v 38.368374 24.743538 -114.828712
v 29.715986 24.743538 -114.828712
v 21.073463 24.743538 -114.828712
v 21.073463 24.743538 -116.959808
v 43.222328 6.876578 -76.105209
v 52.644295 6.836977 -64.325371
v 53.680096 6.274624 -64.650917
v 43.271629 6.245042 -77.417419
v 43.320930 5.811033 -77.614784
v 53.926758 5.791314 -64.700378
v 46.744507 7.281017 48.707825
v 46.557007 7.586844 48.263794
v 41.594429 7.586844 48.391972
v 42.068043 7.330317 48.855724
v 41.357620 6.689083 49.970570
v 39.966530 7.586844 48.431572
v 41.890396 6.649642 50.000149
v 38.437393 6.689083 49.970570
v 41.229443 4.962583 50.937508
v 37.460751 4.962583 50.937508
v 41.841095 5.968805 50.375160
v 46.981159 5.988526 50.404739
v 47.208103 4.962583 50.937508
v 33.958286 3.443146 54.439816
v 33.958286 3.443135 -82.458885
v 33.958286 -2.752612 -82.458885
v 33.958286 -2.752602 54.439816
v 33.958286 -8.948349 54.439816
v 33.958286 -8.948359 -82.458885
v 53.680096 -11.779844 -64.650917
v 52.644295 -12.342199 -64.325371
v 43.222328 -12.371779 -76.105209
v 43.271629 -11.750265 -77.417419
v 43.320930 -11.316094 -77.614784
v 53.926758 -11.296373 -64.700378
v 41.594429 -13.082189 48.391972
v 46.557007 -13.082189 48.263794
v 46.744507 -12.776361 48.707825
v 42.068043 -12.825662 48.855724
v 41.357620 -12.184266 49.970570
v 39.966530 -13.082189 48.431572
v 41.890396 -12.154685 50.000149
v 38.437393 -12.184266 49.970570
v 41.229443 -10.467626 50.937508
v 37.460751 -10.467626 50.937508
v 41.841095 -11.474010 50.375160
v 46.981159 -11.483870 50.404739
v 47.208103 -10.467626 50.937508
v 0.000000 -5.179496 83.958435
v 0.848460 -5.199378 83.879555
v 0.858320 -4.212714 85.053566
v 0.000000 -4.222574 85.043701
v -0.868181 -4.212714 85.053566
v -0.858320 -5.199378 83.879555
v 0.000000 19.376532 -121.863060
v 47.454773 19.376532 -121.863060
v 47.553528 22.168577 -125.286476
v 0.000000 21.971210 -125.286476
v -47.553528 22.168577 -125.286476
v -47.454773 19.376532 -121.863060
v 50.996670 21.724546 -142.926666
v 61.296520 18.952381 -139.582123
v 58.701836 17.018656 -139.710464
v 50.888054 18.962242 -142.818192
v 47.454773 19.376530 -143.479141
v 47.553528 22.168577 -143.479141
v 0.000000 21.971210 -143.479141
v 47.553528 22.168577 -143.479141
v 47.454773 19.376530 -143.479141
v 0.000000 19.376530 -143.479141
v -47.454773 19.376530 -143.479141
v -47.553528 22.168577 -143.479141
v -41.180145 4.696186 -87.490479
v -19.425842 9.402238 -87.539787
v -18.370317 8.484594 -87.539787
v -40.075153 -5.801186 -87.490479
v -19.435701 -6.146453 -87.539787
v -18.370317 -5.593960 -87.539787
v -67.304924 -4.340906 -39.019466
v -67.304924 -4.340903 -7.922248
v -67.038536 -0.956923 -7.922248
v -67.038536 -0.956925 -39.019466
v -66.515625 -0.019723 -38.309212
v -66.515625 -0.019721 -8.711547
v -59.353096 5.465607 -36.651730
v -59.353096 5.475630 -11.404991
v -49.940987 10.398606 -13.210375
v -49.940987 10.378884 -35.743950
v -40.499302 14.197037 -15.015919
v -40.499302 14.177315 -34.826466
v -37.697395 14.877711 -25.000074
v -36.385345 15.213121 -21.162203
v -36.385345 15.203259 -28.857668
v -26.233406 17.748640 -15.982702
v -26.233406 17.719059 -34.333138
v -32.892742 16.091160 -19.929035
v -32.882881 16.071440 -30.179741
v -29.410160 16.949482 -21.497774
v -29.390440 16.939619 -28.689884
v -28.078228 17.275188 -25.108700
v -26.233406 17.738779 -25.118561
v -24.299681 17.955864 -25.217161
v -23.026907 18.113791 -21.537216
v -23.007187 18.103930 -28.926693
v -19.633066 18.518221 -20.373068
v -19.623207 18.508358 -30.179741
v -11.957484 19.406120 -33.849827
v -11.957484 19.435699 -16.959345
v -16.239227 18.922649 -21.902203
v -14.966455 19.070711 -25.335484
v -11.957484 19.406120 -33.849827
v -16.239227 18.912788 -28.739185
v -67.038536 -0.956923 -7.922248
v -67.304924 -4.340903 -7.922248
v -59.234612 -2.417199 -7.922248
v -66.278816 -0.552494 -7.922248
v -66.515625 -0.019721 -8.711547
v -67.038536 -0.956923 -7.922248
v -59.343231 4.814513 -10.556531
v -49.368778 -1.736362 -7.922248
v -59.353096 5.475630 -11.404991
v -49.911407 9.786952 -12.381636
v -39.493080 -2.407339 -7.922248
v -49.940987 10.398606 -13.210375
v -40.459862 13.624823 -14.197040
v -26.805618 -1.479835 -7.922248
v -40.499302 14.197037 -15.015919
v -26.243267 17.176426 -15.173683
v -14.108134 -2.417199 -7.922248
v -26.233406 17.748640 -15.982702
v -12.016645 18.863487 -16.150486
v -11.957484 19.435699 -16.959345
v -29.725847 19.662640 -100.246964
v -39.739746 19.662640 -100.246964
v -39.739746 21.241241 -98.875587
v -29.725847 21.241241 -98.875587
v -19.702087 21.241241 -98.875587
v -19.711948 19.662640 -100.246964
v -29.725847 24.743538 -116.959808
v -38.368374 24.743538 -116.959808
v -38.368374 20.451939 -111.316559
v -29.725847 20.451939 -111.316559
v -21.073463 20.451939 -111.316559
v -21.073463 24.743538 -116.959808
v -29.725847 -6.452277 -46.764229
v -40.913754 -6.452277 -46.764229
v -40.913754 -6.462138 -47.938240
v -29.725847 -6.462138 -47.938240
v -18.528082 -6.462138 -47.938240
v -18.528082 -6.452277 -46.764229
v -38.368374 20.451939 -111.316559
v -38.368374 20.451939 -109.175598
v -29.725847 20.451939 -109.175598
v -29.725847 20.451939 -111.316559
v -21.073463 20.451939 -111.316559
v -21.073463 20.451939 -109.175598
v -38.121704 6.531143 -160.221573
v -38.121704 24.457432 -160.014343
v -29.725847 24.457432 -160.014343
v -29.725847 6.531143 -160.221573
v -21.320129 6.531143 -160.221573
v -21.320129 24.457432 -160.014343
v -38.368374 24.743538 -114.828712
v -38.368374 24.743538 -116.959808
v -29.725847 24.743538 -116.959808
v -29.725847 24.743538 -114.828712
v -21.073463 24.743538 -114.828712
v -21.073463 24.743538 -116.959808
v -53.680096 6.274624 -64.650917
v -52.644295 6.836977 -64.325371
v -43.222328 6.876578 -76.105209
v -43.281487 6.245042 -77.417419
v -43.320930 5.811033 -77.614784
v -53.936619 5.791314 -64.700378
v -41.594429 7.586844 48.391972
v -46.557007 7.586844 48.263794
v -46.754372 7.281017 48.707825
v -42.068043 7.330317 48.855724
v -41.357620 6.689083 49.970570
v -39.976555 7.586844 48.431572
v -41.900257 6.649642 50.000149
v -38.437393 6.689083 49.970570
v -41.229443 4.962583 50.937508
v -37.470612 4.962583 50.937508
v -41.850960 5.968805 50.375160
v -46.991020 5.988526 50.404739
v -47.217960 4.962583 50.937508
v -33.958286 -2.752612 -82.458885
v -33.958286 3.443135 -82.458885
v -33.968147 3.443146 54.439816
v -33.968147 -2.752602 54.439816
v -33.968147 -8.948349 54.439816
v -33.958286 -8.948359 -82.458885
v -43.222328 -12.371779 -76.105209
v -52.644295 -12.342199 -64.325371
v -53.680096 -11.779844 -64.650917
v -43.281487 -11.750265 -77.417419
v -43.320930 -11.316094 -77.614784
v -53.936619 -11.296373 -64.700378
v -46.754372 -12.776361 48.707825
v -46.557007 -13.082189 48.263794
v -41.594429 -13.082189 48.391972
v -42.068043 -12.825662 48.855724
v -41.357620 -12.184266 49.970570
v -39.976555 -13.082189 48.431572
v -41.900257 -12.154685 50.000149
v -38.437393 -12.184266 49.970570
v -41.229443 -10.467626 50.937508
v -37.470612 -10.467626 50.937508
v -41.850960 -11.474010 50.375160
v -46.991020 -11.483870 50.404739
v -47.217960 -10.467626 50.937508
v -58.701836 17.018656 -139.710464
v -61.306538 18.952381 -139.582123
v -51.006531 21.724546 -142.926666
v -50.888054 18.962242 -142.818192
v -47.454773 19.376530 -143.479141
v -47.553528 22.168577 -143.479141
v 12.016645 18.814184 -34.560085
v 11.957484 19.406120 -33.849827
v 26.223383 17.719059 -34.333138
v 26.233406 17.127125 -35.053417
v 14.108134 -2.417201 -39.019466
v 40.489445 14.177315 -34.826466
v 26.795759 -1.479838 -39.019466
v 40.459862 13.575361 -35.546745
v 49.931126 10.378884 -35.743950
v 39.493080 -2.407341 -39.019466
v 49.911407 9.747509 -36.474087
v 59.353096 5.465607 -36.651730
v 49.358917 -1.736364 -39.019466
v 56.975334 6.037982 -37.174648
v 59.333214 4.794791 -37.401428
v 59.234612 -2.417201 -39.019466
v 66.268951 -0.552496 -39.019466
v 66.515625 -0.019723 -38.309212
v 67.304924 -4.340906 -39.019466
v 67.028671 -0.956925 -39.019466
v 93.784836 -14.660634 -75.493553
v 51.559029 2.002740 -98.096313
v 51.559029 3.088006 -96.951897
v 94.307747 -13.782595 -74.289963
v 128.305481 -50.552643 -52.219978
v 51.559029 3.088015 25.078955
v 127.417564 -48.668221 -51.322216
v 128.295609 -50.473763 -19.090431
v 127.417564 -48.668217 -20.037495
v 104.380806 -25.878117 1.726503
v 94.218994 -13.693846 0.641236
v 51.559029 2.002749 26.243267
v 93.784836 -14.660627 1.736362
v 104.755646 -24.792850 0.670817
v 95.442307 -14.976316 -1.341791
v 104.499130 -24.516603 -1.203586
v 95.471893 -14.996037 -11.967344
v 99.260468 -19.001694 -11.947623
v 41.939697 -11.819277 49.645020
v 42.097626 -12.381631 48.648495
v 46.645752 -12.322470 48.549896
v 46.675331 -11.829138 49.654881
v 41.900257 -11.276645 49.911407
v 52.614712 -12.352051 42.196228
v 46.823395 -11.256925 50.010010
v 53.670238 -11.779837 42.561375
v 53.897179 -11.296366 42.620537
v -26.233406 17.719059 -34.333138
v -11.957484 19.406120 -33.849827
v -12.016645 18.814184 -34.560085
v -26.243267 17.127125 -35.053417
v -14.108134 -2.417201 -39.019466
v -40.499302 14.177315 -34.826466
v -26.805618 -1.479838 -39.019466
v -40.459862 13.575361 -35.546745
v -49.940987 10.378884 -35.743950
v -39.493080 -2.407341 -39.019466
v -49.911407 9.747509 -36.474087
v -59.353096 5.465607 -36.651730
v -49.368778 -1.736364 -39.019466
v -56.975334 6.037982 -37.174648
v -59.343231 4.794791 -37.401428
v -59.234612 -2.417201 -39.019466
v -66.268951 -0.552496 -39.019466
v -66.515625 -0.019723 -38.309212
v -67.304924 -4.340906 -39.019466
v -67.038536 -0.956925 -39.019466
v -51.568890 3.088006 -96.951897
v -51.568890 2.002740 -98.096313
v -93.794693 -14.660634 -75.493553
v -94.317596 -13.782595 -74.289963
v -51.568890 3.088015 25.078955
v -128.315338 -50.552643 -52.219978
v -127.417564 -48.668221 -51.322216
v -128.295609 -50.473763 -19.090431
v -127.417564 -48.668217 -20.037495
v -104.380806 -25.878117 1.726503
v -104.765518 -24.792850 0.670817
v -93.784836 -14.660627 1.736362
v -104.499130 -24.516603 -1.203586
v -95.452179 -14.976316 -1.341791
v -99.270317 -19.001694 -11.947623
v -95.481750 -14.996037 -11.967344
v -94.228867 -13.693846 0.641236
v -51.568890 2.002749 26.243267
v -46.645752 -12.322470 48.549896
v -42.107483 -12.381631 48.648495
v -41.949715 -11.819277 49.645020
v -46.685188 -11.829138 49.654881
v -52.614712 -12.352051 42.196228
v -41.900257 -11.276645 49.911407
v -53.670238 -11.779837 42.561375
v -46.823395 -11.256925 50.010010
v -53.907043 -11.296366 42.620537
v 41.012352 4.725771 -24.141754
v 41.170280 4.696186 -87.490479
v 19.415981 9.402238 -87.539787
v 18.853628 9.520560 -86.168411
v 13.772728 5.781456 -24.270098
v 13.683986 5.771592 -76.667564
v 39.058910 4.321186 52.624573
v 39.512798 4.193004 52.496227
v 0.000000 5.771596 -24.566067
v 0.000000 5.771592 -77.082016
v -13.683986 5.771592 -76.667564
v 0.000000 16.002422 -7.606563
v -13.782588 5.781456 -24.270098
v -18.863489 9.520560 -86.168411
v 0.000000 0.286113 86.020508
v 0.513052 0.305834 86.030365
v -41.012352 4.725771 -24.141754
v -19.425842 9.402238 -87.539787
v -41.180145 4.696186 -87.490479
v -39.058910 4.321186 52.624573
v -0.522913 0.305834 86.030365
v -39.522659 4.193004 52.496227
v 0.000000 -5.179496 83.958435
v 0.000000 -16.150480 41.407085
v 0.848460 -5.199378 83.879555
v -0.858320 -5.199378 83.879555
v -0.858320 -5.199378 83.879555
v -39.739746 -5.544648 53.157188
v -19.938894 -16.150480 41.357620
v -40.420422 -5.238821 52.742897
v -42.127205 -9.382364 -24.368702
v -19.938894 -16.150490 -65.963127
v 39.729885 -5.544648 53.157188
v 0.848460 -5.199378 83.879555
v 19.929035 -16.150480 41.357620
v 40.410561 -5.238821 52.742897
v 42.117344 -9.382364 -24.368702
v 19.929035 -16.150490 -65.963127
v 18.518221 -7.725051 -85.428406
v 18.745167 -6.846848 -86.533394
v 14.256200 -12.618446 -77.012833
v 0.000000 -15.844501 -66.061729
v 0.000000 -12.569145 -77.082016
v -14.266060 -12.618446 -77.012833
v -18.518221 -7.725051 -85.428406
v -18.745167 -6.846848 -86.533394
v 37.273247 -1.203596 -98.096313
v 37.273247 -2.298722 -96.941872
v 37.273247 -2.298712 25.059235
v 37.273247 3.088006 -96.951897
v 37.273247 2.002740 -98.096313
v 37.273247 2.002749 26.243267
v 37.273247 -1.203586 26.243267
v 37.273247 3.088015 25.078955
v 42.383728 -2.417194 55.248833
v 43.054543 -3.088009 55.248833
v 54.647041 -3.088009 55.248833
v 43.054543 0.572218 55.248833
v 42.383728 -0.098598 55.248833
v 55.317856 -0.098598 55.248833
v 55.317856 -2.417194 55.248833
v 54.647041 0.572218 55.248833
v 37.529774 14.216757 -25.000074
v 36.207699 14.542304 -28.857668
v 32.715260 15.410485 -30.179739
v 29.212795 16.278666 -28.689884
v 27.910604 16.614073 -25.108700
v 32.725121 15.420346 -19.929035
v 36.207699 14.552165 -21.162203
v 29.242374 16.288527 -21.497774
v 24.210777 17.275188 -25.217161
v 22.928307 17.423092 -28.926693
v 19.534466 17.827682 -30.179741
v 16.160347 18.232111 -28.739185
v 14.877714 18.390036 -25.335484
v 19.554186 17.837545 -20.373068
v 22.948027 17.432955 -21.537216
v 16.150484 18.241972 -21.902203
v 29.715986 -6.452281 -99.151840
v 39.739746 -6.452281 -99.151840
v 39.739746 -6.491719 -63.259827
v 19.702087 -6.491719 -63.259827
v 19.702087 -6.452281 -99.151840
v 29.715986 -6.491719 -63.259827
v 40.913754 -6.481859 -62.075954
v 18.518221 -6.481859 -62.075954
v 40.913754 -6.462138 -47.938240
v 18.518221 -6.462138 -47.938240
v 29.715986 -6.462138 -47.938240
v 46.645752 6.817265 48.549896
v 42.097626 6.876588 48.648495
v 41.939697 6.314235 49.645020
v 46.675331 6.333955 49.654881
v 41.900257 5.781462 49.911407
v 46.823395 5.751881 50.010010
v 50.927654 5.771601 47.652134
v 50.720428 6.304213 47.464630
v 50.177799 6.827126 46.744507
v 52.614712 6.846845 42.196228
v 53.670238 6.274632 42.561375
v 53.897179 5.801182 42.620537
v -37.273247 3.088006 -96.951897
v -37.273247 3.088015 25.078955
v -37.273247 2.002749 26.243267
v -37.273247 -2.298712 25.059235
v -37.273247 -1.203586 26.243267
v -37.273247 -1.203596 -98.096313
v -37.273247 2.002740 -98.096313
v -37.273247 -2.298722 -96.941872
v -43.064568 0.572218 55.248833
v -54.647041 0.572218 55.248833
v -55.317856 -0.098598 55.248833
v -54.647041 -3.088009 55.248833
v -55.317856 -2.417194 55.248833
v -42.383728 -2.417194 55.248833
v -42.383728 -0.098598 55.248833
v -43.064568 -3.088009 55.248833
v -36.217560 14.542304 -28.857668
v -37.529774 14.216757 -25.000074
v -32.715260 15.410485 -30.179739
v -29.222656 16.278666 -28.689884
v -27.910604 16.614073 -25.108700
v -32.734982 15.420346 -19.929035
v -29.242374 16.288527 -21.497774
v -36.217560 14.552165 -21.162203
v -22.928307 17.423092 -28.926693
v -24.220636 17.275188 -25.217161
v -19.544327 17.827682 -30.179741
v -16.160347 18.232111 -28.739185
v -14.877714 18.390036 -25.335484
v -19.554186 17.837545 -20.373068
v -16.160347 18.241972 -21.902203
v -22.948027 17.432955 -21.537216
v -39.739746 -6.491719 -63.259827
v -39.739746 -6.452281 -99.151840
v -29.725847 -6.452281 -99.151840
v -19.702087 -6.452281 -99.151840
v -19.702087 -6.491719 -63.259827
v -29.725847 -6.491719 -63.259827
v -40.913754 -6.481859 -62.075954
v -18.528082 -6.481859 -62.075954
v -40.913754 -6.462138 -47.938240
v -18.528082 -6.462138 -47.938240
v -29.725847 -6.462138 -47.938240
v -41.949715 6.314235 49.645020
v -42.107483 6.876588 48.648495
v -46.645752 6.817265 48.549896
v -46.685188 6.333955 49.654881
v -41.900257 5.781462 49.911407
v -46.823395 5.751881 50.010010
v -50.937508 5.771601 47.652134
v -50.720428 6.304213 47.464630
v -50.177799 6.827126 46.744507
v -52.614712 6.846845 42.196228
v -53.670238 6.274632 42.561375
v -53.907043 5.801182 42.620537
v 39.739746 5.288122 -45.007992
v 40.913754 -6.452277 -46.764229
v 40.913754 -6.462138 -47.938240
v 40.913754 4.548124 -46.152576
v 40.913754 -6.481859 -62.075954
v 40.913754 -5.850484 -62.263458
v 39.739746 -6.491719 -63.259827
v 39.739746 15.834633 -55.554661
v 40.913754 -5.376873 -62.875114
v 40.913754 14.660624 -55.959091
v 40.913754 -5.317712 -63.506489
v 39.739746 -6.452281 -99.151840
v 40.913754 -5.278273 -99.171555
v 40.903893 18.350430 -99.447815
v 40.913754 19.415977 -68.853775
v 40.913754 19.514738 -97.908813
v 39.729885 19.662640 -100.246964
v 39.739746 21.241241 -98.875587
v 39.739746 20.669025 -69.130028
v 29.715986 21.241241 -98.875587
v 29.715986 15.834633 -55.554661
v 29.715986 5.288122 -45.007992
v 29.715986 20.669025 -69.130028
v 19.702087 5.288122 -45.007992
v 19.702087 20.669025 -69.130028
v 19.702087 21.241241 -98.875587
v 19.702087 15.834633 -55.554661
v 18.518221 -6.462138 -47.938240
v 18.518221 -6.452277 -46.764229
v 18.518221 4.548124 -46.152576
v 18.518221 -6.481859 -62.075954
v 18.518221 14.660624 -55.959091
v 18.518221 -5.850484 -62.263458
v 19.702087 -6.491719 -63.259827
v 18.518221 -5.376873 -62.875114
v 18.518221 19.415977 -68.853775
v 18.518221 -5.317712 -63.506489
v 19.702087 -6.452281 -99.151840
v 18.528082 -5.278273 -99.171555
v 18.528082 18.350430 -99.447815
v 18.518221 19.514738 -97.908813
v 19.702087 19.662640 -100.246964
v -40.913754 -6.462138 -47.938240
v -40.913754 -6.452277 -46.764229
v -39.739746 5.288122 -45.007992
v -40.913754 4.548124 -46.152576
v -40.913754 -6.481859 -62.075954
v -40.913754 -5.850484 -62.263458
v -39.739746 -6.491719 -63.259827
v -39.739746 15.834633 -55.554661
v -40.913754 -5.376873 -62.875114
v -40.913754 14.660624 -55.959091
v -40.913754 -5.317712 -63.506489
v -39.739746 -6.452281 -99.151840
v -40.913754 -5.278273 -99.171555
v -40.913754 18.350430 -99.447815
v -40.913754 19.415977 -68.853775
v -40.913754 19.514738 -97.908813
v -39.739746 19.662640 -100.246964
v -39.739746 21.241241 -98.875587
v -39.739746 20.669025 -69.130028
v -29.725847 21.241241 -98.875587
v -29.725847 15.834633 -55.554661
v -29.725847 5.288122 -45.007992
v -29.725847 20.669025 -69.130028
v -19.702087 5.288122 -45.007992
v -19.702087 20.669025 -69.130028
v -19.702087 21.241241 -98.875587
v -19.702087 15.834633 -55.554661
v -18.528082 -6.452277 -46.764229
v -18.528082 -6.462138 -47.938240
v -18.528082 4.548124 -46.152576
v -18.528082 -6.481859 -62.075954
v -18.528082 14.660624 -55.959091
v -18.528082 -5.850484 -62.263458
v -19.702087 -6.491719 -63.259827
v -18.528082 -5.376873 -62.875114
v -18.528082 19.415977 -68.853775
v -18.528082 -5.317712 -63.506489
v -19.702087 -6.452281 -99.151840
v -18.528082 -5.278273 -99.171555
v -18.537941 18.350430 -99.447815
v -18.528082 19.514738 -97.908813
v -19.711948 19.662640 -100.246964
v 102.348480 -24.408142 2.604543
v 101.845284 -25.463827 1.775804
v 102.871391 -26.036041 2.604544
v 101.332230 -26.529371 2.604544
v 100.809319 -24.901474 2.604543
v 98.964500 -20.856379 2.604543
v 98.451447 -21.912060 1.775803
v 99.487411 -22.474413 2.604543
v 97.948242 -22.977608 2.604543
v 97.425339 -21.349709 2.604543
v 95.521194 -17.501976 2.604543
v 95.008301 -18.557661 1.775803
v 96.044098 -19.129875 2.604543
v 94.505112 -19.623207 2.604543
v 93.982201 -17.995308 2.604543
v -101.845284 -25.463827 1.775804
v -102.358330 -24.408142 2.604543
v -102.881248 -26.036041 2.604544
v -101.342094 -26.529371 2.604544
v -100.819176 -24.901474 2.604543
v -98.461304 -21.912060 1.775803
v -98.964500 -20.856379 2.604543
v -99.487411 -22.474413 2.604543
v -97.948242 -22.977608 2.604543
v -97.425339 -21.349709 2.604543
v -95.018166 -18.557661 1.775803
v -95.521194 -17.501976 2.604543
v -96.044098 -19.129875 2.604543
v -94.514961 -19.623207 2.604543
v -93.992050 -17.995308 2.604543
v 4.765213 -8.889187 73.352600
v 4.252161 -9.954571 72.523865
v 5.288126 -10.516924 73.352600
v 3.748969 -11.010256 73.352600
v 3.226218 -9.392218 73.352600
v -3.660227 -8.889187 73.352600
v -4.163419 -9.954571 72.523865
v -3.137315 -10.516924 73.352600
v -4.676472 -11.010256 73.352600
v -5.199385 -9.392218 73.352600
v 39.729885 27.288918 -162.036819
v 39.729885 26.105049 -163.230713
v 29.715986 26.105049 -163.230713
v 19.702087 26.105049 -163.230713
v 19.702087 27.288918 -162.036819
v 29.715986 27.288918 -162.036819
v 39.739746 27.348240 -143.992203
v 19.702087 27.348240 -143.992203
v 40.913754 26.312275 -144.889969
v 29.715986 27.348240 -143.992203
v 40.913754 26.114910 -162.056549
v 39.729885 26.105049 -163.230713
v 39.739746 4.952706 -163.467499
v 40.913754 5.731984 -162.589294
v 39.739746 -5.436041 -157.192719
v 40.913754 24.595638 -141.279053
v 39.739746 25.591999 -140.164352
v 40.913754 -5.268417 -155.920120
v 39.739746 -6.442425 -155.407059
v 39.739746 -6.442422 -108.287697
v 40.913754 -5.268414 -107.883110
v 40.913754 18.310987 -108.100197
v 40.913754 24.141743 -115.578568
v 39.739746 25.572279 -115.913971
v 39.739746 19.623199 -108.090332
v 29.715986 25.591999 -140.164352
v 29.715986 25.572279 -115.913971
v 19.702087 25.572279 -115.913971
v 19.702087 25.591999 -140.164352
v 18.518221 24.141743 -115.578568
v 18.518221 24.595638 -141.279053
v 18.528082 18.310987 -108.100197
v 19.702087 19.623199 -108.090332
v 18.518221 26.312275 -144.889969
v 18.518221 5.731984 -162.589294
v 18.528082 -5.268414 -107.883110
v 18.528082 26.114910 -162.056549
v 19.702087 26.105049 -163.230713
v 19.702087 4.952706 -163.467499
v 19.702087 -5.436041 -157.192719
v 18.518221 -5.268417 -155.920120
v 19.702087 -6.442422 -108.287697
v 19.702087 -6.442425 -155.407059
v -29.725847 26.105049 -163.230713
v -39.739746 26.105049 -163.230713
v -39.739746 27.288918 -162.036819
v -19.702087 27.288918 -162.036819
v -19.702087 26.105049 -163.230713
v -29.725847 27.288918 -162.036819
v -39.739746 27.348240 -143.992203
v -19.702087 27.348240 -143.992203
v -40.913754 26.312275 -144.889969
v -29.725847 27.348240 -143.992203
v -40.913754 26.114910 -162.056549
v -39.739746 26.105049 -163.230713
v -39.739746 4.952706 -163.467499
v -40.913754 5.731984 -162.589294
v -39.739746 -5.436041 -157.192719
v -40.913754 24.595638 -141.279053
v -40.913754 -5.268417 -155.920120
v -39.739746 -6.442425 -155.407059
v -39.739746 -6.442422 -108.287697
v -40.913754 -5.268414 -107.883110
v -40.913754 18.310987 -108.100197
v -39.739746 25.591999 -140.164352
v -40.913754 24.141743 -115.578568
v -39.739746 25.572279 -115.913971
v -39.739746 19.623199 -108.090332
v -29.725847 25.591999 -140.164352
v -29.725847 25.572279 -115.913971
v -19.702087 25.572279 -115.913971
v -19.702087 25.591999 -140.164352
v -18.528082 24.141743 -115.578568
v -18.528082 24.595638 -141.279053
v -18.528082 18.310987 -108.100197
v -19.702087 19.623199 -108.090332
v -18.528082 26.312275 -144.889969
v -18.528082 5.731984 -162.589294
v -18.528082 -5.268414 -107.883110
v -18.528082 26.114910 -162.056549
v -19.702087 26.105049 -163.230713
v -19.702087 4.952706 -163.467499
v -19.702087 -5.436041 -157.192719
v -18.528082 -5.268417 -155.920120
v -19.702087 -6.442422 -108.287697
v -19.702087 -6.442425 -155.407059
v 39.739746 -6.442422 -108.287697
v 29.715986 -6.442422 -108.287697
v 29.715986 -6.442425 -155.407059
v 19.702087 -6.442422 -108.287697
v 39.739746 -6.442425 -155.407059
v 19.702087 -6.442425 -155.407059
v 29.715986 -5.436041 -157.192719
v 39.739746 -5.436041 -157.192719
v 19.702087 -5.436041 -157.192719
v 39.739746 4.952706 -163.467499
v 19.702087 4.952706 -163.467499
v 29.715986 4.952706 -163.467499
v 43.695942 -2.752612 -82.449020
v 33.958286 -2.752612 -82.458885
v 33.958286 3.443135 -82.458885
v 33.958286 -8.948359 -82.458885
v 43.695942 3.443135 -82.449020
v 43.695942 -8.948359 -82.449020
v 46.172298 -2.752612 -81.275017
v 46.172298 3.443135 -81.275017
v 46.172298 -8.948359 -81.275017
v 57.764633 -2.752611 -67.156860
v 57.764633 3.443136 -67.156860
v 57.764633 -8.948358 -67.156860
v 58.731415 -2.752611 -64.463577
v 58.731415 3.443136 -64.463577
v 58.731415 -8.948358 -64.463577
v 58.731415 -2.752603 42.650116
v 58.731415 3.443145 42.650116
v 58.731415 -8.948350 42.650116
v 57.666031 -2.752603 45.254654
v 57.666031 3.443145 45.254654
v 57.666031 -8.948349 45.254654
v 49.743622 -2.752602 53.354549
v 49.743622 3.443146 53.354549
v 49.743622 -8.948349 53.354549
v 47.168659 -2.752602 54.439816
v 47.168659 3.443146 54.439816
v 47.168659 -8.948349 54.439816
v 33.958286 3.443146 54.439816
v 33.958286 -8.948349 54.439816
v 33.958286 -2.752602 54.439816
v -29.725847 -6.442425 -155.407059
v -29.725847 -6.442422 -108.287697
v -39.739746 -6.442422 -108.287697
v -19.702087 -6.442422 -108.287697
v -39.739746 -6.442425 -155.407059
v -19.702087 -6.442425 -155.407059
v -29.725847 -5.436041 -157.192719
v -39.739746 -5.436041 -157.192719
v -19.702087 -5.436041 -157.192719
v -39.739746 4.952706 -163.467499
v -19.702087 4.952706 -163.467499
v -29.725847 4.952706 -163.467499
v -33.958286 3.443135 -82.458885
v -33.958286 -2.752612 -82.458885
v -43.695942 -2.752612 -82.449020
v -33.958286 -8.948359 -82.458885
v -43.695942 3.443135 -82.449020
v -43.695942 -8.948359 -82.449020
v -46.182159 -2.752612 -81.275017
v -46.182159 3.443135 -81.275017
v -46.182159 -8.948359 -81.275017
v -57.774498 -2.752611 -67.156860
v -57.774498 3.443136 -67.156860
v -57.774498 -8.948358 -67.156860
v -58.731415 -2.752611 -64.463577
v -58.731415 3.443136 -64.463577
v -58.731415 -8.948358 -64.463577
v -58.731415 -2.752603 42.650116
v -58.731415 3.443145 42.650116
v -58.731415 -8.948350 42.650116
v -57.675892 -2.752603 45.254654
v -57.675892 3.443145 45.254654
v -57.675892 -8.948349 45.254654
v -49.753487 -2.752602 53.354549
v -49.753487 3.443146 53.354549
v -49.753487 -8.948349 53.354549
v -47.168659 -2.752602 54.439816
v -47.168659 3.443146 54.439816
v -47.168659 -8.948349 54.439816
v -33.968147 3.443146 54.439816
v -33.968147 -8.948349 54.439816
v -33.968147 -2.752602 54.439816
v 40.430283 1.262914 44.386475
v 41.505684 0.759723 55.692863
v 42.196228 1.450258 55.692863
v 41.505684 -3.275514 55.692863
v 41.022217 1.844988 44.386475
v 40.430283 -3.778546 44.386475
v 55.505363 1.450258 55.692863
v 41.022217 -4.360781 44.386475
v 56.669506 1.844988 44.386475
v 42.196228 -3.966050 55.692863
v 56.195900 0.759723 55.692863
v 55.505363 -3.966050 55.692863
v 57.261436 1.262914 44.386475
v 56.669506 -4.360781 44.386475
v 57.261436 -3.778546 44.386475
v 56.195900 -3.275514 55.692863
v 40.903893 18.350430 -99.447815
v 40.913754 18.310987 -108.100197
v 39.739746 19.623199 -108.090332
v 40.913754 -5.268414 -107.883110
v 39.729885 19.662640 -100.246964
v 40.913754 -5.278273 -99.171555
v 29.715986 19.623199 -108.090332
v 39.739746 -6.452281 -99.151840
v 29.715986 19.662640 -100.246964
v 39.739746 -6.442422 -108.287697
v 19.702087 19.662640 -100.246964
v 29.715986 -6.442422 -108.287697
v 19.702087 19.623199 -108.090332
v 29.715986 -6.452281 -99.151840
v 18.528082 18.350430 -99.447815
v 19.702087 -6.452281 -99.151840
v 18.528082 18.310987 -108.100197
v 19.702087 -6.442422 -108.287697
v 18.528082 -5.268414 -107.883110
v 18.528082 -5.278273 -99.171555
v 38.368374 20.451939 -109.175598
v 39.739746 19.623199 -108.090332
v 39.739746 25.572279 -115.913971
v 29.715986 19.623199 -108.090332
v 38.368374 24.743538 -114.828712
v 29.715986 20.451939 -109.175598
v 29.715986 25.572279 -115.913971
v 21.073463 20.451939 -109.175598
v 29.715986 24.743538 -114.828712
v 19.702087 19.623199 -108.090332
v 21.073463 24.743538 -114.828712
v 19.702087 25.572279 -115.913971
v 104.242767 -24.694248 0.148066
v 102.871391 -26.036041 2.604544
v 103.709984 -27.160744 0.148066
v 101.312515 -27.930326 0.148066
v 102.348480 -24.408142 2.604543
v 101.332230 -26.529371 2.604544
v 102.378052 -23.007187 0.148066
v 99.447815 -26.243267 0.148066
v 100.809319 -24.901474 2.604543
v 99.980576 -23.776764 0.148066
v 100.848763 -21.142483 0.148066
v 99.487411 -22.474413 2.604543
v 100.316154 -23.599121 0.148066
v 97.928535 -24.368702 0.148066
v 98.964500 -20.856379 2.604543
v 97.948242 -22.977608 2.604543
v 98.984222 -19.455421 0.148066
v 96.063828 -22.681641 0.148066
v 97.425339 -21.349709 2.604543
v 96.586746 -20.225000 0.148066
v 97.405617 -17.788082 0.148066
v 96.044098 -19.129875 2.604543
v 96.872849 -20.244722 0.148066
v 94.485390 -21.024162 0.148066
v 95.521194 -17.501976 2.604543
v 94.505112 -19.623207 2.604543
v 95.541077 -16.101023 0.148066
v 92.620682 -19.327240 0.148066
v 93.982201 -17.995308 2.604543
v 93.153458 -16.870602 0.148066
v -42.196228 1.450258 55.692863
v -41.505684 0.759723 55.692863
v -40.440140 1.262914 44.386475
v -41.505684 -3.275514 55.692863
v -41.032074 1.844988 44.386475
v -40.440140 -3.778546 44.386475
v -55.515221 1.450258 55.692863
v -41.032074 -4.360781 44.386475
v -56.679367 1.844988 44.386475
v -42.196228 -3.966050 55.692863
v -56.205753 0.759723 55.692863
v -55.515221 -3.966050 55.692863
v -57.271301 1.262914 44.386475
v -56.679367 -4.360781 44.386475
v -57.271301 -3.778546 44.386475
v -56.205753 -3.275514 55.692863
v -39.739746 19.623199 -108.090332
v -40.913754 18.310987 -108.100197
v -40.913754 18.350430 -99.447815
v -40.913754 -5.268414 -107.883110
v -39.739746 19.662640 -100.246964
v -40.913754 -5.278273 -99.171555
v -29.725847 19.623199 -108.090332
v -39.739746 -6.452281 -99.151840
v -29.725847 19.662640 -100.246964
v -39.739746 -6.442422 -108.287697
v -19.711948 19.662640 -100.246964
v -29.725847 -6.442422 -108.287697
v -19.702087 19.623199 -108.090332
v -29.725847 -6.452281 -99.151840
v -18.537941 18.350430 -99.447815
v -19.702087 -6.452281 -99.151840
v -18.528082 18.310987 -108.100197
v -19.702087 -6.442422 -108.287697
v -18.528082 -5.268414 -107.883110
v -18.528082 -5.278273 -99.171555
v -39.739746 25.572279 -115.913971
v -39.739746 19.623199 -108.090332
v -38.368374 20.451939 -109.175598
v -29.725847 19.623199 -108.090332
v -38.368374 24.743538 -114.828712
v -29.725847 20.451939 -109.175598
v -29.725847 25.572279 -115.913971
v -21.073463 20.451939 -109.175598
v -29.725847 24.743538 -114.828712
v -19.702087 19.623199 -108.090332
v -21.073463 24.743538 -114.828712
v -19.702087 25.572279 -115.913971
v -102.881248 -26.036041 2.604544
v -104.242767 -24.694248 0.148066
v -103.709984 -27.160744 0.148066
v -101.322372 -27.930326 0.148066
v -102.358330 -24.408142 2.604543
v -101.342094 -26.529371 2.604544
v -102.378052 -23.007187 0.148066
v -99.457664 -26.243267 0.148066
v -100.819176 -24.901474 2.604543
v -99.980576 -23.776764 0.148066
v -99.487411 -22.474413 2.604543
v -100.858620 -21.142483 0.148066
v -100.326004 -23.599121 0.148066
v -97.928535 -24.368702 0.148066
v -98.964500 -20.856379 2.604543
v -97.948242 -22.977608 2.604543
v -98.994072 -19.455421 0.148066
v -96.063828 -22.681641 0.148066
v -97.425339 -21.349709 2.604543
v -96.596596 -20.225000 0.148066
v -96.044098 -19.129875 2.604543
v -97.415474 -17.788082 0.148066
v -96.882706 -20.244722 0.148066
v -94.485390 -21.024162 0.148066
v -95.521194 -17.501976 2.604543
v -94.514961 -19.623207 2.604543
v -95.550934 -16.101023 0.148066
v -92.620682 -19.327240 0.148066
v -93.992050 -17.995308 2.604543
v -93.153458 -16.870602 0.148066
v 6.649639 -9.185153 70.896126
v 5.288126 -10.516924 73.352600
v 6.116866 -11.641631 70.896126
v 3.729248 -12.411211 70.896126
v 4.765213 -8.889187 73.352600
v 3.748969 -11.010256 73.352600
v 4.784934 -7.498093 70.896126
v 1.864705 -10.724150 70.896126
v 3.226218 -9.392218 73.352600
v 2.387618 -8.267510 70.896126
v -1.775802 -9.185153 70.896126
v -3.137315 -10.516924 73.352600
v -2.298714 -11.641631 70.896126
v -4.696192 -12.411211 70.896126
v -3.660227 -8.889187 73.352600
v -4.676472 -11.010256 73.352600
v -3.640507 -7.498093 70.896126
v -6.560735 -10.724150 70.896126
v -5.199385 -9.392218 73.352600
v -6.027963 -8.267510 70.896126
v 42.837620 -3.383976 55.692863
v 42.196228 -3.966050 55.692863
v 55.505363 -3.966050 55.692863
v 42.087765 -2.634118 55.692863
v 54.864128 -3.383976 55.692863
v 41.505684 -3.275514 55.692863
v 56.195900 -3.275514 55.692863
v 42.087765 0.118326 55.692863
v 55.613823 -2.634118 55.692863
v 41.505684 0.759723 55.692863
v 56.195900 0.759723 55.692863
v 42.837620 0.868185 55.692863
v 55.613823 0.118326 55.692863
v 42.196228 1.450258 55.692863
v 55.505363 1.450258 55.692863
v 54.864128 0.868185 55.692863
v 43.054543 -3.088009 55.248833
v 42.837620 -3.383976 55.692863
v 54.864128 -3.383976 55.692863
v 42.383728 -2.417194 55.248833
v 54.647041 -3.088009 55.248833
v 42.087765 -2.634118 55.692863
v 55.613823 -2.634118 55.692863
v 42.383728 -0.098598 55.248833
v 55.317856 -2.417194 55.248833
v 42.087765 0.118326 55.692863
v 55.613823 0.118326 55.692863
v 43.054543 0.572218 55.248833
v 55.317856 -0.098598 55.248833
v 42.837620 0.868185 55.692863
v 54.864128 0.868185 55.692863
v 54.647041 0.572218 55.248833
v -42.837620 -3.383976 55.692863
v -54.873985 -3.383976 55.692863
v -55.515221 -3.966050 55.692863
v -56.205753 -3.275514 55.692863
v -42.196228 -3.966050 55.692863
v -55.613823 -2.634118 55.692863
v -42.097626 -2.634118 55.692863
v -56.205753 0.759723 55.692863
v -41.505684 -3.275514 55.692863
v -55.613823 0.118326 55.692863
v -42.097626 0.118326 55.692863
v -55.515221 1.450258 55.692863
v -41.505684 0.759723 55.692863
v -54.873985 0.868185 55.692863
v -42.837620 0.868185 55.692863
v -42.196228 1.450258 55.692863
v -43.064568 -3.088009 55.248833
v -54.647041 -3.088009 55.248833
v -54.873985 -3.383976 55.692863
v -55.613823 -2.634118 55.692863
v -42.837620 -3.383976 55.692863
v -55.317856 -2.417194 55.248833
v -42.383728 -2.417194 55.248833
v -55.613823 0.118326 55.692863
v -42.097626 -2.634118 55.692863
v -55.317856 -0.098598 55.248833
v -42.383728 -0.098598 55.248833
v -54.873985 0.868185 55.692863
v -42.097626 0.118326 55.692863
v -54.647041 0.572218 55.248833
v -43.064568 0.572218 55.248833
v -42.837620 0.868185 55.692863
v 55.229115 4.962578 -10.023760
v 55.229115 4.962580 21.162203
v 57.212139 4.962574 -65.440224
v 55.229115 4.962576 -39.088490
v 55.229115 4.962582 42.738857
v 55.229115 4.962574 -64.729958
v 57.212139 4.962582 43.547878
v 51.549168 4.962582 48.411850
v 47.208103 4.962583 50.937508
v 44.495102 4.962573 -80.929596
v 43.547878 4.962573 -78.946556
v 58.731415 3.443145 42.650116
v 58.731415 3.443136 -64.463577
v 57.666031 3.443145 45.254654
v 57.764633 3.443136 -67.156860
v 49.743622 3.443146 53.354549
v 46.172298 3.443135 -81.275017
v 43.695942 3.443135 -82.449020
v 48.046703 4.962583 52.920536
v 47.168659 3.443146 54.439816
v 41.229443 4.962583 50.937508
v 33.958286 3.443146 54.439816
v 37.460751 4.962583 50.937508
v 35.477566 4.962583 52.920536
v 33.958286 3.443135 -82.458885
v 37.460751 4.962573 -78.946556
v 35.477566 4.962573 -80.939445
v 55.229115 -10.467630 -10.023758
v 55.229115 -10.467632 -39.088490
v 57.212139 -10.467634 -65.440224
v 55.229115 -10.467628 21.162203
v 55.229115 -10.467634 -64.729958
v 55.229115 -10.467626 42.738857
v 44.495102 -10.467635 -80.929596
v 43.547878 -10.467635 -78.946556
v 57.212139 -10.467626 43.547878
v 47.208103 -10.467626 50.937508
v 57.764633 -8.948358 -67.156860
v 58.731415 -8.948358 -64.463577
v 46.172298 -8.948359 -81.275017
v 58.731415 -8.948350 42.650116
v 43.695942 -8.948359 -82.449020
v 57.666031 -8.948349 45.254654
v 49.743622 -8.948349 53.354549
v 35.477566 -10.467635 -80.939445
v 33.958286 -8.948359 -82.458885
v 37.460751 -10.467635 -78.946556
v 35.477566 -10.467626 52.920536
v 33.958286 -8.948349 54.439816
v 37.460751 -10.467626 50.937508
v 48.046703 -10.467626 52.920536
v 47.168659 -8.948349 54.439816
v 41.229443 -10.467626 50.937508
v -55.229115 4.962578 -10.023760
v -55.229115 4.962576 -39.088490
v -57.222000 4.962574 -65.440224
v -55.229115 4.962580 21.162203
v -55.229115 4.962574 -64.729958
v -55.229115 4.962582 42.738857
v -44.495102 4.962573 -80.929596
v -43.557739 4.962573 -78.946556
v -57.222000 4.962582 43.547878
v -51.559029 4.962582 48.411850
v -47.217960 4.962583 50.937508
v -57.774498 3.443136 -67.156860
v -58.731415 3.443136 -64.463577
v -46.182159 3.443135 -81.275017
v -58.731415 3.443145 42.650116
v -43.695942 3.443135 -82.449020
v -57.675892 3.443145 45.254654
v -49.753487 3.443146 53.354549
v -35.477566 4.962573 -80.939445
v -33.958286 3.443135 -82.458885
v -37.470612 4.962573 -78.946556
v -35.487587 4.962583 52.920536
v -33.968147 3.443146 54.439816
v -37.470612 4.962583 50.937508
v -48.046703 4.962583 52.920536
v -47.168659 3.443146 54.439816
v -41.229443 4.962583 50.937508
v -55.229115 -10.467630 -10.023758
v -55.229115 -10.467628 21.162203
v -57.222000 -10.467634 -65.440224
v -55.229115 -10.467632 -39.088490
v -55.229115 -10.467626 42.738857
v -55.229115 -10.467634 -64.729958
v -57.222000 -10.467626 43.547878
v -47.217960 -10.467626 50.937508
v -44.495102 -10.467635 -80.929596
v -43.557739 -10.467635 -78.946556
v -58.731415 -8.948350 42.650116
v -58.731415 -8.948358 -64.463577
v -57.675892 -8.948349 45.254654
v -57.774498 -8.948358 -67.156860
v -49.753487 -8.948349 53.354549
v -46.182159 -8.948359 -81.275017
v -43.695942 -8.948359 -82.449020
v -48.046703 -10.467626 52.920536
v -47.168659 -8.948349 54.439816
v -41.229443 -10.467626 50.937508
v -33.968147 -8.948349 54.439816
v -37.470612 -10.467626 50.937508
v -35.487587 -10.467626 52.920536
v -33.958286 -8.948359 -82.458885
v -37.470612 -10.467635 -78.946556
v -35.477566 -10.467635 -80.939445
v 7.784205 5.248692 78.117821
v 7.794066 9.372507 52.121384
v 6.975186 9.905279 52.594830
v 8.780568 6.945610 49.950848
v 6.876584 5.682701 78.877541
v 0.000000 9.895419 52.614712
v 9.994179 0.483478 76.519661
v 9.994179 6.254910 27.989487
v 8.760848 7.695306 44.702164
v 7.872947 10.349310 44.406197
v 7.399335 5.011885 79.114342
v 9.520567 0.345274 77.545609
v 0.000000 -0.818873 86.128967
v 7.754626 12.322477 41.910114
v 7.794066 11.118888 25.878117
v 6.965326 11.641638 25.651171
v 6.965326 12.894691 42.077904
v 6.975186 11.237211 44.297733
v 0.000000 11.237211 44.297733
v 0.000000 12.894691 42.077904
v 0.000000 11.641638 25.651171
v -6.975186 11.641638 25.651171
v -6.975186 12.894691 42.077904
v -6.985046 11.237211 44.297733
v -7.882807 10.349310 44.406197
v -7.764485 12.322477 41.910114
v -7.794066 11.118888 25.878117
v -9.994179 6.254910 27.989487
v -8.770708 7.695306 44.702164
v -8.790428 6.945610 49.950848
v -9.994179 0.483478 76.519661
v -7.794066 5.248692 78.117821
v -7.803926 9.372507 52.121384
v -6.985046 9.905279 52.594830
v -7.399335 5.011885 79.114342
v -9.530426 0.345274 77.545609
v -6.876584 5.682701 78.877541
v 0.000000 5.682701 78.877541
v -0.434171 2.890655 84.797043
v 0.000000 3.640513 84.363022
v 0.000000 2.890655 84.797043
v 0.424311 2.890655 84.797043
v 13.979954 10.586108 -54.508839
v 15.992561 4.794789 -60.566540
v 15.134239 4.765209 -61.760269
v 16.101023 5.515069 -29.429882
v 12.874966 11.365547 -54.864128
v 0.000000 4.765209 -61.760269
v 12.115249 21.093180 -28.906971
v 0.000000 11.434569 -54.794941
v 12.134968 17.807962 -41.584568
v -12.874966 11.365547 -54.864128
v -15.134239 4.765209 -61.760269
v 11.079284 18.508356 -42.068043
v 0.000000 18.498497 -42.117344
v 11.079284 21.961361 -28.749046
v -13.989813 10.586108 -54.508839
v -15.992561 4.794789 -60.566540
v -16.101023 5.515069 -29.429882
v -11.079284 18.508356 -42.068043
v 0.000000 21.971218 -28.689884
v -12.134968 17.807962 -41.584568
v -12.125109 21.093180 -28.906971
v -11.089305 21.961361 -28.749046
v -12.085668 23.017048 -14.167298
v -16.081303 6.876583 -13.220234
v -16.081303 10.773458 12.154688
v -10.990541 23.835926 -14.236480
v -6.304209 23.865507 -14.374523
v 0.000000 23.855646 -14.542308
v 6.294350 23.865507 -14.374523
v -6.156307 23.835926 9.155577
v 10.980681 23.835926 -14.236480
v 6.156307 23.835926 9.155577
v -10.605833 23.835926 11.533174
v 0.000000 23.835926 9.155577
v -11.967345 23.056488 12.095527
v 10.605833 23.835926 11.533174
v 0.000000 23.835926 11.523314
v 0.000000 23.283434 12.993288
v -11.059562 23.283434 12.993288
v -15.084939 13.022870 13.230094
v -12.490258 10.339449 28.788645
v -12.312613 21.103043 13.457039
v -12.214011 9.234463 31.649714
v -12.075808 8.188637 33.820248
v -11.099165 8.090035 34.629101
v -11.089305 8.869474 33.514256
v -9.747513 10.112503 31.748314
v -9.560007 21.813459 15.084938
v 0.000000 10.112503 31.748314
v 0.000000 21.813459 15.084938
v 0.000000 8.090035 34.629101
v 9.560007 21.813459 15.084938
v 11.089305 8.090035 34.629101
v 9.747513 10.112503 31.748314
v 11.049702 23.283434 12.993288
v 11.079284 8.869474 33.514256
v 12.214011 9.234463 31.649714
v 12.075808 8.188637 33.820248
v 11.957484 23.056488 12.095527
v 16.071442 10.773458 12.154688
v 12.075808 23.017048 -14.167298
v 16.081303 6.876583 -13.220234
v 12.312613 21.103043 13.457039
v 15.075079 13.022870 13.230094
v 12.480236 10.339449 28.788645
v 14.493006 13.022870 13.230094
v 11.720678 21.103043 13.457039
v 11.898164 10.339449 28.788645
v -11.552895 21.103043 13.457039
v -14.315359 13.022870 13.230094
v -11.720678 10.339449 28.788645
v 9.747513 9.589590 31.274702
v 9.560007 21.290548 14.601467
v 0.000000 21.290548 14.601467
v 0.000000 9.589590 31.274702
v -9.747513 9.589590 31.274702
v -9.560007 21.290548 14.601467
vn -0.6254 0.7114 -0.3205
vn -0.3367 -0.6500 -0.6813
vn -0.7764 0.6039 -0.1804
vn -0.8863 0.3608 -0.2902
vn 0.6014 -0.5076 0.6170
vn 0.3697 0.6764 0.6370
vn 0.4319 0.6831 0.5889
vn 0.5212 0.5370 0.6633
vn 0.4462 -0.6888 0.5714
vn 0.5349 -0.4956 0.6843
vn -0.4713 0.2906 0.8327
vn 0.6206 0.7149 -0.3221
vn 0.3367 -0.6500 -0.6812
vn 0.8863 0.3608 -0.2902
vn 0.7764 0.6038 -0.1804
vn -0.6014 -0.5077 0.6170
vn -0.3697 0.6764 0.6371
vn -0.5212 0.5370 0.6634
vn -0.4382 0.6808 0.5869
vn -0.5405 -0.4935 0.6815
vn -0.4524 -0.6864 0.5694
vn 0.4713 0.2906 0.8327
vn -0.5774 -0.5774 -0.5773
vn -0.5799 -0.5799 0.5721
vn 0.5721 -0.5799 -0.5799
vn 0.5747 -0.5826 0.5747
vn -0.8960 -0.0000 -0.4441
vn 0.0314 -0.9565 -0.2901
vn 0.0078 -0.8272 -0.5619
vn 0.0392 -0.9961 -0.0784
vn 0.0390 -0.9977 -0.0546
vn 0.7452 -0.6668 -0.0000
vn 0.4413 0.8905 0.1103
vn 0.4816 0.8684 0.1184
vn 0.0706 0.9955 0.0627
vn 0.0236 0.9982 0.0550
vn 0.7227 0.6912 -0.0000
vn 0.7226 0.6912 -0.0000
vn 0.7266 0.6871 -0.0000
vn 0.2891 0.2578 -0.9219
vn 0.9167 -0.3996 -0.0000
vn 0.2834 0.2676 0.9209
vn -0.2282 0.8184 0.5273
vn -0.2282 0.8185 0.5273
vn -0.2357 0.8170 0.5263
vn -0.0000 -1.0000 -0.0000
vn -0.0000 -0.7263 -0.6874
vn -0.0000 -0.7264 -0.6873
vn 0.0783 -0.7280 -0.6811
vn -0.3433 -0.8580 -0.3821
vn -0.0778 -0.8637 -0.4980
vn -0.0470 -0.7517 -0.6578
vn -0.4673 -0.8180 0.3353
vn -0.0548 -0.8684 0.4929
vn -0.5783 -0.8049 -0.1329
vn -0.4936 -0.8540 -0.1645
vn -0.1798 -0.7034 0.6877
vn 0.1021 -0.7304 0.6754
vn -0.3913 -0.6104 0.6887
vn -0.0000 -0.7378 0.6750
vn -0.5400 -0.7278 0.4226
vn -0.4979 -0.8558 0.1401
vn -0.5861 -0.8048 0.0938
vn -0.0000 -0.0000 -1.0000
vn -0.0000 0.7226 -0.6912
vn -0.0000 0.7227 -0.6912
vn -0.0000 1.0000 -0.0000
vn -0.0000 0.7303 0.6831
vn -0.0000 0.7303 0.6832
vn -0.0000 -0.0000 1.0000
vn -1.0000 -0.0000 -0.0000
vn 1.0000 -0.0000 -0.0000
vn 0.7360 -0.3367 -0.5873
vn 0.7528 -0.2431 -0.6117
vn -0.1416 0.9838 0.1102
vn -0.1417 0.9838 0.1102
vn -0.1023 0.9916 0.0787
vn 0.9096 -0.4156 -0.0000
vn 0.9096 -0.4155 -0.0000
vn 0.9021 -0.4315 -0.0000
vn -0.3443 0.9389 -0.0000
vn -0.3442 0.9389 -0.0000
vn -0.3996 0.9167 -0.0000
vn -0.4061 0.9138 -0.0000
vn -0.4063 0.9137 -0.0000
vn -0.3537 0.9353 -0.0000
vn -0.4062 0.9138 -0.0000
vn 0.7360 0.3367 -0.5873
vn 0.7543 0.2357 -0.6128
vn 0.7528 0.2431 -0.6117
vn -0.1406 -0.9840 0.1093
vn -0.1015 -0.9918 0.0781
vn 0.9095 0.4157 -0.0000
vn 0.9021 0.4315 -0.0000
vn 0.9095 0.4156 -0.0000
vn -0.3442 -0.9389 -0.0000
vn -0.4061 -0.9138 -0.0000
vn -0.3996 -0.9167 -0.0000
vn 0.9021 0.4314 -0.0000
vn 0.9096 0.4156 -0.0000
vn 0.9096 0.4156 -0.0001
vn -0.3511 -0.9363 -0.0000
vn -0.4062 -0.9138 -0.0000
vn 0.9097 0.4153 -0.0000
vn 1.0000 -0.0002 -0.0000
vn 1.0000 -0.0001 -0.0000
vn -0.0079 0.0863 0.9962
vn -0.0078 0.0863 0.9962
vn -0.0000 0.0863 0.9963
vn 0.4394 0.8553 0.2747
vn 0.1100 0.9429 0.3143
vn -0.0000 0.7778 0.6285
vn -0.0000 0.7885 0.6150
vn 0.4773 -0.6808 -0.5556
vn 0.4539 -0.6261 -0.6339
vn 0.4451 -0.6012 -0.6637
vn 0.4713 -0.6833 -0.5577
vn -0.4065 -0.9137 -0.0000
vn -0.0315 0.7881 0.6147
vn 0.5679 0.6310 0.5284
vn 0.7019 0.6387 0.3154
vn 0.1811 0.9527 0.2441
vn 0.0313 0.9490 0.3137
vn -0.0000 0.7740 0.6332
vn 0.1100 0.9429 0.3144
vn 0.4394 0.8553 0.2746
vn 0.7400 0.5510 0.3858
vn 0.3208 -0.3599 -0.8761
vn 0.3538 -0.4246 -0.8334
vn 0.4539 -0.6261 -0.6340
vn 0.8944 -0.0000 -0.4472
vn -0.0314 -0.9565 -0.2901
vn -0.0468 -0.9974 -0.0545
vn -0.0471 -0.9958 -0.0784
vn -0.0156 -0.8271 -0.5619
vn -0.7452 -0.6668 -0.0000
vn -0.4476 0.8874 0.1099
vn -0.0314 0.9980 0.0550
vn -0.0706 0.9955 0.0627
vn -0.4876 0.8651 0.1180
vn -0.7264 0.6873 -0.0000
vn -0.7303 0.6832 -0.0000
vn -0.7263 0.6873 -0.0000
vn -0.2891 0.2578 -0.9219
vn -0.2891 0.2579 -0.9219
vn -0.9179 -0.3967 -0.0000
vn -0.2834 0.2676 0.9209
vn 0.2282 0.8184 0.5273
vn 0.2282 0.8185 0.5273
vn -0.0860 -0.7276 -0.6806
vn 0.3432 -0.8580 -0.3822
vn 0.0470 -0.7518 -0.6578
vn -0.0861 -0.7275 -0.6806
vn 0.0778 -0.8637 -0.4980
vn 0.5783 -0.8049 -0.1329
vn 0.4876 -0.8573 -0.1652
vn 0.5809 -0.8085 0.0942
vn 0.4920 -0.8591 0.1406
vn 0.4614 -0.8210 0.3362
vn 0.5400 -0.7278 0.4226
vn 0.3913 -0.6104 0.6887
vn 0.0548 -0.8684 0.4929
vn 0.1798 -0.7034 0.6877
vn -0.1098 -0.7298 0.6748
vn -0.7360 -0.3367 -0.5873
vn -0.7562 -0.2417 -0.6081
vn -0.7562 -0.2416 -0.6081
vn 0.1340 0.9848 0.1103
vn 0.0945 0.9924 0.0788
vn 0.1023 0.9916 0.0787
vn -0.9096 -0.4156 -0.0000
vn -0.9021 -0.4315 -0.0000
vn 0.3373 0.9414 -0.0000
vn 0.3996 0.9167 -0.0000
vn 0.3374 0.9414 -0.0000
vn -0.9021 -0.4314 -0.0000
vn -0.9096 -0.4155 -0.0000
vn 0.3468 0.9379 -0.0000
vn 0.3995 0.9167 -0.0000
vn -0.7360 0.3367 -0.5873
vn -0.7562 0.2416 -0.6081
vn -0.7576 0.2343 -0.6092
vn 0.1329 -0.9851 0.1094
vn 0.1329 -0.9851 0.1095
vn 0.1015 -0.9918 0.0781
vn 0.0938 -0.9925 0.0782
vn -0.9096 0.4155 -0.0000
vn -0.9096 0.4156 -0.0000
vn -0.9021 0.4315 0.0001
vn -0.9021 0.4315 -0.0000
vn 0.3373 -0.9414 -0.0000
vn 0.3996 -0.9167 -0.0000
vn 0.3995 -0.9167 -0.0000
vn 0.3443 -0.9389 -0.0000
vn -0.4457 0.8523 0.2737
vn -0.0001 0.7885 0.6150
vn -0.1177 0.9421 0.3141
vn -0.4773 -0.6808 -0.5555
vn -0.4773 -0.6808 -0.5556
vn -0.4451 -0.6012 -0.6637
vn -0.4540 -0.6261 -0.6339
vn 0.0236 0.7883 0.6149
vn -0.1811 0.9527 0.2441
vn -0.7058 0.6352 0.3136
vn -0.5679 0.6310 0.5284
vn -0.0392 0.9487 0.3137
vn -0.1177 0.9421 0.3140
vn -0.4457 0.8523 0.2736
vn -0.7400 0.5510 0.3857
vn -0.0079 0.7885 0.6150
vn -0.3208 -0.3599 -0.8761
vn -0.4539 -0.6261 -0.6340
vn -0.3607 -0.4234 -0.8311
vn -1.0000 -0.0078 -0.0000
vn 1.0000 -0.0079 -0.0000
vn -0.0000 0.9864 0.1644
vn -0.0000 -0.8174 -0.5760
vn -0.0000 -0.8174 -0.5761
vn -0.0000 -0.0315 0.9995
vn -1.0000 -0.0000 -0.0078
vn 1.0000 -0.0000 -0.0079
vn -0.7071 -0.0000 -0.7071
vn -0.7110 -0.0000 0.7032
vn -0.7071 -0.7071 -0.0000
vn 0.7032 -0.7110 -0.0000
vn 0.7071 -0.0000 0.7071
vn 0.7032 -0.0000 -0.7110
vn -0.0000 -0.7110 0.7032
vn -0.0000 -0.7071 -0.7071
vn 0.3615 -0.3300 0.8721
vn 0.6218 0.0787 0.7792
vn 0.6273 0.0627 0.7763
vn 0.2437 -0.3302 0.9119
vn -0.0000 -0.3673 0.9301
vn -0.0000 -0.3044 0.9525
vn -0.2437 -0.3304 0.9118
vn -0.3682 -0.3290 0.8696
vn -0.6273 0.0627 0.7763
vn -0.6266 0.0783 0.7754
vn 0.2834 -0.1653 0.9446
vn 0.3930 -0.3537 0.8488
vn 0.8192 0.1576 0.5514
vn 0.4562 0.1258 0.8809
vn 0.2043 -0.0943 0.9744
vn 0.4630 0.2590 0.8477
vn 0.5029 -0.0079 0.8643
vn 0.5666 0.3463 0.7477
vn 0.4690 -0.0078 -0.8832
vn 0.5437 0.3467 -0.7643
vn 0.5716 0.1879 -0.7987
vn 0.4076 -0.1881 -0.8936
vn 0.7785 0.1652 -0.6055
vn 0.3214 -0.2900 -0.9014
vn 0.8940 0.4470 0.0314
vn 0.9124 0.4090 0.0158
vn 0.7447 0.6663 0.0392
vn 0.6446 0.7625 0.0550
vn 0.2751 0.9588 0.0707
vn 0.2121 0.9741 0.0786
vn -0.0000 0.9962 0.0866
vn -0.0000 0.9963 0.0863
vn -0.2823 0.9567 0.0706
vn -0.2195 0.9724 0.0784
vn -0.6446 0.7625 0.0550
vn -0.7481 0.6624 0.0390
vn -0.8940 0.4470 0.0314
vn -0.9137 0.4061 0.0156
vn -0.3209 0.0078 0.9471
vn -0.2902 0.0078 0.9569
vn -0.2439 -0.0629 0.9678
vn -0.3372 -0.0235 0.9411
vn -0.0941 -0.1254 0.9876
vn -0.1095 -0.1252 0.9861
vn -0.0000 -0.1568 0.9876
vn 0.1018 -0.1253 0.9869
vn 0.0941 -0.1254 0.9876
vn 0.3372 -0.0235 0.9411
vn 0.2365 -0.0631 0.9696
vn 0.3139 0.0079 0.9494
vn 0.2902 0.0078 0.9569
vn 0.3282 0.7346 -0.5939
vn 0.3935 0.7476 -0.5351
vn 0.1958 0.7127 -0.6736
vn 0.1414 0.7307 -0.6679
vn 0.0548 0.7587 -0.6492
vn 0.0546 0.7728 -0.6323
vn -0.0000 0.6994 -0.7147
vn -0.0000 0.6831 -0.7303
vn -0.0625 0.7583 -0.6489
vn -0.0547 0.7728 -0.6323
vn -0.1491 0.7299 -0.6671
vn -0.1958 0.7127 -0.6735
vn -0.3282 0.7346 -0.5939
vn -0.4001 0.7453 -0.5334
vn -0.3131 0.0705 -0.9471
vn -0.3131 0.0704 -0.9471
vn 0.0313 -0.0077 -0.9995
vn 0.0312 -0.0078 -0.9995
vn 0.3843 -0.1019 -0.9176
vn 0.9080 -0.2270 -0.3522
vn 0.9702 -0.2425 -0.0000
vn 0.9701 -0.2425 -0.0000
vn 0.9080 -0.2270 0.3522
vn 0.3684 -0.0941 0.9249
vn 0.3683 -0.0941 0.9249
vn 0.0157 -0.0000 0.9999
vn -0.3363 0.0782 0.9385
vn -0.9166 0.2272 0.3290
vn -0.9720 0.2351 -0.0000
vn -0.9720 0.2352 -0.0000
vn -0.9142 0.2266 -0.3360
vn -0.3208 0.0313 -0.9466
vn 0.0390 -0.0078 -0.9992
vn 0.3992 -0.0470 -0.9157
vn 0.9297 -0.1094 -0.3516
vn 0.9931 -0.1173 -0.0000
vn 0.9287 -0.1102 0.3542
vn 0.3859 -0.0473 0.9213
vn 0.3858 -0.0473 0.9214
vn 0.0236 -0.0000 0.9997
vn -0.3440 0.0391 0.9382
vn -0.3439 0.0391 0.9382
vn -0.9382 0.1095 0.3283
vn -0.9382 0.1094 0.3284
vn -0.9931 0.1173 -0.0000
vn -0.9931 0.1172 -0.0000
vn -0.9382 0.1095 -0.3284
vn -0.4910 -0.6314 -0.6002
vn -0.4911 -0.6314 -0.6002
vn -0.4684 -0.6401 -0.6089
vn -0.4768 -0.6332 -0.6097
vn -0.1965 0.9590 -0.2044
vn -0.1968 0.9605 0.1968
vn -0.0000 0.9678 0.2517
vn 0.0628 0.9499 0.3061
vn 0.1651 0.9515 -0.2595
vn 0.2278 0.9428 0.2435
vn 0.2838 0.9542 0.0946
vn 0.2591 0.9659 -0.0000
vn 0.2834 0.9526 -0.1102
vn 0.7149 0.6992 -0.0001
vn 0.4877 0.8730 -0.0000
vn 0.5029 0.8644 0.0001
vn 0.7914 0.6113 -0.0000
vn 0.8832 0.4690 -0.0000
vn 0.9167 0.3996 -0.0000
vn 0.9734 -0.1806 0.1412
vn 0.9826 -0.1494 0.1101
vn 0.9276 -0.1887 0.3223
vn 0.9128 -0.1889 0.3620
vn 0.8782 -0.0862 0.4705
vn 0.8617 -0.0783 0.5014
vn -0.3137 -0.0314 -0.9490
vn -0.3297 -0.0628 -0.9420
vn -0.3044 -0.0078 -0.9525
vn -0.2973 0.0157 -0.9546
vn -0.2820 0.0862 -0.9555
vn -0.2816 0.1017 -0.9541
vn 0.5029 0.8644 -0.0000
vn 0.4876 0.8730 -0.0000
vn 0.7149 0.6993 0.0001
vn 0.7817 0.6237 -0.0000
vn 0.9125 0.4091 -0.0000
vn 0.7150 0.6991 -0.0000
vn 0.8864 0.4628 -0.0000
vn 0.3284 -0.1095 -0.9382
vn 0.3291 -0.0862 -0.9403
vn 0.2582 -0.1487 -0.9546
vn 0.2496 -0.1794 -0.9516
vn 0.1957 -0.1409 -0.9705
vn 0.1872 -0.1716 -0.9672
vn 0.1174 0.2113 0.9703
vn 0.1096 0.2114 0.9712
vn 0.1723 0.1645 0.9712
vn 0.2113 0.1174 0.9704
vn -0.3997 -0.1176 0.9091
vn -0.3779 -0.0945 0.9210
vn -0.4697 -0.1565 0.8689
vn -0.4942 -0.1569 0.8551
vn -0.5351 -0.1338 0.8341
vn -0.5552 -0.1329 0.8210
vn -0.0000 0.9195 -0.3930
vn -0.0000 0.9235 -0.3835
vn -0.1258 0.8809 -0.4562
vn -0.1018 0.8769 -0.4698
vn -0.2908 0.9037 -0.3144
vn -0.3143 0.9037 -0.2908
vn -0.3068 0.9359 -0.1730
vn -0.2974 0.9391 -0.1722
vn 0.9920 -0.0079 0.1260
vn 0.9919 -0.0157 0.1260
vn 0.9910 -0.0079 0.1337
vn 0.9899 -0.0079 0.1414
vn 0.9888 -0.0000 0.1491
vn 0.0078 -0.4156 0.9095
vn 0.0078 -0.4220 0.9065
vn 0.2115 -0.3603 0.9086
vn 0.2438 -0.3696 0.8966
vn 0.6737 -0.3917 0.6267
vn 0.6111 -0.4153 0.6738
vn 0.7949 -0.4250 0.4329
vn 0.7923 -0.4315 0.4314
vn 0.3146 -0.1022 0.9437
vn 0.3291 -0.0862 0.9403
vn 0.2514 -0.1336 0.9586
vn 0.2200 -0.1336 0.9663
vn 0.1887 -0.1179 0.9749
vn 0.1647 -0.1098 0.9802
vn 0.0862 0.0470 -0.9952
vn 0.0862 0.0392 -0.9955
vn 0.0628 0.0628 -0.9961
vn 0.0470 0.0862 -0.9952
vn 0.0627 0.0706 0.9955
vn 0.0784 0.0549 0.9954
vn 0.0862 0.0470 0.9952
vn 0.2113 0.1174 -0.9703
vn 0.2115 0.1097 -0.9712
vn 0.1647 0.1647 -0.9725
vn 0.1176 0.2038 -0.9719
vn -0.0000 -0.9683 0.2498
vn -0.1953 -0.9611 0.1953
vn -0.1950 -0.9596 -0.2028
vn 0.1335 -0.9425 0.3063
vn 0.1639 -0.9523 -0.2575
vn 0.2738 -0.9546 0.1173
vn 0.2571 -0.9664 -0.0000
vn 0.2813 -0.9534 -0.1094
vn 0.4995 -0.8663 -0.0000
vn 0.4843 -0.8749 -0.0000
vn 0.7110 -0.7032 -0.0000
vn 0.7915 -0.6111 0.0002
vn 0.8832 -0.4690 -0.0000
vn 0.9276 0.1887 0.3223
vn 0.9826 0.1494 0.1100
vn 0.9734 0.1805 0.1413
vn 0.9129 0.1889 0.3620
vn 0.8782 0.0862 0.4705
vn 0.8617 0.0783 0.5014
vn -0.3045 -0.0000 -0.9525
vn -0.3297 0.0628 -0.9420
vn -0.3138 0.0236 -0.9492
vn -0.2973 -0.0234 -0.9545
vn -0.2820 -0.0862 -0.9555
vn -0.2813 -0.1093 -0.9534
vn 0.7111 -0.7031 -0.0000
vn 0.4841 -0.8750 0.0002
vn 0.7778 -0.6285 -0.0000
vn 0.9125 -0.4091 -0.0000
vn 0.7149 -0.6992 -0.0000
vn 0.4844 -0.8748 -0.0000
vn 0.7187 -0.6953 -0.0000
vn 0.8864 -0.4629 -0.0000
vn 0.3692 -0.8562 0.3613
vn 0.2113 -0.8529 0.4773
vn 0.1336 -0.9425 0.3063
vn 0.2739 -0.9546 0.1174
vn 0.5426 -0.6841 0.4875
vn 0.6532 -0.7083 0.2676
vn 0.6367 -0.4874 0.5975
vn 0.5029 -0.8643 -0.0000
vn 0.7071 -0.7071 -0.0079
vn 0.2572 -0.9664 -0.0000
vn 0.7926 -0.5180 0.3218
vn 0.3363 -0.5005 0.7977
vn 0.3376 -0.4946 0.8008
vn 0.8862 -0.4627 -0.0235
vn 0.8697 -0.4936 -0.0000
vn 0.8696 -0.4937 -0.0000
vn 0.8697 -0.4935 -0.0000
vn 0.7110 -0.7032 -0.0001
vn 0.5087 -0.8609 -0.0000
vn 0.2814 -0.9533 -0.1094
vn 0.7148 -0.6991 -0.0157
vn 0.8060 -0.5163 -0.2894
vn 0.8749 -0.4843 -0.0078
vn 0.6648 -0.7117 -0.2268
vn 0.5502 -0.6996 -0.4559
vn 0.3980 -0.8507 -0.3434
vn 0.6501 -0.4621 -0.6031
vn 0.4065 -0.8365 -0.3674
vn 0.3598 -0.5319 -0.7666
vn 0.1639 -0.9522 -0.2576
vn 0.6594 -0.4867 -0.5730
vn 0.5308 -0.6478 -0.5464
vn 0.2662 -0.7047 -0.6577
vn -0.4710 -0.7458 -0.4711
vn -0.5530 -0.6231 -0.5530
vn -0.4710 -0.7458 0.4711
vn -0.5554 -0.6258 0.5476
vn 0.2585 0.1410 -0.9557
vn 0.3291 0.0862 -0.9403
vn 0.3284 0.1095 -0.9382
vn 0.2499 0.1718 -0.9529
vn 0.1957 0.1409 -0.9705
vn 0.1872 0.1716 -0.9672
vn 0.1723 -0.1645 0.9712
vn 0.1096 -0.2115 0.9712
vn 0.1174 -0.2113 0.9703
vn 0.1721 -0.1721 0.9699
vn 0.2113 -0.1174 0.9704
vn 0.2113 -0.1174 0.9703
vn 0.3856 0.3777 0.8418
vn 0.6597 0.4241 0.6204
vn 0.3627 0.3785 0.8516
vn 0.0079 0.4091 0.9125
vn 0.0078 0.4156 0.9095
vn -0.4702 0.1489 0.8699
vn -0.3779 0.0945 0.9210
vn -0.3997 0.1176 0.9091
vn -0.4942 0.1569 0.8551
vn -0.5351 0.1338 0.8341
vn -0.5557 0.1252 0.8219
vn -0.1719 -0.8827 -0.4374
vn -0.2505 -0.9392 -0.2348
vn -0.2573 -0.9356 -0.2417
vn -0.1794 -0.8815 -0.4368
vn -0.0000 -0.9208 -0.3901
vn -0.0000 -0.9235 -0.3835
vn 0.9910 0.0079 0.1337
vn 0.9920 0.0079 0.1260
vn 0.9920 0.0079 0.1259
vn 0.9899 -0.0000 0.1414
vn 0.2517 0.1259 0.9596
vn 0.3293 0.0784 0.9410
vn 0.3148 0.0945 0.9444
vn 0.2202 0.1258 0.9673
vn 0.1889 0.1102 0.9758
vn 0.1647 0.1098 0.9802
vn 0.0627 -0.0705 -0.9955
vn 0.0862 -0.0470 -0.9952
vn 0.0627 -0.0706 -0.9955
vn 0.0470 -0.0862 -0.9952
vn 0.0784 -0.0626 0.9950
vn 0.0627 -0.0783 0.9950
vn 0.0627 -0.0705 0.9955
vn 0.0862 -0.0470 0.9952
vn 0.1645 -0.1723 -0.9712
vn 0.2113 -0.1174 -0.9703
vn 0.1174 -0.2113 -0.9704
vn 0.1174 -0.2113 -0.9703
vn -0.0000 0.0078 -1.0000
vn -0.0000 0.0079 -1.0000
vn -0.0000 -1.0000 -0.0078
vn -0.0000 1.0000 0.0079
vn 0.0628 0.9499 0.3062
vn 0.1332 0.8457 0.5168
vn 0.3765 0.8393 0.3922
vn 0.2279 0.9427 0.2436
vn 0.4581 0.8214 0.3396
vn 0.2840 0.9542 0.0946
vn 0.5425 0.6841 0.4875
vn 0.6532 0.7083 0.2676
vn 0.6677 0.5185 0.5342
vn 0.5029 0.8643 -0.0000
vn 0.7071 0.7071 -0.0079
vn 0.2592 0.9658 -0.0000
vn 0.7984 0.5401 0.2661
vn 0.8894 0.4565 -0.0236
vn 0.7149 0.6992 -0.0000
vn 0.6134 0.4876 0.6213
vn 0.6071 0.4730 0.6385
vn 0.2119 0.4866 0.8476
vn 0.2358 0.4872 0.8408
vn 0.8730 0.4877 -0.0000
vn 0.8730 0.4876 -0.0000
vn 0.8731 0.4876 -0.0000
vn 0.5087 0.8609 -0.0000
vn 0.2835 0.9526 -0.1102
vn 0.8092 0.5107 -0.2907
vn 0.7149 0.6991 -0.0157
vn 0.8782 0.4783 -0.0078
vn 0.6685 0.7079 -0.2280
vn 0.5502 0.6996 -0.4559
vn 0.4007 0.8485 -0.3457
vn 0.6501 0.4621 -0.6031
vn 0.4066 0.8365 -0.3674
vn 0.3613 0.5263 -0.7697
vn 0.1652 0.9515 -0.2595
vn 0.6594 0.4867 -0.5730
vn 0.5308 0.6479 -0.5464
vn 0.2662 0.7047 -0.6577
vn -0.4710 0.7458 -0.4710
vn -0.1969 0.9605 0.1968
vn -0.5557 0.6183 -0.5557
vn -0.4710 0.7458 0.4711
vn -0.5581 0.6210 0.5503
vn 0.8634 0.4866 0.1334
vn 0.7400 0.5510 0.3857
vn 0.0947 0.9071 0.4102
vn 0.7018 0.6387 0.3154
vn 0.1811 0.9527 0.2440
vn -0.9956 0.0940 -0.0000
vn -0.9956 0.0941 -0.0000
vn -0.9956 0.0940 -0.0001
vn -0.9981 -0.0624 -0.0000
vn -0.8609 -0.5087 -0.0000
vn -0.6501 -0.7598 -0.0078
vn -0.1720 -0.9851 -0.0000
vn -0.1871 -0.9823 -0.0000
vn -0.0624 -0.9981 -0.0000
vn -0.0546 -0.9985 -0.0000
vn 0.0546 -0.9985 -0.0000
vn 0.0624 -0.9981 -0.0000
vn 0.1644 -0.9864 -0.0000
vn 0.1871 -0.9823 -0.0000
vn 0.6456 -0.7637 -0.0079
vn 0.4061 -0.9138 -0.0000
vn 0.8609 -0.5087 -0.0000
vn 0.9980 -0.0629 -0.0000
vn 0.9956 0.0940 -0.0001
vn 0.9956 0.0940 -0.0000
vn 0.9956 0.0941 -0.0000
vn 0.9956 0.0942 -0.0000
vn 0.8633 0.4866 0.1334
vn 0.5679 0.6311 0.5284
vn 0.9969 -0.0785 -0.0000
vn 0.7399 0.5511 0.3857
vn 0.8554 0.5179 0.0078
vn 0.4315 0.9021 -0.0000
vn 0.1810 0.9835 -0.0000
vn 0.0550 0.9985 -0.0000
vn 0.0314 0.9490 0.3137
vn -0.0000 0.9495 0.3138
vn -0.0628 0.9980 -0.0000
vn -0.0392 0.9487 0.3136
vn -0.1178 0.9421 0.3140
vn -0.1886 0.9821 -0.0000
vn -0.4315 0.9021 -0.0000
vn -0.7400 0.5511 0.3857
vn -0.8554 0.5180 0.0079
vn -0.9970 -0.0779 -0.0000
vn -0.8634 0.4866 0.1334
vn -0.5679 0.6310 0.5285
vn -0.7058 0.6352 0.3137
vn -0.0000 -0.9495 0.3139
vn -0.0000 -0.8047 0.5937
vn -0.0000 -0.9471 -0.3209
vn -0.0000 -0.8009 -0.5987
vn -0.0000 -0.8009 -0.5988
vn -0.8870 -0.4396 0.1413
vn -0.8883 -0.4442 0.1169
vn -0.8553 -0.4237 0.2982
vn -0.8960 -0.4441 -0.0000
vn -0.8860 -0.4391 -0.1490
vn -0.8883 -0.4441 -0.1169
vn -0.8553 -0.4237 -0.2982
vn 0.8553 -0.4237 0.2982
vn 0.8866 -0.4473 0.1177
vn 0.8870 -0.4396 0.1413
vn 0.8944 -0.4472 -0.0000
vn 0.8866 -0.4472 -0.1177
vn 0.8860 -0.4391 -0.1490
vn 0.8553 -0.4237 -0.2982
vn 0.7787 0.5428 0.3147
vn 0.6556 0.4581 0.6003
vn 0.7787 0.5428 0.3146
vn 0.8185 0.5745 -0.0000
vn 0.7768 0.5414 -0.3217
vn 0.6525 0.4559 -0.6053
vn 0.6525 0.4560 -0.6053
vn 0.8709 -0.4708 0.1413
vn 0.8703 -0.4783 0.1176
vn 0.8392 -0.4549 0.2981
vn 0.8782 -0.4783 -0.0000
vn 0.8699 -0.4702 -0.1489
vn 0.8703 -0.4783 -0.1176
vn 0.8391 -0.4549 -0.2981
vn -0.1416 0.9437 0.2989
vn -0.1492 0.9818 0.1178
vn -0.1488 0.9788 0.1410
vn -0.1491 0.9888 -0.0000
vn -0.1492 0.9818 -0.1178
vn -0.1486 0.9777 -0.1486
vn -0.1416 0.9437 -0.2989
vn -0.8218 0.1566 0.5479
vn -0.3996 -0.3526 0.8462
vn -0.2834 -0.1653 0.9446
vn -0.4623 0.1254 0.8778
vn -0.2043 -0.0943 0.9744
vn -0.4692 0.2581 0.8446
vn -0.5029 -0.0079 0.8643
vn -0.5720 0.3447 0.7443
vn -0.5768 0.1871 -0.7951
vn -0.5492 0.3452 -0.7611
vn -0.4690 -0.0078 -0.8832
vn -0.4141 -0.1875 -0.8907
vn -0.7816 0.1642 -0.6018
vn -0.3214 -0.2900 -0.9014
vn -0.0391 -0.0078 -0.9992
vn 0.3131 0.0704 -0.9471
vn -0.0390 -0.0078 -0.9992
vn -0.3909 -0.1016 -0.9148
vn -0.3909 -0.1017 -0.9148
vn -0.9701 -0.2426 -0.0000
vn -0.9080 -0.2270 -0.3523
vn -0.9080 -0.2270 -0.3522
vn -0.9701 -0.2425 -0.0000
vn -0.9080 -0.2270 0.3522
vn -0.0236 -0.0000 0.9997
vn -0.3751 -0.0938 0.9222
vn 0.3293 0.0784 0.9409
vn 0.9720 0.2352 -0.0000
vn 0.9166 0.2272 0.3290
vn 0.9142 0.2266 -0.3360
vn -0.0468 -0.0078 -0.9989
vn 0.3137 0.0314 -0.9490
vn -0.4057 -0.0470 -0.9128
vn -0.9931 -0.1173 -0.0000
vn -0.9297 -0.1094 -0.3516
vn -0.9297 -0.1093 -0.3517
vn -0.9297 -0.1094 0.3516
vn -0.3858 -0.0473 0.9214
vn -0.3859 -0.0472 0.9213
vn 0.3371 0.0392 0.9407
vn 0.9931 0.1173 -0.0000
vn 0.9382 0.1095 0.3284
vn 0.9931 0.1172 -0.0000
vn 0.9382 0.1095 -0.3284
vn 0.9382 0.1094 -0.3284
vn 0.4910 -0.6314 -0.6002
vn 0.4911 -0.6314 -0.6002
vn 0.4768 -0.6332 -0.6097
vn -0.0079 0.9678 0.2517
vn 0.1968 0.9605 0.1968
vn 0.1965 0.9590 -0.2044
vn -0.0706 0.9494 0.3060
vn -0.1727 0.9503 -0.2591
vn -0.2352 0.9411 0.2431
vn -0.2911 0.9520 0.0944
vn -0.2591 0.9659 -0.0000
vn -0.2906 0.9505 -0.1100
vn -0.5029 0.8643 -0.0000
vn -0.4936 0.8697 -0.0000
vn -0.7149 0.6992 -0.0000
vn -0.7914 0.6113 -0.0000
vn -0.8832 0.4690 -0.0000
vn -0.9167 0.3996 -0.0000
vn -0.9287 -0.1873 0.3200
vn -0.9829 -0.1483 0.1092
vn -0.9738 -0.1792 0.1402
vn -0.9142 -0.1875 0.3594
vn -0.8782 -0.0863 0.4704
vn -0.8617 -0.0783 0.5014
vn 0.2974 -0.0078 -0.9547
vn 0.3297 -0.0628 -0.9420
vn 0.3137 -0.0314 -0.9490
vn 0.2902 0.0157 -0.9568
vn 0.2747 0.0863 -0.9576
vn 0.2743 0.1019 -0.9562
vn -0.7847 0.6199 -0.0000
vn -0.9138 0.4061 -0.0000
vn -0.7187 0.6953 -0.0000
vn -0.7226 0.6912 -0.0000
vn -0.8864 0.4629 -0.0000
vn -0.2655 -0.1484 -0.9526
vn -0.3361 -0.0860 -0.9379
vn -0.3284 -0.1095 -0.9382
vn -0.2569 -0.1791 -0.9497
vn -0.2032 -0.1407 -0.9690
vn -0.1872 -0.1716 -0.9672
vn -0.1723 0.1645 0.9712
vn -0.1174 0.2113 0.9704
vn -0.2188 0.1172 0.9687
vn -0.2113 0.1174 0.9704
vn 0.4697 -0.1565 0.8689
vn 0.3779 -0.0945 0.9210
vn 0.3931 -0.1180 0.9119
vn 0.4942 -0.1569 0.8551
vn 0.5351 -0.1338 0.8341
vn 0.5551 -0.1329 0.8211
vn 0.1181 0.8818 -0.4567
vn -0.0000 0.9196 -0.3930
vn 0.0940 0.8776 -0.4701
vn 0.2836 0.9057 -0.3151
vn 0.3143 0.9037 -0.2908
vn 0.2996 0.9382 -0.1734
vn 0.2974 0.9391 -0.1722
vn -0.9911 -0.0078 0.1327
vn -0.9920 -0.0156 0.1250
vn -0.9921 -0.0078 0.1250
vn -0.9901 -0.0078 0.1403
vn -0.9890 -0.0000 0.1480
vn -0.2115 -0.3603 0.9085
vn -0.0156 -0.4220 0.9065
vn -0.0157 -0.4155 0.9095
vn -0.2438 -0.3696 0.8966
vn -0.6737 -0.3917 0.6267
vn -0.6111 -0.4153 0.6738
vn -0.7978 -0.4224 0.4302
vn -0.7952 -0.4287 0.4288
vn -0.2514 -0.1336 0.9586
vn -0.3361 -0.0860 0.9379
vn -0.3146 -0.1023 0.9437
vn -0.2274 -0.1333 0.9646
vn -0.1887 -0.1179 0.9749
vn -0.1647 -0.1098 0.9802
vn -0.0706 0.0627 -0.9955
vn -0.0862 0.0392 -0.9955
vn -0.0862 0.0470 -0.9952
vn -0.0470 0.0862 -0.9952
vn -0.0784 0.0549 0.9954
vn -0.0705 0.0705 0.9950
vn -0.0862 0.0470 0.9952
vn -0.1723 0.1645 -0.9712
vn -0.2115 0.1097 -0.9712
vn -0.2187 0.1172 -0.9687
vn -0.1253 0.2036 -0.9710
vn 0.1950 -0.9596 -0.2028
vn 0.1953 -0.9611 0.1953
vn -0.0078 -0.9683 0.2498
vn -0.1412 -0.9415 0.3060
vn -0.1715 -0.9510 -0.2572
vn -0.2810 -0.9525 0.1171
vn -0.2571 -0.9664 -0.0000
vn -0.2885 -0.9513 -0.1091
vn -0.7110 -0.7032 -0.0000
vn -0.4903 -0.8716 -0.0000
vn -0.4995 -0.8663 -0.0000
vn -0.7917 -0.6109 0.0002
vn -0.8832 -0.4690 -0.0000
vn -0.9167 -0.3996 -0.0000
vn -0.9738 0.1792 0.1402
vn -0.9829 0.1482 0.1092
vn -0.9287 0.1873 0.3200
vn -0.9141 0.1875 0.3594
vn -0.8782 0.0862 0.4705
vn -0.8617 0.0783 0.5014
vn 0.3138 0.0236 -0.9492
vn 0.3297 0.0628 -0.9420
vn 0.2974 -0.0000 -0.9548
vn 0.2901 -0.0235 -0.9567
vn 0.2747 -0.0863 -0.9576
vn 0.2741 -0.1096 -0.9554
vn -0.4994 -0.8663 -0.0000
vn -0.4902 -0.8716 -0.0000
vn -0.7809 -0.6247 -0.0000
vn -0.9138 -0.4062 -0.0000
vn -0.7187 -0.6953 0.0001
vn -0.7188 -0.6952 -0.0000
vn -0.8864 -0.4629 -0.0000
vn -0.1413 -0.9415 0.3060
vn -0.2188 -0.8515 0.4765
vn -0.3759 -0.8537 0.3603
vn -0.2811 -0.9525 0.1171
vn -0.5425 -0.6841 0.4875
vn -0.6577 -0.7047 0.2662
vn -0.6368 -0.4874 0.5975
vn -0.5088 -0.8609 -0.0000
vn -0.5053 -0.8629 -0.0000
vn -0.7109 -0.7032 -0.0079
vn -0.2572 -0.9663 -0.0000
vn -0.7110 -0.7032 -0.0002
vn -0.7926 -0.5179 0.3217
vn -0.3363 -0.5005 0.7977
vn -0.3376 -0.4946 0.8008
vn -0.8879 -0.4595 -0.0234
vn -0.8697 -0.4936 -0.0000
vn -0.2572 -0.9664 -0.0000
vn -0.7111 -0.7031 -0.0000
vn -0.7110 -0.7031 -0.0000
vn -0.5087 -0.8609 -0.0000
vn -0.2885 -0.9512 -0.1092
vn -0.8086 -0.5131 -0.2877
vn -0.7186 -0.6952 -0.0156
vn -0.8749 -0.4843 -0.0078
vn -0.6692 -0.7080 -0.2256
vn -0.5557 -0.6966 -0.4539
vn -0.3981 -0.8507 -0.3434
vn -0.6500 -0.4621 -0.6032
vn -0.4065 -0.8365 -0.3674
vn -0.3598 -0.5319 -0.7666
vn -0.1715 -0.9510 -0.2573
vn -0.6638 -0.4842 -0.5700
vn -0.5308 -0.6478 -0.5464
vn -0.2734 -0.7032 -0.6563
vn 0.1951 -0.9596 -0.2029
vn 0.4710 -0.7458 -0.4710
vn 0.1954 -0.9611 0.1953
vn 0.5476 -0.6258 -0.5554
vn 0.4710 -0.7458 0.4711
vn 0.5500 -0.6285 0.5500
vn -0.3284 0.1095 -0.9382
vn -0.3361 0.0860 -0.9379
vn -0.2658 0.1407 -0.9537
vn -0.2572 0.1715 -0.9510
vn -0.2032 0.1407 -0.9690
vn -0.1872 0.1716 -0.9672
vn -0.1174 -0.2113 0.9704
vn -0.1174 -0.2113 0.9703
vn -0.1723 -0.1645 0.9712
vn -0.1721 -0.1721 0.9699
vn -0.2188 -0.1172 0.9687
vn -0.2112 -0.1174 0.9704
vn -0.6597 0.4241 0.6204
vn -0.3922 0.3765 0.8393
vn -0.3695 0.3774 0.8491
vn -0.0157 0.4090 0.9124
vn -0.0157 0.4155 0.9095
vn 0.3931 0.1180 0.9119
vn 0.3779 0.0945 0.9210
vn 0.4702 0.1489 0.8699
vn 0.4942 0.1569 0.8551
vn 0.5351 0.1338 0.8341
vn 0.5557 0.1252 0.8219
vn 0.2500 -0.9375 -0.2422
vn 0.2505 -0.9392 -0.2348
vn 0.1719 -0.8827 -0.4374
vn -0.9921 0.0078 0.1250
vn -0.9911 0.0078 0.1327
vn -0.9901 -0.0000 0.1403
vn -0.3148 0.0944 0.9444
vn -0.2517 0.1259 0.9596
vn -0.2276 0.1256 0.9656
vn -0.1889 0.1102 0.9758
vn -0.1647 0.1098 0.9802
vn -0.0862 -0.0470 -0.9952
vn -0.0705 -0.0705 -0.9950
vn -0.0470 -0.0862 -0.9952
vn -0.0705 -0.0705 0.9950
vn -0.0705 -0.0783 0.9944
vn -0.0784 -0.0627 0.9950
vn -0.0862 -0.0470 0.9952
vn -0.0862 -0.0471 0.9952
vn -0.2187 -0.1172 -0.9687
vn -0.2113 -0.1174 -0.9703
vn -0.1721 -0.1721 -0.9699
vn -0.1251 -0.2111 -0.9694
vn -0.3765 0.8393 0.3922
vn -0.1408 0.8448 0.5162
vn -0.2353 0.9410 0.2431
vn -0.4643 0.8185 0.3384
vn -0.2912 0.9520 0.0944
vn -0.5426 0.6841 0.4875
vn -0.6577 0.7047 0.2662
vn -0.6677 0.5185 0.5342
vn -0.5087 0.8609 -0.0000
vn -0.7110 0.7032 -0.0078
vn -0.2592 0.9658 -0.0000
vn -0.7985 0.5398 0.2663
vn -0.8910 0.4533 -0.0235
vn -0.6134 0.4876 0.6213
vn -0.6120 0.4708 0.6355
vn -0.2194 0.4858 0.8461
vn -0.2358 0.4872 0.8408
vn -0.8730 0.4876 -0.0000
vn -0.8730 0.4877 -0.0000
vn -0.7149 0.6993 -0.0000
vn -0.5088 0.8609 -0.0000
vn -0.2907 0.9505 -0.1100
vn -0.7186 0.6952 -0.0156
vn -0.8119 0.5074 -0.2888
vn -0.8782 0.4783 -0.0078
vn -0.6728 0.7041 -0.2269
vn -0.5557 0.6966 -0.4539
vn -0.4007 0.8485 -0.3457
vn -0.6501 0.4621 -0.6032
vn -0.4066 0.8365 -0.3674
vn -0.3613 0.5263 -0.7697
vn -0.1728 0.9502 -0.2592
vn -0.6638 0.4842 -0.5701
vn -0.5308 0.6479 -0.5464
vn -0.2735 0.7032 -0.6563
vn 0.4711 0.7458 -0.4711
vn 0.5503 0.6210 -0.5581
vn 0.4711 0.7458 0.4711
vn 0.5527 0.6237 0.5527
vn -0.8634 0.4866 0.1335
vn -0.0946 0.9071 0.4101
vn -0.1811 0.9527 0.2440
vn -0.0000 -0.8010 -0.5987
vn 0.8860 -0.4391 -0.1489
vn -0.8883 -0.4441 0.1170
vn -0.8553 -0.4238 0.2982
vn -0.6600 0.4557 0.5972
vn -0.7787 0.5427 0.3146
vn -0.7787 0.5427 0.3147
vn -0.8210 0.5709 -0.0000
vn -0.8211 0.5708 -0.0000
vn -0.7768 0.5414 -0.3217
vn -0.6570 0.4536 -0.6022
vn -0.8722 -0.4751 0.1168
vn -0.8709 -0.4707 0.1412
vn -0.8391 -0.4549 0.2981
vn -0.8782 -0.4783 -0.0000
vn -0.8699 -0.4702 -0.1489
vn -0.8722 -0.4751 -0.1168
vn -0.8392 -0.4549 -0.2980
vn 0.1415 0.9829 0.1179
vn 0.1416 0.9437 0.2989
vn 0.1411 0.9799 0.1411
vn 0.1414 0.9899 -0.0000
vn 0.1415 0.9829 -0.1179
vn 0.1409 0.9788 -0.1488
vn 0.1416 0.9437 -0.2989
vn -0.0000 0.7071 -0.7071
vn -0.0000 -0.0001 -1.0000
vn -0.0078 -0.0000 -1.0000
vn -0.0156 -0.9999 -0.0000
vn -0.0154 -0.9999 -0.0000
vn 0.0078 -1.0000 -0.0000
vn 0.0001 1.0000 -0.0000
vn -0.0000 1.0000 0.0001
vn -0.0001 1.0000 -0.0000
vn 0.6827 0.2982 0.6671
vn 0.7804 0.0552 0.6228
vn 0.7766 0.0549 -0.6276
vn 0.6843 0.2910 -0.6686
vn 0.6510 0.6981 -0.2980
vn 0.6437 0.7143 0.2747
vn 0.4699 0.8223 -0.3211
vn 0.4560 0.8411 0.2908
vn 0.3463 0.8892 0.2990
vn 0.3605 0.8698 -0.3369
vn 0.2603 0.9228 0.2839
vn 0.2676 0.9051 -0.3305
vn 0.2351 0.9720 -0.0000
vn 0.2352 0.9719 -0.0000
vn 0.1573 0.9279 -0.3381
vn 0.1496 0.9449 0.2913
vn 0.2352 0.9720 -0.0000
vn 0.2425 0.9701 -0.0000
vn 0.1734 0.9849 -0.0000
vn 0.1096 0.9940 -0.0000
vn 0.1173 0.9931 -0.0000
vn 0.1173 0.9931 -0.0001
vn 0.0784 0.8617 -0.5014
vn 0.0941 0.9570 0.2745
vn -0.0235 0.2901 0.9567
vn 0.7805 0.0552 0.6228
vn 0.6827 0.2983 0.6670
vn 0.1648 0.4158 0.8944
vn 0.6437 0.7143 0.2748
vn 0.6827 0.2982 0.6670
vn 0.1733 0.5909 0.7879
vn -0.0078 0.3537 0.9353
vn 0.4559 0.8411 0.2909
vn 0.1258 0.6052 0.7860
vn -0.0000 0.3605 0.9327
vn 0.3462 0.8892 0.2991
vn 0.1021 0.6205 0.7775
vn 0.2603 0.9228 0.2840
vn 0.0552 0.6228 0.7804
vn -0.0236 0.3605 0.9325
vn 0.1496 0.9448 0.2914
vn 0.0240 0.6452 0.7636
vn 0.0941 0.9569 0.2746
vn 0.0157 0.7846 -0.6198
vn -0.0000 0.7032 -0.7110
vn -0.0078 0.7032 -0.7110
vn -0.0157 0.7846 -0.6198
vn -0.0000 -0.5987 -0.8010
vn -0.0000 -0.5937 -0.8047
vn -0.0000 -0.5988 -0.8009
vn -0.0000 0.6585 -0.7526
vn -0.0000 0.7953 0.6063
vn 0.7187 -0.6952 0.0156
vn 0.7740 -0.6332 -0.0000
vn -0.7187 -0.6952 0.0156
vn -0.7740 -0.6332 -0.0000
vn 0.4468 0.8153 -0.3684
vn 0.3778 0.8736 -0.3069
vn 0.5975 0.6368 -0.4874
vn 0.6674 0.5025 -0.5496
vn 0.7309 0.3301 -0.5973
vn 0.6968 0.4228 -0.5794
vn 0.1331 0.8457 0.5168
vn -0.0000 0.9678 0.2518
vn 0.0079 0.8782 0.4783
vn -0.0000 0.7071 0.7071
vn -0.1968 0.9605 0.1969
vn -0.0000 0.6992 0.7149
vn -0.4711 0.7458 0.4711
vn -0.0000 0.4876 0.8730
vn -0.5582 0.6210 0.5502
vn 0.0235 0.4782 0.8779
vn 0.2118 0.4865 0.8476
vn 0.2357 0.4872 0.8409
vn 0.5975 -0.6368 -0.4874
vn 0.3752 -0.8754 -0.3048
vn 0.4468 -0.8152 -0.3684
vn 0.6674 -0.5025 -0.5496
vn 0.7290 -0.3371 -0.5958
vn 0.6968 -0.4228 -0.5794
vn -0.0000 -0.9683 0.2499
vn 0.1335 -0.9425 0.3064
vn 0.2113 -0.8529 0.4774
vn 0.0078 -0.8782 0.4783
vn -0.1953 -0.9611 0.1954
vn 0.0001 -0.7032 0.7110
vn -0.4710 -0.7458 0.4710
vn -0.0000 -0.4936 0.8697
vn -0.5554 -0.6259 0.5475
vn 0.0235 -0.4782 0.8780
vn 0.3376 -0.4946 0.8009
vn -0.0000 -0.7526 0.6585
vn 0.0391 -0.7664 0.6412
vn -0.0391 -0.7664 0.6412
vn -0.0000 0.7953 0.6062
vn -0.0000 0.9495 0.3139
vn -0.0000 0.7739 0.6333
vn 0.2421 -0.0625 -0.9682
vn 0.3538 -0.4245 -0.8334
vn 0.3207 -0.3598 -0.8762
vn 0.2733 -0.0547 -0.9604
vn 0.0779 -0.0156 -0.9968
vn 0.0702 -0.0000 -0.9975
vn 0.0701 -0.0000 -0.9975
vn -0.0856 -0.0156 -0.9962
vn -0.0779 -0.0000 -0.9970
vn -0.7797 0.0546 -0.6238
vn -0.7835 0.0548 0.6190
vn -0.6827 0.2982 0.6671
vn -0.6884 0.2894 -0.6650
vn -0.6555 0.6945 -0.2965
vn -0.6483 0.7107 0.2733
vn -0.4699 0.8223 -0.3211
vn -0.4622 0.8381 0.2898
vn -0.3532 0.8868 0.2982
vn -0.3673 0.8673 -0.3360
vn -0.2676 0.9209 0.2833
vn -0.2749 0.9032 -0.3298
vn -0.2425 0.9701 -0.0000
vn -0.1496 0.9449 0.2913
vn -0.1573 0.9279 -0.3381
vn -0.1809 0.9835 -0.0000
vn -0.1173 0.9931 -0.0000
vn -0.1174 0.9931 -0.0001
vn -0.1173 0.9931 -0.0001
vn -0.0861 0.8611 -0.5010
vn -0.0941 0.9570 0.2745
vn -0.6828 0.2982 0.6670
vn -0.7835 0.0548 0.6189
vn 0.0235 0.2901 0.9567
vn -0.1648 0.4158 0.8944
vn -0.6482 0.7107 0.2734
vn -0.6827 0.2982 0.6670
vn -0.1809 0.5901 0.7868
vn -0.0000 0.3537 0.9354
vn -0.4621 0.8381 0.2899
vn -0.1335 0.6046 0.7852
vn -0.3531 0.8868 0.2982
vn -0.1098 0.6200 0.7769
vn -0.0000 0.3606 0.9327
vn -0.2676 0.9209 0.2834
vn -0.0630 0.6225 0.7801
vn 0.0235 0.3605 0.9325
vn -0.1496 0.9448 0.2914
vn -0.0236 0.6454 0.7635
vn -0.0941 0.9569 0.2746
vn -0.6025 0.6338 -0.4851
vn -0.3845 0.8709 -0.3060
vn -0.4468 0.8152 -0.3684
vn -0.6717 0.4999 -0.5467
vn -0.7309 0.3301 -0.5973
vn -0.7008 0.4205 -0.5762
vn -0.0079 0.9677 0.2518
vn -0.0706 0.9494 0.3061
vn -0.1408 0.8448 0.5163
vn -0.0078 0.8782 0.4783
vn 0.1968 0.9605 0.1969
vn 0.4711 0.7458 0.4710
vn -0.0235 0.4782 0.8780
vn -0.2193 0.4857 0.8461
vn -0.2357 0.4872 0.8409
vn 1.0000 -0.0000 0.0001
vn -0.4468 -0.8152 -0.3684
vn -0.3819 -0.8728 -0.3039
vn -0.6025 -0.6338 -0.4851
vn -0.6717 -0.4999 -0.5467
vn -0.7290 -0.3371 -0.5957
vn -0.7008 -0.4205 -0.5762
vn -0.2187 -0.8515 0.4766
vn -0.0078 -0.9682 0.2499
vn -0.0078 -0.8782 0.4783
vn 0.1953 -0.9611 0.1954
vn -0.0001 -0.7032 0.7110
vn 0.4711 -0.7458 0.4710
vn 0.5500 -0.6285 0.5499
vn -0.0235 -0.4782 0.8780
vn -0.3376 -0.4946 0.8009
vn -0.3207 -0.3598 -0.8762
vn -0.3606 -0.4234 -0.8311
vn -0.2421 -0.0624 -0.9682
vn -0.2805 -0.0545 -0.9583
vn 0.0313 0.5472 -0.8364
vn 0.0783 0.8617 -0.5014
vn 0.1573 0.9279 -0.3382
vn 0.0627 0.5169 -0.8537
vn -0.0157 0.2036 -0.9789
vn 0.2676 0.9051 -0.3306
vn -0.0000 0.2037 -0.9790
vn 0.1099 0.5183 -0.8481
vn 0.3605 0.8698 -0.3370
vn -0.0000 0.2112 -0.9775
vn 0.1487 0.5007 -0.8527
vn 0.4699 0.8222 -0.3211
vn -0.0000 0.2111 -0.9775
vn 0.1728 0.4870 -0.8561
vn 0.1953 0.5000 -0.8437
vn -0.0156 0.1796 -0.9836
vn 0.1726 0.3766 -0.9101
vn 0.6510 0.6981 -0.2981
vn 0.6844 0.2910 -0.6686
vn 0.5716 0.1880 -0.7987
vn 0.5043 0.7801 -0.3703
vn 0.6352 0.7058 -0.3136
vn 0.7785 0.1651 -0.6055
vn 0.5116 0.7792 0.3621
vn 0.8201 0.5599 -0.1183
vn 0.8192 0.1575 0.5514
vn 0.8185 0.5667 0.0944
vn 0.4562 0.1259 0.8809
vn 0.5839 0.7575 0.2920
vn 0.5667 0.3463 0.7476
vn 0.4631 0.2590 0.8476
vn 0.7309 0.5580 0.3930
vn 0.7228 0.6910 -0.0000
vn -0.0000 -0.6793 0.7339
vn 0.0157 -0.8696 0.4935
vn 0.2269 -0.8919 0.3912
vn 0.2512 -0.7299 0.6357
vn -0.0000 -0.4535 0.8913
vn 0.3536 -0.8722 0.3379
vn 0.3138 -0.5571 0.7689
vn 0.5635 -0.6183 0.5479
vn 0.6530 -0.4091 0.6373
vn -0.1573 0.9279 -0.3382
vn -0.0861 0.8611 -0.5011
vn -0.0391 0.5470 -0.8362
vn -0.0705 0.5166 -0.8533
vn 0.0078 0.2036 -0.9790
vn -0.2748 0.9031 -0.3299
vn -0.1176 0.5179 -0.8473
vn -0.3672 0.8673 -0.3360
vn -0.1486 0.5007 -0.8528
vn -0.4698 0.8223 -0.3211
vn -0.1728 0.4870 -0.8561
vn -0.1953 0.5000 -0.8437
vn 0.0156 0.1796 -0.9836
vn -0.1726 0.3766 -0.9102
vn -0.6555 0.6945 -0.2966
vn -0.6885 0.2895 -0.6650
vn -0.5101 0.7770 -0.3689
vn -0.5492 0.3452 -0.7610
vn -0.5769 0.1871 -0.7951
vn -0.6352 0.7058 -0.3136
vn -0.5174 0.7761 0.3606
vn -0.7816 0.1641 -0.6018
vn -0.8226 0.5563 -0.1175
vn -0.8218 0.1565 0.5478
vn -0.8211 0.5630 0.0938
vn -0.4624 0.1254 0.8778
vn -0.7345 0.5548 0.3908
vn -0.4692 0.2581 0.8445
vn -0.5891 0.7540 0.2906
vn -0.5720 0.3448 0.7443
vn -0.2343 -0.8903 0.3905
vn -0.0235 -0.8694 0.4935
vn -0.0078 -0.6792 0.7339
vn -0.2585 -0.7285 0.6345
vn -0.3605 -0.8698 0.3369
vn -0.5635 -0.6183 0.5479
vn -0.3209 -0.5557 0.7670
vn -0.6575 -0.4070 0.6340
vn 0.1413 0.9892 -0.0393
vn 0.2111 0.9775 -0.0000
vn 0.0707 0.9975 0.0078
vn 0.0079 0.9678 -0.2518
vn -0.3768 0.9263 0.0001
vn 0.1575 0.9844 0.0788
vn 0.2664 0.9638 0.0078
vn -0.0000 0.9639 -0.2664
vn 0.3767 0.9263 0.0002
vn -0.0000 0.9864 -0.1644
vn -0.0157 0.9677 -0.2518
vn -0.0707 0.9975 0.0078
vn -0.0000 0.9910 0.1337
vn -0.0235 0.9953 0.0940
vn -0.1490 0.9881 -0.0392
vn -0.2111 0.9775 -0.0000
vn -0.2114 0.9774 0.0001
vn -0.1652 0.9831 0.0787
vn 0.0157 0.9954 0.0941
vn -0.2737 0.9618 0.0078
vn -0.0000 -0.9701 0.2426
vn -0.0000 -0.9363 0.3511
vn -0.0000 -0.9701 0.2425
vn -0.1801 -0.9552 0.2349
vn -0.3446 -0.9242 0.1645
vn -0.2114 -0.8849 0.4150
vn -0.4465 -0.8931 0.0548
vn -0.3511 -0.9362 -0.0156
vn -0.5050 -0.8082 -0.3030
vn 0.3377 -0.9267 0.1649
vn 0.1801 -0.9552 0.2349
vn 0.2039 -0.8863 0.4157
vn 0.4402 -0.8962 0.0551
vn 0.3511 -0.9362 -0.0156
vn 0.4992 -0.8113 -0.3042
vn 0.6907 -0.6436 -0.3297
vn 0.7505 -0.5863 -0.3049
vn 0.1094 -0.9297 -0.3516
vn -0.0000 -0.9570 -0.2901
vn -0.0000 -0.9597 -0.2809
vn -0.1171 -0.9289 -0.3513
vn -0.6908 -0.6436 -0.3296
vn -0.7505 -0.5863 -0.3049
vn 0.1174 0.9931 -0.0001
vn 0.3768 -0.9263 -0.0000
vn 0.3127 -0.9460 -0.0860
vn -0.3197 -0.9436 -0.0858
vn -0.3835 -0.9235 -0.0000
vn -0.0000 -1.0000 -0.0001
vn 0.7066 -0.6673 -0.2356
vn -0.7105 -0.6636 -0.2342
vn 0.1180 0.9048 0.4092
vn 0.0157 0.8696 0.4935
vn -0.0000 0.6750 0.7378
vn 0.1491 0.7373 0.6589
vn -0.0000 0.4472 0.8944
vn 0.2119 0.5493 0.8083
vn 0.6127 0.4792 0.6284
vn 0.5042 0.6774 0.5357
vn 0.3610 0.8631 0.3531
vn 0.4092 0.8814 0.2361
vn 0.6386 0.6701 0.3784
vn 0.7781 0.4323 0.4558
vn -0.2426 0.9701 -0.0000
vn -0.0079 0.6750 0.7378
vn -0.0235 0.8694 0.4935
vn -0.1257 0.9040 0.4087
vn -0.1567 0.7364 0.6581
vn -0.2194 0.5484 0.8069
vn -0.6127 0.4792 0.6284
vn -0.5100 0.6748 0.5335
vn -0.3678 0.8607 0.3521
vn -0.4092 0.8814 0.2361
vn -0.6432 0.6668 0.3765
vn -0.7780 0.4323 0.4558
vn 0.5025 0.4868 0.7145
vn 0.7739 -0.6333 -0.0000
vn 0.7186 -0.6952 0.0156
vn 0.8929 0.1018 0.4386
vn 0.7066 -0.6673 -0.2355
vn 0.9489 -0.1803 -0.2588
vn 0.3710 0.7893 0.4894
vn 0.9475 -0.2975 -0.1175
vn 0.9074 0.3472 0.2367
vn 0.9262 -0.3768 -0.0157
vn 0.9235 -0.3835 -0.0000
vn 0.9654 0.2433 -0.0942
vn 0.9091 0.4075 0.0862
vn 0.9452 0.3072 -0.1103
vn 0.6291 0.7628 -0.1494
vn 0.5953 0.7911 -0.1410
vn 0.3776 0.9125 0.1573
vn -0.0000 0.9999 0.0157
vn -0.0000 0.8462 0.5328
vn -0.0000 0.9835 0.1809
vn -0.5083 0.4849 0.7117
vn -0.3776 0.9125 0.1573
vn -0.5953 0.7911 -0.1410
vn -0.3777 0.7869 0.4879
vn -0.7186 -0.6952 0.0157
vn -0.7739 -0.6333 -0.0001
vn -0.8929 0.1018 0.4386
vn -0.7104 -0.6636 -0.2342
vn -0.9088 0.3447 0.2351
vn -0.9489 -0.1803 -0.2588
vn -0.3198 -0.9436 -0.0858
vn -0.9475 -0.2975 -0.1175
vn -0.9091 0.4075 0.0862
vn -0.9273 -0.3740 -0.0156
vn -0.9235 -0.3835 -0.0000
vn -0.9654 0.2433 -0.0942
vn -0.9461 0.3049 -0.1095
vn -0.6291 0.7628 -0.1494
vn -0.7186 -0.6952 0.0156
vn -0.7104 -0.6637 -0.2342
vn -0.9489 -0.1804 -0.2588
vn -0.9088 0.3447 0.2350
vn -0.9273 -0.3741 -0.0156
vn 0.7739 -0.6333 0.0001
vn 0.8929 0.1018 0.4385
vn 0.9475 -0.2976 -0.1174
vn -0.2588 -0.5175 0.8156
vn -0.5165 0.2661 0.8139
vn 0.2588 0.5176 0.8156
vn 0.5107 -0.2672 0.8172
vn 0.5108 -0.2672 0.8172
vn 0.2588 -0.5175 0.8156
vn 0.5107 0.2672 0.8172
vn -0.2588 0.5176 0.8156
vn -0.5165 -0.2661 0.8139
vn 0.2588 -0.5176 0.8156
vn 0.5108 0.2671 0.8172
vn 0.5108 0.2674 0.8170
vn -0.2588 0.5175 0.8156
vn 0.2588 0.5175 0.8156
vn 0.5108 -0.2671 0.8172
vn 0.3365 0.8765 -0.3443
vn 0.4549 0.4628 -0.7609
vn -0.4611 0.4611 -0.7581
vn -0.3365 0.8765 -0.3443
vn -0.0000 0.9236 -0.3834
vn 0.3765 0.9019 0.2118
vn -0.3764 0.9019 0.2118
vn 0.9034 0.4242 0.0629
vn -0.0000 0.9774 0.2115
vn 0.8746 0.3388 -0.3467
vn 0.4550 0.4628 -0.7608
vn 0.4557 -0.3535 -0.8170
vn 0.8782 -0.0862 -0.4705
vn 0.3368 -0.6579 -0.6736
vn 0.9482 0.3056 0.0862
vn 0.3932 0.9045 0.1652
vn 0.8693 -0.4308 -0.2425
vn 0.3372 -0.9173 -0.2117
vn 0.9562 0.2821 0.0784
vn 0.8906 0.4098 0.1970
vn 0.5033 0.8571 0.1101
vn 0.5429 0.8183 0.1889
vn -0.0000 0.9774 0.2112
vn -0.5091 0.8537 0.1097
vn -0.3999 0.9017 0.1647
vn -0.8922 0.4070 0.1957
vn -0.9482 0.3056 0.0862
vn -0.9562 0.2821 0.0784
vn -0.5429 0.8183 0.1889
vn -0.9048 0.4212 0.0624
vn -0.8800 -0.0857 -0.4673
vn -0.9236 -0.3835 -0.0000
vn -0.8765 0.3365 -0.3443
vn -0.4618 -0.3522 -0.8140
vn -0.3437 -0.6562 -0.6718
vn -0.8692 -0.4308 -0.2428
vn -0.3441 -0.9149 -0.2111
vn -0.3765 0.9019 0.2118
vn -0.8800 -0.0857 -0.4672
vn -0.8693 -0.4308 -0.2425
vn 0.3933 0.9045 0.1652
vn 0.9482 0.3057 0.0862
vn 0.9034 0.4242 0.0628
vn 0.8782 -0.0863 -0.4704
vn 0.4550 0.4627 -0.7608
vn -0.0000 -0.9683 -0.2499
vn 0.3371 -0.9174 -0.2117
vn -0.3440 -0.9149 -0.2111
vn -0.0000 -0.7188 -0.6953
vn 0.4556 -0.3535 -0.8170
vn -0.0000 -0.5145 -0.8575
vn 0.2187 -0.0000 -0.9758
vn -0.2512 0.4945 -0.8321
vn -0.2502 -0.5005 -0.8288
vn 0.1797 0.3437 -0.9217
vn 0.1797 -0.3437 -0.9217
vn 0.6112 -0.0000 -0.7915
vn 0.5941 0.3439 -0.7271
vn 0.5942 -0.3439 -0.7271
vn 0.8698 -0.0000 -0.4934
vn 0.8049 0.3472 -0.4813
vn 0.8026 -0.3541 -0.4800
vn 0.9851 -0.0000 -0.1718
vn 0.9276 0.3458 -0.1415
vn 0.9250 -0.3527 -0.1412
vn 0.9821 -0.0000 0.1885
vn 0.9254 0.3450 0.1569
vn 0.9254 -0.3450 0.1569
vn 0.8368 -0.0000 0.5475
vn 0.7708 0.3460 0.5348
vn 0.7708 -0.3460 0.5348
vn 0.5655 -0.0000 0.8247
vn 0.5437 0.3467 0.7643
vn 0.5437 -0.3467 0.7643
vn 0.1962 -0.0000 0.9806
vn 0.1569 0.3450 0.9254
vn 0.1568 -0.3450 0.9254
vn -0.2512 0.4945 0.8321
vn -0.2502 -0.5005 0.8288
vn -0.3440 -0.9149 -0.2112
vn 0.2438 0.4955 -0.8337
vn -0.2186 -0.0000 -0.9758
vn 0.2429 -0.5014 -0.8304
vn -0.1796 0.3436 -0.9218
vn -0.1797 -0.3436 -0.9217
vn -0.6161 -0.0000 -0.7877
vn -0.5942 0.3440 -0.7271
vn -0.5942 -0.3440 -0.7271
vn -0.8697 -0.0000 -0.4936
vn -0.8076 0.3449 -0.4783
vn -0.8054 -0.3519 -0.4770
vn -0.9851 -0.0000 -0.1719
vn -0.9287 0.3433 -0.1405
vn -0.9261 -0.3502 -0.1401
vn -0.9823 -0.0000 0.1871
vn -0.9254 0.3450 0.1569
vn -0.9254 -0.3450 0.1569
vn -0.8366 -0.0000 0.5478
vn -0.7741 0.3440 0.5315
vn -0.7740 -0.3439 0.5317
vn -0.5655 -0.0000 0.8248
vn -0.5492 0.3452 0.7611
vn -0.5492 -0.3452 0.7611
vn -0.1962 -0.0000 0.9806
vn -0.1645 0.3446 0.9242
vn -0.1645 -0.3446 0.9242
vn 0.2438 0.4955 0.8337
vn 0.2429 -0.5014 0.8304
vn -0.9215 0.3749 0.1015
vn -0.3625 0.9299 0.0630
vn -0.9188 -0.3815 0.1012
vn -0.3986 0.9144 0.0703
vn 0.3625 0.9299 0.0630
vn -0.3986 -0.9144 0.0704
vn 0.3986 0.9144 0.0703
vn -0.3599 -0.9309 0.0626
vn 0.9203 0.3775 0.1023
vn 0.3598 -0.9309 0.0626
vn 0.9203 0.3776 0.1023
vn 0.3986 -0.9144 0.0703
vn 0.9176 -0.3843 0.1020
vn 0.9654 0.2433 -0.0941
vn 0.9562 0.2822 0.0784
vn 0.5429 0.8183 0.1888
vn 0.9236 -0.3835 -0.0000
vn -0.0000 1.0000 -0.0079
vn -0.5429 0.8183 0.1888
vn -0.9562 0.2822 0.0784
vn -0.3835 -0.9236 -0.0000
vn -0.0001 0.7952 0.6063
vn -0.0000 0.7952 0.6064
vn 0.0001 0.7952 0.6063
vn 0.0001 0.7953 0.6063
vn 0.8405 0.2671 0.4713
vn 0.7004 -0.4013 0.5902
vn 0.6291 -0.6055 0.4875
vn -0.1641 -0.8593 0.4844
vn 0.3297 0.7380 0.5888
vn -0.3367 -0.7360 0.5873
vn 0.1575 0.8584 0.4883
vn -0.8388 -0.2744 0.4703
vn -0.7044 0.3992 0.5870
vn -0.6338 0.6025 0.4851
vn 0.8405 0.2671 0.4714
vn 0.1575 0.8584 0.4882
vn -0.8388 -0.2743 0.4703
vn -0.7043 0.3992 0.5870
vn 0.7004 -0.4014 0.5902
vn 0.6290 -0.6055 0.4875
vn -0.1640 -0.8593 0.4844
vn 0.3298 0.7379 0.5888
vn -0.7044 0.3991 0.5870
vn 0.9203 0.3775 0.1022
vn 0.3986 -0.9144 0.0704
vn -0.9188 -0.3816 0.1012
vn 0.0001 0.7953 0.6062
vn -0.0001 0.7953 0.6063
vn -0.0000 0.7952 0.6063
vn -0.0001 0.7953 0.6062
vn -0.7043 -0.3992 0.5870
vn -0.8405 0.2671 0.4714
vn -0.6338 -0.6025 0.4851
vn 0.1564 -0.8604 0.4850
vn -0.3367 0.7360 0.5873
vn 0.3297 -0.7380 0.5888
vn -0.1652 0.8573 0.4876
vn 0.8388 -0.2744 0.4703
vn 0.7004 0.4011 0.5904
vn 0.6291 0.6055 0.4875
vn -0.8405 0.2671 0.4713
vn 0.1565 -0.8604 0.4850
vn 0.3298 -0.7380 0.5888
vn 0.7004 0.4014 0.5902
vn -0.7044 -0.3992 0.5870
vn 0.8388 -0.2743 0.4703
vn -0.8388 -0.2743 0.4704
vn 0.2596 0.7393 0.6213
vn 0.3152 0.7093 0.6305
vn -0.3223 0.7075 0.6289
vn 0.7393 0.2596 0.6213
vn -0.2595 0.7393 0.6213
vn 0.7093 0.3152 0.6305
vn -0.7093 0.3152 0.6305
vn 0.7393 -0.2595 0.6213
vn -0.7393 0.2595 0.6213
vn 0.7075 -0.3223 0.6289
vn -0.7075 -0.3223 0.6289
vn 0.2596 -0.7393 0.6213
vn -0.7393 -0.2596 0.6213
vn 0.3153 -0.7093 0.6305
vn -0.3223 -0.7075 0.6289
vn -0.2595 -0.7393 0.6213
vn 0.2595 0.7393 0.6213
vn 0.3153 0.7093 0.6305
vn 0.7093 0.3153 0.6305
vn 0.7393 0.2595 0.6213
vn 0.7393 -0.2596 0.6213
vn 0.3152 -0.7093 0.6305
vn 0.2596 -0.7393 0.6214
vn -0.2596 -0.7393 0.6213
vn 0.4416 0.8832 -0.1577
vn 0.4399 0.8797 0.1807
vn 0.2047 0.8739 -0.4409
vn 0.9254 0.3451 0.1568
vn 0.9276 0.3459 -0.1415
vn 0.7708 0.3461 0.5348
vn 0.8048 0.3472 -0.4813
vn 0.5942 0.3440 -0.7271
vn 0.1796 0.3437 -0.9217
vn 0.1807 0.8797 0.4399
vn 0.1569 0.3451 0.9254
vn -0.2994 0.9059 0.2994
vn -0.2994 0.9059 -0.2994
vn 0.4386 -0.8849 -0.1566
vn 0.2033 -0.8757 -0.4379
vn 0.4399 -0.8797 0.1807
vn 0.9250 -0.3528 -0.1411
vn 0.5942 -0.3440 -0.7270
vn 0.9254 -0.3451 0.1569
vn 0.7708 -0.3461 0.5349
vn -0.2972 -0.9074 -0.2972
vn -0.2502 -0.5004 -0.8288
vn -0.2972 -0.9074 0.2972
vn -0.2502 -0.5004 0.8289
vn 0.1807 -0.8797 0.4399
vn 0.1568 -0.3451 0.9254
vn -0.4479 0.8801 -0.1572
vn -0.2122 0.8725 -0.4402
vn -0.4462 0.8767 0.1800
vn -0.8076 0.3450 -0.4783
vn -0.9286 0.3434 -0.1405
vn -0.9254 0.3451 0.1569
vn -0.1797 0.3437 -0.9217
vn -0.7740 0.3440 0.5316
vn -0.5492 0.3453 0.7610
vn 0.2994 0.9059 -0.2994
vn 0.2994 0.9059 0.2994
vn 0.2439 0.4955 0.8337
vn -0.1882 0.8784 0.4392
vn -0.1645 0.3447 0.9242
vn -0.4448 -0.8819 -0.1561
vn -0.4461 -0.8767 0.1800
vn -0.2107 -0.8743 -0.4372
vn -0.9254 -0.3451 0.1568
vn -0.9261 -0.3503 -0.1401
vn -0.7740 -0.3440 0.5316
vn -0.5492 -0.3452 0.7610
vn -0.5941 -0.3440 -0.7271
vn -0.1797 -0.3437 -0.9217
vn -0.1882 -0.8784 0.4392
vn -0.1645 -0.3447 0.9242
vn 0.2972 -0.9074 0.2972
vn 0.2429 -0.5014 -0.8305
vn 0.2972 -0.9074 -0.2972
vn 0.7769 0.5807 0.2433
vn 0.8471 0.5255 0.0785
vn 0.3389 0.9301 0.1419
vn 0.9407 0.3371 0.0392
vn 0.3318 0.8530 0.4028
vn -0.0000 0.9876 0.1568
vn 0.9136 0.3465 0.2127
vn 0.9290 0.3700 -0.0079
vn 0.9487 0.3136 0.0392
vn 0.8951 0.4004 0.1963
vn 0.6770 0.3936 0.6219
vn 0.8073 0.1724 0.5644
vn -0.0000 0.2112 0.9774
vn 0.8010 0.5732 0.1728
vn 0.7295 0.6824 -0.0471
vn 0.2678 0.9609 -0.0709
vn 0.2906 0.9188 0.2670
vn 0.3458 0.7544 0.5580
vn -0.0000 0.8019 0.5975
vn -0.0000 0.9612 0.2758
vn -0.0000 0.9969 -0.0785
vn -0.2678 0.9609 -0.0709
vn -0.2977 0.9167 0.2664
vn -0.3527 0.7523 0.5564
vn -0.8951 0.4004 0.1963
vn -0.8038 0.5696 0.1717
vn -0.7331 0.6785 -0.0468
vn -0.9301 0.3673 -0.0078
vn -0.9487 0.3136 0.0392
vn -0.9407 0.3371 0.0392
vn -0.9149 0.3441 0.2111
vn -0.7769 0.5807 0.2433
vn -0.8493 0.5221 0.0779
vn -0.3459 0.9276 0.1415
vn -0.6812 0.3915 0.6186
vn -0.8073 0.1724 0.5643
vn -0.3387 0.8508 0.4018
vn -0.3052 0.4070 0.8609
vn -0.0000 0.7453 0.6668
vn -0.0000 0.4156 0.9096
vn 0.2981 0.4079 0.8630
vn 0.8028 0.5509 -0.2282
vn 0.7219 0.6042 -0.3374
vn 0.2828 0.7382 -0.6125
vn 0.9675 0.2517 -0.0236
vn 0.3063 0.7933 -0.5262
vn -0.0000 0.7223 -0.6915
vn 0.8301 0.5483 -0.1018
vn -0.0000 0.8045 -0.5939
vn 0.7640 0.6144 -0.1969
vn -0.3063 0.7933 -0.5262
vn -0.2828 0.7382 -0.6125
vn 0.3062 0.8871 -0.3454
vn -0.0000 0.9263 -0.3768
vn 0.3232 0.9303 -0.1734
vn -0.8055 0.5475 -0.2268
vn -0.7219 0.6042 -0.3374
vn -0.9680 0.2498 -0.0235
vn -0.3062 0.8871 -0.3454
vn -0.0000 0.9821 -0.1885
vn -0.7673 0.6107 -0.1957
vn -0.8301 0.5482 -0.1018
vn -0.3302 0.9279 -0.1730
vn -0.8241 0.5651 -0.0393
vn -0.9717 0.2351 -0.0235
vn -0.9498 0.2983 0.0942
vn -0.3133 0.9476 -0.0626
vn -0.0078 0.9962 -0.0863
vn -0.0000 0.9910 -0.1337
vn -0.0000 0.9963 -0.0863
vn 0.0002 1.0000 -0.0000
vn 0.3133 0.9476 -0.0626
vn -0.0002 1.0000 -0.0000
vn -0.2197 0.9653 0.1413
vn -0.7501 0.6407 0.1641
vn 0.2196 0.9653 0.1414
vn -0.0000 0.8864 0.4629
vn -0.3052 0.8454 0.4384
vn -0.9304 0.3049 0.2033
vn -0.7834 0.5171 0.3447
vn -0.3833 0.8214 0.4224
vn -0.1572 0.8253 0.5423
vn -0.2901 0.7840 0.5488
vn -0.0002 0.8185 0.5745
vn 0.0001 0.8184 0.5746
vn -0.0000 0.8184 0.5746
vn -0.0001 0.8184 0.5746
vn 0.1572 0.8253 0.5423
vn -0.0000 0.8185 0.5745
vn 0.2982 0.8474 0.4394
vn 0.2901 0.7840 0.5488
vn 0.7804 0.5202 0.3469
vn 0.3766 0.8238 0.4237
vn 0.7466 0.6444 0.1651
vn 0.9498 0.2983 0.0942
vn 0.8241 0.5651 -0.0393
vn 0.9717 0.2351 -0.0235
vn 0.9294 0.3072 0.2048
vn -0.0000 0.8185 0.5744
vt -0.516602 0.981445
vt -0.509766 0.973145
vt 0.271973 0.873047
vt -0.520508 0.869629
vt -0.529297 0.861328
vt 0.270508 0.873535
vt 0.313965 0.895996
vt -0.458496 0.973633
vt -0.339356 0.976074
vt 0.890625 0.780273
vt 0.888672 0.777344
vt 0.889648 0.780762
vt 0.890625 0.782715
vt -0.334961 0.921875
vt 0.762695 -0.006348
vt 0.419434 -0.005859
vt 0.411621 -0.000488
vt 0.757324 -0.000488
vt 0.425781 -0.058594
vt 0.750000 -0.031738
vt 0.738281 -0.039551
vt 0.422363 -0.066895
vt 0.771973 -0.006348
vt 0.616211 0.865723
vt 0.604492 0.878418
vt 0.604492 0.865723
vt 0.604492 0.757324
vt 0.604492 0.745117
vt 0.616211 0.757324
vt 0.494141 0.878418
vt 0.482422 0.865723
vt 0.494141 0.865723
vt 0.494141 0.757324
vt 0.482422 0.757324
vt 0.494141 0.745117
vt -0.457520 0.856445
vt 0.265625 0.870606
vt 0.266113 0.770020
vt 0.546387 0.770020
vt 0.969238 1.000000
vt 1.234863 1.000000
vt 1.206055 0.961426
vt 0.941406 0.961426
vt 0.224121 0.976074
vt 0.223633 0.952637
vt 0.360840 0.243652
vt 0.393555 0.243164
vt 0.374512 0.283691
vt 0.360840 0.283691
vt -0.829102 0.704590
vt -0.830566 0.704590
vt -0.860352 0.686523
vt -0.856934 0.687012
vt -0.807617 0.670410
vt -0.807617 0.668945
vt -0.818848 0.663086
vt -0.820313 0.661133
vt -0.434082 0.504395
vt -0.480957 0.474609
vt -0.743164 0.885742
vt -0.696289 0.915527
vt -0.431641 0.500488
vt -0.478516 0.470703
vt -0.662598 0.466309
vt -0.661133 0.461426
vt -0.823242 0.718750
vt -0.817383 0.476074
vt -0.821777 0.469238
vt -0.826660 0.721680
vt -0.745606 0.889648
vt -0.861328 0.699707
vt -0.698731 0.919434
vt -0.856934 0.697754
vt -0.892578 0.581055
vt -0.884766 0.581543
vt 0.290527 0.522461
vt 0.290527 0.504883
vt 0.387207 0.504883
vt 0.387207 0.522461
vt 1.026855 0.989746
vt 1.026367 0.995606
vt 1.074219 0.995606
vt 1.074219 0.989258
vt 1.072754 0.976074
vt 1.071777 0.977051
vt 1.019043 0.977051
vt 1.020996 0.976563
vt 1.421875 0.989258
vt 1.421387 0.995117
vt 1.493164 0.995117
vt 1.492676 0.989746
vt 1.495117 0.976074
vt 1.495605 0.978516
vt 1.421387 0.978516
vt 1.421875 0.976074
vt 1.080566 0.989746
vt 1.080566 0.995117
vt 1.172852 0.995117
vt 1.172363 0.989258
vt 1.172363 0.976074
vt 1.172852 0.978516
vt 1.078125 0.978516
vt 1.078613 0.976074
vt 1.293457 0.989258
vt 1.293457 0.995117
vt 1.410645 0.995117
vt 1.410156 0.989258
vt 1.410156 0.976074
vt 1.410645 0.978516
vt 1.293457 0.978516
vt 1.293457 0.976074
vt 0.589844 0.963379
vt 0.589844 0.994629
vt 0.342285 0.996582
vt 0.342285 0.965332
vt 0.581543 0.965332
vt 0.581543 0.996582
vt 0.829102 0.994629
vt 0.829102 0.963379
vt 0.766602 -0.000488
vt -0.465820 0.000000
vt -0.319336 0.000000
vt -0.330566 -0.037109
vt -0.441406 -0.037109
vt -0.134766 0.000488
vt -0.398438 0.000000
vt -0.401367 -0.036621
vt -0.089355 -0.037598
vt -0.088867 -0.037109
vt 0.303223 -0.036621
vt 0.281738 0.000000
vt -0.137207 0.000488
vt 0.468750 -0.097168
vt 0.434082 -0.118652
vt 0.431152 -0.072266
vt 0.465820 -0.057617
vt -0.303223 0.000000
vt -0.302246 -0.037109
vt -0.324219 -0.037109
vt -0.324707 0.000000
vt -0.069824 0.000488
vt -0.066406 -0.037598
vt -0.107910 -0.037598
vt -0.106445 0.000977
vt -0.463867 -0.000488
vt -0.441406 -0.038086
vt -0.492188 -0.038086
vt -0.506836 0.000977
vt 1.063965 0.910156
vt 0.967773 0.911621
vt 1.046875 0.889648
vt 0.957031 0.870117
vt 0.958496 0.891113
vt 0.644531 0.984375
vt 0.644531 0.999512
vt 0.360840 1.000000
vt 0.360840 0.984863
vt 0.682129 0.357422
vt 0.516113 0.357422
vt 0.516113 0.323731
vt 0.682129 0.323731
vt 0.502930 0.357422
vt 0.502930 0.323731
vt 0.336914 0.323731
vt 0.336914 0.357422
vt 0.521973 0.357422
vt 0.701660 0.357422
vt 0.701660 0.323731
vt 0.521973 0.323731
vt 0.317383 0.323731
vt 0.497070 0.323731
vt 0.497070 0.357422
vt 0.317383 0.357422
vt 0.758789 -0.031738
vt 0.928223 0.960938
vt 0.947266 1.000000
vt 0.801758 0.961426
vt 0.819824 1.000000
vt 0.311523 0.961914
vt 0.311523 1.000488
vt 0.045410 0.961914
vt 0.045410 1.000488
vt 0.553711 1.000000
vt 0.535645 0.961426
vt 0.373535 0.258301
vt 0.374512 0.234863
vt 0.390625 0.233887
vt 0.391602 0.267090
vt 0.402832 0.233398
vt 0.402832 0.270020
vt 0.431641 0.270020
vt 0.431641 0.233398
vt 0.213867 0.947754
vt 0.216309 0.951660
vt 0.209961 0.951172
vt 0.179199 0.951172
vt 0.181641 0.951172
vt 0.215820 0.984863
vt 0.214844 0.985352
vt 0.209961 0.987793
vt 0.179199 0.987793
vt 0.181641 0.987793
vt 0.833984 0.518555
vt 0.836426 0.500977
vt 0.885742 0.500977
vt 0.883789 0.518555
vt 0.935547 0.500977
vt 0.933106 0.518555
vt 0.954590 0.500977
vt 0.952148 0.518555
vt 0.936035 0.500977
vt 0.933594 0.518555
vt 0.886231 0.500977
vt 0.817871 0.500977
vt 0.815430 0.518555
vt 0.839844 0.518555
vt 0.841309 0.500977
vt 0.889648 0.500977
vt 0.888184 0.518555
vt 0.937988 0.500977
vt 0.936523 0.518555
vt 0.956055 0.500977
vt 0.954590 0.518555
vt 0.888672 0.518555
vt 0.840332 0.518555
vt 0.823242 0.500977
vt 0.821777 0.518555
vt 0.275391 0.874512
vt 0.312500 0.893555
vt 0.115723 0.570801
vt 0.591309 0.570801
vt 0.591309 0.564941
vt 0.590820 0.545898
vt 0.116699 0.560059
vt 0.581055 0.536621
vt 0.565918 0.522461
vt 0.487793 0.522461
vt 0.368652 0.522461
vt 0.257813 0.522461
vt 0.163574 0.522461
vt 0.889160 0.223145
vt 0.889160 0.238281
vt 0.984863 0.238281
vt 0.987793 0.221191
vt 0.889160 0.207031
vt 0.988281 0.207520
vt 1.021973 0.981934
vt 1.020508 0.985840
vt 1.072754 0.981934
vt 1.072266 0.986328
vt 0.981445 0.238281
vt 0.888672 0.238281
vt 0.888672 0.223145
vt 0.982910 0.221680
vt 0.888672 0.207031
vt 0.983398 0.207520
vt 0.895996 0.238281
vt 0.990234 0.238281
vt 0.990234 0.223145
vt 0.895508 0.223145
vt 0.990234 0.207031
vt 0.895508 0.207031
vt 1.495117 0.986328
vt 1.494629 0.982422
vt 1.421875 0.982910
vt 1.421387 0.987305
vt 1.500000 0.994629
vt 1.499512 0.989258
vt 1.500977 0.981934
vt 1.501953 0.986328
vt 1.501465 0.976074
vt 1.502441 0.978516
vt 1.543457 0.976074
vt 1.544922 0.978516
vt 1.545410 0.978516
vt 1.543457 0.975586
vt 1.526367 0.978516
vt 1.524414 0.976074
vt 1.541992 0.982910
vt 1.543457 0.986816
vt 1.538086 0.989746
vt 1.539063 0.995117
vt 1.537598 0.988770
vt 1.538574 0.994629
vt 1.520996 0.989258
vt 1.521973 0.994629
vt 1.078613 0.982422
vt 1.078613 0.986328
vt 1.172363 0.982910
vt 1.172852 0.987305
vt 1.293457 0.982910
vt 1.293457 0.987305
vt 1.410156 0.982910
vt 1.410645 0.987305
vt 1.536621 0.998535
vt 1.498047 0.998535
vt 1.500488 0.987305
vt 1.416016 0.998535
vt 1.501953 0.965820
vt 1.547363 0.965820
vt 1.416016 0.972656
vt 1.416016 0.987305
vt 1.291016 0.998535
vt 1.291016 0.972656
vt 1.291016 0.987305
vt 1.174805 0.998535
vt 1.174805 0.987305
vt 1.174805 0.972656
vt 1.076172 0.998535
vt 1.072754 0.965820
vt 1.073730 0.987305
vt 1.015625 0.965820
vt 1.026855 0.998535
vt 1.019531 0.987305
vt 1.025879 0.998535
vt 1.537109 0.998535
vt 1.543457 0.987305
vt -0.905762 0.832520
vt -0.894531 0.823731
vt -0.895996 0.745606
vt -0.990723 0.832520
vt -0.990723 0.875000
vt -0.905762 0.875000
vt 0.709473 0.963379
vt 0.709473 0.994629
vt 0.461914 0.965332
vt 0.461914 0.996582
vt 1.520996 0.998535
vt 1.527832 0.965820
vt 0.144043 0.000000
vt -0.150879 0.000488
vt -0.115234 -0.037109
vt 0.131836 -0.037109
vt 0.254395 0.000000
vt 0.242676 -0.037109
vt 1.423828 -0.221191
vt 1.449219 -0.223633
vt 1.448242 -0.136231
vt 1.422363 -0.020508
vt 1.632324 -0.135742
vt 1.631836 -0.020508
vt 1.651367 -0.135254
vt 1.652344 -0.020508
vt 1.733398 -0.020020
vt 1.732910 -0.135254
vt 1.754395 -0.135742
vt 1.754395 -0.020020
vt 2.048340 -0.135742
vt 2.048340 -0.020020
vt 1.452148 -0.134277
vt 1.452148 -0.224609
vt 1.431152 -0.222168
vt 1.431152 -0.021484
vt 1.619629 -0.134277
vt 1.619141 -0.021484
vt 1.638672 -0.021484
vt 1.638184 -0.134277
vt 1.734375 -0.134277
vt 1.734375 -0.021484
vt 1.755859 -0.021484
vt 1.755859 -0.134277
vt 2.049805 -0.134277
vt 2.049805 -0.021484
vt 0.225098 0.168457
vt 0.225098 0.163086
vt 0.227539 0.163086
vt 0.227539 0.168457
vt 0.225098 0.174805
vt 0.227539 0.174805
vt 0.232910 0.229004
vt 0.228516 0.227539
vt 0.232910 0.233887
vt 0.228516 0.219238
vt 0.232910 0.219238
vt 1.063965 0.983887
vt 0.967773 0.983887
vt 0.358398 0.984863
vt 0.358398 1.000000
vt -0.678711 0.981445
vt -0.696777 0.879395
vt -0.358398 0.973633
vt -0.357422 0.856445
vt 0.361328 0.957031
vt 0.361816 0.868164
vt 0.837891 0.868164
vt 0.838379 0.957031
vt 0.414551 0.297363
vt 0.414551 0.261719
vt 0.496582 0.260742
vt 0.497070 0.297363
vt 0.120117 0.851074
vt 0.118652 0.851074
vt 0.118652 1.088867
vt 0.120117 1.088867
vt 0.123047 1.083496
vt 0.123047 0.857422
vt 0.162109 1.070801
vt 0.162109 0.877930
vt 0.213867 0.891602
vt 0.213867 1.063965
vt 0.265137 0.905273
vt 0.265137 1.057129
vt 0.280762 0.981934
vt 0.287598 1.011230
vt 0.287598 0.952637
vt 0.343262 1.053223
vt 0.343262 0.913086
vt 0.307129 1.021484
vt 0.306641 0.942871
vt 0.326172 1.010254
vt 0.325684 0.955078
vt 0.333008 0.982422
vt 0.343262 0.982910
vt 0.354004 0.983398
vt 0.360840 1.011719
vt 0.360840 0.955078
vt 0.379395 1.021484
vt 0.421387 1.049316
vt 0.379395 0.946289
vt 0.421387 0.920410
vt 0.397949 0.958008
vt 0.404785 0.984375
vt 0.397949 1.010254
vt 0.580566 0.900879
vt 0.477051 0.869141
vt 0.500488 0.976563
vt 0.515625 0.976074
vt 0.513672 0.986816
vt 0.499512 0.976074
vt 0.621094 0.976074
vt 0.686523 0.858887
vt 0.621094 0.987305
vt 0.716309 0.976074
vt 0.791992 0.817383
vt 0.716797 0.987793
vt 0.811035 0.976074
vt 0.917481 0.794434
vt 0.810059 0.987793
vt 0.956055 0.976074
vt 1.042480 0.771484
vt 0.955078 0.987793
vt 1.101563 0.976074
vt 1.101563 0.987793
vt 0.312012 0.957031
vt -0.876465 0.775391
vt -0.889160 0.775879
vt -0.888184 0.828613
vt -0.877441 0.828613
vt 0.625000 0.235352
vt 0.625000 0.182617
vt 0.563965 0.182617
vt 0.563965 0.235352
vt 0.164551 0.995117
vt -0.081543 1.017090
vt 0.338867 0.504883
vt 0.338867 0.522461
vt 0.565430 0.227539
vt 0.624023 0.227539
vt 0.624023 0.187012
vt 0.565430 0.187012
vt 0.506348 0.187012
vt 0.506348 0.227539
vt 0.435547 0.522461
vt 0.435547 0.504883
vt 0.973633 0.238281
vt 0.895996 0.237305
vt 0.897949 0.221191
vt 0.982422 0.220703
vt 0.983887 0.208008
vt 0.898438 0.207520
vt 1.559082 0.994629
vt 1.559570 0.998535
vt 1.580566 0.998535
vt 1.578613 0.995117
vt 1.581543 0.987305
vt 1.594727 0.998535
vt 1.579102 0.986816
vt 1.601074 0.987305
vt 1.582031 0.972656
vt 1.604980 0.965820
vt 1.579590 0.978516
vt 1.557617 0.978516
vt 1.557129 0.965820
vt 0.845215 0.983398
vt 0.880859 0.983398
vt 0.880859 0.944336
vt 0.845215 0.944336
vt 0.748047 -0.039063
vt 0.356445 -0.037109
vt -0.282715 -0.037109
vt -0.271484 0.000488
vt 0.356445 0.000488
vt -0.319824 0.000000
vt -0.462891 0.000000
vt -0.436523 -0.036621
vt -0.328613 -0.037109
vt -0.284180 -0.037109
vt -0.269531 0.001465
vt 0.356445 0.000000
vt -0.273438 0.000000
vt -0.281738 -0.037109
vt 1.102051 0.976074
vt 1.103027 0.987793
vt 0.956543 0.987793
vt 0.956543 0.976074
vt 0.811035 0.987793
vt 0.811523 0.976074
vt 0.717773 0.987793
vt 0.716797 0.976074
vt 0.622559 0.987793
vt 0.644531 0.976074
vt 0.621582 0.976074
vt 0.516113 0.976074
vt 0.515137 0.987793
vt -0.666016 0.458496
vt -0.670410 0.461426
vt -0.829102 0.464356
vt -0.828125 0.469238
vt -0.900391 0.576172
vt -0.895508 0.574707
vt -0.866699 0.696289
vt -0.830566 0.713867
vt -0.831543 0.718750
vt -0.865723 0.691895
vt 0.986328 0.222656
vt 0.978027 0.238770
vt 0.945313 0.236816
vt 0.954590 0.223145
vt 0.988770 0.207031
vt 0.890625 0.237793
vt 0.957520 0.206543
vt 0.893555 0.221191
vt 0.894043 0.207520
vt 0.546387 0.773926
vt 0.266113 0.773926
vt 0.545898 0.895996
vt 0.545410 0.957031
vt 0.620117 0.957031
vt 1.034668 0.957031
vt 1.039063 0.953125
vt 1.027344 0.953125
vt 1.026855 0.953125
vt 0.523438 0.232422
vt 0.525391 0.229981
vt 0.525391 0.187012
vt 0.515137 0.229981
vt 0.517090 0.232422
vt 0.517090 0.184570
vt 0.523438 0.184570
vt 0.515137 0.187012
vt 0.512207 0.267578
vt 0.513672 0.291992
vt 0.532715 0.305664
vt 0.556641 0.304199
vt 0.570801 0.287109
vt 0.550781 0.248535
vt 0.526856 0.249023
vt 0.569336 0.264160
vt 0.513184 0.269531
vt 0.514648 0.292481
vt 0.533203 0.306152
vt 0.556641 0.304688
vt 0.570313 0.288086
vt 0.550293 0.251465
vt 0.527344 0.251465
vt 0.568359 0.266602
vt -0.835449 0.902832
vt -0.835449 0.859863
vt -0.687988 0.859863
vt -0.687988 0.902832
vt -0.683106 0.854981
vt -0.625488 0.854981
vt -0.625488 0.902832
vt 0.929199 0.207031
vt 0.927246 0.222168
vt 0.921387 0.237305
vt -0.520996 0.769531
vt -0.531738 0.712402
vt -0.539063 0.712402
vt -0.528320 0.764648
vt -0.645508 0.643555
vt -0.646484 0.646484
vt -0.652832 0.643555
vt -0.589356 0.770508
vt -0.650391 0.648926
vt -0.589844 0.764160
vt -0.654297 0.649414
vt -0.874512 0.644043
vt -0.874512 0.649414
vt -0.876465 0.761719
vt -0.687500 0.766602
vt -0.866699 0.767090
vt -0.881348 0.768066
vt -0.685547 0.772949
vt -0.589356 0.824219
vt -0.520508 0.822754
vt -0.682617 0.825684
vt 0.307129 0.155762
vt 0.314941 0.150391
vt 0.322754 0.155762
vt 0.322754 0.145020
vt 0.307129 0.145020
vt -0.894043 0.827637
vt -0.897461 0.875000
vt -0.777344 0.825195
vt -0.779785 0.824707
vt -0.778809 0.876465
vt -0.887207 0.823731
vt -0.890625 0.748047
vt -0.856445 0.707031
vt -0.757324 0.818359
vt -0.752441 0.821777
vt -0.848633 0.707520
vt -0.845703 0.703125
vt -0.550781 0.703125
vt -0.548340 0.707520
vt -0.549805 0.794922
vt -0.596191 0.816406
vt -0.596191 0.821777
vt -0.549805 0.799805
vt -0.753906 0.875000
vt -0.594727 0.875000
vt -0.764160 0.832031
vt -0.764160 0.875000
vt -0.957520 0.875000
vt -0.957520 0.832031
vt -0.964844 0.875000
vt -0.964844 0.832031
vt 0.144043 0.944336
vt 0.062988 0.944336
vt 0.062988 0.983398
vt 0.144043 0.983398
vt 0.158203 0.944336
vt 0.158203 0.983398
vt 0.233887 0.944336
vt 0.233887 0.983398
vt 0.253906 0.944336
vt 0.253906 0.983398
vt 0.670898 0.944336
vt 0.670898 0.983398
vt 0.685547 0.944336
vt 0.685547 0.983398
vt 0.750488 0.944336
vt 0.750488 0.983398
vt 0.763672 0.944336
vt 0.763672 0.983398
vt 1.247070 0.876465
vt 1.249023 0.984863
vt 1.233887 0.984863
vt 1.293457 0.984863
vt 1.235352 0.876465
vt 1.295410 0.876465
vt 1.086914 0.984863
vt 1.085449 0.876465
vt 1.146973 0.984863
vt 1.084961 0.876465
vt 1.145020 0.876465
vt 1.133789 0.876465
vt 1.131836 0.984863
vt 0.379395 0.232910
vt 0.318359 0.232910
vt 0.318359 0.235352
vt 0.319824 0.232910
vt 0.373535 0.235352
vt 0.381348 0.232910
vt 0.318359 0.254883
vt 0.381348 0.235352
vt 0.373535 0.254883
vt 0.316895 0.235352
vt 0.316895 0.254883
vt 0.381348 0.254883
vt -0.557129 0.807617
vt -0.549805 0.853516
vt -0.586426 0.829102
vt -0.557129 0.853516
vt -0.586426 0.875000
vt 0.219238 0.150879
vt 0.224121 0.145508
vt 0.228027 0.146973
vt 0.228027 0.138184
vt 0.214356 0.145508
vt 0.224121 0.139648
vt 0.210449 0.146973
vt 0.219238 0.134277
vt 0.214356 0.139648
vt 0.210449 0.138184
vt 0.820801 -0.019531
vt 0.832520 -0.019531
vt 0.589356 -0.019531
vt 0.831055 -0.019531
vt 0.601074 -0.019531
vt 0.841797 -0.019531
vt 0.567383 -0.019531
vt 0.821777 -0.019531
vt 0.578125 -0.019531
vt 0.832031 -0.019531
vt 0.512695 -0.019531
vt 0.753418 -0.019531
vt 0.523438 -0.019531
vt 0.765137 -0.019531
vt 0.525391 -0.019531
vt 0.537109 -0.019531
vt 0.816895 0.001465
vt 0.825684 0.001465
vt 0.604981 0.001465
vt 0.816406 0.001465
vt 0.583496 0.001465
vt 0.749512 0.001465
vt 0.528809 0.001465
vt 0.541016 0.001465
vt 0.471191 1.009766
vt 0.613281 1.009766
vt 0.219238 1.000488
vt 0.339356 1.009766
vt 0.710938 1.009766
vt 0.222656 1.009766
vt 0.714844 1.000488
vt 0.732422 1.030762
vt 0.748535 1.046387
vt 0.148926 1.058594
vt 0.158203 1.062988
vt 0.710938 0.993652
vt 0.223633 0.993652
vt 0.722656 0.998535
vt 0.211426 0.998047
vt 0.759277 1.034668
vt 0.147461 1.050781
vt 0.142090 1.062012
vt 0.757324 1.042480
vt 0.764160 1.046387
vt 0.748535 1.073242
vt 0.764160 1.106445
vt 0.748535 1.090332
vt 0.757324 1.099609
vt 0.142090 1.106445
vt 0.158203 1.090332
vt 0.148926 1.099609
vt 0.214844 1.100586
vt 0.209473 1.103516
vt 0.234863 1.093262
vt 0.234863 0.878906
vt 1.353516 0.277344
vt 1.317871 0.287598
vt 1.318359 0.220703
vt 0.213379 0.937500
vt 0.214844 0.869629
vt 0.209961 0.868652
vt 0.209961 0.941406
vt 0.179199 0.941406
vt 0.179199 0.868652
vt 0.179199 1.103516
vt 1.355469 0.226074
vt 0.179199 1.127930
vt 0.566406 0.878418
vt 0.531738 0.863281
vt 0.524902 0.869629
vt 0.710938 0.862305
vt 0.564453 0.886719
vt 0.524902 0.983887
vt 0.713867 0.892578
vt 0.564941 0.983887
vt 0.641113 0.892090
vt 0.638184 0.900391
vt 0.637695 0.983887
vt 0.714844 0.900391
vt 0.715332 0.983887
vt 0.798828 0.892578
vt 0.804688 0.862305
vt 0.950684 0.862793
vt 0.798828 0.900879
vt 0.797852 0.936523
vt 0.796875 0.983887
vt 0.933594 0.937500
vt 0.947266 0.903809
vt 0.933594 0.983887
vt 0.950684 0.893555
vt 0.947266 0.983887
vt 0.955566 0.983887
vt 0.955566 0.900391
vt 1.062988 0.891602
vt 1.075684 0.892578
vt 1.080566 0.900391
vt 1.073730 0.900391
vt 1.080566 0.983887
vt 0.226563 0.182617
vt 0.227051 0.169922
vt 0.212402 0.183594
vt 0.210449 0.151367
vt 0.210449 0.188965
vt 0.219727 0.188965
vt 0.219727 0.151367
s 1
usemtl FED_Shuttle__Hull
f 1/1/1 2/2/1 3/3/1
f 4/4/2 5/5/2 6/6/2
f 7/7/3 8/3/3 9/2/3
f 10/2/4 11/8/4 12/7/4
f 13/9/5 14/10/5 15/11/5
f 16/12/6 17/13/6 18/14/6
f 19/15/7 20/16/7 21/17/7
f 22/17/8 23/18/8 24/15/8
f 25/19/9 26/20/9 27/21/9
f 28/21/10 29/22/10 30/19/10
f 31/23/11 32/15/11 33/18/11
f 34/2/12 35/1/12 36/3/12
f 37/6/13 38/5/13 39/4/13
f 40/7/14 41/8/14 42/2/14
f 43/2/15 44/3/15 45/7/15
f 46/10/16 47/9/16 48/11/16
f 49/13/17 50/12/17 51/14/17
f 52/15/18 53/18/18 54/17/18
f 55/17/19 56/16/19 57/15/19
f 58/19/20 59/22/20 60/21/20
f 61/21/21 62/20/21 63/19/21
f 64/18/22 65/15/22 66/23/22
f 67/24/23 68/25/23 69/26/23
f 70/27/24 71/28/24 72/29/24
f 73/30/25 74/31/25 75/32/25
f 76/33/26 77/34/26 78/35/26
f 79/2/27 80/4/27 81/36/27
f 81/36/27 82/8/27 79/2/27
f 83/6/28 84/37/29 85/38/30
f 85/38/30 86/39/31 83/6/28
f 87/40/32 88/41/32 89/42/32
f 89/42/32 90/43/32 87/40/32
f 91/44/33 92/44/34 93/45/35
f 93/45/35 94/45/36 91/44/33
f 95/46/37 96/47/37 97/48/38
f 97/48/38 98/49/39 95/46/37
f 99/50/40 100/51/40 101/52/40
f 101/52/40 102/53/40 99/50/40
f 103/54/41 104/55/41 105/51/41
f 105/51/41 106/50/41 103/54/41
f 107/56/42 108/57/42 109/55/42
f 109/55/42 110/54/42 107/56/42
f 111/53/43 112/52/43 113/57/44
f 113/57/44 114/56/45 111/53/43
f 115/58/46 116/59/46 117/60/46
f 117/60/46 118/61/46 115/58/46
f 119/59/47 120/58/47 121/62/48
f 121/62/48 122/63/49 119/59/47
f 123/64/50 124/59/51 122/63/49
f 122/63/49 125/65/52 123/64/50
f 124/59/51 123/64/50 126/66/53
f 126/66/53 127/60/54 124/59/51
f 128/67/55 123/64/50 125/65/52
f 125/65/52 129/68/56 128/67/55
f 127/60/54 126/66/53 130/69/57
f 130/69/57 131/70/58 127/60/54
f 132/71/59 130/69/57 126/66/53
f 131/70/58 133/72/60 134/61/60
f 134/61/60 135/60/60 131/70/58
f 126/66/53 136/73/61 132/71/59
f 136/73/61 126/66/53 123/64/50
f 137/74/62 132/71/59 136/73/61
f 138/75/63 136/73/61 123/64/50
f 136/73/61 138/75/63 137/74/62
f 123/64/50 128/67/55 138/75/63
f 129/68/56 137/74/62 138/75/63
f 138/75/63 128/67/55 129/68/56
f 139/62/64 140/63/64 141/63/64
f 141/63/64 142/62/64 139/62/64
f 143/58/65 144/59/66 145/63/65
f 145/63/65 146/62/65 143/58/65
f 147/61/67 148/60/67 149/59/67
f 149/59/67 150/58/67 147/61/67
f 151/72/68 152/70/69 153/60/68
f 153/60/68 154/61/69 151/72/68
f 155/72/70 156/70/70 157/70/70
f 157/70/70 158/72/70 155/72/70
f 159/76/71 160/77/71 161/78/71
f 161/78/71 162/79/71 159/76/71
f 163/76/72 164/79/72 165/78/72
f 165/78/72 166/77/72 163/76/72
f 167/80/73 168/81/73 169/82/74
f 169/82/74 170/83/74 167/80/73
f 171/84/75 172/85/76 173/86/77
f 173/86/77 174/87/77 171/84/75
f 175/88/78 176/89/79 177/90/80
f 177/90/80 178/91/80 175/88/78
f 179/92/81 180/93/82 181/94/83
f 181/94/83 182/95/84 179/92/81
f 183/96/80 184/97/80 185/98/78
f 185/98/78 186/99/78 183/96/80
f 187/100/83 188/101/85 189/102/86
f 189/102/86 190/103/86 187/100/83
f 191/104/78 192/105/78 193/106/79
f 193/106/79 194/107/79 191/104/78
f 195/108/83 196/109/87 197/110/83
f 197/110/83 198/111/83 195/108/83
f 199/80/88 200/83/89 201/82/90
f 201/82/90 202/81/88 199/80/88
f 203/84/91 204/87/92 205/86/92
f 205/86/92 206/85/91 203/84/91
f 207/88/93 208/91/94 209/90/94
f 209/90/94 210/89/95 207/88/93
f 211/92/96 212/95/97 213/94/98
f 213/94/98 214/93/96 211/92/96
f 215/96/99 216/99/100 217/98/101
f 217/98/101 218/97/94 215/96/99
f 219/100/98 220/103/102 221/102/102
f 221/102/102 222/101/103 219/100/98
f 223/104/95 224/107/93 225/106/104
f 225/106/104 226/105/95 223/104/95
f 227/108/98 228/111/98 229/110/98
f 229/110/98 230/109/103 227/108/98
f 231/112/71 232/113/71 233/114/71
f 233/114/71 234/115/71 231/112/71
f 235/116/72 236/117/105 237/118/72
f 237/118/72 238/119/106 235/116/72
f 239/18/107 240/120/108 241/23/108
f 241/23/108 240/120/108 242/18/109
f 243/121/110 244/122/111 245/123/112
f 245/123/112 246/124/113 243/121/110
f 247/125/114 248/126/115 249/127/116
f 249/127/116 250/128/117 247/125/114
f 251/129/118 252/130/103 253/131/103
f 253/131/103 254/132/103 251/129/118
f 255/133/119 256/134/120 257/135/121
f 257/135/121 258/136/122 255/133/119
f 259/137/123 260/138/124 261/139/112
f 261/139/112 262/140/125 259/137/123
f 263/141/126 264/142/113 265/143/113
f 265/143/113 266/144/127 263/141/126
f 267/145/128 268/146/129 269/147/116
f 269/147/116 270/148/130 267/145/128
f 271/2/131 272/8/131 273/36/131
f 273/36/131 274/4/131 271/2/131
f 275/6/132 276/39/133 277/38/134
f 277/38/134 278/37/135 275/6/132
f 279/40/136 280/43/136 281/42/136
f 281/42/136 282/41/136 279/40/136
f 283/44/137 284/45/138 285/45/139
f 285/45/139 286/44/140 283/44/137
f 287/46/141 288/49/142 289/48/143
f 289/48/143 290/47/141 287/46/141
f 291/50/144 292/53/145 293/52/144
f 293/52/144 294/51/144 291/50/144
f 295/54/146 296/50/146 297/51/146
f 297/51/146 298/55/146 295/54/146
f 299/56/147 300/54/147 301/55/147
f 301/55/147 302/57/147 299/56/147
f 303/53/148 304/56/149 305/57/149
f 305/57/149 306/52/149 303/53/148
f 307/58/46 308/61/46 309/60/46
f 309/60/46 310/59/46 307/58/46
f 311/62/47 312/58/48 313/59/47
f 313/59/47 314/63/150 311/62/47
f 315/64/151 316/65/152 314/63/153
f 314/63/153 317/59/154 315/64/151
f 316/65/152 315/64/151 318/67/155
f 318/67/155 319/68/156 316/65/152
f 319/68/156 318/67/155 320/75/157
f 320/75/157 318/67/155 315/64/151
f 320/75/157 321/74/158 319/68/156
f 322/66/159 315/64/151 317/59/154
f 321/74/158 320/75/157 323/73/160
f 315/64/151 323/73/160 320/75/157
f 322/66/159 323/73/160 315/64/151
f 323/73/160 324/71/161 321/74/158
f 324/71/161 323/73/160 322/66/159
f 317/59/154 325/60/162 322/66/159
f 322/66/159 326/69/163 324/71/161
f 326/69/163 322/66/159 325/60/162
f 325/60/162 327/70/164 326/69/163
f 327/70/164 328/60/60 329/61/60
f 329/61/60 330/72/60 327/70/164
f 331/62/64 332/62/64 333/63/64
f 333/63/64 334/63/64 331/62/64
f 335/58/66 336/62/66 337/63/65
f 337/63/65 338/59/65 335/58/66
f 339/61/67 340/58/67 341/59/67
f 341/59/67 342/60/67 339/61/67
f 343/72/68 344/61/69 345/60/69
f 345/60/69 346/70/68 343/72/68
f 347/72/70 348/72/70 349/70/70
f 349/70/70 350/70/70 347/72/70
f 351/76/72 352/79/72 353/78/72
f 353/78/72 354/77/72 351/76/72
f 355/76/71 356/77/71 357/78/71
f 357/78/71 358/79/71 355/76/71
f 359/80/165 360/83/166 361/82/167
f 361/82/167 362/81/165 359/80/165
f 363/84/168 364/87/169 365/86/170
f 365/86/170 366/85/168 363/84/168
f 367/88/171 368/91/172 369/90/172
f 369/90/172 370/89/171 367/88/171
f 371/92/173 372/95/174 373/94/174
f 373/94/174 374/93/175 371/92/173
f 375/96/176 376/99/171 377/98/177
f 377/98/177 378/97/176 375/96/176
f 379/100/174 380/103/178 381/102/178
f 381/102/178 382/101/179 379/100/174
f 383/104/171 384/107/171 385/106/171
f 385/106/171 386/105/171 383/104/171
f 387/108/174 388/111/174 389/110/174
f 389/110/174 390/109/174 387/108/174
f 391/80/180 392/81/180 393/82/181
f 393/82/181 394/83/182 391/80/180
f 395/84/183 396/85/184 397/86/185
f 397/86/185 398/87/186 395/84/183
f 399/88/187 400/89/188 401/90/189
f 401/90/189 402/91/190 399/88/187
f 403/92/191 404/93/191 405/94/192
f 405/94/192 406/95/192 403/92/191
f 407/96/190 408/97/190 409/98/188
f 409/98/188 410/99/188 407/96/190
f 411/100/192 412/101/193 413/102/194
f 413/102/194 414/103/194 411/100/192
f 415/104/188 416/105/188 417/106/188
f 417/106/188 418/107/188 415/104/188
f 419/108/192 420/109/192 421/110/193
f 421/110/193 422/111/192 419/108/192
f 423/112/72 424/115/72 425/114/72
f 425/114/72 426/113/72 423/112/72
f 427/116/71 428/119/71 429/118/71
f 429/118/71 430/117/71 427/116/71
f 431/121/195 432/124/196 433/123/112
f 433/123/112 434/122/197 431/121/195
f 435/125/198 436/128/199 437/127/200
f 437/127/200 438/126/201 435/125/198
f 439/129/192 440/132/192 441/131/192
f 441/131/192 442/130/192 439/129/192
f 443/133/202 444/136/203 445/135/204
f 445/135/204 446/134/205 443/133/202
f 447/137/206 448/140/207 449/139/112
f 449/139/112 450/138/124 447/137/206
f 451/141/208 452/144/209 453/143/210
f 453/143/210 454/142/113 451/141/208
f 455/145/211 456/148/212 457/147/200
f 457/147/200 458/146/213 455/145/211
f 459/149/214 460/149/214 461/150/214
f 461/150/214 462/150/214 459/149/214
f 463/150/215 464/150/215 465/149/215
f 465/149/215 466/149/215 463/150/215
f 467/151/216 468/151/216 469/152/216
f 469/152/216 470/152/216 467/151/216
f 471/153/217 472/153/217 473/151/217
f 473/151/217 474/151/218 471/153/217
f 475/152/219 476/152/219 477/153/219
f 477/153/219 478/153/219 475/152/219
f 479/152/216 480/152/216 481/151/216
f 481/151/216 482/151/216 479/152/216
f 483/151/217 484/151/217 485/153/217
f 485/153/217 486/153/217 483/151/217
f 487/153/219 488/153/219 489/152/219
f 489/152/219 490/152/219 487/153/219
f 491/154/220 492/155/220 493/156/220
f 493/156/220 494/157/220 491/154/220
f 495/157/221 496/156/221 497/155/221
f 497/155/221 498/154/221 495/157/221
f 499/158/71 500/159/71 501/160/71
f 501/160/71 502/161/71 499/158/71
f 503/162/72 504/163/72 505/164/72
f 505/164/72 506/165/72 503/162/72
f 507/33/46 508/27/46 509/26/46
f 509/26/46 510/32/46 507/33/46
f 511/166/70 512/167/70 513/168/70
f 513/168/70 514/169/70 511/166/70
f 515/170/64 516/171/64 517/172/64
f 517/172/64 518/173/64 515/170/64
f 519/172/222 520/171/222 521/160/222
f 521/160/222 522/159/222 519/172/222
f 523/168/223 524/167/223 525/158/223
f 525/158/223 526/161/223 523/168/223
f 527/26/224 528/27/224 529/29/224
f 529/29/224 530/24/224 527/26/224
f 531/33/225 532/32/225 533/31/225
f 533/31/225 534/34/225 531/33/225
f 535/166/226 536/169/226 537/163/226
f 537/163/226 538/162/226 535/166/226
f 539/170/227 540/173/227 541/165/227
f 541/165/227 542/164/227 539/170/227
f 543/35/228 544/28/228 545/27/228
f 545/27/228 546/33/228 543/35/228
f 547/25/229 548/30/229 549/32/229
f 549/32/229 550/26/229 547/25/229
f 551/20/230 552/19/231 553/16/232
f 553/16/232 554/15/233 551/20/230
f 555/174/234 551/20/230 554/15/233
f 554/15/233 556/23/235 555/174/234
f 555/174/234 556/23/235 557/15/236
f 557/15/236 558/20/237 555/174/234
f 558/20/237 557/15/236 559/16/238
f 559/16/238 560/19/239 558/20/237
f 561/175/240 562/42/241 563/41/242
f 563/41/242 564/176/243 561/175/240
f 565/177/244 561/175/240 564/176/243
f 564/176/243 566/178/245 565/177/244
f 567/179/246 565/177/244 566/178/245
f 566/178/245 568/180/247 567/179/246
f 569/181/248 570/182/249 571/183/250
f 571/183/250 572/184/251 569/181/248
f 572/184/251 571/183/250 573/40/252
f 573/40/252 574/43/253 572/184/251
f 575/185/254 576/186/255 577/187/256
f 577/187/256 578/188/257 575/185/254
f 578/188/257 577/187/256 579/189/258
f 579/189/258 580/190/259 578/188/257
f 581/191/260 580/190/259 579/189/258
f 579/189/258 582/192/261 581/191/260
f 581/191/260 582/192/261 583/189/262
f 583/189/262 584/190/263 581/191/260
f 585/188/264 584/190/263 583/189/262
f 583/189/262 586/187/265 585/188/264
f 587/185/266 585/188/264 586/187/265
f 586/187/265 588/186/267 587/185/266
f 589/45/268 590/45/269 591/193/270
f 591/193/270 592/194/271 589/45/268
f 592/194/271 591/193/270 593/195/272
f 593/195/272 594/195/273 592/194/271
f 594/195/273 593/195/272 595/196/274
f 595/196/274 596/197/274 594/195/273
f 597/195/275 596/197/274 595/196/274
f 595/196/274 598/195/276 597/195/275
f 599/194/277 597/195/275 598/195/276
f 598/195/276 600/193/278 599/194/277
f 601/45/279 599/194/277 600/193/278
f 600/193/278 602/45/280 601/45/279
f 603/44/281 604/44/282 605/198/283
f 605/198/283 606/199/284 603/44/281
f 606/199/284 605/198/283 607/200/285
f 607/200/285 608/200/286 606/199/284
f 609/201/287 608/200/286 607/200/285
f 607/200/285 610/202/288 609/201/287
f 609/201/287 610/202/288 611/200/289
f 611/200/289 612/200/290 609/201/287
f 613/199/291 612/200/290 611/200/289
f 611/200/289 614/198/292 613/199/291
f 615/44/293 613/199/291 614/198/292
f 614/198/292 616/44/294 615/44/293
f 617/203/295 618/204/296 619/205/297
f 619/205/297 620/206/298 617/203/295
f 620/206/298 619/205/297 621/207/299
f 621/207/299 622/208/299 620/206/298
f 623/208/300 624/207/300 625/209/301
f 625/209/301 626/210/302 623/208/300
f 626/210/302 625/209/301 627/211/303
f 627/211/303 628/212/303 626/210/302
f 629/212/304 630/211/305 631/213/306
f 631/213/306 632/206/306 629/212/304
f 632/206/306 631/213/306 633/204/307
f 633/204/307 634/203/307 632/206/306
f 635/203/308 636/204/308 637/214/309
f 637/214/309 638/215/310 635/203/308
f 638/215/310 637/214/309 639/204/311
f 639/204/311 640/203/311 638/215/310
f 641/216/312 642/217/312 643/218/313
f 643/218/313 644/219/313 641/216/312
f 644/219/313 643/218/313 645/220/314
f 645/220/314 646/221/314 644/219/313
f 647/221/315 648/220/315 649/222/316
f 649/222/316 650/223/316 647/221/315
f 650/223/316 649/222/316 651/220/317
f 651/220/317 652/221/317 650/223/316
f 653/221/318 654/220/319 655/218/320
f 655/218/320 656/224/306 653/221/318
f 656/224/306 655/218/320 657/217/321
f 657/217/321 658/225/322 656/224/306
f 659/225/323 660/217/324 661/226/325
f 661/226/325 662/227/326 659/225/323
f 662/227/326 661/226/325 663/217/327
f 663/217/327 664/216/327 662/227/326
f 665/6/328 666/228/328 667/4/329
f 668/36/330 667/4/329 666/228/328
f 666/228/328 669/229/331 668/36/330
f 670/230/332 671/231/333 672/232/334
f 670/230/332 672/232/334 673/233/335
f 670/230/332 673/233/335 674/234/336
f 675/235/337 674/234/336 673/233/335
f 675/235/337 676/236/338 674/234/336
f 676/236/338 677/237/339 674/234/336
f 677/237/339 678/238/339 674/234/336
f 678/238/339 679/239/339 674/234/336
f 679/239/339 680/240/340 674/234/336
f 681/241/341 682/242/342 683/243/343
f 683/243/343 684/244/344 681/241/341
f 685/245/345 681/241/341 684/244/344
f 684/244/344 686/246/346 685/245/345
f 687/81/347 688/80/348 689/247/349
f 689/247/349 690/248/350 687/81/347
f 690/248/350 689/247/349 691/87/351
f 691/87/351 692/86/352 690/248/350
f 693/85/353 694/84/354 695/249/355
f 695/249/355 696/250/356 693/85/353
f 696/250/356 695/249/355 697/83/357
f 697/83/357 698/82/358 696/250/356
f 699/251/359 700/252/360 701/253/361
f 701/253/361 702/254/362 699/251/359
f 702/254/362 701/253/361 703/255/345
f 703/255/345 704/256/363 702/254/362
f 705/257/342 706/258/342 707/259/364
f 707/259/364 708/260/38 705/257/342
f 708/260/38 707/259/364 709/261/365
f 709/261/365 710/262/365 708/260/38
f 711/91/366 712/90/367 713/263/368
f 713/263/368 714/264/369 711/91/366
f 714/264/369 713/263/368 715/93/370
f 715/93/370 716/92/371 714/264/369
f 717/89/372 718/88/373 719/265/374
f 719/265/374 720/266/374 717/89/372
f 720/266/374 719/265/374 721/95/375
f 721/95/375 722/94/375 720/266/374
f 723/267/376 724/268/377 725/269/378
f 725/269/378 726/270/379 723/267/376
f 726/270/379 725/269/378 727/271/380
f 727/271/380 728/272/381 726/270/379
f 729/273/382 730/274/383 731/275/384
f 731/275/384 732/276/385 729/273/382
f 732/276/385 731/275/384 733/277/386
f 733/277/386 734/278/387 732/276/385
f 734/278/387 733/277/386 735/272/388
f 735/272/388 736/271/389 734/278/387
f 737/274/390 738/273/391 739/279/392
f 739/279/392 740/280/393 737/274/390
f 740/280/393 739/279/392 741/281/394
f 741/281/394 742/282/394 740/280/393
f 743/282/395 744/281/396 745/283/397
f 745/283/397 746/284/398 743/282/395
f 746/284/398 745/283/397 747/285/399
f 747/285/399 748/286/400 746/284/398
f 748/286/400 747/285/399 749/268/401
f 749/268/401 750/267/402 748/286/400
f 751/97/403 752/96/404 753/287/405
f 753/287/405 754/288/406 751/97/403
f 754/288/406 753/287/405 755/103/407
f 755/103/407 756/102/408 754/288/406
f 757/101/409 758/100/410 759/289/411
f 759/289/411 760/290/411 757/101/409
f 760/290/411 759/289/411 761/99/412
f 761/99/412 762/98/412 760/290/411
f 763/105/413 764/104/413 765/291/414
f 765/291/414 766/292/414 763/105/413
f 766/292/414 765/291/414 767/111/415
f 767/111/415 768/110/415 766/292/414
f 769/109/416 770/108/417 771/293/418
f 771/293/418 772/294/418 769/109/416
f 772/294/418 771/293/418 773/107/419
f 773/107/419 774/106/419 772/294/418
f 775/232/420 776/231/421 777/230/422
f 778/233/423 775/232/420 777/230/422
f 778/233/423 777/230/422 779/234/424
f 779/234/424 780/236/425 778/233/423
f 779/234/424 781/237/426 780/236/425
f 779/234/424 782/238/426 781/237/426
f 779/234/424 783/239/426 782/238/426
f 779/234/424 784/240/427 783/239/426
f 785/243/428 786/242/429 787/241/430
f 787/241/430 788/244/431 785/243/428
f 788/244/431 787/241/430 789/245/432
f 789/245/432 790/246/41 788/244/431
f 791/247/433 792/80/434 793/81/435
f 793/81/435 794/248/436 791/247/433
f 795/87/437 791/247/433 794/248/436
f 794/248/436 796/86/438 795/87/437
f 797/249/439 798/84/440 799/85/441
f 799/85/441 800/250/442 797/249/439
f 801/83/443 797/249/439 800/250/442
f 800/250/442 802/82/444 801/83/443
f 803/253/445 804/252/446 805/251/428
f 805/251/428 806/254/447 803/253/445
f 807/255/432 803/253/445 806/254/447
f 806/254/447 808/256/448 807/255/432
f 809/259/449 810/258/450 811/257/429
f 811/257/429 812/260/451 809/259/449
f 813/261/432 809/259/449 812/260/451
f 812/260/451 814/262/452 813/261/432
f 815/267/453 816/284/454 817/295/455
f 817/295/455 818/296/456 815/267/453
f 819/270/457 815/267/453 818/296/456
f 818/296/456 820/297/458 819/270/457
f 821/272/459 819/270/457 820/297/458
f 820/297/458 818/296/456 822/90/460
f 823/89/428 822/90/460 818/296/456
f 822/90/460 824/263/461 820/297/458
f 818/296/456 825/298/462 823/89/428
f 826/299/463 820/297/458 824/263/461
f 820/297/458 826/299/463 821/272/459
f 827/275/464 821/272/459 826/299/463
f 826/299/463 828/300/465 827/275/464
f 824/263/461 829/93/466 826/299/463
f 830/301/467 826/299/463 829/93/466
f 829/93/466 831/94/468 830/301/467
f 832/266/445 823/89/428 825/298/462
f 831/94/468 832/266/445 833/302/445
f 825/298/462 833/302/445 832/266/445
f 833/302/445 830/301/467 831/94/468
f 833/302/445 825/298/462 834/106/428
f 835/105/428 834/106/428 825/298/462
f 834/106/428 836/294/430 833/302/445
f 830/301/467 833/302/445 836/294/430
f 825/298/462 837/303/462 835/105/428
f 836/294/430 838/109/467 830/301/467
f 839/292/430 835/105/428 837/303/462
f 840/304/469 830/301/467 838/109/467
f 838/109/467 841/110/467 840/304/469
f 837/303/462 842/305/470 839/292/430
f 841/110/467 839/292/430 842/305/470
f 842/305/470 840/304/469 841/110/467
f 842/305/470 837/303/462 843/306/462
f 840/304/469 842/305/470 844/307/445
f 843/306/462 844/307/445 842/305/470
f 844/307/445 845/308/468 840/304/469
f 844/307/445 843/306/462 846/98/428
f 847/97/471 846/98/428 843/306/462
f 846/98/428 848/290/430 844/307/445
f 845/308/468 844/307/445 848/290/430
f 843/306/462 849/309/472 847/97/471
f 848/290/430 850/101/467 845/308/468
f 851/288/473 847/97/471 849/309/472
f 852/310/474 845/308/468 850/101/467
f 850/101/467 853/102/475 852/310/474
f 853/102/475 851/288/473 854/311/476
f 854/311/476 852/310/474 853/102/475
f 849/309/472 854/311/476 851/288/473
f 852/310/474 854/311/476 855/250/477
f 856/82/478 855/250/477 854/311/476
f 854/311/476 849/309/472 856/82/478
f 855/250/477 857/85/479 852/310/474
f 858/81/480 856/82/478 849/309/472
f 859/312/481 852/310/474 857/85/479
f 849/309/472 860/313/482 858/81/480
f 857/85/479 861/86/483 859/312/481
f 862/248/484 858/81/480 860/313/482
f 861/86/483 862/248/484 863/314/485
f 860/313/482 863/314/485 862/248/484
f 863/314/485 859/312/481 861/86/483
f 863/314/485 860/313/482 864/315/422
f 859/312/481 863/314/485 865/314/486
f 864/315/422 865/314/486 863/314/485
f 865/314/486 864/315/422 866/316/421
f 865/314/486 867/312/487 859/312/481
f 866/316/421 868/317/488 865/314/486
f 867/312/487 865/314/486 868/317/488
f 868/317/488 869/300/489 867/312/487
f 870/263/490 871/90/491 872/91/492
f 872/91/492 873/264/493 870/263/490
f 874/93/494 870/263/490 873/264/493
f 873/264/493 875/92/495 874/93/494
f 876/265/496 877/88/497 878/89/498
f 878/89/498 879/266/499 876/265/496
f 880/95/500 876/265/496 879/266/499
f 879/266/499 881/94/501 880/95/500
f 882/284/502 883/267/503 884/268/503
f 884/268/503 885/283/504 882/284/502
f 886/282/505 882/284/502 885/283/504
f 885/283/504 887/281/506 886/282/505
f 888/269/507 889/268/508 890/267/509
f 890/267/509 891/270/510 888/269/507
f 892/271/511 888/269/507 891/270/510
f 891/270/510 893/272/512 892/271/511
f 894/276/513 895/271/514 896/272/515
f 896/272/515 897/275/516 894/276/513
f 898/273/517 894/276/513 897/275/516
f 897/275/516 899/274/518 898/273/517
f 900/279/519 901/273/520 902/274/521
f 902/274/521 903/280/522 900/279/519
f 904/281/394 900/279/519 903/280/522
f 903/280/522 905/282/394 904/281/394
f 906/287/523 907/96/524 908/97/525
f 908/97/525 909/288/526 906/287/523
f 910/103/527 906/287/523 909/288/526
f 909/288/526 911/102/528 910/103/527
f 912/289/529 913/100/530 914/101/530
f 914/101/530 915/290/531 912/289/529
f 916/99/532 912/289/529 915/290/531
f 915/290/531 917/98/532 916/99/532
f 918/291/533 919/104/534 920/105/535
f 920/105/535 921/292/533 918/291/533
f 922/111/536 918/291/533 921/292/533
f 921/292/533 923/110/536 922/111/536
f 924/293/537 925/108/538 926/109/538
f 926/109/538 927/294/537 924/293/537
f 928/107/539 924/293/537 927/294/537
f 927/294/537 929/106/540 928/107/539
f 930/318/541 931/319/541 932/320/541
f 932/320/541 933/321/541 930/318/541
f 933/321/542 934/321/541 935/322/541
f 935/322/541 936/322/541 933/321/542
f 936/322/541 935/322/541 937/321/541
f 937/321/541 938/321/541 936/322/541
f 938/321/541 939/320/541 940/319/541
f 940/319/541 941/318/541 938/321/541
f 941/318/541 942/318/541 943/323/541
f 943/323/541 944/323/541 941/318/541
f 944/323/541 943/323/541 945/318/541
f 945/318/541 930/318/541 944/323/541
f 946/113/543 947/112/543 948/324/543
f 948/324/543 949/325/543 946/113/543
f 949/325/543 948/324/543 950/119/543
f 950/119/543 951/118/543 949/325/543
f 952/117/544 953/116/544 954/326/544
f 954/326/544 955/327/544 952/117/544
f 955/327/544 954/326/544 956/115/544
f 956/115/544 957/114/544 955/327/544
f 958/295/545 959/284/546 960/286/547
f 960/286/547 961/328/548 958/295/545
f 961/328/548 960/286/547 962/267/549
f 962/267/549 963/296/550 961/328/548
f 963/296/550 962/267/549 964/270/551
f 964/270/551 965/297/552 963/296/550
f 965/297/552 964/270/551 966/272/553
f 967/90/554 963/296/550 965/297/552
f 963/296/550 967/90/554 968/89/554
f 965/297/552 969/263/555 967/90/554
f 968/89/554 970/298/556 963/296/550
f 969/263/555 965/297/552 971/299/557
f 966/272/553 971/299/557 965/297/552
f 971/299/557 972/93/558 969/263/555
f 970/298/556 968/89/554 973/266/559
f 974/329/560 971/299/557 966/272/553
f 966/272/553 975/277/561 974/329/560
f 974/329/560 975/277/561 976/275/562
f 976/275/562 977/300/563 974/329/560
f 972/93/558 971/299/557 978/301/564
f 978/301/564 979/94/564 972/93/558
f 980/302/559 973/266/559 979/94/564
f 979/94/564 978/301/564 980/302/559
f 973/266/559 980/302/559 970/298/556
f 981/294/559 980/302/559 978/301/564
f 980/302/559 981/294/559 982/106/554
f 982/106/554 970/298/556 980/302/559
f 978/301/564 983/109/565 981/294/559
f 970/298/556 982/106/554 984/105/359
f 983/109/565 978/301/564 985/304/565
f 984/105/359 986/303/556 970/298/556
f 985/304/565 987/110/566 983/109/565
f 986/303/556 984/105/359 988/292/559
f 989/305/559 988/292/559 987/110/566
f 988/292/559 989/305/559 986/303/556
f 987/110/566 985/304/565 989/305/559
f 990/306/556 986/303/556 989/305/559
f 991/307/559 989/305/559 985/304/565
f 989/305/559 991/307/559 990/306/556
f 985/304/565 992/308/565 991/307/559
f 993/98/554 990/306/556 991/307/559
f 991/307/559 994/290/559 993/98/554
f 994/290/559 991/307/559 992/308/565
f 990/306/556 993/98/554 995/97/567
f 992/308/565 996/101/564 994/290/559
f 995/97/567 997/309/568 990/306/556
f 996/101/564 992/308/565 998/310/569
f 997/309/568 995/97/567 999/288/570
f 998/310/569 1000/102/571 996/101/564
f 1001/311/572 999/288/570 1000/102/571
f 1000/102/571 998/310/569 1001/311/572
f 999/288/570 1001/311/572 997/309/568
f 1002/250/573 1001/311/572 998/310/569
f 1001/311/572 1002/250/573 1003/82/574
f 1003/82/574 997/309/568 1001/311/572
f 998/310/569 1004/85/575 1002/250/573
f 997/309/568 1003/82/574 1005/81/576
f 1004/85/575 998/310/569 1006/312/577
f 1005/81/576 1007/313/578 997/309/568
f 1006/312/577 1008/86/579 1004/85/575
f 1007/313/578 1005/81/576 1009/248/580
f 1010/314/581 1009/248/580 1008/86/579
f 1009/248/580 1010/314/581 1007/313/578
f 1008/86/579 1006/312/577 1010/314/581
f 1011/315/332 1007/313/578 1010/314/581
f 1012/314/582 1010/314/581 1006/312/577
f 1010/314/581 1012/314/582 1011/315/332
f 1013/316/583 1011/315/332 1012/314/582
f 1006/312/577 1014/312/584 1012/314/582
f 1012/314/582 1015/317/585 1013/316/583
f 1015/317/585 1012/314/582 1014/312/584
f 1014/312/584 1016/300/586 1015/317/585
f 1017/330/587 1018/331/588 1019/332/113
f 1019/332/113 1020/333/589 1017/330/587
f 1021/334/590 1017/330/587 1020/333/589
f 1020/333/589 1022/335/591 1021/334/590
f 1023/336/592 1024/337/593 1025/338/593
f 1025/338/593 1026/339/594 1023/336/592
f 1026/339/594 1025/338/593 1027/340/595
f 1027/340/595 1028/341/596 1026/339/594
f 1028/341/596 1027/340/595 1029/342/597
f 1029/342/597 1030/343/97 1028/341/596
f 1031/344/598 1030/343/97 1029/342/597
f 1029/342/597 1032/345/599 1031/344/598
f 1031/344/598 1032/345/599 1033/346/600
f 1033/346/600 1034/347/601 1031/344/598
f 1034/347/601 1033/346/600 1035/348/46
f 1035/348/46 1036/349/46 1034/347/601
f 1037/347/602 1036/349/46 1035/348/46
f 1035/348/46 1038/346/603 1037/347/602
f 1039/344/604 1037/347/602 1038/346/603
f 1038/346/603 1040/345/605 1039/344/604
f 1039/344/604 1040/345/605 1041/342/606
f 1041/342/606 1042/343/607 1039/344/604
f 1043/341/608 1042/343/607 1041/342/606
f 1041/342/606 1044/340/609 1043/341/608
f 1045/339/610 1043/341/608 1044/340/609
f 1044/340/609 1046/338/611 1045/339/610
f 1047/336/612 1045/339/610 1046/338/611
f 1046/338/611 1048/337/613 1047/336/612
f 1049/350/614 1050/351/590 1051/352/615
f 1051/352/615 1052/353/616 1049/350/614
f 1053/354/617 1049/350/614 1052/353/616
f 1052/353/616 1054/355/618 1053/354/617
f 1053/354/617 1054/355/618 1055/356/619
f 1055/356/619 1056/357/126 1053/354/617
f 1057/358/111 1056/357/126 1055/356/619
f 1055/356/619 1058/359/620 1057/358/111
f 1057/358/111 1058/359/620 1059/360/621
f 1059/360/621 1060/361/622 1057/358/111
f 1061/362/623 1060/361/622 1059/360/621
f 1059/360/621 1062/363/67 1061/362/623
f 1061/362/623 1062/363/67 1063/360/624
f 1063/360/624 1064/361/625 1061/362/623
f 1065/358/626 1064/361/625 1063/360/624
f 1063/360/624 1066/359/627 1065/358/626
f 1065/358/626 1066/359/627 1067/356/628
f 1067/356/628 1068/357/195 1065/358/626
f 1069/354/629 1068/357/195 1067/356/628
f 1067/356/628 1070/355/630 1069/354/629
f 1069/354/629 1070/355/630 1071/353/631
f 1071/353/631 1072/350/632 1069/354/629
f 1072/350/632 1071/353/631 1073/352/633
f 1073/352/633 1074/351/634 1072/350/632
f 1075/364/635 1076/365/636 1077/366/636
f 1077/366/636 1078/367/635 1075/364/635
f 1079/368/46 1075/364/635 1078/367/635
f 1078/367/635 1080/369/46 1079/368/46
f 1079/368/46 1080/369/46 1081/367/637
f 1081/367/637 1082/364/637 1079/368/46
f 1082/364/637 1081/367/637 1083/366/638
f 1083/366/638 1084/365/639 1082/364/637
f 1085/370/640 1086/371/641 1087/372/642
f 1088/373/643 1086/371/641 1085/370/640
f 1085/370/640 1089/374/643 1088/373/643
f 1088/373/643 1089/374/643 1090/370/644
f 1090/370/644 1091/371/645 1088/373/643
f 1091/371/645 1090/370/644 1092/372/646
f 1093/372/647 1094/371/648 1095/370/649
f 1096/374/650 1095/370/649 1094/371/648
f 1094/371/648 1097/373/650 1096/374/650
f 1096/374/650 1097/373/650 1098/371/651
f 1098/371/651 1099/370/652 1096/374/650
f 1098/371/651 1100/372/653 1099/370/652
f 1101/364/654 1102/365/655 1103/366/655
f 1103/366/655 1104/367/656 1101/364/654
f 1105/368/657 1101/364/654 1104/367/656
f 1104/367/656 1106/369/657 1105/368/657
f 1105/368/657 1106/369/657 1107/367/658
f 1107/367/658 1108/364/658 1105/368/657
f 1108/364/658 1107/367/658 1109/366/659
f 1109/366/659 1110/365/660 1108/364/658
f 1111/370/661 1112/371/662 1113/372/663
f 1114/373/664 1112/371/662 1111/370/661
f 1111/370/661 1115/374/664 1114/373/664
f 1114/373/664 1115/374/664 1116/370/665
f 1116/370/665 1117/371/666 1114/373/664
f 1117/371/666 1116/370/665 1118/372/667
f 1119/372/668 1120/371/669 1121/370/670
f 1122/374/671 1121/370/670 1120/371/669
f 1120/371/669 1123/373/671 1122/374/671
f 1122/374/671 1123/373/671 1124/371/672
f 1124/371/672 1125/370/673 1122/374/671
f 1124/371/672 1126/372/674 1125/370/673
f 1127/41/675 1128/42/676 1129/175/677
f 1129/175/677 1130/176/678 1127/41/675
f 1130/176/678 1129/175/677 1131/177/679
f 1131/177/679 1132/178/680 1130/176/678
f 1132/178/680 1131/177/679 1133/179/681
f 1133/179/681 1134/180/682 1132/178/680
f 1135/183/683 1136/182/684 1137/181/685
f 1137/181/685 1138/184/686 1135/183/683
f 1139/40/687 1135/183/683 1138/184/686
f 1138/184/686 1140/43/688 1139/40/687
f 1141/205/689 1142/204/690 1143/203/690
f 1143/203/690 1144/206/691 1141/205/689
f 1145/207/692 1141/205/689 1144/206/691
f 1144/206/691 1146/208/693 1145/207/692
f 1147/209/694 1148/207/695 1149/208/696
f 1149/208/696 1150/210/697 1147/209/694
f 1151/211/698 1147/209/694 1150/210/697
f 1150/210/697 1152/212/698 1151/211/698
f 1153/213/699 1154/211/700 1155/212/700
f 1155/212/700 1156/206/699 1153/213/699
f 1157/204/701 1153/213/699 1156/206/699
f 1156/206/699 1158/203/701 1157/204/701
f 1159/214/702 1160/204/703 1161/203/703
f 1161/203/703 1162/215/702 1159/214/702
f 1163/204/704 1159/214/702 1162/215/702
f 1162/215/702 1164/203/704 1163/204/704
f 1165/218/705 1166/217/706 1167/216/706
f 1167/216/706 1168/219/705 1165/218/705
f 1169/220/707 1165/218/705 1168/219/705
f 1168/219/705 1170/221/707 1169/220/707
f 1171/222/708 1172/220/709 1173/221/710
f 1173/221/710 1174/223/708 1171/222/708
f 1175/220/711 1171/222/708 1174/223/708
f 1174/223/708 1176/221/711 1175/220/711
f 1177/218/699 1178/220/712 1179/221/713
f 1179/221/713 1180/224/699 1177/218/699
f 1181/217/714 1177/218/699 1180/224/699
f 1180/224/699 1182/225/714 1181/217/714
f 1183/226/715 1184/217/716 1185/225/716
f 1185/225/716 1186/227/717 1183/226/715
f 1187/217/718 1183/226/715 1186/227/717
f 1186/227/717 1188/216/719 1187/217/718
f 1189/4/720 1190/228/721 1191/6/720
f 1190/228/721 1189/4/720 1192/36/722
f 1192/36/722 1193/229/722 1190/228/721
f 1194/232/723 1195/231/724 1196/230/725
f 1197/233/726 1194/232/723 1196/230/725
f 1197/233/726 1196/230/725 1198/234/727
f 1198/234/727 1199/235/728 1197/233/726
f 1198/234/727 1200/236/729 1199/235/728
f 1198/234/727 1201/237/730 1200/236/729
f 1198/234/727 1202/238/730 1201/237/730
f 1198/234/727 1203/239/730 1202/238/730
f 1198/234/727 1204/240/731 1203/239/730
f 1205/243/732 1206/242/733 1207/241/734
f 1207/241/734 1208/244/735 1205/243/732
f 1208/244/735 1207/241/734 1209/245/736
f 1209/245/736 1210/246/737 1208/244/735
f 1211/247/738 1212/80/739 1213/81/740
f 1213/81/740 1214/248/741 1211/247/738
f 1215/87/742 1211/247/738 1214/248/741
f 1214/248/741 1216/86/743 1215/87/742
f 1217/249/744 1218/84/745 1219/85/746
f 1219/85/746 1220/250/747 1217/249/744
f 1221/83/748 1217/249/744 1220/250/747
f 1220/250/747 1222/82/749 1221/83/748
f 1223/253/734 1224/252/733 1225/251/732
f 1225/251/732 1226/254/750 1223/253/734
f 1227/255/736 1223/253/734 1226/254/750
f 1226/254/750 1228/256/751 1227/255/736
f 1229/259/752 1230/258/733 1231/257/733
f 1231/257/733 1232/260/753 1229/259/752
f 1233/261/754 1229/259/752 1232/260/753
f 1232/260/753 1234/262/754 1233/261/754
f 1235/263/755 1236/90/756 1237/91/757
f 1237/91/757 1238/264/758 1235/263/755
f 1239/93/759 1235/263/755 1238/264/758
f 1238/264/758 1240/92/760 1239/93/759
f 1241/265/761 1242/88/762 1243/89/762
f 1243/89/762 1244/266/761 1241/265/761
f 1245/95/763 1241/265/761 1244/266/761
f 1244/266/761 1246/94/764 1245/95/763
f 1247/269/765 1248/268/766 1249/267/767
f 1249/267/767 1250/270/768 1247/269/765
f 1251/271/769 1247/269/765 1250/270/768
f 1250/270/768 1252/272/770 1251/271/769
f 1253/275/771 1254/274/383 1255/273/772
f 1255/273/772 1256/276/773 1253/275/771
f 1257/277/774 1253/275/771 1256/276/773
f 1256/276/773 1258/278/775 1257/277/774
f 1259/272/776 1257/277/774 1258/278/775
f 1258/278/775 1260/271/777 1259/272/776
f 1261/279/778 1262/273/779 1263/274/780
f 1263/274/780 1264/280/781 1261/279/778
f 1265/281/782 1261/279/778 1264/280/781
f 1264/280/781 1266/282/782 1265/281/782
f 1267/283/783 1268/281/784 1269/282/785
f 1269/282/785 1270/284/786 1267/283/783
f 1271/285/787 1267/283/783 1270/284/786
f 1270/284/786 1272/286/788 1271/285/787
f 1273/268/789 1271/285/787 1272/286/788
f 1272/286/788 1274/267/790 1273/268/789
f 1275/287/791 1276/96/792 1277/97/793
f 1277/97/793 1278/288/794 1275/287/791
f 1279/103/795 1275/287/791 1278/288/794
f 1278/288/794 1280/102/796 1279/103/795
f 1281/289/797 1282/100/798 1283/101/799
f 1283/101/799 1284/290/797 1281/289/797
f 1285/99/800 1281/289/797 1284/290/797
f 1284/290/797 1286/98/800 1285/99/800
f 1287/291/801 1288/104/802 1289/105/802
f 1289/105/802 1290/292/801 1287/291/801
f 1291/111/803 1287/291/801 1290/292/801
f 1290/292/801 1292/110/803 1291/111/803
f 1293/293/804 1294/108/805 1295/109/806
f 1295/109/806 1296/294/804 1293/293/804
f 1297/107/807 1293/293/804 1296/294/804
f 1296/294/804 1298/106/807 1297/107/807
f 1299/230/808 1300/231/809 1301/232/810
f 1299/230/808 1301/232/810 1302/233/811
f 1299/230/808 1302/233/811 1303/234/812
f 1304/236/813 1303/234/812 1302/233/811
f 1304/236/813 1305/237/814 1303/234/812
f 1305/237/814 1306/238/814 1303/234/812
f 1306/238/814 1307/239/814 1303/234/812
f 1307/239/814 1308/240/815 1303/234/812
f 1309/241/816 1310/242/817 1311/243/818
f 1311/243/818 1312/244/819 1309/241/816
f 1313/245/820 1309/241/816 1312/244/819
f 1312/244/819 1314/246/821 1313/245/820
f 1315/81/822 1316/80/823 1317/247/824
f 1317/247/824 1318/248/825 1315/81/822
f 1318/248/825 1317/247/824 1319/87/826
f 1319/87/826 1320/86/827 1318/248/825
f 1321/85/828 1322/84/829 1323/249/830
f 1323/249/830 1324/250/831 1321/85/828
f 1324/250/831 1323/249/830 1325/83/832
f 1325/83/832 1326/82/833 1324/250/831
f 1327/251/834 1328/252/835 1329/253/816
f 1329/253/816 1330/254/836 1327/251/834
f 1330/254/836 1329/253/816 1331/255/820
f 1331/255/820 1332/256/837 1330/254/836
f 1333/257/817 1334/258/835 1335/259/838
f 1335/259/838 1336/260/839 1333/257/817
f 1336/260/839 1335/259/838 1337/261/820
f 1337/261/820 1338/262/840 1336/260/839
f 1339/295/841 1340/284/842 1341/267/843
f 1341/267/843 1342/296/844 1339/295/841
f 1342/296/844 1341/267/843 1343/270/845
f 1343/270/845 1344/297/846 1342/296/844
f 1344/297/846 1343/270/845 1345/272/847
f 1346/90/848 1342/296/844 1344/297/846
f 1342/296/844 1346/90/848 1347/89/849
f 1344/297/846 1348/263/850 1346/90/848
f 1347/89/849 1349/298/851 1342/296/844
f 1349/298/851 1347/89/849 1350/266/852
f 1348/263/850 1344/297/846 1351/299/853
f 1345/272/847 1351/299/853 1344/297/846
f 1351/299/853 1345/272/847 1352/275/854
f 1352/275/854 1353/300/855 1351/299/853
f 1351/299/853 1354/93/856 1348/263/850
f 1354/93/856 1351/299/853 1355/301/857
f 1355/301/857 1356/94/857 1354/93/856
f 1357/302/816 1350/266/852 1356/94/857
f 1356/94/857 1355/301/857 1357/302/816
f 1350/266/852 1357/302/816 1349/298/851
f 1358/294/816 1357/302/816 1355/301/857
f 1357/302/816 1358/294/816 1359/106/849
f 1359/106/849 1349/298/851 1357/302/816
f 1355/301/857 1360/109/857 1358/294/816
f 1349/298/851 1359/106/849 1361/105/849
f 1360/109/857 1355/301/857 1362/304/857
f 1361/105/849 1363/303/858 1349/298/851
f 1362/304/857 1364/110/857 1360/109/857
f 1363/303/858 1361/105/849 1365/292/816
f 1366/305/859 1365/292/816 1364/110/857
f 1365/292/816 1366/305/859 1363/303/858
f 1364/110/857 1362/304/857 1366/305/859
f 1367/306/858 1363/303/858 1366/305/859
f 1368/307/859 1366/305/859 1362/304/857
f 1366/305/859 1368/307/859 1367/306/858
f 1362/304/857 1369/308/857 1368/307/859
f 1370/98/849 1367/306/858 1368/307/859
f 1368/307/859 1371/290/860 1370/98/849
f 1371/290/860 1368/307/859 1369/308/857
f 1367/306/858 1370/98/849 1372/97/861
f 1369/308/857 1373/101/857 1371/290/860
f 1372/97/861 1374/309/862 1367/306/858
f 1373/101/857 1369/308/857 1375/310/863
f 1374/309/862 1372/97/861 1376/288/864
f 1375/310/863 1377/102/865 1373/101/857
f 1378/311/866 1376/288/864 1377/102/865
f 1377/102/865 1375/310/863 1378/311/866
f 1376/288/864 1378/311/866 1374/309/862
f 1379/250/867 1378/311/866 1375/310/863
f 1378/311/866 1379/250/867 1380/82/868
f 1380/82/868 1374/309/862 1378/311/866
f 1375/310/863 1381/85/869 1379/250/867
f 1374/309/862 1380/82/868 1382/81/870
f 1381/85/869 1375/310/863 1383/312/871
f 1382/81/870 1384/313/872 1374/309/862
f 1383/312/871 1385/86/873 1381/85/869
f 1384/313/872 1382/81/870 1386/248/874
f 1387/314/875 1386/248/874 1385/86/873
f 1386/248/874 1387/314/875 1384/313/872
f 1385/86/873 1383/312/871 1387/314/875
f 1388/315/876 1384/313/872 1387/314/875
f 1389/314/877 1387/314/875 1383/312/871
f 1387/314/875 1389/314/877 1388/315/876
f 1390/316/878 1388/315/876 1389/314/877
f 1383/312/871 1391/312/879 1389/314/877
f 1389/314/877 1392/317/880 1390/316/878
f 1392/317/880 1389/314/877 1391/312/879
f 1391/312/879 1393/300/881 1392/317/880
f 1394/91/882 1395/90/883 1396/263/884
f 1396/263/884 1397/264/885 1394/91/882
f 1397/264/885 1396/263/884 1398/93/886
f 1398/93/886 1399/92/887 1397/264/885
f 1400/89/888 1401/88/889 1402/265/890
f 1402/265/890 1403/266/891 1400/89/888
f 1403/266/891 1402/265/890 1404/95/892
f 1404/95/892 1405/94/893 1403/266/891
f 1406/268/894 1407/267/894 1408/284/895
f 1408/284/895 1409/283/896 1406/268/894
f 1409/283/896 1408/284/895 1410/282/897
f 1410/282/897 1411/281/898 1409/283/896
f 1412/267/899 1413/268/900 1414/269/901
f 1414/269/901 1415/270/902 1412/267/899
f 1415/270/902 1414/269/901 1416/271/903
f 1416/271/903 1417/272/904 1415/270/902
f 1418/272/905 1419/271/906 1420/276/907
f 1420/276/907 1421/275/907 1418/272/905
f 1421/275/907 1420/276/907 1422/273/517
f 1422/273/517 1423/274/518 1421/275/907
f 1424/274/908 1425/273/908 1426/279/909
f 1426/279/909 1427/280/910 1424/274/908
f 1427/280/910 1426/279/909 1428/281/782
f 1428/281/782 1429/282/782 1427/280/910
f 1430/97/911 1431/96/307 1432/287/912
f 1432/287/912 1433/288/913 1430/97/911
f 1433/288/913 1432/287/912 1434/103/914
f 1434/103/914 1435/102/915 1433/288/913
f 1436/101/916 1437/100/916 1438/289/917
f 1438/289/917 1439/290/917 1436/101/916
f 1439/290/917 1438/289/917 1440/99/918
f 1440/99/918 1441/98/918 1439/290/917
f 1442/105/919 1443/104/920 1444/291/921
f 1444/291/921 1445/292/921 1442/105/919
f 1445/292/921 1444/291/921 1446/111/922
f 1446/111/922 1447/110/923 1445/292/921
f 1448/109/924 1449/108/925 1450/293/926
f 1450/293/926 1451/294/926 1448/109/924
f 1451/294/926 1450/293/926 1452/107/927
f 1452/107/927 1453/106/927 1451/294/926
f 1454/320/541 1455/319/541 1456/318/541
f 1456/318/541 1457/321/541 1454/320/541
f 1458/322/541 1459/321/542 1457/321/542
f 1457/321/542 1460/322/541 1458/322/541
f 1461/321/541 1458/322/541 1460/322/541
f 1460/322/541 1462/321/541 1461/321/541
f 1463/319/541 1464/320/541 1462/321/541
f 1462/321/541 1465/318/541 1463/319/541
f 1466/323/541 1467/318/541 1465/318/541
f 1465/318/541 1468/323/541 1466/323/541
f 1469/318/541 1466/323/541 1468/323/541
f 1468/323/541 1456/318/541 1469/318/541
f 1470/324/543 1471/112/543 1472/113/543
f 1472/113/543 1473/325/543 1470/324/543
f 1474/119/543 1470/324/543 1473/325/543
f 1473/325/543 1475/118/543 1474/119/543
f 1476/326/544 1477/116/544 1478/117/544
f 1478/117/544 1479/327/544 1476/326/544
f 1480/115/544 1476/326/544 1479/327/544
f 1479/327/544 1481/114/544 1480/115/544
f 1482/286/928 1483/284/929 1484/295/726
f 1484/295/726 1485/328/930 1482/286/928
f 1486/267/931 1482/286/928 1485/328/930
f 1485/328/930 1487/296/932 1486/267/931
f 1488/270/933 1486/267/931 1487/296/932
f 1487/296/932 1489/297/934 1488/270/933
f 1490/272/935 1488/270/933 1489/297/934
f 1489/297/934 1487/296/932 1491/90/936
f 1492/89/936 1491/90/936 1487/296/932
f 1491/90/936 1493/263/937 1489/297/934
f 1487/296/932 1494/298/938 1492/89/936
f 1495/299/939 1489/297/934 1493/263/937
f 1489/297/934 1495/299/939 1490/272/935
f 1493/263/937 1496/93/940 1495/299/939
f 1497/266/734 1492/89/936 1494/298/938
f 1490/272/935 1495/299/939 1498/329/941
f 1498/329/941 1499/277/942 1490/272/935
f 1500/275/943 1499/277/942 1498/329/941
f 1498/329/941 1501/300/944 1500/275/943
f 1502/301/945 1495/299/939 1496/93/940
f 1496/93/940 1503/94/946 1502/301/945
f 1503/94/946 1497/266/734 1504/302/947
f 1504/302/947 1502/301/945 1503/94/946
f 1494/298/938 1504/302/947 1497/266/734
f 1502/301/945 1504/302/947 1505/294/734
f 1506/106/948 1505/294/734 1504/302/947
f 1504/302/947 1494/298/938 1506/106/948
f 1505/294/734 1507/109/946 1502/301/945
f 1508/105/936 1506/106/948 1494/298/938
f 1509/304/945 1502/301/945 1507/109/946
f 1494/298/938 1510/303/938 1508/105/936
f 1507/109/946 1511/110/946 1509/304/945
f 1512/292/734 1508/105/936 1510/303/938
f 1511/110/946 1512/292/734 1513/305/734
f 1510/303/938 1513/305/734 1512/292/734
f 1513/305/734 1509/304/945 1511/110/946
f 1513/305/734 1510/303/938 1514/306/938
f 1509/304/945 1513/305/734 1515/307/734
f 1514/306/938 1515/307/734 1513/305/734
f 1515/307/734 1516/308/946 1509/304/945
f 1515/307/734 1514/306/938 1517/98/936
f 1518/97/936 1517/98/936 1514/306/938
f 1517/98/936 1519/290/734 1515/307/734
f 1516/308/946 1515/307/734 1519/290/734
f 1514/306/938 1520/309/949 1518/97/936
f 1519/290/734 1521/101/945 1516/308/946
f 1522/288/950 1518/97/936 1520/309/949
f 1523/310/951 1516/308/946 1521/101/945
f 1521/101/945 1524/102/952 1523/310/951
f 1524/102/952 1522/288/950 1525/311/953
f 1525/311/953 1523/310/951 1524/102/952
f 1520/309/949 1525/311/953 1522/288/950
f 1523/310/951 1525/311/953 1526/250/954
f 1527/82/955 1526/250/954 1525/311/953
f 1525/311/953 1520/309/949 1527/82/955
f 1526/250/954 1528/85/956 1523/310/951
f 1529/81/957 1527/82/955 1520/309/949
f 1530/312/958 1523/310/951 1528/85/956
f 1520/309/949 1531/313/959 1529/81/957
f 1528/85/956 1532/86/960 1530/312/958
f 1533/248/961 1529/81/957 1531/313/959
f 1532/86/960 1533/248/961 1534/314/962
f 1531/313/959 1534/314/962 1533/248/961
f 1534/314/962 1530/312/958 1532/86/960
f 1534/314/962 1531/313/959 1535/315/725
f 1530/312/958 1534/314/962 1536/314/963
f 1535/315/725 1536/314/963 1534/314/962
f 1536/314/963 1535/315/725 1537/316/724
f 1536/314/963 1538/312/964 1530/312/958
f 1537/316/724 1539/317/965 1536/314/963
f 1538/312/964 1536/314/963 1539/317/965
f 1539/317/965 1540/300/966 1538/312/964
f 1541/332/210 1542/331/209 1543/330/967
f 1543/330/967 1544/333/968 1541/332/210
f 1544/333/968 1543/330/967 1545/334/204
f 1545/334/204 1546/335/969 1544/333/968
f 1547/366/636 1548/365/636 1549/364/635
f 1549/364/635 1550/367/635 1547/366/636
f 1550/367/635 1549/364/635 1551/368/46
f 1551/368/46 1552/369/46 1550/367/635
f 1553/367/637 1552/369/46 1551/368/46
f 1551/368/46 1554/364/637 1553/367/637
f 1555/366/638 1553/367/637 1554/364/637
f 1554/364/637 1556/365/970 1555/366/638
f 1557/371/648 1558/370/649 1559/372/647
f 1558/370/649 1557/371/648 1560/373/650
f 1560/373/650 1561/374/650 1558/370/649
f 1562/370/971 1561/374/650 1560/373/650
f 1560/373/650 1563/371/651 1562/370/971
f 1562/370/971 1563/371/651 1564/372/653
f 1565/371/972 1566/372/973 1567/370/640
f 1565/371/972 1567/370/640 1568/374/643
f 1568/374/643 1569/373/643 1565/371/972
f 1570/371/645 1569/373/643 1568/374/643
f 1568/374/643 1571/370/644 1570/371/645
f 1572/372/646 1570/371/645 1571/370/644
f 1573/366/974 1574/365/974 1575/364/975
f 1575/364/975 1576/367/976 1573/366/974
f 1576/367/976 1575/364/975 1577/368/977
f 1577/368/977 1578/369/978 1576/367/976
f 1579/367/979 1578/369/978 1577/368/977
f 1577/368/977 1580/364/979 1579/367/979
f 1581/366/980 1579/367/979 1580/364/979
f 1580/364/979 1582/365/980 1581/366/980
f 1583/371/981 1584/370/982 1585/372/983
f 1584/370/982 1583/371/981 1586/373/984
f 1586/373/984 1587/374/984 1584/370/982
f 1588/370/985 1587/374/984 1586/373/984
f 1586/373/984 1589/371/986 1588/370/985
f 1588/370/985 1589/371/986 1590/372/987
f 1591/371/988 1592/372/989 1593/370/990
f 1591/371/988 1593/370/990 1594/374/991
f 1594/374/991 1595/373/991 1591/371/988
f 1596/371/992 1595/373/991 1594/374/991
f 1594/374/991 1597/370/993 1596/371/992
f 1598/372/994 1596/371/992 1597/370/993
f 1599/149/995 1600/149/995 1601/375/995
f 1601/375/995 1602/375/995 1599/149/995
f 1602/375/995 1601/375/995 1603/149/995
f 1603/149/995 1604/149/995 1602/375/995
f 1605/150/228 1606/150/228 1607/376/228
f 1607/376/228 1608/376/228 1605/150/228
f 1608/376/228 1607/376/228 1609/150/228
f 1609/150/228 1610/150/228 1608/376/228
f 1611/155/64 1612/154/64 1613/154/64
f 1613/154/64 1614/155/64 1611/155/64
f 1614/155/64 1613/154/64 1615/154/64
f 1615/154/64 1616/155/64 1614/155/64
f 1617/156/320 1618/157/320 1619/377/320
f 1619/377/320 1620/378/320 1617/156/320
f 1620/378/320 1619/377/320 1621/157/699
f 1621/157/699 1622/156/699 1620/378/320
f 1623/2/64 1624/1/64 1625/379/64
f 1623/2/64 1625/379/64 1626/380/64
f 1623/2/64 1626/380/64 1627/5/64
f 1623/2/64 1627/5/64 1628/4/64
f 1629/381/996 1630/8/64 1631/36/64
f 1631/36/64 1632/382/64 1629/381/996
f 1629/381/996 1632/382/64 1633/36/64
f 1633/36/64 1634/8/997 1629/381/996
f 1635/383/998 1636/384/999 1637/385/998
f 1637/385/998 1638/386/46 1635/383/998
f 1635/383/998 1638/386/46 1639/385/46
f 1639/385/46 1640/384/1000 1635/383/998
f 1641/387/67 1642/388/67 1643/389/1001
f 1643/389/1001 1644/390/1002 1641/387/67
f 1641/387/67 1644/390/1002 1645/389/1003
f 1645/389/1003 1646/388/67 1641/387/67
f 1647/391/1004 1648/392/1005 1649/393/1006
f 1649/393/1006 1650/394/1007 1647/391/1004
f 1647/391/1004 1650/394/1007 1651/395/1008
f 1651/395/1008 1652/396/1009 1647/391/1004
f 1652/396/1009 1651/395/1008 1653/397/1010
f 1653/397/1010 1654/398/1011 1652/396/1009
f 1655/399/1012 1654/398/1011 1653/397/1010
f 1653/397/1010 1656/400/1013 1655/399/1012
f 1657/401/1014 1655/399/1012 1656/400/1013
f 1656/400/1013 1658/402/1015 1657/401/1014
f 1657/401/1014 1658/402/1015 1659/403/1016
f 1660/404/1016 1659/403/1016 1658/402/1015
f 1659/403/1016 1661/405/1017 1657/401/1014
f 1660/404/1016 1658/402/1015 1662/406/1018
f 1663/407/1019 1657/401/1014 1661/405/1017
f 1662/406/1018 1664/408/1020 1660/404/1016
f 1661/405/1017 1665/409/1021 1663/407/1019
f 1666/410/1020 1664/408/1020 1662/406/1018
f 1665/409/1021 1667/411/1016 1663/407/1019
f 1668/412/1020 1666/410/1020 1662/406/1018
f 1663/407/1019 1667/411/1016 1668/412/1020
f 1662/406/1018 1669/413/1022 1668/412/1020
f 1668/412/1020 1669/413/1022 1663/407/1019
f 1670/414/1023 1669/413/1022 1662/406/1018
f 1663/407/1019 1669/413/1022 1670/414/1023
f 1662/406/1018 1671/415/1023 1670/414/1023
f 1670/414/1023 1672/416/1024 1663/407/1019
f 1673/417/1025 1671/415/1023 1662/406/1018
f 1673/417/1025 1662/406/1018 1674/418/1026
f 1663/407/1019 1672/416/1024 1675/419/1025
f 1675/419/1025 1676/420/1027 1663/407/1019
f 1675/419/1025 1677/421/1024 1676/420/1027
f 1677/421/1024 1678/422/1024 1676/420/1027
f 1678/422/1024 1679/418/1024 1676/420/1027
f 1678/422/1024 1680/423/1024 1679/418/1024
f 1679/418/1024 1680/423/1024 1673/417/1024
f 1681/424/1028 1682/425/1029 1683/426/1030
f 1683/426/1030 1684/427/1031 1681/424/1028
f 1685/428/1032 1684/427/1031 1686/429/1033
f 1684/427/1031 1687/430/1034 1681/424/1028
f 1687/430/1034 1684/427/1031 1685/428/1032
f 1688/431/1035 1681/424/1028 1687/430/1034
f 1685/428/1032 1689/432/1036 1687/430/1034
f 1687/430/1034 1690/433/1037 1688/431/1035
f 1690/433/1037 1687/430/1034 1689/432/1036
f 1691/434/1038 1688/431/1035 1690/433/1037
f 1689/432/1036 1692/435/1039 1690/433/1037
f 1690/433/1037 1693/436/1040 1691/434/1038
f 1693/436/1040 1690/433/1037 1692/435/1039
f 1694/437/1038 1691/434/1038 1693/436/1040
f 1692/435/1039 1695/438/1041 1693/436/1040
f 1693/436/1040 1696/439/1042 1694/437/1038
f 1696/439/1042 1693/436/1040 1695/438/1041
f 1697/440/1043 1694/437/1038 1696/439/1042
f 1695/438/1041 1698/441/1044 1696/439/1042
f 1696/439/1042 1699/442/1045 1697/440/1043
f 1699/442/1045 1696/439/1042 1698/441/1044
f 1698/441/1044 1700/443/1046 1699/442/1045
f 1701/444/1047 1702/7/1047 1703/8/1047
f 1703/8/1047 1704/381/1048 1701/444/1047
f 1701/444/1047 1704/381/1048 1705/8/1049
f 1705/8/1049 1706/7/1050 1701/444/1047
f 1707/382/1051 1708/36/1052 1709/229/1053
f 1709/229/1053 1710/444/1053 1707/382/1051
f 1707/382/1051 1710/444/1053 1711/229/1052
f 1711/229/1052 1712/36/1052 1707/382/1051
f 1713/445/1054 1714/446/1054 1715/447/1054
f 1715/447/1054 1716/448/1054 1713/445/1054
f 1717/445/1054 1716/448/1054 1715/447/1054
f 1715/447/1054 1718/446/1054 1717/445/1054
f 1719/449/1055 1720/450/1055 1721/451/1055
f 1721/451/1055 1722/452/1055 1719/449/1055
f 1723/449/1055 1722/452/1055 1721/451/1055
f 1721/451/1055 1724/450/1055 1723/449/1055
f 1725/453/1056 1726/454/1057 1727/454/46
f 1727/454/46 1728/453/46 1725/453/1056
f 1729/453/1058 1728/453/46 1727/454/46
f 1727/454/46 1730/454/1059 1729/453/1058
f 1731/455/67 1732/77/67 1733/76/67
f 1733/76/67 1734/456/67 1731/455/67
f 1731/455/67 1734/456/67 1735/76/67
f 1735/76/67 1736/77/67 1731/455/67
f 1737/457/541 1738/458/541 1739/459/541
f 1739/459/541 1740/460/541 1737/457/541
f 1737/457/541 1740/460/541 1741/461/541
f 1741/461/541 1742/462/541 1737/457/541
f 1743/463/46 1744/79/46 1745/78/46
f 1745/78/46 1746/464/46 1743/463/46
f 1743/463/46 1746/464/46 1747/78/46
f 1747/78/46 1748/79/46 1743/463/46
f 1749/465/1060 1750/466/1061 1751/467/1062
f 1751/467/1062 1752/468/1063 1749/465/1060
f 1753/469/1064 1752/468/1063 1751/467/1062
f 1751/467/1062 1754/470/1065 1753/469/1064
f 1755/471/1066 1756/472/545 1757/473/1067
f 1757/473/1067 1758/474/1068 1755/471/1066
f 1758/474/1068 1757/473/1067 1759/475/1069
f 1759/475/1069 1757/473/1067 1760/476/1070
f 1759/475/1069 1761/477/1071 1758/474/1068
f 1760/476/1070 1762/478/1072 1759/475/1069
f 1761/477/1071 1759/475/1069 1763/479/1073
f 1763/479/1073 1759/475/1069 1762/478/1072
f 1762/478/1072 1764/480/1074 1763/479/1073
f 1763/479/1073 1765/481/1075 1761/477/1071
f 1766/482/1076 1765/481/1075 1763/479/1073
f 1763/479/1073 1767/483/1077 1766/482/1076
f 1768/484/71 1769/485/71 1770/486/71
f 1770/486/71 1771/487/71 1768/484/71
f 1772/484/71 1771/487/71 1770/486/71
f 1770/486/71 1773/485/71 1772/484/71
f 1774/467/1078 1775/466/1079 1776/465/1080
f 1776/465/1080 1777/468/1081 1774/467/1078
f 1774/467/1078 1777/468/1081 1778/469/1082
f 1778/469/1082 1779/470/1083 1774/467/1078
f 1780/473/1084 1781/472/1085 1782/471/1086
f 1782/471/1086 1783/474/1087 1780/473/1084
f 1784/475/228 1780/473/1084 1783/474/1087
f 1785/476/1088 1780/473/1084 1784/475/228
f 1783/474/1087 1786/477/1089 1784/475/228
f 1784/475/228 1787/478/1090 1785/476/1088
f 1788/479/1091 1784/475/228 1786/477/1089
f 1787/478/1090 1784/475/228 1788/479/1091
f 1788/479/1091 1789/480/1092 1787/478/1090
f 1786/477/1089 1790/481/1093 1788/479/1091
f 1788/479/1091 1790/481/1093 1791/482/464
f 1791/482/464 1792/483/1094 1788/479/1091
f 1793/488/1095 1794/21/1096 1795/20/1095
f 1795/20/1095 1796/174/1095 1793/488/1095
f 1793/488/1095 1796/174/1095 1797/20/1097
f 1797/20/1097 1798/21/1097 1793/488/1095
f 1799/489/1098 1800/490/124 1801/491/123
f 1801/491/123 1802/492/1099 1799/489/1098
f 1799/489/1098 1802/492/1099 1803/491/206
f 1803/491/206 1804/490/1100 1799/489/1098
f 1805/493/1101 1806/494/1102 1807/495/1103
f 1807/495/1103 1808/496/1104 1805/493/1101
f 1805/493/1101 1808/496/1104 1809/497/1105
f 1809/497/1105 1810/498/1106 1805/493/1101
f 1811/499/64 1812/500/1107 1813/501/1105
f 1813/501/1105 1814/489/64 1811/499/64
f 1811/499/64 1814/489/64 1815/501/1108
f 1815/501/1108 1816/500/1109 1811/499/64
f 1817/379/64 1818/1/64 1819/2/64
f 1820/380/64 1817/379/64 1819/2/64
f 1821/5/64 1820/380/64 1819/2/64
f 1821/5/64 1819/2/64 1822/4/64
f 1823/393/1110 1824/392/1111 1825/391/1112
f 1825/391/1112 1826/394/1113 1823/393/1110
f 1827/395/1114 1826/394/1113 1825/391/1112
f 1825/391/1112 1828/396/1115 1827/395/1114
f 1829/397/1116 1827/395/1114 1828/396/1115
f 1828/396/1115 1830/398/1117 1829/397/1116
f 1829/397/1116 1830/398/1117 1831/399/1118
f 1831/399/1118 1832/400/1119 1829/397/1116
f 1832/400/1119 1831/399/1118 1833/401/1120
f 1833/401/1120 1834/402/1121 1832/400/1119
f 1835/403/1122 1834/402/1121 1833/401/1120
f 1833/401/1120 1836/405/1122 1835/403/1122
f 1835/403/1122 1837/404/1122 1834/402/1121
f 1836/405/1122 1833/401/1120 1838/407/1123
f 1839/406/1124 1834/402/1121 1837/404/1122
f 1838/407/1123 1840/409/1122 1836/405/1122
f 1837/404/1122 1841/408/1122 1839/406/1124
f 1842/411/1122 1840/409/1122 1838/407/1123
f 1841/408/1122 1843/410/1122 1839/406/1124
f 1844/412/1122 1842/411/1122 1838/407/1123
f 1839/406/1124 1843/410/1122 1844/412/1122
f 1838/407/1123 1845/413/1125 1844/412/1122
f 1844/412/1122 1845/413/1125 1839/406/1124
f 1846/414/1126 1845/413/1125 1838/407/1123
f 1839/406/1124 1845/413/1125 1846/414/1126
f 1838/407/1123 1847/416/1126 1846/414/1126
f 1846/414/1126 1848/415/1127 1839/406/1124
f 1849/419/1128 1847/416/1126 1838/407/1123
f 1839/406/1124 1848/415/1127 1850/417/1126
f 1839/406/1124 1850/417/1126 1851/418/1129
f 1838/407/1123 1852/420/1130 1849/419/1128
f 1853/421/1126 1849/419/1128 1852/420/1130
f 1854/422/1128 1853/421/1126 1852/420/1130
f 1855/418/1126 1854/422/1128 1852/420/1130
f 1856/423/1126 1855/418/1126 1850/417/1126
f 1856/423/1126 1854/422/1128 1855/418/1126
f 1857/426/1131 1858/425/1132 1859/424/1133
f 1859/424/1133 1860/427/1134 1857/426/1131
f 1860/427/1134 1861/428/1135 1862/429/1136
f 1863/430/1137 1860/427/1134 1859/424/1133
f 1861/428/1135 1860/427/1134 1863/430/1137
f 1863/430/1137 1859/424/1133 1864/431/1138
f 1863/430/1137 1865/432/1139 1861/428/1135
f 1864/431/1138 1866/433/1140 1863/430/1137
f 1865/432/1139 1863/430/1137 1866/433/1140
f 1866/433/1140 1864/431/1138 1867/434/1038
f 1866/433/1140 1868/435/1141 1865/432/1139
f 1867/434/1038 1869/436/1142 1866/433/1140
f 1868/435/1141 1866/433/1140 1869/436/1142
f 1869/436/1142 1867/434/1038 1870/437/1143
f 1869/436/1142 1871/438/1144 1868/435/1141
f 1870/437/1143 1872/439/1145 1869/436/1142
f 1871/438/1144 1869/436/1142 1872/439/1145
f 1872/439/1145 1870/437/1143 1873/440/1146
f 1872/439/1145 1874/441/1147 1871/438/1144
f 1873/440/1146 1875/442/1148 1872/439/1145
f 1874/441/1147 1872/439/1145 1875/442/1148
f 1875/442/1148 1876/443/1149 1874/441/1147
f 1877/447/1054 1878/446/1054 1879/445/1054
f 1879/445/1054 1880/448/1054 1877/447/1054
f 1877/447/1054 1880/448/1054 1881/445/1054
f 1881/445/1054 1882/446/1054 1877/447/1054
f 1883/451/1098 1884/450/1055 1885/449/1098
f 1885/449/1098 1886/452/1098 1883/451/1098
f 1883/451/1098 1886/452/1098 1887/449/1055
f 1887/449/1055 1888/450/1055 1883/451/1098
f 1889/454/46 1890/454/1059 1891/453/1058
f 1891/453/1058 1892/453/46 1889/454/46
f 1889/454/46 1892/453/46 1893/453/1056
f 1893/453/1056 1894/454/1057 1889/454/46
f 1895/76/67 1896/77/67 1897/455/67
f 1897/455/67 1898/456/67 1895/76/67
f 1899/76/67 1898/456/67 1897/455/67
f 1897/455/67 1900/77/67 1899/76/67
f 1901/459/541 1902/458/541 1903/457/541
f 1903/457/541 1904/460/541 1901/459/541
f 1905/461/541 1904/460/541 1903/457/541
f 1903/457/541 1906/462/541 1905/461/541
f 1907/78/46 1908/79/46 1909/463/46
f 1909/463/46 1910/464/46 1907/78/46
f 1911/78/46 1910/464/46 1909/463/46
f 1909/463/46 1912/79/46 1911/78/46
f 1913/467/1150 1914/466/1151 1915/465/1152
f 1915/465/1152 1916/468/1153 1913/467/1150
f 1913/467/1150 1916/468/1153 1917/469/1154
f 1917/469/1154 1918/470/1155 1913/467/1150
f 1919/473/1156 1920/472/1157 1921/471/1158
f 1921/471/1158 1922/474/1159 1919/473/1156
f 1923/475/1069 1919/473/1156 1922/474/1159
f 1924/476/1160 1919/473/1156 1923/475/1069
f 1922/474/1159 1925/477/1071 1923/475/1069
f 1923/475/1069 1926/478/1161 1924/476/1160
f 1927/479/1073 1923/475/1069 1925/477/1071
f 1926/478/1161 1923/475/1069 1927/479/1073
f 1927/479/1073 1928/480/966 1926/478/1161
f 1925/477/1071 1929/481/1162 1927/479/1073
f 1927/479/1073 1929/481/1162 1930/482/1163
f 1930/482/1163 1931/483/1164 1927/479/1073
f 1932/486/1165 1933/485/1165 1934/484/1165
f 1934/484/1165 1935/487/1165 1932/486/1165
f 1932/486/1165 1935/487/1165 1936/484/1165
f 1936/484/1165 1937/485/1165 1932/486/1165
f 1938/465/1166 1939/466/1167 1940/467/1168
f 1940/467/1168 1941/468/1169 1938/465/1166
f 1942/469/1170 1941/468/1169 1940/467/1168
f 1940/467/1168 1943/470/1171 1942/469/1170
f 1944/471/1172 1945/472/811 1946/473/1173
f 1946/473/1173 1947/474/1174 1944/471/1172
f 1947/474/1174 1946/473/1173 1948/475/228
f 1948/475/228 1946/473/1173 1949/476/1175
f 1948/475/228 1950/477/1176 1947/474/1174
f 1949/476/1175 1951/478/1177 1948/475/228
f 1950/477/1176 1948/475/228 1952/479/1091
f 1952/479/1091 1948/475/228 1951/478/1177
f 1951/478/1177 1953/480/1178 1952/479/1091
f 1952/479/1091 1954/481/1179 1950/477/1176
f 1955/482/854 1954/481/1179 1952/479/1091
f 1952/479/1091 1956/483/1180 1955/482/854
f 1957/495/1181 1958/494/1182 1959/493/1183
f 1959/493/1183 1960/496/1184 1957/495/1181
f 1961/497/1108 1960/496/1184 1959/493/1183
f 1959/493/1183 1962/498/1109 1961/497/1108
f 1963/502/1185 1964/503/1186 1965/504/1187
f 1965/504/1187 1966/505/1188 1963/502/1185
f 1967/440/1189 1963/502/1185 1966/505/1188
f 1966/505/1188 1965/504/1187 1968/506/1190
f 1966/505/1188 1969/437/1191 1967/440/1189
f 1968/506/1190 1970/507/1192 1966/505/1188
f 1969/437/1191 1966/505/1188 1970/507/1192
f 1970/507/1192 1968/506/1190 1971/508/1193
f 1970/507/1192 1972/434/1194 1969/437/1191
f 1971/508/1193 1973/509/1195 1970/507/1192
f 1972/434/1194 1970/507/1192 1973/509/1195
f 1971/508/1193 1974/510/1196 1973/509/1195
f 1973/509/1195 1975/431/1197 1972/434/1194
f 1974/510/1196 1976/511/1198 1973/509/1195
f 1973/509/1195 1976/511/1198 1975/431/1197
f 1976/511/1198 1977/512/1199 1975/431/1197
f 1974/510/1196 1977/512/1199 1976/511/1198
f 1977/512/1199 1978/424/1200 1975/431/1197
f 1979/513/1201 1977/512/1199 1974/510/1196
f 1979/513/1201 1978/424/1200 1977/512/1199
f 1974/510/1196 1980/514/1202 1979/513/1201
f 1981/425/1006 1978/424/1200 1979/513/1201
f 1980/514/1202 1982/426/1203 1979/513/1201
f 1979/513/1201 1982/426/1203 1981/425/1006
f 1983/515/1204 1984/63/249 1985/59/1205
f 1985/59/1205 1986/516/1206 1983/515/1204
f 1987/517/1207 1983/515/1204 1986/516/1206
f 1986/516/1206 1985/59/1205 1988/60/1208
f 1986/516/1206 1989/518/1209 1987/517/1207
f 1990/519/1210 1987/517/1207 1989/518/1209
f 1989/518/1209 1991/520/1211 1990/519/1210
f 1989/518/1209 1986/516/1206 1991/520/1211
f 1992/521/1212 1990/519/1210 1991/520/1211
f 1988/60/1208 1993/522/1213 1986/516/1206
f 1993/522/1213 1988/60/1208 1994/70/1214
f 1994/70/1214 1995/523/1215 1993/522/1213
f 1995/523/1215 1992/521/1212 1996/524/1216
f 1996/524/1216 1993/522/1213 1995/523/1215
f 1991/520/1211 1996/524/1216 1992/521/1212
f 1997/51/37 1993/522/1213 1996/524/1216
f 1998/52/38 1996/524/1216 1991/520/1211
f 1998/52/38 1997/51/37 1996/524/1216
f 1986/516/1206 1998/52/38 1991/520/1211
f 1997/51/37 1999/55/1217 1993/522/1213
f 1999/55/1217 1986/516/1206 1993/522/1213
f 2000/57/38 1998/52/38 1986/516/1206
f 1999/55/1217 2000/57/38 1986/516/1206
f 2001/525/1218 2002/526/1219 2003/527/1220
f 2003/527/1220 2004/528/1221 2001/525/1218
f 2005/529/1222 2001/525/1218 2004/528/1221
f 2004/528/1221 2003/527/1220 2006/530/1223
f 2004/528/1221 2007/531/1224 2005/529/1222
f 2006/530/1223 2008/532/1225 2004/528/1221
f 2009/533/1226 2007/531/1224 2004/528/1221
f 2004/528/1221 2008/532/1225 2009/533/1226
f 2010/504/1227 2011/503/1228 2012/502/1229
f 2012/502/1229 2013/505/1230 2010/504/1227
f 2013/505/1230 2012/502/1229 2014/440/1231
f 2015/506/1232 2010/504/1227 2013/505/1230
f 2014/440/1231 2016/437/1191 2013/505/1230
f 2013/505/1230 2017/507/1233 2015/506/1232
f 2017/507/1233 2013/505/1230 2016/437/1191
f 2018/508/1234 2015/506/1232 2017/507/1233
f 2016/437/1191 2019/434/1197 2017/507/1233
f 2017/507/1233 2020/509/1235 2018/508/1234
f 2020/509/1235 2017/507/1233 2019/434/1197
f 2021/510/1236 2018/508/1234 2020/509/1235
f 2019/434/1197 2022/431/1197 2020/509/1235
f 2023/511/1237 2021/510/1236 2020/509/1235
f 2023/511/1237 2020/509/1235 2022/431/1197
f 2024/512/1238 2023/511/1237 2022/431/1197
f 2023/511/1237 2024/512/1238 2021/510/1236
f 2025/424/1239 2024/512/1238 2022/431/1197
f 2021/510/1236 2024/512/1238 2026/513/1240
f 2025/424/1239 2026/513/1240 2024/512/1238
f 2026/513/1240 2027/514/1241 2021/510/1236
f 2026/513/1240 2025/424/1239 2028/425/1110
f 2029/426/1242 2027/514/1241 2026/513/1240
f 2028/425/1110 2029/426/1242 2026/513/1240
f 2030/59/1243 2031/63/1244 2032/515/1245
f 2032/515/1245 2033/516/1246 2030/59/1243
f 2034/60/1247 2030/59/1243 2033/516/1246
f 2033/516/1246 2032/515/1245 2035/517/1248
f 2035/517/1248 2036/518/1249 2033/516/1246
f 2036/518/1249 2035/517/1248 2037/519/1250
f 2037/519/1250 2038/520/1251 2036/518/1249
f 2033/516/1246 2036/518/1249 2038/520/1251
f 2038/520/1251 2037/519/1250 2039/521/1252
f 2039/521/1252 2040/524/1253 2038/520/1251
f 2040/524/1253 2039/521/1252 2041/523/1254
f 2040/524/1253 2042/52/143 2038/520/1251
f 2042/52/143 2033/516/1246 2038/520/1251
f 2043/51/141 2042/52/143 2040/524/1253
f 2033/516/1246 2042/52/143 2044/57/143
f 2033/516/1246 2044/57/143 2045/55/143
f 2046/522/1255 2043/51/141 2040/524/1253
f 2046/522/1255 2045/55/143 2043/51/141
f 2041/523/1254 2046/522/1255 2040/524/1253
f 2046/522/1255 2033/516/1246 2045/55/143
f 2033/516/1246 2046/522/1255 2034/60/1247
f 2046/522/1255 2041/523/1254 2047/70/1256
f 2047/70/1256 2034/60/1247 2046/522/1255
f 2048/527/1257 2049/526/1258 2050/525/1259
f 2050/525/1259 2051/528/1260 2048/527/1257
f 2052/530/1261 2048/527/1257 2051/528/1260
f 2051/528/1260 2050/525/1259 2053/529/1222
f 2051/528/1260 2054/532/1262 2052/530/1261
f 2053/529/1222 2055/531/1263 2051/528/1260
f 2056/533/1264 2054/532/1262 2051/528/1260
f 2051/528/1260 2055/531/1263 2056/533/1264
f 2057/534/1265 2058/535/1266 2059/37/1266
f 2059/37/1266 2060/3/1267 2057/534/1265
f 2061/536/1268 2057/534/1265 2060/3/1267
f 2060/3/1267 2062/7/1269 2061/536/1268
f 2063/13/1270 2064/12/1271 2057/534/1265
f 2065/537/1272 2061/536/1268 2062/7/1269
f 2062/7/1269 2066/444/67 2065/537/1272
f 2065/537/1272 2066/444/67 2067/7/1273
f 2068/538/1274 2057/534/1265 2061/536/1268
f 2068/538/1274 2061/536/1268 2065/537/1272
f 2068/538/1274 2063/13/1270 2057/534/1265
f 2067/7/1273 2069/536/1275 2065/537/1272
f 2069/536/1275 2068/538/1274 2065/537/1272
f 2069/536/1275 2067/7/1273 2070/3/1276
f 2071/539/1277 2072/540/1278 2063/13/1270
f 2063/13/1270 2068/538/1274 2071/539/1277
f 2070/3/1276 2073/534/1279 2069/536/1275
f 2073/534/1279 2068/538/1274 2069/536/1275
f 2073/534/1279 2070/3/1276 2074/37/1280
f 2074/37/1280 2075/535/1281 2073/534/1279
f 2071/539/1277 2068/538/1274 2076/13/1282
f 2073/534/1279 2076/13/1282 2068/538/1274
f 2076/13/1282 2077/540/1283 2071/539/1277
f 2073/534/1279 2078/12/1284 2076/13/1282
f 2079/541/1285 2080/386/1286 2081/542/1287
f 2080/386/1286 2079/541/1285 2082/542/1287
f 2080/386/1286 2083/542/1288 2084/10/1289
f 2084/10/1289 2085/385/1290 2080/386/1286
f 2084/10/1289 2086/11/1291 2085/385/1290
f 2086/11/1291 2087/39/1292 2085/385/1290
f 2087/39/1292 2088/384/1293 2085/385/1290
f 2089/10/1294 2090/542/1295 2080/386/1286
f 2080/386/1286 2091/385/1296 2089/10/1294
f 2092/11/1297 2089/10/1294 2091/385/1296
f 2093/39/1298 2092/11/1297 2091/385/1296
f 2094/384/1299 2093/39/1298 2091/385/1296
f 2095/228/1300 2096/6/1301 2093/39/1298
f 2093/39/1298 2094/384/1299 2095/228/1300
f 2094/384/1299 2097/229/1302 2095/228/1300
f 2097/229/1302 2094/384/1299 2098/383/1303
f 2098/383/1303 2099/444/1304 2097/229/1302
f 2100/229/1305 2099/444/1304 2098/383/1303
f 2098/383/1303 2088/384/1293 2100/229/1305
f 2100/229/1305 2088/384/1293 2101/228/1306
f 2101/228/1306 2088/384/1293 2087/39/1292
f 2087/39/1292 2102/6/1307 2101/228/1306
f 2103/62/71 2104/58/71 2105/61/71
f 2106/58/71 2107/62/71 2103/62/71
f 2106/58/71 2103/62/71 2105/61/71
f 2108/72/71 2106/58/71 2105/61/71
f 2108/72/71 2105/61/71 2109/72/71
f 2108/72/71 2110/61/71 2106/58/71
f 2111/543/70 2112/544/70 2113/545/70
f 2114/546/70 2115/547/70 2111/543/70
f 2114/546/70 2111/543/70 2113/545/70
f 2116/548/70 2114/546/70 2113/545/70
f 2116/548/70 2113/545/70 2117/549/70
f 2116/548/70 2118/550/70 2114/546/70
f 2119/551/1016 2120/552/1020 2121/553/1020
f 2121/553/1020 2122/554/1020 2123/555/1020
f 2119/551/1016 2121/553/1020 2123/555/1020
f 2123/555/1020 2124/556/1016 2119/551/1016
f 2124/556/1016 2125/557/1021 2119/551/1016
f 2123/555/1020 2126/558/1021 2124/556/1016
f 2127/559/1024 2128/560/1023 2129/561/1024
f 2129/561/1024 2130/562/1023 2131/563/1024
f 2127/559/1024 2129/561/1024 2131/563/1024
f 2131/563/1024 2132/564/1308 2127/559/1024
f 2132/564/1308 2133/565/1024 2127/559/1024
f 2131/563/1024 2134/566/1308 2132/564/1308
f 2135/567/46 2136/568/1309 2137/569/1310
f 2138/569/1311 2139/568/1312 2135/567/46
f 2137/569/1310 2140/570/1313 2135/567/46
f 2135/567/46 2140/570/1313 2138/569/1311
f 2140/570/1313 2137/569/1310 2141/571/1314
f 2142/571/1315 2138/569/1311 2140/570/1313
f 2140/570/1313 2141/571/1314 2143/572/1056
f 2144/572/1058 2142/571/1315 2140/570/1313
f 2140/570/1313 2143/572/1056 2145/573/46
f 2144/572/1058 2140/570/1313 2145/573/46
f 2146/527/1316 2147/526/1317 2148/525/1318
f 2148/525/1318 2149/528/1319 2146/527/1316
f 2149/528/1319 2148/525/1318 2150/529/1320
f 2150/529/1320 2151/531/1321 2149/528/1319
f 2149/528/1319 2151/531/1321 2152/574/1322
f 2146/527/1316 2149/528/1319 2153/575/1323
f 2152/574/1322 2153/575/1323 2149/528/1319
f 2153/575/1323 2154/576/1324 2146/527/1316
f 2155/530/1325 2154/576/1324 2153/575/1323
f 2153/575/1323 2156/532/1326 2155/530/1325
f 2156/532/1326 2153/575/1323 2152/574/1322
f 2152/574/1322 2157/533/1327 2156/532/1326
f 2158/58/72 2159/61/72 2160/72/72
f 2161/61/72 2160/72/72 2162/72/72
f 2161/61/72 2158/58/72 2160/72/72
f 2161/61/72 2163/62/72 2158/58/72
f 2163/62/72 2164/62/72 2158/58/72
f 2161/61/72 2165/58/72 2163/62/72
f 2166/546/70 2167/550/70 2168/548/70
f 2169/545/70 2168/548/70 2170/549/70
f 2169/545/70 2166/546/70 2168/548/70
f 2169/545/70 2171/543/70 2166/546/70
f 2171/543/70 2172/547/70 2166/546/70
f 2169/545/70 2173/544/70 2171/543/70
f 2174/552/1122 2175/551/1328 2176/553/1328
f 2177/554/1122 2176/553/1328 2178/555/1122
f 2178/555/1122 2176/553/1328 2175/551/1328
f 2175/551/1328 2179/556/1122 2178/555/1122
f 2180/558/1122 2178/555/1122 2179/556/1122
f 2181/557/1122 2179/556/1122 2175/551/1328
f 2182/560/1126 2183/559/1127 2184/561/1126
f 2185/562/1126 2184/561/1126 2186/563/1126
f 2186/563/1126 2184/561/1126 2183/559/1127
f 2183/559/1127 2187/564/1126 2186/563/1126
f 2188/566/1126 2186/563/1126 2187/564/1126
f 2189/565/1126 2187/564/1126 2183/559/1127
f 2190/569/1311 2191/568/1312 2192/567/46
f 2192/567/46 2193/568/1309 2194/569/1310
f 2192/567/46 2195/570/1313 2190/569/1311
f 2194/569/1310 2195/570/1313 2192/567/46
f 2196/571/1315 2190/569/1311 2195/570/1313
f 2195/570/1313 2194/569/1310 2197/571/1314
f 2198/572/1058 2196/571/1315 2195/570/1313
f 2195/570/1313 2197/571/1314 2199/572/1056
f 2198/572/1058 2195/570/1313 2200/573/46
f 2195/570/1313 2199/572/1056 2200/573/46
f 2201/525/1329 2202/526/1330 2203/527/1331
f 2203/527/1331 2204/528/1332 2201/525/1329
f 2205/529/1320 2201/525/1329 2204/528/1332
f 2204/528/1332 2206/531/1333 2205/529/1320
f 2207/574/1334 2206/531/1333 2204/528/1332
f 2208/575/1335 2204/528/1332 2203/527/1331
f 2204/528/1332 2208/575/1335 2207/574/1334
f 2203/527/1331 2209/576/1336 2208/575/1335
f 2208/575/1335 2209/576/1336 2210/530/1337
f 2210/530/1337 2211/532/1338 2208/575/1335
f 2207/574/1334 2208/575/1335 2211/532/1338
f 2211/532/1338 2212/533/1339 2207/574/1334
f 2213/577/1340 2214/578/1341 2215/579/1342
f 2215/579/1342 2216/580/1343 2213/577/1340
f 2216/580/1343 2215/579/1342 2217/581/1344
f 2217/581/1344 2218/582/1345 2216/580/1343
f 2218/582/1345 2217/581/1344 2219/583/1310
f 2220/584/1346 2213/577/1340 2216/580/1343
f 2221/585/1347 2218/582/1345 2219/583/1310
f 2222/586/1348 2216/580/1343 2218/582/1345
f 2218/582/1345 2221/585/1347 2222/586/1348
f 2216/580/1343 2222/586/1348 2220/584/1346
f 2223/587/1349 2221/585/1347 2219/583/1310
f 2223/587/1349 2219/583/1310 2224/588/1309
f 2224/588/1309 2225/589/1350 2223/587/1349
f 2226/590/1351 2223/587/1349 2225/589/1350
f 2221/585/1347 2223/587/1349 2227/591/1352
f 2226/590/1351 2227/591/1352 2223/587/1349
f 2227/591/1352 2222/586/1348 2221/585/1347
f 2226/590/1351 2228/592/1353 2227/591/1352
f 2228/592/1353 2226/590/1351 2229/593/1354
f 2229/593/1354 2230/445/1355 2228/592/1353
f 2227/591/1352 2228/592/1353 2230/445/1355
f 2222/586/1348 2227/591/1352 2231/594/1356
f 2230/445/1355 2231/594/1356 2227/591/1352
f 2231/594/1356 2220/584/1346 2222/586/1348
f 2231/594/1356 2230/445/1355 2232/448/1357
f 2233/595/1358 2220/584/1346 2231/594/1356
f 2213/577/1340 2220/584/1346 2233/595/1358
f 2233/595/1358 2234/596/1069 2213/577/1340
f 2232/448/1357 2235/597/1359 2231/594/1356
f 2231/594/1356 2235/597/1359 2233/595/1358
f 2236/577/1360 2234/596/1069 2233/595/1358
f 2237/594/1361 2235/597/1359 2232/448/1357
f 2233/595/1358 2235/597/1359 2237/594/1361
f 2232/448/1357 2238/445/1362 2237/594/1361
f 2233/595/1358 2239/584/1363 2236/577/1360
f 2237/594/1361 2239/584/1363 2233/595/1358
f 2240/579/1364 2241/578/1365 2236/577/1360
f 2236/577/1360 2242/580/1366 2240/579/1364
f 2242/580/1366 2236/577/1360 2239/584/1363
f 2243/581/1367 2240/579/1364 2242/580/1366
f 2244/586/1368 2239/584/1363 2237/594/1361
f 2239/584/1363 2244/586/1368 2242/580/1366
f 2242/580/1366 2245/582/1369 2243/581/1367
f 2245/582/1369 2242/580/1366 2244/586/1368
f 2243/581/1367 2245/582/1369 2246/583/1370
f 2244/586/1368 2247/585/1371 2245/582/1369
f 2245/582/1369 2247/585/1371 2246/583/1370
f 2237/594/1361 2248/591/1372 2244/586/1368
f 2247/585/1371 2244/586/1368 2248/591/1372
f 2248/591/1372 2237/594/1361 2238/445/1362
f 2247/585/1371 2249/587/1373 2246/583/1370
f 2248/591/1372 2249/587/1373 2247/585/1371
f 2250/588/1312 2246/583/1370 2249/587/1373
f 2249/587/1373 2251/589/1374 2250/588/1312
f 2249/587/1373 2252/590/1375 2251/589/1374
f 2249/587/1373 2248/591/1372 2252/590/1375
f 2238/445/1362 2253/592/1376 2248/591/1372
f 2248/591/1372 2253/592/1376 2252/590/1375
f 2253/592/1376 2238/445/1362 2254/593/1377
f 2254/593/1377 2252/590/1375 2253/592/1376
f 2255/579/1378 2256/578/1365 2257/577/1360
f 2257/577/1360 2258/580/1366 2255/579/1378
f 2259/581/1379 2255/579/1378 2258/580/1366
f 2258/580/1366 2260/582/1380 2259/581/1379
f 2259/581/1379 2260/582/1380 2261/583/1311
f 2258/580/1366 2257/577/1360 2262/584/1363
f 2260/582/1380 2263/585/1371 2261/583/1311
f 2260/582/1380 2258/580/1366 2264/586/1381
f 2264/586/1381 2263/585/1371 2260/582/1380
f 2262/584/1363 2264/586/1381 2258/580/1366
f 2263/585/1371 2265/587/1382 2261/583/1311
f 2266/588/1312 2261/583/1311 2265/587/1382
f 2265/587/1382 2267/589/1374 2266/588/1312
f 2265/587/1382 2268/590/1375 2267/589/1374
f 2269/591/1372 2265/587/1382 2263/585/1371
f 2265/587/1382 2269/591/1372 2268/590/1375
f 2263/585/1371 2264/586/1381 2269/591/1372
f 2269/591/1372 2270/592/1376 2268/590/1375
f 2271/593/1377 2268/590/1375 2270/592/1376
f 2270/592/1376 2272/445/1362 2271/593/1377
f 2272/445/1362 2270/592/1376 2269/591/1372
f 2273/594/1361 2269/591/1372 2264/586/1381
f 2269/591/1372 2273/594/1361 2272/445/1362
f 2264/586/1381 2262/584/1363 2273/594/1361
f 2274/448/1357 2272/445/1362 2273/594/1361
f 2273/594/1361 2262/584/1363 2275/595/1358
f 2275/595/1358 2262/584/1363 2257/577/1360
f 2257/577/1360 2276/596/1069 2275/595/1358
f 2273/594/1361 2277/597/1359 2274/448/1357
f 2275/595/1358 2277/597/1359 2273/594/1361
f 2275/595/1358 2276/596/1069 2278/577/1340
f 2274/448/1357 2277/597/1359 2279/594/1356
f 2279/594/1356 2277/597/1359 2275/595/1358
f 2279/594/1356 2280/445/1355 2274/448/1357
f 2278/577/1340 2281/584/1346 2275/595/1358
f 2275/595/1358 2281/584/1346 2279/594/1356
f 2278/577/1340 2282/578/1383 2283/579/1342
f 2283/579/1342 2284/580/1384 2278/577/1340
f 2281/584/1346 2278/577/1340 2284/580/1384
f 2284/580/1384 2283/579/1342 2285/581/1344
f 2279/594/1356 2281/584/1346 2286/586/1348
f 2284/580/1384 2286/586/1348 2281/584/1346
f 2285/581/1344 2287/582/1345 2284/580/1384
f 2286/586/1348 2284/580/1384 2287/582/1345
f 2287/582/1345 2285/581/1344 2288/583/1310
f 2287/582/1345 2289/585/1385 2286/586/1348
f 2289/585/1385 2287/582/1345 2288/583/1310
f 2286/586/1348 2290/591/1352 2279/594/1356
f 2290/591/1352 2286/586/1348 2289/585/1385
f 2280/445/1355 2279/594/1356 2290/591/1352
f 2291/587/1349 2289/585/1385 2288/583/1310
f 2289/585/1385 2291/587/1349 2290/591/1352
f 2291/587/1349 2288/583/1310 2292/588/1309
f 2292/588/1309 2293/589/1350 2291/587/1349
f 2294/590/1351 2291/587/1349 2293/589/1350
f 2294/590/1351 2290/591/1352 2291/587/1349
f 2290/591/1352 2295/592/1353 2280/445/1355
f 2294/590/1351 2295/592/1353 2290/591/1352
f 2296/593/1354 2280/445/1355 2295/592/1353
f 2295/592/1353 2294/590/1351 2296/593/1354
f 2297/598/1386 2298/599/70 2299/600/1387
f 2299/600/1387 2298/599/70 2300/601/1388
f 2301/602/1389 2298/599/70 2297/598/1386
f 2300/601/1388 2298/599/70 2301/602/1389
f 2302/598/1386 2303/599/70 2304/600/1387
f 2304/600/1387 2303/599/70 2305/601/1388
f 2306/602/1390 2303/599/70 2302/598/1386
f 2305/601/1388 2303/599/70 2306/602/1390
f 2307/598/1386 2308/599/70 2309/600/1387
f 2309/600/1387 2308/599/70 2310/601/1388
f 2311/602/1389 2308/599/70 2307/598/1386
f 2310/601/1388 2308/599/70 2311/602/1389
f 2312/599/70 2313/598/1391 2314/600/1392
f 2312/599/70 2314/600/1392 2315/601/1393
f 2312/599/70 2316/602/1394 2313/598/1391
f 2312/599/70 2315/601/1393 2316/602/1394
f 2317/599/70 2318/598/1395 2319/600/1396
f 2317/599/70 2319/600/1396 2320/601/1393
f 2317/599/70 2321/602/1394 2318/598/1395
f 2317/599/70 2320/601/1393 2321/602/1394
f 2322/599/70 2323/598/1395 2324/600/1397
f 2322/599/70 2324/600/1397 2325/601/1398
f 2322/599/70 2326/602/1394 2323/598/1395
f 2322/599/70 2325/601/1398 2326/602/1394
f 2327/598/1386 2328/599/70 2329/600/1387
f 2329/600/1387 2328/599/70 2330/601/1399
f 2331/602/1400 2328/599/70 2327/598/1386
f 2330/601/1399 2328/599/70 2331/602/1400
f 2332/598/1386 2333/599/70 2334/600/1387
f 2334/600/1387 2333/599/70 2335/601/1399
f 2336/602/1389 2333/599/70 2332/598/1386
f 2335/601/1399 2333/599/70 2336/602/1389
f 2337/603/1401 2338/318/1402 2339/323/995
f 2339/323/995 2340/318/1403 2341/603/1404
f 2339/323/995 2342/604/1405 2337/603/1401
f 2341/603/1404 2342/604/1405 2339/323/995
f 2343/605/1406 2337/603/1401 2342/604/1405
f 2342/604/1405 2341/603/1404 2344/605/1407
f 2337/603/1401 2343/605/1406 2345/606/1408
f 2344/605/1407 2346/607/1409 2342/604/1405
f 2342/604/1405 2346/607/1409 2343/605/1406
f 2345/606/1408 2347/608/1410 2337/603/1401
f 2348/319/1411 2337/603/1401 2347/608/1410
f 2349/320/1412 2348/319/1411 2347/608/1410
f 2347/608/1410 2350/609/1413 2349/320/1412
f 2347/608/1410 2345/606/1408 2350/609/1413
f 2351/610/1414 2349/320/1412 2350/609/1413
f 2352/611/1415 2345/606/1408 2343/605/1406
f 2345/606/1408 2352/611/1415 2350/609/1413
f 2343/605/1406 2353/612/1416 2352/611/1415
f 2353/612/1416 2343/605/1406 2346/607/1409
f 2350/609/1413 2354/613/1417 2351/610/1414
f 2355/614/1418 2351/610/1414 2354/613/1417
f 2356/615/1309 2355/614/1418 2354/613/1417
f 2354/613/1417 2357/616/1350 2356/615/1309
f 2350/609/1413 2357/616/1350 2354/613/1417
f 2357/616/1350 2350/609/1413 2358/617/1419
f 2350/609/1413 2352/611/1415 2358/617/1419
f 2352/611/1415 2359/618/1420 2358/617/1419
f 2359/618/1420 2352/611/1415 2353/612/1416
f 2358/617/1419 2359/618/1420 2360/619/1421
f 2353/612/1416 2360/619/1421 2359/618/1420
f 2360/619/1421 2361/620/1422 2358/617/1419
f 2360/619/1421 2353/612/1416 2362/621/1423
f 2346/607/1409 2362/621/1423 2353/612/1416
f 2362/621/1423 2363/622/67 2360/619/1421
f 2364/619/1424 2363/622/67 2362/621/1423
f 2365/612/1425 2362/621/1423 2346/607/1409
f 2362/621/1423 2365/612/1425 2364/619/1424
f 2346/607/1409 2344/605/1407 2365/612/1425
f 2366/618/1426 2364/619/1424 2365/612/1425
f 2367/611/1427 2365/612/1425 2344/605/1407
f 2365/612/1425 2367/611/1427 2366/618/1426
f 2364/619/1424 2366/618/1426 2368/617/1428
f 2366/618/1426 2367/611/1427 2368/617/1428
f 2368/617/1428 2369/620/1429 2364/619/1424
f 2344/605/1407 2370/606/1430 2367/611/1427
f 2370/606/1430 2344/605/1407 2341/603/1404
f 2367/611/1427 2371/609/1431 2368/617/1428
f 2367/611/1427 2370/606/1430 2371/609/1431
f 2371/609/1431 2372/616/1432 2368/617/1428
f 2341/603/1404 2373/608/1433 2370/606/1430
f 2370/606/1430 2373/608/1433 2371/609/1431
f 2341/603/1404 2374/319/1403 2373/608/1433
f 2373/608/1433 2374/319/1403 2375/320/1434
f 2375/320/1434 2371/609/1431 2373/608/1433
f 2371/609/1431 2375/320/1434 2376/610/1435
f 2372/616/1432 2371/609/1431 2377/613/1436
f 2376/610/1435 2377/613/1436 2371/609/1431
f 2378/615/1312 2372/616/1432 2377/613/1436
f 2376/610/1435 2379/614/1437 2377/613/1436
f 2377/613/1436 2379/614/1437 2378/615/1312
f 2380/323/995 2381/318/1403 2382/603/1404
f 2383/603/1401 2384/318/1402 2380/323/995
f 2382/603/1404 2385/604/1405 2380/323/995
f 2380/323/995 2385/604/1405 2383/603/1401
f 2385/604/1405 2382/603/1404 2386/605/1438
f 2387/605/1406 2383/603/1401 2385/604/1405
f 2388/606/1430 2386/605/1438 2382/603/1404
f 2385/604/1405 2389/607/1409 2387/605/1406
f 2386/605/1438 2389/607/1409 2385/604/1405
f 2382/603/1404 2390/608/1433 2388/606/1430
f 2382/603/1404 2391/319/1403 2390/608/1433
f 2390/608/1433 2391/319/1403 2392/320/1434
f 2392/320/1434 2393/609/1439 2390/608/1433
f 2388/606/1430 2390/608/1433 2393/609/1439
f 2393/609/1439 2392/320/1434 2394/610/1435
f 2386/605/1438 2388/606/1430 2395/611/1427
f 2395/611/1427 2388/606/1430 2393/609/1439
f 2394/610/1435 2396/613/1440 2393/609/1439
f 2394/610/1435 2397/614/1437 2396/613/1440
f 2396/613/1440 2397/614/1437 2398/615/1312
f 2398/615/1312 2399/616/1374 2396/613/1440
f 2399/616/1374 2393/609/1439 2396/613/1440
f 2393/609/1439 2399/616/1374 2400/617/1428
f 2395/611/1427 2393/609/1439 2400/617/1428
f 2395/611/1427 2401/612/1425 2386/605/1438
f 2389/607/1409 2386/605/1438 2401/612/1425
f 2402/618/1426 2395/611/1427 2400/617/1428
f 2401/612/1425 2395/611/1427 2402/618/1426
f 2403/619/1424 2402/618/1426 2400/617/1428
f 2402/618/1426 2403/619/1424 2401/612/1425
f 2400/617/1428 2404/620/1429 2403/619/1424
f 2405/621/1423 2401/612/1425 2403/619/1424
f 2401/612/1425 2405/621/1423 2389/607/1409
f 2403/619/1424 2406/622/67 2405/621/1423
f 2405/621/1423 2406/622/67 2407/619/1421
f 2389/607/1409 2405/621/1423 2408/612/1441
f 2407/619/1421 2408/612/1441 2405/621/1423
f 2408/612/1441 2387/605/1406 2389/607/1409
f 2408/612/1441 2407/619/1421 2409/618/1420
f 2387/605/1406 2408/612/1441 2410/611/1442
f 2409/618/1420 2410/611/1442 2408/612/1441
f 2411/617/1419 2409/618/1420 2407/619/1421
f 2407/619/1421 2412/620/1422 2411/617/1419
f 2410/611/1442 2409/618/1420 2411/617/1419
f 2410/611/1442 2413/606/1443 2387/605/1406
f 2383/603/1401 2387/605/1406 2413/606/1443
f 2414/609/1444 2410/611/1442 2411/617/1419
f 2413/606/1443 2410/611/1442 2414/609/1444
f 2415/616/1350 2414/609/1444 2411/617/1419
f 2413/606/1443 2416/608/1410 2383/603/1401
f 2416/608/1410 2413/606/1443 2414/609/1444
f 2417/319/1445 2383/603/1401 2416/608/1410
f 2418/320/1412 2417/319/1445 2416/608/1410
f 2416/608/1410 2414/609/1444 2418/320/1412
f 2419/610/1414 2418/320/1412 2414/609/1444
f 2414/609/1444 2415/616/1350 2420/613/1417
f 2414/609/1444 2420/613/1417 2419/610/1414
f 2420/613/1417 2415/616/1350 2421/615/1309
f 2422/614/1418 2419/610/1414 2420/613/1417
f 2421/615/1309 2422/614/1418 2420/613/1417
f 2423/623/1309 2424/624/46 2425/625/1446
f 2425/625/1446 2424/624/46 2426/623/1312
f 2425/625/1446 2427/626/1447 2423/623/1309
f 2426/623/1312 2428/626/1448 2425/625/1446
f 2427/626/1447 2425/625/1446 2429/627/1449
f 2429/627/1449 2425/625/1446 2428/626/1448
f 2429/627/1449 2430/628/1414 2427/626/1447
f 2428/626/1448 2431/628/1435 2429/627/1449
f 2432/321/1450 2430/628/1414 2429/627/1449
f 2429/627/1449 2431/628/1435 2433/321/1434
f 2429/627/1449 2434/322/1451 2432/321/1450
f 2433/321/1434 2434/322/1451 2429/627/1449
f 2435/629/1452 2436/630/64 2437/631/1453
f 2438/631/1454 2436/630/64 2435/629/1452
f 2437/631/1453 2439/632/1455 2435/629/1452
f 2435/629/1452 2440/632/1456 2438/631/1454
f 2441/633/1457 2435/629/1452 2439/632/1455
f 2440/632/1456 2435/629/1452 2441/633/1457
f 2439/632/1455 2442/634/1458 2441/633/1457
f 2441/633/1457 2443/634/1459 2440/632/1456
f 2444/635/1460 2441/633/1457 2442/634/1458
f 2443/634/1459 2441/633/1457 2444/635/1460
f 2442/634/1458 2445/636/1461 2444/635/1460
f 2444/635/1460 2446/636/1462 2443/634/1459
f 2447/637/1463 2444/635/1460 2445/636/1461
f 2446/636/1462 2444/635/1460 2447/637/1463
f 2445/636/1461 2448/638/1464 2447/637/1463
f 2447/637/1463 2449/638/1465 2446/636/1462
f 2450/639/1466 2447/637/1463 2448/638/1464
f 2449/638/1465 2447/637/1463 2450/639/1466
f 2448/638/1464 2451/640/1467 2450/639/1466
f 2450/639/1466 2452/640/1468 2449/638/1465
f 2453/641/1469 2450/639/1466 2451/640/1467
f 2452/640/1468 2450/639/1466 2453/641/1469
f 2451/640/1467 2454/642/1470 2453/641/1469
f 2453/641/1469 2455/642/1471 2452/640/1468
f 2456/643/1472 2453/641/1469 2454/642/1470
f 2455/642/1471 2453/641/1469 2456/643/1472
f 2454/642/1470 2457/644/1473 2456/643/1472
f 2456/643/1472 2458/644/1474 2455/642/1471
f 2459/645/1475 2456/643/1472 2457/644/1473
f 2458/644/1474 2456/643/1472 2459/645/1475
f 2457/644/1473 2460/646/1476 2459/645/1475
f 2459/645/1475 2461/646/1477 2458/644/1474
f 2459/645/1475 2460/646/1476 2462/484/1478
f 2463/484/1479 2461/646/1477 2459/645/1475
f 2462/484/1478 2464/487/70 2459/645/1475
f 2459/645/1475 2464/487/70 2463/484/1479
f 2465/625/1446 2466/624/46 2467/623/1312
f 2468/623/1309 2466/624/46 2465/625/1446
f 2467/623/1312 2469/626/1480 2465/625/1446
f 2465/625/1446 2470/626/1447 2468/623/1309
f 2471/627/1449 2465/625/1446 2469/626/1480
f 2470/626/1447 2465/625/1446 2471/627/1449
f 2469/626/1480 2472/628/1435 2471/627/1449
f 2471/627/1449 2473/628/1414 2470/626/1447
f 2471/627/1449 2472/628/1435 2474/321/1434
f 2475/321/1450 2473/628/1414 2471/627/1449
f 2474/321/1434 2476/322/1451 2471/627/1449
f 2471/627/1449 2476/322/1451 2475/321/1450
f 2477/631/1481 2478/630/64 2479/629/1482
f 2479/629/1482 2478/630/64 2480/631/1483
f 2479/629/1482 2481/632/1484 2477/631/1481
f 2480/631/1483 2482/632/1485 2479/629/1482
f 2481/632/1484 2479/629/1482 2483/633/1486
f 2483/633/1486 2479/629/1482 2482/632/1485
f 2483/633/1486 2484/634/1487 2481/632/1484
f 2482/632/1485 2485/634/1488 2483/633/1486
f 2484/634/1487 2483/633/1486 2486/635/1489
f 2486/635/1489 2483/633/1486 2485/634/1488
f 2486/635/1489 2487/636/1490 2484/634/1487
f 2485/634/1488 2488/636/1491 2486/635/1489
f 2487/636/1490 2486/635/1489 2489/637/1492
f 2489/637/1492 2486/635/1489 2488/636/1491
f 2489/637/1492 2490/638/1493 2487/636/1490
f 2488/636/1491 2491/638/1494 2489/637/1492
f 2490/638/1493 2489/637/1492 2492/639/1495
f 2492/639/1495 2489/637/1492 2491/638/1494
f 2492/639/1495 2493/640/1496 2490/638/1493
f 2491/638/1494 2494/640/1497 2492/639/1495
f 2493/640/1496 2492/639/1495 2495/641/1498
f 2495/641/1498 2492/639/1495 2494/640/1497
f 2495/641/1498 2496/642/1499 2493/640/1496
f 2494/640/1497 2497/642/1500 2495/641/1498
f 2496/642/1499 2495/641/1498 2498/643/1501
f 2498/643/1501 2495/641/1498 2497/642/1500
f 2498/643/1501 2499/644/1502 2496/642/1499
f 2497/642/1500 2500/644/1503 2498/643/1501
f 2499/644/1502 2498/643/1501 2501/645/1504
f 2501/645/1504 2498/643/1501 2500/644/1503
f 2501/645/1504 2502/646/1505 2499/644/1502
f 2500/644/1503 2503/646/1506 2501/645/1504
f 2504/484/1507 2502/646/1505 2501/645/1504
f 2501/645/1504 2503/646/1506 2505/484/1508
f 2501/645/1504 2506/487/70 2504/484/1507
f 2505/484/1508 2506/487/70 2501/645/1504
f 2507/647/1509 2508/648/1509 2509/649/1510
f 2510/650/1511 2508/648/1509 2507/647/1509
f 2509/649/1510 2511/651/1512 2507/647/1509
f 2507/647/1509 2512/652/1511 2510/650/1511
f 2511/651/1512 2509/649/1510 2513/653/1513
f 2510/650/1511 2512/652/1511 2514/652/1514
f 2513/653/1513 2515/654/1515 2511/651/1512
f 2514/652/1514 2516/650/1516 2510/650/1511
f 2515/654/1515 2513/653/1513 2517/653/1517
f 2518/655/1518 2516/650/1516 2514/652/1514
f 2517/653/1517 2519/656/1519 2515/654/1515
f 2514/652/1514 2520/657/1520 2518/655/1518
f 2521/658/1521 2519/656/1519 2517/653/1517
f 2518/655/1518 2520/657/1520 2521/658/1521
f 2517/653/1517 2522/659/1521 2521/658/1521
f 2521/658/1521 2522/659/1521 2518/655/1518
f 2523/660/1522 2524/661/1523 2525/662/1524
f 2526/663/1350 2524/661/1523 2523/660/1522
f 2525/662/1524 2527/664/1354 2523/660/1522
f 2523/660/1522 2528/665/1525 2526/663/1350
f 2527/664/1354 2525/662/1524 2529/666/1526
f 2526/663/1350 2528/665/1525 2530/667/1309
f 2529/666/1526 2531/668/1526 2527/664/1354
f 2530/667/1309 2532/669/1309 2526/663/1350
f 2533/664/1377 2531/668/1526 2529/666/1526
f 2534/670/46 2532/669/1309 2530/667/1309
f 2529/666/1526 2535/662/1527 2533/664/1377
f 2530/667/1309 2536/671/46 2534/670/46
f 2537/660/1375 2533/664/1377 2535/662/1527
f 2534/670/46 2536/671/46 2538/667/1312
f 2535/662/1527 2539/661/1528 2537/660/1375
f 2538/667/1312 2540/669/1529 2534/670/46
f 2537/660/1375 2539/661/1528 2541/663/1374
f 2541/663/1374 2540/669/1529 2538/667/1312
f 2541/663/1374 2542/665/1374 2537/660/1375
f 2538/667/1312 2542/665/1374 2541/663/1374
f 2543/672/1530 2544/620/1530 2545/619/1055
f 2546/673/1531 2544/620/1530 2543/672/1530
f 2545/619/1055 2547/674/1055 2543/672/1530
f 2543/672/1530 2548/675/1531 2546/673/1531
f 2547/674/1055 2545/619/1055 2549/622/1531
f 2546/673/1531 2548/675/1531 2550/672/1055
f 2549/622/1531 2551/676/1098 2547/674/1055
f 2550/672/1055 2552/620/1532 2546/673/1531
f 2553/674/1533 2551/676/1098 2549/622/1531
f 2554/619/1055 2552/620/1532 2550/672/1055
f 2549/622/1531 2554/619/1055 2553/674/1533
f 2550/672/1055 2553/674/1533 2554/619/1055
f 2555/677/1534 2556/678/1535 2557/679/1536
f 2558/680/1537 2557/679/1536 2556/678/1535
f 2559/681/1538 2556/678/1535 2555/677/1534
f 2556/678/1535 2560/682/1539 2558/680/1537
f 2555/677/1534 2561/683/1540 2559/681/1538
f 2562/684/1541 2558/680/1537 2560/682/1539
f 2563/685/1542 2559/681/1538 2561/683/1540
f 2560/682/1539 2563/685/1542 2562/684/1541
f 2561/683/1540 2564/686/1543 2563/685/1542
f 2562/684/1541 2563/685/1542 2564/686/1543
f 2565/677/1544 2566/678/1535 2567/679/1536
f 2568/680/1537 2567/679/1536 2566/678/1535
f 2569/681/1538 2566/678/1535 2565/677/1544
f 2566/678/1535 2570/682/1539 2568/680/1537
f 2565/677/1544 2571/683/1545 2569/681/1538
f 2572/684/1546 2568/680/1537 2570/682/1539
f 2573/685/1547 2569/681/1538 2571/683/1545
f 2570/682/1539 2573/685/1547 2572/684/1546
f 2571/683/1545 2574/686/1543 2573/685/1547
f 2572/684/1546 2573/685/1547 2574/686/1543
f 2575/677/1544 2576/678/1548 2577/679/1549
f 2578/680/1550 2577/679/1549 2576/678/1548
f 2579/681/1551 2576/678/1548 2575/677/1544
f 2576/678/1548 2580/682/1539 2578/680/1550
f 2575/677/1544 2581/683/1540 2579/681/1551
f 2582/684/1546 2578/680/1550 2580/682/1539
f 2583/685/1552 2579/681/1551 2581/683/1540
f 2580/682/1539 2583/685/1552 2582/684/1546
f 2581/683/1540 2584/686/1543 2583/685/1552
f 2582/684/1546 2583/685/1552 2584/686/1543
f 2585/649/1513 2586/648/1553 2587/647/1519
f 2587/647/1519 2586/648/1553 2588/650/1521
f 2587/647/1519 2589/651/1515 2585/649/1513
f 2588/650/1521 2590/652/1521 2587/647/1519
f 2591/653/1510 2585/649/1513 2589/651/1515
f 2592/652/1554 2590/652/1521 2588/650/1521
f 2589/651/1515 2593/654/1512 2591/653/1510
f 2588/650/1521 2594/650/1518 2592/652/1554
f 2595/653/1509 2591/653/1510 2593/654/1512
f 2592/652/1554 2594/650/1518 2596/655/1516
f 2593/654/1512 2597/656/1509 2595/653/1509
f 2596/655/1516 2598/657/1514 2592/652/1554
f 2595/653/1509 2597/656/1509 2599/658/1555
f 2599/658/1555 2598/657/1514 2596/655/1516
f 2599/658/1555 2600/659/1511 2595/653/1509
f 2596/655/1516 2600/659/1511 2599/658/1555
f 2601/662/1527 2602/661/1528 2603/660/1375
f 2603/660/1375 2602/661/1528 2604/663/1374
f 2603/660/1375 2605/664/1377 2601/662/1527
f 2604/663/1374 2606/665/1374 2603/660/1375
f 2607/666/1526 2601/662/1527 2605/664/1377
f 2608/667/1312 2606/665/1374 2604/663/1374
f 2605/664/1377 2609/668/1526 2607/666/1526
f 2604/663/1374 2610/669/1529 2608/667/1312
f 2607/666/1526 2609/668/1526 2611/664/1354
f 2608/667/1312 2610/669/1529 2612/670/46
f 2611/664/1354 2613/662/1524 2607/666/1526
f 2612/670/46 2614/671/46 2608/667/1312
f 2613/662/1524 2611/664/1354 2615/660/1522
f 2616/667/1309 2614/671/46 2612/670/46
f 2615/660/1522 2617/661/1523 2613/662/1524
f 2612/670/46 2618/669/1309 2616/667/1309
f 2619/663/1350 2617/661/1523 2615/660/1522
f 2616/667/1309 2618/669/1309 2619/663/1350
f 2615/660/1522 2620/665/1350 2619/663/1350
f 2619/663/1350 2620/665/1350 2616/667/1309
f 2621/619/1556 2622/620/1557 2623/672/1055
f 2623/672/1055 2622/620/1557 2624/673/1558
f 2623/672/1055 2625/674/1055 2621/619/1556
f 2624/673/1558 2626/675/1531 2623/672/1055
f 2627/622/1558 2621/619/1556 2625/674/1055
f 2628/672/1055 2626/675/1531 2624/673/1558
f 2625/674/1055 2629/676/1558 2627/622/1558
f 2624/673/1558 2630/620/1533 2628/672/1055
f 2627/622/1558 2629/676/1558 2631/674/1557
f 2628/672/1055 2630/620/1533 2632/619/1559
f 2631/674/1557 2632/619/1559 2627/622/1558
f 2632/619/1559 2631/674/1557 2628/672/1055
f 2633/678/1560 2634/677/1561 2635/679/1562
f 2633/678/1560 2635/679/1562 2636/680/1563
f 2634/677/1561 2633/678/1560 2637/681/1564
f 2636/680/1563 2638/682/1565 2633/678/1560
f 2637/681/1564 2639/683/1566 2634/677/1561
f 2638/682/1565 2636/680/1563 2640/684/1567
f 2639/683/1566 2637/681/1564 2641/685/1568
f 2640/684/1567 2641/685/1568 2638/682/1565
f 2641/685/1568 2642/686/1569 2639/683/1566
f 2641/685/1568 2640/684/1567 2642/686/1569
f 2643/678/1560 2644/677/1570 2645/679/1562
f 2643/678/1560 2645/679/1562 2646/680/1571
f 2644/677/1570 2643/678/1560 2647/681/1564
f 2646/680/1571 2648/682/1572 2643/678/1560
f 2647/681/1564 2649/683/1566 2644/677/1570
f 2648/682/1572 2646/680/1571 2650/684/1567
f 2649/683/1566 2647/681/1564 2651/685/1573
f 2650/684/1567 2651/685/1573 2648/682/1572
f 2651/685/1573 2652/686/1569 2649/683/1566
f 2651/685/1573 2650/684/1567 2652/686/1569
f 2653/678/1574 2654/677/1570 2655/679/1562
f 2653/678/1574 2655/679/1562 2656/680/1563
f 2654/677/1570 2653/678/1574 2657/681/1564
f 2656/680/1563 2658/682/1565 2653/678/1574
f 2657/681/1564 2659/683/1566 2654/677/1570
f 2658/682/1565 2656/680/1563 2660/684/1575
f 2659/683/1566 2657/681/1564 2661/685/1573
f 2660/684/1575 2661/685/1573 2658/682/1565
f 2661/685/1573 2662/686/1569 2659/683/1566
f 2661/685/1573 2660/684/1575 2662/686/1569
f 2663/677/1534 2664/678/1535 2665/679/1536
f 2666/680/1537 2665/679/1536 2664/678/1535
f 2667/681/1538 2664/678/1535 2663/677/1534
f 2664/678/1535 2668/682/1539 2666/680/1537
f 2663/677/1534 2669/683/1545 2667/681/1538
f 2670/684/1576 2666/680/1537 2668/682/1539
f 2671/685/1552 2667/681/1538 2669/683/1545
f 2668/682/1539 2671/685/1552 2670/684/1576
f 2669/683/1545 2672/686/1543 2671/685/1552
f 2670/684/1576 2671/685/1552 2672/686/1543
f 2673/677/1544 2674/678/1548 2675/679/1536
f 2676/680/1537 2675/679/1536 2674/678/1548
f 2677/681/1538 2674/678/1548 2673/677/1544
f 2674/678/1548 2678/682/1539 2676/680/1537
f 2673/677/1544 2679/683/1545 2677/681/1538
f 2680/684/1541 2676/680/1537 2678/682/1539
f 2681/685/1552 2677/681/1538 2679/683/1545
f 2678/682/1539 2681/685/1552 2680/684/1541
f 2679/683/1545 2682/686/1543 2681/685/1552
f 2680/684/1541 2681/685/1552 2682/686/1543
f 2683/687/70 2684/688/70 2685/689/70
f 2684/688/70 2683/687/70 2686/690/70
f 2685/689/70 2687/691/70 2683/687/70
f 2686/690/70 2688/692/70 2684/688/70
f 2687/691/70 2685/689/70 2689/693/70
f 2688/692/70 2686/690/70 2690/694/70
f 2689/693/70 2691/695/70 2687/691/70
f 2690/694/70 2692/696/70 2688/692/70
f 2691/695/70 2689/693/70 2693/697/70
f 2692/696/70 2690/694/70 2694/698/70
f 2693/697/70 2695/699/70 2691/695/70
f 2694/698/70 2696/700/70 2692/696/70
f 2695/699/70 2693/697/70 2697/701/70
f 2696/700/70 2694/698/70 2698/702/70
f 2697/701/70 2698/702/70 2695/699/70
f 2698/702/70 2697/701/70 2696/700/70
f 2699/703/1577 2700/687/1578 2701/691/1579
f 2700/687/1578 2699/703/1577 2702/704/1580
f 2701/691/1579 2703/705/1581 2699/703/1577
f 2702/704/1580 2704/690/1582 2700/687/1578
f 2703/705/1581 2701/691/1579 2705/695/1583
f 2704/690/1582 2702/704/1580 2706/706/1584
f 2705/695/1583 2707/707/1585 2703/705/1581
f 2706/706/1584 2708/694/1586 2704/690/1582
f 2707/707/1585 2705/695/1583 2709/699/1587
f 2708/694/1586 2706/706/1584 2710/708/1588
f 2709/699/1587 2711/709/1589 2707/707/1585
f 2710/708/1588 2712/698/1590 2708/694/1586
f 2711/709/1589 2709/699/1587 2713/702/1591
f 2712/698/1590 2710/708/1588 2714/710/1592
f 2713/702/1591 2714/710/1592 2711/709/1589
f 2714/710/1592 2713/702/1591 2712/698/1590
f 2715/687/70 2716/691/70 2717/689/70
f 2718/693/70 2717/689/70 2716/691/70
f 2717/689/70 2719/688/70 2715/687/70
f 2716/691/70 2720/695/70 2718/693/70
f 2721/690/70 2715/687/70 2719/688/70
f 2722/697/70 2718/693/70 2720/695/70
f 2719/688/70 2723/692/70 2721/690/70
f 2720/695/70 2724/699/70 2722/697/70
f 2725/694/70 2721/690/70 2723/692/70
f 2726/701/70 2722/697/70 2724/699/70
f 2723/692/70 2727/696/70 2725/694/70
f 2724/699/70 2728/702/70 2726/701/70
f 2729/698/70 2725/694/70 2727/696/70
f 2730/700/70 2726/701/70 2728/702/70
f 2727/696/70 2730/700/70 2729/698/70
f 2728/702/70 2729/698/70 2730/700/70
f 2731/703/1581 2732/705/1593 2733/691/1594
f 2734/695/1595 2733/691/1594 2732/705/1593
f 2733/691/1594 2735/687/1579 2731/703/1581
f 2732/705/1593 2736/707/1596 2734/695/1595
f 2737/704/1585 2731/703/1581 2735/687/1579
f 2738/699/1586 2734/695/1595 2736/707/1596
f 2735/687/1579 2739/690/1583 2737/704/1585
f 2736/707/1596 2740/709/1597 2738/699/1586
f 2741/706/1589 2737/704/1585 2739/690/1583
f 2742/702/1598 2738/699/1586 2740/709/1597
f 2739/690/1583 2743/694/1587 2741/706/1589
f 2740/709/1597 2744/710/1599 2742/702/1598
f 2745/708/1600 2741/706/1589 2743/694/1587
f 2746/698/1591 2742/702/1598 2744/710/1599
f 2743/694/1587 2746/698/1591 2745/708/1600
f 2744/710/1599 2745/708/1600 2746/698/1591
f 2747/711/67 2748/712/67 2749/713/1601
f 2750/714/67 2747/711/67 2749/713/1601
f 2748/712/67 2751/715/67 2749/713/1601
f 2752/716/67 2750/714/67 2749/713/1601
f 2751/715/67 2753/717/1602 2749/713/1601
f 2751/715/67 2754/718/46 2753/717/1602
f 2754/718/46 2755/719/67 2753/717/1602
f 2752/716/67 2749/713/1601 2756/720/1603
f 2756/720/1603 2757/721/67 2752/716/67
f 2749/713/1601 2753/717/1602 2758/722/1604
f 2758/722/1604 2759/723/1605 2749/713/1601
f 2760/724/1606 2758/722/1604 2753/717/1602
f 2759/723/1605 2761/725/1607 2749/713/1601
f 2756/720/1603 2749/713/1601 2761/725/1607
f 2762/726/1473 2760/724/1606 2753/717/1602
f 2761/725/1607 2763/727/1608 2756/720/1603
f 2763/727/1608 2764/728/1609 2756/720/1603
f 2753/717/1602 2765/729/1610 2762/726/1473
f 2755/719/67 2765/729/1610 2753/717/1602
f 2762/726/1473 2765/729/1610 2766/730/1611
f 2755/719/67 2767/731/67 2765/729/1610
f 2768/732/1478 2766/730/1611 2765/729/1610
f 2767/731/67 2769/733/67 2765/729/1610
f 2765/729/1610 2770/734/1612 2768/732/1478
f 2769/733/67 2770/734/1612 2765/729/1610
f 2771/735/1453 2768/732/1478 2770/734/1612
f 2770/734/1612 2769/733/67 2772/736/67
f 2770/734/1612 2773/737/1613 2771/735/1453
f 2772/736/67 2773/737/1613 2770/734/1612
f 2764/728/1609 2771/735/1453 2773/737/1613
f 2773/737/1613 2756/720/1603 2764/728/1609
f 2773/737/1613 2772/736/67 2757/721/67
f 2757/721/67 2756/720/1603 2773/737/1613
f 2774/711/46 2775/714/46 2776/713/1614
f 2777/712/46 2774/711/46 2776/713/1614
f 2775/714/46 2778/716/46 2776/713/1614
f 2779/715/46 2777/712/46 2776/713/1614
f 2780/720/1615 2776/713/1614 2778/716/46
f 2778/716/46 2781/721/46 2780/720/1615
f 2782/717/1616 2779/715/46 2776/713/1614
f 2783/719/46 2779/715/46 2782/717/1616
f 2784/725/1462 2776/713/1614 2780/720/1615
f 2784/725/1462 2785/723/1617 2776/713/1614
f 2780/720/1615 2786/727/1618 2784/725/1462
f 2776/713/1614 2785/723/1617 2787/722/1619
f 2787/722/1619 2782/717/1616 2776/713/1614
f 2788/728/1456 2786/727/1618 2780/720/1615
f 2787/722/1619 2789/724/1620 2782/717/1616
f 2782/717/1616 2789/724/1620 2790/726/1474
f 2788/728/1456 2780/720/1615 2791/737/1621
f 2791/737/1621 2780/720/1615 2781/721/46
f 2791/737/1621 2792/735/1622 2788/728/1456
f 2781/721/46 2793/736/46 2791/737/1621
f 2792/735/1622 2791/737/1621 2794/734/1623
f 2794/734/1623 2791/737/1621 2793/736/46
f 2794/734/1623 2795/732/1624 2792/735/1622
f 2793/736/46 2796/733/46 2794/734/1623
f 2795/732/1624 2794/734/1623 2797/729/1625
f 2794/734/1623 2796/733/46 2797/729/1625
f 2797/729/1625 2798/730/1626 2795/732/1624
f 2797/729/1625 2790/726/1474 2798/730/1626
f 2790/726/1474 2797/729/1625 2782/717/1616
f 2782/717/1616 2797/729/1625 2783/719/46
f 2796/733/46 2799/731/46 2797/729/1625
f 2799/731/46 2783/719/46 2797/729/1625
f 2800/711/67 2801/714/67 2802/713/1627
f 2803/712/67 2800/711/67 2802/713/1627
f 2801/714/67 2804/716/67 2802/713/1627
f 2805/715/67 2803/712/67 2802/713/1627
f 2806/720/1628 2802/713/1627 2804/716/67
f 2804/716/67 2807/721/67 2806/720/1628
f 2808/717/1629 2805/715/67 2802/713/1627
f 2809/718/46 2805/715/67 2808/717/1629
f 2810/719/67 2809/718/46 2808/717/1629
f 2811/725/1630 2802/713/1627 2806/720/1628
f 2811/725/1630 2812/723/1631 2802/713/1627
f 2806/720/1628 2813/727/1487 2811/725/1630
f 2802/713/1627 2812/723/1631 2814/722/1632
f 2814/722/1632 2808/717/1629 2802/713/1627
f 2815/728/1633 2813/727/1487 2806/720/1628
f 2814/722/1632 2816/724/1634 2808/717/1629
f 2808/717/1629 2816/724/1634 2817/726/1635
f 2815/728/1633 2806/720/1628 2818/737/1636
f 2818/737/1636 2806/720/1628 2807/721/67
f 2818/737/1636 2819/735/1481 2815/728/1633
f 2807/721/67 2820/736/67 2818/737/1636
f 2819/735/1481 2818/737/1636 2821/734/1637
f 2821/734/1637 2818/737/1636 2820/736/67
f 2821/734/1637 2822/732/1638 2819/735/1481
f 2820/736/67 2823/733/67 2821/734/1637
f 2822/732/1638 2821/734/1637 2824/729/1639
f 2821/734/1637 2823/733/67 2824/729/1639
f 2824/729/1639 2825/730/1640 2822/732/1638
f 2824/729/1639 2817/726/1635 2825/730/1640
f 2817/726/1635 2824/729/1639 2808/717/1629
f 2824/729/1639 2810/719/67 2808/717/1629
f 2823/733/67 2826/731/67 2824/729/1639
f 2826/731/67 2810/719/67 2824/729/1639
f 2827/711/46 2828/712/46 2829/713/1641
f 2830/714/46 2827/711/46 2829/713/1641
f 2828/712/46 2831/715/46 2829/713/1641
f 2832/716/46 2830/714/46 2829/713/1641
f 2831/715/46 2833/717/1642 2829/713/1641
f 2833/717/1642 2831/715/46 2834/719/46
f 2832/716/46 2829/713/1641 2835/720/1643
f 2835/720/1643 2836/721/46 2832/716/46
f 2829/713/1641 2833/717/1642 2837/722/1644
f 2837/722/1644 2838/723/1645 2829/713/1641
f 2839/724/1646 2837/722/1644 2833/717/1642
f 2838/723/1645 2840/725/1491 2829/713/1641
f 2835/720/1643 2829/713/1641 2840/725/1491
f 2841/726/1647 2839/724/1646 2833/717/1642
f 2840/725/1491 2842/727/1648 2835/720/1643
f 2842/727/1648 2843/728/1649 2835/720/1643
f 2833/717/1642 2844/729/1650 2841/726/1647
f 2834/719/46 2844/729/1650 2833/717/1642
f 2841/726/1647 2844/729/1650 2845/730/1651
f 2834/719/46 2846/731/46 2844/729/1650
f 2847/732/1508 2845/730/1651 2844/729/1650
f 2846/731/46 2848/733/46 2844/729/1650
f 2844/729/1650 2849/734/1652 2847/732/1508
f 2848/733/46 2849/734/1652 2844/729/1650
f 2850/735/1653 2847/732/1508 2849/734/1652
f 2849/734/1652 2848/733/46 2851/736/46
f 2849/734/1652 2852/737/1654 2850/735/1653
f 2851/736/46 2852/737/1654 2849/734/1652
f 2843/728/1649 2850/735/1653 2852/737/1654
f 2852/737/1654 2835/720/1643 2843/728/1649
f 2852/737/1654 2851/736/46 2836/721/46
f 2836/721/46 2835/720/1643 2852/737/1654
f 2853/738/1655 2854/199/1656 2855/200/1657
f 2856/44/1658 2854/199/1656 2853/738/1655
f 2855/200/1657 2857/739/1659 2853/738/1655
f 2857/739/1659 2855/200/1657 2858/201/1660
f 2856/44/1658 2853/738/1655 2859/740/1661
f 2856/44/1658 2859/740/1661 2860/741/1662
f 2856/44/1658 2860/741/1662 2861/45/1663
f 2860/741/1662 2862/193/1664 2861/45/1663
f 2859/740/1661 2853/738/1655 2863/742/1665
f 2853/738/1655 2857/739/1659 2863/742/1665
f 2863/742/1665 2864/743/1666 2859/740/1661
f 2865/744/1667 2864/743/1666 2863/742/1665
f 2866/745/1668 2862/193/1664 2860/741/1662
f 2860/741/1662 2867/746/1669 2866/745/1668
f 2866/745/1668 2867/746/1669 2868/747/1670
f 2862/193/1664 2866/745/1668 2869/748/1671
f 2868/747/1670 2869/748/1671 2866/745/1668
f 2869/748/1671 2870/195/1672 2862/193/1664
f 2871/196/1673 2870/195/1672 2869/748/1671
f 2872/749/1674 2869/748/1671 2868/747/1670
f 2869/748/1671 2872/749/1674 2871/196/1673
f 2868/747/1670 2873/750/1675 2872/749/1674
f 2872/749/1674 2873/750/1675 2874/747/1676
f 2871/196/1673 2872/749/1674 2875/748/1677
f 2874/747/1676 2875/748/1677 2872/749/1674
f 2875/748/1677 2876/195/1678 2871/196/1673
f 2877/193/1679 2876/195/1678 2875/748/1677
f 2878/745/1680 2875/748/1677 2874/747/1676
f 2875/748/1677 2878/745/1680 2877/193/1679
f 2874/747/1676 2879/746/1681 2878/745/1680
f 2878/745/1680 2879/746/1681 2880/741/1682
f 2880/741/1682 2877/193/1679 2878/745/1680
f 2877/193/1679 2880/741/1682 2881/45/1683
f 2880/741/1682 2882/44/1684 2881/45/1683
f 2880/741/1682 2883/740/1685 2882/44/1684
f 2883/740/1685 2884/738/1686 2882/44/1684
f 2884/738/1686 2885/199/1687 2882/44/1684
f 2886/200/1688 2885/199/1687 2884/738/1686
f 2887/742/1689 2884/738/1686 2883/740/1685
f 2883/740/1685 2888/743/1690 2887/742/1689
f 2884/738/1686 2889/739/1691 2886/200/1688
f 2889/739/1691 2884/738/1686 2887/742/1689
f 2858/201/1660 2886/200/1688 2889/739/1691
f 2887/742/1689 2888/743/1690 2865/744/1667
f 2889/739/1691 2890/751/1067 2858/201/1660
f 2858/201/1660 2890/751/1067 2857/739/1659
f 2889/739/1691 2887/742/1689 2891/752/1692
f 2865/744/1667 2891/752/1692 2887/742/1689
f 2889/739/1691 2892/753/1693 2890/751/1067
f 2891/752/1692 2892/753/1693 2889/739/1691
f 2892/753/1693 2857/739/1659 2890/751/1067
f 2891/752/1692 2865/744/1667 2893/752/1694
f 2893/752/1694 2892/753/1693 2891/752/1692
f 2865/744/1667 2894/752/1695 2893/752/1694
f 2892/753/1693 2893/752/1694 2894/752/1695
f 2857/739/1659 2892/753/1693 2894/752/1695
f 2863/742/1665 2894/752/1695 2865/744/1667
f 2894/752/1695 2863/742/1665 2857/739/1659
f 2895/754/1696 2896/755/1697 2897/756/1698
f 2898/757/1699 2896/755/1697 2895/754/1696
f 2897/756/1698 2899/758/1700 2895/754/1696
f 2899/758/1700 2897/756/1698 2900/759/1701
f 2898/757/1699 2895/754/1696 2901/760/1702
f 2900/759/1701 2902/761/1703 2899/758/1700
f 2895/754/1696 2903/762/1704 2901/760/1702
f 2904/758/1705 2902/761/1703 2900/759/1701
f 2900/759/1701 2905/756/1706 2904/758/1705
f 2906/763/1707 2903/762/1704 2895/754/1696
f 2895/754/1696 2899/758/1700 2906/763/1707
f 2901/760/1702 2903/762/1704 2906/763/1707
f 2899/758/1700 2902/761/1703 2907/764/1708
f 2907/764/1708 2906/763/1707 2899/758/1700
f 2907/764/1708 2902/761/1703 2904/758/1705
f 2906/763/1707 2908/765/1709 2901/760/1702
f 2909/754/1710 2904/758/1705 2905/756/1706
f 2905/756/1706 2910/755/1711 2909/754/1710
f 2909/754/1710 2910/755/1711 2911/757/1712
f 2904/758/1705 2912/763/1713 2907/764/1708
f 2912/763/1713 2904/758/1705 2909/754/1710
f 2906/763/1707 2907/764/1708 2913/766/1714
f 2913/766/1714 2907/764/1708 2912/763/1713
f 2913/766/1714 2908/765/1709 2906/763/1707
f 2909/754/1710 2914/762/1715 2912/763/1713
f 2914/762/1715 2909/754/1710 2915/760/1716
f 2912/763/1713 2914/762/1715 2915/760/1716
f 2909/754/1710 2911/757/1712 2915/760/1716
f 2915/760/1716 2916/765/1717 2912/763/1713
f 2912/763/1713 2916/765/1717 2913/766/1714
f 2917/767/1718 2915/760/1716 2911/757/1712
f 2911/757/1712 2918/768/1719 2917/767/1718
f 2917/767/1718 2918/768/1719 2919/769/1720
f 2920/770/1721 2916/765/1717 2915/760/1716
f 2915/760/1716 2917/767/1718 2920/770/1721
f 2913/766/1714 2916/765/1717 2921/771/1722
f 2920/770/1721 2921/771/1722 2916/765/1717
f 2921/771/1722 2922/772/1723 2913/766/1714
f 2913/766/1714 2922/772/1723 2923/771/1724
f 2923/771/1724 2908/765/1709 2913/766/1714
f 2924/773/1725 2921/771/1722 2920/770/1721
f 2923/771/1724 2925/770/1726 2908/765/1709
f 2901/760/1702 2908/765/1709 2925/770/1726
f 2925/770/1726 2923/771/1724 2926/773/1727
f 2920/770/1721 2927/774/1728 2924/773/1725
f 2928/775/67 2924/773/1725 2927/774/1728
f 2920/770/1721 2917/767/1718 2929/776/1729
f 2929/776/1729 2927/774/1728 2920/770/1721
f 2919/769/1720 2929/776/1729 2917/767/1718
f 2930/774/1730 2926/773/1727 2928/775/67
f 2926/773/1727 2930/774/1730 2925/770/1726
f 2927/774/1728 2931/777/1359 2928/775/67
f 2928/775/67 2931/777/1359 2930/774/1730
f 2932/778/1731 2931/777/1359 2927/774/1728
f 2930/774/1730 2931/777/1359 2932/778/1731
f 2927/774/1728 2929/776/1729 2933/779/1732
f 2927/774/1728 2933/779/1732 2932/778/1731
f 2929/776/1729 2919/769/1720 2934/152/1733
f 2935/151/1733 2934/152/1733 2919/769/1720
f 2934/152/1733 2936/153/1733 2929/776/1729
f 2937/780/1734 2935/151/1733 2919/769/1720
f 2936/153/1733 2935/151/1733 2937/780/1734
f 2937/780/1734 2929/776/1729 2936/153/1733
f 2933/779/1732 2929/776/1729 2937/780/1734
f 2938/781/1735 2937/780/1734 2919/769/1720
f 2937/780/1734 2938/781/1735 2939/782/1736
f 2937/780/1734 2940/783/1737 2933/779/1732
f 2939/782/1736 2940/783/1737 2937/780/1734
f 2933/779/1732 2940/783/1737 2941/149/1738
f 2939/782/1736 2941/149/1738 2940/783/1737
f 2941/149/1738 2942/150/1739 2933/779/1732
f 2932/778/1731 2933/779/1732 2942/150/1739
f 2939/782/1736 2943/375/1740 2941/149/1738
f 2942/150/1739 2944/376/1740 2932/778/1731
f 2939/782/1736 2945/784/1740 2943/375/1740
f 2932/778/1731 2944/376/1740 2946/150/1741
f 2943/375/1740 2945/784/1740 2947/782/1742
f 2948/149/1743 2943/375/1740 2947/782/1742
f 2946/150/1741 2949/779/1744 2932/778/1731
f 2949/779/1744 2946/150/1741 2948/149/1743
f 2932/778/1731 2949/779/1744 2930/774/1730
f 2948/149/1743 2947/782/1742 2950/783/1745
f 2948/149/1743 2950/783/1745 2949/779/1744
f 2951/780/1746 2950/783/1745 2947/782/1742
f 2949/779/1744 2950/783/1745 2951/780/1746
f 2947/782/1742 2952/781/1747 2951/780/1746
f 2953/776/1748 2930/774/1730 2949/779/1744
f 2951/780/1746 2953/776/1748 2949/779/1744
f 2925/770/1726 2930/774/1730 2953/776/1748
f 2951/780/1746 2952/781/1747 2954/769/1749
f 2953/776/1748 2955/767/1750 2925/770/1726
f 2925/770/1726 2955/767/1750 2901/760/1702
f 2898/757/1699 2901/760/1702 2955/767/1750
f 2955/767/1750 2956/768/1751 2898/757/1699
f 2954/769/1749 2956/768/1751 2955/767/1750
f 2955/767/1750 2953/776/1748 2954/769/1749
f 2957/153/1752 2953/776/1748 2951/780/1746
f 2953/776/1748 2957/153/1752 2958/152/1752
f 2958/152/1752 2954/769/1749 2953/776/1748
f 2951/780/1746 2959/151/1752 2957/153/1752
f 2958/152/1752 2959/151/1752 2954/769/1749
f 2959/151/1752 2951/780/1746 2954/769/1749
f 2960/785/1752 2961/786/1752 2962/787/1752
f 2963/786/1733 2964/785/1733 2965/787/1733
f 2966/788/1753 2967/789/1753 2968/790/1753
f 2968/790/1753 2969/791/1753 2966/788/1753
f 2970/788/1753 2969/791/1753 2968/790/1753
f 2968/790/1753 2971/789/1753 2970/788/1753
