# Blender 4.3.2
# www.blender.org
mtllib FED_Danube_Bomber.mtl
o Danube_1_Pod
v -37.689392 26.881639 -46.131180
v -41.489902 32.550053 -50.373043
v -41.489902 32.550053 -63.969654
v -37.689392 26.881638 -70.456017
v -41.489902 32.550053 -63.969654
v -39.028553 32.454941 -64.293022
v -35.840500 27.653906 -70.456017
v -37.689392 26.881638 -70.456017
v -38.720394 35.361446 -62.885422
v -37.069332 34.349522 -62.885422
v -39.028553 32.454941 -64.293022
v -41.489902 32.550053 -63.969654
v -31.142187 43.046181 -72.164177
v -29.491127 42.034245 -72.164177
v -37.069332 34.349522 -62.885422
v -38.720394 35.361446 -62.885422
v 37.685589 26.881639 -46.131180
v 37.685589 26.881638 -70.456017
v 41.489902 32.550053 -63.969654
v 41.489902 32.550053 -50.373043
v 41.489902 32.550053 -63.969654
v 37.685589 26.881638 -70.456017
v 35.836693 27.653906 -70.456017
v 39.028553 32.454941 -64.293022
v 38.716591 35.361446 -62.885422
v 41.489902 32.550053 -63.969654
v 39.028553 32.454941 -64.293022
v 37.065529 34.349522 -62.885422
v 31.142187 43.046181 -72.164177
v 38.716591 35.361446 -62.885422
v 37.065529 34.349522 -62.885422
v 29.491127 42.034245 -72.164177
v -19.211849 51.221691 -66.256042
v -19.428696 50.213501 -65.715828
v -19.367802 50.932541 -65.137589
v -19.227060 51.468956 -65.422943
v -17.161320 53.047710 -66.362564
v -17.176527 53.112411 -65.514183
v -13.961857 54.409683 -66.442474
v -13.961857 54.459171 -65.594093
v -6.509184 55.067825 -66.495697
v -6.695613 55.102043 -65.647385
v -5.063564 55.105850 -65.970757
v -5.725509 55.124924 -65.293541
v -4.154294 55.174351 -64.593575
v -5.097783 55.170547 -64.346306
v -3.869010 55.414005 -58.708321
v -4.823906 55.406403 -58.670235
v -3.473339 55.490112 -50.555614
v -4.435839 55.486305 -50.707825
v -4.241806 55.440681 -48.896950
v -4.957043 55.448288 -49.589314
v -6.939074 55.387390 -48.128487
v -7.083679 55.406403 -48.980659
v -14.897742 54.725449 -48.246414
v -14.886335 54.740658 -49.098591
v -18.325394 53.333054 -48.295841
v -18.313988 53.340664 -49.148018
v -20.528135 51.480362 -48.326321
v -20.467239 51.708611 -49.178497
v -20.699293 50.430351 -48.957787
v -20.547146 51.179810 -49.494202
v -20.710699 50.106983 -50.555614
v -20.554750 50.947754 -50.643127
v -20.200966 50.008064 -58.464794
v -20.056360 50.848827 -58.468597
v -19.596052 49.909142 -64.563156
v -19.462917 50.753716 -64.449036
v -19.428696 50.213501 -65.715828
v -19.367802 50.932541 -65.137589
v -17.750961 52.640694 -49.121403
v -19.904211 51.012451 -49.151817
v -20.467239 51.708611 -49.178497
v -18.313988 53.340664 -49.148018
v -14.323246 54.044491 -49.071976
v -14.886335 54.740658 -49.098591
v -6.520590 54.710236 -48.957787
v -7.083679 55.406403 -48.980659
v -4.394016 54.752064 -49.562702
v -4.957043 55.448288 -49.589314
v -3.872812 54.786343 -50.681149
v -4.435839 55.486305 -50.707825
v -4.260817 54.706436 -58.647423
v -4.823906 55.406403 -58.670235
v -4.538559 54.474380 -64.323433
v -5.097783 55.170547 -64.346306
v -5.162482 54.428692 -65.266930
v -5.725509 55.124924 -65.293541
v -6.132586 54.402077 -65.620712
v -6.695613 55.102043 -65.647385
v -13.398830 53.759148 -65.567482
v -13.961857 54.459171 -65.594093
v -16.613501 52.412445 -65.487572
v -17.176527 53.112411 -65.514183
v -18.667833 50.772728 -65.400063
v -19.227060 51.468956 -65.422943
v -18.804773 50.236317 -65.110977
v -19.367802 50.932541 -65.137589
v -18.903690 50.053749 -64.422356
v -19.462917 50.753716 -64.449036
v -19.493332 50.152668 -58.441982
v -20.056360 50.848827 -58.468597
v -19.995525 50.247784 -50.616512
v -20.554750 50.947754 -50.643127
v -19.984119 50.479843 -49.471382
v -20.547146 51.179810 -49.494202
v -19.904211 51.012451 -49.151817
v -20.467239 51.708611 -49.178497
v -9.202650 53.135216 -75.268524
v -6.931470 53.310242 -75.283730
v -7.110294 55.117310 -75.439682
v -9.377673 54.942287 -75.424469
v -11.036337 52.887955 -76.444000
v -11.215161 54.695023 -76.600014
v -11.736364 52.667309 -78.361404
v -11.915127 54.474377 -78.521210
v -11.036337 52.553181 -80.290192
v -11.215161 54.360252 -80.446159
v -9.202650 52.591202 -81.488564
v -9.377673 54.398273 -81.648369
v -6.931470 52.766224 -81.503761
v -7.110294 54.573296 -81.663582
v -5.097783 53.013489 -80.328217
v -5.276608 54.820557 -80.488037
v -4.397818 53.234138 -78.410889
v -4.572778 55.045010 -78.570641
v -5.097783 53.348267 -76.482086
v -5.276608 55.159134 -76.641838
v -6.931470 53.310242 -75.283730
v -7.110294 55.117310 -75.439682
v -31.142187 43.046181 -50.373043
v -25.188425 49.083641 -50.373047
v -25.188425 49.083641 -72.940247
v -31.142187 43.046181 -72.164177
v -38.720394 35.361446 -50.373043
v -38.720394 35.361446 -62.885422
v -41.489902 32.550053 -50.373043
v -41.489902 32.550053 -63.969654
v -23.815044 47.443993 -72.925041
v -23.784628 47.455402 -50.373047
v -29.491127 42.034248 -50.373043
v -29.491127 42.034245 -72.164177
v -37.069332 34.349522 -50.373043
v -37.069332 34.349522 -62.885422
v -39.028553 32.454941 -50.003990
v -39.028553 32.454941 -64.293022
v -39.028553 32.454941 -64.293022
v -39.028553 32.454941 -50.003990
v -35.840500 27.653908 -46.131180
v -35.840500 27.653906 -70.456017
v -34.798153 26.101704 -44.944229
v -34.798153 26.101704 -71.441330
v -29.491127 42.034245 -72.164177
v -31.142187 43.046181 -72.164177
v -25.188425 49.083641 -72.940247
v -23.815044 47.443993 -72.925041
v 0.000000 49.083641 -73.164696
v 0.000000 47.436390 -73.164696
v 23.811245 47.443993 -72.925041
v 25.188425 49.083641 -72.940247
v 29.491127 42.034245 -72.164177
v 31.142187 43.046181 -72.164177
v -39.028553 32.454941 -50.003990
v -41.489902 32.550053 -50.373043
v -37.689392 26.881639 -46.131180
v -35.840500 27.653908 -46.131180
v -36.647049 25.329437 -44.944229
v -34.798153 26.101704 -44.944229
v -41.489902 32.550053 -50.373043
v -39.028553 32.454941 -50.003990
v -37.069332 34.349522 -50.373043
v -38.720394 35.361446 -50.373043
v -29.491127 42.034248 -50.373043
v -31.142187 43.046181 -50.373043
v -23.784628 47.455402 -50.373047
v -25.188425 49.083641 -50.373047
v 0.000000 49.083641 -50.373047
v 0.000000 47.436390 -50.373047
v 23.784628 47.455402 -50.373047
v 25.188425 49.083641 -50.373047
v 31.142187 43.046181 -50.373043
v 29.491127 42.034248 -50.373043
v 38.716591 35.361446 -50.373043
v 37.065529 34.349522 -50.373043
v 41.489902 32.550053 -50.373043
v 39.028553 32.454941 -50.003990
v 19.363998 50.932541 -65.137589
v 19.428696 50.213501 -65.715828
v 19.208048 51.221691 -66.256042
v 19.227060 51.468956 -65.422943
v 17.157516 53.047710 -66.362564
v 17.172724 53.112411 -65.514183
v 13.958055 54.409683 -66.442474
v 13.958055 54.459171 -65.594093
v 6.509184 55.067825 -66.495697
v 6.691811 55.102043 -65.647385
v 5.063564 55.105850 -65.970757
v 5.721707 55.124924 -65.293541
v 4.154294 55.174351 -64.593575
v 5.097783 55.170547 -64.346306
v 3.869010 55.414005 -58.708321
v 4.820103 55.406403 -58.670235
v 3.469537 55.490112 -50.555614
v 4.432037 55.486305 -50.707825
v 4.241806 55.440681 -48.896950
v 4.953240 55.448288 -49.589314
v 6.939074 55.387390 -48.128487
v 7.079815 55.406403 -48.980659
v 14.897742 54.725449 -48.246414
v 14.882534 54.740658 -49.098591
v 18.321592 53.333054 -48.295841
v 18.310184 53.340664 -49.148018
v 20.528135 51.480362 -48.326321
v 20.467239 51.708611 -49.178497
v 20.695494 50.430351 -48.957787
v 20.547146 51.179810 -49.494202
v 20.706898 50.106983 -50.555614
v 20.554750 50.947754 -50.643127
v 20.200966 50.008064 -58.464794
v 20.052559 50.848827 -58.468597
v 19.596052 49.909142 -64.563156
v 19.462917 50.753716 -64.449036
v 19.428696 50.213501 -65.715828
v 19.363998 50.932541 -65.137589
v 20.467239 51.708611 -49.178497
v 19.904211 51.012451 -49.151817
v 17.750961 52.640694 -49.121403
v 18.310184 53.340664 -49.148018
v 14.323246 54.044491 -49.071976
v 14.882534 54.740658 -49.098591
v 6.520590 54.710236 -48.957787
v 7.079815 55.406403 -48.980659
v 4.394016 54.752064 -49.562702
v 4.953240 55.448288 -49.589314
v 3.872812 54.786343 -50.681149
v 4.432037 55.486305 -50.707825
v 4.260817 54.706436 -58.647423
v 4.820103 55.406403 -58.670235
v 4.534757 54.474380 -64.323433
v 5.097783 55.170547 -64.346306
v 5.158680 54.428692 -65.266930
v 5.721707 55.124924 -65.293541
v 6.132586 54.402077 -65.620712
v 6.691811 55.102043 -65.647385
v 13.395028 53.759148 -65.567482
v 13.958055 54.459171 -65.594093
v 16.609697 52.412445 -65.487572
v 17.172724 53.112411 -65.514183
v 18.664034 50.772728 -65.400063
v 19.227060 51.468956 -65.422943
v 18.804773 50.236317 -65.110977
v 19.363998 50.932541 -65.137589
v 18.899891 50.053749 -64.422356
v 19.462917 50.753716 -64.449036
v 19.489531 50.152668 -58.441982
v 20.052559 50.848827 -58.468597
v 19.991724 50.247784 -50.616512
v 20.554750 50.947754 -50.643127
v 19.984119 50.479843 -49.471382
v 20.547146 51.179810 -49.494202
v 19.904211 51.012451 -49.151817
v 20.467239 51.708611 -49.178497
v 7.110294 55.117310 -75.439682
v 6.931470 53.310242 -75.283730
v 9.198848 53.135216 -75.268524
v 9.377673 54.942287 -75.424469
v 11.036337 52.887955 -76.444000
v 11.211358 54.695023 -76.600014
v 11.736364 52.667309 -78.361404
v 11.915127 54.474377 -78.521210
v 11.036337 52.553181 -80.290192
v 11.211358 54.360252 -80.446159
v 9.198848 52.591202 -81.488564
v 9.377673 54.398273 -81.648369
v 6.931470 52.766224 -81.503761
v 7.110294 54.573296 -81.663582
v 5.093982 53.013489 -80.328217
v 5.272806 54.820557 -80.488037
v 4.394016 53.234138 -78.410889
v 4.572778 55.045010 -78.570641
v 5.093982 53.348267 -76.482086
v 5.272806 55.159134 -76.641838
v 6.931470 53.310242 -75.283730
v 7.110294 55.117310 -75.439682
v 25.188425 49.083641 -72.940247
v 25.188425 49.083641 -50.373047
v 31.142187 43.046181 -50.373043
v 31.142187 43.046181 -72.164177
v 38.716591 35.361446 -50.373043
v 38.716591 35.361446 -62.885422
v 41.489902 32.550053 -50.373043
v 41.489902 32.550053 -63.969654
v 29.491127 42.034248 -50.373043
v 23.784628 47.455402 -50.373047
v 23.811245 47.443993 -72.925041
v 29.491127 42.034245 -72.164177
v 37.065529 34.349522 -50.373043
v 37.065529 34.349522 -62.885422
v 39.028553 32.454941 -50.003990
v 39.028553 32.454941 -64.293022
v 35.836693 27.653908 -46.131180
v 39.028553 32.454941 -50.003990
v 39.028553 32.454941 -64.293022
v 35.836693 27.653906 -70.456017
v 34.794353 26.101704 -44.944229
v 34.794353 26.101704 -71.441330
v 37.685589 26.881639 -46.131180
v 41.489902 32.550053 -50.373043
v 39.028553 32.454941 -50.003990
v 35.836693 27.653908 -46.131180
v 36.643242 25.329437 -44.944229
v 34.794353 26.101704 -44.944229
v 0.000000 52.119488 -82.116280
v -15.198236 51.895035 -82.188583
v -12.356423 53.032494 -83.200516
v 0.000000 53.032494 -83.200516
v 12.352621 53.032494 -83.200516
v 15.198236 51.895035 -82.188583
v -25.188425 49.083641 -72.940247
v -25.188425 49.083641 -50.373047
v 0.000000 49.083641 -50.373047
v 0.000000 49.083641 -73.164696
v 25.188425 49.083641 -72.940247
v 25.188425 49.083641 -50.373047
v 0.000000 53.032494 -83.200516
v -12.356423 53.032494 -83.200516
v -5.755926 53.572712 -84.292343
v 0.000000 53.637409 -84.558624
v 5.752124 53.572712 -84.292343
v 12.352621 53.032494 -83.200516
v -5.755926 43.293438 -77.239143
v -12.356423 43.875538 -77.516830
v 0.000000 44.088585 -77.566315
v 0.000000 43.221199 -77.227737
v 5.752124 43.293438 -77.239143
v 12.352621 43.875538 -77.516830
v 0.000000 44.088585 -77.566315
v 0.000000 45.092907 -78.262482
v -12.356423 43.875538 -77.516830
v 15.198236 45.092907 -78.262482
v -15.198236 45.092907 -78.262482
v 0.000000 46.721153 -79.194557
v 17.024317 46.721153 -79.194557
v -17.028120 46.721153 -79.194557
v 0.000000 48.543434 -80.210297
v 17.343884 48.543434 -80.210297
v -17.343884 48.543434 -80.210297
v 17.024317 50.339031 -81.165192
v -17.028120 50.339031 -81.165192
v 0.000000 50.339031 -81.165192
v 15.198236 51.895035 -82.188583
v -15.198236 51.895035 -82.188583
v 0.000000 52.119488 -82.116280
v 0.000000 47.436390 -50.373047
v -23.784628 47.455402 -50.373047
v -23.815044 47.443993 -72.925041
v 0.000000 47.436390 -73.164696
v 23.811245 47.443993 -72.925041
v 23.784628 47.455402 -50.373047
v 0.000000 55.121117 -67.104416
v -5.063564 55.105850 -65.970757
v -4.154294 55.174351 -64.593575
v -3.869010 55.414005 -58.708321
v 0.000000 55.463493 -58.719727
v -3.473339 55.490112 -50.555614
v 0.000000 55.121117 -67.104416
v 0.000000 55.531937 -50.555614
v -4.241806 55.440681 -48.896950
v 3.469537 55.490112 -50.555614
v 3.869010 55.414005 -58.708321
v 4.154294 55.174351 -64.593575
v 4.241806 55.440681 -48.896950
v 5.063564 55.105850 -65.970757
v 0.000000 55.121117 -67.104416
v 0.000000 55.322693 -42.517105
v 6.999970 55.242847 -42.505692
v -6.999970 55.242847 -42.505692
v 6.939074 55.387390 -48.128487
v -6.939074 55.387390 -48.128487
v 14.897742 54.725449 -48.246414
v -14.897742 54.725449 -48.246414
v 15.027077 54.592308 -42.505692
v -15.030880 54.592308 -42.505692
v 18.321592 53.333054 -48.295841
v -18.325394 53.333054 -48.295841
v 18.489010 53.234138 -42.505692
v -18.489010 53.234138 -42.505692
v 20.528135 51.480362 -48.326321
v -20.528135 51.480362 -48.326321
v 20.710699 51.427071 -42.505692
v -20.714502 51.427071 -42.505692
v 20.695494 50.430351 -48.957787
v -20.699293 50.430351 -48.957787
v 21.094963 49.395607 -42.505692
v -21.098766 49.395607 -42.505692
v 20.836296 49.399410 -50.555614
v 20.706898 50.106983 -50.555614
v -20.836296 49.399410 -50.555614
v -20.710699 50.106983 -50.555614
v -20.455833 47.333672 -50.555614
v -20.714502 47.394505 -42.505692
v -20.322697 49.330910 -58.445782
v -20.200966 50.008064 -58.464794
v -19.596052 49.909142 -64.563156
v -19.949839 47.249962 -58.381149
v -18.260757 45.545609 -50.555614
v -18.489010 45.659733 -42.505692
v -17.808054 45.439091 -58.324051
v -14.844450 44.233128 -50.555614
v -15.030880 44.389076 -42.505692
v -14.475456 44.107594 -58.278423
v -6.916261 43.613007 -50.555611
v -6.999970 43.788029 -42.505692
v 0.000000 43.715725 -42.505692
v -6.745040 43.479866 -58.259354
v 0.000000 43.540764 -50.555611
v 6.912459 43.613007 -50.555611
v 6.999970 43.788029 -42.505692
v 15.027077 44.389076 -42.505692
v 0.000000 43.403763 -58.259354
v 14.844450 44.233128 -50.555614
v 18.489010 45.659733 -42.505692
v 6.741238 43.479866 -58.259354
v 18.260757 45.545609 -50.555614
v 20.710699 47.394505 -42.505692
v 14.475456 44.107594 -58.278423
v 6.490173 43.388554 -65.274529
v 20.455833 47.333672 -50.555614
v 17.808054 45.439091 -58.324051
v 19.949839 47.249962 -58.381149
v 13.939045 44.012482 -65.346832
v 17.146048 45.332565 -65.533257
v 20.318893 49.330910 -58.445782
v 20.200966 50.008064 -58.464794
v 19.596052 49.909142 -64.563156
v 19.208048 47.120625 -65.765312
v 19.565636 49.163551 -66.020187
v 19.428696 50.213501 -65.715828
v 19.208048 51.221691 -66.256042
v 16.274862 45.218437 -72.175583
v 18.234142 46.945602 -72.700584
v 18.572718 48.904819 -73.275024
v 13.231412 43.936371 -71.757095
v 15.198236 45.092907 -78.262482
v 12.352621 43.875538 -77.516830
v 17.024317 46.721153 -79.194557
v 5.752124 43.293438 -77.239143
v 17.343884 48.543434 -80.210297
v 6.163003 43.327721 -71.601151
v 18.234142 50.856438 -73.811432
v 17.024317 50.339031 -81.165192
v 17.146048 53.043907 -66.514771
v 17.157516 53.047710 -66.362564
v 13.958055 54.409683 -66.442474
v 16.274862 52.572193 -74.385872
v 15.198236 51.895035 -82.188583
v 13.939045 54.398277 -66.765839
v 6.509184 55.067825 -66.495697
v 13.231412 53.839050 -74.956558
v 12.352621 53.032494 -83.200516
v 6.490173 55.045013 -67.039780
v 6.163003 54.440098 -75.569016
v 5.752124 53.572712 -84.292343
v 0.000000 54.512402 -75.721222
v 0.000000 53.637409 -84.558624
v -5.755926 53.572712 -84.292343
v -6.163003 54.440098 -75.569016
v -12.356423 53.032494 -83.200516
v -6.493976 55.045013 -67.039780
v -6.509184 55.067825 -66.495697
v -13.231412 53.839050 -74.956558
v -15.198236 51.895035 -82.188583
v -13.939045 54.398277 -66.765839
v -13.961857 54.409683 -66.442474
v -16.278664 52.572193 -74.385872
v -17.028120 50.339031 -81.165192
v -17.149910 53.043907 -66.514771
v -17.161320 53.047710 -66.362564
v -19.211849 51.221691 -66.256042
v -18.237944 50.856438 -73.811432
v -17.343884 48.543434 -80.210297
v -18.576521 48.904819 -73.275024
v -17.028120 46.721153 -79.194557
v -19.565636 49.163551 -66.020187
v -19.428696 50.213501 -65.715828
v -18.237944 46.945602 -72.700584
v -15.198236 45.092907 -78.262482
v -19.211849 47.120625 -65.765312
v -16.278664 45.218437 -72.175583
v -12.356423 43.875538 -77.516830
v -17.149910 45.332565 -65.533257
v -13.231412 43.936371 -71.757095
v -5.755926 43.293438 -77.239143
v -13.939045 44.012482 -65.346832
v -6.163003 43.327721 -71.601151
v -6.493976 43.388554 -65.274529
v 0.000000 43.312447 -65.274529
v 0.000000 43.255417 -71.597351
v 0.000000 43.221199 -77.227737
v -19.664553 49.441231 -38.705185
v -17.709137 52.168922 -38.705185
v -19.402020 50.803207 -38.705185
v -19.405821 48.132553 -38.705185
v -17.747158 46.865696 -38.705185
v -14.699906 45.773857 -38.705185
v -6.927667 53.983593 -38.705185
v -14.673291 53.355869 -38.705185
v 0.000000 45.138531 -38.705185
v -6.935272 45.210835 -38.705185
v 0.000000 54.059700 -38.705185
v 6.927667 53.983593 -38.705185
v 17.709137 52.168922 -38.705185
v 14.669490 53.355869 -38.705185
v 6.935272 45.210835 -38.705185
v 14.699906 45.773857 -38.705185
v 17.743357 46.865696 -38.705185
v 19.405821 48.132553 -38.705185
v 19.660751 49.441231 -38.705185
v 19.398216 50.803207 -38.705185
v -11.915127 54.474377 -78.521210
v -11.215161 54.695023 -76.600014
v -9.377673 54.942287 -75.424469
v -7.110294 55.117310 -75.439682
v -5.276608 55.159134 -76.641838
v -9.377673 54.398273 -81.648369
v -11.215161 54.360252 -80.446159
v -5.276608 54.820557 -80.488037
v -4.572778 55.045010 -78.570641
v -7.110294 54.573296 -81.663582
v 9.377673 54.398273 -81.648369
v 7.110294 54.573296 -81.663582
v 5.272806 54.820557 -80.488037
v 5.272806 55.159134 -76.641838
v 4.572778 55.045010 -78.570641
v 11.915127 54.474377 -78.521210
v 11.211358 54.360252 -80.446159
v 9.377673 54.942287 -75.424469
v 11.211358 54.695023 -76.600014
v 7.110294 55.117310 -75.439682
v -10.983107 49.106453 -88.534157
v -10.343975 49.620056 -88.534157
v -9.309172 50.068954 -88.534157
v -7.916782 50.437946 -88.534157
v -6.216233 50.711891 -88.534157
v -10.983107 48.007019 -88.534157
v -11.196151 48.558636 -88.534157
v -4.279889 50.898323 -88.534157
v -2.179867 51.008644 -88.534157
v -9.309172 47.044518 -88.534157
v -10.343975 47.493420 -88.534157
v 0.000000 46.074413 -88.534157
v 0.000000 51.042862 -88.534157
v -6.216233 46.401588 -88.534157
v -7.916782 46.679325 -88.534157
v -4.279889 46.215153 -88.534157
v -2.179867 46.108631 -88.534157
v 2.176065 51.008644 -88.534157
v 4.279889 46.215153 -88.534157
v 2.176065 46.108631 -88.534157
v 6.216233 46.401588 -88.534157
v 4.279889 50.898323 -88.534157
v 6.216233 50.711891 -88.534157
v 9.305370 47.044518 -88.534157
v 7.912980 46.679325 -88.534157
v 7.912980 50.437946 -88.534157
v 9.305370 50.068954 -88.534157
v 10.979304 48.007019 -88.534157
v 10.343975 47.493420 -88.534157
v 10.979304 49.106453 -88.534157
v 10.343975 49.620056 -88.534157
v 11.196151 48.558636 -88.534157
v -19.896606 50.799404 -50.532803
v -19.995525 50.247784 -50.616512
v -19.984119 50.479843 -49.471382
v -19.904211 51.012451 -49.151817
v -19.493332 50.152668 -58.441982
v -17.750961 52.640694 -49.121403
v -19.390614 50.738506 -58.480000
v -18.903690 50.053749 -64.422356
v -18.804773 50.236317 -65.110977
v -18.667833 50.772728 -65.400063
v -17.697731 52.674911 -50.532803
v -14.323246 54.044491 -49.071976
v -17.248768 52.610214 -58.544701
v -16.613501 52.412445 -65.487572
v -14.281424 54.078712 -50.532803
v -6.520590 54.710236 -48.957787
v -13.916231 54.014011 -58.609398
v -13.398830 53.759148 -65.567482
v -6.353235 54.752064 -50.532803
v -4.394016 54.752064 -49.562702
v -3.872812 54.786343 -50.681149
v -4.260817 54.706436 -58.647423
v -6.182014 54.683624 -58.677841
v -6.132586 54.402077 -65.620712
v -4.538559 54.474380 -64.323433
v -5.162482 54.428692 -65.266930
v 19.892807 50.799404 -50.532803
v 19.904211 51.012451 -49.151817
v 19.984119 50.479843 -49.471382
v 19.991724 50.247784 -50.616512
v 17.750961 52.640694 -49.121403
v 19.489531 50.152668 -58.441982
v 17.697731 52.674911 -50.532803
v 14.323246 54.044491 -49.071976
v 19.386810 50.738506 -58.480000
v 18.899891 50.053749 -64.422356
v 18.804773 50.236317 -65.110977
v 18.664034 50.772728 -65.400063
v 17.244967 52.610214 -58.544701
v 16.609697 52.412445 -65.487572
v 14.281424 54.078712 -50.532803
v 6.520590 54.710236 -48.957787
v 13.912430 54.014011 -58.609398
v 13.395028 53.759148 -65.567482
v 6.349432 54.752064 -50.532803
v 4.394016 54.752064 -49.562702
v 3.872812 54.786343 -50.681149
v 4.260817 54.706436 -58.647423
v 6.178212 54.683624 -58.677841
v 6.132586 54.402077 -65.620712
v 4.534757 54.474380 -64.323433
v 5.158680 54.428692 -65.266930
v -7.022783 43.369541 -42.498093
v 0.000000 43.297241 -42.498093
v 0.000000 43.879349 -35.380188
v 7.022783 43.369541 -42.498093
v -6.999970 43.947784 -35.380188
v 6.999970 43.947784 -35.380188
v -15.141203 43.978264 -42.498093
v 15.137402 43.978264 -42.498093
v -15.030880 44.533684 -35.380196
v 15.027077 44.533684 -35.380196
v -18.736273 45.302147 -42.501892
v 18.736273 45.302147 -42.501892
v -18.489010 45.773865 -35.380196
v 18.489010 45.773865 -35.380196
v -21.125383 47.189064 -42.505692
v 21.121580 47.189064 -42.505692
v -20.714502 47.470608 -35.380196
v 20.710699 47.470608 -35.380196
v -21.570480 49.395607 -42.505692
v 21.566677 49.395607 -42.505692
v -21.098766 49.437431 -35.380196
v 21.094963 49.437431 -35.380196
v -21.129185 51.624905 -42.505692
v 21.125383 51.624905 -42.505692
v -20.714502 51.446144 -35.380196
v 20.710699 51.446144 -35.380196
v -18.747681 53.587921 -42.505692
v 18.743877 53.587921 -42.505692
v -18.489010 53.241745 -35.380196
v 18.489010 53.241745 -35.380196
v -15.148808 54.999329 -42.505692
v 15.145005 54.999329 -42.505692
v -15.030880 54.596115 -35.380196
v 15.027077 54.596115 -35.380196
v -7.026586 55.661331 -42.505692
v 7.022783 55.661331 -42.505692
v -6.999970 55.242847 -35.380196
v 6.999970 55.242847 -35.380196
v 0.000000 55.741177 -42.505692
v 0.000000 55.322693 -35.380196
v -7.026586 55.661331 -42.505692
v -6.999970 55.242847 -42.505692
v -15.030880 54.592308 -42.505692
v 0.000000 55.322693 -42.505692
v -15.148808 54.999329 -42.505692
v 0.000000 55.741177 -42.505692
v -18.489010 53.234138 -42.505692
v 7.022783 55.661331 -42.505692
v -18.747681 53.587921 -42.505692
v 6.999970 55.242847 -42.505692
v -20.714502 51.427071 -42.505692
v 15.027077 54.592308 -42.505692
v -21.129185 51.624905 -42.505692
v 15.145005 54.999329 -42.505692
v -21.098766 49.395607 -42.505692
v 18.489010 53.234138 -42.505692
v -21.570480 49.395607 -42.505692
v 18.743877 53.587921 -42.505692
v -20.714502 47.394505 -42.505692
v 20.710699 51.427071 -42.505692
v -21.125383 47.189064 -42.505692
v 21.125383 51.624905 -42.505692
v -18.489010 45.659733 -42.505692
v 21.094963 49.395607 -42.505692
v -18.736273 45.302147 -42.501892
v 21.566677 49.395607 -42.505692
v -15.030880 44.389076 -42.505692
v 20.710699 47.394505 -42.505692
v -15.141203 43.978264 -42.498093
v 21.121580 47.189064 -42.505692
v -6.999970 43.788029 -42.505692
v 18.489010 45.659733 -42.505692
v -7.022783 43.369541 -42.498093
v 18.736273 45.302147 -42.501892
v 0.000000 43.297241 -42.498093
v 15.027077 44.389076 -42.505692
v 0.000000 43.715725 -42.505692
v 15.137402 43.978264 -42.498093
v 6.999970 43.788029 -42.505692
v 7.022783 43.369541 -42.498093
v -6.927667 53.983593 -35.380196
v -6.999970 55.242847 -35.380196
v -15.030880 54.596115 -35.380196
v 0.000000 55.322693 -35.380196
v -14.673291 53.355869 -35.380196
v 0.000000 54.059700 -35.380196
v -18.489010 53.241745 -35.380196
v 6.927667 53.983593 -35.380196
v -17.709137 52.168922 -35.380196
v 6.999970 55.242847 -35.380196
v -20.714502 51.446144 -35.380196
v 15.027077 54.596115 -35.380196
v -19.402020 50.803207 -35.380196
v 14.669490 53.355869 -35.380196
v -21.098766 49.437431 -35.380196
v 18.489010 53.241745 -35.380196
v -19.664553 49.441231 -35.380196
v 17.709137 52.168922 -35.380196
v -20.714502 47.470608 -35.380196
v 20.710699 51.446144 -35.380196
v -19.405821 48.132553 -35.380196
v 19.398216 50.803207 -35.380196
v -18.489010 45.773865 -35.380196
v 21.094963 49.437431 -35.380196
v -17.747158 46.865700 -35.380196
v 19.660751 49.441231 -35.380196
v -15.030880 44.533684 -35.380196
v 20.710699 47.470608 -35.380196
v -14.699906 45.773865 -35.380196
v 19.405821 48.132553 -35.380196
v -6.999970 43.947784 -35.380188
v 18.489010 45.773865 -35.380196
v -6.935272 45.210838 -35.380196
v 17.743357 46.865700 -35.380196
v 0.000000 43.879349 -35.380188
v 15.027077 44.533684 -35.380196
v 0.000000 45.138531 -35.380196
v 14.699906 45.773865 -35.380196
v 6.935272 45.210838 -35.380196
v 6.999970 43.947784 -35.380188
v -6.935272 45.210838 -35.380196
v -6.935272 45.210835 -38.705185
v -14.699906 45.773857 -38.705185
v 0.000000 45.138531 -38.705185
v -14.699906 45.773865 -35.380196
v 0.000000 45.138531 -35.380196
v -17.747158 46.865696 -38.705185
v 6.935272 45.210838 -35.380196
v -17.747158 46.865700 -35.380196
v 6.935272 45.210835 -38.705185
v -19.405821 48.132553 -38.705185
v 14.699906 45.773857 -38.705185
v -19.405821 48.132553 -35.380196
v 14.699906 45.773865 -35.380196
v -19.664553 49.441231 -38.705185
v 17.743357 46.865696 -38.705185
v -19.664553 49.441231 -35.380196
v 17.743357 46.865700 -35.380196
v -19.402020 50.803207 -38.705185
v 19.405821 48.132553 -38.705185
v -19.402020 50.803207 -35.380196
v 19.405821 48.132553 -35.380196
v -17.709137 52.168922 -38.705185
v 19.660751 49.441231 -38.705185
v -17.709137 52.168922 -35.380196
v 19.660751 49.441231 -35.380196
v -14.673291 53.355869 -38.705185
v 19.398216 50.803207 -38.705185
v -14.673291 53.355869 -35.380196
v 19.398216 50.803207 -35.380196
v -6.927667 53.983593 -38.705185
v 17.709137 52.168922 -38.705185
v -6.927667 53.983593 -35.380196
v 17.709137 52.168922 -35.380196
v 0.000000 54.059700 -35.380196
v 14.669490 53.355869 -38.705185
v 0.000000 54.059700 -38.705185
v 14.669490 53.355869 -35.380196
v 6.927667 53.983593 -38.705185
v 6.927667 53.983593 -35.380196
v 0.000000 51.731422 -85.726555
v 0.000000 51.042862 -88.534157
v -2.179867 51.008644 -88.534157
v 2.176065 51.008644 -88.534157
v -2.598351 51.693401 -85.726555
v -4.279889 50.898323 -88.534157
v 2.598351 51.693401 -85.726555
v 4.279889 50.898323 -88.534157
v 0.000000 52.119488 -82.116280
v -5.105388 51.575470 -85.726555
v -6.216233 50.711891 -88.534157
v -2.925521 52.309723 -82.047775
v -7.414651 51.354824 -85.726555
v -7.916782 50.437946 -88.534157
v -5.744519 52.180321 -82.047775
v 0.000000 52.811852 -77.615746
v -9.438507 51.020050 -85.726555
v -3.138565 52.773827 -77.615746
v -6.163003 52.644493 -77.615746
v -9.309172 50.068954 -88.534157
v -8.342870 51.940659 -82.047775
v -8.951586 52.389565 -77.615746
v -11.101035 50.555878 -85.726555
v -10.343975 49.620056 -88.534157
v -10.621655 51.556465 -82.047775
v -11.397725 51.967278 -77.615746
v -12.333611 49.970039 -85.726555
v -10.983107 49.106453 -88.534157
v -12.493425 51.008644 -82.047775
v -13.402633 51.358624 -77.615746
v -13.094473 49.292889 -85.726555
v -11.196151 48.558636 -88.534157
v -13.881950 50.301014 -82.047775
v -14.890138 50.555878 -77.615746
v -13.353143 48.558636 -85.726555
v -10.983107 48.007019 -88.534157
v -14.737928 49.464043 -82.047775
v -15.810752 49.601051 -77.615746
v -13.094473 47.824394 -85.726555
v -10.343975 47.493420 -88.534157
v -15.027077 48.558636 -82.047775
v -16.118910 48.558636 -77.615746
v -12.333611 47.143440 -85.726555
v -9.309172 47.044518 -88.534157
v -14.737928 47.649429 -82.047775
v -15.810752 47.512428 -77.615746
v -11.101035 46.557533 -85.726555
v -7.916782 46.679325 -88.534157
v -13.881950 46.812469 -82.047775
v -14.890138 46.557533 -77.615746
v -9.438507 46.097229 -85.726555
v -6.216233 46.401588 -88.534157
v -12.493425 46.104832 -82.047775
v -13.402633 45.754848 -77.615746
v -7.414651 45.758648 -85.726555
v -4.279889 46.215153 -88.534157
v -10.621655 45.560818 -82.047775
v -11.397725 45.146133 -77.615746
v -5.105388 45.541801 -85.726555
v -8.342870 45.176613 -82.047775
v -8.951586 44.727715 -77.615746
v -2.179867 46.108631 -88.534157
v -5.744519 44.933090 -82.047775
v -6.163003 44.472778 -77.615746
v -2.598351 45.420074 -85.726555
v -2.925521 44.807556 -82.047775
v -3.138565 44.339645 -77.615746
v 0.000000 44.088585 -77.566315
v 0.000000 45.382050 -85.726555
v 0.000000 46.074413 -88.534157
v 0.000000 44.765736 -82.047775
v 2.176065 46.108631 -88.534157
v 2.925521 44.807556 -82.047775
v 3.138565 44.339645 -77.615746
v 6.163003 44.472778 -77.615746
v 2.598351 45.420074 -85.726555
v 5.744519 44.933090 -82.047775
v 8.951586 44.727715 -77.615746
v 5.101586 45.541801 -85.726555
v 4.279889 46.215153 -88.534157
v 8.342870 45.176613 -82.047775
v 11.393924 45.146133 -77.615746
v 7.414651 45.758648 -85.726555
v 6.216233 46.401588 -88.534157
v 10.621655 45.560818 -82.047775
v 13.398830 45.754848 -77.615746
v 9.438507 46.097229 -85.726555
v 7.912980 46.679325 -88.534157
v 12.489561 46.104832 -82.047775
v 14.890138 46.557533 -77.615746
v 11.097233 46.557533 -85.726555
v 9.305370 47.044518 -88.534157
v 13.878147 46.812469 -82.047775
v 15.806951 47.512428 -77.615746
v 12.333611 47.143440 -85.726555
v 10.343975 47.493420 -88.534157
v 14.734125 47.649429 -82.047775
v 16.118910 48.558636 -77.615746
v 13.094473 47.824394 -85.726555
v 10.979304 48.007019 -88.534157
v 15.023274 48.558636 -82.047775
v 15.806951 49.601051 -77.615746
v 13.349341 48.558636 -85.726555
v 11.196151 48.558636 -88.534157
v 14.734125 49.464043 -82.047775
v 14.890138 50.555878 -77.615746
v 13.094473 49.292889 -85.726555
v 10.979304 49.106453 -88.534157
v 13.878147 50.301014 -82.047775
v 13.398830 51.358624 -77.615746
v 12.333611 49.970039 -85.726555
v 10.343975 49.620056 -88.534157
v 12.489561 51.008644 -82.047775
v 11.393924 51.967278 -77.615746
v 11.097233 50.555878 -85.726555
v 9.305370 50.068954 -88.534157
v 10.621655 51.556465 -82.047775
v 8.951586 52.389565 -77.615746
v 9.438507 51.020050 -85.726555
v 7.912980 50.437946 -88.534157
v 8.342870 51.940659 -82.047775
v 6.163003 52.644493 -77.615746
v 7.414651 51.354824 -85.726555
v 6.216233 50.711891 -88.534157
v 5.744519 52.180321 -82.047775
v 3.138565 52.773827 -77.615746
v 5.101586 51.575470 -85.726555
v 2.925521 52.309723 -82.047775
v -0.692362 54.717842 -75.660324
v -0.692362 53.839050 -83.067383
v -1.449422 53.827637 -83.025497
v -1.449422 54.706429 -75.637512
v -0.692362 55.322693 -67.077797
v -1.449422 55.315090 -67.070198
v -0.692362 55.345570 -66.556595
v -1.449422 55.341766 -66.354958
v -0.692362 55.383587 -65.624512
v -1.449422 55.394993 -65.080498
v -0.692362 55.665134 -58.712120
v -1.449422 55.653728 -58.708321
v -1.449422 55.722164 -50.555614
v -0.692362 55.733570 -50.555614
v 1.449422 53.827637 -83.025497
v 0.688559 53.839050 -83.067383
v 0.688559 54.717842 -75.660324
v 1.449422 54.706429 -75.637512
v 0.688559 55.322693 -67.077797
v 1.449422 55.315090 -67.070198
v 0.688559 55.345570 -66.556595
v 1.449422 55.341766 -66.354958
v 0.688559 55.383587 -65.624512
v 1.449422 55.394993 -65.080498
v 0.688559 55.665134 -58.712120
v 1.449422 55.653728 -58.708321
v 1.449422 55.722164 -50.555614
v 0.688559 55.733570 -50.555614
v -0.291459 55.644508 -46.844288
v -0.458007 55.687389 -48.265503
v 2.059651 55.743042 -50.109932
v 1.671686 55.694736 -48.509010
v 0.789722 55.619431 -46.013306
v -0.062455 55.577766 -44.632332
v -0.727266 55.614410 -45.846832
v -1.671686 55.683434 -48.134453
v -2.059651 55.732365 -49.756172
v 0.748775 55.709564 -49.000435
v 1.313978 55.654888 -47.188332
v -1.261932 55.646408 -46.907406
v -0.458180 55.693634 -48.472664
v 2.341286 55.756271 -50.548481
v 1.900272 55.696968 -48.582993
v 0.897708 55.611366 -45.746025
v -0.070995 55.564003 -44.176212
v -0.826712 55.605659 -45.556793
v -1.900272 55.684120 -48.157211
v -2.341287 55.749161 -50.312824
v 0.892800 55.720100 -49.349705
v 1.493651 55.651669 -47.081718
v -1.434488 55.642033 -46.762386
v 0.029980 55.731350 -50.296192
v 0.495993 55.729965 -50.250317
v 0.944098 55.725864 -50.114445
v 1.357074 55.719208 -49.893806
v 1.719051 55.710251 -49.596878
v 2.016117 55.699333 -49.235062
v 2.236858 55.686878 -48.822281
v 2.372789 55.673367 -48.374374
v 2.418687 55.659309 -47.908573
v 2.372789 55.645256 -47.442772
v 2.236858 55.631744 -46.994873
v 2.016118 55.619286 -46.582085
v 1.719051 55.608368 -46.220268
v 1.357075 55.599407 -45.923340
v 0.944099 55.592751 -45.702702
v 0.495994 55.588650 -45.566830
v 0.029980 55.587269 -45.520954
v -0.436034 55.588650 -45.566830
v -0.884139 55.592751 -45.702702
v -1.297115 55.599407 -45.923340
v -1.659091 55.608368 -46.220268
v -1.956158 55.619286 -46.582085
v -2.176898 55.631744 -46.994873
v -2.312829 55.645256 -47.442772
v -2.358728 55.659309 -47.908573
v -2.312829 55.673367 -48.374374
v -2.176898 55.686878 -48.822273
v -1.956158 55.699333 -49.235062
v -1.659091 55.710251 -49.596878
v -1.297115 55.719208 -49.893806
v -0.884139 55.725864 -50.114445
v -0.436034 55.729965 -50.250317
v 0.029980 55.659309 -47.908573
v 0.029980 55.738510 -50.533440
v 0.542298 55.736984 -50.482998
v 1.034928 55.732479 -50.333630
v 1.488939 55.725159 -50.091064
v 1.886883 55.715313 -49.764633
v 2.213467 55.703312 -49.366871
v 2.456140 55.689617 -48.913063
v 2.605578 55.674763 -48.420658
v 2.656037 55.659309 -47.908573
v 2.605578 55.643860 -47.396488
v 2.456140 55.629002 -46.904083
v 2.213467 55.615311 -46.450275
v 1.886883 55.603310 -46.052517
v 1.488940 55.593456 -45.726082
v 1.034929 55.586136 -45.483517
v 0.542299 55.581631 -45.334148
v 0.029981 55.580109 -45.283707
v -0.482338 55.581631 -45.334148
v -0.974968 55.586136 -45.483517
v -1.428979 55.593456 -45.726082
v -1.826922 55.603302 -46.052513
v -2.153506 55.615307 -46.450275
v -2.396180 55.629002 -46.904083
v -2.545618 55.643860 -47.396488
v -2.596077 55.659309 -47.908573
v -2.545618 55.674759 -48.420658
v -2.396180 55.689617 -48.913063
v -2.153507 55.703312 -49.366871
v -1.826923 55.715313 -49.764633
v -1.428979 55.725159 -50.091064
v -0.974969 55.732479 -50.333630
v -0.482338 55.736984 -50.482998
v 0.495993 55.729965 -50.250317
v 0.029980 55.731350 -50.296192
v 0.944098 55.725864 -50.114445
v 1.357074 55.719208 -49.893806
v 1.719051 55.710251 -49.596878
v 2.016117 55.699333 -49.235062
v 2.236858 55.686878 -48.822281
v 2.372789 55.673367 -48.374374
v 2.418687 55.659309 -47.908573
v 2.372789 55.645256 -47.442772
v 2.236858 55.631744 -46.994873
v 2.016118 55.619286 -46.582085
v 1.719051 55.608368 -46.220268
v 1.357075 55.599407 -45.923340
v 0.944099 55.592751 -45.702702
v 0.495994 55.588650 -45.566830
v 0.029980 55.587269 -45.520954
v -0.436034 55.588650 -45.566830
v -0.884139 55.592751 -45.702702
v -1.297115 55.599407 -45.923340
v -1.659091 55.608368 -46.220268
v -1.956158 55.619286 -46.582085
v -2.176898 55.631744 -46.994873
v -2.312829 55.645256 -47.442772
v -2.358728 55.659309 -47.908573
v -2.312829 55.673367 -48.374374
v -2.176898 55.686878 -48.822273
v -1.956158 55.699333 -49.235062
v -1.659091 55.710251 -49.596878
v -1.297115 55.719208 -49.893806
v -0.884139 55.725864 -50.114445
v -0.436034 55.729965 -50.250317
v 0.748775 55.709564 -49.000435
v -0.458007 55.687389 -48.265503
v 1.671686 55.694736 -48.509010
v 2.059651 55.743042 -50.109932
v 1.313978 55.654888 -47.188332
v -0.062455 55.577766 -44.632332
v 0.789722 55.619431 -46.013306
v -0.727266 55.614410 -45.846832
v -1.261932 55.646408 -46.907406
v -2.059651 55.732365 -49.756172
v -1.671686 55.683434 -48.134453
vn -0.8308 -0.5566 -0.0000
vn -0.8306 -0.5569 -0.0000
vn -0.0942 0.7531 -0.6511
vn -0.0546 0.7728 -0.6323
vn -0.2342 0.6636 -0.7105
vn -0.2660 0.6414 -0.7196
vn 0.1176 0.4156 -0.9019
vn 0.2426 0.3991 -0.8842
vn -0.0000 0.4314 -0.9021
vn -0.1018 0.4386 -0.8929
vn -0.3443 -0.5633 -0.7511
vn 0.8308 -0.5566 -0.0000
vn 0.8309 -0.5565 -0.0000
vn 0.8308 -0.5565 -0.0000
vn 0.0941 0.7531 -0.6511
vn 0.2660 0.6414 -0.7196
vn 0.2342 0.6636 -0.7105
vn 0.0469 0.7731 -0.6325
vn -0.1254 0.4153 -0.9010
vn 0.0941 0.4389 -0.8936
vn -0.2499 0.3983 -0.8825
vn 0.3443 -0.5633 -0.7511
vn -0.8615 0.4777 -0.1723
vn -0.9833 0.1561 -0.0937
vn -0.9821 0.1637 -0.0935
vn -0.8615 0.4855 -0.1488
vn -0.5195 0.8501 -0.0866
vn -0.5166 0.8533 -0.0705
vn -0.2422 0.9687 -0.0547
vn -0.0471 0.9978 -0.0471
vn -0.0550 0.9974 -0.0471
vn -0.0157 0.9991 -0.0393
vn -0.0079 0.9992 -0.0393
vn -0.0158 0.9996 -0.0236
vn -0.0079 0.9997 -0.0236
vn -0.0079 1.0000 -0.0000
vn -0.0078 0.9999 0.0079
vn -0.0078 0.9997 0.0236
vn -0.0157 0.9996 0.0236
vn -0.0472 0.9986 0.0236
vn -0.2351 0.9718 0.0157
vn -0.2351 0.9719 0.0078
vn -0.5179 0.8554 0.0001
vn -0.5179 0.8553 0.0157
vn -0.8541 0.5172 0.0548
vn -0.8588 0.5075 0.0703
vn -0.9846 0.1719 -0.0313
vn -0.9840 0.1718 -0.0469
vn -0.9815 0.1713 -0.0856
vn -0.9828 0.1638 -0.0858
vn -0.9813 0.1636 -0.1012
vn -0.9813 0.1635 -0.1013
vn 0.0156 -0.0156 -0.9998
vn 0.3197 0.2261 -0.9201
vn 0.2197 0.1412 -0.9653
vn 0.0235 -0.0157 -0.9996
vn 0.0157 -0.0234 -0.9996
vn -0.1794 -0.1794 -0.9673
vn -0.0704 -0.0938 -0.9931
vn -0.6097 -0.5159 -0.6018
vn -0.4773 -0.4147 -0.7747
vn -0.7661 -0.6253 -0.1485
vn -0.7632 -0.6230 -0.1713
vn -0.7800 -0.6240 0.0468
vn -0.7583 -0.6019 0.2502
vn -0.7488 -0.5928 0.2964
vn -0.6001 -0.4598 0.6546
vn -0.4847 -0.3596 0.7974
vn -0.2269 -0.1487 0.9625
vn -0.1017 -0.0469 0.9937
vn -0.0000 0.0394 0.9992
vn 0.0079 0.0394 0.9992
vn 0.0079 0.0393 0.9992
vn 0.2361 0.2283 0.9445
vn 0.1647 0.1647 0.9725
vn 0.6604 0.5503 0.5110
vn 0.5730 0.4867 0.6594
vn 0.7657 0.6236 0.1579
vn 0.7647 0.6228 0.1656
vn 0.7769 0.6278 0.0471
vn 0.7772 0.6280 -0.0393
vn 0.7769 0.6278 -0.0471
vn 0.7240 0.5666 -0.3935
vn 0.6603 0.5110 -0.5503
vn 0.3197 0.2262 -0.9201
vn 0.2198 0.1413 -0.9653
vn -0.2826 0.0549 0.9577
vn 0.2834 0.1102 0.9526
vn 0.2741 0.1096 0.9554
vn -0.2898 0.0548 0.9555
vn -0.7775 -0.0235 0.6284
vn -0.7806 -0.0234 0.6246
vn -0.9955 -0.0941 0.0078
vn -0.7747 -0.1330 -0.6182
vn -0.7815 -0.1329 -0.6096
vn -0.2813 -0.1094 -0.9534
vn -0.2885 -0.1092 -0.9512
vn 0.2826 -0.0550 -0.9577
vn 0.2733 -0.0547 -0.9604
vn 0.7777 0.0157 -0.6284
vn 0.7739 0.0156 -0.6332
vn 0.9955 0.0941 -0.0079
vn 0.7792 0.1259 0.6139
vn 0.2742 0.1096 0.9554
vn -0.7149 0.6992 -0.0000
vn 0.6873 -0.7264 -0.0000
vn 0.6992 -0.7149 -0.0000
vn 0.6953 -0.7188 -0.0000
vn 0.7033 -0.7109 -0.0000
vn 0.6912 -0.7226 -0.0000
vn 0.8345 0.5511 -0.0000
vn 0.8309 0.5564 -0.0000
vn 0.8310 0.5563 -0.0000
vn 0.8308 0.5566 -0.0000
vn 0.8308 0.5565 -0.0000
vn -0.0549 -0.0784 -0.9954
vn -0.0471 -0.0784 -0.9958
vn -0.0627 -0.0706 -0.9955
vn -0.0705 -0.0705 -0.9950
vn -0.0000 -0.0000 -1.0000
vn 0.0627 -0.0706 -0.9955
vn 0.0627 -0.0705 -0.9955
vn 0.0471 -0.0784 -0.9958
vn 0.0470 -0.0784 -0.9958
vn -0.1174 0.5473 0.8287
vn -0.1018 0.5482 0.8301
vn -0.2047 0.5117 0.8344
vn -0.2122 0.5108 0.8331
vn -0.2116 0.5017 0.8388
vn -0.0708 0.1653 0.9837
vn -0.1255 0.3137 0.9412
vn -0.0157 0.0393 0.9991
vn -0.0000 -0.0000 1.0000
vn 0.0158 0.0394 0.9991
vn 0.0630 0.1653 0.9842
vn 0.1255 0.3137 0.9412
vn 0.9818 0.1649 -0.0943
vn 0.9830 0.1573 -0.0944
vn 0.8594 0.4809 -0.1735
vn 0.8594 0.4888 -0.1497
vn 0.5195 0.8501 -0.0866
vn 0.5109 0.8567 -0.0707
vn 0.2348 0.9705 -0.0548
vn 0.0471 0.9978 -0.0472
vn 0.0472 0.9978 -0.0472
vn 0.0079 0.9992 -0.0393
vn 0.0079 0.9997 -0.0237
vn 0.0079 1.0000 -0.0000
vn 0.0078 0.9999 0.0079
vn 0.0078 0.9997 0.0236
vn 0.0472 0.9986 0.0236
vn 0.2277 0.9736 0.0157
vn 0.2277 0.9737 0.0078
vn 0.5179 0.8554 0.0001
vn 0.5121 0.8588 0.0158
vn 0.8520 0.5207 0.0552
vn 0.8567 0.5109 0.0708
vn 0.9844 0.1732 -0.0315
vn 0.9844 0.1733 -0.0315
vn 0.9838 0.1730 -0.0468
vn 0.9838 0.1732 -0.0470
vn 0.9812 0.1727 -0.0863
vn 0.9825 0.1651 -0.0865
vn 0.9810 0.1648 -0.1020
vn 0.9818 0.1649 -0.0942
vn -0.2272 0.1410 -0.9636
vn -0.3197 0.2261 -0.9201
vn -0.0234 -0.0157 -0.9996
vn -0.0234 -0.0156 -0.9996
vn -0.0156 -0.0234 -0.9996
vn 0.1719 -0.1797 -0.9686
vn 0.0626 -0.0939 -0.9936
vn 0.6097 -0.5159 -0.6018
vn 0.4773 -0.4147 -0.7747
vn 0.7661 -0.6254 -0.1485
vn 0.7599 -0.6267 -0.1723
vn 0.7769 -0.6278 0.0471
vn 0.7583 -0.6020 0.2502
vn 0.7454 -0.5963 0.2981
vn 0.5950 -0.4619 0.6577
vn 0.4787 -0.3609 0.8004
vn 0.2270 -0.1487 0.9625
vn 0.0940 -0.0470 0.9945
vn -0.0078 0.0394 0.9992
vn -0.0079 0.0393 0.9992
vn -0.0079 0.0394 0.9992
vn -0.2435 0.2278 0.9428
vn -0.1647 0.1647 0.9725
vn -0.6604 0.5503 0.5110
vn -0.5782 0.4845 0.6564
vn -0.7689 0.6198 0.1569
vn -0.7679 0.6190 0.1645
vn -0.7769 0.6278 0.0471
vn -0.7803 0.6242 -0.0390
vn -0.7800 0.6240 -0.0468
vn -0.7277 0.5634 -0.3912
vn -0.6604 0.5110 -0.5503
vn -0.3197 0.2262 -0.9201
vn -0.2813 0.1094 0.9534
vn -0.2906 0.1100 0.9505
vn 0.2754 0.0551 0.9598
vn 0.2827 0.0549 0.9576
vn 0.7776 -0.0236 0.6283
vn 0.9955 -0.0941 0.0079
vn 0.9955 -0.0940 0.0078
vn 0.7747 -0.1330 -0.6182
vn 0.7784 -0.1337 -0.6133
vn 0.2741 -0.1096 -0.9554
vn 0.2813 -0.1094 -0.9534
vn -0.2898 -0.0548 -0.9555
vn -0.2805 -0.0546 -0.9583
vn -0.7808 0.0156 -0.6246
vn -0.7739 0.0156 -0.6332
vn -0.9955 0.0941 -0.0078
vn -0.7823 0.1251 0.6102
vn -0.7792 0.1259 0.6139
vn -0.2907 0.1100 0.9505
vn -0.2814 0.1094 0.9533
vn 0.7149 0.6992 -0.0000
vn -0.7032 -0.7110 -0.0000
vn -0.6873 -0.7264 -0.0000
vn -0.6953 -0.7188 -0.0000
vn -0.7030 -0.7112 -0.0000
vn -0.7032 -0.7109 -0.0000
vn -0.6953 -0.7187 -0.0000
vn -0.6952 -0.7188 -0.0000
vn -0.8308 0.5566 -0.0000
vn -0.8368 0.5475 -0.0000
vn -0.8309 0.5565 -0.0000
vn 0.1971 0.5125 0.8358
vn 0.1018 0.5482 0.8301
vn 0.1173 0.5473 0.8287
vn 0.2121 0.5109 0.8331
vn 0.2042 0.5025 0.8401
vn -0.0000 -0.7631 -0.6463
vn 0.0078 -0.6792 -0.7339
vn -0.0000 -0.7631 -0.6462
vn -0.0156 -0.6792 -0.7338
vn -0.0000 1.0000 -0.0000
vn -0.0000 -0.8960 -0.4441
vn -0.0000 -0.8960 -0.4440
vn -0.0078 -0.9138 -0.4061
vn 0.0078 -0.9138 -0.4061
vn -0.0000 -0.3996 -0.9167
vn -0.0000 -0.3605 -0.9327
vn -0.0000 -0.3606 -0.9327
vn -0.0000 -0.5236 -0.8519
vn -0.0000 -0.5237 -0.8519
vn -0.0000 -0.5708 -0.8211
vn -0.0000 -0.4843 -0.8749
vn -0.0000 -0.4690 -0.8832
vn -0.0078 -0.4690 -0.8832
vn -0.0000 -0.5475 -0.8368
vn 0.0078 -0.4690 -0.8832
vn -0.0000 -1.0000 -0.0001
vn -0.0000 -1.0000 -0.0000
vn 0.6975 -0.1646 -0.6975
vn -0.0158 0.9991 -0.0393
vn -0.0157 0.9996 -0.0236
vn -0.0000 0.9997 -0.0236
vn -0.0079 0.9999 0.0079
vn -0.0000 0.9985 -0.0550
vn -0.0000 1.0000 0.0079
vn -0.0079 0.9997 0.0236
vn 0.0079 0.9999 0.0079
vn 0.0078 0.9997 -0.0236
vn 0.0079 0.9997 0.0236
vn -0.6950 0.1093 -0.7106
vn -0.0000 0.9997 0.0236
vn 0.0393 0.9989 0.0236
vn -0.2277 0.9736 0.0157
vn 0.2277 0.9737 0.0079
vn -0.2277 0.9737 0.0078
vn 0.5122 0.8589 -0.0000
vn -0.5180 0.8554 -0.0000
vn 0.5087 0.8609 -0.0000
vn -0.5087 0.8609 -0.0000
vn 0.8894 0.4565 -0.0236
vn -0.8910 0.4534 -0.0234
vn 0.8641 0.5028 -0.0236
vn -0.8641 0.5028 -0.0236
vn 0.9830 0.1809 -0.0312
vn -0.9833 0.1794 -0.0313
vn 0.9995 -0.0001 -0.0314
vn -0.9995 -0.0000 -0.0312
vn 0.9989 -0.0000 -0.0472
vn 0.9838 0.1731 -0.0472
vn -0.9989 -0.0000 -0.0468
vn -0.8603 -0.5083 -0.0390
vn -0.8573 -0.5144 -0.0234
vn -0.9970 -0.0000 -0.0779
vn -0.9825 0.1560 -0.1014
vn -0.8646 -0.4986 -0.0622
vn -0.4995 -0.8663 -0.0078
vn -0.4903 -0.8716 -0.0000
vn -0.5144 -0.8572 -0.0234
vn -0.2186 -0.9758 0.0078
vn -0.2260 -0.9741 -0.0000
vn -0.0468 -0.9988 0.0156
vn -0.0390 -0.9991 0.0156
vn -0.0000 -0.9999 0.0156
vn -0.0468 -0.9989 0.0078
vn -0.0000 -0.9999 0.0157
vn 0.0390 -0.9991 0.0156
vn 0.2111 -0.9774 0.0078
vn -0.0000 -1.0000 0.0078
vn 0.2186 -0.9758 0.0078
vn 0.4843 -0.8749 -0.0000
vn 0.0390 -0.9992 0.0078
vn 0.4995 -0.8663 -0.0078
vn 0.8552 -0.5178 -0.0235
vn 0.2260 -0.9741 -0.0000
vn 0.0468 -0.9989 0.0077
vn 0.8603 -0.5083 -0.0391
vn 0.5086 -0.8607 -0.0235
vn 0.8627 -0.5019 -0.0627
vn 0.2351 -0.9719 -0.0079
vn 0.5174 -0.8545 -0.0470
vn 0.9969 -0.0000 -0.0785
vn 0.9823 0.1572 -0.1022
vn 0.8605 -0.5007 -0.0939
vn 0.9930 -0.0156 -0.1173
vn 0.9823 0.1572 -0.1021
vn 0.8986 0.4178 -0.1340
vn 0.5170 -0.8537 -0.0627
vn 0.8521 -0.5082 -0.1250
vn 0.9869 -0.0392 -0.1566
vn 0.2351 -0.9717 -0.0235
vn 0.5258 -0.8476 -0.0706
vn 0.8624 -0.4861 -0.1411
vn 0.0469 -0.9989 0.0001
vn 0.9856 -0.0391 -0.1643
vn 0.0468 -0.9989 -0.0000
vn 0.8802 0.4479 -0.1572
vn 0.8418 0.5114 -0.1731
vn 0.5340 0.8402 -0.0942
vn 0.5406 0.8383 -0.0705
vn 0.2514 0.9663 -0.0550
vn 0.5442 0.8282 -0.1341
vn 0.5163 0.8448 -0.1408
vn 0.2438 0.9672 -0.0708
vn 0.0472 0.9981 -0.0393
vn 0.2505 0.9628 -0.1018
vn 0.2204 0.9682 -0.1181
vn 0.0471 0.9974 -0.0550
vn 0.0470 0.9952 -0.0862
vn 0.0470 0.9937 -0.1017
vn -0.0000 0.9963 -0.0862
vn -0.0000 0.9948 -0.1018
vn -0.0547 0.9933 -0.1017
vn -0.0548 0.9948 -0.0862
vn -0.2204 0.9682 -0.1181
vn -0.0549 0.9970 -0.0550
vn -0.0472 0.9981 -0.0393
vn -0.2505 0.9628 -0.1018
vn -0.5163 0.8448 -0.1408
vn -0.2438 0.9672 -0.0708
vn -0.2514 0.9663 -0.0549
vn -0.5497 0.8246 -0.1335
vn -0.8440 0.5080 -0.1719
vn -0.5395 0.8367 -0.0938
vn -0.5461 0.8348 -0.0702
vn -0.9001 0.4148 -0.1331
vn -0.8801 0.4479 -0.1572
vn -0.9856 -0.0391 -0.1643
vn -0.9869 -0.0392 -0.1566
vn -0.8644 -0.4828 -0.1402
vn -0.9930 -0.0156 -0.1173
vn -0.9826 0.1559 -0.1014
vn -0.8521 -0.5082 -0.1250
vn -0.5258 -0.8476 -0.0706
vn -0.8606 -0.5006 -0.0939
vn -0.5226 -0.8503 -0.0624
vn -0.2351 -0.9717 -0.0235
vn -0.5231 -0.8510 -0.0468
vn -0.2425 -0.9699 -0.0235
vn -0.0468 -0.9989 -0.0000
vn -0.2351 -0.9719 -0.0079
vn -0.0782 0.9932 -0.0860
vn -0.0782 0.9932 -0.0861
vn 0.0704 0.9938 -0.0861
vn -0.0000 0.0001 -1.0000
vn -0.0000 0.0003 -1.0000
vn -0.8680 0.4926 -0.0625
vn -0.9827 0.1794 -0.0468
vn -0.9859 0.1643 -0.0313
vn -0.7844 0.6118 -0.1020
vn -0.9834 0.1639 -0.0780
vn -0.5179 0.8553 -0.0157
vn -0.8727 0.4831 -0.0701
vn -0.9837 0.1483 -0.1015
vn -0.9770 0.1876 -0.1016
vn -0.8112 0.5772 -0.0936
vn -0.5236 0.8518 -0.0157
vn -0.2352 0.9718 0.0157
vn -0.5322 0.8453 -0.0470
vn -0.5016 0.8622 -0.0705
vn -0.2352 0.9720 -0.0000
vn -0.0550 0.9984 0.0157
vn -0.2424 0.9694 -0.0391
vn -0.2348 0.9705 -0.0548
vn -0.0472 0.9989 -0.0000
vn -0.0157 0.9999 -0.0000
vn -0.0472 0.9986 -0.0236
vn -0.0550 0.9977 -0.0392
vn 0.8680 0.4926 -0.0626
vn 0.7844 0.6118 -0.1020
vn 0.9859 0.1643 -0.0313
vn 0.9824 0.1808 -0.0472
vn 0.5121 0.8588 -0.0158
vn 0.9831 0.1652 -0.0786
vn 0.5179 0.8553 -0.0157
vn 0.2351 0.9718 0.0157
vn 0.8709 0.4864 -0.0706
vn 0.9835 0.1495 -0.1023
vn 0.9766 0.1890 -0.1024
vn 0.8085 0.5809 -0.0942
vn 0.5266 0.8488 -0.0471
vn 0.5016 0.8622 -0.0705
vn 0.2352 0.9720 -0.0000
vn 0.0472 0.9988 0.0157
vn 0.2350 0.9712 -0.0392
vn 0.2274 0.9723 -0.0549
vn 0.0472 0.9989 -0.0000
vn 0.0079 0.9997 -0.0236
vn 0.0472 0.9986 -0.0236
vn -0.0392 -0.9961 0.0785
vn -0.0000 -0.9970 0.0779
vn 0.0392 -0.9961 0.0784
vn -0.2105 -0.9745 0.0780
vn 0.2030 -0.9761 0.0781
vn -0.2106 -0.9750 0.0702
vn 0.2031 -0.9766 0.0703
vn -0.4864 -0.8709 0.0706
vn 0.4864 -0.8709 0.0706
vn -0.4771 -0.8760 0.0704
vn 0.4771 -0.8760 0.0704
vn -0.8498 -0.5224 0.0702
vn 0.8476 -0.5258 0.0706
vn -0.8477 -0.5258 0.0706
vn 0.8477 -0.5257 0.0707
vn -0.9981 -0.0000 0.0624
vn 0.9980 -0.0000 0.0629
vn -0.9980 -0.0000 0.0624
vn -0.8592 0.5077 0.0625
vn 0.8572 0.5112 0.0629
vn -0.8572 0.5112 0.0629
vn -0.5080 0.8596 0.0547
vn 0.5022 0.8630 0.0549
vn -0.5021 0.8630 0.0549
vn 0.5021 0.8630 0.0549
vn -0.2274 0.9723 0.0549
vn 0.2199 0.9740 0.0550
vn -0.0471 0.9974 0.0550
vn 0.0393 0.9977 0.0550
vn -0.0000 0.9985 0.0550
vn -0.0000 0.9985 0.0551
vn -0.0078 -0.0000 -1.0000
vn -0.0078 -0.0078 -0.9999
vn -0.0078 -0.0156 -0.9998
vn -0.0001 -0.0157 -0.9999
vn -0.0000 -0.0156 -0.9999
vn -0.0000 -0.0234 -0.9997
vn -0.0000 -0.0078 -1.0000
vn 0.0001 -0.0157 -0.9999
vn 0.0394 0.9992 -0.0000
vn 0.2036 0.9790 -0.0000
vn 0.4781 0.8783 -0.0000
vn -0.0394 0.9992 -0.0000
vn 0.8497 0.5272 -0.0000
vn -0.2036 0.9791 -0.0000
vn 0.8497 0.5273 -0.0000
vn -0.2036 0.9790 -0.0000
vn 1.0000 -0.0000 -0.0000
vn -0.4782 0.8783 -0.0000
vn -0.4783 0.8782 -0.0000
vn 0.8554 -0.5179 -0.0000
vn -0.8519 0.5237 -0.0000
vn 0.4995 -0.8663 -0.0000
vn -1.0000 -0.0000 -0.0000
vn 0.2186 -0.9758 -0.0000
vn -0.8575 -0.5144 -0.0000
vn -0.8574 -0.5147 -0.0000
vn 0.0390 -0.9992 -0.0000
vn -0.4995 -0.8663 -0.0000
vn -0.2261 -0.9741 -0.0000
vn -0.0000 0.9851 -0.1722
vn -0.0000 0.9701 -0.2425
vn -0.0313 0.9697 -0.2424
vn 0.0234 0.9699 -0.2425
vn -0.0234 0.9803 -0.1960
vn -0.0706 0.9654 -0.2512
vn 0.0157 0.9805 -0.1961
vn 0.0629 0.9659 -0.2513
vn -0.0000 0.9888 -0.1491
vn -0.0707 0.9746 -0.2123
vn -0.1176 0.9566 -0.2666
vn -0.0000 0.9899 -0.1415
vn -0.1256 0.9656 -0.2277
vn -0.1886 0.9355 -0.2987
vn -0.0705 0.9875 -0.1411
vn -0.0000 0.9922 -0.1250
vn -0.2120 0.9423 -0.2591
vn -0.0313 0.9935 -0.1095
vn -0.0708 0.9914 -0.1102
vn -0.2898 0.8929 -0.3446
vn -0.1255 0.9808 -0.1491
vn -0.1338 0.9840 -0.1181
vn -0.3369 0.8932 -0.2978
vn -0.4393 0.7922 -0.4236
vn -0.2203 0.9599 -0.1731
vn -0.2351 0.9639 -0.1254
vn -0.5191 0.7707 -0.3696
vn -0.6551 0.5303 -0.5381
vn -0.3682 0.9089 -0.1959
vn -0.3848 0.9109 -0.1492
vn -0.7430 0.4849 -0.4614
vn -0.7915 -0.0000 -0.6112
vn -0.5719 0.7835 -0.2429
vn -0.6039 0.7764 -0.1804
vn -0.8609 -0.0000 -0.5087
vn -0.6577 -0.5404 -0.5248
vn -0.8164 0.4945 -0.2983
vn -0.8515 0.4766 -0.2187
vn -0.7401 -0.4908 -0.4597
vn -0.4457 -0.7975 -0.4066
vn -0.9447 -0.0000 -0.3279
vn -0.9701 -0.0000 -0.2425
vn -0.5159 -0.7738 -0.3674
vn -0.2886 -0.8968 -0.3354
vn -0.8132 -0.5004 -0.2971
vn -0.8469 -0.4817 -0.2253
vn -0.3361 -0.8911 -0.3048
vn -0.1873 -0.9365 -0.2965
vn -0.5685 -0.7865 -0.2414
vn -0.6030 -0.7753 -0.1879
vn -0.2105 -0.9432 -0.2572
vn -0.1176 -0.9566 -0.2666
vn -0.3682 -0.9089 -0.1959
vn -0.3910 -0.9070 -0.1564
vn -0.1256 -0.9656 -0.2277
vn -0.0701 -0.9659 -0.2493
vn -0.2260 -0.9589 -0.1715
vn -0.2349 -0.9629 -0.1331
vn -0.0702 -0.9750 -0.2106
vn -0.1333 -0.9798 -0.1489
vn -0.1327 -0.9842 -0.1172
vn -0.0313 -0.9697 -0.2424
vn -0.0705 -0.9875 -0.1411
vn -0.0702 -0.9915 -0.1093
vn -0.0313 -0.9786 -0.2036
vn -0.0390 -0.9894 -0.1402
vn -0.0625 -0.9920 -0.1093
vn -0.0000 -0.9922 -0.1250
vn -0.0000 -0.9791 -0.2036
vn -0.0000 -0.9701 -0.2426
vn -0.0000 -0.9876 -0.1569
vn 0.0235 -0.9699 -0.2425
vn 0.0312 -0.9896 -0.1403
vn 0.0547 -0.9925 -0.1094
vn 0.0625 -0.9920 -0.1094
vn 0.0235 -0.9788 -0.2036
vn 0.0627 -0.9880 -0.1411
vn 0.1251 -0.9852 -0.1173
vn 0.0702 -0.9750 -0.2107
vn 0.0624 -0.9664 -0.2494
vn 0.1255 -0.9808 -0.1491
vn 0.2275 -0.9646 -0.1333
vn 0.1256 -0.9656 -0.2277
vn 0.1099 -0.9575 -0.2668
vn 0.2187 -0.9606 -0.1718
vn 0.3843 -0.9098 -0.1569
vn 0.2105 -0.9431 -0.2572
vn 0.1798 -0.9378 -0.2970
vn 0.3614 -0.9115 -0.1964
vn 0.6030 -0.7753 -0.1879
vn 0.3361 -0.8911 -0.3049
vn 0.2885 -0.8968 -0.3353
vn 0.5632 -0.7900 -0.2425
vn 0.8447 -0.4849 -0.2268
vn 0.5159 -0.7739 -0.3674
vn 0.4394 -0.8003 -0.4080
vn 0.8132 -0.5004 -0.2971
vn 0.9701 -0.0000 -0.2425
vn 0.7366 -0.4937 -0.4623
vn 0.6533 -0.5431 -0.5274
vn 0.9447 -0.0000 -0.3279
vn 0.8493 0.4798 -0.2202
vn 0.8609 -0.0000 -0.5087
vn 0.7915 -0.0000 -0.6112
vn 0.8164 0.4946 -0.2983
vn 0.6039 0.7764 -0.1804
vn 0.7394 0.4877 -0.4641
vn 0.6506 0.5330 -0.5409
vn 0.5666 0.7870 -0.2440
vn 0.3848 0.9109 -0.1492
vn 0.5190 0.7707 -0.3696
vn 0.4393 0.7923 -0.4235
vn 0.3615 0.9115 -0.1964
vn 0.2277 0.9656 -0.1256
vn 0.3300 0.8956 -0.2985
vn 0.2826 0.8949 -0.3454
vn 0.2203 0.9599 -0.1731
vn 0.1261 0.9850 -0.1182
vn 0.2045 0.9438 -0.2596
vn 0.1811 0.9369 -0.2992
vn 0.1255 0.9808 -0.1491
vn 0.0630 0.9919 -0.1102
vn 0.1256 0.9656 -0.2277
vn 0.1099 0.9575 -0.2668
vn 0.0627 0.9880 -0.1411
vn 0.0235 0.9937 -0.1095
vn 0.0629 0.9752 -0.2123
vn -0.0157 0.9954 -0.0941
vn -0.0235 0.9928 -0.1173
vn -0.0156 0.9930 -0.1173
vn -0.0156 0.9954 -0.0941
vn -0.0157 0.9984 -0.0550
vn -0.0157 0.9991 -0.0394
vn -0.0152 0.9991 -0.0395
vn -0.0157 0.9996 -0.0237
vn -0.0158 0.9998 -0.0079
vn 0.0157 0.9930 -0.1173
vn 0.0157 0.9954 -0.0941
vn 0.0079 0.9985 -0.0551
vn 0.0079 0.9985 -0.0550
vn 0.0079 0.9999 -0.0079
vn -0.0000 -0.9995 -0.0302
vn -0.0000 -0.9995 -0.0301
vt 0.927246 -0.036621
vt 0.972656 -0.036621
vt 0.972656 -0.120606
vt 0.927246 -0.199707
vt 1.819824 0.999023
vt 1.819824 0.963379
vt 1.667969 0.963379
vt 1.667969 0.999023
vt 1.884766 0.999023
vt 1.884766 0.963379
vt 2.101074 0.999023
vt 2.101074 0.963379
vt 1.142578 -0.482422
vt 1.158203 -0.482422
vt 1.158203 -0.499023
vt 1.142578 -0.499023
vt 1.087402 -0.482422
vt 1.087402 -0.499023
vt 1.017578 -0.482422
vt 1.017578 -0.499023
vt 0.888184 -0.482422
vt 0.888184 -0.499023
vt 0.865723 -0.482422
vt 0.865723 -0.499023
vt 0.836914 -0.482422
vt 0.836914 -0.499023
vt 0.708008 -0.482422
vt 0.708008 -0.499023
vt 0.527832 -0.482422
vt 0.527832 -0.499023
vt 0.495117 -0.482422
vt 0.495117 -0.499023
vt 0.451660 -0.482422
vt 0.451660 -0.499023
vt 0.313477 -0.482422
vt 0.313477 -0.499023
vt 0.239746 -0.482422
vt 0.239746 -0.499023
vt 0.201172 -0.482422
vt 0.201172 -0.499023
vt 0.184570 -0.482422
vt 0.184570 -0.499023
vt 0.153809 -0.482422
vt 0.153809 -0.499023
vt -0.021973 -0.482422
vt -0.021973 -0.499023
vt -0.157227 -0.482422
vt -0.157227 -0.499023
vt -0.178223 -0.482422
vt -0.178223 -0.499023
vt 2.734375 -0.001465
vt 2.794922 -0.001465
vt 2.794922 -0.035645
vt 2.734375 -0.035645
vt 2.650879 -0.001465
vt 2.650879 -0.035645
vt 2.448242 -0.001465
vt 2.448242 -0.035645
vt 2.375977 -0.001465
vt 2.375977 -0.035645
vt 2.330078 -0.001465
vt 2.330078 -0.035645
vt 2.085938 -0.001465
vt 2.085938 -0.035645
vt 1.915039 -0.001465
vt 1.915039 -0.035645
vt 1.893066 -0.001465
vt 1.893066 -0.035645
vt 1.872070 -0.001465
vt 1.872070 -0.035645
vt 1.679688 -0.001465
vt 1.679688 -0.035645
vt 1.597656 -0.001465
vt 1.597656 -0.035645
vt 1.534668 -0.001465
vt 1.534668 -0.035645
vt 1.510742 -0.001465
vt 1.510742 -0.035645
vt 1.483887 -0.001465
vt 1.483887 -0.035645
vt 1.285645 -0.001465
vt 1.285645 -0.035645
vt 1.030273 -0.001465
vt 1.030273 -0.035645
vt 0.997070 -0.001465
vt 0.997070 -0.035645
vt 0.981934 -0.001465
vt 0.981934 -0.035645
vt -1.750000 0.998535
vt -1.710449 0.998535
vt -1.710449 0.963379
vt -1.750000 0.963379
vt -1.789063 0.998535
vt -1.789063 0.963379
vt -1.829102 0.998535
vt -1.829102 0.963379
vt -1.869141 0.998535
vt -1.869141 0.963379
vt -1.909180 0.998535
vt -1.909180 0.963379
vt -1.949219 0.998535
vt -1.949219 0.963379
vt -1.989258 0.998535
vt -1.989258 0.963379
vt -2.028809 0.998535
vt -2.028809 0.963379
vt -2.068359 0.998535
vt -2.068359 0.963379
vt -2.107422 0.998535
vt -2.107422 0.963379
vt 1.066406 -0.036621
vt 1.120605 -0.036621
vt 1.120605 -0.178223
vt 1.066406 -0.173340
vt 0.998047 -0.036621
vt 0.998047 -0.114258
vt -0.804688 0.816895
vt -0.805176 0.511719
vt -0.736328 0.511719
vt -0.736328 0.806641
vt -0.645020 0.511719
vt -0.645020 0.681152
vt -0.621582 0.506836
vt -0.621582 0.700195
vt -0.659668 0.431152
vt -0.659668 0.783203
vt -0.672363 0.408691
vt -0.672363 0.796387
vt 2.259277 0.999023
vt 2.259277 0.963379
vt 2.657715 0.999023
vt 2.657715 0.963379
vt 1.771484 0.999023
vt 1.771484 0.963379
vt 1.621094 0.963379
vt 1.621094 0.999023
vt 1.576660 0.963379
vt 1.576660 0.999023
vt 1.836914 0.999023
vt 1.836914 0.963379
vt 2.047363 0.999023
vt 2.047363 0.963379
vt 2.339844 0.999023
vt 2.339844 0.963379
vt 2.759766 0.963379
vt 2.759766 0.999023
vt -0.026855 0.385254
vt -0.087402 0.385742
vt -0.076172 0.392090
vt -0.026855 0.392090
vt 1.261719 -0.036621
vt 1.261719 -0.179199
vt -0.049805 0.397949
vt -0.026855 0.398926
vt -0.049805 0.341309
vt -0.076172 0.344238
vt -0.026855 0.344238
vt -0.026855 0.340820
vt -0.026855 0.350586
vt -0.087402 0.350586
vt -0.026855 0.358887
vt -0.094727 0.358887
vt -0.026855 0.368164
vt -0.096191 0.368164
vt -0.094727 0.377441
vt -0.026855 0.376953
vt -1.091797 0.511719
vt -1.091797 0.819824
vt -0.777344 -0.201172
vt -0.784180 -0.227539
vt -0.791992 -0.222656
vt -0.825684 -0.221191
vt -0.825684 -0.201172
vt -0.873047 -0.219238
vt -0.873047 -0.201172
vt -0.882324 -0.223145
vt -0.919434 -0.201172
vt -0.919434 -0.237305
vt -0.886719 -0.237305
vt -0.886231 -0.277832
vt -0.919434 -0.278809
vt -0.885742 -0.295410
vt -0.919434 -0.296387
vt -0.885742 -0.307129
vt -0.919434 -0.307617
vt -0.881836 -0.307617
vt -0.917481 -0.313965
vt -0.871094 -0.312500
vt -0.873047 -0.307617
vt -0.873047 -0.306641
vt -0.825195 -0.310059
vt -0.827148 -0.305176
vt -0.791992 -0.302246
vt -0.827637 -0.303711
vt -0.873047 -0.295410
vt -0.828125 -0.292969
vt -0.873047 -0.277832
vt -0.828125 -0.275879
vt -0.873047 -0.236816
vt -0.828613 -0.235840
vt -0.828613 -0.201172
vt -0.788086 -0.234863
vt -0.787598 -0.272949
vt -0.786621 -0.289551
vt -0.785156 -0.300293
vt -0.781738 -0.306152
vt -0.785645 -0.301270
vt -0.782227 -0.300293
vt -0.748047 -0.285156
vt -0.745117 -0.294922
vt -0.739746 -0.300781
vt -0.750488 -0.269531
vt -0.712891 -0.279297
vt -0.717285 -0.265137
vt -0.707520 -0.289063
vt -0.718750 -0.230957
vt -0.699707 -0.294922
vt -0.751465 -0.232910
vt -0.738770 -0.294922
vt -0.696289 -0.289063
vt -0.780762 -0.289551
vt -0.781738 -0.289551
vt -0.781250 -0.272949
vt -0.735352 -0.285156
vt -0.690430 -0.279297
vt -0.779297 -0.272949
vt -0.780762 -0.234863
vt -0.731934 -0.269531
vt -0.684570 -0.265137
vt -0.777832 -0.234863
vt -0.728516 -0.232910
vt -0.678223 -0.230957
vt -0.727539 -0.201172
vt -0.676758 -0.201172
vt -0.788086 -0.201172
vt -0.751465 -0.201172
vt -0.719238 -0.201172
vt 0.346680 0.149902
vt 0.341309 0.158203
vt 0.346191 0.153809
vt 0.346191 0.145508
vt 0.341309 0.141602
vt 0.333008 0.138184
vt 0.311523 0.164063
vt 0.333008 0.162109
vt 0.292481 0.136231
vt 0.311523 0.136719
vt 0.292481 0.164063
vt -0.467285 0.367188
vt -0.474121 0.380371
vt -0.471680 0.395508
vt -0.460938 0.406250
vt -0.445801 0.408691
vt -0.438477 0.362305
vt -0.453613 0.359863
vt -0.425293 0.388184
vt -0.432129 0.401856
vt -0.427734 0.373047
vt -0.408203 0.553223
vt -0.404785 0.556152
vt -0.399902 0.558594
vt -0.393066 0.560547
vt -0.384766 0.562012
vt -0.408203 0.546875
vt -0.409180 0.549805
vt -0.375000 0.562988
vt -0.364746 0.563477
vt -0.399902 0.541504
vt -0.404785 0.543945
vt -0.354004 0.536133
vt -0.354004 0.563965
vt -0.384766 0.538086
vt -0.393066 0.539551
vt -0.375000 0.537109
vt -0.364746 0.536621
vt -0.506836 0.220215
vt -0.503906 0.221191
vt -0.504883 0.214844
vt -0.507813 0.212891
vt -0.503906 0.262207
vt -0.520996 0.213379
vt -0.507324 0.262207
vt -0.505371 0.293945
vt -0.506348 0.297363
vt -0.509277 0.298828
vt -0.520996 0.220703
vt -0.538574 0.213867
vt -0.521484 0.263184
vt -0.522461 0.299805
vt -0.538574 0.221191
vt -0.575684 0.214356
vt -0.538574 0.263672
vt -0.539063 0.300781
vt -0.576172 0.222656
vt -0.585449 0.218262
vt -0.587402 0.224121
vt -0.583984 0.266113
vt -0.574707 0.265625
vt -0.573242 0.302246
vt -0.581055 0.295898
vt -0.578125 0.300781
vt -1.340332 -0.549316
vt -1.397949 -0.549316
vt -1.397949 -0.483398
vt -1.340332 -0.483398
vt -1.273926 -0.549316
vt -1.273926 -0.483398
vt -1.242676 -0.549316
vt -1.242676 -0.483398
vt -1.217773 -0.549316
vt -1.217773 -0.483398
vt -1.198242 -0.549316
vt -1.198242 -0.483398
vt -1.178711 -0.549316
vt -1.178711 -0.483398
vt -1.152832 -0.549316
vt -1.152832 -0.483398
vt -1.121582 -0.549316
vt -1.121582 -0.483398
vt -1.054688 -0.549316
vt -1.054688 -0.483398
vt -0.997070 -0.549316
vt -0.997070 -0.483398
vt -0.463867 1.516602
vt -0.463867 1.500977
vt -0.747559 1.500977
vt -0.218262 1.500977
vt -0.747559 1.516602
vt -0.218262 1.516602
vt -0.883789 1.500977
vt -0.883789 1.516602
vt -0.993164 1.500977
vt -0.993164 1.516602
vt -1.076660 1.500977
vt -1.076660 1.516602
vt -1.160156 1.500977
vt -1.160156 1.516602
vt -1.254395 1.500977
vt -1.254395 1.516602
vt -1.387695 1.500977
vt -1.387695 1.516602
vt -1.669434 1.500977
vt -1.669434 1.516602
vt -1.914551 1.516602
vt -1.914551 1.500977
vt -0.822754 -0.000977
vt -0.822754 -0.036621
vt -1.423340 -0.036621
vt -0.293945 -0.036621
vt -1.423340 -0.000977
vt -0.293945 -0.000977
vt -1.692383 -0.036621
vt -1.692383 -0.000977
vt -1.893066 -0.036621
vt -1.893066 -0.000977
vt -2.038574 -0.036621
vt -2.038574 -0.000977
vt -2.179688 -0.036621
vt -2.179688 -0.000977
vt -2.374023 -0.036621
vt -2.374023 -0.000977
vt -2.639648 -0.036621
vt -2.639648 -0.000977
vt -3.241211 -0.036621
vt -3.241211 -0.000977
vt -3.767090 -0.036621
vt -3.767090 -0.000977
vt -1.799805 0.963379
vt -1.799805 0.999023
vt -1.726074 0.999023
vt -1.865723 0.999023
vt -1.726074 0.963379
vt -1.865723 0.963379
vt -1.694824 0.999023
vt -1.694824 0.963379
vt -1.674316 0.999023
vt -1.674316 0.963379
vt -1.660156 0.999023
vt -1.660156 0.963379
vt -1.645020 0.999023
vt -1.645020 0.963379
vt -1.623535 0.999023
vt -1.623535 0.963379
vt -1.592285 0.999023
vt -1.592285 0.963379
vt -1.518066 0.999023
vt -1.518066 0.963379
vt -1.452637 0.963379
vt -1.452637 0.999023
vt -0.459961 0.996582
vt -0.459961 0.964844
vt -0.496582 0.964844
vt -0.496582 0.996582
vt -0.531738 0.964844
vt -0.459961 1.055664
vt -0.531738 0.996582
vt -0.563965 0.964844
vt -0.496582 1.055664
vt -0.563965 0.996582
vt -0.591797 0.964844
vt -0.531738 1.055664
vt -0.459961 1.125977
vt -0.591797 0.996582
vt -0.496582 1.125977
vt -0.531738 1.125977
vt -0.616211 0.964844
vt -0.563965 1.055664
vt -0.563965 1.125977
vt -0.616211 0.996582
vt -0.636231 0.964844
vt -0.591797 1.055664
vt -0.591797 1.125977
vt -0.636231 0.996582
vt -0.653320 0.964844
vt -0.616211 1.055664
vt -0.616211 1.125977
vt -0.653320 0.996582
vt -0.668945 0.964844
vt -0.636231 1.055664
vt -0.636231 1.125977
vt -0.668945 0.996582
vt -0.685059 0.964844
vt -0.653320 1.055664
vt -0.653320 1.125977
vt -0.685059 0.996582
vt -0.702637 0.964844
vt -0.668945 1.055664
vt -0.668945 1.125977
vt -0.702637 0.996582
vt -0.722168 0.964844
vt -0.685059 1.055664
vt -0.685059 1.125977
vt -0.722168 0.996582
vt -0.746094 0.964844
vt -0.702637 1.055664
vt -0.702637 1.125977
vt -0.746094 0.996582
vt -0.773926 0.964844
vt -0.722168 1.055664
vt -0.722168 1.125977
vt -0.773926 0.996582
vt -0.805664 0.964844
vt -0.746094 1.055664
vt -0.746094 1.125977
vt -0.805664 0.996582
vt -0.773926 1.055664
vt -0.773926 1.125977
vt -0.840332 0.964844
vt -0.805664 1.055664
vt -0.805664 1.125977
vt -0.840332 0.996582
vt -0.840332 1.055664
vt -0.840332 1.125977
vt -0.883789 1.125977
vt -0.883789 0.996582
vt -0.883789 0.964844
vt -0.883789 1.055664
vt 0.261461 0.252520
vt 0.261949 0.252520
vt 0.260972 0.252520
vt 0.403320 0.166748
vt 0.403320 0.167664
vt 0.402997 0.167530
vt 0.402673 0.167396
vt 0.402405 0.166748
vt 0.402539 0.166424
vt 0.402673 0.166101
vt 0.403320 0.165832
vt 0.403968 0.166101
vt 0.404102 0.166424
vt 0.404236 0.166748
vt 0.403968 0.167396
vt 0.222768 0.186980
vt 0.221744 0.184506
vt 0.223793 0.189453
vt 0.216797 0.196449
vt 0.221744 0.194400
vt 0.210826 0.186980
vt 0.209801 0.189453
vt 0.216797 0.182457
vt 0.211850 0.194400
vt 0.214323 0.195425
vt 0.211850 0.184506
vt 0.258382 0.260843
vt 0.216549 0.191941
s 1
usemtl FED_Shuttle__Hull
f 1/1/1 2/2/2 3/3/1
f 3/3/1 4/4/1 1/1/1
f 5/5/3 6/6/4 7/7/5
f 7/7/5 8/8/6 5/5/3
f 9/9/7 10/10/8 11/6/9
f 11/6/9 12/5/10 9/9/7
f 13/11/11 14/12/11 15/10/11
f 15/10/11 16/9/11 13/11/11
f 17/1/12 18/4/13 19/3/12
f 19/3/12 20/2/14 17/1/12
f 21/5/15 22/8/16 23/7/17
f 23/7/17 24/6/18 21/5/15
f 25/9/19 26/5/20 27/6/9
f 27/6/9 28/10/21 25/9/19
f 29/11/22 30/9/22 31/10/22
f 31/10/22 32/12/22 29/11/22
f 33/13/23 34/14/24 35/15/25
f 35/15/25 36/16/26 33/13/23
f 37/17/27 33/13/23 36/16/26
f 36/16/26 38/18/28 37/17/27
f 39/19/29 37/17/27 38/18/28
f 38/18/28 40/20/29 39/19/29
f 41/21/30 39/19/29 40/20/29
f 40/20/29 42/22/31 41/21/30
f 43/23/32 41/21/30 42/22/31
f 42/22/31 44/24/33 43/23/32
f 45/25/32 43/23/32 44/24/33
f 44/24/33 46/26/32 45/25/32
f 47/27/34 45/25/32 46/26/32
f 46/26/32 48/28/35 47/27/34
f 49/29/36 47/27/34 48/28/35
f 48/28/35 50/30/37 49/29/36
f 51/31/38 49/29/36 50/30/37
f 50/30/37 52/32/39 51/31/38
f 53/33/40 51/31/38 52/32/39
f 52/32/39 54/34/40 53/33/40
f 55/35/41 53/33/40 54/34/40
f 54/34/40 56/36/42 55/35/41
f 57/37/43 55/35/41 56/36/42
f 56/36/42 58/38/44 57/37/43
f 59/39/45 57/37/43 58/38/44
f 58/38/44 60/40/46 59/39/45
f 61/41/47 59/39/45 60/40/46
f 60/40/46 62/42/47 61/41/47
f 63/43/48 61/41/47 62/42/47
f 62/42/47 64/44/48 63/43/48
f 65/45/49 63/43/48 64/44/48
f 64/44/48 66/46/50 65/45/49
f 67/47/51 65/45/49 66/46/50
f 66/46/50 68/48/52 67/47/51
f 69/49/24 67/47/51 68/48/52
f 68/48/52 70/50/25 69/49/24
f 71/51/53 72/52/54 73/53/55
f 73/53/55 74/54/56 71/51/53
f 75/55/57 71/51/53 74/54/56
f 74/54/56 76/56/53 75/55/57
f 77/57/58 75/55/57 76/56/53
f 76/56/53 78/58/59 77/57/58
f 79/59/60 77/57/58 78/58/59
f 78/58/59 80/60/61 79/59/60
f 81/61/62 79/59/60 80/60/61
f 80/60/61 82/62/63 81/61/62
f 83/63/64 81/61/62 82/62/63
f 82/62/63 84/64/64 83/63/64
f 85/65/65 83/63/64 84/64/64
f 84/64/64 86/66/66 85/65/65
f 87/67/67 85/65/65 86/66/66
f 86/66/66 88/68/68 87/67/67
f 89/69/69 87/67/67 88/68/68
f 88/68/68 90/70/70 89/69/69
f 91/71/71 89/69/69 90/70/70
f 90/70/70 92/72/71 91/71/71
f 93/73/72 91/71/71 92/72/71
f 92/72/71 94/74/73 93/73/72
f 95/75/74 93/73/72 94/74/73
f 94/74/73 96/76/75 95/75/74
f 97/77/76 95/75/74 96/76/75
f 96/76/75 98/78/77 97/77/76
f 99/79/78 97/77/76 98/78/77
f 98/78/77 100/80/79 99/79/78
f 101/81/80 99/79/78 100/80/79
f 100/80/79 102/82/80 101/81/80
f 103/83/81 101/81/80 102/82/80
f 102/82/80 104/84/82 103/83/81
f 105/85/83 103/83/81 104/84/82
f 104/84/82 106/86/84 105/85/83
f 107/87/85 105/85/83 106/86/84
f 106/86/84 108/88/86 107/87/85
f 109/89/87 110/90/88 111/91/89
f 111/91/89 112/92/90 109/89/87
f 113/93/91 109/89/87 112/92/90
f 112/92/90 114/94/92 113/93/91
f 115/95/93 113/93/91 114/94/92
f 114/94/92 116/96/93 115/95/93
f 117/97/94 115/95/93 116/96/93
f 116/96/93 118/98/95 117/97/94
f 119/99/96 117/97/94 118/98/95
f 118/98/95 120/100/97 119/99/96
f 121/101/98 119/99/96 120/100/97
f 120/100/97 122/102/99 121/101/98
f 123/103/100 121/101/98 122/102/99
f 122/102/99 124/104/101 123/103/100
f 125/105/102 123/103/100 124/104/101
f 124/104/101 126/106/102 125/105/102
f 127/107/103 125/105/102 126/106/102
f 126/106/102 128/108/103 127/107/103
f 129/109/88 127/107/103 128/108/103
f 128/108/103 130/110/104 129/109/88
f 131/111/105 132/112/105 133/113/105
f 133/113/105 134/114/105 131/111/105
f 135/115/105 131/111/105 134/114/105
f 134/114/105 136/116/105 135/115/105
f 137/2/105 135/115/105 136/116/105
f 136/116/105 138/3/105 137/2/105
f 139/117/106 140/118/106 141/119/107
f 141/119/107 142/120/108 139/117/106
f 142/120/108 141/119/107 143/121/109
f 143/121/109 144/122/109 142/120/108
f 144/122/109 143/121/109 145/123/110
f 145/123/110 146/124/110 144/122/109
f 147/124/111 148/123/111 149/125/112
f 149/125/112 150/126/113 147/124/111
f 150/126/113 149/125/112 151/127/114
f 151/127/114 152/128/115 150/126/113
f 153/12/116 154/11/117 155/129/118
f 155/129/118 156/130/119 153/12/116
f 156/130/119 155/129/118 157/131/120
f 157/131/120 158/132/120 156/130/119
f 159/130/121 158/132/120 157/131/120
f 157/131/120 160/129/122 159/130/121
f 161/12/123 159/130/121 160/129/122
f 160/129/122 162/11/124 161/12/123
f 163/133/125 164/134/126 165/135/127
f 165/135/127 166/136/128 163/133/125
f 166/136/128 165/135/127 167/137/129
f 167/137/129 168/138/129 166/136/128
f 169/134/130 170/133/131 171/139/132
f 171/139/132 172/140/133 169/134/130
f 172/140/133 171/139/132 173/141/133
f 173/141/133 174/142/133 172/140/133
f 174/142/133 173/141/133 175/143/133
f 175/143/133 176/144/133 174/142/133
f 177/145/133 176/144/133 175/143/133
f 175/143/133 178/146/133 177/145/133
f 177/145/133 178/146/133 179/143/133
f 179/143/133 180/144/133 177/145/133
f 181/142/133 180/144/133 179/143/133
f 179/143/133 182/141/133 181/142/133
f 183/140/133 181/142/133 182/141/133
f 182/141/133 184/139/134 183/140/133
f 185/134/135 183/140/133 184/139/134
f 184/139/134 186/133/136 185/134/135
f 187/15/137 188/14/138 189/13/139
f 189/13/139 190/16/140 187/15/137
f 190/16/140 189/13/139 191/17/141
f 191/17/141 192/18/142 190/16/140
f 192/18/142 191/17/141 193/19/143
f 193/19/143 194/20/143 192/18/142
f 194/20/143 193/19/143 195/21/144
f 195/21/144 196/22/145 194/20/143
f 196/22/145 195/21/144 197/23/146
f 197/23/146 198/24/146 196/22/145
f 198/24/146 197/23/146 199/25/146
f 199/25/146 200/26/146 198/24/146
f 200/26/146 199/25/146 201/27/147
f 201/27/147 202/28/147 200/26/146
f 202/28/147 201/27/147 203/29/148
f 203/29/148 204/30/149 202/28/147
f 204/30/149 203/29/148 205/31/150
f 205/31/150 206/32/150 204/30/149
f 206/32/150 205/31/150 207/33/151
f 207/33/151 208/34/151 206/32/150
f 208/34/151 207/33/151 209/35/152
f 209/35/152 210/36/153 208/34/151
f 210/36/153 209/35/152 211/37/154
f 211/37/154 212/38/155 210/36/153
f 212/38/155 211/37/154 213/39/156
f 213/39/156 214/40/157 212/38/155
f 214/40/157 213/39/156 215/41/158
f 215/41/158 216/42/159 214/40/157
f 216/42/159 215/41/158 217/43/160
f 217/43/160 218/44/161 216/42/159
f 218/44/161 217/43/160 219/45/162
f 219/45/162 220/46/163 218/44/161
f 220/46/163 219/45/162 221/47/164
f 221/47/164 222/48/164 220/46/163
f 222/48/164 221/47/164 223/49/138
f 223/49/138 224/50/165 222/48/164
f 225/53/166 226/52/167 227/51/168
f 227/51/168 228/54/169 225/53/166
f 228/54/169 227/51/168 229/55/170
f 229/55/170 230/56/168 228/54/169
f 230/56/168 229/55/170 231/57/171
f 231/57/171 232/58/172 230/56/168
f 232/58/172 231/57/171 233/59/173
f 233/59/173 234/60/174 232/58/172
f 234/60/174 233/59/173 235/61/175
f 235/61/175 236/62/176 234/60/174
f 236/62/176 235/61/175 237/63/177
f 237/63/177 238/64/177 236/62/176
f 238/64/177 237/63/177 239/65/178
f 239/65/178 240/66/179 238/64/177
f 240/66/179 239/65/178 241/67/180
f 241/67/180 242/68/181 240/66/179
f 242/68/181 241/67/180 243/69/182
f 243/69/182 244/70/183 242/68/181
f 244/70/183 243/69/182 245/71/184
f 245/71/184 246/72/185 244/70/183
f 246/72/185 245/71/184 247/73/186
f 247/73/186 248/74/185 246/72/185
f 248/74/185 247/73/186 249/75/187
f 249/75/187 250/76/188 248/74/185
f 250/76/188 249/75/187 251/77/189
f 251/77/189 252/78/190 250/76/188
f 252/78/190 251/77/189 253/79/191
f 253/79/191 254/80/192 252/78/190
f 254/80/192 253/79/191 255/81/193
f 255/81/193 256/82/193 254/80/192
f 256/82/193 255/81/193 257/83/194
f 257/83/194 258/84/195 256/82/193
f 258/84/195 257/83/194 259/85/196
f 259/85/196 260/86/197 258/84/195
f 260/86/197 259/85/196 261/87/198
f 261/87/198 262/88/166 260/86/197
f 263/91/199 264/90/200 265/89/201
f 265/89/201 266/92/202 263/91/199
f 266/92/202 265/89/201 267/93/203
f 267/93/203 268/94/203 266/92/202
f 268/94/203 267/93/203 269/95/204
f 269/95/204 270/96/205 268/94/203
f 270/96/205 269/95/204 271/97/206
f 271/97/206 272/98/207 270/96/205
f 272/98/207 271/97/206 273/99/208
f 273/99/208 274/100/209 272/98/207
f 274/100/209 273/99/208 275/101/210
f 275/101/210 276/102/211 274/100/209
f 276/102/211 275/101/210 277/103/212
f 277/103/212 278/104/213 276/102/211
f 278/104/213 277/103/212 279/105/214
f 279/105/214 280/106/214 278/104/213
f 280/106/214 279/105/214 281/107/215
f 281/107/215 282/108/216 280/106/214
f 282/108/216 281/107/215 283/109/217
f 283/109/217 284/110/218 282/108/216
f 285/113/219 286/112/219 287/111/219
f 287/111/219 288/114/219 285/113/219
f 288/114/219 287/111/219 289/115/219
f 289/115/219 290/116/219 288/114/219
f 290/116/219 289/115/219 291/2/219
f 291/2/219 292/3/219 290/116/219
f 293/119/220 294/118/221 295/117/221
f 295/117/221 296/120/222 293/119/220
f 297/121/223 293/119/220 296/120/222
f 296/120/222 298/122/224 297/121/223
f 299/123/225 297/121/223 298/122/224
f 298/122/224 300/124/226 299/123/225
f 301/125/227 302/123/228 303/124/228
f 303/124/228 304/126/229 301/125/227
f 305/127/229 301/125/227 304/126/229
f 304/126/229 306/128/229 305/127/229
f 307/135/230 308/134/231 309/133/232
f 309/133/232 310/136/233 307/135/230
f 311/137/234 307/135/230 310/136/233
f 310/136/233 312/138/234 311/137/234
f 313/147/235 314/148/236 315/149/235
f 315/149/235 316/150/237 313/147/235
f 313/147/235 316/150/237 317/149/238
f 317/149/238 318/148/238 313/147/235
f 319/113/239 320/112/239 321/151/239
f 321/151/239 322/152/239 319/113/239
f 323/113/239 322/152/239 321/151/239
f 321/151/239 324/112/239 323/113/239
f 325/150/240 326/149/241 327/153/240
f 327/153/240 328/154/242 325/150/240
f 325/150/240 328/154/242 329/153/243
f 329/153/243 330/149/240 325/150/240
f 331/155/244 332/156/244 333/157/244
f 333/157/244 334/158/245 331/155/244
f 335/155/246 334/158/245 333/157/244
f 333/157/244 336/156/247 335/155/246
f 336/156/248 337/157/249 338/159/249
f 338/159/249 337/157/249 339/156/249
f 338/159/249 340/160/248 336/156/248
f 339/156/249 341/160/247 338/159/249
f 340/160/248 338/159/249 342/161/250
f 342/161/250 338/159/249 341/160/247
f 342/161/250 343/162/250 340/160/248
f 341/160/247 344/162/250 342/161/250
f 343/162/250 342/161/250 345/163/251
f 345/163/251 342/161/250 344/162/250
f 345/163/251 346/164/251 343/162/250
f 344/162/250 347/164/251 345/163/251
f 348/165/251 346/164/251 345/163/251
f 345/163/251 347/164/251 349/165/251
f 345/163/251 350/166/251 348/165/251
f 349/165/251 350/166/251 345/163/251
f 351/148/252 348/165/251 350/166/251
f 350/166/251 349/165/251 352/148/253
f 350/166/251 353/147/254 351/148/252
f 352/148/253 353/147/254 350/166/251
f 354/167/255 355/118/256 356/117/256
f 356/117/256 357/168/256 354/167/255
f 354/167/255 357/168/256 358/117/256
f 358/117/256 359/118/256 354/167/255
f 360/169/257 361/170/32 362/171/32
f 362/171/258 363/172/259 364/173/260
f 364/173/260 363/172/259 365/174/261
f 364/173/260 366/169/262 362/171/258
f 365/174/261 367/175/263 364/173/260
f 367/175/263 365/174/261 368/176/264
f 364/173/260 367/175/263 369/174/265
f 369/174/265 370/172/266 364/173/260
f 364/173/260 370/172/266 371/171/146
f 371/171/146 366/169/262 364/173/260
f 372/176/267 369/174/265 367/175/263
f 371/171/146 373/170/146 374/169/268
f 367/175/263 375/177/269 372/176/267
f 368/176/264 375/177/269 367/175/263
f 375/177/269 376/178/151 372/176/267
f 377/178/40 375/177/269 368/176/264
f 376/178/151 378/179/270 372/176/267
f 379/179/40 377/178/40 368/176/264
f 380/180/152 378/179/270 376/178/151
f 377/178/40 379/179/40 381/180/271
f 376/178/151 382/181/272 380/180/152
f 381/180/271 383/181/273 377/178/40
f 384/182/274 380/180/152 382/181/272
f 383/181/273 381/180/271 385/182/275
f 382/181/272 386/183/276 384/182/274
f 385/182/275 387/183/277 383/181/273
f 388/184/278 384/182/274 386/183/276
f 387/183/277 385/182/275 389/184/279
f 386/183/276 390/185/280 388/184/278
f 389/184/279 391/185/281 387/183/277
f 392/186/282 388/184/278 390/185/280
f 391/185/281 389/184/279 393/186/283
f 390/185/280 394/187/284 392/186/282
f 393/186/283 395/187/285 391/185/281
f 392/186/282 394/187/284 396/188/286
f 396/188/286 397/189/287 392/186/282
f 398/188/288 395/187/285 393/186/283
f 393/186/283 399/189/48 398/188/288
f 395/187/285 398/188/288 400/190/289
f 400/190/289 401/185/290 395/187/285
f 402/191/291 398/188/288 399/189/48
f 399/189/48 403/192/50 402/191/291
f 402/191/291 403/192/50 404/193/292
f 405/194/293 400/190/289 398/188/288
f 398/188/288 402/191/291 405/194/293
f 401/185/290 400/190/289 406/195/294
f 406/195/294 407/183/295 401/185/290
f 400/190/289 405/194/293 408/196/296
f 408/196/296 406/195/294 400/190/289
f 407/183/295 406/195/294 409/197/297
f 409/197/297 410/181/297 407/183/295
f 406/195/294 408/196/296 411/198/298
f 411/198/298 409/197/297 406/195/294
f 410/181/297 409/197/297 412/199/299
f 412/199/299 413/178/300 410/181/297
f 414/177/301 413/178/300 412/199/299
f 415/200/302 412/199/299 409/197/297
f 409/197/297 411/198/298 415/200/302
f 412/199/299 416/175/303 414/177/301
f 416/175/303 412/199/299 415/200/302
f 414/177/301 416/175/303 417/199/304
f 417/199/304 418/178/304 414/177/301
f 419/181/305 418/178/304 417/199/304
f 415/200/302 420/201/306 416/175/303
f 417/199/304 421/197/307 419/181/305
f 422/183/308 419/181/305 421/197/307
f 423/200/309 417/199/304 416/175/303
f 421/197/307 417/199/304 423/200/309
f 416/175/303 420/201/306 423/200/309
f 421/197/307 424/195/310 422/183/308
f 425/185/311 422/183/308 424/195/310
f 423/200/309 426/198/312 421/197/307
f 424/195/310 421/197/307 426/198/312
f 427/202/313 423/200/309 420/201/306
f 426/198/312 423/200/309 427/202/313
f 424/195/310 428/190/314 425/185/311
f 394/187/284 425/185/311 428/190/314
f 428/190/314 396/188/286 394/187/284
f 426/198/312 429/196/315 424/195/310
f 428/190/314 424/195/310 429/196/315
f 396/188/286 428/190/314 430/194/316
f 429/196/315 430/194/316 428/190/314
f 429/196/315 426/198/312 431/203/317
f 427/202/313 431/203/317 426/198/312
f 430/194/316 429/196/315 432/204/318
f 431/203/317 432/204/318 429/196/315
f 430/194/316 433/191/319 396/188/286
f 397/189/287 396/188/286 433/191/319
f 433/191/319 434/192/163 397/189/287
f 435/193/320 434/192/163 433/191/319
f 433/191/319 430/194/316 436/205/321
f 432/204/318 436/205/321 430/194/316
f 433/191/319 437/206/322 435/193/320
f 436/205/321 437/206/322 433/191/319
f 437/206/322 438/207/323 435/193/320
f 438/207/323 437/206/322 439/208/324
f 436/205/321 432/204/318 440/209/325
f 437/206/322 436/205/321 441/210/326
f 440/209/325 441/210/326 436/205/321
f 439/208/324 437/206/322 442/211/327
f 441/210/326 442/211/327 437/206/322
f 443/212/328 440/209/325 432/204/318
f 432/204/318 431/203/317 443/212/328
f 441/210/326 440/209/325 444/213/329
f 445/214/328 444/213/329 440/209/325
f 440/209/325 443/212/328 445/214/328
f 444/213/329 446/215/330 441/210/326
f 442/211/327 441/210/326 446/215/330
f 447/216/331 445/214/328 443/212/328
f 446/215/330 448/217/332 442/211/327
f 449/218/333 443/212/328 431/203/317
f 443/212/328 449/218/333 447/216/331
f 431/203/317 427/202/313 449/218/333
f 450/219/334 442/211/327 448/217/332
f 442/211/327 450/219/334 439/208/324
f 448/217/332 451/220/335 450/219/334
f 452/221/336 439/208/324 450/219/334
f 439/208/324 452/221/336 453/222/337
f 454/223/338 453/222/337 452/221/336
f 455/224/339 450/219/334 451/220/335
f 450/219/334 455/224/339 452/221/336
f 451/220/335 456/225/340 455/224/339
f 452/221/336 457/226/341 454/223/338
f 457/226/341 452/221/336 455/224/339
f 458/227/342 454/223/338 457/226/341
f 459/228/343 455/224/339 456/225/340
f 455/224/339 459/228/343 457/226/341
f 456/225/340 460/229/344 459/228/343
f 457/226/341 461/230/345 458/227/342
f 461/230/345 457/226/341 459/228/343
f 458/227/342 461/230/345 373/170/146
f 462/231/346 459/228/343 460/229/344
f 459/228/343 462/231/346 461/230/345
f 461/230/345 366/169/262 373/170/146
f 366/169/262 461/230/345 462/231/346
f 460/229/344 463/232/347 462/231/346
f 464/233/348 462/231/346 463/232/347
f 462/231/346 464/233/348 366/169/262
f 463/232/347 465/234/349 464/233/348
f 464/233/348 465/234/349 466/232/350
f 466/232/350 467/231/351 464/233/348
f 366/169/262 464/233/348 467/231/351
f 467/231/351 466/232/350 468/229/352
f 467/231/351 469/230/353 366/169/262
f 366/169/262 469/230/353 361/170/32
f 469/230/353 470/227/354 361/170/32
f 468/229/352 471/228/355 467/231/351
f 469/230/353 467/231/351 471/228/355
f 471/228/355 468/229/352 472/225/356
f 470/227/354 469/230/353 473/226/357
f 471/228/355 473/226/357 469/230/353
f 473/226/357 474/223/358 470/227/354
f 472/225/356 475/224/359 471/228/355
f 473/226/357 471/228/355 475/224/359
f 475/224/359 472/225/356 476/220/360
f 474/223/358 473/226/357 477/221/361
f 475/224/359 477/221/361 473/226/357
f 477/221/361 478/222/362 474/223/358
f 477/221/361 479/208/363 478/222/362
f 476/220/360 480/219/364 475/224/359
f 477/221/361 475/224/359 480/219/364
f 480/219/364 479/208/363 477/221/361
f 480/219/364 476/220/360 481/217/365
f 481/217/365 482/211/366 480/219/364
f 479/208/363 480/219/364 482/211/366
f 482/211/366 481/217/365 483/215/367
f 482/211/366 484/206/368 479/208/363
f 484/206/368 485/207/369 479/208/363
f 485/207/369 484/206/368 404/193/292
f 404/193/292 484/206/368 402/191/291
f 483/215/367 486/210/370 482/211/366
f 484/206/368 482/211/366 486/210/370
f 486/210/370 483/215/367 487/213/371
f 402/191/291 484/206/368 488/205/372
f 486/210/370 488/205/372 484/206/368
f 488/205/372 405/194/293 402/191/291
f 487/213/371 489/209/373 486/210/370
f 488/205/372 486/210/370 489/209/373
f 489/209/373 487/213/371 490/214/374
f 405/194/293 488/205/372 491/204/375
f 489/209/373 491/204/375 488/205/372
f 491/204/375 408/196/296 405/194/293
f 490/214/374 492/212/376 489/209/373
f 491/204/375 489/209/373 492/212/376
f 492/212/376 490/214/374 493/216/377
f 408/196/296 491/204/375 494/203/378
f 492/212/376 494/203/378 491/204/375
f 494/203/378 411/198/298 408/196/296
f 493/216/377 495/218/377 492/212/376
f 494/203/378 492/212/376 495/218/377
f 411/198/298 494/203/378 496/202/302
f 495/218/377 496/202/302 494/203/378
f 496/202/302 415/200/302 411/198/298
f 420/201/306 415/200/302 496/202/302
f 496/202/302 497/235/306 420/201/306
f 497/235/306 496/202/302 495/218/377
f 420/201/306 497/235/306 427/202/313
f 449/218/333 427/202/313 497/235/306
f 495/218/377 498/236/256 497/235/306
f 497/235/306 498/236/256 449/218/333
f 498/236/256 495/218/377 493/216/377
f 447/216/331 449/218/333 498/236/256
f 493/216/377 499/237/256 498/236/256
f 498/236/256 499/237/256 447/216/331
f 500/238/133 501/239/133 502/240/133
f 500/238/133 503/241/133 501/239/133
f 503/241/133 504/242/133 505/243/133
f 503/241/133 505/243/133 501/239/133
f 506/244/133 507/245/133 501/239/133
f 505/243/133 508/246/133 501/239/133
f 508/246/133 506/244/133 501/239/133
f 505/243/133 509/247/133 508/246/133
f 508/246/133 510/248/133 506/244/133
f 511/244/133 510/248/133 508/246/133
f 512/239/133 513/245/133 511/244/133
f 512/239/133 511/244/133 508/246/133
f 508/246/133 514/247/133 515/243/133
f 512/239/133 508/246/133 515/243/133
f 515/243/133 516/242/133 517/241/133
f 512/239/133 515/243/133 517/241/133
f 512/239/133 517/241/133 518/238/133
f 512/239/133 518/238/133 519/240/133
f 520/249/379 521/250/379 522/251/379
f 522/251/379 523/252/380 524/253/379
f 520/249/379 522/251/379 524/253/379
f 525/254/379 526/255/380 520/249/379
f 525/254/379 520/249/379 524/253/379
f 527/256/380 525/254/379 524/253/379
f 527/256/380 524/253/379 528/257/379
f 527/256/380 529/258/380 525/254/379
f 530/254/381 531/258/381 532/256/381
f 533/253/381 532/256/381 534/257/381
f 533/253/381 530/254/381 532/256/381
f 535/249/381 536/255/381 530/254/381
f 533/253/381 535/249/381 530/254/381
f 533/253/381 537/251/381 535/249/381
f 537/251/381 538/250/381 535/249/381
f 533/253/381 539/252/381 537/251/381
f 540/259/120 541/260/120 542/261/120
f 542/261/120 543/262/120 544/263/120
f 540/259/120 542/261/120 544/263/120
f 545/264/120 546/265/120 540/259/120
f 544/263/120 547/266/382 548/267/120
f 549/268/120 545/264/120 540/259/120
f 549/268/120 540/259/120 544/263/120
f 549/268/120 550/269/120 545/264/120
f 544/263/120 548/267/120 551/270/120
f 549/268/120 544/263/120 551/270/120
f 548/267/120 552/271/120 551/270/120
f 553/272/120 554/273/120 549/268/120
f 553/272/120 549/268/120 551/270/120
f 555/274/120 553/272/120 551/270/120
f 555/274/120 551/270/120 556/275/382
f 551/270/120 552/271/120 557/267/120
f 551/270/120 558/274/120 559/275/382
f 551/270/120 560/272/120 558/274/120
f 557/267/120 561/266/383 562/263/120
f 551/270/120 557/267/120 562/263/120
f 551/270/120 563/268/120 560/272/120
f 563/268/120 564/273/120 560/272/120
f 551/270/120 562/263/120 563/268/120
f 562/263/120 565/262/120 566/261/120
f 567/264/120 568/269/120 563/268/120
f 562/263/120 566/261/120 569/259/120
f 562/263/120 569/259/120 563/268/120
f 569/259/120 567/264/120 563/268/120
f 566/261/120 570/260/120 569/259/120
f 569/259/120 571/265/120 567/264/120
f 572/276/384 573/277/385 574/278/386
f 574/278/386 575/279/387 572/276/384
f 576/280/388 573/277/385 572/276/384
f 572/276/384 575/279/387 577/281/389
f 572/276/384 578/282/390 576/280/388
f 576/280/388 578/282/390 579/283/391
f 580/284/392 579/283/391 578/282/390
f 581/285/393 580/284/392 578/282/390
f 577/281/389 582/286/394 572/276/384
f 578/282/390 572/276/384 582/286/394
f 582/286/394 577/281/389 583/287/395
f 581/285/393 578/282/390 584/288/396
f 582/286/394 584/288/396 578/282/390
f 584/288/396 585/289/397 581/285/393
f 583/287/395 586/290/398 582/286/394
f 584/288/396 582/286/394 586/290/398
f 586/290/398 583/287/395 587/291/399
f 585/289/397 584/288/396 588/292/400
f 586/290/398 588/292/400 584/288/396
f 588/292/400 589/293/401 585/289/397
f 587/291/399 590/294/402 586/290/398
f 588/292/400 586/290/398 590/294/402
f 587/291/399 591/295/39 590/294/402
f 590/294/402 591/295/39 592/296/403
f 590/294/402 592/296/403 593/297/259
f 589/293/401 588/292/400 594/298/404
f 590/294/402 594/298/404 588/292/400
f 593/297/259 594/298/404 590/294/402
f 594/298/404 595/299/405 589/293/401
f 593/297/259 596/300/32 594/298/404
f 595/299/405 594/298/404 597/301/33
f 596/300/32 597/301/33 594/298/404
f 598/276/406 599/279/407 600/278/408
f 600/278/408 601/277/409 598/276/406
f 602/281/410 599/279/407 598/276/406
f 598/276/406 601/277/409 603/280/411
f 598/276/406 604/286/412 602/281/410
f 605/287/413 602/281/410 604/286/412
f 603/280/411 606/282/414 598/276/406
f 604/286/412 598/276/406 606/282/414
f 606/282/414 603/280/411 607/283/415
f 607/283/415 608/284/416 606/282/414
f 608/284/416 609/285/417 606/282/414
f 610/288/418 606/282/414 609/285/417
f 606/282/414 610/288/418 604/286/412
f 609/285/417 611/289/419 610/288/418
f 604/286/412 612/290/420 605/287/413
f 612/290/420 604/286/412 610/288/418
f 613/291/421 605/287/413 612/290/420
f 614/292/422 610/288/418 611/289/419
f 610/288/418 614/292/422 612/290/420
f 611/289/419 615/293/423 614/292/422
f 612/290/420 616/294/424 613/291/421
f 616/294/424 612/290/420 614/292/422
f 617/295/267 613/291/421 616/294/424
f 617/295/267 616/294/424 618/296/148
f 619/297/425 618/296/148 616/294/424
f 620/298/426 614/292/422 615/293/423
f 614/292/422 620/298/426 616/294/424
f 616/294/424 620/298/426 619/297/425
f 615/293/423 621/299/342 620/298/426
f 622/300/146 619/297/425 620/298/426
f 620/298/426 621/299/342 623/301/146
f 623/301/146 622/300/146 620/298/426
f 624/302/427 625/303/428 626/304/428
f 626/304/428 625/303/428 627/302/429
f 626/304/428 628/305/427 624/302/427
f 627/302/429 629/305/429 626/304/428
f 630/306/430 624/302/427 628/305/427
f 629/305/429 627/302/429 631/306/431
f 628/305/427 632/307/432 630/306/430
f 631/306/431 633/307/433 629/305/429
f 634/308/434 630/306/430 632/307/432
f 633/307/433 631/306/431 635/308/435
f 632/307/432 636/309/436 634/308/434
f 635/308/435 637/309/437 633/307/433
f 638/310/438 634/308/434 636/309/436
f 637/309/437 635/308/435 639/310/439
f 636/309/436 640/311/440 638/310/438
f 639/310/439 641/311/441 637/309/437
f 642/312/442 638/310/438 640/311/440
f 641/311/441 639/310/439 643/312/443
f 640/311/440 644/313/444 642/312/442
f 643/312/443 645/313/443 641/311/441
f 646/314/445 642/312/442 644/313/444
f 645/313/443 643/312/443 647/314/446
f 644/313/444 648/315/447 646/314/445
f 647/314/446 649/315/446 645/313/443
f 650/316/448 646/314/445 648/315/447
f 649/315/446 647/314/446 651/316/449
f 648/315/447 652/317/450 650/316/448
f 651/316/449 653/317/451 649/315/446
f 654/318/452 650/316/448 652/317/450
f 653/317/451 651/316/449 655/318/453
f 652/317/450 656/319/452 654/318/452
f 655/318/453 657/319/453 653/317/451
f 658/320/454 654/318/452 656/319/452
f 657/319/453 655/318/453 659/320/455
f 656/319/452 660/321/454 658/320/454
f 659/320/455 661/321/455 657/319/453
f 662/322/456 658/320/454 660/321/454
f 661/321/455 659/320/455 662/322/456
f 660/321/454 663/323/457 662/322/456
f 662/322/456 663/323/457 661/321/455
f 664/324/120 665/325/120 666/326/120
f 667/327/120 665/325/120 664/324/120
f 666/326/120 668/328/120 664/324/120
f 664/324/120 669/329/120 667/327/120
f 668/328/120 666/326/120 670/330/120
f 667/327/120 669/329/120 671/324/120
f 670/330/120 672/331/120 668/328/120
f 671/324/120 673/325/120 667/327/120
f 672/331/120 670/330/120 674/332/120
f 675/326/120 673/325/120 671/324/120
f 674/332/120 676/333/120 672/331/120
f 671/324/120 677/328/120 675/326/120
f 676/333/120 674/332/120 678/334/120
f 679/330/120 675/326/120 677/328/120
f 678/334/120 680/335/120 676/333/120
f 677/328/120 681/331/120 679/330/120
f 680/335/120 678/334/120 682/336/120
f 683/332/120 679/330/120 681/331/120
f 682/336/120 684/337/458 680/335/120
f 681/331/120 685/333/120 683/332/120
f 684/337/458 682/336/120 686/338/459
f 687/334/120 683/332/120 685/333/120
f 686/338/459 688/339/460 684/337/458
f 685/333/120 689/335/120 687/334/120
f 688/339/460 686/338/459 690/340/461
f 691/336/120 687/334/120 689/335/120
f 690/340/461 692/341/462 688/339/460
f 689/335/120 693/337/120 691/336/120
f 692/341/462 690/340/461 694/342/463
f 695/338/464 691/336/120 693/337/120
f 694/342/463 696/343/463 692/341/462
f 693/337/120 697/339/462 695/338/464
f 698/344/463 696/343/463 694/342/463
f 699/340/462 695/338/464 697/339/462
f 694/342/463 700/345/463 698/344/463
f 697/339/462 701/341/465 699/340/462
f 698/344/463 700/345/463 702/342/463
f 702/342/463 699/340/462 701/341/465
f 702/342/463 703/343/463 698/344/463
f 701/341/465 703/343/463 702/342/463
f 704/346/133 705/347/133 706/348/133
f 707/349/133 705/347/133 704/346/133
f 706/348/133 708/350/133 704/346/133
f 704/346/133 709/351/133 707/349/133
f 708/350/133 706/348/133 710/352/133
f 707/349/133 709/351/133 711/346/133
f 710/352/133 712/353/133 708/350/133
f 711/346/133 713/347/133 707/349/133
f 712/353/133 710/352/133 714/354/133
f 715/348/133 713/347/133 711/346/133
f 714/354/133 716/355/133 712/353/133
f 711/346/133 717/350/133 715/348/133
f 716/355/133 714/354/133 718/356/133
f 719/352/133 715/348/133 717/350/133
f 718/356/133 720/357/133 716/355/133
f 717/350/133 721/353/133 719/352/133
f 720/357/133 718/356/133 722/358/133
f 723/354/133 719/352/133 721/353/133
f 722/358/133 724/359/133 720/357/133
f 721/353/133 725/355/133 723/354/133
f 724/359/133 722/358/133 726/360/133
f 727/356/133 723/354/133 725/355/133
f 726/360/133 728/361/133 724/359/133
f 725/355/133 729/357/133 727/356/133
f 728/361/133 726/360/133 730/362/133
f 731/358/133 727/356/133 729/357/133
f 730/362/133 732/363/133 728/361/133
f 729/357/133 733/359/133 731/358/133
f 732/363/133 730/362/133 734/364/133
f 735/360/133 731/358/133 733/359/133
f 734/364/133 736/365/133 732/363/133
f 733/359/133 737/361/133 735/360/133
f 736/365/133 734/364/133 738/366/133
f 739/362/133 735/360/133 737/361/133
f 738/366/133 740/367/133 736/365/133
f 737/361/133 741/363/133 739/362/133
f 742/365/133 740/367/133 738/366/133
f 743/364/133 739/362/133 741/363/133
f 738/366/133 743/364/133 742/365/133
f 741/363/133 742/365/133 743/364/133
f 744/368/466 745/369/466 746/370/467
f 747/371/239 745/369/466 744/368/466
f 746/370/467 748/372/467 744/368/466
f 744/368/466 749/373/239 747/371/239
f 748/372/467 746/370/467 750/374/468
f 747/371/239 749/373/239 751/368/469
f 750/374/468 752/375/468 748/372/467
f 751/368/469 753/369/469 747/371/239
f 752/375/468 750/374/468 754/376/470
f 755/370/471 753/369/469 751/368/469
f 754/376/470 756/377/472 752/375/468
f 751/368/469 757/372/473 755/370/471
f 756/377/472 754/376/470 758/378/474
f 759/374/475 755/370/471 757/372/473
f 758/378/474 760/379/474 756/377/472
f 757/372/473 761/375/476 759/374/475
f 760/379/474 758/378/474 762/380/477
f 763/376/478 759/374/475 761/375/476
f 762/380/477 764/381/477 760/379/474
f 761/375/476 765/377/478 763/376/478
f 764/381/477 762/380/477 766/382/479
f 767/378/480 763/376/478 765/377/478
f 766/382/479 768/383/479 764/381/477
f 765/377/478 769/379/480 767/378/480
f 768/383/479 766/382/479 770/384/481
f 771/380/482 767/378/480 769/379/480
f 770/384/481 772/385/481 768/383/479
f 769/379/480 773/381/483 771/380/482
f 772/385/481 770/384/481 774/386/484
f 775/382/485 771/380/482 773/381/483
f 774/386/484 776/387/484 772/385/481
f 773/381/483 777/383/485 775/382/485
f 778/388/256 776/387/484 774/386/484
f 779/384/486 775/382/485 777/383/485
f 774/386/484 780/389/256 778/388/256
f 777/383/485 781/385/298 779/384/486
f 778/388/256 780/389/256 782/386/377
f 782/386/377 779/384/486 781/385/298
f 782/386/377 783/387/377 778/388/256
f 781/385/298 783/387/377 782/386/377
f 784/390/487 785/391/488 786/392/489
f 787/392/490 785/391/488 784/390/487
f 786/392/489 788/393/491 784/390/487
f 788/393/491 786/392/489 789/394/492
f 784/390/487 790/393/493 787/392/490
f 791/394/494 787/392/490 790/393/493
f 792/395/495 784/390/487 788/393/491
f 790/393/493 784/390/487 792/395/495
f 789/394/492 793/396/496 788/393/491
f 793/396/496 789/394/492 794/397/497
f 788/393/491 795/398/498 792/395/495
f 795/398/498 788/393/491 793/396/496
f 794/397/497 796/399/499 793/396/496
f 796/399/499 794/397/497 797/400/500
f 793/396/496 798/401/501 795/398/498
f 798/401/501 793/396/496 796/399/499
f 799/402/502 792/395/495 795/398/498
f 797/400/500 800/403/503 796/399/499
f 795/398/498 801/404/504 799/402/502
f 801/404/504 795/398/498 798/401/501
f 798/401/501 802/405/505 801/404/504
f 800/403/503 797/400/500 803/406/506
f 802/405/505 798/401/501 804/407/507
f 796/399/499 804/407/507 798/401/501
f 804/407/507 796/399/499 800/403/503
f 804/407/507 805/408/508 802/405/505
f 803/406/506 806/409/509 800/403/503
f 806/409/509 803/406/506 807/410/510
f 800/403/503 808/411/511 804/407/507
f 805/408/508 804/407/507 808/411/511
f 808/411/511 800/403/503 806/409/509
f 808/411/511 809/412/512 805/408/508
f 807/410/510 810/413/513 806/409/509
f 810/413/513 807/410/510 811/414/514
f 806/409/509 812/415/515 808/411/511
f 809/412/512 808/411/511 812/415/515
f 812/415/515 806/409/509 810/413/513
f 812/415/515 813/416/516 809/412/512
f 811/414/514 814/417/517 810/413/513
f 814/417/517 811/414/514 815/418/518
f 810/413/513 816/419/519 812/415/515
f 813/416/516 812/415/515 816/419/519
f 816/419/519 810/413/513 814/417/517
f 816/419/519 817/420/520 813/416/516
f 815/418/518 818/421/521 814/417/517
f 818/421/521 815/418/518 819/422/522
f 814/417/517 820/423/523 816/419/519
f 817/420/520 816/419/519 820/423/523
f 820/423/523 814/417/517 818/421/521
f 820/423/523 821/424/524 817/420/520
f 819/422/522 822/425/525 818/421/521
f 822/425/525 819/422/522 823/426/526
f 818/421/521 824/427/527 820/423/523
f 821/424/524 820/423/523 824/427/527
f 824/427/527 818/421/521 822/425/525
f 824/427/527 825/428/528 821/424/524
f 823/426/526 826/429/529 822/425/525
f 826/429/529 823/426/526 827/430/530
f 822/425/525 828/431/531 824/427/527
f 825/428/528 824/427/527 828/431/531
f 828/431/531 822/425/525 826/429/529
f 828/431/531 829/432/532 825/428/528
f 827/430/530 830/433/533 826/429/529
f 830/433/533 827/430/530 831/434/534
f 826/429/529 832/435/535 828/431/531
f 829/432/532 828/431/531 832/435/535
f 832/435/535 826/429/529 830/433/533
f 832/435/535 833/436/536 829/432/532
f 831/434/534 834/437/537 830/433/533
f 834/437/537 831/434/534 835/438/538
f 830/433/533 836/439/539 832/435/535
f 833/436/536 832/435/535 836/439/539
f 836/439/539 830/433/533 834/437/537
f 836/439/539 837/440/540 833/436/536
f 835/438/538 838/441/541 834/437/537
f 838/441/541 835/438/538 839/442/542
f 834/437/537 840/443/543 836/439/539
f 837/440/540 836/439/539 840/443/543
f 840/443/543 834/437/537 838/441/541
f 840/443/543 841/444/544 837/440/540
f 839/442/542 842/445/545 838/441/541
f 841/444/544 840/443/543 843/446/546
f 838/441/541 843/446/546 840/443/543
f 843/446/546 838/441/541 842/445/545
f 843/446/546 844/447/547 841/444/544
f 842/445/545 839/442/542 845/448/548
f 844/447/547 843/446/546 846/449/549
f 842/445/545 846/449/549 843/446/546
f 846/449/549 847/450/550 844/447/547
f 845/448/548 848/451/551 842/445/545
f 846/449/549 842/445/545 848/451/551
f 847/450/550 846/449/549 849/452/552
f 848/451/551 849/452/552 846/449/549
f 849/452/552 850/453/553 847/450/550
f 851/454/554 850/453/553 849/452/552
f 852/455/555 848/451/551 845/448/548
f 845/448/548 853/456/556 852/455/555
f 854/457/557 849/452/552 848/451/551
f 848/451/551 852/455/555 854/457/557
f 849/452/552 854/457/557 851/454/554
f 852/455/555 853/456/556 855/448/558
f 851/454/554 854/457/557 856/452/559
f 856/452/559 857/453/560 851/454/554
f 858/450/561 857/453/560 856/452/559
f 854/457/557 852/455/555 859/451/562
f 859/451/562 856/452/559 854/457/557
f 855/448/558 859/451/562 852/455/555
f 856/452/559 860/449/563 858/450/561
f 860/449/563 856/452/559 859/451/562
f 861/447/564 858/450/561 860/449/563
f 862/445/565 859/451/562 855/448/558
f 859/451/562 862/445/565 860/449/563
f 855/448/558 863/442/566 862/445/565
f 860/449/563 864/446/567 861/447/564
f 864/446/567 860/449/563 862/445/565
f 865/444/568 861/447/564 864/446/567
f 866/441/569 862/445/565 863/442/566
f 862/445/565 866/441/569 864/446/567
f 863/442/566 867/438/570 866/441/569
f 864/446/567 868/443/571 865/444/568
f 868/443/571 864/446/567 866/441/569
f 869/440/572 865/444/568 868/443/571
f 870/437/573 866/441/569 867/438/570
f 866/441/569 870/437/573 868/443/571
f 867/438/570 871/434/574 870/437/573
f 868/443/571 872/439/575 869/440/572
f 872/439/575 868/443/571 870/437/573
f 873/436/576 869/440/572 872/439/575
f 874/433/577 870/437/573 871/434/574
f 870/437/573 874/433/577 872/439/575
f 871/434/574 875/430/578 874/433/577
f 872/439/575 876/435/579 873/436/576
f 876/435/579 872/439/575 874/433/577
f 877/432/580 873/436/576 876/435/579
f 878/429/581 874/433/577 875/430/578
f 874/433/577 878/429/581 876/435/579
f 875/430/578 879/426/582 878/429/581
f 876/435/579 880/431/583 877/432/580
f 880/431/583 876/435/579 878/429/581
f 881/428/584 877/432/580 880/431/583
f 882/425/585 878/429/581 879/426/582
f 878/429/581 882/425/585 880/431/583
f 879/426/582 883/422/586 882/425/585
f 880/431/583 884/427/587 881/428/584
f 884/427/587 880/431/583 882/425/585
f 885/424/588 881/428/584 884/427/587
f 886/421/589 882/425/585 883/422/586
f 882/425/585 886/421/589 884/427/587
f 883/422/586 887/418/590 886/421/589
f 884/427/587 888/423/591 885/424/588
f 888/423/591 884/427/587 886/421/589
f 889/420/592 885/424/588 888/423/591
f 890/417/593 886/421/589 887/418/590
f 886/421/589 890/417/593 888/423/591
f 887/418/590 891/414/594 890/417/593
f 888/423/591 892/419/595 889/420/592
f 892/419/595 888/423/591 890/417/593
f 893/416/596 889/420/592 892/419/595
f 894/413/597 890/417/593 891/414/594
f 890/417/593 894/413/597 892/419/595
f 891/414/594 895/410/598 894/413/597
f 892/419/595 896/415/599 893/416/596
f 896/415/599 892/419/595 894/413/597
f 897/412/600 893/416/596 896/415/599
f 898/409/601 894/413/597 895/410/598
f 894/413/597 898/409/601 896/415/599
f 895/410/598 899/406/602 898/409/601
f 896/415/599 900/411/603 897/412/600
f 900/411/603 896/415/599 898/409/601
f 901/408/604 897/412/600 900/411/603
f 902/403/605 898/409/601 899/406/602
f 898/409/601 902/403/605 900/411/603
f 899/406/602 903/400/606 902/403/605
f 900/411/603 904/407/607 901/408/604
f 904/407/607 900/411/603 902/403/605
f 905/405/608 901/408/604 904/407/607
f 906/399/609 902/403/605 903/400/606
f 902/403/605 906/399/609 904/407/607
f 903/400/606 907/397/610 906/399/609
f 904/407/607 908/401/611 905/405/608
f 908/401/611 904/407/607 906/399/609
f 909/404/612 905/405/608 908/401/611
f 910/396/613 906/399/609 907/397/610
f 906/399/609 910/396/613 908/401/611
f 907/397/610 791/394/494 910/396/613
f 790/393/493 910/396/613 791/394/494
f 908/401/611 911/398/498 909/404/612
f 911/398/498 908/401/611 910/396/613
f 910/396/613 790/393/493 911/398/498
f 799/402/502 909/404/612 911/398/498
f 792/395/495 911/398/498 790/393/493
f 911/398/498 792/395/495 799/402/502
f 912/458/614 913/459/615 914/459/616
f 914/459/616 915/458/617 912/458/614
f 916/458/618 912/458/614 915/458/617
f 915/458/617 917/458/618 916/458/618
f 918/458/619 916/458/618 917/458/618
f 917/458/618 919/458/620 918/458/619
f 920/458/619 918/458/619 919/458/620
f 919/458/620 921/458/619 920/458/619
f 922/460/621 920/458/619 921/458/619
f 921/458/619 923/460/259 922/460/621
f 922/460/621 923/460/259 924/460/622
f 924/460/622 925/460/622 922/460/621
f 926/459/623 927/459/623 928/458/624
f 928/458/624 929/458/624 926/459/623
f 929/458/624 928/458/624 930/458/625
f 930/458/625 931/458/626 929/458/624
f 931/458/626 930/458/625 932/458/146
f 932/458/146 933/458/146 931/458/626
f 933/458/146 932/458/146 934/458/146
f 934/458/146 935/458/146 933/458/146
f 935/458/146 934/458/146 936/460/425
f 936/460/425 937/460/425 935/458/146
f 938/460/627 937/460/425 936/460/425
f 936/460/425 939/460/627 938/460/627
s 0
f 940/461/628 1061/462/628 1060/463/628
f 940/461/628 1063/464/628 1062/465/628
f 940/461/628 1062/465/628 1064/466/628
f 940/461/628 1066/467/628 1065/468/628
f 940/461/628 1065/468/628 1067/469/628
f 940/461/628 1067/469/628 1068/470/628
f 940/461/628 1070/471/628 1069/472/628
f 940/461/628 1069/472/628 1061/462/628
f 1066/467/628 940/461/628 1064/466/628
f 1070/471/628 940/461/628 1068/470/628
f 1063/464/628 940/461/628 1060/463/628
f 951/473/628 946/474/628 957/474/628 962/473/628
f 947/475/628 951/473/628 962/473/628 958/475/628
f 941/476/629 948/477/629 959/477/629 952/476/629
f 950/478/628 943/479/628 954/479/628 961/478/628
f 946/474/628 945/480/628 956/480/628 957/474/628
f 942/481/628 949/482/628 960/482/628 953/481/628
f 948/477/628 947/475/628 958/475/628 959/477/628
f 943/479/628 942/481/628 953/481/628 954/479/628
f 944/483/628 950/478/628 961/478/628 955/483/628
f 949/482/628 941/476/628 952/476/628 960/482/628
f 945/480/628 944/483/628 955/483/628 956/480/628
f 1042/484/628 1043/484/628 995/484/628
f 1058/484/628 1059/484/628 995/484/628
f 1050/484/628 1051/484/628 995/484/628
f 1035/484/628 1036/484/628 995/484/628
f 1044/484/628 995/484/628 1043/484/628
f 995/484/628 1036/484/628 1037/484/628
f 1038/484/628 995/484/628 1037/484/628
f 1038/484/628 1039/484/628 995/484/628
f 1039/484/628 1040/484/628 995/484/628
f 1040/484/628 1041/484/628 995/484/628
f 1041/484/628 1042/484/628 995/484/628
f 1059/484/628 1029/484/628 995/484/628
f 995/484/628 1052/484/628 1053/484/628
f 1053/484/628 1054/484/628 995/484/628
f 1054/484/628 1055/484/628 995/484/628
f 1055/484/628 1056/484/628 995/484/628
f 1056/484/628 1057/484/628 995/484/628
f 1057/484/628 1058/484/628 995/484/628
f 1051/484/628 1052/484/628 995/484/628
f 995/484/628 1044/484/628 1045/484/628
f 1045/484/628 1046/484/628 995/484/628
f 1046/484/628 1047/484/628 995/484/628
f 1047/484/628 1048/484/628 995/484/628
f 1048/484/628 1049/484/628 995/484/628
f 1049/484/628 1050/484/628 995/484/628
f 1029/484/628 1028/484/628 995/484/628
f 1028/484/628 1030/484/628 995/484/628
f 1030/484/628 1031/484/628 995/484/628
f 1031/484/628 1032/484/628 995/484/628
f 1032/484/628 1033/484/628 995/484/628
f 1033/484/628 1034/484/628 995/484/628
f 1034/484/628 1035/484/628 995/484/628
f 968/485/628 967/485/628 1000/485/628 1001/485/628
f 963/485/628 994/485/628 1027/485/628 996/485/628
f 982/485/628 981/485/628 1014/485/628 1015/485/628
f 969/485/628 968/485/628 1001/485/628 1002/485/628
f 983/485/628 982/485/628 1015/485/628 1016/485/628
f 970/485/628 969/485/628 1002/485/628 1003/485/628
f 984/485/628 983/485/628 1016/485/628 1017/485/628
f 971/485/628 970/485/628 1003/485/628 1004/485/628
f 985/485/628 984/485/628 1017/485/628 1018/485/628
f 972/485/628 971/485/628 1004/485/628 1005/485/628
f 986/485/628 985/485/628 1018/485/628 1019/485/628
f 973/485/628 972/485/628 1005/485/628 1006/485/628
f 987/485/628 986/485/628 1019/485/628 1020/485/628
f 974/485/628 973/485/628 1006/485/628 1007/485/628
f 988/485/628 987/485/628 1020/485/628 1021/485/628
f 975/485/628 974/485/628 1007/485/628 1008/485/628
f 989/485/628 988/485/628 1021/485/628 1022/485/628
f 976/485/628 975/485/628 1008/485/628 1009/485/628
f 990/485/628 989/485/628 1022/485/628 1023/485/628
f 977/485/628 976/485/628 1009/485/628 1010/485/628
f 964/485/628 963/485/628 996/485/628 997/485/628
f 991/485/628 990/485/628 1023/485/628 1024/485/628
f 978/485/628 977/485/628 1010/485/628 1011/485/628
f 965/485/628 964/485/628 997/485/628 998/485/628
f 992/485/628 991/485/628 1024/485/628 1025/485/628
f 979/485/628 978/485/628 1011/485/628 1012/485/628
f 966/485/628 965/485/628 998/485/628 999/485/628
f 993/485/628 992/485/628 1025/485/628 1026/485/628
f 980/485/628 979/485/628 1012/485/628 1013/485/628
f 967/485/628 966/485/628 999/485/628 1000/485/628
f 994/485/628 993/485/628 1026/485/628 1027/485/628
f 981/485/628 980/485/628 1013/485/628 1014/485/628
o Danube_1
v -4.842916 21.848503 78.311974
v -4.238004 21.000128 78.859787
v -4.238004 22.206089 73.042969
v -4.238004 22.206089 73.042969
v -4.842916 23.046858 73.891342
v -4.842916 21.848503 78.311974
v -8.190723 23.046858 73.891342
v -8.806979 22.206089 73.042969
v -8.738542 21.000128 78.859787
v -8.738542 21.000128 78.859787
v -8.145035 21.848503 78.315765
v -8.190723 23.046858 73.891342
v -10.351580 21.848503 78.311974
v -9.746666 21.000128 78.859787
v -9.746666 22.206089 73.042969
v -9.746666 22.206089 73.042969
v -10.351580 23.046858 73.891342
v -10.351580 21.848503 78.311974
v -13.699387 23.046858 73.891342
v -14.311840 22.206089 73.042969
v -14.247204 21.000128 78.859787
v -14.247204 21.000128 78.859787
v -13.649897 21.848503 78.315765
v -13.699387 23.046858 73.891342
v -62.550652 -9.693103 -15.407475
v -62.835995 -10.336037 -14.890137
v -64.681084 -10.336037 -15.654800
v -64.681084 -10.336037 -15.654800
v -64.144676 -9.693103 -15.829760
v -62.550652 -9.693103 -15.407475
v -58.407761 -9.693103 -15.407475
v -56.813732 -9.693103 -15.829760
v -56.281120 -10.336037 -15.654800
v -56.281120 -10.336037 -15.654800
v -58.122410 -10.336037 -14.890137
v -58.407761 -9.693103 -15.407475
v -15.426550 35.448959 0.989114
v -15.430351 35.152210 0.570630
v -16.149328 32.363628 5.672216
v 4.842916 21.848503 78.311974
v 4.842916 23.046858 73.891342
v 4.238004 22.206089 73.042969
v 4.238004 22.206089 73.042969
v 4.238004 21.000128 78.859787
v 4.842916 21.848503 78.311974
v 8.190723 23.046858 73.891342
v 8.141232 21.848503 78.315765
v 8.738542 21.000128 78.859787
v 8.738542 21.000128 78.859787
v 8.803177 22.206089 73.042969
v 8.190723 23.046858 73.891342
v 10.347776 21.848503 78.311974
v 10.347776 23.046858 73.891342
v 9.742865 22.206089 73.042969
v 9.742865 22.206089 73.042969
v 9.742865 21.000128 78.859787
v 10.347776 21.848503 78.311974
v 13.695583 23.046858 73.891342
v 13.649897 21.848503 78.315765
v 14.243402 21.000128 78.859787
v 14.243402 21.000128 78.859787
v 14.311840 22.206089 73.042969
v 13.695583 23.046858 73.891342
v 62.550652 -9.693103 -15.407475
v 64.144676 -9.693103 -15.829760
v 64.677284 -10.336037 -15.654800
v 64.677284 -10.336037 -15.654800
v 62.835995 -10.336037 -14.890137
v 62.550652 -9.693103 -15.407475
v 58.407761 -9.693103 -15.407475
v 58.122410 -10.336037 -14.890137
v 56.277317 -10.336037 -15.654800
v 56.277317 -10.336037 -15.654800
v 56.809925 -9.693103 -15.829760
v 58.407761 -9.693103 -15.407475
v 15.426550 35.152210 0.570630
v 15.426550 35.448959 0.989114
v 16.149328 32.363628 5.672216
v -27.611752 -2.103488 32.937790
v -27.611752 4.439917 32.937790
v -27.611752 4.439916 29.122074
v -27.611752 -2.107289 13.474937
v -27.611752 4.439916 29.122074
v -27.482418 4.573052 13.543375
v -22.620491 25.820227 29.122070
v -22.628096 25.770737 13.478737
v -24.039495 -8.597462 32.937794
v -24.043297 -8.639347 13.474937
v -27.611752 -2.103488 32.937790
v -24.381874 -6.352956 51.282265
v -23.796034 -6.352956 63.338123
v -26.230770 -2.099683 51.236629
v -22.803118 -8.631740 68.378876
v -26.238438 4.439918 51.164326
v -27.611752 4.439917 32.937790
v -23.278635 17.876770 51.282257
v -22.601480 25.839237 32.937790
v -20.992243 23.628958 68.470184
v -22.517773 17.850155 63.125080
v -25.321562 -2.099681 63.315311
v -24.937298 4.439919 68.432106
v -25.325365 4.439919 63.281094
v -20.474844 21.924608 78.467926
v -24.937298 -2.095878 68.401688
v -23.902557 -2.095878 78.566841
v -22.358019 -8.681169 78.566841
v -23.913963 4.439919 78.494537
v -22.829733 -2.092075 87.720062
v -21.962347 -8.726854 87.902618
v -19.519947 -5.337162 106.460144
v -22.829733 4.439920 87.720062
v -19.497135 16.731709 93.388474
v -19.736794 -2.076867 106.479149
v -17.469414 -2.080667 116.473076
v -17.374363 -0.246981 116.427452
v -17.944994 4.420912 111.869881
v -19.729189 4.447527 106.547638
v -18.329195 7.593696 108.149216
v 27.607952 4.439916 29.122074
v 27.607952 4.439917 32.937790
v 27.607952 -2.103488 32.937790
v 27.607952 4.439916 29.122074
v 27.607952 -2.107289 13.474937
v 27.482418 4.573052 13.543375
v 22.616690 25.820227 29.122070
v 22.628096 25.770737 13.478737
v 24.035694 -8.597462 32.937794
v 24.039495 -8.639347 13.474937
v 27.607952 -2.103488 32.937790
v 24.378073 -6.352956 51.282265
v 26.226969 -2.099683 51.236629
v 23.792231 -6.352956 63.338123
v 26.234571 4.439918 51.164326
v 22.803118 -8.631740 68.378876
v 27.607952 4.439917 32.937790
v 23.274832 17.876770 51.282257
v 22.597677 25.839237 32.937790
v 20.992243 23.628958 68.470184
v 22.517773 17.850155 63.125080
v 25.317760 -2.099681 63.315311
v 24.933495 4.439919 68.432106
v 25.321562 4.439919 63.281094
v 20.471041 21.924608 78.467926
v 24.933495 -2.095878 68.401688
v 23.910160 4.439919 78.494537
v 23.902557 -2.095878 78.566841
v 22.354218 -8.681169 78.566841
v 22.825930 4.439920 87.720062
v 19.497135 16.731709 93.388474
v 22.825930 -2.092075 87.720062
v 21.962347 -8.726854 87.902618
v 19.516146 -5.337162 106.460144
v 19.729189 4.447527 106.547638
v 18.329195 7.593696 108.149216
v 17.944994 4.420912 111.869881
v 19.736794 -2.076867 106.479149
v 17.469414 -2.080667 116.473076
v 17.374363 -0.246981 116.427452
v -29.745995 8.407842 -12.318401
v -26.531324 21.277864 4.576580
v -27.718275 21.814278 4.675498
v -30.932943 8.624687 -12.618957
v -29.970444 7.806730 -12.326006
v -29.745995 8.407842 -12.318401
v -30.932943 8.624687 -12.618957
v -31.157394 7.559467 -12.630363
v -26.200352 24.081654 -14.471655
v -26.192749 24.100666 2.632570
v -27.189466 24.416430 2.925520
v -27.197073 24.359333 -14.745532
v -26.192749 24.100666 2.632570
v -26.390583 23.301783 3.096741
v -27.490023 23.271303 3.560850
v -27.189466 24.416430 2.925520
v -30.244385 7.772505 -94.777061
v -30.259592 7.688797 -89.264603
v -26.938402 20.235451 -87.720062
v -26.984028 20.167011 -91.223824
v -30.248186 7.791515 -98.444435
v -30.232916 7.879026 -104.881317
v -31.145988 7.570867 -105.436737
v -31.161196 7.468147 -98.166695
v -26.972620 20.056688 -94.316750
v -30.248186 7.791515 -98.444435
v -31.161196 7.468147 -98.166695
v -27.706869 20.501787 -93.776543
v -26.987829 20.056688 -96.888428
v -26.972620 20.056688 -94.316750
v -27.706869 20.501787 -93.776543
v -27.722076 20.501785 -97.033035
v -30.244385 7.772505 -94.777061
v -26.984028 20.167011 -91.223824
v -27.634565 20.593037 -91.516762
v -31.157394 7.468147 -95.286865
v -30.259592 7.688797 -89.264603
v -30.244385 7.772505 -94.777061
v -31.157394 7.468147 -95.286865
v -31.176405 7.365428 -88.945023
v -26.938402 20.235451 -87.720062
v -30.259592 7.688797 -89.264603
v -31.176405 7.365428 -88.945023
v -27.577534 20.695759 -87.244484
v -26.984028 20.167011 -91.223824
v -26.938402 20.235451 -87.720062
v -27.577534 20.695759 -87.244484
v -27.634565 20.593037 -91.516762
v -33.223137 3.949186 -80.822815
v -33.223137 -1.643188 -80.822815
v -32.340542 -2.130172 -80.244583
v -32.340542 4.436106 -80.244583
v -15.099380 31.572342 -92.966187
v -15.959159 28.528893 -98.292229
v -17.861284 26.908249 -98.353119
v -16.115110 31.385914 -91.353149
v -19.379208 23.914227 -102.454185
v -22.468342 23.891415 -102.378082
v -23.061789 24.074043 -101.510696
v -18.686844 24.089251 -101.609612
v -19.379208 21.266451 -105.250366
v -19.379208 23.914227 -102.454185
v -18.686844 24.089251 -101.609612
v -18.686844 20.969696 -104.911797
v -19.379208 14.133343 -109.880180
v -19.379208 21.266451 -105.250366
v -18.686844 20.969696 -104.911797
v -18.690647 13.832788 -109.541611
v -19.379208 7.757296 -111.664436
v -19.379208 14.133343 -109.880180
v -18.690647 13.832788 -109.541611
v -18.686844 6.779587 -111.516098
v -25.816151 7.734484 -111.641632
v -19.379208 7.757296 -111.664436
v -18.686844 6.779587 -111.516098
v -26.656858 6.752972 -111.489418
v -24.507469 14.045832 -109.933472
v -25.816151 7.734484 -111.641632
v -26.656858 6.752972 -111.489418
v -25.180820 13.867006 -109.541611
v -23.023767 21.205555 -105.303604
v -24.507469 14.045832 -109.933472
v -25.180820 13.867006 -109.541611
v -23.704721 20.988708 -104.892723
v -22.468342 23.891415 -102.378082
v -23.023767 21.205555 -105.303604
v -23.704721 20.988708 -104.892723
v -23.061789 24.074043 -101.510696
v -17.621624 31.424006 7.597215
v -17.031921 32.744095 7.585809
v -17.058599 32.732681 -18.116154
v -17.606417 31.424004 -18.112350
v -5.877657 -7.277384 -64.559357
v -5.877657 -9.156694 -64.559357
v -5.679821 -9.156694 -80.244583
v -5.679821 -7.277384 -80.244583
v -9.948303 -10.716497 -19.246067
v -11.420601 -9.156693 -18.104744
v -11.078159 -9.156694 -46.340416
v -9.605925 -10.716500 -44.830097
v -11.081962 -10.575764 -95.492241
v -6.653790 -10.575764 -95.492241
v -6.653790 -10.575762 -83.862457
v -11.237974 -10.575762 -83.862457
v -6.653790 -10.575762 -83.862457
v -6.204826 -9.164362 -83.341255
v -11.907522 -9.164362 -83.341255
v -11.237974 -10.575762 -83.862457
v -11.081962 -10.575764 -95.492241
v -11.751574 -9.164364 -96.177063
v -6.204826 -9.164364 -96.177063
v -6.653790 -10.575764 -95.492241
v -11.237974 -10.575762 -83.862457
v -11.907522 -9.164362 -83.341255
v -11.751574 -9.164364 -96.177063
v -11.081962 -10.575764 -95.492241
v -6.204826 -9.164362 -83.341255
v -6.653790 -10.575762 -83.862457
v -6.653790 -10.575764 -95.492241
v -6.204826 -9.164364 -96.177063
v -18.306383 -11.058884 -102.792770
v -19.280289 -9.156696 -103.926422
v -11.679270 -9.156696 -103.926422
v -12.653177 -11.058884 -102.792770
v -12.653177 -11.058882 -61.420788
v -11.679270 -9.156694 -60.465893
v -19.280289 -9.156694 -60.325150
v -18.306383 -11.058882 -61.279984
v -18.306383 -11.058882 -50.974091
v -19.280289 -9.156694 -52.670837
v -11.679270 -9.156694 -52.670837
v -12.653177 -11.058882 -50.974091
v -12.653177 -11.058876 2.872293
v -11.679270 -9.156690 4.180974
v -19.280289 -9.156690 4.325518
v -18.306383 -11.058876 3.016837
v -16.358570 -11.207228 -96.743889
v -14.928159 -11.207228 -96.743889
v -14.928159 -11.207226 -62.558250
v -16.358570 -11.207226 -62.425114
v -16.358570 -11.207226 -49.357254
v -14.928159 -11.207226 -49.357254
v -14.928159 -11.207220 0.631530
v -16.358570 -11.207220 0.642936
v -14.536290 26.227304 26.500908
v -14.072181 30.997917 26.500908
v -14.068378 31.016930 21.444948
v -14.536290 26.227304 21.444948
v -21.730293 25.462580 29.521544
v -26.565607 5.242663 29.620464
v -26.573212 5.238863 32.507900
v -21.730293 25.462580 32.538380
v -20.330299 25.462580 29.498730
v -21.730293 25.462580 29.521544
v -21.730293 25.462580 32.538380
v -20.341705 25.462580 32.564995
v -20.330299 25.462580 29.498730
v -20.269403 26.234909 29.129677
v -22.049862 26.288139 29.122070
v -21.730293 25.462580 29.521544
v -26.565607 5.242663 29.620464
v -27.611752 4.439916 29.122074
v -27.611752 4.439917 32.937790
v -26.573212 5.238863 32.507900
v -22.049862 26.288139 32.937790
v -20.269403 26.242514 32.937790
v -20.341705 25.462580 32.564995
v -21.730293 25.462580 32.538380
v -20.269403 26.242514 32.937790
v -20.269403 26.234909 29.129677
v -20.330299 25.462580 29.498730
v -20.341705 25.462580 32.564995
v -5.569497 31.009327 22.650908
v -7.711343 30.997917 26.470491
v -7.711343 32.671791 27.071535
v -5.249993 32.660385 22.658510
v -25.218842 4.413304 62.653366
v -26.044403 4.409500 51.719749
v -26.044403 -2.111089 51.792049
v -25.207436 -2.130160 62.687584
v -25.207436 -2.130160 62.687584
v -26.044403 -2.111089 51.792049
v -24.416157 -5.824149 51.833878
v -23.898754 -5.827949 62.710461
v -2.879895 22.198484 71.445137
v -2.419526 23.393038 70.779388
v -15.361852 23.453934 70.676666
v -14.829241 22.232765 71.403313
v -10.032014 17.188213 84.387451
v -10.054827 13.874626 92.155899
v -1.495110 13.806189 92.224342
v -1.472297 17.188213 84.376060
v -10.009201 7.053481 99.361252
v -1.594027 7.045877 99.406937
v -1.495110 13.806189 92.224342
v -10.054827 13.874626 92.155899
v -1.472297 18.051794 84.874382
v -10.032014 18.047993 84.885788
v -10.032014 17.188213 84.387451
v -1.472297 17.188213 84.376060
v -10.009201 7.913261 99.855835
v -1.594027 7.905656 99.905258
v -1.594027 7.045877 99.406937
v -10.009201 7.053481 99.361252
v -16.856960 32.728882 13.459663
v -17.617823 31.435411 13.463467
v -17.454206 31.435413 20.509127
v -16.689543 32.702209 20.509125
v -4.842916 21.848503 78.311974
v -4.842916 23.046858 73.891342
v -8.190723 23.046858 73.891342
v -8.145035 21.848503 78.315765
v -4.842916 23.046858 73.891342
v -4.238004 22.206089 73.042969
v -8.806979 22.206089 73.042969
v -8.190723 23.046858 73.891342
v -8.145035 21.848503 78.315765
v -8.738542 21.000128 78.859787
v -4.238004 21.000128 78.859787
v -4.842916 21.848503 78.311974
v -12.881430 31.914730 25.671541
v -9.518414 31.941345 25.671541
v -9.518414 31.941345 22.194403
v -12.885231 31.914730 22.243891
v -9.518414 31.941345 25.671541
v -8.810781 30.606050 26.299269
v -8.810781 30.606050 21.555271
v -9.518414 31.941345 22.194403
v -12.881430 31.914730 25.671541
v -13.714595 30.594645 26.299269
v -8.810781 30.606050 26.299269
v -9.518414 31.941345 25.671541
v -12.885231 31.914730 22.243891
v -13.722198 30.594645 21.623774
v -13.714595 30.594645 26.299269
v -12.881430 31.914730 25.671541
v -9.518414 31.941345 22.194403
v -8.810781 30.606050 21.555271
v -13.722198 30.594645 21.623774
v -12.885231 31.914730 22.243891
v -25.606909 14.057249 42.946987
v -24.530281 18.907770 42.943188
v -24.568306 18.915375 39.595383
v -25.644930 14.064854 39.644810
v -24.530281 18.907770 42.943188
v -23.377552 19.238743 43.536629
v -23.427040 19.250149 38.971458
v -24.568306 18.915375 39.595383
v -25.606909 14.057249 42.946987
v -24.602524 12.934998 43.536629
v -23.377552 19.238743 43.536629
v -24.530281 18.907770 42.943188
v -25.644930 14.064854 39.644810
v -24.655815 12.942601 39.036156
v -24.602524 12.934998 43.536629
v -25.606909 14.057249 42.946987
v -24.568306 18.915375 39.595383
v -23.427040 19.250149 38.971458
v -24.655815 12.942601 39.036156
v -25.644930 14.064854 39.644810
v -10.351580 21.848503 78.311974
v -10.351580 23.046858 73.891342
v -13.699387 23.046858 73.891342
v -13.649897 21.848503 78.315765
v -10.351580 23.046858 73.891342
v -9.746666 22.206089 73.042969
v -14.311840 22.206089 73.042969
v -13.699387 23.046858 73.891342
v -13.649897 21.848503 78.315765
v -14.247204 21.000128 78.859787
v -9.746666 21.000128 78.859787
v -10.351580 21.848503 78.311974
v -22.620491 25.820227 29.122070
v -22.049862 26.288139 29.122070
v -22.049862 26.288137 13.474934
v -22.628096 25.770737 13.478737
v -17.617823 31.435411 13.463467
v -17.986816 26.227303 13.474934
v -17.830866 26.227304 20.509127
v -17.454206 31.435413 20.509127
v -23.484074 -7.071934 12.626563
v -26.428604 -2.111092 12.626563
v -26.428604 -2.111092 7.635302
v -23.484074 -7.071936 7.635302
v -17.480885 23.640358 7.635300
v -20.395000 23.640358 7.635300
v -20.395000 23.640362 12.626561
v -17.480885 23.640362 12.626561
v -27.356884 4.710055 36.323681
v -28.513420 4.710055 36.163868
v -28.513420 -0.007329 36.163868
v -27.356884 -0.007329 36.323681
v -37.099751 3.804586 26.443815
v -37.175858 3.804586 17.416187
v -37.175858 0.898077 17.416187
v -37.099751 0.898077 26.443815
v -31.975353 4.710054 28.030239
v -37.099751 3.804586 26.443815
v -37.099751 0.898077 26.443815
v -31.975353 -0.007329 28.030239
v -30.818817 4.710055 33.732933
v -31.975353 4.710054 28.030239
v -31.975353 -0.007329 28.030239
v -30.818817 -0.007329 33.732933
v -28.513420 4.710055 36.163868
v -30.818817 4.710055 33.732933
v -30.818817 -0.007329 33.732933
v -28.513420 -0.007329 36.163868
v -31.994364 4.710053 13.771627
v -27.482418 4.573052 13.543375
v -27.356884 -0.007329 13.611876
v -31.994364 -0.007329 13.771628
v -37.175858 3.804586 17.416187
v -31.994364 4.710053 13.771627
v -31.994364 -0.007329 13.771628
v -37.175858 0.898077 17.416187
v -67.987007 0.011679 -0.559223
v -69.717972 -1.000247 -0.555421
v -69.717972 -1.000247 2.016315
v -67.929977 0.011679 2.012512
v -65.761505 0.011679 -4.192377
v -66.347359 -0.555151 -3.572255
v -66.305527 -0.555151 -0.844570
v -65.799530 0.011679 -0.559223
v -69.717972 -0.996444 -7.738019
v -69.717972 -1.000247 -4.165762
v -67.876678 0.011679 -4.180970
v -67.880486 0.019284 -7.738019
v -67.987007 -10.336035 -0.559223
v -67.929977 -10.336035 2.012513
v -69.717972 -9.320305 2.016315
v -69.717972 -9.320305 -0.559223
v -65.761505 -10.336035 -4.192376
v -65.799530 -10.336035 -0.559223
v -66.305527 -9.769206 -0.844569
v -66.347359 -9.769206 -3.572254
v -69.717972 -9.327909 -7.738018
v -67.880486 -10.343639 -7.738018
v -67.876678 -10.336035 -4.180969
v -69.717972 -9.320305 -4.165761
v -64.144676 -9.693103 -15.829760
v -64.681084 -10.336037 -15.654800
v -64.783806 -10.336037 -31.206820
v -64.251190 -9.693103 -31.161194
v -67.732147 -0.460033 -8.388556
v -67.701721 -0.216572 -8.247753
v -67.705528 -0.224177 -12.242296
v -67.735939 -0.467639 -12.101554
v -68.960915 -1.342628 -8.388556
v -69.307091 -1.342628 -8.247753
v -67.701721 -0.216572 -8.247753
v -67.732147 -0.460033 -8.388556
v -67.732147 -9.860518 -8.388556
v -67.701721 -10.107784 -8.247753
v -69.307091 -8.981729 -8.247753
v -68.960915 -8.981729 -8.388556
v -67.735939 -9.856718 -12.101554
v -67.705528 -10.100179 -12.242296
v -67.701721 -10.107784 -8.247753
v -67.732147 -9.860518 -8.388556
v -68.960915 -8.981729 -12.101554
v -69.307091 -8.981729 -12.242296
v -67.705528 -10.100179 -12.242296
v -67.735939 -9.856718 -12.101554
v -67.735939 -0.467639 -12.101554
v -67.705528 -0.224177 -12.242296
v -69.307091 -1.342628 -12.242296
v -68.960915 -1.342628 -12.101554
v -52.975201 0.011679 -0.559223
v -53.028431 0.011679 2.012512
v -51.240429 -1.000247 2.016315
v -51.240429 -1.000247 -0.559223
v -55.196892 0.011679 -4.192377
v -55.158875 0.011679 -0.559223
v -54.656673 -0.555151 -0.844570
v -54.611053 -0.555151 -3.572255
v -51.240429 -0.996444 -7.738019
v -53.077919 0.019284 -7.738019
v -53.085522 0.011679 -4.180970
v -51.240429 -1.000247 -4.165762
v -52.975201 -10.336035 -0.559223
v -51.240429 -9.320305 -0.559223
v -51.240429 -9.320305 2.016315
v -53.028431 -10.336035 2.012513
v -55.196892 -10.336035 -4.192376
v -54.611053 -9.769206 -3.572254
v -54.656673 -9.769206 -0.844569
v -55.158875 -10.336035 -0.559223
v -51.240429 -9.327909 -7.738018
v -51.240429 -9.320305 -4.165761
v -53.085522 -10.336035 -4.180969
v -53.077919 -10.343639 -7.738018
v -56.813732 -9.693103 -15.829760
v -56.711010 -9.693103 -31.161194
v -56.174599 -10.336037 -31.206820
v -56.281120 -10.336037 -15.654800
v -53.226265 -0.460033 -8.388556
v -53.226265 -0.467639 -12.101554
v -53.252876 -0.224177 -12.242296
v -53.256680 -0.216572 -8.247753
v -52.001297 -1.342628 -8.388556
v -53.226265 -0.460033 -8.388556
v -53.256680 -0.216572 -8.247753
v -51.651249 -1.342628 -8.247753
v -53.226265 -9.860518 -8.388556
v -52.001297 -8.981729 -8.388556
v -51.651249 -8.981729 -8.247753
v -53.256680 -10.107784 -8.247753
v -53.226265 -9.856718 -12.101554
v -53.226265 -9.860518 -8.388556
v -53.256680 -10.107784 -8.247753
v -53.252876 -10.100179 -12.242296
v -52.001297 -8.981729 -12.101554
v -53.226265 -9.856718 -12.101554
v -53.252876 -10.100179 -12.242296
v -51.651249 -8.981729 -12.242296
v -53.226265 -0.467639 -12.101554
v -52.001297 -1.342628 -12.101554
v -51.651249 -1.342628 -12.242296
v -53.252876 -0.224177 -12.242296
v -52.910503 16.697414 -63.227802
v -58.061577 11.706154 -63.227802
v -57.989273 11.786061 -52.503426
v -52.944717 16.682207 -52.514832
v -57.852333 11.938211 -19.318373
v -53.401291 16.309414 -19.006411
v -53.393623 16.298008 -27.691660
v -57.852333 11.934409 -27.646034
v -26.634045 30.389198 -31.237305
v -21.612366 31.184280 -31.237305
v -21.540062 31.184277 -44.502937
v -26.596022 30.396803 -44.502937
v -31.172604 29.209852 -31.237305
v -30.796005 31.024529 -29.932423
v -30.784597 31.039736 -45.811615
v -31.161196 29.228863 -44.502937
v -50.894188 17.005577 -44.502937
v -51.925194 17.690395 -45.811615
v -51.921387 17.732222 -29.932423
v -50.890385 17.047462 -31.237305
v -61.405582 2.708945 -44.502937
v -62.409901 2.667122 -45.811615
v -62.409901 2.667123 -29.932421
v -61.405582 2.587216 -31.241104
v -56.459946 12.014315 -31.241104
v -56.676792 13.079536 -29.932423
v -56.604485 13.136629 -45.811615
v -56.387642 12.067606 -44.502937
v -21.612366 31.184280 -31.237305
v -21.228102 33.116882 -29.932425
v -21.155861 33.116882 -45.811615
v -21.540062 31.184277 -44.502937
v -26.634045 30.389198 -31.237305
v -26.854691 32.108761 -29.932425
v -21.228102 33.116882 -29.932425
v -21.612366 31.184280 -31.237305
v -26.596022 30.396803 -44.502937
v -26.816671 32.116360 -45.811615
v -26.854691 32.108761 -29.932425
v -26.634045 30.389198 -31.237305
v -21.540062 31.184277 -44.502937
v -21.155861 33.116882 -45.811615
v -26.816671 32.116360 -45.811615
v -26.596022 30.396803 -44.502937
v -58.860458 -0.281210 -19.656948
v -58.860458 -0.281215 -62.938713
v -31.340019 -0.262203 -63.037628
v -31.340019 -0.262200 -19.637938
v -32.013374 2.689933 -61.489227
v -31.343824 2.785046 -63.037628
v -58.769146 2.655712 -62.759888
v -58.765343 2.655715 -61.489227
v -58.765343 2.655716 -21.056942
v -58.765343 2.655716 -19.603655
v -31.343824 2.785050 -19.637938
v -32.013374 2.689935 -21.056942
v -32.013374 2.689935 -21.056942
v -31.343824 2.785050 -19.637938
v -31.343824 2.785046 -63.037628
v -32.013374 2.689933 -61.489227
v -31.343824 2.785046 -63.037628
v -31.340019 -0.262203 -63.037628
v -58.860458 -0.281215 -62.938713
v -58.769146 2.655712 -62.759888
v -58.765343 2.655716 -19.603655
v -58.860458 -0.281210 -19.656948
v -31.340019 -0.262200 -19.637938
v -31.343824 2.785050 -19.637938
v -31.343824 2.785046 -63.037628
v -31.343824 2.785050 -19.637938
v -31.340019 -0.262200 -19.637938
v -31.340019 -0.262203 -63.037628
v -50.437683 4.683374 -21.056942
v -51.609425 2.663321 -21.056942
v -45.575756 2.670925 -21.056942
v -46.363235 4.679571 -21.056942
v -33.862267 22.008308 -21.056942
v -34.147614 21.437614 -22.221016
v -32.774235 19.603928 -22.221016
v -32.367157 20.014809 -21.056942
v -32.367157 20.014809 -21.056942
v -32.774235 19.603928 -22.221016
v -35.262260 7.209483 -22.221016
v -35.072029 6.539935 -21.056942
v -35.072029 6.539935 -21.056942
v -35.262260 7.209483 -22.221016
v -48.360538 13.627356 -22.221016
v -49.224121 13.509426 -21.056942
v -49.224121 13.509426 -21.056942
v -48.360538 13.627356 -22.221016
v -39.260605 19.322447 -22.221016
v -39.416557 19.706648 -21.056942
v -39.416557 19.706648 -21.056942
v -39.260605 19.322447 -22.221016
v -34.147614 21.437614 -22.221016
v -33.862267 22.008308 -21.056942
v -50.662136 12.649646 -21.056942
v -50.555611 12.132244 -22.221016
v -36.962811 4.934501 -22.221016
v -35.597034 4.664363 -21.056942
v -35.597034 4.664363 -21.056942
v -36.962811 4.934501 -22.221016
v -41.824738 4.942105 -22.221016
v -41.257843 4.671967 -21.056942
v -41.257843 4.671967 -21.056942
v -41.824738 4.942105 -22.221016
v -42.741547 3.089409 -22.221016
v -42.246964 2.678529 -21.056942
v -42.246964 2.678529 -21.056942
v -42.741547 3.089409 -22.221016
v -45.355110 3.085606 -22.221016
v -45.575756 2.670925 -21.056942
v -45.575756 2.670925 -21.056942
v -45.355110 3.085606 -22.221016
v -46.085552 4.945908 -22.221016
v -46.363235 4.679571 -21.056942
v -46.363235 4.679571 -21.056942
v -46.085552 4.945908 -22.221016
v -50.677341 4.953511 -22.221016
v -50.437683 4.683374 -21.056942
v -50.437683 4.683374 -21.056942
v -50.677341 4.953511 -22.221016
v -51.769176 3.078002 -22.221016
v -51.609425 2.663321 -21.056942
v -51.609425 2.663321 -21.056942
v -51.769176 3.078002 -22.221016
v -55.915932 3.070399 -22.221016
v -56.657784 2.655716 -21.056942
v -56.657784 2.655716 -21.056942
v -55.915932 3.070399 -22.221016
v -55.520256 4.957314 -22.221016
v -56.231693 4.690977 -21.056942
v -56.231693 4.690977 -21.056942
v -55.520256 4.957314 -22.221016
v -54.576767 7.449142 -22.221016
v -55.006660 7.646978 -21.056942
v -55.006660 7.646978 -21.056942
v -54.576767 7.449142 -22.221016
v -50.555611 12.132244 -22.221016
v -50.662136 12.649646 -21.056942
v -33.128021 10.503996 -61.489227
v -33.683441 10.968103 -59.929482
v -33.668236 19.908283 -59.929482
v -33.112812 20.574028 -61.489227
v -33.112812 20.574028 -61.489227
v -33.668236 19.908283 -59.929482
v -35.764454 20.429487 -59.929482
v -35.471500 21.159933 -61.489227
v -48.645882 12.942595 -61.489227
v -48.223595 12.524111 -59.929482
v -49.452370 10.793144 -59.929482
v -50.688747 10.401276 -61.489227
v -50.688747 10.401276 -61.489227
v -49.452370 10.793144 -59.929482
v -33.683441 10.968103 -59.929482
v -33.128021 10.503996 -61.489227
v -23.206394 34.433167 -65.654991
v -16.952078 34.851650 -65.479973
v -16.955877 34.851650 -71.749496
v -23.073195 34.440834 -71.745689
v -16.952078 34.851650 -65.479973
v -15.989576 32.987549 -64.559357
v -15.993380 32.987549 -72.635887
v -16.955877 34.851650 -71.749496
v -23.206394 34.433167 -65.654991
v -24.028090 32.390301 -64.779999
v -15.989576 32.987549 -64.559357
v -16.952078 34.851650 -65.479973
v -23.073195 34.440834 -71.745689
v -23.856930 32.394100 -72.624481
v -24.028090 32.390301 -64.779999
v -23.206394 34.433167 -65.654991
v -16.955877 34.851650 -71.749496
v -15.993380 32.987549 -72.635887
v -23.856930 32.394100 -72.624481
v -23.073195 34.440834 -71.745689
v -48.721928 5.744787 -63.608265
v -48.721928 6.977426 -63.608265
v -35.509525 6.977426 -63.608265
v -35.509525 5.744787 -63.608265
v -49.779545 8.160574 -63.520752
v -50.955086 9.336056 -61.489227
v -33.276428 9.336056 -61.489227
v -34.451908 8.160574 -63.520752
v -49.779545 4.812769 -63.520752
v -50.955086 3.637226 -61.489227
v -50.955086 9.336056 -61.489227
v -49.779545 8.160574 -63.520752
v -34.451908 4.812769 -63.520752
v -33.276428 3.637226 -61.489227
v -50.955086 3.637226 -61.489227
v -49.779545 4.812769 -63.520752
v -34.451908 8.160574 -63.520752
v -33.276428 9.336056 -61.489227
v -33.276428 3.637226 -61.489227
v -34.451908 4.812769 -63.520752
v -21.239508 31.975622 -35.444889
v -21.212893 31.975622 -40.112782
v -26.725359 31.123447 -40.112782
v -26.736763 31.119642 -35.444889
v -26.736763 31.119642 -35.444889
v -26.622639 30.389198 -35.444889
v -21.589554 31.184280 -35.444889
v -21.239508 31.975622 -35.444889
v -21.212893 31.975622 -40.112782
v -21.562878 31.184280 -40.112782
v -26.611233 30.393000 -40.112782
v -26.725359 31.123447 -40.112782
v -52.625156 19.185444 -26.097631
v -47.709999 23.077269 -26.036798
v -47.713799 23.077267 -28.262291
v -52.514832 19.265350 -28.258488
v -47.709999 23.077269 -26.036798
v -45.857300 22.091957 -25.393866
v -45.861099 22.088154 -28.882412
v -47.713799 23.077267 -28.262291
v -52.625156 19.185444 -26.097631
v -52.138233 17.039860 -25.488979
v -45.857300 22.091957 -25.393866
v -47.709999 23.077269 -26.036798
v -52.514832 19.265350 -28.258488
v -52.001297 17.138777 -28.878611
v -52.138233 17.039860 -25.488979
v -52.625156 19.185444 -26.097631
v -47.713799 23.077267 -28.262291
v -45.861099 22.088154 -28.882412
v -52.001297 17.138777 -28.878611
v -52.514832 19.265350 -28.258488
v -63.459850 1.483974 -27.330269
v -63.387611 1.483974 -21.113972
v -63.387611 3.709466 -21.140591
v -63.452248 3.648633 -27.322664
v -63.387611 1.483974 -21.113972
v -61.451206 0.848645 -20.292278
v -61.455006 4.337193 -20.330297
v -63.387611 3.709466 -21.140591
v -63.459850 1.483974 -27.330269
v -61.485428 0.867655 -28.292768
v -61.451206 0.848645 -20.292278
v -63.387611 1.483974 -21.113972
v -63.452248 3.648633 -27.322664
v -61.477821 4.257286 -28.273697
v -61.485428 0.867655 -28.292768
v -63.459850 1.483974 -27.330269
v -63.387611 3.709466 -21.140591
v -61.455006 4.337193 -20.330297
v -61.477821 4.257286 -28.273697
v -63.452248 3.648633 -27.322664
v -15.768929 40.055954 -77.520630
v -10.785271 40.059757 -77.535904
v -10.808084 36.327747 -82.238007
v -16.560207 36.392448 -82.192390
v -10.149941 37.731548 -27.626963
v -13.349341 34.961975 -25.196030
v -13.242819 34.882133 -19.984121
v -10.157546 37.678257 -19.976517
v -10.785271 40.059757 -77.535904
v -15.768929 40.055954 -77.520630
v -15.768929 40.055954 -73.902748
v -10.781469 40.055954 -73.826645
v -15.768929 40.055954 -77.520630
v -16.560207 36.392448 -82.192390
v -16.537395 36.380978 -75.321754
v -15.768929 40.055954 -73.902748
v -12.204276 36.993496 -40.652996
v -13.395028 35.030476 -42.033920
v -13.372216 35.000061 -34.219852
v -12.189068 36.970688 -35.410606
v -16.537395 36.380978 -75.321754
v -15.970566 35.703827 -74.549484
v -15.205902 39.375000 -73.134277
v -15.768929 40.055954 -73.902748
v -16.560207 36.392448 -82.192390
v -15.997182 35.711430 -81.420059
v -15.970566 35.703827 -74.549484
v -16.537395 36.380978 -75.321754
v -10.808084 36.327747 -82.238007
v -10.206974 35.642990 -81.465744
v -15.997182 35.711430 -81.420059
v -16.560207 36.392448 -82.192390
v -10.785271 40.059757 -77.535904
v -10.222244 39.378803 -76.767365
v -10.206974 35.642990 -81.465744
v -10.808084 36.327747 -82.238007
v -10.781469 40.055954 -73.826645
v -10.218380 39.375000 -73.058174
v -10.222244 39.378803 -76.767365
v -10.785271 40.059757 -77.535904
v -15.768929 40.055954 -73.902748
v -15.205902 39.375000 -73.134277
v -10.218380 39.375000 -73.058174
v -10.781469 40.055954 -73.826645
v -10.252662 37.480484 -56.779514
v -13.554779 35.114185 -54.067036
v -13.414040 35.060890 -49.889866
v -10.180359 37.484283 -48.105667
v -2.906510 38.564713 -53.781693
v -2.906510 38.560909 -55.714294
v -4.774415 38.560909 -55.714294
v -4.747801 38.564713 -53.781693
v -2.906510 38.560909 -55.714294
v -2.510839 37.206539 -56.125175
v -5.177691 37.206539 -56.125175
v -4.774415 38.560909 -55.714294
v -2.906510 38.564713 -53.781693
v -2.510839 37.206539 -53.370811
v -2.510839 37.206539 -56.125175
v -2.906510 38.560909 -55.714294
v -4.747801 38.564713 -53.781693
v -5.135805 37.206539 -53.367004
v -2.510839 37.206539 -53.370811
v -2.906510 38.564713 -53.781693
v -4.774415 38.560909 -55.714294
v -5.177691 37.206539 -56.125175
v -5.135805 37.206539 -53.367004
v -4.747801 38.564713 -53.781693
v -2.906510 38.564713 -50.000191
v -2.906510 38.560909 -51.932793
v -4.774415 38.560909 -51.932793
v -4.747801 38.564713 -49.996391
v -2.906510 38.560909 -51.932793
v -2.510839 37.206539 -52.343674
v -5.177691 37.206539 -52.343674
v -4.774415 38.560909 -51.932793
v -2.906510 38.564713 -50.000191
v -2.510839 37.206539 -49.585510
v -2.510839 37.206539 -52.343674
v -2.906510 38.560909 -51.932793
v -4.747801 38.564713 -49.996391
v -5.135805 37.206539 -49.585510
v -2.510839 37.206539 -49.585510
v -2.906510 38.564713 -50.000191
v -4.774415 38.560909 -51.932793
v -5.177691 37.206539 -52.343674
v -5.135805 37.206539 -49.585510
v -4.747801 38.564713 -49.996391
v -2.906510 38.564713 -25.036219
v -2.906510 38.560913 -26.968822
v -4.774415 38.560913 -26.968822
v -4.747801 38.564713 -25.032415
v -2.906510 38.560913 -26.968822
v -2.510839 37.206543 -27.379700
v -5.177691 37.206543 -27.379700
v -4.774415 38.560913 -26.968822
v -2.906510 38.564713 -25.036219
v -2.510839 37.206543 -24.625401
v -2.510839 37.206543 -27.379700
v -2.906510 38.560913 -26.968822
v -4.747801 38.564713 -25.032415
v -5.135805 37.206543 -24.621599
v -2.510839 37.206543 -24.625401
v -2.906510 38.564713 -25.036219
v -4.774415 38.560913 -26.968822
v -5.177691 37.206543 -27.379700
v -5.135805 37.206543 -24.621599
v -4.747801 38.564713 -25.032415
v -2.906510 38.564713 -21.559074
v -2.906510 38.560913 -23.491680
v -4.774415 38.560913 -23.491680
v -4.747801 38.564713 -21.555273
v -2.906510 38.560913 -23.491680
v -2.510839 37.206543 -23.902559
v -5.177691 37.206543 -23.902559
v -4.774415 38.560913 -23.491680
v -2.906510 38.564713 -21.559074
v -2.510839 37.206543 -21.148195
v -2.510839 37.206543 -23.902559
v -2.906510 38.560913 -23.491680
v -4.747801 38.564713 -21.555273
v -5.135805 37.206543 -21.144394
v -2.510839 37.206543 -21.148195
v -2.906510 38.564713 -21.559074
v -4.774415 38.560913 -23.491680
v -5.177691 37.206543 -23.902559
v -5.135805 37.206543 -21.144394
v -4.747801 38.564713 -21.555273
v -7.049398 35.475578 0.874987
v -7.053200 35.178825 0.456504
v -15.430351 35.152210 0.570630
v -15.426550 35.448959 0.989114
v -8.734739 40.048351 -44.160553
v -9.179837 39.340782 -44.605656
v -9.176036 39.249470 -30.396534
v -8.734739 40.048355 -31.069885
v -3.899427 39.979916 -39.819828
v -2.195076 39.979916 -41.459484
v -2.065741 42.361420 -41.246437
v -3.678779 42.361420 -39.694298
v -4.523350 39.979916 -37.579067
v -3.899427 39.979916 -39.819828
v -3.678779 42.361420 -39.694298
v -4.268420 42.361420 -37.579067
v -3.899427 39.979916 -35.342171
v -4.523350 39.979916 -37.579067
v -4.268420 42.361420 -37.579067
v -3.678779 42.361420 -35.463902
v -2.195076 39.979916 -33.702454
v -3.899427 39.979916 -35.342171
v -3.678779 42.361420 -35.463902
v -2.065741 42.365223 -33.915497
v 0.000000 42.365223 -33.382946
v 0.000000 39.979916 -33.135620
v -2.195076 39.979916 -33.702454
v -2.065741 42.365223 -33.915497
v -23.210194 17.271919 51.833878
v -26.044403 4.409500 51.719749
v -25.218842 4.413304 62.653366
v -22.532980 17.245306 62.505020
v -25.218842 4.413304 62.653366
v -25.325365 4.439919 63.281094
v -22.517773 17.850155 63.125080
v -22.532980 17.245306 62.505020
v -25.207436 -2.130160 62.687584
v -25.321562 -2.099681 63.315311
v -25.325365 4.439919 63.281094
v -25.218842 4.413304 62.653366
v -23.898754 -5.827949 62.710461
v -23.796034 -6.352956 63.338123
v -25.321562 -2.099681 63.315311
v -25.207436 -2.130160 62.687584
v -24.416157 -5.824149 51.833878
v -24.381874 -6.352956 51.282265
v -23.796034 -6.352956 63.338123
v -23.898754 -5.827949 62.710461
v -26.044403 -2.111089 51.792049
v -26.230770 -2.099683 51.236629
v -24.381874 -6.352956 51.282265
v -24.416157 -5.824149 51.833878
v -26.044403 4.409500 51.719749
v -26.238438 4.439918 51.164326
v -26.230770 -2.099683 51.236629
v -26.044403 -2.111089 51.792049
v -23.210194 17.271919 51.833878
v -23.278635 17.876770 51.282257
v -26.238438 4.439918 51.164326
v -26.044403 4.409500 51.719749
v -22.532980 17.245306 62.505020
v -22.517773 17.850155 63.125080
v -23.278635 17.876770 51.282257
v -23.210194 17.271919 51.833878
v 0.000000 42.365219 -41.779053
v -2.065741 42.361420 -41.246437
v -2.195076 39.979916 -41.459484
v 0.000000 39.979916 -42.022511
v -36.647049 25.329437 -44.944229
v -37.689392 26.881639 -46.131180
v -37.689392 26.881638 -70.456017
v -36.647049 25.329433 -71.441330
v -36.647049 25.329433 -71.441330
v -34.798153 26.101704 -71.441330
v -34.798153 26.101704 -44.944229
v -36.647049 25.329437 -44.944229
v -37.689392 26.881638 -70.456017
v -35.840500 27.653906 -70.456017
v -34.798153 26.101704 -71.441330
v -36.647049 25.329433 -71.441330
v 29.742193 8.407842 -12.318401
v 30.929144 8.624687 -12.618957
v 27.714472 21.814278 4.675498
v 26.527521 21.277864 4.576580
v 29.970444 7.806730 -12.326006
v 31.157394 7.559467 -12.630363
v 30.929144 8.624687 -12.618957
v 29.742193 8.407842 -12.318401
v 26.196548 24.081654 -14.471655
v 27.197073 24.359333 -14.745532
v 27.189466 24.416430 2.925520
v 26.188946 24.100666 2.632570
v 26.188946 24.100666 2.632570
v 27.189466 24.416430 2.925520
v 27.486219 23.271303 3.560850
v 26.390583 23.301783 3.096741
v 30.240583 7.772505 -94.777061
v 26.984028 20.167011 -91.223824
v 26.938402 20.235451 -87.720062
v 30.259592 7.688797 -89.264603
v 30.248186 7.791515 -98.444435
v 31.161196 7.468147 -98.166695
v 31.145988 7.570867 -105.436737
v 30.229113 7.879026 -104.881317
v 26.972620 20.056688 -94.316750
v 27.703066 20.501787 -93.776543
v 31.161196 7.468147 -98.166695
v 30.248186 7.791515 -98.444435
v 26.984028 20.056688 -96.888428
v 27.722076 20.501785 -97.033035
v 27.703066 20.501787 -93.776543
v 26.972620 20.056688 -94.316750
v 30.240583 7.772505 -94.777061
v 31.153593 7.468147 -95.286865
v 27.630764 20.593037 -91.516762
v 26.984028 20.167011 -91.223824
v 30.259592 7.688797 -89.264603
v 31.172604 7.365428 -88.945023
v 31.153593 7.468147 -95.286865
v 30.240583 7.772505 -94.777061
v 26.938402 20.235451 -87.720062
v 27.573730 20.695759 -87.244484
v 31.172604 7.365428 -88.945023
v 30.259592 7.688797 -89.264603
v 26.984028 20.167011 -91.223824
v 27.630764 20.593037 -91.516762
v 27.573730 20.695759 -87.244484
v 26.938402 20.235451 -87.720062
v 33.219334 3.949186 -80.822815
v 32.340542 4.436106 -80.244583
v 32.340542 -2.130172 -80.244583
v 33.219334 -1.643188 -80.822815
v 15.095578 31.572342 -92.966187
v 16.115110 31.385914 -91.353149
v 17.861284 26.908249 -98.353119
v 15.955296 28.528893 -98.292229
v 19.375404 23.914227 -102.454185
v 18.686844 24.089251 -101.609612
v 23.061789 24.074043 -101.510696
v 22.464542 23.891415 -102.378082
v 19.379208 21.266451 -105.250366
v 18.686844 20.969696 -104.911797
v 18.686844 24.089251 -101.609612
v 19.375404 23.914227 -102.454185
v 19.379208 14.133343 -109.880180
v 18.686844 13.832788 -109.541611
v 18.686844 20.969696 -104.911797
v 19.379208 21.266451 -105.250366
v 19.375404 7.757296 -111.664436
v 18.686844 6.779587 -111.516098
v 18.686844 13.832788 -109.541611
v 19.379208 14.133343 -109.880180
v 25.812349 7.734484 -111.641632
v 26.656858 6.752972 -111.489418
v 18.686844 6.779587 -111.516098
v 19.375404 7.757296 -111.664436
v 24.503605 14.045832 -109.933472
v 25.180820 13.867006 -109.541611
v 26.656858 6.752972 -111.489418
v 25.812349 7.734484 -111.641632
v 23.019964 21.205555 -105.303604
v 23.700920 20.988708 -104.892723
v 25.180820 13.867006 -109.541611
v 24.503605 14.045832 -109.933472
v 22.464542 23.891415 -102.378082
v 23.061789 24.074043 -101.510696
v 23.700920 20.988708 -104.892723
v 23.019964 21.205555 -105.303604
v 17.621624 31.424006 7.597215
v 17.606417 31.424004 -18.112350
v 17.054796 32.732681 -18.116154
v 17.031921 32.744095 7.585809
v 5.877657 -7.277384 -64.559357
v 5.676019 -7.277384 -80.244583
v 5.676019 -9.156694 -80.244583
v 5.877657 -9.156694 -64.559357
v 9.948303 -10.716497 -19.246067
v 9.605925 -10.716500 -44.830097
v 11.074357 -9.156694 -46.340416
v 11.416799 -9.156693 -18.104744
v 11.078159 -10.575764 -95.492241
v 11.234171 -10.575762 -83.862457
v 6.649987 -10.575762 -83.862457
v 6.649987 -10.575764 -95.492241
v 6.649987 -10.575762 -83.862457
v 11.234171 -10.575762 -83.862457
v 11.903721 -9.164362 -83.341255
v 6.204826 -9.164362 -83.341255
v 11.078159 -10.575764 -95.492241
v 6.649987 -10.575764 -95.492241
v 6.204826 -9.164364 -96.177063
v 11.747770 -9.164364 -96.177063
v 11.234171 -10.575762 -83.862457
v 11.078159 -10.575764 -95.492241
v 11.747770 -9.164364 -96.177063
v 11.903721 -9.164362 -83.341255
v 6.204826 -9.164362 -83.341255
v 6.204826 -9.164364 -96.177063
v 6.649987 -10.575764 -95.492241
v 6.649987 -10.575762 -83.862457
v 18.302580 -11.058884 -102.792770
v 12.653177 -11.058884 -102.792770
v 11.675468 -9.156696 -103.926422
v 19.280289 -9.156696 -103.926422
v 12.653177 -11.058882 -61.420788
v 18.302580 -11.058882 -61.279984
v 19.280289 -9.156694 -60.325150
v 11.675468 -9.156694 -60.465893
v 18.302580 -11.058882 -50.974091
v 12.653177 -11.058882 -50.974091
v 11.675468 -9.156694 -52.670837
v 19.280289 -9.156694 -52.670837
v 12.653177 -11.058876 2.872293
v 18.302580 -11.058876 3.016837
v 19.280289 -9.156690 4.325518
v 11.675468 -9.156690 4.180974
v 16.354767 -11.207228 -96.743889
v 16.354767 -11.207226 -62.425114
v 14.924356 -11.207226 -62.558250
v 14.924356 -11.207228 -96.743889
v 16.354767 -11.207226 -49.357254
v 16.354767 -11.207220 0.642936
v 14.924356 -11.207220 0.631530
v 14.924356 -11.207226 -49.357254
v 14.536290 26.227304 26.500908
v 14.536290 26.227304 21.444948
v 14.068378 31.016930 21.444948
v 14.072181 30.997917 26.500908
v 21.730293 25.462580 29.521544
v 21.730293 25.462580 32.538380
v 26.569408 5.238863 32.507900
v 26.561804 5.242663 29.620464
v 20.330299 25.462580 29.498730
v 20.337904 25.462580 32.564995
v 21.730293 25.462580 32.538380
v 21.730293 25.462580 29.521544
v 20.330299 25.462580 29.498730
v 21.730293 25.462580 29.521544
v 22.046059 26.288139 29.122070
v 20.265602 26.234909 29.129677
v 26.561804 5.242663 29.620464
v 26.569408 5.238863 32.507900
v 27.607952 4.439917 32.937790
v 27.607952 4.439916 29.122074
v 22.046059 26.288139 32.937790
v 21.730293 25.462580 32.538380
v 20.337904 25.462580 32.564995
v 20.265602 26.242514 32.937790
v 20.265602 26.242514 32.937790
v 20.337904 25.462580 32.564995
v 20.330299 25.462580 29.498730
v 20.265602 26.234909 29.129677
v 5.569497 31.009327 22.650908
v 5.249993 32.660385 22.658510
v 7.707541 32.671791 27.071535
v 7.707541 30.997917 26.470491
v 25.215038 4.413304 62.653366
v 25.207436 -2.130160 62.687584
v 26.040602 -2.111089 51.792049
v 26.044403 4.409500 51.719749
v 25.207436 -2.130160 62.687584
v 23.898754 -5.827949 62.710461
v 24.412355 -5.824149 51.833878
v 26.040602 -2.111089 51.792049
v 2.879895 22.198484 71.445137
v 14.825439 22.232765 71.403313
v 15.361852 23.453934 70.676666
v 2.415724 23.393038 70.779388
v 10.032014 17.188213 84.387451
v 1.472297 17.188213 84.376060
v 1.491307 13.806189 92.224342
v 10.051023 13.874626 92.155899
v 10.005398 7.053481 99.361252
v 10.051023 13.874626 92.155899
v 1.491307 13.806189 92.224342
v 1.590225 7.045877 99.406937
v 1.472297 18.051794 84.874382
v 1.472297 17.188213 84.376060
v 10.032014 17.188213 84.387451
v 10.032014 18.047993 84.885788
v 10.005398 7.913261 99.855835
v 10.005398 7.053481 99.361252
v 1.590225 7.045877 99.406937
v 1.590225 7.905656 99.905258
v 16.853159 32.728882 13.459663
v 16.689543 32.702209 20.509125
v 17.450405 31.435413 20.509127
v 17.614021 31.435411 13.463467
v 4.842916 21.848503 78.311974
v 8.141232 21.848503 78.315765
v 8.190723 23.046858 73.891342
v 4.842916 23.046858 73.891342
v 4.842916 23.046858 73.891342
v 8.190723 23.046858 73.891342
v 8.803177 22.206089 73.042969
v 4.238004 22.206089 73.042969
v 8.141232 21.848503 78.315765
v 4.842916 21.848503 78.311974
v 4.238004 21.000128 78.859787
v 8.738542 21.000128 78.859787
v 12.881430 31.914730 25.671541
v 12.885231 31.914730 22.243891
v 9.518414 31.941345 22.194403
v 9.518414 31.941345 25.671541
v 9.518414 31.941345 25.671541
v 9.518414 31.941345 22.194403
v 8.806979 30.606050 21.555271
v 8.806979 30.606050 26.299269
v 12.881430 31.914730 25.671541
v 9.518414 31.941345 25.671541
v 8.806979 30.606050 26.299269
v 13.714595 30.594645 26.299269
v 12.885231 31.914730 22.243891
v 12.881430 31.914730 25.671541
v 13.714595 30.594645 26.299269
v 13.718396 30.594645 21.623774
v 9.518414 31.941345 22.194403
v 12.885231 31.914730 22.243891
v 13.718396 30.594645 21.623774
v 8.806979 30.606050 21.555271
v 25.603106 14.057249 42.946987
v 25.641129 14.064854 39.644810
v 24.568306 18.915375 39.595383
v 24.530281 18.907770 42.943188
v 24.530281 18.907770 42.943188
v 24.568306 18.915375 39.595383
v 23.427040 19.250149 38.971458
v 23.373749 19.238743 43.536629
v 25.603106 14.057249 42.946987
v 24.530281 18.907770 42.943188
v 23.373749 19.238743 43.536629
v 24.602524 12.934998 43.536629
v 25.641129 14.064854 39.644810
v 25.603106 14.057249 42.946987
v 24.602524 12.934998 43.536629
v 24.652012 12.942601 39.036156
v 24.568306 18.915375 39.595383
v 25.641129 14.064854 39.644810
v 24.652012 12.942601 39.036156
v 23.427040 19.250149 38.971458
v 10.347776 21.848503 78.311974
v 13.649897 21.848503 78.315765
v 13.695583 23.046858 73.891342
v 10.347776 23.046858 73.891342
v 10.347776 23.046858 73.891342
v 13.695583 23.046858 73.891342
v 14.311840 22.206089 73.042969
v 9.742865 22.206089 73.042969
v 13.649897 21.848503 78.315765
v 10.347776 21.848503 78.311974
v 9.742865 21.000128 78.859787
v 14.243402 21.000128 78.859787
v 22.616690 25.820227 29.122070
v 22.628096 25.770737 13.478737
v 22.046059 26.288137 13.474934
v 22.046059 26.288139 29.122070
v 17.614021 31.435411 13.463467
v 17.450405 31.435413 20.509127
v 17.827066 26.227304 20.509127
v 17.986816 26.227303 13.474934
v 23.484074 -7.071934 12.626563
v 23.484074 -7.071936 7.635302
v 26.428604 -2.111092 7.635302
v 26.428604 -2.111092 12.626563
v 17.477083 23.640358 7.635300
v 17.477083 23.640362 12.626561
v 20.395000 23.640362 12.626561
v 20.395000 23.640358 7.635300
v 27.356884 4.710055 36.323681
v 27.356884 -0.007329 36.323681
v 28.509617 -0.007329 36.163868
v 28.509617 4.710055 36.163868
v 37.099751 3.804586 26.443815
v 37.099751 0.898077 26.443815
v 37.175858 0.898077 17.416187
v 37.175858 3.804586 17.416187
v 31.971548 4.710054 28.030239
v 31.971548 -0.007329 28.030239
v 37.099751 0.898077 26.443815
v 37.099751 3.804586 26.443815
v 30.818817 4.710055 33.732933
v 30.818817 -0.007329 33.732933
v 31.971548 -0.007329 28.030239
v 31.971548 4.710054 28.030239
v 28.509617 4.710055 36.163868
v 28.509617 -0.007329 36.163868
v 30.818817 -0.007329 33.732933
v 30.818817 4.710055 33.732933
v 31.994364 4.710053 13.771627
v 31.994364 -0.007329 13.771628
v 27.356884 -0.007329 13.611876
v 27.482418 4.573052 13.543375
v 37.175858 3.804586 17.416187
v 37.175858 0.898077 17.416187
v 31.994364 -0.007329 13.771628
v 31.994364 4.710053 13.771627
v 67.983200 0.011679 -0.559223
v 67.929977 0.011679 2.012512
v 69.717972 -1.000247 2.016315
v 69.717972 -1.000247 -0.555421
v 65.757713 0.011679 -4.192377
v 65.799530 0.011679 -0.559223
v 66.301720 -0.555151 -0.844570
v 66.343552 -0.555151 -3.572255
v 69.717972 -0.996444 -7.738019
v 67.880486 0.019284 -7.738019
v 67.872879 0.011679 -4.180970
v 69.717972 -1.000247 -4.165762
v 67.983200 -10.336035 -0.559223
v 69.717972 -9.320305 -0.559223
v 69.717972 -9.320305 2.016315
v 67.929977 -10.336035 2.012513
v 65.757713 -10.336035 -4.192376
v 66.343552 -9.769206 -3.572254
v 66.301720 -9.769206 -0.844569
v 65.799530 -10.336035 -0.559223
v 69.717972 -9.327909 -7.738018
v 69.717972 -9.320305 -4.165761
v 67.872879 -10.336035 -4.180969
v 67.880486 -10.343639 -7.738018
v 64.144676 -9.693103 -15.829760
v 64.247391 -9.693103 -31.161194
v 64.783806 -10.336037 -31.206820
v 64.677284 -10.336037 -15.654800
v 67.732147 -0.460033 -8.388556
v 67.732147 -0.467639 -12.101554
v 67.705528 -0.224177 -12.242296
v 67.701721 -0.216572 -8.247753
v 68.957108 -1.342628 -8.388556
v 67.732147 -0.460033 -8.388556
v 67.701721 -0.216572 -8.247753
v 69.307091 -1.342628 -8.247753
v 67.732147 -9.860518 -8.388556
v 68.957108 -8.981729 -8.388556
v 69.307091 -8.981729 -8.247753
v 67.701721 -10.107784 -8.247753
v 67.732147 -9.856718 -12.101554
v 67.732147 -9.860518 -8.388556
v 67.701721 -10.107784 -8.247753
v 67.705528 -10.100179 -12.242296
v 68.957108 -8.981729 -12.101554
v 67.732147 -9.856718 -12.101554
v 67.705528 -10.100179 -12.242296
v 69.307091 -8.981729 -12.242296
v 67.732147 -0.467639 -12.101554
v 68.957108 -1.342628 -12.101554
v 69.307091 -1.342628 -12.242296
v 67.705528 -0.224177 -12.242296
v 52.971397 0.011679 -0.559223
v 51.236629 -1.000247 -0.559223
v 51.236629 -1.000247 2.016315
v 53.028431 0.011679 2.012512
v 55.196892 0.011679 -4.192377
v 54.611053 -0.555151 -3.572255
v 54.652870 -0.555151 -0.844570
v 55.155067 0.011679 -0.559223
v 51.236629 -0.996444 -7.738019
v 51.236629 -1.000247 -4.165762
v 53.081722 0.011679 -4.180970
v 53.074116 0.019284 -7.738019
v 52.971397 -10.336035 -0.559223
v 53.028431 -10.336035 2.012513
v 51.236629 -9.320305 2.016315
v 51.236629 -9.320305 -0.559223
v 55.196892 -10.336035 -4.192376
v 55.155067 -10.336035 -0.559223
v 54.652870 -9.769206 -0.844569
v 54.611053 -9.769206 -3.572254
v 51.236629 -9.327909 -7.738018
v 53.074116 -10.343639 -7.738018
v 53.081722 -10.336035 -4.180969
v 51.236629 -9.320305 -4.165761
v 56.809925 -9.693103 -15.829760
v 56.277317 -10.336037 -15.654800
v 56.170799 -10.336037 -31.206820
v 56.707207 -9.693103 -31.161194
v 53.226265 -0.460033 -8.388556
v 53.256680 -0.216572 -8.247753
v 53.252876 -0.224177 -12.242296
v 53.222466 -0.467639 -12.101554
v 51.997490 -1.342628 -8.388556
v 51.651249 -1.342628 -8.247753
v 53.256680 -0.216572 -8.247753
v 53.226265 -0.460033 -8.388556
v 53.226265 -9.860518 -8.388556
v 53.256680 -10.107784 -8.247753
v 51.651249 -8.981729 -8.247753
v 51.997490 -8.981729 -8.388556
v 53.222466 -9.856718 -12.101554
v 53.252876 -10.100179 -12.242296
v 53.256680 -10.107784 -8.247753
v 53.226265 -9.860518 -8.388556
v 51.997490 -8.981729 -12.101554
v 51.651249 -8.981729 -12.242296
v 53.252876 -10.100179 -12.242296
v 53.222466 -9.856718 -12.101554
v 53.222466 -0.467639 -12.101554
v 53.252876 -0.224177 -12.242296
v 51.651249 -1.342628 -12.242296
v 51.997490 -1.342628 -12.101554
v 52.906700 16.697414 -63.227802
v 52.944717 16.682207 -52.514832
v 57.985474 11.786061 -52.503426
v 58.061577 11.706154 -63.227802
v 57.848534 11.938211 -19.318373
v 57.848534 11.934409 -27.646034
v 53.389820 16.298008 -27.691660
v 53.397484 16.309414 -19.006411
v 26.634045 30.389198 -31.237305
v 26.596022 30.396803 -44.502937
v 21.540062 31.184277 -44.502937
v 21.608562 31.184280 -31.237305
v 31.168800 29.209852 -31.237305
v 31.157394 29.228863 -44.502937
v 30.784597 31.039736 -45.811615
v 30.796005 31.024529 -29.932423
v 50.890385 17.005577 -44.502937
v 50.890385 17.047462 -31.237305
v 51.921387 17.732222 -29.932423
v 51.921387 17.690395 -45.811615
v 61.405582 2.708945 -44.502937
v 61.405582 2.587216 -31.241104
v 62.409901 2.667123 -29.932421
v 62.409901 2.667122 -45.811615
v 56.456146 12.014315 -31.241104
v 56.383839 12.067606 -44.502937
v 56.600685 13.136629 -45.811615
v 56.672993 13.079536 -29.932423
v 21.608562 31.184280 -31.237305
v 21.540062 31.184277 -44.502937
v 21.155861 33.116882 -45.811615
v 21.224298 33.116882 -29.932425
v 26.634045 30.389198 -31.237305
v 21.608562 31.184280 -31.237305
v 21.224298 33.116882 -29.932425
v 26.850891 32.108761 -29.932425
v 26.596022 30.396803 -44.502937
v 26.634045 30.389198 -31.237305
v 26.850891 32.108761 -29.932425
v 26.812868 32.116360 -45.811615
v 21.540062 31.184277 -44.502937
v 26.596022 30.396803 -44.502937
v 26.812868 32.116360 -45.811615
v 21.155861 33.116882 -45.811615
v 58.856659 -0.281210 -19.656948
v 31.340019 -0.262200 -19.637938
v 31.340019 -0.262203 -63.037628
v 58.856659 -0.281215 -62.938713
v 32.009571 2.689933 -61.489227
v 58.765343 2.655715 -61.489227
v 58.765343 2.655712 -62.759888
v 31.340019 2.785046 -63.037628
v 58.765343 2.655716 -21.056942
v 32.009571 2.689935 -21.056942
v 31.340019 2.785050 -19.637938
v 58.765343 2.655716 -19.603655
v 32.009571 2.689935 -21.056942
v 32.009571 2.689933 -61.489227
v 31.340019 2.785046 -63.037628
v 31.340019 2.785050 -19.637938
v 31.340019 2.785046 -63.037628
v 58.765343 2.655712 -62.759888
v 58.856659 -0.281215 -62.938713
v 31.340019 -0.262203 -63.037628
v 58.765343 2.655716 -19.603655
v 31.340019 2.785050 -19.637938
v 31.340019 -0.262200 -19.637938
v 58.856659 -0.281210 -19.656948
v 31.340019 2.785046 -63.037628
v 31.340019 -0.262203 -63.037628
v 31.340019 -0.262200 -19.637938
v 31.340019 2.785050 -19.637938
v 50.433884 4.683374 -21.056942
v 46.363235 4.679571 -21.056942
v 45.575756 2.670925 -21.056942
v 51.609425 2.663321 -21.056942
v 33.858467 22.008308 -21.056942
v 32.363358 20.014809 -21.056942
v 32.770432 19.603928 -22.221016
v 34.147614 21.437614 -22.221016
v 32.363358 20.014809 -21.056942
v 35.072029 6.539935 -21.056942
v 35.262260 7.209483 -22.221016
v 32.770432 19.603928 -22.221016
v 35.072029 6.539935 -21.056942
v 49.224121 13.509426 -21.056942
v 48.360538 13.627356 -22.221016
v 35.262260 7.209483 -22.221016
v 49.224121 13.509426 -21.056942
v 39.416557 19.706648 -21.056942
v 39.260605 19.322447 -22.221016
v 48.360538 13.627356 -22.221016
v 39.416557 19.706648 -21.056942
v 33.858467 22.008308 -21.056942
v 34.147614 21.437614 -22.221016
v 39.260605 19.322447 -22.221016
v 50.658333 12.649646 -21.056942
v 35.597034 4.664363 -21.056942
v 36.959007 4.934501 -22.221016
v 50.551811 12.132244 -22.221016
v 35.597034 4.664363 -21.056942
v 41.254044 4.671967 -21.056942
v 41.820938 4.942105 -22.221016
v 36.959007 4.934501 -22.221016
v 41.254044 4.671967 -21.056942
v 42.243160 2.678529 -21.056942
v 42.737747 3.089409 -22.221016
v 41.820938 4.942105 -22.221016
v 42.243160 2.678529 -21.056942
v 45.575756 2.670925 -21.056942
v 45.351303 3.085606 -22.221016
v 42.737747 3.089409 -22.221016
v 45.575756 2.670925 -21.056942
v 46.363235 4.679571 -21.056942
v 46.081753 4.945908 -22.221016
v 45.351303 3.085606 -22.221016
v 46.363235 4.679571 -21.056942
v 50.433884 4.683374 -21.056942
v 50.677341 4.953511 -22.221016
v 46.081753 4.945908 -22.221016
v 50.433884 4.683374 -21.056942
v 51.609425 2.663321 -21.056942
v 51.765373 3.078002 -22.221016
v 50.677341 4.953511 -22.221016
v 51.609425 2.663321 -21.056942
v 56.657784 2.655716 -21.056942
v 55.912128 3.070399 -22.221016
v 51.765373 3.078002 -22.221016
v 56.657784 2.655716 -21.056942
v 56.231693 4.690977 -21.056942
v 55.520256 4.957314 -22.221016
v 55.912128 3.070399 -22.221016
v 56.231693 4.690977 -21.056942
v 55.006660 7.646978 -21.056942
v 54.576767 7.449142 -22.221016
v 55.520256 4.957314 -22.221016
v 55.006660 7.646978 -21.056942
v 50.658333 12.649646 -21.056942
v 50.551811 12.132244 -22.221016
v 54.576767 7.449142 -22.221016
v 33.124218 10.503996 -61.489227
v 33.109013 20.574028 -61.489227
v 33.668236 19.908283 -59.929482
v 33.679642 10.968103 -59.929482
v 33.109013 20.574028 -61.489227
v 35.471500 21.159933 -61.489227
v 35.764454 20.429487 -59.929482
v 33.668236 19.908283 -59.929482
v 48.642082 12.942595 -61.489227
v 50.688747 10.401276 -61.489227
v 49.448570 10.793144 -59.929482
v 48.219795 12.524111 -59.929482
v 50.688747 10.401276 -61.489227
v 33.124218 10.503996 -61.489227
v 33.679642 10.968103 -59.929482
v 49.448570 10.793144 -59.929482
v 23.206394 34.433167 -65.654991
v 23.073195 34.440834 -71.745689
v 16.952078 34.851650 -71.749496
v 16.952078 34.851650 -65.479973
v 16.952078 34.851650 -65.479973
v 16.952078 34.851650 -71.749496
v 15.989576 32.987549 -72.635887
v 15.985774 32.987549 -64.559357
v 23.206394 34.433167 -65.654991
v 16.952078 34.851650 -65.479973
v 15.985774 32.987549 -64.559357
v 24.024288 32.390301 -64.779999
v 23.073195 34.440834 -71.745689
v 23.206394 34.433167 -65.654991
v 24.024288 32.390301 -64.779999
v 23.853069 32.394100 -72.624481
v 16.952078 34.851650 -71.749496
v 23.073195 34.440834 -71.745689
v 23.853069 32.394100 -72.624481
v 15.989576 32.987549 -72.635887
v 48.718124 5.744787 -63.608265
v 35.509525 5.744787 -63.608265
v 35.509525 6.977426 -63.608265
v 48.718124 6.977426 -63.608265
v 49.775738 8.160574 -63.520752
v 34.451908 8.160574 -63.520752
v 33.276428 9.336056 -61.489227
v 50.951286 9.336056 -61.489227
v 49.775738 4.812769 -63.520752
v 49.775738 8.160574 -63.520752
v 50.951286 9.336056 -61.489227
v 50.951286 3.637226 -61.489227
v 34.451908 4.812769 -63.520752
v 49.775738 4.812769 -63.520752
v 50.951286 3.637226 -61.489227
v 33.276428 3.637226 -61.489227
v 34.451908 8.160574 -63.520752
v 34.451908 4.812769 -63.520752
v 33.276428 3.637226 -61.489227
v 33.276428 9.336056 -61.489227
v 21.235706 31.975622 -35.444889
v 26.736763 31.119642 -35.444889
v 26.721556 31.123447 -40.112782
v 21.212893 31.975622 -40.112782
v 26.736763 31.119642 -35.444889
v 21.235706 31.975622 -35.444889
v 21.585751 31.184280 -35.444889
v 26.622639 30.389198 -35.444889
v 21.212893 31.975622 -40.112782
v 26.721556 31.123447 -40.112782
v 26.607430 30.393000 -40.112782
v 21.562878 31.184280 -40.112782
v 52.621349 19.185444 -26.097631
v 52.514832 19.265350 -28.258488
v 47.709999 23.077267 -28.262291
v 47.709999 23.077269 -26.036798
v 47.709999 23.077269 -26.036798
v 47.709999 23.077267 -28.262291
v 45.861099 22.088154 -28.882412
v 45.857300 22.091957 -25.393866
v 52.621349 19.185444 -26.097631
v 47.709999 23.077269 -26.036798
v 45.857300 22.091957 -25.393866
v 52.134434 17.039860 -25.488979
v 52.514832 19.265350 -28.258488
v 52.621349 19.185444 -26.097631
v 52.134434 17.039860 -25.488979
v 51.997490 17.138777 -28.878611
v 47.709999 23.077267 -28.262291
v 52.514832 19.265350 -28.258488
v 51.997490 17.138777 -28.878611
v 45.861099 22.088154 -28.882412
v 63.456055 1.483974 -27.330269
v 63.452248 3.648633 -27.322664
v 63.383808 3.709466 -21.140591
v 63.383808 1.483974 -21.113972
v 63.383808 1.483974 -21.113972
v 63.383808 3.709466 -21.140591
v 61.451206 4.337193 -20.330297
v 61.451206 0.848645 -20.292278
v 63.456055 1.483974 -27.330269
v 63.383808 1.483974 -21.113972
v 61.451206 0.848645 -20.292278
v 61.481625 0.867655 -28.292768
v 63.452248 3.648633 -27.322664
v 63.456055 1.483974 -27.330269
v 61.481625 0.867655 -28.292768
v 61.474018 4.257286 -28.273697
v 63.383808 3.709466 -21.140591
v 63.452248 3.648633 -27.322664
v 61.474018 4.257286 -28.273697
v 61.451206 4.337193 -20.330297
v 15.768929 40.055954 -77.520630
v 16.560207 36.392448 -82.192390
v 10.804281 36.327747 -82.238007
v 10.781469 40.059757 -77.535904
v 10.146140 37.731548 -27.626963
v 10.157546 37.678257 -19.976517
v 13.239017 34.882133 -19.984121
v 13.349341 34.961975 -25.196030
v 10.781469 40.059757 -77.535904
v 10.781469 40.055954 -73.826645
v 15.768929 40.055954 -73.902748
v 15.768929 40.055954 -77.520630
v 15.768929 40.055954 -77.520630
v 15.768929 40.055954 -73.902748
v 16.533592 36.380978 -75.321754
v 16.560207 36.392448 -82.192390
v 12.200474 36.993496 -40.652996
v 12.189068 36.970688 -35.410606
v 13.372216 35.000061 -34.219852
v 13.391227 35.030476 -42.033920
v 16.533592 36.380978 -75.321754
v 15.768929 40.055954 -73.902748
v 15.205902 39.375000 -73.134277
v 15.970566 35.703827 -74.549484
v 16.560207 36.392448 -82.192390
v 16.533592 36.380978 -75.321754
v 15.970566 35.703827 -74.549484
v 15.997182 35.711430 -81.420059
v 10.804281 36.327747 -82.238007
v 16.560207 36.392448 -82.192390
v 15.997182 35.711430 -81.420059
v 10.203172 35.642990 -81.465744
v 10.781469 40.059757 -77.535904
v 10.804281 36.327747 -82.238007
v 10.203172 35.642990 -81.465744
v 10.218380 39.378803 -76.767365
v 10.781469 40.055954 -73.826645
v 10.781469 40.059757 -77.535904
v 10.218380 39.378803 -76.767365
v 10.218380 39.375000 -73.058174
v 15.768929 40.055954 -73.902748
v 10.781469 40.055954 -73.826645
v 10.218380 39.375000 -73.058174
v 15.205902 39.375000 -73.134277
v 10.248859 37.480484 -56.779514
v 10.176556 37.484283 -48.105667
v 13.414040 35.060890 -49.889866
v 13.550978 35.114185 -54.067036
v 2.902708 38.564713 -53.781693
v 4.743999 38.564713 -53.781693
v 4.774415 38.560909 -55.714294
v 2.902708 38.560909 -55.714294
v 2.902708 38.560909 -55.714294
v 4.774415 38.560909 -55.714294
v 5.173888 37.206539 -56.125175
v 2.510839 37.206539 -56.125175
v 2.902708 38.564713 -53.781693
v 2.902708 38.560909 -55.714294
v 2.510839 37.206539 -56.125175
v 2.510839 37.206539 -53.370811
v 4.743999 38.564713 -53.781693
v 2.902708 38.564713 -53.781693
v 2.510839 37.206539 -53.370811
v 5.132003 37.206539 -53.367004
v 4.774415 38.560909 -55.714294
v 4.743999 38.564713 -53.781693
v 5.132003 37.206539 -53.367004
v 5.173888 37.206539 -56.125175
v 2.902708 38.564713 -50.000191
v 4.743999 38.564713 -49.996391
v 4.774415 38.560909 -51.932793
v 2.902708 38.560909 -51.932793
v 2.902708 38.560909 -51.932793
v 4.774415 38.560909 -51.932793
v 5.173888 37.206539 -52.343674
v 2.510839 37.206539 -52.343674
v 2.902708 38.564713 -50.000191
v 2.902708 38.560909 -51.932793
v 2.510839 37.206539 -52.343674
v 2.510839 37.206539 -49.585510
v 4.743999 38.564713 -49.996391
v 2.902708 38.564713 -50.000191
v 2.510839 37.206539 -49.585510
v 5.132003 37.206539 -49.585510
v 4.774415 38.560909 -51.932793
v 4.743999 38.564713 -49.996391
v 5.132003 37.206539 -49.585510
v 5.173888 37.206539 -52.343674
v 2.902708 38.564713 -25.036219
v 4.743999 38.564713 -25.032415
v 4.774415 38.560913 -26.968822
v 2.902708 38.560913 -26.968822
v 2.902708 38.560913 -26.968822
v 4.774415 38.560913 -26.968822
v 5.173888 37.206543 -27.379700
v 2.510839 37.206543 -27.379700
v 2.902708 38.564713 -25.036219
v 2.902708 38.560913 -26.968822
v 2.510839 37.206543 -27.379700
v 2.510839 37.206543 -24.625401
v 4.743999 38.564713 -25.032415
v 2.902708 38.564713 -25.036219
v 2.510839 37.206543 -24.625401
v 5.132003 37.206543 -24.621599
v 4.774415 38.560913 -26.968822
v 4.743999 38.564713 -25.032415
v 5.132003 37.206543 -24.621599
v 5.173888 37.206543 -27.379700
v 2.902708 38.564713 -21.559074
v 4.743999 38.564713 -21.555273
v 4.774415 38.560913 -23.491680
v 2.902708 38.560913 -23.491680
v 2.902708 38.560913 -23.491680
v 4.774415 38.560913 -23.491680
v 5.173888 37.206543 -23.902559
v 2.510839 37.206543 -23.902559
v 2.902708 38.564713 -21.559074
v 2.902708 38.560913 -23.491680
v 2.510839 37.206543 -23.902559
v 2.510839 37.206543 -21.148195
v 4.743999 38.564713 -21.555273
v 2.902708 38.564713 -21.559074
v 2.510839 37.206543 -21.148195
v 5.132003 37.206543 -21.144394
v 4.774415 38.560913 -23.491680
v 4.743999 38.564713 -21.555273
v 5.132003 37.206543 -21.144394
v 5.173888 37.206543 -23.902559
v 7.049398 35.475578 0.874987
v 15.426550 35.448959 0.989114
v 15.426550 35.152210 0.570630
v 7.049398 35.178825 0.456504
v 8.734739 40.048351 -44.160553
v 8.734739 40.048355 -31.069885
v 9.176036 39.249470 -30.396534
v 9.176036 39.340782 -44.605656
v 3.899427 39.979916 -39.819828
v 3.678779 42.361420 -39.694298
v 2.065741 42.361420 -41.246437
v 2.191273 39.979916 -41.459484
v 4.523350 39.979916 -37.579067
v 4.268420 42.361420 -37.579067
v 3.678779 42.361420 -39.694298
v 3.899427 39.979916 -39.819828
v 3.899427 39.979916 -35.342171
v 3.678779 42.361420 -35.463902
v 4.268420 42.361420 -37.579067
v 4.523350 39.979916 -37.579067
v 2.191273 39.979916 -33.702454
v 2.065741 42.365223 -33.915497
v 3.678779 42.361420 -35.463902
v 3.899427 39.979916 -35.342171
v 0.000000 42.365223 -33.382946
v 2.065741 42.365223 -33.915497
v 2.191273 39.979916 -33.702454
v 0.000000 39.979916 -33.135620
v 23.210194 17.271919 51.833878
v 22.532980 17.245306 62.505020
v 25.215038 4.413304 62.653366
v 26.044403 4.409500 51.719749
v 25.215038 4.413304 62.653366
v 22.532980 17.245306 62.505020
v 22.517773 17.850155 63.125080
v 25.321562 4.439919 63.281094
v 25.207436 -2.130160 62.687584
v 25.215038 4.413304 62.653366
v 25.321562 4.439919 63.281094
v 25.317760 -2.099681 63.315311
v 23.898754 -5.827949 62.710461
v 25.207436 -2.130160 62.687584
v 25.317760 -2.099681 63.315311
v 23.792231 -6.352956 63.338123
v 24.412355 -5.824149 51.833878
v 23.898754 -5.827949 62.710461
v 23.792231 -6.352956 63.338123
v 24.378073 -6.352956 51.282265
v 26.040602 -2.111089 51.792049
v 24.412355 -5.824149 51.833878
v 24.378073 -6.352956 51.282265
v 26.226969 -2.099683 51.236629
v 26.044403 4.409500 51.719749
v 26.040602 -2.111089 51.792049
v 26.226969 -2.099683 51.236629
v 26.234571 4.439918 51.164326
v 23.210194 17.271919 51.833878
v 26.044403 4.409500 51.719749
v 26.234571 4.439918 51.164326
v 23.274832 17.876770 51.282257
v 22.532980 17.245306 62.505020
v 23.210194 17.271919 51.833878
v 23.274832 17.876770 51.282257
v 22.517773 17.850155 63.125080
v 0.000000 42.365219 -41.779053
v 0.000000 39.979916 -42.022511
v 2.191273 39.979916 -41.459484
v 2.065741 42.361420 -41.246437
v 36.643242 25.329437 -44.944229
v 36.643242 25.329433 -71.441330
v 37.685589 26.881638 -70.456017
v 37.685589 26.881639 -46.131180
v 36.643242 25.329433 -71.441330
v 36.643242 25.329437 -44.944229
v 34.794353 26.101704 -44.944229
v 34.794353 26.101704 -71.441330
v 37.685589 26.881638 -70.456017
v 36.643242 25.329433 -71.441330
v 34.794353 26.101704 -71.441330
v 35.836693 27.653906 -70.456017
v -33.223137 -1.643188 -80.822815
v -33.223137 3.949186 -80.822815
v -33.223137 3.949183 -98.672684
v -33.223137 -1.646991 -98.665085
v -32.557388 3.949182 -113.167152
v -32.557388 -1.650796 -113.167152
v -17.575937 31.431601 -80.244583
v -17.012911 32.732677 -80.244583
v -22.072674 32.732677 -80.244583
v -18.005827 26.908253 -80.244583
v -26.481895 26.969086 -80.244583
v -30.065559 -2.141581 -112.128540
v -17.492290 -2.141581 -112.128540
v -26.984028 -8.388231 -107.685104
v 0.000000 -8.388231 -107.685104
v 0.000000 -2.141581 -112.128540
v 17.488489 -2.141581 -112.128540
v 26.984028 -8.388231 -107.685104
v 30.061760 -2.141581 -112.128540
v -29.989454 7.806731 4.063044
v -29.765005 8.799648 5.109191
v -26.675930 20.665348 5.132003
v -26.531324 21.277864 4.576580
v -29.970444 7.806730 -12.326006
v -29.745995 8.407842 -12.318401
v -27.862881 20.939289 5.424953
v -27.718275 21.814278 4.675498
v -26.531324 21.277864 4.576580
v -26.675930 20.665348 5.132003
v -30.951956 8.769232 5.432559
v -29.765005 8.799648 5.109191
v -31.176405 7.555666 4.093462
v -29.989454 7.806731 4.063044
v -31.157394 7.559467 -12.630363
v -29.970444 7.806730 -12.326006
v -26.390583 23.005028 -15.205902
v -26.200352 24.081654 -14.471655
v -27.197073 24.359333 -14.745532
v -27.486219 23.214268 -15.597707
v -29.726984 10.184433 -15.213505
v -30.913935 9.743136 -15.654802
v -29.726984 10.135004 -14.403152
v -29.726984 10.184433 -15.213505
v -30.913935 9.743136 -15.654802
v -30.917738 9.743136 -14.406956
v -26.390583 23.301783 3.096741
v -27.490023 23.271303 3.560850
v -30.065559 -2.141581 -112.128540
v -26.984028 -8.388231 -107.685104
v -27.649837 -9.156696 -103.926422
v -30.731306 -2.133975 -98.086784
v -27.649837 -9.156694 -80.244583
v -32.340542 -2.130172 -80.244583
v -27.649837 -9.156694 -46.340416
v -32.340542 -2.122505 -46.340424
v -27.649837 -9.156693 -18.104744
v -32.340542 4.436106 -80.244583
v -32.340542 -2.114897 -18.104744
v -27.649837 -9.156690 7.635303
v -32.340542 -2.111092 7.635302
v -32.340542 4.439911 -46.340424
v -32.340542 4.439913 -18.104744
v -32.340542 4.439916 7.635301
v -26.481895 26.969086 -80.244583
v -22.072674 32.732677 -80.244583
v -22.030849 32.732677 -89.489052
v -26.481895 26.969090 -46.340424
v -26.481895 26.969090 -18.104746
v -26.481895 26.969086 -98.353119
v -27.486219 23.214268 -15.597707
v -27.197073 24.359333 -14.745532
v -30.913935 9.743136 -15.654802
v -26.481895 26.969091 7.635300
v -30.917738 9.743136 -14.406956
v -27.189466 24.416430 2.925520
v -27.490023 23.271303 3.560850
v -31.157394 7.559467 -12.630363
v -30.932943 8.624687 -12.618957
v -31.176405 7.555666 4.093462
v -27.718275 21.814278 4.675498
v -27.862881 20.939289 5.424953
v -30.951956 8.769232 5.432559
v -27.577534 20.695759 -87.244484
v -31.176405 7.365428 -88.945023
v -32.355751 4.436106 -98.094452
v -27.634565 20.593037 -91.516762
v -31.157394 7.468147 -95.286865
v -27.706869 20.501787 -93.776543
v -31.161196 7.468147 -98.166695
v -27.722076 20.501785 -97.033035
v -31.145988 7.570867 -105.436737
v -28.517220 18.253418 -100.065079
v -32.344345 4.413291 -112.128540
v -27.996017 21.003916 -104.873718
v -29.787817 13.886080 -109.541611
v -29.841110 14.049634 -102.960121
v -27.425323 17.937656 -99.764526
v -26.987829 20.056688 -96.888428
v -27.722076 20.501785 -97.033035
v -28.517220 18.253418 -100.065079
v -28.338396 13.813777 -102.610138
v -29.841110 14.049634 -102.960121
v -30.232916 7.879026 -104.881317
v -31.145988 7.570867 -105.436737
v -17.606417 31.424004 -18.112350
v -17.058599 32.732681 -18.116154
v -17.035725 32.732681 -46.340424
v -17.591209 31.427803 -46.340424
v -17.012911 32.732677 -80.244583
v -17.575937 31.431601 -80.244583
v -33.223137 3.949183 -98.672684
v -33.223137 3.949186 -80.822815
v -32.340542 4.436106 -80.244583
v -32.355751 4.436106 -98.094452
v -32.557388 3.949182 -113.167152
v -32.344345 4.413291 -112.128540
v -17.469414 3.949182 -113.167152
v -32.557388 3.949182 -113.167152
v -32.344345 4.413291 -112.128540
v -17.465612 4.424697 -112.128540
v 0.000000 3.949182 -113.167152
v 0.000000 4.436104 -112.128540
v 17.465612 4.424697 -112.128540
v 17.469414 3.949182 -113.167152
v 32.344345 4.413291 -112.128540
v 32.553589 3.949182 -113.167152
v -30.731306 -2.133975 -98.086784
v -32.340542 -2.130172 -80.244583
v -33.223137 -1.643188 -80.822815
v -33.223137 -1.646991 -98.665085
v -30.065559 -2.141581 -112.128540
v -32.557388 -1.650796 -113.167152
v -17.518906 -1.650796 -113.167152
v -17.492290 -2.141581 -112.128540
v 0.000000 -2.141581 -112.128540
v 0.000000 -1.650796 -113.167152
v 17.518906 -1.650796 -113.167152
v 17.488489 -2.141581 -112.128540
v 30.061760 -2.141581 -112.128540
v 32.553589 -1.650796 -113.167152
v 33.219334 -1.646991 -98.665085
v 30.727503 -2.133975 -98.086784
v 33.219334 -1.643188 -80.822815
v 32.340542 -2.130172 -80.244583
v -19.379208 7.757296 -111.664436
v -25.816151 7.734484 -111.641632
v -24.507469 14.045832 -109.933472
v -19.379208 14.133343 -109.880180
v -23.023767 21.205555 -105.303604
v -19.379208 21.266451 -105.250366
v -19.379208 23.914227 -102.454185
v -22.468342 23.891415 -102.378082
v -4.713581 20.920269 -104.968834
v -3.956522 20.916405 -104.972626
v -4.009751 13.768089 -109.541611
v -4.713581 13.771892 -109.541611
v -4.059241 6.867099 -111.455193
v -4.713581 6.867099 -111.455193
v -17.465612 4.424697 -112.128540
v 0.000000 6.867099 -111.455193
v -10.914606 6.863296 -111.455193
v 0.000000 4.436104 -112.128540
v 17.465612 4.424697 -112.128540
v 4.055377 6.867099 -111.455193
v -11.568947 6.863296 -111.455193
v -11.519519 13.798569 -109.541611
v -10.891792 13.794765 -109.541611
v -11.470028 20.939281 -104.946022
v -10.865116 20.935478 -104.949814
v -17.446602 6.863296 -111.459000
v -18.686844 6.779587 -111.516098
v -26.656858 6.752972 -111.489418
v -32.344345 4.413291 -112.128540
v -29.787817 13.886080 -109.541611
v -25.180820 13.867006 -109.541611
v -27.996017 21.003916 -104.873718
v -23.704721 20.988708 -104.892723
v -23.061789 24.074043 -101.510696
v -26.481895 26.969086 -98.353119
v -18.686844 24.089251 -101.609612
v -17.461811 13.825183 -109.541611
v -18.686844 6.779587 -111.516098
v -18.690647 13.832788 -109.541611
v -17.412384 20.958290 -104.923203
v -18.686844 20.969696 -104.911797
v -17.861284 26.908249 -98.353119
v -16.115110 31.385914 -91.353149
v -22.030849 32.732677 -89.489052
v 0.000000 26.908249 -98.353119
v 0.000000 32.732677 -89.489052
v 0.000000 31.321278 -91.429260
v 16.115110 31.385914 -91.353149
v 22.027046 32.732677 -89.489052
v 26.478096 26.969086 -98.353119
v 17.861284 26.908249 -98.353119
v 18.686844 24.089251 -101.609612
v 23.061789 24.074043 -101.510696
v 27.992214 21.003916 -104.873718
v 23.700920 20.988708 -104.892723
v 25.180820 13.867006 -109.541611
v 29.787817 13.886080 -109.541611
v 26.656858 6.752972 -111.489418
v 32.344345 4.413291 -112.128540
v 18.686844 6.779587 -111.516098
v 17.446602 6.863296 -111.459000
v 11.568947 6.863296 -111.455193
v 17.458010 13.825183 -109.541611
v 18.686844 6.779587 -111.516098
v 18.686844 13.832788 -109.541611
v 17.408581 20.958290 -104.923203
v 18.686844 20.969696 -104.911797
v 10.914606 6.863296 -111.455193
v 11.519519 13.798569 -109.541611
v 4.713581 6.867099 -111.455193
v 10.887991 13.794765 -109.541611
v 11.470028 20.939281 -104.946022
v 10.861313 20.935478 -104.949814
v 4.713581 13.771892 -109.541611
v 4.005949 13.768089 -109.541611
v 4.713581 20.920269 -104.968834
v 3.956522 20.916405 -104.972626
v 0.000000 20.904999 -104.980240
v 4.713581 20.920269 -104.968834
v 11.470028 20.939281 -104.946022
v 10.861313 20.935478 -104.949814
v 3.956522 20.916405 -104.972626
v -4.713581 20.920269 -104.968834
v -3.956522 20.916405 -104.972626
v -11.470028 20.939281 -104.946022
v -10.865116 20.935478 -104.949814
v -10.865116 20.935478 -104.949814
v -4.713581 20.920269 -104.968834
v -4.713581 13.771892 -109.541611
v -10.891792 13.794765 -109.541611
v -4.713581 6.867099 -111.455193
v -10.914606 6.863296 -111.455193
v -17.412384 20.958290 -104.923203
v -11.470028 20.939281 -104.946022
v -11.519519 13.798569 -109.541611
v -17.461811 13.825183 -109.541611
v -11.568947 6.863296 -111.455193
v -17.446602 6.863296 -111.459000
v -18.306383 -11.058884 -102.792770
v -12.653177 -11.058884 -102.792770
v -12.653177 -11.058882 -80.244583
v -18.306383 -11.058882 -80.244583
v -12.653177 -11.058882 -61.420788
v -18.306383 -11.058882 -61.279984
v -12.653177 -11.058876 2.872293
v -18.306383 -11.058876 3.016837
v -18.306383 -11.058879 -18.104744
v -12.653177 -11.058879 -18.104744
v -18.306383 -11.058882 -46.340416
v -12.653177 -11.058882 -46.340416
v -12.653177 -11.058882 -50.974091
v -18.306383 -11.058882 -50.974091
v -19.280289 -9.156696 -103.926422
v -18.306383 -11.058884 -102.792770
v -18.306383 -11.058882 -80.244583
v -19.280289 -9.156694 -80.244583
v -18.306383 -11.058882 -61.279984
v -19.280289 -9.156694 -60.325150
v -11.679270 -9.156694 -60.465893
v -12.653177 -11.058882 -61.420788
v -12.653177 -11.058882 -80.244583
v -11.679270 -9.156694 -80.244583
v -12.653177 -11.058884 -102.792770
v -11.679270 -9.156696 -103.926422
v -12.653177 -11.058882 -50.974091
v -11.679270 -9.156694 -52.670837
v -11.679270 -9.156694 -46.340416
v -12.653177 -11.058882 -46.340416
v -11.679270 -9.156693 -18.104744
v -12.653177 -11.058879 -18.104744
v -11.679270 -9.156690 4.180974
v -12.653177 -11.058876 2.872293
v -19.280289 -9.156694 -52.670837
v -18.306383 -11.058882 -50.974091
v -18.306383 -11.058882 -46.340416
v -19.280289 -9.156694 -46.340416
v -18.306383 -11.058879 -18.104744
v -19.280289 -9.156693 -18.104744
v -18.306383 -11.058876 3.016837
v -19.280289 -9.156690 4.325518
v -18.005827 26.908260 7.635300
v -17.621624 31.424006 7.597215
v -17.606417 31.424004 -18.112350
v -18.005827 26.908257 -18.104746
v -17.591209 31.427803 -46.340424
v -18.005827 26.908255 -46.340424
v -17.575937 31.431601 -80.244583
v -18.005827 26.908253 -80.244583
v -15.479780 4.363817 112.444313
v -14.829241 3.039930 112.006821
v -15.437957 7.738302 108.411751
v -14.829241 6.859511 107.795425
v -15.396070 17.009388 93.578712
v -14.829241 16.046888 93.194435
v -15.377060 22.213692 78.467926
v -14.829241 21.258860 78.133148
v -15.361852 23.453934 70.676666
v -14.829241 22.232765 71.403313
v -13.748813 23.940857 68.481590
v -13.992275 24.888149 66.666916
v -14.570572 24.203392 66.568001
v -16.263454 29.940304 49.768135
v -15.536873 30.560427 49.775738
v -17.442801 32.021252 32.945454
v -16.693344 32.629967 32.945454
v -16.704752 32.671791 27.071535
v -17.461811 31.994638 27.056330
v -22.620491 25.820227 29.122070
v -27.611752 4.439916 29.122074
v -26.565607 5.242663 29.620464
v -21.730293 25.462580 29.521544
v -22.049862 26.288139 29.122070
v -21.730293 25.462580 32.538380
v -26.573212 5.238863 32.507900
v -27.611752 4.439917 32.937790
v -22.601480 25.839237 32.937790
v -22.049862 26.288139 32.937790
v -5.569497 31.009327 22.650908
v -14.072181 30.997917 26.500908
v -7.711343 30.997917 26.470491
v -14.068378 31.016930 21.444948
v 0.000000 31.009327 22.605282
v 0.000000 31.016930 21.380310
v 14.068378 31.016930 21.444948
v 5.569497 31.009327 22.650908
v 14.072181 30.997917 26.500908
v 7.707541 30.997917 26.470491
v -2.400515 22.171869 78.467926
v -2.879895 21.224577 78.133148
v -2.548923 21.000128 78.848381
v -2.419526 23.393038 70.779388
v -2.879895 22.198484 71.445137
v -14.829241 16.046888 93.194435
v -12.812929 16.039284 93.160233
v -12.801522 19.349070 83.577110
v -14.829241 21.258860 78.133148
v 0.000000 19.341465 83.527679
v -2.879895 22.198484 71.445137
v -14.829241 22.232765 71.403313
v -2.879895 21.224577 78.133148
v -2.548923 21.000128 78.848381
v 0.000000 21.000128 78.855980
v 2.545121 21.000128 78.848381
v 14.825439 21.258860 78.133148
v 2.879895 21.224577 78.133148
v 2.879895 22.198484 71.445137
v 14.825439 22.232765 71.403313
v 12.801522 19.349070 83.577110
v 14.825439 16.046888 93.194435
v 12.812929 16.039284 93.160233
v -12.402111 18.474081 84.185822
v -12.801522 19.349070 83.577110
v -12.812929 16.039284 93.160233
v -12.390704 14.745812 92.639015
v -12.763500 6.429621 107.799232
v -12.367829 6.810020 100.936264
v -12.390704 14.745812 92.639015
v -10.054827 14.734406 92.654228
v -10.032014 18.047993 84.885788
v -12.402111 18.474081 84.185822
v -1.472297 18.051794 84.874382
v -1.495110 14.665968 92.718925
v 0.000000 14.654561 92.726532
v 0.000000 18.432257 84.242920
v 0.000000 18.466476 84.185822
v 12.402111 18.474081 84.185822
v 1.472297 18.051794 84.874382
v 1.495110 14.665968 92.718925
v 10.032014 18.047993 84.885788
v 12.386903 14.745812 92.639015
v 10.051023 14.734406 92.654228
v -10.009201 7.913261 99.855835
v -10.054827 14.734406 92.654228
v -12.390704 14.745812 92.639015
v -12.367829 6.810020 100.936264
v -1.594027 7.905656 99.905258
v 0.000000 6.867114 100.833549
v 0.000000 14.654561 92.726532
v -1.495110 14.665968 92.718925
v 0.000000 6.950761 100.757439
v 1.590225 7.905656 99.905258
v 1.495110 14.665968 92.718925
v 12.364027 6.810020 100.936264
v 10.005398 7.913261 99.855835
v 12.386903 14.745812 92.639015
v 10.051023 14.734406 92.654228
v -1.495110 14.665968 92.718925
v -1.472297 18.051794 84.874382
v -1.472297 17.188213 84.376060
v -1.495110 13.806189 92.224342
v -1.594027 7.905656 99.905258
v -1.594027 7.045877 99.406937
v -10.054827 13.874626 92.155899
v -10.032014 17.188213 84.387451
v -10.032014 18.047993 84.885788
v -10.054827 14.734406 92.654228
v -10.009201 7.053481 99.361252
v -10.009201 7.913261 99.855835
v -16.012390 -12.063196 68.405487
v -15.316225 -12.063196 72.765221
v -17.792784 -9.156685 75.610901
v -18.911295 -9.156685 68.405487
v -16.571613 -12.055590 43.521427
v -19.474321 -9.156687 41.851353
v -17.454206 31.435413 20.509127
v -17.830866 26.227304 20.509127
v -14.536290 26.227304 21.444948
v -14.068378 31.016930 21.444948
v -16.689543 32.702209 20.509125
v 0.000000 32.702209 20.509125
v 0.000000 31.016930 21.380310
v 14.068378 31.016930 21.444948
v 16.689543 32.702209 20.509125
v 17.450405 31.435413 20.509127
v 14.536290 26.227304 21.444948
v 17.827066 26.227304 20.509127
v -21.285194 -7.071934 12.626563
v -24.229727 -2.111092 12.626563
v -24.229727 4.439916 12.626562
v -20.212372 24.020760 12.626561
v -15.894461 24.020760 12.626561
v -24.043297 -8.639347 13.474937
v -23.293840 -9.156687 13.474937
v -23.293840 -9.156687 32.937794
v -24.039495 -8.597462 32.937794
v -22.251495 -9.156685 68.375076
v -22.803118 -8.631740 68.378876
v -21.840620 -9.152882 78.566841
v -22.358019 -8.681169 78.566841
v -21.479229 -9.152880 87.914032
v -21.962347 -8.726854 87.902618
v -19.044432 -5.702417 106.456337
v -19.519947 -5.337162 106.460144
v -17.469414 -2.080667 116.473076
v -16.894983 -2.080667 117.112206
v -17.374363 -0.246981 116.427452
v -16.894983 -0.186146 116.990479
v -17.944994 4.420912 111.869881
v -17.359091 4.417109 112.311172
v -18.329195 7.593696 108.149216
v -17.811855 7.745905 108.347054
v -18.968327 17.009388 93.578712
v -19.497135 16.731709 93.388474
v -20.474844 21.924608 78.467926
v -19.968912 22.225161 78.467926
v -20.486250 23.925648 68.470184
v -20.992243 23.628958 68.470184
v -22.601480 25.839237 32.937790
v -22.049862 26.288139 32.937790
v -16.263454 29.940304 49.768135
v -16.457487 25.496862 49.733917
v -14.570572 24.203392 66.568001
v -17.792784 26.269129 32.937790
v -17.442801 32.021252 32.945454
v -17.461811 31.994638 27.056330
v -17.834669 26.227304 26.991632
v -26.428604 4.439916 7.635301
v -26.428604 -2.111092 7.635302
v -26.428604 -2.111092 12.626563
v -26.428604 4.439916 12.626562
v -20.395000 23.640358 7.635300
v -20.395000 23.640362 12.626561
v -26.428604 4.439916 12.626562
v -26.428604 -2.111092 12.626563
v -23.484074 -7.071934 12.626563
v -20.395000 23.640362 12.626561
v -17.480885 23.640362 12.626561
v -23.484074 -7.071936 7.635302
v -26.428604 -2.111092 7.635302
v -26.428604 4.439916 7.635301
v -20.395000 23.640358 7.635300
v -17.480885 23.640358 7.635300
v -69.717972 -1.000249 -31.206825
v -69.717972 -1.000249 -12.771103
v -67.888092 0.011678 -12.771103
v -67.907166 0.011678 -31.206825
v -69.717972 -1.000252 -51.601822
v -67.933777 0.011675 -51.601822
v -69.717972 -1.000254 -71.057137
v -67.956589 0.011674 -71.057137
v -69.717972 -1.000254 -86.297188
v -67.975601 0.011672 -86.323860
v -68.158226 -1.144798 -101.339478
v -66.313141 -0.300289 -101.339478
v -65.038673 -0.642667 -107.833511
v -66.693527 -1.190486 -107.833511
v -65.712021 -1.194289 -109.145996
v -66.693527 -1.190486 -107.833511
v -65.038673 -0.642667 -107.833511
v -60.481102 -1.194289 -109.130722
v -60.481102 -0.642667 -107.818237
v -55.919731 -0.642667 -107.833511
v -55.246384 -1.194289 -109.145996
v -54.264870 -1.190486 -107.833511
v -67.629417 -0.555151 2.339683
v -66.290314 -0.555151 2.339683
v -65.826149 0.011679 2.012512
v -67.929977 0.011679 2.012512
v -69.097916 -1.506243 2.339683
v -69.717972 -1.000247 2.016315
v -69.097916 -3.130689 2.339683
v -69.097916 -5.162208 2.339683
v -69.721771 -5.162208 2.016315
v -69.717972 -9.320305 2.016315
v -69.097916 -7.189865 2.339683
v -69.097916 -8.818113 2.339683
v -67.929977 -10.336035 2.012513
v -67.629417 -9.769206 2.339684
v -65.826149 -10.336035 2.012513
v -66.290314 -9.769206 2.339684
v -65.799530 0.011679 -0.559223
v -66.305527 -0.555151 -0.844570
v -67.739746 -0.555151 -0.836966
v -67.987007 0.011679 -0.559223
v -69.097916 -1.506243 -0.829361
v -69.717972 -1.000247 -0.555421
v -69.721771 -5.162208 -0.559223
v -69.097916 -5.162208 -0.829361
v -69.097916 -8.818113 -0.829361
v -69.717972 -9.320305 -0.559223
v -67.987007 -10.336035 -0.559223
v -67.739746 -9.769206 -0.836965
v -65.799530 -10.336035 -0.559223
v -66.305527 -9.769206 -0.844569
v -67.739746 -0.555151 -0.836966
v -66.305527 -0.555151 -0.844570
v -66.347359 -0.555151 -3.572255
v -67.792976 -0.555151 -3.568453
v -69.097916 -1.506243 -0.829361
v -69.097916 -1.506243 -3.564651
v -69.097916 -5.162208 -0.829361
v -69.097916 -5.162208 -3.564651
v -69.097916 -8.818113 -3.564651
v -69.097916 -8.818113 -0.829361
v -67.792976 -9.769206 -3.568452
v -67.739746 -9.769206 -0.836965
v -66.347359 -9.769206 -3.572254
v -66.305527 -9.769206 -0.844569
v -65.753906 0.011679 4.835313
v -65.826149 0.011679 2.012512
v -66.290314 -0.555151 2.339683
v -66.290314 -0.555151 5.002669
v -64.563156 0.011679 6.212432
v -64.913139 -0.555151 6.592895
v -63.075653 0.011679 7.018982
v -63.220196 -0.555151 7.475488
v -60.481102 -0.555151 7.722751
v -60.481102 0.011679 7.270048
v -57.882751 0.011679 7.018982
v -57.742012 -0.555151 7.475488
v -56.045265 -0.555151 6.592895
v -56.395245 0.011679 6.212432
v -54.668083 -0.555151 5.002669
v -55.204491 0.011679 4.835313
v -54.668083 -0.555151 2.339683
v -55.132256 0.011679 2.012512
v -67.732147 -0.460033 -8.388556
v -67.735939 -0.467639 -12.101554
v -68.960915 -1.342628 -12.101554
v -68.960915 -1.342628 -8.388556
v -68.964706 -5.162208 -12.101554
v -68.964706 -5.162208 -8.388556
v -68.960915 -8.981729 -8.388556
v -68.960915 -8.981729 -12.101554
v -67.732147 -9.860518 -8.388556
v -67.735939 -9.856718 -12.101554
v -69.721771 -2.921448 -51.601822
v -69.721771 -2.925253 -71.057137
v -69.139740 -3.393164 -70.600563
v -69.139740 -3.389361 -51.601822
v -69.721771 -2.921445 -31.184010
v -69.139740 -3.389359 -31.184010
v -69.135941 -2.415454 -24.237329
v -69.721771 -1.947541 -24.237329
v -69.139740 -2.415454 -16.130316
v -69.721771 -1.947541 -15.757521
v -67.888092 -10.336037 -12.771103
v -69.717972 -9.320307 -12.771103
v -69.717972 -9.320307 -31.206820
v -67.907166 -10.336037 -31.206820
v -69.717972 -9.320309 -51.601814
v -67.933777 -10.336039 -51.601814
v -69.717972 -9.320312 -71.057137
v -67.956589 -10.336041 -71.057137
v -69.717972 -9.320314 -86.297188
v -67.975601 -10.336041 -86.323860
v -68.158226 -9.179571 -101.339478
v -66.313141 -10.020277 -101.339478
v -65.038673 -9.681704 -107.833511
v -66.693527 -9.133884 -107.833511
v -66.693527 -9.133884 -107.833511
v -65.712021 -9.130082 -109.145996
v -65.038673 -9.681704 -107.833511
v -60.481102 -9.130082 -109.130722
v -60.481102 -9.681704 -107.818237
v -55.919731 -9.681704 -107.833511
v -55.246384 -9.130082 -109.145996
v -54.264870 -9.133884 -107.833511
v -66.290314 -9.769206 2.339684
v -65.826149 -10.336035 2.012513
v -65.753906 -10.336035 4.835314
v -66.290314 -9.769206 5.002670
v -64.563156 -10.336035 6.212433
v -64.913139 -9.769206 6.592896
v -63.075653 -10.336035 7.018983
v -63.220196 -9.769206 7.475488
v -60.481102 -9.769206 7.722752
v -60.481102 -10.336035 7.270048
v -57.882751 -10.336035 7.018983
v -57.742012 -9.769206 7.475488
v -56.045265 -9.769206 6.592896
v -56.395245 -10.336035 6.212433
v -54.668083 -9.769206 5.002670
v -55.204491 -10.336035 4.835314
v -54.668083 -9.769206 2.339684
v -55.132256 -10.336035 2.012513
v -69.139740 -6.931202 -70.600563
v -69.721771 -7.399113 -71.057137
v -69.721771 -7.399113 -51.601814
v -69.139740 -6.931200 -51.601814
v -69.721771 -7.402914 -31.184006
v -69.139740 -6.935000 -31.184006
v -69.135941 -7.908907 -24.237329
v -69.721771 -8.376820 -24.237329
v -69.139740 -7.905107 -16.130316
v -69.721771 -8.376820 -15.757521
v -61.983814 -10.336041 -86.407578
v -61.481625 -9.693108 -85.878769
v -62.387093 -9.693108 -71.038063
v -62.919636 -10.336041 -71.057137
v -62.520226 -9.693106 -51.598015
v -63.052841 -10.336039 -51.601814
v -62.596268 -9.693106 -40.226902
v -63.132683 -10.336039 -40.276333
v -64.251190 -9.693103 -31.161194
v -64.783806 -10.336037 -31.206820
v -66.096291 0.011678 -12.763499
v -65.118576 1.240515 -13.809710
v -65.137589 1.240515 -31.203020
v -66.115295 0.011678 -31.199219
v -65.164200 1.240512 -51.601822
v -66.141914 0.011675 -51.594219
v -65.190819 1.240511 -71.053329
v -66.164719 0.011674 -71.049530
v -65.209892 1.240509 -86.320068
v -66.187599 0.011672 -86.316261
v -63.547367 0.932349 -100.624306
v -64.521271 -0.300289 -101.331871
v -60.481102 0.011678 -31.206825
v -60.481102 0.011678 -12.771103
v -60.481102 1.240515 -13.821115
v -60.469696 1.240515 -31.210625
v -60.462093 0.011675 -51.601822
v -60.481102 1.240512 -51.609425
v -60.477299 0.011674 -71.057137
v -60.462093 1.240511 -71.060936
v -60.473499 0.011672 -86.426590
v -60.484905 1.240509 -86.430389
v -60.481102 -0.300289 -101.339478
v -60.481102 0.932349 -100.631905
v -69.307091 -1.342628 -8.247753
v -68.960915 -1.342628 -8.388556
v -68.964706 -5.162208 -8.388556
v -69.310959 -5.162208 -8.247753
v -68.960915 -8.981729 -8.388556
v -69.307091 -8.981729 -8.247753
v -69.307091 -8.981729 -12.242296
v -68.960915 -8.981729 -12.101554
v -68.964706 -5.162208 -12.101554
v -69.310959 -5.162208 -12.242296
v -68.960915 -1.342628 -12.101554
v -69.307091 -1.342628 -12.242296
v -53.070255 0.011678 -12.771103
v -51.240429 -1.000249 -12.771103
v -51.240429 -1.000249 -31.206825
v -53.051243 0.011678 -31.206825
v -51.240429 -1.000252 -51.601822
v -53.028431 0.011675 -51.601822
v -51.240429 -1.000254 -71.057137
v -53.001816 0.011674 -71.057137
v -51.240429 -1.000254 -86.297188
v -52.982803 0.011672 -86.323860
v -52.800179 -1.144798 -101.339478
v -54.645271 -0.300289 -101.339478
v -55.919731 -0.642667 -107.833511
v -54.264870 -1.190486 -107.833511
v -55.132256 0.011679 2.012512
v -54.668083 -0.555151 2.339683
v -53.328987 -0.555151 2.339683
v -53.028431 0.011679 2.012512
v -51.860489 -1.506243 2.339683
v -51.240429 -1.000247 2.016315
v -51.860489 -3.130689 2.339683
v -51.860489 -5.162208 2.339683
v -51.236629 -5.162208 2.016315
v -51.240429 -9.320305 2.016315
v -51.860489 -7.189865 2.339683
v -51.860489 -8.818113 2.339683
v -53.028431 -10.336035 2.012513
v -53.328987 -9.769206 2.339684
v -55.132256 -10.336035 2.012513
v -54.668083 -9.769206 2.339684
v -53.222466 -0.555151 -0.836966
v -54.656673 -0.555151 -0.844570
v -55.158875 0.011679 -0.559223
v -52.975201 0.011679 -0.559223
v -51.860489 -1.506243 -0.829361
v -51.240429 -1.000247 -0.559223
v -51.236629 -5.162208 -0.559223
v -51.860489 -5.162208 -0.829361
v -51.860489 -8.818113 -0.829361
v -51.240429 -9.320305 -0.559223
v -52.975201 -10.336035 -0.559223
v -53.222466 -9.769206 -0.836965
v -55.158875 -10.336035 -0.559223
v -54.656673 -9.769206 -0.844569
v -54.611053 -0.555151 -3.572255
v -54.656673 -0.555151 -0.844570
v -53.222466 -0.555151 -0.836966
v -53.169170 -0.555151 -3.568453
v -51.860489 -1.506243 -0.829361
v -51.860489 -1.506243 -3.564651
v -51.860489 -5.162208 -0.829361
v -51.860489 -5.162208 -3.564651
v -51.860489 -8.818113 -3.564651
v -51.860489 -8.818113 -0.829361
v -53.169170 -9.769206 -3.568452
v -53.222466 -9.769206 -0.836965
v -54.611053 -9.769206 -3.572254
v -54.656673 -9.769206 -0.844569
v -52.001297 -1.342628 -12.101554
v -53.226265 -0.467639 -12.101554
v -53.226265 -0.460033 -8.388556
v -52.001297 -1.342628 -8.388556
v -51.997490 -5.162208 -12.101554
v -51.997490 -5.162208 -8.388556
v -52.001297 -8.981729 -8.388556
v -52.001297 -8.981729 -12.101554
v -53.226265 -9.860518 -8.388556
v -53.226265 -9.856718 -12.101554
v -51.822472 -3.393164 -70.600563
v -51.236629 -2.925253 -71.057137
v -51.236629 -2.921448 -51.601822
v -51.818665 -3.389361 -51.601822
v -51.236629 -2.921445 -31.184010
v -51.818665 -3.389359 -31.184010
v -51.822472 -2.415454 -24.237329
v -51.240429 -1.947541 -24.237329
v -51.822472 -2.415454 -16.130316
v -51.240429 -1.947541 -15.757521
v -51.240429 -9.320307 -31.206820
v -51.240429 -9.320307 -12.771103
v -53.070255 -10.336037 -12.771103
v -53.051243 -10.336037 -31.206820
v -51.240429 -9.320309 -51.601814
v -53.028431 -10.336039 -51.601814
v -51.240429 -9.320312 -71.057137
v -53.001816 -10.336041 -71.057137
v -51.240429 -9.320314 -86.297188
v -52.982803 -10.336041 -86.323860
v -52.800179 -9.179571 -101.339478
v -54.645271 -10.020277 -101.339478
v -55.919731 -9.681704 -107.833511
v -54.264870 -9.133884 -107.833511
v -51.240429 -9.320307 -12.771103
v -51.651249 -8.981729 -12.242296
v -53.252876 -10.100179 -12.242296
v -53.070255 -10.336037 -12.771103
v -60.481102 -10.100179 -12.242296
v -60.481102 -10.336037 -12.771103
v -67.888092 -10.336037 -12.771103
v -67.705528 -10.100179 -12.242296
v -69.717972 -9.320307 -12.771103
v -69.307091 -8.981729 -12.242296
v -69.721771 -5.162210 -12.771103
v -69.310959 -5.162208 -12.242296
v -69.307091 -1.342628 -12.242296
v -69.717972 -1.000249 -12.771103
v -67.705528 -0.224177 -12.242296
v -67.888092 0.011678 -12.771103
v -60.481102 -0.224177 -12.242296
v -60.481102 0.011678 -12.771103
v -53.070255 0.011678 -12.771103
v -53.252876 -0.224177 -12.242296
v -51.240429 -1.000249 -12.771103
v -51.651249 -1.342628 -12.242296
v -51.236629 -5.162210 -12.771103
v -51.647446 -5.162208 -12.242296
v -51.651249 -8.981729 -12.242296
v -51.240429 -9.320307 -12.771103
v -51.651249 -8.981729 -8.247753
v -51.240429 -9.327909 -7.738018
v -53.077919 -10.343639 -7.738018
v -53.256680 -10.107784 -8.247753
v -60.481102 -10.343639 -7.738018
v -60.481102 -10.107784 -8.247753
v -67.701721 -10.107784 -8.247753
v -67.880486 -10.343639 -7.738018
v -69.307091 -8.981729 -8.247753
v -69.717972 -9.327909 -7.738018
v -69.310959 -5.162208 -8.247753
v -69.721771 -5.162208 -7.738018
v -69.717972 -0.996444 -7.738019
v -69.307091 -1.342628 -8.247753
v -67.880486 0.019284 -7.738019
v -67.701721 -0.216572 -8.247753
v -60.481102 0.019284 -7.738019
v -60.481102 -0.216572 -8.247753
v -53.256680 -0.216572 -8.247753
v -53.077919 0.019284 -7.738019
v -51.651249 -1.342628 -8.247753
v -51.240429 -0.996444 -7.738019
v -51.647446 -5.162208 -8.247753
v -51.236629 -5.162208 -7.738018
v -51.240429 -9.327909 -7.738018
v -51.651249 -8.981729 -8.247753
v -51.236629 -7.399113 -51.601814
v -51.236629 -7.399113 -71.057137
v -51.822472 -6.931202 -70.600563
v -51.818665 -6.931200 -51.601814
v -51.236629 -7.402914 -31.184006
v -51.818665 -6.935000 -31.184006
v -51.822472 -7.908907 -24.237329
v -51.240429 -8.376820 -24.237329
v -51.822472 -7.905107 -16.130316
v -51.240429 -8.376820 -15.757521
v -58.571316 -9.693108 -71.038063
v -59.480587 -9.693108 -85.878769
v -58.974586 -10.336041 -86.407578
v -58.038704 -10.336041 -71.057137
v -58.441978 -9.693106 -51.598015
v -57.905563 -10.336039 -51.601814
v -58.362068 -9.693106 -40.226902
v -57.829460 -10.336039 -40.276333
v -56.711010 -9.693103 -31.161194
v -56.174599 -10.336037 -31.206820
v -55.820816 1.240515 -31.203020
v -55.839825 1.240515 -13.809710
v -54.862118 0.011678 -12.763499
v -54.843105 0.011678 -31.199219
v -55.794201 1.240512 -51.601822
v -54.816490 0.011675 -51.594219
v -55.771324 1.240511 -71.053329
v -54.793617 0.011674 -71.049530
v -55.752312 1.240509 -86.320068
v -54.774605 0.011672 -86.316261
v -57.414841 0.932349 -100.624306
v -56.437134 -0.300289 -101.331871
v -60.481102 1.240515 -13.821115
v -60.481102 0.011678 -12.771103
v -60.481102 0.011678 -31.206825
v -60.469696 1.240515 -31.210625
v -60.462093 0.011675 -51.601822
v -60.481102 1.240512 -51.609425
v -60.477299 0.011674 -71.057137
v -60.462093 1.240511 -71.060936
v -60.473499 0.011672 -86.426590
v -60.484905 1.240509 -86.430389
v -60.481102 -0.300289 -101.339478
v -60.481102 0.932349 -100.631905
v -51.997490 -5.162208 -8.388556
v -52.001297 -1.342628 -8.388556
v -51.651249 -1.342628 -8.247753
v -51.647446 -5.162208 -8.247753
v -52.001297 -8.981729 -8.388556
v -51.651249 -8.981729 -8.247753
v -51.997490 -5.162208 -12.101554
v -52.001297 -8.981729 -12.101554
v -51.651249 -8.981729 -12.242296
v -51.647446 -5.162208 -12.242296
v -52.001297 -1.342628 -12.101554
v -51.651249 -1.342628 -12.242296
v -62.409901 2.667123 -19.539021
v -62.497414 -0.791008 -19.535217
v -61.941933 -0.791008 -18.363474
v -61.785980 2.667123 -18.367277
v -61.040329 7.551863 -19.539021
v -60.321289 7.555665 -18.367279
v -58.506680 10.290956 -18.241747
v -59.024014 10.789345 -19.402020
v -58.259354 10.576302 -18.230341
v -57.852333 11.938211 -19.318373
v -57.266434 11.709959 -18.146631
v -53.401291 16.309414 -19.006411
v -53.020824 15.955629 -17.834669
v -51.921387 17.762638 -18.899891
v -51.521915 17.313738 -17.728148
v -46.952938 20.924076 -17.142246
v -47.238289 21.536531 -18.313988
v -41.767639 24.207188 -16.305340
v -42.018707 24.827309 -17.477083
v -36.654655 27.296261 -15.125996
v -36.879101 27.939196 -16.297737
v -31.876432 29.369669 -13.684177
v -32.222614 30.290283 -14.863461
v -30.514460 30.153343 -13.258090
v -30.811214 31.005520 -14.429770
v -27.748692 31.907124 -12.478155
v -27.421522 31.169073 -11.306476
v -21.338427 33.116886 -6.071691
v -21.338427 32.196274 -4.899949
v -15.955296 33.116886 -5.794010
v -15.955296 32.123970 -4.622269
v -61.941933 -0.791008 -18.363474
v -62.497414 -0.791008 -19.535217
v -62.497414 -0.791008 -29.932421
v -59.005005 -0.791008 -18.363474
v -62.497414 -0.791011 -45.811615
v -62.497414 -0.791013 -88.100464
v -61.812595 -0.791013 -89.603180
v -59.005005 -0.791013 -89.603180
v -59.005005 -0.791013 -89.603180
v -61.812595 -0.791013 -89.603180
v -61.542519 2.663318 -85.289070
v -58.769146 2.655712 -85.289070
v -60.233841 7.574672 -75.907593
v -57.555580 7.567067 -75.785858
v -58.000679 10.610518 -64.726715
v -56.041466 9.876269 -64.726715
v -45.674675 18.173513 -71.235893
v -49.943157 15.544746 -64.726715
v -51.358360 16.967554 -64.726715
v -46.812195 20.581635 -71.235893
v -40.584492 21.308277 -74.857643
v -41.801865 23.777292 -74.857643
v -35.437286 24.138680 -77.106010
v -36.384514 26.976753 -77.106010
v -29.133476 26.272923 -79.122253
v -30.172083 29.970713 -79.122253
v -21.026463 27.710938 -79.742386
v -21.026463 31.644646 -79.742386
v -15.997182 31.606564 -79.708160
v -15.997182 27.710938 -79.708160
v -32.310127 30.252262 -23.301447
v -32.222614 30.290283 -14.863461
v -30.811214 31.005520 -14.429770
v -30.796005 31.024529 -29.932423
v -35.030209 28.878881 -23.236811
v -35.174747 28.810383 -29.932423
v -61.405582 2.708945 -44.502937
v -61.405582 2.587216 -31.241104
v -60.028400 6.867105 -31.241104
v -60.028400 6.874708 -44.502937
v -58.190914 10.119796 -31.241104
v -58.179508 10.127399 -44.502937
v -56.387642 12.067606 -44.502937
v -56.459946 12.014315 -31.241104
v -50.894188 17.005577 -44.502937
v -50.890385 17.047462 -31.237305
v -46.789322 20.444698 -31.237305
v -46.789322 20.444696 -44.502937
v -41.577412 23.697388 -31.237305
v -41.581215 23.651762 -44.502937
v -36.414993 26.866432 -31.237305
v -36.395920 26.889244 -44.502937
v -31.172604 29.209852 -31.237305
v -31.161196 29.228863 -44.502937
v -50.890385 17.047462 -31.237305
v -51.921387 17.732222 -29.932423
v -47.238289 21.536531 -29.932423
v -46.789322 20.444698 -31.237305
v -42.026314 24.789223 -29.932423
v -41.577412 23.697388 -31.237305
v -36.863895 27.958267 -29.932423
v -36.414993 26.866432 -31.237305
v -35.174747 28.810383 -29.932423
v -30.796005 31.024529 -29.932423
v -31.172604 29.209852 -31.237305
v -51.925194 17.690395 -45.811615
v -50.894188 17.005577 -44.502937
v -46.789322 20.444696 -44.502937
v -47.238289 21.536531 -45.811615
v -41.581215 23.651762 -44.502937
v -42.030113 24.739796 -45.811615
v -36.395920 26.889244 -44.502937
v -36.844883 27.981079 -45.811615
v -31.161196 29.228863 -44.502937
v -30.784597 31.039736 -45.811615
v -61.405582 2.587216 -31.241104
v -62.409901 2.667123 -29.932421
v -61.040329 7.559466 -29.932423
v -60.028400 6.867105 -31.241104
v -59.012608 10.796948 -29.932423
v -58.190914 10.119796 -31.241104
v -56.676792 13.079536 -29.932423
v -56.459946 12.014315 -31.241104
v -62.409901 2.667122 -45.811615
v -61.405582 2.708945 -44.502937
v -60.028400 6.874708 -44.502937
v -61.040329 7.567068 -45.811615
v -58.179508 10.127399 -44.502937
v -59.001202 10.804552 -45.811615
v -56.387642 12.067606 -44.502937
v -56.604485 13.136629 -45.811615
v -15.970566 33.116882 -29.932425
v -15.955296 33.116886 -5.794010
v -15.955296 32.123970 -4.622269
v -15.955296 27.710943 -4.622268
v -15.978170 33.116882 -45.811615
v -15.997182 27.710938 -79.708160
v -15.997182 31.606564 -79.708160
v -15.997182 33.116882 -78.361404
v -32.013374 2.689935 -21.056942
v -32.013374 2.689933 -61.489227
v -25.580233 27.052795 -61.489227
v -31.629107 4.679571 -21.056942
v -25.580233 27.052801 -21.056942
v -32.774235 19.603928 -22.221016
v -34.147614 21.437614 -22.221016
v -39.260605 19.322447 -22.221016
v -35.262260 7.209483 -22.221016
v -48.360538 13.627356 -22.221016
v -41.257843 4.671967 -21.056942
v -42.246964 2.678529 -21.056942
v -32.013374 2.689935 -21.056942
v -35.597034 4.664363 -21.056942
v -31.629107 4.679571 -21.056942
v -35.072029 6.539935 -21.056942
v -25.580233 27.052801 -21.056942
v -49.224121 13.509426 -21.056942
v -32.367157 20.014809 -21.056942
v -50.662136 12.649646 -21.056942
v -33.862267 22.008308 -21.056942
v -49.943157 15.544749 -21.056942
v -55.995834 9.952377 -21.056942
v -45.674675 18.173517 -21.056942
v -55.006660 7.646978 -21.056942
v -39.416557 19.706648 -21.056942
v -57.555580 7.567071 -21.056942
v -58.286026 4.690977 -21.056942
v -56.231693 4.690977 -21.056942
v -56.657784 2.655716 -21.056942
v -58.765343 2.655716 -21.056942
v -35.494316 24.074049 -21.056942
v -40.584492 21.300676 -21.056942
v -29.156288 26.257717 -21.056942
v -55.520256 4.957314 -22.221016
v -55.915932 3.070399 -22.221016
v -51.769176 3.078002 -22.221016
v -50.677341 4.953511 -22.221016
v -54.576767 7.449142 -22.221016
v -46.085552 4.945908 -22.221016
v -50.555611 12.132244 -22.221016
v -41.824738 4.942105 -22.221016
v -36.962811 4.934501 -22.221016
v -42.741547 3.089409 -22.221016
v -45.355110 3.085606 -22.221016
v -39.348114 18.641426 -59.929482
v -35.764454 20.429487 -59.929482
v -33.668236 19.908283 -59.929482
v -33.683441 10.968103 -59.929482
v -43.445381 16.088764 -59.929482
v -48.223595 12.524111 -59.929482
v -49.452370 10.793144 -59.929482
v -35.471500 21.159933 -61.489227
v -35.764454 20.429487 -59.929482
v -39.348114 18.641426 -59.929482
v -39.568768 19.280558 -61.489227
v -43.445381 16.088764 -59.929482
v -43.833385 16.659395 -61.489227
v -48.223595 12.524111 -59.929482
v -48.645882 12.942595 -61.489227
v -51.925194 16.423538 -64.726715
v -51.358360 16.967554 -64.726715
v -49.943157 15.544746 -64.726715
v -56.041466 9.876269 -64.726715
v -57.483276 11.105106 -64.726715
v -58.000679 10.610518 -64.726715
v -51.491501 17.325142 -40.112782
v -51.491501 17.340351 -35.444889
v -47.177387 21.072422 -35.444889
v -47.177387 21.072422 -40.112782
v -41.965481 24.309904 -35.444889
v -41.969280 24.294697 -40.112782
v -36.799194 27.501698 -35.444889
v -36.791588 27.509304 -40.112782
v -30.887257 30.016403 -35.444889
v -30.879652 30.024010 -40.112782
v -56.551262 12.805594 -35.444889
v -56.524582 12.824667 -40.112782
v -58.833847 10.469778 -40.112782
v -58.841454 10.469778 -35.444889
v -60.678940 7.217087 -40.112782
v -60.678940 7.213285 -35.444889
v -62.208267 2.636704 -40.112782
v -62.208267 2.591019 -35.444889
v -31.168800 29.217457 -35.444889
v -30.887257 30.016403 -35.444889
v -36.799194 27.501698 -35.444889
v -36.407326 26.874037 -35.444889
v -41.965481 24.309904 -35.444889
v -41.577412 23.682178 -35.444889
v -47.177387 21.072422 -35.444889
v -46.789322 20.444696 -35.444889
v -51.491501 17.340351 -35.444889
v -50.890385 17.032253 -35.444889
v -50.894188 17.016983 -40.112782
v -51.491501 17.325142 -40.112782
v -47.177387 21.072422 -40.112782
v -46.789322 20.444696 -40.112782
v -41.969280 24.294697 -40.112782
v -41.581215 23.666971 -40.112782
v -36.791588 27.509304 -40.112782
v -36.403522 26.881639 -40.112782
v -30.879652 30.024010 -40.112782
v -31.164999 29.221258 -40.112782
v -56.437134 12.029524 -35.444889
v -56.551262 12.805594 -35.444889
v -58.841454 10.469778 -35.444889
v -58.187111 10.123596 -35.444889
v -60.678940 7.213285 -35.444889
v -60.028400 6.867105 -35.444889
v -62.208267 2.591019 -35.444889
v -61.405582 2.625237 -35.444889
v -61.405582 2.667122 -40.112782
v -62.208267 2.636704 -40.112782
v -60.678940 7.217087 -40.112782
v -60.028400 6.870906 -40.112782
v -58.833847 10.469778 -40.112782
v -58.183308 10.123596 -40.112782
v -56.524582 12.824667 -40.112782
v -56.410454 12.048534 -40.112782
v -21.338427 27.710943 -4.899949
v -15.955296 27.710943 -4.622268
v -15.955296 32.123970 -4.622269
v -21.338427 32.196274 -4.899949
v -25.580233 27.052801 -11.306476
v -27.421522 31.169073 -11.306476
v -29.160156 26.257721 -13.258090
v -30.514460 30.153343 -13.258090
v -31.876432 29.369669 -13.684177
v -30.522064 25.782143 -13.657501
v -36.654655 27.296261 -15.125996
v -35.501923 24.054976 -15.125995
v -41.767639 24.207188 -16.305340
v -40.584492 21.308281 -16.305340
v -46.952938 20.924076 -17.142246
v -45.674675 18.173519 -17.142246
v -51.521915 17.313738 -17.728148
v -49.943157 15.544749 -17.728148
v -51.263245 14.323580 -17.838470
v -53.020824 15.955629 -17.834669
v -55.040939 10.838774 -18.150433
v -57.266434 11.709959 -18.146631
v -56.003441 9.948577 -18.230341
v -58.259354 10.576302 -18.230341
v -57.555580 7.567072 -18.367279
v -58.506680 10.290956 -18.241747
v -60.321289 7.555665 -18.367279
v -58.765343 2.655716 -18.367277
v -61.785980 2.667123 -18.367277
v -59.005005 -0.791008 -18.363474
v -61.941933 -0.791008 -18.363474
v -61.812595 -0.791013 -89.603180
v -62.497414 -0.791013 -88.100464
v -62.409901 2.667120 -83.786354
v -61.542519 2.663318 -85.289070
v -61.040329 7.582276 -74.469574
v -60.233841 7.574672 -75.907593
v -58.985992 10.812155 -63.227802
v -58.000679 10.610518 -64.726715
v -57.483276 11.105106 -64.726715
v -58.061577 11.706154 -63.227802
v -52.910503 16.697414 -63.227802
v -51.925194 16.423538 -64.726715
v -51.358360 16.967554 -64.726715
v -51.925194 17.648508 -63.227802
v -46.812195 20.581635 -71.235893
v -47.238289 21.536530 -69.733185
v -41.801865 23.777292 -74.857643
v -42.041584 24.667490 -73.354927
v -36.384514 26.976753 -77.106010
v -36.814407 28.022900 -75.603302
v -30.172083 29.970713 -79.122253
v -30.761723 31.070152 -77.623352
v -21.026463 31.644646 -79.742386
v -21.026463 33.116882 -78.239670
v -15.997182 33.116882 -78.361404
v -15.997182 31.606564 -79.708160
v -16.149328 32.363628 5.672216
v -15.430351 35.152210 0.570630
v -16.255852 32.428326 0.578234
v -15.224913 37.769573 -6.794532
v -16.305340 32.454941 -6.745042
v -16.335756 32.466351 -18.119957
v -15.205902 39.066845 -18.119957
v -15.205902 39.078251 -19.995527
v -15.959159 34.916351 -19.995527
v -16.347164 32.470150 -19.995527
v -16.027597 34.977184 -25.188427
v -16.453686 32.527241 -25.158009
v -16.598228 32.610950 -49.908875
v -16.149328 35.079903 -49.889866
v -16.236839 35.133194 -54.089848
v -16.655323 32.637566 -54.070835
v -16.735231 32.683189 -67.918564
v -15.205902 39.367397 -58.788155
v -15.205902 39.375000 -67.671242
v -15.453165 38.237537 -68.055511
v -15.445560 38.237537 -70.767982
v -16.754242 32.690792 -70.767982
v -15.205902 39.375000 -71.117966
v -15.970566 35.703827 -74.549484
v -15.205902 39.375000 -73.134277
v -16.845554 32.698399 -84.121132
v -15.997182 35.711430 -81.420059
v -7.136909 37.480484 -56.779514
v -10.252662 37.480484 -56.779514
v -10.180359 37.484283 -48.105667
v -7.136909 37.484283 -48.105667
v 0.000000 37.480484 -56.779514
v 0.000000 37.484283 -48.109470
v 7.136909 37.484283 -48.105667
v 7.136909 37.480484 -56.779514
v 10.176556 37.484283 -48.105667
v 10.248859 37.480484 -56.779514
v -13.414040 35.060890 -49.889866
v -13.395028 35.030476 -42.033920
v -12.204276 36.993496 -40.652996
v -10.785271 39.382607 -46.606754
v -12.189068 36.970688 -35.410606
v -10.777666 39.264679 -28.433514
v -13.349341 34.961975 -25.196030
v -13.372216 35.000061 -34.219852
v -7.136909 37.693527 -27.646036
v -10.149941 37.731548 -27.626963
v -10.157546 37.678257 -19.976517
v -7.136909 37.640236 -19.965111
v 0.000000 37.609821 -27.687859
v 0.000000 37.552723 -19.942234
v 7.136909 37.640236 -19.965111
v 7.136909 37.693527 -27.646036
v 10.157546 37.678257 -19.976517
v 10.146140 37.731548 -27.626963
v -13.242819 34.882133 -19.984121
v -15.959159 34.916351 -19.995527
v -15.205902 39.078251 -19.995527
v -10.157546 39.074448 -19.995527
v -10.157546 37.678257 -19.976517
v 0.000000 39.074448 -19.995527
v -7.136909 37.640236 -19.965111
v 0.000000 37.552723 -19.942234
v 7.136909 37.640236 -19.965111
v 10.157546 37.678257 -19.976517
v 10.157546 39.074448 -19.995527
v 13.239017 34.882133 -19.984121
v 15.205902 39.078251 -19.995527
v 15.955296 34.916351 -19.995527
v -7.053200 35.178825 0.456504
v -7.049398 35.475578 0.874987
v -7.163524 38.226074 -6.843960
v -7.167327 37.780979 -6.859169
v -7.232025 39.599453 -18.081934
v -7.235827 39.066845 -18.119957
v -2.233159 42.433662 -36.266586
v -2.233159 42.433662 -38.895355
v -2.602153 42.433662 -37.579067
v -1.232576 42.433662 -39.857849
v -1.232576 42.433662 -35.304085
v 0.000000 42.433662 -40.173615
v 0.000000 42.433662 -34.984520
v 1.232576 42.433662 -35.304085
v 1.232576 42.433662 -39.857849
v 2.233159 42.433662 -36.266586
v 2.233159 42.433662 -38.895355
v 2.598351 42.433662 -37.579067
v 33.219334 3.949183 -98.672684
v 33.219334 3.949186 -80.822815
v 33.219334 -1.643188 -80.822815
v 33.219334 -1.646991 -98.665085
v 32.553589 3.949182 -113.167152
v 32.553589 -1.650796 -113.167152
v 17.012911 32.732677 -80.244583
v 17.575937 31.431601 -80.244583
v 22.072674 32.732677 -80.244583
v 18.005827 26.908253 -80.244583
v 26.478096 26.969086 -80.244583
v 29.970444 7.806730 -12.326006
v 29.742193 8.407842 -12.318401
v 26.527521 21.277864 4.576580
v 29.985655 7.806731 4.063044
v 26.675930 20.665348 5.132003
v 29.761202 8.799648 5.109191
v 26.527521 21.277864 4.576580
v 27.714472 21.814278 4.675498
v 27.862881 20.939289 5.424953
v 26.675930 20.665348 5.132003
v 30.951956 8.769232 5.432559
v 29.761202 8.799648 5.109191
v 31.172604 7.555666 4.093462
v 29.985655 7.806731 4.063044
v 31.157394 7.559467 -12.630363
v 29.970444 7.806730 -12.326006
v 27.197073 24.359333 -14.745532
v 26.196548 24.081654 -14.471655
v 26.386780 23.005028 -15.205902
v 27.486219 23.214268 -15.597707
v 29.726984 10.184433 -15.213505
v 30.913935 9.743136 -15.654802
v 30.913935 9.743136 -15.654802
v 29.726984 10.184433 -15.213505
v 29.726984 10.135004 -14.403152
v 30.913935 9.743136 -14.406956
v 26.390583 23.301783 3.096741
v 27.486219 23.271303 3.560850
v 27.649837 -9.156696 -103.926422
v 26.984028 -8.388231 -107.685104
v 30.061760 -2.141581 -112.128540
v 30.727503 -2.133975 -98.086784
v 27.649837 -9.156694 -80.244583
v 32.340542 -2.130172 -80.244583
v 27.649837 -9.156694 -46.340416
v 32.340542 -2.122505 -46.340424
v 27.649837 -9.156693 -18.104744
v 32.340542 4.436106 -80.244583
v 32.340542 -2.114897 -18.104744
v 27.649837 -9.156690 7.635303
v 32.340542 -2.111092 7.635302
v 32.340542 4.439911 -46.340424
v 32.340542 4.439913 -18.104744
v 32.340542 4.439916 7.635301
v 26.478096 26.969086 -80.244583
v 22.027046 32.732677 -89.489052
v 22.072674 32.732677 -80.244583
v 26.478096 26.969090 -46.340424
v 26.478096 26.969090 -18.104746
v 26.478096 26.969086 -98.353119
v 27.573730 20.695759 -87.244484
v 31.172604 7.365428 -88.945023
v 32.355751 4.436106 -98.094452
v 27.630764 20.593037 -91.516762
v 31.153593 7.468147 -95.286865
v 27.703066 20.501787 -93.776543
v 27.722076 20.501785 -97.033035
v 31.161196 7.468147 -98.166695
v 28.517220 18.253418 -100.065079
v 31.145988 7.570867 -105.436737
v 27.992214 21.003916 -104.873718
v 32.344345 4.413291 -112.128540
v 29.841110 14.049634 -102.960121
v 29.787817 13.886080 -109.541611
v 27.197073 24.359333 -14.745532
v 27.486219 23.214268 -15.597707
v 26.478096 26.969091 7.635300
v 30.913935 9.743136 -15.654802
v 27.189466 24.416430 2.925520
v 30.913935 9.743136 -14.406956
v 27.486219 23.271303 3.560850
v 31.157394 7.559467 -12.630363
v 31.172604 7.555666 4.093462
v 30.929144 8.624687 -12.618957
v 27.714472 21.814278 4.675498
v 30.951956 8.769232 5.432559
v 27.862881 20.939289 5.424953
v 27.722076 20.501785 -97.033035
v 26.984028 20.056688 -96.888428
v 27.421522 17.937656 -99.764526
v 28.517220 18.253418 -100.065079
v 28.334595 13.813777 -102.610138
v 29.841110 14.049634 -102.960121
v 30.229113 7.879026 -104.881317
v 31.145988 7.570867 -105.436737
v 17.031921 32.732681 -46.340424
v 17.054796 32.732681 -18.116154
v 17.606417 31.424004 -18.112350
v 17.591209 31.427803 -46.340424
v 17.012911 32.732677 -80.244583
v 17.575937 31.431601 -80.244583
v 32.340542 4.436106 -80.244583
v 33.219334 3.949186 -80.822815
v 33.219334 3.949183 -98.672684
v 32.355751 4.436106 -98.094452
v 32.553589 3.949182 -113.167152
v 32.344345 4.413291 -112.128540
v 24.503605 14.045832 -109.933472
v 25.812349 7.734484 -111.641632
v 19.375404 7.757296 -111.664436
v 19.379208 14.133343 -109.880180
v 23.019964 21.205555 -105.303604
v 19.379208 21.266451 -105.250366
v 19.375404 23.914227 -102.454185
v 22.464542 23.891415 -102.378082
v 4.713581 13.771892 -109.541611
v 4.713581 20.920269 -104.968834
v 10.861313 20.935478 -104.949814
v 10.887991 13.794765 -109.541611
v 4.713581 6.867099 -111.455193
v 10.914606 6.863296 -111.455193
v 11.519519 13.798569 -109.541611
v 11.470028 20.939281 -104.946022
v 17.408581 20.958290 -104.923203
v 17.458010 13.825183 -109.541611
v 11.568947 6.863296 -111.455193
v 17.446602 6.863296 -111.459000
v 12.653177 -11.058882 -80.244583
v 12.653177 -11.058884 -102.792770
v 18.302580 -11.058884 -102.792770
v 18.302580 -11.058882 -80.244583
v 12.653177 -11.058882 -61.420788
v 18.302580 -11.058882 -61.279984
v 18.302580 -11.058879 -18.104744
v 18.302580 -11.058876 3.016837
v 12.653177 -11.058876 2.872293
v 12.653177 -11.058879 -18.104744
v 18.302580 -11.058882 -46.340416
v 12.653177 -11.058882 -46.340416
v 12.653177 -11.058882 -50.974091
v 18.302580 -11.058882 -50.974091
v 18.302580 -11.058882 -80.244583
v 18.302580 -11.058884 -102.792770
v 19.280289 -9.156696 -103.926422
v 19.280289 -9.156694 -80.244583
v 18.302580 -11.058882 -61.279984
v 19.280289 -9.156694 -60.325150
v 12.653177 -11.058882 -80.244583
v 12.653177 -11.058882 -61.420788
v 11.675468 -9.156694 -60.465893
v 11.675468 -9.156694 -80.244583
v 12.653177 -11.058884 -102.792770
v 11.675468 -9.156696 -103.926422
v 11.675468 -9.156694 -46.340416
v 11.675468 -9.156694 -52.670837
v 12.653177 -11.058882 -50.974091
v 12.653177 -11.058882 -46.340416
v 11.675468 -9.156693 -18.104744
v 12.653177 -11.058879 -18.104744
v 11.675468 -9.156690 4.180974
v 12.653177 -11.058876 2.872293
v 18.302580 -11.058882 -46.340416
v 18.302580 -11.058882 -50.974091
v 19.280289 -9.156694 -52.670837
v 19.280289 -9.156694 -46.340416
v 18.302580 -11.058879 -18.104744
v 19.280289 -9.156693 -18.104744
v 18.302580 -11.058876 3.016837
v 19.280289 -9.156690 4.325518
v 17.606417 31.424004 -18.112350
v 17.621624 31.424006 7.597215
v 18.005827 26.908260 7.635300
v 18.005827 26.908257 -18.104746
v 17.591209 31.427803 -46.340424
v 18.005827 26.908255 -46.340424
v 17.575937 31.431601 -80.244583
v 18.005827 26.908253 -80.244583
v 14.825439 3.039930 112.006821
v 15.479780 4.363817 112.444313
v 15.434155 7.738302 108.411751
v 14.825439 6.859511 107.795425
v 15.392269 17.009388 93.578712
v 14.825439 16.046888 93.194435
v 15.377060 22.213692 78.467926
v 14.825439 21.258860 78.133148
v 15.361852 23.453934 70.676666
v 14.825439 22.232765 71.403313
v 13.988472 24.888149 66.666916
v 13.745011 23.940857 68.481590
v 14.570572 24.203392 66.568001
v 16.263454 29.940304 49.768135
v 15.536873 30.560427 49.775738
v 17.438999 32.021252 32.945454
v 16.693344 32.629967 32.945454
v 16.700951 32.671791 27.071535
v 17.458010 31.994638 27.056330
v 26.561804 5.242663 29.620464
v 27.607952 4.439916 29.122074
v 22.616690 25.820227 29.122070
v 21.730293 25.462580 29.521544
v 22.046059 26.288139 29.122070
v 27.607952 4.439917 32.937790
v 26.569408 5.238863 32.507900
v 21.730293 25.462580 32.538380
v 22.597677 25.839237 32.937790
v 22.046059 26.288139 32.937790
v 2.879895 21.224577 78.133148
v 2.400515 22.171869 78.467926
v 2.545121 21.000128 78.848381
v 2.415724 23.393038 70.779388
v 2.879895 22.198484 71.445137
v 12.812929 16.039284 93.160233
v 12.801522 19.349070 83.577110
v 12.402111 18.474081 84.185822
v 12.386903 14.745812 92.639015
v 12.759699 6.429621 107.799232
v 12.364027 6.810020 100.936264
v 1.472297 17.188213 84.376060
v 1.472297 18.051794 84.874382
v 1.495110 14.665968 92.718925
v 1.491307 13.806189 92.224342
v 1.590225 7.905656 99.905258
v 1.590225 7.045877 99.406937
v 10.032014 18.047993 84.885788
v 10.032014 17.188213 84.387451
v 10.051023 13.874626 92.155899
v 10.051023 14.734406 92.654228
v 10.005398 7.053481 99.361252
v 10.005398 7.913261 99.855835
v 17.792784 -9.156685 75.610901
v 15.312424 -12.063196 72.765221
v 16.008587 -12.063196 68.405487
v 18.911295 -9.156685 68.405487
v 16.571613 -12.055590 43.521427
v 19.470520 -9.156687 41.851353
v 21.281393 -7.071934 12.626563
v 15.894461 24.020760 12.626561
v 20.212372 24.020760 12.626561
v 24.225924 4.439916 12.626562
v 24.225924 -2.111092 12.626563
v 23.290041 -9.156687 32.937794
v 23.290041 -9.156687 13.474937
v 24.039495 -8.639347 13.474937
v 24.035694 -8.597462 32.937794
v 22.247696 -9.156685 68.375076
v 22.803118 -8.631740 68.378876
v 21.840620 -9.152882 78.566841
v 22.354218 -8.681169 78.566841
v 21.475428 -9.152880 87.914032
v 21.962347 -8.726854 87.902618
v 19.044432 -5.702417 106.456337
v 19.516146 -5.337162 106.460144
v 17.469414 -2.080667 116.473076
v 16.894983 -2.080667 117.112206
v 17.374363 -0.246981 116.427452
v 16.894983 -0.186146 116.990479
v 17.944994 4.420912 111.869881
v 17.359091 4.417109 112.311172
v 18.329195 7.593696 108.149216
v 17.811855 7.745905 108.347054
v 18.968327 17.009388 93.578712
v 19.497135 16.731709 93.388474
v 20.471041 21.924608 78.467926
v 19.965109 22.225161 78.467926
v 20.482449 23.925648 68.470184
v 20.992243 23.628958 68.470184
v 22.597677 25.839237 32.937790
v 22.046059 26.288139 32.937790
v 16.453686 25.496862 49.733917
v 16.263454 29.940304 49.768135
v 14.570572 24.203392 66.568001
v 17.788980 26.269129 32.937790
v 17.438999 32.021252 32.945454
v 17.458010 31.994638 27.056330
v 17.834669 26.227304 26.991632
v 26.428604 -2.111092 12.626563
v 26.428604 -2.111092 7.635302
v 26.428604 4.439916 7.635301
v 26.428604 4.439916 12.626562
v 20.395000 23.640358 7.635300
v 20.395000 23.640362 12.626561
v 23.484074 -7.071934 12.626563
v 26.428604 -2.111092 12.626563
v 26.428604 4.439916 12.626562
v 20.395000 23.640362 12.626561
v 17.477083 23.640362 12.626561
v 26.428604 4.439916 7.635301
v 26.428604 -2.111092 7.635302
v 23.484074 -7.071936 7.635302
v 20.395000 23.640358 7.635300
v 17.477083 23.640358 7.635300
v 67.884285 0.011678 -12.771103
v 69.717972 -1.000249 -12.771103
v 69.717972 -1.000249 -31.206825
v 67.903358 0.011678 -31.206825
v 69.717972 -1.000252 -51.601822
v 67.929977 0.011675 -51.601822
v 69.717972 -1.000254 -71.057137
v 67.956589 0.011674 -71.057137
v 69.717972 -1.000254 -86.297188
v 67.975601 0.011672 -86.323860
v 68.154419 -1.144798 -101.339478
v 66.313141 -0.300289 -101.339478
v 65.038673 -0.642667 -107.833511
v 66.693527 -1.190486 -107.833511
v 66.693527 -1.190486 -107.833511
v 65.708221 -1.194289 -109.145996
v 65.038673 -0.642667 -107.833511
v 60.477299 -1.194289 -109.130722
v 60.477299 -0.642667 -107.818237
v 55.915932 -0.642667 -107.833511
v 55.246384 -1.194289 -109.145996
v 54.264870 -1.190486 -107.833511
v 65.826149 0.011679 2.012512
v 66.290314 -0.555151 2.339683
v 67.625626 -0.555151 2.339683
v 67.929977 0.011679 2.012512
v 69.097916 -1.506243 2.339683
v 69.717972 -1.000247 2.016315
v 69.097916 -3.130689 2.339683
v 69.097916 -5.162208 2.339683
v 69.721771 -5.162208 2.016315
v 69.717972 -9.320305 2.016315
v 69.097916 -7.189865 2.339683
v 69.097916 -8.818113 2.339683
v 67.929977 -10.336035 2.012513
v 67.625626 -9.769206 2.339684
v 65.826149 -10.336035 2.012513
v 66.290314 -9.769206 2.339684
v 67.735939 -0.555151 -0.836966
v 66.301720 -0.555151 -0.844570
v 65.799530 0.011679 -0.559223
v 67.983200 0.011679 -0.559223
v 69.094109 -1.506243 -0.829361
v 69.717972 -1.000247 -0.555421
v 69.721771 -5.162208 -0.559223
v 69.094109 -5.162208 -0.829361
v 69.094109 -8.818113 -0.829361
v 69.717972 -9.320305 -0.559223
v 67.983200 -10.336035 -0.559223
v 67.735939 -9.769206 -0.836965
v 65.799530 -10.336035 -0.559223
v 66.301720 -9.769206 -0.844569
v 66.343552 -0.555151 -3.572255
v 66.301720 -0.555151 -0.844570
v 67.735939 -0.555151 -0.836966
v 67.789169 -0.555151 -3.568453
v 69.094109 -1.506243 -0.829361
v 69.094109 -1.506243 -3.564651
v 69.094109 -5.162208 -0.829361
v 69.094109 -5.162208 -3.564651
v 69.094109 -8.818113 -3.564651
v 69.094109 -8.818113 -0.829361
v 67.789169 -9.769206 -3.568452
v 67.735939 -9.769206 -0.836965
v 66.343552 -9.769206 -3.572254
v 66.301720 -9.769206 -0.844569
v 66.290314 -0.555151 2.339683
v 65.826149 0.011679 2.012512
v 65.750107 0.011679 4.835313
v 66.290314 -0.555151 5.002669
v 64.563156 0.011679 6.212432
v 64.913139 -0.555151 6.592895
v 63.075653 0.011679 7.018982
v 63.216393 -0.555151 7.475488
v 60.477299 -0.555151 7.722751
v 60.477299 0.011679 7.270048
v 57.878952 0.011679 7.018982
v 57.738209 -0.555151 7.475488
v 56.041466 -0.555151 6.592895
v 56.395245 0.011679 6.212432
v 54.664276 -0.555151 5.002669
v 55.204491 0.011679 4.835313
v 54.664276 -0.555151 2.339683
v 55.128387 0.011679 2.012512
v 68.957108 -1.342628 -12.101554
v 67.732147 -0.467639 -12.101554
v 67.732147 -0.460033 -8.388556
v 68.957108 -1.342628 -8.388556
v 68.960915 -5.162208 -12.101554
v 68.960915 -5.162208 -8.388556
v 68.957108 -8.981729 -8.388556
v 68.957108 -8.981729 -12.101554
v 67.732147 -9.860518 -8.388556
v 67.732147 -9.856718 -12.101554
v 69.135941 -3.393164 -70.600563
v 69.717972 -2.925253 -71.057137
v 69.717972 -2.921448 -51.601822
v 69.135941 -3.389361 -51.601822
v 69.717972 -2.921445 -31.184010
v 69.135941 -3.389359 -31.184010
v 69.135941 -2.415454 -24.237329
v 69.717972 -1.947541 -24.237329
v 69.135941 -2.415454 -16.130316
v 69.717972 -1.947541 -15.757521
v 69.717972 -9.320307 -31.206820
v 69.717972 -9.320307 -12.771103
v 67.884285 -10.336037 -12.771103
v 67.903358 -10.336037 -31.206820
v 69.717972 -9.320309 -51.601814
v 67.929977 -10.336039 -51.601814
v 69.717972 -9.320312 -71.057137
v 67.956589 -10.336041 -71.057137
v 69.717972 -9.320314 -86.297188
v 67.975601 -10.336041 -86.323860
v 68.154419 -9.179571 -101.339478
v 66.313141 -10.020277 -101.339478
v 65.038673 -9.681704 -107.833511
v 66.693527 -9.133884 -107.833511
v 65.708221 -9.130082 -109.145996
v 66.693527 -9.133884 -107.833511
v 65.038673 -9.681704 -107.833511
v 60.477299 -9.130082 -109.130722
v 60.477299 -9.681704 -107.818237
v 55.915932 -9.681704 -107.833511
v 55.246384 -9.130082 -109.145996
v 54.264870 -9.133884 -107.833511
v 65.750107 -10.336035 4.835314
v 65.826149 -10.336035 2.012513
v 66.290314 -9.769206 2.339684
v 66.290314 -9.769206 5.002670
v 64.563156 -10.336035 6.212433
v 64.913139 -9.769206 6.592896
v 63.075653 -10.336035 7.018983
v 63.216393 -9.769206 7.475488
v 60.477299 -9.769206 7.722752
v 60.477299 -10.336035 7.270048
v 57.878952 -10.336035 7.018983
v 57.738209 -9.769206 7.475488
v 56.041466 -9.769206 6.592896
v 56.395245 -10.336035 6.212433
v 54.664276 -9.769206 5.002670
v 55.204491 -10.336035 4.835314
v 54.664276 -9.769206 2.339684
v 55.128387 -10.336035 2.012513
v 69.717972 -7.399113 -51.601814
v 69.717972 -7.399113 -71.057137
v 69.135941 -6.931202 -70.600563
v 69.135941 -6.931200 -51.601814
v 69.717972 -7.402914 -31.184006
v 69.135941 -6.935000 -31.184006
v 69.135941 -7.908907 -24.237329
v 69.717972 -8.376820 -24.237329
v 69.135941 -7.905107 -16.130316
v 69.717972 -8.376820 -15.757521
v 62.383228 -9.693108 -71.038063
v 61.477821 -9.693108 -85.878769
v 61.983814 -10.336041 -86.407578
v 62.919636 -10.336041 -71.057137
v 62.516422 -9.693106 -51.598015
v 63.052841 -10.336039 -51.601814
v 62.596268 -9.693106 -40.226902
v 63.128883 -10.336039 -40.276333
v 64.247391 -9.693103 -31.161194
v 64.783806 -10.336037 -31.206820
v 65.137589 1.240515 -31.203020
v 65.118576 1.240515 -13.809710
v 66.096291 0.011678 -12.763499
v 66.115295 0.011678 -31.199219
v 65.164200 1.240512 -51.601822
v 66.138107 0.011675 -51.594219
v 65.187019 1.240511 -71.053329
v 66.164719 0.011674 -71.049530
v 65.206093 1.240509 -86.320068
v 66.183792 0.011672 -86.316261
v 63.543564 0.932349 -100.624306
v 64.521271 -0.300289 -101.331871
v 60.477299 1.240515 -13.821115
v 60.477299 0.011678 -12.771103
v 60.477299 0.011678 -31.206825
v 60.469696 1.240515 -31.210625
v 60.458294 0.011675 -51.601822
v 60.477299 1.240512 -51.609425
v 60.473499 0.011674 -71.057137
v 60.458294 1.240511 -71.060936
v 60.473499 0.011672 -86.426590
v 60.481102 1.240509 -86.430389
v 60.477299 -0.300289 -101.339478
v 60.477299 0.932349 -100.631905
v 68.960915 -5.162208 -8.388556
v 68.957108 -1.342628 -8.388556
v 69.307091 -1.342628 -8.247753
v 69.310959 -5.162208 -8.247753
v 68.957108 -8.981729 -8.388556
v 69.307091 -8.981729 -8.247753
v 68.960915 -5.162208 -12.101554
v 68.957108 -8.981729 -12.101554
v 69.307091 -8.981729 -12.242296
v 69.310959 -5.162208 -12.242296
v 68.957108 -1.342628 -12.101554
v 69.307091 -1.342628 -12.242296
v 51.236629 -1.000249 -31.206825
v 51.236629 -1.000249 -12.771103
v 53.070255 0.011678 -12.771103
v 53.051243 0.011678 -31.206825
v 51.236629 -1.000252 -51.601822
v 53.024632 0.011675 -51.601822
v 51.236629 -1.000254 -71.057137
v 53.001816 0.011674 -71.057137
v 51.236629 -1.000254 -86.297188
v 52.982803 0.011672 -86.323860
v 52.800179 -1.144798 -101.339478
v 54.645271 -0.300289 -101.339478
v 55.915932 -0.642667 -107.833511
v 54.264870 -1.190486 -107.833511
v 53.328987 -0.555151 2.339683
v 54.664276 -0.555151 2.339683
v 55.128387 0.011679 2.012512
v 53.028431 0.011679 2.012512
v 51.856686 -1.506243 2.339683
v 51.236629 -1.000247 2.016315
v 51.856686 -3.130689 2.339683
v 51.856686 -5.162208 2.339683
v 51.232761 -5.162208 2.016315
v 51.236629 -9.320305 2.016315
v 51.856686 -7.189865 2.339683
v 51.856686 -8.818113 2.339683
v 53.028431 -10.336035 2.012513
v 53.328987 -9.769206 2.339684
v 55.128387 -10.336035 2.012513
v 54.664276 -9.769206 2.339684
v 55.155067 0.011679 -0.559223
v 54.652870 -0.555151 -0.844570
v 53.218658 -0.555151 -0.836966
v 52.971397 0.011679 -0.559223
v 51.860489 -1.506243 -0.829361
v 51.236629 -1.000247 -0.559223
v 51.232761 -5.162208 -0.559223
v 51.860489 -5.162208 -0.829361
v 51.860489 -8.818113 -0.829361
v 51.236629 -9.320305 -0.559223
v 52.971397 -10.336035 -0.559223
v 53.218658 -9.769206 -0.836965
v 55.155067 -10.336035 -0.559223
v 54.652870 -9.769206 -0.844569
v 53.218658 -0.555151 -0.836966
v 54.652870 -0.555151 -0.844570
v 54.611053 -0.555151 -3.572255
v 53.165367 -0.555151 -3.568453
v 51.860489 -1.506243 -0.829361
v 51.860489 -1.506243 -3.564651
v 51.860489 -5.162208 -0.829361
v 51.860489 -5.162208 -3.564651
v 51.860489 -8.818113 -3.564651
v 51.860489 -8.818113 -0.829361
v 53.165367 -9.769206 -3.568452
v 53.218658 -9.769206 -0.836965
v 54.611053 -9.769206 -3.572254
v 54.652870 -9.769206 -0.844569
v 53.226265 -0.460033 -8.388556
v 53.222466 -0.467639 -12.101554
v 51.997490 -1.342628 -12.101554
v 51.997490 -1.342628 -8.388556
v 51.993690 -5.162208 -12.101554
v 51.993690 -5.162208 -8.388556
v 51.997490 -8.981729 -8.388556
v 51.997490 -8.981729 -12.101554
v 53.226265 -9.860518 -8.388556
v 53.222466 -9.856718 -12.101554
v 51.236629 -2.921448 -51.601822
v 51.236629 -2.925253 -71.057137
v 51.818665 -3.393164 -70.600563
v 51.818665 -3.389361 -51.601822
v 51.236629 -2.921445 -31.184010
v 51.818665 -3.389359 -31.184010
v 51.818665 -2.415454 -24.237329
v 51.236629 -1.947541 -24.237329
v 51.818665 -2.415454 -16.130316
v 51.236629 -1.947541 -15.757521
v 53.070255 -10.336037 -12.771103
v 51.236629 -9.320307 -12.771103
v 51.236629 -9.320307 -31.206820
v 53.051243 -10.336037 -31.206820
v 51.236629 -9.320309 -51.601814
v 53.024632 -10.336039 -51.601814
v 51.236629 -9.320312 -71.057137
v 53.001816 -10.336041 -71.057137
v 51.236629 -9.320314 -86.297188
v 52.982803 -10.336041 -86.323860
v 52.800179 -9.179571 -101.339478
v 54.645271 -10.020277 -101.339478
v 55.915932 -9.681704 -107.833511
v 54.264870 -9.133884 -107.833511
v 53.252876 -10.100179 -12.242296
v 51.651249 -8.981729 -12.242296
v 51.236629 -9.320307 -12.771103
v 53.070255 -10.336037 -12.771103
v 60.477299 -10.100179 -12.242296
v 60.477299 -10.336037 -12.771103
v 67.884285 -10.336037 -12.771103
v 67.705528 -10.100179 -12.242296
v 69.717972 -9.320307 -12.771103
v 69.307091 -8.981729 -12.242296
v 69.721771 -5.162210 -12.771103
v 69.310959 -5.162208 -12.242296
v 69.307091 -1.342628 -12.242296
v 69.717972 -1.000249 -12.771103
v 67.705528 -0.224177 -12.242296
v 67.884285 0.011678 -12.771103
v 60.477299 -0.224177 -12.242296
v 60.477299 0.011678 -12.771103
v 53.070255 0.011678 -12.771103
v 53.252876 -0.224177 -12.242296
v 51.236629 -1.000249 -12.771103
v 51.651249 -1.342628 -12.242296
v 51.232761 -5.162210 -12.771103
v 51.647446 -5.162208 -12.242296
v 51.651249 -8.981729 -12.242296
v 51.236629 -9.320307 -12.771103
v 53.074116 -10.343639 -7.738018
v 51.236629 -9.327909 -7.738018
v 51.651249 -8.981729 -8.247753
v 53.256680 -10.107784 -8.247753
v 60.477299 -10.343639 -7.738018
v 60.477299 -10.107784 -8.247753
v 67.701721 -10.107784 -8.247753
v 67.880486 -10.343639 -7.738018
v 69.307091 -8.981729 -8.247753
v 69.717972 -9.327909 -7.738018
v 69.310959 -5.162208 -8.247753
v 69.721771 -5.162208 -7.738018
v 69.717972 -0.996444 -7.738019
v 69.307091 -1.342628 -8.247753
v 67.880486 0.019284 -7.738019
v 67.701721 -0.216572 -8.247753
v 60.477299 0.019284 -7.738019
v 60.477299 -0.216572 -8.247753
v 53.256680 -0.216572 -8.247753
v 53.074116 0.019284 -7.738019
v 51.651249 -1.342628 -8.247753
v 51.236629 -0.996444 -7.738019
v 51.647446 -5.162208 -8.247753
v 51.232761 -5.162208 -7.738018
v 51.236629 -9.327909 -7.738018
v 51.651249 -8.981729 -8.247753
v 51.818665 -6.931202 -70.600563
v 51.236629 -7.399113 -71.057137
v 51.236629 -7.399113 -51.601814
v 51.818665 -6.931200 -51.601814
v 51.236629 -7.402914 -31.184006
v 51.818665 -6.935000 -31.184006
v 51.818665 -7.908907 -24.237329
v 51.236629 -8.376820 -24.237329
v 51.818665 -7.905107 -16.130316
v 51.236629 -8.376820 -15.757521
v 58.974586 -10.336041 -86.407578
v 59.476780 -9.693108 -85.878769
v 58.571316 -9.693108 -71.038063
v 58.034901 -10.336041 -71.057137
v 58.438171 -9.693106 -51.598015
v 57.901764 -10.336039 -51.601814
v 58.362068 -9.693106 -40.226902
v 57.825661 -10.336039 -40.276333
v 56.707207 -9.693103 -31.161194
v 56.170799 -10.336037 -31.206820
v 54.862118 0.011678 -12.763499
v 55.836021 1.240515 -13.809710
v 55.817013 1.240515 -31.203020
v 54.843105 0.011678 -31.199219
v 55.794201 1.240512 -51.601822
v 54.816490 0.011675 -51.594219
v 55.767521 1.240511 -71.053329
v 54.789814 0.011674 -71.049530
v 55.748512 1.240509 -86.320068
v 54.770805 0.011672 -86.316261
v 57.411041 0.932349 -100.624306
v 56.433331 -0.300289 -101.331871
v 60.477299 0.011678 -31.206825
v 60.477299 0.011678 -12.771103
v 60.477299 1.240515 -13.821115
v 60.469696 1.240515 -31.210625
v 60.458294 0.011675 -51.601822
v 60.477299 1.240512 -51.609425
v 60.473499 0.011674 -71.057137
v 60.458294 1.240511 -71.060936
v 60.473499 0.011672 -86.426590
v 60.481102 1.240509 -86.430389
v 60.477299 -0.300289 -101.339478
v 60.477299 0.932349 -100.631905
v 51.651249 -1.342628 -8.247753
v 51.997490 -1.342628 -8.388556
v 51.993690 -5.162208 -8.388556
v 51.647446 -5.162208 -8.247753
v 51.997490 -8.981729 -8.388556
v 51.651249 -8.981729 -8.247753
v 51.651249 -8.981729 -12.242296
v 51.997490 -8.981729 -12.101554
v 51.993690 -5.162208 -12.101554
v 51.647446 -5.162208 -12.242296
v 51.997490 -1.342628 -12.101554
v 51.651249 -1.342628 -12.242296
v 61.938129 -0.791008 -18.363474
v 62.497414 -0.791008 -19.535217
v 62.409901 2.667123 -19.539021
v 61.782181 2.667123 -18.367277
v 61.036526 7.551863 -19.539021
v 60.321289 7.555665 -18.367279
v 58.506680 10.290956 -18.241747
v 59.020214 10.789345 -19.402020
v 58.259354 10.576302 -18.230341
v 57.848534 11.938211 -19.318373
v 57.266434 11.709959 -18.146631
v 53.397484 16.309414 -19.006411
v 53.017025 15.955629 -17.834669
v 51.917587 17.762638 -18.899891
v 51.518112 17.313738 -17.728148
v 46.952938 20.924076 -17.142246
v 47.234482 21.536531 -18.313988
v 41.763840 24.207188 -16.305340
v 42.018707 24.827309 -17.477083
v 36.650848 27.296261 -15.125996
v 36.879101 27.939196 -16.297737
v 31.872633 29.369669 -13.684177
v 32.222614 30.290283 -14.863461
v 30.510658 30.153343 -13.258090
v 30.807411 31.005520 -14.429770
v 27.748692 31.907124 -12.478155
v 27.417719 31.169073 -11.306476
v 21.338427 33.116886 -6.071691
v 21.338427 32.196274 -4.899949
v 15.951492 33.116886 -5.794010
v 15.951492 32.123970 -4.622269
v 62.497414 -0.791008 -29.932421
v 62.497414 -0.791008 -19.535217
v 61.938129 -0.791008 -18.363474
v 59.005005 -0.791008 -18.363474
v 62.497414 -0.791011 -45.811615
v 62.497414 -0.791013 -88.100464
v 61.808796 -0.791013 -89.603180
v 59.005005 -0.791013 -89.603180
v 61.538719 2.663318 -85.289070
v 61.808796 -0.791013 -89.603180
v 59.005005 -0.791013 -89.603180
v 58.765343 2.655712 -85.289070
v 60.233841 7.574672 -75.907593
v 57.555580 7.567067 -75.785858
v 57.996880 10.610518 -64.726715
v 56.037659 9.876269 -64.726715
v 51.358360 16.967554 -64.726715
v 49.939354 15.544746 -64.726715
v 45.674675 18.173513 -71.235893
v 46.808395 20.581635 -71.235893
v 40.584492 21.308277 -74.857643
v 41.801865 23.777292 -74.857643
v 35.433422 24.138680 -77.106010
v 36.384514 26.976753 -77.106010
v 29.129677 26.272923 -79.122253
v 30.168282 29.970713 -79.122253
v 21.022663 27.710938 -79.742386
v 21.022663 31.644646 -79.742386
v 15.993380 31.606564 -79.708160
v 15.993380 27.710938 -79.708160
v 30.807411 31.005520 -14.429770
v 32.222614 30.290283 -14.863461
v 32.310127 30.252262 -23.301447
v 30.796005 31.024529 -29.932423
v 35.026402 28.878881 -23.236811
v 35.174747 28.810383 -29.932423
v 60.024601 6.867105 -31.241104
v 61.405582 2.587216 -31.241104
v 61.405582 2.708945 -44.502937
v 60.024601 6.874708 -44.502937
v 58.190914 10.119796 -31.241104
v 58.175705 10.127399 -44.502937
v 56.383839 12.067606 -44.502937
v 56.456146 12.014315 -31.241104
v 46.785522 20.444698 -31.237305
v 50.890385 17.047462 -31.237305
v 50.890385 17.005577 -44.502937
v 46.785522 20.444696 -44.502937
v 41.573608 23.697388 -31.237305
v 41.581215 23.651762 -44.502937
v 36.411194 26.866432 -31.237305
v 36.395920 26.889244 -44.502937
v 31.168800 29.209852 -31.237305
v 31.157394 29.228863 -44.502937
v 47.234482 21.536531 -29.932423
v 51.921387 17.732222 -29.932423
v 50.890385 17.047462 -31.237305
v 46.785522 20.444698 -31.237305
v 42.022511 24.789223 -29.932423
v 41.573608 23.697388 -31.237305
v 36.860088 27.958267 -29.932423
v 36.411194 26.866432 -31.237305
v 35.174747 28.810383 -29.932423
v 30.796005 31.024529 -29.932423
v 31.168800 29.209852 -31.237305
v 46.785522 20.444696 -44.502937
v 50.890385 17.005577 -44.502937
v 51.921387 17.690395 -45.811615
v 47.234482 21.536531 -45.811615
v 41.581215 23.651762 -44.502937
v 42.030113 24.739796 -45.811615
v 36.395920 26.889244 -44.502937
v 36.844883 27.981079 -45.811615
v 31.157394 29.228863 -44.502937
v 30.784597 31.039736 -45.811615
v 61.036526 7.559466 -29.932423
v 62.409901 2.667123 -29.932421
v 61.405582 2.587216 -31.241104
v 60.024601 6.867105 -31.241104
v 59.012608 10.796948 -29.932423
v 58.190914 10.119796 -31.241104
v 56.672993 13.079536 -29.932423
v 56.456146 12.014315 -31.241104
v 60.024601 6.874708 -44.502937
v 61.405582 2.708945 -44.502937
v 62.409901 2.667122 -45.811615
v 61.036526 7.567068 -45.811615
v 58.175705 10.127399 -44.502937
v 58.997402 10.804552 -45.811615
v 56.383839 12.067606 -44.502937
v 56.600685 13.136629 -45.811615
v 15.951492 32.123970 -4.622269
v 15.951492 33.116886 -5.794010
v 15.966763 33.116882 -29.932425
v 15.951492 27.710943 -4.622268
v 15.978170 33.116882 -45.811615
v 15.993380 27.710938 -79.708160
v 15.993380 31.606564 -79.708160
v 15.993380 33.116882 -78.361404
v 31.629107 4.679571 -21.056942
v 25.580233 27.052801 -21.056942
v 25.580233 27.052795 -61.489227
v 32.009571 2.689935 -21.056942
v 32.009571 2.689933 -61.489227
v 35.262260 7.209483 -22.221016
v 48.360538 13.627356 -22.221016
v 39.260605 19.322447 -22.221016
v 32.770432 19.603928 -22.221016
v 34.147614 21.437614 -22.221016
v 32.009571 2.689935 -21.056942
v 42.243160 2.678529 -21.056942
v 41.254044 4.671967 -21.056942
v 35.597034 4.664363 -21.056942
v 31.629107 4.679571 -21.056942
v 35.072029 6.539935 -21.056942
v 25.580233 27.052801 -21.056942
v 49.224121 13.509426 -21.056942
v 32.363358 20.014809 -21.056942
v 50.658333 12.649646 -21.056942
v 33.858467 22.008308 -21.056942
v 49.939354 15.544749 -21.056942
v 55.995834 9.952377 -21.056942
v 45.674675 18.173517 -21.056942
v 55.006660 7.646978 -21.056942
v 39.416557 19.706648 -21.056942
v 57.555580 7.567071 -21.056942
v 35.494316 24.074049 -21.056942
v 29.152487 26.257717 -21.056942
v 40.580692 21.300676 -21.056942
v 58.286026 4.690977 -21.056942
v 56.231693 4.690977 -21.056942
v 56.657784 2.655716 -21.056942
v 58.765343 2.655716 -21.056942
v 51.765373 3.078002 -22.221016
v 55.912128 3.070399 -22.221016
v 55.520256 4.957314 -22.221016
v 50.677341 4.953511 -22.221016
v 54.576767 7.449142 -22.221016
v 46.081753 4.945908 -22.221016
v 50.551811 12.132244 -22.221016
v 36.959007 4.934501 -22.221016
v 41.820938 4.942105 -22.221016
v 42.737747 3.089409 -22.221016
v 45.351303 3.085606 -22.221016
v 33.668236 19.908283 -59.929482
v 35.764454 20.429487 -59.929482
v 39.344315 18.641426 -59.929482
v 33.679642 10.968103 -59.929482
v 43.441513 16.088764 -59.929482
v 48.219795 12.524111 -59.929482
v 49.448570 10.793144 -59.929482
v 39.344315 18.641426 -59.929482
v 35.764454 20.429487 -59.929482
v 35.471500 21.159933 -61.489227
v 39.564964 19.280558 -61.489227
v 43.441513 16.088764 -59.929482
v 43.833385 16.659395 -61.489227
v 48.219795 12.524111 -59.929482
v 48.642082 12.942595 -61.489227
v 51.358360 16.967554 -64.726715
v 51.921387 16.423538 -64.726715
v 49.939354 15.544746 -64.726715
v 56.037659 9.876269 -64.726715
v 57.479477 11.105106 -64.726715
v 57.996880 10.610518 -64.726715
v 47.173584 21.072422 -35.444889
v 51.487694 17.340351 -35.444889
v 51.491501 17.325142 -40.112782
v 47.173584 21.072422 -40.112782
v 41.965481 24.309904 -35.444889
v 41.965481 24.294697 -40.112782
v 36.795391 27.501698 -35.444889
v 36.787788 27.509304 -40.112782
v 30.883455 30.016403 -35.444889
v 30.879652 30.024010 -40.112782
v 58.833847 10.469778 -40.112782
v 56.524582 12.824667 -40.112782
v 56.547455 12.805594 -35.444889
v 58.837646 10.469778 -35.444889
v 60.675133 7.217087 -40.112782
v 60.675133 7.213285 -35.444889
v 62.204468 2.636704 -40.112782
v 62.204468 2.591019 -35.444889
v 36.795391 27.501698 -35.444889
v 30.883455 30.016403 -35.444889
v 31.164999 29.217457 -35.444889
v 36.407326 26.874037 -35.444889
v 41.965481 24.309904 -35.444889
v 41.577412 23.682178 -35.444889
v 47.173584 21.072422 -35.444889
v 46.785522 20.444696 -35.444889
v 51.487694 17.340351 -35.444889
v 50.890385 17.032253 -35.444889
v 47.173584 21.072422 -40.112782
v 51.491501 17.325142 -40.112782
v 50.890385 17.016983 -40.112782
v 46.785522 20.444696 -40.112782
v 41.965481 24.294697 -40.112782
v 41.577412 23.666971 -40.112782
v 36.787788 27.509304 -40.112782
v 36.399723 26.881639 -40.112782
v 30.879652 30.024010 -40.112782
v 31.161196 29.221258 -40.112782
v 58.837646 10.469778 -35.444889
v 56.547455 12.805594 -35.444889
v 56.433331 12.029524 -35.444889
v 58.187111 10.123596 -35.444889
v 60.675133 7.213285 -35.444889
v 60.024601 6.867105 -35.444889
v 62.204468 2.591019 -35.444889
v 61.405582 2.625237 -35.444889
v 60.675133 7.217087 -40.112782
v 62.204468 2.636704 -40.112782
v 61.405582 2.667122 -40.112782
v 60.024601 6.870906 -40.112782
v 58.833847 10.469778 -40.112782
v 58.179508 10.123596 -40.112782
v 56.524582 12.824667 -40.112782
v 56.410454 12.048534 -40.112782
v 15.951492 32.123970 -4.622269
v 15.951492 27.710943 -4.622268
v 21.338427 27.710943 -4.899949
v 21.338427 32.196274 -4.899949
v 25.580233 27.052801 -11.306476
v 27.417719 31.169073 -11.306476
v 29.160156 26.257721 -13.258090
v 30.510658 30.153343 -13.258090
v 31.872633 29.369669 -13.684177
v 30.522064 25.782143 -13.657501
v 36.650848 27.296261 -15.125996
v 35.501923 24.054976 -15.125995
v 41.763840 24.207188 -16.305340
v 40.584492 21.308281 -16.305340
v 46.952938 20.924076 -17.142246
v 45.674675 18.173519 -17.142246
v 51.518112 17.313738 -17.728148
v 49.939354 15.544749 -17.728148
v 51.263245 14.323580 -17.838470
v 53.017025 15.955629 -17.834669
v 55.037140 10.838774 -18.150433
v 57.266434 11.709959 -18.146631
v 56.003441 9.948577 -18.230341
v 58.259354 10.576302 -18.230341
v 57.555580 7.567072 -18.367279
v 58.506680 10.290956 -18.241747
v 60.321289 7.555665 -18.367279
v 58.765343 2.655716 -18.367277
v 61.782181 2.667123 -18.367277
v 59.005005 -0.791008 -18.363474
v 61.938129 -0.791008 -18.363474
v 62.409901 2.667120 -83.786354
v 62.497414 -0.791013 -88.100464
v 61.808796 -0.791013 -89.603180
v 61.538719 2.663318 -85.289070
v 61.036526 7.582276 -74.469574
v 60.233841 7.574672 -75.907593
v 58.985992 10.812155 -63.227802
v 57.996880 10.610518 -64.726715
v 57.479477 11.105106 -64.726715
v 58.061577 11.706154 -63.227802
v 52.906700 16.697414 -63.227802
v 51.921387 16.423538 -64.726715
v 51.358360 16.967554 -64.726715
v 51.925194 17.648508 -63.227802
v 46.808395 20.581635 -71.235893
v 47.234482 21.536530 -69.733185
v 41.801865 23.777292 -74.857643
v 42.037781 24.667490 -73.354927
v 36.384514 26.976753 -77.106010
v 36.814407 28.022900 -75.603302
v 30.168282 29.970713 -79.122253
v 30.761723 31.070152 -77.623352
v 21.022663 31.644646 -79.742386
v 21.022663 33.116882 -78.239670
v 15.993380 33.116882 -78.361404
v 15.993380 31.606564 -79.708160
v 15.426550 35.152210 0.570630
v 16.149328 32.363628 5.672216
v 16.255852 32.428326 0.578234
v 15.224913 37.769573 -6.794532
v 16.301538 32.454941 -6.745042
v 16.335756 32.466351 -18.119957
v 15.205902 39.066845 -18.119957
v 15.205902 39.078251 -19.995527
v 15.955296 34.916351 -19.995527
v 16.347164 32.470150 -19.995527
v 16.027597 34.977184 -25.188427
v 16.449883 32.527241 -25.158009
v 16.598228 32.610950 -49.908875
v 16.149328 35.079903 -49.889866
v 16.233040 35.133194 -54.089848
v 16.655323 32.637566 -54.070835
v 16.731430 32.683189 -67.918564
v 15.205902 39.367397 -58.788155
v 15.205902 39.375000 -67.671242
v 15.449362 38.237537 -68.055511
v 15.445560 38.237537 -70.767982
v 16.750439 32.690792 -70.767982
v 15.205902 39.375000 -71.117966
v 15.970566 35.703827 -74.549484
v 15.205902 39.375000 -73.134277
v 16.845554 32.698399 -84.121132
v 15.997182 35.711430 -81.420059
v 12.200474 36.993496 -40.652996
v 13.391227 35.030476 -42.033920
v 13.414040 35.060890 -49.889866
v 10.785271 39.382607 -46.606754
v 12.189068 36.970688 -35.410606
v 10.773865 39.264679 -28.433514
v 13.349341 34.961975 -25.196030
v 13.372216 35.000061 -34.219852
v 7.163524 38.226074 -6.843960
v 7.049398 35.475578 0.874987
v 7.049398 35.178825 0.456504
v 7.163524 37.780979 -6.859169
v 7.232025 39.599453 -18.081934
v 7.232025 39.066845 -18.119957
v -26.987829 20.056688 -96.888428
v -27.425323 17.937656 -99.764526
v -28.338396 13.813777 -102.610138
v -26.972620 20.056688 -94.316750
v -30.248186 7.791515 -98.444435
v -30.232916 7.879026 -104.881317
v -26.481895 26.969090 -18.104746
v -26.481895 26.969091 7.635300
v -18.005827 26.908260 7.635300
v -18.005827 26.908257 -18.104746
v -18.005827 26.908255 -46.340424
v -26.481895 26.969090 -46.340424
v -26.481895 26.969086 -80.244583
v -18.005827 26.908253 -80.244583
v -22.072674 32.732677 -80.244583
v -17.012911 32.732677 -80.244583
v -22.030849 32.732677 -89.489052
v -15.194433 32.732677 -80.244583
v -15.270538 32.732677 -85.779846
v 0.000000 32.732677 -89.489052
v 0.000000 32.732677 -85.867371
v 0.000000 32.732677 -80.244583
v 15.190631 32.732677 -80.244583
v 15.266735 32.732677 -85.779846
v 22.027046 32.732677 -89.489052
v 17.012911 32.732677 -80.244583
v 22.072674 32.732677 -80.244583
v -32.557388 -1.650796 -113.167152
v -32.557388 3.949182 -113.167152
v -17.469414 3.949182 -113.167152
v -17.518906 -1.650796 -113.167152
v 0.000000 -1.650796 -113.167152
v 0.000000 3.949182 -113.167152
v 17.469414 3.949182 -113.167152
v 17.518906 -1.650796 -113.167152
v 32.553589 -1.650796 -113.167152
v 32.553589 3.949182 -113.167152
v 0.000000 -7.277384 -64.627792
v -5.877657 -7.277384 -64.559357
v -5.679821 -7.277384 -80.244583
v 0.000000 -7.277384 -80.244583
v 5.676019 -7.277384 -80.244583
v 5.877657 -7.277384 -64.559357
v -26.192749 24.100666 2.632570
v -26.200352 24.081654 -14.471655
v -26.390583 23.005028 -15.205902
v -26.390583 23.301783 3.096741
v -29.726984 10.135004 -14.403152
v -29.726984 10.184433 -15.213505
v -17.035725 32.732681 -46.340424
v -17.058599 32.732681 -18.116154
v -14.791221 32.732681 -18.119957
v -15.038483 32.732681 -46.256775
v -15.194433 32.732677 -80.244583
v -17.012911 32.732677 -80.244583
v 0.000000 28.528893 -98.292229
v -15.959159 28.528893 -98.292229
v -15.099380 31.572342 -92.966187
v 0.000000 31.519112 -93.030884
v 15.095578 31.572342 -92.966187
v 15.955296 28.528893 -98.292229
v 0.000000 26.908249 -98.353119
v -17.861284 26.908249 -98.353119
v -15.959159 28.528893 -98.292229
v 0.000000 28.528893 -98.292229
v 15.955296 28.528893 -98.292229
v 17.861284 26.908249 -98.353119
v 0.000000 -10.716497 -19.246067
v -9.948303 -10.716497 -19.246067
v -9.605925 -10.716500 -44.830097
v 0.000000 -10.716500 -44.830097
v 9.605925 -10.716500 -44.830097
v 9.948303 -10.716497 -19.246067
v 0.000000 -9.156694 -64.627792
v -5.877657 -9.156694 -64.559357
v -5.877657 -7.277384 -64.559357
v 0.000000 -7.277384 -64.627792
v 5.877657 -7.277384 -64.559357
v 5.877657 -9.156694 -64.559357
v 0.000000 -9.156693 -18.104744
v -11.420601 -9.156693 -18.104744
v -9.948303 -10.716497 -19.246067
v 0.000000 -10.716497 -19.246067
v 9.948303 -10.716497 -19.246067
v 11.416799 -9.156693 -18.104744
v -17.834669 26.227304 26.991632
v -14.536290 26.227304 26.500908
v -14.536290 26.227304 21.444948
v -17.830866 26.227304 20.509127
v -17.986816 26.227303 13.474934
v -22.049862 26.288137 13.474934
v -22.049862 26.288139 29.122070
v -20.269403 26.234909 29.129677
v -17.792784 26.269129 32.937790
v -20.269403 26.242514 32.937790
v -16.457487 25.496862 49.733917
v -14.570572 24.203392 66.568001
v -20.486250 23.925648 68.470184
v -22.049862 26.288139 32.937790
v -13.748813 23.940857 68.481590
v -2.419526 23.393038 70.779388
v -10.180359 23.918045 68.481590
v -15.361852 23.453934 70.676666
v -19.968912 22.225161 78.467926
v 0.000000 23.883823 68.477798
v -15.377060 22.213692 78.467926
v -2.400515 22.171869 78.467926
v -18.968327 17.009388 93.578712
v 0.000000 22.164267 78.467926
v -15.396070 17.009388 93.578712
v 2.400515 22.171869 78.467926
v -17.811855 7.745905 108.347054
v 2.415724 23.393038 70.779388
v -15.437957 7.738302 108.411751
v 10.180359 23.918045 68.481590
v -17.359091 4.417109 112.311172
v 13.745011 23.940857 68.481590
v -15.479780 4.363817 112.444313
v -16.894983 -0.186146 116.990479
v 0.000000 -0.186146 116.990479
v 0.000000 4.363817 112.444313
v 15.479780 4.363817 112.444313
v 16.894983 -0.186146 116.990479
v 17.359091 4.417109 112.311172
v 15.434155 7.738302 108.411751
v 17.811855 7.745905 108.347054
v 15.392269 17.009388 93.578712
v 18.968327 17.009388 93.578712
v 15.377060 22.213692 78.467926
v 19.965109 22.225161 78.467926
v 15.361852 23.453934 70.676666
v 20.482449 23.925648 68.470184
v 14.570572 24.203392 66.568001
v 20.265602 26.242514 32.937790
v 22.046059 26.288139 32.937790
v 16.453686 25.496862 49.733917
v 17.788980 26.269129 32.937790
v 20.265602 26.234909 29.129677
v 17.834669 26.227304 26.991632
v 14.536290 26.227304 26.500908
v 14.536290 26.227304 21.444948
v 17.827066 26.227304 20.509127
v 22.046059 26.288139 29.122070
v 22.046059 26.288137 13.474934
v 17.986816 26.227303 13.474934
v -16.012390 -12.063196 68.405487
v -16.571613 -12.055590 43.521427
v 0.000000 -12.055590 43.529034
v 0.000000 -12.063196 68.553894
v 16.008587 -12.063196 68.405487
v 16.571613 -12.055590 43.521427
v 0.000000 19.341465 83.527679
v -12.801522 19.349070 83.577110
v -12.402111 18.474081 84.185822
v 0.000000 18.466476 84.185822
v 12.402111 18.474081 84.185822
v 12.801522 19.349070 83.577110
v -16.571613 -12.055590 43.521427
v -19.474321 -9.156687 41.851353
v 0.000000 -9.156687 41.858959
v 0.000000 -12.055590 43.529034
v 16.571613 -12.055590 43.521427
v 19.470520 -9.156687 41.851353
v 0.000000 -7.071934 12.539052
v -21.285194 -7.071934 12.626563
v -15.894461 24.020760 12.626561
v 0.000000 24.020760 12.626561
v 15.894461 24.020760 12.626561
v 21.281393 -7.071934 12.626563
v -13.748813 23.940857 68.481590
v -10.180359 23.918045 68.481590
v -10.511332 24.880543 66.651718
v -13.992275 24.888149 66.666916
v -15.536873 30.560427 49.775738
v -11.260787 28.582134 55.680077
v 0.000000 30.533749 49.787144
v 0.000000 28.525103 55.820816
v 11.260787 28.582134 55.680077
v 0.000000 32.626167 32.949261
v 15.536873 30.560427 49.775738
v 10.507528 24.880543 66.651718
v -16.693344 32.629967 32.945454
v 13.988472 24.888149 66.666916
v 13.745011 23.940857 68.481590
v 10.180359 23.918045 68.481590
v 16.693344 32.629967 32.945454
v -7.711343 32.671791 27.071535
v -16.704752 32.671791 27.071535
v 0.000000 32.626167 32.846539
v 16.700951 32.671791 27.071535
v 7.707541 32.671791 27.071535
v 0.000000 32.671791 27.071535
v -5.249993 32.660385 22.658510
v 5.249993 32.660385 22.658510
v 0.000000 32.660385 22.609083
v -17.480885 23.640358 7.635300
v -17.480885 23.640362 12.626561
v -17.480885 25.846842 13.474934
v -17.515104 25.846842 7.635300
v -17.035725 32.744095 7.585809
v -17.005306 32.721283 13.459663
v -31.975353 -0.007329 28.030239
v -37.099751 0.898077 26.443815
v -37.175858 0.898077 17.416187
v -31.994364 -0.007329 13.771628
v -27.356884 -0.007329 13.611876
v -30.818817 -0.007329 33.732933
v -28.513420 -0.007329 36.163868
v -27.356884 -0.007329 36.323681
v -28.513420 4.710055 36.163868
v -27.356884 4.710055 36.323681
v -27.482418 4.573052 13.543375
v -30.818817 4.710055 33.732933
v -31.975353 4.710054 28.030239
v -31.994364 4.710053 13.771627
v -37.175858 3.804586 17.416187
v -37.099751 3.804586 26.443815
v -69.721771 -5.162208 2.016315
v -69.717972 -1.000247 2.016315
v -69.717972 -1.000247 -0.555421
v -69.721771 -5.162208 -0.559223
v -69.717972 -9.320305 -0.559223
v -69.717972 -9.320305 2.016315
v -69.717972 -1.000247 -4.165762
v -69.717972 -0.996444 -7.738019
v -69.721771 -5.162208 -7.738018
v -69.721771 -5.162208 -4.165761
v -69.717972 -9.320305 -4.165761
v -69.717972 -9.327909 -7.738018
v -66.693527 -5.162215 -107.833511
v -66.693527 -1.190486 -107.833511
v -65.712021 -1.194289 -109.145996
v -65.712021 -5.162215 -109.145996
v -65.712021 -9.130082 -109.145996
v -66.693527 -9.133884 -107.833511
v -65.799530 0.011679 -0.559223
v -67.987007 0.011679 -0.559223
v -67.929977 0.011679 2.012512
v -65.826149 0.011679 2.012512
v -60.481102 0.011679 -0.563025
v -65.761505 0.011679 -4.192377
v -67.880486 0.019284 -7.738019
v -67.876678 0.011679 -4.180970
v -60.481102 0.011679 -4.230398
v -60.481102 0.019284 -7.738019
v -53.077919 0.019284 -7.738019
v -55.196892 0.011679 -4.192377
v -53.085522 0.011679 -4.180970
v -55.158875 0.011679 -0.559223
v -53.028431 0.011679 2.012512
v -52.975201 0.011679 -0.559223
v -55.132256 0.011679 2.012512
v -60.481102 0.011679 2.008710
v -55.204491 0.011679 4.835313
v -65.753906 0.011679 4.835313
v -56.395245 0.011679 6.212432
v -64.563156 0.011679 6.212432
v -57.882751 0.011679 7.018982
v -63.075653 0.011679 7.018982
v -60.481102 0.011679 7.270048
v -60.481102 -0.224177 -12.242296
v -67.705528 -0.224177 -12.242296
v -67.701721 -0.216572 -8.247753
v -60.481102 -0.216572 -8.247753
v -53.256680 -0.216572 -8.247753
v -53.252876 -0.224177 -12.242296
v -69.139740 -3.393164 -70.600563
v -69.721771 -2.925253 -71.057137
v -69.721771 -5.162213 -71.060936
v -69.139740 -5.162213 -70.604370
v -69.139740 -6.931202 -70.600563
v -69.721771 -7.399113 -71.057137
v -69.721771 -1.947541 -15.757521
v -69.139740 -2.415454 -16.130316
v -69.139740 -5.162210 -16.134119
v -69.721771 -5.162210 -15.761323
v -69.721771 -8.376820 -15.757521
v -69.139740 -7.905107 -16.130316
v -67.929977 -10.336035 2.012513
v -67.987007 -10.336035 -0.559223
v -65.799530 -10.336035 -0.559223
v -65.826149 -10.336035 2.012513
v -60.481102 -10.336035 -0.563025
v -65.761505 -10.336035 -4.192376
v -67.876678 -10.336035 -4.180969
v -67.880486 -10.343639 -7.738018
v -60.481102 -10.336035 -4.230397
v -60.481102 -10.343639 -7.738018
v -53.077919 -10.343639 -7.738018
v -55.196892 -10.336035 -4.192376
v -53.085522 -10.336035 -4.180969
v -55.158875 -10.336035 -0.559223
v -52.975201 -10.336035 -0.559223
v -53.028431 -10.336035 2.012513
v -55.132256 -10.336035 2.012513
v -60.481102 -10.336035 2.008711
v -55.204491 -10.336035 4.835314
v -65.753906 -10.336035 4.835314
v -56.395245 -10.336035 6.212433
v -64.563156 -10.336035 6.212433
v -57.882751 -10.336035 7.018983
v -63.075653 -10.336035 7.018983
v -60.481102 -10.336035 7.270048
v -67.701721 -10.107784 -8.247753
v -67.705528 -10.100179 -12.242296
v -60.481102 -10.100179 -12.242296
v -60.481102 -10.107784 -8.247753
v -53.256680 -10.107784 -8.247753
v -53.252876 -10.100179 -12.242296
v -61.481625 -9.693108 -85.878769
v -61.983814 -10.336041 -86.407578
v -60.481102 -10.336041 -86.426590
v -60.481102 -9.693108 -85.890167
v -59.480587 -9.693108 -85.878769
v -58.974586 -10.336041 -86.407578
v -62.835995 -10.336037 -14.890137
v -62.550652 -9.693103 -15.407475
v -60.481102 -9.693103 -15.281942
v -60.481102 -10.336037 -14.749332
v -58.122410 -10.336037 -14.890137
v -58.407761 -9.693103 -15.407475
v -65.118576 1.240515 -13.809710
v -66.096291 0.011678 -12.763499
v -60.481102 0.011678 -12.771103
v -60.481102 1.240515 -13.821115
v -55.839825 1.240515 -13.809710
v -54.862118 0.011678 -12.763499
v -64.521271 -0.300289 -101.331871
v -63.547367 0.932349 -100.624306
v -60.481102 0.932349 -100.631905
v -60.481102 -0.300289 -101.339478
v -56.437134 -0.300289 -101.331871
v -57.414841 0.932349 -100.624306
v -51.240429 -1.000247 -0.559223
v -51.240429 -1.000247 2.016315
v -51.236629 -5.162208 2.016315
v -51.236629 -5.162208 -0.559223
v -51.240429 -9.320305 -0.559223
v -51.240429 -9.320305 2.016315
v -51.236629 -5.162208 -7.738018
v -51.240429 -0.996444 -7.738019
v -51.240429 -1.000247 -4.165762
v -51.236629 -5.162208 -4.165761
v -51.240429 -9.320305 -4.165761
v -51.240429 -9.327909 -7.738018
v -55.246384 -1.194289 -109.145996
v -54.264870 -1.190486 -107.833511
v -54.264870 -5.162215 -107.833511
v -55.246384 -5.162215 -109.145996
v -55.246384 -9.130082 -109.145996
v -54.264870 -9.133884 -107.833511
v -51.236629 -5.162213 -71.060936
v -51.236629 -2.925253 -71.057137
v -51.822472 -3.393164 -70.600563
v -51.818665 -5.162213 -70.604370
v -51.822472 -6.931202 -70.600563
v -51.236629 -7.399113 -71.057137
v -51.818665 -5.162210 -16.134119
v -51.822472 -2.415454 -16.130316
v -51.240429 -1.947541 -15.757521
v -51.236629 -5.162210 -15.761323
v -51.240429 -8.376820 -15.757521
v -51.822472 -7.905107 -16.130316
v -30.796005 31.024529 -29.932423
v -30.811214 31.005520 -14.429770
v -27.748692 31.907124 -12.478155
v -21.338427 33.116886 -6.071691
v -26.854691 32.108761 -29.932425
v -30.784597 31.039736 -45.811615
v -21.228102 33.116882 -29.932425
v -26.816671 32.116360 -45.811615
v -15.970566 33.116882 -29.932425
v -15.955296 33.116886 -5.794010
v -21.155861 33.116882 -45.811615
v -15.978170 33.116882 -45.811615
v -15.997182 33.116882 -78.361404
v -21.026463 33.116882 -78.239670
v -30.761723 31.070152 -77.623352
v -36.814407 28.022900 -75.603302
v -36.833416 27.996284 -57.076202
v -36.844883 27.981079 -45.811615
v -42.041584 24.667490 -73.354927
v -42.030113 24.739796 -45.811615
v -42.033920 24.709377 -57.159912
v -47.238289 21.536530 -69.733185
v -47.238289 21.536531 -45.811615
v -47.238289 21.536530 -57.236015
v -51.925194 17.648508 -63.227802
v -51.925194 17.690395 -45.811615
v -51.925194 17.663717 -57.327332
v -52.910503 16.697414 -63.227802
v -52.944717 16.682207 -52.514832
v -56.604485 13.136629 -45.811615
v -59.001202 10.804552 -45.811615
v -56.676792 13.079536 -29.932423
v -57.989273 11.786061 -52.503426
v -51.921387 17.732222 -29.932423
v -58.985992 10.812155 -63.227802
v -58.061577 11.706154 -63.227802
v -61.040329 7.567068 -45.811615
v -61.040329 7.582276 -74.469574
v -62.409901 2.667122 -45.811615
v -62.409901 2.667120 -83.786354
v -62.497414 -0.791011 -45.811615
v -62.497414 -0.791013 -88.100464
v -62.409901 2.667123 -29.932421
v -62.497414 -0.791008 -29.932421
v -62.497414 -0.791008 -19.535217
v -62.409901 2.667123 -19.539021
v -61.040329 7.559466 -29.932423
v -61.040329 7.551863 -19.539021
v -59.012608 10.796948 -29.932423
v -59.024014 10.789345 -19.402020
v -57.852333 11.938211 -19.318373
v -57.852333 11.934409 -27.646034
v -53.393623 16.298008 -27.691660
v -51.921387 17.762638 -18.899891
v -53.401291 16.309414 -19.006411
v -47.238289 21.536531 -29.932423
v -47.238289 21.536531 -18.313988
v -42.026314 24.789223 -29.932423
v -42.018707 24.827309 -17.477083
v -36.863895 27.958267 -29.932423
v -36.879101 27.939196 -16.297737
v -32.222614 30.290283 -14.863461
v -32.310127 30.252262 -23.301447
v -35.030209 28.878881 -23.236811
v -35.174747 28.810383 -29.932423
v -15.205902 39.375000 -71.117966
v -15.445560 38.237537 -70.767982
v 0.000000 38.245144 -70.699478
v 0.000000 39.371197 -71.049530
v 15.205902 39.375000 -71.117966
v 15.445560 38.237537 -70.767982
v -15.205902 39.375000 -67.671242
v -15.205902 39.367397 -58.788155
v 0.000000 39.363598 -58.788155
v 0.000000 39.371197 -67.602798
v 15.205902 39.375000 -67.671242
v 15.205902 39.367397 -58.788155
v 0.000000 38.245144 -68.055511
v -15.453165 38.237537 -68.055511
v -15.205902 39.375000 -67.671242
v 0.000000 39.371197 -67.602798
v 15.205902 39.375000 -67.671242
v 15.449362 38.237537 -68.055511
v -15.445560 38.237537 -70.767982
v -15.453165 38.237537 -68.055511
v 0.000000 38.245144 -68.055511
v 0.000000 38.245144 -70.699478
v 15.445560 38.237537 -70.767982
v 15.449362 38.237537 -68.055511
v -15.224913 37.769573 -6.794532
v -15.430351 35.152210 0.570630
v -7.053200 35.178825 0.456504
v -7.167327 37.780979 -6.859169
v -7.235827 39.066845 -18.119957
v -15.205902 39.066845 -18.119957
v -15.205902 39.078251 -19.995527
v 0.000000 39.066845 -18.119957
v -10.157546 39.074448 -19.995527
v 0.000000 39.074448 -19.995527
v 10.157546 39.074448 -19.995527
v 15.205902 39.078251 -19.995527
v 7.232025 39.066845 -18.119957
v 15.205902 39.066845 -18.119957
v 15.224913 37.769573 -6.794532
v 7.163524 37.780979 -6.859169
v 7.049398 35.178825 0.456504
v 15.426550 35.152210 0.570630
v -8.734739 40.048351 -44.160553
v -8.734739 40.048355 -31.069885
v 0.000000 39.880997 -31.290531
v 0.000000 40.048351 -44.381203
v 8.734739 40.048351 -44.160553
v 8.734739 40.048355 -31.069885
v -10.149941 37.731548 -27.626963
v -10.777666 39.264679 -28.433514
v -13.349341 34.961975 -25.196030
v -7.136909 37.693527 -27.646036
v 0.000000 37.609821 -27.687859
v 0.000000 39.063042 -28.471535
v 10.773865 39.264679 -28.433514
v 7.136909 37.693527 -27.646036
v 10.146140 37.731548 -27.626963
v 13.349341 34.961975 -25.196030
v 0.000000 32.698399 -84.204834
v -4.618466 32.698399 -84.182022
v -3.515162 37.385365 -78.916824
v 0.000000 37.339676 -78.814102
v 3.515162 37.385365 -78.916824
v 4.614664 32.698399 -84.182022
v -10.180359 37.484283 -48.105667
v -13.414040 35.060890 -49.889866
v -10.785271 39.382607 -46.606754
v -7.136909 37.484283 -48.105667
v 0.000000 37.484283 -48.109470
v 0.000000 39.158157 -46.610558
v 10.785271 39.382607 -46.606754
v 7.136909 37.484283 -48.105667
v 10.176556 37.484283 -48.105667
v 13.414040 35.060890 -49.889866
v -15.959159 34.916351 -19.995527
v -13.242819 34.882133 -19.984121
v -13.349341 34.961975 -25.196030
v -16.027597 34.977184 -25.188427
v -16.149328 35.079903 -49.889866
v -13.372216 35.000061 -34.219852
v -13.395028 35.030476 -42.033920
v -13.414040 35.060890 -49.889866
v -13.554779 35.114185 -54.067036
v -16.236839 35.133194 -54.089848
v 0.000000 39.066845 -18.119957
v -7.235827 39.066845 -18.119957
v -7.232025 39.599453 -18.081934
v 0.000000 39.599453 -18.081934
v 7.232025 39.599453 -18.081934
v 7.232025 39.066845 -18.119957
v 0.000000 39.146751 -44.826302
v -9.179837 39.340782 -44.605656
v -8.734739 40.048351 -44.160553
v 0.000000 40.048351 -44.381203
v 8.734739 40.048351 -44.160553
v 9.176036 39.340782 -44.605656
v 0.000000 -9.156696 -103.926422
v -27.649837 -9.156696 -103.926422
v -26.984028 -8.388231 -107.685104
v 0.000000 -8.388231 -107.685104
v 26.984028 -8.388231 -107.685104
v 27.649837 -9.156696 -103.926422
v -15.099380 31.572342 -92.966187
v -16.115110 31.385914 -91.353149
v 0.000000 31.321278 -91.429260
v 0.000000 31.519112 -93.030884
v 15.095578 31.572342 -92.966187
v 16.115110 31.385914 -91.353149
v 0.000000 32.732677 -80.244583
v -15.194433 32.732677 -80.244583
v -15.038483 32.732681 -46.256775
v 0.000000 32.732681 -46.256775
v 15.034681 32.732681 -46.256775
v 15.190631 32.732677 -80.244583
v 0.000000 32.732681 -46.256775
v -15.038483 32.732681 -46.256775
v -14.791221 32.732681 -18.119957
v 0.000000 32.732681 -18.119957
v 14.791221 32.732681 -18.119957
v 15.034681 32.732681 -46.256775
v 0.000000 -7.277384 -80.244583
v -5.679821 -7.277384 -80.244583
v -5.679821 -9.156694 -80.244583
v 0.000000 -9.156694 -80.244583
v 5.676019 -9.156694 -80.244583
v 5.676019 -7.277384 -80.244583
v -9.605925 -10.716500 -44.830097
v -11.078159 -9.156694 -46.340416
v 0.000000 -9.156694 -46.340416
v 0.000000 -10.716500 -44.830097
v 9.605925 -10.716500 -44.830097
v 11.074357 -9.156694 -46.340416
v 0.000000 -0.186146 116.990479
v -16.894983 -0.186146 116.990479
v -16.894983 -2.080667 117.112206
v 0.000000 -2.080667 117.112206
v 16.894983 -2.080667 117.112206
v 16.894983 -0.186146 116.990479
v -15.316225 -12.063196 72.765221
v -16.012390 -12.063196 68.405487
v 0.000000 -12.063196 68.553894
v 0.000000 -12.063196 72.765221
v 15.312424 -12.063196 72.765221
v 16.008587 -12.063196 68.405487
v -7.711343 32.671791 27.071535
v -7.711343 30.997917 26.470491
v 0.000000 32.641373 27.060131
v 0.000000 30.997917 26.436211
v 7.707541 30.997917 26.470491
v 7.707541 32.671791 27.071535
v 0.000000 31.009327 22.605282
v -5.569497 31.009327 22.650908
v -5.249993 32.660385 22.658510
v 0.000000 32.660385 22.609083
v 5.249993 32.660385 22.658510
v 5.569497 31.009327 22.650908
v -14.829241 3.039930 112.006821
v -15.479780 4.363817 112.444313
v 0.000000 4.363817 112.444313
v 0.000000 2.979095 112.079124
v 14.825439 3.039930 112.006821
v 15.479780 4.363817 112.444313
v -2.400515 22.171869 78.467926
v -2.548923 21.000128 78.848381
v 0.000000 21.000128 78.855980
v 0.000000 22.164267 78.467926
v 2.400515 22.171869 78.467926
v 2.545121 21.000128 78.848381
v -12.367829 6.810020 100.936264
v -12.763500 6.429621 107.799232
v 0.000000 6.395340 107.810638
v 0.000000 6.867114 100.833549
v 12.364027 6.810020 100.936264
v 12.759699 6.429621 107.799232
v 0.000000 -9.156685 75.610901
v -17.792784 -9.156685 75.610901
v -15.316225 -12.063196 72.765221
v 0.000000 -12.063196 72.765221
v 15.312424 -12.063196 72.765221
v 17.792784 -9.156685 75.610901
v -6.376047 -9.156685 78.718979
v -17.792784 -9.156685 75.610901
v 0.000000 -9.156685 75.610901
v 0.000000 -9.156685 78.718979
v 6.372245 -9.156685 78.718979
v 17.792784 -9.156685 75.610901
v 0.000000 -7.071934 12.539052
v -23.484074 -7.071934 12.626563
v -23.484074 -7.071936 7.635302
v 0.000000 -7.071936 7.635302
v 23.484074 -7.071936 7.635302
v 23.484074 -7.071934 12.626563
v -8.734739 40.048355 -31.069885
v -9.176036 39.249470 -30.396534
v 0.000000 39.070648 -30.453568
v 0.000000 39.880997 -31.290531
v 8.734739 40.048355 -31.069885
v 9.176036 39.249470 -30.396534
v 30.248186 7.791515 -98.444435
v 30.229113 7.879026 -104.881317
v 28.334595 13.813777 -102.610138
v 26.972620 20.056688 -94.316750
v 26.984028 20.056688 -96.888428
v 27.421522 17.937656 -99.764526
v 18.005827 26.908260 7.635300
v 26.478096 26.969091 7.635300
v 26.478096 26.969090 -18.104746
v 18.005827 26.908257 -18.104746
v 18.005827 26.908255 -46.340424
v 26.478096 26.969090 -46.340424
v 26.478096 26.969086 -80.244583
v 18.005827 26.908253 -80.244583
v 29.726984 10.135004 -14.403152
v 29.726984 10.184433 -15.213505
v 26.386780 23.005028 -15.205902
v 26.390583 23.301783 3.096741
v 26.188946 24.100666 2.632570
v 26.196548 24.081654 -14.471655
v 14.791221 32.732681 -18.119957
v 17.054796 32.732681 -18.116154
v 17.031921 32.732681 -46.340424
v 15.034681 32.732681 -46.256775
v 15.190631 32.732677 -80.244583
v 17.012911 32.732677 -80.244583
v 17.031921 32.744095 7.585809
v 17.005306 32.721283 13.459663
v 17.477083 25.846842 13.474934
v 17.511301 25.846842 7.635300
v 17.477083 23.640358 7.635300
v 17.477083 23.640362 12.626561
v 37.175858 0.898077 17.416187
v 37.099751 0.898077 26.443815
v 31.971548 -0.007329 28.030239
v 31.994364 -0.007329 13.771628
v 27.356884 -0.007329 13.611876
v 30.818817 -0.007329 33.732933
v 28.509617 -0.007329 36.163868
v 27.356884 -0.007329 36.323681
v 27.356884 4.710055 36.323681
v 28.509617 4.710055 36.163868
v 27.482418 4.573052 13.543375
v 30.818817 4.710055 33.732933
v 31.971548 4.710054 28.030239
v 31.994364 4.710053 13.771627
v 37.175858 3.804586 17.416187
v 37.099751 3.804586 26.443815
v 69.717972 -1.000247 -0.555421
v 69.717972 -1.000247 2.016315
v 69.721771 -5.162208 2.016315
v 69.721771 -5.162208 -0.559223
v 69.717972 -9.320305 -0.559223
v 69.717972 -9.320305 2.016315
v 69.721771 -5.162208 -7.738018
v 69.717972 -0.996444 -7.738019
v 69.717972 -1.000247 -4.165762
v 69.721771 -5.162208 -4.165761
v 69.717972 -9.320305 -4.165761
v 69.717972 -9.327909 -7.738018
v 65.708221 -1.194289 -109.145996
v 66.693527 -1.190486 -107.833511
v 66.693527 -5.162215 -107.833511
v 65.708221 -5.162215 -109.145996
v 65.708221 -9.130082 -109.145996
v 66.693527 -9.133884 -107.833511
v 67.929977 0.011679 2.012512
v 67.983200 0.011679 -0.559223
v 65.799530 0.011679 -0.559223
v 65.826149 0.011679 2.012512
v 60.477299 0.011679 -0.563025
v 65.757713 0.011679 -4.192377
v 67.872879 0.011679 -4.180970
v 67.880486 0.019284 -7.738019
v 60.477299 0.011679 -4.230398
v 60.477299 0.019284 -7.738019
v 53.074116 0.019284 -7.738019
v 55.196892 0.011679 -4.192377
v 53.081722 0.011679 -4.180970
v 55.155067 0.011679 -0.559223
v 52.971397 0.011679 -0.559223
v 53.028431 0.011679 2.012512
v 55.128387 0.011679 2.012512
v 60.477299 0.011679 2.008710
v 55.204491 0.011679 4.835313
v 65.750107 0.011679 4.835313
v 56.395245 0.011679 6.212432
v 64.563156 0.011679 6.212432
v 57.878952 0.011679 7.018982
v 63.075653 0.011679 7.018982
v 60.477299 0.011679 7.270048
v 67.701721 -0.216572 -8.247753
v 67.705528 -0.224177 -12.242296
v 60.477299 -0.224177 -12.242296
v 60.477299 -0.216572 -8.247753
v 53.256680 -0.216572 -8.247753
v 53.252876 -0.224177 -12.242296
v 69.721771 -5.162213 -71.060936
v 69.717972 -2.925253 -71.057137
v 69.135941 -3.393164 -70.600563
v 69.139740 -5.162213 -70.604370
v 69.135941 -6.931202 -70.600563
v 69.717972 -7.399113 -71.057137
v 69.139740 -5.162210 -16.134119
v 69.135941 -2.415454 -16.130316
v 69.717972 -1.947541 -15.757521
v 69.721771 -5.162210 -15.761323
v 69.717972 -8.376820 -15.757521
v 69.135941 -7.905107 -16.130316
v 65.799530 -10.336035 -0.559223
v 67.983200 -10.336035 -0.559223
v 67.929977 -10.336035 2.012513
v 65.826149 -10.336035 2.012513
v 60.477299 -10.336035 -0.563025
v 65.757713 -10.336035 -4.192376
v 67.880486 -10.343639 -7.738018
v 67.872879 -10.336035 -4.180969
v 60.477299 -10.336035 -4.230397
v 60.477299 -10.343639 -7.738018
v 53.074116 -10.343639 -7.738018
v 55.196892 -10.336035 -4.192376
v 53.081722 -10.336035 -4.180969
v 55.155067 -10.336035 -0.559223
v 53.028431 -10.336035 2.012513
v 52.971397 -10.336035 -0.559223
v 55.128387 -10.336035 2.012513
v 60.477299 -10.336035 2.008711
v 55.204491 -10.336035 4.835314
v 65.750107 -10.336035 4.835314
v 56.395245 -10.336035 6.212433
v 64.563156 -10.336035 6.212433
v 57.878952 -10.336035 7.018983
v 63.075653 -10.336035 7.018983
v 60.477299 -10.336035 7.270048
v 60.477299 -10.100179 -12.242296
v 67.705528 -10.100179 -12.242296
v 67.701721 -10.107784 -8.247753
v 60.477299 -10.107784 -8.247753
v 53.256680 -10.107784 -8.247753
v 53.252876 -10.100179 -12.242296
v 60.477299 -10.336041 -86.426590
v 61.983814 -10.336041 -86.407578
v 61.477821 -9.693108 -85.878769
v 60.477299 -9.693108 -85.890167
v 59.476780 -9.693108 -85.878769
v 58.974586 -10.336041 -86.407578
v 60.477299 -9.693103 -15.281942
v 62.550652 -9.693103 -15.407475
v 62.835995 -10.336037 -14.890137
v 60.477299 -10.336037 -14.749332
v 58.122410 -10.336037 -14.890137
v 58.407761 -9.693103 -15.407475
v 60.477299 0.011678 -12.771103
v 66.096291 0.011678 -12.763499
v 65.118576 1.240515 -13.809710
v 60.477299 1.240515 -13.821115
v 55.836021 1.240515 -13.809710
v 54.862118 0.011678 -12.763499
v 60.477299 0.932349 -100.631905
v 63.543564 0.932349 -100.624306
v 64.521271 -0.300289 -101.331871
v 60.477299 -0.300289 -101.339478
v 56.433331 -0.300289 -101.331871
v 57.411041 0.932349 -100.624306
v 51.232761 -5.162208 2.016315
v 51.236629 -1.000247 2.016315
v 51.236629 -1.000247 -0.559223
v 51.232761 -5.162208 -0.559223
v 51.236629 -9.320305 -0.559223
v 51.236629 -9.320305 2.016315
v 51.236629 -1.000247 -4.165762
v 51.236629 -0.996444 -7.738019
v 51.232761 -5.162208 -7.738018
v 51.232761 -5.162208 -4.165761
v 51.236629 -9.320305 -4.165761
v 51.236629 -9.327909 -7.738018
v 54.264870 -5.162215 -107.833511
v 54.264870 -1.190486 -107.833511
v 55.246384 -1.194289 -109.145996
v 55.246384 -5.162215 -109.145996
v 55.246384 -9.130082 -109.145996
v 54.264870 -9.133884 -107.833511
v 51.818665 -3.393164 -70.600563
v 51.236629 -2.925253 -71.057137
v 51.232761 -5.162213 -71.060936
v 51.818665 -5.162213 -70.604370
v 51.818665 -6.931202 -70.600563
v 51.236629 -7.399113 -71.057137
v 51.236629 -1.947541 -15.757521
v 51.818665 -2.415454 -16.130316
v 51.818665 -5.162210 -16.134119
v 51.232761 -5.162210 -15.761323
v 51.236629 -8.376820 -15.757521
v 51.818665 -7.905107 -16.130316
v 30.807411 31.005520 -14.429770
v 30.796005 31.024529 -29.932423
v 27.748692 31.907124 -12.478155
v 21.338427 33.116886 -6.071691
v 26.850891 32.108761 -29.932425
v 30.784597 31.039736 -45.811615
v 21.224298 33.116882 -29.932425
v 26.812868 32.116360 -45.811615
v 15.966763 33.116882 -29.932425
v 15.951492 33.116886 -5.794010
v 21.155861 33.116882 -45.811615
v 15.978170 33.116882 -45.811615
v 15.993380 33.116882 -78.361404
v 21.022663 33.116882 -78.239670
v 30.761723 31.070152 -77.623352
v 36.814407 28.022900 -75.603302
v 36.833416 27.996284 -57.076202
v 36.844883 27.981079 -45.811615
v 42.037781 24.667490 -73.354927
v 42.030113 24.739796 -45.811615
v 42.033920 24.709377 -57.159912
v 47.234482 21.536530 -69.733185
v 47.234482 21.536531 -45.811615
v 47.234482 21.536530 -57.236015
v 51.925194 17.648508 -63.227802
v 51.921387 17.690395 -45.811615
v 51.921387 17.663717 -57.327332
v 52.906700 16.697414 -63.227802
v 52.944717 16.682207 -52.514832
v 56.600685 13.136629 -45.811615
v 58.997402 10.804552 -45.811615
v 56.672993 13.079536 -29.932423
v 57.985474 11.786061 -52.503426
v 51.921387 17.732222 -29.932423
v 58.985992 10.812155 -63.227802
v 58.061577 11.706154 -63.227802
v 61.036526 7.567068 -45.811615
v 61.036526 7.582276 -74.469574
v 62.409901 2.667122 -45.811615
v 62.409901 2.667120 -83.786354
v 62.497414 -0.791011 -45.811615
v 62.497414 -0.791013 -88.100464
v 62.409901 2.667123 -29.932421
v 62.497414 -0.791008 -29.932421
v 62.497414 -0.791008 -19.535217
v 62.409901 2.667123 -19.539021
v 61.036526 7.559466 -29.932423
v 61.036526 7.551863 -19.539021
v 59.012608 10.796948 -29.932423
v 59.020214 10.789345 -19.402020
v 57.848534 11.938211 -19.318373
v 57.848534 11.934409 -27.646034
v 53.389820 16.298008 -27.691660
v 51.917587 17.762638 -18.899891
v 53.397484 16.309414 -19.006411
v 47.234482 21.536531 -29.932423
v 47.234482 21.536531 -18.313988
v 42.022511 24.789223 -29.932423
v 42.018707 24.827309 -17.477083
v 36.860088 27.958267 -29.932423
v 36.879101 27.939196 -16.297737
v 32.310127 30.252262 -23.301447
v 32.222614 30.290283 -14.863461
v 35.026402 28.878881 -23.236811
v 35.174747 28.810383 -29.932423
v 13.349341 34.961975 -25.196030
v 13.239017 34.882133 -19.984121
v 15.955296 34.916351 -19.995527
v 16.027597 34.977184 -25.188427
v 16.149328 35.079903 -49.889866
v 13.372216 35.000061 -34.219852
v 13.391227 35.030476 -42.033920
v 13.414040 35.060890 -49.889866
v 13.550978 35.114185 -54.067036
v 16.233040 35.133194 -54.089848
v -7.711343 32.671791 27.071535
v -7.711343 30.997917 26.470491
v -14.072181 30.997917 26.500908
v -16.704752 32.671791 27.071535
v -17.461811 31.994638 27.056330
v -17.834669 26.227304 26.991632
v -14.536290 26.227304 26.500908
v -12.763500 6.429621 107.799232
v -12.812929 16.039284 93.160233
v -14.829241 16.046888 93.194435
v -14.829241 6.859511 107.795425
v -14.829241 3.039930 112.006821
v 0.000000 2.979095 112.079124
v 0.000000 6.395340 107.810638
v 12.759699 6.429621 107.799232
v 14.825439 3.039930 112.006821
v 14.825439 6.859511 107.795425
v 14.825439 16.046888 93.194435
v 12.812929 16.039284 93.160233
v -65.761505 0.011679 -4.192377
v -67.876678 0.011679 -4.180970
v -66.347359 -0.555151 -3.572255
v -67.792976 -0.555151 -3.819518
v -67.792976 -0.555151 -3.568453
v -69.717972 -1.000247 -4.165762
v -69.097916 -1.506243 -3.564651
v -69.097916 -5.162208 -3.564651
v -69.721771 -5.162208 -4.165761
v -69.717972 -9.320305 -4.165761
v -69.097916 -8.818113 -3.564651
v -67.792976 -9.769206 -3.568452
v -67.792976 -9.769206 -3.819518
v -66.347359 -9.769206 -3.572254
v -67.876678 -10.336035 -4.180969
v -65.761505 -10.336035 -4.192376
v -53.085522 0.011679 -4.180970
v -55.196892 0.011679 -4.192377
v -54.611053 -0.555151 -3.572255
v -53.165367 -0.555151 -3.819518
v -53.169170 -0.555151 -3.568453
v -51.240429 -1.000247 -4.165762
v -51.860489 -1.506243 -3.564651
v -51.860489 -5.162208 -3.564651
v -51.236629 -5.162208 -4.165761
v -51.240429 -9.320305 -4.165761
v -51.860489 -8.818113 -3.564651
v -53.169170 -9.769206 -3.568452
v -53.165367 -9.769206 -3.819518
v -54.611053 -9.769206 -3.572254
v -53.085522 -10.336035 -4.180969
v -55.196892 -10.336035 -4.192376
v -15.205902 39.375000 -73.134277
v -15.205902 39.375000 -71.117966
v -10.218380 39.375000 -73.058174
v 0.000000 39.375000 -76.832069
v -10.222244 39.378803 -76.767365
v 0.000000 39.371197 -71.049530
v 15.205902 39.375000 -71.117966
v 10.218380 39.375000 -73.058174
v 15.205902 39.375000 -73.134277
v 10.218380 39.378803 -76.767365
v -15.205902 39.367397 -58.788155
v -16.236839 35.133194 -54.089848
v -13.554779 35.114185 -54.067036
v -10.252662 37.480484 -56.779514
v -7.136909 37.480484 -56.779514
v 0.000000 37.480484 -56.779514
v 0.000000 39.363598 -58.788155
v 15.205902 39.367397 -58.788155
v 7.136909 37.480484 -56.779514
v 10.248859 37.480484 -56.779514
v 13.550978 35.114185 -54.067036
v 16.233040 35.133194 -54.089848
v -23.069391 4.439916 7.635301
v -23.069391 -2.111092 7.635302
v -20.303684 -7.071936 7.635302
v 0.000000 23.640358 7.635300
v -19.363998 23.640358 7.635300
v 0.000000 -7.071936 7.635302
v 20.299883 -7.071936 7.635302
v 23.065590 4.439916 7.635301
v 19.363998 23.640358 7.635300
v 23.065590 -2.111092 7.635302
v 14.072181 30.997917 26.500908
v 7.707541 30.997917 26.470491
v 7.707541 32.671791 27.071535
v 16.700951 32.671791 27.071535
v 17.458010 31.994638 27.056330
v 17.834669 26.227304 26.991632
v 14.536290 26.227304 26.500908
v 67.872879 0.011679 -4.180970
v 65.757713 0.011679 -4.192377
v 66.343552 -0.555151 -3.572255
v 67.792976 -0.555151 -3.819518
v 67.789169 -0.555151 -3.568453
v 69.717972 -1.000247 -4.165762
v 69.094109 -1.506243 -3.564651
v 69.094109 -5.162208 -3.564651
v 69.721771 -5.162208 -4.165761
v 69.717972 -9.320305 -4.165761
v 69.094109 -8.818113 -3.564651
v 67.789169 -9.769206 -3.568452
v 67.792976 -9.769206 -3.819518
v 66.343552 -9.769206 -3.572254
v 67.872879 -10.336035 -4.180969
v 65.757713 -10.336035 -4.192376
v 55.196892 0.011679 -4.192377
v 53.081722 0.011679 -4.180970
v 54.611053 -0.555151 -3.572255
v 53.165367 -0.555151 -3.819518
v 53.165367 -0.555151 -3.568453
v 51.236629 -1.000247 -4.165762
v 51.860489 -1.506243 -3.564651
v 51.860489 -5.162208 -3.564651
v 51.232761 -5.162208 -4.165761
v 51.236629 -9.320305 -4.165761
v 51.860489 -8.818113 -3.564651
v 53.165367 -9.769206 -3.568452
v 53.165367 -9.769206 -3.819518
v 54.611053 -9.769206 -3.572254
v 53.081722 -10.336035 -4.180969
v 55.196892 -10.336035 -4.192376
v -16.149328 32.363628 5.672216
v 0.000000 32.546257 5.672216
v -15.426550 35.448959 0.989114
v -7.049398 35.475578 0.874987
v 16.149328 32.363628 5.672216
v 15.426550 35.448959 0.989114
v 7.049398 35.475578 0.874987
v 0.000000 35.498390 0.779872
v 0.000000 38.237545 -6.901054
v -7.163524 38.226074 -6.843960
v 7.163524 38.226074 -6.843960
v 0.000000 39.599453 -18.081934
v -7.232025 39.599453 -18.081934
v 7.232025 39.599453 -18.081934
v -17.031921 32.744095 7.585809
v -17.621624 31.424006 7.597215
v -18.005827 26.908260 7.635300
v 0.000000 32.736488 7.585809
v 0.000000 26.908260 7.635300
v 18.005827 26.908260 7.635300
v 17.031921 32.744095 7.585809
v 17.621624 31.424006 7.597215
v 0.000000 23.640358 7.635300
v -19.363998 23.640358 7.635300
v 19.363998 23.640358 7.635300
v -26.481895 26.969091 7.635300
v 26.478096 26.969091 7.635300
v -23.069391 4.439916 7.635301
v 23.065590 4.439916 7.635301
v -32.340542 4.439916 7.635301
v 32.340542 4.439916 7.635301
v -23.069391 -2.111092 7.635302
v 23.065590 -2.111092 7.635302
v -32.340542 -2.111092 7.635302
v 32.340542 -2.111092 7.635302
v -20.303684 -7.071936 7.635302
v 20.299883 -7.071936 7.635302
v -27.649837 -9.156690 7.635303
v 27.649837 -9.156690 7.635303
v 0.000000 -9.156690 7.635303
v 0.000000 -7.071936 7.635302
v 0.000000 26.227303 13.474934
v -17.986816 26.227303 13.474934
v -17.617823 31.435411 13.463467
v 0.000000 32.725082 13.459663
v -16.856960 32.728882 13.459663
v 17.614021 31.435411 13.463467
v 16.853159 32.728882 13.459663
v 17.986816 26.227303 13.474934
v -69.139740 -3.389361 -51.601822
v -69.139740 -3.393164 -70.600563
v -69.139740 -5.162213 -70.604370
v -69.139740 -6.931202 -70.600563
v -69.139740 -6.931200 -51.601814
v -69.139740 -5.162213 -51.601814
v -69.139740 -3.389359 -31.184010
v -69.139740 -6.935000 -31.184006
v -69.139740 -5.162210 -31.187805
v -69.135941 -2.415454 -24.237329
v -69.135941 -7.908907 -24.237329
v -69.139740 -5.162210 -24.263945
v -69.139740 -5.162210 -16.134119
v -69.139740 -2.415454 -16.130316
v -69.139740 -7.905107 -16.130316
v -51.818665 -5.162213 -70.604370
v -51.822472 -3.393164 -70.600563
v -51.818665 -3.389361 -51.601822
v -51.818665 -6.931200 -51.601814
v -51.822472 -6.931202 -70.600563
v -51.818665 -5.162213 -51.601814
v -51.818665 -3.389359 -31.184010
v -51.818665 -6.935000 -31.184006
v -51.818665 -5.162210 -31.187805
v -51.822472 -2.415454 -24.237329
v -51.822472 -7.908907 -24.237329
v -51.818665 -5.162210 -24.263945
v -51.818665 -5.162210 -16.134119
v -51.822472 -2.415454 -16.130316
v -51.822472 -7.905107 -16.130316
v -15.955296 27.710943 -4.622268
v -21.338427 27.710943 -4.899949
v -15.997182 27.710938 -79.708160
v -21.102570 27.710938 -61.489227
v -21.026463 27.710938 -79.742386
v -29.133476 26.272923 -79.122253
v -25.580233 27.052801 -21.056942
v -25.580233 27.052801 -11.306476
v -25.580233 27.052795 -61.489227
v -29.156288 26.257717 -21.056942
v -29.141081 26.269121 -61.489227
v -29.160156 26.257721 -13.258090
v -35.437286 24.138680 -77.106010
v -30.522064 25.782143 -13.657501
v -35.452492 24.115870 -61.489227
v -35.501923 24.054976 -15.125995
v -40.584492 21.308277 -74.857643
v -35.490513 24.070246 -21.056942
v -40.584492 21.308277 -61.489227
v -40.584492 21.308279 -21.056942
v -45.674675 18.173513 -71.235893
v -40.584492 21.308281 -16.305340
v -45.674675 18.173515 -61.489227
v -45.674675 18.173517 -21.056942
v -49.943157 15.544746 -64.726715
v -45.674675 18.173519 -17.142246
v -49.943157 15.544746 -61.489227
v -49.943157 15.544749 -17.728148
v -56.041466 9.876269 -64.726715
v -49.943157 15.544749 -21.056942
v -56.041466 9.876269 -61.489227
v -51.263245 14.323580 -17.838470
v -57.555580 7.567068 -61.378902
v -51.248035 14.327383 -21.056942
v -57.555580 7.567067 -75.785858
v -55.040939 10.838774 -18.150433
v -58.769146 2.655715 -61.413189
v -55.071358 10.770334 -21.056942
v -58.769146 2.655712 -62.759888
v -56.003441 9.948577 -18.230341
v -58.769146 2.655712 -85.289070
v -56.052864 9.857262 -21.056942
v -59.005005 -0.791013 -89.603180
v -57.555580 7.567071 -21.056942
v -58.860458 -0.281215 -62.938713
v -57.555580 7.567072 -18.367279
v -59.005005 -0.791008 -18.363474
v -58.765343 2.655716 -21.056942
v -58.860458 -0.281210 -19.656948
v -58.765343 2.655716 -19.603655
v -58.765343 2.655716 -18.367277
v 0.000000 6.867099 -111.455193
v -4.059241 6.867099 -111.455193
v -4.009751 13.768089 -109.541611
v 4.005949 13.768089 -109.541611
v 4.055377 6.867099 -111.455193
v 0.000000 13.752880 -109.541611
v -3.956522 20.916405 -104.972626
v 3.956522 20.916405 -104.972626
v 0.000000 20.904999 -104.980240
v 0.000000 28.525103 55.820816
v -11.260787 28.582134 55.680077
v -10.511332 24.880543 66.651718
v 10.507528 24.880543 66.651718
v 11.260787 28.582134 55.680077
v 0.000000 24.876743 66.613686
v -10.180359 23.918045 68.481590
v 10.180359 23.918045 68.481590
v 0.000000 23.883823 68.477798
v -16.845554 32.698399 -84.121132
v -15.997182 35.711430 -81.420059
v -10.206974 35.642990 -81.465744
v -3.515162 37.385365 -78.916824
v -4.618466 32.698399 -84.182022
v 0.000000 39.375000 -76.832069
v -10.222244 39.378803 -76.767365
v 0.000000 37.339676 -78.814102
v 3.515162 37.385365 -78.916824
v 10.218380 39.378803 -76.767365
v 10.203172 35.642990 -81.465744
v 16.845554 32.698399 -84.121132
v 4.614664 32.698399 -84.182022
v 15.997182 35.711430 -81.420059
v 69.139740 -5.162213 -70.604370
v 69.135941 -3.393164 -70.600563
v 69.135941 -3.389361 -51.601822
v 69.135941 -6.931200 -51.601814
v 69.135941 -6.931202 -70.600563
v 69.139740 -5.162213 -51.601814
v 69.135941 -3.389359 -31.184010
v 69.135941 -6.935000 -31.184006
v 69.139740 -5.162210 -31.187805
v 69.135941 -2.415454 -24.237329
v 69.135941 -7.908907 -24.237329
v 69.139740 -5.162210 -24.263945
v 69.139740 -5.162210 -16.134119
v 69.135941 -2.415454 -16.130316
v 69.135941 -7.905107 -16.130316
v 51.818665 -3.389361 -51.601822
v 51.818665 -3.393164 -70.600563
v 51.818665 -5.162213 -70.604370
v 51.818665 -6.931202 -70.600563
v 51.818665 -6.931200 -51.601814
v 51.818665 -5.162213 -51.601814
v 51.818665 -3.389359 -31.184010
v 51.818665 -6.935000 -31.184006
v 51.818665 -5.162210 -31.187805
v 51.818665 -2.415454 -24.237329
v 51.818665 -7.908907 -24.237329
v 51.818665 -5.162210 -24.263945
v 51.818665 -5.162210 -16.134119
v 51.818665 -2.415454 -16.130316
v 51.818665 -7.905107 -16.130316
v 21.338427 27.710943 -4.899949
v 15.951492 27.710943 -4.622268
v 15.993380 27.710938 -79.708160
v 21.102570 27.710938 -61.489227
v 21.022663 27.710938 -79.742386
v 29.129677 26.272923 -79.122253
v 25.580233 27.052801 -21.056942
v 25.580233 27.052801 -11.306476
v 25.580233 27.052795 -61.489227
v 29.152487 26.257717 -21.056942
v 29.137280 26.269121 -61.489227
v 29.160156 26.257721 -13.258090
v 35.433422 24.138680 -77.106010
v 30.522064 25.782143 -13.657501
v 35.452492 24.115870 -61.489227
v 35.501923 24.054976 -15.125995
v 40.584492 21.308277 -74.857643
v 35.490513 24.070246 -21.056942
v 40.584492 21.308277 -61.489227
v 40.584492 21.308279 -21.056942
v 45.674675 18.173513 -71.235893
v 40.584492 21.308281 -16.305340
v 45.674675 18.173515 -61.489227
v 45.674675 18.173517 -21.056942
v 49.939354 15.544746 -64.726715
v 45.674675 18.173519 -17.142246
v 49.939354 15.544746 -61.489227
v 49.939354 15.544749 -17.728148
v 56.037659 9.876269 -64.726715
v 49.939354 15.544749 -21.056942
v 56.037659 9.876269 -61.489227
v 51.263245 14.323580 -17.838470
v 57.555580 7.567068 -61.378902
v 51.244232 14.327383 -21.056942
v 57.555580 7.567067 -75.785858
v 55.037140 10.838774 -18.150433
v 58.765343 2.655715 -61.413189
v 55.071358 10.770334 -21.056942
v 58.765343 2.655712 -62.759888
v 56.003441 9.948577 -18.230341
v 58.765343 2.655712 -85.289070
v 56.049065 9.857262 -21.056942
v 59.005005 -0.791013 -89.603180
v 57.555580 7.567071 -21.056942
v 58.856659 -0.281215 -62.938713
v 57.555580 7.567072 -18.367279
v 59.005005 -0.791008 -18.363474
v 58.765343 2.655716 -21.056942
v 58.856659 -0.281210 -19.656948
v 58.765343 2.655716 -19.603655
v 58.765343 2.655716 -18.367277
v 0.000000 32.725082 13.459663
v -16.856960 32.728882 13.459663
v -16.689543 32.702209 20.509125
v 0.000000 32.702209 20.509125
v 16.689543 32.702209 20.509125
v 16.853159 32.728882 13.459663
v 17.005306 32.721283 13.459663
v 17.031921 32.744095 7.585809
v -17.031921 32.744095 7.585809
v -17.005306 32.721283 13.459663
v 0.000000 32.736488 7.585809
v 14.616198 32.732685 5.672216
v 17.054796 32.732681 -18.116154
v 14.791221 32.732681 -18.119957
v 0.000000 32.732681 -18.119957
v 0.000000 32.546257 5.672216
v -14.616198 32.732685 5.672216
v -17.058599 32.732681 -18.116154
v -14.791221 32.732681 -18.119957
v -32.013374 2.689933 -61.489227
v -29.156288 26.257715 -61.489227
v -25.580233 27.052795 -61.489227
v -33.128021 10.503996 -61.489227
v -58.765343 2.655715 -61.489227
v -33.112812 20.574028 -61.489227
v -50.688747 10.401276 -61.489227
v -35.471500 21.159933 -61.489227
v -57.555580 7.567068 -61.489227
v -35.494316 24.074047 -61.489227
v -56.045265 9.861061 -61.489227
v -39.568768 19.280558 -61.489227
v -48.645882 12.942595 -61.489227
v -40.584492 21.300674 -61.489227
v -49.943157 15.544746 -61.489227
v -43.833385 16.659395 -61.489227
v -45.674675 18.173515 -61.489227
v 29.152487 26.257715 -61.489227
v 32.009571 2.689933 -61.489227
v 25.580233 27.052795 -61.489227
v 33.124218 10.503996 -61.489227
v 58.765343 2.655715 -61.489227
v 33.109013 20.574028 -61.489227
v 50.688747 10.401276 -61.489227
v 35.471500 21.159933 -61.489227
v 57.555580 7.567068 -61.489227
v 35.494316 24.074047 -61.489227
v 56.041466 9.861061 -61.489227
v 39.564964 19.280558 -61.489227
v 48.642082 12.942595 -61.489227
v 40.580692 21.300674 -61.489227
v 49.939354 15.544746 -61.489227
v 43.833385 16.659395 -61.489227
v 45.674675 18.173515 -61.489227
v -65.712021 -5.162215 -109.145996
v -65.712021 -1.194289 -109.145996
v -60.481102 -1.194289 -109.130722
v -55.246384 -1.194289 -109.145996
v -55.246384 -5.162215 -109.145996
v -60.481102 -5.162215 -109.130722
v -60.481102 -9.130082 -109.130722
v -65.712021 -9.130082 -109.145996
v -55.246384 -9.130082 -109.145996
v -60.481102 0.932349 -100.631905
v -63.547367 0.932349 -100.624306
v -65.209892 1.240509 -86.320068
v -55.752312 1.240509 -86.320068
v -57.414841 0.932349 -100.624306
v -60.484905 1.240509 -86.430389
v -60.462093 1.240511 -71.060936
v -65.190819 1.240511 -71.053329
v -55.771324 1.240511 -71.053329
v -60.481102 1.240512 -51.609425
v -65.164200 1.240512 -51.601822
v -55.794201 1.240512 -51.601822
v -60.469696 1.240515 -31.210625
v -65.137589 1.240515 -31.203020
v -55.820816 1.240515 -31.203020
v -65.118576 1.240515 -13.809710
v -55.839825 1.240515 -13.809710
v -60.481102 1.240515 -13.821115
v 60.477299 -1.194289 -109.130722
v 65.708221 -1.194289 -109.145996
v 65.708221 -5.162215 -109.145996
v 65.708221 -9.130082 -109.145996
v 60.477299 -9.130082 -109.130722
v 60.477299 -5.162215 -109.130722
v 55.246384 -5.162215 -109.145996
v 55.246384 -1.194289 -109.145996
v 55.246384 -9.130082 -109.145996
v 65.206093 1.240509 -86.320068
v 63.543564 0.932349 -100.624306
v 60.477299 0.932349 -100.631905
v 57.411041 0.932349 -100.624306
v 55.748512 1.240509 -86.320068
v 60.481102 1.240509 -86.430389
v 60.458294 1.240511 -71.060936
v 65.187019 1.240511 -71.053329
v 55.767521 1.240511 -71.053329
v 60.477299 1.240512 -51.609425
v 65.164200 1.240512 -51.601822
v 55.794201 1.240512 -51.601822
v 60.469696 1.240515 -31.210625
v 65.137589 1.240515 -31.203020
v 55.817013 1.240515 -31.203020
v 65.118576 1.240515 -13.809710
v 55.836021 1.240515 -13.809710
v 60.477299 1.240515 -13.821115
v -69.721771 -2.921445 -31.184010
v -69.721771 -1.947541 -24.237329
v -69.717972 -1.000249 -31.206825
v -69.721771 -2.921448 -51.601822
v -69.721771 -1.947541 -15.757521
v -69.717972 -1.000252 -51.601822
v -69.717972 -1.000249 -12.771103
v -69.721771 -2.925253 -71.057137
v -69.721771 -5.162210 -12.771103
v -69.717972 -1.000254 -71.057137
v -69.721771 -5.162210 -15.761323
v -69.717972 -1.000254 -86.297188
v -69.721771 -8.376820 -15.757521
v -69.717972 -9.320307 -12.771103
v -69.717972 -9.320307 -31.206820
v -69.721771 -8.376820 -24.237329
v -69.721771 -7.402914 -31.184006
v -69.721771 -7.399113 -51.601814
v -69.717972 -9.320309 -51.601814
v -69.721771 -7.399113 -71.057137
v -69.717972 -9.320312 -71.057137
v -69.717972 -9.320314 -86.297188
v -69.721771 -5.162215 -86.297188
v -69.721771 -5.162213 -71.060936
v -68.158226 -9.179571 -101.339478
v -68.158226 -1.144798 -101.339478
v -68.162033 -5.162215 -101.339478
v -66.693527 -9.133884 -107.833511
v -66.693527 -1.190486 -107.833511
v -66.693527 -5.162215 -107.833511
v -51.240429 -1.947541 -24.237329
v -51.236629 -2.921445 -31.184010
v -51.240429 -1.000249 -31.206825
v -51.236629 -2.921448 -51.601822
v -51.240429 -1.947541 -15.757521
v -51.240429 -1.000252 -51.601822
v -51.240429 -1.000249 -12.771103
v -51.236629 -2.925253 -71.057137
v -51.236629 -5.162210 -12.771103
v -51.240429 -1.000254 -71.057137
v -51.236629 -5.162210 -15.761323
v -51.240429 -1.000254 -86.297188
v -51.240429 -8.376820 -15.757521
v -51.240429 -9.320307 -12.771103
v -51.240429 -9.320307 -31.206820
v -51.240429 -8.376820 -24.237329
v -51.236629 -7.402914 -31.184006
v -51.236629 -7.399113 -51.601814
v -51.240429 -9.320309 -51.601814
v -51.236629 -7.399113 -71.057137
v -51.240429 -9.320312 -71.057137
v -51.240429 -9.320314 -86.297188
v -51.236629 -5.162215 -86.297188
v -51.236629 -5.162213 -71.060936
v -52.800179 -9.179571 -101.339478
v -52.800179 -1.144798 -101.339478
v -52.796379 -5.162215 -101.339478
v -54.264870 -9.133884 -107.833511
v -54.264870 -1.190486 -107.833511
v -54.264870 -5.162215 -107.833511
v 69.717972 -1.947541 -24.237329
v 69.717972 -2.921445 -31.184010
v 69.717972 -1.000249 -31.206825
v 69.717972 -2.921448 -51.601822
v 69.717972 -1.947541 -15.757521
v 69.717972 -1.000252 -51.601822
v 69.717972 -1.000249 -12.771103
v 69.717972 -2.925253 -71.057137
v 69.721771 -5.162210 -12.771103
v 69.717972 -1.000254 -71.057137
v 69.721771 -5.162210 -15.761323
v 69.717972 -1.000254 -86.297188
v 69.717972 -8.376820 -15.757521
v 69.717972 -9.320307 -12.771103
v 69.717972 -9.320307 -31.206820
v 69.717972 -8.376820 -24.237329
v 69.717972 -7.402914 -31.184006
v 69.717972 -7.399113 -51.601814
v 69.717972 -9.320309 -51.601814
v 69.717972 -7.399113 -71.057137
v 69.717972 -9.320312 -71.057137
v 69.717972 -9.320314 -86.297188
v 69.721771 -5.162215 -86.297188
v 69.721771 -5.162213 -71.060936
v 68.154419 -9.179571 -101.339478
v 68.154419 -1.144798 -101.339478
v 68.158226 -5.162215 -101.339478
v 66.693527 -9.133884 -107.833511
v 66.693527 -1.190486 -107.833511
v 66.693527 -5.162215 -107.833511
v 51.236629 -2.921445 -31.184010
v 51.236629 -1.947541 -24.237329
v 51.236629 -1.000249 -31.206825
v 51.236629 -2.921448 -51.601822
v 51.236629 -1.947541 -15.757521
v 51.236629 -1.000252 -51.601822
v 51.236629 -1.000249 -12.771103
v 51.236629 -2.925253 -71.057137
v 51.232761 -5.162210 -12.771103
v 51.236629 -1.000254 -71.057137
v 51.232761 -5.162210 -15.761323
v 51.236629 -1.000254 -86.297188
v 51.236629 -8.376820 -15.757521
v 51.236629 -9.320307 -12.771103
v 51.236629 -9.320307 -31.206820
v 51.236629 -8.376820 -24.237329
v 51.236629 -7.402914 -31.184006
v 51.236629 -7.399113 -51.601814
v 51.236629 -9.320309 -51.601814
v 51.236629 -7.399113 -71.057137
v 51.236629 -9.320312 -71.057137
v 51.236629 -9.320314 -86.297188
v 51.232761 -5.162215 -86.297188
v 51.232761 -5.162213 -71.060936
v 52.800179 -9.179571 -101.339478
v 52.800179 -1.144798 -101.339478
v 52.796379 -5.162215 -101.339478
v 54.264870 -9.133884 -107.833511
v 54.264870 -1.190486 -107.833511
v 54.264870 -5.162215 -107.833511
v -27.649837 -9.156694 -80.244583
v -27.649837 -9.156696 -103.926422
v 0.000000 -9.156696 -103.926422
v -5.679821 -9.156694 -80.244583
v 0.000000 -9.156694 -80.244583
v -5.877657 -9.156694 -64.559357
v 5.676019 -9.156694 -80.244583
v -11.078159 -9.156694 -46.340416
v -27.649837 -9.156694 -46.340416
v 0.000000 -9.156694 -46.340416
v -11.420601 -9.156693 -18.104744
v 0.000000 -9.156694 -64.627792
v -27.649837 -9.156693 -18.104744
v 5.877657 -9.156694 -64.559357
v -27.649837 -9.156690 7.635303
v 11.074357 -9.156694 -46.340416
v 0.000000 -9.156693 -18.104744
v 0.000000 -9.156690 7.635303
v 27.649837 -9.156690 7.635303
v 11.416799 -9.156693 -18.104744
v 27.649837 -9.156693 -18.104744
v 27.649837 -9.156694 -46.340416
v 27.649837 -9.156694 -80.244583
v 27.649837 -9.156696 -103.926422
v 0.000000 -5.706217 106.494354
v 0.000000 -2.080667 117.112206
v -16.894983 -2.080667 117.112206
v 16.894983 -2.080667 117.112206
v -19.044432 -5.702417 106.456337
v 19.044432 -5.702417 106.456337
v 0.000000 -9.152880 87.914032
v -8.837459 -9.152880 87.914032
v -21.479229 -9.152880 87.914032
v 8.833657 -9.152880 87.914032
v 21.475428 -9.152880 87.914032
v -17.792784 -9.156685 75.610901
v -21.840620 -9.152882 78.566841
v -22.251495 -9.156685 68.375076
v -6.376047 -9.156685 78.718979
v -18.911295 -9.156685 68.405487
v 0.000000 -9.156685 78.718979
v -23.293840 -9.156687 32.937794
v 6.372245 -9.156685 78.718979
v -19.474321 -9.156687 41.851353
v 17.792784 -9.156685 75.610901
v 21.840620 -9.152882 78.566841
v 22.247696 -9.156685 68.375076
v 18.911295 -9.156685 68.405487
v 23.290041 -9.156687 32.937794
v 19.470520 -9.156687 41.851353
v 0.000000 -9.156687 32.937794
v 0.000000 -9.156687 41.858959
v 23.290041 -9.156687 13.474937
v -23.293840 -9.156687 13.474937
v 0.000000 -9.156687 13.360811
v -66.290314 -0.555151 2.339683
v -67.629417 -0.555151 2.339683
v -67.633224 -0.555151 5.447768
v -66.290314 -0.555151 5.002669
v -69.097916 -1.506243 2.339683
v -65.871834 -0.555151 7.498300
v -64.913139 -0.555151 6.592895
v -68.884872 -1.506243 6.045076
v -69.128326 -3.130689 6.292339
v -69.097916 -3.130689 2.339683
v -69.097916 -5.162208 2.339683
v -63.532158 -0.555151 8.654834
v -63.220196 -0.555151 7.475488
v -67.013100 -1.510046 8.506488
v -67.370750 -3.130689 8.959191
v -69.097916 -5.162208 6.379851
v -69.128326 -7.189865 6.292339
v -69.097916 -7.189865 2.339683
v -69.097916 -8.818113 2.339683
v -67.522896 -5.162208 9.115141
v -67.370750 -7.189865 8.959191
v -68.884872 -8.818113 6.045077
v -67.633224 -9.769206 5.447769
v -67.629417 -9.769206 2.339684
v -66.290314 -9.769206 2.339684
v -66.290314 -9.769206 5.002670
v -65.871834 -9.769206 7.498302
v -64.913139 -9.769206 6.592896
v -67.013100 -8.810509 8.506488
v -63.532158 -9.769206 8.654834
v -63.220196 -9.769206 7.475488
v -64.068565 -7.189865 10.994515
v -63.901215 -8.810509 10.359184
v -60.481102 -9.769206 9.016224
v -60.481102 -9.769206 7.722752
v -57.742012 -9.769206 7.475488
v -60.481102 -8.810509 10.587439
v -57.426247 -9.769206 8.654834
v -56.045265 -9.769206 6.592896
v -60.481102 -7.189865 11.317883
v -57.060997 -8.810509 10.359184
v -55.086563 -9.769206 7.498302
v -54.668083 -9.769206 5.002670
v -53.949108 -8.810509 8.506488
v -53.325188 -9.769206 5.447769
v -54.668083 -9.769206 2.339684
v -53.328987 -9.769206 2.339684
v -51.860489 -8.818113 2.339683
v -52.077335 -8.818113 6.045077
v -51.833878 -7.189865 6.292339
v -51.860489 -7.189865 2.339683
v -51.860489 -5.162208 2.339683
v -53.587650 -7.189865 8.959191
v -56.889839 -7.189865 10.994515
v -51.860489 -5.162208 6.379851
v -53.435509 -5.162208 9.115141
v -56.867023 -5.162208 11.085766
v -51.833878 -3.130689 6.292339
v -51.860489 -3.130689 2.339683
v -51.860489 -1.506243 2.339683
v -53.587650 -3.130689 8.959191
v -52.077335 -1.506243 6.045076
v -56.867023 -3.130689 10.907003
v -53.949108 -1.510046 8.506488
v -53.325188 -0.555151 5.447768
v -53.328987 -0.555151 2.339683
v -54.668083 -0.555151 2.339683
v -54.668083 -0.555151 5.002669
v -55.086563 -0.555151 7.498300
v -56.045265 -0.555151 6.592895
v -57.426247 -0.555151 8.654834
v -57.742012 -0.555151 7.475488
v -57.038177 -1.510046 10.271673
v -60.481102 -0.555151 9.016224
v -60.481102 -0.555151 7.722751
v -60.481102 -1.510046 10.499927
v -63.920227 -1.510046 10.271673
v -60.481102 -3.130689 11.230372
v -64.091385 -3.130689 10.907003
v -60.481102 -5.162208 11.412998
v -64.091385 -5.162208 11.085766
v -61.481625 -9.693108 -85.878769
v -60.481102 -9.693108 -85.890167
v -60.481102 -9.693108 -71.057137
v -59.480587 -9.693108 -85.878769
v -62.387093 -9.693108 -71.038063
v -58.571316 -9.693108 -71.038063
v -60.481102 -9.693106 -51.601814
v -62.520226 -9.693106 -51.598015
v -58.441978 -9.693106 -51.598015
v -62.596268 -9.693106 -40.226902
v -58.362068 -9.693106 -40.226902
v -64.251190 -9.693103 -31.161194
v -56.711010 -9.693103 -31.161194
v -60.481102 -9.693103 -31.206820
v -64.144676 -9.693103 -15.829760
v -56.813732 -9.693103 -15.829760
v -62.550652 -9.693103 -15.407475
v -58.407761 -9.693103 -15.407475
v -60.481102 -9.693103 -15.281942
v 67.633224 -0.555151 5.447768
v 67.625626 -0.555151 2.339683
v 66.290314 -0.555151 2.339683
v 66.290314 -0.555151 5.002669
v 69.097916 -1.506243 2.339683
v 65.868042 -0.555151 7.498300
v 64.913139 -0.555151 6.592895
v 68.881065 -1.506243 6.045076
v 63.532158 -0.555151 8.654834
v 63.216393 -0.555151 7.475488
v 67.009293 -1.510046 8.506488
v 69.124535 -3.130689 6.292339
v 69.097916 -3.130689 2.339683
v 69.097916 -5.162208 2.339683
v 67.370750 -3.130689 8.959191
v 69.097916 -5.162208 6.379851
v 69.124535 -7.189865 6.292339
v 69.097916 -7.189865 2.339683
v 69.097916 -8.818113 2.339683
v 67.519089 -5.162208 9.115141
v 67.370750 -7.189865 8.959191
v 68.881065 -8.818113 6.045077
v 64.087585 -3.130689 10.907003
v 64.068565 -7.189865 10.994515
v 63.920227 -1.510046 10.271673
v 64.087585 -5.162208 11.085766
v 60.477299 -3.130689 11.230372
v 60.477299 -1.510046 10.499927
v 60.477299 -0.555151 9.016224
v 60.477299 -0.555151 7.722751
v 57.738209 -0.555151 7.475488
v 57.426247 -0.555151 8.654834
v 56.041466 -0.555151 6.592895
v 57.034378 -1.510046 10.271673
v 55.086563 -0.555151 7.498300
v 54.664276 -0.555151 5.002669
v 53.945305 -1.510046 8.506488
v 53.321381 -0.555151 5.447768
v 54.664276 -0.555151 2.339683
v 53.328987 -0.555151 2.339683
v 51.856686 -1.506243 2.339683
v 52.073532 -1.506243 6.045076
v 51.830078 -3.130689 6.292339
v 51.856686 -3.130689 2.339683
v 51.856686 -5.162208 2.339683
v 53.583851 -3.130689 8.959191
v 56.867023 -3.130689 10.907003
v 51.856686 -5.162208 6.379851
v 53.435509 -5.162208 9.115141
v 56.867023 -5.162208 11.085766
v 60.477299 -5.162208 11.412998
v 60.477299 -7.189865 11.317883
v 56.886032 -7.189865 10.994515
v 53.583851 -7.189865 8.959191
v 51.830078 -7.189865 6.292339
v 51.856686 -7.189865 2.339683
v 51.856686 -8.818113 2.339683
v 52.073532 -8.818113 6.045077
v 53.945305 -8.810509 8.506488
v 57.057190 -8.810509 10.359184
v 53.321381 -9.769206 5.447769
v 53.328987 -9.769206 2.339684
v 54.664276 -9.769206 2.339684
v 54.664276 -9.769206 5.002670
v 55.086563 -9.769206 7.498302
v 56.041466 -9.769206 6.592896
v 57.426247 -9.769206 8.654834
v 57.738209 -9.769206 7.475488
v 60.477299 -8.810509 10.587439
v 60.477299 -9.769206 9.016224
v 60.477299 -9.769206 7.722752
v 63.216393 -9.769206 7.475488
v 63.897346 -8.810509 10.359184
v 63.532158 -9.769206 8.654834
v 64.913139 -9.769206 6.592896
v 67.009293 -8.810509 8.506488
v 65.868042 -9.769206 7.498302
v 66.290314 -9.769206 5.002670
v 67.633224 -9.769206 5.447769
v 66.290314 -9.769206 2.339684
v 67.625626 -9.769206 2.339684
v 60.477299 -9.693108 -71.057137
v 60.477299 -9.693108 -85.890167
v 61.477821 -9.693108 -85.878769
v 59.476780 -9.693108 -85.878769
v 62.383228 -9.693108 -71.038063
v 58.571316 -9.693108 -71.038063
v 60.477299 -9.693106 -51.601814
v 62.516422 -9.693106 -51.598015
v 58.438171 -9.693106 -51.598015
v 62.596268 -9.693106 -40.226902
v 58.362068 -9.693106 -40.226902
v 64.247391 -9.693103 -31.161194
v 56.707207 -9.693103 -31.161194
v 60.477299 -9.693103 -31.206820
v 64.144676 -9.693103 -15.829760
v 56.809925 -9.693103 -15.829760
v 62.550652 -9.693103 -15.407475
v 58.407761 -9.693103 -15.407475
v 60.477299 -9.693103 -15.281942
v -27.482418 4.573052 13.543375
v -22.628096 25.770737 13.478737
v -20.212372 24.020760 12.626561
v -22.049862 26.288137 13.474934
v -24.229727 4.439916 12.626562
v -15.894461 24.020760 12.626561
v -27.611752 -2.107289 13.474937
v -17.986816 26.227303 13.474934
v -24.229727 -2.111092 12.626563
v 0.000000 26.227303 13.474934
v -24.043297 -8.639347 13.474937
v 0.000000 24.020760 12.626561
v -21.285194 -7.071934 12.626563
v 15.894461 24.020760 12.626561
v -23.293840 -9.156687 13.474937
v 17.986816 26.227303 13.474934
v 0.000000 -9.156687 13.360811
v 22.046059 26.288137 13.474934
v 0.000000 -7.071934 12.539052
v 20.212372 24.020760 12.626561
v 21.281393 -7.071934 12.626563
v 22.628096 25.770737 13.478737
v 23.290041 -9.156687 13.474937
v 27.482418 4.573052 13.543375
v 24.039495 -8.639347 13.474937
v 24.225924 4.439916 12.626562
v 24.225924 -2.111092 12.626563
v 27.607952 -2.107289 13.474937
v -60.481102 -10.336037 -14.749332
v -60.481102 -10.336037 -12.771103
v -62.835995 -10.336037 -14.890137
v -58.122410 -10.336037 -14.890137
v -67.888092 -10.336037 -12.771103
v -53.070255 -10.336037 -12.771103
v -64.681084 -10.336037 -15.654800
v -56.281120 -10.336037 -15.654800
v -67.907166 -10.336037 -31.206820
v -53.051243 -10.336037 -31.206820
v -64.783806 -10.336037 -31.206820
v -56.174599 -10.336037 -31.206820
v -63.132683 -10.336039 -40.276333
v -57.829460 -10.336039 -40.276333
v -67.933777 -10.336039 -51.601814
v -53.028431 -10.336039 -51.601814
v -63.052841 -10.336039 -51.601814
v -57.905563 -10.336039 -51.601814
v -67.956589 -10.336041 -71.057137
v -53.001816 -10.336041 -71.057137
v -62.919636 -10.336041 -71.057137
v -58.038704 -10.336041 -71.057137
v -67.975601 -10.336041 -86.323860
v -52.982803 -10.336041 -86.323860
v -61.983814 -10.336041 -86.407578
v -58.974586 -10.336041 -86.407578
v -60.481102 -10.020277 -101.339478
v -66.313141 -10.020277 -101.339478
v -60.481102 -10.336041 -86.426590
v -65.038673 -9.681704 -107.833511
v -54.645271 -10.020277 -101.339478
v -60.481102 -9.681704 -107.818237
v -55.919731 -9.681704 -107.833511
v -9.179837 39.340782 -44.605656
v -10.785271 39.382607 -46.606754
v -10.777666 39.264679 -28.433514
v 0.000000 39.158157 -46.610558
v -9.176036 39.249470 -30.396534
v 0.000000 39.146751 -44.826302
v 0.000000 39.063042 -28.471535
v 9.176036 39.340782 -44.605656
v 0.000000 39.070648 -30.453568
v 10.785271 39.382607 -46.606754
v 9.176036 39.249470 -30.396534
v 10.773865 39.264679 -28.433514
v -5.417349 39.709778 -34.497597
v -3.070064 39.709778 -32.241627
v -3.070064 41.680405 -32.241627
v 0.000000 39.880997 -31.290531
v -5.417349 41.680405 -34.497597
v 0.000000 41.680405 -31.454151
v -6.277130 39.709774 -37.579067
v 3.070064 41.680405 -32.241627
v -6.277130 41.680405 -37.579067
v 3.070064 39.709778 -32.241627
v -5.417349 39.709774 -40.660599
v 5.417349 39.709778 -34.497597
v -5.417349 41.680405 -40.660599
v 5.417349 41.680405 -34.497597
v -3.070064 39.709774 -42.916573
v 6.277130 39.709774 -37.579067
v -3.070064 41.680405 -42.916573
v 6.277130 41.680405 -37.579067
v 0.000000 39.709774 -43.707851
v 5.417349 39.709774 -40.660599
v 0.000000 41.680405 -43.707851
v 5.417349 41.680405 -40.660599
v 3.070064 41.680405 -42.916573
v 3.070064 39.709774 -42.916573
v -5.417349 41.680405 -34.497597
v -3.070064 41.680405 -32.241627
v -2.385307 42.361420 -33.386753
v 0.000000 41.680405 -31.454151
v -4.230399 42.361420 -35.159538
v 0.000000 42.361420 -32.770432
v -6.277130 41.680405 -37.579067
v 2.381505 42.361420 -33.386753
v -4.903750 42.361420 -37.579067
v 3.070064 41.680405 -32.241627
v -5.417349 41.680405 -40.660599
v 5.417349 41.680405 -34.497597
v -4.230399 42.361420 -40.002460
v 4.226597 42.361420 -35.159538
v -3.070064 41.680405 -42.916573
v 6.277130 41.680405 -37.579067
v -2.385307 42.361420 -41.775246
v 4.903750 42.361420 -37.579067
v 0.000000 41.680405 -43.707851
v 5.417349 41.680405 -40.660599
v 0.000000 42.361420 -42.387768
v 4.226597 42.361420 -40.002460
v 2.381505 42.361420 -41.775246
v 3.070064 41.680405 -42.916573
v -4.230399 42.361420 -35.159538
v -2.385307 42.361420 -33.386753
v -2.065741 42.365223 -33.915497
v 0.000000 42.361420 -32.770432
v -3.678779 42.361420 -35.463902
v 0.000000 42.365223 -33.382946
v -4.903750 42.361420 -37.579067
v 2.065741 42.365223 -33.915497
v -4.268420 42.361420 -37.579067
v 2.381505 42.361420 -33.386753
v -4.230399 42.361420 -40.002460
v 4.226597 42.361420 -35.159538
v -3.678779 42.361420 -39.694298
v 3.678779 42.361420 -35.463902
v -2.385307 42.361420 -41.775246
v 4.903750 42.361420 -37.579067
v -2.065741 42.361420 -41.246437
v 4.268420 42.361420 -37.579067
v 0.000000 42.361420 -42.387768
v 4.226597 42.361420 -40.002460
v 0.000000 42.365219 -41.779053
v 3.678779 42.361420 -39.694298
v 2.065741 42.361420 -41.246437
v 2.381505 42.361420 -41.775246
v -2.233159 41.364639 -36.266586
v -1.232576 41.364639 -35.304085
v -1.232576 42.433662 -35.304085
v 0.000000 41.364639 -34.984520
v -2.233159 42.433662 -36.266586
v 0.000000 42.433662 -34.984520
v -2.602153 41.364639 -37.579067
v 1.232576 42.433662 -35.304085
v -2.602153 42.433662 -37.579067
v 1.232576 41.364639 -35.304085
v -2.233159 41.364639 -38.895355
v 2.233159 41.364639 -36.266586
v -2.233159 42.433662 -38.895355
v 2.233159 42.433662 -36.266586
v -1.232576 41.364639 -39.857849
v 2.598351 41.364639 -37.579067
v -1.232576 42.433662 -39.857849
v 2.598351 42.433662 -37.579067
v 0.000000 41.364639 -40.173615
v 2.233159 41.364639 -38.895355
v 0.000000 42.433662 -40.173615
v 2.233159 42.433662 -38.895355
v 1.232576 42.433662 -39.857849
v 1.232576 41.364639 -39.857849
v 60.477299 -10.336037 -12.771103
v 60.477299 -10.336037 -14.749332
v 62.835995 -10.336037 -14.890137
v 58.122410 -10.336037 -14.890137
v 67.884285 -10.336037 -12.771103
v 53.070255 -10.336037 -12.771103
v 64.677284 -10.336037 -15.654800
v 56.277317 -10.336037 -15.654800
v 67.903358 -10.336037 -31.206820
v 53.051243 -10.336037 -31.206820
v 64.783806 -10.336037 -31.206820
v 56.170799 -10.336037 -31.206820
v 63.128883 -10.336039 -40.276333
v 57.825661 -10.336039 -40.276333
v 67.929977 -10.336039 -51.601814
v 53.024632 -10.336039 -51.601814
v 63.052841 -10.336039 -51.601814
v 57.901764 -10.336039 -51.601814
v 67.956589 -10.336041 -71.057137
v 53.001816 -10.336041 -71.057137
v 62.919636 -10.336041 -71.057137
v 58.034901 -10.336041 -71.057137
v 67.975601 -10.336041 -86.323860
v 52.982803 -10.336041 -86.323860
v 61.983814 -10.336041 -86.407578
v 58.974586 -10.336041 -86.407578
v 60.477299 -10.020277 -101.339478
v 60.477299 -10.336041 -86.426590
v 54.645271 -10.020277 -101.339478
v 66.313141 -10.020277 -101.339478
v 55.915932 -9.681704 -107.833511
v 65.038673 -9.681704 -107.833511
v 60.477299 -9.681704 -107.818237
v -67.888092 0.011678 -12.771103
v -60.481102 0.011678 -12.771103
v -60.481102 0.011678 -31.206825
v -53.070255 0.011678 -12.771103
v -67.907166 0.011678 -31.206825
v -53.051243 0.011678 -31.206825
v -67.933777 0.011675 -51.601822
v -53.028431 0.011675 -51.601822
v -60.462093 0.011675 -51.601822
v -67.956589 0.011674 -71.057137
v -53.001816 0.011674 -71.057137
v -60.477299 0.011674 -71.057137
v -67.975601 0.011672 -86.323860
v -52.982803 0.011672 -86.323860
v -60.473499 0.011672 -86.426590
v -60.481102 -0.300289 -101.339478
v -66.313141 -0.300289 -101.339478
v -54.645271 -0.300289 -101.339478
v -65.038673 -0.642667 -107.833511
v -55.919731 -0.642667 -107.833511
v -60.481102 -0.642667 -107.818237
v 67.884285 0.011678 -12.771103
v 67.903358 0.011678 -31.206825
v 60.477299 0.011678 -31.206825
v 60.477299 0.011678 -12.771103
v 53.070255 0.011678 -12.771103
v 53.051243 0.011678 -31.206825
v 67.929977 0.011675 -51.601822
v 53.024632 0.011675 -51.601822
v 60.458294 0.011675 -51.601822
v 67.956589 0.011674 -71.057137
v 53.001816 0.011674 -71.057137
v 60.473499 0.011674 -71.057137
v 67.975601 0.011672 -86.323860
v 52.982803 0.011672 -86.323860
v 60.473499 0.011672 -86.426590
v 60.477299 -0.300289 -101.339478
v 66.313141 -0.300289 -101.339478
v 54.645271 -0.300289 -101.339478
v 65.038673 -0.642667 -107.833511
v 55.915932 -0.642667 -107.833511
v 60.477299 -0.642667 -107.818237
v -48.721928 6.977426 -63.608265
v -49.779545 8.160574 -63.520752
v -34.451908 8.160574 -63.520752
v -48.721928 5.744787 -63.608265
v -35.509525 6.977426 -63.608265
v -49.779545 4.812769 -63.520752
v -34.451908 4.812769 -63.520752
v -35.509525 5.744787 -63.608265
v 48.718124 6.977426 -63.608265
v 35.509525 6.977426 -63.608265
v 34.451908 8.160574 -63.520752
v 34.451908 4.812769 -63.520752
v 49.775738 8.160574 -63.520752
v 35.509525 5.744787 -63.608265
v 48.718124 5.744787 -63.608265
v 49.775738 4.812769 -63.520752
v -25.367188 3.211147 62.657169
v -25.371052 3.854082 62.653366
v -26.200352 3.850276 51.727356
v -26.196548 3.211145 51.734959
v -26.386780 3.211145 51.179539
v -26.390583 3.873090 51.171932
v -27.432991 3.873090 37.335609
v -27.432991 3.211145 37.335609
v -25.363386 0.034498 62.676178
v -25.363386 0.677432 62.672382
v -26.196548 0.677431 51.761570
v -26.196548 0.034496 51.769176
v -26.386780 0.034496 51.213753
v -26.386780 0.677431 51.206150
v -27.432991 0.677431 37.335609
v -27.432991 0.034496 37.335609
v 25.367188 3.211147 62.657169
v 26.196548 3.211145 51.734959
v 26.196548 3.850276 51.727356
v 25.367188 3.854082 62.653366
v 26.386780 3.211145 51.179539
v 27.429190 3.211145 37.335609
v 27.429190 3.873090 37.335609
v 26.386780 3.873090 51.171932
v 25.363386 0.034498 62.676178
v 26.196548 0.034496 51.769176
v 26.196548 0.677431 51.761570
v 25.363386 0.677432 62.672382
v 26.382978 0.034496 51.213753
v 27.429190 0.034496 37.335609
v 27.429190 0.677431 37.335609
v 26.382978 0.677431 51.206150
v -1.445620 32.896240 29.419617
v -0.688559 32.896240 29.381598
v -0.688559 32.922855 27.071535
v -1.445620 32.922855 27.071535
v -0.688559 32.911449 23.217796
v -1.445620 32.911449 23.225401
v -1.445620 32.953335 19.732990
v -0.688559 32.953335 19.732990
v -0.688559 32.972343 13.459663
v -1.445620 32.976147 13.459663
v -0.688559 32.987553 7.585809
v -1.445620 32.987553 7.585809
v -0.688559 32.827801 5.672216
v -1.445620 32.839207 5.672216
v -0.688559 39.664150 -16.560209
v -1.445620 39.664150 -16.560209
v -1.445620 38.481007 -6.874439
v -0.688559 38.484810 -6.882043
v -1.445620 35.738049 0.825560
v -0.688559 35.741917 0.814153
v -1.445620 32.839207 5.672216
v -0.688559 32.827801 5.672216
v -1.445620 -9.419217 76.029381
v -0.688559 -9.419217 76.029381
v -0.688559 -9.419217 78.718979
v -1.445620 -9.419217 78.718979
v -0.688559 -9.419217 87.914032
v -1.445620 -9.419217 87.914032
v -0.688559 -5.968690 106.490555
v -21.566677 3.211149 96.306389
v -21.566677 3.873093 96.314003
v -22.981880 3.873093 87.720062
v -22.981880 3.211149 87.720062
v -24.062309 3.873092 78.502136
v -24.062309 3.211147 78.509811
v -25.089508 3.873092 68.428299
v -25.089508 3.211147 68.424500
v -25.477512 3.211147 63.284889
v -25.477512 3.873092 63.281094
v -25.473709 0.677432 63.300098
v -25.473709 0.034498 63.303905
v -25.089508 0.034498 68.409286
v -25.089508 0.677432 68.413094
v -24.058506 0.034498 78.544022
v -24.058506 0.677432 78.536423
v -22.981880 0.034500 87.720062
v -22.981880 0.677434 87.720062
v -21.570480 0.034500 96.275978
v -21.570480 0.677434 96.279770
v 0.688559 32.922855 27.071535
v 0.688559 32.896240 29.381598
v 1.445620 32.896240 29.419617
v 1.445620 32.922855 27.071535
v 0.688559 32.911449 23.217796
v 1.445620 32.911449 23.225401
v 0.688559 32.972343 13.459663
v 0.688559 32.953335 19.732990
v 1.445620 32.953335 19.732990
v 1.445620 32.976147 13.459663
v 0.688559 32.987553 7.585809
v 1.445620 32.987553 7.585809
v 0.688559 32.827801 5.672216
v 1.445620 32.839207 5.672216
v 1.445620 38.481007 -6.874439
v 1.445620 39.664150 -16.560209
v 0.688559 39.664150 -16.560209
v 0.688559 38.484810 -6.882043
v 1.445620 35.738049 0.825560
v 0.688559 35.741917 0.814153
v 1.445620 32.839207 5.672216
v 0.688559 32.827801 5.672216
v 0.688559 -9.419217 78.718979
v 0.688559 -9.419217 76.029381
v 1.445620 -9.419217 76.029381
v 1.445620 -9.419217 78.718979
v 0.688559 -9.419217 87.914032
v 1.445620 -9.419217 87.914032
v 0.688559 -5.968690 106.490555
v 1.445620 -5.968690 106.490555
v 22.978077 3.873093 87.720062
v 21.562878 3.873093 96.314003
v 21.566677 3.211149 96.306389
v 22.978077 3.211149 87.720062
v 24.062309 3.873092 78.502136
v 24.062309 3.211147 78.509811
v 25.085705 3.873092 68.428299
v 25.085705 3.211147 68.424500
v 25.473709 3.211147 63.284889
v 25.473709 3.873092 63.281094
v 25.085705 0.034498 68.409286
v 25.473709 0.034498 63.303905
v 25.473709 0.677432 63.300098
v 25.085705 0.677432 68.413094
v 24.058506 0.034498 78.544022
v 24.058506 0.677432 78.536423
v 22.978077 0.034500 87.720062
v 22.978077 0.677434 87.720062
v 21.570480 0.034500 96.275978
v 21.570480 0.677434 96.279770
v -1.445620 -9.419217 87.914032
v -0.688559 -5.968690 106.490555
v -1.445620 -5.968690 106.490555
v -10.062429 17.728426 84.642326
v -10.085243 14.376820 92.479263
v -1.498912 14.308318 92.547699
v -1.476099 17.728426 84.630920
v -10.039618 7.502382 99.749313
v -1.597829 7.498579 99.798744
v -1.498912 14.308318 92.547699
v -10.085243 14.376820 92.479263
v -27.649837 20.574028 -87.700989
v -27.695463 20.501787 -91.201012
v -30.951956 8.122487 -94.754250
v -30.967163 8.038779 -89.245590
v 10.062429 17.728426 84.642326
v 1.476099 17.728426 84.630920
v 1.495110 14.308318 92.547699
v 10.081442 14.376820 92.479263
v 10.039618 7.502382 99.749313
v 10.081442 14.376820 92.479263
v 1.495110 14.308318 92.547699
v 1.597829 7.498579 99.798744
v 27.646034 20.574028 -87.700989
v 30.967163 8.038779 -89.245590
v 30.948153 8.122487 -94.754250
v 27.695463 20.501787 -91.201012
v -10.899399 21.372971 -105.303604
v -4.728790 21.353962 -105.326416
v -4.728790 14.140947 -109.933472
v -10.922211 14.163760 -109.933472
v -4.728790 7.175197 -111.869881
v -10.948825 7.171393 -111.869881
v -17.465612 21.395786 -105.276985
v -11.504248 21.372971 -105.303604
v -11.557540 14.167562 -109.933472
v -17.515104 14.197979 -109.933472
v -11.606968 7.171393 -111.873688
v -17.499893 7.167591 -111.873688
v 4.724988 14.140947 -109.933472
v 4.728790 21.353962 -105.326416
v 10.895596 21.372971 -105.303604
v 10.922211 14.163760 -109.933472
v 4.724988 7.175197 -111.869881
v 10.948825 7.171393 -111.869881
v 11.553737 14.167562 -109.933472
v 11.504248 21.372971 -105.303604
v 17.465612 21.395786 -105.276985
v 17.515104 14.197979 -109.933472
v 11.603166 7.171393 -111.873688
v 17.499893 7.167591 -111.873688
v -27.706869 20.357182 -96.861809
v -28.140560 18.261023 -99.753113
v -28.992737 14.239864 -102.750938
v -27.684057 20.395264 -94.293884
v -30.955757 8.141499 -98.421623
v -30.929144 8.259425 -104.850891
v 30.955757 8.141499 -98.421623
v 30.929144 8.259425 -104.850891
v 28.992737 14.239864 -102.750938
v 27.680254 20.395264 -94.293884
v 27.703066 20.357182 -96.861809
v 28.136757 18.261023 -99.753113
v 0.000000 7.175197 -111.869881
v -4.070647 7.175197 -111.869881
v -4.021158 14.137144 -109.933472
v 4.017355 14.137144 -109.933472
v 4.070647 7.175197 -111.869881
v 0.000000 14.125738 -109.933472
v -3.971730 21.350098 -105.330215
v 3.967928 21.350098 -105.330215
v 0.000000 21.338692 -105.337822
v -25.717232 13.634962 24.260143
v -25.717232 13.634960 18.922701
v -25.880785 12.942600 17.944994
v -26.409595 10.705638 17.944994
v -26.147121 11.824088 17.568333
v -26.147121 11.824088 25.610712
v -25.880785 12.942600 25.237850
v -26.573212 10.013277 24.260143
v -26.409595 10.705639 25.237850
v -26.573212 10.013277 18.922701
v -22.270510 13.638768 79.890732
v -23.282436 13.638768 69.790276
v -23.506886 12.946405 68.808762
v -23.913963 10.701839 68.808762
v -23.746546 11.824093 68.435905
v -22.464542 11.824093 81.241295
v -22.297123 12.946406 80.868439
v -22.928650 10.009480 79.890732
v -22.704201 10.701842 80.868439
v -23.940578 10.009480 69.790276
v 26.143322 11.824088 25.610712
v 26.409595 10.705639 25.237850
v 26.569408 10.013277 24.260143
v 26.569408 10.013277 18.922701
v 26.409595 10.705638 17.944994
v 25.717232 13.634962 24.260143
v 25.880785 12.942600 25.237850
v 25.880785 12.942600 17.944994
v 26.143322 11.824088 17.568333
v 25.717232 13.634960 18.922701
v 22.460739 11.824093 81.241295
v 22.704201 10.701842 80.868439
v 22.928650 10.009480 79.890732
v 23.940578 10.009480 69.790276
v 23.913963 10.701839 68.808762
v 22.266708 13.638768 79.890732
v 22.297123 12.946406 80.868439
v 23.503084 12.946405 68.808762
v 23.746546 11.824093 68.435905
v 23.278635 13.638768 69.790276
v -20.779581 1.571182 101.541710
v -21.016003 1.404635 100.139633
v -21.322824 3.922292 98.320068
v -21.056511 3.534328 99.899414
v -20.641346 2.652364 102.361496
v -20.411617 1.800187 103.723869
v -20.613653 1.135375 102.525719
v -20.994202 0.190955 100.268929
v -21.263979 -0.197009 98.669052
v -21.138260 2.611418 99.414604
v -20.836813 3.176620 101.202309
v -20.790081 0.600710 101.479446
v -21.050463 1.404462 99.935272
v -21.395779 4.203928 97.887421
v -21.068819 3.762913 99.826431
v -20.596884 2.760350 102.625183
v -20.335741 1.791645 104.173843
v -20.565403 1.035929 102.811859
v -20.997986 -0.037631 100.246475
v -21.356579 -0.478644 98.119896
v -21.196362 2.755442 99.070045
v -20.819077 3.356292 101.307480
v -20.765955 0.428153 101.622513
v -21.336666 1.892622 98.133942
v -21.329033 2.358634 98.179207
v -21.306431 2.806740 98.313248
v -21.269726 3.219717 98.530914
v -21.220331 3.581692 98.823845
v -21.160145 3.878759 99.180786
v -21.091476 4.099499 99.588005
v -21.016968 4.235430 100.029877
v -20.939482 4.281329 100.489395
v -20.861992 4.235430 100.948929
v -20.787485 4.099499 101.390793
v -20.718815 3.878759 101.798019
v -20.658628 3.581692 102.154961
v -20.609234 3.219717 102.447891
v -20.572529 2.806740 102.665558
v -20.549927 2.358636 102.799599
v -20.542295 1.892622 102.844856
v -20.549927 1.426607 102.799599
v -20.572529 0.978502 102.665558
v -20.609234 0.565526 102.447891
v -20.658627 0.203550 102.154961
v -20.718815 -0.093516 101.798019
v -20.787485 -0.314257 101.390793
v -20.861992 -0.450187 100.948929
v -20.939480 -0.496087 100.489395
v -21.016968 -0.450187 100.029877
v -21.091476 -0.314257 99.588005
v -21.160145 -0.093516 99.180786
v -21.220331 0.203550 98.823845
v -21.269726 0.565526 98.530914
v -21.306431 0.978502 98.313248
v -21.329033 1.426607 98.179207
v -20.939480 1.892622 100.489395
v -21.376131 1.892622 97.899902
v -21.367741 2.404940 97.949661
v -21.342892 2.897570 98.097015
v -21.302540 3.351581 98.336304
v -21.248238 3.749524 98.658356
v -21.182070 4.076109 99.050751
v -21.106579 4.318782 99.498444
v -21.024666 4.468219 99.984215
v -20.939480 4.518678 100.489395
v -20.854294 4.468219 100.994583
v -20.772381 4.318782 101.480362
v -20.696890 4.076109 101.928055
v -20.630722 3.749524 102.320450
v -20.576418 3.351581 102.642487
v -20.536068 2.897570 102.881783
v -20.511219 2.404940 103.029144
v -20.502831 1.892622 103.078903
v -20.511219 1.380303 103.029144
v -20.536068 0.887673 102.881783
v -20.576418 0.433662 102.642487
v -20.630720 0.035719 102.320450
v -20.696888 -0.290865 101.928055
v -20.772381 -0.533538 101.480362
v -20.854292 -0.682976 100.994583
v -20.939480 -0.733435 100.489395
v -21.024666 -0.682976 99.984215
v -21.106577 -0.533538 99.498444
v -21.182070 -0.290865 99.050751
v -21.248238 0.035719 98.658356
v -21.302540 0.433662 98.336304
v -21.342892 0.887673 98.097015
v -21.367741 1.380303 97.949661
v -21.329033 2.358634 98.179207
v -21.336666 1.892622 98.133942
v -21.306431 2.806740 98.313248
v -21.269726 3.219717 98.530914
v -21.220331 3.581692 98.823845
v -21.160145 3.878759 99.180786
v -21.091476 4.099499 99.588005
v -21.016968 4.235430 100.029877
v -20.939482 4.281329 100.489395
v -20.861992 4.235430 100.948929
v -20.787485 4.099499 101.390793
v -20.718815 3.878759 101.798019
v -20.658628 3.581692 102.154961
v -20.609234 3.219717 102.447891
v -20.572529 2.806740 102.665558
v -20.549927 2.358636 102.799599
v -20.542295 1.892622 102.844856
v -20.549927 1.426607 102.799599
v -20.572529 0.978502 102.665558
v -20.609234 0.565526 102.447891
v -20.658627 0.203550 102.154961
v -20.718815 -0.093516 101.798019
v -20.787485 -0.314257 101.390793
v -20.861992 -0.450187 100.948929
v -20.939480 -0.496087 100.489395
v -21.016968 -0.450187 100.029877
v -21.091476 -0.314257 99.588005
v -21.160145 -0.093516 99.180786
v -21.220331 0.203550 98.823845
v -21.269726 0.565526 98.530914
v -21.306431 0.978502 98.313248
v -21.329033 1.426607 98.179207
v -21.138260 2.611418 99.414604
v -21.016003 1.404635 100.139633
v -21.056511 3.534328 99.899414
v -21.322824 3.922292 98.320068
v -20.836813 3.176620 101.202309
v -20.411617 1.800187 103.723869
v -20.641346 2.652364 102.361496
v -20.613653 1.135375 102.525719
v -20.790081 0.600710 101.479446
v -21.263979 -0.197009 98.669052
v -20.994202 0.190955 100.268929
v 20.779572 2.154101 101.541710
v 21.015995 2.320648 100.139633
v 21.322815 -0.197009 98.320068
v 21.056501 0.190955 99.899414
v 20.641336 1.072919 102.361496
v 20.411608 1.925097 103.723869
v 20.613644 2.589908 102.525719
v 20.994190 3.534328 100.268929
v 21.263969 3.922292 98.669052
v 21.138250 1.113865 99.414604
v 20.836803 0.548663 101.202309
v 20.790071 3.124573 101.479446
v 21.050453 2.320821 99.935272
v 21.395769 -0.478644 97.887421
v 21.068806 -0.037630 99.826431
v 20.596874 0.964934 102.625183
v 20.335732 1.933638 104.173843
v 20.565393 2.689354 102.811859
v 20.997978 3.762914 100.246475
v 21.356567 4.203929 98.119896
v 21.196350 0.969841 99.070045
v 20.819069 0.368991 101.307480
v 20.765945 3.297130 101.622513
v 21.336655 1.832662 98.133942
v 21.329023 1.366647 98.179207
v 21.306421 0.918543 98.313248
v 21.269718 0.505567 98.530914
v 21.220322 0.143591 98.823845
v 21.160135 -0.153476 99.180786
v 21.091465 -0.374216 99.588005
v 21.016958 -0.510147 100.029877
v 20.939468 -0.556045 100.489395
v 20.861984 -0.510147 100.948929
v 20.787476 -0.374216 101.390793
v 20.718805 -0.153476 101.798019
v 20.658619 0.143591 102.154961
v 20.609224 0.505567 102.447891
v 20.572519 0.918543 102.665558
v 20.549917 1.366647 102.799599
v 20.542286 1.832662 102.844856
v 20.549917 2.298676 102.799599
v 20.572519 2.746781 102.665558
v 20.609224 3.159757 102.447891
v 20.658619 3.521733 102.154961
v 20.718805 3.818799 101.798019
v 20.787476 4.039540 101.390793
v 20.861984 4.175471 100.948929
v 20.939468 4.221369 100.489395
v 21.016958 4.175471 100.029877
v 21.091465 4.039540 99.588005
v 21.160135 3.818799 99.180786
v 21.220322 3.521733 98.823845
v 21.269718 3.159757 98.530914
v 21.306421 2.746781 98.313248
v 21.329023 2.298676 98.179207
v 20.939468 1.832662 100.489395
v 21.376122 1.832662 97.899902
v 21.367731 1.320343 97.949661
v 21.342884 0.827713 98.097015
v 21.302530 0.373702 98.336304
v 21.248228 -0.024241 98.658356
v 21.182060 -0.350826 99.050751
v 21.106569 -0.593498 99.498444
v 21.024656 -0.742936 99.984215
v 20.939468 -0.793395 100.489395
v 20.854282 -0.742936 100.994583
v 20.772371 -0.593498 101.480362
v 20.696880 -0.350826 101.928055
v 20.630711 -0.024241 102.320450
v 20.576408 0.373702 102.642487
v 20.536058 0.827713 102.881783
v 20.511209 1.320343 103.029144
v 20.502819 1.832662 103.078903
v 20.511209 2.344980 103.029144
v 20.536058 2.837610 102.881783
v 20.576408 3.291621 102.642487
v 20.630713 3.689564 102.320450
v 20.696880 4.016148 101.928055
v 20.772371 4.258822 101.480362
v 20.854282 4.408259 100.994583
v 20.939468 4.458718 100.489395
v 21.024656 4.408259 99.984215
v 21.106569 4.258822 99.498444
v 21.182060 4.016148 99.050751
v 21.248228 3.689564 98.658356
v 21.302530 3.291621 98.336304
v 21.342884 2.837610 98.097015
v 21.367731 2.344980 97.949661
v 21.329023 1.366647 98.179207
v 21.336655 1.832662 98.133942
v 21.306421 0.918543 98.313248
v 21.269718 0.505567 98.530914
v 21.220322 0.143591 98.823845
v 21.160135 -0.153476 99.180786
v 21.091465 -0.374216 99.588005
v 21.016958 -0.510147 100.029877
v 20.939468 -0.556045 100.489395
v 20.861984 -0.510147 100.948929
v 20.787476 -0.374216 101.390793
v 20.718805 -0.153476 101.798019
v 20.658619 0.143591 102.154961
v 20.609224 0.505567 102.447891
v 20.572519 0.918543 102.665558
v 20.549917 1.366647 102.799599
v 20.542286 1.832662 102.844856
v 20.549917 2.298676 102.799599
v 20.572519 2.746781 102.665558
v 20.609224 3.159757 102.447891
v 20.658619 3.521733 102.154961
v 20.718805 3.818799 101.798019
v 20.787476 4.039540 101.390793
v 20.861984 4.175471 100.948929
v 20.939468 4.221369 100.489395
v 21.016958 4.175471 100.029877
v 21.091465 4.039540 99.588005
v 21.160135 3.818799 99.180786
v 21.220322 3.521733 98.823845
v 21.269718 3.159757 98.530914
v 21.306421 2.746781 98.313248
v 21.329023 2.298676 98.179207
v 21.138250 1.113865 99.414604
v 21.015995 2.320648 100.139633
v 21.056501 0.190955 99.899414
v 21.322815 -0.197009 98.320068
v 20.836803 0.548663 101.202309
v 20.411608 1.925097 103.723869
v 20.641336 1.072919 102.361496
v 20.613644 2.589908 102.525719
v 20.790071 3.124573 101.479446
v 21.263969 3.922292 98.669052
v 20.994190 3.534328 100.268929
v 0.036305 32.924709 33.022598
v -0.554639 32.924667 32.589531
v 2.494203 32.924671 30.354950
v 2.024384 32.924671 32.294514
v 0.956340 32.648891 35.301514
v -0.075633 32.447887 36.962502
v -0.880708 32.624660 35.501740
v -1.933283 32.924667 33.022594
v -2.494203 32.924667 30.783535
v 0.906755 32.924671 31.699139
v 1.591206 32.819916 33.888248
v -1.528178 32.779026 34.226128
v -0.554848 32.924667 32.338554
v 2.835259 32.924671 29.823629
v 2.301198 32.924671 32.204887
v 1.087109 32.609985 35.622990
v -0.085975 32.381500 37.511101
v -1.001135 32.582443 35.850597
v -2.200408 32.924667 33.022594
v -2.835259 32.924667 30.109131
v 1.081166 32.924671 31.275988
v 1.808786 32.804398 34.016472
v -1.737141 32.757915 34.400555
v 0.036305 32.907368 30.129913
v 0.600640 32.907368 30.185497
v 1.143288 32.907368 30.350105
v 1.643395 32.907368 30.617418
v 2.081742 32.907368 30.977163
v 2.441485 32.907368 31.415510
v 2.708798 32.907368 31.915617
v 2.873408 32.907368 32.458263
v 2.928990 32.907368 33.022598
v 2.873408 32.839573 33.582848
v 2.708797 32.774384 34.121563
v 2.441484 32.714302 34.618050
v 2.081742 32.661636 35.053223
v 1.643395 32.618416 35.410358
v 1.143288 32.586304 35.675735
v 0.600640 32.566528 35.839153
v 0.036305 32.559853 35.894333
v -0.528030 32.566528 35.839153
v -1.070678 32.586304 35.675735
v -1.570785 32.618416 35.410358
v -2.009132 32.661636 35.053223
v -2.368874 32.714298 34.618050
v -2.636187 32.774380 34.121563
v -2.800797 32.839569 33.582848
v -2.856380 32.907368 33.022598
v -2.800798 32.907368 32.458263
v -2.636187 32.907368 31.915617
v -2.368875 32.907368 31.415510
v -2.009132 32.907368 30.977163
v -1.570785 32.907368 30.617418
v -1.070678 32.907368 30.350105
v -0.528030 32.907368 30.185497
v 0.036305 32.907368 33.022598
v 0.036305 32.907368 29.842489
v 0.656714 32.907368 29.903593
v 1.253282 32.907368 30.084560
v 1.803081 32.907368 30.378433
v 2.284984 32.907368 30.773922
v 2.680471 32.907368 31.255825
v 2.974345 32.907368 31.805622
v 3.155312 32.907368 32.402191
v 3.216417 32.907368 33.022598
v 3.155312 32.832836 33.638515
v 2.974345 32.761162 34.230762
v 2.680471 32.695114 34.776577
v 2.284984 32.637218 35.254990
v 1.803081 32.589706 35.647614
v 1.253282 32.554401 35.939362
v 0.656714 32.532661 36.119015
v 0.036305 32.525322 36.179680
v -0.584103 32.532661 36.119015
v -1.180670 32.554401 35.939362
v -1.730470 32.589706 35.647614
v -2.212373 32.637218 35.254990
v -2.607860 32.695114 34.776577
v -2.901734 32.761162 34.230762
v -3.082701 32.832832 33.638515
v -3.143806 32.907368 33.022598
v -3.082701 32.907368 32.402191
v -2.901734 32.907368 31.805622
v -2.607860 32.907368 31.255825
v -2.212373 32.907368 30.773922
v -1.730470 32.907368 30.378433
v -1.180670 32.907368 30.084560
v -0.584104 32.907368 29.903593
v 0.600640 32.907368 30.185497
v 0.036305 32.907368 30.129913
v 1.143288 32.907368 30.350105
v 1.643395 32.907368 30.617418
v 2.081742 32.907368 30.977163
v 2.441485 32.907368 31.415510
v 2.708798 32.907368 31.915617
v 2.873408 32.907368 32.458263
v 2.928990 32.907368 33.022598
v 2.873408 32.839573 33.582848
v 2.708797 32.774384 34.121563
v 2.441484 32.714302 34.618050
v 2.081742 32.661636 35.053223
v 1.643395 32.618416 35.410358
v 1.143288 32.586304 35.675735
v 0.600640 32.566528 35.839153
v 0.036305 32.559853 35.894333
v -0.528030 32.566528 35.839153
v -1.070678 32.586304 35.675735
v -1.570785 32.618416 35.410358
v -2.009132 32.661636 35.053223
v -2.368874 32.714298 34.618050
v -2.636187 32.774380 34.121563
v -2.800797 32.839569 33.582848
v -2.856380 32.907368 33.022598
v -2.800798 32.907368 32.458263
v -2.636187 32.907368 31.915617
v -2.368875 32.907368 31.415510
v -2.009132 32.907368 30.977163
v -1.570785 32.907368 30.617418
v -1.070678 32.907368 30.350105
v -0.528030 32.907368 30.185497
v 0.906755 32.924671 31.699139
v -0.554639 32.924667 32.589531
v 2.024384 32.924671 32.294514
v 2.494203 32.924671 30.354950
v 1.591206 32.819916 33.888248
v -0.075633 32.447887 36.962502
v 0.956340 32.648891 35.301514
v -0.880708 32.624660 35.501740
v -1.528178 32.779026 34.226128
v -2.494203 32.924667 30.783535
v -1.933283 32.924667 33.022594
v 2.079889 32.924671 33.022594
v -2.019170 32.859425 33.561737
v 1.827313 32.924671 33.022594
v -1.776281 32.868324 33.488213
v 1.827313 32.924671 33.022594
v -1.776281 32.868324 33.488213
v 0.351420 -4.548815 110.810814
v 0.517967 -5.014436 109.467354
v -1.999693 -5.618709 107.723839
v -1.611727 -5.094214 109.237175
v -0.729761 -4.276564 111.596336
v 0.122418 -3.824128 112.901764
v 0.787228 -4.222026 111.753700
v 1.731646 -4.971497 109.591232
v 2.119609 -5.502809 108.058235
v -0.688817 -5.255213 108.772629
v -1.254018 -4.661530 110.485603
v 1.321892 -4.569492 110.751152
v 0.518139 -5.082301 109.271530
v -2.281329 -5.762387 107.309280
v -1.840313 -5.118452 109.167244
v -0.837746 -4.188998 111.848991
v 0.130959 -3.674695 113.332932
v 0.886674 -4.127004 112.027878
v 1.960232 -4.978953 109.569717
v 2.401244 -5.685178 107.532036
v -0.832841 -5.369640 108.442467
v -1.433691 -4.626600 110.586380
v 1.494449 -4.521978 110.888229
v 0.029978 -5.663211 107.542587
v -0.436036 -5.648183 107.585953
v -0.884141 -5.603667 107.714394
v -1.297117 -5.531383 107.922966
v -1.659093 -5.434101 108.203651
v -1.956159 -5.315565 108.545670
v -2.176899 -5.180328 108.935867
v -2.312830 -5.033586 109.359268
v -2.358728 -4.880977 109.799583
v -2.312829 -4.728372 110.239906
v -2.176897 -4.581632 110.663300
v -1.956157 -4.446393 111.053505
v -1.659090 -4.327853 111.395523
v -1.297113 -4.230571 111.676208
v -0.884137 -4.158286 111.884773
v -0.436032 -4.113771 112.013214
v 0.029982 -4.098742 112.056580
v 0.495996 -4.113771 112.013214
v 0.944101 -4.158287 111.884773
v 1.357076 -4.230571 111.676208
v 1.719052 -4.327853 111.395523
v 2.016119 -4.446393 111.053505
v 2.236858 -4.581632 110.663300
v 2.372789 -4.728373 110.239906
v 2.418687 -4.880977 109.799583
v 2.372788 -5.033587 109.359268
v 2.236857 -5.180326 108.935867
v 2.016116 -5.315566 108.545670
v 1.719049 -5.434101 108.203651
v 1.357073 -5.531383 107.922966
v 0.944097 -5.603667 107.714394
v 0.495991 -5.648183 107.585953
v 0.029980 -4.880977 109.799583
v 0.029977 -5.740942 107.318329
v -0.482341 -5.724413 107.366013
v -0.974971 -5.675477 107.507202
v -1.428982 -5.596008 107.736496
v -1.826925 -5.489064 108.045074
v -2.153508 -5.358747 108.421082
v -2.396182 -5.210069 108.850052
v -2.545619 -5.048750 109.315521
v -2.596077 -4.880977 109.799583
v -2.545618 -4.713208 110.283661
v -2.396180 -4.551885 110.749123
v -2.153506 -4.403211 111.178101
v -1.826922 -4.272896 111.554100
v -1.428978 -4.165946 111.862679
v -0.974967 -4.086477 112.091972
v -0.482336 -4.037541 112.233162
v 0.029982 -4.021017 112.280846
v 0.542300 -4.037541 112.233162
v 1.034930 -4.086477 112.091972
v 1.488941 -4.165946 111.862679
v 1.886884 -4.272891 111.554100
v 2.213467 -4.403206 111.178093
v 2.456141 -4.551885 110.749123
v 2.605579 -4.713209 110.283653
v 2.656037 -4.880977 109.799583
v 2.605577 -5.048746 109.315506
v 2.456139 -5.210070 108.850052
v 2.213465 -5.358748 108.421066
v 1.886881 -5.489064 108.045059
v 1.488937 -5.596008 107.736496
v 1.034926 -5.675478 107.507202
v 0.542296 -5.724413 107.366013
v -0.436036 -5.648183 107.585953
v 0.029978 -5.663211 107.542587
v -0.884141 -5.603667 107.714394
v -1.297117 -5.531383 107.922966
v -1.659093 -5.434101 108.203651
v -1.956159 -5.315565 108.545670
v -2.176899 -5.180328 108.935867
v -2.312830 -5.033586 109.359268
v -2.358728 -4.880977 109.799583
v -2.312829 -4.728372 110.239906
v -2.176897 -4.581632 110.663300
v -1.956157 -4.446393 111.053505
v -1.659090 -4.327853 111.395523
v -1.297113 -4.230571 111.676208
v -0.884137 -4.158286 111.884773
v -0.436032 -4.113771 112.013214
v 0.029982 -4.098742 112.056580
v 0.495996 -4.113771 112.013214
v 0.944101 -4.158287 111.884773
v 1.357076 -4.230571 111.676208
v 1.719052 -4.327853 111.395523
v 2.016119 -4.446393 111.053505
v 2.236858 -4.581632 110.663300
v 2.372789 -4.728373 110.239906
v 2.418687 -4.880977 109.799583
v 2.372788 -5.033587 109.359268
v 2.236857 -5.180326 108.935867
v 2.016116 -5.315566 108.545670
v 1.719049 -5.434101 108.203651
v 1.357073 -5.531383 107.922966
v 0.944097 -5.603667 107.714394
v 0.495991 -5.648183 107.585953
v -0.688817 -5.255213 108.772629
v 0.517967 -5.014436 109.467354
v -1.611727 -5.094214 109.237175
v -1.999693 -5.618709 107.723839
v -1.254018 -4.661530 110.485603
v 0.122418 -3.824128 112.901764
v -0.729761 -4.276564 111.596336
v 0.787228 -4.222026 111.753700
v 1.321892 -4.569492 110.751152
v 2.119609 -5.502809 108.058235
v 1.731646 -4.971497 109.591232
vn 0.7685 0.6274 0.1255
vn 0.8642 0.4871 0.1257
vn -0.8537 0.5091 0.1097
vn -0.7518 0.6343 0.1801
vn 0.2827 -0.6744 -0.6821
vn 0.2264 -0.4293 -0.8743
vn -0.2337 -0.4286 -0.8727
vn -0.2824 -0.6744 -0.6822
vn -0.9910 0.1092 -0.0780
vn -0.8642 0.4871 0.1257
vn -0.7685 0.6274 0.1255
vn 0.7483 0.6381 0.1812
vn 0.8537 0.5091 0.1097
vn 0.7484 0.6381 0.1812
vn -0.2823 -0.6744 -0.6823
vn 0.2822 -0.6744 -0.6823
vn 0.9908 0.1101 -0.0786
vn -1.0000 -0.0000 -0.0000
vn -0.9055 0.3590 -0.2264
vn -0.8716 0.4162 0.2591
vn -0.9702 -0.2425 -0.0000
vn -0.9956 0.0941 -0.0000
vn -0.9931 0.1173 -0.0078
vn -0.8520 0.5236 -0.0000
vn -0.8610 0.5087 -0.0000
vn -0.7559 -0.6545 0.0156
vn -0.9701 -0.2426 -0.0000
vn -0.7414 -0.6711 -0.0000
vn -0.9440 -0.3277 0.0390
vn -0.8871 -0.4591 0.0467
vn -0.9409 -0.3371 0.0313
vn -0.9766 -0.2031 0.0703
vn -0.8456 -0.5324 0.0392
vn -0.9923 0.1016 0.0703
vn -0.9915 0.1093 0.0703
vn -0.9760 0.2108 0.0547
vn -0.8441 0.5315 0.0703
vn -0.8042 0.5856 0.1015
vn -0.9787 0.1957 0.0626
vn -0.9845 -0.1641 0.0625
vn -0.9925 0.0938 0.0781
vn -0.7987 0.5716 0.1879
vn -0.9840 -0.1562 0.0859
vn -0.9876 -0.1254 0.0941
vn -0.8687 -0.4930 0.0470
vn -0.9904 0.0936 0.1014
vn -0.9897 -0.0701 0.1247
vn -0.8730 -0.4754 0.1091
vn -0.8476 -0.4631 0.2590
vn -0.9866 0.0940 0.1331
vn -0.7999 0.5254 0.2901
vn -0.9803 -0.0235 0.1961
vn -0.7911 -0.3916 0.4700
vn -0.8641 0.1963 0.4634
vn -0.7743 0.4067 0.4849
vn -0.9621 0.1251 0.2425
vn -0.7198 0.5320 0.4459
vn 0.8716 0.4162 0.2591
vn 0.9040 0.3616 -0.2280
vn 1.0000 -0.0000 -0.0000
vn 0.9956 0.0941 -0.0000
vn 0.9702 -0.2425 -0.0000
vn 0.9931 0.1173 -0.0078
vn 0.8498 0.5271 -0.0000
vn 0.8610 0.5087 -0.0000
vn 0.9701 -0.2426 -0.0000
vn 0.7525 -0.6584 0.0157
vn 0.7414 -0.6711 -0.0000
vn 0.9431 -0.3301 0.0393
vn 0.8855 -0.4623 0.0470
vn 0.9763 -0.2047 0.0708
vn 0.9409 -0.3372 0.0314
vn 0.9922 0.1024 0.0709
vn 0.8456 -0.5324 0.0392
vn 0.9914 0.1101 0.0708
vn 0.9756 0.2124 0.0551
vn 0.8419 0.5350 0.0708
vn 0.8014 0.5893 0.1022
vn 0.9786 0.1958 0.0626
vn 0.9845 -0.1641 0.0625
vn 0.9924 0.0945 0.0788
vn 0.7959 0.5752 0.1891
vn 0.9837 -0.1574 0.0866
vn 0.9903 0.0943 0.1022
vn 0.9876 -0.1254 0.0941
vn 0.8687 -0.4930 0.0470
vn 0.9866 0.0940 0.1331
vn 0.7970 0.5287 0.2920
vn 0.9896 -0.0706 0.1257
vn 0.8711 -0.4787 0.1099
vn 0.8477 -0.4630 0.2590
vn 0.9621 0.1251 0.2425
vn 0.7160 0.5350 0.4485
vn 0.7743 0.4067 0.4849
vn 0.9803 -0.0235 0.1961
vn 0.7911 -0.3916 0.4699
vn 0.8641 0.1964 0.4634
vn -0.2899 -0.7365 0.6112
vn -0.2827 -0.7382 0.6125
vn -0.2899 -0.7365 0.6111
vn -0.2440 0.0551 0.9682
vn -0.2346 0.0704 0.9696
vn -0.2515 0.0471 0.9667
vn -0.2589 0.0393 0.9651
vn -0.2664 -0.9639 -0.0000
vn -0.3045 -0.9525 -0.0000
vn -0.3581 -0.3893 -0.8486
vn -0.3446 -0.4072 -0.8458
vn -0.3582 -0.3892 -0.8486
vn -0.3671 -0.3749 -0.8513
vn -0.9683 0.2499 -0.0000
vn -0.3303 0.9438 0.0079
vn -0.3279 0.9447 0.0078
vn -0.3844 0.3844 -0.8393
vn -0.3910 0.3832 -0.8368
vn -0.3844 0.3846 -0.8393
vn -0.5180 -0.8554 -0.0000
vn -0.5237 -0.8519 -0.0000
vn -0.5236 -0.8519 -0.0000
vn -0.4526 -0.1327 0.8818
vn -0.4778 -0.1253 0.8695
vn -0.4464 -0.1331 0.8849
vn -0.3209 0.9471 0.0079
vn -0.3209 0.9471 0.0078
vn -0.4688 0.2344 -0.8516
vn -0.3898 0.2105 -0.8965
vn -0.3925 0.2120 -0.8950
vn -0.5617 -0.8270 0.0234
vn -0.5707 -0.8209 0.0235
vn -0.5707 -0.8208 0.0235
vn -0.5511 -0.0000 0.8344
vn -0.5511 -0.0000 0.8345
vn -0.6187 0.7205 -0.3133
vn -0.6088 0.7259 -0.3200
vn -0.6138 0.7240 -0.3148
vn -0.6202 0.7222 -0.3063
vn -0.0156 0.9773 -0.2111
vn -0.0078 0.9806 -0.1961
vn 0.5482 0.6030 -0.5795
vn 0.5401 0.6106 -0.5792
vn 0.5417 0.4553 -0.7065
vn 0.5417 0.4554 -0.7065
vn 0.5417 0.4553 -0.7066
vn 0.5091 0.2271 -0.8302
vn -0.0000 -0.1568 -0.9876
vn -0.0000 -0.1480 -0.9890
vn -0.5179 0.3218 -0.7926
vn -0.5180 0.3218 -0.7926
vn -0.5381 0.3198 -0.7799
vn -0.5242 0.5320 -0.6650
vn -0.5546 0.5312 -0.6405
vn -0.5314 0.6720 -0.5157
vn -0.5314 0.6720 -0.5158
vn -0.5419 0.6676 -0.5105
vn -0.9701 0.2426 -0.0000
vn -0.9138 0.4061 -0.0000
vn -0.9235 0.3835 -0.0000
vn -0.9719 0.2352 -0.0000
vn 1.0000 -0.0000 0.0079
vn -0.7339 -0.6792 -0.0078
vn -0.7339 -0.6793 -0.0078
vn -0.7263 -0.6873 -0.0078
vn -0.0000 -1.0000 -0.0000
vn -0.0000 -0.3443 0.9389
vn -0.0000 -0.4378 -0.8991
vn -0.9066 -0.4220 -0.0078
vn -0.9065 -0.4220 -0.0078
vn -0.9020 -0.4314 -0.0157
vn 0.9525 -0.3045 -0.0000
vn 0.9525 -0.3044 -0.0000
vn -0.0000 -0.5087 -0.8609
vn 0.0157 -0.4566 0.8895
vn 0.0158 -0.4566 0.8896
vn 0.0157 -0.4566 0.8896
vn 0.0158 -0.4408 0.8974
vn -0.0000 -0.6629 -0.7487
vn 0.0078 -0.5708 0.8210
vn 0.0156 -0.5618 0.8271
vn -0.9956 0.0940 -0.0000
vn -0.9737 0.2277 -0.0000
vn -0.9737 0.2278 -0.0000
vn -0.0000 1.0000 -0.0000
vn 0.0079 0.4314 0.9021
vn 0.0078 0.4314 0.9021
vn 0.0078 0.4378 0.8990
vn -0.6598 0.4948 0.5656
vn -0.9054 0.3591 -0.2264
vn -0.6343 0.4934 -0.5952
vn 0.0078 0.4314 -0.9021
vn 0.0157 0.4378 -0.8989
vn -0.9970 0.0779 -0.0000
vn -0.9970 0.0778 -0.0000
vn -0.8626 0.1647 -0.4783
vn -0.8582 0.1717 -0.4837
vn -0.8593 0.1641 -0.4844
vn -0.9975 -0.0000 0.0701
vn -0.9353 -0.3507 0.0468
vn -0.9149 -0.3988 0.0626
vn -0.9217 -0.3827 0.0625
vn -0.9416 -0.3346 0.0389
vn -0.0079 0.4876 0.8730
vn -0.0078 0.4876 0.8730
vn -0.0001 0.5087 0.8609
vn -0.0000 0.5088 0.8609
vn -0.0000 0.9196 0.3930
vn -0.0000 0.7303 0.6832
vn -0.0000 0.7303 0.6831
vn -0.0000 0.7266 0.6871
vn -0.0000 -0.5029 0.8643
vn -0.0000 -0.5029 0.8644
vn -0.0000 0.4936 -0.8697
vn -0.8608 0.5087 0.0157
vn -0.8642 0.5028 0.0157
vn -0.0000 0.9658 0.2592
vn -0.0000 0.9658 0.2591
vn -0.0000 0.7071 -0.7071
vn -0.0000 0.5364 0.8440
vn -0.0000 0.5419 0.8404
vn -0.0079 1.0000 -0.0000
vn 0.8832 0.4689 -0.0000
vn 0.8833 0.4688 -0.0000
vn 0.8832 0.4690 -0.0000
vn -0.0000 0.4315 0.9021
vn -0.0000 0.4250 0.9052
vn -0.8462 0.5328 -0.0000
vn -0.0156 0.4220 -0.9065
vn -0.0157 0.4314 -0.9020
vn -0.9774 0.2111 0.0078
vn -0.2830 0.9591 -0.0000
vn -0.4395 0.0785 0.8948
vn -0.4396 0.0785 0.8948
vn -0.4791 0.1021 0.8718
vn -0.7487 -0.6629 -0.0000
vn -0.5010 0.0861 -0.8611
vn -0.4456 0.0860 -0.8911
vn -0.0000 0.5420 0.8404
vn -0.8519 0.5237 -0.0001
vn -0.3279 0.9447 -0.0000
vn -0.3511 0.9363 -0.0000
vn -0.8609 0.5088 -0.0000
vn -0.9974 0.0701 0.0156
vn -0.8609 -0.5087 -0.0000
vn -0.9638 -0.2665 -0.0000
vn -0.8609 -0.5088 -0.0000
vn -0.1337 -0.0000 0.9910
vn -1.0000 -0.0000 0.0079
vn -1.0000 -0.0000 0.0078
vn -0.2973 -0.0000 0.9548
vn -0.2974 -0.0000 0.9548
vn -0.9806 -0.0000 0.1961
vn -0.9806 -0.0000 0.1962
vn -0.7264 -0.0000 0.6873
vn -0.0390 -0.0078 -0.9992
vn -0.0468 -0.0156 -0.9988
vn -0.0313 -0.0000 -0.9995
vn -0.5761 -0.0000 -0.8174
vn -0.5760 -0.0000 -0.8174
vn -0.2592 0.9658 -0.0000
vn -0.5087 0.8609 -0.0000
vn -0.4995 0.8663 -0.0000
vn -0.2518 0.9678 -0.0000
vn -0.7032 0.7110 -0.0000
vn -0.4315 0.9021 -0.0000
vn -0.4472 0.8944 -0.0000
vn -0.7452 0.6668 -0.0078
vn -0.4843 0.8749 -0.0000
vn -0.2572 -0.9664 -0.0000
vn -0.2499 -0.9683 -0.0000
vn -0.4995 -0.8663 -0.0000
vn -0.5054 -0.8629 -0.0000
vn -0.7032 -0.7110 -0.0000
vn -0.7452 -0.6668 -0.0078
vn -0.4472 -0.8944 -0.0000
vn -0.4284 -0.9036 -0.0000
vn -0.4843 -0.8749 -0.0000
vn 0.7669 -0.6417 -0.0078
vn -0.9931 0.1173 -0.0000
vn -0.3281 0.4687 -0.8202
vn -0.3605 0.4937 -0.7914
vn -0.3500 -0.4978 -0.7935
vn -0.3501 -0.4979 -0.7935
vn -0.3293 -0.4626 -0.8232
vn -0.9931 -0.1173 -0.0000
vn -0.9931 -0.1174 -0.0000
vn -0.9921 -0.1251 -0.0000
vn -0.3302 -0.4717 0.8176
vn -0.3590 -0.4996 0.7884
vn -0.3536 0.4951 0.7936
vn -0.3536 0.4951 0.7937
vn -0.3293 0.4626 0.8232
vn 0.2592 0.9658 -0.0000
vn 0.2518 0.9678 -0.0000
vn 0.4936 0.8697 -0.0000
vn 0.5029 0.8644 -0.0000
vn 0.6992 0.7149 -0.0000
vn 0.7452 0.6668 -0.0078
vn 0.4472 0.8944 -0.0000
vn 0.4315 0.9021 -0.0000
vn 0.4783 0.8782 -0.0000
vn 0.2444 0.9697 -0.0000
vn 0.2572 -0.9664 -0.0000
vn 0.4995 -0.8663 -0.0000
vn 0.4936 -0.8697 -0.0000
vn 0.2499 -0.9683 -0.0000
vn 0.6992 -0.7149 -0.0000
vn 0.4285 -0.9036 -0.0000
vn 0.4472 -0.8944 -0.0000
vn 0.7452 -0.6668 -0.0078
vn 0.4783 -0.8782 -0.0000
vn 0.2426 -0.9701 -0.0000
vn -0.7669 -0.6417 -0.0078
vn 0.9931 0.1173 -0.0000
vn 0.3536 0.4951 -0.7937
vn 0.3536 0.4950 -0.7937
vn 0.3536 0.4951 -0.7936
vn 0.3281 0.4687 -0.8202
vn 0.3293 -0.4626 -0.8232
vn 0.3293 -0.4625 -0.8232
vn 0.3432 -0.4992 -0.7956
vn 0.9922 -0.1250 -0.0000
vn 0.9922 -0.1249 -0.0000
vn 0.9931 -0.1173 -0.0000
vn 0.3522 -0.5010 0.7906
vn 0.3522 -0.5009 0.7906
vn 0.3302 -0.4717 0.8176
vn 0.3293 0.4625 0.8232
vn 0.3467 0.4964 0.7959
vn -0.6992 0.7149 -0.0000
vn -0.6994 0.7147 -0.0003
vn -0.1568 0.9876 -0.0000
vn -0.1567 0.9876 -0.0000
vn -0.7634 0.4722 -0.4407
vn -0.7392 0.4955 -0.4561
vn -0.7456 0.4866 0.4552
vn -0.7750 0.4697 0.4227
vn 0.1417 0.9212 0.3622
vn -0.1339 0.8341 0.5351
vn -0.1333 0.8306 -0.5407
vn 0.1417 0.9213 -0.3622
vn -0.0393 0.9992 -0.0000
vn -0.0394 0.9992 -0.0000
vn 0.0786 0.9969 0.0078
vn 0.0863 0.9962 0.0078
vn -0.9808 -0.1946 -0.0078
vn -0.9790 -0.2036 -0.0078
vn -0.9774 -0.2111 -0.0078
vn -0.9805 0.1961 -0.0078
vn -0.9806 0.1961 -0.0079
vn -0.9823 0.1871 -0.0078
vn -0.1099 0.5888 -0.8008
vn -0.0944 0.5667 -0.8185
vn 0.9920 0.1260 -0.0000
vn -0.1018 0.5715 0.8142
vn -0.1017 0.5715 0.8143
vn -0.1018 0.5716 0.8142
vn -0.0939 0.5948 0.7983
vn -0.0001 -1.0000 -0.0000
vn 0.0001 -1.0000 -0.0000
vn -0.0079 0.9985 0.0550
vn -0.0000 0.9980 -0.0629
vn -0.1414 0.9900 -0.0000
vn -0.1415 0.9899 -0.0000
vn -0.1413 0.9900 -0.0000
vn -0.0000 -0.0000 -1.0000
vn -0.0078 0.0546 -0.9985
vn -0.0000 -0.0158 0.9999
vn -0.0000 -0.0157 0.9999
vn -0.0000 -0.0000 1.0000
vn -0.7193 -0.5394 0.4378
vn -0.7192 -0.5394 0.4378
vn -0.9476 0.1880 0.2584
vn -0.9476 0.1879 0.2584
vn 0.4004 0.8243 0.4004
vn 0.4094 0.8268 0.3858
vn 0.5016 -0.8151 0.2900
vn 0.5018 -0.7998 0.3293
vn 0.3605 -0.8698 0.3370
vn 0.3604 -0.8697 0.3371
vn 0.3605 -0.8698 0.3369
vn -0.4380 -0.8368 0.3285
vn -0.4454 -0.8361 0.3204
vn -0.0000 0.9754 0.2203
vn -0.0000 0.9754 0.2202
vn -0.7911 0.3916 0.4700
vn -0.7911 0.3916 0.4699
vn -0.0000 0.9439 0.3304
vn -0.0000 0.9439 0.3303
vn 0.8913 0.3471 0.2919
vn 0.8913 0.3470 0.2918
vn 0.8913 0.3471 0.2918
vn -0.8315 0.4785 0.2824
vn -0.8314 0.4785 0.2824
vn 0.8582 -0.1811 0.4803
vn 0.8390 -0.3215 0.4391
vn 0.8561 -0.3534 0.3770
vn 0.7049 -0.6110 0.3603
vn 0.7049 -0.6109 0.3603
vn 0.7073 -0.6209 0.3380
vn -0.9423 -0.0000 -0.3349
vn -0.9423 -0.0001 -0.3349
vn -0.2190 -0.8680 -0.4457
vn -0.2189 -0.8680 -0.4457
vn 0.7622 -0.5422 -0.3536
vn 0.7040 -0.5710 -0.4224
vn -0.0078 0.9719 -0.2352
vn -0.0078 0.9719 -0.2351
vn -0.0078 0.9569 -0.2902
vn -0.0707 0.9975 -0.0000
vn -0.0629 0.9980 -0.0000
vn 0.8897 0.4566 -0.0000
vn 0.8896 0.4567 -0.0000
vn -0.0550 0.4085 0.9111
vn -0.0550 0.4084 0.9111
vn -0.0552 0.4179 0.9068
vn -0.9325 0.3604 -0.0235
vn -0.9325 0.3605 -0.0235
vn -0.0314 0.4154 -0.9091
vn -0.0313 0.3994 -0.9162
vn -0.0000 0.8644 -0.5029
vn -0.8663 -0.0000 -0.4995
vn -0.8664 -0.0000 -0.4994
vn -0.0000 -0.8664 -0.4994
vn -0.0000 -0.8663 -0.4995
vn 0.8644 -0.0000 -0.5029
vn 0.8643 -0.0000 -0.5029
vn -0.6247 0.7809 -0.0000
vn -0.6199 0.7847 -0.0000
vn 0.4722 0.8815 -0.0000
vn -0.1959 0.2194 0.9558
vn -0.2042 0.2356 0.9502
vn -0.9731 -0.2258 -0.0467
vn -0.9731 -0.2257 -0.0467
vn -0.9705 -0.2348 -0.0548
vn -0.1952 0.2342 -0.9524
vn -0.1880 0.2272 -0.9555
vn -0.3930 0.0079 0.9195
vn -0.3929 0.0079 0.9195
vn -0.2974 -0.9548 -0.0000
vn -0.3115 -0.9502 -0.0000
vn -0.4378 -0.0000 -0.8991
vn -0.3067 0.9518 -0.0079
vn -0.3068 0.9517 -0.0079
vn -0.3068 0.9518 -0.0079
vn -0.2974 0.9547 -0.0077
vn -0.0000 0.7847 -0.6199
vn -0.0000 0.7809 -0.6247
vn -0.6585 0.7526 0.0078
vn -0.6454 0.7635 0.0236
vn -0.6668 0.7452 0.0078
vn -0.6750 0.7378 -0.0000
vn -0.0000 1.0000 0.0001
vn -0.9790 0.2037 -0.0000
vn -0.9790 0.2036 -0.0000
vn -0.8575 0.5145 -0.0000
vn -0.8263 -0.0468 0.5613
vn -0.7740 -0.6332 -0.0000
vn -0.0157 -0.7525 -0.6584
vn -0.0156 -0.7559 -0.6546
vn 0.8710 0.3845 -0.3060
vn 0.8735 0.3777 -0.3070
vn 0.8621 0.3919 -0.3213
vn 0.7707 0.6372 -0.0001
vn 0.7708 0.6371 -0.0001
vn -0.0079 0.7452 0.6668
vn -0.0078 0.7452 0.6668
vn -0.5707 0.8208 0.0234
vn -0.6025 0.7981 -0.0000
vn -0.0000 0.2903 -0.9569
vn 0.9612 0.2758 -0.0000
vn 0.9612 0.2757 -0.0000
vn -0.0000 0.2902 0.9570
vn -0.0000 0.2901 0.9570
vn -0.9618 0.2737 0.0078
vn 0.0001 0.2903 0.9569
vn -0.0000 0.2900 0.9570
vn -0.0000 0.2903 0.9569
vn 0.0001 0.2902 0.9570
vn -0.0078 0.8148 -0.5797
vn -0.8519 0.5237 -0.0000
vn -0.8749 0.4843 -0.0000
vn -0.8782 0.4783 -0.0000
vn 0.6915 -0.1022 0.7151
vn 0.9583 -0.1021 0.2670
vn 0.9583 -0.1021 0.2671
vn 0.9582 -0.1022 0.2670
vn 0.9582 -0.1026 0.2671
vn 0.9582 -0.1022 -0.2671
vn 0.9583 -0.1021 -0.2671
vn 0.9582 -0.1025 -0.2672
vn 0.9582 -0.1024 -0.2671
vn 0.6877 -0.1016 -0.7189
vn 0.2431 -0.1020 -0.9646
vn 0.2431 -0.1019 -0.9646
vn -0.9771 0.2032 0.0625
vn -0.9750 0.2106 0.0702
vn -0.9652 0.1962 -0.1726
vn -0.9658 0.1947 -0.1713
vn -0.9851 -0.0000 -0.1720
vn -0.9864 -0.0000 -0.1644
vn -0.9341 -0.3347 -0.1246
vn -0.9341 -0.3347 -0.1245
vn -0.9325 -0.3291 -0.1489
vn -0.9920 -0.1171 0.0469
vn -0.9920 -0.1172 0.0469
vn -0.9894 -0.1402 0.0389
vn -0.8806 -0.3818 0.2806
vn -0.8806 -0.3819 0.2806
vn -0.8728 -0.3818 0.3039
vn -0.9471 -0.0000 0.3209
vn -0.9471 -0.0000 0.3210
vn -0.9495 -0.0000 0.3139
vn -0.9239 0.1957 0.3288
vn -0.9262 0.1962 0.3218
vn -0.9973 -0.0390 0.0624
vn -0.9973 -0.0389 0.0623
vn -0.9970 -0.0467 0.0623
vn 0.2431 -0.1020 0.9646
vn 0.2431 -0.1019 0.9646
vn -0.8308 -0.5566 -0.0000
vn -0.8309 -0.5565 -0.0000
vn 0.3835 -0.9235 -0.0000
vn 0.3836 -0.9235 -0.0000
vn -0.1800 0.4305 -0.8845
vn 0.2827 -0.7382 0.6125
vn 0.2366 0.0552 0.9700
vn 0.2516 0.0393 0.9670
vn 0.2441 0.0472 0.9686
vn 0.2272 0.0705 0.9713
vn 0.2664 -0.9639 -0.0000
vn 0.2974 -0.9548 -0.0000
vn 0.3581 -0.3893 -0.8486
vn 0.3671 -0.3749 -0.8513
vn 0.3582 -0.3892 -0.8486
vn 0.3446 -0.4073 -0.8458
vn 0.9678 0.2518 -0.0000
vn 0.3303 0.9438 0.0079
vn 0.3304 0.9438 0.0079
vn 0.3233 0.9463 0.0079
vn 0.3209 0.9471 0.0078
vn 0.3844 0.3844 -0.8393
vn 0.3910 0.3832 -0.8368
vn 0.5179 -0.8554 -0.0000
vn 0.5180 -0.8554 -0.0000
vn 0.4464 -0.1331 0.8849
vn 0.4717 -0.1258 0.8727
vn 0.4627 0.2352 -0.8547
vn 0.4688 0.2344 -0.8516
vn 0.3926 0.2120 -0.8950
vn 0.3832 0.2111 -0.8992
vn 0.5564 -0.8306 0.0235
vn 0.5654 -0.8245 0.0236
vn 0.5511 -0.0000 0.8345
vn 0.6187 0.7205 -0.3132
vn 0.6202 0.7222 -0.3062
vn 0.6138 0.7240 -0.3148
vn 0.6039 0.7293 -0.3215
vn 0.0079 0.9805 -0.1961
vn 0.0078 0.9805 -0.1962
vn 0.0078 0.9806 -0.1961
vn 0.0078 0.9774 -0.2111
vn -0.5456 0.6080 -0.5768
vn -0.5482 0.6030 -0.5795
vn -0.5472 0.4534 -0.7036
vn -0.5417 0.4554 -0.7065
vn -0.5091 0.2271 -0.8302
vn -0.5091 0.2272 -0.8302
vn 0.5325 0.3211 -0.7832
vn 0.5325 0.3211 -0.7831
vn 0.5180 0.3217 -0.7926
vn 0.5546 0.5312 -0.6405
vn 0.5242 0.5320 -0.6650
vn 0.5363 0.6705 -0.5126
vn 0.5363 0.6704 -0.5127
vn 0.5257 0.6748 -0.5179
vn 0.9697 0.2444 -0.0000
vn 0.9720 0.2352 -0.0000
vn 0.9224 0.3863 -0.0000
vn 0.9125 0.4091 -0.0000
vn 0.7226 -0.6912 -0.0079
vn 0.7302 -0.6831 -0.0078
vn 0.9020 -0.4314 -0.0157
vn 0.9051 -0.4250 -0.0078
vn -0.9525 -0.3045 -0.0000
vn -0.0236 -0.4408 0.8973
vn -0.0158 -0.4565 0.8896
vn -0.0234 -0.5617 0.8270
vn -0.0156 -0.5708 0.8210
vn 0.9956 0.0940 -0.0000
vn 0.9737 0.2277 -0.0000
vn -0.0156 0.4377 0.8990
vn -0.0156 0.4378 0.8990
vn -0.0079 0.4314 0.9021
vn 0.6553 0.4974 0.5685
vn 0.6296 0.4958 -0.5982
vn -0.0156 0.4377 -0.8990
vn -0.0156 0.4378 -0.8990
vn -0.0078 0.4315 -0.9021
vn 0.9969 0.0785 -0.0000
vn 0.8626 0.1647 -0.4784
vn 0.8593 0.1641 -0.4844
vn 0.8582 0.1717 -0.4837
vn 0.9975 -0.0000 0.0707
vn 0.9343 -0.3533 0.0471
vn 0.9407 -0.3371 0.0392
vn 0.9205 -0.3855 0.0629
vn 0.9136 -0.4017 0.0630
vn -0.0000 0.4877 0.8730
vn -0.0000 0.5087 0.8609
vn 0.0001 0.5087 0.8609
vn -0.0000 0.4876 0.8730
vn -0.0000 0.9195 0.3930
vn -0.0078 0.9195 0.3929
vn -0.0078 0.4936 -0.8697
vn 0.8608 0.5087 0.0157
vn 0.8588 0.5121 0.0158
vn 0.8642 0.5028 0.0157
vn 0.0001 0.5419 0.8404
vn -0.0000 1.0000 -0.0001
vn -0.8832 0.4690 -0.0000
vn -0.8832 0.4689 -0.0000
vn -0.0000 0.4251 0.9052
vn -0.0000 0.4314 0.9021
vn 0.8462 0.5328 -0.0000
vn 0.0157 0.4314 -0.9020
vn 0.0157 0.4312 -0.9021
vn 0.0078 0.4220 -0.9066
vn 0.9771 0.2128 0.0079
vn 0.2758 0.9612 -0.0000
vn 0.4791 0.1021 0.8718
vn 0.4332 0.0787 0.8979
vn 0.7452 -0.6668 -0.0000
vn 0.7453 -0.6668 -0.0000
vn 0.4456 0.0860 -0.8911
vn 0.4951 0.0864 -0.8645
vn 0.8497 0.5272 -0.0000
vn 0.8609 0.5088 -0.0000
vn 0.3443 0.9389 -0.0000
vn 0.3210 0.9471 -0.0000
vn 0.9974 0.0707 0.0157
vn 0.8609 -0.5087 -0.0000
vn 0.8609 -0.5088 -0.0000
vn 0.9638 -0.2665 -0.0000
vn 0.1337 -0.0000 0.9910
vn 1.0000 -0.0000 0.0080
vn 0.2903 -0.0000 0.9569
vn 0.2902 -0.0000 0.9570
vn 0.9806 -0.0000 0.1962
vn 0.7226 -0.0000 0.6912
vn 0.7227 -0.0000 0.6912
vn 0.0390 -0.0078 -0.9992
vn 0.0313 -0.0000 -0.9995
vn 0.0469 -0.0156 -0.9988
vn 0.5708 -0.0000 -0.8211
vn 0.5029 0.8643 -0.0000
vn 0.7452 0.6667 -0.0079
vn 0.4473 0.8944 -0.0000
vn 0.4284 -0.9036 -0.0000
vn 0.4473 -0.8944 -0.0000
vn 0.7452 -0.6667 -0.0079
vn 0.9931 0.1174 -0.0000
vn 0.9921 -0.1251 -0.0000
vn 0.3522 -0.5010 0.7905
vn 0.3293 0.4626 0.8232
vn 0.3292 0.4625 0.8232
vn 0.3467 0.4965 0.7958
vn -0.4473 0.8944 -0.0000
vn -0.7452 0.6667 -0.0079
vn -0.5053 -0.8630 -0.0000
vn -0.7452 -0.6667 -0.0079
vn -0.4473 -0.8944 -0.0000
vn -0.4285 -0.9035 -0.0000
vn -0.9922 -0.1250 -0.0000
vn -0.3536 0.4950 0.7937
vn 0.6992 0.7150 -0.0000
vn 0.6993 0.7149 -0.0001
vn 0.1491 0.9888 -0.0000
vn 0.1568 0.9876 0.0001
vn 0.7634 0.4722 -0.4407
vn 0.7719 0.4726 0.4253
vn 0.7456 0.4866 0.4552
vn 0.7392 0.4954 -0.4561
vn -0.1494 0.9202 0.3618
vn -0.1494 0.9202 -0.3618
vn 0.1255 0.8315 -0.5412
vn 0.1338 0.8341 0.5351
vn 0.0315 0.9995 -0.0000
vn -0.0941 0.9955 0.0078
vn -0.0785 0.9969 0.0078
vn 0.0394 0.9992 -0.0000
vn 0.9806 -0.1961 -0.0078
vn 0.9774 -0.2111 -0.0078
vn 0.9790 -0.2036 -0.0078
vn 0.9805 -0.1961 -0.0079
vn 0.9806 0.1961 -0.0079
vn 0.9820 0.1886 -0.0078
vn 0.9820 0.1885 -0.0079
vn 0.9805 0.1961 -0.0078
vn 0.0866 0.5671 -0.8191
vn 0.1022 0.5893 -0.8014
vn -0.9922 0.1250 -0.0000
vn 0.0862 0.5953 0.7989
vn 0.0940 0.5720 0.8149
vn 0.0001 1.0000 -0.0000
vn -0.0000 0.9985 0.0550
vn 0.1337 0.9910 -0.0000
vn 0.0078 0.0546 -0.9985
vn 0.7155 -0.5425 0.4403
vn 0.7154 -0.5425 0.4403
vn 0.9476 0.1879 0.2584
vn 0.9476 0.1880 0.2584
vn -0.4094 0.8267 0.3858
vn -0.4094 0.8268 0.3858
vn -0.4069 0.8217 0.3991
vn -0.5018 -0.7998 0.3293
vn -0.5074 -0.8119 0.2888
vn -0.3604 -0.8698 0.3369
vn -0.3602 -0.8699 0.3370
vn -0.3602 -0.8699 0.3368
vn -0.3605 -0.8698 0.3369
vn 0.4391 -0.8390 0.3215
vn 0.4380 -0.8368 0.3285
vn 0.7911 0.3916 0.4700
vn 0.7911 0.3916 0.4699
vn -0.8929 0.3446 0.2898
vn 0.8314 0.4785 0.2824
vn -0.8603 -0.1799 0.4771
vn -0.8603 -0.1799 0.4770
vn -0.8602 -0.1799 0.4771
vn -0.8582 -0.3511 0.3745
vn -0.8413 -0.3194 0.4362
vn -0.7112 -0.6174 0.3361
vn -0.7049 -0.6109 0.3603
vn 0.9414 -0.0000 -0.3373
vn 0.2115 -0.8695 -0.4465
vn 0.2115 -0.8694 -0.4465
vn -0.7079 -0.5678 -0.4200
vn -0.7079 -0.5678 -0.4201
vn -0.7079 -0.5679 -0.4201
vn -0.7655 -0.5390 -0.3515
vn -0.0000 0.9570 -0.2902
vn 0.0078 0.9719 -0.2351
vn 0.0629 0.9980 -0.0000
vn 0.0628 0.9980 -0.0000
vn -0.8913 0.4535 -0.0000
vn 0.0473 0.4181 0.9072
vn 0.0474 0.4181 0.9072
vn 0.0550 0.4084 0.9111
vn 0.9325 0.3605 -0.0235
vn 0.9325 0.3604 -0.0235
vn 0.0235 0.3995 -0.9164
vn 0.0314 0.4154 -0.9091
vn -0.0000 0.8643 -0.5029
vn 0.6199 0.7847 -0.0000
vn -0.4722 0.8815 -0.0000
vn -0.4721 0.8815 -0.0000
vn 0.1966 0.2359 0.9517
vn 0.1966 0.2360 0.9517
vn 0.1959 0.2194 0.9558
vn 0.9705 -0.2348 -0.0548
vn 0.9726 -0.2275 -0.0471
vn 0.1804 0.2275 -0.9569
vn 0.1877 0.2346 -0.9538
vn 1.0000 -0.0000 0.0078
vn 0.3863 0.0079 0.9224
vn 0.3863 0.0079 0.9223
vn 0.3116 -0.9502 -0.0000
vn 0.3115 -0.9502 -0.0000
vn 0.4378 -0.0000 -0.8991
vn 0.4315 -0.0000 -0.9021
vn 0.2902 0.9569 -0.0078
vn 0.3068 0.9517 -0.0078
vn 0.6585 0.7526 0.0079
vn 0.6750 0.7378 -0.0000
vn 0.6624 0.7491 0.0079
vn 0.6454 0.7635 0.0236
vn 0.9790 0.2037 -0.0000
vn 0.9790 0.2036 -0.0000
vn 0.8554 0.5180 -0.0000
vn 0.8554 0.5179 -0.0000
vn 0.8238 -0.0471 0.5649
vn 0.7708 -0.6371 -0.0000
vn 0.0078 -0.7525 -0.6585
vn 0.0078 -0.7559 -0.6546
vn 0.0079 -0.7526 -0.6585
vn -0.8728 0.3819 -0.3039
vn -0.8621 0.3919 -0.3213
vn -0.8754 0.3752 -0.3048
vn -0.7739 0.6332 -0.0000
vn -0.7740 0.6332 -0.0000
vn 0.0079 0.7452 0.6668
vn 0.5975 0.8019 -0.0000
vn 0.5654 0.8245 0.0236
vn -0.9618 0.2737 -0.0000
vn -0.0002 0.2903 0.9569
vn 0.9612 0.2757 0.0079
vn 0.9612 0.2758 0.0079
vn -0.0001 0.2902 0.9570
vn 0.0079 0.8148 -0.5797
vn 0.8498 0.5272 -0.0000
vn 0.8764 0.4816 -0.0000
vn 0.8730 0.4876 -0.0000
vn -0.6915 -0.1022 0.7151
vn -0.6915 -0.1021 0.7151
vn -0.9589 -0.1014 0.2651
vn -0.9589 -0.1013 0.2651
vn -0.9589 -0.1014 -0.2651
vn -0.9589 -0.1013 -0.2650
vn -0.6877 -0.1016 -0.7189
vn -0.6877 -0.1015 -0.7189
vn -0.2505 -0.1018 -0.9628
vn -0.2505 -0.1017 -0.9628
vn 0.9768 0.2048 0.0630
vn 0.9771 0.2032 0.0625
vn 0.9747 0.2122 0.0707
vn 0.9652 0.1962 -0.1727
vn 0.9653 0.1962 -0.1726
vn 0.9864 -0.0000 -0.1644
vn 0.9851 -0.0000 -0.1720
vn 0.9325 -0.3291 -0.1489
vn 0.9330 -0.3372 -0.1255
vn 0.9892 -0.1413 0.0393
vn 0.9920 -0.1172 0.0469
vn 0.8709 -0.3845 0.3060
vn 0.8788 -0.3845 0.2825
vn 0.9495 -0.0000 0.3139
vn 0.9471 -0.0000 0.3209
vn 0.9262 0.1962 0.3218
vn 0.9239 0.1958 0.3288
vn 0.9969 -0.0471 0.0628
vn 0.9969 -0.0472 0.0628
vn 0.9973 -0.0393 0.0628
vn -0.2505 -0.1018 0.9628
vn -0.2505 -0.1017 0.9628
vn 0.8308 -0.5565 -0.0000
vn 0.8308 -0.5566 -0.0000
vn 0.8309 -0.5565 -0.0000
vn -0.3835 -0.9235 -0.0000
vn -0.3836 -0.9235 -0.0000
vn 0.1800 0.4305 -0.8845
vn -0.9997 -0.0000 -0.0233
vn -0.9989 -0.0000 -0.0468
vn -0.0000 -0.5796 -0.8149
vn -0.0000 -0.5799 -0.8147
vn -0.9701 0.2425 -0.0078
vn -0.9678 0.2497 -0.0312
vn -0.9701 0.2425 0.0078
vn -0.9701 0.2425 -0.0000
vn -0.9511 0.3040 -0.0546
vn -0.9312 0.3521 -0.0939
vn -0.2885 -0.2651 -0.9200
vn -0.3278 -0.5854 -0.7415
vn -0.3194 -0.5920 -0.7400
vn -0.2965 -0.3044 -0.9052
vn -0.2426 0.4618 -0.8532
vn -0.2435 0.4084 -0.8797
vn -0.2038 0.9248 -0.3213
vn -0.2042 0.9034 -0.3771
vn -0.2038 0.9790 -0.0001
vn -0.2035 0.9791 0.0001
vn -0.3677 -0.2347 0.8998
vn -0.3596 -0.4847 0.7974
vn -0.3686 -0.4863 0.7922
vn -0.3693 -0.1807 0.9116
vn -0.3754 0.0860 0.9229
vn -0.3781 0.0867 0.9217
vn -0.3136 0.9016 -0.2979
vn -0.3695 0.9276 0.0550
vn -0.3373 0.9413 0.0157
vn -0.3061 0.9183 -0.2512
vn -0.2594 0.7938 -0.5501
vn -0.8975 -0.4292 -0.1015
vn -0.7804 -0.5697 -0.2576
vn -0.9024 -0.4237 -0.0784
vn -0.9093 -0.4155 -0.0234
vn -0.8423 -0.5382 -0.0312
vn -0.9233 -0.3834 -0.0235
vn -0.9570 -0.2902 -0.0000
vn -0.8332 -0.5529 -0.0000
vn -0.9836 0.1796 -0.0156
vn -0.9576 -0.2881 -0.0000
vn -0.9922 0.1249 -0.0000
vn -0.9921 0.1250 0.0078
vn -0.9885 0.1491 -0.0236
vn -0.9326 0.3606 -0.0157
vn -0.7981 0.6025 -0.0000
vn -0.7914 0.6113 -0.0000
vn -0.9568 0.2902 0.0157
vn -0.9682 0.2499 -0.0078
vn -0.9663 0.2572 -0.0078
vn -0.9682 0.2498 0.0156
vn -0.9701 0.2426 0.0002
vn -0.9796 0.1881 0.0705
vn -0.9658 0.2591 -0.0000
vn -0.9786 0.2035 0.0313
vn -0.9587 0.2806 0.0468
vn -0.9805 0.1726 0.0942
vn -0.9490 0.3137 -0.0314
vn -0.9795 0.1959 0.0470
vn -0.9709 0.2349 -0.0470
vn -0.9620 0.2503 -0.1095
vn -0.9770 0.2111 -0.0313
vn -0.9446 0.3279 -0.0156
vn -0.9327 0.3606 -0.0000
vn -0.9790 0.2036 0.0078
vn -0.9471 0.3209 -0.0000
vn -0.9757 0.2186 0.0156
vn -0.9447 0.3279 -0.0000
vn -0.9791 0.1958 0.0548
vn -0.9547 0.2974 0.0078
vn -0.9709 0.2349 0.0470
vn -0.9593 0.2808 0.0312
vn -0.9700 0.2425 0.0156
vn -0.9720 0.2351 -0.0000
vn -0.3756 -0.6025 0.7042
vn -0.5088 -0.6575 0.5558
vn -0.4841 -0.6638 0.5701
vn -0.3609 -0.5807 0.7298
vn -0.2736 -0.3986 0.8754
vn -0.2749 -0.3692 0.8877
vn -0.4243 -0.2436 0.8722
vn -0.4463 -0.2427 0.8613
vn -0.9720 0.2352 -0.0000
vn -0.9207 0.3902 -0.0000
vn -0.9196 0.3930 -0.0000
vn -0.4876 0.8729 -0.0157
vn -0.4876 0.8731 -0.0000
vn -0.4936 0.8696 -0.0078
vn -0.8730 0.4876 -0.0079
vn -0.9095 0.4156 -0.0000
vn -0.0000 0.9096 -0.4156
vn -0.0000 0.9125 -0.4090
vn -0.0000 0.9125 -0.4091
vn -0.0000 0.9095 -0.4156
vn -0.0000 0.9052 -0.4250
vn -0.0000 0.9021 -0.4315
vn -0.1961 -0.9806 -0.0078
vn -0.4625 -0.8858 -0.0392
vn -0.4439 -0.8952 -0.0388
vn -0.1871 -0.9823 -0.0078
vn -0.0783 -0.9629 -0.2583
vn -0.1404 -0.9831 -0.1170
vn -0.0000 -0.9036 -0.4284
vn -0.0000 -0.9036 -0.4285
vn 0.0783 -0.9629 -0.2583
vn 0.1405 -0.9831 -0.1171
vn 0.1871 -0.9823 -0.0078
vn 0.1961 -0.9806 -0.0078
vn 0.4375 -0.8984 -0.0391
vn 0.4625 -0.8858 -0.0391
vn -0.0000 0.2592 -0.9658
vn -0.0078 0.2572 -0.9663
vn -0.0000 0.3902 -0.9207
vn -0.0000 0.4061 -0.9138
vn -0.0000 0.6285 -0.7778
vn -0.0000 0.6417 -0.7670
vn -0.0157 0.7302 -0.6831
vn -0.0235 0.7376 -0.6748
vn -0.0000 0.5328 -0.8462
vn -0.0000 0.4062 -0.9138
vn -0.0000 0.2665 -0.9638
vn -0.0000 0.2571 -0.9664
vn -0.0000 0.2591 -0.9658
vn -0.0000 0.2572 -0.9664
vn -0.0000 0.2662 -0.9639
vn -0.0000 0.5384 -0.8427
vn 0.0157 0.2591 -0.9657
vn -0.1102 0.9919 0.0630
vn -0.0000 0.3835 -0.9235
vn -0.0001 0.4221 -0.9066
vn -0.0000 0.6332 -0.7740
vn -0.0000 0.6585 -0.7526
vn -0.0079 0.7303 -0.6831
vn 0.0470 0.7444 -0.6661
vn 0.0079 0.2444 0.9696
vn -0.0000 0.6750 -0.7379
vn -0.0000 0.6371 -0.7708
vn 0.0078 0.7847 -0.6199
vn -0.0000 0.8211 -0.5708
vn 0.0079 0.8308 -0.5565
vn -0.0000 0.7378 -0.6750
vn -0.0000 0.8084 -0.5886
vn -0.0000 0.8084 -0.5887
vn -0.0078 0.8210 -0.5708
vn -0.0157 0.8307 -0.5564
vn -0.0079 0.7846 -0.6199
vn -0.0548 0.7441 -0.6658
vn 0.0079 0.7302 -0.6831
vn -0.0000 0.4220 -0.9066
vn 0.1024 0.9927 0.0630
vn -0.0157 0.2591 -0.9657
vn -0.0078 0.4061 -0.9138
vn -0.0157 0.2443 0.9696
vn -0.0000 0.6751 -0.7378
vn -0.0000 0.7408 -0.6718
vn -0.0001 0.7345 -0.6786
vn -0.0000 0.7366 -0.6763
vn -0.0000 0.7374 -0.6755
vn -0.0000 0.7415 -0.6710
vn 0.0001 0.7360 -0.6770
vn -0.0000 0.7382 -0.6746
vn 0.0004 0.2665 -0.9638
vn -0.0000 0.2664 -0.9639
vn -0.8913 -0.4535 -0.0000
vn 0.8897 -0.4566 -0.0000
vn 0.8896 -0.4567 -0.0000
vn -0.8912 -0.4535 -0.0000
vn -0.8913 -0.4534 -0.0000
vn -0.9702 0.2425 -0.0000
vn -0.9963 0.0857 -0.0000
vn -0.9963 0.0863 -0.0000
vn 0.8953 0.3377 0.2906
vn 0.8696 0.3682 0.3290
vn 0.8724 0.3930 0.2908
vn 0.8704 0.3921 0.2980
vn 0.8787 0.4315 0.2040
vn 0.8786 0.4628 0.1178
vn 0.8794 0.4632 0.1099
vn 0.8958 0.4400 0.0629
vn 0.9004 0.4306 0.0626
vn -0.1576 0.8669 0.4729
vn -0.4016 0.8268 0.3937
vn -0.7787 0.5428 0.3146
vn -0.8809 0.4405 0.1730
vn -0.3361 0.9142 0.2266
vn -0.8851 0.4622 0.0548
vn -0.3365 0.9390 0.0704
vn -0.3606 0.9327 -0.0000
vn -0.9021 0.4315 -0.0000
vn -0.3382 0.1967 0.9203
vn -0.6598 0.4948 0.5655
vn -0.3446 0.1645 0.9242
vn -0.2749 0.3299 0.9031
vn -0.3519 0.1564 -0.9229
vn -0.9054 0.3591 -0.2263
vn -0.3358 0.1952 -0.9215
vn -0.2729 0.3275 -0.9046
vn -0.9034 0.3770 0.2042
vn -0.8989 0.3596 0.2502
vn -0.8446 0.2580 0.4692
vn -0.9182 0.3924 0.0549
vn -0.9222 0.3829 0.0547
vn 0.0079 0.9463 0.3233
vn 0.0079 0.9438 0.3303
vn -0.0000 0.9720 0.2351
vn -0.0000 0.9899 0.1414
vn -0.0000 0.9900 0.1414
vn -0.0000 0.9737 0.2277
vn -0.0000 0.9471 0.3209
vn -0.0000 0.9438 0.3304
vn -0.0079 0.9438 0.3303
vn -0.0079 0.9463 0.3233
vn -0.0079 0.9462 0.3234
vn 0.8528 0.4930 0.1722
vn 0.8418 0.5113 0.1731
vn 0.9567 0.2588 0.1333
vn 0.9605 0.2440 0.1338
vn 0.9931 0.0938 0.0704
vn 0.9965 0.0628 0.0549
vn 0.0079 0.9195 0.3930
vn 0.0157 0.8814 0.4722
vn 0.0315 0.9047 0.4248
vn -0.0236 0.8813 0.4720
vn -0.0000 0.8782 0.4783
vn -0.0000 0.8554 0.5180
vn -0.0393 0.9045 0.4247
vn 0.0236 0.8813 0.4720
vn -0.0158 0.8813 0.4723
vn -0.0079 0.9195 0.3930
vn -0.0079 0.7149 0.6992
vn -0.0000 0.7226 0.6912
vn -0.0157 0.7148 0.6992
vn 0.0237 0.6950 0.7186
vn -0.0000 0.6668 0.7452
vn -0.0000 0.6832 0.7302
vn -0.0315 0.6948 0.7185
vn 0.0078 0.7149 0.6992
vn -1.0000 -0.0000 -0.0078
vn -0.7057 -0.7057 0.0627
vn -0.7029 -0.7029 0.1093
vn -0.7028 -0.7029 0.1094
vn -0.7060 -0.7060 0.0549
vn -0.7110 -0.7032 0.0078
vn -0.2585 0.0705 0.9634
vn -0.2737 0.0157 0.9617
vn -0.2664 0.0157 0.9637
vn -0.1174 0.2975 0.9475
vn -0.1807 0.2515 0.9508
vn -0.0000 0.4566 0.8897
vn 0.1174 0.2975 0.9475
vn 0.1731 0.2518 0.9522
vn 0.2585 0.0705 0.9634
vn 0.2664 0.0157 0.9637
vn -0.7413 -0.6711 -0.0001
vn -0.3210 -0.9471 -0.0000
vn -0.7558 -0.6546 0.0156
vn -0.3674 -0.9300 0.0078
vn -0.8456 -0.5324 0.0391
vn -0.8687 -0.4931 0.0470
vn -0.3516 -0.9297 0.1094
vn -0.8729 -0.4755 0.1091
vn -0.3064 -0.9113 0.2750
vn -0.7910 -0.3916 0.4700
vn -0.3368 -0.4856 0.8067
vn -0.8641 0.1964 0.4635
vn -0.3771 0.3534 0.8561
vn -0.7742 0.4067 0.4849
vn -0.2517 0.6999 0.6685
vn -0.7197 0.5321 0.4460
vn -0.2274 0.7762 0.5880
vn -0.2738 0.8603 0.4301
vn -0.7998 0.5254 0.2901
vn -0.2519 0.9365 0.2440
vn -0.2591 0.9577 0.1256
vn -0.8441 0.5315 0.0704
vn -0.3296 0.9415 0.0706
vn -0.8810 0.4404 0.1730
vn -0.9948 0.0392 0.0940
vn -0.7787 0.5428 0.3147
vn -0.9978 0.0546 0.0390
vn -0.8851 0.4621 0.0548
vn -0.9021 0.4314 -0.0000
vn -0.9981 0.0624 -0.0000
vn -0.9890 0.1480 -0.0000
vn -0.9639 -0.2664 -0.0000
vn -0.9547 0.2974 -0.0000
vn -0.4877 0.8730 0.0002
vn -0.4842 0.8749 -0.0000
vn -0.4936 0.8697 -0.0000
vn -0.5029 0.8644 -0.0000
vn -0.5026 0.8639 -0.0314
vn -0.2664 0.9636 -0.0235
vn -0.4075 0.9091 -0.0862
vn -0.2198 0.9730 -0.0706
vn -0.1253 0.9710 -0.2036
vn -0.3134 0.9402 -0.1332
vn -0.1573 0.9361 -0.3146
vn -0.3134 0.9402 -0.1333
vn -0.0000 0.9195 -0.3930
vn -0.0000 0.9737 -0.2278
vn 0.1253 0.9710 -0.2036
vn 0.1496 0.9372 -0.3150
vn 0.3063 0.9425 -0.1336
vn -0.1100 0.4476 0.8874
vn -0.0000 0.5029 0.8644
vn -0.1331 0.4307 0.8926
vn -0.3540 0.1652 0.9205
vn -0.3218 0.1963 0.9262
vn -0.4628 -0.0000 0.8864
vn -0.4629 -0.0000 0.8864
vn -0.3213 -0.2038 0.9248
vn -0.3541 -0.1652 0.9205
vn -0.1331 -0.4307 0.8926
vn -0.1096 -0.4539 0.8843
vn -0.0000 0.4472 -0.8944
vn -0.1175 0.3996 -0.9091
vn -0.1255 0.3765 -0.9179
vn -0.3130 0.1409 -0.9392
vn -0.2741 0.1645 -0.9475
vn -0.3995 -0.0000 -0.9167
vn -0.3996 -0.0000 -0.9167
vn -0.3130 -0.1409 -0.9392
vn -0.2737 -0.1721 -0.9463
vn -0.1251 -0.3833 -0.9151
vn -0.1175 -0.3996 -0.9091
vn -0.0000 -0.4472 -0.8944
vn -0.0000 -0.4535 -0.8913
vn -0.2974 0.9548 -0.0000
vn -0.4314 0.9022 0.0011
vn -0.3139 0.9495 -0.0000
vn -0.8912 0.4537 -0.0000
vn -0.8913 -0.4533 -0.0000
vn -0.8881 -0.4596 -0.0000
vn -0.4472 -0.8944 0.0024
vn -0.6684 0.6999 0.2517
vn -0.7668 0.6416 0.0156
vn -0.7636 0.6455 0.0157
vn -0.6661 0.7052 0.2429
vn -0.4635 0.6756 0.5734
vn -0.4721 0.6688 0.5743
vn -0.2128 0.6462 0.7329
vn -0.2203 0.6451 0.7317
vn -0.0000 0.6285 0.7778
vn -0.0000 0.6199 0.7847
vn 0.2128 0.6462 0.7329
vn 0.4659 0.6712 0.5765
vn 0.4573 0.6780 0.5755
vn 0.6661 0.7052 0.2429
vn 0.6684 0.6999 0.2517
vn 0.7636 0.6455 0.0157
vn 0.7668 0.6416 0.0156
vn -0.5849 0.8111 -0.0000
vn -0.5798 0.8148 -0.0000
vn -0.8913 0.4534 -0.0000
vn -0.8881 -0.4597 -0.0000
vn -0.5849 -0.8111 -0.0000
vn -0.5798 -0.8148 -0.0000
vn -0.6247 -0.7809 -0.0000
vn -0.6247 -0.7808 -0.0000
vn -0.6253 -0.7738 0.1016
vn -0.2499 -0.9683 -0.0001
vn -0.4845 -0.8748 -0.0000
vn -0.4936 -0.8697 -0.0000
vn -0.4996 -0.8663 -0.0002
vn -0.4993 -0.8659 -0.0312
vn -0.2664 -0.9636 -0.0235
vn -0.4076 -0.9091 -0.0862
vn -0.2181 -0.9734 -0.0701
vn -0.1253 -0.9710 -0.2036
vn -0.3134 -0.9402 -0.1332
vn -0.3134 -0.9402 -0.1333
vn -0.1562 -0.9370 -0.3123
vn -0.0000 -0.9207 -0.3902
vn -0.0000 -0.9741 -0.2261
vn 0.1253 -0.9710 -0.2036
vn 0.1486 -0.9382 -0.3127
vn 0.3063 -0.9425 -0.1336
vn -0.7597 -0.6501 0.0157
vn -0.7669 -0.6416 0.0157
vn -0.6648 -0.7039 0.2503
vn -0.6661 -0.7052 0.2429
vn -0.4635 -0.6756 0.5734
vn -0.4696 -0.6731 0.5713
vn -0.2117 -0.6507 0.7292
vn -0.2192 -0.6497 0.7280
vn -0.0000 -0.6285 0.7778
vn -0.0000 -0.6247 0.7809
vn 0.2117 -0.6508 0.7292
vn 0.4635 -0.6755 0.5734
vn 0.4573 -0.6780 0.5755
vn 0.6661 -0.7052 0.2429
vn 0.6648 -0.7039 0.2503
vn 0.7597 -0.6500 0.0157
vn 0.7669 -0.6416 0.0157
vn -0.6285 0.7778 -0.0000
vn -0.6253 0.7738 0.1016
vn 0.7664 -0.6412 0.0391
vn 0.7669 -0.6417 -0.0000
vn 0.7536 -0.6437 0.1335
vn -0.7847 0.6199 -0.0000
vn -0.7531 0.6511 -0.0941
vn -1.0000 0.0078 -0.0000
vn -1.0000 0.0079 -0.0000
vn -0.9999 -0.0156 -0.0000
vn -1.0000 -0.0078 -0.0000
vn -1.0000 -0.0001 -0.0000
vn -1.0000 -0.0001 0.0001
vn -0.3741 -0.0000 -0.9274
vn -0.3768 -0.0001 0.9263
vn -0.3768 0.0001 0.9263
vn -0.3769 -0.0000 0.9263
vn -0.3766 -0.0000 0.9264
vn -0.3768 -0.0000 0.9263
vn 0.2444 0.9697 0.0001
vn 0.4877 0.8730 0.0002
vn 0.4970 0.8677 -0.0000
vn 0.5026 0.8639 -0.0314
vn 0.2664 0.9636 -0.0235
vn 0.4075 0.9091 -0.0862
vn 0.2123 0.9746 -0.0707
vn 0.3063 0.9425 -0.1335
vn 0.1100 0.4476 0.8874
vn 0.1331 0.4307 0.8926
vn 0.3540 0.1652 0.9205
vn 0.3148 0.1967 0.9286
vn 0.4628 -0.0000 0.8865
vn 0.4628 -0.0000 0.8864
vn 0.3143 -0.2043 0.9271
vn 0.4629 -0.0000 0.8864
vn 0.3540 -0.1653 0.9205
vn 0.1331 -0.4307 0.8926
vn 0.1096 -0.4539 0.8843
vn 0.1098 0.4000 -0.9099
vn 0.1178 0.3769 -0.9187
vn 0.3060 0.1412 -0.9415
vn 0.2741 0.1645 -0.9475
vn 0.3996 -0.0000 -0.9167
vn 0.3060 -0.1412 -0.9415
vn 0.2737 -0.1720 -0.9463
vn 0.1174 -0.3836 -0.9160
vn 0.1098 -0.4000 -0.9099
vn 0.4314 0.9022 -0.0000
vn 0.4472 0.8944 0.0024
vn 0.2974 0.9548 -0.0000
vn 0.3068 0.9518 -0.0000
vn 0.8913 0.4534 -0.0000
vn 0.8913 -0.4535 -0.0000
vn 0.8864 -0.4628 -0.0000
vn 0.3045 -0.9525 -0.0000
vn 0.4284 -0.9036 0.0011
vn 0.5797 0.8148 -0.0000
vn 0.5798 0.8148 -0.0000
vn 0.5797 -0.8148 -0.0000
vn 0.5798 -0.8148 -0.0000
vn 0.6246 -0.7810 -0.0000
vn 0.6247 -0.7809 -0.0000
vn 0.6247 -0.7808 -0.0000
vn 0.6205 -0.7776 0.1021
vn 0.4843 -0.8749 -0.0000
vn 0.4935 -0.8697 -0.0001
vn 0.4992 -0.8659 -0.0312
vn 0.2664 -0.9636 -0.0235
vn 0.4076 -0.9091 -0.0862
vn 0.2106 -0.9750 -0.0702
vn 0.3063 -0.9425 -0.1335
vn 0.6290 -0.3695 0.6840
vn 0.6525 -0.2909 0.6997
vn 0.1962 -0.8557 0.4789
vn 0.2426 -0.8532 0.4618
vn -0.0000 -0.9138 0.4061
vn -0.0000 -0.9138 0.4062
vn -0.2427 -0.8531 0.4618
vn -0.1963 -0.8556 0.4789
vn -0.6290 -0.3695 0.6840
vn -0.6570 -0.2894 0.6961
vn -0.7914 -0.0000 0.6113
vn -0.6569 0.2894 0.6962
vn -0.6308 0.3627 0.6860
vn -0.1963 0.8556 0.4790
vn -0.2444 0.8510 0.4648
vn -0.0000 0.9125 0.4090
vn 0.2444 0.8510 0.4648
vn 0.1963 0.8556 0.4790
vn 0.6308 0.3627 0.6860
vn 0.6525 0.2909 0.6997
vn 0.7885 -0.0000 0.6150
vn 0.6526 -0.2909 0.6997
vn 0.6336 -0.3208 -0.7040
vn 0.5790 -0.3678 -0.7276
vn 0.2671 -0.8172 -0.5107
vn 0.2262 -0.8500 -0.4757
vn -0.0000 -0.9066 -0.4220
vn -0.2336 -0.8485 -0.4749
vn -0.2744 -0.8154 -0.5096
vn -0.6336 -0.3207 -0.7040
vn -0.5842 -0.3661 -0.7244
vn -0.7739 -0.0000 -0.6332
vn -0.5842 0.3661 -0.7244
vn -0.6352 0.3137 -0.7058
vn -0.2744 0.8154 -0.5096
vn -0.2351 0.8463 -0.4780
vn -0.0000 0.9066 -0.4220
vn 0.2277 0.8479 -0.4789
vn 0.2672 0.8172 -0.5107
vn 0.6352 0.3137 -0.7058
vn 0.5790 0.3677 -0.7277
vn 0.7739 -0.0000 -0.6332
vn 0.7739 -0.0000 -0.6333
vn 0.5790 -0.3677 -0.7277
vn 0.6336 -0.3207 -0.7040
vn 0.6285 0.7778 -0.0000
vn 0.6205 0.7776 0.1021
vn -0.7664 -0.6412 0.0391
vn -0.7663 -0.6412 0.0391
vn -0.7669 -0.6417 -0.0000
vn -0.7675 -0.6410 -0.0000
vn -0.7569 -0.6399 0.1327
vn 0.7847 0.6199 -0.0000
vn 0.7776 0.6205 -0.1021
vn 0.7531 0.6511 -0.0941
vn 1.0000 0.0002 -0.0000
vn 1.0000 -0.0079 -0.0000
vn 1.0000 0.0079 -0.0000
vn 0.9999 -0.0157 -0.0000
vn 1.0000 0.0001 -0.0000
vn 1.0000 -0.0002 0.0003
vn 0.3673 -0.0000 -0.9301
vn 0.3674 -0.0000 -0.9301
vn 0.3700 -0.0000 0.9290
vn 0.3701 -0.0000 0.9290
vn -0.8769 0.1331 0.4619
vn -0.9065 0.0156 0.4220
vn -0.8988 0.0235 0.4377
vn -0.8709 0.1412 0.4708
vn -0.8067 0.3368 0.4856
vn -0.7929 0.3768 0.4789
vn -0.7011 0.4963 0.5120
vn -0.6887 0.5087 0.5166
vn -0.6527 0.5663 0.5033
vn -0.6532 0.5981 0.4643
vn -0.6691 0.5983 0.4408
vn -0.6575 0.6340 0.4071
vn -0.6509 0.6352 0.4157
vn -0.6124 0.6517 0.4475
vn -0.6022 0.6569 0.4537
vn -0.5564 0.6740 0.4859
vn -0.5275 0.7008 0.4803
vn -0.5275 0.7007 0.4803
vn -0.5025 0.7145 0.4868
vn -0.5092 0.7051 0.4935
vn -0.5183 0.6047 0.6047
vn -0.5101 0.6043 0.6121
vn -0.5345 0.6131 0.5817
vn -0.5263 0.6206 0.5813
vn -0.5795 0.6030 0.5482
vn -0.6131 0.5817 0.5345
vn -0.3917 0.7208 0.5719
vn -0.2747 0.7538 0.5969
vn -0.0235 0.7667 0.6415
vn -0.0237 0.7635 0.6453
vn -0.0000 -0.7981 0.6025
vn -0.0000 -0.6912 0.7227
vn -0.0000 -0.6501 -0.7598
vn -0.0000 -0.2974 -0.9548
vn -0.0000 -0.2973 -0.9548
vn -0.0000 -0.6501 -0.7599
vn -0.0000 0.8308 -0.5565
vn -0.0000 0.8404 -0.5419
vn 0.0157 0.9262 -0.3767
vn 0.0314 0.9349 -0.3535
vn 0.2975 0.9234 -0.2425
vn 0.3378 0.9112 -0.2357
vn -0.5843 -0.2960 -0.7557
vn -0.5693 -0.5615 -0.6005
vn -0.5940 -0.5158 -0.6174
vn -0.5761 -0.2725 -0.7707
vn -0.3976 -0.1949 -0.8966
vn -0.3916 -0.1880 -0.9007
vn -0.3049 -0.1095 -0.9461
vn -0.2961 -0.0935 -0.9506
vn -0.1718 -0.0469 -0.9840
vn -0.0312 -0.0000 -0.9995
vn -0.4534 0.8913 -0.0000
vn -0.3537 0.9354 -0.0000
vn -0.3280 0.9447 -0.0000
vn -0.4535 0.8913 -0.0000
vn -0.9503 0.3115 -0.0001
vn -0.9525 0.3045 -0.0000
vn -0.9167 0.3996 -0.0000
vn -0.9167 0.3996 -0.0001
vn -0.8111 0.5849 -0.0000
vn -0.8084 0.5886 -0.0000
vn -0.7378 0.6750 -0.0000
vn -0.6417 0.7669 -0.0000
vn -0.5886 0.8084 -0.0000
vn -0.5271 0.8498 -0.0000
vn -0.4689 0.8832 -0.0000
vn -0.4091 0.9125 -0.0000
vn -0.4090 0.9125 -0.0000
vn 0.1418 0.9213 -0.3622
vn -0.1332 0.8306 -0.5407
vn -0.4367 0.6083 -0.6628
vn -0.4473 0.6044 -0.6593
vn -0.3919 0.6347 -0.6660
vn -0.3918 0.6347 -0.6661
vn -0.3611 0.6515 -0.6672
vn -0.3610 0.6435 -0.6749
vn -0.3368 0.6579 -0.6736
vn -0.7393 0.4954 -0.4561
vn -0.1338 0.8341 0.5351
vn 0.1418 0.9212 0.3622
vn -0.4410 0.6065 0.6615
vn -0.4325 0.6137 0.6606
vn -0.3918 0.6347 0.6660
vn -0.3542 0.6534 0.6691
vn -0.3455 0.6517 0.6752
vn -0.7579 0.2110 -0.6173
vn -0.7685 0.2117 -0.6038
vn -0.6717 0.3124 -0.6717
vn -0.6792 0.2966 -0.6714
vn -0.6089 0.4684 -0.6402
vn -0.6247 0.4685 -0.6247
vn -0.5876 0.5563 -0.5876
vn -0.6108 0.5560 -0.5638
vn -0.7612 0.2355 0.6043
vn -0.7754 0.2506 0.5796
vn -0.6900 0.2822 0.6665
vn -0.6827 0.2982 0.6671
vn -0.6191 0.4624 0.6348
vn -0.6206 0.4792 0.6206
vn -0.5746 0.5668 0.5904
vn -0.5721 0.5877 0.5721
vn 1.0000 -0.0000 0.0001
vn 1.0000 -0.0001 0.0001
vn 0.9658 -0.2591 -0.0000
vn 0.9659 -0.2591 -0.0000
vn 0.9813 -0.1884 0.0393
vn 0.9658 -0.2592 -0.0000
vn 0.4207 -0.8491 -0.3194
vn 0.3754 -0.8367 -0.3988
vn 0.4850 -0.7822 -0.3911
vn 0.4760 -0.7803 -0.4057
vn 0.5404 -0.7362 -0.4073
vn 0.5704 -0.7423 -0.3516
vn -0.6585 0.7526 -0.0000
vn -0.5938 0.8046 -0.0000
vn -0.5271 0.8498 -0.0001
vn -0.5272 0.8498 -0.0000
vn -0.4629 0.8864 -0.0000
vn -0.4628 0.8865 -0.0000
vn -0.3930 0.9196 -0.0000
vn -0.3929 0.9196 -0.0000
vn -0.7149 0.6992 -0.0000
vn -0.7981 0.6025 -0.0001
vn -0.8019 0.5975 -0.0000
vn -0.9138 0.4063 -0.0001
vn -0.9495 0.3139 -0.0000
vn -0.9502 0.3116 -0.0000
vn -0.5087 -0.0000 0.8610
vn -0.0550 -0.0000 0.9985
vn -0.4528 -0.0546 0.8900
vn -0.6087 -0.2107 0.7649
vn -0.5642 -0.2351 0.7915
vn -0.3596 -0.1407 0.9224
vn -0.3829 -0.1328 0.9142
vn -0.2508 -0.0862 0.9642
vn -0.2509 -0.0863 0.9642
vn -0.2196 -0.0784 0.9724
vn -0.1565 -0.0626 0.9857
vn -0.1564 -0.0626 0.9857
vn -0.1094 -0.0547 0.9925
vn -0.1093 -0.0547 0.9925
vn -0.0628 -0.0549 0.9965
vn -0.0705 -0.0627 0.9955
vn -0.0393 -0.0393 0.9985
vn -0.0315 -0.0472 0.9984
vn -0.0236 -0.0550 0.9982
vn -0.0157 -0.0550 0.9984
vn -0.0158 -0.0550 0.9984
vn -0.0079 -0.0550 0.9985
vn -0.0000 -0.0315 0.9995
vn -0.0000 -0.0472 0.9989
vn -0.0001 -0.0156 0.9999
vn -0.0000 -0.6913 0.7226
vn -0.7839 0.4939 -0.3763
vn -0.8011 0.4712 -0.3691
vn -0.6060 0.7161 -0.3463
vn -0.6737 0.6267 -0.3917
vn -0.4064 0.8831 -0.2344
vn -0.5152 0.8041 -0.2966
vn -0.4638 0.7861 -0.4087
vn -0.3759 0.8537 -0.3603
vn -0.6081 0.6237 -0.4911
vn -0.6104 0.6261 -0.4852
vn -0.6014 0.6170 -0.5076
vn -0.7661 0.4222 -0.4847
vn -0.7117 0.5006 -0.4928
vn -0.7574 0.4295 -0.4919
vn -0.7992 0.3840 -0.4624
vn -0.6254 0.6176 -0.4769
vn -0.6355 0.6120 -0.4708
vn -0.5481 0.6107 -0.5716
vn -0.5616 0.5928 -0.5772
vn -0.3225 0.7001 -0.6371
vn -0.3765 0.6667 -0.6432
vn -0.1022 0.7074 -0.6994
vn -0.1022 0.7073 -0.6995
vn -0.0000 0.6750 -0.7378
vn 0.0079 0.6668 -0.7452
vn -0.9567 0.2900 0.0237
vn -0.9555 0.2898 0.0548
vn -0.9634 0.2663 0.0313
vn -0.9805 0.1961 0.0078
vn -0.9806 0.1961 -0.0000
vn -0.9864 0.1644 0.0078
vn -0.9864 0.1644 -0.0000
vn -0.9861 0.1644 0.0235
vn -0.9876 0.1568 0.0078
vn -0.9851 0.1720 0.0078
vn -0.9837 0.1796 -0.0000
vn -0.9864 0.1644 0.0079
vn -0.9758 0.2186 -0.0000
vn -0.9741 0.2260 -0.0078
vn -0.9758 0.2186 -0.0078
vn -0.9756 0.2185 -0.0234
vn -0.9726 0.2275 0.0471
vn -0.9720 0.2349 0.0002
vn -0.9775 0.2111 -0.0000
vn -0.9791 0.2036 -0.0000
vn -0.9639 0.2664 -0.0000
vn -0.8609 0.5087 -0.0000
vn 0.0079 1.0000 -0.0000
vn -0.0157 0.9999 -0.0000
vn -0.0158 0.9999 -0.0000
vn -0.0000 -0.0078 -1.0000
vn 0.0079 -0.0156 -0.9998
vn -0.0000 -0.0313 -0.9995
vn -0.0000 -0.0312 -0.9995
vn -0.0078 -0.0156 -0.9998
vn -0.9999 -0.0078 0.0078
vn 0.9997 -0.0000 -0.0235
vn 0.9989 -0.0000 -0.0471
vn 0.9989 -0.0000 -0.0472
vn 0.9503 0.3064 -0.0549
vn 0.9312 0.3522 -0.0939
vn 0.9696 0.2444 -0.0079
vn 0.9696 0.2444 0.0079
vn 0.9673 0.2516 -0.0312
vn 0.3194 -0.5920 -0.7400
vn 0.3208 -0.5869 -0.7434
vn 0.2885 -0.2651 -0.9200
vn 0.2894 -0.3050 -0.9073
vn 0.2353 0.4627 -0.8547
vn 0.2435 0.4084 -0.8797
vn 0.2038 0.9248 -0.3213
vn 0.1967 0.9048 -0.3777
vn 0.2036 0.9790 -0.0000
vn 0.3618 -0.4877 0.7945
vn 0.3528 -0.4860 0.7996
vn 0.3610 -0.2354 0.9024
vn 0.3625 -0.1813 0.9142
vn 0.3687 0.0863 0.9256
vn 0.3781 0.0867 0.9217
vn 0.3303 0.9437 0.0157
vn 0.3695 0.9276 0.0550
vn 0.3065 0.9038 -0.2986
vn 0.2990 0.9205 -0.2517
vn 0.2520 0.7954 -0.5512
vn 0.9024 -0.4237 -0.0784
vn 0.7804 -0.5697 -0.2575
vn 0.8959 -0.4323 -0.1022
vn 0.9093 -0.4154 -0.0234
vn 0.8400 -0.5417 -0.0314
vn 0.9233 -0.3834 -0.0235
vn 0.9570 -0.2902 -0.0000
vn 0.9834 0.1809 -0.0157
vn 0.9569 -0.2903 -0.0000
vn 0.9920 0.1261 -0.0000
vn 0.9920 0.1260 0.0079
vn 0.9885 0.1491 -0.0235
vn 0.9326 0.3605 -0.0157
vn 0.7915 0.6112 -0.0000
vn 0.7952 0.6063 -0.0000
vn 0.9568 0.2902 0.0157
vn 0.9766 0.2127 -0.0315
vn 0.9437 0.3304 -0.0156
vn 0.9327 0.3606 -0.0000
vn 0.9790 0.2036 0.0078
vn 0.9471 0.3209 -0.0000
vn 0.9753 0.2202 0.0158
vn 0.9791 0.1958 0.0548
vn 0.9439 0.3304 -0.0000
vn 0.9709 0.2349 0.0470
vn 0.9547 0.2974 0.0078
vn 0.9700 0.2425 0.0156
vn 0.9586 0.2829 0.0314
vn 0.9658 0.2591 -0.0078
vn 0.9678 0.2518 -0.0079
vn 0.9701 0.2426 -0.0000
vn 0.9677 0.2517 0.0157
vn 0.9658 0.2591 -0.0000
vn 0.9796 0.1881 0.0705
vn 0.9786 0.2035 0.0313
vn 0.9580 0.2827 0.0471
vn 0.9490 0.3137 -0.0314
vn 0.9805 0.1726 0.0941
vn 0.9795 0.1959 0.0470
vn 0.9620 0.2503 -0.1095
vn 0.9709 0.2349 -0.0470
vn 0.4781 -0.6663 0.5722
vn 0.5088 -0.6575 0.5557
vn 0.3756 -0.6025 0.7042
vn 0.3541 -0.5823 0.7318
vn 0.2663 -0.3995 0.8772
vn 0.2677 -0.3700 0.8896
vn 0.4243 -0.2436 0.8722
vn 0.4400 -0.2436 0.8643
vn 0.9196 0.3930 -0.0000
vn 0.9719 0.2352 -0.0000
vn 0.9195 0.3930 -0.0000
vn 0.4876 0.8730 -0.0000
vn 0.4877 0.8730 -0.0000
vn 0.4816 0.8763 -0.0158
vn 0.4936 0.8697 -0.0078
vn 0.8730 0.4876 -0.0079
vn 0.9096 0.4156 -0.0000
vn -0.0000 0.3903 -0.9207
vn 0.0078 0.7302 -0.6831
vn 0.0157 0.7377 -0.6749
vn -0.0004 0.2665 -0.9638
vn 0.8897 -0.4565 -0.0000
vn 0.9720 0.2351 -0.0000
vn 0.9963 0.0863 -0.0000
vn 0.9701 0.2425 -0.0000
vn -0.8953 0.3377 0.2906
vn -0.8742 0.3903 0.2888
vn -0.8704 0.3920 0.2979
vn -0.8787 0.4315 0.2040
vn -0.8786 0.4628 0.1177
vn -0.8794 0.4633 0.1099
vn -0.8973 0.4369 0.0624
vn -0.9004 0.4306 0.0626
vn 0.4016 0.8268 0.3937
vn 0.1499 0.8680 0.4735
vn 0.7787 0.5428 0.3146
vn 0.8809 0.4405 0.1731
vn 0.3291 0.9166 0.2272
vn 0.8851 0.4622 0.0548
vn 0.3365 0.9390 0.0704
vn 0.3537 0.9353 -0.0000
vn 0.9021 0.4315 -0.0000
vn 0.3313 0.1972 0.9227
vn 0.3446 0.1645 0.9242
vn 0.2676 0.3306 0.9051
vn 0.6296 0.4958 -0.5981
vn 0.3519 0.1564 -0.9229
vn 0.3358 0.1952 -0.9215
vn 0.2657 0.3282 -0.9065
vn 0.8974 0.3621 0.2519
vn 0.9034 0.3771 0.2042
vn 0.8423 0.2598 0.4723
vn 0.9182 0.3924 0.0549
vn 0.9210 0.3857 0.0551
vn -0.9567 0.2588 0.1333
vn -0.8440 0.5080 0.1719
vn -0.8529 0.4930 0.1722
vn -0.9611 0.2423 0.1329
vn -0.9931 0.0938 0.0704
vn -0.9965 0.0628 0.0549
vn 1.0000 -0.0000 -0.0079
vn 0.6989 -0.7067 0.1099
vn 0.6989 -0.7067 0.1100
vn 0.7057 -0.7057 0.0628
vn 0.7060 -0.7060 0.0549
vn 0.7110 -0.7032 0.0079
vn 0.7110 -0.7032 0.0078
vn 0.3139 -0.9494 -0.0000
vn 0.7413 -0.6711 -0.0000
vn 0.3674 -0.9300 0.0078
vn 0.8456 -0.5324 0.0391
vn 0.3606 -0.9327 0.0078
vn 0.8687 -0.4931 0.0469
vn 0.3516 -0.9297 0.1094
vn 0.3064 -0.9113 0.2750
vn 0.8476 -0.4631 0.2590
vn 0.3298 -0.4869 0.8088
vn 0.8641 0.1964 0.4635
vn 0.3771 0.3534 0.8561
vn 0.7742 0.4067 0.4849
vn 0.2517 0.6999 0.6685
vn 0.2199 0.7776 0.5891
vn 0.2665 0.8621 0.4311
vn 0.7958 0.5753 0.1891
vn 0.2518 0.9365 0.2440
vn 0.2591 0.9577 0.1256
vn 0.8418 0.5351 0.0708
vn 0.3225 0.9439 0.0708
vn 0.9948 0.0392 0.0940
vn 0.8809 0.4404 0.1730
vn 0.7787 0.5428 0.3147
vn 0.9977 0.0550 0.0393
vn 0.8851 0.4621 0.0549
vn 0.9022 0.4314 -0.0000
vn 0.9980 0.0629 -0.0000
vn 0.9639 -0.2664 -0.0000
vn 0.9888 0.1491 -0.0000
vn 0.9888 0.1492 -0.0000
vn 0.9547 0.2974 -0.0000
vn 0.2445 0.9697 0.0001
vn 0.4970 0.8678 -0.0000
vn 0.1497 0.9372 -0.3150
vn -0.1253 0.9710 -0.2037
vn -0.1573 0.9361 -0.3147
vn 0.1100 0.4477 0.8874
vn 0.2741 0.1644 -0.9475
vn 0.2737 -0.1721 -0.9463
vn 0.8912 0.4537 -0.0000
vn 0.8912 -0.4537 -0.0000
vn 0.8864 -0.4629 -0.0000
vn 0.7669 0.6416 0.0157
vn 0.6684 0.6999 0.2516
vn 0.6660 0.7053 0.2428
vn -0.4721 0.6688 0.5744
vn -0.6660 0.7053 0.2428
vn -0.6684 0.6999 0.2516
vn -0.7636 0.6455 0.0158
vn -0.7668 0.6416 0.0157
vn 0.6205 -0.7775 0.1021
vn 0.4938 -0.8696 0.0003
vn 0.4993 -0.8659 -0.0312
vn -0.1253 -0.9710 -0.2037
vn -0.1562 -0.9370 -0.3124
vn 0.7668 -0.6416 0.0157
vn 0.7597 -0.6501 0.0157
vn 0.6660 -0.7054 0.2426
vn -0.2117 -0.6508 0.7292
vn -0.2192 -0.6496 0.7280
vn -0.6660 -0.7053 0.2429
vn -0.7668 -0.6416 0.0157
vn 0.6205 0.7775 0.1021
vn 0.9999 -0.0158 -0.0000
vn 1.0000 0.0002 -0.0003
vn -0.1100 0.4477 0.8874
vn -0.3540 0.1653 0.9205
vn -0.3218 0.1962 0.9262
vn -0.3213 -0.2037 0.9248
vn -0.3540 -0.1652 0.9205
vn -0.1176 0.3997 -0.9091
vn -0.1255 0.3766 -0.9178
vn -0.3131 0.1409 -0.9392
vn -0.3131 -0.1409 -0.9392
vn -0.1252 -0.3833 -0.9151
vn -0.1176 -0.3997 -0.9091
vn -0.8912 0.4536 -0.0000
vn -0.5797 -0.8148 -0.0000
vn -0.2499 -0.9683 0.0001
vn -0.4846 -0.8748 -0.0000
vn -0.4075 -0.9091 -0.0862
vn -0.1962 -0.8557 0.4788
vn -0.2426 -0.8531 0.4618
vn 0.2427 -0.8531 0.4618
vn 0.1963 -0.8557 0.4789
vn 0.7885 -0.0000 0.6151
vn 0.1963 0.8557 0.4789
vn 0.2443 0.8510 0.4649
vn -0.1963 0.8557 0.4789
vn -0.6570 0.2894 0.6961
vn -0.7914 -0.0000 0.6112
vn -0.2744 -0.8155 -0.5096
vn -0.6336 -0.3208 -0.7040
vn -0.2336 -0.8485 -0.4748
vn 0.5790 -0.3678 -0.7277
vn 0.5790 0.3678 -0.7277
vn 0.2671 0.8172 -0.5107
vn -0.2744 0.8154 -0.5097
vn -0.7739 -0.0000 -0.6333
vn -0.7740 -0.0000 -0.6332
vn -0.6337 -0.3207 -0.7040
vn -0.6286 0.7778 -0.0000
vn 0.7536 -0.6437 0.1334
vn -1.0000 0.0004 0.0002
vn -1.0000 0.0001 -0.0001
vn -0.3766 0.0004 0.9264
vn 0.8973 0.0237 0.4408
vn 0.9051 0.0157 0.4250
vn 0.8768 0.1332 0.4620
vn 0.8709 0.1412 0.4707
vn 0.8039 0.3389 0.4887
vn 0.7899 0.3792 0.4819
vn 0.7011 0.4963 0.5121
vn 0.6846 0.5115 0.5193
vn 0.6527 0.5662 0.5033
vn 0.6532 0.5981 0.4643
vn 0.6691 0.5983 0.4408
vn 0.6575 0.6340 0.4071
vn 0.6509 0.6352 0.4157
vn 0.6124 0.6517 0.4475
vn 0.5972 0.6601 0.4557
vn 0.5510 0.6769 0.4880
vn 0.5275 0.7007 0.4803
vn 0.4966 0.7173 0.4887
vn 0.5034 0.7078 0.4955
vn 0.5126 0.6071 0.6072
vn 0.5043 0.6067 0.6145
vn 0.5345 0.6131 0.5817
vn 0.5206 0.6231 0.5837
vn 0.5743 0.6058 0.5507
vn 0.6131 0.5817 0.5345
vn 0.3851 0.7230 0.5736
vn 0.2748 0.7538 0.5969
vn 0.0236 0.7667 0.6415
vn 0.0157 0.7636 0.6455
vn -0.0001 -0.6502 -0.7598
vn -0.0157 0.9262 -0.3768
vn -0.0393 0.9346 -0.3534
vn -0.2974 0.9234 -0.2426
vn -0.3447 0.9088 -0.2350
vn 0.5940 -0.5158 -0.6174
vn 0.5640 -0.5640 -0.6032
vn 0.5791 -0.2974 -0.7591
vn 0.5708 -0.2737 -0.7741
vn 0.3977 -0.1949 -0.8966
vn 0.3916 -0.1880 -0.9007
vn 0.2978 -0.1097 -0.9483
vn 0.2961 -0.0935 -0.9506
vn 0.1718 -0.0469 -0.9840
vn 0.1642 -0.0469 -0.9853
vn 0.0312 -0.0000 -0.9995
vn 0.0234 -0.0000 -0.9997
vn -0.0078 -0.0000 -1.0000
vn -0.0079 -0.0000 -1.0000
vn 0.3468 0.9379 -0.0000
vn 0.3209 0.9471 -0.0000
vn 0.9167 0.3996 -0.0000
vn 0.9518 0.3068 -0.0000
vn 0.9495 0.3139 -0.0000
vn 0.9154 0.4025 -0.0000
vn 0.8084 0.5887 -0.0000
vn 0.8084 0.5886 -0.0000
vn 0.7378 0.6750 -0.0000
vn 0.7378 0.6750 -0.0001
vn 0.5834 0.8122 -0.0000
vn 0.6371 0.7708 -0.0000
vn 0.6417 0.7669 -0.0000
vn 0.5835 0.8121 -0.0000
vn 0.5271 0.8498 -0.0001
vn 0.4628 0.8864 -0.0000
vn 0.4723 0.8815 -0.0000
vn 0.4090 0.9125 -0.0000
vn 0.4091 0.9125 -0.0000
vn 0.4303 0.6103 -0.6651
vn 0.1255 0.8314 -0.5413
vn -0.1495 0.9202 -0.3618
vn 0.4411 0.6064 -0.6616
vn 0.3919 0.6347 -0.6660
vn 0.3918 0.6347 -0.6661
vn 0.3611 0.6515 -0.6673
vn 0.3542 0.6453 -0.6768
vn 0.3298 0.6596 -0.6754
vn 0.7393 0.4954 -0.4561
vn 0.4410 0.6065 0.6615
vn -0.1495 0.9202 0.3618
vn 0.1337 0.8341 0.5351
vn 0.4326 0.6135 0.6607
vn 0.3918 0.6347 0.6660
vn 0.3473 0.6551 0.6709
vn 0.3455 0.6517 0.6752
vn 0.6674 0.3141 -0.6752
vn 0.7685 0.2117 -0.6038
vn 0.7546 0.2122 -0.6210
vn 0.6749 0.2983 -0.6749
vn 0.6040 0.4706 -0.6432
vn 0.6247 0.4685 -0.6247
vn 0.5825 0.5588 -0.5903
vn 0.6108 0.5560 -0.5638
vn 0.6900 0.2823 0.6665
vn 0.7722 0.2522 0.5831
vn 0.7612 0.2354 0.6043
vn 0.6827 0.2982 0.6671
vn 0.6142 0.4646 0.6379
vn 0.6158 0.4816 0.6236
vn 0.5746 0.5668 0.5904
vn 0.5721 0.5877 0.5721
vn -1.0000 -0.0000 0.0001
vn -1.0000 -0.0000 -0.0001
vn -0.9664 -0.2572 -0.0000
vn -0.9663 -0.2572 -0.0000
vn -0.9816 -0.1870 0.0390
vn -0.9664 -0.2571 -0.0000
vn -0.3821 -0.8342 -0.3976
vn -0.4207 -0.8491 -0.3194
vn -0.3820 -0.8342 -0.3976
vn -0.4760 -0.7803 -0.4057
vn -0.5704 -0.7423 -0.3516
vn 0.5886 0.8084 -0.0000
vn 0.6540 0.7565 -0.0000
vn 0.5887 0.8084 -0.0000
vn 0.5272 0.8498 -0.0000
vn 0.4566 0.8897 -0.0000
vn 0.3930 0.9196 -0.0000
vn 0.7981 0.6025 -0.0000
vn 0.7149 0.6992 -0.0000
vn 0.7150 0.6992 -0.0000
vn 0.8019 0.5975 -0.0000
vn 0.0472 -0.0000 0.9989
vn 0.5029 -0.0000 0.8644
vn 0.4466 -0.0548 0.8931
vn 0.6038 -0.2117 0.7685
vn 0.5588 -0.2361 0.7950
vn 0.3596 -0.1407 0.9224
vn 0.3762 -0.1332 0.9169
vn 0.2509 -0.0863 0.9642
vn 0.2196 -0.0784 0.9724
vn 0.2121 -0.0786 0.9741
vn 0.1565 -0.0626 0.9857
vn 0.1488 -0.0627 0.9869
vn 0.1094 -0.0547 0.9925
vn 0.1017 -0.0548 0.9933
vn 0.0628 -0.0549 0.9965
vn 0.0628 -0.0627 0.9961
vn 0.0393 -0.0393 0.9985
vn 0.0315 -0.0471 0.9984
vn 0.0236 -0.0549 0.9982
vn 0.0157 -0.0550 0.9984
vn 0.0079 -0.0550 0.9985
vn -0.0001 -0.0159 0.9999
vn 0.6060 0.7162 -0.3463
vn 0.8011 0.4712 -0.3691
vn 0.7808 0.4969 -0.3786
vn 0.6737 0.6266 -0.3917
vn 0.4064 0.8831 -0.2345
vn 0.5095 0.8073 -0.2978
vn 0.4638 0.7860 -0.4087
vn 0.3693 0.8562 -0.3613
vn 0.6032 0.6267 -0.4935
vn 0.6055 0.6290 -0.4875
vn 0.5963 0.6199 -0.5100
vn 0.7661 0.4221 -0.4847
vn 0.7079 0.5035 -0.4954
vn 0.7540 0.4320 -0.4948
vn 0.7993 0.3840 -0.4623
vn 0.6206 0.6206 -0.4792
vn 0.6355 0.6120 -0.4708
vn 0.5426 0.6133 -0.5740
vn 0.5563 0.5954 -0.5797
vn 0.3225 0.7001 -0.6371
vn 0.3698 0.6687 -0.6451
vn 0.1022 0.7073 -0.6995
vn -0.0079 0.6668 -0.7452
vn 0.9555 0.2898 0.0549
vn 0.9567 0.2901 0.0235
vn 0.9634 0.2663 0.0313
vn 0.9806 0.1961 0.0078
vn 0.9806 0.1961 -0.0000
vn 0.9864 0.1644 0.0078
vn 0.9864 0.1644 -0.0000
vn 0.9861 0.1644 0.0235
vn 0.9876 0.1568 0.0079
vn 0.9848 0.1733 0.0079
vn 0.9835 0.1810 -0.0000
vn 0.9754 0.2203 -0.0000
vn 0.9737 0.2277 -0.0079
vn 0.9754 0.2203 -0.0079
vn 0.9752 0.2202 -0.0236
vn 0.9726 0.2275 0.0471
vn 0.9771 0.2127 -0.0000
vn 0.9701 0.2425 -0.0078
vn 0.9791 0.2036 -0.0000
vn 0.9639 0.2664 -0.0000
vn 0.8554 0.5179 0.0001
vn 0.8589 0.5122 -0.0000
vn 0.9999 -0.0079 0.0079
vn -0.9739 0.2259 -0.0234
vn -0.9616 0.2736 -0.0235
vn -0.9717 0.2351 -0.0235
vn -0.9595 0.2808 -0.0234
vn -0.9548 0.2974 -0.0000
vn -0.9851 0.1720 -0.0000
vn -0.9682 0.2499 0.0156
vn -0.0000 0.8697 -0.4936
vn -0.0000 0.8663 -0.4995
vn -0.0000 0.8696 -0.4937
vn -0.0000 0.0312 -0.9995
vn -0.0000 0.0313 -0.9995
vn -0.0156 -0.0000 -0.9999
vn 0.0078 -0.0000 -1.0000
vn -0.0000 -0.5937 0.8047
vn -0.0079 0.9998 0.0157
vn -0.0000 0.9995 0.0315
vn -0.2599 0.9610 0.0945
vn -0.0157 0.9954 0.0940
vn -0.2590 0.9577 0.1256
vn -0.3295 0.9415 0.0706
vn -0.0000 0.9775 0.2112
vn -0.0236 0.9832 0.1809
vn -0.0000 0.9790 0.2036
vn -0.0000 0.9821 0.1886
vn -0.2518 0.9365 0.2440
vn -0.0000 0.9835 0.1810
vn -0.0000 0.9701 0.2425
vn -0.0078 0.9864 0.1644
vn -0.2737 0.8603 0.4301
vn -0.0000 0.9864 0.1644
vn -0.0000 0.9021 0.4314
vn -0.2273 0.7762 0.5880
vn 0.0157 0.9834 0.1809
vn -0.0158 0.8083 0.5885
vn -0.0078 0.9790 0.2036
vn -0.2516 0.6999 0.6684
vn -0.0000 0.9775 0.2111
vn -0.0157 0.7302 0.6831
vn -0.3770 0.3534 0.8561
vn -0.0000 0.4091 0.9125
vn -0.0000 0.7068 0.7074
vn 0.0157 0.7302 0.6831
vn 0.3770 0.3534 0.8561
vn 0.2516 0.6999 0.6684
vn 0.0079 0.8084 0.5886
vn -0.0000 0.9021 0.4315
vn 0.2664 0.8621 0.4310
vn -0.0079 0.9820 0.1886
vn 0.2590 0.9577 0.1256
vn 0.0157 0.9954 0.0941
vn 0.2599 0.9610 0.0945
vn 0.0079 0.9998 0.0158
vn -0.0078 1.0000 -0.0000
vn 0.3442 0.9389 -0.0000
vn -0.0000 -1.0000 0.0002
vn -0.0000 0.5975 0.8019
vn -0.0000 0.5708 0.8211
vn -0.0000 -0.4995 -0.8663
vn -0.0000 -0.4996 -0.8663
vn -0.0000 -0.4992 -0.8665
vn -0.0000 0.8864 0.4628
vn -0.4016 0.8269 0.3937
vn -0.3360 0.9142 0.2266
vn -0.0000 0.9495 0.3139
vn -0.0000 0.9754 0.2206
vn -0.0000 0.9980 0.0628
vn 0.3290 0.9166 0.2272
vn -0.3365 0.9391 0.0704
vn 0.4016 0.8269 0.3937
vn 0.1499 0.8680 0.4734
vn -0.0000 0.8865 0.4628
vn 0.3365 0.9391 0.0704
vn -0.3605 0.9328 -0.0000
vn 0.3537 0.9354 -0.0000
vn -0.9995 0.0312 -0.0000
vn -0.9997 0.0234 -0.0000
vn -0.0546 -0.9985 -0.0000
vn -0.1720 -0.9851 -0.0000
vn -0.1722 -0.9851 0.0002
vn -0.0624 -0.9981 -0.0000
vn -0.0000 1.0000 -0.0079
vn 0.0236 0.9997 -0.0000
vn -0.0472 0.9989 -0.0000
vn -0.1720 0.9851 -0.0000
vn -0.8008 -0.0000 -0.5989
vn -0.8010 -0.0000 -0.5986
vn -0.2591 0.9659 -0.0000
vn -0.2517 0.9678 -0.0000
vn 0.2517 0.9678 -0.0000
vn 0.2591 0.9659 -0.0000
vn -0.6199 -0.0000 0.7847
vn -0.5384 -0.0000 -0.8427
vn -0.2498 -0.9683 -0.0000
vn -0.2571 -0.9664 -0.0000
vn 0.2425 -0.9702 -0.0000
vn 0.2571 -0.9664 -0.0000
vn 0.2498 -0.9683 -0.0000
vn 0.0078 -0.6417 0.7669
vn -0.0078 -0.6417 0.7669
vn 0.0391 -0.6412 -0.7663
vn -0.0469 -0.6410 -0.7661
vn -0.0000 0.6502 0.7598
vn -0.0000 0.6501 0.7598
vn -0.0000 0.6500 0.7599
vn 0.7981 -0.0000 -0.6025
vn 0.6150 -0.0000 0.7885
vn 0.6151 -0.0000 0.7885
vn 0.5328 -0.0000 -0.8462
vn -0.1960 0.9805 -0.0157
vn -0.2425 0.9701 -0.0000
vn -0.3303 0.9439 -0.0000
vn -0.0628 0.9980 -0.0000
vn -0.2277 0.9737 -0.0000
vn -0.1018 0.9948 -0.0000
vn -0.5328 0.8462 -0.0000
vn -0.5565 0.8308 -0.0000
vn -0.5798 0.8148 -0.0001
vn -0.5798 0.8147 -0.0001
vn -0.6629 0.7487 -0.0000
vn -0.6792 0.7339 -0.0000
vn -0.6668 0.7452 -0.0000
vn -0.6992 0.7150 -0.0000
vn -0.7778 0.6285 -0.0000
vn -0.9948 0.1019 -0.0000
vn -0.7808 0.6247 -0.0000
vn -0.7809 0.6247 -0.0000
vn -0.6992 0.7149 -0.0001
vn -0.4783 0.8782 -0.0000
vn -0.0078 0.2902 0.9569
vn -0.0000 0.3674 -0.9301
vn -0.0000 0.3139 -0.9495
vn -0.0000 0.3209 -0.9471
vn -0.0002 1.0000 -0.0000
vn 0.0002 1.0000 -0.0000
vn -0.0000 0.9992 0.0394
vn -0.0001 1.0000 -0.0000
vn -0.0000 0.9985 0.0551
vn -0.0000 1.0000 0.0079
vn 0.0158 0.9999 -0.0000
vn -0.0078 0.9999 0.0079
vn 0.1020 0.4944 0.8632
vn 0.0784 0.4861 0.8704
vn 0.1887 0.5190 0.8336
vn 0.0078 0.4689 0.8832
vn -0.0000 0.4723 0.8815
vn -0.0000 0.4722 0.8815
vn -0.0862 0.4858 0.8698
vn -0.0078 0.4690 0.8832
vn -0.1020 0.4944 0.8632
vn -0.1888 0.5191 0.8336
vn -0.0000 0.7487 -0.6629
vn -0.0000 0.7453 -0.6668
vn 0.0859 0.6561 -0.7498
vn -0.0000 0.7264 -0.6873
vn -0.0859 0.6561 -0.7498
vn -0.0000 0.6199 -0.7847
vn -0.0235 0.6111 -0.7912
vn 0.0235 0.6111 -0.7912
vn 0.0079 0.9999 0.0079
vn -0.0000 0.0624 -0.9981
vn -0.0078 0.5328 -0.8462
vn -0.0000 0.4378 -0.8991
vn 0.0079 0.5328 -0.8462
vn 0.0078 0.5328 -0.8462
vn -0.0000 -0.9790 -0.2036
vn -0.0000 -0.9791 -0.2036
vn -0.0000 0.9940 0.1096
vn -0.0000 0.9931 0.1173
vn -0.0078 0.9939 0.1096
vn -0.0000 -0.6953 -0.7187
vn -0.0000 -0.6951 -0.7189
vn -0.0000 -0.6956 -0.7184
vn -0.0000 0.4090 0.9125
vn -0.0000 -0.5565 0.8308
vn 0.3770 0.3535 0.8561
vn -0.0000 -0.3374 0.9414
vn -0.0000 -0.3537 0.9354
vn -0.0000 -0.3538 0.9353
vn -0.0079 -0.3537 0.9353
vn -0.0000 -0.3373 0.9414
vn -0.0000 0.3045 -0.9525
vn -0.0000 0.3138 -0.9495
vn -0.0000 0.2499 -0.9683
vn -0.0000 0.3068 0.9518
vn -0.0000 0.3138 0.9495
vn -0.0000 0.3139 0.9494
vn -0.0000 0.9980 0.0629
vn -0.0000 -0.7032 0.7110
vn 0.0157 0.6455 0.7636
vn 0.0157 0.6370 0.7707
vn -0.0000 0.7149 0.6992
vn -0.0157 0.6455 0.7636
vn -0.0157 0.6370 0.7707
vn 0.9588 0.2829 -0.0236
vn 0.9541 0.2996 -0.0000
vn 0.9610 0.2757 -0.0236
vn 0.9717 0.2351 -0.0235
vn 0.9734 0.2277 -0.0235
vn 0.9677 0.2517 0.0158
vn 0.9754 0.2202 -0.0000
vn 0.9851 0.1720 -0.0000
vn 0.9995 0.0315 -0.0000
vn 0.9997 0.0236 -0.0000
vn 0.1720 -0.9851 -0.0000
vn 0.0469 -0.9989 -0.0000
vn 0.0624 -0.9981 -0.0000
vn -0.0236 0.9997 -0.0000
vn -0.0079 0.9999 -0.0078
vn 0.1721 0.9851 0.0002
vn 0.1720 0.9851 -0.0000
vn -0.0079 -0.6417 0.7669
vn 0.0391 -0.6412 -0.7664
vn -0.5384 0.0001 -0.8427
vn 0.1885 0.9819 -0.0157
vn 0.0550 0.9985 -0.0000
vn 0.2352 0.9720 -0.0000
vn 0.3233 0.9463 -0.0000
vn 0.2277 0.9737 -0.0000
vn 0.0551 0.9985 -0.0000
vn 0.0941 0.9956 -0.0000
vn 0.3139 0.9495 -0.0000
vn 0.5328 0.8462 -0.0000
vn 0.5272 0.8497 -0.0001
vn 0.5511 0.8345 -0.0000
vn 0.6585 0.7526 -0.0000
vn 0.6668 0.7452 -0.0000
vn 0.7778 0.6285 -0.0000
vn 0.7953 0.6062 -0.0000
vn 0.9948 0.1019 -0.0000
vn 0.9948 0.1018 -0.0000
vn 0.9888 0.1490 0.0001
vn 0.6991 0.7150 -0.0001
vn 0.6624 0.7491 -0.0000
vn 0.5745 0.8185 -0.0000
vn 0.5271 0.8498 -0.0000
vn 0.4876 0.8731 -0.0000
vn -0.0079 0.9999 0.0079
vn -0.0157 0.9998 0.0079
vn -0.0000 0.3279 -0.9447
vn -0.0078 0.3373 -0.9414
vn -0.0704 0.1956 -0.9781
vn -0.0861 0.1879 -0.9784
vn -0.1411 0.0705 -0.9875
vn -0.1480 0.0156 -0.9889
vn -0.1480 0.0078 -0.9890
vn 0.0864 0.7856 0.6127
vn 0.0079 0.8344 0.5510
vn 0.0235 0.8366 0.5473
vn 0.1570 0.7929 0.5888
vn 0.0314 0.7704 0.6368
vn -0.0000 0.7778 0.6285
vn -0.0000 0.7817 0.6237
vn -0.0942 0.7850 0.6123
vn -0.0393 0.7702 0.6366
vn -0.1647 0.7919 0.5880
vn -0.0234 0.8366 0.5473
vn -0.0157 0.8344 0.5510
vn -0.0000 0.7378 0.6750
vn -0.1729 0.5500 0.8171
vn -0.0237 0.7415 0.6705
vn -0.1885 0.8483 0.4948
vn -0.1491 0.9808 0.1255
vn -0.5325 0.3211 0.7831
vn -0.5730 0.2355 0.7850
vn -0.6953 -0.0000 0.7187
vn -0.5312 -0.3281 0.7812
vn -0.5720 -0.2429 0.7835
vn -0.1479 -0.9811 0.1246
vn -0.1873 -0.8505 0.4915
vn -0.0235 -0.7450 0.6666
vn -0.1721 -0.5554 0.8136
vn -0.0000 -0.7378 0.6750
vn 0.1728 0.5500 0.8171
vn -0.0079 0.7378 0.6750
vn 0.0158 0.7416 0.6706
vn 0.1885 0.8483 0.4948
vn 0.1491 0.9808 0.1255
vn 0.5269 0.3225 0.7864
vn 0.5677 0.2365 0.7885
vn 0.6912 -0.0000 0.7226
vn 0.6913 -0.0000 0.7226
vn 0.5256 -0.3294 0.7844
vn 0.5666 -0.2440 0.7870
vn 0.1480 -0.9811 0.1246
vn 0.1873 -0.8505 0.4916
vn 0.0157 -0.7451 0.6667
vn 0.1721 -0.5554 0.8136
vn -0.0079 -0.7378 0.6750
vn 0.0001 1.0000 0.0002
vn 0.0001 1.0000 0.0003
vn -0.0001 1.0000 0.0002
vn 0.0001 1.0000 -0.0002
vn -0.0000 0.7452 0.6668
vn -0.0078 0.7378 0.6750
vn 0.0627 0.1958 -0.9786
vn -0.0000 0.3373 -0.9414
vn 0.0861 0.1879 -0.9784
vn 0.1334 0.0706 -0.9885
vn 0.1479 0.0156 -0.9889
vn 0.1403 0.0078 -0.9901
vn 0.1729 0.5500 0.8171
vn 0.1885 0.8483 0.4949
vn 0.5677 0.2366 0.7885
vn 0.6913 -0.0000 0.7225
vn -0.0237 0.7415 0.6706
vn -0.1884 0.8483 0.4948
vn -0.1492 0.9808 0.1255
vn -0.1873 -0.8505 0.4916
vn -0.0079 0.8344 0.5510
vn -0.0000 0.8518 0.5239
vn -0.0079 0.8404 0.5419
vn -0.0000 0.8897 0.4566
vn -0.0000 0.8404 0.5419
vn -0.0000 0.9052 0.4250
vn -0.0000 0.9737 0.2278
vn -0.0000 0.0080 1.0000
vn -0.0000 0.0078 1.0000
vn -0.0079 -0.0000 1.0000
vn -1.0000 -0.0000 0.0002
vn 1.0000 -0.0000 -0.0002
vn 1.0000 -0.0001 -0.0000
vn 1.0000 -0.0000 0.0002
vn 0.0390 -0.9992 -0.0000
vn 0.0701 -0.9975 -0.0000
vn 0.0779 -0.9970 -0.0000
vn 0.2351 -0.9720 -0.0000
vn 0.1721 -0.9851 -0.0000
vn 0.1723 -0.9850 -0.0000
vn 0.1644 -0.9864 -0.0000
vn 0.2665 -0.9638 -0.0000
vn 0.3209 -0.9471 -0.0000
vn 0.3996 -0.9167 -0.0000
vn 0.3901 -0.9208 -0.0000
vn 0.5238 -0.8518 -0.0000
vn 0.5236 -0.8519 -0.0000
vn 0.5237 -0.8519 -0.0000
vn 0.5849 -0.8111 -0.0000
vn 0.6025 -0.7981 -0.0000
vn 0.5975 -0.8018 -0.0000
vn 0.7847 -0.6199 -0.0000
vn 0.7637 -0.6456 -0.0000
vn 0.6750 -0.7378 -0.0000
vn 0.9167 -0.3995 -0.0000
vn 0.6792 -0.7339 -0.0000
vn 0.6750 -0.7378 0.0079
vn 0.9701 -0.2425 -0.0000
vn 0.6792 -0.7339 0.0078
vn 0.9851 -0.1720 -0.0000
vn 0.7598 -0.6501 -0.0000
vn 0.9956 -0.0941 -0.0000
vn 0.9975 -0.0706 -0.0000
vn 0.9167 -0.3996 -0.0000
vn 0.9821 -0.1886 -0.0000
vn 0.9910 -0.1180 0.0629
vn 0.9818 -0.1885 0.0236
vn 0.9899 -0.1414 0.0079
vn -0.0000 0.9196 0.3929
vn -0.0000 0.8815 0.4722
vn 0.0157 0.6749 -0.7377
vn -0.0000 0.6668 -0.7452
vn 0.2270 0.3522 -0.9080
vn 0.0859 0.6560 -0.7498
vn -0.0000 0.7452 -0.6668
vn -0.0000 0.7149 -0.6992
vn -0.0000 0.7263 -0.6873
vn -0.2344 0.3516 -0.9063
vn -0.0157 0.6749 -0.7377
vn 1.0000 -0.0000 -0.0001
vn -0.0391 -0.9992 -0.0000
vn -0.0779 -0.9970 -0.0000
vn -0.0855 -0.9963 0.0004
vn -0.2425 -0.9701 -0.0000
vn -0.1721 -0.9851 -0.0000
vn -0.1644 -0.9864 -0.0000
vn -0.2736 -0.9619 -0.0000
vn -0.3279 -0.9447 -0.0000
vn -0.4061 -0.9138 -0.0000
vn -0.3902 -0.9208 -0.0000
vn -0.4062 -0.9138 -0.0000
vn -0.6074 -0.7944 -0.0000
vn -0.6025 -0.7981 -0.0000
vn -0.7877 -0.6161 -0.0000
vn -0.6792 -0.7339 -0.0000
vn -0.9167 -0.3995 -0.0000
vn -0.6793 -0.7339 -0.0000
vn -0.9638 -0.2666 -0.0000
vn -0.6791 -0.7340 0.0079
vn -0.6793 -0.7339 0.0079
vn -0.9851 -0.1720 -0.0000
vn -0.7598 -0.6501 -0.0000
vn -0.9956 -0.0941 -0.0000
vn -0.9975 -0.0701 -0.0000
vn -0.9167 -0.3996 0.0001
vn -0.9823 -0.1871 -0.0000
vn -0.9167 -0.3997 -0.0000
vn -0.9912 -0.1171 0.0625
vn -0.9821 -0.1871 0.0234
vn -0.9901 -0.1403 0.0078
vn -0.0000 0.9956 -0.0941
vn -0.0003 1.0000 -0.0000
vn -0.0000 0.9989 -0.0472
vn -0.0000 0.9997 -0.0236
vn -0.0000 0.9997 -0.0237
vn -0.9948 0.0005 -0.1018
vn -0.9948 -0.0000 -0.1018
vn -0.9758 -0.0000 -0.2186
vn 0.9948 -0.0000 -0.1018
vn 1.0000 -0.0002 -0.0000
vn 0.9948 -0.0005 -0.1018
vn 0.9754 -0.0003 -0.2204
vn 0.9754 0.0003 -0.2204
vn 0.9754 -0.0000 -0.2206
vn 0.9948 -0.0004 -0.1018
vn 0.9948 -0.0000 -0.1019
vn 0.9755 -0.0001 -0.2201
vn 0.9755 0.0001 -0.2201
vn 0.9755 -0.0000 -0.2200
vn -0.9948 0.0004 -0.1018
vn -1.0000 0.0001 -0.0000
vn -0.9948 -0.0000 -0.1019
vn -0.9758 -0.0000 -0.2185
vn -0.0000 -0.9683 0.2499
vn -0.0000 -0.5565 0.8309
vn 0.3298 -0.4868 0.8088
vn -0.0000 -0.9963 0.0863
vn -0.3516 -0.9298 0.1094
vn 0.3516 -0.9298 0.1094
vn -0.3673 -0.9301 0.0078
vn -0.0000 -1.0000 0.0001
vn -0.3209 -0.9471 -0.0000
vn -0.0001 -1.0000 -0.0001
vn 0.3605 -0.9327 0.0078
vn 0.3673 -0.9301 0.0078
vn 0.3138 -0.9495 -0.0000
vn 0.2973 -0.9548 -0.0000
vn -0.2973 -0.9548 -0.0000
vn -0.2832 0.9591 -0.0003
vn -0.3305 0.9364 0.1180
vn -0.8782 0.4783 0.0079
vn -0.1958 0.9480 0.2507
vn -0.8062 0.5244 0.2739
vn -0.9518 0.0780 0.2965
vn -1.0000 -0.0000 -0.0080
vn -0.0863 0.9576 0.2747
vn -0.5265 0.6051 0.5972
vn -0.6773 0.1969 0.7088
vn -0.9597 -0.0000 0.2809
vn -0.9512 -0.0858 0.2963
vn -0.8782 -0.4783 0.0079
vn -0.7149 -0.0000 0.6992
vn -0.6805 -0.2033 0.7040
vn -0.8062 -0.5244 0.2739
vn -0.3281 -0.9374 0.1172
vn -0.2809 -0.9597 -0.0000
vn -0.1958 -0.9480 0.2507
vn -0.5321 -0.6103 0.5868
vn -0.0859 -0.9603 0.2654
vn -0.2974 -0.2113 0.9311
vn -0.2351 -0.6428 0.7290
vn -0.0000 -0.9597 0.2809
vn -0.0000 -0.6668 0.7452
vn 0.0859 -0.9603 0.2654
vn -0.0000 -0.2277 0.9737
vn 0.2277 -0.6440 0.7304
vn 0.1883 -0.9495 0.2511
vn 0.5265 -0.6128 0.5893
vn 0.3281 -0.9374 0.1172
vn 0.2809 -0.9597 -0.0000
vn 0.8782 -0.4783 0.0079
vn 0.8034 -0.5277 0.2757
vn 0.9505 -0.0864 0.2985
vn 0.6805 -0.2033 0.7040
vn 0.2974 -0.2113 0.9311
vn 0.9591 -0.0000 0.2832
vn 0.7149 -0.0000 0.6992
vn 0.2974 0.0157 0.9546
vn 0.9511 0.0786 0.2987
vn 0.8782 0.4783 0.0078
vn 0.6773 0.1969 0.7088
vn 0.8034 0.5277 0.2757
vn 0.2913 0.2283 0.9290
vn 0.5265 0.6051 0.5972
vn 0.3305 0.9364 0.1181
vn 0.2832 0.9591 -0.0003
vn 0.1883 0.9495 0.2511
vn 0.0863 0.9576 0.2747
vn 0.2201 0.6368 0.7390
vn -0.0000 0.9547 0.2974
vn -0.0000 0.6541 0.7564
vn -0.2276 0.6356 0.7377
vn -0.0000 0.2426 0.9701
vn -0.2985 0.2278 0.9268
vn -0.0000 0.0157 0.9999
vn -0.2974 0.0157 0.9546
vn 0.3305 0.9364 0.1180
vn 0.2830 0.9591 -0.0000
vn 0.0863 0.9576 0.2748
vn 0.9591 -0.0000 0.2831
vn -0.0000 0.2425 0.9701
vn -0.0000 0.6540 0.7565
vn -0.2276 0.6357 0.7377
vn -0.8062 0.5244 0.2740
vn -1.0000 -0.0000 -0.0079
vn -0.2984 0.2278 0.9268
vn -0.6805 -0.2032 0.7040
vn -0.8062 -0.5244 0.2740
vn -0.5321 -0.6103 0.5869
vn -0.1958 -0.9480 0.2508
vn 0.2278 -0.6440 0.7304
vn -0.2735 0.0313 -0.9614
vn -0.2346 0.1408 -0.9618
vn -0.1404 0.2107 -0.9674
vn -0.1170 0.2573 -0.9592
vn -0.2663 0.0313 -0.9634
vn -0.0000 0.3511 -0.9363
vn -0.2495 -0.0546 -0.9668
vn -0.0000 0.3606 -0.9327
vn -0.2418 -0.0780 -0.9672
vn -0.0000 0.3537 -0.9354
vn -0.2037 -0.1724 -0.9637
vn -0.1019 -0.2743 -0.9562
vn -0.1094 -0.2813 -0.9534
vn -0.0078 0.3605 -0.9327
vn -0.0000 -0.3671 -0.9302
vn 0.1170 0.2574 -0.9592
vn -0.0000 -0.3673 -0.9301
vn 0.1404 0.2107 -0.9674
vn 0.0941 -0.2745 -0.9570
vn 0.2346 0.1408 -0.9618
vn 0.1094 -0.2813 -0.9534
vn 0.2663 0.0313 -0.9634
vn 0.1962 -0.1726 -0.9652
vn 0.2590 0.0314 -0.9654
vn 0.2345 -0.0781 -0.9690
vn 0.2422 -0.0547 -0.9687
vn -0.2663 -0.9636 -0.0235
vn 0.2663 -0.9636 -0.0235
vn -0.0000 -0.9999 -0.0155
vn -0.0000 -0.9992 -0.0390
vn -0.2180 -0.9734 -0.0701
vn -0.0000 -0.9997 -0.0234
vn 0.2106 -0.9751 -0.0702
vn -0.0000 -0.9741 -0.2260
vn 0.0157 0.9999 -0.0000
vn -0.8609 -0.0000 0.5087
vn -0.5123 -0.0000 0.8588
vn -0.5029 0.0079 0.8643
vn -0.0000 0.0550 0.9985
vn -0.0000 0.0863 0.9963
vn 0.5029 0.0079 0.8643
vn 0.5122 -0.0000 0.8589
vn -0.8575 -0.0000 -0.5145
vn 0.8589 -0.0000 0.5122
vn -0.4843 -0.0000 -0.8749
vn 0.8554 -0.0000 -0.5179
vn 0.4843 -0.0000 -0.8749
vn -0.3845 0.8946 0.2276
vn -0.2269 0.8919 0.3912
vn -0.1331 0.9629 0.2349
vn -0.0000 0.8896 0.4567
vn -0.2275 0.9646 0.1333
vn -0.0000 0.9638 0.2665
vn 0.1254 0.9638 0.2351
vn -0.2665 0.9638 -0.0000
vn 0.2194 0.8935 0.3919
vn -0.3845 0.8946 -0.2276
vn 0.3845 0.8946 0.2276
vn -0.2272 0.9636 -0.1410
vn 0.2275 0.9646 0.1333
vn -0.2262 0.8892 -0.3978
vn 0.4409 0.8975 -0.0000
vn -0.1331 0.9629 -0.2349
vn 0.2665 0.9638 -0.0000
vn -0.0000 0.8864 -0.4629
vn 0.3845 0.8946 -0.2276
vn -0.0000 0.9618 -0.2737
vn 0.2272 0.9636 -0.1410
vn 0.1254 0.9638 -0.2351
vn 0.2188 0.8907 -0.3985
vn -0.2274 0.9646 0.1333
vn -0.1331 0.9629 0.2348
vn -0.0000 0.9639 0.2664
vn -0.2664 0.9639 -0.0000
vn 0.1253 0.9639 0.2350
vn 0.2274 0.9646 0.1333
vn -0.1331 0.9629 -0.2348
vn 0.2664 0.9639 -0.0000
vn -0.0000 0.9618 -0.2736
vn 0.1254 0.9639 -0.2351
vn -0.4880 -0.0000 0.8728
vn 0.4876 -0.0000 0.8731
vn -1.0000 -0.0000 0.0004
vn 0.4880 -0.0000 0.8728
vn 0.8589 -0.0000 0.5121
vn -0.4844 -0.0000 -0.8749
vn 0.8554 -0.0000 -0.5180
vn 0.4844 -0.0000 -0.8749
vn 0.2443 0.9697 -0.0000
vn -0.2663 0.9636 -0.0235
vn 0.2663 0.9636 -0.0235
vn -0.0000 0.9992 -0.0393
vn -0.2197 0.9730 -0.0706
vn 0.2122 0.9747 -0.0707
vn -0.1253 0.9710 -0.2035
vn 0.1252 0.9710 -0.2036
vn -0.0000 0.9737 -0.2277
vn -0.0000 0.0701 -0.9975
vn -0.0856 -0.0000 -0.9963
vn -0.0000 -0.0940 -0.9956
vn -0.0000 -0.0941 -0.9956
vn 0.0779 -0.0000 -0.9970
vn -0.9975 -0.0000 0.0702
vn 0.0001 1.0000 0.0032
vn 0.0002 1.0000 0.0033
vn 0.0001 1.0000 0.0016
vn -0.0000 1.0000 0.0016
vn 0.0002 0.9963 -0.0863
vn -0.0000 0.9963 -0.0863
vn 0.0078 0.9969 -0.0785
vn -0.0000 0.9052 0.4251
vn 0.0001 0.9052 0.4251
vn 0.0079 0.8588 0.5122
vn 0.0079 0.8589 0.5122
vn -0.0000 -0.9964 0.0852
vn -0.0000 -0.9837 0.1796
vn -0.9876 -0.0000 0.1568
vn -0.9912 -0.0000 0.1327
vn -0.9948 -0.0000 0.1018
vn -0.9963 -0.0000 0.0863
vn -0.9963 -0.0000 0.0856
vn -0.9963 -0.0000 0.0857
vn -0.9948 -0.0000 0.1019
vn -0.0002 1.0000 0.0033
vn -0.0001 1.0000 0.0032
vn -0.0157 0.9968 -0.0785
vn -0.0157 0.9968 -0.0784
vn -0.0158 0.8588 0.5121
vn 0.9910 -0.0000 0.1337
vn 0.9876 -0.0000 0.1568
vn 0.9948 -0.0000 0.1019
vn 0.9948 -0.0000 0.1018
vn 0.9963 -0.0000 0.0863
vn -0.0001 -0.9837 0.1796
vn 0.0002 -0.9822 0.1877
vn 0.0003 0.7266 0.6871
vn -0.0003 0.7266 0.6871
vn -0.0000 0.2664 -0.9638
vn 0.0002 0.2669 -0.9637
vn 0.0001 0.2664 -0.9639
vn -0.0000 0.2663 -0.9639
vn -0.9774 0.2112 -0.0078
vn -0.9613 0.2736 -0.0313
vn -0.9567 0.2901 -0.0235
vn 0.9567 0.2901 -0.0235
vn 0.9607 0.2756 -0.0315
vn 0.9774 0.2111 -0.0078
vn -0.9741 0.2260 -0.0000
vn -0.9805 0.1726 0.0941
vn 0.9737 0.2278 -0.0000
vn 0.9737 0.2277 -0.0001
vn 0.9861 -0.0000 -0.1663
vn -0.9861 -0.0000 -0.1663
vn -0.0000 -0.9928 -0.1201
vn 0.0001 -1.0000 0.0001
vn -0.0000 0.9449 -0.3275
vn -0.0000 0.9449 -0.3274
vt 0.333008 -0.499023
vt 0.333008 -0.482422
vt 0.414551 -0.482422
vt 0.414551 -0.499023
vt 0.198731 -0.499023
vt 0.198731 -0.482422
vt 0.270508 -0.482422
vt 0.270508 -0.499023
vt 0.420410 -0.499023
vt 0.420410 -0.482422
vt 0.502441 -0.482422
vt 0.502441 -0.499023
vt 0.286621 -0.499023
vt 0.286621 -0.482422
vt 0.358398 -0.482422
vt 0.358398 -0.499023
vt -0.302734 -0.482910
vt -0.302734 -0.499023
vt -0.328125 -0.499023
vt -0.328125 -0.482910
vt -0.241211 -0.482910
vt -0.215820 -0.482910
vt -0.215820 -0.499023
vt -0.241211 -0.499023
vt 2.115234 0.517090
vt 2.115234 0.500488
vt 1.912598 0.517090
vt 0.909668 -0.385742
vt 0.909668 -0.346191
vt 0.932617 -0.346191
vt 1.027344 -0.385742
vt 1.027344 -0.345215
vt 0.932617 -0.216309
vt 1.027344 -0.216797
vt 0.909668 -0.424805
vt 1.027344 -0.425293
vt 0.798340 -0.411621
vt 0.725586 -0.411621
vt 0.798828 -0.385742
vt 0.694824 -0.425293
vt 0.799316 -0.346191
vt 0.798340 -0.264648
vt 0.909668 -0.216309
vt 0.694336 -0.229981
vt 0.726563 -0.264648
vt 0.725586 -0.385742
vt 0.694336 -0.346191
vt 0.725586 -0.346191
vt 0.633789 -0.240234
vt 0.694824 -0.385742
vt 0.633301 -0.385742
vt 0.633301 -0.425781
vt 0.633789 -0.346191
vt 0.577637 -0.385742
vt 0.576660 -0.425781
vt 0.464356 -0.405273
vt 0.577637 -0.346191
vt 0.543457 -0.271484
vt 0.463867 -0.385742
vt 0.403320 -0.385742
vt 0.403809 -0.374512
vt 0.431641 -0.346191
vt 0.463867 -0.346191
vt 0.454102 -0.327148
vt 1.898438 -0.000488
vt 2.415527 -0.000488
vt 2.415527 -0.036133
vt 1.898438 -0.036133
vt 1.891602 -0.000488
vt 1.891602 -0.036133
vt 1.364746 -0.036133
vt 1.090820 -0.036133
vt 1.090820 -0.000488
vt 1.364746 -0.000488
vt 1.072754 -0.036133
vt 1.072754 -0.000488
vt -10.594240 3.303223
vt -10.882320 3.301758
vt -11.007320 3.973145
vt -10.823730 3.967285
vt 2.471680 1.517090
vt 2.576172 1.517090
vt 2.575684 1.500488
vt 2.467285 1.500488
vt 2.866211 1.517090
vt 3.075195 1.517090
vt 3.082520 1.500488
vt 2.866211 1.500488
vt 2.822266 1.517090
vt 2.820313 1.500488
vt 3.183105 1.517090
vt 3.394531 1.517090
vt 3.393066 1.500488
vt 3.180664 1.500488
vt 3.097168 1.517090
vt 3.088379 1.500488
vt 3.453125 1.517090
vt 3.657715 1.517090
vt 3.666016 1.500488
vt 3.453613 1.500488
vt -1.446777 -0.036133
vt -1.636719 -0.036133
vt -1.636719 -0.000977
vt -1.446777 -0.000977
vt -0.468262 1.963867
vt -0.691406 1.963867
vt -0.691406 1.998535
vt -0.468262 1.998535
vt -1.654785 1.517578
vt -1.579102 1.517578
vt -1.579102 1.500488
vt -1.654785 1.500488
vt -1.735840 1.517578
vt -1.735840 1.500488
vt -1.894043 1.517578
vt -1.894043 1.500488
vt -2.000000 1.517578
vt -2.000000 1.500488
vt -2.125488 1.517578
vt -2.125488 1.500488
vt -1.352539 1.517578
vt -1.227051 1.517578
vt -1.227051 1.500488
vt -1.352539 1.500488
vt -1.509277 1.517578
vt -1.509277 1.500488
vt -0.526367 0.500488
vt -0.525391 0.517578
vt -0.155273 0.517578
vt -0.156250 0.500488
vt -0.937500 0.517578
vt -0.937500 0.500977
vt -1.075684 0.500977
vt -1.075684 0.517090
vt 0.120117 1.963379
vt 0.120117 1.999023
vt 0.573731 1.999023
vt 0.573731 1.963379
vt -0.498535 0.238770
vt -0.498535 0.304688
vt -0.374023 0.304688
vt -0.374023 0.236328
vt -0.405273 1.998535
vt -0.405273 1.964355
vt -0.596191 1.964355
vt -0.596191 1.998535
vt 0.312988 1.998535
vt 0.312988 1.964355
vt 0.104981 1.964355
vt 0.104981 1.998535
vt 0.823242 1.998535
vt 0.823242 1.964355
vt -0.282227 1.517090
vt -0.282227 1.500000
vt -0.361816 1.500000
vt -0.361816 1.517090
vt 0.310059 1.517090
vt 0.310059 1.500000
vt 0.230469 1.500000
vt 0.230469 1.517090
vt 1.586426 1.500488
vt 1.586426 1.517090
vt 1.643555 1.517090
vt 1.643555 1.500488
vt 1.049805 1.500488
vt 1.049805 1.517090
vt 1.106934 1.517090
vt 1.106934 1.500488
vt -1.767578 0.131348
vt -1.793945 0.131348
vt -1.793945 0.264160
vt -1.767578 0.264160
vt 0.671387 1.496582
vt 0.714844 1.496582
vt 0.714844 1.450684
vt 0.671387 1.450684
vt 2.205566 0.140625
vt 2.205566 0.264648
vt 2.231445 0.264648
vt 2.231445 0.140625
vt 2.205566 0.132324
vt 2.231445 0.132324
vt 1.487793 0.963379
vt 1.440430 0.998535
vt 1.539063 0.998535
vt 1.567871 0.963379
vt 1.511230 0.998535
vt 1.525879 0.963379
vt 1.415039 0.963379
vt 1.427734 0.998535
vt 1.425293 0.998535
vt 1.542969 0.998535
vt 1.485840 0.963379
vt 1.391113 0.963379
vt 1.347168 0.998535
vt 1.591797 0.998535
vt 1.371094 0.963379
vt 1.422363 0.965332
vt 1.359863 0.965332
vt 1.356445 0.999512
vt 1.428711 0.999512
vt 2.006348 0.120117
vt 2.006348 0.020020
vt 1.946777 0.020996
vt 1.946777 0.120606
vt 1.912109 0.022461
vt 1.912109 0.121582
vt 2.041992 1.500977
vt 2.037109 1.517578
vt 2.166016 1.517578
vt 2.160645 1.500977
vt -0.302734 -0.287109
vt -0.302734 -0.323242
vt -0.339844 -0.323731
vt -0.339844 -0.287109
vt -0.302734 -0.365723
vt -0.339356 -0.365723
vt -0.063477 -1.037109
vt -0.363770 -1.037109
vt -0.363770 -1.001953
vt -0.063477 -1.001953
vt 0.880859 -1.037109
vt 0.593262 -1.037109
vt 0.593262 -1.001953
vt 0.880859 -1.001953
vt -0.609863 0.517578
vt -0.610840 0.500488
vt -0.712402 0.500488
vt -0.711914 0.517578
vt -1.740723 -0.181152
vt -1.686035 -0.181152
vt -1.686035 -0.221191
vt -1.740723 -0.220703
vt 0.135742 -0.499023
vt 0.135742 -0.482422
vt -1.450684 -0.206055
vt -1.450684 -0.165039
vt -1.408203 -0.165039
vt -1.409180 -0.206055
vt 1.384277 0.500488
vt 1.384277 0.517090
vt 1.433105 0.517090
vt 1.433105 0.500488
vt 1.334961 0.500488
vt 1.334961 0.517090
vt 1.286621 0.500488
vt 1.286621 0.517090
vt 1.237305 0.500488
vt 1.237305 0.517090
vt 3.280762 0.844238
vt 3.280762 0.900879
vt 3.318848 0.900879
vt 3.318359 0.844238
vt 1.737305 -1.037109
vt 1.737305 -1.001465
vt 1.842285 -1.001465
vt 1.842285 -1.037109
vt 1.611816 -1.037109
vt 1.611816 -1.001465
vt 1.968262 -1.037109
vt 1.968262 -1.001465
vt 2.054199 -1.001465
vt 2.054199 -1.037109
vt 0.223633 -0.499023
vt 0.223633 -0.482422
vt 3.288086 -1.500000
vt 3.288086 -1.483887
vt 3.705566 -1.483887
vt 3.705566 -1.500000
vt 2.740234 0.733398
vt 2.740234 0.697754
vt 2.692383 0.697754
vt 2.692383 0.733398
vt 0.383301 1.284180
vt 0.406738 1.284180
vt 0.406738 1.222656
vt 0.383301 1.222656
vt 0.395020 1.222656
vt 0.395020 1.284180
vt 1.644043 -0.000977
vt 1.654297 -0.000977
vt 1.654297 -0.036133
vt 1.644043 -0.036133
vt -0.669434 0.215332
vt -0.668945 0.291504
vt -0.626953 0.291504
vt -0.627441 0.215332
vt 1.737793 -0.000977
vt 1.786621 -0.000977
vt 1.786621 -0.036133
vt 1.737793 -0.036133
vt 1.685059 -0.000977
vt 1.685059 -0.036133
vt -1.374023 0.236816
vt -1.434082 0.236816
vt -1.434082 0.304688
vt -1.374023 0.304688
vt 1.868652 -0.000977
vt 1.926270 -0.000977
vt 1.926270 -0.036133
vt 1.868652 -0.036133
vt 1.965332 0.963379
vt 1.965332 0.999023
vt 1.913086 0.999023
vt 1.913086 0.963379
vt -1.790039 0.500488
vt -1.790039 0.517578
vt -1.727539 0.517578
vt -1.727539 0.500488
vt 2.111328 0.999023
vt 2.038574 0.999023
vt 2.039063 0.963379
vt 2.111328 0.963379
vt -1.538574 0.500488
vt -1.600586 0.500488
vt -1.600586 0.517578
vt -1.538574 0.517578
vt 1.780273 -0.482910
vt 1.780273 -0.499023
vt 1.565918 -0.499023
vt 1.565918 -0.482910
vt 3.557129 0.999023
vt 3.557129 0.963867
vt 3.082031 0.963867
vt 3.082031 0.999023
vt 3.692383 0.999023
vt 3.692383 0.963867
vt 4.799316 0.999023
vt 4.799316 0.963867
vt 4.664551 0.963867
vt 4.664551 0.999023
vt 5.274414 0.999023
vt 5.274414 0.963867
vt 1.805176 0.999023
vt 1.805176 0.963867
vt 1.670898 0.963867
vt 1.670898 0.999023
vt 2.777344 0.963867
vt 2.777344 0.999023
vt -1.945313 0.500488
vt -2.007324 0.500488
vt -2.007324 0.517578
vt -1.945313 0.517578
vt -2.205078 0.500488
vt -2.205078 0.517578
vt -2.143066 0.517578
vt -2.143066 0.500488
vt -0.001465 -0.482910
vt -0.001465 -0.499023
vt 3.477539 0.963379
vt 3.173340 0.963379
vt 3.173340 0.998535
vt 3.477539 0.998535
vt 3.612305 0.963379
vt 3.612305 0.998535
vt 4.719727 0.963379
vt 4.584473 0.963379
vt 4.584473 0.998535
vt 4.719727 0.998535
vt 1.932129 0.963379
vt 1.457520 0.963379
vt 1.457520 0.998535
vt 1.932129 0.998535
vt 2.066895 0.963379
vt 2.066895 0.998535
vt 3.038574 0.963379
vt 3.038574 0.998535
vt -2.710449 0.291016
vt -2.594238 0.291016
vt -2.594238 0.215332
vt -2.710449 0.215332
vt 3.105957 0.113770
vt 3.138184 0.113770
vt 3.138672 0.015625
vt 3.105957 0.015625
vt -0.661621 -1.037109
vt -0.690918 -1.001953
vt -0.332031 -1.001953
vt -0.361816 -1.037109
vt -0.661133 -1.037109
vt -0.361328 -1.037109
vt 2.640625 -0.498535
vt 2.627930 -0.482910
vt 2.779297 -0.482910
vt 2.767090 -0.498535
vt 2.555664 -0.498535
vt 2.543457 -0.482910
vt 2.694824 -0.482910
vt 2.682617 -0.498535
vt -0.581543 -1.037109
vt -0.575684 -1.001953
vt -0.726563 -1.001953
vt -0.716309 -1.037109
vt -0.718262 -1.037109
vt -0.728516 -1.001953
vt -0.576660 -1.001953
vt -0.582520 -1.037109
vt -1.125488 0.780273
vt -1.402832 0.780273
vt -1.403809 0.956543
vt -1.125488 0.956543
vt -3.014160 -0.036133
vt -3.030762 -0.000977
vt -2.352539 -0.000977
vt -2.352539 -0.036133
vt 2.269043 -0.036621
vt 2.269043 -0.000977
vt 2.945801 -0.000977
vt 2.929688 -0.036621
vt -7.445313 0.882324
vt -7.448242 0.875977
vt -7.448242 1.064453
vt -7.445313 1.057617
vt -0.276856 -0.001465
vt -0.276856 -0.036133
vt -0.595215 -0.036133
vt -0.595215 -0.001465
vt 1.862305 -0.001465
vt 1.862305 -0.036133
vt 1.542969 -0.036133
vt 1.542969 -0.001465
vt -1.951660 0.315430
vt -1.945801 0.305176
vt -1.976563 0.305176
vt -1.972656 0.315430
vt 2.021973 0.998535
vt 2.021973 0.963867
vt 1.991211 0.963867
vt 1.991211 0.998535
vt 1.935059 0.963867
vt 1.935059 0.998535
vt 1.642578 0.963867
vt 1.642578 0.998535
vt 2.295898 0.998535
vt 2.295898 0.963867
vt 2.092773 0.963867
vt 2.092773 0.998535
vt 2.019531 0.998535
vt 2.019531 0.963867
vt 1.711914 0.963867
vt 1.711914 0.998535
vt 2.686523 0.998535
vt 2.686523 0.963867
vt 2.573730 0.963867
vt 2.573730 0.998535
vt 2.553223 0.963867
vt 2.553223 0.998535
vt 2.489258 0.963867
vt 2.489258 0.998535
vt 2.473145 0.963867
vt 2.473145 0.998535
vt 2.379883 0.963867
vt 2.379883 0.998535
vt 2.355469 0.963867
vt 2.355469 0.998535
vt 2.256836 0.963867
vt 2.256836 0.998535
vt 2.248047 0.963867
vt 2.248047 0.998535
vt 2.224609 0.963867
vt 2.224609 0.998535
vt -0.433594 -0.499512
vt -0.434082 -0.482910
vt -0.344238 -0.482910
vt -0.341797 -0.499512
vt -0.321289 -0.482910
vt -0.323242 -0.499512
vt -0.174805 -0.499512
vt -0.174805 -0.482910
vt -0.153809 -0.482910
vt -0.143555 -0.499512
vt -0.600586 -0.499512
vt -0.588867 -0.482910
vt -0.598633 0.130859
vt -0.598633 0.205078
vt -0.502441 0.205078
vt -0.502441 0.130859
vt -1.899414 0.963867
vt -1.899414 0.999023
vt -1.759277 0.999023
vt -1.759277 0.963867
vt -1.483887 0.963867
vt -1.483887 0.999023
vt -1.343750 0.999023
vt -1.343750 0.963867
vt -1.620605 0.963867
vt -1.620605 0.999023
vt -0.474609 0.195801
vt -0.474609 0.220703
vt -0.395508 0.220703
vt -0.395508 0.195801
vt 3.551758 0.517578
vt 3.542969 0.499512
vt 3.678711 0.499512
vt 3.669434 0.517578
vt 3.598145 0.517578
vt 3.588867 0.499512
vt 3.632813 0.499512
vt 3.623535 0.517578
vt 3.530762 0.496582
vt 3.530762 0.450684
vt 3.487305 0.450684
vt 3.487305 0.496582
vt 1.808594 1.517578
vt 1.809082 1.500977
vt 1.687988 1.500977
vt 1.687988 1.517578
vt 1.809082 1.517578
vt 1.331543 0.219727
vt 1.330566 0.287109
vt 1.356445 0.287109
vt 1.356445 0.221191
vt 1.577637 0.500977
vt 1.577637 0.516602
vt 1.617676 0.516602
vt 1.617676 0.500977
vt 1.477539 0.500977
vt 1.477539 0.516602
vt 1.685059 0.500977
vt 1.685059 0.516602
vt 1.723633 0.516602
vt 1.723633 0.500977
vt 2.374023 1.291016
vt 2.374023 1.215332
vt 2.322754 1.215332
vt 2.322754 1.291016
vt 2.331543 1.291016
vt 2.325195 1.270508
vt 2.361816 1.270508
vt 2.355469 1.291016
vt 2.391602 1.291016
vt 2.405273 1.270508
vt 2.290039 1.270508
vt 2.302246 1.291016
vt 2.354492 1.291016
vt 2.361328 1.270508
vt 2.290527 1.270508
vt 2.404785 1.270508
vt -3.498535 0.236816
vt -3.498535 0.305176
vt -3.373535 0.305176
vt -3.373535 0.236816
vt 1.454102 0.291992
vt 1.497070 0.267578
vt 1.496582 0.214356
vt 1.454590 0.214356
vt -0.523926 0.234375
vt -0.512207 0.215820
vt -0.576660 0.215332
vt -0.566895 0.234375
vt 1.789551 1.500977
vt 1.789551 1.517578
vt 1.713867 1.500977
vt 1.713867 1.517578
vt 1.631836 1.500977
vt 1.631836 1.517578
vt 1.613770 1.500977
vt 1.613770 1.517578
vt 1.572754 1.500977
vt 1.572754 1.517578
vt 1.879883 1.517578
vt 1.879883 1.500977
vt -0.502930 -0.761719
vt -0.516113 -0.781250
vt -0.536621 -0.780762
vt -0.544922 -0.761231
vt -0.501953 -0.791992
vt -0.501953 -0.867188
vt -0.600098 -0.867188
vt -0.600098 -0.791992
vt -0.205078 -0.000977
vt -0.194336 -0.036133
vt -0.266602 -0.036133
vt -0.255859 -0.000977
vt -0.598145 0.130859
vt -0.598145 0.205078
vt 2.384277 0.517090
vt 2.384277 0.500488
vt -1.224609 0.999023
vt -1.224609 0.963867
vt -1.896973 0.963867
vt -1.896973 0.999023
vt 2.218750 -0.000488
vt 2.249023 -0.000488
vt 2.249023 -0.036621
vt 2.218750 -0.036621
vt 2.220703 -0.036621
vt 2.220703 -0.000488
vt 2.122070 0.022949
vt 2.121582 0.120606
vt 0.065918 2.500977
vt 0.066895 2.517090
vt 0.453613 2.517090
vt 0.436035 2.500977
vt -0.125000 2.500977
vt -0.123535 2.517090
vt -0.235352 2.500977
vt -0.250488 2.517090
vt 0.105957 2.500977
vt 0.089844 2.517090
vt 0.442871 2.517090
vt 0.424316 2.500977
vt 0.663574 2.500977
vt 0.663086 2.517090
vt 0.790527 2.517090
vt 0.774902 2.500977
vt 0.473145 2.500977
vt 0.471680 2.517090
vt 0.102539 2.500977
vt 0.084473 2.517090
vt 0.313477 2.500977
vt 0.295410 2.517090
vt 0.642578 2.517090
vt 0.626465 2.500977
vt 1.208496 -0.035645
vt 1.237305 -0.001465
vt 1.688477 -0.001465
vt 1.705566 -0.035645
vt -0.650391 0.796387
vt -0.672363 0.796387
vt -0.672363 0.408691
vt -0.650391 0.408691
vt 1.667969 0.999023
vt 1.667969 0.963379
vt 1.626953 0.963379
vt 1.626953 0.999023
vt -0.553711 0.500977
vt -0.553711 0.516602
vt -0.502930 0.516602
vt -0.502930 0.500488
vt -0.461426 0.516602
vt -0.461426 0.500488
vt -0.112305 0.462891
vt -0.117188 0.474121
vt -0.074707 0.474121
vt -0.108887 0.425293
vt -0.038086 0.425781
vt 1.943359 0.491211
vt 2.062012 0.491211
vt 1.972656 0.418945
vt 2.227051 0.418945
vt 2.227051 0.491211
vt -0.991211 0.009766
vt -0.997559 0.016113
vt -0.997559 0.091797
vt -0.994141 0.095703
vt -0.889648 0.009277
vt -0.889648 0.013184
vt 1.242188 -0.036133
vt 1.222168 -0.036133
vt 1.222168 -0.000488
vt 1.242188 -0.000488
vt 1.333496 -0.036133
vt 1.333496 -0.000488
vt 1.399902 -0.036133
vt 1.399902 -0.000488
vt 1.389160 -0.036133
vt 1.389160 -0.000488
vt 1.489746 -0.036133
vt 1.489746 -0.000488
vt 1.520508 -0.036133
vt 1.520508 -0.000488
vt 2.056641 -0.036133
vt 2.056641 -0.000488
vt 1.788574 -0.385742
vt 1.761719 -0.423828
vt 1.738770 -0.428223
vt 1.703613 -0.385742
vt 1.595215 -0.428223
vt 1.595215 -0.385742
vt 1.390137 -0.428223
vt 1.390137 -0.385742
vt 1.218750 -0.428223
vt 1.595215 -0.346191
vt 1.218750 -0.385742
vt 1.062988 -0.428223
vt 1.062988 -0.385742
vt 1.390137 -0.346191
vt 1.218750 -0.346191
vt 1.062988 -0.346191
vt 1.595215 -0.209473
vt 1.595215 -0.174805
vt 1.651367 -0.174805
vt 1.390137 -0.209473
vt 1.218750 -0.209473
vt 1.705078 -0.209473
vt 1.203613 -0.232422
vt 1.198730 -0.225586
vt 1.204102 -0.313965
vt 1.062988 -0.209473
vt 1.196289 -0.313965
vt 1.091309 -0.225098
vt 1.087402 -0.231934
vt 1.185547 -0.327148
vt 1.185547 -0.320801
vt 1.084473 -0.327148
vt 1.081055 -0.240723
vt 1.076172 -0.246094
vt 1.076172 -0.319824
vt 1.637695 -0.247559
vt 1.647949 -0.328125
vt 1.703613 -0.346191
vt 1.663574 -0.248047
vt 1.686523 -0.327637
vt 1.677246 -0.248535
vt 1.704102 -0.327637
vt 1.697266 -0.248535
vt 1.748047 -0.327148
vt 1.715332 -0.262207
vt 1.788574 -0.346191
vt 1.744629 -0.245606
vt 1.772949 -0.289063
vt 1.732910 -0.288086
vt 2.764160 1.517090
vt 2.761230 1.500488
vt 2.684082 1.517090
vt 2.680176 1.500488
vt -0.848633 -0.036133
vt -0.848633 -0.021973
vt -0.565918 -0.021973
vt -0.565918 -0.036133
vt -0.226074 -0.021973
vt -0.226074 -0.036133
vt -0.953613 -0.036133
vt -0.953613 -0.000977
vt -0.518555 -0.036133
vt -0.518555 -0.000977
vt -0.337402 -0.036133
vt -0.337402 -0.000977
vt -0.125488 -0.036133
vt -0.125488 -0.000977
vt -2.185059 -0.000977
vt -2.185059 -0.036133
vt -2.623535 -0.000977
vt -2.623535 -0.036133
vt -2.791016 -0.036133
vt -2.791016 -0.000977
vt -3.003418 -0.000977
vt -3.003418 -0.036133
vt -1.592773 0.270996
vt -1.592773 0.230469
vt -1.632813 0.238770
vt -1.633301 0.270996
vt -1.687012 0.248047
vt -1.687500 0.270996
vt -1.710938 0.270996
vt -1.710938 0.251465
vt 3.996582 0.794922
vt 4.000488 0.794922
vt 4.000000 0.748535
vt 3.996094 0.748535
vt 4.000000 0.711426
vt 3.996094 0.711426
vt 3.926758 0.698242
vt 4.021973 0.711426
vt 3.962402 0.711426
vt 4.021973 0.698242
vt 3.958984 0.711426
vt 3.959473 0.748535
vt 3.962891 0.748535
vt 3.959473 0.794922
vt 3.962891 0.794922
vt 3.926758 0.711426
vt 3.919922 0.710938
vt 3.876465 0.710938
vt 3.845703 0.698731
vt 3.859863 0.749512
vt 3.884766 0.749023
vt 3.869629 0.795898
vt 3.893066 0.795410
vt 3.896484 0.819824
vt 3.877930 0.842285
vt 3.920410 0.819336
vt 3.926758 0.749023
vt 3.920410 0.749023
vt 3.927246 0.795410
vt 3.920410 0.795410
vt 3.924805 0.842285
vt 3.934570 0.883301
vt 3.902344 0.895020
vt 4.022461 0.841797
vt 4.022461 0.895020
vt 4.022461 0.882813
vt 4.021973 0.794434
vt -1.826660 0.118164
vt -1.812500 0.118164
vt -1.812500 0.098633
vt -1.826660 0.098633
vt -1.812500 0.082520
vt -1.827148 0.082520
vt -1.841797 0.118164
vt -1.828125 0.118164
vt -1.828125 0.098633
vt -1.841797 0.099121
vt -1.828613 0.082520
vt -1.841797 0.082520
vt -0.148926 1.013672
vt -0.148926 1.042480
vt -0.263672 1.042480
vt -0.263672 1.013672
vt -0.358887 1.042480
vt -0.359863 1.013672
vt -0.685547 1.042480
vt -0.686035 1.013672
vt -0.579102 1.013672
vt -0.579102 1.042480
vt -0.435547 1.013672
vt -0.435547 1.042480
vt -0.412109 1.042480
vt -0.412109 1.013672
vt -0.003418 1.517090
vt -0.003418 1.500000
vt -0.775879 1.500000
vt -0.775879 1.517090
vt -0.543457 1.517090
vt -0.543457 1.500000
vt 0.545410 1.500488
vt 0.545410 1.517090
vt 0.592773 1.517090
vt 0.592773 1.500488
vt 0.836914 1.517090
vt 0.836914 1.500488
vt 1.539063 1.500488
vt 1.539063 1.517090
vt 1.294922 1.500488
vt 1.294922 1.517090
vt 2.779785 0.702637
vt 2.780273 0.733398
vt 2.955078 0.733887
vt 2.955078 0.702637
vt 3.147461 0.734375
vt 3.147461 0.703125
vt 3.377930 0.734863
vt 3.377930 0.703613
vt 0.880371 1.517090
vt 0.882813 1.500488
vt 0.800781 1.517090
vt 0.797852 1.500488
vt 0.529297 1.517090
vt 0.530273 1.500488
vt 0.280762 1.517090
vt 0.282227 1.500488
vt 0.161621 1.517090
vt 0.180176 1.500488
vt -1.420410 0.517578
vt -1.391602 0.517578
vt -1.394043 0.500488
vt -1.136230 0.500488
vt -1.134766 0.517578
vt -0.890625 0.500488
vt -0.891113 0.517578
vt -0.806152 0.517578
vt -0.805664 0.500488
vt 1.271484 0.998535
vt 2.037109 0.998535
vt 2.001953 0.963379
vt 1.276367 0.963379
vt 1.250000 0.998535
vt 2.088867 0.963379
vt 1.351074 0.963379
vt 1.315430 0.998535
vt 2.094727 0.998535
vt 2.115723 0.998535
vt 0.791504 1.461426
vt 0.772461 1.496582
vt 0.841797 1.461426
vt 0.841797 1.450684
vt 2.079590 1.517578
vt 2.078125 1.500977
vt 2.072754 1.500977
vt 2.169434 1.517578
vt 2.155762 1.500977
vt -0.359863 0.851074
vt -0.359863 0.854492
vt -0.342773 0.854492
vt -0.333008 0.851074
vt -0.342773 0.877441
vt -0.322754 0.872070
vt -0.322266 0.851074
vt -0.333008 0.872070
vt -0.334473 0.873047
vt -0.334473 0.877441
vt -0.202148 0.894043
vt -0.203125 0.895996
vt -0.180664 0.895996
vt -0.180176 0.892578
vt -0.140137 0.895996
vt -0.153809 0.888184
vt -0.357422 0.896973
vt -0.357422 0.889160
vt -0.326172 0.889160
vt -0.323242 0.896973
vt -0.326172 0.861328
vt -0.357422 0.861328
vt -0.357422 0.856445
vt -0.323731 0.856445
vt -0.323242 0.856445
vt -0.394043 0.889160
vt -0.399414 0.896973
vt -0.394043 0.861328
vt -0.399414 0.856445
vt -0.399414 0.855957
vt 0.253906 -1.037109
vt 0.253906 -1.001953
vt 1.224121 -1.001953
vt 1.519531 -1.001953
vt 1.519531 -1.037109
vt 1.224121 -1.037109
vt 0.487793 1.963379
vt 0.410156 1.963379
vt 0.410156 1.999023
vt 0.487793 1.999023
vt 0.830078 1.963379
vt 0.830078 1.999023
vt 1.813965 0.974121
vt 1.821289 0.874512
vt 1.755371 0.873535
vt 1.746582 0.964356
vt 1.799805 0.998535
vt 1.481445 0.998535
vt 1.480957 0.964356
vt -1.145020 0.392090
vt -1.092285 0.423340
vt -1.023438 0.423340
vt -0.815918 0.380859
vt -0.815918 0.334961
vt -2.036621 -1.500000
vt -2.036621 -1.483887
vt -1.517090 -1.483887
vt -1.517090 -1.500000
vt -0.558106 -1.483887
vt -0.558106 -1.500000
vt -0.281250 -1.483887
vt -0.281250 -1.500000
vt -0.027344 -1.483887
vt -0.027344 -1.500000
vt 0.503418 -1.483887
vt 0.503418 -1.500000
vt 0.819336 -1.500000
vt 0.819336 -1.483887
vt 0.873535 -1.500000
vt 0.873535 -1.483887
vt 1.062500 -1.500000
vt 1.062500 -1.483887
vt 1.207031 -1.500000
vt 1.207031 -1.483887
vt 1.699707 -1.483887
vt 1.699707 -1.500000
vt 2.142090 -1.500000
vt 2.142090 -1.483887
vt 2.420898 -1.483887
vt 2.420898 -1.500000
vt 3.391602 -1.500000
vt 3.391602 -1.483887
vt 2.492676 0.723145
vt 2.493164 0.692871
vt 2.377930 0.684570
vt 2.607910 0.697754
vt 2.607422 0.737305
vt 2.647949 0.736816
vt 2.648438 0.697754
vt 0.314453 1.222656
vt 0.288086 1.222656
vt 0.288086 1.284180
vt 0.314453 1.284180
vt -8.237793 1.682129
vt -8.237793 1.751465
vt -8.268555 1.804199
vt -8.301270 1.479004
vt -8.332031 1.479004
vt -7.344238 0.841797
vt -7.331543 0.841797
vt -7.357422 0.841797
vt -7.370117 0.841797
vt 2.589355 0.999023
vt 2.213867 0.999023
vt 2.213867 0.963379
vt 2.589355 0.963379
vt 3.004395 0.999023
vt 3.004395 0.963379
vt 3.400391 0.999023
vt 3.400391 0.963379
vt 3.710449 0.999023
vt 3.710938 0.963379
vt 4.016602 0.999023
vt 4.016602 0.963379
vt 4.148926 0.963379
vt 4.148926 0.999023
vt 1.247070 -0.482422
vt 1.259277 -0.499023
vt 1.238770 -0.499023
vt 1.181641 -0.482422
vt 1.181641 -0.499023
vt 1.124512 -0.499023
vt 1.116211 -0.482422
vt 1.104004 -0.499023
vt 2.562500 -0.482422
vt 2.605957 -0.482422
vt 2.605957 -0.499023
vt 2.562500 -0.499023
vt 2.511230 -0.482422
vt 2.511230 -0.499023
vt 2.461914 -0.482422
vt 2.409180 -0.482422
vt 2.409180 -0.499023
vt 2.307129 -0.499023
vt 2.355957 -0.482422
vt 2.307129 -0.482422
vt 2.253906 -0.499023
vt 2.253906 -0.482422
vt 2.209961 -0.499023
vt 2.209961 -0.482422
vt -1.696777 0.517578
vt -1.696777 0.500488
vt -1.666504 0.517578
vt -1.666504 0.500488
vt -1.636230 0.500488
vt -1.636230 0.517578
vt 1.839844 1.204590
vt 1.849609 1.204102
vt 1.849609 1.169434
vt 1.839844 1.169434
vt 1.834961 1.204590
vt 1.834961 1.169434
vt 1.822754 1.204590
vt 1.822754 1.169434
vt -1.867676 0.500488
vt -1.948242 0.500488
vt -1.948242 0.517578
vt -1.867676 0.517578
vt -1.810059 0.500488
vt -1.810059 0.517578
vt -1.757324 0.500488
vt -1.757324 0.517578
vt -1.678711 0.517578
vt -1.678711 0.500488
vt -1.600098 0.500488
vt -1.600098 0.517578
vt -1.546875 0.517578
vt -1.546875 0.500488
vt -1.489258 0.517578
vt -1.489258 0.500488
vt -1.408691 0.517578
vt -1.408691 0.500488
vt 1.322266 1.291504
vt 1.374023 1.291504
vt 1.374023 1.273926
vt 1.322266 1.273926
vt 1.374023 1.254883
vt 1.322266 1.254883
vt 0.340820 -0.482910
vt 0.794922 -0.482910
vt 0.794922 -0.499023
vt 0.340820 -0.499023
vt -0.141113 -0.482910
vt -0.141113 -0.499023
vt -0.305176 -0.499023
vt -0.305176 -0.482910
vt -0.500977 -0.499023
vt -0.500977 -0.482910
vt -2.153809 0.517578
vt -2.153809 0.500488
vt -2.234375 0.500488
vt -2.234375 0.517578
vt -2.291992 0.500488
vt -2.291992 0.517578
vt -2.344727 0.500488
vt -2.344727 0.517578
vt -2.423828 0.517578
vt -2.423828 0.500488
vt -2.502441 0.500488
vt -2.502441 0.517578
vt -2.555176 0.517578
vt -2.555176 0.500488
vt -2.612793 0.517578
vt -2.612793 0.500488
vt -2.693359 0.517578
vt -2.693359 0.500488
vt 1.249023 -0.482910
vt 1.249023 -0.499023
vt 1.730957 -0.482910
vt 1.730957 -0.499023
vt 1.895020 -0.499023
vt 1.895020 -0.482910
vt 2.090820 -0.499023
vt 2.090820 -0.482910
vt 0.799805 -0.499023
vt 0.799805 -0.482910
vt 1.009766 -0.482910
vt 1.009766 -0.499023
vt 1.280273 -0.482910
vt 1.280273 -0.499023
vt 1.437988 -0.482910
vt 1.437988 -0.499023
vt 0.174316 1.517090
vt 0.158203 1.500977
vt -0.122559 1.500977
vt -0.123047 1.517090
vt -0.451660 1.500977
vt -0.452637 1.517090
vt -0.765625 1.500977
vt -0.766602 1.517090
vt -1.012207 1.500977
vt -1.013184 1.517090
vt -1.243164 1.500977
vt -1.255371 1.517090
vt -6.230957 0.766602
vt -6.230957 0.686523
vt -6.230957 0.690918
vt -6.230469 0.766602
vt -6.230957 0.854981
vt -6.230957 0.939453
vt -6.230469 0.939453
vt -6.230957 1.006348
vt -6.230469 1.071289
vt -6.230957 1.067871
vt 4.178711 0.999023
vt 4.178711 0.963867
vt 2.291016 0.999023
vt 2.291016 0.963867
vt -2.042480 0.517578
vt -2.042480 0.500488
vt -2.077148 0.517578
vt -2.077148 0.500488
vt -2.077637 0.500488
vt -2.077637 0.517578
vt -2.107910 0.500488
vt -2.107910 0.517578
vt 1.731445 -0.482910
vt 1.731445 -0.499023
vt 1.895508 -0.499023
vt 1.895508 -0.482910
vt 2.091309 -0.499023
vt 2.091309 -0.482910
vt -0.521973 0.999023
vt -0.521973 0.963867
vt -0.612305 0.963867
vt -0.612305 0.999023
vt -0.998535 0.963867
vt -0.998535 0.999023
vt -1.384277 0.999023
vt -1.384277 0.963867
vt -1.474609 0.999023
vt -1.474609 0.963867
vt -1.475098 0.999023
vt -1.475098 0.963867
vt -1.565918 0.963867
vt -1.565918 0.999023
vt -1.951660 0.963867
vt -1.951660 0.999023
vt -2.337402 0.999023
vt -2.337402 0.963867
vt -2.428223 0.999023
vt -2.428223 0.963867
vt -1.641602 0.963867
vt -1.641602 0.999023
vt -1.550781 0.999023
vt -1.550781 0.963867
vt -1.165039 0.999023
vt -1.165039 0.963867
vt -0.779297 0.963867
vt -0.779297 0.999023
vt -0.688477 0.963867
vt -0.688477 0.999023
vt -0.597656 0.999023
vt -0.597656 0.963867
vt -0.211914 0.999023
vt -0.211914 0.963867
vt 0.173340 0.963867
vt 0.173340 0.999023
vt 0.264160 0.963867
vt 0.264160 0.999023
vt 0.264648 0.963867
vt 0.264648 0.999023
vt 0.554688 -0.482910
vt 0.764648 -0.482910
vt 0.764648 -0.499023
vt 0.554688 -0.499023
vt 0.284180 -0.482910
vt 0.284180 -0.499023
vt 0.126465 -0.482910
vt 0.126465 -0.499023
vt -0.124512 1.500977
vt 0.155762 1.500977
vt 0.171875 1.517090
vt -0.125488 1.517090
vt -0.454102 1.500977
vt -0.455078 1.517090
vt -0.768066 1.500977
vt -0.769043 1.517090
vt -1.014648 1.500977
vt -1.015137 1.517090
vt -1.245605 1.500977
vt -1.257813 1.517090
vt -6.230957 1.071289
vt 4.098633 0.963379
vt 4.098633 0.998535
vt 2.552734 0.963379
vt 2.552734 0.998535
vt -0.699219 -0.499023
vt -0.718262 -0.499023
vt -0.718262 -0.482422
vt -0.695801 -0.482422
vt -0.664063 -0.499023
vt -0.664063 -0.482422
vt -0.662598 -0.482422
vt -0.648438 -0.499023
vt -0.648438 -0.482422
vt -0.636719 -0.499023
vt -0.636719 -0.482422
vt -0.588379 -0.499023
vt -0.588379 -0.482422
vt -0.572266 -0.499023
vt -0.572266 -0.482422
vt -0.525391 -0.482422
vt -0.525391 -0.499023
vt -0.476563 -0.482422
vt -0.476563 -0.499023
vt -0.428223 -0.482422
vt -0.428223 -0.499023
vt -0.386231 -0.482422
vt -0.386231 -0.499023
vt -0.373047 -0.482422
vt -0.373047 -0.499023
vt -0.343750 -0.499023
vt -0.343750 -0.482422
vt -0.272461 -0.499023
vt -0.272461 -0.482422
vt -0.237793 -0.499023
vt -0.237793 -0.482422
vt -7.071289 0.772949
vt -7.068848 0.777832
vt -7.068848 0.823242
vt -7.083984 0.772949
vt -7.068848 0.892090
vt -7.068848 1.075684
vt -7.071777 1.082031
vt -7.083984 1.082031
vt 1.328613 1.963379
vt 1.328125 1.999023
vt 1.390625 1.999023
vt 1.390625 1.963379
vt 1.507324 1.999023
vt 1.513184 1.963379
vt 1.626953 1.999023
vt 1.633789 1.963379
vt 1.822266 1.963379
vt 1.729980 1.963379
vt 1.729492 1.999023
vt 1.824707 1.999023
vt 1.899902 1.963379
vt 1.903320 1.999023
vt 1.981934 1.963379
vt 1.985352 1.999023
vt 2.062988 1.963379
vt 2.055176 1.999023
vt 2.155762 1.963379
vt 2.159668 1.999023
vt 2.215820 1.999023
vt 2.211914 1.963379
vt 2.439453 0.479492
vt 2.386230 0.480469
vt 2.383301 0.490234
vt 2.481445 0.490723
vt 2.439453 0.460449
vt 2.481445 0.459473
vt 2.776855 0.016113
vt 2.776367 0.114258
vt 2.804688 0.114258
vt 2.804688 0.016113
vt 2.830078 0.114258
vt 2.830566 0.016113
vt 2.849609 0.016113
vt 2.849121 0.114258
vt 2.904297 0.016113
vt 2.904785 0.114258
vt 2.943848 0.114258
vt 2.943848 0.016113
vt 2.989258 0.114258
vt 2.988770 0.016113
vt 3.033691 0.114258
vt 3.033691 0.016113
vt 3.074707 0.114258
vt 3.074707 0.015625
vt 0.068848 -1.037109
vt 0.096191 -1.001953
vt -0.029297 -1.001953
vt -0.041016 -1.037109
vt -0.168945 -1.001953
vt -0.181152 -1.037109
vt -0.307129 -1.001953
vt -0.319336 -1.037109
vt -0.352539 -1.001953
vt -0.470215 -1.001953
vt -0.459961 -1.037109
vt -0.180664 -1.037109
vt -0.319824 -1.037109
vt -0.307617 -1.001953
vt -0.460449 -1.037109
vt 2.718750 -0.498535
vt 2.715332 -0.482910
vt 2.763184 -0.482910
vt 2.761719 -0.498535
vt 2.799316 -0.482910
vt 2.797852 -0.498535
vt 2.830078 -0.482910
vt 2.822266 -0.498535
vt 2.834473 -0.482910
vt 2.830078 -0.498535
vt 2.788086 -0.498535
vt 2.786621 -0.482910
vt 2.751953 -0.498535
vt 2.750488 -0.482910
vt 2.727051 -0.498535
vt 2.718750 -0.482910
vt -7.300293 0.835938
vt -7.300293 0.730957
vt -7.300293 0.726074
vt -7.300293 0.904785
vt -7.299805 1.051758
vt -7.299805 1.045898
vt -6.966309 0.781250
vt -6.966309 0.956543
vt -6.994141 0.956543
vt -6.968262 0.781250
vt -6.994141 0.781250
vt -0.363281 0.185547
vt -0.365723 0.200684
vt -0.331543 0.214356
vt -0.293457 0.139160
vt -0.262207 0.230469
vt -1.999023 0.315430
vt -1.994141 0.305176
vt -2.046875 0.305176
vt -2.028320 0.315430
vt -2.048828 0.315430
vt -2.030762 0.325195
vt -2.080078 0.431152
vt -1.958008 0.361328
vt -2.044922 0.394531
vt -1.950684 0.356445
vt -2.037109 0.404785
vt -1.954102 0.371582
vt -1.922852 0.342773
vt -1.976074 0.385254
vt -1.928223 0.331055
vt -2.008301 0.393066
vt -1.915039 0.330566
vt -1.911133 0.315430
vt -1.921875 0.315430
vt -1.919434 0.305176
vt -1.908691 0.305176
vt -2.028809 0.415527
vt -2.002441 0.401367
vt -2.061523 0.426758
vt -0.262207 0.220703
vt -0.251953 0.213379
vt -0.270996 0.193848
vt -0.285156 0.197754
vt -0.278320 0.227539
vt -0.306641 0.176270
vt -0.319336 0.230957
vt -0.326660 0.156250
vt -0.349609 0.133301
vt -0.313477 0.151856
vt -0.301270 0.164063
vt 2.006348 0.414551
vt 2.037109 0.430176
vt 2.055176 0.425781
vt 2.055176 0.348145
vt 1.970703 0.392578
vt 1.929199 0.361816
vt 1.918457 0.346680
vt -0.281250 -0.482910
vt -0.282227 -0.499512
vt -0.233887 -0.482910
vt -0.233887 -0.499512
vt 1.720215 1.999023
vt 1.635254 1.999023
vt 3.212402 0.450684
vt 3.212402 0.496582
vt 3.268555 0.496582
vt 3.268555 0.450684
vt 3.328613 0.496582
vt 3.328613 0.450684
vt 3.387695 0.496582
vt 3.388184 0.450684
vt 3.448730 0.496582
vt 3.448730 0.450684
vt 3.145508 0.496582
vt 3.145508 0.450684
vt 3.113281 0.450684
vt 3.113281 0.497070
vt 3.079102 0.450684
vt 3.079102 0.497070
vt 3.042480 0.450684
vt 3.041992 0.497070
vt 1.919922 1.500977
vt 1.910156 1.517578
vt 2.050781 1.517578
vt 2.050293 1.500977
vt 2.194824 1.517578
vt 2.194824 1.500977
vt 2.340332 1.517578
vt 2.340332 1.500977
vt 2.459961 1.517578
vt 2.454590 1.500977
vt 2.455566 1.500977
vt 2.460938 1.517578
vt 2.340820 1.517578
vt 2.340820 1.500977
vt 2.195313 1.517578
vt 2.195313 1.500977
vt 2.050781 1.500977
vt 1.910645 1.517578
vt 1.920410 1.500977
vt 2.629883 1.500977
vt 2.618164 1.517578
vt 2.695801 1.517578
vt 2.691406 1.500977
vt 2.773438 1.517578
vt 2.776367 1.500977
vt 2.879395 1.517578
vt 2.882324 1.500977
vt 2.881348 1.500977
vt 2.878418 1.517578
vt 2.773926 1.517578
vt 2.776855 1.500977
vt 2.617676 1.517578
vt 2.629395 1.500977
vt -1.615234 -0.036133
vt -1.666992 -0.036133
vt -1.666016 -0.000488
vt -1.614258 -0.000488
vt -1.538574 -0.036133
vt -1.532227 -0.000488
vt -1.498535 -0.036133
vt -1.498047 -0.000488
vt -1.482910 -0.000488
vt -1.484863 -0.036133
vt -1.432617 -0.000488
vt -1.430664 -0.036133
vt -1.375000 -0.000488
vt -1.370605 -0.036133
vt -1.312988 -0.000488
vt -1.307617 -0.036133
vt -1.256348 -0.000488
vt -1.259277 -0.036133
vt -1.241699 -0.036133
vt -1.236816 -0.000488
vt -1.185547 -0.036133
vt -1.176270 -0.000488
vt -1.170898 -0.036133
vt -1.161621 -0.000488
vt -1.138672 -0.036133
vt -1.157715 -0.000488
vt -1.126465 -0.000488
vt -1.083496 -0.036133
vt -1.079590 -0.000488
vt -1.048828 -0.036133
vt -1.047363 -0.000488
vt -1.502930 -0.499023
vt -1.502930 -0.482422
vt -1.448242 -0.482422
vt -1.448242 -0.499023
vt -1.343750 -0.482422
vt -1.343750 -0.499023
vt -1.228027 -0.482422
vt -1.228027 -0.499023
vt -1.217285 -0.499023
vt -1.217285 -0.482422
vt -1.144043 -0.482422
vt -1.144043 -0.499023
vt -1.132324 -0.499023
vt -1.132324 -0.482422
vt -1.045898 -0.499023
vt -1.045898 -0.482422
vt -0.976563 -0.499023
vt -0.976563 -0.482422
vt -0.910645 -0.499023
vt -0.910645 -0.482422
vt -0.840820 -0.499023
vt -0.840820 -0.482422
vt -0.745606 -0.499023
vt -0.745606 -0.482422
vt -0.696289 -0.482422
vt -0.696289 -0.499023
vt -1.743652 1.008789
vt -1.694336 1.036621
vt -1.694336 1.009277
vt -1.623535 1.062012
vt -1.623535 1.009766
vt -1.514160 1.009766
vt -1.514160 1.074707
vt -1.496094 1.074707
vt -1.496094 1.033691
vt -1.496094 1.010254
vt -1.445801 1.034668
vt -1.445801 1.010742
vt -1.207520 1.011719
vt -1.207520 1.035645
vt -1.166992 1.036133
vt -1.166992 1.011719
vt -1.033691 1.012695
vt -1.122070 1.078613
vt -1.036133 1.078613
vt -1.032715 1.067383
vt -1.006348 1.067383
vt -1.006348 1.012695
vt -1.002930 1.078613
vt -0.969727 1.042969
vt -0.983398 1.079102
vt -0.877441 1.012695
vt -0.903320 1.042969
vt -0.502930 -0.746582
vt -0.544922 -0.746582
vt -0.502930 -0.712402
vt -0.544922 -0.711914
vt -0.805664 0.339356
vt -0.930176 0.338867
vt -0.952148 0.375000
vt -0.857910 0.419434
vt -1.035645 0.375000
vt -1.145996 0.417481
vt -1.197266 0.337402
vt -1.054199 0.338379
vt -0.564453 1.291016
vt -0.588379 1.291016
vt -0.588379 1.234863
vt -0.564453 1.234863
vt -0.507324 1.291016
vt -0.507324 1.234863
vt -0.956543 0.429688
vt -1.000488 0.430176
vt -0.988281 0.497070
vt -0.907227 0.497070
vt -0.907227 0.474609
vt -0.743652 0.497070
vt -0.858398 0.474121
vt -0.743652 0.472656
vt 2.637695 0.517090
vt 2.637695 0.500488
vt 2.978516 0.517090
vt 2.978516 0.500488
vt -1.193359 -0.988281
vt -1.193359 -0.974609
vt -1.191406 -0.981445
vt -1.198242 -0.969727
vt -1.198242 -0.992676
vt -1.204590 -0.968262
vt -1.204590 -0.994629
vt -10.526860 3.958496
vt -10.370610 3.843750
vt -10.209470 3.621094
vt -10.661620 3.959961
vt -10.401860 3.302246
vt -10.065430 3.303711
vt 1.571289 0.610840
vt 1.724121 0.610840
vt 1.724121 0.659668
vt 1.571289 0.659668
vt 1.404297 0.659668
vt 1.404297 0.610840
vt 1.203125 0.610840
vt 1.203125 0.659668
vt 1.129883 0.568359
vt 1.156250 0.568359
vt 1.129883 0.520020
vt 1.165527 0.568359
vt 1.165039 0.539551
vt 1.244629 0.520020
vt 1.244629 0.539063
vt 1.244629 0.568359
vt -0.418457 0.516602
vt -0.418457 0.500488
vt -0.368652 0.500488
vt -0.368652 0.516602
vt 1.414063 1.256836
vt 1.413574 1.227539
vt 1.491211 1.228516
vt 1.491211 1.256836
vt -0.870117 0.109863
vt -0.764160 0.109375
vt -0.759766 0.102539
vt -0.873047 0.104492
vt -0.765137 0.020020
vt -0.760254 0.020508
vt -0.848633 -0.001465
vt -0.566406 -0.001465
vt -0.226074 -0.001465
vt 1.616699 -0.431641
vt 1.720703 -0.431641
vt 1.720703 -0.469238
vt 1.616699 -0.469238
vt -1.186523 1.998535
vt -1.186035 1.963867
vt 1.573242 0.474609
vt 1.573242 0.368164
vt 1.830566 0.371582
vt 1.830566 0.474609
vt -0.885742 0.500977
vt -0.885742 0.517578
vt -0.129395 1.999023
vt -0.128906 1.963379
vt 1.838867 0.660645
vt 1.835938 0.679688
vt 1.805664 0.679688
vt 1.800293 0.660645
vt 1.758789 0.659668
vt 1.758789 0.636231
vt 1.851563 0.636231
vt 1.851563 0.646484
vt 1.874023 0.660645
vt 1.874023 0.646484
vt 1.973633 0.668457
vt 2.073242 0.679199
vt 2.084473 0.645508
vt 1.874023 0.636231
vt 2.084473 0.684082
vt 2.098145 0.749023
vt 2.084473 0.704590
vt 2.097656 0.674805
vt 2.144043 0.648438
vt 2.084473 0.762695
vt 2.144043 0.674805
vt 2.144043 0.749023
vt 2.233398 0.654297
vt 2.144043 0.762695
vt 2.233398 0.674805
vt 2.320801 0.660645
vt 2.321289 0.674316
vt 2.344238 0.663086
vt 2.345215 0.674316
vt 2.372070 0.666016
vt 2.372070 0.762695
vt 2.345215 0.762695
vt -0.677734 -0.276367
vt -0.675293 -0.176758
vt -0.741211 -0.177246
vt -0.741211 -0.276856
vt -0.837402 0.897949
vt -0.768555 0.897949
vt -0.770508 0.892090
vt -0.837402 0.892090
vt 1.041504 1.999023
vt 1.041016 1.963379
vt -7.741211 0.899414
vt -8.425781 0.899414
vt -8.252441 1.899414
vt -7.741211 1.899414
vt 2.617676 -0.198731
vt 2.617676 -0.165527
vt 2.634277 -0.168457
vt 2.634277 -0.200684
vt 2.790527 -0.215332
vt 2.735840 -0.175781
vt 2.790527 -0.071289
vt 2.734863 -0.071289
vt 2.946289 -0.071289
vt 2.946289 -0.225586
vt 3.000488 -0.142578
vt 3.000488 -0.226074
vt 2.947266 -0.071289
vt 3.000488 -0.071289
vt 3.041504 -0.120117
vt 3.041992 -0.071289
vt -0.684082 0.061523
vt -0.709473 0.061523
vt -0.713867 0.072754
vt -0.684082 0.072754
vt -0.683594 0.107910
vt -0.713379 0.107422
vt 2.146484 0.895020
vt 2.133789 0.935547
vt 2.062500 0.936035
vt 2.033691 0.895020
vt 2.032227 0.858398
vt 2.191406 0.885742
vt 2.210938 0.867188
vt 2.211914 0.858398
vt 2.210938 0.868652
vt 2.211914 0.859375
vt 2.031738 0.860352
vt 2.191406 0.886719
vt 2.146484 0.895996
vt 2.033691 0.895996
vt 2.062500 0.937012
vt 2.133789 0.936523
vt 3.199707 0.550293
vt 3.199707 0.579590
vt 3.217773 0.579590
vt 3.217773 0.550293
vt 3.217773 0.520508
vt 3.199707 0.520508
vt 3.243652 0.579590
vt 3.269043 0.579590
vt 3.269043 0.550293
vt 3.243652 0.550293
vt 3.243652 0.520508
vt 3.269043 0.520508
vt 1.181152 -0.482422
vt 1.248047 -0.482422
vt 1.248047 -0.499023
vt 1.181152 -0.499023
vt 1.113770 -0.499023
vt 1.113770 -0.482422
vt 4.037109 0.611816
vt 4.037109 0.596680
vt 4.019043 0.596680
vt 4.019043 0.611816
vt 4.037109 0.649902
vt 4.062988 0.612305
vt 4.088379 0.597168
vt 4.062988 0.597168
vt 4.063477 0.649902
vt 4.088379 0.649902
vt 4.019043 0.649902
vt 3.999023 0.612305
vt 3.989258 0.620606
vt 3.983398 0.631348
vt 3.981445 0.649902
vt -3.609863 -0.718262
vt -3.609863 -0.784180
vt -3.696289 -0.784180
vt -3.696289 -0.718262
vt -0.608887 0.288086
vt -0.694336 0.288086
vt -0.694336 0.252441
vt -0.608887 0.252441
vt 0.782227 -0.499023
vt 0.782227 -0.482910
vt -0.271973 -0.482910
vt -0.271973 -0.499023
vt -0.559570 1.517090
vt -0.543945 1.500977
vt -0.633789 1.500977
vt -0.633789 1.517090
vt -0.709473 1.517090
vt -0.725586 1.500977
vt -0.724609 1.500977
vt -0.702637 1.517090
vt -0.542969 1.500977
vt -0.564941 1.517090
vt 2.043945 0.793457
vt 1.958008 0.793457
vt 1.947266 0.810547
vt 1.912109 0.844238
vt 2.043945 0.815430
vt 2.131836 0.793457
vt 2.043945 0.844727
vt 2.131836 0.815430
vt 2.044434 0.868652
vt 1.910645 0.868652
vt 2.132324 0.844727
vt 2.132324 0.868164
vt 2.312500 0.868164
vt 2.312012 0.845215
vt 2.308105 0.793457
vt 2.296875 0.754883
vt 2.194336 0.754883
vt 2.131836 0.754883
vt 2.284668 0.718750
vt 2.131836 0.719238
vt 2.194824 0.719238
vt 2.264648 0.684082
vt 2.131836 0.684082
vt 2.195313 0.684082
vt 2.228516 0.648438
vt 2.131836 0.648926
vt 2.195801 0.648438
vt 2.228516 0.640625
vt 2.168945 0.640137
vt 2.131836 0.610840
vt 2.131836 0.591309
vt 2.043945 0.610352
vt 2.168945 0.599609
vt 2.043945 0.648926
vt 2.228516 0.591309
vt 2.228516 0.599121
vt 2.131836 0.570313
vt 2.290527 0.570313
vt 2.131836 0.546387
vt 2.342285 0.546387
vt 2.131836 0.533691
vt 2.366211 0.533203
vt 2.043945 0.546387
vt 2.043945 0.533691
vt 1.986328 0.533691
vt 1.986328 0.546875
vt 2.043945 0.570801
vt 1.986328 0.570801
vt 2.043945 0.591309
vt 1.985352 0.591309
vt 1.984863 0.601074
vt 2.031250 0.601074
vt 2.031250 0.637207
vt 1.982910 0.649414
vt 1.983398 0.637207
vt 2.043945 0.684082
vt 1.979492 0.684082
vt 2.043945 0.719727
vt 1.975098 0.719727
vt 2.043945 0.754883
vt 1.968262 0.754395
vt 1.960449 0.784180
vt 2.007324 0.783691
vt 2.006836 0.766602
vt 2.043945 0.765625
vt -0.146484 0.517578
vt -0.143066 0.500488
vt -0.364746 0.500488
vt -0.364746 0.517578
vt -2.333496 1.123535
vt -2.264160 1.123535
vt -2.264160 1.004395
vt -2.333008 1.004395
vt -0.160156 -0.499023
vt -0.372070 -0.499512
vt -0.368652 -0.482910
vt -0.160156 -0.482422
vt -0.511719 0.219238
vt -0.524414 0.219238
vt -0.524414 0.290527
vt -0.511719 0.290527
vt -1.856445 1.123535
vt -1.798340 1.125000
vt -1.799316 1.059570
vt -1.856934 1.060547
vt -1.945313 1.061035
vt -1.945313 1.123535
vt -1.959961 1.123535
vt -1.945313 1.004395
vt -1.959961 1.083984
vt -1.959961 1.004395
vt 1.306152 1.029785
vt 1.193359 1.029785
vt 1.193359 1.104492
vt 1.306152 1.104492
vt -1.127441 0.470215
vt -1.117188 0.497559
vt -1.077148 0.413086
vt -1.174316 0.470703
vt -1.285645 0.470703
vt -1.285156 0.496582
vt -0.435059 0.391602
vt -0.462891 0.391602
vt -0.456543 0.434082
vt -0.435059 0.434570
vt -0.659668 0.450195
vt -0.722656 0.391113
vt -0.671387 0.497070
vt -0.600098 0.450195
vt -0.460449 0.453613
vt -0.460938 0.497559
vt -0.662109 0.496582
vt -0.662109 0.469238
vt -0.715332 0.469238
vt -0.715332 0.496582
vt -0.965820 0.496582
vt -0.806641 0.469238
vt -0.886231 0.469238
vt -0.965820 0.469238
vt -1.008301 0.469238
vt -1.008789 0.496582
vt 3.209473 0.500488
vt 3.209473 0.517090
vt -0.833496 0.963867
vt -0.833984 0.999023
vt -0.205078 0.500488
vt -0.328613 0.500488
vt -0.325684 0.517578
vt -0.205078 0.517578
vt -0.011230 1.998535
vt -0.011719 1.963867
vt -7.168945 1.047363
vt -7.103027 1.047363
vt -7.103516 0.899902
vt -7.168945 0.899902
vt -7.183594 0.997070
vt -7.118164 0.997070
vt -7.119141 0.875000
vt -7.183594 0.875000
vt -1.125488 0.517090
vt -1.125488 0.500488
vt 0.815430 1.999023
vt 0.814941 1.963379
vt -0.665039 0.998535
vt -0.357422 0.998535
vt -0.357422 0.963867
vt -0.665039 0.963867
vt -0.396973 0.026367
vt -0.392578 0.001953
vt -0.483887 0.001953
vt -0.483887 0.026367
vt -6.956055 0.564941
vt -6.956055 0.567383
vt -6.989258 0.564941
vt -6.989258 0.567383
vt 1.534180 0.965332
vt 1.534180 0.999512
vt -0.321777 0.500977
vt -0.329102 0.517578
vt -0.145020 0.517578
vt -0.145020 0.500488
vt 2.040527 1.500977
vt 2.039551 1.517578
vt -0.258301 0.892578
vt -0.229004 0.892578
vt -0.229004 0.840332
vt -0.258301 0.840332
vt 0.215820 1.999023
vt 0.216309 1.963379
vt 1.627441 -1.483398
vt 1.685547 -1.500000
vt 1.594238 -1.500000
vt 1.594238 -1.483398
vt 0.289063 1.284180
vt 0.289063 1.222656
vt -2.287598 0.963867
vt -2.287598 0.999023
vt 1.231934 0.965332
vt 1.176270 0.999512
vt 1.161133 0.981934
vt 1.153809 0.863281
vt 1.222656 0.864258
vt -0.391113 0.854492
vt -0.390625 0.851074
vt -0.400879 0.851074
vt -0.400879 0.877441
vt -0.391113 0.877441
vt -1.824707 0.500488
vt -1.824707 0.503418
vt -1.824707 0.517578
vt -1.855469 0.500488
vt -1.855469 0.517578
vt -1.886719 0.517578
vt -1.886719 0.503418
vt -1.921387 0.517578
vt -1.886719 0.500488
vt -1.921387 0.500488
vt -1.910156 0.500488
vt -1.910156 0.503418
vt -1.910156 0.517578
vt -1.879395 0.500488
vt -1.879395 0.517578
vt -1.848633 0.517578
vt -1.848633 0.503418
vt -1.813965 0.517578
vt -1.848633 0.500488
vt -1.813965 0.500488
vt -2.376465 1.123535
vt -2.360840 1.123535
vt -2.375977 1.084473
vt -2.405762 1.004395
vt -2.404785 1.084473
vt -2.360352 1.004395
vt -0.181641 0.496582
vt -0.164063 0.388184
vt -0.209961 0.387695
vt -0.266602 0.449707
vt -0.319824 0.449707
vt -0.441895 0.449707
vt -0.441895 0.496582
vt -7.346191 0.841797
vt -7.357910 0.841797
vt -7.446289 0.841797
vt -7.362305 0.841797
vt -0.952637 0.748535
vt -0.953613 0.865234
vt -0.912109 0.753906
vt -0.911621 0.814453
vt -0.911621 0.865234
vt -0.854492 0.865723
vt -0.854004 0.813965
vt -0.781250 0.866699
vt -0.780762 0.814453
vt -0.765625 -0.604981
vt -0.758789 -0.608398
vt -0.735840 -0.610352
vt -0.765625 -0.519043
vt -0.735840 -0.519043
vt -0.719238 -0.519043
vt -0.719238 -0.617188
vt -0.736328 -0.652832
vt -0.622070 -0.635742
vt -0.622070 -0.682617
vt -0.588867 -0.635742
vt -0.588867 -0.682617
vt -0.563965 -0.621582
vt -0.553223 -0.659180
vt -0.553223 -0.519043
vt -0.563965 -0.519043
vt -0.229004 0.332520
vt -0.410156 0.332520
vt -0.406250 0.384766
vt -0.229004 0.397949
vt -0.398926 0.397949
vt -0.051758 1.205078
vt -0.029297 1.205078
vt -0.029297 1.220215
vt -0.029297 1.235352
vt -0.051758 1.235352
vt -0.051758 1.220215
vt -0.076172 1.205078
vt -0.076172 1.235352
vt -0.076172 1.220215
vt -0.084473 1.196777
vt -0.084473 1.244141
vt -0.084473 1.220215
vt -0.094238 1.220215
vt -0.094238 1.196777
vt -0.094238 1.244141
vt 1.358887 0.126465
vt 1.358398 0.114258
vt 1.190918 0.126465
vt 1.231934 0.115234
vt 1.190918 0.115234
vt 1.192383 0.097168
vt 1.322266 0.104492
vt 1.344238 0.104981
vt 1.231934 0.104981
vt 1.322266 0.096680
vt 1.231934 0.096680
vt 1.339844 0.096680
vt 1.196777 0.082031
vt 1.338867 0.093262
vt 1.231445 0.082031
vt 1.335938 0.081543
vt 1.201660 0.068848
vt 1.322754 0.081543
vt 1.231445 0.068848
vt 1.322754 0.068359
vt 1.209961 0.055664
vt 1.333496 0.068848
vt 1.231445 0.055176
vt 1.323242 0.055176
vt 1.224121 0.043945
vt 1.332031 0.055176
vt 1.231445 0.043945
vt 1.330566 0.043945
vt 1.224121 0.025391
vt 1.323242 0.043945
vt 1.231445 0.025391
vt 1.330566 0.040039
vt 1.231934 0.019043
vt 1.323242 0.040039
vt 1.199707 0.019043
vt 1.329590 0.028320
vt 1.231934 0.007813
vt 1.322754 0.028320
vt 1.228516 0.007813
vt 1.329102 0.025391
vt 1.178223 0.007813
vt 1.322754 0.025391
vt 1.168457 0.000000
vt 1.322754 0.019531
vt 1.228516 0.001465
vt 1.328613 0.019043
vt 1.328125 0.000000
vt 1.322266 0.008301
vt 1.325195 0.001465
vt 1.325195 0.007813
vt 1.328125 0.007813
vt -1.801758 0.082520
vt -1.811035 0.082520
vt -1.811035 0.098633
vt -1.801758 0.098633
vt -1.811035 0.118164
vt -1.801758 0.118164
vt -0.666504 0.498047
vt -0.587402 0.499023
vt -0.592773 0.417969
vt -0.666504 0.418457
vt -0.595215 0.403809
vt -0.666504 0.403320
vt -0.842285 1.012695
vt -0.835449 1.044922
vt -0.789063 1.044922
vt -0.735840 1.068848
vt -0.744629 1.012695
vt -0.708008 1.092285
vt -0.789551 1.092285
vt -0.708008 1.069336
vt 3.126465 -0.071289
vt 3.126465 -0.227539
vt 3.061523 -0.225586
vt 3.061523 -0.071289
vt 3.126465 -0.228516
vt 3.181152 -0.229004
vt 3.181152 -0.071289
vt 3.198730 -0.206543
vt 3.418945 -0.229004
vt 3.418945 -0.208008
vt 3.418945 -0.071289
vt 3.198730 -0.071289
vt -0.503418 0.004395
vt -0.490234 0.114258
vt -0.473633 0.118164
vt -0.508789 0.041016
vt -0.627930 0.004395
vt -0.508301 0.087891
vt -0.590332 0.040527
vt -0.519531 0.090332
vt -0.622559 0.027344
vt -0.519531 0.104004
vt -0.615234 0.038086
vt -0.538574 0.082031
vt -0.581055 0.052246
vt -0.543457 0.091309
vt -0.586914 0.064453
vt -0.558594 0.069824
vt -0.566895 0.076660
vt 4.318359 0.801758
vt 4.318359 0.831055
vt 4.279785 0.831055
vt 4.279785 0.801758
vt -0.087891 -0.526367
vt -0.087891 -0.541504
vt -0.157715 -0.549316
vt -0.157715 -0.503418
vt -0.087891 -0.511719
vt -0.157227 -0.526367
vt -0.232422 -0.526367
vt -0.232422 -0.549316
vt -0.232422 -0.503418
vt -0.327148 -0.526367
vt -0.327148 -0.549316
vt -0.327148 -0.503418
vt -0.426758 -0.526367
vt -0.426758 -0.549316
vt -0.426758 -0.503906
vt -0.511719 -0.549316
vt -0.511719 -0.503906
vt -0.511719 -0.526367
vt 3.435547 0.565918
vt 3.386230 0.573242
vt 3.436035 0.579590
vt 3.581055 0.565918
vt 3.326172 0.573242
vt 3.581055 0.579590
vt 3.304688 0.579590
vt 3.719727 0.565918
vt 3.304688 0.550293
vt 3.719727 0.579590
vt 3.326172 0.550293
vt 3.828125 0.579590
vt 3.326172 0.527344
vt 3.304688 0.520508
vt 3.436035 0.520508
vt 3.386230 0.527344
vt 3.435547 0.534180
vt 3.581055 0.534180
vt 3.581055 0.520508
vt 3.719727 0.534180
vt 3.719727 0.520508
vt 3.828125 0.520508
vt 3.828125 0.550293
vt 3.719727 0.550293
vt 3.935059 0.521484
vt 3.935059 0.578613
vt 3.935059 0.550293
vt 3.980957 0.521973
vt 3.980957 0.578613
vt 3.980957 0.550293
vt 3.062500 0.519531
vt 3.150391 0.519531
vt 3.150391 0.622559
vt 3.062500 0.601563
vt 3.062500 0.622559
vt 3.003906 0.600586
vt 2.936523 0.581055
vt 2.936523 0.519531
vt 2.936523 0.622559
vt 2.831543 0.580078
vt 3.004395 0.622559
vt 2.831543 0.519531
vt 2.735352 0.519531
vt 2.831543 0.622559
vt 2.735352 0.622559
vt 1.992188 0.621582
vt 1.946777 0.621582
vt 1.946289 0.550781
vt 1.992188 0.541504
vt 2.070801 0.621582
vt 2.070801 0.584473
vt 2.070801 0.531250
vt 2.122559 0.546387
vt 2.109863 0.529785
vt 2.152832 0.527832
vt 2.109375 0.594727
vt 2.152832 0.541992
vt 2.109375 0.621582
vt 2.301270 0.523438
vt 2.264160 0.539551
vt 2.301270 0.621094
vt 2.264160 0.621094
vt 2.382813 0.522949
vt 2.383789 0.621094
vt -0.164063 1.212891
vt -0.163086 1.208984
vt -0.167969 1.204590
vt -0.168945 1.208984
vt -0.161133 1.202637
vt -0.173340 1.204590
vt -0.173828 1.208984
vt -0.167481 1.199219
vt -0.166992 1.193848
vt -0.160156 1.195801
vt -0.159668 1.186523
vt -0.178711 1.205078
vt -0.178711 1.209473
vt -0.172852 1.198730
vt -0.172363 1.193359
vt -0.166992 1.186523
vt -0.166992 1.179688
vt -0.160156 1.177734
vt -0.161133 1.170898
vt -0.172363 1.186523
vt -0.172363 1.180176
vt -0.167481 1.174316
vt -0.167969 1.168945
vt -0.163086 1.164551
vt -0.164063 1.160156
vt -0.168945 1.164063
vt -0.173340 1.168945
vt -0.173828 1.164551
vt -0.172852 1.174805
vt -0.178711 1.168457
vt -0.178711 1.164063
vt -0.178711 1.180176
vt -0.178711 1.174805
vt -0.185059 1.167969
vt -0.185059 1.163574
vt -0.191406 1.164063
vt -0.185059 1.173828
vt -0.190918 1.168457
vt -0.195801 1.164551
vt -0.185059 1.180176
vt -0.190918 1.174805
vt -0.196289 1.168945
vt -0.200684 1.164551
vt -0.197266 1.174805
vt -0.201660 1.168945
vt -0.205566 1.160645
vt -0.207031 1.164551
vt -0.208984 1.170898
vt -0.202637 1.174316
vt -0.202637 1.180176
vt -0.209961 1.178223
vt -0.210449 1.187012
vt -0.197266 1.180176
vt -0.190918 1.180176
vt -0.203125 1.187012
vt -0.197754 1.186523
vt -0.190918 1.187012
vt -0.202637 1.193848
vt -0.209961 1.195801
vt -0.208496 1.202637
vt -0.197266 1.193359
vt -0.202148 1.199219
vt -0.190918 1.193359
vt -0.197266 1.198730
vt -0.201660 1.204590
vt -0.206543 1.208984
vt -0.205566 1.213379
vt -0.200684 1.209473
vt -0.196289 1.204590
vt -0.195801 1.208984
vt -0.190918 1.205078
vt -0.190918 1.209473
vt -0.190918 1.198730
vt -0.185059 1.205566
vt -0.185059 1.209961
vt -0.185059 1.199707
vt -0.178711 1.198730
vt -0.185059 1.193359
vt -0.178711 1.193359
vt -0.185059 1.187012
vt -0.178711 1.186523
vt 1.578613 1.272949
vt 1.578613 1.273926
vt 1.563965 1.273926
vt 1.578613 1.274902
vt 1.563965 1.271973
vt 1.563965 1.275391
vt 1.544922 1.273926
vt 1.544922 1.271973
vt 1.544922 1.275879
vt 1.534180 1.271484
vt 1.534180 1.275879
vt 1.525391 1.270020
vt 1.525391 1.277344
vt 1.525391 1.273926
vt 1.510254 1.270020
vt 1.510254 1.277344
vt 1.509766 1.271973
vt 1.509766 1.275879
vt 1.509766 1.273926
vt 0.673340 1.999023
vt 0.926270 1.999023
vt 0.901367 1.963379
vt 0.920410 1.999023
vt 0.672852 1.963379
vt 0.846680 1.963379
vt 0.593750 1.999023
vt 0.872559 1.999023
vt 0.595215 1.963379
vt 0.661133 1.999023
vt 0.516113 1.999023
vt 0.659668 1.963379
vt 0.537109 1.963379
vt 0.524414 1.999023
vt 0.787109 1.999023
vt 0.788574 1.963379
vt 4.138184 0.649902
vt 4.124023 0.649902
vt 4.139160 0.633301
vt 4.124023 0.597168
vt 4.144531 0.620117
vt 4.255371 0.597168
vt 4.255371 0.619141
vt 4.319824 0.630859
vt 4.400391 0.596680
vt 4.400391 0.631348
vt 4.538574 0.596680
vt 4.538574 0.632324
vt 4.647461 0.596680
vt 4.647949 0.639160
vt 4.753906 0.649902
vt 4.753906 0.608398
vt 4.647949 0.649902
vt 4.800293 0.617188
vt 4.800293 0.649902
vt -1.355957 0.461914
vt -1.324707 0.486816
vt -1.605957 0.486816
vt -1.324707 0.319824
vt -1.575684 0.461914
vt -1.352539 0.319824
vt -1.605469 0.319824
vt -1.574707 0.319824
vt 1.607422 0.963379
vt 1.549316 0.963379
vt 1.549316 0.998535
vt 1.493164 0.963379
vt 1.607422 0.998535
vt 1.493164 0.998535
vt 1.664551 0.963379
vt 1.664551 0.998535
vt 1.721680 0.963379
vt 1.721680 0.998535
vt 1.779785 0.963379
vt 1.779785 0.998535
vt 1.836426 0.963379
vt 1.836426 0.998535
vt -0.662109 0.963867
vt -0.731445 0.963867
vt -0.731445 0.998535
vt -0.797852 0.963867
vt -0.662109 0.998535
vt -0.797363 0.998535
vt -0.593750 0.963867
vt -0.593750 0.998535
vt -0.525391 0.963867
vt -0.525391 0.998535
vt -0.456543 0.963867
vt -0.456543 0.998535
vt -0.389648 0.963867
vt -0.390625 0.998535
vt -0.328125 0.500488
vt -0.394043 0.500488
vt -0.394043 0.517578
vt -0.457520 0.500488
vt -0.328125 0.517578
vt -0.457031 0.517578
vt -0.263184 0.500488
vt -0.263184 0.517578
vt -0.198242 0.500488
vt -0.198242 0.517578
vt -0.131836 0.500488
vt -0.131836 0.517578
vt -0.068359 0.500488
vt -0.068848 0.517578
vt -1.970703 -0.499512
vt -1.979004 -0.499512
vt -1.979004 -0.483398
vt -1.987305 -0.499512
vt -1.970703 -0.483398
vt -1.987305 -0.483398
vt -1.961914 -0.499512
vt -1.961914 -0.483398
vt -1.953613 -0.499512
vt -1.953613 -0.483398
vt -1.944824 -0.499512
vt -1.944824 -0.483398
vt -1.937012 -0.499512
vt -1.937012 -0.483398
vt 4.255371 0.649902
vt 4.400391 0.649902
vt 4.538574 0.649902
vt 0.222656 0.254883
vt 0.232422 0.264160
vt 0.232422 0.132324
vt 0.212891 0.254883
vt 0.222656 0.141602
vt 0.205566 0.264160
vt 0.205566 0.132324
vt 0.212891 0.141602
vt 0.258617 0.255505
vt 0.259105 0.255505
vt 0.259594 0.255505
vt 0.258617 0.255016
vt 0.259105 0.255016
vt 0.259594 0.256481
vt 0.259594 0.256969
vt 0.260082 0.256969
vt 0.260570 0.256969
vt 0.261058 0.256969
vt 0.258129 0.255505
vt 0.257641 0.255505
vt 0.257152 0.255505
vt 0.257152 0.255016
vt 0.257641 0.255016
vt 0.258129 0.255016
vt 0.222599 0.225056
vt 0.222622 0.196850
vt 0.215405 0.196489
vt 0.215382 0.225056
vt 0.222592 0.163716
vt 0.215495 0.163566
vt 0.211319 0.217637
vt 0.214458 0.217306
vt 0.217635 0.171346
vt 0.212686 0.171046
vt 0.216028 0.216555
vt 0.220429 0.216495
vt 0.220429 0.192374
vt 0.216013 0.192434
vt 0.220429 0.171977
vt 0.215990 0.171977
vt 0.211349 0.216675
vt 0.215600 0.216585
vt 0.215562 0.192434
vt 0.211319 0.192524
vt 0.215525 0.171977
vt 0.211327 0.171977
vt 0.219535 0.216766
vt 0.222133 0.209076
vt 0.224822 0.194296
vt 0.217230 0.216946
vt 0.220924 0.171376
vt 0.226699 0.171797
vt 0.223793 0.171977
vt 0.220894 0.171977
vt 0.220932 0.192344
vt 0.223793 0.192314
vt 0.220969 0.216465
vt 0.223793 0.216435
vt 0.213903 0.208535
vt 0.224109 0.208535
vt 0.225978 0.203098
vt 0.225978 0.185525
vt 0.226692 0.194326
vt 0.211319 0.194296
vt 0.212033 0.203098
vt 0.213903 0.180088
vt 0.212033 0.185525
vt 0.224109 0.180088
vt 0.212896 0.203128
vt 0.225032 0.203128
vt 0.226219 0.199763
vt 0.226271 0.188859
vt 0.226699 0.194326
vt 0.211319 0.194326
vt 0.211740 0.199763
vt 0.212979 0.185495
vt 0.211792 0.188859
vt 0.225115 0.185495
vt 0.403320 0.166748
vt 0.403320 0.167664
vt 0.402997 0.167530
vt 0.402673 0.167396
vt 0.402405 0.166748
vt 0.402539 0.166424
vt 0.402673 0.166101
vt 0.403320 0.165832
vt 0.403968 0.166101
vt 0.404102 0.166424
vt 0.404236 0.166748
vt 0.403968 0.167396
vt 0.222768 0.186980
vt 0.221744 0.184506
vt 0.223793 0.189453
vt 0.216797 0.196449
vt 0.221744 0.194400
vt 0.210826 0.186980
vt 0.209801 0.189453
vt 0.216797 0.182457
vt 0.211850 0.194400
vt 0.214323 0.195425
vt 0.211850 0.184506
vt 0.258382 0.260843
vt 0.216549 0.191941
vt 0.402466 0.166601
vt 0.404211 0.166689
vt 0.210267 0.188328
vt 0.210261 0.188341
vt 0.404169 0.166586
vt 0.223281 0.188216
vt 0.223605 0.188999
vt 0.223610 0.189011
s 1
usemtl FED_Shuttle__Hull
f 1071/486/630 1072/487/630 1073/488/630
f 1074/488/631 1075/489/631 1076/486/631
f 1077/490/632 1078/491/632 1079/492/632
f 1080/492/633 1081/493/633 1082/490/633
f 1083/494/630 1084/495/630 1085/496/630
f 1086/496/631 1087/497/631 1088/494/631
f 1089/498/632 1090/499/632 1091/500/632
f 1092/500/633 1093/501/633 1094/498/633
f 1095/502/634 1096/503/634 1097/504/634
f 1098/504/635 1099/505/635 1100/502/635
f 1101/506/636 1102/507/636 1103/508/636
f 1104/508/637 1105/509/637 1106/506/637
f 1107/510/638 1108/511/638 1109/512/638
f 1110/486/639 1111/489/639 1112/488/639
f 1113/488/640 1114/487/640 1115/486/640
f 1116/490/641 1117/493/641 1118/492/641
f 1119/492/642 1120/491/642 1121/490/642
f 1122/494/639 1123/497/639 1124/496/639
f 1125/496/640 1126/495/640 1127/494/640
f 1128/498/643 1129/501/643 1130/500/643
f 1131/500/642 1132/499/642 1133/498/642
f 1134/502/636 1135/505/636 1136/504/636
f 1137/504/644 1138/503/644 1139/502/644
f 1140/506/645 1141/509/645 1142/508/645
f 1143/508/635 1144/507/635 1145/506/635
f 1146/511/646 1147/510/646 1148/512/646
f 1149/513/647 1150/514/648 1151/515/649
f 1152/516/650 1149/513/647 1153/515/651
f 1153/515/651 1154/517/652 1152/516/650
f 1154/517/652 1153/515/651 1155/518/653
f 1155/518/653 1156/519/654 1154/517/652
f 1157/520/655 1152/516/656 1158/521/657
f 1157/520/655 1159/513/658 1152/516/656
f 1160/522/659 1159/513/658 1157/520/655
f 1161/523/660 1160/522/659 1157/520/655
f 1160/522/659 1162/524/661 1159/513/658
f 1161/523/660 1157/520/655 1163/525/662
f 1159/513/658 1162/524/661 1164/526/663
f 1164/526/663 1165/514/664 1159/513/658
f 1165/514/664 1164/526/663 1166/527/665
f 1167/528/666 1165/514/664 1166/527/665
f 1168/529/667 1167/528/666 1166/527/665
f 1169/530/668 1168/529/667 1166/527/665
f 1161/523/660 1163/525/662 1170/531/669
f 1171/532/670 1168/529/667 1169/530/668
f 1169/530/668 1172/533/663 1171/532/670
f 1171/532/670 1172/533/663 1170/531/669
f 1173/534/671 1168/529/667 1171/532/670
f 1163/525/662 1174/535/672 1170/531/669
f 1170/531/669 1174/535/672 1171/532/670
f 1175/536/673 1174/535/672 1163/525/662
f 1163/525/662 1176/537/674 1175/536/673
f 1177/538/675 1171/532/670 1174/535/672
f 1174/535/672 1175/536/673 1177/538/675
f 1171/532/670 1177/538/675 1173/534/671
f 1178/539/676 1175/536/673 1176/537/674
f 1176/537/674 1179/540/677 1178/539/676
f 1178/539/676 1179/540/677 1180/541/678
f 1181/542/679 1177/538/675 1175/536/673
f 1173/534/671 1177/538/675 1181/542/679
f 1175/536/673 1178/539/676 1181/542/679
f 1181/542/679 1182/543/680 1173/534/671
f 1180/541/678 1183/544/681 1178/539/676
f 1181/542/679 1178/539/676 1183/544/681
f 1184/545/682 1183/544/681 1180/541/678
f 1185/546/683 1183/544/681 1184/545/682
f 1185/546/683 1186/547/684 1183/544/681
f 1182/543/680 1181/542/679 1187/548/685
f 1183/544/681 1187/548/685 1181/542/679
f 1186/547/684 1187/548/685 1183/544/681
f 1187/548/685 1188/549/686 1182/543/680
f 1188/549/686 1187/548/685 1186/547/684
f 1189/515/687 1190/514/688 1191/513/689
f 1192/515/690 1191/513/689 1193/516/691
f 1193/516/691 1194/517/692 1192/515/690
f 1195/518/693 1192/515/690 1194/517/692
f 1194/517/692 1196/519/694 1195/518/693
f 1193/516/695 1197/520/696 1198/521/697
f 1193/516/695 1199/513/698 1197/520/696
f 1197/520/696 1199/513/698 1200/522/699
f 1199/513/698 1201/524/700 1200/522/699
f 1197/520/696 1200/522/699 1202/523/701
f 1203/526/702 1201/524/700 1199/513/698
f 1204/525/703 1197/520/696 1202/523/701
f 1199/513/698 1205/514/704 1203/526/702
f 1203/526/702 1205/514/704 1206/527/705
f 1205/514/704 1207/528/706 1206/527/705
f 1207/528/706 1208/529/707 1206/527/705
f 1208/529/707 1209/530/708 1206/527/705
f 1204/525/703 1202/523/701 1210/531/709
f 1209/530/708 1208/529/707 1211/532/710
f 1211/532/710 1212/533/702 1209/530/708
f 1210/531/709 1212/533/702 1211/532/710
f 1211/532/710 1208/529/707 1213/534/711
f 1214/535/712 1204/525/703 1210/531/709
f 1211/532/710 1214/535/712 1210/531/709
f 1213/534/711 1215/538/713 1211/532/710
f 1214/535/712 1211/532/710 1215/538/713
f 1204/525/703 1214/535/712 1216/536/714
f 1215/538/713 1216/536/714 1214/535/712
f 1216/536/714 1217/537/715 1204/525/703
f 1218/542/716 1215/538/713 1213/534/711
f 1216/536/714 1215/538/713 1218/542/716
f 1213/534/711 1219/543/717 1218/542/716
f 1217/537/715 1216/536/714 1220/539/718
f 1218/542/716 1220/539/718 1216/536/714
f 1220/539/718 1221/540/719 1217/537/715
f 1222/541/720 1221/540/719 1220/539/718
f 1223/548/721 1218/542/716 1219/543/717
f 1219/543/717 1224/549/722 1223/548/721
f 1223/548/721 1224/549/722 1225/547/723
f 1226/544/724 1220/539/718 1218/542/716
f 1218/542/716 1223/548/721 1226/544/724
f 1220/539/718 1226/544/724 1222/541/720
f 1226/544/724 1223/548/721 1225/547/723
f 1226/544/724 1227/545/725 1222/541/720
f 1226/544/724 1225/547/723 1228/546/726
f 1226/544/724 1228/546/726 1227/545/725
f 1229/550/727 1230/551/728 1231/552/728
f 1231/552/728 1232/553/729 1229/550/727
f 1233/554/730 1234/550/731 1235/553/732
f 1235/553/732 1236/555/733 1233/554/730
f 1237/556/734 1238/557/735 1239/558/735
f 1239/558/735 1240/559/734 1237/556/734
f 1241/557/736 1242/560/737 1243/561/738
f 1243/561/738 1244/558/739 1241/557/736
f 1245/562/740 1246/563/740 1247/564/740
f 1247/564/740 1248/565/740 1245/562/740
f 1249/566/741 1250/567/742 1251/568/741
f 1251/568/741 1252/569/741 1249/566/741
f 1253/570/743 1254/571/744 1255/572/744
f 1255/572/744 1256/573/745 1253/570/743
f 1257/574/746 1258/570/747 1259/573/748
f 1259/573/748 1260/575/746 1257/574/746
f 1261/576/749 1262/577/750 1263/578/750
f 1263/578/750 1264/579/751 1261/576/749
f 1265/580/741 1266/576/752 1267/579/753
f 1267/579/753 1268/581/741 1265/580/741
f 1269/582/754 1270/583/755 1271/584/756
f 1271/584/756 1272/585/754 1269/582/754
f 1273/577/757 1274/582/758 1275/585/759
f 1275/585/759 1276/578/757 1273/577/757
f 1277/586/760 1278/587/761 1279/588/761
f 1279/588/761 1280/589/761 1277/586/760
f 1281/590/762 1282/591/763 1283/592/764
f 1283/592/764 1284/593/765 1281/590/762
f 1285/594/766 1286/595/766 1287/596/766
f 1287/596/766 1288/597/767 1285/594/766
f 1289/598/768 1290/594/768 1291/597/768
f 1291/597/768 1292/599/769 1289/598/768
f 1293/600/770 1294/598/771 1295/599/771
f 1295/599/771 1296/601/772 1293/600/770
f 1297/602/773 1298/600/773 1299/601/773
f 1299/601/773 1300/603/773 1297/602/773
f 1301/604/774 1302/602/774 1303/603/774
f 1303/603/774 1304/605/775 1301/604/774
f 1305/606/776 1306/607/777 1307/608/776
f 1307/608/776 1308/609/778 1305/606/776
f 1309/610/779 1310/606/779 1311/609/779
f 1311/609/779 1312/611/780 1309/610/779
f 1313/595/781 1314/610/782 1315/611/782
f 1315/611/782 1316/596/783 1313/595/781
f 1317/612/784 1318/613/785 1319/614/786
f 1319/614/786 1320/615/787 1317/612/784
f 1321/616/788 1322/617/788 1323/618/788
f 1323/618/788 1324/619/788 1321/616/788
f 1325/620/789 1326/621/789 1327/622/790
f 1327/622/790 1328/623/791 1325/620/789
f 1329/624/792 1330/625/792 1331/626/792
f 1331/626/792 1332/627/792 1329/624/792
f 1333/628/793 1334/629/793 1335/630/793
f 1335/630/793 1336/631/793 1333/628/793
f 1337/632/794 1338/633/794 1339/634/794
f 1339/634/794 1340/635/794 1337/632/794
f 1341/636/795 1342/637/795 1343/633/796
f 1343/633/796 1344/632/797 1341/636/795
f 1345/629/798 1346/628/798 1347/635/798
f 1347/635/798 1348/634/799 1345/629/798
f 1349/638/800 1350/639/800 1351/640/800
f 1351/640/800 1352/641/800 1349/638/800
f 1353/642/801 1354/643/802 1355/644/803
f 1355/644/803 1356/645/804 1353/642/801
f 1357/646/805 1358/647/805 1359/648/805
f 1359/648/805 1360/649/805 1357/646/805
f 1361/650/806 1362/651/806 1363/652/806
f 1363/652/806 1364/653/807 1361/650/806
f 1365/654/792 1366/655/792 1367/656/792
f 1367/656/792 1368/657/792 1365/654/792
f 1369/654/792 1370/655/792 1371/656/792
f 1371/656/792 1372/657/792 1369/654/792
f 1373/658/651 1374/659/808 1375/660/651
f 1375/660/651 1376/661/808 1373/658/651
f 1377/662/809 1378/663/809 1379/664/810
f 1379/664/810 1380/665/810 1377/662/809
f 1381/666/811 1382/662/811 1383/665/811
f 1383/665/811 1384/667/811 1381/666/811
f 1385/668/812 1386/669/813 1387/670/813
f 1387/670/813 1388/671/814 1385/668/812
f 1389/672/815 1390/673/649 1391/674/816
f 1391/674/816 1392/675/817 1389/672/815
f 1393/676/818 1394/677/818 1395/678/818
f 1395/678/818 1396/679/819 1393/676/818
f 1397/680/820 1398/681/821 1399/671/820
f 1399/671/820 1400/682/651 1397/680/820
f 1401/683/822 1402/684/823 1403/685/824
f 1403/685/824 1404/686/822 1401/683/822
f 1405/687/825 1406/688/825 1407/689/825
f 1407/689/825 1408/690/825 1405/687/825
f 1409/690/826 1410/689/827 1411/691/828
f 1411/691/828 1412/692/829 1409/690/826
f 1413/693/830 1414/694/831 1415/695/832
f 1415/695/832 1416/696/833 1413/693/830
f 1417/697/834 1418/698/834 1419/699/834
f 1419/699/834 1420/700/834 1417/697/834
f 1421/701/835 1422/702/835 1423/699/836
f 1423/699/836 1424/698/837 1421/701/835
f 1425/703/838 1426/704/838 1427/705/838
f 1427/705/838 1428/706/839 1425/703/838
f 1429/707/840 1430/708/840 1431/709/840
f 1431/709/840 1432/710/840 1429/707/840
f 1433/711/841 1434/712/842 1435/713/841
f 1435/713/841 1436/714/841 1433/711/841
f 1437/715/843 1438/716/843 1439/717/843
f 1439/717/843 1440/718/844 1437/715/843
f 1441/719/845 1442/720/845 1443/491/845
f 1443/491/845 1444/490/845 1441/719/845
f 1445/493/846 1446/492/846 1447/487/846
f 1447/487/846 1448/486/847 1445/493/846
f 1449/721/848 1450/722/848 1451/723/848
f 1451/723/848 1452/724/848 1449/721/848
f 1453/725/849 1454/726/850 1455/727/851
f 1455/727/851 1456/728/849 1453/725/849
f 1457/729/852 1458/730/852 1459/726/852
f 1459/726/852 1460/725/853 1457/729/852
f 1461/731/854 1462/732/854 1463/730/854
f 1463/730/854 1464/729/854 1461/731/854
f 1465/733/855 1466/734/855 1467/732/855
f 1467/732/855 1468/731/856 1465/733/855
f 1469/735/857 1470/736/857 1471/737/857
f 1471/737/857 1472/738/857 1469/735/857
f 1473/739/858 1474/740/858 1475/741/858
f 1475/741/858 1476/742/858 1473/739/858
f 1477/743/859 1478/744/859 1479/740/860
f 1479/740/860 1480/739/861 1477/743/859
f 1481/745/862 1482/746/862 1483/747/862
f 1483/747/862 1484/748/862 1481/745/862
f 1485/742/863 1486/741/863 1487/746/863
f 1487/746/863 1488/745/864 1485/742/863
f 1489/715/843 1490/716/844 1491/717/843
f 1491/717/843 1492/718/844 1489/715/843
f 1493/749/845 1494/750/845 1495/499/845
f 1495/499/845 1496/498/845 1493/749/845
f 1497/501/846 1498/500/846 1499/495/846
f 1499/495/846 1500/494/865 1497/501/846
f 1501/751/866 1502/752/867 1503/753/868
f 1503/753/868 1504/754/869 1501/751/866
f 1505/755/870 1506/756/870 1507/757/870
f 1507/757/870 1508/758/870 1505/755/870
f 1509/759/871 1510/760/872 1511/761/872
f 1511/761/872 1512/762/873 1509/759/871
f 1513/761/811 1514/763/811 1515/764/811
f 1515/764/811 1516/760/811 1513/761/811
f 1517/765/874 1518/766/874 1519/767/874
f 1519/767/874 1520/768/874 1517/765/874
f 1521/769/875 1522/770/875 1523/771/875
f 1523/771/875 1524/772/876 1521/769/875
f 1525/773/877 1526/774/878 1527/775/877
f 1527/775/877 1528/776/877 1525/773/877
f 1529/777/879 1530/773/879 1531/776/879
f 1531/776/879 1532/778/880 1529/777/879
f 1533/766/881 1534/777/881 1535/778/881
f 1535/778/881 1536/767/881 1533/766/881
f 1537/779/882 1538/780/883 1539/781/882
f 1539/781/882 1540/782/884 1537/779/882
f 1541/783/885 1542/784/885 1543/785/886
f 1543/785/886 1544/786/886 1541/783/885
f 1545/787/887 1546/788/888 1547/789/889
f 1547/789/889 1548/790/890 1545/787/887
f 1549/791/891 1550/792/892 1551/793/893
f 1551/793/893 1552/794/894 1549/791/891
f 1553/795/895 1554/796/895 1555/797/890
f 1555/797/890 1556/798/890 1553/795/895
f 1557/787/896 1558/790/897 1559/789/898
f 1559/789/898 1560/788/899 1557/787/896
f 1561/799/900 1562/800/901 1563/801/902
f 1563/801/902 1564/802/903 1561/799/900
f 1565/795/904 1566/798/897 1567/797/897
f 1567/797/897 1568/796/904 1565/795/904
f 1569/803/905 1570/804/905 1571/805/905
f 1571/805/905 1572/806/905 1569/803/905
f 1573/807/906 1574/808/906 1575/809/906
f 1575/809/906 1576/810/906 1573/807/906
f 1577/811/907 1578/812/907 1579/808/907
f 1579/808/907 1580/807/908 1577/811/907
f 1581/813/909 1582/814/910 1583/815/910
f 1583/815/910 1584/816/911 1581/813/909
f 1585/817/912 1586/818/912 1587/814/913
f 1587/814/913 1588/813/914 1585/817/912
f 1589/819/915 1590/820/915 1591/821/915
f 1591/821/915 1592/822/916 1589/819/915
f 1593/810/917 1594/809/917 1595/823/918
f 1595/823/918 1596/824/919 1593/810/917
f 1597/787/920 1598/790/921 1599/789/922
f 1599/789/922 1600/788/923 1597/787/920
f 1601/825/924 1602/826/925 1603/827/926
f 1603/827/926 1604/828/927 1601/825/924
f 1605/795/928 1606/798/929 1607/797/929
f 1607/797/929 1608/796/928 1605/795/928
f 1609/787/930 1610/788/931 1611/789/932
f 1611/789/932 1612/790/933 1609/787/930
f 1613/829/934 1614/830/935 1615/831/936
f 1615/831/936 1616/832/937 1613/829/934
f 1617/795/938 1618/796/938 1619/797/939
f 1619/797/939 1620/798/939 1617/795/938
f 1621/507/940 1622/833/940 1623/834/940
f 1623/834/940 1624/508/940 1621/507/940
f 1625/835/941 1626/836/941 1627/837/941
f 1627/837/941 1628/838/941 1625/835/941
f 1629/839/942 1630/835/943 1631/838/944
f 1631/838/944 1632/840/945 1629/839/942
f 1633/841/946 1634/842/946 1635/843/947
f 1635/843/947 1636/844/948 1633/841/946
f 1637/845/949 1638/846/950 1639/847/950
f 1639/847/950 1640/848/951 1637/845/949
f 1641/849/952 1642/845/952 1643/848/953
f 1643/848/953 1644/850/954 1641/849/952
f 1645/836/955 1646/851/955 1647/852/955
f 1647/852/955 1648/837/956 1645/836/955
f 1649/853/957 1650/854/957 1651/855/957
f 1651/855/957 1652/856/957 1649/853/957
f 1653/855/891 1654/856/891 1655/853/891
f 1655/853/891 1656/854/958 1653/855/891
f 1657/857/959 1658/858/959 1659/859/960
f 1659/859/960 1660/860/959 1657/857/959
f 1661/861/961 1662/862/962 1663/863/963
f 1663/863/963 1664/864/964 1661/861/961
f 1665/865/965 1666/862/966 1667/863/967
f 1667/863/967 1668/866/968 1665/865/965
f 1669/867/969 1670/868/970 1671/869/971
f 1671/869/971 1672/870/972 1669/867/969
f 1673/871/973 1674/872/973 1675/873/974
f 1675/873/974 1676/874/975 1673/871/973
f 1677/861/976 1678/862/977 1679/863/978
f 1679/863/978 1680/864/978 1677/861/976
f 1681/875/979 1682/876/979 1683/877/979
f 1683/877/979 1684/878/980 1681/875/979
f 1685/861/981 1686/862/981 1687/863/941
f 1687/863/941 1688/864/941 1685/861/981
f 1689/879/982 1690/880/983 1691/881/984
f 1691/881/984 1692/882/985 1689/879/982
f 1693/883/792 1694/884/986 1695/885/792
f 1695/885/792 1696/886/987 1693/883/792
f 1697/887/988 1698/888/988 1699/889/988
f 1699/889/988 1700/890/811 1697/887/988
f 1701/891/848 1702/892/848 1703/893/848
f 1703/893/848 1704/894/989 1701/891/848
f 1705/895/990 1706/896/991 1707/897/992
f 1707/897/992 1708/898/990 1705/895/990
f 1709/899/993 1710/900/993 1711/901/993
f 1711/901/993 1712/902/994 1709/899/993
f 1713/903/995 1714/904/996 1715/905/996
f 1715/905/996 1716/906/997 1713/903/995
f 1717/897/689 1718/896/689 1719/896/689
f 1719/896/689 1720/897/689 1717/897/689
f 1721/907/997 1722/908/997 1723/909/997
f 1723/909/997 1724/910/997 1721/907/997
f 1725/911/998 1726/912/999 1727/913/999
f 1727/913/999 1728/914/998 1725/911/998
f 1729/914/1000 1730/913/1000 1731/915/1001
f 1731/915/1001 1732/916/1001 1729/914/1000
f 1733/916/1002 1734/915/1002 1735/917/1002
f 1735/917/1002 1736/918/1003 1733/916/1002
f 1737/919/1004 1738/920/1004 1739/921/1004
f 1739/921/1004 1740/922/1005 1737/919/1004
f 1741/922/1006 1742/921/1006 1743/912/1007
f 1743/912/1007 1744/911/1008 1741/922/1006
f 1745/923/1009 1746/924/1009 1747/925/1009
f 1747/925/1009 1748/926/1010 1745/923/1009
f 1749/927/1011 1750/928/1011 1751/929/1011
f 1751/929/1011 1752/930/1012 1749/927/1011
f 1753/930/1013 1754/929/1014 1755/931/1014
f 1755/931/1014 1756/932/1014 1753/930/1013
f 1757/932/1015 1758/931/1015 1759/933/1015
f 1759/933/1015 1760/934/1016 1757/932/1015
f 1761/934/1017 1762/933/1017 1763/935/1018
f 1763/935/1018 1764/936/1019 1761/934/1017
f 1765/936/1011 1766/935/1011 1767/937/1011
f 1767/937/1011 1768/938/1012 1765/936/1011
f 1769/938/1020 1770/937/1021 1771/939/1021
f 1771/939/1021 1772/940/1021 1769/938/1020
f 1773/940/1015 1774/939/1015 1775/941/1015
f 1775/941/1015 1776/942/1015 1773/940/1015
f 1777/942/1022 1778/941/1022 1779/943/1022
f 1779/943/1022 1780/944/1022 1777/942/1022
f 1781/944/1023 1782/943/1023 1783/945/1023
f 1783/945/1023 1784/946/1024 1781/944/1023
f 1785/946/1025 1786/945/1026 1787/924/1026
f 1787/924/1026 1788/923/1027 1785/946/1025
f 1789/947/1028 1790/948/1028 1791/949/1028
f 1791/949/1028 1792/950/1029 1789/947/1028
f 1793/950/1030 1794/949/1030 1795/951/1031
f 1795/951/1031 1796/952/1031 1793/950/1030
f 1797/953/1032 1798/954/1032 1799/955/1032
f 1799/955/1032 1800/956/1033 1797/953/1032
f 1801/957/1034 1802/958/1035 1803/948/1034
f 1803/948/1034 1804/947/1036 1801/957/1034
f 1805/959/1037 1806/960/1038 1807/961/1037
f 1807/961/1037 1808/962/1037 1805/959/1037
f 1809/963/1039 1810/964/1040 1811/965/1039
f 1811/965/1039 1812/966/1039 1809/963/1039
f 1813/967/1041 1814/968/1042 1815/969/1042
f 1815/969/1042 1816/970/1043 1813/967/1041
f 1817/971/1044 1818/972/1045 1819/968/1045
f 1819/968/1045 1820/967/1045 1817/971/1044
f 1821/966/1046 1822/965/1046 1823/972/1046
f 1823/972/1046 1824/971/1047 1821/966/1046
f 1825/973/993 1826/974/993 1827/975/993
f 1827/975/993 1828/976/993 1825/973/993
f 1829/977/1048 1830/978/1048 1831/979/1048
f 1831/979/1048 1832/980/1048 1829/977/1048
f 1833/981/1049 1834/982/1050 1835/983/1049
f 1835/983/1049 1836/984/1049 1833/981/1049
f 1837/980/1051 1838/979/1052 1839/978/1052
f 1839/978/1052 1840/977/1051 1837/980/1051
f 1841/984/1053 1842/983/1053 1843/982/1053
f 1843/982/1053 1844/981/1054 1841/984/1053
f 1845/985/960 1846/986/959 1847/987/959
f 1847/987/959 1848/988/959 1845/985/960
f 1849/989/997 1850/990/997 1851/991/997
f 1851/991/997 1852/992/997 1849/989/997
f 1853/992/993 1854/991/993 1855/990/993
f 1855/990/993 1856/993/993 1853/992/993
f 1857/994/1055 1858/995/1056 1859/996/1055
f 1859/996/1055 1860/997/1055 1857/994/1055
f 1861/998/1057 1862/999/1057 1863/1000/1057
f 1863/1000/1057 1864/1001/1057 1861/998/1057
f 1865/1002/1058 1866/1003/1058 1867/999/1058
f 1867/999/1058 1868/998/1059 1865/1002/1058
f 1869/1004/1060 1870/1005/1061 1871/1006/1060
f 1871/1006/1060 1872/1007/1062 1869/1004/1060
f 1873/1001/1063 1874/1000/1063 1875/1005/1063
f 1875/1005/1063 1876/1004/1064 1873/1001/1063
f 1877/1008/876 1878/1009/876 1879/1010/876
f 1879/1010/876 1880/1011/876 1877/1008/876
f 1881/1012/1065 1882/1013/1066 1883/1014/1066
f 1883/1014/1066 1884/1015/1065 1881/1012/1065
f 1885/1016/1067 1886/1017/1067 1887/1018/1067
f 1887/1018/1067 1888/1019/1068 1885/1016/1067
f 1889/1020/1069 1890/1021/1069 1891/1013/1069
f 1891/1013/1069 1892/1012/1069 1889/1020/1069
f 1893/1019/1070 1894/1022/1071 1895/1023/1072
f 1895/1023/1072 1896/1016/1073 1893/1019/1070
f 1897/1024/1074 1898/1025/1075 1899/1026/1074
f 1899/1026/1074 1900/1027/1074 1897/1024/1074
f 1901/1028/1076 1902/1029/1077 1903/1030/1078
f 1903/1030/1078 1904/1031/1079 1901/1028/1076
f 1905/1026/811 1906/1027/811 1907/1024/811
f 1907/1024/811 1908/1025/1080 1905/1026/811
f 1909/1026/1081 1910/1027/1082 1911/1024/1082
f 1911/1024/1082 1912/1025/1082 1909/1026/1081
f 1913/1032/1083 1914/1033/1083 1915/1034/1083
f 1915/1034/1083 1916/1035/1083 1913/1032/1083
f 1917/1036/1084 1918/1037/1084 1919/993/1084
f 1919/993/1084 1920/990/1084 1917/1036/1084
f 1921/1038/1085 1922/1039/1085 1923/1037/1085
f 1923/1037/1085 1924/1036/1085 1921/1038/1085
f 1925/1040/1086 1926/1041/1086 1927/1039/1087
f 1927/1039/1087 1928/1038/1087 1925/1040/1086
f 1929/1042/1088 1930/1043/1089 1931/1041/1090
f 1931/1041/1090 1932/1040/1090 1929/1042/1088
f 1933/1044/1091 1934/1045/1091 1935/1043/1092
f 1935/1043/1092 1936/1042/1092 1933/1044/1091
f 1937/990/1093 1938/993/1093 1939/1046/1094
f 1939/1046/1094 1940/1047/1094 1937/990/1093
f 1941/1048/1095 1942/1049/1095 1943/1050/1095
f 1943/1050/1095 1944/1051/1096 1941/1048/1095
f 1945/1052/811 1946/1053/811 1947/1054/811
f 1947/1054/811 1948/1055/811 1945/1052/811
f 1949/1056/1097 1950/1057/1097 1951/1058/1097
f 1951/1058/1097 1952/1059/1097 1949/1056/1097
f 1953/1056/1098 1954/1057/1098 1955/1058/1099
f 1955/1058/1099 1956/1059/1098 1953/1056/1098
f 1957/1056/1100 1958/1057/1100 1959/1058/1100
f 1959/1058/1100 1960/1059/1101 1957/1056/1100
f 1961/1056/1102 1962/1057/1102 1963/1058/1102
f 1963/1058/1102 1964/1059/1102 1961/1056/1102
f 1965/1052/811 1966/1053/811 1967/1054/811
f 1967/1054/811 1968/1055/811 1965/1052/811
f 1969/1056/1097 1970/1057/1097 1971/1058/1097
f 1971/1058/1097 1972/1059/1097 1969/1056/1097
f 1973/1056/1098 1974/1057/1098 1975/1058/1098
f 1975/1058/1098 1976/1059/1098 1973/1056/1098
f 1977/1056/1103 1978/1057/1104 1979/1058/1105
f 1979/1058/1105 1980/1059/1100 1977/1056/1103
f 1981/1056/1102 1982/1057/1102 1983/1058/1102
f 1983/1058/1102 1984/1059/1102 1981/1056/1102
f 1985/961/811 1986/962/811 1987/1060/811
f 1987/1060/811 1988/1061/811 1985/961/811
f 1989/1056/1097 1990/1057/1097 1991/1058/1097
f 1991/1058/1097 1992/1059/1097 1989/1056/1097
f 1993/1056/1098 1994/1057/1098 1995/1058/1098
f 1995/1058/1098 1996/1059/1098 1993/1056/1098
f 1997/1056/1100 1998/1057/1100 1999/1058/1100
f 1999/1058/1100 2000/1059/1100 1997/1056/1100
f 2001/1056/1102 2002/1057/1102 2003/1058/1102
f 2003/1058/1102 2004/1059/1102 2001/1056/1102
f 2005/961/811 2006/962/811 2007/1060/811
f 2007/1060/811 2008/1061/811 2005/961/811
f 2009/1056/1097 2010/1057/1097 2011/1058/1097
f 2011/1058/1097 2012/1059/1097 2009/1056/1097
f 2013/1056/1098 2014/1057/1098 2015/1058/1098
f 2015/1058/1098 2016/1059/1098 2013/1056/1098
f 2017/1056/1106 2018/1057/1100 2019/1058/1100
f 2019/1058/1100 2020/1059/1106 2017/1056/1106
f 2021/1056/1102 2022/1057/1102 2023/1058/1102
f 2023/1058/1102 2024/1059/1102 2021/1056/1102
f 2025/1062/1107 2026/1063/1107 2027/511/1107
f 2027/511/1107 2028/510/1107 2025/1062/1107
f 2029/1064/1108 2030/1065/1108 2031/1066/1109
f 2031/1066/1109 2032/1067/1110 2029/1064/1108
f 2033/1068/1111 2034/1069/1111 2035/1070/1111
f 2035/1070/1111 2036/1071/1111 2033/1068/1111
f 2037/1069/1112 2038/1068/1113 2039/1071/1114
f 2039/1071/1114 2040/1070/1115 2037/1069/1112
f 2041/1068/1116 2042/1069/1117 2043/1070/1118
f 2043/1070/1118 2044/1071/1119 2041/1068/1116
f 2045/1069/1120 2046/1068/1120 2047/1071/1120
f 2047/1071/1120 2048/1070/1120 2045/1069/1120
f 2049/1072/1121 2050/1073/1122 2051/1069/1121
f 2051/1069/1121 2052/1070/1122 2049/1072/1121
f 2053/1074/1123 2054/688/1124 2055/687/1123
f 2055/687/1123 2056/1075/1123 2053/1074/1123
f 2057/1076/1125 2058/1077/1125 2059/1078/1125
f 2059/1078/1125 2060/1079/1126 2057/1076/1125
f 2061/1080/1127 2062/1081/1127 2063/1077/1127
f 2063/1077/1127 2064/1076/1128 2061/1080/1127
f 2065/1082/1129 2066/1083/1130 2067/1081/1130
f 2067/1081/1130 2068/1080/1131 2065/1082/1129
f 2069/1084/1132 2070/1085/1133 2071/1086/1133
f 2071/1086/1133 2072/1087/1134 2069/1084/1132
f 2073/1088/1135 2074/1089/1136 2075/1090/1136
f 2075/1090/1136 2076/1091/1137 2073/1088/1135
f 2077/1092/1138 2078/1093/1139 2079/1089/1138
f 2079/1089/1138 2080/1088/1140 2077/1092/1138
f 2081/1094/1141 2082/1095/1141 2083/1093/1141
f 2083/1093/1141 2084/1092/1142 2081/1094/1141
f 2085/1096/1143 2086/1097/1144 2087/1098/1144
f 2087/1098/1144 2088/1099/1145 2085/1096/1143
f 2089/1072/1146 2090/1070/1146 2091/1069/1147
f 2091/1069/1147 2092/1073/1146 2089/1072/1146
f 2093/1100/1148 2094/1101/1149 2095/1102/1148
f 2095/1102/1148 2096/1103/1148 2093/1100/1148
f 2097/1104/1150 2098/1105/1150 2099/1106/1151
f 2099/1106/1151 2100/1107/1151 2097/1104/1150
f 2101/1108/1152 2102/1109/1152 2103/1110/1152
f 2103/1110/1152 2104/1111/1152 2101/1108/1152
f 2105/550/1153 2106/553/1153 2107/552/1153
f 2107/552/1153 2108/551/1153 2105/550/1153
f 2109/554/1154 2110/555/1155 2111/553/1156
f 2111/553/1156 2112/550/1157 2109/554/1154
f 2113/556/1158 2114/559/1158 2115/558/1159
f 2115/558/1159 2116/557/1159 2113/556/1158
f 2117/557/1160 2118/558/1161 2119/561/1162
f 2119/561/1162 2120/560/1163 2117/557/1160
f 2121/562/1164 2122/565/1164 2123/564/1164
f 2123/564/1164 2124/563/1164 2121/562/1164
f 2125/566/1165 2126/569/1166 2127/568/1167
f 2127/568/1167 2128/567/1168 2125/566/1165
f 2129/570/1169 2130/573/1169 2131/572/1170
f 2131/572/1170 2132/571/1170 2129/570/1169
f 2133/574/1171 2134/575/1171 2135/573/1172
f 2135/573/1172 2136/570/1172 2133/574/1171
f 2137/576/1173 2138/579/1173 2139/578/1174
f 2139/578/1174 2140/577/1174 2137/576/1173
f 2141/580/1165 2142/581/1165 2143/579/1168
f 2143/579/1168 2144/576/1168 2141/580/1165
f 2145/582/1175 2146/585/1176 2147/584/1177
f 2147/584/1177 2148/583/1178 2145/582/1175
f 2149/577/1179 2150/578/1179 2151/585/1180
f 2151/585/1180 2152/582/1180 2149/577/1179
f 2153/586/1181 2154/589/1181 2155/588/1181
f 2155/588/1181 2156/587/1181 2153/586/1181
f 2157/590/1182 2158/593/1183 2159/592/1184
f 2159/592/1184 2160/591/1185 2157/590/1182
f 2161/594/1186 2162/597/1187 2163/596/1188
f 2163/596/1188 2164/595/1189 2161/594/1186
f 2165/598/1190 2166/599/1190 2167/597/1190
f 2167/597/1190 2168/594/1191 2165/598/1190
f 2169/600/1192 2170/601/1192 2171/599/1192
f 2171/599/1192 2172/598/1193 2169/600/1192
f 2173/602/1194 2174/603/1194 2175/601/1195
f 2175/601/1195 2176/600/1194 2173/602/1194
f 2177/604/775 2178/605/775 2179/603/775
f 2179/603/775 2180/602/774 2177/604/775
f 2181/606/1196 2182/609/1197 2183/608/1196
f 2183/608/1196 2184/607/1198 2181/606/1196
f 2185/610/1199 2186/611/1199 2187/609/1199
f 2187/609/1199 2188/606/1200 2185/610/1199
f 2189/595/1201 2190/596/1202 2191/611/1202
f 2191/611/1202 2192/610/1203 2189/595/1201
f 2193/612/1204 2194/615/1205 2195/614/1206
f 2195/614/1206 2196/613/1207 2193/612/1204
f 2197/616/876 2198/619/876 2199/618/876
f 2199/618/876 2200/617/876 2197/616/876
f 2201/620/1208 2202/623/1208 2203/622/1208
f 2203/622/1208 2204/621/1209 2201/620/1208
f 2205/624/792 2206/627/792 2207/626/792
f 2207/626/792 2208/625/792 2205/624/792
f 2209/628/793 2210/631/793 2211/630/793
f 2211/630/793 2212/629/793 2209/628/793
f 2213/632/794 2214/635/794 2215/634/794
f 2215/634/794 2216/633/794 2213/632/794
f 2217/636/1210 2218/632/1210 2219/633/1210
f 2219/633/1210 2220/637/1211 2217/636/1210
f 2221/629/1212 2222/634/1212 2223/635/1212
f 2223/635/1212 2224/628/1212 2221/629/1212
f 2225/638/800 2226/641/800 2227/640/800
f 2227/640/800 2228/639/800 2225/638/800
f 2229/642/1213 2230/645/1213 2231/644/1213
f 2231/644/1213 2232/643/1214 2229/642/1213
f 2233/646/805 2234/649/805 2235/648/805
f 2235/648/805 2236/647/805 2233/646/805
f 2237/650/1215 2238/653/1215 2239/652/1215
f 2239/652/1215 2240/651/1216 2237/650/1215
f 2241/654/792 2242/657/792 2243/656/792
f 2243/656/792 2244/655/792 2241/654/792
f 2245/654/792 2246/657/792 2247/656/792
f 2247/656/792 2248/655/792 2245/654/792
f 2249/658/690 2250/661/1217 2251/660/690
f 2251/660/690 2252/659/690 2249/658/690
f 2253/662/1218 2254/665/1218 2255/664/1218
f 2255/664/1218 2256/663/1218 2253/662/1218
f 2257/666/811 2258/667/811 2259/665/811
f 2259/665/811 2260/662/811 2257/666/811
f 2261/668/1219 2262/671/1219 2263/670/1220
f 2263/670/1220 2264/669/1221 2261/668/1219
f 2265/672/1222 2266/675/1223 2267/674/688
f 2267/674/688 2268/673/687 2265/672/1222
f 2269/676/1224 2270/679/1225 2271/678/1225
f 2271/678/1225 2272/677/1226 2269/676/1224
f 2273/680/690 2274/682/690 2275/671/690
f 2275/671/690 2276/681/1227 2273/680/690
f 2277/683/1228 2278/686/1228 2279/685/1229
f 2279/685/1229 2280/684/1230 2277/683/1228
f 2281/687/1231 2282/690/1231 2283/689/1231
f 2283/689/1231 2284/688/1231 2281/687/1231
f 2285/690/1232 2286/692/1233 2287/691/1234
f 2287/691/1234 2288/689/1235 2285/690/1232
f 2289/693/1236 2290/696/1237 2291/695/1238
f 2291/695/1238 2292/694/1239 2289/693/1236
f 2293/697/1240 2294/700/1240 2295/699/834
f 2295/699/834 2296/698/1241 2293/697/1240
f 2297/701/837 2298/698/837 2299/699/837
f 2299/699/837 2300/702/836 2297/701/837
f 2301/703/838 2302/706/839 2303/705/838
f 2303/705/838 2304/704/838 2301/703/838
f 2305/707/1242 2306/710/1242 2307/709/1242
f 2307/709/1242 2308/708/1242 2305/707/1242
f 2309/711/1243 2310/714/1244 2311/713/1244
f 2311/713/1244 2312/712/1245 2309/711/1243
f 2313/715/843 2314/718/844 2315/717/843
f 2315/717/843 2316/716/843 2313/715/843
f 2317/719/845 2318/490/845 2319/491/845
f 2319/491/845 2320/720/845 2317/719/845
f 2321/493/847 2322/486/865 2323/487/1246
f 2323/487/1246 2324/492/846 2321/493/847
f 2325/721/811 2326/724/1247 2327/723/811
f 2327/723/811 2328/722/811 2325/721/811
f 2329/725/1248 2330/728/1249 2331/727/1248
f 2331/727/1248 2332/726/1248 2329/725/1248
f 2333/729/853 2334/725/853 2335/726/1250
f 2335/726/1250 2336/730/1251 2333/729/853
f 2337/731/1252 2338/729/1252 2339/730/1252
f 2339/730/1252 2340/732/1252 2337/731/1252
f 2341/733/1253 2342/731/1253 2343/732/1254
f 2343/732/1254 2344/734/1255 2341/733/1253
f 2345/735/1256 2346/738/1256 2347/737/1256
f 2347/737/1256 2348/736/1256 2345/735/1256
f 2349/739/1257 2350/742/1257 2351/741/1257
f 2351/741/1257 2352/740/1257 2349/739/1257
f 2353/743/1258 2354/739/1258 2355/740/1258
f 2355/740/1258 2356/744/1259 2353/743/1258
f 2357/745/1260 2358/748/1261 2359/747/1260
f 2359/747/1260 2360/746/1260 2357/745/1260
f 2361/742/1262 2362/745/1262 2363/746/1262
f 2363/746/1262 2364/741/1263 2361/742/1262
f 2365/715/843 2366/718/844 2367/717/843
f 2367/717/843 2368/716/844 2365/715/843
f 2369/749/845 2370/498/845 2371/499/845
f 2371/499/845 2372/750/845 2369/749/845
f 2373/501/847 2374/494/1246 2375/495/1246
f 2375/495/1246 2376/500/846 2373/501/847
f 2377/751/1264 2378/754/1265 2379/753/1266
f 2379/753/1266 2380/752/1267 2377/751/1264
f 2381/755/1268 2382/758/1268 2383/757/1268
f 2383/757/1268 2384/756/1268 2381/755/1268
f 2385/759/1269 2386/762/1270 2387/761/1271
f 2387/761/1271 2388/760/1271 2385/759/1269
f 2389/761/811 2390/760/811 2391/764/811
f 2391/764/811 2392/763/811 2389/761/811
f 2393/765/1272 2394/768/1272 2395/767/1272
f 2395/767/1272 2396/766/1272 2393/765/1272
f 2397/769/1273 2398/772/788 2399/771/1273
f 2399/771/1273 2400/770/1273 2397/769/1273
f 2401/773/1274 2402/776/1274 2403/775/1275
f 2403/775/1275 2404/774/1274 2401/773/1274
f 2405/777/1276 2406/778/1276 2407/776/1276
f 2407/776/1276 2408/773/1276 2405/777/1276
f 2409/766/1277 2410/767/1277 2411/778/1278
f 2411/778/1278 2412/777/1278 2409/766/1277
f 2413/779/1279 2414/782/1280 2415/781/1279
f 2415/781/1279 2416/780/1281 2413/779/1279
f 2417/783/1282 2418/786/1282 2419/785/1282
f 2419/785/1282 2420/784/1282 2417/783/1282
f 2421/787/920 2422/790/921 2423/789/922
f 2423/789/922 2424/788/1283 2421/787/920
f 2425/791/924 2426/794/1284 2427/793/1285
f 2427/793/1285 2428/792/927 2425/791/924
f 2429/795/928 2430/798/929 2431/797/929
f 2431/797/929 2432/796/928 2429/795/928
f 2433/787/930 2434/788/931 2435/789/932
f 2435/789/932 2436/790/933 2433/787/930
f 2437/799/934 2438/802/1286 2439/801/1287
f 2439/801/1287 2440/800/1288 2437/799/934
f 2441/795/938 2442/796/938 2443/797/939
f 2443/797/939 2444/798/939 2441/795/938
f 2445/803/940 2446/806/940 2447/805/940
f 2447/805/940 2448/804/940 2445/803/940
f 2449/807/1289 2450/810/941 2451/809/941
f 2451/809/941 2452/808/941 2449/807/1289
f 2453/811/943 2454/807/944 2455/808/944
f 2455/808/944 2456/812/945 2453/811/943
f 2457/813/946 2458/816/947 2459/815/946
f 2459/815/946 2460/814/948 2457/813/946
f 2461/817/1290 2462/813/949 2463/814/949
f 2463/814/949 2464/818/951 2461/817/1290
f 2465/819/953 2466/822/1291 2467/821/952
f 2467/821/952 2468/820/954 2465/819/953
f 2469/810/1292 2470/824/1293 2471/823/955
f 2471/823/955 2472/809/1294 2469/810/1292
f 2473/787/887 2474/788/888 2475/789/889
f 2475/789/889 2476/790/890 2473/787/887
f 2477/825/891 2478/828/892 2479/827/1295
f 2479/827/1295 2480/826/1296 2477/825/891
f 2481/795/895 2482/796/895 2483/797/890
f 2483/797/890 2484/798/890 2481/795/895
f 2485/787/896 2486/790/897 2487/789/898
f 2487/789/898 2488/788/1297 2485/787/896
f 2489/829/900 2490/832/1298 2491/831/1299
f 2491/831/1299 2492/830/1300 2489/829/900
f 2493/795/904 2494/798/897 2495/797/897
f 2495/797/897 2496/796/904 2493/795/904
f 2497/507/905 2498/508/905 2499/834/905
f 2499/834/905 2500/833/905 2497/507/905
f 2501/835/906 2502/838/906 2503/837/906
f 2503/837/906 2504/836/906 2501/835/906
f 2505/839/907 2506/840/907 2507/838/907
f 2507/838/907 2508/835/908 2505/839/907
f 2509/841/910 2510/844/910 2511/843/910
f 2511/843/910 2512/842/911 2509/841/910
f 2513/845/912 2514/848/912 2515/847/912
f 2515/847/912 2516/846/1301 2513/845/912
f 2517/849/915 2518/850/915 2519/848/915
f 2519/848/915 2520/845/916 2517/849/915
f 2521/836/918 2522/837/918 2523/852/1302
f 2523/852/1302 2524/851/919 2521/836/918
f 2525/853/924 2526/856/924 2527/855/924
f 2527/855/924 2528/854/924 2525/853/924
f 2529/855/1303 2530/854/1304 2531/853/924
f 2531/853/924 2532/856/924 2529/855/1303
f 2533/857/1305 2534/860/1305 2535/859/1305
f 2535/859/1305 2536/858/1306 2533/857/1305
f 2537/861/1307 2538/864/1308 2539/863/1309
f 2539/863/1309 2540/862/1310 2537/861/1307
f 2541/865/1311 2542/866/1312 2543/863/1313
f 2543/863/1313 2544/862/1314 2541/865/1311
f 2545/867/1315 2546/870/1316 2547/869/1317
f 2547/869/1317 2548/868/1318 2545/867/1315
f 2549/871/1319 2550/874/1320 2551/873/1321
f 2551/873/1321 2552/872/1322 2549/871/1319
f 2553/861/1323 2554/864/1324 2555/863/1325
f 2555/863/1325 2556/862/1326 2553/861/1323
f 2557/875/1327 2558/878/1327 2559/877/1327
f 2559/877/1327 2560/876/1328 2557/875/1327
f 2561/861/1329 2562/864/906 2563/863/906
f 2563/863/906 2564/862/1329 2561/861/1329
f 2565/879/1330 2566/882/1330 2567/881/1330
f 2567/881/1330 2568/880/1331 2565/879/1330
f 2569/883/792 2570/886/987 2571/885/792
f 2571/885/792 2572/884/986 2569/883/792
f 2573/887/811 2574/890/1332 2575/889/811
f 2575/889/811 2576/888/1333 2573/887/811
f 2577/891/989 2578/894/989 2579/893/989
f 2579/893/989 2580/892/811 2577/891/989
f 2581/895/1334 2582/898/1334 2583/897/1334
f 2583/897/1334 2584/896/1334 2581/895/1334
f 2585/899/1335 2586/902/1335 2587/901/1335
f 2587/901/1335 2588/900/993 2585/899/1335
f 2589/903/997 2590/906/997 2591/905/997
f 2591/905/997 2592/904/996 2589/903/997
f 2593/897/647 2594/897/647 2595/896/647
f 2595/896/647 2596/896/647 2593/897/647
f 2597/907/997 2598/910/997 2599/909/997
f 2599/909/997 2600/908/997 2597/907/997
f 2601/911/1336 2602/914/1336 2603/913/1336
f 2603/913/1336 2604/912/1337 2601/911/1336
f 2605/914/1338 2606/916/1339 2607/915/1339
f 2607/915/1339 2608/913/1339 2605/914/1338
f 2609/916/1340 2610/918/1341 2611/917/1341
f 2611/917/1341 2612/915/1342 2609/916/1340
f 2613/919/1343 2614/922/1343 2615/921/1343
f 2615/921/1343 2616/920/1344 2613/919/1343
f 2617/922/1345 2618/911/1346 2619/912/1347
f 2619/912/1347 2620/921/1348 2617/922/1345
f 2621/923/1349 2622/926/1349 2623/925/1349
f 2623/925/1349 2624/924/1350 2621/923/1349
f 2625/927/1011 2626/930/1011 2627/929/1012
f 2627/929/1012 2628/928/1011 2625/927/1011
f 2629/930/1351 2630/932/1352 2631/931/1351
f 2631/931/1351 2632/929/1352 2629/930/1351
f 2633/932/1015 2634/934/1015 2635/933/1016
f 2635/933/1016 2636/931/1016 2633/932/1015
f 2637/934/1353 2638/936/1353 2639/935/1353
f 2639/935/1353 2640/933/1353 2637/934/1353
f 2641/936/1011 2642/938/1011 2643/937/1011
f 2643/937/1011 2644/935/1011 2641/936/1011
f 2645/938/1354 2646/940/1354 2647/939/1354
f 2647/939/1354 2648/937/1354 2645/938/1354
f 2649/940/1016 2650/942/1015 2651/941/1015
f 2651/941/1015 2652/939/1015 2649/940/1016
f 2653/942/1355 2654/944/1356 2655/943/1357
f 2655/943/1357 2656/941/1355 2653/942/1355
f 2657/944/1358 2658/946/1358 2659/945/1358
f 2659/945/1358 2660/943/1359 2657/944/1358
f 2661/946/1360 2662/923/1360 2663/924/1360
f 2663/924/1360 2664/945/1361 2661/946/1360
f 2665/947/1362 2666/950/1362 2667/949/1362
f 2667/949/1362 2668/948/1362 2665/947/1362
f 2669/950/1363 2670/952/1364 2671/951/1364
f 2671/951/1364 2672/949/1364 2669/950/1363
f 2673/953/1365 2674/956/1366 2675/955/1367
f 2675/955/1367 2676/954/1368 2673/953/1365
f 2677/957/1369 2678/947/1369 2679/948/1369
f 2679/948/1369 2680/958/1370 2677/957/1369
f 2681/959/1371 2682/962/1371 2683/961/1372
f 2683/961/1372 2684/960/1371 2681/959/1371
f 2685/963/1373 2686/966/1373 2687/965/1373
f 2687/965/1373 2688/964/1373 2685/963/1373
f 2689/967/1374 2690/970/1374 2691/969/1375
f 2691/969/1375 2692/968/1376 2689/967/1374
f 2693/971/1377 2694/967/1377 2695/968/1377
f 2695/968/1377 2696/972/1378 2693/971/1377
f 2697/966/1379 2698/971/1379 2699/972/1379
f 2699/972/1379 2700/965/1380 2697/966/1379
f 2701/973/993 2702/976/993 2703/975/993
f 2703/975/993 2704/974/993 2701/973/993
f 2705/977/1048 2706/980/1048 2707/979/1048
f 2707/979/1048 2708/978/1381 2705/977/1048
f 2709/981/1053 2710/984/1053 2711/983/1053
f 2711/983/1053 2712/982/1053 2709/981/1053
f 2713/980/1052 2714/977/1052 2715/978/1052
f 2715/978/1052 2716/979/1052 2713/980/1052
f 2717/984/1049 2718/981/1049 2719/982/1049
f 2719/982/1049 2720/983/1049 2717/984/1049
f 2721/985/1305 2722/988/1305 2723/987/1305
f 2723/987/1305 2724/986/1305 2721/985/1305
f 2725/989/997 2726/992/997 2727/991/997
f 2727/991/997 2728/990/997 2725/989/997
f 2729/992/993 2730/993/993 2731/990/993
f 2731/990/993 2732/991/993 2729/992/993
f 2733/994/1382 2734/997/1382 2735/996/1382
f 2735/996/1382 2736/995/1382 2733/994/1382
f 2737/998/1383 2738/1001/1384 2739/1000/1383
f 2739/1000/1383 2740/999/1383 2737/998/1383
f 2741/1002/1385 2742/998/1386 2743/999/1386
f 2743/999/1386 2744/1003/1387 2741/1002/1385
f 2745/1004/1388 2746/1007/1388 2747/1006/1388
f 2747/1006/1388 2748/1005/1389 2745/1004/1388
f 2749/1001/1390 2750/1004/1390 2751/1005/1390
f 2751/1005/1390 2752/1000/1391 2749/1001/1390
f 2753/1008/788 2754/1011/1392 2755/1010/788
f 2755/1010/788 2756/1009/788 2753/1008/788
f 2757/1012/1393 2758/1015/1394 2759/1014/1394
f 2759/1014/1394 2760/1013/1394 2757/1012/1393
f 2761/1016/1395 2762/1019/1396 2763/1018/1395
f 2763/1018/1395 2764/1017/1159 2761/1016/1395
f 2765/1020/1397 2766/1012/1397 2767/1013/1397
f 2767/1013/1397 2768/1021/1398 2765/1020/1397
f 2769/1019/1399 2770/1016/1399 2771/1023/1399
f 2771/1023/1399 2772/1022/1400 2769/1019/1399
f 2773/1024/1074 2774/1027/1074 2775/1026/1074
f 2775/1026/1074 2776/1025/1075 2773/1024/1074
f 2777/1028/1401 2778/1031/1402 2779/1030/1403
f 2779/1030/1403 2780/1029/1404 2777/1028/1401
f 2781/1026/811 2782/1025/811 2783/1024/811
f 2783/1024/811 2784/1027/811 2781/1026/811
f 2785/1026/1405 2786/1025/1405 2787/1024/1406
f 2787/1024/1406 2788/1027/1406 2785/1026/1405
f 2789/1032/1407 2790/1035/1408 2791/1034/1407
f 2791/1034/1407 2792/1033/1407 2789/1032/1407
f 2793/1036/1409 2794/990/1409 2795/993/1409
f 2795/993/1409 2796/1037/1409 2793/1036/1409
f 2797/1038/1410 2798/1036/1410 2799/1037/1410
f 2799/1037/1410 2800/1039/1410 2797/1038/1410
f 2801/1040/1411 2802/1038/1412 2803/1039/1412
f 2803/1039/1412 2804/1041/1413 2801/1040/1411
f 2805/1042/1414 2806/1040/1415 2807/1041/1415
f 2807/1041/1415 2808/1043/1416 2805/1042/1414
f 2809/1044/1417 2810/1042/1417 2811/1043/1417
f 2811/1043/1417 2812/1045/1418 2809/1044/1417
f 2813/990/1419 2814/1047/1419 2815/1046/1419
f 2815/1046/1419 2816/993/1419 2813/990/1419
f 2817/1048/1420 2818/1051/1420 2819/1050/1420
f 2819/1050/1420 2820/1049/1421 2817/1048/1420
f 2821/1052/811 2822/1055/811 2823/1054/811
f 2823/1054/811 2824/1053/811 2821/1052/811
f 2825/1056/1097 2826/1059/1097 2827/1058/1097
f 2827/1058/1097 2828/1057/1097 2825/1056/1097
f 2829/1056/1422 2830/1059/1422 2831/1058/1422
f 2831/1058/1422 2832/1057/1422 2829/1056/1422
f 2833/1056/1105 2834/1059/1100 2835/1058/1423
f 2835/1058/1423 2836/1057/1105 2833/1056/1105
f 2837/1056/1424 2838/1059/1425 2839/1058/1425
f 2839/1058/1425 2840/1057/1425 2837/1056/1424
f 2841/1052/811 2842/1055/811 2843/1054/811
f 2843/1054/811 2844/1053/811 2841/1052/811
f 2845/1056/1097 2846/1059/1097 2847/1058/1097
f 2847/1058/1097 2848/1057/1097 2845/1056/1097
f 2849/1056/1422 2850/1059/1422 2851/1058/1422
f 2851/1058/1422 2852/1057/1422 2849/1056/1422
f 2853/1056/1423 2854/1059/1100 2855/1058/1100
f 2855/1058/1100 2856/1057/1100 2853/1056/1423
f 2857/1056/1425 2858/1059/1425 2859/1058/1425
f 2859/1058/1425 2860/1057/1425 2857/1056/1425
f 2861/961/811 2862/1061/811 2863/1060/811
f 2863/1060/811 2864/962/811 2861/961/811
f 2865/1056/1097 2866/1059/1097 2867/1058/1097
f 2867/1058/1097 2868/1057/1097 2865/1056/1097
f 2869/1056/1422 2870/1059/1422 2871/1058/1422
f 2871/1058/1422 2872/1057/1422 2869/1056/1422
f 2873/1056/1100 2874/1059/1100 2875/1058/1100
f 2875/1058/1100 2876/1057/1100 2873/1056/1100
f 2877/1056/1425 2878/1059/1424 2879/1058/1425
f 2879/1058/1425 2880/1057/1425 2877/1056/1425
f 2881/961/811 2882/1061/811 2883/1060/811
f 2883/1060/811 2884/962/811 2881/961/811
f 2885/1056/1097 2886/1059/1097 2887/1058/1097
f 2887/1058/1097 2888/1057/1097 2885/1056/1097
f 2889/1056/1422 2890/1059/1422 2891/1058/1422
f 2891/1058/1422 2892/1057/1422 2889/1056/1422
f 2893/1056/1426 2894/1059/1426 2895/1058/1100
f 2895/1058/1100 2896/1057/1426 2893/1056/1426
f 2897/1056/1425 2898/1059/1425 2899/1058/1425
f 2899/1058/1425 2900/1057/1425 2897/1056/1425
f 2901/1062/1427 2902/510/1427 2903/511/1427
f 2903/511/1427 2904/1063/1427 2901/1062/1427
f 2905/1064/1428 2906/1067/1429 2907/1066/1430
f 2907/1066/1430 2908/1065/1428 2905/1064/1428
f 2909/1068/1431 2910/1071/1431 2911/1070/1432
f 2911/1070/1432 2912/1069/1431 2909/1068/1431
f 2913/1069/1433 2914/1070/1434 2915/1071/1433
f 2915/1071/1433 2916/1068/1434 2913/1069/1433
f 2917/1068/1435 2918/1071/1435 2919/1070/1436
f 2919/1070/1436 2920/1069/1436 2917/1068/1435
f 2921/1069/1437 2922/1070/1437 2923/1071/1438
f 2923/1071/1438 2924/1068/1437 2921/1069/1437
f 2925/1072/1439 2926/1070/1440 2927/1069/1440
f 2927/1069/1440 2928/1073/1440 2925/1072/1439
f 2929/1074/1441 2930/1075/1442 2931/687/1441
f 2931/687/1441 2932/688/1443 2929/1074/1441
f 2933/1076/1444 2934/1079/1445 2935/1078/1445
f 2935/1078/1445 2936/1077/1444 2933/1076/1444
f 2937/1080/1446 2938/1076/1446 2939/1077/1446
f 2939/1077/1446 2940/1081/1447 2937/1080/1446
f 2941/1082/1448 2942/1080/1448 2943/1081/1448
f 2943/1081/1448 2944/1083/1449 2941/1082/1448
f 2945/1084/1450 2946/1087/1450 2947/1086/1450
f 2947/1086/1450 2948/1085/1451 2945/1084/1450
f 2949/1088/1452 2950/1091/1452 2951/1090/1452
f 2951/1090/1452 2952/1089/1453 2949/1088/1452
f 2953/1092/1454 2954/1088/1454 2955/1089/1454
f 2955/1089/1454 2956/1093/1455 2953/1092/1454
f 2957/1094/1456 2958/1092/1456 2959/1093/1456
f 2959/1093/1456 2960/1095/1457 2957/1094/1456
f 2961/1096/1458 2962/1099/1459 2963/1098/1458
f 2963/1098/1458 2964/1097/1460 2961/1096/1458
f 2965/1072/1461 2966/1073/1461 2967/1069/1462
f 2967/1069/1462 2968/1070/1462 2965/1072/1461
f 2969/1100/1463 2970/1103/1464 2971/1102/1463
f 2971/1102/1463 2972/1101/1465 2969/1100/1463
f 2973/1104/1466 2974/1107/1467 2975/1106/1466
f 2975/1106/1466 2976/1105/1466 2973/1104/1466
f 2977/1108/1468 2978/1111/1468 2979/1110/1468
f 2979/1110/1468 2980/1109/1468 2977/1108/1468
f 2981/1112/647 2982/1113/647 2983/1114/1469
f 2983/1114/1469 2984/1115/1469 2981/1112/647
f 2984/1115/1469 2983/1114/1469 2985/1116/1470
f 2985/1116/1470 2986/1117/1470 2984/1115/1469
f 2987/1118/997 2988/1119/997 2989/1120/997
f 2990/1121/997 2987/1118/997 2989/1120/997
f 2989/1120/997 2991/1122/997 2990/1121/997
f 2992/1123/1471 2993/1124/1471 2994/1125/1471
f 2995/1126/1471 2994/1125/1471 2993/1124/1471
f 2993/1124/1471 2996/1127/1471 2995/1126/1471
f 2995/1126/1471 2996/1127/1471 2997/1124/1471
f 2997/1124/1471 2998/1125/1471 2995/1126/1471
f 2997/1124/1471 2999/1123/1472 2998/1125/1471
f 3000/1128/1473 3001/1129/1474 3002/1130/1475
f 3003/1131/1476 3000/1128/1473 3002/1130/1475
f 3003/1131/1476 3004/1132/1477 3000/1128/1473
f 3003/1131/1476 3005/1133/1478 3004/1132/1477
f 3006/1134/1479 3007/1135/1480 3008/1136/1481
f 3008/1136/1481 3009/1137/1482 3006/1134/1479
f 3010/1138/1483 3006/1134/1479 3009/1137/1482
f 3009/1137/1482 3011/1139/1484 3010/1138/1483
f 3012/1140/1485 3010/1138/1483 3011/1139/1484
f 3011/1139/1484 3013/1141/1486 3012/1140/1485
f 3014/555/1487 3012/1140/1485 3013/1141/1486
f 3013/1141/1486 3015/554/1488 3014/555/1487
f 3016/1142/1489 3017/556/1490 3018/559/1491
f 3018/559/1491 3019/1143/1492 3016/1142/1489
f 3020/1144/1493 3016/1142/1489 3019/1143/1492
f 3019/1143/1492 3021/1145/1494 3020/1144/1493
f 3022/1146/1495 3023/1144/1496 3024/1145/1497
f 3024/1145/1497 3025/1147/1498 3022/1146/1495
f 3026/1148/1499 3022/1146/1495 3025/1147/1498
f 3025/1147/1498 3027/1149/1499 3026/1148/1499
f 3028/1150/1500 3029/1151/1501 3030/1152/1502
f 3030/1152/1502 3031/1153/1503 3028/1150/1500
f 3031/1153/1503 3030/1152/1502 3032/1154/1504
f 3032/1154/1504 3033/1155/1505 3031/1153/1503
f 3033/1155/1505 3032/1154/1504 3034/1156/1149
f 3034/1156/1149 3035/1157/1506 3033/1155/1505
f 3035/1157/1506 3034/1156/1149 3036/1158/1507
f 3037/1159/1508 3033/1155/1505 3035/1157/1506
f 3036/1158/1507 3038/1160/1509 3035/1157/1506
f 3038/1160/1509 3036/1158/1507 3039/1161/1507
f 3039/1161/1507 3040/1162/1509 3038/1160/1509
f 3041/1163/1510 3035/1157/1506 3038/1160/1509
f 3035/1157/1506 3041/1163/1510 3037/1159/1508
f 3042/1164/1511 3038/1160/1509 3040/1162/1509
f 3038/1160/1509 3042/1164/1511 3041/1163/1510
f 3040/1162/1509 3043/1165/1512 3042/1164/1511
f 3044/1166/1513 3037/1159/1508 3041/1163/1510
f 3044/1166/1513 3045/1167/1514 3046/1168/1515
f 3041/1163/1510 3047/1169/740 3044/1166/1513
f 3048/1170/740 3047/1169/740 3041/1163/1510
f 3041/1163/1510 3042/1164/1511 3048/1170/740
f 3046/1168/1515 3049/1171/1516 3044/1166/1513
f 3048/1170/740 3042/1164/1511 3050/1172/1517
f 3048/1170/740 3050/1172/1517 3051/1173/1518
f 3042/1164/1511 3052/1174/1519 3050/1172/1517
f 3048/1170/740 3051/1173/1518 3053/1175/1520
f 3054/1176/1521 3052/1174/1519 3042/1164/1511
f 3051/1173/1518 3055/1177/1522 3053/1175/1520
f 3055/1177/1522 3056/1178/1523 3053/1175/1520
f 3042/1164/1511 3057/1179/1524 3054/1176/1521
f 3054/1176/1521 3057/1179/1524 3058/1180/1525
f 3056/1178/1523 3054/1176/1521 3058/1180/1525
f 3059/1181/1526 3057/1179/1524 3042/1164/1511
f 3060/1182/1527 3056/1178/1523 3058/1180/1525
f 3056/1178/1523 3060/1182/1527 3053/1175/1520
f 3043/1165/1512 3059/1181/1526 3042/1164/1511
f 3060/1182/1527 3061/1183/1528 3053/1175/1520
f 3043/1165/1512 3053/1175/1520 3061/1183/1528
f 3043/1165/1512 3062/1184/1529 3059/1181/1526
f 3043/1165/1512 3061/1183/1528 3062/1184/1529
f 3037/1159/1508 3044/1166/1513 3063/1185/1530
f 3049/1171/1516 3063/1185/1530 3044/1166/1513
f 3063/1185/1530 3064/1186/1531 3037/1159/1508
f 3065/1187/1532 3037/1159/1508 3064/1186/1531
f 3049/1171/1516 3066/1188/1533 3063/1185/1530
f 3064/1186/1531 3067/1189/1534 3065/1187/1532
f 3067/1189/1534 3066/1188/1533 3068/1190/1535
f 3068/1190/1535 3066/1188/1533 3049/1171/1516
f 3068/1190/1535 3069/1191/1536 3067/1189/1534
f 3065/1187/1532 3067/1189/1534 3069/1191/1536
f 3049/1171/1516 3070/1192/1537 3068/1190/1535
f 3065/1187/1532 3069/1191/1536 3071/1193/1538
f 3072/1194/1539 3070/1192/1537 3049/1171/1516
f 3071/1193/1538 3073/1195/1540 3065/1187/1532
f 3074/1196/1541 3072/1194/1539 3049/1171/1516
f 3075/1197/809 3073/1195/1540 3071/1193/1538
f 3074/1196/1541 3076/1198/1542 3072/1194/1539
f 3071/1193/1538 3076/1198/1542 3075/1197/809
f 3076/1198/1542 3074/1196/1541 3075/1197/809
f 3077/1199/1543 3078/574/1544 3079/575/1545
f 3079/575/1545 3080/1200/1546 3077/1199/1543
f 3081/1201/1547 3077/1199/1543 3080/1200/1546
f 3080/1200/1546 3082/1202/1548 3081/1201/1547
f 3083/567/1549 3081/1201/1547 3082/1202/1548
f 3082/1202/1548 3084/568/1550 3083/567/1549
f 3085/1203/1551 3086/1204/786 3087/1205/1552
f 3087/1205/1552 3088/1206/784 3085/1203/1551
f 3088/1206/784 3087/1205/1552 3089/1207/1553
f 3089/1207/1553 3090/1208/784 3088/1206/784
f 3091/1209/1554 3092/586/1555 3093/589/1555
f 3093/589/1555 3094/1210/1556 3091/1209/1554
f 3095/1211/1557 3091/1209/1554 3094/1210/1556
f 3094/1210/1556 3096/1212/1558 3095/1211/1557
f 3097/1213/1559 3098/1211/1560 3099/1212/1561
f 3099/1212/1561 3100/1214/1562 3097/1213/1559
f 3101/1215/1563 3097/1213/1559 3100/1214/1562
f 3100/1214/1562 3102/1216/1564 3101/1215/1563
f 3101/1215/1563 3102/1216/1564 3103/1214/1559
f 3103/1214/1559 3104/1213/1559 3101/1215/1563
f 3104/1213/1559 3103/1214/1559 3105/1212/1560
f 3105/1212/1560 3106/1211/1561 3104/1213/1559
f 3107/1217/1565 3108/588/1566 3109/587/1567
f 3109/587/1567 3110/1218/1568 3107/1217/1565
f 3111/1219/1569 3107/1217/1565 3110/1218/1568
f 3110/1218/1568 3112/1220/1570 3111/1219/1569
f 3111/1219/1569 3112/1220/1570 3113/1221/1571
f 3113/1221/1571 3114/1222/1571 3111/1219/1569
f 3115/1223/1571 3114/1222/1571 3113/1221/1571
f 3113/1221/1571 3116/1224/1571 3115/1223/1571
f 3115/1223/1571 3116/1224/1571 3117/1221/1571
f 3117/1221/1571 3118/1222/1572 3115/1223/1571
f 3119/1219/1573 3118/1222/1572 3117/1221/1571
f 3117/1221/1571 3120/1220/1574 3119/1219/1573
f 3119/1219/1573 3120/1220/1574 3121/1218/1575
f 3121/1218/1575 3122/1217/1576 3119/1219/1573
f 3122/1217/1576 3121/1218/1575 3123/587/1577
f 3123/587/1577 3124/588/1578 3122/1217/1576
f 3125/1225/1579 3126/1226/1580 3127/1227/1581
f 3127/1227/1581 3128/1228/1582 3125/1225/1579
f 3128/1228/1582 3127/1227/1581 3129/1229/1583
f 3129/1229/1583 3130/1230/1584 3128/1228/1582
f 3131/1231/1585 3130/1230/1584 3129/1229/1583
f 3129/1229/1583 3132/1232/1586 3131/1231/1585
f 3133/1233/1587 3134/1234/1587 3135/1235/1588
f 3135/1235/1588 3136/1236/1582 3133/1233/1587
f 3136/1236/1582 3135/1235/1588 3137/1237/1589
f 3137/1237/1589 3138/1238/1579 3136/1236/1582
f 3138/1238/1579 3137/1237/1589 3139/1239/1590
f 3137/1237/1589 3140/1240/1589 3139/1239/1590
f 3141/1241/1591 3138/1238/1579 3139/1239/1590
f 3140/1240/1589 3142/1242/1589 3139/1239/1590
f 3143/1239/1592 3142/1242/1589 3140/1240/1589
f 3143/1239/1592 3140/1240/1589 3144/1237/1593
f 3145/1243/1591 3141/1241/1591 3139/1239/1590
f 3141/1241/1591 3145/1243/1591 3146/1244/1582
f 3146/1244/1582 3147/1245/1582 3141/1241/1591
f 3147/1245/1582 3146/1244/1582 3148/1246/1594
f 3148/1246/1594 3149/1247/1594 3147/1245/1582
f 3145/1243/1591 3139/1239/1590 3150/1248/1595
f 3139/1239/1590 3151/1249/1596 3150/1248/1595
f 3151/1249/1596 3139/1239/1590 3152/1250/1579
f 3139/1239/1590 3153/1251/1579 3152/1250/1579
f 3152/1250/1579 3153/1251/1579 3154/1252/1597
f 3154/1252/1597 3155/1253/1598 3152/1250/1579
f 3155/1253/1598 3154/1252/1597 3156/1254/1599
f 3156/1254/1599 3157/1255/1600 3155/1253/1598
f 3158/1256/1601 3157/1255/1600 3156/1254/1599
f 3156/1254/1599 3159/1257/1075 3158/1256/1601
f 3160/1258/1602 3158/1256/1601 3159/1257/1075
f 3161/1259/1588 3150/1248/1595 3162/1249/1603
f 3163/1260/1582 3161/1259/1588 3162/1249/1603
f 3164/1261/1604 3161/1259/1588 3163/1260/1582
f 3163/1260/1582 3165/1262/1605 3164/1261/1604
f 3164/1261/1604 3165/1262/1605 3160/1258/1602
f 3159/1257/1075 3166/1263/1606 3160/1258/1602
f 3160/1258/1602 3166/1263/1606 3164/1261/1604
f 3167/1264/1607 3166/1263/1606 3159/1257/1075
f 3159/1257/1075 3168/1265/1608 3167/1264/1607
f 3166/1263/1606 3169/1266/1609 3164/1261/1604
f 3167/1264/1607 3168/1265/1608 3170/1267/1610
f 3170/1267/1610 3171/1268/1611 3167/1264/1607
f 3172/1264/1612 3171/1268/1611 3170/1267/1610
f 3170/1267/1610 3173/1265/1613 3172/1264/1612
f 3172/1264/1612 3173/1265/1613 3174/1257/1075
f 3174/1257/1075 3175/1263/1614 3172/1264/1612
f 3176/1258/1615 3175/1263/1614 3174/1257/1075
f 3174/1257/1075 3177/1256/1616 3176/1258/1615
f 3177/1256/1616 3174/1257/1075 3178/1254/1599
f 3178/1254/1599 3179/1255/1600 3177/1256/1616
f 3180/1253/1617 3179/1255/1600 3178/1254/1599
f 3178/1254/1599 3181/1252/1597 3180/1253/1617
f 3182/1250/1591 3180/1253/1617 3181/1252/1597
f 3181/1252/1597 3183/1251/1579 3182/1250/1591
f 3183/1251/1579 3143/1239/1592 3182/1250/1591
f 3143/1239/1592 3184/1249/1618 3182/1250/1591
f 3184/1249/1618 3143/1239/1592 3185/1248/1619
f 3143/1239/1592 3186/1243/1591 3185/1248/1619
f 3185/1248/1619 3187/1259/1620 3188/1249/1621
f 3187/1259/1620 3189/1260/1582 3188/1249/1621
f 3189/1260/1582 3187/1259/1620 3190/1261/1622
f 3190/1261/1622 3191/1262/1605 3189/1260/1582
f 3176/1258/1615 3191/1262/1605 3190/1261/1622
f 3190/1261/1622 3175/1263/1614 3176/1258/1615
f 3169/1266/1609 3175/1263/1614 3190/1261/1622
f 3143/1239/1592 3192/1241/1591 3186/1243/1591
f 3193/1244/1588 3186/1243/1591 3192/1241/1591
f 3143/1239/1592 3194/1238/1591 3192/1241/1591
f 3192/1241/1591 3195/1245/1582 3193/1244/1588
f 3143/1239/1592 3144/1237/1593 3194/1238/1591
f 3196/1246/1594 3193/1244/1588 3195/1245/1582
f 3195/1245/1582 3197/1247/1594 3196/1246/1594
f 3198/1236/1582 3194/1238/1591 3144/1237/1593
f 3144/1237/1593 3199/1235/1582 3198/1236/1582
f 3200/1233/1587 3198/1236/1582 3199/1235/1582
f 3199/1235/1582 3201/1234/1587 3200/1233/1587
f 3202/1269/1609 3169/1266/1609 3190/1261/1622
f 3169/1266/1609 3202/1269/1609 3164/1261/1604
f 3203/1233/1623 3202/1269/1609 3190/1261/1622
f 3204/1246/1624 3203/1233/1623 3190/1261/1622
f 3204/1246/1624 3205/1247/1625 3203/1233/1623
f 3203/1233/1623 3206/1234/1626 3202/1269/1609
f 3202/1269/1609 3207/1233/1627 3164/1261/1604
f 3202/1269/1609 3208/1234/1609 3207/1233/1627
f 3207/1233/1627 3209/1246/1628 3164/1261/1604
f 3207/1233/1627 3210/1247/1629 3209/1246/1628
f 3211/1270/1594 3212/1271/1587 3213/1272/1588
f 3213/1272/1588 3214/1273/1582 3211/1270/1594
f 3214/1273/1582 3213/1272/1588 3215/1274/1630
f 3215/1274/1630 3216/1275/1631 3214/1273/1582
f 3217/1276/1594 3218/1277/1594 3219/1278/1582
f 3219/1278/1582 3220/1279/1582 3217/1276/1594
f 3220/1279/1582 3219/1278/1582 3221/1280/1631
f 3221/1280/1631 3222/1281/1591 3220/1279/1582
f 3223/1282/792 3224/1283/792 3225/1284/792
f 3225/1284/792 3226/1285/792 3223/1282/792
f 3226/1285/792 3225/1284/792 3227/1286/792
f 3227/1286/792 3228/1287/792 3226/1285/792
f 3229/1288/792 3230/1289/792 3231/1290/792
f 3231/1290/792 3232/1291/792 3229/1288/792
f 3232/1291/792 3231/1290/792 3233/1292/792
f 3233/1292/792 3234/1293/792 3232/1291/792
f 3235/1294/792 3234/1293/792 3233/1292/792
f 3233/1292/792 3236/1295/792 3235/1294/792
f 3237/639/1632 3238/638/1632 3239/1296/1632
f 3239/1296/1632 3240/1297/1632 3237/639/1632
f 3240/1297/1632 3239/1296/1632 3241/645/1632
f 3241/645/1632 3242/644/1632 3240/1297/1632
f 3243/1298/1633 3244/1299/1634 3245/1300/1634
f 3245/1300/1634 3246/1301/1634 3243/1298/1633
f 3246/1301/1634 3245/1300/1634 3247/641/1634
f 3247/641/1634 3248/640/1634 3246/1301/1634
f 3249/1302/1633 3250/1303/1634 3251/1304/1634
f 3251/1304/1634 3252/1305/1634 3249/1302/1633
f 3252/1305/1634 3251/1304/1634 3253/1306/1633
f 3253/1306/1633 3254/1307/1633 3252/1305/1634
f 3254/1307/1633 3253/1306/1633 3255/651/1634
f 3255/651/1634 3256/650/1634 3254/1307/1633
f 3257/647/1632 3258/646/1635 3259/1308/1632
f 3259/1308/1632 3260/1309/1632 3257/647/1632
f 3260/1309/1632 3259/1308/1632 3261/1310/1632
f 3261/1310/1632 3262/1311/1632 3260/1309/1632
f 3262/1311/1632 3261/1310/1632 3263/653/1636
f 3263/653/1636 3264/652/1632 3262/1311/1632
f 3265/1312/820 3266/1313/1637 3267/1314/1542
f 3267/1314/1542 3268/1315/1638 3265/1312/820
f 3268/1315/1638 3267/1314/1542 3269/1316/1476
f 3269/1316/1476 3270/1317/1639 3268/1315/1638
f 3270/1317/1639 3269/1316/1476 3271/1318/1637
f 3271/1318/1637 3272/1319/808 3270/1317/1639
f 3273/1320/1640 3274/1321/1641 3275/1322/1642
f 3274/1321/1641 3276/1323/1643 3275/1322/1642
f 3277/1324/1644 3275/1322/1642 3276/1323/1643
f 3276/1323/1643 3278/1325/1644 3277/1324/1644
f 3279/1326/1645 3277/1324/1644 3278/1325/1644
f 3278/1325/1644 3280/1327/1646 3279/1326/1645
f 3279/1326/1645 3280/1327/1646 3281/1328/1647
f 3281/1328/1647 3280/1327/1646 3282/1329/1648
f 3283/1330/1649 3284/1331/1650 3285/1332/1651
f 3286/1333/1652 3285/1332/1651 3284/1331/1650
f 3284/1331/1650 3287/1334/1653 3286/1333/1652
f 3288/1335/1654 3286/1333/1652 3287/1334/1653
f 3287/1334/1653 3289/1336/1655 3288/1335/1654
f 3288/1335/1654 3289/1336/1655 3290/1337/1656
f 3290/1337/1656 3291/1338/1657 3288/1335/1654
f 3292/1339/1658 3293/1340/649 3294/1341/1659
f 3294/1341/1659 3295/1342/1660 3292/1339/1658
f 3295/1342/1660 3296/1343/1661 3292/1339/1658
f 3297/1344/1662 3298/1345/817 3299/1346/1663
f 3299/1346/1663 3300/1347/1664 3297/1344/1662
f 3300/1347/1664 3301/1348/1665 3297/1344/1662
f 3302/1349/811 3303/659/811 3304/1350/811
f 3302/1349/811 3305/660/811 3303/659/811
f 3302/1349/811 3306/1351/811 3305/660/811
f 3306/1351/811 3307/1352/811 3305/660/811
f 3308/660/811 3307/1352/811 3306/1351/811
f 3308/660/811 3306/1351/811 3309/1349/811
f 3310/659/811 3308/660/811 3309/1349/811
f 3310/659/811 3309/1349/811 3311/1350/811
f 3312/1353/1666 3313/1354/1667 3314/1355/1668
f 3313/1354/1667 3312/1353/1666 3315/1356/1669
f 3315/1356/1669 3316/1357/1670 3313/1354/1667
f 3317/1358/1671 3318/1359/1671 3319/1360/1672
f 3319/1360/1672 3320/1361/1673 3317/1358/1671
f 3320/1361/1673 3319/1360/1672 3321/1362/1016
f 3322/1363/1674 3323/1364/1675 3320/1361/1673
f 3320/1361/1673 3324/1365/1676 3322/1363/1674
f 3325/1366/1677 3324/1365/1676 3320/1361/1673
f 3325/1366/1677 3320/1361/1673 3321/1362/1016
f 3326/1367/1678 3325/1366/1677 3321/1362/1016
f 3327/1366/1677 3326/1367/1678 3321/1362/1016
f 3328/1361/1673 3327/1366/1677 3321/1362/1016
f 3328/1361/1673 3329/1365/1676 3327/1366/1677
f 3330/1363/1674 3329/1365/1676 3328/1361/1673
f 3328/1361/1673 3331/1364/1675 3330/1363/1674
f 3332/1360/1679 3328/1361/1673 3321/1362/1016
f 3333/1358/1680 3328/1361/1673 3332/1360/1679
f 3332/1360/1679 3334/1359/1681 3333/1358/1680
f 3335/1368/1682 3336/1369/1683 3337/1370/1684
f 3337/1370/1684 3338/1371/1685 3335/1368/1682
f 3338/1371/1685 3337/1370/1684 3339/1372/1686
f 3339/1372/1686 3340/1373/1687 3338/1371/1685
f 3341/1374/1688 3342/1375/834 3343/1376/1689
f 3343/1376/1689 3344/1377/1690 3341/1374/1688
f 3344/1377/1690 3343/1376/1689 3345/1378/1691
f 3345/1378/1691 3346/1379/1240 3347/1380/834
f 3348/1381/1692 3344/1377/1690 3345/1378/1691
f 3347/1380/834 3348/1381/1692 3345/1378/1691
f 3348/1381/1692 3349/1382/1693 3344/1377/1690
f 3350/1377/1694 3349/1382/1693 3348/1381/1692
f 3351/1378/1695 3348/1381/1692 3347/1380/834
f 3350/1377/1694 3348/1381/1692 3351/1378/1695
f 3347/1380/834 3352/1379/1240 3351/1378/1695
f 3353/1376/1696 3350/1377/1694 3351/1378/1695
f 3354/1374/1697 3350/1377/1694 3353/1376/1696
f 3353/1376/1696 3355/1375/834 3354/1374/1697
f 3356/1383/1698 3357/1375/837 3358/1374/1699
f 3358/1374/1699 3359/1384/1700 3356/1383/1698
f 3359/1384/1700 3360/1385/1701 3356/1383/1698
f 3359/1384/1700 3361/1386/1702 3360/1385/1701
f 3362/1380/835 3363/1379/835 3360/1385/1701
f 3361/1386/1702 3364/1387/1703 3360/1385/1701
f 3360/1385/1701 3364/1387/1703 3362/1380/835
f 3365/1385/1704 3364/1387/1703 3361/1386/1702
f 3362/1380/835 3364/1387/1703 3365/1385/1704
f 3365/1385/1704 3366/1379/835 3362/1380/835
f 3365/1385/1704 3361/1386/1702 3367/1384/1705
f 3365/1385/1704 3367/1384/1705 3368/1383/1705
f 3368/1383/1705 3367/1384/1705 3369/1374/1699
f 3369/1374/1699 3370/1375/837 3368/1383/1705
f 3371/1388/647 3372/703/647 3373/706/647
f 3373/706/647 3374/1389/647 3371/1388/647
f 3375/708/1706 3371/1388/647 3374/1389/647
f 3374/1389/647 3376/709/1706 3375/708/1706
f 3377/1390/689 3378/1391/689 3379/1392/689
f 3379/1392/689 3380/1393/689 3377/1390/689
f 3381/710/689 3377/1390/689 3380/1393/689
f 3380/1393/689 3382/707/689 3381/710/689
f 3383/1394/1707 3384/1395/1708 3385/1396/1709
f 3385/1396/1709 3386/1397/1710 3383/1394/1707
f 3387/1398/1711 3383/1394/1707 3386/1397/1710
f 3386/1397/1710 3388/1399/1711 3387/1398/1711
f 3389/1400/1712 3390/1401/1713 3391/1402/1714
f 3391/1402/1714 3392/1403/1715 3389/1400/1712
f 3392/1403/1715 3393/1404/1716 3389/1400/1712
f 3394/1405/1717 3393/1404/1716 3392/1403/1715
f 3392/1403/1715 3395/1406/1717 3394/1405/1717
f 3394/1405/1717 3395/1406/1717 3396/1403/1718
f 3396/1403/1718 3397/1404/1719 3394/1405/1717
f 3397/1404/1719 3396/1403/1718 3398/1400/1720
f 3398/1400/1720 3396/1403/1718 3399/1402/1721
f 3399/1402/1721 3400/1401/1721 3398/1400/1720
f 3401/1407/993 3402/1408/993 3403/1409/993
f 3404/1410/993 3401/1407/993 3403/1409/993
f 3404/1410/993 3405/1411/993 3401/1407/993
f 3406/1412/1722 3407/1413/1067 3408/1414/1723
f 3408/1414/1723 3409/1415/1724 3406/1412/1722
f 3409/1415/1724 3408/1414/1723 3410/1416/1725
f 3410/1416/1725 3411/1417/1726 3409/1415/1724
f 3411/1417/1726 3410/1416/1725 3412/1418/1725
f 3412/1418/1725 3413/1419/1727 3411/1417/1726
f 3413/1419/1727 3412/1418/1725 3414/1420/1728
f 3414/1420/1728 3415/1421/1729 3413/1419/1727
f 3415/1421/1729 3414/1420/1728 3416/1422/1730
f 3416/1422/1730 3417/1423/678 3415/1421/1729
f 3418/1424/1731 3417/1423/678 3416/1422/1730
f 3416/1422/1730 3419/1425/1732 3418/1424/1731
f 3420/1426/1733 3418/1424/1731 3419/1425/1732
f 3419/1425/1732 3421/1427/1734 3420/1426/1733
f 3422/1428/1735 3420/1426/1733 3421/1427/1734
f 3421/1427/1734 3423/1429/1736 3422/1428/1735
f 3424/1430/1737 3422/1428/1735 3423/1429/1736
f 3423/1429/1736 3425/1431/1738 3424/1430/1737
f 3424/1430/1737 3425/1431/1738 3426/1432/1739
f 3426/1432/1739 3427/1433/1740 3424/1430/1737
f 3428/1434/671 3427/1433/1740 3426/1432/1739
f 3426/1432/1739 3429/1435/1741 3428/1434/671
f 3428/1434/671 3429/1435/1741 3430/1436/1742
f 3430/1436/1742 3431/1437/667 3428/1434/671
f 3432/1438/1743 3431/1437/667 3430/1436/1742
f 3430/1436/1742 3433/1439/1744 3432/1438/1743
f 3434/1440/1745 3435/1441/1746 3436/1442/1747
f 3437/1443/1748 3435/1441/1746 3434/1440/1745
f 3434/1440/1745 3438/1444/1749 3437/1443/1748
f 3437/1443/1748 3438/1444/1749 3439/1445/1750
f 3439/1445/1750 3440/1446/1751 3437/1443/1748
f 3441/1447/1752 3442/1448/1753 3443/1449/1753
f 3443/1449/1753 3444/1450/1752 3441/1447/1752
f 3445/763/1754 3441/1447/1752 3444/1450/1752
f 3444/1450/1752 3446/764/1754 3445/763/1754
f 3447/1451/997 3448/1452/997 3449/1453/997
f 3450/1454/997 3447/1451/997 3449/1453/997
f 3450/1454/997 3449/1453/997 3451/1455/997
f 3452/1456/993 3453/1457/993 3454/1457/993
f 3452/1456/993 3454/1457/993 3455/1458/993
f 3452/1456/993 3455/1458/993 3456/1459/993
f 3457/1460/1755 3458/1461/1756 3459/1462/890
f 3459/1462/890 3460/1463/890 3457/1460/1755
f 3461/1464/1757 3457/1460/1755 3460/1463/890
f 3460/1463/890 3462/1465/887 3461/1464/1757
f 3463/1466/1758 3461/1464/1757 3462/1465/887
f 3462/1465/887 3464/1467/887 3463/1466/1758
f 3465/1468/1759 3463/1466/1758 3464/1467/887
f 3464/1467/887 3466/1469/1760 3465/1468/1759
f 3467/1470/1761 3465/1468/1759 3466/1469/1760
f 3466/1469/1760 3468/1471/1762 3467/1470/1761
f 3467/1470/1761 3468/1471/1762 3469/1472/1763
f 3469/1472/1763 3470/1473/1764 3467/1470/1761
f 3471/1474/1765 3472/1475/1766 3473/1476/1763
f 3474/1477/1767 3471/1474/1765 3473/1476/1763
f 3473/1476/1763 3475/1478/1768 3474/1477/1767
f 3474/1477/1767 3475/1478/1768 3476/1479/1769
f 3476/1479/1769 3477/1480/1770 3474/1477/1767
f 3478/1481/1771 3477/1480/1770 3476/1479/1769
f 3479/1482/1772 3480/1483/1773 3481/1484/1773
f 3481/1484/1773 3482/1485/1774 3479/1482/1772
f 3483/1486/1775 3479/1482/1772 3482/1485/1774
f 3482/1485/1774 3484/1487/1776 3483/1486/1775
f 3485/1488/1777 3483/1486/1775 3484/1487/1776
f 3485/1488/1777 3484/1487/1776 3486/1489/1778
f 3484/1487/1776 3487/1490/1777 3486/1489/1778
f 3487/1490/1777 3488/1491/1779 3486/1489/1778
f 3488/1491/1779 3489/1492/1778 3486/1489/1778
f 3488/1491/1779 3490/1493/1780 3489/1492/1778
f 3490/1493/1780 3488/1491/1779 3491/1494/1781
f 3491/1494/1781 3492/1495/1782 3490/1493/1780
f 3492/1495/1782 3491/1494/1781 3493/1496/839
f 3493/1496/839 3494/1497/839 3492/1495/1782
f 3495/794/1783 3496/793/1783 3497/1498/1784
f 3497/1498/1784 3498/1499/1785 3495/794/1783
f 3498/1499/1785 3497/1498/1784 3499/1500/1786
f 3499/1500/1786 3500/1501/1787 3498/1499/1785
f 3501/1501/1788 3500/1501/1787 3499/1500/1786
f 3499/1500/1786 3502/1500/1789 3501/1501/1788
f 3501/1501/1788 3502/1500/1789 3503/1500/1790
f 3503/1500/1790 3504/1501/1791 3501/1501/1788
f 3505/1502/1792 3504/1501/1791 3503/1500/1790
f 3503/1500/1790 3506/1503/1793 3505/1502/1792
f 3507/800/1794 3505/1502/1792 3506/1503/1793
f 3506/1503/1793 3508/801/1795 3507/800/1794
f 3509/1504/1796 3510/1505/893 3511/1506/1797
f 3511/1506/1797 3512/1507/1798 3509/1504/1796
f 3513/1508/1373 3509/1504/1796 3512/1507/1798
f 3512/1507/1798 3514/1509/1799 3513/1508/1373
f 3515/1510/647 3513/1508/1373 3514/1509/1799
f 3514/1509/1799 3516/1511/647 3515/1510/647
f 3515/1510/647 3516/1511/647 3517/1509/1800
f 3517/1509/1800 3518/1508/1801 3515/1510/647
f 3518/1508/1801 3517/1509/1800 3519/1507/1068
f 3519/1507/1068 3520/1504/1067 3518/1508/1801
f 3520/1504/1067 3519/1507/1068 3521/1506/903
f 3521/1506/903 3522/1505/1802 3520/1504/1067
f 3523/1512/1803 3524/1513/1804 3525/1514/1805
f 3525/1514/1805 3526/1515/1806 3523/1512/1803
f 3527/1516/1807 3523/1512/1803 3526/1515/1806
f 3526/1515/1806 3528/1517/1808 3527/1516/1807
f 3529/1518/1809 3527/1516/1807 3528/1517/1808
f 3528/1517/1808 3530/1519/1810 3529/1518/1809
f 3529/1518/1809 3530/1519/1810 3531/1520/1811
f 3531/1520/1811 3532/1521/1812 3529/1518/1809
f 3533/1522/1813 3532/1521/1812 3531/1520/1811
f 3531/1520/1811 3534/1523/1813 3533/1522/1813
f 3533/1522/1813 3534/1523/1813 3535/1524/1814
f 3535/1524/1814 3536/1525/1815 3533/1522/1813
f 3536/1525/1815 3535/1524/1814 3537/1526/1816
f 3537/1526/1816 3538/1527/1817 3536/1525/1815
f 3538/1527/1817 3537/1526/1816 3539/1528/1818
f 3539/1528/1818 3540/1529/1819 3538/1527/1817
f 3541/1530/1820 3542/1531/1821 3543/1532/1373
f 3543/1532/1373 3544/1533/1822 3541/1530/1820
f 3544/1533/1822 3543/1532/1373 3545/1534/647
f 3545/1534/647 3546/1535/647 3544/1533/1822
f 3547/1533/1801 3546/1535/647 3545/1534/647
f 3545/1534/647 3548/1532/1823 3547/1533/1801
f 3549/1530/1824 3547/1533/1801 3548/1532/1823
f 3548/1532/1823 3550/1531/1825 3549/1530/1824
f 3551/1536/1826 3552/1537/1826 3553/1538/1827
f 3553/1538/1827 3554/1539/1826 3551/1536/1826
f 3555/1540/1828 3551/1536/1826 3554/1539/1826
f 3554/1539/1826 3556/1541/1828 3555/1540/1828
f 3555/1540/1828 3556/1541/1828 3557/1542/1828
f 3557/1542/1828 3558/1543/1828 3555/1540/1828
f 3558/1543/1828 3557/1542/1828 3559/1544/1826
f 3559/1544/1826 3560/1545/1826 3558/1543/1828
f 3561/1462/1829 3562/1461/1830 3563/1460/904
f 3563/1460/904 3564/1463/897 3561/1462/1829
f 3564/1463/897 3563/1460/904 3565/1464/1831
f 3565/1464/1831 3566/1465/896 3564/1463/897
f 3566/1465/896 3565/1464/1831 3567/1466/1832
f 3567/1466/1832 3568/1467/896 3566/1465/896
f 3568/1467/896 3567/1466/1832 3569/1468/1833
f 3569/1468/1833 3570/1469/1834 3568/1467/896
f 3570/1469/1834 3569/1468/1833 3571/1470/1835
f 3571/1470/1835 3572/1471/1836 3570/1469/1834
f 3573/1472/1837 3572/1471/1836 3571/1470/1835
f 3571/1470/1835 3574/1473/1838 3573/1472/1837
f 3575/1475/1839 3576/1474/1840 3577/1476/1837
f 3577/1476/1837 3576/1474/1840 3578/1477/1841
f 3578/1477/1841 3579/1478/1842 3577/1476/1837
f 3580/1479/1843 3579/1478/1842 3578/1477/1841
f 3578/1477/1841 3581/1480/1844 3580/1479/1843
f 3581/1480/1844 3582/1481/1845 3580/1479/1843
f 3583/1546/1846 3584/1547/1847 3585/1548/1848
f 3585/1548/1848 3586/1549/1849 3583/1546/1846
f 3586/1549/1849 3585/1548/1848 3587/1550/1850
f 3587/1550/1850 3588/1551/1851 3586/1549/1849
f 3588/1551/1851 3587/1550/1850 3589/1552/1852
f 3589/1552/1852 3590/1553/1853 3588/1551/1851
f 3591/1554/1854 3590/1553/1853 3589/1552/1852
f 3589/1552/1852 3592/1555/1855 3591/1554/1854
f 3591/1554/1854 3592/1555/1855 3593/1556/1856
f 3593/1556/1856 3594/1557/1856 3591/1554/1854
f 3595/1558/1857 3594/1557/1856 3593/1556/1856
f 3593/1556/1856 3596/1559/1858 3595/1558/1857
f 3597/1560/1859 3595/1558/1857 3596/1559/1858
f 3596/1559/1858 3598/1561/1860 3597/1560/1859
f 3599/1562/1861 3597/1560/1859 3598/1561/1860
f 3598/1561/1860 3600/1563/1862 3599/1562/1861
f 3601/1538/1863 3602/1537/1863 3603/1564/1863
f 3603/1564/1863 3604/1565/1863 3601/1538/1863
f 3604/1565/1863 3603/1564/1863 3605/1566/1864
f 3605/1566/1864 3606/1567/1864 3604/1565/1863
f 3607/1568/1864 3606/1567/1864 3605/1566/1864
f 3605/1566/1864 3608/1569/1864 3607/1568/1864
f 3609/1570/1863 3607/1568/1864 3608/1569/1864
f 3608/1569/1864 3610/1571/1863 3609/1570/1863
f 3611/1572/1865 3612/1573/1865 3613/1574/1865
f 3613/1574/1865 3614/1575/1865 3611/1572/1865
f 3614/1575/1865 3613/1574/1865 3615/1576/1866
f 3615/1576/1866 3616/1577/1866 3614/1575/1865
f 3616/1577/1866 3615/1576/1866 3617/1578/1866
f 3617/1578/1866 3618/1579/1866 3616/1577/1866
f 3618/1579/1866 3617/1578/1866 3619/806/1867
f 3619/806/1867 3620/805/1867 3618/1579/1866
f 3621/1580/1868 3622/1581/1868 3623/1582/1868
f 3623/1582/1868 3624/1583/1868 3621/1580/1868
f 3624/1583/1868 3623/1582/1868 3625/1584/1868
f 3625/1584/1868 3626/1585/1868 3624/1583/1868
f 3626/1585/1868 3625/1584/1868 3627/1586/1868
f 3627/1586/1868 3628/1587/1868 3626/1585/1868
f 3628/1587/1868 3627/1586/1868 3629/1588/1868
f 3629/1588/1868 3630/1589/1868 3628/1587/1868
f 3630/1589/1868 3629/1588/1868 3631/1590/1869
f 3631/1590/1869 3632/1591/1869 3630/1589/1868
f 3633/1592/1870 3634/1593/647 3635/1594/1870
f 3635/1594/1870 3636/1595/1871 3633/1592/1870
f 3637/1596/1872 3633/1592/1870 3636/1595/1871
f 3636/1595/1871 3638/1596/1870 3637/1596/1872
f 3639/1597/1870 3637/1596/1872 3638/1596/1870
f 3638/1596/1870 3640/1598/1873 3639/1597/1870
f 3641/1599/1873 3639/1597/1870 3640/1598/1873
f 3640/1598/1873 3642/1599/647 3641/1599/1873
f 3643/1600/1874 3641/1599/1873 3642/1599/647
f 3642/1599/647 3644/1601/1875 3643/1600/1874
f 3645/812/1876 3646/811/1876 3647/1602/1876
f 3647/1602/1876 3648/1603/1876 3645/812/1876
f 3648/1603/1876 3647/1602/1876 3649/816/1876
f 3649/816/1876 3650/815/1876 3648/1603/1876
f 3651/820/1877 3652/819/1878 3653/1604/1879
f 3653/1604/1879 3654/1605/1880 3651/820/1877
f 3654/1605/1880 3653/1604/1879 3655/824/1878
f 3655/824/1878 3656/823/1881 3654/1605/1880
f 3657/1462/1882 3658/1461/928 3659/1460/1883
f 3659/1460/1883 3660/1463/921 3657/1462/1882
f 3660/1463/921 3659/1460/1883 3661/1464/922
f 3661/1464/922 3662/1465/921 3660/1463/921
f 3662/1465/921 3661/1464/922 3663/1466/1884
f 3663/1466/1884 3664/1467/920 3662/1465/921
f 3664/1467/920 3663/1466/1884 3665/1468/1885
f 3665/1468/1885 3666/1469/1886 3664/1467/920
f 3666/1469/1886 3665/1468/1885 3667/1470/1887
f 3667/1470/1887 3668/1471/1888 3666/1469/1886
f 3669/1472/1769 3668/1471/1888 3667/1470/1887
f 3667/1470/1887 3670/1473/1889 3669/1472/1769
f 3671/1484/1773 3672/1483/1773 3673/1482/1890
f 3673/1482/1890 3674/1485/1891 3671/1484/1773
f 3674/1485/1891 3673/1482/1890 3675/1486/1892
f 3675/1486/1892 3676/1487/1893 3674/1485/1891
f 3676/1487/1893 3675/1486/1892 3677/1488/1894
f 3676/1487/1893 3677/1488/1894 3678/1489/1895
f 3679/1490/1895 3676/1487/1893 3678/1489/1895
f 3680/1491/1896 3679/1490/1895 3678/1489/1895
f 3681/1492/1897 3680/1491/1896 3678/1489/1895
f 3681/1492/1897 3682/1493/1898 3680/1491/1896
f 3683/1494/1899 3680/1491/1896 3682/1493/1898
f 3682/1493/1898 3684/1495/1900 3683/1494/1899
f 3685/1496/839 3683/1494/1899 3684/1495/1900
f 3684/1495/1900 3686/1497/839 3685/1496/839
f 3687/1606/1901 3688/827/1783 3689/826/1783
f 3689/826/1783 3690/1607/1902 3687/1606/1901
f 3691/1608/1903 3687/1606/1901 3690/1607/1902
f 3690/1607/1902 3692/1609/1904 3691/1608/1903
f 3691/1608/1903 3692/1609/1904 3693/1610/1905
f 3693/1610/1905 3694/1611/1905 3691/1608/1903
f 3695/1611/1906 3694/1611/1905 3693/1610/1905
f 3693/1610/1905 3696/1610/1907 3695/1611/1906
f 3695/1611/1906 3696/1610/1907 3697/1612/1908
f 3697/1612/1908 3698/1613/1909 3695/1611/1906
f 3698/1613/1909 3697/1612/1908 3699/832/1794
f 3699/832/1794 3700/831/1795 3698/1613/1909
f 3701/1506/1910 3702/1505/1911 3703/1504/1912
f 3703/1504/1912 3704/1507/1913 3701/1506/1910
f 3704/1507/1913 3703/1504/1912 3705/1508/1039
f 3705/1508/1039 3706/1509/1914 3704/1507/1913
f 3706/1509/1914 3705/1508/1039 3707/1510/689
f 3707/1510/689 3708/1511/689 3706/1509/1914
f 3709/1509/1915 3708/1511/689 3707/1510/689
f 3707/1510/689 3710/1508/1916 3709/1509/1915
f 3711/1507/1917 3709/1509/1915 3710/1508/1916
f 3710/1508/1916 3712/1504/1159 3711/1507/1917
f 3713/1506/1918 3711/1507/1917 3712/1504/1159
f 3712/1504/1159 3714/1505/936 3713/1506/1918
f 3715/1532/1039 3716/1531/1919 3717/1530/1920
f 3717/1530/1920 3718/1533/1039 3715/1532/1039
f 3719/1534/689 3715/1532/1039 3718/1533/1039
f 3718/1533/1039 3720/1535/689 3719/1534/689
f 3719/1534/689 3720/1535/689 3721/1533/1916
f 3721/1533/1916 3722/1532/1916 3719/1534/689
f 3722/1532/1916 3721/1533/1916 3723/1530/1921
f 3723/1530/1921 3724/1531/1922 3722/1532/1916
f 3725/1538/1923 3726/1537/1924 3727/1564/1925
f 3727/1564/1925 3728/1565/1925 3725/1538/1923
f 3728/1565/1925 3727/1564/1925 3729/1614/1926
f 3729/1614/1926 3730/1615/1926 3728/1565/1925
f 3731/1616/1926 3730/1615/1926 3729/1614/1926
f 3729/1614/1926 3732/1617/1926 3731/1616/1926
f 3733/1618/1924 3731/1616/1926 3732/1617/1926
f 3732/1617/1926 3734/1619/1925 3733/1618/1924
f 3735/1460/1927 3736/1461/938 3737/1462/939
f 3737/1462/939 3738/1463/933 3735/1460/1927
f 3739/1464/1928 3735/1460/1927 3738/1463/933
f 3738/1463/933 3740/1465/933 3739/1464/1928
f 3741/1466/932 3739/1464/1928 3740/1465/933
f 3740/1465/933 3742/1467/930 3741/1466/932
f 3743/1468/1929 3741/1466/932 3742/1467/930
f 3742/1467/930 3744/1469/1930 3743/1468/1929
f 3745/1470/1931 3743/1468/1929 3744/1469/1930
f 3744/1469/1930 3746/1471/1932 3745/1470/1931
f 3745/1470/1931 3746/1471/1932 3747/1472/1843
f 3747/1472/1843 3748/1473/1933 3745/1470/1931
f 3749/1620/1934 3750/1621/1935 3751/1622/1936
f 3751/1622/1936 3752/1623/1937 3749/1620/1934
f 3752/1623/1937 3751/1622/1936 3753/1624/1938
f 3753/1624/1938 3754/1625/1939 3752/1623/1937
f 3755/1626/1940 3754/1625/1939 3753/1624/1938
f 3753/1624/1938 3756/1627/1941 3755/1626/1940
f 3757/1628/1942 3755/1626/1940 3756/1627/1941
f 3756/1627/1941 3758/1629/1943 3757/1628/1942
f 3759/1630/1944 3757/1628/1942 3758/1629/1943
f 3758/1629/1943 3760/1631/1944 3759/1630/1944
f 3759/1630/1944 3760/1631/1944 3761/1631/1945
f 3761/1631/1945 3762/1630/1946 3759/1630/1944
f 3762/1630/1946 3761/1631/1945 3763/1632/1947
f 3763/1632/1947 3764/1633/1948 3762/1630/1946
f 3764/1633/1948 3763/1632/1947 3765/1634/1949
f 3765/1634/1949 3766/1635/1949 3764/1633/1948
f 3767/1636/1950 3766/1635/1949 3765/1634/1949
f 3765/1634/1949 3768/1637/1951 3767/1636/1950
f 3769/1638/1952 3767/1636/1950 3768/1637/1951
f 3768/1637/1951 3770/1639/1953 3769/1638/1952
f 3771/1638/1954 3769/1638/1952 3770/1639/1953
f 3770/1639/1953 3772/1639/1954 3771/1638/1954
f 3771/1638/1954 3772/1639/1954 3773/1639/1955
f 3773/1639/1955 3774/1638/1934 3771/1638/1954
f 3775/1640/1956 3776/1641/1957 3777/1642/1958
f 3777/1642/1958 3778/1643/1959 3775/1640/1956
f 3778/1643/1959 3777/1642/1958 3779/1644/1960
f 3779/1644/1960 3780/1645/1960 3778/1643/1959
f 3781/1646/1961 3780/1645/1960 3779/1644/1960
f 3779/1644/1960 3782/1647/1962 3781/1646/1961
f 3783/1648/1963 3781/1646/1961 3782/1647/1962
f 3782/1647/1962 3784/1649/1964 3783/1648/1963
f 3785/1648/1965 3783/1648/1963 3784/1649/1964
f 3784/1649/1964 3786/1649/1965 3785/1648/1965
f 3785/1648/1965 3786/1649/1965 3787/1649/1966
f 3787/1649/1966 3788/1648/1967 3785/1648/1965
f 3788/1648/1967 3787/1649/1966 3789/1650/1968
f 3789/1650/1968 3790/1651/1969 3788/1648/1967
f 3790/1651/1969 3789/1650/1968 3791/1652/1970
f 3791/1652/1970 3792/1653/1970 3790/1651/1969
f 3793/1654/1971 3792/1653/1970 3791/1652/1970
f 3791/1652/1970 3794/1655/1972 3793/1654/1971
f 3795/1656/1973 3793/1654/1971 3794/1655/1972
f 3794/1655/1972 3796/1657/1974 3795/1656/1973
f 3797/1658/1975 3795/1656/1973 3796/1657/1974
f 3796/1657/1974 3798/1659/1976 3797/1658/1975
f 3797/1658/1975 3798/1659/1976 3799/1659/1977
f 3799/1659/1977 3800/1658/1978 3797/1658/1975
f 3801/1536/1979 3802/1537/1979 3803/1538/1979
f 3803/1538/1979 3804/1539/1979 3801/1536/1979
f 3805/1540/1980 3801/1536/1979 3804/1539/1979
f 3804/1539/1979 3806/1541/1980 3805/1540/1980
f 3805/1540/1980 3806/1541/1980 3807/1542/1980
f 3807/1542/1980 3808/1543/1980 3805/1540/1980
f 3808/1543/1980 3807/1542/1980 3809/1544/1979
f 3809/1544/1979 3810/1545/1979 3808/1543/1980
f 3811/1660/1981 3812/1661/1982 3813/1662/1982
f 3813/1662/1982 3814/1663/1981 3811/1660/1981
f 3815/1664/1983 3811/1660/1981 3814/1663/1981
f 3814/1663/1981 3816/1665/1983 3815/1664/1983
f 3817/1666/1984 3815/1664/1983 3816/1665/1983
f 3816/1665/1983 3818/1667/1983 3817/1666/1984
f 3819/833/1985 3817/1666/1984 3818/1667/1983
f 3818/1667/1983 3820/834/1985 3819/833/1985
f 3821/1668/1986 3822/1669/1986 3823/1670/1986
f 3823/1670/1986 3824/1671/1986 3821/1668/1986
f 3825/1672/1986 3821/1668/1986 3824/1671/1986
f 3824/1671/1986 3826/1673/1986 3825/1672/1986
f 3827/1674/1986 3825/1672/1986 3826/1673/1986
f 3826/1673/1986 3828/1675/1986 3827/1674/1986
f 3829/1676/1986 3827/1674/1986 3828/1675/1986
f 3828/1675/1986 3830/1677/1986 3829/1676/1986
f 3831/1678/1987 3829/1676/1986 3830/1677/1986
f 3830/1677/1986 3832/1679/1988 3831/1678/1987
f 3833/1594/1989 3834/1593/689 3835/1592/689
f 3835/1592/689 3836/1592/1990 3833/1594/1989
f 3836/1592/1990 3835/1592/689 3837/1596/1991
f 3837/1596/1991 3838/1596/1991 3836/1592/1990
f 3838/1596/1991 3837/1596/1991 3839/1597/1992
f 3839/1597/1992 3840/1597/1992 3838/1596/1991
f 3840/1597/1992 3839/1597/1992 3841/1599/689
f 3841/1599/689 3842/1599/689 3840/1597/1992
f 3842/1599/689 3841/1599/689 3843/1680/1993
f 3843/1680/1993 3844/1601/1994 3842/1599/689
f 3845/1681/1995 3846/839/1996 3847/840/1996
f 3847/840/1996 3848/1682/1995 3845/1681/1995
f 3849/842/1996 3845/1681/1995 3848/1682/1995
f 3848/1682/1995 3850/843/1996 3849/842/1996
f 3851/1683/1997 3852/849/1997 3853/850/1997
f 3853/850/1997 3854/1684/1998 3851/1683/1997
f 3855/851/1997 3851/1683/1997 3854/1684/1998
f 3854/1684/1998 3856/852/1997 3855/851/1997
f 3857/1685/1999 3858/1686/2000 3859/1687/2001
f 3859/1687/2001 3860/1688/2002 3857/1685/1999
f 3861/1689/2003 3857/1685/1999 3860/1688/2002
f 3860/1688/2002 3862/1690/2004 3861/1689/2003
f 3861/1689/2003 3862/1690/2004 3863/1691/2005
f 3861/1689/2003 3863/1691/2005 3864/1692/2006
f 3863/1691/2005 3865/1693/2007 3864/1692/2006
f 3866/1694/2008 3864/1692/2006 3865/1693/2007
f 3865/1693/2007 3867/1695/2009 3866/1694/2008
f 3868/1696/2010 3866/1694/2008 3867/1695/2009
f 3867/1695/2009 3869/1697/2011 3868/1696/2010
f 3870/1698/2012 3868/1696/2010 3869/1697/2011
f 3869/1697/2011 3871/1699/2013 3870/1698/2012
f 3870/1698/2012 3871/1699/2013 3872/1700/2014
f 3872/1700/2014 3873/1701/2014 3870/1698/2012
f 3873/1701/2014 3872/1700/2014 3874/1702/2015
f 3874/1702/2015 3875/1703/2016 3873/1701/2014
f 3875/1703/2016 3874/1702/2015 3876/1704/2017
f 3876/1704/2017 3877/1705/2018 3875/1703/2016
f 3877/1705/2018 3876/1704/2017 3878/1706/2019
f 3878/1706/2019 3879/1707/2020 3877/1705/2018
f 3879/1707/2020 3878/1706/2019 3880/1708/2021
f 3880/1708/2021 3881/1709/2022 3879/1707/2020
f 3882/1710/2023 3881/1709/2022 3880/1708/2021
f 3880/1708/2021 3883/1711/2024 3882/1710/2023
f 3884/1712/2025 3882/1710/2023 3883/1711/2024
f 3883/1711/2024 3885/1713/2026 3884/1712/2025
f 3886/1714/2027 3884/1712/2025 3885/1713/2026
f 3885/1713/2026 3887/1715/2028 3886/1714/2027
f 3888/1716/2029 3889/1717/792 3890/1718/792
f 3888/1716/2029 3890/1718/792 3891/1719/2030
f 3890/1718/792 3892/1720/792 3891/1719/2030
f 3892/1720/792 3893/1721/792 3891/1719/2030
f 3893/1721/792 3894/1722/2031 3891/1719/2030
f 3894/1722/2031 3895/1723/2032 3891/1719/2030
f 3896/1724/2033 3897/1725/2034 3898/1726/2035
f 3898/1726/2035 3899/1727/2036 3896/1724/2033
f 3899/1727/2036 3898/1726/2035 3900/1728/2037
f 3900/1728/2037 3901/1729/2038 3899/1727/2036
f 3901/1729/2038 3900/1728/2037 3902/1730/2039
f 3902/1730/2039 3903/1731/2040 3901/1729/2038
f 3904/1732/2041 3905/1733/2042 3906/1734/2043
f 3906/1734/2043 3907/1735/2044 3904/1732/2041
f 3908/1736/2045 3904/1732/2041 3907/1735/2044
f 3907/1735/2044 3909/1737/2046 3908/1736/2045
f 3910/1738/2047 3908/1736/2045 3909/1737/2046
f 3909/1737/2046 3911/1739/2048 3910/1738/2047
f 3912/1740/2049 3910/1738/2047 3911/1739/2048
f 3911/1739/2048 3913/1741/2049 3912/1740/2049
f 3914/1742/2050 3912/1740/2049 3913/1741/2049
f 3913/1741/2049 3915/1743/2050 3914/1742/2050
f 3914/1742/2050 3915/1743/2050 3916/1744/993
f 3916/1744/993 3917/1745/993 3914/1742/2050
f 3918/1746/2051 3919/1747/2051 3920/1748/2052
f 3920/1748/2052 3921/1749/2053 3918/1746/2051
f 3922/1750/2054 3918/1746/2051 3921/1749/2053
f 3921/1749/2053 3923/1751/2051 3922/1750/2054
f 3924/1752/2055 3925/1753/2056 3926/1754/2057
f 3926/1754/2057 3927/1755/2058 3924/1752/2055
f 3927/1755/2058 3926/1754/2057 3928/1756/2059
f 3928/1756/2059 3929/1757/2060 3927/1755/2058
f 3930/1758/2061 3929/1757/2060 3928/1756/2059
f 3928/1756/2059 3931/1759/2061 3930/1758/2061
f 3932/1760/2062 3933/1761/2062 3934/1762/2063
f 3934/1762/2063 3935/1763/2063 3932/1760/2062
f 3935/1763/2063 3934/1762/2063 3936/1764/2064
f 3936/1764/2064 3937/1765/2064 3935/1763/2063
f 3937/1765/2064 3936/1764/2064 3938/1766/2065
f 3938/1766/2065 3939/1767/1383 3937/1765/2064
f 3939/1767/1383 3938/1766/2065 3940/1768/2066
f 3940/1768/2066 3941/1769/2067 3939/1767/1383
f 3942/1770/2068 3943/1771/2069 3944/1772/2070
f 3944/1772/2070 3945/1773/2071 3942/1770/2068
f 3945/1773/2071 3944/1772/2070 3946/1774/2072
f 3946/1774/2072 3947/1775/2073 3945/1773/2071
f 3947/1775/2073 3946/1774/2072 3948/1776/2074
f 3948/1776/2074 3949/1777/2075 3947/1775/2073
f 3948/1776/2074 3950/1778/2076 3949/1777/2075
f 3950/1778/2076 3951/1779/2077 3949/1777/2075
f 3951/1779/2077 3952/1780/961 3949/1777/2075
f 3953/1771/2078 3954/1770/2079 3955/1773/2080
f 3955/1773/2080 3956/1772/2081 3953/1771/2078
f 3956/1772/2081 3955/1773/2080 3957/1781/2082
f 3957/1781/2082 3958/1774/2082 3956/1772/2081
f 3958/1774/2082 3957/1781/2082 3959/1782/2083
f 3959/1782/2083 3960/1783/2084 3958/1774/2082
f 3960/1783/2084 3959/1782/2083 3961/1784/964
f 3961/1784/964 3962/1779/963 3960/1783/2084
f 3963/1785/2085 3964/1786/2086 3965/1787/2087
f 3965/1787/2087 3966/1788/2088 3963/1785/2085
f 3966/1788/2088 3965/1787/2087 3967/1789/2089
f 3967/1789/2089 3968/1790/2090 3966/1788/2088
f 3968/1790/2090 3967/1789/2089 3969/1791/2091
f 3969/1791/2091 3970/1792/2092 3968/1790/2090
f 3971/1793/2093 3972/1794/2094 3973/1795/2095
f 3973/1795/2095 3974/1796/2096 3971/1793/2093
f 3974/1796/2096 3973/1795/2095 3975/1797/2097
f 3975/1797/2097 3976/1798/2098 3974/1796/2096
f 3976/1798/2098 3975/1797/2097 3977/1799/2099
f 3977/1799/2099 3978/1800/2100 3976/1798/2098
f 3979/1801/689 3980/1802/689 3981/1803/689
f 3981/1803/689 3982/1803/2101 3979/1801/689
f 3983/1804/689 3979/1801/689 3982/1803/2101
f 3982/1803/2101 3984/1805/689 3983/1804/689
f 3983/1804/689 3984/1805/689 3985/1805/689
f 3985/1805/689 3986/1806/2102 3983/1804/689
f 3987/1807/2103 3988/1808/2103 3989/1809/2104
f 3990/1810/2105 3987/1807/2103 3989/1809/2104
f 3991/1811/2106 3990/1810/2105 3989/1809/2104
f 3992/1812/997 3993/1813/997 3994/1814/997
f 3995/1815/997 3992/1812/997 3994/1814/997
f 3996/1816/997 3995/1815/997 3994/1814/997
f 3997/1817/997 3998/1818/997 3999/1819/997
f 3997/1817/997 3999/1819/997 4000/1820/997
f 3999/1819/997 4001/1821/997 4000/1820/997
f 4002/1822/997 4000/1820/997 4001/1821/997
f 4003/1823/997 4002/1822/997 4001/1821/997
f 4000/1820/997 4002/1822/997 4004/1824/997
f 4003/1823/997 4005/1825/997 4002/1822/997
f 4004/1824/997 4006/1826/997 4000/1820/997
f 4003/1823/997 4007/1827/997 4005/1825/997
f 4008/1828/997 4006/1826/997 4004/1824/997
f 4008/1828/997 4009/1829/997 4006/1826/997
f 4010/1830/997 4008/1828/997 4004/1824/997
f 4009/1829/997 4011/1831/997 4006/1826/997
f 4010/1830/997 4004/1824/997 4012/1832/997
f 4010/1830/997 4012/1832/997 4007/1827/997
f 4003/1823/997 4010/1830/997 4007/1827/997
f 4009/1829/997 4013/1833/997 4011/1831/997
f 4013/1833/997 4014/1834/997 4011/1831/997
f 4014/1834/997 4015/1835/997 4011/1831/997
f 4016/1836/997 4015/1835/997 4014/1834/997
f 4014/1834/997 4017/1837/997 4016/1836/997
f 4003/1823/997 4018/1838/997 4010/1830/997
f 4018/1838/997 4019/1839/997 4010/1830/997
f 4003/1823/997 4020/1840/997 4018/1838/997
f 4021/1841/997 4022/1842/997 4023/1843/997
f 4023/1843/997 4024/1844/997 4021/1841/997
f 4025/1845/997 4021/1841/997 4024/1844/997
f 4026/1846/997 4025/1845/997 4024/1844/997
f 4026/1846/997 4027/1847/997 4025/1845/997
f 4028/1848/997 4029/1849/997 4027/1847/997
f 4027/1847/997 4026/1846/997 4028/1848/997
f 4030/1850/997 4028/1848/997 4026/1846/997
f 4026/1846/997 4031/1851/997 4030/1850/997
f 4032/1852/993 4033/1853/993 4034/1854/993
f 4034/1854/993 4035/1855/993 4032/1852/993
f 4036/1856/993 4032/1852/993 4035/1855/993
f 4037/1857/993 4036/1856/993 4035/1855/993
f 4038/1858/993 4037/1857/993 4035/1855/993
f 4039/952/2107 4040/951/2107 4041/1859/2107
f 4041/1859/2107 4042/1860/2108 4039/952/2107
f 4042/1860/2108 4041/1859/2107 4043/1861/2109
f 4043/1861/2109 4044/1862/2110 4042/1860/2108
f 4044/1862/2110 4043/1861/2109 4045/954/2111
f 4045/954/2111 4046/953/2112 4044/1862/2110
f 4047/1863/993 4048/1734/993 4049/1733/993
f 4047/1863/993 4049/1733/993 4050/1731/993
f 4050/1731/993 4051/1864/993 4047/1863/993
f 4051/1864/993 4050/1731/993 4052/1730/993
f 4053/1865/2113 4054/1866/2113 4055/1867/2114
f 4055/1867/2114 4056/1868/2114 4053/1865/2113
f 4056/1868/2114 4055/1867/2114 4057/1869/2115
f 4057/1869/2115 4058/1870/2116 4056/1868/2114
f 4058/1870/2116 4057/1869/2115 4059/1871/2117
f 4059/1871/2117 4060/1872/2118 4058/1870/2116
f 4060/1872/2118 4059/1871/2117 4061/1873/2119
f 4061/1873/2119 4062/1874/2120 4060/1872/2118
f 4063/1875/2121 4064/1876/2121 4065/1877/2122
f 4065/1877/2122 4066/1878/2123 4063/1875/2121
f 4066/1878/2123 4065/1877/2122 4067/1879/2124
f 4067/1879/2124 4068/1880/2057 4066/1878/2123
f 4068/1880/2057 4067/1879/2124 4069/1881/2125
f 4069/1881/2125 4070/1882/2126 4068/1880/2057
f 4071/1883/997 4072/1884/997 4073/1885/997
f 4073/1885/997 4074/1886/997 4071/1883/997
f 4074/1886/997 4073/1885/997 4075/1887/997
f 4075/1887/997 4076/1888/997 4074/1886/997
f 4076/1888/997 4075/1887/997 4077/1889/997
f 4077/1889/997 4078/1890/997 4076/1888/997
f 4078/1890/997 4077/1889/997 4079/1891/997
f 4079/1891/997 4080/1892/997 4078/1890/997
f 4081/1893/993 4082/1894/993 4083/1895/993
f 4083/1895/993 4084/1896/993 4081/1893/993
f 4084/1896/993 4083/1895/993 4085/1897/993
f 4085/1897/993 4086/1898/993 4084/1896/993
f 4086/1898/993 4085/1897/993 4087/1885/993
f 4087/1885/993 4088/1899/993 4086/1898/993
f 4088/1899/993 4087/1885/993 4089/1900/993
f 4089/1900/993 4090/1901/993 4088/1899/993
f 4091/1902/997 4092/1903/997 4093/1904/997
f 4093/1904/997 4094/1905/997 4091/1902/997
f 4094/1905/997 4093/1904/997 4095/1906/997
f 4095/1906/997 4096/1907/997 4094/1905/997
f 4096/1907/997 4095/1906/997 4097/1908/997
f 4097/1908/997 4098/1909/997 4096/1907/997
f 4099/1910/993 4100/1911/993 4101/1912/993
f 4101/1912/993 4102/1913/993 4099/1910/993
f 4102/1913/993 4101/1912/993 4103/1904/993
f 4103/1904/993 4104/1905/993 4102/1913/993
f 4104/1905/993 4103/1904/993 4105/1914/993
f 4105/1914/993 4106/1915/993 4104/1905/993
f 4107/1916/2127 4108/1917/2128 4109/1918/2128
f 4109/1918/2128 4110/1919/2129 4107/1916/2127
f 4111/1920/2130 4107/1916/2127 4110/1919/2129
f 4110/1919/2129 4112/1921/2131 4111/1920/2130
f 4113/1922/2132 4111/1920/2130 4112/1921/2131
f 4112/1921/2131 4114/1923/2133 4113/1922/2132
f 4113/1922/2132 4114/1923/2133 4115/1924/2134
f 4115/1924/2134 4116/1925/2135 4113/1922/2132
f 4116/1925/2135 4115/1924/2134 4117/1926/2136
f 4117/1926/2136 4118/1927/2136 4116/1925/2135
f 4118/1927/2136 4117/1926/2136 4119/1928/2137
f 4119/1928/2137 4120/1929/2138 4118/1927/2136
f 4120/1929/2138 4119/1928/2137 4121/1930/2139
f 4121/1930/2139 4122/1931/2140 4120/1929/2138
f 4122/1931/2140 4121/1930/2139 4123/1932/2141
f 4123/1932/2141 4124/1933/2142 4122/1931/2140
f 4125/1934/2143 4124/1933/2142 4123/1932/2141
f 4123/1932/2141 4126/1935/2144 4125/1934/2143
f 4127/1936/2145 4125/1934/2143 4126/1935/2144
f 4126/1935/2144 4128/1937/2146 4127/1936/2145
f 4129/1938/2147 4127/1936/2145 4128/1937/2146
f 4128/1937/2146 4130/1939/2148 4129/1938/2147
f 4131/1940/2149 4129/1938/2147 4130/1939/2148
f 4131/1940/2149 4130/1939/2148 4132/1941/2150
f 4133/1942/2151 4131/1940/2149 4132/1941/2150
f 4134/1943/997 4131/1940/2149 4133/1942/2151
f 4133/1942/2151 4135/1944/997 4134/1943/997
f 4136/1945/2152 4134/1943/997 4135/1944/997
f 4135/1944/997 4137/1946/2029 4136/1945/2152
f 4138/1947/2153 4139/1948/2154 4140/1949/2155
f 4140/1949/2155 4141/1950/2156 4138/1947/2153
f 4141/1950/2156 4140/1949/2155 4142/1951/2157
f 4142/1951/2157 4143/1952/2158 4141/1950/2156
f 4143/1952/2158 4142/1951/2157 4144/1953/2159
f 4144/1953/2159 4145/1954/2160 4143/1952/2158
f 4146/1955/2161 4145/1954/2160 4144/1953/2159
f 4144/1953/2159 4147/1956/2162 4146/1955/2161
f 4146/1955/2161 4147/1956/2162 4148/1957/2163
f 4148/1957/2163 4149/1958/2163 4146/1955/2161
f 4150/1959/2164 4149/1958/2163 4148/1957/2163
f 4148/1957/2163 4151/1960/2165 4150/1959/2164
f 4152/1961/2166 4150/1959/2164 4151/1960/2165
f 4151/1960/2165 4153/1962/2167 4152/1961/2166
f 4154/1963/2168 4152/1961/2166 4153/1962/2167
f 4153/1962/2167 4155/1964/2169 4154/1963/2168
f 4156/1965/2170 4154/1963/2168 4155/1964/2169
f 4155/1964/2169 4157/1966/2171 4156/1965/2170
f 4158/1967/2172 4156/1965/2170 4157/1966/2171
f 4157/1966/2171 4159/1968/2173 4158/1967/2172
f 4160/1969/2174 4158/1967/2172 4159/1968/2173
f 4159/1968/2173 4161/1970/2175 4160/1969/2174
f 4160/1969/2174 4161/1970/2175 4162/1971/2176
f 4162/1971/2176 4163/1972/2177 4160/1969/2174
f 4164/1973/2178 4165/1974/2179 4166/1975/2180
f 4166/1975/2180 4165/1974/2179 4167/1976/2181
f 4167/1976/2181 4168/1977/2182 4166/1975/2180
f 4169/1978/2183 4168/1977/2182 4167/1976/2181
f 4167/1976/2181 4170/1979/2183 4169/1978/2183
f 4170/1979/2183 4171/1980/2184 4169/1978/2183
f 4171/1980/2184 4172/1981/2185 4169/1978/2183
f 4172/1981/2185 4173/1982/2186 4169/1978/2183
f 4173/1982/2186 4172/1981/2185 4174/1983/2183
f 4174/1983/2183 4175/1984/2183 4173/1982/2186
f 4176/1985/2187 4175/1984/2183 4174/1983/2183
f 4174/1983/2183 4177/1986/2187 4176/1985/2187
f 4176/1985/2187 4177/1986/2187 4178/1987/2188
f 4178/1987/2188 4179/1988/2189 4176/1985/2187
f 4180/1989/2190 4179/1988/2189 4178/1987/2188
f 4180/1989/2190 4178/1987/2188 4181/1990/2191
f 4180/1989/2190 4181/1990/2191 4182/1991/2192
f 4180/1989/2190 4182/1991/2192 4183/1992/2193
f 4180/1989/2190 4183/1992/2193 4184/1993/2194
f 4184/1993/2194 4185/1994/2195 4180/1989/2190
f 4185/1994/2195 4184/1993/2194 4186/1995/2196
f 4185/1994/2195 4186/1995/2196 4187/1996/1473
f 4186/1995/2196 4188/1997/2197 4187/1996/1473
f 4189/1998/1522 4185/1994/2195 4187/1996/1473
f 4187/1996/1473 4190/1999/2198 4189/1998/1522
f 4191/2000/1247 4192/1048/1247 4193/1051/1247
f 4193/1051/1247 4194/2001/1247 4191/2000/1247
f 4195/2002/1080 4191/2000/1247 4194/2001/1247
f 4194/2001/1247 4196/2003/1247 4195/2002/1080
f 4195/2002/1080 4196/2003/1247 4197/2001/1247
f 4197/2001/1247 4198/2000/1247 4195/2002/1080
f 4198/2000/1247 4197/2001/1247 4199/1051/1247
f 4199/1051/1247 4200/1048/811 4198/2000/1247
f 4201/2004/1083 4202/2005/1083 4203/2006/1083
f 4203/2006/1083 4204/2007/1083 4201/2004/1083
f 4204/2007/1083 4203/2006/1083 4205/2008/1083
f 4205/2008/1083 4206/2009/2199 4204/2007/1083
f 4207/2010/2199 4206/2009/2199 4205/2008/1083
f 4205/2008/1083 4208/2011/1083 4207/2010/2199
f 4209/2012/2200 4210/2013/2200 4211/2014/2200
f 4211/2014/2200 4212/2015/2200 4209/2012/2200
f 4213/2016/811 4209/2012/2200 4212/2015/2200
f 4212/2015/2200 4214/2017/811 4213/2016/811
f 4213/2016/811 4214/2017/811 4215/2015/2201
f 4215/2015/2201 4216/2012/2202 4213/2016/811
f 4216/2012/2202 4215/2015/2201 4217/2014/2201
f 4217/2014/2201 4218/2013/2201 4216/2012/2202
f 4219/2018/993 4220/2019/993 4221/2020/993
f 4221/2020/993 4222/2021/2203 4219/2018/993
f 4222/2021/2203 4223/2022/2204 4219/2018/993
f 4222/2021/2203 4224/2023/2205 4223/2022/2204
f 4224/2023/2205 4225/2024/2205 4223/2022/2204
f 4224/2023/2205 4226/2025/2205 4225/2024/2205
f 4227/2024/2206 4226/2025/2205 4224/2023/2205
f 4227/2024/2206 4224/2023/2205 4228/2022/2207
f 4224/2023/2205 4229/2021/2203 4228/2022/2207
f 4228/2022/2207 4229/2021/2203 4230/2018/993
f 4230/2018/993 4229/2021/2203 4231/2020/993
f 4231/2020/993 4232/2019/993 4230/2018/993
f 4233/1063/2208 4234/1062/2208 4235/2026/876
f 4235/2026/876 4236/2027/876 4233/1063/2208
f 4236/2027/876 4235/2026/876 4237/2028/647
f 4237/2028/647 4238/2029/647 4236/2027/876
f 4239/2030/811 4240/2031/811 4241/2032/811
f 4242/2033/811 4240/2031/811 4239/2030/811
f 4239/2030/811 4243/2034/811 4242/2033/811
f 4244/2035/811 4242/2033/811 4243/2034/811
f 4243/2034/811 4245/2036/811 4244/2035/811
f 4244/2035/811 4245/2036/811 4246/2034/811
f 4246/2034/811 4247/2033/811 4244/2035/811
f 4247/2033/811 4246/2034/811 4248/2030/811
f 4248/2030/811 4249/2031/811 4247/2033/811
f 4249/2031/811 4248/2030/811 4250/2032/811
f 4251/1114/2209 4252/1113/689 4253/1112/689
f 4253/1112/689 4254/1115/2209 4251/1114/2209
f 4255/1116/2210 4251/1114/2209 4254/1115/2209
f 4254/1115/2209 4256/1117/2211 4255/1116/2210
f 4257/1119/997 4258/1118/997 4259/1120/997
f 4259/1120/997 4258/1118/997 4260/1121/997
f 4260/1121/997 4261/1122/997 4259/1120/997
f 4262/1132/2212 4263/1133/2213 4264/1131/1204
f 4265/1128/2214 4262/1132/2212 4264/1131/1204
f 4265/1128/2214 4264/1131/1204 4266/1130/2215
f 4267/1129/2216 4265/1128/2214 4266/1130/2215
f 4268/1136/2217 4269/1135/2218 4270/1134/2219
f 4270/1134/2219 4271/1137/2220 4268/1136/2217
f 4271/1137/2220 4270/1134/2219 4272/1138/2221
f 4272/1138/2221 4273/1139/2222 4271/1137/2220
f 4273/1139/2222 4272/1138/2221 4274/1140/2223
f 4274/1140/2223 4275/1141/2224 4273/1139/2222
f 4275/1141/2224 4274/1140/2223 4276/555/2225
f 4276/555/2225 4277/554/2225 4275/1141/2224
f 4278/559/2226 4279/556/2227 4280/1142/2228
f 4280/1142/2228 4281/1143/2229 4278/559/2226
f 4281/1143/2229 4280/1142/2228 4282/1144/2230
f 4282/1144/2230 4283/1145/2231 4281/1143/2229
f 4284/1145/2232 4285/1144/2233 4286/1146/2234
f 4286/1146/2234 4287/1147/2235 4284/1145/2232
f 4287/1147/2235 4286/1146/2234 4288/1148/2236
f 4288/1148/2236 4289/1149/2236 4287/1147/2235
f 4290/1152/2237 4291/1151/2238 4292/1150/2239
f 4292/1150/2239 4293/1153/2240 4290/1152/2237
f 4294/1154/2241 4290/1152/2237 4293/1153/2240
f 4293/1153/2240 4295/1155/2242 4294/1154/2241
f 4296/1156/1465 4294/1154/2241 4295/1155/2242
f 4295/1155/2242 4297/1157/2243 4296/1156/1465
f 4298/1158/1463 4296/1156/1465 4297/1157/2243
f 4297/1157/2243 4295/1155/2242 4299/1159/2244
f 4297/1157/2243 4300/1160/2243 4298/1158/1463
f 4301/1161/1463 4298/1158/1463 4300/1160/2243
f 4300/1160/2243 4302/1162/2245 4301/1161/1463
f 4300/1160/2243 4297/1157/2243 4303/1163/2246
f 4299/1159/2244 4303/1163/2246 4297/1157/2243
f 4302/1162/2245 4300/1160/2243 4304/1164/2247
f 4303/1163/2246 4304/1164/2247 4300/1160/2243
f 4304/1164/2247 4305/1165/2248 4302/1162/2245
f 4303/1163/2246 4299/1159/2244 4306/1166/2249
f 4307/1168/2250 4308/1167/2251 4306/1166/2249
f 4306/1166/2249 4309/1169/1164 4303/1163/2246
f 4303/1163/2246 4309/1169/1164 4310/1170/1164
f 4310/1170/1164 4304/1164/2247 4303/1163/2246
f 4306/1166/2249 4311/1171/2252 4307/1168/2250
f 4312/1185/2253 4306/1166/2249 4299/1159/2244
f 4312/1185/2253 4311/1171/2252 4306/1166/2249
f 4299/1159/2244 4313/1186/2254 4312/1185/2253
f 4313/1186/2254 4299/1159/2244 4314/1187/2255
f 4315/1188/2256 4311/1171/2252 4312/1185/2253
f 4314/1187/2255 4316/1189/2257 4313/1186/2254
f 4311/1171/2252 4315/1188/2256 4317/1190/2258
f 4317/1190/2258 4315/1188/2256 4316/1189/2257
f 4317/1190/2258 4318/1192/2259 4311/1171/2252
f 4316/1189/2257 4319/1191/2260 4317/1190/2258
f 4316/1189/2257 4314/1187/2255 4319/1191/2260
f 4318/1192/2259 4320/1194/2261 4311/1171/2252
f 4321/1193/2262 4319/1191/2260 4314/1187/2255
f 4320/1194/2261 4322/1196/2263 4311/1171/2252
f 4314/1187/2255 4323/1195/2264 4321/1193/2262
f 4320/1194/2261 4324/1198/1205 4322/1196/2263
f 4321/1193/2262 4323/1195/2264 4325/1197/1218
f 4322/1196/2263 4324/1198/1205 4325/1197/1218
f 4325/1197/1218 4324/1198/1205 4321/1193/2262
f 4326/1173/2265 4327/1172/2266 4310/1170/1164
f 4327/1172/2266 4304/1164/2247 4310/1170/1164
f 4326/1173/2265 4310/1170/1164 4328/1175/2267
f 4327/1172/2266 4329/1174/2268 4304/1164/2247
f 4330/1177/2269 4326/1173/2265 4328/1175/2267
f 4304/1164/2247 4329/1174/2268 4331/1176/2270
f 4332/1178/2271 4330/1177/2269 4328/1175/2267
f 4331/1176/2270 4333/1179/2272 4304/1164/2247
f 4333/1179/2272 4334/1181/2273 4304/1164/2247
f 4333/1179/2272 4331/1176/2270 4335/1180/2274
f 4331/1176/2270 4332/1178/2271 4335/1180/2274
f 4334/1181/2273 4305/1165/2248 4304/1164/2247
f 4332/1178/2271 4336/1182/2275 4335/1180/2274
f 4336/1182/2275 4332/1178/2271 4328/1175/2267
f 4334/1181/2273 4337/1184/2276 4305/1165/2248
f 4338/1183/2277 4336/1182/2275 4328/1175/2267
f 4337/1184/2276 4338/1183/2277 4305/1165/2248
f 4338/1183/2277 4328/1175/2267 4305/1165/2248
f 4339/575/2278 4340/574/2279 4341/1199/2280
f 4341/1199/2280 4342/1200/2281 4339/575/2278
f 4342/1200/2281 4341/1199/2280 4343/1201/2282
f 4343/1201/2282 4344/1202/2283 4342/1200/2281
f 4344/1202/2283 4343/1201/2282 4345/567/2284
f 4345/567/2284 4346/568/2285 4344/1202/2283
f 4347/1205/2286 4348/1204/1206 4349/1203/2287
f 4349/1203/2287 4350/1206/2267 4347/1205/2286
f 4351/1207/2288 4347/1205/2286 4350/1206/2267
f 4350/1206/2267 4352/1208/1204 4351/1207/2288
f 4353/589/2289 4354/586/2290 4355/1209/2291
f 4355/1209/2291 4356/1210/2292 4353/589/2289
f 4356/1210/2292 4355/1209/2291 4357/1211/2293
f 4357/1211/2293 4358/1212/2294 4356/1210/2292
f 4359/1227/2295 4360/1226/1592 4361/1225/1579
f 4361/1225/1579 4362/1228/1582 4359/1227/2295
f 4363/1229/1583 4359/1227/2295 4362/1228/1582
f 4362/1228/1582 4364/1230/1584 4363/1229/1583
f 4363/1229/1583 4364/1230/1584 4365/1231/2296
f 4365/1231/2296 4366/1232/2297 4363/1229/1583
f 4367/1272/1588 4368/1271/1587 4369/1270/1594
f 4369/1270/1594 4370/1273/1582 4367/1272/1588
f 4371/1274/2298 4367/1272/1588 4370/1273/1582
f 4370/1273/1582 4372/1275/1631 4371/1274/2298
f 4373/1278/1582 4374/1277/1594 4375/1276/1594
f 4375/1276/1594 4376/1279/1588 4373/1278/1582
f 4377/1280/1631 4373/1278/1582 4376/1279/1588
f 4376/1279/1588 4378/1281/1591 4377/1280/1631
f 4379/1284/792 4380/1283/792 4381/1282/792
f 4381/1282/792 4382/1285/792 4379/1284/792
f 4383/1286/792 4379/1284/792 4382/1285/792
f 4382/1285/792 4384/1287/792 4383/1286/792
f 4385/1290/792 4386/1289/792 4387/1288/792
f 4387/1288/792 4388/1291/792 4385/1290/792
f 4389/1292/792 4385/1290/792 4388/1291/792
f 4388/1291/792 4390/1293/792 4389/1292/792
f 4389/1292/792 4390/1293/792 4391/1294/792
f 4391/1294/792 4392/1295/792 4389/1292/792
f 4393/1296/1633 4394/638/2299 4395/639/1634
f 4395/639/1634 4396/1297/1634 4393/1296/1633
f 4397/645/1634 4393/1296/1633 4396/1297/1634
f 4396/1297/1634 4398/644/1633 4397/645/1634
f 4399/1300/1632 4400/1299/1632 4401/1298/1632
f 4401/1298/1632 4402/1301/1632 4399/1300/1632
f 4403/641/1632 4399/1300/1632 4402/1301/1632
f 4402/1301/1632 4404/640/1632 4403/641/1632
f 4405/1304/1632 4406/1303/1636 4407/1302/1632
f 4407/1302/1632 4408/1305/1632 4405/1304/1632
f 4409/1306/1632 4405/1304/1632 4408/1305/1632
f 4408/1305/1632 4410/1307/1632 4409/1306/1632
f 4411/651/1632 4409/1306/1632 4410/1307/1632
f 4410/1307/1632 4412/650/1632 4411/651/1632
f 4413/1308/1633 4414/646/1633 4415/647/1633
f 4415/647/1633 4416/1309/2299 4413/1308/1633
f 4417/1310/1633 4413/1308/1633 4416/1309/2299
f 4416/1309/2299 4418/1311/1633 4417/1310/1633
f 4419/653/1634 4417/1310/1633 4418/1311/1633
f 4418/1311/1633 4420/652/2299 4419/653/1634
f 4421/1314/2300 4422/1313/1204 4423/1312/1227
f 4423/1312/1227 4424/1315/2301 4421/1314/2300
f 4425/1316/2302 4421/1314/2300 4424/1315/2301
f 4424/1315/2301 4426/1317/2301 4425/1316/2302
f 4427/1318/1204 4425/1316/2302 4426/1317/2301
f 4426/1317/2301 4428/1319/1217 4427/1318/1204
f 4429/1321/2303 4430/1320/2303 4431/1322/2304
f 4432/1323/2305 4429/1321/2303 4431/1322/2304
f 4432/1323/2305 4431/1322/2304 4433/1324/2306
f 4433/1324/2306 4434/1325/2306 4432/1323/2305
f 4434/1325/2306 4433/1324/2306 4435/1326/2307
f 4435/1326/2307 4436/1327/2308 4434/1325/2306
f 4436/1327/2308 4435/1326/2307 4437/1328/2309
f 4436/1327/2308 4437/1328/2309 4438/1329/2310
f 4439/1331/2311 4440/1330/2312 4441/1332/2313
f 4439/1331/2311 4441/1332/2313 4442/1333/2314
f 4442/1333/2314 4443/1334/2315 4439/1331/2311
f 4443/1334/2315 4442/1333/2314 4444/1335/2316
f 4444/1335/2316 4445/1336/2317 4443/1334/2315
f 4446/1337/2318 4445/1336/2317 4444/1335/2316
f 4444/1335/2316 4447/1338/2319 4446/1337/2318
f 4448/1341/1222 4449/1340/687 4450/1339/2320
f 4450/1339/2320 4451/1342/2321 4448/1341/1222
f 4452/1343/2322 4451/1342/2321 4450/1339/2320
f 4453/1346/688 4454/1345/2323 4455/1344/2324
f 4455/1344/2324 4456/1347/2325 4453/1346/688
f 4457/1348/2326 4456/1347/2325 4455/1344/2324
f 4458/1354/2327 4459/1353/2328 4460/1355/2329
f 4461/1356/2330 4459/1353/2328 4458/1354/2327
f 4458/1354/2327 4462/1357/2331 4461/1356/2330
f 4463/1370/2332 4464/1369/2333 4465/1368/2334
f 4465/1368/2334 4466/1371/2335 4463/1370/2332
f 4467/1372/2336 4463/1370/2332 4466/1371/2335
f 4466/1371/2335 4468/1373/2337 4467/1372/2336
f 4469/706/689 4470/703/689 4471/1388/689
f 4471/1388/689 4472/1389/689 4469/706/689
f 4472/1389/689 4471/1388/689 4473/708/2338
f 4473/708/2338 4474/709/2338 4472/1389/689
f 4475/1392/647 4476/1391/647 4477/1390/647
f 4477/1390/647 4478/1393/647 4475/1392/647
f 4478/1393/647 4477/1390/647 4479/710/647
f 4479/710/647 4480/707/647 4478/1393/647
f 4481/1396/2339 4482/1395/2340 4483/1394/2341
f 4483/1394/2341 4484/1397/2342 4481/1396/2339
f 4484/1397/2342 4483/1394/2341 4485/1398/2343
f 4485/1398/2343 4486/1399/2344 4484/1397/2342
f 4487/1407/993 4488/1411/993 4489/1410/993
f 4487/1407/993 4489/1410/993 4490/1409/993
f 4491/1408/993 4487/1407/993 4490/1409/993
f 4492/1414/2345 4493/1413/1159 4494/1412/2346
f 4494/1412/2346 4495/1415/696 4492/1414/2345
f 4496/1416/2347 4492/1414/2345 4495/1415/696
f 4495/1415/696 4497/1417/2348 4496/1416/2347
f 4498/1418/2349 4496/1416/2347 4497/1417/2348
f 4497/1417/2348 4499/1419/2350 4498/1418/2349
f 4500/1420/2351 4498/1418/2349 4499/1419/2350
f 4499/1419/2350 4501/1421/719 4500/1420/2351
f 4502/1422/2352 4500/1420/2351 4501/1421/719
f 4501/1421/719 4503/1423/2353 4502/1422/2352
f 4502/1422/2352 4503/1423/2353 4504/1424/725
f 4504/1424/725 4505/1425/2354 4502/1422/2352
f 4505/1425/2354 4504/1424/725 4506/1426/2355
f 4506/1426/2355 4507/1427/2356 4505/1425/2354
f 4507/1427/2356 4506/1426/2355 4508/1428/2357
f 4508/1428/2357 4509/1429/2358 4507/1427/2356
f 4509/1429/2358 4508/1428/2357 4510/1430/722
f 4510/1430/722 4511/1431/2359 4509/1429/2358
f 4512/1432/2360 4511/1431/2359 4510/1430/722
f 4510/1430/722 4513/1433/717 4512/1432/2360
f 4512/1432/2360 4513/1433/717 4514/1434/2361
f 4514/1434/2361 4515/1435/2362 4512/1432/2360
f 4516/1436/2363 4515/1435/2362 4514/1434/2361
f 4514/1434/2361 4517/1437/707 4516/1436/2363
f 4516/1436/2363 4517/1437/707 4518/1438/2364
f 4518/1438/2364 4519/1439/2365 4516/1436/2363
f 4520/1441/2366 4521/1440/2367 4522/1442/2368
f 4521/1440/2367 4520/1441/2366 4523/1443/2369
f 4523/1443/2369 4524/1444/2370 4521/1440/2367
f 4525/1445/2371 4524/1444/2370 4523/1443/2369
f 4523/1443/2369 4526/1446/2372 4525/1445/2371
f 4527/1449/2373 4528/1448/2373 4529/1447/2374
f 4529/1447/2374 4530/1450/2375 4527/1449/2373
f 4530/1450/2375 4529/1447/2374 4531/763/2376
f 4531/763/2376 4532/764/2376 4530/1450/2375
f 4533/1453/997 4534/1452/997 4535/1451/997
f 4533/1453/997 4535/1451/997 4536/1454/997
f 4533/1453/997 4536/1454/997 4537/1455/997
f 4538/1457/993 4539/1457/993 4540/1456/993
f 4541/1458/993 4538/1457/993 4540/1456/993
f 4541/1458/993 4540/1456/993 4542/1459/993
f 4543/1462/2377 4544/1461/928 4545/1460/2290
f 4545/1460/2290 4546/1463/921 4543/1462/2377
f 4546/1463/921 4545/1460/2290 4547/1464/922
f 4547/1464/922 4548/1465/921 4546/1463/921
f 4548/1465/921 4547/1464/922 4549/1466/2378
f 4549/1466/2378 4550/1467/920 4548/1465/921
f 4550/1467/920 4549/1466/2378 4551/1468/1885
f 4551/1468/1885 4552/1469/1886 4550/1467/920
f 4552/1469/1886 4551/1468/1885 4553/1470/1887
f 4553/1470/1887 4554/1471/1888 4552/1469/1886
f 4555/1472/1769 4554/1471/1888 4553/1470/1887
f 4553/1470/1887 4556/1473/1889 4555/1472/1769
f 4557/1475/1771 4558/1474/2379 4559/1476/1769
f 4559/1476/1769 4558/1474/2379 4560/1477/1767
f 4560/1477/1767 4561/1478/1768 4559/1476/1769
f 4562/1479/2380 4561/1478/1768 4560/1477/1767
f 4560/1477/1767 4563/1480/2381 4562/1479/2380
f 4563/1480/2381 4564/1481/1764 4562/1479/2380
f 4565/1484/1773 4566/1483/1773 4567/1482/2382
f 4567/1482/2382 4568/1485/1891 4565/1484/1773
f 4568/1485/1891 4567/1482/2382 4569/1486/1892
f 4569/1486/1892 4570/1487/1893 4568/1485/1891
f 4570/1487/1893 4569/1486/1892 4571/1488/1895
f 4570/1487/1893 4571/1488/1895 4572/1489/1897
f 4573/1490/1895 4570/1487/1893 4572/1489/1897
f 4574/1491/1896 4573/1490/1895 4572/1489/1897
f 4575/1492/1897 4574/1491/1896 4572/1489/1897
f 4575/1492/1897 4576/1493/1898 4574/1491/1896
f 4577/1494/1899 4574/1491/1896 4576/1493/1898
f 4576/1493/1898 4578/1495/1900 4577/1494/1899
f 4579/1496/839 4577/1494/1899 4578/1495/1900
f 4578/1495/1900 4580/1497/839 4579/1496/839
f 4581/1498/1901 4582/793/1783 4583/794/1783
f 4583/794/1783 4584/1499/1902 4581/1498/1901
f 4585/1500/1903 4581/1498/1901 4584/1499/1902
f 4584/1499/1902 4586/1501/2383 4585/1500/1903
f 4585/1500/1903 4586/1501/2383 4587/1501/1905
f 4587/1501/1905 4588/1500/1905 4585/1500/1903
f 4589/1500/1906 4588/1500/1905 4587/1501/1905
f 4587/1501/1905 4590/1501/2384 4589/1500/1906
f 4589/1500/1906 4590/1501/2384 4591/1502/1908
f 4591/1502/1908 4592/1503/1909 4589/1500/1906
f 4592/1503/1909 4591/1502/1908 4593/800/1794
f 4593/800/1794 4594/801/1795 4592/1503/1909
f 4595/1506/1910 4596/1505/1911 4597/1504/1912
f 4597/1504/1912 4598/1507/1913 4595/1506/1910
f 4598/1507/1913 4597/1504/1912 4599/1508/1039
f 4599/1508/1039 4600/1509/2385 4598/1507/1913
f 4600/1509/2385 4599/1508/1039 4601/1510/689
f 4601/1510/689 4602/1511/689 4600/1509/2385
f 4603/1509/2386 4602/1511/689 4601/1510/689
f 4601/1510/689 4604/1508/2387 4603/1509/2386
f 4605/1507/1917 4603/1509/2386 4604/1508/2387
f 4604/1508/2387 4606/1504/1159 4605/1507/1917
f 4607/1506/1918 4605/1507/1917 4606/1504/1159
f 4606/1504/1159 4608/1505/936 4607/1506/1918
f 4609/1514/1818 4610/1513/2388 4611/1512/2389
f 4611/1512/2389 4612/1515/2390 4609/1514/1818
f 4612/1515/2390 4611/1512/2389 4613/1516/1815
f 4613/1516/1815 4614/1517/1814 4612/1515/2390
f 4614/1517/1814 4613/1516/1815 4615/1518/1813
f 4615/1518/1813 4616/1519/1813 4614/1517/1814
f 4617/1520/1811 4616/1519/1813 4615/1518/1813
f 4615/1518/1813 4618/1521/1812 4617/1520/1811
f 4617/1520/1811 4618/1521/1812 4619/1522/1809
f 4619/1522/1809 4620/1523/1810 4617/1520/1811
f 4621/1524/2391 4620/1523/1810 4619/1522/1809
f 4619/1522/1809 4622/1525/1807 4621/1524/2391
f 4623/1526/2392 4621/1524/2391 4622/1525/1807
f 4622/1525/1807 4624/1527/2393 4623/1526/2392
f 4625/1528/2394 4623/1526/2392 4624/1527/2393
f 4624/1527/2393 4626/1529/2395 4625/1528/2394
f 4627/1532/1039 4628/1531/1920 4629/1530/1920
f 4629/1530/1920 4630/1533/1039 4627/1532/1039
f 4631/1534/689 4627/1532/1039 4630/1533/1039
f 4630/1533/1039 4632/1535/689 4631/1534/689
f 4631/1534/689 4632/1535/689 4633/1533/1916
f 4633/1533/1916 4634/1532/1916 4631/1534/689
f 4634/1532/1916 4633/1533/1916 4635/1530/1922
f 4635/1530/1922 4636/1531/1922 4634/1532/1916
f 4637/1538/1924 4638/1537/1924 4639/1536/1925
f 4639/1536/1925 4640/1539/1925 4637/1538/1924
f 4640/1539/1925 4639/1536/1925 4641/1540/1926
f 4641/1540/1926 4642/1541/1926 4640/1539/1925
f 4643/1542/2396 4642/1541/1926 4641/1540/1926
f 4641/1540/1926 4644/1543/2396 4643/1542/2396
f 4645/1544/1925 4643/1542/2396 4644/1543/2396
f 4644/1543/2396 4646/1545/1925 4645/1544/1925
f 4647/1460/1927 4648/1461/938 4649/1462/939
f 4649/1462/939 4650/1463/933 4647/1460/1927
f 4651/1464/2397 4647/1460/1927 4650/1463/933
f 4650/1463/933 4652/1465/933 4651/1464/2397
f 4653/1466/932 4651/1464/2397 4652/1465/933
f 4652/1465/933 4654/1467/930 4653/1466/932
f 4655/1468/2398 4653/1466/932 4654/1467/930
f 4654/1467/930 4656/1469/1930 4655/1468/2398
f 4657/1470/1931 4655/1468/2398 4656/1469/1930
f 4656/1469/1930 4658/1471/1932 4657/1470/1931
f 4657/1470/1931 4658/1471/1932 4659/1472/1843
f 4659/1472/1843 4660/1473/1933 4657/1470/1931
f 4661/1474/1844 4662/1475/1845 4663/1476/1843
f 4664/1477/1841 4661/1474/1844 4663/1476/1843
f 4663/1476/1843 4665/1478/1842 4664/1477/1841
f 4664/1477/1841 4665/1478/1842 4666/1479/2399
f 4666/1479/2399 4667/1480/2400 4664/1477/1841
f 4668/1481/1838 4667/1480/2400 4666/1479/2399
f 4669/1548/1860 4670/1547/2401 4671/1546/2402
f 4671/1546/2402 4672/1549/2403 4669/1548/1860
f 4673/1550/1858 4669/1548/1860 4672/1549/2403
f 4672/1549/2403 4674/1551/1857 4673/1550/1858
f 4675/1552/1856 4673/1550/1858 4674/1551/1857
f 4674/1551/1857 4676/1553/1856 4675/1552/1856
f 4675/1552/1856 4676/1553/1856 4677/1554/1854
f 4677/1554/1854 4678/1555/1855 4675/1552/1856
f 4679/1556/2404 4678/1555/1855 4677/1554/1854
f 4677/1554/1854 4680/1557/2405 4679/1556/2404
f 4679/1556/2404 4680/1557/2405 4681/1558/1851
f 4681/1558/1851 4682/1559/1850 4679/1556/2404
f 4682/1559/1850 4681/1558/1851 4683/1560/2406
f 4683/1560/2406 4684/1561/1848 4682/1559/1850
f 4684/1561/1848 4683/1560/2406 4685/1562/1846
f 4685/1562/1846 4686/1563/2407 4684/1561/1848
f 4687/1564/1979 4688/1537/1979 4689/1538/1979
f 4689/1538/1979 4690/1565/1979 4687/1564/1979
f 4691/1566/1980 4687/1564/1979 4690/1565/1979
f 4690/1565/1979 4692/1567/2408 4691/1566/1980
f 4691/1566/1980 4692/1567/2408 4693/1568/2408
f 4693/1568/2408 4694/1569/2408 4691/1566/1980
f 4694/1569/2408 4693/1568/2408 4695/1570/1979
f 4695/1570/1979 4696/1571/1979 4694/1569/2408
f 4697/1574/1981 4698/1573/1981 4699/1572/1981
f 4699/1572/1981 4700/1575/1981 4697/1574/1981
f 4701/1576/1983 4697/1574/1981 4700/1575/1981
f 4700/1575/1981 4702/1577/1983 4701/1576/1983
f 4703/1578/1984 4701/1576/1983 4702/1577/1983
f 4702/1577/1983 4704/1579/1983 4703/1578/1984
f 4705/806/1985 4703/1578/1984 4704/1579/1983
f 4704/1579/1983 4706/805/1985 4705/806/1985
f 4707/1582/1986 4708/1581/1986 4709/1580/1986
f 4709/1580/1986 4710/1583/1986 4707/1582/1986
f 4711/1584/1986 4707/1582/1986 4710/1583/1986
f 4710/1583/1986 4712/1585/1986 4711/1584/1986
f 4713/1586/1986 4711/1584/1986 4712/1585/1986
f 4712/1585/1986 4714/1587/1986 4713/1586/1986
f 4715/1588/1986 4713/1586/1986 4714/1587/1986
f 4714/1587/1986 4716/1589/1986 4715/1588/1986
f 4717/1590/1987 4715/1588/1986 4716/1589/1986
f 4716/1589/1986 4718/1591/1988 4717/1590/1987
f 4719/1594/1989 4720/1593/689 4721/1592/689
f 4721/1592/689 4722/1595/1991 4719/1594/1989
f 4722/1595/1991 4721/1592/689 4723/1596/2409
f 4723/1596/2409 4724/1596/1992 4722/1595/1991
f 4724/1596/1992 4723/1596/2409 4725/1597/1991
f 4725/1597/1991 4726/1598/1991 4724/1596/1992
f 4726/1598/1991 4725/1597/1991 4727/1599/1990
f 4727/1599/1990 4728/1599/1990 4726/1598/1991
f 4728/1599/1990 4727/1599/1990 4729/1600/1990
f 4729/1600/1990 4730/1601/2410 4728/1599/1990
f 4731/1602/1996 4732/811/1996 4733/812/1996
f 4733/812/1996 4734/1603/1996 4731/1602/1996
f 4735/816/1996 4731/1602/1996 4734/1603/1996
f 4734/1603/1996 4736/815/1996 4735/816/1996
f 4737/1604/1997 4738/819/1997 4739/820/1997
f 4739/820/1997 4740/1605/1997 4737/1604/1997
f 4741/824/1998 4737/1604/1997 4740/1605/1997
f 4740/1605/1997 4742/823/1998 4741/824/1998
f 4743/1460/1555 4744/1461/1756 4745/1462/890
f 4745/1462/890 4746/1463/890 4743/1460/1555
f 4747/1464/1757 4743/1460/1555 4746/1463/890
f 4746/1463/890 4748/1465/887 4747/1464/1757
f 4749/1466/1758 4747/1464/1757 4748/1465/887
f 4748/1465/887 4750/1467/887 4749/1466/1758
f 4751/1468/1759 4749/1466/1758 4750/1467/887
f 4750/1467/887 4752/1469/1760 4751/1468/1759
f 4753/1470/1761 4751/1468/1759 4752/1469/1760
f 4752/1469/1760 4754/1471/1762 4753/1470/1761
f 4753/1470/1761 4754/1471/1762 4755/1472/1763
f 4755/1472/1763 4756/1473/1764 4753/1470/1761
f 4757/1482/2411 4758/1483/1773 4759/1484/1773
f 4759/1484/1773 4760/1485/1774 4757/1482/2411
f 4761/1486/2412 4757/1482/2411 4760/1485/1774
f 4760/1485/1774 4762/1487/2413 4761/1486/2412
f 4763/1488/1777 4761/1486/2412 4762/1487/2413
f 4763/1488/1777 4762/1487/2413 4764/1489/1778
f 4762/1487/2413 4765/1490/1777 4764/1489/1778
f 4765/1490/1777 4766/1491/2414 4764/1489/1778
f 4766/1491/2414 4767/1492/1777 4764/1489/1778
f 4766/1491/2414 4768/1493/2415 4767/1492/1777
f 4768/1493/2415 4766/1491/2414 4769/1494/1781
f 4769/1494/1781 4770/1495/1782 4768/1493/2415
f 4770/1495/1782 4769/1494/1781 4771/1496/839
f 4771/1496/839 4772/1497/839 4770/1495/1782
f 4773/826/1783 4774/827/1783 4775/1606/2416
f 4775/1606/2416 4776/1607/2417 4773/826/1783
f 4776/1607/2417 4775/1606/2416 4777/1608/2418
f 4777/1608/2418 4778/1609/1787 4776/1607/2417
f 4779/1610/1789 4778/1609/1787 4777/1608/2418
f 4777/1608/2418 4780/1611/1789 4779/1610/1789
f 4779/1610/1789 4780/1611/1789 4781/1611/2419
f 4781/1611/2419 4782/1610/1791 4779/1610/1789
f 4783/1612/2420 4782/1610/1791 4781/1611/2419
f 4781/1611/2419 4784/1613/2421 4783/1612/2420
f 4785/832/1794 4783/1612/2420 4784/1613/2421
f 4784/1613/2421 4786/831/1795 4785/832/1794
f 4787/1504/1796 4788/1505/893 4789/1506/1797
f 4789/1506/1797 4790/1507/1798 4787/1504/1796
f 4791/1508/1373 4787/1504/1796 4790/1507/1798
f 4790/1507/1798 4792/1509/2422 4791/1508/1373
f 4793/1510/647 4791/1508/1373 4792/1509/2422
f 4792/1509/2422 4794/1511/647 4793/1510/647
f 4793/1510/647 4794/1511/647 4795/1509/1800
f 4795/1509/1800 4796/1508/1801 4793/1510/647
f 4796/1508/1801 4795/1509/1800 4797/1507/1068
f 4797/1507/1068 4798/1504/1067 4796/1508/1801
f 4798/1504/1067 4797/1507/1068 4799/1506/903
f 4799/1506/903 4800/1505/1802 4798/1504/1067
f 4801/1530/1820 4802/1531/1821 4803/1532/1373
f 4803/1532/1373 4804/1533/1822 4801/1530/1820
f 4804/1533/1822 4803/1532/1373 4805/1534/647
f 4805/1534/647 4806/1535/647 4804/1533/1822
f 4807/1533/1801 4806/1535/647 4805/1534/647
f 4805/1534/647 4808/1532/1823 4807/1533/1801
f 4809/1530/1824 4807/1533/1801 4808/1532/1823
f 4808/1532/1823 4810/1531/2423 4809/1530/1824
f 4811/1564/1827 4812/1537/1827 4813/1538/1827
f 4813/1538/1827 4814/1565/1827 4811/1564/1827
f 4815/1614/1828 4811/1564/1827 4814/1565/1827
f 4814/1565/1827 4816/1615/1828 4815/1614/1828
f 4815/1614/1828 4816/1615/1828 4817/1616/1828
f 4817/1616/1828 4818/1617/1828 4815/1614/1828
f 4818/1617/1828 4817/1616/1828 4819/1618/1827
f 4819/1618/1827 4820/1619/1827 4818/1617/1828
f 4821/1462/2424 4822/1461/2425 4823/1460/904
f 4823/1460/904 4824/1463/897 4821/1462/2424
f 4824/1463/897 4823/1460/904 4825/1464/1831
f 4825/1464/1831 4826/1465/896 4824/1463/897
f 4826/1465/896 4825/1464/1831 4827/1466/898
f 4827/1466/898 4828/1467/896 4826/1465/896
f 4828/1467/896 4827/1466/898 4829/1468/1833
f 4829/1468/1833 4830/1469/1834 4828/1467/896
f 4830/1469/1834 4829/1468/1833 4831/1470/2426
f 4831/1470/2426 4832/1471/1836 4830/1469/1834
f 4833/1472/1837 4832/1471/1836 4831/1470/2426
f 4831/1470/2426 4834/1473/1838 4833/1472/1837
f 4835/1622/2427 4836/1621/1943 4837/1620/1942
f 4837/1620/1942 4838/1623/2428 4835/1622/2427
f 4839/1624/1938 4835/1622/2427 4838/1623/2428
f 4838/1623/2428 4840/1625/1938 4839/1624/1938
f 4839/1624/1938 4840/1625/1938 4841/1626/2429
f 4841/1626/2429 4842/1627/2430 4839/1624/1938
f 4842/1627/2430 4841/1626/2429 4843/1628/1934
f 4843/1628/1934 4844/1629/1935 4842/1627/2430
f 4844/1629/1935 4843/1628/1934 4845/1630/1954
f 4845/1630/1954 4846/1631/2431 4844/1629/1935
f 4847/1631/1953 4846/1631/2431 4845/1630/1954
f 4845/1630/1954 4848/1630/1952 4847/1631/1953
f 4849/1632/2432 4847/1631/1953 4848/1630/1952
f 4848/1630/1952 4850/1633/2433 4849/1632/2432
f 4851/1634/1949 4849/1632/2432 4850/1633/2433
f 4850/1633/2433 4852/1635/1949 4851/1634/1949
f 4851/1634/1949 4852/1635/1949 4853/1636/1948
f 4853/1636/1948 4854/1637/2434 4851/1634/1949
f 4854/1637/2434 4853/1636/1948 4855/1638/1946
f 4855/1638/1946 4856/1639/2435 4854/1637/2434
f 4856/1639/2435 4855/1638/1946 4857/1638/2436
f 4857/1638/2436 4858/1639/1944 4856/1639/2435
f 4859/1639/1943 4858/1639/1944 4857/1638/2436
f 4857/1638/2436 4860/1638/1942 4859/1639/1943
f 4861/1642/2437 4862/1641/1964 4863/1640/2438
f 4863/1640/2438 4864/1643/2439 4861/1642/2437
f 4865/1644/1960 4861/1642/2437 4864/1643/2439
f 4864/1643/2439 4866/1645/1960 4865/1644/1960
f 4865/1644/1960 4866/1645/1960 4867/1646/1959
f 4867/1646/1959 4868/1647/1958 4865/1644/1960
f 4868/1647/1958 4867/1646/1959 4869/1648/1978
f 4869/1648/1978 4870/1649/2440 4868/1647/1958
f 4870/1649/2440 4869/1648/1978 4871/1648/1975
f 4871/1648/1975 4872/1649/1975 4870/1649/2440
f 4873/1649/2441 4872/1649/1975 4871/1648/1975
f 4871/1648/1975 4874/1648/1973 4873/1649/2441
f 4875/1650/2442 4873/1649/2441 4874/1648/1973
f 4874/1648/1973 4876/1651/1971 4875/1650/2442
f 4877/1652/1970 4875/1650/2442 4876/1651/1971
f 4876/1651/1971 4878/1653/1970 4877/1652/1970
f 4877/1652/1970 4878/1653/1970 4879/1654/1969
f 4879/1654/1969 4880/1655/2443 4877/1652/1970
f 4880/1655/2443 4879/1654/1969 4881/1656/1967
f 4881/1656/1967 4882/1657/1966 4880/1655/2443
f 4882/1657/1966 4881/1656/1967 4883/1658/2444
f 4883/1658/2444 4884/1659/2445 4882/1657/1966
f 4885/1659/1964 4884/1659/2445 4883/1658/2444
f 4883/1658/2444 4886/1658/2446 4885/1659/1964
f 4887/1538/1863 4888/1537/1863 4889/1536/1863
f 4889/1536/1863 4890/1539/1863 4887/1538/1863
f 4890/1539/1863 4889/1536/1863 4891/1540/1864
f 4891/1540/1864 4892/1541/1864 4890/1539/1863
f 4893/1542/1864 4892/1541/1864 4891/1540/1864
f 4891/1540/1864 4894/1543/1864 4893/1542/1864
f 4895/1544/2447 4893/1542/1864 4894/1543/1864
f 4894/1543/1864 4896/1545/1863 4895/1544/2447
f 4897/1662/1865 4898/1661/1865 4899/1660/1865
f 4899/1660/1865 4900/1663/1865 4897/1662/1865
f 4900/1663/1865 4899/1660/1865 4901/1664/1866
f 4901/1664/1866 4902/1665/1866 4900/1663/1865
f 4902/1665/1866 4901/1664/1866 4903/1666/1866
f 4903/1666/1866 4904/1667/1866 4902/1665/1866
f 4904/1667/1866 4903/1666/1866 4905/833/1867
f 4905/833/1867 4906/834/2448 4904/1667/1866
f 4907/1670/1868 4908/1669/1868 4909/1668/1868
f 4909/1668/1868 4910/1671/1868 4907/1670/1868
f 4910/1671/1868 4909/1668/1868 4911/1672/1868
f 4911/1672/1868 4912/1673/1868 4910/1671/1868
f 4912/1673/1868 4911/1672/1868 4913/1674/1868
f 4913/1674/1868 4914/1675/1868 4912/1673/1868
f 4914/1675/1868 4913/1674/1868 4915/1676/1868
f 4915/1676/1868 4916/1677/1868 4914/1675/1868
f 4916/1677/1868 4915/1676/1868 4917/1678/1869
f 4917/1678/1869 4918/1679/1869 4916/1677/1868
f 4919/1592/1873 4920/1593/647 4921/1594/1873
f 4921/1594/1873 4922/1592/1873 4919/1592/1873
f 4923/1596/1870 4919/1592/1873 4922/1592/1873
f 4922/1592/1873 4924/1596/1872 4923/1596/1870
f 4925/1597/1872 4923/1596/1870 4924/1596/1872
f 4924/1596/1872 4926/1597/647 4925/1597/1872
f 4927/1599/647 4925/1597/1872 4926/1597/647
f 4926/1597/647 4928/1599/647 4927/1599/647
f 4929/1680/2449 4927/1599/647 4928/1599/647
f 4928/1599/647 4930/1601/2450 4929/1680/2449
f 4931/840/1876 4932/839/1876 4933/1681/1876
f 4933/1681/1876 4934/1682/1876 4931/840/1876
f 4934/1682/1876 4933/1681/1876 4935/842/1876
f 4935/842/1876 4936/843/1876 4934/1682/1876
f 4937/850/1881 4938/849/1881 4939/1683/1880
f 4939/1683/1880 4940/1684/1880 4937/850/1881
f 4940/1684/1880 4939/1683/1880 4941/851/1881
f 4941/851/1881 4942/852/2451 4940/1684/1880
f 4943/1687/2452 4944/1686/2453 4945/1685/2454
f 4945/1685/2454 4946/1688/2455 4943/1687/2452
f 4946/1688/2455 4945/1685/2454 4947/1689/2456
f 4947/1689/2456 4948/1690/2457 4946/1688/2455
f 4949/1691/2458 4948/1690/2457 4947/1689/2456
f 4949/1691/2458 4947/1689/2456 4950/1692/2459
f 4951/1693/2460 4949/1691/2458 4950/1692/2459
f 4951/1693/2460 4950/1692/2459 4952/1694/2461
f 4952/1694/2461 4953/1695/2462 4951/1693/2460
f 4953/1695/2462 4952/1694/2461 4954/1696/2463
f 4954/1696/2463 4955/1697/2464 4953/1695/2462
f 4955/1697/2464 4954/1696/2463 4956/1698/2465
f 4956/1698/2465 4957/1699/2466 4955/1697/2464
f 4958/1700/2467 4957/1699/2466 4956/1698/2465
f 4956/1698/2465 4959/1701/2467 4958/1700/2467
f 4960/1702/2468 4958/1700/2467 4959/1701/2467
f 4959/1701/2467 4961/1703/2468 4960/1702/2468
f 4962/1704/2469 4960/1702/2468 4961/1703/2468
f 4961/1703/2468 4963/1705/2470 4962/1704/2469
f 4964/1706/2471 4962/1704/2469 4963/1705/2470
f 4963/1705/2470 4965/1707/2472 4964/1706/2471
f 4966/1708/2473 4964/1706/2471 4965/1707/2472
f 4965/1707/2472 4967/1709/2474 4966/1708/2473
f 4966/1708/2473 4967/1709/2474 4968/1710/2475
f 4968/1710/2475 4969/1711/2476 4966/1708/2473
f 4969/1711/2476 4968/1710/2475 4970/1712/2477
f 4970/1712/2477 4971/1713/2478 4969/1711/2476
f 4971/1713/2478 4970/1712/2477 4972/1714/2479
f 4972/1714/2479 4973/1715/2480 4971/1713/2478
f 4974/1718/792 4975/1717/792 4976/1716/2029
f 4974/1718/792 4976/1716/2029 4977/1719/2030
f 4978/1720/792 4974/1718/792 4977/1719/2030
f 4979/1721/792 4978/1720/792 4977/1719/2030
f 4980/1722/2031 4979/1721/792 4977/1719/2030
f 4981/1723/2032 4980/1722/2031 4977/1719/2030
f 4982/1726/2035 4983/1725/2481 4984/1724/2033
f 4984/1724/2033 4985/1727/2036 4982/1726/2035
f 4986/1728/2482 4982/1726/2035 4985/1727/2036
f 4985/1727/2036 4987/1729/2483 4986/1728/2482
f 4988/1730/2484 4986/1728/2482 4987/1729/2483
f 4987/1729/2483 4989/1731/2485 4988/1730/2484
f 4990/1734/2486 4991/1733/2487 4992/1732/2488
f 4992/1732/2488 4993/1735/2489 4990/1734/2486
f 4993/1735/2489 4992/1732/2488 4994/1736/2490
f 4994/1736/2490 4995/1737/2491 4993/1735/2489
f 4995/1737/2491 4994/1736/2490 4996/1738/2492
f 4996/1738/2492 4997/1739/2493 4995/1737/2491
f 4997/1739/2493 4996/1738/2492 4998/1740/2494
f 4998/1740/2494 4999/1741/2495 4997/1739/2493
f 4999/1741/2495 4998/1740/2494 5000/1742/2496
f 5000/1742/2496 5001/1743/2497 4999/1741/2495
f 5002/1744/2498 5001/1743/2497 5000/1742/2496
f 5000/1742/2496 5003/1745/2499 5002/1744/2498
f 5004/1748/2500 5005/1747/926 5006/1746/926
f 5006/1746/926 5007/1749/2501 5004/1748/2500
f 5007/1749/2501 5006/1746/926 5008/1750/926
f 5008/1750/926 5009/1751/926 5007/1749/2501
f 5010/1754/2502 5011/1753/2503 5012/1752/2504
f 5012/1752/2504 5013/1755/2505 5010/1754/2502
f 5014/1756/2506 5010/1754/2502 5013/1755/2505
f 5013/1755/2505 5015/1757/2507 5014/1756/2506
f 5014/1756/2506 5015/1757/2507 5016/1758/2508
f 5016/1758/2508 5017/1759/2509 5014/1756/2506
f 5018/1762/2510 5019/1761/2511 5020/1760/2512
f 5020/1760/2512 5021/1763/2513 5018/1762/2510
f 5022/1764/2514 5018/1762/2510 5021/1763/2513
f 5021/1763/2513 5023/1765/2514 5022/1764/2514
f 5024/1766/2515 5022/1764/2514 5023/1765/2514
f 5023/1765/2514 5025/1767/2516 5024/1766/2515
f 5026/1768/2517 5024/1766/2515 5025/1767/2516
f 5025/1767/2516 5027/1769/2518 5026/1768/2517
f 5028/1772/2519 5029/1771/2520 5030/1770/2521
f 5030/1770/2521 5031/1773/2522 5028/1772/2519
f 5032/1774/2523 5028/1772/2519 5031/1773/2522
f 5031/1773/2522 5033/1775/2524 5032/1774/2523
f 5034/1776/2525 5032/1774/2523 5033/1775/2524
f 5033/1775/2524 5035/1777/2526 5034/1776/2525
f 5036/1778/2527 5034/1776/2525 5035/1777/2526
f 5037/1779/2528 5036/1778/2527 5035/1777/2526
f 5038/1780/1307 5037/1779/2528 5035/1777/2526
f 5039/1773/2529 5040/1770/2530 5041/1771/2531
f 5041/1771/2531 5042/1772/2532 5039/1773/2529
f 5043/1781/2533 5039/1773/2529 5042/1772/2532
f 5042/1772/2532 5044/1774/2533 5043/1781/2533
f 5045/1782/2534 5043/1781/2533 5044/1774/2533
f 5044/1774/2533 5046/1783/2535 5045/1782/2534
f 5047/1784/1308 5045/1782/2534 5046/1783/2535
f 5046/1783/2535 5048/1779/1309 5047/1784/1308
f 5049/1787/2536 5050/1786/2537 5051/1785/2538
f 5051/1785/2538 5052/1788/2539 5049/1787/2536
f 5053/1789/2540 5049/1787/2536 5052/1788/2539
f 5052/1788/2539 5054/1790/2541 5053/1789/2540
f 5055/1791/2542 5053/1789/2540 5054/1790/2541
f 5054/1790/2541 5056/1792/2543 5055/1791/2542
f 5057/1795/2544 5058/1794/2545 5059/1793/2546
f 5059/1793/2546 5060/1796/2547 5057/1795/2544
f 5061/1797/2548 5057/1795/2544 5060/1796/2547
f 5060/1796/2547 5062/1798/2549 5061/1797/2548
f 5063/1799/2550 5061/1797/2548 5062/1798/2549
f 5062/1798/2549 5064/1800/2551 5063/1799/2550
f 5065/1803/647 5066/1802/647 5067/1801/647
f 5067/1801/647 5068/1803/2552 5065/1803/647
f 5068/1803/2552 5067/1801/647 5069/1804/647
f 5069/1804/647 5070/1805/2553 5068/1803/2552
f 5071/1805/647 5070/1805/2553 5069/1804/647
f 5069/1804/647 5072/1806/2450 5071/1805/647
f 5073/1810/2554 5074/1811/2555 5075/1809/2554
f 5076/1807/2556 5073/1810/2554 5075/1809/2554
f 5077/1808/2557 5076/1807/2556 5075/1809/2554
f 5078/1815/997 5079/1816/997 5080/1814/997
f 5081/1812/997 5078/1815/997 5080/1814/997
f 5082/1813/997 5081/1812/997 5080/1814/997
f 5083/1819/997 5084/1818/997 5085/1817/997
f 5083/1819/997 5085/1817/997 5086/1820/997
f 5087/1821/997 5083/1819/997 5086/1820/997
f 5086/1820/997 5088/1822/997 5087/1821/997
f 5088/1822/997 5089/1823/997 5087/1821/997
f 5090/1824/997 5088/1822/997 5086/1820/997
f 5088/1822/997 5091/1825/997 5089/1823/997
f 5086/1820/997 5092/1826/997 5090/1824/997
f 5091/1825/997 5093/1827/997 5089/1823/997
f 5090/1824/997 5092/1826/997 5094/1828/997
f 5092/1826/997 5095/1829/997 5094/1828/997
f 5090/1824/997 5094/1828/997 5096/1830/997
f 5092/1826/997 5097/1831/997 5095/1829/997
f 5098/1832/997 5090/1824/997 5096/1830/997
f 5093/1827/997 5098/1832/997 5096/1830/997
f 5093/1827/997 5096/1830/997 5089/1823/997
f 5097/1831/997 5099/1833/997 5095/1829/997
f 5096/1830/997 5100/1838/997 5089/1823/997
f 5100/1838/997 5101/1840/997 5089/1823/997
f 5096/1830/997 5102/1839/997 5100/1838/997
f 5097/1831/997 5103/1834/997 5099/1833/997
f 5097/1831/997 5104/1835/997 5103/1834/997
f 5103/1834/997 5104/1835/997 5105/1836/997
f 5105/1836/997 5106/1837/997 5103/1834/997
f 5107/1843/997 5108/1842/997 5109/1841/997
f 5109/1841/997 5110/1844/997 5107/1843/997
f 5109/1841/997 5111/1845/997 5110/1844/997
f 5111/1845/997 5112/1846/997 5110/1844/997
f 5111/1845/997 5113/1847/997 5112/1846/997
f 5113/1847/997 5114/1849/997 5115/1848/997
f 5115/1848/997 5112/1846/997 5113/1847/997
f 5112/1846/997 5115/1848/997 5116/1850/997
f 5116/1850/997 5117/1851/997 5112/1846/997
f 5118/1854/993 5119/1853/993 5120/1852/993
f 5120/1852/993 5121/1855/993 5118/1854/993
f 5120/1852/993 5122/1856/993 5121/1855/993
f 5122/1856/993 5123/1857/993 5121/1855/993
f 5123/1857/993 5124/1858/993 5121/1855/993
f 5125/1859/2558 5126/951/2559 5127/952/2560
f 5127/952/2560 5128/1860/2558 5125/1859/2558
f 5129/1861/2561 5125/1859/2558 5128/1860/2558
f 5128/1860/2558 5130/1862/2561 5129/1861/2561
f 5131/954/2562 5129/1861/2561 5130/1862/2561
f 5130/1862/2561 5132/953/2562 5131/954/2562
f 5133/1734/993 5134/1863/993 5135/1733/993
f 5136/1731/993 5135/1733/993 5134/1863/993
f 5134/1863/993 5137/1864/993 5136/1731/993
f 5136/1731/993 5137/1864/993 5138/1730/993
f 5139/1867/2563 5140/1866/2564 5141/1865/2564
f 5141/1865/2564 5142/1868/2565 5139/1867/2563
f 5143/1869/2566 5139/1867/2563 5142/1868/2565
f 5142/1868/2565 5144/1870/2566 5143/1869/2566
f 5145/1871/2567 5143/1869/2566 5144/1870/2566
f 5144/1870/2566 5146/1872/2567 5145/1871/2567
f 5147/1873/2568 5145/1871/2567 5146/1872/2567
f 5146/1872/2567 5148/1874/2568 5147/1873/2568
f 5149/1877/2569 5150/1876/2570 5151/1875/2571
f 5151/1875/2571 5152/1878/2572 5149/1877/2569
f 5153/1879/1207 5149/1877/2569 5152/1878/2572
f 5152/1878/2572 5154/1880/2502 5153/1879/1207
f 5155/1881/2504 5153/1879/1207 5154/1880/2502
f 5154/1880/2502 5156/1882/2504 5155/1881/2504
f 5157/1885/997 5158/1884/997 5159/1883/997
f 5159/1883/997 5160/1886/997 5157/1885/997
f 5161/1887/997 5157/1885/997 5160/1886/997
f 5160/1886/997 5162/1888/997 5161/1887/997
f 5163/1889/997 5161/1887/997 5162/1888/997
f 5162/1888/997 5164/1890/997 5163/1889/997
f 5165/1891/997 5163/1889/997 5164/1890/997
f 5164/1890/997 5166/1892/997 5165/1891/997
f 5167/1895/993 5168/1894/993 5169/1893/993
f 5169/1893/993 5170/1896/993 5167/1895/993
f 5171/1897/993 5167/1895/993 5170/1896/993
f 5170/1896/993 5172/1898/993 5171/1897/993
f 5173/1885/993 5171/1897/993 5172/1898/993
f 5172/1898/993 5174/1899/993 5173/1885/993
f 5175/1900/993 5173/1885/993 5174/1899/993
f 5174/1899/993 5176/1901/993 5175/1900/993
f 5177/1904/997 5178/1903/997 5179/1902/997
f 5179/1902/997 5180/1905/997 5177/1904/997
f 5181/1906/997 5177/1904/997 5180/1905/997
f 5180/1905/997 5182/1907/997 5181/1906/997
f 5183/1908/997 5181/1906/997 5182/1907/997
f 5182/1907/997 5184/1909/997 5183/1908/997
f 5185/1912/993 5186/1911/993 5187/1910/993
f 5187/1910/993 5188/1913/993 5185/1912/993
f 5189/1904/993 5185/1912/993 5188/1913/993
f 5188/1913/993 5190/1905/993 5189/1904/993
f 5191/1914/993 5189/1904/993 5190/1905/993
f 5190/1905/993 5192/1915/993 5191/1914/993
f 5193/1918/2573 5194/1917/2573 5195/1916/2574
f 5195/1916/2574 5196/1919/2575 5193/1918/2573
f 5196/1919/2575 5195/1916/2574 5197/1920/2576
f 5197/1920/2576 5198/1921/2577 5196/1919/2575
f 5198/1921/2577 5197/1920/2576 5199/1922/2578
f 5199/1922/2578 5200/1923/2579 5198/1921/2577
f 5201/1924/2580 5200/1923/2579 5199/1922/2578
f 5199/1922/2578 5202/1925/2580 5201/1924/2580
f 5203/1926/2581 5201/1924/2580 5202/1925/2580
f 5202/1925/2580 5204/1927/2582 5203/1926/2581
f 5205/1928/2583 5203/1926/2581 5204/1927/2582
f 5204/1927/2582 5206/1929/2584 5205/1928/2583
f 5207/1930/2585 5205/1928/2583 5206/1929/2584
f 5206/1929/2584 5208/1931/2586 5207/1930/2585
f 5209/1932/2587 5207/1930/2585 5208/1931/2586
f 5208/1931/2586 5210/1933/2588 5209/1932/2587
f 5209/1932/2587 5210/1933/2588 5211/1934/2589
f 5211/1934/2589 5212/1935/2590 5209/1932/2587
f 5212/1935/2590 5211/1934/2589 5213/1936/2591
f 5213/1936/2591 5214/1937/2592 5212/1935/2590
f 5214/1937/2592 5213/1936/2591 5215/1938/2592
f 5215/1938/2592 5216/1939/2593 5214/1937/2592
f 5216/1939/2593 5215/1938/2592 5217/1940/2149
f 5216/1939/2593 5217/1940/2149 5218/1941/2150
f 5217/1940/2149 5219/1942/2594 5218/1941/2150
f 5219/1942/2594 5217/1940/2149 5220/1943/997
f 5220/1943/997 5221/1944/997 5219/1942/2594
f 5221/1944/997 5220/1943/997 5222/1945/2152
f 5222/1945/2152 5223/1946/2029 5221/1944/997
f 5224/1949/2595 5225/1948/2596 5226/1947/2597
f 5226/1947/2597 5227/1950/2598 5224/1949/2595
f 5228/1951/2599 5224/1949/2595 5227/1950/2598
f 5227/1950/2598 5229/1952/2600 5228/1951/2599
f 5230/1953/2601 5228/1951/2599 5229/1952/2600
f 5229/1952/2600 5231/1954/2602 5230/1953/2601
f 5230/1953/2601 5231/1954/2602 5232/1955/2603
f 5232/1955/2603 5233/1956/2604 5230/1953/2601
f 5234/1957/2605 5233/1956/2604 5232/1955/2603
f 5232/1955/2603 5235/1958/2605 5234/1957/2605
f 5234/1957/2605 5235/1958/2605 5236/1959/2606
f 5236/1959/2606 5237/1960/2607 5234/1957/2605
f 5237/1960/2607 5236/1959/2606 5238/1961/2608
f 5238/1961/2608 5239/1962/2609 5237/1960/2607
f 5239/1962/2609 5238/1961/2608 5240/1963/2610
f 5240/1963/2610 5241/1964/2611 5239/1962/2609
f 5241/1964/2611 5240/1963/2610 5242/1965/2612
f 5242/1965/2612 5243/1966/2613 5241/1964/2611
f 5243/1966/2613 5242/1965/2612 5244/1967/2614
f 5244/1967/2614 5245/1968/2615 5243/1966/2613
f 5245/1968/2615 5244/1967/2614 5246/1969/2616
f 5246/1969/2616 5247/1970/2616 5245/1968/2615
f 5248/1971/2176 5247/1970/2616 5246/1969/2616
f 5246/1969/2616 5249/1972/2617 5248/1971/2176
f 5250/1974/2618 5251/1973/2619 5252/1975/2620
f 5253/1976/2621 5250/1974/2618 5252/1975/2620
f 5252/1975/2620 5254/1977/2622 5253/1976/2621
f 5253/1976/2621 5254/1977/2622 5255/1978/2623
f 5255/1978/2623 5256/1979/2623 5253/1976/2621
f 5257/1980/2624 5256/1979/2623 5255/1978/2623
f 5258/1981/2625 5257/1980/2624 5255/1978/2623
f 5259/1982/2626 5258/1981/2625 5255/1978/2623
f 5260/1983/2623 5258/1981/2625 5259/1982/2626
f 5259/1982/2626 5261/1984/2623 5260/1983/2623
f 5260/1983/2623 5261/1984/2623 5262/1985/2627
f 5262/1985/2627 5263/1986/2627 5260/1983/2623
f 5264/1987/2628 5263/1986/2627 5262/1985/2627
f 5262/1985/2627 5265/1988/2623 5264/1987/2628
f 5265/1988/2623 5266/1989/2629 5264/1987/2628
f 5267/1990/2630 5264/1987/2628 5266/1989/2629
f 5268/1991/2631 5267/1990/2630 5266/1989/2629
f 5268/1991/2631 5266/1989/2629 5269/1992/2632
f 5270/1993/2633 5269/1992/2632 5266/1989/2629
f 5266/1989/2629 5271/1994/2300 5270/1993/2633
f 5272/1995/2634 5270/1993/2633 5271/1994/2300
f 5272/1995/2634 5271/1994/2300 5273/1996/2635
f 5274/1997/2636 5272/1995/2634 5273/1996/2635
f 5273/1996/2635 5271/1994/2300 5275/1998/2269
f 5275/1998/2269 5276/1999/2637 5273/1996/2635
f 5277/2006/2638 5278/2005/1407 5279/2004/1407
f 5279/2004/1407 5280/2007/1407 5277/2006/2638
f 5281/2008/1407 5277/2006/2638 5280/2007/1407
f 5280/2007/1407 5282/2009/2639 5281/2008/1407
f 5281/2008/1407 5282/2009/2639 5283/2010/2639
f 5283/2010/2639 5284/2011/1407 5281/2008/1407
f 5285/2026/788 5286/1062/2640 5287/1063/2640
f 5287/1063/2640 5288/2027/788 5285/2026/788
f 5289/2028/689 5285/2026/788 5288/2027/788
f 5288/2027/788 5290/2029/689 5289/2028/689
f 5291/2037/1082 5292/2038/2641 5293/2039/2642
f 5294/2040/2643 5291/2037/1082 5293/2039/2642
f 5295/2041/2644 5294/2040/2643 5293/2039/2642
f 5296/2042/2645 5295/2041/2644 5293/2039/2642
f 5297/2043/811 5298/2044/811 5299/2045/811
f 5299/2045/811 5300/2046/811 5297/2043/811
f 5297/2043/811 5300/2046/811 5301/2047/811
f 5301/2047/811 5302/2048/811 5297/2043/811
f 5303/2049/811 5302/2048/811 5301/2047/811
f 5301/2047/811 5304/2050/811 5303/2049/811
f 5305/2051/811 5306/2052/811 5307/2053/811
f 5306/2052/811 5308/2054/811 5307/2053/811
f 5308/2054/811 5309/2055/811 5307/2053/811
f 5310/2056/811 5307/2053/811 5309/2055/811
f 5311/2057/811 5309/2055/811 5308/2054/811
f 5309/2055/811 5311/2057/811 5310/2056/811
f 5308/2054/811 5312/2058/811 5311/2057/811
f 5311/2057/811 5312/2058/811 5313/2054/811
f 5310/2056/811 5311/2057/811 5314/2055/811
f 5313/2054/811 5314/2055/811 5311/2057/811
f 5314/2055/811 5315/2053/811 5310/2056/811
f 5314/2055/811 5313/2054/811 5315/2053/811
f 5313/2054/811 5316/2052/811 5315/2053/811
f 5316/2052/811 5317/2051/811 5315/2053/811
f 5318/1117/993 5319/1116/993 5320/2059/993
f 5320/2059/993 5321/2060/993 5318/1117/993
f 5322/2061/993 5321/2060/993 5320/2059/993
f 5320/2059/993 5323/2062/993 5322/2061/993
f 5322/2061/993 5323/2062/993 5324/2059/993
f 5324/2059/993 5325/2060/993 5322/2061/993
f 5326/1117/993 5325/2060/993 5324/2059/993
f 5324/2059/993 5327/1116/993 5326/1117/993
f 5328/2063/792 5329/2064/792 5330/2065/792
f 5330/2065/792 5331/2066/792 5328/2063/792
f 5328/2063/792 5331/2066/792 5332/2065/792
f 5332/2065/792 5333/2064/792 5328/2063/792
f 5334/2067/1551 5335/2068/2646 5336/2069/2190
f 5337/2070/1473 5334/2067/1551 5336/2069/2190
f 5338/2071/740 5337/2070/1473 5336/2069/2190
f 5339/2072/2647 5338/2071/740 5336/2069/2190
f 5340/1205/811 5341/1204/811 5342/2073/811
f 5342/2073/811 5343/2074/811 5340/1205/811
f 5340/1205/811 5343/2074/811 5344/2075/811
f 5344/2075/811 5345/1207/811 5340/1205/811
f 5346/2076/2648 5347/2077/2649 5348/2078/2648
f 5348/2078/2648 5349/2079/2650 5346/2076/2648
f 5346/2076/2648 5349/2079/2650 5350/2078/2648
f 5350/2078/2648 5351/2077/2649 5346/2076/2648
f 5352/2080/2651 5353/592/2652 5354/591/2651
f 5354/591/2651 5355/2081/2651 5352/2080/2651
f 5352/2080/2651 5355/2081/2651 5356/591/2651
f 5356/591/2651 5357/592/2651 5352/2080/2651
f 5358/2082/792 5359/2083/792 5360/2084/792
f 5360/2084/792 5361/2085/792 5358/2082/792
f 5358/2082/792 5361/2085/792 5362/2084/792
f 5362/2084/792 5363/2083/792 5358/2082/792
f 5364/2086/2653 5365/617/2653 5366/616/2653
f 5366/616/2653 5367/2087/2653 5364/2086/2653
f 5364/2086/2653 5367/2087/2653 5368/616/2654
f 5368/616/2654 5369/617/2654 5364/2086/2653
f 5370/2088/2655 5371/621/2655 5372/620/2655
f 5372/620/2655 5373/2089/2655 5370/2088/2655
f 5370/2088/2655 5373/2089/2655 5374/620/2655
f 5374/620/2655 5375/621/2655 5370/2088/2655
f 5376/2090/811 5377/2091/811 5378/2092/811
f 5379/2093/2200 5376/2090/811 5378/2092/811
f 5379/2093/2200 5380/2094/2200 5381/2095/868
f 5379/2093/2200 5381/2095/868 5382/2096/867
f 5379/2093/2200 5382/2096/867 5383/2097/2200
f 5379/2093/2200 5383/2097/2200 5376/2090/811
f 5383/2097/2200 5384/2098/2656 5376/2090/811
f 5383/2097/2200 5385/2099/2657 5384/2098/2656
f 5386/2100/2658 5384/2098/2656 5385/2099/2657
f 5386/2100/2658 5385/2099/2657 5387/2101/2659
f 5385/2099/2657 5388/2102/2660 5387/2101/2659
f 5385/2099/2657 5389/2103/2661 5388/2102/2660
f 5388/2102/2660 5390/2104/2662 5387/2101/2659
f 5390/2104/2662 5388/2102/2660 5391/2105/2663
f 5392/2106/2664 5390/2104/2662 5391/2105/2663
f 5388/2102/2660 5393/2107/2665 5391/2105/2663
f 5393/2107/2665 5388/2102/2660 5394/2108/2666
f 5395/2109/2667 5392/2106/2664 5391/2105/2663
f 5394/2108/2666 5396/2110/2668 5393/2107/2665
f 5395/2109/2667 5391/2105/2663 5397/2111/2669
f 5396/2110/2668 5394/2108/2666 5398/2112/2670
f 5395/2109/2667 5397/2111/2669 5399/2113/2671
f 5398/2112/2670 5400/2114/2672 5396/2110/2668
f 5401/2111/2671 5395/2109/2667 5399/2113/2671
f 5400/2114/2672 5398/2112/2670 5402/2115/2673
f 5401/2111/2671 5403/2105/2674 5395/2109/2667
f 5402/2115/2673 5404/2116/2675 5400/2114/2672
f 5403/2105/2674 5405/2106/2676 5395/2109/2667
f 5404/2116/2675 5402/2115/2673 5406/2117/2677
f 5403/2105/2674 5407/2104/2678 5405/2106/2676
f 5406/2117/2677 5408/2118/2679 5404/2116/2675
f 5409/2119/2680 5408/2118/2679 5406/2117/2677
f 5408/2118/2679 5409/2119/2680 5410/2120/2681
f 5410/2120/2681 5411/2121/2682 5408/2118/2679
f 5412/2118/2683 5411/2121/2682 5410/2120/2681
f 5410/2120/2681 5413/2119/2684 5412/2118/2683
f 5412/2118/2683 5413/2119/2684 5414/2117/2685
f 5415/2116/2686 5412/2118/2683 5414/2117/2685
f 5414/2117/2685 5416/2115/2359 5415/2116/2686
f 5417/2114/2687 5415/2116/2686 5416/2115/2359
f 5416/2115/2359 5418/2112/2688 5417/2114/2687
f 5419/2110/2668 5417/2114/2687 5418/2112/2688
f 5418/2112/2688 5420/2108/2362 5419/2110/2668
f 5421/2107/2689 5419/2110/2668 5420/2108/2362
f 5420/2108/2362 5422/2102/2690 5421/2107/2689
f 5403/2105/2674 5421/2107/2689 5422/2102/2690
f 5403/2105/2674 5422/2102/2690 5407/2104/2678
f 5407/2104/2678 5422/2102/2690 5423/2101/2691
f 5422/2102/2690 5424/2099/2657 5423/2101/2691
f 5422/2102/2690 5425/2103/2365 5424/2099/2657
f 5424/2099/2657 5426/2100/2692 5423/2101/2691
f 5424/2099/2657 5427/2098/2693 5426/2100/2692
f 5427/2098/2693 5424/2099/2657 5428/2097/2694
f 5429/2090/811 5427/2098/2693 5428/2097/2694
f 5430/2091/811 5429/2090/811 5431/2092/811
f 5429/2090/811 5432/2093/848 5431/2092/811
f 5429/2090/811 5428/2097/2694 5432/2093/848
f 5428/2097/2694 5433/2096/2501 5432/2093/848
f 5433/2096/2501 5434/2095/2695 5432/2093/848
f 5434/2095/2695 5435/2094/2201 5432/2093/848
f 5436/2122/792 5437/2123/792 5438/2124/792
f 5438/2124/792 5439/2125/792 5436/2122/792
f 5440/2122/792 5439/2125/792 5438/2124/792
f 5438/2124/792 5441/2123/2696 5440/2122/792
f 5442/2126/2697 5443/2127/2698 5444/2128/2697
f 5444/2128/2697 5445/2129/2697 5442/2126/2697
f 5442/2126/2697 5445/2129/2697 5446/2128/2698
f 5446/2128/2698 5447/2127/2698 5442/2126/2697
f 5448/1398/2699 5449/1399/2699 5450/2130/2700
f 5450/2130/2700 5451/2131/2701 5448/1398/2699
f 5452/1398/2699 5451/2131/2701 5450/2130/2700
f 5450/2130/2700 5453/1399/2699 5452/1398/2699
f 5454/2132/2498 5455/2133/2498 5456/2134/2498
f 5456/2134/2498 5457/2135/993 5454/2132/2498
f 5454/2132/2498 5457/2135/993 5458/2134/993
f 5458/2134/993 5459/2133/993 5454/2132/2498
f 5460/2136/1649 5461/2137/2702 5462/2138/834
f 5462/2138/834 5463/2139/2703 5460/2136/1649
f 5464/2140/2704 5463/2139/2703 5462/2138/834
f 5462/2138/834 5465/2141/2705 5464/2140/2704
f 5466/2142/2706 5464/2140/2704 5465/2141/2705
f 5465/2141/2705 5467/2143/2705 5466/2142/2706
f 5466/2142/2706 5467/2143/2705 5468/2141/2705
f 5464/2140/2704 5466/2142/2706 5469/2144/2707
f 5468/2141/2705 5470/2140/2708 5466/2142/2706
f 5469/2144/2707 5466/2142/2706 5470/2140/2708
f 5470/2140/2708 5468/2141/2705 5471/2138/1240
f 5469/2144/2707 5472/2145/2709 5464/2140/2704
f 5471/2138/1240 5473/2139/2710 5470/2140/2708
f 5474/2136/2711 5473/2139/2710 5471/2138/1240
f 5471/2138/1240 5475/2137/2712 5474/2136/2711
f 5470/2140/2708 5476/2145/2713 5469/2144/2707
f 5477/2146/811 5478/2147/2714 5472/2145/2709
f 5479/2148/811 5472/2145/2709 5469/2144/2707
f 5479/2148/811 5477/2146/811 5472/2145/2709
f 5476/2145/2713 5479/2148/811 5469/2144/2707
f 5476/2145/2713 5480/2147/2715 5481/2146/811
f 5476/2145/2713 5481/2146/811 5479/2148/811
f 5482/2149/811 5477/2146/811 5479/2148/811
f 5481/2146/811 5482/2149/811 5479/2148/811
f 5483/2150/811 5477/2146/811 5482/2149/811
f 5482/2149/811 5481/2146/811 5484/2150/811
f 5482/2149/811 5485/2151/811 5483/2150/811
f 5484/2150/811 5485/2151/811 5482/2149/811
f 5486/2152/1873 5487/2153/647 5488/2154/2716
f 5489/2155/2717 5486/2152/1873 5488/2154/2716
f 5490/2156/1751 5489/2155/2717 5488/2154/2716
f 5491/2157/1751 5490/2156/1751 5488/2154/2716
f 5492/2158/2718 5493/2159/2719 5494/2160/2720
f 5494/2160/2720 5495/2161/2721 5492/2158/2718
f 5492/2158/2718 5495/2161/2721 5496/2162/792
f 5497/2163/792 5492/2158/2718 5496/2162/792
f 5498/2164/792 5497/2163/792 5496/2162/792
f 5499/2165/792 5498/2164/792 5496/2162/792
f 5500/2166/2722 5501/2167/2722 5502/2168/2723
f 5503/2169/2722 5500/2166/2722 5502/2168/2723
f 5504/2170/969 5503/2169/2722 5502/2168/2723
f 5505/2171/2724 5504/2170/969 5502/2168/2723
f 5504/2170/969 5505/2171/2724 5506/2172/2725
f 5506/2172/2725 5507/2173/2725 5504/2170/969
f 5508/2174/647 5509/2175/647 5510/2176/647
f 5510/2176/647 5511/2177/647 5508/2174/647
f 5508/2174/647 5511/2177/647 5512/2178/647
f 5512/2178/647 5513/2179/647 5508/2174/647
f 5514/2180/647 5515/2181/647 5516/2182/647
f 5516/2182/647 5517/2183/647 5514/2180/647
f 5518/2184/647 5517/2183/647 5516/2182/647
f 5516/2182/647 5519/2185/647 5518/2184/647
f 5520/2186/2726 5521/2187/2726 5522/2188/2726
f 5522/2188/2726 5523/2189/2726 5520/2186/2726
f 5520/2186/2726 5523/2189/2726 5524/2190/2727
f 5524/2190/2727 5525/2191/2727 5520/2186/2726
f 5526/2192/811 5527/2193/2728 5528/2194/2729
f 5528/2194/2729 5529/2195/811 5526/2192/811
f 5530/2196/811 5526/2192/811 5529/2195/811
f 5531/2197/811 5526/2192/811 5530/2196/811
f 5532/2198/2729 5533/2199/2729 5531/2197/811
f 5532/2198/2729 5531/2197/811 5534/2200/811
f 5530/2196/811 5534/2200/811 5531/2197/811
f 5534/2200/811 5535/2201/811 5532/2198/2729
f 5536/2198/929 5535/2201/811 5534/2200/811
f 5534/2200/811 5537/2197/811 5536/2198/929
f 5538/2199/929 5536/2198/929 5537/2197/811
f 5537/2197/811 5534/2200/811 5530/2196/811
f 5530/2196/811 5539/2192/811 5537/2197/811
f 5540/2194/2730 5541/2193/2731 5539/2192/811
f 5539/2192/811 5542/2195/811 5540/2194/2730
f 5542/2195/811 5539/2192/811 5530/2196/811
f 5530/2196/811 5543/2202/811 5542/2195/811
f 5529/2195/811 5543/2202/811 5530/2196/811
f 5544/2203/811 5542/2195/811 5543/2202/811
f 5543/2202/811 5529/2195/811 5545/2203/811
f 5546/2204/811 5544/2203/811 5543/2202/811
f 5543/2202/811 5545/2203/811 5547/2204/811
f 5546/2204/811 5543/2202/811 5548/2205/811
f 5543/2202/811 5547/2204/811 5549/2205/811
f 5543/2202/811 5550/2206/811 5548/2205/811
f 5550/2206/811 5543/2202/811 5549/2205/811
f 5551/2207/811 5552/2208/811 5553/2209/811
f 5553/2209/811 5554/2210/811 5551/2207/811
f 5551/2207/811 5554/2210/811 5555/2209/811
f 5555/2209/811 5556/2208/811 5551/2207/811
f 5557/1538/2732 5558/1537/2732 5559/1537/2732
f 5559/1537/2732 5560/1538/2732 5557/1538/2732
f 5561/1538/2732 5560/1538/2732 5559/1537/2732
f 5559/1537/2732 5562/1537/2732 5561/1538/2732
f 5563/1619/2733 5564/1618/2733 5565/1570/2733
f 5565/1570/2733 5566/1571/2733 5563/1619/2733
f 5567/1571/2733 5566/1571/2733 5565/1570/2733
f 5565/1570/2733 5568/1570/2733 5567/1571/2733
f 5569/2194/2734 5570/2193/2735 5571/2192/792
f 5571/2192/792 5572/2195/792 5569/2194/2734
f 5572/2195/792 5571/2192/792 5573/2196/792
f 5573/2196/792 5571/2192/792 5574/2197/792
f 5575/2199/2734 5576/2198/2734 5574/2197/792
f 5577/2200/792 5574/2197/792 5576/2198/2734
f 5574/2197/792 5577/2200/792 5573/2196/792
f 5576/2198/2734 5578/2201/792 5577/2200/792
f 5577/2200/792 5578/2201/792 5579/2198/2736
f 5579/2198/2736 5580/2197/792 5577/2200/792
f 5579/2198/2736 5581/2199/2736 5580/2197/792
f 5573/2196/792 5577/2200/792 5580/2197/792
f 5580/2197/792 5582/2192/792 5573/2196/792
f 5582/2192/792 5583/2193/2737 5584/2194/2738
f 5584/2194/2738 5585/2195/792 5582/2192/792
f 5573/2196/792 5582/2192/792 5585/2195/792
f 5585/2195/792 5586/2202/792 5573/2196/792
f 5573/2196/792 5586/2202/792 5572/2195/792
f 5586/2202/792 5585/2195/792 5587/2203/792
f 5588/2203/792 5572/2195/792 5586/2202/792
f 5586/2202/792 5587/2203/792 5589/2204/792
f 5590/2204/792 5588/2203/792 5586/2202/792
f 5586/2202/792 5589/2204/792 5591/2205/792
f 5590/2204/792 5586/2202/792 5592/2205/792
f 5593/2206/792 5586/2202/792 5591/2205/792
f 5586/2202/792 5593/2206/792 5592/2205/792
f 5594/2211/792 5595/2212/792 5596/2213/792
f 5596/2213/792 5597/2214/792 5594/2211/792
f 5598/2211/792 5597/2214/792 5596/2213/792
f 5596/2213/792 5599/2212/792 5598/2211/792
f 5600/1573/2739 5601/1572/2739 5602/2215/2739
f 5602/2215/2739 5603/2216/2739 5600/1573/2739
f 5604/1661/2740 5603/2216/2739 5602/2215/2739
f 5602/2215/2739 5605/1662/2740 5604/1661/2740
f 5606/503/2741 5607/502/2741 5608/2217/2741
f 5608/2217/2741 5609/2218/2741 5606/503/2741
f 5610/509/2742 5609/2218/2741 5608/2217/2741
f 5608/2217/2741 5611/506/2742 5610/509/2742
f 5612/2219/2743 5613/2220/2744 5614/2221/2744
f 5614/2221/2744 5615/2222/2745 5612/2219/2743
f 5616/2223/2744 5615/2222/2745 5614/2221/2744
f 5614/2221/2744 5617/2224/2744 5616/2223/2744
f 5618/2225/840 5619/2226/840 5620/2222/840
f 5620/2222/840 5621/2221/840 5618/2225/840
f 5622/2227/840 5621/2221/840 5620/2222/840
f 5620/2222/840 5623/2228/840 5622/2227/840
f 5624/2176/689 5625/2175/689 5626/2174/689
f 5626/2174/689 5627/2177/689 5624/2176/689
f 5628/2178/689 5627/2177/689 5626/2174/689
f 5626/2174/689 5629/2179/689 5628/2178/689
f 5630/2182/689 5631/2181/689 5632/2180/689
f 5632/2180/689 5633/2183/689 5630/2182/689
f 5630/2182/689 5633/2183/689 5634/2184/689
f 5634/2184/689 5635/2185/689 5630/2182/689
f 5636/2190/2746 5637/2191/2746 5638/2186/2746
f 5638/2186/2746 5639/2189/2746 5636/2190/2746
f 5640/2188/2746 5639/2189/2746 5638/2186/2746
f 5638/2186/2746 5641/2187/2746 5640/2188/2746
f 5642/1537/2747 5643/1537/2747 5644/1538/2748
f 5644/1538/2748 5645/1538/2747 5642/1537/2747
f 5642/1537/2747 5645/1538/2747 5646/1538/2747
f 5646/1538/2747 5647/1537/2747 5642/1537/2747
f 5648/1544/2749 5649/1544/2749 5650/1545/2749
f 5650/1545/2749 5651/1545/2749 5648/1544/2749
f 5648/1544/2749 5651/1545/2749 5652/1545/2749
f 5652/1545/2749 5653/1544/2749 5648/1544/2749
f 5654/2229/867 5655/2230/2052 5656/2231/2750
f 5654/2229/867 5656/2231/2750 5657/2232/1038
f 5658/2233/2751 5654/2229/867 5657/2232/1038
f 5659/2234/2752 5654/2229/867 5658/2233/2751
f 5660/2235/2753 5658/2233/2751 5657/2232/1038
f 5658/2233/2751 5661/2236/2754 5659/2234/2752
f 5662/2237/811 5660/2235/2753 5657/2232/1038
f 5657/2232/1038 5663/2238/811 5662/2237/811
f 5664/2239/1038 5660/2235/2753 5662/2237/811
f 5662/2237/811 5665/2240/811 5664/2239/1038
f 5664/2239/1038 5665/2240/811 5666/2241/811
f 5666/2241/811 5667/2242/2755 5664/2239/1038
f 5664/2239/1038 5667/2242/2755 5668/2243/1798
f 5661/2236/2754 5664/2239/1038 5668/2243/1798
f 5659/2234/2752 5661/2236/2754 5668/2243/1798
f 5668/2243/1798 5669/2244/1555 5659/2234/2752
f 5669/2244/1555 5670/2245/1757 5659/2234/2752
f 5670/2245/1757 5671/2246/1757 5659/2234/2752
f 5670/2245/1757 5669/2244/1555 5672/2247/2756
f 5673/2248/2756 5671/2246/1757 5670/2245/1757
f 5672/2247/2756 5674/2249/2756 5670/2245/1757
f 5670/2245/1757 5674/2249/2756 5673/2248/2756
f 5674/2249/2756 5672/2247/2756 5675/2250/2757
f 5676/2251/2758 5673/2248/2756 5674/2249/2756
f 5675/2250/2757 5677/2252/2759 5674/2249/2756
f 5674/2249/2756 5677/2252/2759 5676/2251/2758
f 5677/2252/2759 5675/2250/2757 5678/2253/2760
f 5679/2254/2761 5676/2251/2758 5677/2252/2759
f 5678/2253/2760 5680/2255/2762 5677/2252/2759
f 5677/2252/2759 5680/2255/2762 5679/2254/2761
f 5680/2255/2762 5678/2253/2760 5681/2256/957
f 5679/2254/2761 5680/2255/2762 5681/2256/957
f 5682/2257/957 5679/2254/2761 5681/2256/957
f 5682/2257/957 5683/2258/2763 5679/2254/2761
f 5684/2259/2764 5683/2258/2763 5682/2257/957
f 5679/2254/2761 5683/2258/2763 5685/2260/957
f 5682/2257/957 5686/2261/957 5684/2259/2764
f 5685/2260/957 5687/2262/2761 5679/2254/2761
f 5688/2263/1514 5684/2259/2764 5686/2261/957
f 5686/2261/957 5689/2264/957 5688/2263/1514
f 5690/2265/2057 5684/2259/2764 5688/2263/1514
f 5688/2263/1514 5691/2266/1754 5690/2265/2057
f 5692/2267/2765 5690/2265/2057 5691/2266/1754
f 5691/2266/1754 5693/2268/1751 5692/2267/2765
f 5694/2269/2717 5692/2267/2765 5693/2268/1751
f 5693/2268/1751 5695/2270/2717 5694/2269/2717
f 5696/2271/2765 5692/2267/2765 5694/2269/2717
f 5694/2269/2717 5697/2272/2717 5696/2271/2765
f 5696/2271/2765 5697/2272/2717 5698/2273/2717
f 5698/2273/2717 5699/2274/1752 5696/2271/2765
f 5700/2275/2057 5696/2271/2765 5699/2274/1752
f 5699/2274/1752 5701/2276/2057 5700/2275/2057
f 5702/2277/2766 5700/2275/2057 5701/2276/2057
f 5701/2276/2057 5703/2278/2767 5702/2277/2766
f 5702/2277/2766 5703/2278/2767 5704/2279/891
f 5704/2279/891 5705/2280/2768 5702/2277/2766
f 5685/2260/957 5702/2277/2766 5705/2280/2768
f 5706/2281/891 5685/2260/957 5705/2280/2768
f 5706/2281/891 5687/2262/2761 5685/2260/957
f 5707/2282/2762 5687/2262/2761 5706/2281/891
f 5706/2281/891 5708/2283/891 5707/2282/2762
f 5709/2284/1821 5687/2262/2761 5707/2282/2762
f 5707/2282/2762 5710/2285/1821 5709/2284/1821
f 5711/2286/2115 5709/2284/1821 5710/2285/1821
f 5710/2285/1821 5712/2287/2064 5711/2286/2115
f 5713/2288/1555 5711/2286/2115 5712/2287/2064
f 5712/2287/2064 5714/2289/2769 5713/2288/1555
f 5714/2289/2769 5715/2290/2054 5716/2291/2054
f 5716/2291/2054 5717/2292/2054 5714/2289/2769
f 5713/2288/1555 5714/2289/2769 5717/2292/2054
f 5717/2292/2054 5718/2293/2051 5713/2288/1555
f 5719/2294/2770 5720/2295/2770 5721/2296/1100
f 5721/2296/1100 5722/2297/1100 5719/2294/2770
f 5723/2294/1100 5722/2297/1100 5721/2296/1100
f 5721/2296/1100 5724/2295/1100 5723/2294/1100
f 5725/2298/1247 5726/2299/811 5727/2300/811
f 5727/2300/811 5728/2301/811 5725/2298/1247
f 5729/2298/1247 5728/2301/811 5727/2300/811
f 5727/2300/811 5730/2299/811 5729/2298/1247
f 5731/2302/2771 5732/2303/2772 5733/2304/2773
f 5733/2304/2773 5734/2305/2771 5731/2302/2771
f 5731/2302/2771 5734/2305/2771 5735/2304/2773
f 5735/2304/2773 5736/2303/2772 5731/2302/2771
f 5737/2306/1332 5738/2307/2774 5739/2308/811
f 5739/2308/811 5740/2309/811 5737/2306/1332
f 5741/2306/2775 5740/2309/811 5739/2308/811
f 5739/2308/811 5742/2307/811 5741/2306/2775
f 5743/2310/1676 5744/2311/1678 5745/2312/1015
f 5745/2312/1015 5746/2313/1011 5743/2310/1676
f 5743/2310/1676 5746/2313/1011 5747/2314/2776
f 5747/2314/2776 5748/2315/1333 5743/2310/1676
f 5749/2316/811 5748/2315/1333 5747/2314/2776
f 5749/2316/811 5747/2314/2776 5750/2317/811
f 5751/2318/1332 5749/2316/811 5750/2317/811
f 5752/2319/811 5751/2318/1332 5750/2317/811
f 5753/2318/2777 5752/2319/811 5750/2317/811
f 5754/2316/811 5753/2318/2777 5750/2317/811
f 5755/2314/2776 5754/2316/811 5750/2317/811
f 5755/2314/2776 5756/2315/2778 5754/2316/811
f 5757/2310/1676 5756/2315/2778 5755/2314/2776
f 5755/2314/2776 5758/2313/1011 5757/2310/1676
f 5757/2310/1676 5758/2313/1011 5759/2312/1015
f 5759/2312/1015 5760/2311/1016 5757/2310/1676
f 5761/2320/2779 5762/2321/2780 5763/2322/811
f 5763/2322/811 5764/2323/2779 5761/2320/2779
f 5765/2320/2781 5764/2323/2779 5763/2322/811
f 5763/2322/811 5766/2321/2202 5765/2320/2781
f 5767/2324/2782 5768/2325/2783 5769/2326/2784
f 5767/2324/2782 5770/2327/2785 5768/2325/2783
f 5770/2327/2785 5771/2328/2786 5768/2325/2783
f 5771/2328/2786 5772/2329/2787 5768/2325/2783
f 5772/2329/2787 5771/2328/2786 5773/2325/2788
f 5771/2328/2786 5774/2327/2789 5773/2325/2788
f 5774/2327/2789 5775/2324/2790 5773/2325/2788
f 5773/2325/2788 5775/2324/2790 5776/2326/2791
f 5777/2330/2792 5778/2331/2793 5779/2332/2794
f 5779/2332/2794 5780/2333/2795 5777/2330/2792
f 5777/2330/2792 5780/2333/2795 5781/2332/2796
f 5781/2332/2796 5782/2331/2793 5777/2330/2792
f 5783/2334/2797 5784/2335/2798 5785/2336/2797
f 5786/2337/2797 5783/2334/2797 5785/2336/2797
f 5787/2338/2797 5786/2337/2797 5785/2336/2797
f 5787/2338/2797 5785/2336/2797 5788/2339/2177
f 5789/2336/2797 5787/2338/2797 5788/2339/2177
f 5790/2337/2797 5787/2338/2797 5789/2336/2797
f 5791/2334/2797 5790/2337/2797 5789/2336/2797
f 5792/2335/2799 5791/2334/2797 5789/2336/2797
f 5793/2340/2800 5794/2341/2800 5795/2342/2779
f 5795/2342/2779 5796/2343/2779 5793/2340/2800
f 5796/2343/2779 5795/2342/2779 5797/2344/2779
f 5795/2342/2779 5798/2345/811 5797/2344/2779
f 5798/2345/811 5799/2346/811 5797/2344/2779
f 5799/2346/811 5800/2347/2779 5797/2344/2779
f 5797/2344/2779 5800/2347/2779 5801/2348/2779
f 5801/2348/2779 5802/2349/2779 5797/2344/2779
f 5803/2350/2801 5804/2029/2801 5805/2028/2801
f 5805/2028/2801 5806/2351/2801 5803/2350/2801
f 5803/2350/2801 5806/2351/2801 5807/2028/2801
f 5807/2028/2801 5808/2029/2801 5803/2350/2801
f 5809/2352/1783 5810/1065/2802 5811/1064/2802
f 5811/1064/2802 5812/2353/2803 5809/2352/1783
f 5809/2352/1783 5812/2353/2803 5813/1064/2804
f 5813/1064/2804 5814/1065/2805 5809/2352/1783
f 5815/2354/2806 5816/2355/2806 5817/2356/2806
f 5817/2356/2806 5818/2357/2807 5815/2354/2806
f 5815/2354/2806 5818/2357/2807 5819/2356/2806
f 5819/2356/2806 5820/2355/2806 5815/2354/2806
f 5821/590/2808 5822/593/2808 5823/2358/2809
f 5823/2358/2809 5824/2359/2809 5821/590/2808
f 5825/590/2810 5824/2359/2809 5823/2358/2809
f 5823/2358/2809 5826/593/2810 5825/590/2810
f 5827/2360/811 5828/2361/811 5829/2362/811
f 5829/2362/811 5830/2363/811 5827/2360/811
f 5827/2360/811 5830/2363/811 5831/2362/811
f 5831/2362/811 5832/2361/811 5827/2360/811
f 5833/2364/811 5834/2365/811 5835/2366/811
f 5835/2366/811 5836/2367/811 5833/2364/811
f 5833/2364/811 5836/2367/811 5837/2366/811
f 5837/2366/811 5838/2365/811 5833/2364/811
f 5839/2368/997 5840/619/997 5841/618/997
f 5841/618/997 5842/2369/997 5839/2368/997
f 5839/2368/997 5842/2369/997 5843/618/997
f 5843/618/997 5844/619/997 5839/2368/997
f 5845/623/2811 5846/622/2811 5847/2370/2811
f 5847/2370/2811 5848/2371/2811 5845/623/2811
f 5849/623/2812 5848/2371/2811 5847/2370/2811
f 5847/2370/2811 5850/622/2813 5849/623/2812
f 5851/2372/2814 5852/2373/2680 5853/2374/1732
f 5853/2374/1732 5854/2375/2815 5851/2372/2814
f 5851/2372/2814 5854/2375/2815 5855/2374/2354
f 5855/2374/2354 5856/2373/2816 5851/2372/2814
f 5857/2376/792 5858/2377/792 5859/2378/792
f 5859/2378/792 5860/2379/792 5857/2376/792
f 5861/2376/792 5860/2379/792 5859/2378/792
f 5859/2378/792 5862/2377/792 5861/2376/792
f 5863/2380/2817 5864/2381/2818 5865/2382/2818
f 5866/2383/2819 5865/2382/2818 5864/2381/2818
f 5865/2382/2818 5866/2383/2819 5867/2381/2820
f 5865/2382/2818 5867/2381/2820 5868/2380/2821
f 5869/2384/993 5870/683/2498 5871/686/2498
f 5871/686/2498 5872/2385/993 5869/2384/993
f 5869/2384/993 5872/2385/993 5873/686/2654
f 5873/686/2654 5874/683/2654 5869/2384/993
f 5875/2386/2822 5876/2387/2823 5877/2388/2824
f 5877/2388/2824 5878/2389/2824 5875/2386/2822
f 5879/2386/2822 5878/2389/2824 5877/2388/2824
f 5877/2388/2824 5880/2387/2823 5879/2386/2822
f 5881/1353/2825 5882/1355/2825 5883/2390/2826
f 5883/2390/2826 5884/2391/2827 5881/1353/2825
f 5885/1353/2825 5884/2391/2827 5883/2390/2826
f 5883/2390/2826 5886/1355/2825 5885/1353/2825
f 5887/2392/2778 5888/2393/1333 5889/2394/2828
f 5889/2394/2828 5890/2395/2828 5887/2392/2778
f 5891/2392/2778 5890/2395/2828 5889/2394/2828
f 5889/2394/2828 5892/2393/1333 5891/2392/2778
f 5893/2396/2829 5894/1396/2829 5895/1395/2829
f 5895/1395/2829 5896/2397/2829 5893/2396/2829
f 5893/2396/2829 5896/2397/2829 5897/1395/2829
f 5897/1395/2829 5898/1396/2829 5893/2396/2829
f 5899/2398/792 5900/2399/792 5901/2400/792
f 5901/2400/792 5902/2401/792 5899/2398/792
f 5903/2398/792 5902/2401/792 5901/2400/792
f 5901/2400/792 5904/2399/792 5903/2398/792
f 5905/2402/792 5906/759/792 5907/762/792
f 5907/762/792 5908/2403/792 5905/2402/792
f 5905/2402/792 5908/2403/792 5909/762/792
f 5909/762/792 5910/759/792 5905/2402/792
f 5911/1067/2830 5912/1066/2831 5913/2404/2832
f 5913/2404/2832 5914/2405/1699 5911/1067/2830
f 5915/1067/2833 5914/2405/1699 5913/2404/2832
f 5913/2404/2832 5916/1066/2834 5915/1067/2833
f 5917/2041/2835 5918/2042/2836 5919/2039/2837
f 5920/2040/2838 5917/2041/2835 5919/2039/2837
f 5921/2037/1405 5920/2040/2838 5919/2039/2837
f 5922/2038/2839 5921/2037/1405 5919/2039/2837
f 5923/2045/2694 5924/2044/848 5925/2043/2694
f 5925/2043/2694 5926/2046/848 5923/2045/2694
f 5927/2047/2694 5926/2046/848 5925/2043/2694
f 5925/2043/2694 5928/2048/848 5927/2047/2694
f 5927/2047/2694 5928/2048/848 5929/2049/848
f 5929/2049/848 5930/2050/848 5927/2047/2694
f 5931/2071/1164 5932/2072/2840 5933/2069/2841
f 5934/2070/2635 5931/2071/1164 5933/2069/2841
f 5935/2067/2300 5934/2070/2635 5933/2069/2841
f 5936/2068/2842 5935/2067/2300 5933/2069/2841
f 5937/2073/811 5938/1204/811 5939/1205/811
f 5939/1205/811 5940/2074/811 5937/2073/811
f 5941/2075/811 5940/2074/811 5939/1205/811
f 5939/1205/811 5942/1207/811 5941/2075/811
f 5943/2156/2372 5944/2157/2372 5945/2154/2843
f 5946/2155/2844 5943/2156/2372 5945/2154/2843
f 5947/2152/1990 5946/2155/2844 5945/2154/2843
f 5948/2153/689 5947/2152/1990 5945/2154/2843
f 5949/2160/2845 5950/2159/2845 5951/2158/2846
f 5951/2158/2846 5952/2161/2847 5949/2160/2845
f 5952/2161/2847 5951/2158/2846 5953/2162/792
f 5951/2158/2846 5954/2163/792 5953/2162/792
f 5954/2163/792 5955/2164/792 5953/2162/792
f 5955/2164/792 5956/2165/792 5953/2162/792
f 5957/2167/2722 5958/2166/2722 5959/2168/2848
f 5958/2166/2722 5960/2169/2849 5959/2168/2848
f 5960/2169/2849 5961/2170/1315 5959/2168/2848
f 5961/2170/1315 5962/2171/1318 5959/2168/2848
f 5963/2172/2850 5962/2171/1318 5961/2170/1315
f 5961/2170/1315 5964/2173/2851 5963/2172/2850
f 5965/2176/689 5966/2175/689 5967/2174/689
f 5967/2174/689 5968/2177/689 5965/2176/689
f 5969/2178/689 5968/2177/689 5967/2174/689
f 5967/2174/689 5970/2179/689 5969/2178/689
f 5971/2182/689 5972/2181/689 5973/2180/689
f 5973/2180/689 5974/2183/689 5971/2182/689
f 5971/2182/689 5974/2183/689 5975/2184/689
f 5975/2184/689 5976/2185/689 5971/2182/689
f 5977/2188/2746 5978/2187/2746 5979/2186/2746
f 5979/2186/2746 5980/2189/2746 5977/2188/2746
f 5981/2190/2746 5980/2189/2746 5979/2186/2746
f 5979/2186/2746 5982/2191/2746 5981/2190/2746
f 5983/2194/2730 5984/2193/2731 5985/2192/811
f 5985/2192/811 5986/2195/811 5983/2194/2730
f 5986/2195/811 5985/2192/811 5987/2196/811
f 5987/2196/811 5985/2192/811 5988/2197/811
f 5989/2199/929 5990/2198/929 5988/2197/811
f 5991/2200/811 5988/2197/811 5990/2198/929
f 5988/2197/811 5991/2200/811 5987/2196/811
f 5990/2198/929 5992/2201/811 5991/2200/811
f 5991/2200/811 5992/2201/811 5993/2198/2729
f 5993/2198/2729 5994/2197/811 5991/2200/811
f 5993/2198/2729 5995/2199/2729 5994/2197/811
f 5987/2196/811 5991/2200/811 5994/2197/811
f 5994/2197/811 5996/2192/811 5987/2196/811
f 5996/2192/811 5997/2193/2728 5998/2194/2729
f 5998/2194/2729 5999/2195/811 5996/2192/811
f 5987/2196/811 5996/2192/811 5999/2195/811
f 5999/2195/811 6000/2202/811 5987/2196/811
f 5987/2196/811 6000/2202/811 5986/2195/811
f 6000/2202/811 5999/2195/811 6001/2203/811
f 6002/2203/811 5986/2195/811 6000/2202/811
f 6000/2202/811 6001/2203/811 6003/2204/811
f 6004/2204/811 6002/2203/811 6000/2202/811
f 6000/2202/811 6003/2204/811 6005/2205/811
f 6004/2204/811 6000/2202/811 6006/2205/811
f 6007/2206/811 6000/2202/811 6005/2205/811
f 6000/2202/811 6007/2206/811 6006/2205/811
f 6008/2209/811 6009/2208/811 6010/2207/811
f 6010/2207/811 6011/2210/811 6008/2209/811
f 6012/2209/811 6011/2210/811 6010/2207/811
f 6010/2207/811 6013/2208/811 6012/2209/811
f 6014/1537/2747 6015/1537/2748 6016/1538/2748
f 6016/1538/2748 6017/1538/2748 6014/1537/2747
f 6014/1537/2747 6017/1538/2748 6018/1538/2748
f 6018/1538/2748 6019/1537/2748 6014/1537/2747
f 6020/1570/2749 6021/1618/2749 6022/1619/2749
f 6022/1619/2749 6023/1571/2749 6020/1570/2749
f 6020/1570/2749 6023/1571/2749 6024/1571/2749
f 6024/1571/2749 6025/1570/2749 6020/1570/2749
f 6026/2192/792 6027/2193/2737 6028/2194/2738
f 6028/2194/2738 6029/2195/792 6026/2192/792
f 6030/2196/792 6026/2192/792 6029/2195/792
f 6031/2197/792 6026/2192/792 6030/2196/792
f 6032/2198/2736 6033/2199/2736 6031/2197/792
f 6032/2198/2736 6031/2197/792 6034/2200/792
f 6030/2196/792 6034/2200/792 6031/2197/792
f 6034/2200/792 6035/2201/792 6032/2198/2736
f 6036/2198/2734 6035/2201/792 6034/2200/792
f 6034/2200/792 6037/2197/792 6036/2198/2734
f 6038/2199/2734 6036/2198/2734 6037/2197/792
f 6037/2197/792 6034/2200/792 6030/2196/792
f 6030/2196/792 6039/2192/792 6037/2197/792
f 6040/2194/2734 6041/2193/2735 6039/2192/792
f 6039/2192/792 6042/2195/792 6040/2194/2734
f 6042/2195/792 6039/2192/792 6030/2196/792
f 6030/2196/792 6043/2202/792 6042/2195/792
f 6029/2195/792 6043/2202/792 6030/2196/792
f 6044/2203/792 6042/2195/792 6043/2202/792
f 6043/2202/792 6029/2195/792 6045/2203/792
f 6046/2204/792 6044/2203/792 6043/2202/792
f 6043/2202/792 6045/2203/792 6047/2204/792
f 6046/2204/792 6043/2202/792 6048/2205/792
f 6043/2202/792 6047/2204/792 6049/2205/792
f 6043/2202/792 6050/2206/792 6048/2205/792
f 6050/2206/792 6043/2202/792 6049/2205/792
f 6051/2213/792 6052/2212/792 6053/2211/792
f 6053/2211/792 6054/2214/792 6051/2213/792
f 6051/2213/792 6054/2214/792 6055/2211/792
f 6055/2211/792 6056/2212/792 6051/2213/792
f 6057/2215/2740 6058/1572/2852 6059/1573/2852
f 6059/1573/2852 6060/2216/2740 6057/2215/2740
f 6057/2215/2740 6060/2216/2740 6061/1661/2739
f 6061/1661/2739 6062/1662/2739 6057/2215/2740
f 6063/2217/2742 6064/502/2742 6065/503/2742
f 6065/503/2742 6066/2218/2742 6063/2217/2742
f 6063/2217/2742 6066/2218/2742 6067/509/2853
f 6067/509/2853 6068/506/2741 6063/2217/2742
f 6069/2221/2744 6070/2220/2744 6071/2219/2743
f 6071/2219/2743 6072/2222/2745 6069/2221/2744
f 6069/2221/2744 6072/2222/2745 6073/2223/2743
f 6073/2223/2743 6074/2224/2744 6069/2221/2744
f 6075/2222/840 6076/2226/840 6077/2225/840
f 6077/2225/840 6078/2221/840 6075/2222/840
f 6075/2222/840 6078/2221/840 6079/2227/840
f 6079/2227/840 6080/2228/840 6075/2222/840
f 6081/2174/647 6082/2175/647 6083/2176/647
f 6083/2176/647 6084/2177/647 6081/2174/647
f 6081/2174/647 6084/2177/647 6085/2178/647
f 6085/2178/647 6086/2179/647 6081/2174/647
f 6087/2180/647 6088/2181/647 6089/2182/647
f 6089/2182/647 6090/2183/647 6087/2180/647
f 6091/2184/647 6090/2183/647 6089/2182/647
f 6089/2182/647 6092/2185/1874 6091/2184/647
f 6093/2186/2726 6094/2191/2726 6095/2190/2726
f 6095/2190/2726 6096/2189/2726 6093/2186/2726
f 6093/2186/2726 6096/2189/2726 6097/2188/2726
f 6097/2188/2726 6098/2187/2726 6093/2186/2726
f 6099/1538/2732 6100/1537/2732 6101/1537/2732
f 6101/1537/2732 6102/1538/2732 6099/1538/2732
f 6103/1538/2732 6102/1538/2732 6101/1537/2732
f 6101/1537/2732 6104/1537/2732 6103/1538/2732
f 6105/1545/2733 6106/1544/2854 6107/1544/2733
f 6107/1544/2733 6108/1545/2733 6105/1545/2733
f 6109/1545/2733 6108/1545/2733 6107/1544/2733
f 6107/1544/2733 6110/1544/2733 6109/1545/2733
f 6111/2230/2500 6112/2229/2501 6113/2231/2855
f 6113/2231/2855 6112/2229/2501 6114/2232/2856
f 6112/2229/2501 6115/2233/2857 6114/2232/2856
f 6115/2233/2857 6112/2229/2501 6116/2234/2858
f 6115/2233/2857 6117/2235/2856 6114/2232/2856
f 6116/2234/2858 6118/2236/2859 6115/2233/2857
f 6114/2232/2856 6117/2235/2856 6119/2237/811
f 6119/2237/811 6120/2238/811 6114/2232/2856
f 6119/2237/811 6117/2235/2856 6121/2239/2860
f 6121/2239/2860 6122/2240/811 6119/2237/811
f 6123/2241/811 6122/2240/811 6121/2239/2860
f 6121/2239/2860 6124/2242/2861 6123/2241/811
f 6124/2242/2861 6121/2239/2860 6125/2243/2862
f 6121/2239/2860 6118/2236/2859 6125/2243/2862
f 6118/2236/2859 6116/2234/2858 6125/2243/2862
f 6126/2244/2290 6125/2243/2862 6116/2234/2858
f 6127/2245/922 6126/2244/2290 6116/2234/2858
f 6128/2246/2290 6127/2245/922 6116/2234/2858
f 6129/2247/2863 6126/2244/2290 6127/2245/922
f 6127/2245/922 6128/2246/2290 6130/2248/2864
f 6127/2245/922 6131/2249/2864 6129/2247/2863
f 6130/2248/2864 6131/2249/2864 6127/2245/922
f 6132/2250/2865 6129/2247/2863 6131/2249/2864
f 6131/2249/2864 6130/2248/2864 6133/2251/1920
f 6131/2249/2864 6134/2252/1920 6132/2250/2865
f 6133/2251/1920 6134/2252/1920 6131/2249/2864
f 6135/2253/2866 6132/2250/2865 6134/2252/1920
f 6134/2252/1920 6133/2251/1920 6136/2254/1402
f 6134/2252/1920 6137/2255/2867 6135/2253/2866
f 6136/2254/1402 6137/2255/2867 6134/2252/1920
f 6135/2253/2866 6137/2255/2867 6138/2256/924
f 6137/2255/2867 6136/2254/1402 6138/2256/924
f 6136/2254/1402 6139/2257/924 6138/2256/924
f 6136/2254/1402 6140/2258/924 6139/2257/924
f 6139/2257/924 6140/2258/924 6141/2259/2868
f 6142/2260/924 6140/2258/924 6136/2254/1402
f 6141/2259/2868 6143/2261/924 6139/2257/924
f 6136/2254/1402 6144/2262/1402 6142/2260/924
f 6143/2261/924 6141/2259/2868 6145/2263/2869
f 6145/2263/2869 6146/2264/924 6143/2261/924
f 6145/2263/2869 6141/2259/2868 6147/2265/2505
f 6147/2265/2505 6148/2266/2376 6145/2263/2869
f 6148/2266/2376 6147/2265/2505 6149/2267/2870
f 6149/2267/2870 6150/2268/2372 6148/2266/2376
f 6150/2268/2372 6149/2267/2870 6151/2269/2844
f 6151/2269/2844 6152/2270/2844 6150/2268/2372
f 6151/2269/2844 6149/2267/2870 6153/2271/2871
f 6153/2271/2871 6154/2272/2844 6151/2269/2844
f 6155/2273/2844 6154/2272/2844 6153/2271/2871
f 6153/2271/2871 6156/2274/2872 6155/2273/2844
f 6156/2274/2872 6153/2271/2871 6157/2275/2502
f 6157/2275/2502 6158/2276/2502 6156/2274/2872
f 6158/2276/2502 6157/2275/2502 6159/2277/2868
f 6159/2277/2868 6160/2278/2868 6158/2276/2502
f 6161/2279/924 6160/2278/2868 6159/2277/2868
f 6159/2277/2868 6162/2280/2873 6161/2279/924
f 6159/2277/2868 6142/2260/924 6162/2280/2873
f 6142/2260/924 6163/2281/924 6162/2280/2873
f 6142/2260/924 6144/2262/1402 6163/2281/924
f 6163/2281/924 6144/2262/1402 6164/2282/2874
f 6164/2282/2874 6165/2283/924 6163/2281/924
f 6164/2282/2874 6144/2262/1402 6166/2284/1920
f 6166/2284/1920 6167/2285/2875 6164/2282/2874
f 6167/2285/2875 6166/2284/1920 6168/2286/2514
f 6168/2286/2514 6169/2287/2876 6167/2285/2875
f 6169/2287/2876 6168/2286/2514 6170/2288/2877
f 6170/2288/2877 6171/2289/928 6169/2287/2876
f 6172/2291/926 6173/2290/926 6171/2289/928
f 6171/2289/928 6174/2292/926 6172/2291/926
f 6174/2292/926 6171/2289/928 6170/2288/2877
f 6170/2288/2877 6175/2293/1285 6174/2292/926
f 6176/2342/2878 6177/2341/2879 6178/2340/2878
f 6178/2340/2878 6179/2343/2878 6176/2342/2878
f 6176/2342/2878 6179/2343/2878 6180/2344/2878
f 6181/2345/848 6176/2342/2878 6180/2344/2878
f 6182/2346/848 6181/2345/848 6180/2344/2878
f 6183/2347/2781 6182/2346/848 6180/2344/2878
f 6184/2348/2878 6183/2347/2781 6180/2344/2878
f 6180/2344/2878 6185/2349/2878 6184/2348/2878
f 6186/685/2880 6187/684/2881 6188/2406/2882
f 6188/2406/2882 6189/2407/2883 6186/685/2880
f 6190/2408/2884 6189/2407/2883 6188/2406/2882
f 6191/2409/2885 6190/2408/2884 6188/2406/2882
f 6188/2406/2882 6192/2410/2886 6191/2409/2885
f 6193/2411/2887 6194/1359/2888 6195/1358/2889
f 6195/1358/2889 6196/2412/2890 6193/2411/2887
f 6196/2412/2890 6197/2413/2891 6193/2411/2887
f 6198/2414/2892 6193/2411/2887 6197/2413/2891
f 6198/2414/2892 6199/2415/2893 6193/2411/2887
f 6200/2411/2894 6199/2415/2893 6198/2414/2892
f 6201/2413/2895 6200/2411/2894 6198/2414/2892
f 6201/2413/2895 6202/2412/2896 6200/2411/2894
f 6200/2411/2894 6202/2412/2896 6203/1358/2897
f 6203/1358/2897 6204/1359/2898 6200/2411/2894
f 6205/791/2899 6206/2416/2900 6207/792/2901
f 6206/2416/2900 6208/2417/2902 6207/792/2901
f 6208/2417/2902 6209/2418/2903 6207/792/2901
f 6208/2417/2902 6206/2416/2900 6210/2419/2904
f 6208/2417/2902 6210/2419/2904 6209/2418/2903
f 6210/2419/2904 6211/2420/2905 6209/2418/2903
f 6212/2420/2906 6211/2420/2905 6210/2419/2904
f 6210/2419/2904 6213/2419/2906 6212/2420/2906
f 6212/2420/2906 6213/2419/2906 6214/2419/2907
f 6214/2419/2907 6215/2420/2908 6212/2420/2906
f 6215/2420/2908 6214/2419/2907 6216/2421/2909
f 6214/2419/2907 6217/2422/2910 6216/2421/2909
f 6216/2421/2909 6217/2422/2910 6218/2423/2911
f 6214/2419/2907 6219/2424/2912 6217/2422/2910
f 6217/2422/2910 6219/2424/2912 6218/2423/2911
f 6219/2424/2912 6220/2425/2913 6218/2423/2911
f 6221/2426/2914 6222/825/2915 6223/828/2916
f 6224/2427/2917 6221/2426/2914 6223/828/2916
f 6225/2428/2918 6224/2427/2917 6223/828/2916
f 6226/2429/2919 6221/2426/2914 6224/2427/2917
f 6226/2429/2919 6224/2427/2917 6225/2428/2918
f 6227/2430/2920 6226/2429/2919 6225/2428/2918
f 6226/2429/2919 6227/2430/2920 6228/2430/2921
f 6228/2430/2921 6229/2429/2922 6226/2429/2919
f 6230/2429/2923 6229/2429/2922 6228/2430/2921
f 6228/2430/2921 6231/2430/2924 6230/2429/2923
f 6230/2429/2923 6231/2430/2924 6232/2431/2925
f 6233/2432/2926 6230/2429/2923 6232/2431/2925
f 6233/2432/2926 6232/2431/2925 6234/2433/2927
f 6233/2432/2926 6235/2434/2928 6230/2429/2923
f 6235/2434/2928 6233/2432/2926 6234/2433/2927
f 6236/2435/2929 6235/2434/2928 6234/2433/2927
f 6237/2436/811 6238/2437/2930 6239/2438/2931
f 6238/2437/2930 6240/2439/811 6239/2438/2931
f 6240/2439/811 6241/2440/811 6239/2438/2931
f 6238/2437/2930 6242/2441/811 6240/2439/811
f 6240/2439/811 6242/2441/811 6243/2437/2932
f 6240/2439/811 6243/2437/2932 6244/2438/2933
f 6243/2437/2932 6245/2436/811 6244/2438/2933
f 6246/2440/1247 6240/2439/811 6244/2438/2933
f 6247/2442/2899 6248/2443/2934 6249/2444/2934
f 6249/2444/2934 6250/2445/2899 6247/2442/2899
f 6247/2442/2899 6250/2445/2899 6251/2446/835
f 6247/2442/2899 6251/2446/835 6252/2447/835
f 6253/2448/836 6247/2442/2899 6252/2447/835
f 6254/2442/2935 6253/2448/836 6252/2447/835
f 6255/2446/835 6254/2442/2935 6252/2447/835
f 6255/2446/835 6256/2445/2915 6254/2442/2935
f 6254/2442/2935 6256/2445/2915 6257/2444/1093
f 6257/2444/1093 6258/2443/2934 6254/2442/2935
f 6259/2449/997 6260/2449/997 6261/2450/997
f 6262/2451/997 6259/2449/997 6261/2450/997
f 6262/2451/997 6263/2452/997 6259/2449/997
f 6262/2451/997 6261/2450/997 6264/2451/997
f 6265/2450/997 6262/2451/997 6264/2451/997
f 6265/2450/997 6266/2449/997 6262/2451/997
f 6266/2449/997 6267/2452/997 6262/2451/997
f 6265/2450/997 6268/2449/997 6266/2449/997
f 6269/2406/2936 6270/684/2937 6271/685/2880
f 6271/685/2880 6272/2407/2938 6269/2406/2936
f 6272/2407/2938 6273/2408/2939 6269/2406/2936
f 6269/2406/2936 6273/2408/2939 6274/2409/2940
f 6274/2409/2940 6275/2410/2941 6269/2406/2936
f 6276/2416/2942 6277/791/2915 6278/792/2916
f 6279/2417/2943 6276/2416/2942 6278/792/2916
f 6280/2418/2918 6279/2417/2943 6278/792/2916
f 6281/2419/2919 6276/2416/2942 6279/2417/2943
f 6281/2419/2919 6279/2417/2943 6280/2418/2918
f 6282/2420/2944 6281/2419/2919 6280/2418/2918
f 6281/2419/2919 6282/2420/2944 6283/2420/2922
f 6283/2420/2922 6284/2419/2945 6281/2419/2919
f 6285/2419/2923 6284/2419/2945 6283/2420/2922
f 6283/2420/2922 6286/2420/2924 6285/2419/2923
f 6285/2419/2923 6286/2420/2924 6287/2421/2925
f 6288/2422/2926 6285/2419/2923 6287/2421/2925
f 6288/2422/2926 6287/2421/2925 6289/2423/2927
f 6288/2422/2926 6290/2424/2928 6285/2419/2923
f 6290/2424/2928 6288/2422/2926 6289/2423/2927
f 6291/2425/2929 6290/2424/2928 6289/2423/2927
f 6292/825/2899 6293/2426/2900 6294/828/2946
f 6293/2426/2900 6295/2427/2947 6294/828/2946
f 6295/2427/2947 6296/2428/2948 6294/828/2946
f 6295/2427/2947 6293/2426/2900 6297/2429/2904
f 6295/2427/2947 6297/2429/2904 6296/2428/2948
f 6297/2429/2904 6298/2430/2905 6296/2428/2948
f 6299/2430/2906 6298/2430/2905 6297/2429/2904
f 6297/2429/2904 6300/2429/2906 6299/2430/2906
f 6299/2430/2906 6300/2429/2906 6301/2429/2907
f 6301/2429/2907 6302/2430/2908 6299/2430/2906
f 6302/2430/2908 6301/2429/2907 6303/2431/2909
f 6301/2429/2907 6304/2432/2949 6303/2431/2909
f 6303/2431/2909 6304/2432/2949 6305/2433/2911
f 6301/2429/2907 6306/2434/2912 6304/2432/2949
f 6304/2432/2949 6306/2434/2912 6305/2433/2911
f 6306/2434/2912 6307/2435/2913 6305/2433/2911
f 6308/2453/2950 6309/2454/2951 6310/2455/2952
f 6309/2454/2951 6311/2456/2953 6310/2455/2952
f 6309/2454/2951 6312/2453/2888 6313/2455/2954
f 6314/2456/2953 6309/2454/2951 6313/2455/2954
f 6309/2454/2951 6315/2457/2955 6311/2456/2953
f 6314/2456/2953 6315/2457/2955 6309/2454/2951
f 6311/2456/2953 6315/2457/2955 6316/2458/2956
f 6316/2458/2956 6315/2457/2955 6314/2456/2953
f 6316/2458/2956 6317/2459/1676 6311/2456/2953
f 6314/2456/2953 6318/2459/1676 6316/2458/2956
f 6317/2459/1676 6316/2458/2956 6319/2460/2809
f 6319/2460/2809 6316/2458/2956 6318/2459/1676
f 6319/2460/2809 6320/2461/2809 6317/2459/1676
f 6318/2459/1676 6321/2461/2809 6319/2460/2809
f 6322/2462/2957 6323/2463/997 6324/2464/997
f 6325/2465/2958 6322/2462/2957 6324/2464/997
f 6325/2465/2958 6324/2464/997 6326/2466/997
f 6327/2464/997 6325/2465/2958 6326/2466/997
f 6327/2464/997 6328/2462/2957 6325/2465/2958
f 6327/2464/997 6329/2463/2959 6328/2462/2957
f 6330/2467/997 6326/2466/997 6324/2464/997
f 6327/2464/997 6326/2466/997 6330/2467/997
f 6324/2464/997 6331/2468/997 6330/2467/997
f 6330/2467/997 6332/2468/997 6327/2464/997
f 6333/2469/997 6331/2468/997 6324/2464/997
f 6332/2468/997 6334/2469/997 6327/2464/997
f 6335/2470/997 6331/2468/997 6333/2469/997
f 6334/2469/997 6332/2468/997 6336/2470/997
f 6333/2469/997 6337/2471/997 6335/2470/997
f 6336/2470/997 6338/2471/997 6334/2469/997
f 6339/2472/997 6335/2470/997 6337/2471/997
f 6338/2471/997 6336/2470/997 6340/2472/997
f 6337/2471/997 6341/2473/997 6339/2472/997
f 6340/2472/997 6342/2473/997 6338/2471/997
f 6343/2474/997 6339/2472/997 6341/2473/997
f 6342/2473/997 6340/2472/997 6344/2474/997
f 6341/2473/997 6345/2475/997 6343/2474/997
f 6344/2474/997 6346/2475/997 6342/2473/997
f 6343/2474/997 6345/2475/997 6347/2476/997
f 6347/2476/997 6346/2475/997 6344/2474/997
f 6347/2476/997 6348/2477/997 6343/2474/997
f 6344/2474/997 6348/2477/997 6347/2476/997
f 6349/2478/993 6350/2479/993 6351/2480/993
f 6352/2481/993 6351/2480/993 6353/2482/993
f 6352/2481/993 6349/2478/993 6351/2480/993
f 6354/2480/993 6349/2478/993 6352/2481/993
f 6354/2480/993 6352/2481/993 6355/2482/993
f 6354/2480/993 6356/2479/993 6349/2478/993
f 6357/2483/647 6358/2484/647 6359/2485/647
f 6359/2485/647 6360/2486/647 6361/2487/647
f 6359/2485/647 6362/2488/647 6357/2483/647
f 6361/2487/647 6362/2488/647 6359/2485/647
f 6363/2489/2553 6357/2483/647 6362/2488/647
f 6362/2488/647 6361/2487/647 6364/2490/2553
f 6362/2488/647 6365/2491/2960 6363/2489/2553
f 6364/2490/2553 6365/2491/2960 6362/2488/647
f 6366/2492/647 6363/2489/2553 6365/2491/2960
f 6365/2491/2960 6364/2490/2553 6367/2493/647
f 6365/2491/2960 6368/2494/647 6366/2492/647
f 6367/2493/647 6368/2494/647 6365/2491/2960
f 6366/2492/647 6368/2494/647 6369/2495/647
f 6369/2495/647 6368/2494/647 6367/2493/647
f 6369/2495/647 6370/2496/2552 6366/2492/647
f 6367/2493/647 6371/2497/2552 6369/2495/647
f 6372/2485/2961 6373/2484/689 6374/2483/1993
f 6375/2487/2962 6376/2486/689 6372/2485/2961
f 6374/2483/1993 6377/2488/689 6372/2485/2961
f 6372/2485/2961 6377/2488/689 6375/2487/2962
f 6377/2488/689 6374/2483/1993 6378/2489/689
f 6379/2490/689 6375/2487/2962 6377/2488/689
f 6378/2489/689 6380/2491/2963 6377/2488/689
f 6377/2488/689 6380/2491/2963 6379/2490/689
f 6380/2491/2963 6378/2489/689 6381/2492/689
f 6382/2493/689 6379/2490/689 6380/2491/2963
f 6381/2492/689 6383/2494/689 6380/2491/2963
f 6380/2491/2963 6383/2494/689 6382/2493/689
f 6384/2495/689 6383/2494/689 6381/2492/689
f 6382/2493/689 6383/2494/689 6384/2495/689
f 6381/2492/689 6385/2496/689 6384/2495/689
f 6384/2495/689 6386/2497/689 6382/2493/689
f 6387/2498/792 6388/2499/2964 6389/2500/792
f 6388/2499/2964 6390/2501/2965 6389/2500/792
f 6390/2501/2965 6391/2502/2966 6389/2500/792
f 6392/2503/2967 6391/2502/2966 6390/2501/2965
f 6390/2501/2965 6388/2499/2964 6393/2504/2968
f 6388/2499/2964 6394/2505/2969 6393/2504/2968
f 6395/2506/2970 6390/2501/2965 6393/2504/2968
f 6390/2501/2965 6395/2506/2970 6392/2503/2967
f 6396/2507/1158 6393/2504/2968 6394/2505/2969
f 6397/2508/2971 6392/2503/2967 6395/2506/2970
f 6394/2505/2969 6398/2509/930 6396/2507/1158
f 6399/2510/1150 6392/2503/2967 6397/2508/2971
f 6396/2507/1158 6398/2509/930 6400/2511/2972
f 6397/2508/2971 6401/2512/2973 6399/2510/1150
f 6396/2507/1158 6400/2511/2972 6402/2513/2974
f 6403/2514/932 6399/2510/1150 6401/2512/2973
f 6402/2513/2974 6404/2515/2973 6396/2507/1158
f 6401/2512/2973 6405/2516/931 6403/2514/932
f 6406/2517/931 6404/2515/2973 6402/2513/2974
f 6407/2518/2975 6403/2514/932 6405/2516/931
f 6402/2513/2974 6408/2519/932 6406/2517/931
f 6405/2516/931 6409/2520/2976 6407/2518/2975
f 6410/2521/2977 6406/2517/931 6408/2519/932
f 6411/2522/2978 6407/2518/2975 6409/2520/2976
f 6408/2519/932 6412/2523/2977 6410/2521/2977
f 6409/2520/2976 6413/2524/2979 6411/2522/2978
f 6410/2521/2977 6412/2523/2977 6414/2525/2980
f 6415/2526/2981 6411/2522/2978 6413/2524/2979
f 6414/2525/2980 6416/2527/2979 6410/2521/2977
f 6413/2524/2979 6417/2528/2982 6415/2526/2981
f 6416/2527/2979 6414/2525/2980 6418/2529/2983
f 6415/2526/2981 6417/2528/2982 6419/2530/2984
f 6418/2529/2983 6420/2531/2985 6416/2527/2979
f 6419/2530/2984 6421/2532/1271 6415/2526/2981
f 6420/2531/2985 6418/2529/2983 6422/2533/2986
f 6419/2530/2984 6423/2534/2987 6421/2532/1271
f 6422/2533/2986 6424/2535/2988 6420/2531/2985
f 6423/2534/2987 6425/2536/2989 6421/2532/1271
f 6424/2535/2988 6422/2533/2986 6426/2537/2990
f 6425/2536/2989 6427/2538/2991 6421/2532/1271
f 6426/2537/2990 6428/2539/2982 6424/2535/2988
f 6429/2540/2992 6427/2538/2991 6425/2536/2989
f 6430/2541/2993 6428/2539/2982 6426/2537/2990
f 6431/2542/2994 6429/2540/2992 6425/2536/2989
f 6426/2537/2990 6432/2543/2993 6430/2541/2993
f 6431/2542/2994 6433/2544/2995 6429/2540/2992
f 6434/2545/2987 6430/2541/2993 6432/2543/2993
f 6431/2542/2994 6435/2546/2996 6433/2544/2995
f 6436/2547/2989 6434/2545/2987 6432/2543/2993
f 6435/2546/2996 6437/2548/2997 6433/2544/2995
f 6437/2548/2997 6436/2547/2989 6432/2543/2993
f 6435/2546/2996 6436/2547/2989 6437/2548/2997
f 6438/2549/1589 6439/2550/1589 6440/2551/1582
f 6441/2551/1588 6442/2550/1589 6438/2549/1589
f 6440/2551/1582 6443/2552/1582 6438/2549/1589
f 6438/2549/1589 6443/2552/1582 6441/2551/1588
f 6443/2552/1582 6440/2551/1582 6444/2553/1587
f 6445/2553/1587 6441/2551/1588 6443/2552/1582
f 6444/2553/1587 6446/2554/1587 6443/2552/1582
f 6443/2552/1582 6446/2554/1587 6445/2553/1587
f 6447/2555/2705 6448/2556/2705 6449/2557/834
f 6450/2557/2998 6451/2556/2705 6447/2555/2705
f 6449/2557/834 6452/2558/834 6447/2555/2705
f 6447/2555/2705 6452/2558/834 6450/2557/2998
f 6452/2558/834 6449/2557/834 6453/2559/2702
f 6454/2559/2702 6450/2557/2998 6452/2558/834
f 6453/2559/2702 6455/2560/2999 6452/2558/834
f 6452/2558/834 6455/2560/2999 6454/2559/2702
f 6456/2561/3000 6457/2562/3001 6458/2563/3002
f 6459/2564/3003 6460/2565/3004 6456/2561/3000
f 6459/2564/3003 6456/2561/3000 6458/2563/3002
f 6459/2564/3003 6458/2563/3002 6461/2566/3005
f 6458/2563/3002 6462/2567/1075 6461/2566/3005
f 6463/2568/3006 6459/2564/3003 6461/2566/3005
f 6464/2564/2796 6463/2568/3006 6461/2566/3005
f 6465/2567/1075 6466/2563/3007 6461/2566/3005
f 6466/2563/3007 6464/2564/2796 6461/2566/3005
f 6466/2563/3007 6467/2561/3008 6464/2564/2796
f 6467/2561/3008 6468/2565/3004 6464/2564/2796
f 6466/2563/3007 6469/2562/3001 6467/2561/3008
f 6470/2485/689 6471/2484/2962 6472/2483/689
f 6473/2487/689 6474/2486/689 6470/2485/689
f 6472/2483/689 6475/2488/689 6470/2485/689
f 6470/2485/689 6475/2488/689 6473/2487/689
f 6475/2488/689 6472/2483/689 6476/2489/689
f 6477/2490/689 6473/2487/689 6475/2488/689
f 6476/2489/689 6478/2491/3009 6475/2488/689
f 6475/2488/689 6478/2491/3009 6477/2490/689
f 6478/2491/3009 6476/2489/689 6479/2492/689
f 6480/2493/689 6477/2490/689 6478/2491/3009
f 6479/2492/689 6481/2494/689 6478/2491/3009
f 6478/2491/3009 6481/2494/689 6480/2493/689
f 6482/2495/689 6481/2494/689 6479/2492/689
f 6480/2493/689 6481/2494/689 6482/2495/689
f 6479/2492/689 6483/2496/689 6482/2495/689
f 6482/2495/689 6484/2497/689 6480/2493/689
f 6485/2483/647 6486/2484/647 6487/2485/647
f 6487/2485/647 6488/2486/647 6489/2487/647
f 6487/2485/647 6490/2488/647 6485/2483/647
f 6489/2487/647 6490/2488/647 6487/2485/647
f 6491/2489/647 6485/2483/647 6490/2488/647
f 6490/2488/647 6489/2487/647 6492/2490/647
f 6490/2488/647 6493/2491/647 6491/2489/647
f 6492/2490/647 6493/2491/647 6490/2488/647
f 6494/2492/647 6491/2489/647 6493/2491/647
f 6493/2491/647 6492/2490/647 6495/2493/647
f 6493/2491/647 6496/2494/647 6494/2492/647
f 6495/2493/647 6496/2494/647 6493/2491/647
f 6494/2492/647 6496/2494/647 6497/2495/647
f 6497/2495/647 6496/2494/647 6495/2493/647
f 6497/2495/647 6498/2496/647 6494/2492/647
f 6495/2493/647 6499/2497/647 6497/2495/647
f 6500/2499/3010 6501/2498/792 6502/2500/792
f 6503/2501/3011 6500/2499/3010 6502/2500/792
f 6504/2502/3012 6503/2501/3011 6502/2500/792
f 6503/2501/3011 6504/2502/3012 6505/2503/3013
f 6500/2499/3010 6503/2501/3011 6506/2504/3014
f 6507/2505/2719 6500/2499/3010 6506/2504/3014
f 6503/2501/3011 6508/2506/3015 6506/2504/3014
f 6505/2503/3013 6508/2506/3015 6503/2501/3011
f 6507/2505/2719 6506/2504/3014 6509/2507/3016
f 6505/2503/3013 6510/2508/734 6508/2506/3015
f 6509/2507/3016 6511/2509/896 6507/2505/2719
f 6510/2508/734 6505/2503/3013 6512/2510/1467
f 6511/2509/896 6509/2507/3016 6513/2511/3017
f 6512/2510/1467 6514/2512/3018 6510/2508/734
f 6515/2513/3019 6513/2511/3017 6509/2507/3016
f 6514/2512/3018 6512/2510/1467 6516/2514/898
f 6509/2507/3016 6517/2515/3020 6515/2513/3019
f 6516/2514/898 6518/2516/898 6514/2512/3018
f 6515/2513/3019 6517/2515/3020 6519/2517/898
f 6518/2516/898 6516/2514/898 6520/2518/747
f 6519/2517/898 6521/2519/898 6515/2513/3019
f 6520/2518/747 6522/2520/747 6518/2516/898
f 6521/2519/898 6519/2517/898 6523/2521/747
f 6522/2520/747 6520/2518/747 6524/2522/1824
f 6523/2521/747 6525/2523/747 6521/2519/898
f 6524/2522/1824 6526/2524/3021 6522/2520/747
f 6527/2525/3022 6525/2523/747 6523/2521/747
f 6526/2524/3021 6524/2522/1824 6528/2526/3023
f 6523/2521/747 6529/2527/3021 6527/2525/3022
f 6528/2526/3023 6530/2528/1983 6526/2524/3021
f 6531/2529/3024 6527/2525/3022 6529/2527/3021
f 6532/2530/3025 6530/2528/1983 6528/2526/3023
f 6529/2527/3021 6533/2531/3026 6531/2529/3024
f 6528/2526/3023 6534/2532/3027 6532/2530/3025
f 6535/2533/3028 6531/2529/3024 6533/2531/3026
f 6536/2534/656 6532/2530/3025 6534/2532/3027
f 6533/2531/3026 6537/2535/3029 6535/2533/3028
f 6538/2536/3030 6536/2534/656 6534/2532/3027
f 6539/2537/3031 6535/2533/3028 6537/2535/3029
f 6540/2538/3032 6538/2536/3030 6534/2532/3027
f 6537/2535/3029 6541/2539/1983 6539/2537/3031
f 6540/2538/3032 6542/2540/3033 6538/2536/3030
f 6539/2537/3031 6541/2539/1983 6543/2541/3034
f 6542/2540/3033 6544/2542/3035 6538/2536/3030
f 6543/2541/3034 6545/2543/3036 6539/2537/3031
f 6542/2540/3033 6546/2544/3037 6544/2542/3035
f 6543/2541/3034 6547/2545/656 6545/2543/3036
f 6546/2544/3037 6548/2546/3038 6544/2542/3035
f 6547/2545/656 6549/2547/3030 6545/2543/3036
f 6546/2544/3037 6550/2548/3039 6548/2546/3038
f 6549/2547/3030 6550/2548/3039 6545/2543/3036
f 6550/2548/3039 6549/2547/3030 6548/2546/3038
f 6551/2569/811 6552/2570/811 6553/2571/811
f 6553/2571/811 6554/2572/811 6551/2569/811
f 6551/2569/811 6554/2572/811 6555/2571/811
f 6555/2571/811 6556/2570/811 6551/2569/811
f 6551/2569/811 6557/2573/811 6558/2574/1332
f 6559/2574/2777 6560/2573/811 6551/2569/811
f 6558/2574/1332 6561/2575/3040 6551/2569/811
f 6551/2569/811 6561/2575/3040 6559/2574/2777
f 6561/2575/3040 6558/2574/1332 6562/2576/848
f 6562/2576/848 6558/2574/1332 6563/2577/3041
f 6563/2577/3041 6564/2578/811 6562/2576/848
f 6562/2576/848 6564/2578/811 6565/2579/811
f 6562/2576/848 6566/2580/3042 6561/2575/3040
f 6565/2579/811 6566/2580/3042 6562/2576/848
f 6567/2576/811 6559/2574/2777 6561/2575/3040
f 6561/2575/3040 6566/2580/3042 6567/2576/811
f 6567/2576/811 6566/2580/3042 6565/2579/811
f 6568/2577/2777 6559/2574/2777 6567/2576/811
f 6565/2579/811 6569/2578/811 6567/2576/811
f 6567/2576/811 6569/2578/811 6568/2577/2777
f 6570/2581/993 6571/2582/993 6572/2583/993
f 6571/2582/993 6570/2581/993 6573/2584/993
f 6573/2584/993 6570/2581/993 6574/2585/993
f 6575/2586/993 6571/2582/993 6573/2584/993
f 6574/2585/993 6576/2587/993 6573/2584/993
f 6575/2586/993 6577/2588/993 6571/2582/993
f 6576/2587/993 6574/2585/993 6578/2589/993
f 6577/2588/993 6579/2590/993 6571/2582/993
f 6576/2587/993 6578/2589/993 6580/2591/993
f 6577/2588/993 6581/2592/993 6579/2590/993
f 6582/2593/993 6576/2587/993 6580/2591/993
f 6581/2592/993 6583/2594/993 6579/2590/993
f 6582/2593/993 6580/2591/993 6584/2595/993
f 6581/2592/993 6585/2596/993 6583/2594/993
f 6585/2596/993 6582/2593/993 6584/2595/993
f 6585/2596/993 6586/2597/993 6583/2594/993
f 6585/2596/993 6584/2595/993 6586/2597/993
f 6587/2582/993 6588/2581/993 6589/2583/993
f 6588/2581/993 6587/2582/993 6590/2584/993
f 6591/2585/993 6588/2581/993 6590/2584/993
f 6587/2582/993 6592/2586/993 6590/2584/993
f 6590/2584/993 6593/2587/993 6591/2585/993
f 6587/2582/993 6594/2588/993 6592/2586/993
f 6595/2589/993 6591/2585/993 6593/2587/993
f 6587/2582/993 6596/2590/993 6594/2588/993
f 6597/2591/993 6595/2589/993 6593/2587/993
f 6596/2590/993 6598/2592/993 6594/2588/993
f 6597/2591/993 6593/2587/993 6599/2593/993
f 6596/2590/993 6600/2594/993 6598/2592/993
f 6601/2595/993 6597/2591/993 6599/2593/993
f 6600/2594/993 6602/2596/993 6598/2592/993
f 6601/2595/993 6599/2593/993 6602/2596/993
f 6600/2594/993 6603/2597/993 6602/2596/993
f 6603/2597/993 6601/2595/993 6602/2596/993
f 6604/2598/993 6605/2599/993 6606/2600/993
f 6606/2600/993 6607/2599/993 6608/2598/993
f 6606/2600/993 6609/2601/993 6604/2598/993
f 6608/2598/993 6609/2601/993 6606/2600/993
f 6604/2598/993 6609/2601/993 6610/2600/993
f 6610/2600/993 6609/2601/993 6608/2598/993
f 6610/2600/993 6611/2599/993 6604/2598/993
f 6608/2598/993 6612/2599/993 6610/2600/993
f 6613/2602/3043 6614/2603/3044 6615/2604/2722
f 6616/2605/2722 6617/2606/3043 6613/2602/3043
f 6615/2604/2722 6618/2607/2722 6613/2602/3043
f 6613/2602/3043 6618/2607/2722 6616/2605/2722
f 6619/2608/811 6618/2607/2722 6615/2604/2722
f 6616/2605/2722 6618/2607/2722 6619/2608/811
f 6615/2604/2722 6620/2609/811 6619/2608/811
f 6619/2608/811 6621/2610/811 6616/2605/2722
f 6622/2611/811 6619/2608/811 6620/2609/811
f 6621/2610/811 6619/2608/811 6622/2611/811
f 6620/2609/811 6623/2612/811 6622/2611/811
f 6622/2611/811 6624/2613/811 6621/2610/811
f 6625/2614/811 6622/2611/811 6623/2612/811
f 6624/2613/811 6622/2611/811 6625/2614/811
f 6623/2612/811 6626/2615/811 6625/2614/811
f 6625/2614/811 6627/2616/811 6624/2613/811
f 6625/2614/811 6626/2615/811 6628/2617/811
f 6629/2618/811 6627/2616/811 6625/2614/811
f 6628/2617/811 6630/2619/811 6625/2614/811
f 6625/2614/811 6630/2619/811 6629/2618/811
f 6631/2600/993 6632/2599/993 6633/2598/993
f 6633/2598/993 6634/2599/993 6635/2600/993
f 6633/2598/993 6636/2601/993 6631/2600/993
f 6635/2600/993 6636/2601/993 6633/2598/993
f 6631/2600/993 6636/2601/993 6637/2598/993
f 6637/2598/993 6636/2601/993 6635/2600/993
f 6637/2598/993 6638/2599/993 6631/2600/993
f 6635/2600/993 6639/2599/993 6637/2598/993
f 6640/2604/2722 6641/2603/3043 6642/2602/3043
f 6642/2602/3043 6643/2606/3043 6644/2605/2722
f 6642/2602/3043 6645/2607/2722 6640/2604/2722
f 6644/2605/2722 6645/2607/2722 6642/2602/3043
f 6640/2604/2722 6645/2607/2722 6646/2608/811
f 6646/2608/811 6645/2607/2722 6644/2605/2722
f 6646/2608/811 6647/2609/811 6640/2604/2722
f 6644/2605/2722 6648/2610/811 6646/2608/811
f 6647/2609/811 6646/2608/811 6649/2611/811
f 6649/2611/811 6646/2608/811 6648/2610/811
f 6649/2611/811 6650/2612/811 6647/2609/811
f 6648/2610/811 6651/2613/811 6649/2611/811
f 6650/2612/811 6649/2611/811 6652/2614/811
f 6652/2614/811 6649/2611/811 6651/2613/811
f 6652/2614/811 6653/2615/811 6650/2612/811
f 6651/2613/811 6654/2616/811 6652/2614/811
f 6655/2617/811 6653/2615/811 6652/2614/811
f 6652/2614/811 6654/2616/811 6656/2618/811
f 6652/2614/811 6657/2619/811 6655/2617/811
f 6656/2618/811 6657/2619/811 6652/2614/811
f 6658/2620/647 6659/2621/647 6660/2622/647
f 6661/2623/647 6658/2620/647 6660/2622/647
f 6659/2621/647 6662/2624/647 6660/2622/647
f 6660/2622/647 6663/2625/647 6661/2623/647
f 6662/2624/647 6664/2626/647 6660/2622/647
f 6665/2627/647 6661/2623/647 6663/2625/647
f 6666/2628/2552 6664/2626/647 6662/2624/647
f 6663/2625/647 6667/2629/647 6665/2627/647
f 6662/2624/647 6668/2630/647 6666/2628/2552
f 6667/2629/647 6669/2631/3045 6665/2627/647
f 6666/2628/2552 6668/2630/647 6670/2632/647
f 6670/2632/647 6671/2633/647 6666/2628/2552
f 6671/2633/647 6670/2632/647 6672/2634/647
f 6670/2632/647 6673/2635/647 6672/2634/647
f 6673/2635/647 6674/2636/647 6672/2634/647
f 6672/2634/647 6674/2636/647 6675/2637/647
f 6675/2637/647 6676/2638/647 6672/2634/647
f 6676/2638/647 6675/2637/647 6677/2639/647
f 6677/2639/647 6678/2640/647 6676/2638/647
f 6679/2641/3046 6678/2640/647 6677/2639/647
f 6680/2642/3046 6679/2641/3046 6677/2639/647
f 6677/2639/647 6681/2643/647 6680/2642/3046
f 6680/2642/3046 6681/2643/647 6665/2627/647
f 6665/2627/647 6669/2631/3045 6680/2642/3046
f 6682/2644/3046 6679/2641/3046 6680/2642/3046
f 6680/2642/3046 6669/2631/3045 6683/2645/3046
f 6680/2642/3046 6684/2646/3046 6682/2644/3046
f 6683/2645/3046 6684/2646/3046 6680/2642/3046
f 6685/2647/3047 6682/2644/3046 6684/2646/3046
f 6684/2646/3046 6683/2645/3046 6686/2648/3047
f 6684/2646/3046 6687/2649/3047 6685/2647/3047
f 6686/2648/3047 6687/2649/3047 6684/2646/3046
f 6688/2621/1989 6689/2620/689 6690/2622/689
f 6690/2622/689 6689/2620/689 6691/2623/689
f 6692/2624/2962 6688/2621/1989 6690/2622/689
f 6691/2623/689 6693/2625/689 6690/2622/689
f 6694/2626/689 6692/2624/2962 6690/2622/689
f 6693/2625/689 6691/2623/689 6695/2627/689
f 6692/2624/2962 6694/2626/689 6696/2628/3009
f 6695/2627/689 6697/2629/689 6693/2625/689
f 6696/2628/3009 6698/2630/689 6692/2624/2962
f 6699/2631/3048 6697/2629/689 6695/2627/689
f 6700/2632/1993 6698/2630/689 6696/2628/3009
f 6696/2628/3009 6701/2633/689 6700/2632/1993
f 6700/2632/1993 6701/2633/689 6702/2634/689
f 6703/2635/3049 6700/2632/1993 6702/2634/689
f 6704/2636/689 6703/2635/3049 6702/2634/689
f 6705/2637/689 6704/2636/689 6702/2634/689
f 6702/2634/689 6706/2638/689 6705/2637/689
f 6707/2639/689 6705/2637/689 6706/2638/689
f 6706/2638/689 6708/2640/689 6707/2639/689
f 6708/2640/689 6709/2641/3050 6707/2639/689
f 6707/2639/689 6709/2641/3050 6710/2642/3048
f 6710/2642/3048 6711/2643/689 6707/2639/689
f 6695/2627/689 6711/2643/689 6710/2642/3048
f 6710/2642/3048 6699/2631/3048 6695/2627/689
f 6710/2642/3048 6709/2641/3050 6712/2644/3048
f 6713/2645/3048 6699/2631/3048 6710/2642/3048
f 6712/2644/3048 6714/2646/3048 6710/2642/3048
f 6710/2642/3048 6714/2646/3048 6713/2645/3048
f 6714/2646/3048 6712/2644/3048 6715/2647/3051
f 6716/2648/3052 6713/2645/3048 6714/2646/3048
f 6715/2647/3051 6717/2649/3053 6714/2646/3048
f 6714/2646/3048 6717/2649/3053 6716/2648/3052
f 6718/2621/689 6719/2620/689 6720/2622/689
f 6720/2622/689 6719/2620/689 6721/2623/689
f 6722/2624/2962 6718/2621/689 6720/2622/689
f 6721/2623/689 6723/2625/689 6720/2622/689
f 6724/2626/689 6722/2624/2962 6720/2622/689
f 6723/2625/689 6721/2623/689 6725/2627/689
f 6722/2624/2962 6724/2626/689 6726/2628/3009
f 6725/2627/689 6727/2629/689 6723/2625/689
f 6726/2628/3009 6728/2630/689 6722/2624/2962
f 6729/2631/3048 6727/2629/689 6725/2627/689
f 6730/2632/1993 6728/2630/689 6726/2628/3009
f 6726/2628/3009 6731/2633/689 6730/2632/1993
f 6730/2632/1993 6731/2633/689 6732/2634/689
f 6733/2635/689 6730/2632/1993 6732/2634/689
f 6734/2636/689 6733/2635/689 6732/2634/689
f 6735/2637/689 6734/2636/689 6732/2634/689
f 6732/2634/689 6736/2638/689 6735/2637/689
f 6737/2639/2962 6735/2637/689 6736/2638/689
f 6736/2638/689 6738/2640/689 6737/2639/2962
f 6738/2640/689 6739/2641/3054 6737/2639/2962
f 6737/2639/2962 6739/2641/3054 6740/2642/3048
f 6740/2642/3048 6741/2643/689 6737/2639/2962
f 6725/2627/689 6741/2643/689 6740/2642/3048
f 6740/2642/3048 6729/2631/3048 6725/2627/689
f 6740/2642/3048 6739/2641/3054 6742/2644/3055
f 6743/2645/3055 6729/2631/3048 6740/2642/3048
f 6742/2644/3055 6744/2646/3048 6740/2642/3048
f 6740/2642/3048 6744/2646/3048 6743/2645/3055
f 6744/2646/3048 6742/2644/3055 6745/2647/3056
f 6746/2648/3057 6743/2645/3055 6744/2646/3048
f 6745/2647/3056 6747/2649/3058 6744/2646/3048
f 6744/2646/3048 6747/2649/3058 6746/2648/3057
f 6748/2620/647 6749/2621/647 6750/2622/647
f 6751/2623/647 6748/2620/647 6750/2622/647
f 6749/2621/647 6752/2624/1874 6750/2622/647
f 6750/2622/647 6753/2625/647 6751/2623/647
f 6752/2624/1874 6754/2626/647 6750/2622/647
f 6755/2627/647 6751/2623/647 6753/2625/647
f 6756/2628/2553 6754/2626/647 6752/2624/1874
f 6753/2625/647 6757/2629/647 6755/2627/647
f 6752/2624/1874 6758/2630/647 6756/2628/2553
f 6757/2629/647 6759/2631/3059 6755/2627/647
f 6756/2628/2553 6758/2630/647 6760/2632/3060
f 6760/2632/3060 6761/2633/647 6756/2628/2553
f 6761/2633/647 6760/2632/3060 6762/2634/647
f 6760/2632/3060 6763/2635/647 6762/2634/647
f 6763/2635/647 6764/2636/647 6762/2634/647
f 6762/2634/647 6764/2636/647 6765/2637/647
f 6765/2637/647 6766/2638/647 6762/2634/647
f 6766/2638/647 6765/2637/647 6767/2639/1874
f 6767/2639/1874 6768/2640/647 6766/2638/647
f 6769/2641/3046 6768/2640/647 6767/2639/1874
f 6770/2642/3046 6769/2641/3046 6767/2639/1874
f 6767/2639/1874 6771/2643/647 6770/2642/3046
f 6770/2642/3046 6771/2643/647 6755/2627/647
f 6755/2627/647 6759/2631/3059 6770/2642/3046
f 6772/2644/3046 6769/2641/3046 6770/2642/3046
f 6770/2642/3046 6759/2631/3059 6773/2645/3046
f 6770/2642/3046 6774/2646/3061 6772/2644/3046
f 6773/2645/3046 6774/2646/3061 6770/2642/3046
f 6775/2647/3047 6772/2644/3046 6774/2646/3061
f 6774/2646/3061 6773/2645/3046 6776/2648/3047
f 6774/2646/3061 6777/2649/3062 6775/2647/3047
f 6776/2648/3047 6777/2649/3062 6774/2646/3061
f 6778/2650/792 6779/2651/792 6780/2652/792
f 6781/2653/792 6778/2650/792 6780/2652/792
f 6782/2654/792 6781/2653/792 6780/2652/792
f 6778/2650/792 6781/2653/792 6783/2655/792
f 6784/2653/792 6782/2654/792 6780/2652/792
f 6785/2656/792 6778/2650/792 6783/2655/792
f 6785/2656/792 6786/2657/792 6778/2650/792
f 6787/2658/792 6785/2656/792 6783/2655/792
f 6786/2657/792 6785/2656/792 6788/2659/792
f 6789/2660/792 6787/2658/792 6783/2655/792
f 6788/2659/792 6790/2661/792 6786/2657/792
f 6787/2658/792 6789/2660/792 6791/2655/792
f 6792/2662/792 6790/2661/792 6788/2659/792
f 6793/2656/792 6787/2658/792 6791/2655/792
f 6792/2662/792 6788/2659/792 6794/2663/792
f 6795/2664/792 6792/2662/792 6794/2663/792
f 6796/2662/792 6795/2664/792 6794/2663/792
f 6797/2659/792 6796/2662/792 6794/2663/792
f 6797/2659/792 6798/2661/792 6796/2662/792
f 6799/2657/792 6798/2661/792 6797/2659/792
f 6797/2659/792 6793/2656/792 6799/2657/792
f 6800/2650/792 6799/2657/792 6793/2656/792
f 6800/2650/792 6793/2656/792 6791/2655/792
f 6784/2653/792 6800/2650/792 6791/2655/792
f 6800/2650/792 6784/2653/792 6780/2652/792
f 6801/2651/792 6800/2650/792 6780/2652/792
f 6802/2665/3063 6803/2666/3064 6804/2667/1732
f 6805/2667/3065 6803/2666/3064 6802/2665/3063
f 6804/2667/1732 6806/2668/1730 6802/2665/3063
f 6802/2665/3063 6807/2668/2352 6805/2667/3065
f 6808/2669/3066 6802/2665/3063 6806/2668/1730
f 6802/2665/3063 6808/2669/3066 6807/2668/2352
f 6809/2670/3066 6808/2669/3066 6806/2668/1730
f 6810/2671/3067 6809/2670/3066 6806/2668/1730
f 6808/2669/3066 6811/2670/3066 6807/2668/2352
f 6811/2670/3066 6812/2671/3068 6807/2668/2352
f 6809/2670/3066 6810/2671/3067 6813/2672/792
f 6813/2672/792 6810/2671/3067 6814/2673/3069
f 6815/2674/3069 6813/2672/792 6814/2673/3069
f 6813/2672/792 6816/2675/3070 6809/2670/3066
f 6808/2669/3066 6809/2670/3066 6816/2675/3070
f 6815/2674/3069 6817/2676/792 6813/2672/792
f 6816/2675/3070 6818/2677/3070 6808/2669/3066
f 6817/2676/792 6815/2674/3069 6819/2678/3071
f 6808/2669/3066 6818/2677/3070 6820/2675/3070
f 6820/2675/3070 6811/2670/3066 6808/2669/3066
f 6819/2678/3071 6821/2679/792 6817/2676/792
f 6811/2670/3066 6820/2675/3070 6822/2672/3072
f 6822/2672/3072 6812/2671/3068 6811/2670/3066
f 6812/2671/3068 6822/2672/3072 6823/2673/3073
f 6822/2672/3072 6824/2674/3074 6823/2673/3073
f 6822/2672/3072 6825/2676/792 6824/2674/3074
f 6826/2678/3075 6824/2674/3074 6825/2676/792
f 6825/2676/792 6827/2679/792 6826/2678/3075
f 6828/2680/792 6826/2678/3075 6827/2679/792
f 6827/2679/792 6829/2681/792 6828/2680/792
f 6828/2680/792 6829/2681/792 6821/2679/792
f 6821/2679/792 6819/2678/3071 6828/2680/792
f 6830/2682/3076 6826/2678/3075 6828/2680/792
f 6828/2680/792 6819/2678/3071 6831/2682/3077
f 6828/2680/792 6832/2683/792 6830/2682/3076
f 6831/2682/3077 6832/2683/792 6828/2680/792
f 6833/2684/811 6834/2685/3078 6835/2686/3079
f 6835/2686/3079 6836/2687/811 6833/2684/811
f 6835/2686/3079 6834/2685/3078 6837/2688/3080
f 6836/2687/811 6835/2686/3079 6838/2689/3081
f 6838/2689/3081 6839/2690/811 6836/2687/811
f 6837/2688/3080 6840/2691/3082 6835/2686/3079
f 6838/2689/3081 6835/2686/3079 6840/2691/3082
f 6841/2692/3083 6840/2691/3082 6837/2688/3080
f 6837/2688/3080 6842/2693/3084 6841/2692/3083
f 6841/2692/3083 6842/2693/3084 6843/2694/1706
f 6839/2690/811 6838/2689/3081 6844/2695/3085
f 6844/2695/3085 6845/2696/811 6839/2690/811
f 6840/2691/3082 6846/2697/3086 6838/2689/3081
f 6844/2695/3085 6838/2689/3081 6846/2697/3086
f 6840/2691/3082 6841/2692/3083 6847/2698/3087
f 6847/2698/3087 6846/2697/3086 6840/2691/3082
f 6843/2694/1706 6848/2699/3088 6841/2692/3083
f 6847/2698/3087 6841/2692/3083 6848/2699/3088
f 6849/2700/3089 6848/2699/3088 6843/2694/1706
f 6843/2694/1706 6850/2701/3084 6849/2700/3089
f 6849/2700/3089 6850/2701/3084 6851/2702/3090
f 6848/2699/3088 6852/2703/3091 6847/2698/3087
f 6848/2699/3088 6849/2700/3089 6853/2704/3092
f 6853/2704/3092 6852/2703/3091 6848/2699/3088
f 6851/2702/3090 6854/2705/3093 6849/2700/3089
f 6853/2704/3092 6849/2700/3089 6854/2705/3093
f 6855/2706/3094 6854/2705/3093 6851/2702/3090
f 6851/2702/3090 6856/2707/3095 6855/2706/3094
f 6855/2706/3094 6856/2707/3095 6857/2708/792
f 6857/2708/792 6858/2709/792 6855/2706/3094
f 6859/2710/3096 6855/2706/3094 6858/2709/792
f 6854/2705/3093 6855/2706/3094 6859/2710/3096
f 6858/2709/792 6860/2711/792 6859/2710/3096
f 6859/2710/3096 6861/2712/3097 6854/2705/3093
f 6854/2705/3093 6861/2712/3097 6853/2704/3092
f 6862/2713/3098 6859/2710/3096 6860/2711/792
f 6861/2712/3097 6859/2710/3096 6862/2713/3098
f 6860/2711/792 6863/2714/792 6862/2713/3098
f 6864/2715/3099 6853/2704/3092 6861/2712/3097
f 6852/2703/3091 6853/2704/3092 6864/2715/3099
f 6862/2713/3098 6865/2716/3100 6861/2712/3097
f 6861/2712/3097 6865/2716/3100 6864/2715/3099
f 6866/2717/3101 6862/2713/3098 6863/2714/792
f 6863/2714/792 6867/2718/792 6866/2717/3101
f 6866/2717/3101 6867/2718/792 6868/2719/792
f 6869/2720/3102 6865/2716/3100 6862/2713/3098
f 6862/2713/3098 6866/2717/3101 6869/2720/3102
f 6868/2719/792 6870/2721/3103 6866/2717/3101
f 6869/2720/3102 6866/2717/3101 6870/2721/3103
f 6870/2721/3103 6868/2719/792 6871/2722/792
f 6865/2716/3100 6869/2720/3102 6872/2723/3104
f 6872/2723/3104 6864/2715/3099 6865/2716/3100
f 6870/2721/3103 6873/2724/3105 6869/2720/3102
f 6872/2723/3104 6869/2720/3102 6873/2724/3105
f 6871/2722/792 6874/2725/3106 6870/2721/3103
f 6874/2725/3106 6871/2722/792 6875/2726/792
f 6876/2727/3107 6873/2724/3105 6870/2721/3103
f 6870/2721/3103 6874/2725/3106 6876/2727/3107
f 6875/2726/792 6877/2728/3108 6874/2725/3106
f 6877/2728/3108 6875/2726/792 6878/2729/792
f 6878/2729/792 6879/2730/3109 6877/2728/3108
f 6877/2728/3108 6879/2730/3109 6880/2731/3110
f 6874/2725/3106 6877/2728/3108 6881/2732/3111
f 6880/2731/3110 6881/2732/3111 6877/2728/3108
f 6881/2732/3111 6876/2727/3107 6874/2725/3106
f 6882/2733/3112 6881/2732/3111 6880/2731/3110
f 6880/2731/3110 6883/2734/2338 6882/2733/3112
f 6882/2733/3112 6883/2734/2338 6884/2735/2338
f 6885/2736/3113 6876/2727/3107 6881/2732/3111
f 6881/2732/3111 6882/2733/3112 6885/2736/3113
f 6886/2737/3114 6873/2724/3105 6876/2727/3107
f 6876/2727/3107 6885/2736/3113 6886/2737/3114
f 6873/2724/3105 6886/2737/3114 6872/2723/3104
f 6885/2736/3113 6882/2733/3112 6887/2738/3115
f 6884/2735/2338 6887/2738/3115 6882/2733/3112
f 6886/2737/3114 6885/2736/3113 6888/2739/3116
f 6887/2738/3115 6888/2739/3116 6885/2736/3113
f 6872/2723/3104 6886/2737/3114 6889/2740/3117
f 6888/2739/3116 6889/2740/3117 6886/2737/3114
f 6890/2741/3118 6887/2738/3115 6884/2735/2338
f 6884/2735/2338 6891/2742/2338 6890/2741/3118
f 6890/2741/3118 6891/2742/2338 6892/2743/3119
f 6893/2744/3120 6888/2739/3116 6887/2738/3115
f 6887/2738/3115 6890/2741/3118 6893/2744/3120
f 6892/2743/3119 6894/2745/3121 6890/2741/3118
f 6893/2744/3120 6890/2741/3118 6894/2745/3121
f 6888/2739/3116 6893/2744/3120 6895/2746/3122
f 6895/2746/3122 6889/2740/3117 6888/2739/3116
f 6894/2745/3121 6896/2747/3123 6893/2744/3120
f 6895/2746/3122 6893/2744/3120 6896/2747/3123
f 6897/2748/3124 6894/2745/3121 6892/2743/3119
f 6892/2743/3119 6898/2749/3125 6897/2748/3124
f 6897/2748/3124 6898/2749/3125 6899/2750/811
f 6899/2750/811 6900/2751/811 6897/2748/3124
f 6894/2745/3121 6897/2748/3124 6901/2752/3126
f 6901/2752/3126 6897/2748/3124 6900/2751/811
f 6901/2752/3126 6896/2747/3123 6894/2745/3121
f 6900/2751/811 6902/2753/811 6901/2752/3126
f 6903/2754/3127 6901/2752/3126 6902/2753/811
f 6896/2747/3123 6901/2752/3126 6903/2754/3127
f 6902/2753/811 6904/2755/811 6903/2754/3127
f 6903/2754/3127 6905/2756/3128 6896/2747/3123
f 6896/2747/3123 6905/2756/3128 6895/2746/3122
f 6906/2757/3129 6903/2754/3127 6904/2755/811
f 6904/2755/811 6907/2758/811 6906/2757/3129
f 6906/2757/3129 6907/2758/811 6845/2696/811
f 6845/2696/811 6844/2695/3085 6906/2757/3129
f 6903/2754/3127 6906/2757/3129 6908/2759/3130
f 6908/2759/3130 6906/2757/3129 6844/2695/3085
f 6908/2759/3130 6905/2756/3128 6903/2754/3127
f 6844/2695/3085 6909/2760/3131 6908/2759/3130
f 6846/2697/3086 6909/2760/3131 6844/2695/3085
f 6905/2756/3128 6908/2759/3130 6910/2761/3132
f 6910/2761/3132 6908/2759/3130 6909/2760/3131
f 6910/2761/3132 6895/2746/3122 6905/2756/3128
f 6889/2740/3117 6895/2746/3122 6910/2761/3132
f 6911/2762/3133 6909/2760/3131 6846/2697/3086
f 6909/2760/3131 6911/2762/3133 6910/2761/3132
f 6846/2697/3086 6847/2698/3087 6911/2762/3133
f 6911/2762/3133 6847/2698/3087 6852/2703/3091
f 6910/2761/3132 6912/2763/3134 6889/2740/3117
f 6889/2740/3117 6912/2763/3134 6872/2723/3104
f 6910/2761/3132 6911/2762/3133 6913/2764/3135
f 6913/2764/3135 6912/2763/3134 6910/2761/3132
f 6852/2703/3091 6913/2764/3135 6911/2762/3133
f 6872/2723/3104 6912/2763/3134 6913/2764/3135
f 6864/2715/3099 6913/2764/3135 6852/2703/3091
f 6913/2764/3135 6864/2715/3099 6872/2723/3104
f 6914/2765/792 6915/2766/792 6916/2767/792
f 6916/2767/792 6915/2766/792 6917/2768/792
f 6916/2767/792 6918/2769/792 6914/2765/792
f 6917/2768/792 6919/2770/792 6916/2767/792
f 6918/2769/792 6916/2767/792 6920/2771/792
f 6920/2771/792 6916/2767/792 6919/2770/792
f 6920/2771/792 6921/2772/792 6918/2769/792
f 6919/2770/792 6922/2773/792 6920/2771/792
f 6921/2772/792 6920/2771/792 6923/2774/792
f 6920/2771/792 6922/2773/792 6924/2775/792
f 6925/2776/792 6923/2774/792 6920/2771/792
f 6920/2771/792 6924/2775/792 6926/2777/792
f 6920/2771/792 6927/2778/792 6925/2776/792
f 6926/2777/792 6927/2778/792 6920/2771/792
f 6925/2776/792 6927/2778/792 6928/2779/792
f 6927/2778/792 6926/2777/792 6929/2780/792
f 6927/2778/792 6930/2781/792 6928/2779/792
f 6931/2782/792 6927/2778/792 6929/2780/792
f 6927/2778/792 6932/2783/792 6930/2781/792
f 6931/2782/792 6932/2783/792 6927/2778/792
f 6933/2686/3136 6934/2685/3137 6935/2684/811
f 6935/2684/811 6936/2687/811 6933/2686/3136
f 6937/2688/3119 6934/2685/3137 6933/2686/3136
f 6938/2689/3126 6933/2686/3136 6936/2687/811
f 6936/2687/811 6939/2690/811 6938/2689/3126
f 6933/2686/3136 6940/2691/3121 6937/2688/3119
f 6940/2691/3121 6933/2686/3136 6938/2689/3126
f 6941/2695/3138 6938/2689/3126 6939/2690/811
f 6939/2690/811 6942/2696/811 6941/2695/3138
f 6938/2689/3126 6943/2697/3123 6940/2691/3121
f 6943/2697/3123 6938/2689/3126 6941/2695/3138
f 6937/2688/3119 6940/2691/3121 6944/2692/3118
f 6944/2692/3118 6945/2693/2338 6937/2688/3119
f 6946/2694/2338 6945/2693/2338 6944/2692/3118
f 6947/2698/3120 6944/2692/3118 6940/2691/3121
f 6940/2691/3121 6943/2697/3123 6947/2698/3120
f 6944/2692/3118 6948/2699/3139 6946/2694/2338
f 6948/2699/3139 6944/2692/3118 6947/2698/3120
f 6946/2694/2338 6948/2699/3139 6949/2700/3112
f 6949/2700/3112 6950/2701/2338 6946/2694/2338
f 6951/2702/3110 6950/2701/2338 6949/2700/3112
f 6947/2698/3120 6952/2703/3116 6948/2699/3139
f 6953/2704/3113 6949/2700/3112 6948/2699/3139
f 6948/2699/3139 6952/2703/3116 6953/2704/3113
f 6949/2700/3112 6954/2705/3111 6951/2702/3110
f 6954/2705/3111 6949/2700/3112 6953/2704/3113
f 6952/2703/3116 6947/2698/3120 6955/2762/3122
f 6955/2762/3122 6947/2698/3120 6943/2697/3123
f 6956/2715/3114 6953/2704/3113 6952/2703/3116
f 6943/2697/3123 6957/2760/3128 6955/2762/3122
f 6941/2695/3138 6957/2760/3128 6943/2697/3123
f 6955/2762/3122 6958/2764/3117 6952/2703/3116
f 6952/2703/3116 6958/2764/3117 6956/2715/3114
f 6959/2761/3140 6955/2762/3122 6957/2760/3128
f 6958/2764/3117 6955/2762/3122 6959/2761/3140
f 6960/2759/3141 6957/2760/3128 6941/2695/3138
f 6957/2760/3128 6960/2759/3141 6959/2761/3140
f 6941/2695/3138 6961/2757/3129 6960/2759/3141
f 6961/2757/3129 6941/2695/3138 6942/2696/811
f 6942/2696/811 6962/2758/811 6961/2757/3129
f 6961/2757/3129 6962/2758/811 6963/2755/811
f 6963/2755/811 6964/2754/3085 6961/2757/3129
f 6960/2759/3141 6961/2757/3129 6964/2754/3085
f 6964/2754/3085 6963/2755/811 6965/2753/811
f 6964/2754/3085 6966/2756/3142 6960/2759/3141
f 6959/2761/3140 6960/2759/3141 6966/2756/3142
f 6965/2753/811 6967/2752/3081 6964/2754/3085
f 6967/2752/3081 6965/2753/811 6968/2751/811
f 6969/2747/3086 6966/2756/3142 6964/2754/3085
f 6964/2754/3085 6967/2752/3081 6969/2747/3086
f 6968/2751/811 6970/2748/3079 6967/2752/3081
f 6970/2748/3079 6968/2751/811 6971/2750/811
f 6971/2750/811 6972/2749/858 6970/2748/3079
f 6970/2748/3079 6972/2749/858 6973/2743/3080
f 6967/2752/3081 6970/2748/3079 6974/2745/3143
f 6973/2743/3080 6974/2745/3143 6970/2748/3079
f 6974/2745/3143 6969/2747/3086 6967/2752/3081
f 6975/2741/3083 6974/2745/3143 6973/2743/3080
f 6973/2743/3080 6976/2742/3144 6975/2741/3083
f 6975/2741/3083 6976/2742/3144 6977/2735/1706
f 6978/2744/3087 6969/2747/3086 6974/2745/3143
f 6974/2745/3143 6975/2741/3083 6978/2744/3087
f 6979/2746/3145 6966/2756/3142 6969/2747/3086
f 6969/2747/3086 6978/2744/3087 6979/2746/3145
f 6966/2756/3142 6979/2746/3145 6959/2761/3140
f 6978/2744/3087 6975/2741/3083 6980/2738/3088
f 6977/2735/1706 6980/2738/3088 6975/2741/3083
f 6979/2746/3145 6978/2744/3087 6981/2739/3091
f 6980/2738/3088 6981/2739/3091 6978/2744/3087
f 6959/2761/3140 6979/2746/3145 6982/2740/3135
f 6981/2739/3091 6982/2740/3135 6979/2746/3145
f 6982/2740/3135 6983/2763/3134 6959/2761/3140
f 6959/2761/3140 6983/2763/3134 6958/2764/3117
f 6958/2764/3117 6983/2763/3134 6984/2723/3104
f 6984/2723/3104 6983/2763/3134 6982/2740/3135
f 6984/2723/3104 6956/2715/3114 6958/2764/3117
f 6985/2737/3099 6982/2740/3135 6981/2739/3091
f 6982/2740/3135 6985/2737/3099 6984/2723/3104
f 6986/2736/3146 6981/2739/3091 6980/2738/3088
f 6981/2739/3091 6986/2736/3146 6985/2737/3099
f 6987/2733/3089 6980/2738/3088 6977/2735/1706
f 6980/2738/3088 6987/2733/3089 6986/2736/3146
f 6977/2735/1706 6988/2734/3144 6987/2733/3089
f 6987/2733/3089 6988/2734/3144 6989/2731/3090
f 6986/2736/3146 6987/2733/3089 6990/2732/3147
f 6989/2731/3090 6990/2732/3147 6987/2733/3089
f 6985/2737/3099 6986/2736/3146 6991/2727/3148
f 6990/2732/3147 6991/2727/3148 6986/2736/3146
f 6991/2727/3148 6992/2724/3100 6985/2737/3099
f 6984/2723/3104 6985/2737/3099 6992/2724/3100
f 6993/2728/3094 6990/2732/3147 6989/2731/3090
f 6989/2731/3090 6994/2730/3095 6993/2728/3094
f 6993/2728/3094 6994/2730/3095 6995/2729/792
f 6995/2729/792 6996/2726/792 6993/2728/3094
f 6990/2732/3147 6993/2728/3094 6997/2725/3149
f 6997/2725/3149 6993/2728/3094 6996/2726/792
f 6997/2725/3149 6991/2727/3148 6990/2732/3147
f 6996/2726/792 6998/2722/792 6997/2725/3149
f 6991/2727/3148 6997/2725/3149 6999/2721/3098
f 6999/2721/3098 6997/2725/3149 6998/2722/792
f 6999/2721/3098 6992/2724/3100 6991/2727/3148
f 6998/2722/792 7000/2719/792 6999/2721/3098
f 7001/2720/3102 6992/2724/3100 6999/2721/3098
f 6992/2724/3100 7001/2720/3102 6984/2723/3104
f 7002/2717/3101 6999/2721/3098 7000/2719/792
f 6999/2721/3098 7002/2717/3101 7001/2720/3102
f 7000/2719/792 7003/2718/792 7002/2717/3101
f 7002/2717/3101 7003/2718/792 7004/2714/792
f 6984/2723/3104 7001/2720/3102 7005/2716/3150
f 7005/2716/3150 6956/2715/3114 6984/2723/3104
f 7001/2720/3102 7002/2717/3101 7006/2713/3103
f 7004/2714/792 7006/2713/3103 7002/2717/3101
f 7006/2713/3103 7005/2716/3150 7001/2720/3102
f 7006/2713/3103 7004/2714/792 7007/2711/792
f 6956/2715/3114 7005/2716/3150 7008/2712/3107
f 7008/2712/3107 7005/2716/3150 7006/2713/3103
f 7008/2712/3107 6953/2704/3113 6956/2715/3114
f 6953/2704/3113 7008/2712/3107 6954/2705/3111
f 7007/2711/792 7009/2710/3106 7006/2713/3103
f 7006/2713/3103 7009/2710/3106 7008/2712/3107
f 6954/2705/3111 7008/2712/3107 7009/2710/3106
f 7009/2710/3106 7007/2711/792 7010/2709/792
f 7009/2710/3106 7011/2706/3108 6954/2705/3111
f 7010/2709/792 7011/2706/3108 7009/2710/3106
f 6951/2702/3110 6954/2705/3111 7011/2706/3108
f 7011/2706/3108 7010/2709/792 7012/2708/792
f 7011/2706/3108 7013/2707/3109 6951/2702/3110
f 7012/2708/792 7013/2707/3109 7011/2706/3108
f 7014/2767/792 7015/2766/792 7016/2765/792
f 7017/2768/792 7015/2766/792 7014/2767/792
f 7016/2765/792 7018/2769/792 7014/2767/792
f 7014/2767/792 7019/2770/792 7017/2768/792
f 7020/2771/792 7014/2767/792 7018/2769/792
f 7019/2770/792 7014/2767/792 7020/2771/792
f 7018/2769/792 7021/2772/792 7020/2771/792
f 7020/2771/792 7022/2773/792 7019/2770/792
f 7020/2771/792 7021/2772/792 7023/2774/792
f 7022/2773/792 7020/2771/792 7024/2775/792
f 7020/2771/792 7023/2774/792 7025/2776/792
f 7026/2777/792 7024/2775/792 7020/2771/792
f 7025/2776/792 7027/2778/792 7020/2771/792
f 7020/2771/792 7027/2778/792 7026/2777/792
f 7027/2778/792 7025/2776/792 7028/2779/792
f 7026/2777/792 7027/2778/792 7029/2780/792
f 7030/2781/792 7027/2778/792 7028/2779/792
f 7027/2778/792 7031/2782/792 7029/2780/792
f 7030/2781/792 7032/2783/792 7027/2778/792
f 7027/2778/792 7032/2783/792 7031/2782/792
f 7033/2784/3151 7034/2785/3152 7035/2786/3153
f 7034/2785/3152 7036/2787/3154 7035/2786/3153
f 7035/2786/3153 7037/2788/3155 7033/2784/3151
f 7038/2789/3156 7035/2786/3153 7036/2787/3154
f 7039/2790/3157 7033/2784/3151 7037/2788/3155
f 7036/2787/3154 7040/2791/3158 7038/2789/3156
f 7037/2788/3155 7041/2792/3159 7039/2790/3157
f 7038/2789/3156 7040/2791/3158 7042/2793/3160
f 7043/2794/3161 7039/2790/3157 7041/2792/3159
f 7042/2793/3160 7044/2795/3160 7038/2789/3156
f 7041/2792/3159 7045/2796/3162 7043/2794/3161
f 7046/2789/3156 7044/2795/3160 7042/2793/3160
f 7045/2796/3162 7047/2797/3163 7043/2794/3161
f 7042/2793/3160 7048/2791/3164 7046/2789/3156
f 7049/2798/3165 7047/2797/3163 7045/2796/3162
f 7046/2789/3156 7048/2791/3164 7050/2787/3166
f 7045/2796/3162 7051/2799/3167 7049/2798/3165
f 7050/2787/3166 7052/2786/3168 7046/2789/3156
f 7049/2798/3165 7051/2799/3167 7053/2796/3169
f 7050/2787/3166 7054/2785/3170 7052/2786/3168
f 7053/2796/3169 7055/2797/3171 7049/2798/3165
f 7052/2786/3168 7054/2785/3170 7056/2784/3172
f 7055/2797/3171 7053/2796/3169 7057/2794/3173
f 7056/2784/3172 7058/2788/3174 7052/2786/3168
f 7057/2794/3173 7053/2796/3169 7059/2792/3175
f 7058/2788/3174 7056/2784/3172 7060/2790/3176
f 7059/2792/3175 7060/2790/3176 7057/2794/3173
f 7060/2790/3176 7059/2792/3175 7058/2788/3174
f 7061/2800/792 7062/2801/792 7063/2802/792
f 7062/2801/792 7061/2800/792 7064/2802/792
f 7062/2801/792 7065/2803/2734 7063/2802/792
f 7066/2803/2736 7062/2801/792 7064/2802/792
f 7065/2803/2734 7067/2804/792 7063/2802/792
f 7068/2804/792 7066/2803/2736 7064/2802/792
f 7065/2803/2734 7069/2805/2734 7067/2804/792
f 7068/2804/792 7070/2805/2738 7066/2803/2736
f 7067/2804/792 7069/2805/2734 7071/2806/792
f 7070/2805/2738 7068/2804/792 7072/2806/792
f 7073/2807/792 7071/2806/792 7069/2805/2734
f 7072/2806/792 7074/2807/792 7070/2805/2738
f 7075/2808/2735 7073/2807/792 7069/2805/2734
f 7074/2807/792 7076/2808/2738 7070/2805/2738
f 7075/2808/2735 7077/2809/792 7073/2807/792
f 7074/2807/792 7078/2809/792 7076/2808/2738
f 7077/2809/792 7075/2808/2735 7079/2810/2735
f 7080/2810/2737 7076/2808/2738 7078/2809/792
f 7079/2810/2735 7081/2811/792 7077/2809/792
f 7078/2809/792 7082/2811/792 7080/2810/2737
f 7081/2811/792 7079/2810/2735 7083/2812/3177
f 7084/2812/3178 7080/2810/2737 7082/2811/792
f 7083/2812/3177 7085/2813/3179 7081/2811/792
f 7082/2811/792 7086/2813/3179 7084/2812/3178
f 7087/2814/3180 7085/2813/3179 7083/2812/3177
f 7084/2812/3178 7086/2813/3179 7087/2814/3180
f 7087/2814/3180 7083/2812/3177 7088/2815/3181
f 7086/2813/3179 7089/2816/3182 7087/2814/3180
f 7087/2814/3180 7089/2816/3182 7085/2813/3179
f 7087/2814/3180 7088/2815/3181 7090/2817/1837
f 7084/2812/3178 7087/2814/3180 7091/2815/3183
f 7090/2817/1837 7092/2818/3184 7087/2814/3180
f 7093/2817/1843 7091/2815/3183 7087/2814/3180
f 7087/2814/3180 7092/2818/3184 7093/2817/1843
f 7094/2819/3185 7095/2820/2780 7096/2821/3185
f 7097/2822/811 7095/2820/2780 7094/2819/3185
f 7096/2821/3185 7098/2823/3185 7094/2819/3185
f 7094/2819/3185 7099/2824/811 7097/2822/811
f 7098/2823/3185 7096/2821/3185 7100/2825/811
f 7097/2822/811 7099/2824/811 7101/2819/2848
f 7100/2825/811 7102/2826/811 7098/2823/3185
f 7101/2819/2848 7103/2820/2848 7097/2822/811
f 7104/2823/2202 7102/2826/811 7100/2825/811
f 7105/2821/2201 7103/2820/2848 7101/2819/2848
f 7100/2825/811 7105/2821/2201 7104/2823/2202
f 7101/2819/2848 7104/2823/2202 7105/2821/2201
f 7106/2827/3186 7107/2828/3187 7108/2829/3188
f 7108/2829/3188 7107/2828/3187 7109/2830/3189
f 7108/2829/3188 7110/2831/3186 7106/2827/3186
f 7109/2830/3189 7111/2832/3190 7108/2829/3188
f 7112/2833/647 7106/2827/3186 7110/2831/3186
f 7113/2829/3191 7111/2832/3190 7109/2830/3189
f 7110/2831/3186 7114/2834/647 7112/2833/647
f 7109/2830/3189 7115/2828/3192 7113/2829/3191
f 7116/2835/3193 7112/2833/647 7114/2834/647
f 7113/2829/3191 7115/2828/3192 7117/2827/3194
f 7114/2834/647 7118/2836/3193 7116/2835/3193
f 7117/2827/3194 7119/2831/3194 7113/2829/3191
f 7120/2837/3195 7116/2835/3193 7118/2836/3193
f 7119/2831/3194 7117/2827/3194 7121/2833/689
f 7118/2836/3193 7122/2838/3195 7120/2837/3195
f 7121/2833/689 7123/2834/689 7119/2831/3194
f 7124/2839/993 7120/2837/3195 7122/2838/3195
f 7123/2834/689 7121/2833/689 7125/2835/3196
f 7122/2838/3195 7126/2840/993 7124/2839/993
f 7125/2835/3196 7127/2836/3196 7123/2834/689
f 7124/2839/993 7126/2840/993 7128/2838/3197
f 7127/2836/3196 7125/2835/3196 7129/2837/3197
f 7128/2838/3197 7129/2837/3197 7124/2839/993
f 7129/2837/3197 7128/2838/3197 7127/2836/3196
f 7130/2841/3198 7131/2842/3199 7132/2843/3200
f 7132/2843/3200 7131/2842/3199 7133/2844/3201
f 7132/2843/3200 7134/2845/3202 7130/2841/3198
f 7133/2844/3201 7135/2846/3203 7132/2843/3200
f 7136/2847/893 7130/2841/3198 7134/2845/3202
f 7137/2843/3204 7135/2846/3203 7133/2844/3201
f 7134/2845/3202 7138/2848/3205 7136/2847/893
f 7133/2844/3201 7139/2842/3206 7137/2843/3204
f 7140/2849/3207 7136/2847/893 7138/2848/3205
f 7137/2843/3204 7139/2842/3206 7141/2841/3208
f 7138/2848/3205 7142/2850/3209 7140/2849/3207
f 7141/2841/3208 7143/2845/3210 7137/2843/3204
f 7144/2851/3211 7140/2849/3207 7142/2850/3209
f 7143/2845/3210 7141/2841/3208 7145/2847/3212
f 7142/2850/3209 7146/2852/3213 7144/2851/3211
f 7145/2847/3212 7147/2848/3214 7143/2845/3210
f 7148/2853/3215 7144/2851/3211 7146/2852/3213
f 7147/2848/3214 7145/2847/3212 7149/2849/3216
f 7146/2852/3213 7150/2854/3217 7148/2853/3215
f 7149/2849/3216 7151/2850/3218 7147/2848/3214
f 7148/2853/3215 7150/2854/3217 7152/2852/3219
f 7151/2850/3218 7149/2849/3216 7153/2851/3220
f 7152/2852/3219 7153/2851/3220 7148/2853/3215
f 7153/2851/3220 7152/2852/3219 7151/2850/3218
f 7154/2855/3221 7155/2856/3222 7156/2857/811
f 7156/2857/811 7155/2856/3222 7157/2858/3223
f 7156/2857/811 7158/2859/811 7154/2855/3221
f 7157/2858/3223 7159/2860/811 7156/2857/811
f 7160/2861/3224 7154/2855/3221 7158/2859/811
f 7161/2857/811 7159/2860/811 7157/2858/3223
f 7158/2859/811 7162/2862/848 7160/2861/3224
f 7157/2858/3223 7163/2856/3225 7161/2857/811
f 7164/2863/3209 7160/2861/3224 7162/2862/848
f 7161/2857/811 7163/2856/3225 7165/2855/3226
f 7162/2862/848 7166/2864/811 7164/2863/3209
f 7165/2855/3226 7167/2859/811 7161/2857/811
f 7168/2865/3227 7164/2863/3209 7166/2864/811
f 7167/2859/811 7165/2855/3226 7169/2861/3228
f 7166/2864/811 7170/2866/811 7168/2865/3227
f 7169/2861/3228 7171/2862/811 7167/2859/811
f 7172/2867/3229 7168/2865/3227 7170/2866/811
f 7171/2862/811 7169/2861/3228 7173/2863/3218
f 7170/2866/811 7174/2868/2722 7172/2867/3229
f 7173/2863/3218 7175/2864/811 7171/2862/811
f 7172/2867/3229 7174/2868/2722 7176/2866/811
f 7175/2864/811 7173/2863/3218 7177/2865/3230
f 7176/2866/811 7177/2865/3230 7172/2867/3229
f 7177/2865/3230 7176/2866/811 7175/2864/811
f 7178/2869/3186 7179/2870/3231 7180/2871/3231
f 7180/2871/3231 7179/2870/3231 7181/2872/997
f 7180/2871/3231 7182/2873/3186 7178/2869/3186
f 7181/2872/997 7183/2874/997 7180/2871/3231
f 7184/2875/2552 7178/2869/3186 7182/2873/3186
f 7185/2871/3232 7183/2874/997 7181/2872/997
f 7182/2873/3186 7186/2876/3233 7184/2875/2552
f 7181/2872/997 7187/2870/3234 7185/2871/3232
f 7188/2877/3193 7184/2875/2552 7186/2876/3233
f 7185/2871/3232 7187/2870/3234 7189/2869/3194
f 7186/2876/3233 7190/2878/3193 7188/2877/3193
f 7189/2869/3194 7191/2873/3235 7185/2871/3232
f 7192/2879/3236 7188/2877/3193 7190/2878/3193
f 7191/2873/3235 7189/2869/3194 7193/2875/2101
f 7190/2878/3193 7194/2880/3195 7192/2879/3236
f 7193/2875/2101 7195/2876/689 7191/2873/3235
f 7196/2881/993 7192/2879/3236 7194/2880/3195
f 7195/2876/689 7193/2875/2101 7197/2877/3237
f 7194/2880/3195 7198/2882/993 7196/2881/993
f 7197/2877/3237 7199/2878/3196 7195/2876/689
f 7196/2881/993 7198/2882/993 7200/2880/3197
f 7199/2878/3196 7197/2877/3237 7201/2879/3238
f 7200/2880/3197 7201/2879/3238 7196/2881/993
f 7201/2879/3238 7200/2880/3197 7199/2878/3196
f 7202/2801/792 7203/2800/792 7204/2802/792
f 7203/2800/792 7202/2801/792 7205/2802/792
f 7206/2803/2736 7202/2801/792 7204/2802/792
f 7202/2801/792 7207/2803/2734 7205/2802/792
f 7208/2804/792 7206/2803/2736 7204/2802/792
f 7207/2803/2734 7209/2804/792 7205/2802/792
f 7208/2804/792 7210/2805/2738 7206/2803/2736
f 7207/2803/2734 7211/2805/2734 7209/2804/792
f 7210/2805/2738 7208/2804/792 7212/2806/792
f 7209/2804/792 7211/2805/2734 7213/2806/792
f 7212/2806/792 7214/2807/792 7210/2805/2738
f 7215/2807/792 7213/2806/792 7211/2805/2734
f 7214/2807/792 7216/2808/2738 7210/2805/2738
f 7217/2808/2735 7215/2807/792 7211/2805/2734
f 7214/2807/792 7218/2809/792 7216/2808/2738
f 7217/2808/2735 7219/2809/792 7215/2807/792
f 7220/2810/2737 7216/2808/2738 7218/2809/792
f 7219/2809/792 7217/2808/2735 7221/2810/2735
f 7218/2809/792 7222/2811/792 7220/2810/2737
f 7221/2810/2735 7223/2811/792 7219/2809/792
f 7224/2812/3178 7220/2810/2737 7222/2811/792
f 7223/2811/792 7221/2810/2735 7225/2812/3177
f 7222/2811/792 7226/2813/3179 7224/2812/3178
f 7225/2812/3177 7227/2813/3179 7223/2811/792
f 7224/2812/3178 7226/2813/3179 7228/2814/3180
f 7228/2814/3180 7227/2813/3179 7225/2812/3177
f 7226/2813/3179 7229/2816/3182 7228/2814/3180
f 7228/2814/3180 7229/2816/3182 7227/2813/3179
f 7228/2814/3180 7225/2812/3177 7230/2815/3181
f 7224/2812/3178 7228/2814/3180 7231/2815/3183
f 7228/2814/3180 7230/2815/3181 7232/2817/1837
f 7233/2817/1843 7231/2815/3183 7228/2814/3180
f 7232/2817/1837 7234/2818/3184 7228/2814/3180
f 7228/2814/3180 7234/2818/3184 7233/2817/1843
f 7235/2803/2729 7236/2801/811 7237/2883/811
f 7237/2883/811 7236/2801/811 7238/2803/3239
f 7237/2883/811 7239/2805/2729 7235/2803/2729
f 7238/2803/3239 7240/2805/2730 7237/2883/811
f 7241/2808/2728 7239/2805/2729 7237/2883/811
f 7237/2883/811 7240/2805/2730 7242/2808/2730
f 7237/2883/811 7243/2884/811 7241/2808/2728
f 7242/2808/2730 7243/2884/811 7237/2883/811
f 7244/2810/2728 7241/2808/2728 7243/2884/811
f 7243/2884/811 7242/2808/2730 7245/2810/2731
f 7243/2884/811 7246/2885/811 7244/2810/2728
f 7245/2810/2731 7246/2885/811 7243/2884/811
f 7247/2812/3240 7244/2810/2728 7246/2885/811
f 7246/2885/811 7245/2810/2731 7248/2812/3241
f 7246/2885/811 7249/2816/2722 7247/2812/3240
f 7248/2812/3241 7249/2816/2722 7246/2885/811
f 7247/2812/3240 7249/2816/2722 7250/2814/3242
f 7250/2814/3242 7249/2816/2722 7248/2812/3241
f 7250/2814/3242 7251/2815/3243 7247/2812/3240
f 7248/2812/3241 7252/2815/3244 7250/2814/3242
f 7253/2817/3245 7251/2815/3243 7250/2814/3242
f 7250/2814/3242 7252/2815/3244 7254/2817/3246
f 7250/2814/3242 7255/2818/3247 7253/2817/3245
f 7254/2817/3246 7255/2818/3247 7250/2814/3242
f 7256/2803/3239 7257/2805/2730 7258/2883/811
f 7258/2883/811 7259/2801/811 7256/2803/3239
f 7260/2803/2729 7259/2801/811 7258/2883/811
f 7258/2883/811 7261/2805/2729 7260/2803/2729
f 7258/2883/811 7257/2805/2730 7262/2808/2730
f 7263/2808/2728 7261/2805/2729 7258/2883/811
f 7262/2808/2730 7264/2884/811 7258/2883/811
f 7258/2883/811 7264/2884/811 7263/2808/2728
f 7264/2884/811 7262/2808/2730 7265/2810/2731
f 7266/2810/2728 7263/2808/2728 7264/2884/811
f 7265/2810/2731 7267/2885/811 7264/2884/811
f 7264/2884/811 7267/2885/811 7266/2810/2728
f 7267/2885/811 7265/2810/2731 7268/2812/3241
f 7269/2812/3240 7266/2810/2728 7267/2885/811
f 7268/2812/3241 7270/2816/2722 7267/2885/811
f 7267/2885/811 7270/2816/2722 7269/2812/3240
f 7271/2814/3242 7270/2816/2722 7268/2812/3241
f 7269/2812/3240 7270/2816/2722 7271/2814/3242
f 7268/2812/3241 7272/2815/3244 7271/2814/3242
f 7271/2814/3242 7273/2815/3243 7269/2812/3240
f 7271/2814/3242 7272/2815/3244 7274/2817/3246
f 7275/2817/3245 7273/2815/3243 7271/2814/3242
f 7274/2817/3246 7276/2818/3247 7271/2814/3242
f 7271/2814/3242 7276/2818/3247 7275/2817/3245
f 7277/2886/3248 7278/2887/3248 7279/2888/3248
f 7278/2887/3248 7277/2886/3248 7280/2889/3249
f 7279/2888/3248 7281/2890/3248 7277/2886/3248
f 7280/2889/3249 7282/2891/3249 7278/2887/3248
f 7281/2890/3248 7279/2888/3248 7283/2892/3250
f 7282/2891/3249 7280/2889/3249 7284/2893/3251
f 7283/2892/3250 7284/2893/3251 7281/2890/3248
f 7284/2893/3251 7283/2892/3250 7282/2891/3249
f 7285/2886/3248 7286/2890/3248 7287/2888/3248
f 7288/2892/3250 7287/2888/3248 7286/2890/3248
f 7287/2888/3248 7289/2887/3248 7285/2886/3248
f 7286/2890/3248 7290/2893/3251 7288/2892/3250
f 7291/2889/3252 7285/2886/3248 7289/2887/3248
f 7292/2891/3252 7288/2892/3250 7290/2893/3251
f 7289/2887/3248 7292/2891/3252 7291/2889/3252
f 7290/2893/3251 7291/2889/3252 7292/2891/3252
f 7293/2894/825 7294/2894/825 7295/2895/825
f 7295/2895/825 7296/2895/825 7293/2894/825
f 7297/2895/825 7298/2895/825 7299/2896/3253
f 7299/2896/3253 7300/2896/825 7297/2895/825
f 7301/2897/825 7302/2897/825 7303/2898/3253
f 7303/2898/3253 7304/2898/3253 7301/2897/825
f 7305/2898/825 7306/2898/825 7307/2896/3253
f 7307/2896/3253 7308/2896/3253 7305/2898/825
f 7309/2894/1231 7310/2895/1231 7311/2895/1231
f 7311/2895/1231 7312/2894/1231 7309/2894/1231
f 7313/2895/1231 7314/2896/1231 7315/2896/1231
f 7315/2896/1231 7316/2895/1231 7313/2895/1231
f 7317/2897/1231 7318/2898/1231 7319/2898/1231
f 7319/2898/1231 7320/2897/1231 7317/2897/1231
f 7321/2898/1231 7322/2896/1231 7323/2896/1231
f 7323/2896/1231 7324/2898/1231 7321/2898/1231
f 7325/2899/3254 7326/2899/3255 7327/2900/3256
f 7327/2900/3256 7328/2899/3257 7325/2899/3254
f 7328/2899/3257 7327/2900/3256 7329/2901/811
f 7329/2901/811 7330/2901/811 7328/2899/3257
f 7331/2901/811 7332/2901/811 7333/2901/811
f 7333/2901/811 7334/2901/811 7331/2901/811
f 7334/2901/811 7333/2901/811 7335/2902/3258
f 7335/2902/3258 7336/2902/3259 7334/2901/811
f 7336/2902/3259 7335/2902/3258 7337/2902/3259
f 7337/2902/3259 7338/2902/3260 7336/2902/3259
f 7339/2903/2809 7340/2903/2809 7341/2903/1676
f 7341/2903/1676 7342/2903/1676 7339/2903/2809
f 7342/2903/1676 7341/2903/1676 7343/2902/3261
f 7343/2902/3261 7344/2902/3262 7342/2903/1676
f 7344/2902/3262 7343/2902/3261 7345/2902/3263
f 7345/2902/3263 7346/2902/3264 7344/2902/3262
f 7347/2904/792 7348/2904/792 7349/2904/792
f 7349/2904/792 7350/2904/792 7347/2904/792
f 7350/2904/792 7349/2904/792 7351/2905/3066
f 7351/2905/3066 7352/2905/3265 7350/2904/792
f 7352/2905/3265 7351/2905/3066 7353/2906/3266
f 7354/2907/3267 7355/2907/3267 7356/2908/3268
f 7356/2908/3268 7357/2908/3268 7354/2907/3267
f 7357/2908/3268 7356/2908/3268 7358/2909/3269
f 7358/2909/3269 7359/2909/3269 7357/2908/3268
f 7359/2909/3269 7358/2909/3269 7360/2894/3270
f 7360/2894/3270 7361/2897/3271 7359/2909/3269
f 7362/2894/3253 7361/2897/3271 7360/2894/3270
f 7360/2894/3270 7363/2894/825 7362/2894/3253
f 7364/2897/825 7365/2897/825 7366/2897/3272
f 7366/2897/3272 7367/2897/3272 7364/2897/825
f 7367/2897/3272 7366/2897/3272 7368/2909/3273
f 7368/2909/3273 7369/2909/3273 7367/2897/3272
f 7369/2909/3273 7368/2909/3273 7370/2908/3268
f 7370/2908/3268 7371/2908/3268 7369/2909/3273
f 7371/2908/3268 7370/2908/3268 7372/2907/3267
f 7372/2907/3267 7373/2907/3267 7371/2908/3268
f 7374/2900/3257 7375/2899/3274 7376/2899/3275
f 7376/2899/3275 7377/2899/3257 7374/2900/3257
f 7378/2901/811 7374/2900/3257 7377/2899/3257
f 7377/2899/3257 7379/2901/811 7378/2901/811
f 7380/2901/811 7381/2901/811 7382/2901/811
f 7382/2901/811 7383/2901/811 7380/2901/811
f 7384/2902/3259 7380/2901/811 7383/2901/811
f 7383/2901/811 7385/2902/3276 7384/2902/3259
f 7386/2902/3276 7384/2902/3259 7385/2902/3276
f 7385/2902/3276 7387/2902/3277 7386/2902/3276
f 7388/2903/1676 7389/2903/2809 7390/2903/2809
f 7390/2903/2809 7391/2903/1676 7388/2903/1676
f 7392/2902/3261 7388/2903/1676 7391/2903/1676
f 7391/2903/1676 7393/2902/2955 7392/2902/3261
f 7394/2902/3278 7392/2902/3261 7393/2902/2955
f 7393/2902/2955 7395/2902/3278 7394/2902/3278
f 7396/2904/792 7397/2904/792 7398/2904/792
f 7398/2904/792 7399/2904/792 7396/2904/792
f 7400/2905/3066 7396/2904/792 7399/2904/792
f 7399/2904/792 7401/2905/3066 7400/2905/3066
f 7402/2906/3266 7400/2905/3066 7401/2905/3066
f 7401/2905/3066 7403/2906/3266 7402/2906/3266
f 7404/2908/3279 7405/2907/3280 7406/2907/3280
f 7406/2907/3280 7407/2908/3279 7404/2908/3279
f 7408/2909/3281 7404/2908/3279 7407/2908/3279
f 7407/2908/3279 7409/2909/3282 7408/2909/3281
f 7410/2894/3283 7408/2909/3281 7409/2909/3282
f 7409/2909/3282 7411/2897/3283 7410/2894/3283
f 7410/2894/3283 7411/2897/3283 7412/2894/1231
f 7412/2894/1231 7413/2894/1231 7410/2894/3283
f 7414/2897/3283 7415/2897/1231 7416/2897/1231
f 7416/2897/1231 7417/2897/3283 7414/2897/3283
f 7418/2909/3281 7414/2897/3283 7417/2897/3283
f 7417/2897/3283 7419/2909/3281 7418/2909/3281
f 7420/2908/3279 7418/2909/3281 7419/2909/3281
f 7419/2909/3281 7421/2908/3279 7420/2908/3279
f 7422/2907/3280 7420/2908/3279 7421/2908/3279
f 7421/2908/3279 7423/2907/3280 7422/2907/3280
f 7425/2906/3284 7426/2906/3266 7424/2905/3285
f 7427/2910/1240 7428/2911/834 7429/2912/834
f 7429/2912/834 7430/2913/834 7427/2910/1240
f 7431/2914/836 7432/2915/835 7433/2912/835
f 7433/2912/835 7434/2911/3286 7431/2914/836
f 7435/2916/740 7436/2917/740 7437/2918/740
f 7437/2918/740 7438/2919/740 7435/2916/740
f 7439/2910/834 7440/2913/1240 7441/2912/834
f 7441/2912/834 7442/2911/1697 7439/2910/834
f 7443/2914/837 7444/2911/3287 7445/2912/837
f 7445/2912/837 7446/2915/835 7443/2914/837
f 7447/2916/1164 7448/2919/1164 7449/2918/1164
f 7449/2918/1164 7450/2917/1164 7447/2916/1164
f 7451/2920/1594 7452/2921/1587 7453/2922/1582
f 7453/2922/1582 7454/2923/1582 7451/2920/1594
f 7454/2923/1582 7453/2922/1582 7455/2924/1589
f 7455/2924/1589 7456/2925/3288 7454/2923/1582
f 7457/2926/1594 7458/2927/1594 7459/2928/1582
f 7459/2928/1582 7460/2929/1582 7457/2926/1594
f 7460/2929/1582 7459/2928/1582 7461/2930/1631
f 7461/2930/1631 7462/2931/1589 7460/2929/1582
f 7463/2922/1582 7464/2921/1587 7465/2920/1594
f 7465/2920/1594 7466/2923/1588 7463/2922/1582
f 7467/2924/1589 7463/2922/1582 7466/2923/1588
f 7466/2923/1588 7468/2925/3289 7467/2924/1589
f 7469/2928/1582 7470/2927/1594 7471/2926/1594
f 7471/2926/1594 7472/2929/1582 7469/2928/1582
f 7473/2930/3290 7469/2928/1582 7472/2929/1582
f 7472/2929/1582 7474/2931/3291 7473/2930/3290
f 7475/2932/2182 7476/2933/3292 7477/2934/3293
f 7478/2935/2643 7475/2932/2182 7477/2934/3293
f 7479/2936/3294 7478/2935/2643 7477/2934/3293
f 7480/2937/2056 7479/2936/3294 7477/2934/3293
f 7481/2936/3295 7482/2937/2503 7483/2934/3296
f 7484/2935/2838 7481/2936/3295 7483/2934/3296
f 7485/2932/2622 7484/2935/2838 7483/2934/3296
f 7486/2933/3297 7485/2932/2622 7483/2934/3296
f 7487/2938/1589 7488/2939/1589 7489/2940/1582
f 7490/2940/1582 7491/2939/1589 7487/2938/1589
f 7489/2940/1582 7492/2941/1588 7487/2938/1589
f 7487/2938/1589 7492/2941/1588 7490/2940/1582
f 7492/2941/1588 7489/2940/1582 7493/2942/1587
f 7494/2942/1587 7490/2940/1582 7492/2941/1588
f 7493/2942/1587 7495/2943/1587 7492/2941/1588
f 7492/2941/1588 7495/2943/1587 7494/2942/1587
f 7496/2944/3298 7497/2945/3298 7498/2946/3298
f 7499/2947/3298 7498/2946/3298 7500/2948/3298
f 7499/2947/3298 7496/2944/3298 7498/2946/3298
f 7501/2949/3298 7502/2950/3298 7496/2944/3298
f 7499/2947/3298 7501/2949/3298 7496/2944/3298
f 7499/2947/3298 7503/2951/3298 7501/2949/3298
f 7503/2951/3298 7504/2952/3298 7501/2949/3298
f 7499/2947/3298 7505/2953/3298 7503/2951/3298
f 7506/2954/3299 7507/2955/3299 7508/2956/3299
f 7509/2957/3299 7508/2956/3299 7510/2958/3299
f 7509/2957/3299 7506/2954/3299 7508/2956/3299
f 7511/2959/3299 7512/2960/3299 7506/2954/3299
f 7509/2957/3299 7511/2959/3299 7506/2954/3299
f 7509/2957/3299 7513/2961/3299 7511/2959/3299
f 7513/2961/3299 7514/2962/1525 7511/2959/3299
f 7509/2957/3299 7515/2963/3299 7513/2961/3299
f 7516/2949/1218 7517/2952/1218 7518/2951/3300
f 7518/2951/3300 7519/2953/1218 7520/2947/1218
f 7516/2949/1218 7518/2951/3300 7520/2947/1218
f 7521/2944/3300 7522/2950/3301 7516/2949/1218
f 7521/2944/3300 7516/2949/1218 7520/2947/1218
f 7523/2946/3300 7521/2944/3300 7520/2947/1218
f 7523/2946/3300 7520/2947/1218 7524/2948/1218
f 7523/2946/3300 7525/2945/3300 7521/2944/3300
f 7526/2959/2274 7527/2962/2274 7528/2961/2274
f 7528/2961/2274 7529/2963/2274 7530/2957/2274
f 7526/2959/2274 7528/2961/2274 7530/2957/2274
f 7531/2954/2274 7532/2960/2274 7526/2959/2274
f 7531/2954/2274 7526/2959/2274 7530/2957/2274
f 7533/2956/2274 7531/2954/2274 7530/2957/2274
f 7533/2956/2274 7530/2957/2274 7534/2958/2274
f 7533/2956/2274 7535/2955/2274 7531/2954/2274
s 0
f 7536/2964/3302 7657/2965/3302 7656/2966/3302
f 7536/2964/3302 7659/2967/3302 7658/2968/3302
f 7536/2964/3302 7658/2968/3302 7660/2969/3302
f 7536/2964/3302 7662/2970/3302 7661/2971/3302
f 7536/2964/3302 7661/2971/3302 7663/2972/3302
f 7536/2964/3302 7663/2972/3302 7664/2973/3302
f 7536/2964/3302 7666/2974/3302 7665/2975/3302
f 7536/2964/3302 7665/2975/3302 7657/2965/3302
f 7662/2970/3302 7536/2964/3302 7660/2969/3302
f 7666/2974/3302 7536/2964/3302 7664/2973/3302
f 7659/2967/3302 7536/2964/3302 7656/2966/3302
f 7547/2976/3302 7542/2977/3302 7553/2977/3302 7558/2976/3302
f 7543/2978/3302 7547/2976/3302 7558/2976/3302 7554/2978/3302
f 7537/2979/3302 7544/2980/3302 7555/2980/3302 7548/2979/3302
f 7546/2981/3302 7539/2982/3302 7550/2982/3302 7557/2981/3302
f 7542/2977/3302 7541/2983/3302 7552/2983/3302 7553/2977/3302
f 7538/2984/3302 7545/2985/3302 7556/2985/3302 7549/2984/3302
f 7544/2980/3302 7543/2978/3302 7554/2978/3302 7555/2980/3302
f 7539/2982/3302 7538/2984/3302 7549/2984/3302 7550/2982/3302
f 7540/2986/3302 7546/2981/3302 7557/2981/3302 7551/2986/3302
f 7545/2985/3302 7537/2979/3302 7548/2979/3302 7556/2985/3302
f 7541/2983/3302 7540/2986/3302 7551/2986/3302 7552/2983/3302
f 7638/2987/3302 7639/2987/3302 7591/2987/3302
f 7654/2987/3302 7655/2987/3302 7591/2987/3302
f 7646/2987/3302 7647/2987/3302 7591/2987/3302
f 7631/2987/3302 7632/2987/3302 7591/2987/3302
f 7640/2987/3302 7591/2987/3302 7639/2987/3302
f 7591/2987/3302 7632/2987/3302 7633/2987/3302
f 7634/2987/3302 7591/2987/3302 7633/2987/3302
f 7634/2987/3302 7635/2987/3302 7591/2987/3302
f 7635/2987/3302 7636/2987/3302 7591/2987/3302
f 7636/2987/3302 7637/2987/3302 7591/2987/3302
f 7637/2987/3302 7638/2987/3302 7591/2987/3302
f 7655/2987/3302 7625/2987/3302 7591/2987/3302
f 7591/2987/3302 7648/2987/3302 7649/2987/3302
f 7649/2987/3302 7650/2987/3302 7591/2987/3302
f 7650/2987/3302 7651/2987/3302 7591/2987/3302
f 7651/2987/3302 7652/2987/3302 7591/2987/3302
f 7652/2987/3302 7653/2987/3302 7591/2987/3302
f 7653/2987/3302 7654/2987/3302 7591/2987/3302
f 7647/2987/3302 7648/2987/3302 7591/2987/3302
f 7591/2987/3302 7640/2987/3302 7641/2987/3302
f 7641/2987/3302 7642/2987/3302 7591/2987/3302
f 7642/2987/3302 7643/2987/3302 7591/2987/3302
f 7643/2987/3302 7644/2987/3302 7591/2987/3302
f 7644/2987/3302 7645/2987/3302 7591/2987/3302
f 7645/2987/3302 7646/2987/3302 7591/2987/3302
f 7625/2987/3302 7624/2987/3302 7591/2987/3302
f 7624/2987/3302 7626/2987/3302 7591/2987/3302
f 7626/2987/3302 7627/2987/3302 7591/2987/3302
f 7627/2987/3302 7628/2987/3302 7591/2987/3302
f 7628/2987/3302 7629/2987/3302 7591/2987/3302
f 7629/2987/3302 7630/2987/3302 7591/2987/3302
f 7630/2987/3302 7631/2987/3302 7591/2987/3302
f 7564/2988/3302 7563/2988/3302 7596/2988/3302 7597/2988/3302
f 7559/2988/3302 7590/2988/3302 7623/2988/3302 7592/2988/3302
f 7578/2988/3302 7577/2988/3302 7610/2988/3302 7611/2988/3302
f 7565/2988/3302 7564/2988/3302 7597/2988/3302 7598/2988/3302
f 7579/2988/3302 7578/2988/3302 7611/2988/3302 7612/2988/3302
f 7566/2988/3302 7565/2988/3302 7598/2988/3302 7599/2988/3302
f 7580/2988/3302 7579/2988/3302 7612/2988/3302 7613/2988/3302
f 7567/2988/3302 7566/2988/3302 7599/2988/3302 7600/2988/3302
f 7581/2988/3302 7580/2988/3302 7613/2988/3302 7614/2988/3302
f 7568/2988/3302 7567/2988/3302 7600/2988/3302 7601/2988/3302
f 7582/2988/3302 7581/2988/3302 7614/2988/3302 7615/2988/3302
f 7569/2988/3302 7568/2988/3302 7601/2988/3302 7602/2988/3302
f 7583/2988/3302 7582/2988/3302 7615/2988/3302 7616/2988/3302
f 7570/2988/3302 7569/2988/3302 7602/2988/3302 7603/2988/3302
f 7584/2988/3302 7583/2988/3302 7616/2988/3302 7617/2988/3302
f 7571/2988/3302 7570/2988/3302 7603/2988/3302 7604/2988/3302
f 7585/2988/3302 7584/2988/3302 7617/2988/3302 7618/2988/3302
f 7572/2988/3302 7571/2988/3302 7604/2988/3302 7605/2988/3302
f 7586/2988/3302 7585/2988/3302 7618/2988/3302 7619/2988/3302
f 7573/2988/3302 7572/2988/3302 7605/2988/3302 7606/2988/3302
f 7560/2988/3302 7559/2988/3302 7592/2988/3302 7593/2988/3302
f 7587/2988/3302 7586/2988/3302 7619/2988/3302 7620/2988/3302
f 7574/2988/3302 7573/2988/3302 7606/2988/3302 7607/2988/3302
f 7561/2988/3302 7560/2988/3302 7593/2988/3302 7594/2988/3302
f 7588/2988/3302 7587/2988/3302 7620/2988/3302 7621/2988/3302
f 7575/2988/3302 7574/2988/3302 7607/2988/3302 7608/2988/3302
f 7562/2988/3302 7561/2988/3302 7594/2988/3302 7595/2988/3302
f 7589/2988/3302 7588/2988/3302 7621/2988/3302 7622/2988/3302
f 7576/2988/3302 7575/2988/3302 7608/2988/3302 7609/2988/3302
f 7563/2988/3302 7562/2988/3302 7595/2988/3302 7596/2988/3302
f 7590/2988/3302 7589/2988/3302 7622/2988/3302 7623/2988/3302
f 7577/2988/3302 7576/2988/3302 7609/2988/3302 7610/2988/3302
f 7667/2964/3303 7788/2965/3303 7787/2966/3303
f 7667/2964/3303 7790/2967/3303 7789/2968/3303
f 7667/2964/3303 7789/2968/3303 7791/2969/3303
f 7667/2964/3303 7793/2970/3303 7792/2971/3303
f 7667/2964/3303 7792/2971/3303 7794/2972/3303
f 7667/2964/3303 7794/2972/3303 7795/2973/3303
f 7667/2964/3303 7797/2974/3303 7796/2975/3303
f 7667/2964/3303 7796/2975/3303 7788/2965/3303
f 7793/2970/3303 7667/2964/3303 7791/2969/3303
f 7797/2974/3303 7667/2964/3303 7795/2973/3303
f 7790/2967/3303 7667/2964/3303 7787/2966/3303
f 7678/2976/3303 7673/2977/3303 7684/2977/3303 7689/2976/3303
f 7674/2978/3303 7678/2976/3303 7689/2976/3303 7685/2978/3303
f 7668/2979/3303 7675/2980/3303 7686/2980/3303 7679/2979/3303
f 7677/2981/3303 7670/2982/3303 7681/2982/3303 7688/2981/3303
f 7673/2977/3303 7672/2983/3303 7683/2983/3303 7684/2977/3303
f 7669/2984/3303 7676/2985/3303 7687/2985/3303 7680/2984/3303
f 7675/2980/3303 7674/2978/3303 7685/2978/3303 7686/2980/3303
f 7670/2982/3303 7669/2984/3303 7680/2984/3303 7681/2982/3303
f 7671/2986/3303 7677/2981/3303 7688/2981/3303 7682/2986/3303
f 7676/2985/3303 7668/2979/3303 7679/2979/3303 7687/2985/3303
f 7672/2983/3303 7671/2986/3303 7682/2986/3303 7683/2983/3303
f 7769/2987/3303 7770/2987/3303 7722/2987/3303
f 7785/2987/3303 7786/2987/3303 7722/2987/3303
f 7777/2987/3303 7778/2987/3303 7722/2987/3303
f 7762/2987/3303 7763/2987/3303 7722/2987/3303
f 7771/2987/3303 7722/2987/3303 7770/2987/3303
f 7722/2987/3303 7763/2987/3303 7764/2987/3303
f 7765/2987/3303 7722/2987/3303 7764/2987/3303
f 7765/2987/3303 7766/2987/3303 7722/2987/3303
f 7766/2987/3303 7767/2987/3303 7722/2987/3303
f 7767/2987/3303 7768/2987/3303 7722/2987/3303
f 7768/2987/3303 7769/2987/3303 7722/2987/3303
f 7786/2987/3303 7756/2987/3303 7722/2987/3303
f 7722/2987/3303 7779/2987/3303 7780/2987/3303
f 7780/2987/3303 7781/2987/3303 7722/2987/3303
f 7781/2987/3303 7782/2987/3303 7722/2987/3303
f 7782/2987/3303 7783/2987/3303 7722/2987/3303
f 7783/2987/3303 7784/2987/3303 7722/2987/3303
f 7784/2987/3303 7785/2987/3303 7722/2987/3303
f 7778/2987/3303 7779/2987/3303 7722/2987/3303
f 7722/2987/3303 7771/2987/3303 7772/2987/3303
f 7772/2987/3303 7773/2987/3303 7722/2987/3303
f 7773/2987/3303 7774/2987/3303 7722/2987/3303
f 7774/2987/3303 7775/2987/3303 7722/2987/3303
f 7775/2987/3303 7776/2987/3303 7722/2987/3303
f 7776/2987/3303 7777/2987/3303 7722/2987/3303
f 7756/2987/3303 7755/2987/3303 7722/2987/3303
f 7755/2987/3303 7757/2987/3303 7722/2987/3303
f 7757/2987/3303 7758/2987/3303 7722/2987/3303
f 7758/2987/3303 7759/2987/3303 7722/2987/3303
f 7759/2987/3303 7760/2987/3303 7722/2987/3303
f 7760/2987/3303 7761/2987/3303 7722/2987/3303
f 7761/2987/3303 7762/2987/3303 7722/2987/3303
f 7695/2988/3303 7694/2988/3303 7727/2988/3303 7728/2988/3303
f 7690/2988/3303 7721/2988/3303 7754/2988/3303 7723/2988/3303
f 7709/2988/3303 7708/2988/3303 7741/2988/3303 7742/2988/3303
f 7696/2988/3303 7695/2988/3303 7728/2988/3303 7729/2988/3303
f 7710/2988/3303 7709/2988/3303 7742/2988/3303 7743/2988/3303
f 7697/2988/3303 7696/2988/3303 7729/2988/3303 7730/2988/3303
f 7711/2988/3303 7710/2988/3303 7743/2988/3303 7744/2988/3303
f 7698/2988/3303 7697/2988/3303 7730/2988/3303 7731/2988/3303
f 7712/2988/3303 7711/2988/3303 7744/2988/3303 7745/2988/3303
f 7699/2988/3303 7698/2988/3303 7731/2988/3303 7732/2988/3303
f 7713/2988/3303 7712/2988/3303 7745/2988/3303 7746/2988/3303
f 7700/2988/3303 7699/2988/3303 7732/2988/3303 7733/2988/3303
f 7714/2988/3303 7713/2988/3303 7746/2988/3303 7747/2988/3303
f 7701/2988/3303 7700/2988/3303 7733/2988/3303 7734/2988/3303
f 7715/2988/3303 7714/2988/3303 7747/2988/3303 7748/2988/3303
f 7702/2988/3303 7701/2988/3303 7734/2988/3303 7735/2988/3303
f 7716/2988/3303 7715/2988/3303 7748/2988/3303 7749/2988/3303
f 7703/2988/3303 7702/2988/3303 7735/2988/3303 7736/2988/3303
f 7717/2988/3303 7716/2988/3303 7749/2988/3303 7750/2988/3303
f 7704/2988/3303 7703/2988/3303 7736/2988/3303 7737/2988/3303
f 7691/2988/3303 7690/2988/3303 7723/2988/3303 7724/2988/3303
f 7718/2988/3303 7717/2988/3303 7750/2988/3303 7751/2988/3303
f 7705/2988/3303 7704/2988/3303 7737/2988/3303 7738/2988/3303
f 7692/2988/3303 7691/2988/3303 7724/2988/3303 7725/2988/3303
f 7719/2988/3303 7718/2988/3303 7751/2988/3303 7752/2988/3303
f 7706/2988/3303 7705/2988/3303 7738/2988/3303 7739/2988/3303
f 7693/2988/3303 7692/2988/3303 7725/2988/3303 7726/2988/3303
f 7720/2988/3303 7719/2988/3303 7752/2988/3303 7753/2988/3303
f 7707/2988/3303 7706/2988/3303 7739/2988/3303 7740/2988/3303
f 7694/2988/3303 7693/2988/3303 7726/2988/3303 7727/2988/3303
f 7721/2988/3303 7720/2988/3303 7753/2988/3303 7754/2988/3303
f 7708/2988/3303 7707/2988/3303 7740/2988/3303 7741/2988/3303
f 7798/2964/792 7919/2965/792 7918/2966/792
f 7798/2964/792 7921/2967/792 7920/2968/792
f 7798/2964/3304 7933/2989/3304 7922/2969/3304
f 7798/2964/3304 7924/2970/3304 7923/2971/3304
f 7798/2964/3304 7923/2971/3304 7925/2972/3304
f 7798/2964/3304 7925/2972/3304 7926/2973/3304
f 7927/2975/792 7919/2965/792 7928/2990/792
f 7808/2981/3304 7931/2991/3304 7929/2992/3304 7819/2981/3304
f 7924/2970/3304 7798/2964/3304 7922/2969/3304
f 7798/2964/3304 7934/2993/3304 7928/2990/3304
f 7921/2967/3305 7798/2964/3305 7918/2966/3305
f 7809/2976/3304 7804/2977/3304 7815/2977/3304 7820/2976/3304
f 7932/2994/3304 7809/2976/3304 7820/2976/3304 7930/2994/3304
f 7799/2979/792 7806/2980/792 7817/2980/792 7810/2979/792
f 7931/2991/792 7801/2982/792 7812/2982/792 7929/2992/792
f 7804/2977/3304 7803/2983/3304 7814/2983/3304 7815/2977/3304
f 7800/2984/792 7807/2985/792 7818/2985/792 7811/2984/792
f 7806/2980/792 7805/2995/792 7816/2996/792 7817/2980/792
f 7801/2982/792 7800/2984/792 7811/2984/792 7812/2982/792
f 7802/2986/3304 7808/2981/3304 7819/2981/3304 7813/2986/3304
f 7807/2985/792 7799/2979/792 7810/2979/792 7818/2985/792
f 7803/2983/3304 7802/2986/3304 7813/2986/3304 7814/2983/3304
f 7900/2987/3304 7901/2987/3304 7853/2987/3304
f 7916/2987/792 7917/2987/792 7853/2987/792
f 7908/2987/3304 7909/2987/3304 7853/2987/3304
f 7893/2987/792 7894/2987/792 7853/2987/792
f 7902/2987/3304 7853/2987/3304 7901/2987/3304
f 7853/2987/3304 7894/2987/3304 7895/2987/3304
f 7896/2987/3304 7853/2987/3304 7895/2987/3304
f 7896/2987/3304 7897/2987/3304 7853/2987/3304
f 7897/2987/3304 7898/2987/3304 7853/2987/3304
f 7898/2987/3304 7899/2987/3304 7853/2987/3304
f 7899/2987/3304 7900/2987/3304 7853/2987/3304
f 7917/2987/792 7887/2987/792 7853/2987/792
f 7853/2987/792 7910/2987/792 7911/2987/792
f 7911/2987/792 7912/2987/792 7853/2987/792
f 7912/2987/792 7913/2987/792 7853/2987/792
f 7913/2987/792 7914/2987/792 7853/2987/792
f 7914/2987/792 7915/2987/792 7853/2987/792
f 7915/2987/792 7916/2987/792 7853/2987/792
f 7909/2987/3304 7910/2987/3304 7853/2987/3304
f 7853/2987/3304 7902/2987/3304 7903/2987/3304
f 7903/2987/3304 7904/2987/3304 7853/2987/3304
f 7904/2987/3304 7905/2987/3304 7853/2987/3304
f 7905/2987/3304 7906/2987/3304 7853/2987/3304
f 7906/2987/3304 7907/2987/3304 7853/2987/3304
f 7907/2987/3304 7908/2987/3304 7853/2987/3304
f 7887/2987/792 7886/2987/792 7853/2987/792
f 7886/2987/792 7888/2987/792 7853/2987/792
f 7888/2987/792 7889/2987/792 7853/2987/792
f 7889/2987/792 7890/2987/792 7853/2987/792
f 7890/2987/792 7891/2987/792 7853/2987/792
f 7891/2987/792 7892/2987/792 7853/2987/792
f 7892/2987/792 7893/2987/792 7853/2987/792
f 7826/2988/792 7825/2988/792 7858/2988/792 7859/2988/792
f 7821/2988/792 7852/2988/792 7885/2988/792 7854/2988/792
f 7840/2988/3304 7839/2988/3304 7872/2988/3304 7873/2988/3304
f 7827/2988/792 7826/2988/792 7859/2988/792 7860/2988/792
f 7841/2988/3304 7840/2988/3304 7873/2988/3304 7874/2988/3304
f 7828/2988/792 7827/2988/792 7860/2988/792 7861/2988/792
f 7842/2988/3304 7841/2988/3304 7874/2988/3304 7875/2988/3304
f 7829/2988/792 7828/2988/792 7861/2988/792 7862/2988/792
f 7843/2988/3304 7842/2988/3304 7875/2988/3304 7876/2988/3304
f 7830/2988/3304 7829/2988/3304 7862/2988/3304 7863/2988/3304
f 7844/2988/3304 7843/2988/3304 7876/2988/3304 7877/2988/3304
f 7831/2988/3304 7830/2988/3304 7863/2988/3304 7864/2988/3304
f 7845/2988/3304 7844/2988/3304 7877/2988/3304 7878/2988/3304
f 7832/2988/3304 7831/2988/3304 7864/2988/3304 7865/2988/3304
f 7846/2988/792 7845/2988/792 7878/2988/792 7879/2988/792
f 7833/2988/3304 7832/2988/3304 7865/2988/3304 7866/2988/3304
f 7847/2988/792 7846/2988/792 7879/2988/792 7880/2988/792
f 7834/2988/3304 7833/2988/3304 7866/2988/3304 7867/2988/3304
f 7848/2988/792 7847/2988/792 7880/2988/792 7881/2988/792
f 7835/2988/3304 7834/2988/3304 7867/2988/3304 7868/2988/3304
f 7822/2988/792 7821/2988/792 7854/2988/792 7855/2988/792
f 7849/2988/792 7848/2988/792 7881/2988/792 7882/2988/792
f 7836/2988/3304 7835/2988/3304 7868/2988/3304 7869/2988/3304
f 7823/2988/792 7822/2988/792 7855/2988/792 7856/2988/792
f 7850/2988/792 7849/2988/792 7882/2988/792 7883/2988/792
f 7837/2988/3304 7836/2988/3304 7869/2988/3304 7870/2988/3304
f 7824/2988/792 7823/2988/792 7856/2988/792 7857/2988/792
f 7851/2988/792 7850/2988/792 7883/2988/792 7884/2988/792
f 7838/2988/3304 7837/2988/3304 7870/2988/3304 7871/2988/3304
f 7825/2988/792 7824/2988/792 7857/2988/792 7858/2988/792
f 7852/2988/792 7851/2988/792 7884/2988/792 7885/2988/792
f 7839/2988/3304 7838/2988/3304 7871/2988/3304 7872/2988/3304
f 7919/2965/3070 7798/2964/3070 7928/2990/3070
f 7805/2995/3304 7932/2994/3304 7930/2994/3304 7816/2996/3304
f 7798/2964/792 7920/2968/792 7933/2989/792
f 7798/2964/3304 7926/2973/3304 7934/2993/3304
f 7935/2964/3306 8056/2965/3306 8055/2966/3306
f 7935/2964/3306 8058/2967/3306 8057/2968/3306
f 7935/2964/3306 8057/2968/3306 8059/2969/3306
f 7935/2964/3306 8061/2970/3306 8060/2971/3306
f 7935/2964/3306 8060/2971/3306 8062/2972/3306
f 7935/2964/3306 8062/2972/3306 8063/2973/3306
f 7935/2964/3306 8065/2974/3306 8064/2975/3306
f 7935/2964/3306 8064/2975/3306 8056/2965/3306
f 8061/2970/3306 7935/2964/3306 8059/2969/3306
f 8065/2974/3306 7935/2964/3306 8063/2973/3306
f 8058/2967/3306 7935/2964/3306 8055/2966/3306
f 7946/2976/3306 7941/2977/3306 7952/2977/3306 7957/2976/3306
f 7942/2978/3306 7946/2976/3306 7957/2976/3306 7953/2978/3306
f 7936/2979/3307 7943/2980/3307 7954/2980/3307 7947/2979/3307
f 7945/2981/3306 7938/2982/3306 7949/2982/3306 7956/2981/3306
f 7941/2977/3306 7940/2983/3306 7951/2983/3306 7952/2977/3306
f 7937/2984/3306 7944/2985/3306 7955/2985/3306 7948/2984/3306
f 7943/2980/3306 7942/2978/3306 7953/2978/3306 7954/2980/3306
f 7938/2982/3306 7937/2984/3306 7948/2984/3306 7949/2982/3306
f 7939/2986/3306 7945/2981/3306 7956/2981/3306 7950/2986/3306
f 7944/2985/3306 7936/2979/3306 7947/2979/3306 7955/2985/3306
f 7940/2983/3306 7939/2986/3306 7950/2986/3306 7951/2983/3306
f 8037/2987/3306 8038/2987/3306 7990/2987/3306
f 8053/2987/3306 8054/2987/3306 7990/2987/3306
f 8045/2987/3306 8046/2987/3306 7990/2987/3306
f 8030/2987/3306 8031/2987/3306 7990/2987/3306
f 8039/2987/3306 7990/2987/3306 8038/2987/3306
f 7990/2987/3306 8031/2987/3306 8032/2987/3306
f 8033/2987/3306 7990/2987/3306 8032/2987/3306
f 8033/2987/3306 8034/2987/3306 7990/2987/3306
f 8034/2987/3306 8035/2987/3306 7990/2987/3306
f 8035/2987/3306 8036/2987/3306 7990/2987/3306
f 8036/2987/3306 8037/2987/3306 7990/2987/3306
f 8054/2987/3306 8024/2987/3306 7990/2987/3306
f 7990/2987/3306 8047/2987/3306 8048/2987/3306
f 8048/2987/3306 8049/2987/3306 7990/2987/3306
f 8049/2987/3306 8050/2987/3306 7990/2987/3306
f 8050/2987/3306 8051/2987/3306 7990/2987/3306
f 8051/2987/3306 8052/2987/3306 7990/2987/3306
f 8052/2987/3306 8053/2987/3306 7990/2987/3306
f 8046/2987/3306 8047/2987/3306 7990/2987/3306
f 7990/2987/3306 8039/2987/3306 8040/2987/3306
f 8040/2987/3306 8041/2987/3306 7990/2987/3306
f 8041/2987/3306 8042/2987/3306 7990/2987/3306
f 8042/2987/3306 8043/2987/3306 7990/2987/3306
f 8043/2987/3306 8044/2987/3306 7990/2987/3306
f 8044/2987/3306 8045/2987/3306 7990/2987/3306
f 8024/2987/3306 8023/2987/3306 7990/2987/3306
f 8023/2987/3306 8025/2987/3306 7990/2987/3306
f 8025/2987/3306 8026/2987/3306 7990/2987/3306
f 8026/2987/3306 8027/2987/3306 7990/2987/3306
f 8027/2987/3306 8028/2987/3306 7990/2987/3306
f 8028/2987/3306 8029/2987/3306 7990/2987/3306
f 8029/2987/3306 8030/2987/3306 7990/2987/3306
f 7963/2988/3306 7962/2988/3306 7995/2988/3306 7996/2988/3306
f 7958/2988/3306 7989/2988/3306 8022/2988/3306 7991/2988/3306
f 7977/2988/3306 7976/2988/3306 8009/2988/3306 8010/2988/3306
f 7964/2988/3306 7963/2988/3306 7996/2988/3306 7997/2988/3306
f 7978/2988/3306 7977/2988/3306 8010/2988/3306 8011/2988/3306
f 7965/2988/3306 7964/2988/3306 7997/2988/3306 7998/2988/3306
f 7979/2988/3306 7978/2988/3306 8011/2988/3306 8012/2988/3306
f 7966/2988/3306 7965/2988/3306 7998/2988/3306 7999/2988/3306
f 7980/2988/3306 7979/2988/3306 8012/2988/3306 8013/2988/3306
f 7967/2988/3306 7966/2988/3306 7999/2988/3306 8000/2988/3306
f 7981/2988/3306 7980/2988/3306 8013/2988/3306 8014/2988/3306
f 7968/2988/3306 7967/2988/3306 8000/2988/3306 8001/2988/3306
f 7982/2988/3306 7981/2988/3306 8014/2988/3306 8015/2988/3306
f 7969/2988/3306 7968/2988/3306 8001/2988/3306 8002/2988/3306
f 7983/2988/3306 7982/2988/3306 8015/2988/3306 8016/2988/3306
f 7970/2988/3306 7969/2988/3306 8002/2988/3306 8003/2988/3306
f 7984/2988/3306 7983/2988/3306 8016/2988/3306 8017/2988/3306
f 7971/2988/3306 7970/2988/3306 8003/2988/3306 8004/2988/3306
f 7985/2988/3306 7984/2988/3306 8017/2988/3306 8018/2988/3306
f 7972/2988/3306 7971/2988/3306 8004/2988/3306 8005/2988/3306
f 7959/2988/3306 7958/2988/3306 7991/2988/3306 7992/2988/3306
f 7986/2988/3306 7985/2988/3306 8018/2988/3306 8019/2988/3306
f 7973/2988/3306 7972/2988/3306 8005/2988/3306 8006/2988/3306
f 7960/2988/3306 7959/2988/3306 7992/2988/3306 7993/2988/3306
f 7987/2988/3306 7986/2988/3306 8019/2988/3306 8020/2988/3306
f 7974/2988/3306 7973/2988/3306 8006/2988/3306 8007/2988/3306
f 7961/2988/3306 7960/2988/3306 7993/2988/3306 7994/2988/3306
f 7988/2988/3306 7987/2988/3306 8020/2988/3306 8021/2988/3306
f 7975/2988/3306 7974/2988/3306 8007/2988/3306 8008/2988/3306
f 7962/2988/3306 7961/2988/3306 7994/2988/3306 7995/2988/3306
f 7989/2988/3306 7988/2988/3306 8021/2988/3306 8022/2988/3306
f 7976/2988/3306 7975/2988/3306 8008/2988/3306 8009/2988/3306
