# Blender 4.3.2
# www.blender.org
mtllib KAZ_Cruiser.mtl
o Mesh_0375KazonCruiser
v 0.000305 76.391632 18.454987
v 29.831116 71.162369 18.454985
v 15.297776 54.428268 -145.682144
v 11.219661 -10.116890 26.858759
v 12.985579 -7.945801 27.188013
v 13.948582 -25.307085 27.188009
v 13.948582 -25.307085 27.188009
v 12.082815 -23.310112 25.866049
v 11.219661 -10.116890 26.858759
v 11.219661 -10.116890 26.858759
v 11.198206 1.070284 25.174538
v 13.100281 1.070284 26.249767
v 13.100281 1.070284 26.249767
v 12.985579 -7.945801 27.188013
v 11.219661 -10.116890 26.858759
v 19.111004 -10.116892 42.355103
v 19.127508 1.070281 43.378345
v 20.241522 1.071106 44.555077
v 19.410549 55.118080 154.056854
v 19.700193 55.745224 154.311844
v 8.301770 56.782501 154.311844
v 8.301770 56.782501 154.311844
v 8.010476 56.501930 154.056854
v 19.410549 55.118080 154.056854
v 8.010476 56.501930 154.056854
v 8.301770 56.782501 154.311844
v 9.673244 67.948219 136.050262
v 9.673244 67.948219 136.050262
v 9.379475 67.388741 135.795288
v 8.010476 56.501930 154.056854
v 13.721653 71.162369 29.309603
v 29.831116 71.162369 18.454985
v 0.000305 76.391632 18.454987
v 46.014847 -23.148392 147.696243
v 37.225693 -22.117729 167.233566
v 35.455647 -22.114428 166.928238
v 20.239870 -17.230925 188.522781
v 35.455647 -22.114428 166.928238
v 21.650129 -17.039480 188.761261
v 1.831414 -7.441635 200.749695
v 15.518103 -8.341096 189.779541
v 17.514250 -8.922858 190.743378
v 35.455647 -22.114428 166.928238
v 17.514250 -8.922858 190.743378
v 15.518103 -8.341096 189.779541
v 20.239870 -17.230925 188.522781
v 17.514250 -8.922858 190.743378
v 35.455647 -22.114428 166.928238
v 36.774307 -43.487762 -127.692902
v 39.720257 -42.321762 -127.413162
v 46.035477 -51.691864 -54.062374
v 18.139748 -41.476791 47.392094
v 15.440535 -42.157585 77.761757
v 15.609699 -51.657227 56.788586
v 18.139748 -41.476791 47.392094
v 18.144699 -38.439247 46.663445
v 15.222683 -39.796700 98.393280
v 15.222683 -39.796700 98.393280
v 15.440535 -42.157585 77.761757
v 18.139748 -41.476791 47.392094
v 53.848427 16.375170 96.794891
v 47.520004 17.076586 96.269241
v 50.655746 38.539093 96.763542
v 7.321438 39.469955 -175.595474
v 0.000305 46.086365 -169.551743
v 0.000305 46.290192 -169.551743
v 9.051872 5.533736 202.181412
v 4.776536 3.702628 202.002335
v 7.008689 -6.996854 202.918304
v 17.514250 -8.922858 190.743378
v 20.239870 -17.230925 188.522781
v 12.714089 -6.931664 204.980469
v 4.350735 4.313272 206.026825
v 0.000305 3.358521 206.621780
v 0.000305 3.056500 201.304230
v 0.000305 3.056500 201.304230
v 4.776536 3.702628 202.002335
v 4.350735 4.313272 206.026825
v -15.297166 54.428268 -145.682144
v -29.831331 71.162369 18.454985
v 0.000305 76.391632 18.454987
v -11.219050 -10.116890 26.858759
v -12.082205 -23.310112 25.866049
v -13.948796 -25.307085 27.188009
v -13.948796 -25.307085 27.188009
v -12.984968 -7.945801 27.188013
v -11.219050 -10.116890 26.858759
v -11.219050 -10.116890 26.858759
v -12.984968 -7.945801 27.188013
v -13.100495 1.070284 26.249767
v -13.100495 1.070284 26.249767
v -11.197596 1.070284 25.174538
v -11.219050 -10.116890 26.858759
v -20.241735 1.071106 44.555077
v -19.126898 1.070281 43.378345
v -19.111217 -10.116892 42.355103
v -19.410765 55.118080 154.056854
v -8.009866 56.501930 154.056854
v -8.301160 56.782501 154.311844
v -8.301160 56.782501 154.311844
v -19.700407 55.745224 154.311844
v -19.410765 55.118080 154.056854
v -8.009866 56.501930 154.056854
v -9.379690 67.388741 135.795288
v -9.673459 67.948219 136.050262
v -9.673459 67.948219 136.050262
v -8.301160 56.782501 154.311844
v -8.009866 56.501930 154.056854
v 0.000305 76.391632 18.454987
v -29.831331 71.162369 18.454985
v -13.721868 71.162369 29.309603
v -37.225082 -22.117729 167.233566
v -46.014236 -23.148392 147.696243
v -35.455036 -22.114428 166.928238
v -35.455036 -22.114428 166.928238
v -20.239260 -17.230925 188.522781
v -21.649519 -17.039480 188.761261
v -17.513639 -8.922858 190.743378
v -15.517492 -8.341096 189.779541
v -1.830803 -7.441635 200.749695
v -17.513639 -8.922858 190.743378
v -35.455036 -22.114428 166.928238
v -15.517492 -8.341096 189.779541
v -17.513639 -8.922858 190.743378
v -20.239260 -17.230925 188.522781
v -35.455036 -22.114428 166.928238
v -39.719646 -42.321762 -127.413162
v -36.774525 -43.487762 -127.692902
v -46.034866 -51.691864 -54.062374
v -15.439924 -42.157585 77.761757
v -18.139963 -41.476791 47.392094
v -15.609089 -51.657227 56.788586
v -18.139963 -41.476791 47.392094
v -15.439924 -42.157585 77.761757
v -15.222898 -39.796700 98.393280
v -15.222898 -39.796700 98.393280
v -18.144915 -38.439247 46.663445
v -18.139963 -41.476791 47.392094
v 0.000305 46.290192 -169.551743
v 0.000305 46.086365 -169.551743
v -7.320827 39.469955 -175.595474
v -7.008079 -6.996854 202.918304
v -4.775925 3.702628 202.002335
v -9.052088 5.533736 202.181412
v -20.239260 -17.230925 188.522781
v -17.513639 -8.922858 190.743378
v -12.714304 -6.931664 204.980469
v -4.350124 4.313272 206.026825
v -4.775925 3.702628 202.002335
v 0.000305 3.056500 201.304230
v 0.000305 3.056500 201.304230
v 0.000305 3.358521 206.621780
v -4.350124 4.313272 206.026825
v 13.811599 70.676331 28.318542
v 30.935226 68.957451 36.308910
v 29.622341 63.500443 -7.494108
v 30.935226 68.957451 36.308910
v 17.572014 70.762970 61.512024
v 31.512039 67.768333 62.964367
v 46.497585 56.967361 37.712566
v 37.096134 63.957588 64.272301
v 46.476955 57.564796 66.466499
v 43.630032 51.618454 -6.913173
v 29.622341 63.500443 -7.494108
v 51.096397 46.437042 38.910748
v 52.144398 45.734802 70.155113
v 47.520004 42.585037 -6.470870
v 25.957649 49.555473 -76.141281
v 27.667454 63.500443 -7.494108
v 22.679148 49.556297 -76.141281
v 34.998489 40.578178 -75.868149
v 21.406696 36.033012 -125.036575
v 19.380016 36.033012 -125.036575
v 17.269167 27.091198 -157.833984
v 27.712013 31.454824 -124.943344
v 17.269167 27.091198 -157.833984
v 21.519749 24.239323 -159.676636
v 15.151716 26.914606 -159.682419
v 38.180443 33.383301 -75.681656
v 30.662086 25.710640 -124.863297
v 24.868391 20.225573 -159.682419
v 48.448349 32.519310 -5.979880
v 38.571583 26.773485 -75.527344
v 31.138226 20.876646 -124.781601
v 25.244680 16.948721 -159.682419
v 52.239296 34.630974 40.245911
v 52.823532 33.336235 73.739761
v 46.532242 22.469254 -5.489716
v 48.625763 19.581888 41.944984
v 49.238060 17.296915 78.105049
v 37.358547 20.191727 -75.373032
v 45.447937 12.243426 42.774307
v 46.179886 10.803455 69.621208
v 39.758217 4.081415 65.990349
v 42.547375 13.431715 -5.047412
v 31.124197 -0.197219 44.177963
v 31.522766 -1.011690 63.575829
v 29.727140 1.518370 -4.466477
v 30.202454 16.331470 -124.704857
v 24.641462 13.596779 -159.681595
v 35.001789 14.124065 -75.219551
v 28.255817 12.062736 -124.633072
v 23.206448 10.030284 -159.673340
v 20.541893 5.745045 -159.627945
v 26.842258 4.002219 -74.911751
v 23.454006 4.843926 -124.501038
v 14.563352 0.543014 -159.401016
v 17.893841 -6.296218 -74.765694
v 20.708582 -9.848696 -4.527543
v 16.236023 -2.702485 -124.284012
v 6.608469 -3.634950 -159.129532
v 7.955188 -15.007806 -74.696373
v 10.368059 -22.389189 -4.610065
v 7.202610 -9.075468 -124.074409
v 0.000305 -6.165824 -159.001633
v 0.000305 -28.763821 -9.548860
v 0.000305 -12.573471 -123.981163
v 0.000305 -19.524925 -74.669151
v -7.955403 -15.007806 -74.696373
v -10.367449 -22.389189 -4.610065
v -20.708796 -9.848696 -4.527543
v -7.202825 -9.075468 -124.074409
v -6.607859 -3.634950 -159.129532
v -17.894054 -6.296218 -74.765694
v -29.726530 1.518370 -4.466477
v -16.235413 -2.702485 -124.284012
v -14.563567 0.543014 -159.401016
v -26.842474 4.002219 -74.911751
v -23.454222 4.843926 -124.501038
v -20.542107 5.745045 -159.627945
v -28.255207 12.062736 -124.633072
v -23.205837 10.030284 -159.673340
v -24.641678 13.596779 -159.681595
v -42.546764 13.431715 -5.047412
v -30.201843 16.331470 -124.704857
v -31.123587 -0.197219 44.177963
v -25.244070 16.948721 -159.682419
v -35.002003 14.124065 -75.219551
v -31.138439 20.876646 -124.781601
v -24.867781 20.225573 -159.682419
v -37.357937 20.191727 -75.373032
v -30.661476 25.710640 -124.863297
v -21.519964 24.239323 -159.676636
v -38.570972 26.773485 -75.527344
v -17.269382 27.091198 -157.833984
v -15.151931 26.914606 -159.682419
v -27.711403 31.454824 -124.943344
v -21.406086 36.033012 -125.036575
v -38.179832 33.383301 -75.681656
v -19.380232 36.033012 -125.036575
v -17.269382 27.091198 -157.833984
v -22.678537 49.556297 -76.141281
v -34.997879 40.578178 -75.868149
v -25.957863 49.555473 -76.141281
v -27.667669 63.500443 -7.494108
v -29.622557 63.500443 -7.494108
v -43.630245 51.618454 -6.913173
v -30.935442 68.957451 36.308910
v -47.519394 42.585037 -6.470870
v -46.496975 56.967361 37.712566
v -48.447739 32.519310 -5.979880
v -51.095787 46.437042 38.910748
v -31.511429 67.768333 62.964367
v -17.572229 70.762970 61.512024
v -13.810988 70.676331 28.318542
v -30.935442 68.957451 36.308910
v -29.622557 63.500443 -7.494108
v -37.095524 63.957588 64.272301
v -46.476345 57.564796 66.466499
v -52.143787 45.734802 70.155113
v -52.239510 34.630974 40.245911
v -52.823746 33.336235 73.739761
v -46.532459 22.469254 -5.489716
v -48.625153 19.581888 41.944984
v -49.238274 17.296915 78.105049
v -45.448151 12.243426 42.774307
v -46.180099 10.803455 69.621208
v -39.758430 4.081415 65.990349
v -31.522156 -1.011690 63.575829
v 0.000305 76.391632 18.454987
v 0.000305 76.260429 29.309605
v 13.721653 71.162369 29.309603
v 15.297776 54.428268 -145.682144
v 0.000305 59.219353 -147.529755
v 13.215808 54.873047 -147.529755
v 0.000305 -28.267063 39.740883
v 22.782297 -27.059803 39.820927
v 20.513010 -25.558773 41.362389
v -20.513226 -25.558773 41.362389
v -22.782513 -27.059803 39.820927
v 0.000305 46.290192 -169.551743
v 8.440403 43.034798 -175.595474
v 7.321438 39.469955 -175.595474
v 0.000305 42.314400 -170.312576
v 0.000305 46.086365 -169.551743
v 7.008689 -6.996854 202.918304
v 12.714089 -6.931664 204.980469
v 9.051872 5.533736 202.181412
v 1.831414 -7.441635 200.749695
v 4.776536 3.702628 202.002335
v -13.721868 71.162369 29.309603
v 0.000305 76.260429 29.309605
v 0.000305 76.391632 18.454987
v 0.000305 59.219353 -147.529755
v -15.297166 54.428268 -145.682144
v -13.216022 54.873047 -147.529755
v -7.320827 39.469955 -175.595474
v -8.440618 43.034798 -175.595474
v 0.000305 46.290192 -169.551743
v 0.000305 46.086365 -169.551743
v 0.000305 42.314400 -170.312576
v -9.052088 5.533736 202.181412
v -12.714304 -6.931664 204.980469
v -7.008079 -6.996854 202.918304
v -4.775925 3.702628 202.002335
v -1.830803 -7.441635 200.749695
v 21.762356 -30.983606 45.910042
v 21.721096 -25.878122 43.562359
v 20.241522 -10.116892 44.555077
v 20.241522 -10.116892 44.555077
v 20.288557 -10.116893 47.429230
v 21.809393 -32.751999 48.729733
v 20.241522 1.071106 44.555077
v 20.288557 1.070280 47.429230
v 20.333118 1.070280 50.248924
v 20.333118 -10.116894 50.248924
v 20.489080 1.070278 61.502113
v 21.960403 -33.450943 58.828472
v 20.489080 -10.116896 61.502113
v 22.084183 -36.924187 68.187836
v 20.587278 -15.513674 73.592049
v -20.241735 -10.116892 44.555077
v -21.721312 -25.878122 43.562359
v -21.761745 -30.983606 45.910042
v -20.287947 -10.116893 47.429230
v -20.241735 -10.116892 44.555077
v -21.809607 -32.751999 48.729733
v -20.287947 1.070280 47.429230
v -20.241735 1.071106 44.555077
v -20.332508 1.070280 50.248924
v -20.332508 -10.116894 50.248924
v -20.489294 1.070278 61.502113
v -21.960617 -33.450943 58.828472
v -20.489294 -10.116896 61.502113
v -22.083572 -36.924187 68.187836
v -20.586668 -15.513674 73.592049
v -47.519394 17.076586 96.269241
v -53.847816 16.375170 96.794891
v -50.655960 38.539093 96.763542
v -39.714695 18.462914 96.909592
v -47.519394 17.076586 96.269241
v -42.313236 36.689827 96.750343
v 0.000305 -33.687759 -18.257147
v -10.412834 -34.832306 -18.256321
v -10.383953 -33.541710 32.591389
v 0.000305 -33.675392 32.591389
v -10.246145 -32.657104 67.408852
v 0.000305 -33.651466 67.408852
v 0.000305 -33.687759 -18.257147
v 10.383738 -33.541710 32.591389
v 10.412620 -34.832306 -18.256321
v 10.246756 -32.657104 67.408852
v 0.000305 -33.651466 67.408852
v 31.512039 67.768333 62.964367
v 31.079636 67.768333 93.121132
v 36.378216 64.220818 79.167900
v 37.096134 63.957588 64.272301
v 31.079636 67.768333 93.121132
v 31.512039 67.768333 62.964367
v 17.572014 70.762970 61.512024
v 17.607498 70.762962 93.121132
v 27.470232 65.161537 130.266479
v 31.079636 67.768333 93.121132
v 10.726193 70.622681 130.266479
v 19.545055 53.017960 158.468353
v 0.000305 70.762962 93.121132
v 0.000305 53.608795 158.542618
v 0.000305 70.622681 130.266479
v 8.869504 34.054138 182.035095
v -10.725583 70.622681 130.266479
v -17.606888 70.762962 93.121132
v -31.079851 67.768333 93.121132
v -27.469622 65.161537 130.266479
v -19.544445 53.017960 158.468353
v -31.079851 67.768333 93.121132
v -17.572229 70.762970 61.512024
v -31.511429 67.768333 62.964367
v -8.868894 34.054138 182.035095
v 0.000305 34.422173 182.087082
v 0.000305 21.574709 196.312622
v -4.697532 19.766706 197.698944
v 4.698142 19.766706 197.698944
v 51.851452 56.241188 57.624531
v 53.489464 57.665474 57.716125
v 45.852283 63.340340 57.178097
v 44.504738 61.712227 57.069172
v 9.483450 66.295387 -72.280190
v 9.433938 66.454643 -70.422676
v 6.064665 69.188522 -70.422676
v 6.096848 69.003677 -72.280190
v 0.000305 71.912491 -72.280190
v 6.096848 69.003677 -72.280190
v 6.064665 69.188522 -70.422676
v 0.000305 72.100632 -70.422676
v 8.692087 64.720093 -90.869370
v 7.667195 62.490417 -115.559212
v 0.000305 64.326477 -115.559212
v 0.000305 66.691483 -90.869370
v 22.877195 37.190765 -171.734375
v 21.751629 33.623444 -171.734375
v 7.321438 39.469955 -175.595474
v 8.440403 43.034798 -175.595474
v 23.246058 57.908104 -70.364090
v 21.989285 54.275589 -70.364090
v 26.472570 59.055939 -37.033627
v 27.768127 62.721458 -37.033627
v 34.532253 53.271332 -70.454857
v 33.275482 49.628914 -70.454857
v 39.412460 45.951019 -76.417725
v 40.661804 49.593430 -76.417725
v 27.768127 62.721458 -37.033627
v 26.472570 59.055939 -37.033627
v 37.903175 54.291267 -38.313507
v 39.197906 57.969162 -38.313503
v 39.197906 57.969162 -38.313503
v 37.903175 54.291267 -38.313507
v 33.275482 49.628914 -70.454857
v 34.532253 53.271332 -70.454857
v 26.618629 -65.902588 115.698456
v 26.639259 -65.902588 124.817688
v 23.831945 -65.902588 124.817688
v 23.810492 -65.902588 115.698456
v 26.618629 -65.902588 115.698456
v 23.810492 -65.902588 115.698456
v 22.084183 -36.924187 68.187836
v 33.960392 -36.924187 68.187012
v 37.096134 63.957588 64.272301
v 32.679691 60.976158 66.064629
v 37.828907 57.568100 67.257858
v 46.476955 57.564796 66.466499
v 36.378216 64.220818 79.167900
v 31.966721 61.086731 78.853500
v 32.679691 60.976158 66.064629
v 37.096134 63.957588 64.272301
v 0.000305 -22.389189 -4.660401
v 0.000305 -28.763821 -9.548860
v 10.368059 -22.389189 -4.610065
v -10.367449 -22.389189 -4.610065
v 33.960392 -36.924187 68.187012
v 22.084183 -36.924187 68.187836
v 20.587278 -15.513674 73.592049
v 39.326637 -14.097639 73.965034
v 4.366414 -14.649714 188.528549
v 4.366414 -13.320324 187.471481
v 15.174822 -25.650391 176.960144
v 15.169045 -27.091181 177.912415
v 15.169045 -27.091181 177.912415
v 15.174822 -25.650391 176.960144
v 22.033846 -43.417671 156.444122
v 22.028894 -44.981415 157.255295
v 29.130526 67.408554 19.298334
v 12.941843 68.986328 19.328867
v 13.624280 71.001457 19.290907
v 29.812136 69.351891 19.260376
v 9.379475 67.388741 135.795288
v 9.673244 67.948219 136.050262
v 11.870740 67.487762 136.035416
v 11.576970 66.898567 135.780426
v 11.576970 66.898567 135.780426
v 11.870740 67.487762 136.035416
v 11.982141 68.898842 134.277740
v 11.688372 68.301399 134.022766
v 11.688372 68.301399 134.022766
v 11.982141 68.898842 134.277740
v 21.910067 65.587334 134.277740
v 21.617121 64.897469 134.022766
v 21.617121 64.897469 134.022766
v 21.910067 65.587334 134.277740
v 19.700193 55.745224 154.311844
v 19.410549 55.118080 154.056854
v 20.513010 -25.558773 41.362389
v 0.000305 -25.558773 41.364040
v 0.000305 -28.267063 39.740883
v -20.513226 -25.558773 41.362389
v 42.332825 -33.851181 152.077194
v 35.888874 -33.870155 151.119965
v 52.709656 -3.126671 95.036400
v 57.831642 -3.098615 96.054688
v 32.351261 -5.655909 182.105225
v 37.225693 -22.117729 167.233566
v 38.582314 5.257303 160.874603
v 32.397472 3.630014 180.974716
v 60.185925 0.421673 67.584625
v 55.139854 0.392792 66.562210
v 52.150997 9.960933 61.068886
v 57.053482 9.991464 62.053341
v 32.351261 -5.655909 182.105225
v 30.653009 -5.636930 181.750397
v 35.455647 -22.114428 166.928238
v 37.225693 -22.117729 167.233566
v 32.397472 3.630014 180.974716
v 30.726452 3.441870 180.629776
v 30.653009 -5.636930 181.750397
v 32.351261 -5.655909 182.105225
v 38.582314 5.257303 160.874603
v 33.334068 4.251388 169.656342
v 32.397472 3.630014 180.974716
v 30.726452 3.441870 180.629776
v 33.334068 4.251388 169.656342
v 35.455647 -22.114428 166.928238
v 30.653009 -5.636930 181.750397
v 30.726452 3.441870 180.629776
v 14.048430 -6.758374 205.230499
v 12.714089 -6.931664 204.980469
v 20.239870 -17.230925 188.522781
v 21.650129 -17.039480 188.761261
v 17.514250 -8.922858 190.743378
v 7.008689 -6.996854 202.918304
v 1.831414 -7.441635 200.749695
v 12.714089 -6.931664 204.980469
v 6.761956 -36.429062 -15.458085
v 0.000305 -36.967911 -16.361673
v 0.156267 -37.052902 -33.009987
v 8.193669 -36.429054 -31.964466
v 53.848427 16.375170 96.794891
v 57.053482 9.991464 62.053341
v 52.150997 9.960933 61.068886
v 47.520004 17.076586 96.269241
v 47.520004 17.076586 96.269241
v 52.150997 9.960933 61.068886
v 55.139854 0.392792 66.562210
v 52.709656 -3.126671 95.036400
v 52.709656 -3.126671 95.036400
v 55.139854 0.392792 66.562210
v 60.185925 0.421673 67.584625
v 57.831642 -3.098615 96.054688
v 35.888874 -33.870155 151.119965
v 35.754368 -29.617926 153.713562
v 52.715431 1.098329 97.586250
v 52.709656 -3.126671 95.036400
v 0.000305 -29.730150 148.311829
v 35.754368 -29.617926 153.713562
v 13.630056 -79.445694 169.884903
v 0.000305 -79.445694 167.835114
v 75.190453 -51.327126 -103.060822
v 69.983467 -49.256706 -97.846413
v 69.130219 -52.830627 -96.897438
v 74.357826 -54.884537 -102.149811
v 68.663155 -47.434662 -187.953613
v 83.321930 -51.492165 -110.077461
v 83.321930 -61.211311 -110.077461
v 68.677185 -56.383080 -187.833130
v 61.828064 -42.898575 -88.740387
v 48.890652 -42.045334 -52.723904
v 48.905506 -54.143517 -51.961430
v 61.844566 -52.824852 -88.350891
v 31.770325 -31.172535 -204.388199
v 31.812410 -39.884125 -203.670273
v 27.197918 -37.940788 -199.654877
v 27.158308 -29.117798 -200.466049
v 48.890652 -42.045334 -52.723904
v 44.314945 -41.498230 -53.478134
v 44.330624 -53.598068 -52.622410
v 48.905506 -54.143517 -51.961430
v 36.671158 -44.957436 -128.412476
v 36.639801 -34.553375 -129.246750
v 27.158308 -29.117798 -200.466049
v 27.197918 -37.940788 -199.654877
v 39.051849 -45.894035 -128.235062
v 44.330624 -53.598068 -52.622410
v 44.314945 -41.498230 -53.478134
v 39.019665 -35.484192 -129.024765
v 39.019665 -35.484192 -129.024765
v 36.639801 -34.553375 -129.246750
v 36.671158 -44.957436 -128.412476
v 39.051849 -45.894035 -128.235062
v 0.000305 -30.068455 -10.141351
v 0.000305 -39.377480 -8.790507
v 33.105492 -50.571259 -13.129385
v 33.103016 -41.414062 -13.953754
v 41.357445 -41.682251 -52.019188
v 41.370647 -50.218895 -51.351608
v 46.035477 -51.691864 -54.062374
v 46.023922 -43.211334 -54.637531
v 33.103016 -41.414062 -13.953754
v 33.105492 -50.571259 -13.129385
v 41.370647 -50.218895 -51.351608
v 41.357445 -41.682251 -52.019188
v 32.569939 -42.894463 -14.516537
v 29.672678 -49.667671 -14.230196
v 7.516184 -41.605507 -17.853626
v 10.412620 -34.832306 -18.256321
v 32.432957 -41.633575 36.360054
v 29.544773 -48.406776 36.646397
v 29.672678 -49.667671 -14.230196
v 32.569939 -42.894463 -14.516537
v 49.115929 -47.645119 45.393463
v 46.234348 -54.418327 45.592335
v 29.544773 -48.406776 36.646397
v 32.432957 -41.633575 36.360054
v 48.841965 -47.305969 59.338444
v 45.976063 -54.079178 59.537312
v 46.234348 -54.418327 45.592335
v 49.115929 -47.645119 45.393463
v 27.516443 -30.608105 -197.689255
v 27.543674 -36.854004 -197.118225
v 0.000305 -25.914396 -177.891174
v 0.000305 -19.270746 -178.845932
v 35.121445 -34.099503 -202.635483
v 65.278206 -47.421455 -189.287125
v 64.996811 -47.824150 -188.357132
v 35.194061 -34.668884 -201.485977
v 65.278206 -47.421455 -189.287125
v 67.192657 -51.269341 -188.472656
v 66.705795 -51.255318 -187.628479
v 64.996811 -47.824150 -188.357132
v 67.192657 -51.269341 -188.472656
v 64.994339 -53.329857 -189.286301
v 64.969582 -52.881775 -188.268829
v 66.705795 -51.255318 -187.628479
v 64.994339 -53.329857 -189.286301
v 34.877186 -39.882469 -202.315308
v 35.182507 -39.619232 -201.125366
v 64.969582 -52.881775 -188.268829
v 34.877186 -39.882469 -202.315308
v 33.124470 -36.136909 -203.379807
v 33.613811 -36.277191 -202.071869
v 35.182507 -39.619232 -201.125366
v 33.124470 -36.136909 -203.379807
v 35.121445 -34.099503 -202.635483
v 35.194061 -34.668884 -201.485977
v 33.613811 -36.277191 -202.071869
v 46.023922 -43.211334 -54.637531
v 46.035477 -51.691864 -54.062374
v 39.720257 -42.321762 -127.413162
v 39.556042 -37.229485 -128.837448
v 36.774307 -43.487762 -127.692902
v 36.614220 -36.065956 -129.329269
v 39.556042 -37.229485 -128.837448
v 39.720257 -42.321762 -127.413162
v 76.424118 -51.096069 -102.946945
v 70.327576 -48.669998 -96.851227
v 69.983467 -49.256706 -97.846413
v 75.190453 -51.327126 -103.060822
v 70.327576 -48.669998 -96.851227
v 69.238319 -53.220123 -95.645615
v 69.130219 -52.830627 -96.897438
v 69.983467 -49.256706 -97.846413
v 69.238319 -53.220123 -95.645615
v 75.364571 -55.622269 -101.797447
v 74.357826 -54.884537 -102.149811
v 69.130219 -52.830627 -96.897438
v 75.364571 -55.622269 -101.797447
v 76.424118 -51.096069 -102.946945
v 75.190453 -51.327126 -103.060822
v 74.357826 -54.884537 -102.149811
v 45.450413 34.172173 -21.177502
v 48.304764 34.358673 -22.487913
v 47.263367 35.981003 -23.524357
v 44.418919 36.103958 -23.309807
v 8.286091 80.397949 82.605675
v 0.000305 80.326157 79.836319
v 0.000305 70.384201 93.725998
v 8.302595 70.410606 96.345169
v 22.501732 77.062515 34.650269
v 0.000305 76.899956 27.397627
v 0.000305 81.629150 32.364479
v 8.166438 81.711670 35.082672
v 27.453728 -48.907669 10.237671
v 31.787653 -42.726959 9.034536
v 18.139748 -41.476791 47.392094
v 15.609699 -51.657227 56.788586
v 14.973475 -48.249985 1.951059
v 17.336008 -40.621056 0.250333
v 31.787653 -42.726959 9.034536
v 27.453728 -48.907669 10.237671
v 4.919294 -49.751007 -51.630524
v 14.772952 -47.107079 -48.851261
v 0.000305 -47.092224 -50.270599
v 0.000305 -49.747704 -52.063751
v 14.548498 6.281393 19.020233
v 10.140306 6.281393 17.952431
v 10.098220 3.101091 18.361727
v 13.474919 3.101090 19.158039
v 57.080715 -27.719139 72.371582
v 54.253597 -28.770437 78.147949
v 56.739910 -31.453148 78.707428
v 59.549698 -30.374617 73.000381
v 1.894954 -79.445702 182.759598
v 1.889177 -33.332962 184.411652
v 0.000305 -33.336258 184.212784
v 0.000305 -79.445702 182.673767
v -1.895168 -79.445702 182.759598
v 0.000305 -33.336258 184.212784
v -1.889392 -33.332962 184.411652
v 1.889177 -33.332962 184.411652
v 1.831414 -7.441635 200.749695
v 0.000305 -7.422655 200.490585
v 0.000305 -33.336258 184.212784
v 35.754368 -29.617926 153.713562
v 35.888874 -33.870155 151.119965
v 15.787117 -79.445694 165.286911
v 13.630056 -79.445694 169.884903
v 21.876232 -79.445694 165.323227
v 15.787117 -79.445694 165.286911
v 35.888874 -33.870155 151.119965
v 42.332825 -33.851181 152.077194
v 50.655746 38.539093 96.763542
v 42.313847 36.689827 96.750343
v 43.322235 38.371574 89.293053
v 51.557682 39.972458 90.419441
v 50.655746 38.539093 96.763542
v 47.520004 17.076586 96.269241
v 39.714481 18.462914 96.909592
v 42.313847 36.689827 96.750343
v 8.440403 43.034798 -175.595474
v 0.000305 46.290192 -169.551743
v 0.252815 50.082787 -147.769882
v 12.223098 46.827393 -148.745270
v 11.068650 43.245216 -148.745270
v 0.000305 46.255531 -147.843323
v 0.000305 42.314400 -170.312576
v 7.321438 39.469955 -175.595474
v 4.350735 4.313272 206.026825
v 4.776536 3.702628 202.002335
v 9.051872 5.533736 202.181412
v 9.707078 6.651876 202.079086
v 4.776536 3.702628 202.002335
v 0.000305 3.056500 201.304230
v 1.831414 -7.441635 200.749695
v 0.000305 -7.422655 200.490585
v -31.511429 67.768333 62.964367
v -37.095524 63.957588 64.272301
v -36.377605 64.220818 79.167900
v -31.079851 67.768333 93.121132
v -51.850842 56.241188 57.624531
v -44.504955 61.712227 57.069172
v -45.851673 63.340340 57.178097
v -53.489681 57.665474 57.716125
v -9.483665 66.295387 -72.280190
v -6.097063 69.003677 -72.280190
v -6.064055 69.188522 -70.422676
v -9.433328 66.454643 -70.422676
v 0.000305 71.912491 -72.280190
v 0.000305 72.100632 -70.422676
v -6.064055 69.188522 -70.422676
v -6.097063 69.003677 -72.280190
v -8.692303 64.720093 -90.869370
v 0.000305 66.691483 -90.869370
v 0.000305 64.326477 -115.559212
v -7.667409 62.490417 -115.559212
v -22.877409 37.190765 -171.734375
v -8.440618 43.034798 -175.595474
v -7.320827 39.469955 -175.595474
v -21.751019 33.623444 -171.734375
v -23.246271 57.908104 -70.364090
v -27.768343 62.721458 -37.033627
v -26.471960 59.055939 -37.033627
v -21.989500 54.275589 -70.364090
v -34.532467 53.271332 -70.454857
v -40.661194 49.593430 -76.417725
v -39.411850 45.951019 -76.417725
v -33.275696 49.628914 -70.454857
v -27.768343 62.721458 -37.033627
v -39.197296 57.969162 -38.313503
v -37.903393 54.291267 -38.313507
v -26.471960 59.055939 -37.033627
v -39.197296 57.969162 -38.313503
v -34.532467 53.271332 -70.454857
v -33.275696 49.628914 -70.454857
v -37.903393 54.291267 -38.313507
v -26.618845 -65.902588 115.698456
v -23.809881 -65.902588 115.698456
v -23.832161 -65.902588 124.817688
v -26.638649 -65.902588 124.817688
v -26.618845 -65.902588 115.698456
v -33.959782 -36.924187 68.187012
v -22.083572 -36.924187 68.187836
v -23.809881 -65.902588 115.698456
v -37.095524 63.957588 64.272301
v -46.476345 57.564796 66.466499
v -37.828297 57.568100 67.257858
v -32.679081 60.976158 66.064629
v -36.377605 64.220818 79.167900
v -37.095524 63.957588 64.272301
v -32.679081 60.976158 66.064629
v -31.966110 61.086731 78.853500
v -33.959782 -36.924187 68.187012
v -39.326855 -14.097639 73.965034
v -20.586668 -15.513674 73.592049
v -22.083572 -36.924187 68.187836
v -4.365803 -14.649714 188.528549
v -15.168435 -27.091181 177.912415
v -15.174212 -25.650391 176.960144
v -4.365803 -13.320324 187.471481
v -15.168435 -27.091181 177.912415
v -22.029108 -44.981415 157.255295
v -22.033236 -43.417671 156.444122
v -15.174212 -25.650391 176.960144
v -29.129915 67.408554 19.298334
v -29.811525 69.351891 19.260376
v -13.624495 71.001457 19.290907
v -12.942059 68.986328 19.328867
v -9.379690 67.388741 135.795288
v -11.577185 66.898567 135.780426
v -11.870955 67.487762 136.035416
v -9.673459 67.948219 136.050262
v -11.577185 66.898567 135.780426
v -11.687761 68.301399 134.022766
v -11.981531 68.898842 134.277740
v -11.870955 67.487762 136.035416
v -11.687761 68.301399 134.022766
v -21.616510 64.897469 134.022766
v -21.909456 65.587334 134.277740
v -11.981531 68.898842 134.277740
v -21.616510 64.897469 134.022766
v -19.410765 55.118080 154.056854
v -19.700407 55.745224 154.311844
v -21.909456 65.587334 134.277740
v -42.333038 -33.851181 152.077194
v -57.831032 -3.098615 96.054688
v -52.709869 -3.126671 95.036400
v -35.889088 -33.870155 151.119965
v -32.351479 -5.655909 182.105225
v -32.396862 3.630014 180.974716
v -38.581703 5.257303 160.874603
v -37.225082 -22.117729 167.233566
v -60.186138 0.421673 67.584625
v -57.053699 9.991464 62.053341
v -52.151215 9.960933 61.068886
v -55.139244 0.392792 66.562210
v -32.351479 -5.655909 182.105225
v -37.225082 -22.117729 167.233566
v -35.455036 -22.114428 166.928238
v -30.652399 -5.636930 181.750397
v -32.396862 3.630014 180.974716
v -32.351479 -5.655909 182.105225
v -30.652399 -5.636930 181.750397
v -30.726667 3.441870 180.629776
v -33.334286 4.251388 169.656342
v -38.581703 5.257303 160.874603
v -32.396862 3.630014 180.974716
v -30.726667 3.441870 180.629776
v -33.334286 4.251388 169.656342
v -30.726667 3.441870 180.629776
v -30.652399 -5.636930 181.750397
v -35.455036 -22.114428 166.928238
v -14.047820 -6.758374 205.230499
v -21.649519 -17.039480 188.761261
v -20.239260 -17.230925 188.522781
v -12.714304 -6.931664 204.980469
v -1.830803 -7.441635 200.749695
v -7.008079 -6.996854 202.918304
v -17.513639 -8.922858 190.743378
v -12.714304 -6.931664 204.980469
v -6.761345 -36.429062 -15.458085
v -8.193059 -36.429054 -31.964466
v -0.155657 -37.052902 -33.009987
v 0.000305 -36.967911 -16.361673
v -53.847816 16.375170 96.794891
v -47.519394 17.076586 96.269241
v -52.151215 9.960933 61.068886
v -57.053699 9.991464 62.053341
v -47.519394 17.076586 96.269241
v -52.709869 -3.126671 95.036400
v -55.139244 0.392792 66.562210
v -52.151215 9.960933 61.068886
v -52.709869 -3.126671 95.036400
v -57.831032 -3.098615 96.054688
v -60.186138 0.421673 67.584625
v -55.139244 0.392792 66.562210
v -35.889088 -33.870155 151.119965
v -52.709869 -3.126671 95.036400
v -52.714821 1.098329 97.586250
v -35.754581 -29.617926 153.713562
v 0.000305 -29.730150 148.311829
v 0.000305 -79.445694 167.835114
v -13.629446 -79.445694 169.884903
v -35.754581 -29.617926 153.713562
v -75.190666 -51.327126 -103.060822
v -74.357216 -54.884537 -102.149811
v -69.129608 -52.830627 -96.897438
v -69.982857 -49.256706 -97.846413
v -68.663368 -47.434662 -187.953613
v -68.676575 -56.383080 -187.833130
v -83.322144 -61.211311 -110.077461
v -83.322144 -51.492165 -110.077461
v -61.827454 -42.898575 -88.740387
v -61.843956 -52.824852 -88.350891
v -48.905720 -54.143517 -51.961430
v -48.890865 -42.045334 -52.723904
v -31.769714 -31.172535 -204.388199
v -27.158524 -29.117798 -200.466049
v -27.198132 -37.940788 -199.654877
v -31.811800 -39.884125 -203.670273
v -48.890865 -42.045334 -52.723904
v -48.905720 -54.143517 -51.961430
v -44.330837 -53.598068 -52.622410
v -44.315159 -41.498230 -53.478134
v -36.671375 -44.957436 -128.412476
v -27.198132 -37.940788 -199.654877
v -27.158524 -29.117798 -200.466049
v -36.639191 -34.553375 -129.246750
v -39.052063 -45.894035 -128.235062
v -39.019882 -35.484192 -129.024765
v -44.315159 -41.498230 -53.478134
v -44.330837 -53.598068 -52.622410
v -39.019882 -35.484192 -129.024765
v -39.052063 -45.894035 -128.235062
v -36.671375 -44.957436 -128.412476
v -36.639191 -34.553375 -129.246750
v 0.000305 -30.068455 -10.141351
v -33.102406 -41.414062 -13.953754
v -33.105705 -50.571259 -13.129385
v 0.000305 -39.377480 -8.790507
v -41.357658 -41.682251 -52.019188
v -46.024139 -43.211334 -54.637531
v -46.034866 -51.691864 -54.062374
v -41.370037 -50.218895 -51.351608
v -33.102406 -41.414062 -13.953754
v -41.357658 -41.682251 -52.019188
v -41.370037 -50.218895 -51.351608
v -33.105705 -50.571259 -13.129385
v -32.570152 -42.894463 -14.516537
v -10.412834 -34.832306 -18.256321
v -7.516399 -41.605507 -17.853626
v -29.672894 -49.667671 -14.230196
v -32.433170 -41.633575 36.360054
v -32.570152 -42.894463 -14.516537
v -29.672894 -49.667671 -14.230196
v -29.544163 -48.406776 36.646397
v -49.115318 -47.645119 45.393463
v -32.433170 -41.633575 36.360054
v -29.544163 -48.406776 36.646397
v -46.234562 -54.418327 45.592335
v -48.842178 -47.305969 59.338444
v -49.115318 -47.645119 45.393463
v -46.234562 -54.418327 45.592335
v -45.976276 -54.079178 59.537312
v -27.515833 -30.608105 -197.689255
v 0.000305 -19.270746 -178.845932
v 0.000305 -25.914396 -177.891174
v -27.543890 -36.854004 -197.118225
v -35.120834 -34.099503 -202.635483
v -35.194275 -34.668884 -201.485977
v -64.997032 -47.824150 -188.357132
v -65.278419 -47.421455 -189.287125
v -65.278419 -47.421455 -189.287125
v -64.997032 -47.824150 -188.357132
v -66.705185 -51.255318 -187.628479
v -67.192871 -51.269341 -188.472656
v -67.192871 -51.269341 -188.472656
v -66.705185 -51.255318 -187.628479
v -64.968971 -52.881775 -188.268829
v -64.993729 -53.329857 -189.286301
v -64.993729 -53.329857 -189.286301
v -64.968971 -52.881775 -188.268829
v -35.182724 -39.619232 -201.125366
v -34.877399 -39.882469 -202.315308
v -34.877399 -39.882469 -202.315308
v -35.182724 -39.619232 -201.125366
v -33.614025 -36.277191 -202.071869
v -33.123859 -36.136909 -203.379807
v -33.123859 -36.136909 -203.379807
v -33.614025 -36.277191 -202.071869
v -35.194275 -34.668884 -201.485977
v -35.120834 -34.099503 -202.635483
v -46.024139 -43.211334 -54.637531
v -39.555431 -37.229485 -128.837448
v -39.719646 -42.321762 -127.413162
v -46.034866 -51.691864 -54.062374
v -36.774525 -43.487762 -127.692902
v -39.719646 -42.321762 -127.413162
v -39.555431 -37.229485 -128.837448
v -36.613609 -36.065956 -129.329269
v -76.423508 -51.096069 -102.946945
v -75.190666 -51.327126 -103.060822
v -69.982857 -49.256706 -97.846413
v -70.326965 -48.669998 -96.851227
v -70.326965 -48.669998 -96.851227
v -69.982857 -49.256706 -97.846413
v -69.129608 -52.830627 -96.897438
v -69.238533 -53.220123 -95.645615
v -69.238533 -53.220123 -95.645615
v -69.129608 -52.830627 -96.897438
v -74.357216 -54.884537 -102.149811
v -75.364784 -55.622269 -101.797447
v -75.364784 -55.622269 -101.797447
v -74.357216 -54.884537 -102.149811
v -75.190666 -51.327126 -103.060822
v -76.423508 -51.096069 -102.946945
v -45.449802 34.172173 -21.177502
v -44.418308 36.103958 -23.309807
v -47.263580 35.981003 -23.524357
v -48.304977 34.358673 -22.487913
v -8.286306 80.397949 82.605675
v -8.301985 70.410606 96.345169
v 0.000305 70.384201 93.725998
v 0.000305 80.326157 79.836319
v -22.501945 77.062515 34.650269
v -8.166653 81.711670 35.082672
v 0.000305 81.629150 32.364479
v 0.000305 76.899956 27.397627
v -27.453117 -48.907669 10.237671
v -15.609089 -51.657227 56.788586
v -18.139963 -41.476791 47.392094
v -31.787868 -42.726959 9.034536
v -14.972864 -48.249985 1.951059
v -27.453117 -48.907669 10.237671
v -31.787868 -42.726959 9.034536
v -17.336224 -40.621056 0.250333
v -4.918684 -49.751007 -51.630524
v 0.000305 -49.747704 -52.063751
v 0.000305 -47.092224 -50.270599
v -14.773167 -47.107079 -48.851261
v -14.547888 6.281393 19.020233
v -13.475134 3.101090 19.158039
v -10.098435 3.101091 18.361727
v -10.139695 6.281393 17.952431
v -57.080929 -27.719139 72.371582
v -59.549915 -30.374617 73.000381
v -56.740124 -31.453148 78.707428
v -54.252987 -28.770437 78.147949
v -1.889392 -33.332962 184.411652
v 0.000305 -33.336258 184.212784
v 0.000305 -7.422655 200.490585
v -1.830803 -7.441635 200.749695
v -35.754581 -29.617926 153.713562
v -13.629446 -79.445694 169.884903
v -15.787332 -79.445694 165.286911
v -35.889088 -33.870155 151.119965
v -21.876448 -79.445694 165.323227
v -42.333038 -33.851181 152.077194
v -35.889088 -33.870155 151.119965
v -15.787332 -79.445694 165.286911
v -50.655960 38.539093 96.763542
v -51.557899 39.972458 90.419441
v -43.321625 38.371574 89.293053
v -42.313236 36.689827 96.750343
v -8.440618 43.034798 -175.595474
v -12.222487 46.827393 -148.745270
v -0.253030 50.082787 -147.769882
v 0.000305 46.290192 -169.551743
v -11.068040 43.245216 -148.745270
v -7.320827 39.469955 -175.595474
v 0.000305 42.314400 -170.312576
v 0.000305 46.255531 -147.843323
v -4.350124 4.313272 206.026825
v -9.706468 6.651876 202.079086
v -9.052088 5.533736 202.181412
v -4.775925 3.702628 202.002335
v -1.830803 -7.441635 200.749695
v 0.000305 3.056500 201.304230
v -4.775925 3.702628 202.002335
v 0.000305 -7.422655 200.490585
v 16.127922 -3.105231 188.208374
v 13.319782 -9.792614 188.108521
v 18.940187 -5.297774 181.763596
v 21.210300 1.977148 181.829620
v 15.457864 4.770433 188.287598
v 21.919968 10.117700 181.896454
v 44.504738 61.712227 57.069172
v 45.852283 63.340340 57.178097
v 37.413834 66.778931 56.640896
v 36.530876 64.884277 56.525368
v 31.351950 69.011909 56.103695
v 30.562239 67.042992 56.007145
v 14.066585 70.060730 56.037678
v 14.855472 72.151772 56.134228
v 29.640495 47.874550 -73.559242
v 31.319769 49.018272 -73.820831
v 36.494568 53.971092 -43.233318
v 34.808693 52.717621 -42.974209
v 42.241226 58.784447 -9.699031
v 40.561954 57.446808 -9.499333
v 47.276569 60.709625 19.907328
v 45.640209 59.299362 19.993147
v 51.085670 59.737541 42.836205
v 49.490570 58.286850 42.803196
v 53.489464 57.665474 57.716125
v 51.851452 56.241188 57.624531
v 31.319769 49.018272 -73.820831
v 29.640495 47.874550 -73.559242
v 27.921614 49.884727 -73.892624
v 29.043879 51.450119 -74.210327
v 26.448641 50.064621 -74.239204
v 26.550138 51.888298 -74.600639
v 24.992996 49.827789 -74.619621
v 24.763592 51.634140 -74.990135
v 24.763592 51.634140 -74.990135
v 24.992996 49.827789 -74.619621
v 26.128464 56.914558 -44.298645
v 26.527859 58.770424 -44.625423
v 27.650949 63.972450 -11.119191
v 28.323484 65.850594 -11.335393
v 29.130526 67.408554 19.298334
v 29.812136 69.351891 19.260376
v 13.624280 71.001457 19.290907
v 12.941843 68.986328 19.328867
v 13.754661 69.029243 41.760975
v 14.391711 71.131012 41.820389
v 14.066585 70.060730 56.037678
v 14.855472 72.151772 56.134228
v 29.831116 68.285736 18.454985
v 33.565125 43.885544 18.454981
v 17.269167 27.091198 -157.833984
v 15.297776 51.551636 -145.682144
v 15.151716 26.914606 -159.682419
v 13.203430 51.945251 -147.529755
v 10.647800 65.744980 -72.280190
v 9.483450 66.295387 -72.280190
v 6.096848 69.003677 -72.280190
v 6.887385 69.700966 -72.280190
v 0.000305 71.912491 -72.280190
v 0.000305 73.133774 -72.280190
v -6.887600 69.700966 -72.280190
v -6.097063 69.003677 -72.280190
v -10.648015 65.744980 -72.280190
v -9.483665 66.295387 -72.280190
v 8.692087 64.720093 -90.869370
v 9.483450 66.295387 -72.280190
v 10.647800 65.744980 -72.280190
v 9.773093 64.202690 -90.869370
v 7.667195 62.490417 -115.559212
v 8.639275 61.999428 -115.559212
v 9.483450 66.295387 -72.280190
v 8.692087 64.720093 -90.869370
v 8.692087 63.954315 -90.869370
v 9.483450 65.422325 -72.280190
v 9.433938 66.454643 -70.422676
v 9.433938 65.569214 -70.422676
v 9.483450 65.422325 -72.280190
v 8.692087 63.954315 -90.869370
v 0.000305 65.952110 -90.869370
v 0.000305 67.617348 -72.280190
v 9.433938 65.569214 -70.422676
v 0.000305 67.781563 -70.422676
v 9.773093 62.533325 -90.869370
v 8.639275 60.401848 -115.559212
v 8.639275 61.999428 -115.559212
v 9.773093 64.202690 -90.869370
v 10.647800 63.956779 -72.280190
v 10.647800 65.744980 -72.280190
v 5.297234 71.075737 -35.234699
v 5.297234 69.165405 -35.234699
v 4.025608 72.380371 -26.179829
v 4.025608 70.466743 -26.179831
v 1.689480 71.153305 -22.517614
v 1.689480 73.038872 -22.517612
v 0.000305 71.615410 -21.696543
v 0.000305 73.482834 -21.696543
v -1.689695 73.038872 -22.517612
v -1.689695 71.153305 -22.517614
v -4.024998 72.380371 -26.179829
v -4.024998 70.466743 -26.179831
v -5.296624 69.165405 -35.234699
v -5.296624 71.075737 -35.234699
v -10.648015 63.956779 -72.280190
v -10.648015 65.744980 -72.280190
v -9.773308 64.202690 -90.869370
v -9.773308 62.533325 -90.869370
v -8.639490 61.999428 -115.559212
v -8.639490 60.401848 -115.559212
v 8.639275 61.999428 -115.559212
v 8.639275 60.401848 -115.559212
v 7.667195 60.892845 -115.559212
v 7.667195 62.490417 -115.559212
v 0.000305 62.728905 -115.559212
v 0.000305 64.326477 -115.559212
v -7.667409 62.490417 -115.559212
v -7.667409 60.892845 -115.559212
v -8.639490 61.999428 -115.559212
v -8.639490 60.401848 -115.559212
v 27.682306 40.541878 -145.983337
v 40.661804 49.593430 -76.417725
v 39.412460 45.951019 -76.417725
v 26.522907 36.953926 -145.983337
v 22.877195 37.190765 -171.734375
v 21.751629 33.623444 -171.734375
v 21.989285 54.275589 -70.364090
v 23.246058 57.908104 -70.364090
v 22.440666 57.073830 -76.211426
v 21.191320 53.446266 -76.211426
v 12.223098 46.827393 -148.745270
v 11.068650 43.245216 -148.745270
v 1.467502 -30.407597 -93.266571
v 1.430369 -14.570447 -101.065491
v 1.626765 -19.963106 -58.762684
v 1.605310 -36.646080 -63.462997
v 1.471628 -34.456833 -92.480995
v 1.599534 -40.437851 -64.737099
v 1.465852 -39.949333 -93.555397
v 1.592107 -45.582947 -66.465057
v 36.714893 -9.120895 131.832687
v 42.940994 -3.555779 131.844238
v 32.887638 0.940707 152.035110
v 46.911007 -8.138085 113.171715
v 37.731537 -15.210009 113.763382
v 47.674313 -10.056662 98.037636
v 38.176315 -19.052116 99.514732
v 38.271214 -19.263365 85.006142
v 49.971657 0.878001 98.773712
v 49.186897 2.066280 113.179970
v 47.557137 -9.147295 85.087845
v 39.326637 -14.097639 73.965034
v 20.587278 -15.513674 73.592049
v 13.073050 -10.941265 63.493309
v 32.224182 -9.197628 63.492481
v 47.084301 -5.304358 75.628632
v 43.175350 -1.659469 66.657104
v 48.835365 6.244251 70.559456
v 50.243973 1.337637 87.064186
v 47.520004 17.076586 96.269241
v 47.866585 17.115370 93.121124
v 49.238060 17.296915 78.105049
v 50.361977 3.524406 78.594383
v 38.791088 17.929041 -76.265068
v 36.463211 20.124060 -76.609169
v 36.648056 20.209055 -75.626366
v 38.966026 18.000008 -75.283081
v 39.242470 15.984880 -75.949844
v 39.408333 16.034391 -74.967857
v 37.707603 14.389778 -75.680008
v 37.862743 14.417833 -74.698029
v 34.110580 13.166014 -75.459679
v 34.260765 13.174264 -74.476875
v 7.096159 -14.649714 188.528549
v 4.366414 -14.649714 188.528549
v 15.169045 -27.091181 177.912415
v 17.919422 -27.091181 177.912415
v 22.028894 -44.981415 157.255295
v 24.811453 -44.981415 157.255295
v 23.825344 -56.666176 140.154770
v 26.624407 -56.666176 140.154770
v 26.639259 -65.902588 124.817688
v 23.831945 -65.902588 124.817688
v 37.828907 57.568100 67.257858
v 32.679691 60.976158 66.064629
v 31.966721 61.086731 78.853500
v 37.721634 56.848526 80.777031
v 43.602798 45.879211 70.927498
v 42.951721 44.780045 86.328117
v 44.425522 33.502098 74.513794
v 43.322235 38.371574 89.293053
v 39.714481 18.462914 96.909592
v 41.484524 18.672516 78.549004
v 42.313847 36.689827 96.750343
v 46.476955 57.564796 66.466499
v 37.828907 57.568100 67.257858
v 43.602798 45.879211 70.927498
v 52.144398 45.734802 70.155113
v 44.425522 33.502098 74.513794
v 52.823532 33.336235 73.739761
v 41.484524 18.672516 78.549004
v 49.238060 17.296915 78.105049
v 49.238060 17.296915 78.105049
v 41.484524 18.672516 78.549004
v 39.714481 18.462914 96.909592
v 47.866585 17.115370 93.121124
v 47.520004 17.076586 96.269241
v 51.557682 39.972458 90.419441
v 43.322235 38.371574 89.293053
v 42.951721 44.780045 86.328117
v 51.102177 45.734795 87.745811
v 37.721634 56.848526 80.777031
v 45.701271 57.588722 82.245880
v 31.966721 61.086731 78.853500
v 36.378216 64.220818 79.167900
v 23.970579 -15.225697 168.916962
v 32.108654 0.613104 156.910370
v 18.940187 -5.297774 181.763596
v 28.111408 -24.360607 157.099335
v 32.887638 0.940707 152.035110
v 35.102463 -31.979628 108.218887
v 36.122406 -28.762188 100.927467
v 38.176315 -19.052116 99.514732
v 37.731537 -15.210009 113.763382
v 31.799206 -40.146591 126.724716
v 36.714893 -9.120895 131.832687
v 28.563616 -46.209297 140.462570
v 32.887638 0.940707 152.035110
v 28.111408 -24.360607 157.099335
v 26.462669 -34.662346 157.176895
v 24.811453 -44.981415 157.255295
v 18.280857 -19.398712 179.271515
v 9.085706 -13.096696 188.394043
v 7.096159 -14.649714 188.528549
v 17.919422 -27.091181 177.912415
v 20.174681 -22.659058 174.552216
v 26.462669 -34.662346 157.176895
v 24.811453 -44.981415 157.255295
v 26.624407 -56.666176 140.154770
v 28.563616 -46.209297 140.462570
v 31.799206 -40.146591 126.724716
v 26.639259 -65.902588 124.817688
v 26.618629 -65.902588 115.698456
v 35.102463 -31.979628 108.218887
v 36.122406 -28.762188 100.927467
v 33.960392 -36.924187 68.187012
v 38.271214 -19.263365 85.006142
v 39.326637 -14.097639 73.965034
v 38.176315 -19.052116 99.514732
v 49.238060 17.296915 78.105049
v 48.835365 6.244251 70.559456
v 46.179886 10.803455 69.621208
v 39.758217 4.081415 65.990349
v 43.175350 -1.659469 66.657104
v 31.522766 -1.011690 63.575829
v 32.224182 -9.197628 63.492481
v 13.073050 -10.941265 63.493309
v 11.935930 -3.200108 63.575829
v 20.241522 -10.116892 44.555077
v 21.721096 -25.878122 43.562359
v 20.513010 -25.558773 41.362389
v 19.111004 -10.116892 42.355103
v 20.241522 1.071106 44.555077
v 21.221027 -8.291559 41.063671
v 22.782297 -27.059803 39.820927
v 13.948582 -25.307085 27.188009
v 12.985579 -7.945801 27.188013
v 21.369562 1.070281 41.929306
v 13.100281 1.070284 26.249767
v 22.028894 -44.981415 157.255295
v 22.033846 -43.417671 156.444122
v 23.826994 -55.033112 139.443451
v 23.825344 -56.666176 140.154770
v 23.831945 -64.104485 124.469452
v 23.831945 -65.902588 124.817688
v 23.812965 -64.055801 116.484863
v 23.810492 -65.902588 115.698456
v 40.656853 13.530743 -28.453251
v 44.386734 15.741441 -28.973125
v 46.426620 18.354834 -29.574692
v 42.780079 18.360611 -29.557364
v 46.423317 21.240541 -30.228247
v 44.570755 24.078388 -30.861170
v 36.463211 20.124060 -76.609169
v 38.791088 17.929041 -76.265068
v 39.242470 15.984880 -75.949844
v 35.779125 15.989007 -75.930038
v 37.707603 14.389778 -75.680008
v 34.110580 13.166014 -75.459679
v 38.966026 18.000008 -75.283081
v 36.648056 20.209055 -75.626366
v 44.337223 23.961210 -32.222740
v 46.209591 21.142344 -31.589819
v 39.408333 16.034391 -74.967857
v 46.231873 18.285517 -30.937090
v 37.862743 14.417833 -74.698029
v 44.210968 15.701831 -30.334698
v 34.260765 13.174264 -74.476875
v 40.486038 13.520015 -29.815649
v 46.209591 21.142344 -31.589819
v 44.337223 23.961210 -32.222740
v 44.570755 24.078388 -30.861170
v 46.423317 21.240541 -30.228247
v 46.231873 18.285517 -30.937090
v 46.426620 18.354834 -29.574692
v 44.210968 15.701831 -30.334698
v 44.386734 15.741441 -28.973125
v 40.486038 13.520015 -29.815649
v 40.656853 13.530743 -28.453251
v 37.903175 54.291267 -38.313507
v 26.472570 59.055939 -37.033627
v 21.989285 54.275589 -70.364090
v 33.275482 49.628914 -70.454857
v 21.191320 53.446266 -76.211426
v 39.412460 45.951019 -76.417725
v 26.522907 36.953926 -145.983337
v 11.068650 43.245216 -148.745270
v 21.751629 33.623444 -171.734375
v 7.321438 39.469955 -175.595474
v 30.562239 67.042992 56.007145
v 14.066585 70.060730 56.037678
v 13.754661 69.029243 41.760975
v 30.152117 67.163475 41.730442
v 12.941843 68.986328 19.328867
v 29.130526 67.408554 19.298334
v 11.870740 67.487762 136.035416
v 9.673244 67.948219 136.050262
v 8.301770 56.782501 154.311844
v 19.700193 55.745224 154.311844
v 11.982141 68.898842 134.277740
v 21.910067 65.587334 134.277740
v 9.051872 5.533736 202.181412
v 11.664441 1.047149 203.514099
v 9.707078 6.651876 202.079086
v 12.714089 -6.931664 204.980469
v 14.048430 -6.758374 205.230499
v 14.548498 6.281393 19.020233
v 13.474919 3.101090 19.158039
v 18.974022 0.515753 22.119665
v 21.093122 3.195162 22.585901
v 24.030817 -3.903168 23.165188
v 26.670618 -1.548061 23.687536
v 26.317434 -9.065589 19.124205
v 29.433371 -7.709794 18.837862
v 26.932205 -16.098726 -2.982779
v 31.113470 -14.971509 -3.624780
v 24.471472 -22.069836 -9.100778
v 28.916800 -21.785969 -10.940964
v 18.650545 -27.943577 -12.697805
v 20.956964 -30.327566 -15.283968
v 7.328040 -33.055664 -13.454510
v 6.761956 -36.429062 -15.458085
v 0.000305 -33.504570 -14.503333
v 0.000305 -36.967911 -16.361673
v -6.761345 -36.429062 -15.458085
v -7.328254 -33.055664 -13.454510
v -20.957180 -30.327566 -15.283968
v -18.649935 -27.943577 -12.697805
v -28.917013 -21.785969 -10.940964
v -24.471687 -22.069836 -9.100778
v -31.113684 -14.971509 -3.624780
v -26.932419 -16.098726 -2.982779
v -29.432760 -7.709794 18.837862
v -26.317650 -9.065589 19.124205
v -26.670832 -1.548061 23.687536
v -24.030207 -3.903168 23.165188
v -21.093338 3.195162 22.585901
v -18.973412 0.515753 22.119665
v -14.547888 6.281393 19.020233
v -13.475134 3.101090 19.158039
v 13.474919 3.101090 19.158039
v 17.409451 -1.424275 -15.691608
v 21.893562 -3.331302 -14.548714
v 18.974022 0.515753 22.119665
v 25.866053 -6.589998 -13.414896
v 24.030817 -3.903168 23.165188
v 27.165735 -10.397449 -12.808377
v 26.317434 -9.065589 19.124205
v 25.393215 -15.583801 -12.673872
v 26.932205 -16.098726 -2.982779
v 22.995197 -19.987043 -12.692028
v 24.471472 -22.069836 -9.100778
v 16.797155 -26.495359 -13.104626
v 18.650545 -27.943577 -12.697805
v 7.198484 -31.166790 -14.073406
v 7.328040 -33.055664 -13.454510
v 0.000305 -33.504570 -14.503333
v 0.000305 -31.465509 -15.147810
v -7.198699 -31.166790 -14.073406
v -7.328254 -33.055664 -13.454510
v -18.649935 -27.943577 -12.697805
v -16.797371 -26.495359 -13.104626
v -24.471687 -22.069836 -9.100778
v -22.994587 -19.987043 -12.692028
v -26.932419 -16.098726 -2.982779
v -25.392605 -15.583801 -12.673872
v -26.317650 -9.065589 19.124205
v -27.165949 -10.397449 -12.808377
v -24.030207 -3.903168 23.165188
v -25.866266 -6.589998 -13.414896
v -18.973412 0.515753 22.119665
v -21.893776 -3.331302 -14.548714
v -13.475134 3.101090 19.158039
v -17.409666 -1.424275 -15.691608
v 17.409451 -1.424275 -15.691608
v 11.593474 -1.424284 37.941959
v 15.602273 -3.331310 39.084854
v 21.893562 -3.331302 -14.548714
v 19.147312 -6.590007 40.218674
v 25.866053 -6.589998 -13.414896
v 20.300936 -10.397458 40.826015
v 27.165735 -10.397449 -12.808377
v 18.707483 -15.583811 40.959698
v 25.393215 -15.583801 -12.673872
v 16.557024 -19.987053 40.942368
v 22.995197 -19.987043 -12.692028
v 10.344129 -25.929285 40.365555
v 16.797155 -26.495359 -13.104626
v 3.536267 -31.116463 39.750782
v 7.198484 -31.166790 -14.073406
v 0.000305 -31.274899 39.160770
v 0.000305 -31.465509 -15.147810
v -7.198699 -31.166790 -14.073406
v -3.536482 -31.116463 39.750782
v -16.797371 -26.495359 -13.104626
v -10.344343 -25.929285 40.365555
v -22.994587 -19.987043 -12.692028
v -16.556414 -19.987053 40.942368
v -25.392605 -15.583801 -12.673872
v -18.707697 -15.583811 40.959698
v -27.165949 -10.397449 -12.808377
v -20.300325 -10.397458 40.826015
v -25.866266 -6.589998 -13.414896
v -19.146702 -6.590007 40.218674
v -21.893776 -3.331302 -14.548714
v -15.602488 -3.331310 39.084854
v -17.409666 -1.424275 -15.691608
v -11.592864 -1.424284 37.941959
v 32.263790 -49.996117 126.252701
v 29.177561 -50.845245 125.872284
v 30.043190 -51.134064 118.175690
v 33.155827 -50.285767 118.537125
v 33.676525 -47.564270 126.189163
v 34.576813 -47.853088 118.493393
v 32.667313 -45.006165 125.749336
v 33.561825 -45.296631 118.040359
v 29.742819 -43.846764 125.130440
v 30.611750 -44.136406 117.440445
v 33.613811 -36.277191 -202.071869
v 35.194061 -34.668884 -201.485977
v 64.996811 -47.824150 -188.357132
v 66.705795 -51.255318 -187.628479
v 35.182507 -39.619232 -201.125366
v 64.969582 -52.881775 -188.268829
v 10.246756 -32.657104 67.408852
v 7.394055 -39.430305 67.812378
v 29.239450 -47.736725 63.702896
v 32.099579 -40.963524 63.415733
v 45.976063 -54.079178 59.537312
v 48.841965 -47.305969 59.338444
v 12.486336 -27.464109 -185.596024
v 12.420320 -27.464109 -188.872879
v 21.357185 -23.152464 -187.829834
v 21.471062 -23.152464 -184.552979
v 24.620007 -17.263046 -187.833130
v 24.751213 -17.263046 -184.556274
v 21.313450 -11.373627 -189.056885
v 21.428152 -11.373628 -185.780045
v 12.369158 -7.061981 -191.345978
v 12.436824 -7.061981 -188.069138
v 0.000305 -5.483382 -194.143402
v 0.000305 -5.483382 -190.867371
v -12.436213 -7.061981 -188.069138
v -12.368547 -7.061981 -191.345978
v -21.428368 -11.373628 -185.780045
v -21.313665 -11.373627 -189.056885
v -24.751429 -17.263046 -184.556274
v -24.620222 -17.263046 -187.833130
v -21.470451 -23.152464 -184.552979
v -21.356575 -23.152464 -187.829834
v -12.486550 -27.464109 -185.596024
v -12.419709 -27.464109 -188.872879
v 64.659309 7.422640 6.705843
v 60.187576 6.122957 6.218978
v 64.309425 3.963423 -3.536481
v 69.022118 5.137676 -3.624777
v 69.126091 0.207961 -13.020452
v 74.117699 1.164362 -13.019627
v 73.628357 -6.979490 -17.312294
v 78.877426 -6.439812 -17.620092
v 73.352745 -16.007950 -20.275572
v 78.582001 -15.993097 -20.839180
v 66.796562 -24.127048 -22.705774
v 71.642113 -24.583382 -23.479807
v 55.606091 -30.154272 -24.418880
v 59.801384 -30.960487 -25.328245
v 45.269695 -34.333061 -25.582405
v 48.865070 -35.381882 -26.570164
v 26.454416 -37.068581 -27.823635
v 28.959709 -38.275848 -28.919495
v 60.187576 6.122957 6.218978
v 64.659309 7.422640 6.705843
v 58.764938 10.783661 5.879824
v 54.615856 9.299135 5.429266
v 57.334877 13.543939 5.662797
v 53.280689 11.935634 5.211415
v 52.026394 16.414793 5.010068
v 48.252777 14.677757 4.610673
v 41.127213 17.047720 3.358028
v 36.709118 16.040155 2.719326
v 36.709118 16.040155 2.719326
v 35.184158 9.872651 -32.684029
v 45.183048 8.323760 -30.503036
v 48.252777 14.677757 4.610673
v 48.341896 6.870591 -29.762838
v 53.280689 11.935634 5.211415
v 49.401447 5.472709 -29.460817
v 54.615856 9.299135 5.429266
v 53.038082 3.399819 -28.616644
v 60.187576 6.122957 6.218978
v 55.723270 1.989560 -28.015902
v 64.309425 3.963423 -3.536481
v 58.893669 -0.461270 -27.285603
v 69.126091 0.207961 -13.020452
v 61.859421 -5.152506 -26.525599
v 73.628357 -6.979490 -17.312294
v 61.702633 -11.045226 -26.305273
v 73.352745 -16.007950 -20.275572
v 58.118813 -18.735222 -26.552832
v 66.796562 -24.127048 -22.705774
v 53.392918 -25.054565 -26.953054
v 55.606091 -30.154272 -24.418880
v 43.175350 -29.893511 -28.124006
v 45.269695 -34.333061 -25.582405
v 0.000305 -24.792152 -34.967350
v 26.454416 -37.068581 -27.823635
v -45.269909 -34.333061 -25.582405
v -26.453806 -37.068581 -27.823635
v -43.175564 -29.893511 -28.124006
v -55.606304 -30.154272 -24.418880
v -53.393131 -25.054565 -26.953054
v -66.795952 -24.127048 -22.705774
v -58.118202 -18.735222 -26.552832
v -73.352959 -16.007950 -20.275572
v -61.702850 -11.045226 -26.305273
v -73.627747 -6.979490 -17.312294
v -61.858810 -5.152506 -26.525599
v -69.126305 0.207961 -13.020452
v -58.893883 -0.461270 -27.285603
v -64.309639 3.963423 -3.536481
v -55.723484 1.989560 -28.015902
v -60.186966 6.122957 6.218978
v -53.037472 3.399819 -28.616644
v -54.616070 9.299135 5.429266
v -49.401661 5.472709 -29.460817
v -53.280079 11.935634 5.211415
v -48.342113 6.870591 -29.762838
v -48.252167 14.677757 4.610673
v -45.182438 8.323760 -30.503036
v -36.708508 16.040155 2.719326
v -35.184372 9.872651 -32.684029
v 61.702633 -11.045226 -26.305273
v 61.859421 -5.152506 -26.525599
v 58.893669 -0.461270 -27.285603
v 58.118813 -18.735222 -26.552832
v 55.723270 1.989560 -28.015902
v 53.038082 3.399819 -28.616644
v 53.392918 -25.054565 -26.953054
v 0.000305 -24.792152 -34.967350
v 43.175350 -29.893511 -28.124006
v 49.401447 5.472709 -29.460817
v 48.341896 6.870591 -29.762838
v 45.183048 8.323760 -30.503036
v 35.184158 9.872651 -32.684029
v 0.000305 17.616285 -41.214897
v 57.861351 9.391560 -15.305416
v 55.480663 9.851193 -17.757896
v 55.457558 12.108928 -17.879200
v 48.157055 10.600472 -23.640713
v 47.987888 13.033148 -23.814003
v 38.092148 10.877739 -34.856766
v 42.868378 35.823395 -28.689255
v 44.418919 36.103958 -23.309807
v 47.263367 35.981003 -23.524357
v 46.779800 35.494141 -27.522429
v 48.304764 34.358673 -22.487913
v 48.173557 33.304070 -26.887028
v 47.229534 31.713921 -24.319021
v 46.797958 30.531416 -26.976974
v 45.175621 31.028181 -23.501251
v 45.450413 34.172173 -21.177502
v 44.026951 28.793554 -27.556261
v 44.026951 28.793554 -27.556261
v 40.911015 28.552601 -55.258068
v 42.371609 29.133537 -54.987404
v 46.797958 30.531416 -26.976974
v 42.851048 30.283859 -54.991531
v 48.173557 33.304070 -26.887028
v 42.067112 31.327732 -55.272923
v 46.779800 35.494141 -27.522429
v 40.480263 31.655336 -55.669014
v 42.868378 35.823395 -28.689255
v 11.849285 72.948921 8.239067
v 4.587566 73.522438 -0.885117
v 11.872390 75.554062 8.842285
v 19.218279 72.354774 19.844614
v 19.214977 76.730789 20.882711
v 22.507507 71.216011 33.058464
v 22.501732 77.062515 34.650269
v 22.870594 66.310211 81.808525
v 22.848312 73.873955 84.827095
v 22.876369 67.028954 100.216164
v 22.889572 63.820602 99.514748
v 14.973475 -48.249985 1.951059
v 14.772952 -47.107079 -48.851261
v 17.095051 -39.145599 -50.325062
v 17.336008 -40.621056 0.250333
v 14.290213 -35.155769 -112.553871
v 14.772952 -47.107079 -48.851261
v 12.355954 -42.296181 -111.392822
v 6.489641 -29.725147 -167.178482
v 5.607507 -35.056732 -166.847595
v 4.117205 -44.781670 -111.760033
v 4.919294 -49.751007 -51.630524
v 1.868547 -36.922501 -167.186752
v 2.469290 -25.432482 -176.317520
v 6.485515 -25.784840 -167.575409
v 6.489641 -29.725147 -167.178482
v 2.471765 -28.787725 -175.578979
v 5.607507 -35.056732 -166.847595
v 2.137561 -32.693375 -174.767807
v 1.868547 -36.922501 -167.186752
v 0.712449 -33.790886 -174.727371
v 0.000305 -36.916725 -167.435135
v 0.000305 -33.788406 -174.828873
v -0.712664 -33.790886 -174.727371
v -1.867937 -36.922501 -167.186752
v -2.136951 -32.693375 -174.767807
v -5.607722 -35.056732 -166.847595
v -2.471155 -28.787725 -175.578979
v -6.489031 -29.725147 -167.178482
v -2.468679 -25.432482 -176.317520
v -6.485730 -25.784840 -167.575409
v 6.489641 -29.725147 -167.178482
v 6.485515 -25.784840 -167.575409
v 14.277009 -29.867092 -113.578751
v 14.290213 -35.155769 -112.553871
v 17.085974 -33.244629 -51.578533
v 17.095051 -39.145599 -50.325062
v 0.000305 -25.418453 -176.732605
v 2.469290 -25.432482 -176.317520
v 2.471765 -28.787725 -175.578979
v 0.000305 -28.776173 -175.970123
v 2.137561 -32.693375 -174.767807
v 0.000305 -32.685120 -175.080566
v 0.712449 -33.790886 -174.727371
v 0.000305 -33.788406 -174.828873
v 43.276024 -45.636604 72.622437
v 59.549698 -30.374617 73.000381
v 56.739910 -31.453148 78.707428
v 43.004532 -46.202690 84.034065
v 21.773083 -55.018250 71.365662
v 21.027931 -63.100212 99.563408
v 0.000305 -61.280655 70.244217
v 0.000305 -69.237198 97.577164
v 10.887107 -74.515152 129.568344
v 0.000305 -81.711678 130.658417
v -10.886497 -74.515152 129.568344
v -21.028147 -63.100212 99.563408
v -21.772472 -55.018250 71.365662
v -43.003922 -46.202690 84.034065
v -43.276237 -45.636604 72.622437
v -56.740124 -31.453148 78.707428
v -59.549915 -30.374617 73.000381
v 54.253597 -28.770437 78.147949
v 57.080715 -27.719139 72.371582
v 41.086781 -42.712936 72.275856
v 40.904411 -43.153595 83.806313
v 20.197786 -51.829697 71.330177
v 19.627575 -59.656677 99.614571
v 0.000305 -57.672897 70.327568
v 0.000305 -65.425621 97.729828
v 9.524710 -70.849632 129.598862
v 0.000305 -77.210236 130.558578
v -9.524924 -70.849632 129.598862
v -19.627790 -59.656677 99.614571
v -20.197176 -51.829697 71.330177
v -40.904625 -43.153595 83.806313
v -41.086994 -42.712936 72.275856
v -54.252987 -28.770437 78.147949
v -57.080929 -27.719139 72.371582
v 43.004532 -46.202690 84.034065
v 56.739910 -31.453148 78.707428
v 54.253597 -28.770437 78.147949
v 40.904411 -43.153595 83.806313
v 21.027931 -63.100212 99.563408
v 19.627575 -59.656677 99.614571
v 9.524710 -70.849632 129.598862
v 10.887107 -74.515152 129.568344
v 41.086781 -42.712936 72.275856
v 57.080715 -27.719139 72.371582
v 59.549698 -30.374617 73.000381
v 43.276024 -45.636604 72.622437
v 20.197786 -51.829697 71.330177
v 21.773083 -55.018250 71.365662
v 0.000305 -61.280655 70.244217
v 0.000305 -57.672897 70.327568
v -20.197176 -51.829697 71.330177
v -21.772472 -55.018250 71.365662
v -43.276237 -45.636604 72.622437
v -41.086994 -42.712936 72.275856
v -59.549915 -30.374617 73.000381
v -57.080929 -27.719139 72.371582
v 15.787117 -79.445694 165.286911
v 21.876232 -79.445694 165.323227
v 16.580956 -79.445694 172.192978
v 13.630056 -79.445694 169.884903
v 6.737200 -79.445702 180.817078
v 1.894954 -79.445702 182.759598
v 0.000305 -79.445694 167.835114
v 0.000305 -79.445702 182.673767
v -1.895168 -79.445702 182.759598
v -13.629446 -79.445694 169.884903
v -6.736589 -79.445702 180.817078
v -16.580345 -79.445694 172.192978
v -15.787332 -79.445694 165.286911
v -21.876448 -79.445694 165.323227
v 22.877195 37.190765 -171.734375
v 8.440403 43.034798 -175.595474
v 12.223098 46.827393 -148.745270
v 27.682306 40.541878 -145.983337
v 22.440666 57.073830 -76.211426
v 40.661804 49.593430 -76.417725
v 34.532253 53.271332 -70.454857
v 23.246058 57.908104 -70.364090
v 27.768127 62.721458 -37.033627
v 39.197906 57.969162 -38.313503
v -18.940403 -5.297774 181.763596
v -13.319998 -9.792614 188.108521
v -16.128138 -3.105231 188.208374
v -21.209690 1.977148 181.829620
v -15.457253 4.770433 188.287598
v -21.919357 10.117700 181.896454
v -37.414051 66.778931 56.640896
v -45.851673 63.340340 57.178097
v -44.504955 61.712227 57.069172
v -36.531090 64.884277 56.525368
v -31.352165 69.011909 56.103695
v -30.562454 67.042992 56.007145
v -14.066799 70.060730 56.037678
v -14.855686 72.151772 56.134228
v -36.493958 53.971092 -43.233318
v -31.319983 49.018272 -73.820831
v -29.640711 47.874550 -73.559242
v -34.808910 52.717621 -42.974209
v -42.240616 58.784447 -9.699031
v -40.561344 57.446808 -9.499333
v -47.276783 60.709625 19.907328
v -45.640423 59.299362 19.993147
v -51.085888 59.737541 42.836205
v -49.489960 58.286850 42.803196
v -53.489681 57.665474 57.716125
v -51.850842 56.241188 57.624531
v -27.921829 49.884727 -73.892624
v -29.640711 47.874550 -73.559242
v -31.319983 49.018272 -73.820831
v -29.043268 51.450119 -74.210327
v -26.448854 50.064621 -74.239204
v -26.549528 51.888298 -74.600639
v -24.993210 49.827789 -74.619621
v -24.763805 51.634140 -74.990135
v -26.127853 56.914558 -44.298645
v -24.993210 49.827789 -74.619621
v -24.763805 51.634140 -74.990135
v -26.528074 58.770424 -44.625423
v -27.650339 63.972450 -11.119191
v -28.322874 65.850594 -11.335393
v -29.129915 67.408554 19.298334
v -29.811525 69.351891 19.260376
v -13.754050 69.029243 41.760975
v -12.942059 68.986328 19.328867
v -13.624495 71.001457 19.290907
v -14.391926 71.131012 41.820389
v -14.066799 70.060730 56.037678
v -14.855686 72.151772 56.134228
v -17.269382 27.091198 -157.833984
v -33.564514 43.885544 18.454981
v -29.831331 68.285736 18.454985
v -15.297166 51.551636 -145.682144
v -15.151931 26.914606 -159.682419
v -13.202820 51.945251 -147.529755
v -10.648015 65.744980 -72.280190
v -9.483665 66.295387 -72.280190
v -8.692303 64.720093 -90.869370
v -9.773308 64.202690 -90.869370
v -7.667409 62.490417 -115.559212
v -8.639490 61.999428 -115.559212
v -8.692303 63.954315 -90.869370
v -8.692303 64.720093 -90.869370
v -9.483665 66.295387 -72.280190
v -9.483665 65.422325 -72.280190
v -9.433328 66.454643 -70.422676
v -9.433328 65.569214 -70.422676
v 0.000305 65.952110 -90.869370
v -8.692303 63.954315 -90.869370
v -9.483665 65.422325 -72.280190
v 0.000305 67.617348 -72.280190
v -9.433328 65.569214 -70.422676
v 0.000305 67.781563 -70.422676
v -39.411850 45.951019 -76.417725
v -40.661194 49.593430 -76.417725
v -27.681696 40.541878 -145.983337
v -26.522297 36.953926 -145.983337
v -22.877409 37.190765 -171.734375
v -21.751019 33.623444 -171.734375
v -22.440882 57.073830 -76.211426
v -23.246271 57.908104 -70.364090
v -21.989500 54.275589 -70.364090
v -21.190710 53.446266 -76.211426
v -12.222487 46.827393 -148.745270
v -11.068040 43.245216 -148.745270
v -1.626155 -19.963106 -58.762684
v -1.429758 -14.570447 -101.065491
v -1.466892 -30.407597 -93.266571
v -1.605525 -36.646080 -63.462997
v -1.471018 -34.456833 -92.480995
v -1.599748 -40.437851 -64.737099
v -1.466067 -39.949333 -93.555397
v -1.591497 -45.582947 -66.465057
v -42.941208 -3.555779 131.844238
v -36.715111 -9.120895 131.832687
v -32.887856 0.940707 152.035110
v -46.910397 -8.138085 113.171715
v -37.731750 -15.210009 113.763382
v -47.673702 -10.056662 98.037636
v -38.176529 -19.052116 99.514732
v -38.271427 -19.263365 85.006142
v -49.187111 2.066280 113.179970
v -49.971046 0.878001 98.773712
v -47.556526 -9.147295 85.087845
v -39.326855 -14.097639 73.965034
v -13.072439 -10.941265 63.493309
v -20.586668 -15.513674 73.592049
v -32.224396 -9.197628 63.492481
v -50.244186 1.337637 87.064186
v -47.519394 17.076586 96.269241
v -47.866798 17.115370 93.121124
v -49.238274 17.296915 78.105049
v -47.083691 -5.304358 75.628632
v -43.175564 -1.659469 66.657104
v -48.835579 6.244251 70.559456
v -50.361366 3.524406 78.594383
v -36.647446 20.209055 -75.626366
v -36.462601 20.124060 -76.609169
v -38.791302 17.929041 -76.265068
v -38.966244 18.000008 -75.283081
v -39.241859 15.984880 -75.949844
v -39.408546 16.034391 -74.967857
v -37.707821 14.389778 -75.680008
v -37.862957 14.417833 -74.698029
v -34.109970 13.166014 -75.459679
v -34.260979 13.174264 -74.476875
v -15.168435 -27.091181 177.912415
v -4.365803 -14.649714 188.528549
v -7.095549 -14.649714 188.528549
v -17.918812 -27.091181 177.912415
v -22.029108 -44.981415 157.255295
v -24.810843 -44.981415 157.255295
v -23.824734 -56.666176 140.154770
v -26.623796 -56.666176 140.154770
v -26.638649 -65.902588 124.817688
v -23.832161 -65.902588 124.817688
v -31.966110 61.086731 78.853500
v -32.679081 60.976158 66.064629
v -37.828297 57.568100 67.257858
v -37.721024 56.848526 80.777031
v -43.603016 45.879211 70.927498
v -42.951111 44.780045 86.328117
v -44.424911 33.502098 74.513794
v -43.321625 38.371574 89.293053
v -39.714695 18.462914 96.909592
v -41.483913 18.672516 78.549004
v -42.313236 36.689827 96.750343
v -43.603016 45.879211 70.927498
v -37.828297 57.568100 67.257858
v -46.476345 57.564796 66.466499
v -52.143787 45.734802 70.155113
v -44.424911 33.502098 74.513794
v -52.823746 33.336235 73.739761
v -41.483913 18.672516 78.549004
v -49.238274 17.296915 78.105049
v -39.714695 18.462914 96.909592
v -41.483913 18.672516 78.549004
v -49.238274 17.296915 78.105049
v -47.866798 17.115370 93.121124
v -47.519394 17.076586 96.269241
v -42.951111 44.780045 86.328117
v -43.321625 38.371574 89.293053
v -51.557899 39.972458 90.419441
v -51.102390 45.734795 87.745811
v -37.721024 56.848526 80.777031
v -45.701488 57.588722 82.245880
v -31.966110 61.086731 78.853500
v -36.377605 64.220818 79.167900
v -32.108044 0.613104 156.910370
v -23.970793 -15.225697 168.916962
v -18.940403 -5.297774 181.763596
v -28.110798 -24.360607 157.099335
v -32.887856 0.940707 152.035110
v -38.176529 -19.052116 99.514732
v -36.122620 -28.762188 100.927467
v -35.102676 -31.979628 108.218887
v -37.731750 -15.210009 113.763382
v -31.798595 -40.146591 126.724716
v -36.715111 -9.120895 131.832687
v -28.563831 -46.209297 140.462570
v -32.887856 0.940707 152.035110
v -28.110798 -24.360607 157.099335
v -26.462059 -34.662346 157.176895
v -24.810843 -44.981415 157.255295
v -7.095549 -14.649714 188.528549
v -9.085095 -13.096696 188.394043
v -18.280247 -19.398712 179.271515
v -17.918812 -27.091181 177.912415
v -20.174070 -22.659058 174.552216
v -26.462059 -34.662346 157.176895
v -24.810843 -44.981415 157.255295
v -26.623796 -56.666176 140.154770
v -28.563831 -46.209297 140.462570
v -31.798595 -40.146591 126.724716
v -26.638649 -65.902588 124.817688
v -26.618845 -65.902588 115.698456
v -35.102676 -31.979628 108.218887
v -36.122620 -28.762188 100.927467
v -33.959782 -36.924187 68.187012
v -38.271427 -19.263365 85.006142
v -39.326855 -14.097639 73.965034
v -38.176529 -19.052116 99.514732
v -48.835579 6.244251 70.559456
v -49.238274 17.296915 78.105049
v -46.180099 10.803455 69.621208
v -39.758430 4.081415 65.990349
v -43.175564 -1.659469 66.657104
v -31.522156 -1.011690 63.575829
v -32.224396 -9.197628 63.492481
v -13.072439 -10.941265 63.493309
v -11.936145 -3.200108 63.575829
v -20.513226 -25.558773 41.362389
v -21.721312 -25.878122 43.562359
v -20.241735 -10.116892 44.555077
v -19.111217 -10.116892 42.355103
v -20.241735 1.071106 44.555077
v -13.948796 -25.307085 27.188009
v -22.782513 -27.059803 39.820927
v -21.220417 -8.291559 41.063671
v -12.984968 -7.945801 27.188013
v -21.369778 1.070281 41.929306
v -13.100495 1.070284 26.249767
v -23.826384 -55.033112 139.443451
v -22.033236 -43.417671 156.444122
v -22.029108 -44.981415 157.255295
v -23.824734 -56.666176 140.154770
v -23.831335 -64.104485 124.469452
v -23.832161 -65.902588 124.817688
v -23.812355 -64.055801 116.484863
v -23.809881 -65.902588 115.698456
v -46.426834 18.354834 -29.574692
v -44.386951 15.741441 -28.973125
v -40.657066 13.530743 -28.453251
v -42.780296 18.360611 -29.557364
v -46.423534 21.240541 -30.228247
v -44.570969 24.078388 -30.861170
v -39.241859 15.984880 -75.949844
v -38.791302 17.929041 -76.265068
v -36.462601 20.124060 -76.609169
v -35.778515 15.989007 -75.930038
v -37.707821 14.389778 -75.680008
v -34.109970 13.166014 -75.459679
v -44.336613 23.961210 -32.222740
v -36.647446 20.209055 -75.626366
v -38.966244 18.000008 -75.283081
v -46.208981 21.142344 -31.589819
v -39.408546 16.034391 -74.967857
v -46.231262 18.285517 -30.937090
v -37.862957 14.417833 -74.698029
v -44.210358 15.701831 -30.334698
v -34.260979 13.174264 -74.476875
v -40.485428 13.520015 -29.815649
v -44.570969 24.078388 -30.861170
v -44.336613 23.961210 -32.222740
v -46.208981 21.142344 -31.589819
v -46.423534 21.240541 -30.228247
v -46.231262 18.285517 -30.937090
v -46.426834 18.354834 -29.574692
v -44.210358 15.701831 -30.334698
v -44.386951 15.741441 -28.973125
v -40.485428 13.520015 -29.815649
v -40.657066 13.530743 -28.453251
v -21.989500 54.275589 -70.364090
v -26.471960 59.055939 -37.033627
v -37.903393 54.291267 -38.313507
v -33.275696 49.628914 -70.454857
v -21.190710 53.446266 -76.211426
v -39.411850 45.951019 -76.417725
v -26.522297 36.953926 -145.983337
v -11.068040 43.245216 -148.745270
v -21.751019 33.623444 -171.734375
v -7.320827 39.469955 -175.595474
v -13.754050 69.029243 41.760975
v -14.066799 70.060730 56.037678
v -30.562454 67.042992 56.007145
v -30.151506 67.163475 41.730442
v -12.942059 68.986328 19.328867
v -29.129915 67.408554 19.298334
v -8.301160 56.782501 154.311844
v -9.673459 67.948219 136.050262
v -11.870955 67.487762 136.035416
v -19.700407 55.745224 154.311844
v -11.981531 68.898842 134.277740
v -21.909456 65.587334 134.277740
v -11.664656 1.047149 203.514099
v -9.052088 5.533736 202.181412
v -9.706468 6.651876 202.079086
v -12.714304 -6.931664 204.980469
v -14.047820 -6.758374 205.230499
v -30.043406 -51.134064 118.175690
v -29.177776 -50.845245 125.872284
v -32.264008 -49.996117 126.252701
v -33.156044 -50.285767 118.537125
v -33.675915 -47.564270 126.189163
v -34.576202 -47.853088 118.493393
v -32.667526 -45.006165 125.749336
v -33.561214 -45.296631 118.040359
v -29.742208 -43.846764 125.130440
v -30.611139 -44.136406 117.440445
v -64.997032 -47.824150 -188.357132
v -35.194275 -34.668884 -201.485977
v -33.614025 -36.277191 -202.071869
v -66.705185 -51.255318 -187.628479
v -35.182724 -39.619232 -201.125366
v -64.968971 -52.881775 -188.268829
v -29.238840 -47.736725 63.702896
v -7.394270 -39.430305 67.812378
v -10.246145 -32.657104 67.408852
v -32.099792 -40.963524 63.415733
v -45.976276 -54.079178 59.537312
v -48.842178 -47.305969 59.338444
v -64.309639 3.963423 -3.536481
v -60.186966 6.122957 6.218978
v -64.658699 7.422640 6.705843
v -69.021507 5.137676 -3.624777
v -69.126305 0.207961 -13.020452
v -74.117912 1.164362 -13.019627
v -73.627747 -6.979490 -17.312294
v -78.876816 -6.439812 -17.620092
v -73.352959 -16.007950 -20.275572
v -78.582222 -15.993097 -20.839180
v -66.795952 -24.127048 -22.705774
v -71.641502 -24.583382 -23.479807
v -55.606304 -30.154272 -24.418880
v -59.800774 -30.960487 -25.328245
v -45.269909 -34.333061 -25.582405
v -48.865284 -35.381882 -26.570164
v -26.453806 -37.068581 -27.823635
v -28.959925 -38.275848 -28.919495
v -58.764328 10.783661 5.879824
v -64.658699 7.422640 6.705843
v -60.186966 6.122957 6.218978
v -54.616070 9.299135 5.429266
v -57.335091 13.543939 5.662797
v -53.280079 11.935634 5.211415
v -52.026608 16.414793 5.010068
v -48.252167 14.677757 4.610673
v -41.126602 17.047720 3.358028
v -36.708508 16.040155 2.719326
v -58.893883 -0.461270 -27.285603
v -61.858810 -5.152506 -26.525599
v -61.702850 -11.045226 -26.305273
v -58.118202 -18.735222 -26.552832
v -55.723484 1.989560 -28.015902
v -53.037472 3.399819 -28.616644
v -53.393131 -25.054565 -26.953054
v 0.000305 -24.792152 -34.967350
v -43.175564 -29.893511 -28.124006
v -49.401661 5.472709 -29.460817
v -48.342113 6.870591 -29.762838
v -45.182438 8.323760 -30.503036
v -35.184372 9.872651 -32.684029
v 0.000305 17.616285 -41.214897
v -55.480877 9.851193 -17.757896
v -57.861565 9.391560 -15.305416
v -55.457771 12.108928 -17.879200
v -48.157269 10.600472 -23.640713
v -47.987278 13.033148 -23.814003
v -38.092361 10.877739 -34.856766
v -47.263580 35.981003 -23.524357
v -44.418308 36.103958 -23.309807
v -42.867767 35.823395 -28.689255
v -46.780018 35.494141 -27.522429
v -48.304977 34.358673 -22.487913
v -48.172947 33.304070 -26.887028
v -47.229748 31.713921 -24.319021
v -46.797348 30.531416 -26.976974
v -45.175838 31.028181 -23.501251
v -45.449802 34.172173 -21.177502
v -44.026340 28.793554 -27.556261
v -42.371822 29.133537 -54.987404
v -40.911228 28.552601 -55.258068
v -44.026340 28.793554 -27.556261
v -46.797348 30.531416 -26.976974
v -42.850437 30.283859 -54.991531
v -48.172947 33.304070 -26.887028
v -42.067326 31.327732 -55.272923
v -46.780018 35.494141 -27.522429
v -40.480476 31.655336 -55.669014
v -42.867767 35.823395 -28.689255
v -4.586956 73.522438 -0.885117
v -11.849500 72.948921 8.239067
v -11.872605 75.554062 8.842285
v -19.217669 72.354774 19.844614
v -19.215193 76.730789 20.882711
v -22.507723 71.216011 33.058464
v -22.501945 77.062515 34.650269
v -22.869984 66.310211 81.808525
v -22.847702 73.873955 84.827095
v -22.876585 67.028954 100.216164
v -22.888962 63.820602 99.514748
v -14.972864 -48.249985 1.951059
v -17.336224 -40.621056 0.250333
v -17.094440 -39.145599 -50.325062
v -14.773167 -47.107079 -48.851261
v -14.773167 -47.107079 -48.851261
v -14.290427 -35.155769 -112.553871
v -12.355344 -42.296181 -111.392822
v -6.489031 -29.725147 -167.178482
v -5.607722 -35.056732 -166.847595
v -4.117419 -44.781670 -111.760033
v -4.918684 -49.751007 -51.630524
v -1.867937 -36.922501 -167.186752
v -14.277225 -29.867092 -113.578751
v -6.485730 -25.784840 -167.575409
v -6.489031 -29.725147 -167.178482
v -14.290427 -35.155769 -112.553871
v -17.086189 -33.244629 -51.578533
v -17.094440 -39.145599 -50.325062
v -2.471155 -28.787725 -175.578979
v -2.468679 -25.432482 -176.317520
v 0.000305 -25.418453 -176.732605
v 0.000305 -28.776173 -175.970123
v -2.136951 -32.693375 -174.767807
v 0.000305 -32.685120 -175.080566
v -0.712664 -33.790886 -174.727371
v 0.000305 -33.788406 -174.828873
v -54.252987 -28.770437 78.147949
v -56.740124 -31.453148 78.707428
v -43.003922 -46.202690 84.034065
v -40.904625 -43.153595 83.806313
v -21.028147 -63.100212 99.563408
v -19.627790 -59.656677 99.614571
v -9.524924 -70.849632 129.598862
v -10.886497 -74.515152 129.568344
v -12.222487 46.827393 -148.745270
v -8.440618 43.034798 -175.595474
v -22.877409 37.190765 -171.734375
v -27.681696 40.541878 -145.983337
v -22.440882 57.073830 -76.211426
v -40.661194 49.593430 -76.417725
v -34.532467 53.271332 -70.454857
v -23.246271 57.908104 -70.364090
v -27.768343 62.721458 -37.033627
v -39.197296 57.969162 -38.313503
v 29.831116 71.162369 18.454985
v 13.721653 71.162369 29.309603
v 13.721653 68.285736 29.309603
v 29.831116 68.285736 18.454985
v 15.297776 51.551636 -145.682144
v 15.297776 54.428268 -145.682144
v 13.203430 51.945251 -147.529755
v 13.215808 54.873047 -147.529755
v 0.000305 55.913620 -147.529755
v 0.000305 59.219353 -147.529755
v -13.216022 54.873047 -147.529755
v -13.202820 51.945251 -147.529755
v -15.297166 54.428268 -145.682144
v -15.297166 51.551636 -145.682144
v -29.831331 71.162369 18.454985
v -29.831331 68.285736 18.454985
v -13.721868 68.285736 29.309603
v -13.721868 71.162369 29.309603
v 13.203430 51.945251 -147.529755
v 15.151716 26.914606 -159.682419
v 0.000305 28.659069 -159.682419
v 0.000305 55.913620 -147.529755
v -13.202820 51.945251 -147.529755
v -15.151931 26.914606 -159.682419
v 1.626765 -19.963106 -58.762684
v 1.430369 -14.570447 -101.065491
v 0.000305 -14.570447 -101.065491
v 0.000305 -19.963106 -58.762684
v -1.626155 -19.963106 -58.762684
v -1.429758 -14.570447 -101.065491
v 1.465852 -39.949333 -93.555397
v 1.592107 -45.582947 -66.465057
v 0.000305 -45.582947 -66.465057
v 0.000305 -39.949333 -93.555397
v -1.466067 -39.949333 -93.555397
v -1.591497 -45.582947 -66.465057
v 12.082815 -23.310112 25.866049
v 11.570369 -22.087992 -8.488482
v 10.736921 -10.116883 -7.494946
v 11.219661 -10.116890 26.858759
v 11.198206 1.070284 25.174538
v 10.736921 1.070289 -7.494944
v 13.948582 -25.307085 27.188009
v 22.782297 -27.059803 39.820927
v 0.000305 -28.267063 39.740883
v 0.000305 -26.052237 27.188009
v -13.948796 -25.307085 27.188009
v -22.782513 -27.059803 39.820927
v 12.082815 -23.310112 25.866049
v 13.948582 -25.307085 27.188009
v 0.000305 -26.052237 27.188009
v 0.000305 -23.310112 25.867701
v -12.082205 -23.310112 25.866049
v -13.948796 -25.307085 27.188009
v 20.513010 -25.558773 41.362389
v 22.782297 -27.059803 39.820927
v 21.221027 -8.291559 41.063671
v 19.111004 -10.116892 42.355103
v 19.127508 1.070281 43.378345
v 21.369562 1.070281 41.929306
v 0.000305 -10.116896 61.502113
v 20.489080 -10.116896 61.502113
v 20.489080 1.070278 61.502113
v 0.000305 1.071103 61.502113
v -20.489294 1.070278 61.502113
v -20.489294 -10.116896 61.502113
v 23.812965 -64.055801 116.484863
v 23.831945 -64.104485 124.469452
v 0.000305 -64.104485 124.469452
v 0.000305 -64.054977 116.484863
v -23.812355 -64.055801 116.484863
v -23.831335 -64.104485 124.469452
v 0.000305 -65.902588 115.698456
v 23.810492 -65.902588 115.698456
v 23.812965 -64.055801 116.484863
v 0.000305 -64.054977 116.484863
v -23.812355 -64.055801 116.484863
v -23.809881 -65.902588 115.698456
v 22.084183 -36.924187 68.187836
v 23.810492 -65.902588 115.698456
v 0.000305 -65.902588 115.698456
v 0.000305 -36.924187 68.189491
v -22.083572 -36.924187 68.187836
v -23.809881 -65.902588 115.698456
v 0.000305 65.952110 -90.869370
v 8.692087 63.954315 -90.869370
v 8.692087 64.720093 -90.869370
v 0.000305 66.691483 -90.869370
v -8.692303 64.720093 -90.869370
v -8.692303 63.954315 -90.869370
v 11.935930 -3.200108 63.575829
v 13.073050 -10.941265 63.493309
v 0.000305 -10.941265 63.492481
v 0.000305 -3.200108 63.575829
v -11.936145 -3.200108 63.575829
v -13.072439 -10.941265 63.493309
v 21.960403 -33.450943 58.828472
v 22.084183 -36.924187 68.187836
v 0.000305 -36.924187 68.189491
v 0.000305 -33.450943 58.830124
v -21.960617 -33.450943 58.828472
v -22.083572 -36.924187 68.187836
v 21.809393 -32.751999 48.729733
v 21.960403 -33.450943 58.828472
v 0.000305 -33.450943 58.830124
v 0.000305 -32.751999 48.731384
v -21.809607 -32.751999 48.729733
v -21.960617 -33.450943 58.828472
v 0.000305 -30.983606 45.911690
v 21.762356 -30.983606 45.910042
v 21.809393 -32.751999 48.729733
v 0.000305 -32.751999 48.731384
v -21.809607 -32.751999 48.729733
v -21.761745 -30.983606 45.910042
v 0.000305 -25.878122 43.564011
v 21.721096 -25.878122 43.562359
v 21.762356 -30.983606 45.910042
v 0.000305 -30.983606 45.911690
v -21.761745 -30.983606 45.910042
v -21.721312 -25.878122 43.562359
v 20.513010 -25.558773 41.362389
v 21.721096 -25.878122 43.562359
v 0.000305 -25.878122 43.564011
v 0.000305 -25.558773 41.364040
v -20.513226 -25.558773 41.362389
v -21.721312 -25.878122 43.562359
v 0.000305 -13.320324 187.471481
v 4.366414 -13.320324 187.471481
v 4.366414 -14.649714 188.528549
v 0.000305 -14.649714 188.528549
v -4.365803 -14.649714 188.528549
v -4.365803 -13.320324 187.471481
v 46.014847 -23.148392 147.696243
v 42.332825 -33.851181 152.077194
v 57.831642 -3.098615 96.054688
v 35.455647 -22.114428 166.928238
v 30.569666 -35.098053 168.550568
v 21.876232 -79.445694 165.323227
v 15.518103 -8.341096 189.779541
v 16.580956 -79.445694 172.192978
v 1.831414 -7.441635 200.749695
v 1.889177 -33.332962 184.411652
v 12.902234 -34.595505 179.954773
v 6.737200 -79.445702 180.817078
v 1.894954 -79.445702 182.759598
v 57.831642 -3.098615 96.054688
v 60.185925 0.421673 67.584625
v 57.053482 9.991464 62.053341
v 53.848427 16.375170 96.794891
v 47.378067 6.008235 130.917542
v 46.014847 -23.148392 147.696243
v 37.225693 -22.117729 167.233566
v 38.582314 5.257303 160.874603
v 43.375046 30.976170 130.249130
v 50.655746 38.539093 96.763542
v 34.855728 22.552572 157.412094
v 33.334068 4.251388 169.656342
v 41.809650 43.530693 130.259048
v 22.543816 11.616254 181.896454
v 32.220055 33.752121 157.796646
v 19.966730 18.131996 181.953400
v 23.128054 2.776762 185.174957
v 35.455647 -22.114428 166.928238
v 21.650129 -17.039480 188.761261
v 14.048430 -6.758374 205.230499
v 11.664441 1.047149 203.514099
v 9.707078 6.651876 202.079086
v 7.614382 13.741955 199.987213
v 16.580130 27.409668 182.006210
v 29.433371 43.431664 158.147354
v 8.869504 34.054138 182.035095
v 4.698142 19.766706 197.698944
v 19.545055 53.017960 158.468353
v 3.292009 16.432091 201.573242
v 37.693577 54.607292 130.263992
v 27.470232 65.161537 130.266479
v 4.322678 10.970122 204.896301
v 4.350735 4.313272 206.026825
v 0.000305 16.575676 201.774582
v 0.000305 21.574709 196.312622
v 0.000305 10.424668 205.513550
v 0.000305 3.358521 206.621780
v -4.350124 4.313272 206.026825
v -4.697532 19.766706 197.698944
v -4.322068 10.970122 204.896301
v -9.706468 6.651876 202.079086
v -3.292224 16.432091 201.573242
v -7.614597 13.741955 199.987213
v -16.580345 27.409668 182.006210
v -8.868894 34.054138 182.035095
v -19.966120 18.131996 181.953400
v -29.433586 43.431664 158.147354
v -19.544445 53.017960 158.468353
v -32.220272 33.752121 157.796646
v -34.855118 22.552572 157.412094
v -22.544031 11.616254 181.896454
v -37.693790 54.607292 130.263992
v -27.469622 65.161537 130.266479
v -41.809040 43.530693 130.259048
v -45.103222 57.605225 93.121132
v -31.079851 67.768333 93.121132
v -36.377605 64.220818 79.167900
v -45.701488 57.588722 82.245880
v -51.102390 45.734795 87.745811
v -50.753334 45.734795 93.121132
v -51.557899 39.972458 90.419441
v -50.655960 38.539093 96.763542
v -43.374435 30.976170 130.249130
v -53.847816 16.375170 96.794891
v -34.855118 22.552572 157.412094
v -47.378284 6.008235 130.917542
v -57.831032 -3.098615 96.054688
v -57.053699 9.991464 62.053341
v -60.186138 0.421673 67.584625
v -46.014236 -23.148392 147.696243
v -37.225082 -22.117729 167.233566
v -38.581703 5.257303 160.874603
v -33.334286 4.251388 169.656342
v -23.127443 2.776762 185.174957
v -35.455036 -22.114428 166.928238
v -11.664656 1.047149 203.514099
v -21.649519 -17.039480 188.761261
v -14.047820 -6.758374 205.230499
v 83.321930 -51.492165 -110.077461
v 68.663155 -47.434662 -187.953613
v 31.770325 -31.172535 -204.388199
v 61.828064 -42.898575 -88.740387
v 39.019665 -35.484192 -129.024765
v 27.158308 -29.117798 -200.466049
v 36.639801 -34.553375 -129.246750
v 48.890652 -42.045334 -52.723904
v 44.314945 -41.498230 -53.478134
v 68.677185 -56.383080 -187.833130
v 83.321930 -61.211311 -110.077461
v 61.844566 -52.824852 -88.350891
v 31.812410 -39.884125 -203.670273
v 39.051849 -45.894035 -128.235062
v 27.197918 -37.940788 -199.654877
v 36.671158 -44.957436 -128.412476
v 48.905506 -54.143517 -51.961430
v 44.330624 -53.598068 -52.622410
v 32.432957 -41.633575 36.360054
v 32.569939 -42.894463 -14.516537
v 10.412620 -34.832306 -18.256321
v 10.383738 -33.541710 32.591389
v 32.099579 -40.963524 63.415733
v 10.246756 -32.657104 67.408852
v 49.115929 -47.645119 45.393463
v 48.841965 -47.305969 59.338444
v 7.516184 -41.605507 -17.853626
v 29.672678 -49.667671 -14.230196
v 29.544773 -48.406776 36.646397
v 7.493904 -40.314087 32.994083
v 29.239450 -47.736725 63.702896
v 7.394055 -39.430305 67.812378
v 46.234348 -54.418327 45.592335
v 45.976063 -54.079178 59.537312
v 58.764938 10.783661 5.879824
v 64.659309 7.422640 6.705843
v 69.022118 5.137676 -3.624777
v 58.597424 10.131759 -5.766158
v 57.861351 9.391560 -15.305416
v 74.117699 1.164362 -13.019627
v 56.748985 7.006748 -31.098831
v 71.977142 -1.122251 -28.531649
v 53.903713 2.582055 -56.023029
v 78.877426 -6.439812 -17.620092
v 68.364433 -4.729176 -52.966507
v 51.660007 -2.582840 -73.267136
v 76.649399 -8.707446 -31.060049
v 78.582001 -15.993097 -20.839180
v 62.970959 -9.559041 -71.856880
v 54.482174 -11.467715 -83.766098
v 72.951698 -12.283839 -52.224655
v 76.209564 -17.717754 -32.973679
v 71.642113 -24.583382 -23.479807
v 67.289207 -17.117004 -71.251190
v 72.324547 -20.438419 -52.085201
v 69.581596 -25.481192 -34.814690
v 59.801384 -30.960487 -25.328245
v 56.292652 -20.206533 -83.464905
v 42.633194 -23.508139 -89.571342
v 59.118946 -30.960487 -36.312420
v 48.865070 -35.381882 -26.570164
v 64.679115 -24.877144 -70.580307
v 49.603622 -29.294411 -83.992203
v 27.248255 -32.216423 -93.009117
v 66.218925 -26.896399 -52.680168
v 55.950199 -30.960484 -71.139786
v 57.938919 -30.960485 -53.635746
v 48.205738 -35.381882 -37.551037
v 28.959709 -38.275848 -28.919495
v 28.348240 -38.275841 -39.897068
v 47.083473 -35.381882 -54.868587
v 27.339025 -38.275841 -57.210491
v 45.178925 -35.381874 -72.361076
v 25.595388 -38.275833 -74.695557
v 37.691925 -35.381874 -85.233299
v 18.267654 -38.275833 -87.533119
v 0.000305 -35.305954 -97.031120
v -18.267044 -38.275833 -87.533119
v -37.691315 -35.381874 -85.233299
v -25.595604 -38.275833 -74.695557
v -27.248468 -32.216423 -93.009117
v -45.178314 -35.381874 -72.361076
v -27.339241 -38.275841 -57.210491
v -49.603012 -29.294411 -83.992203
v -42.632584 -23.508139 -89.571342
v -47.083691 -35.381882 -54.868587
v -28.348455 -38.275841 -39.897068
v -55.949589 -30.960484 -71.139786
v -56.292042 -20.206533 -83.464905
v -54.482391 -11.467715 -83.766098
v -64.678505 -24.877144 -70.580307
v -67.288597 -17.117004 -71.251190
v -62.970348 -9.559041 -71.856880
v -51.659397 -2.582840 -73.267136
v -72.323936 -20.438419 -52.085201
v -68.363823 -4.729176 -52.966507
v -53.903103 2.582055 -56.023029
v -72.951088 -12.283839 -52.224655
v -71.976532 -1.122251 -28.531649
v -56.748375 7.006748 -31.098831
v -76.648788 -8.707446 -31.060049
v -74.117912 1.164362 -13.019627
v -57.861565 9.391560 -15.305416
v -78.876816 -6.439812 -17.620092
v -69.021507 5.137676 -3.624777
v -78.582222 -15.993097 -20.839180
v -58.596813 10.131759 -5.766158
v -58.764328 10.783661 5.879824
v -64.658699 7.422640 6.705843
v -76.208954 -17.717754 -32.973679
v -71.641502 -24.583382 -23.479807
v -69.580986 -25.481192 -34.814690
v -59.800774 -30.960487 -25.328245
v -66.219147 -26.896399 -52.680168
v -59.118336 -30.960487 -36.312420
v -48.865284 -35.381882 -26.570164
v -57.939133 -30.960485 -53.635746
v -48.205956 -35.381882 -37.551037
v -28.959925 -38.275848 -28.919495
v 4.362288 -17.749908 -205.562454
v 5.005115 -19.305401 -205.229065
v 4.365588 -20.861719 -205.137466
v 2.613699 -16.611139 -206.056747
v 0.000305 -22.395758 -205.725006
v 0.000305 -16.215870 -206.621994
v 2.617000 -22.000488 -205.302505
v 22.848312 73.873955 84.827095
v 22.501732 77.062515 34.650269
v 8.166438 81.711670 35.082672
v 8.286091 80.397949 82.605675
v 8.302595 70.410606 96.345169
v 22.876369 67.028954 100.216164
v 0.000305 80.326157 79.836319
v 8.286091 80.397949 82.605675
v 8.166438 81.711670 35.082672
v 0.000305 81.629150 32.364479
v -8.166653 81.711670 35.082672
v -8.286306 80.397949 82.605675
v 0.000305 -51.649803 55.474876
v 15.609699 -51.657227 56.788586
v 15.440535 -42.157585 77.761757
v 0.000305 -42.118797 75.891861
v -15.439924 -42.157585 77.761757
v -15.609089 -51.657227 56.788586
v 0.000305 -42.118797 75.891861
v 15.440535 -42.157585 77.761757
v 15.222683 -39.796700 98.393280
v 0.000305 -39.745537 96.355873
v -15.222898 -39.796700 98.393280
v -15.439924 -42.157585 77.761757
v 10.887107 -74.515152 129.568344
v 9.524710 -70.849632 129.598862
v 0.000305 -77.210236 130.558578
v 0.000305 -81.711678 130.658417
v -10.886497 -74.515152 129.568344
v -9.524924 -70.849632 129.598862
v 18.940187 -5.297774 181.763596
v 13.319782 -9.792614 188.108521
v 9.085706 -13.096696 188.394043
v 18.280857 -19.398712 179.271515
v 20.174681 -22.659058 174.552216
v 23.970579 -15.225697 168.916962
v 28.111408 -24.360607 157.099335
v 26.462669 -34.662346 157.176895
v 0.000305 1.098329 97.586250
v 52.715431 1.098329 97.586250
v 35.754368 -29.617926 153.713562
v 0.000305 -29.617926 153.713562
v -35.754581 -29.617926 153.713562
v -52.714821 1.098329 97.586250
v -10.736311 -10.116883 -7.494946
v -11.570583 -22.087992 -8.488482
v -12.082205 -23.310112 25.866049
v -11.219050 -10.116890 26.858759
v -11.197596 1.070284 25.174538
v -10.736311 1.070289 -7.494944
v -21.220417 -8.291559 41.063671
v -22.782513 -27.059803 39.820927
v -20.513226 -25.558773 41.362389
v -19.111217 -10.116892 42.355103
v -19.126898 1.070281 43.378345
v -21.369778 1.070281 41.929306
v -42.333038 -33.851181 152.077194
v -46.014236 -23.148392 147.696243
v -57.831032 -3.098615 96.054688
v -35.455036 -22.114428 166.928238
v -30.569056 -35.098053 168.550568
v -21.876448 -79.445694 165.323227
v -15.517492 -8.341096 189.779541
v -16.580345 -79.445694 172.192978
v -1.889392 -33.332962 184.411652
v -1.830803 -7.441635 200.749695
v -12.902449 -34.595505 179.954773
v -6.736589 -79.445702 180.817078
v -1.895168 -79.445702 182.759598
v -31.769714 -31.172535 -204.388199
v -68.663368 -47.434662 -187.953613
v -83.322144 -51.492165 -110.077461
v -61.827454 -42.898575 -88.740387
v -39.019882 -35.484192 -129.024765
v -48.890865 -42.045334 -52.723904
v -44.315159 -41.498230 -53.478134
v -27.158524 -29.117798 -200.466049
v -36.639191 -34.553375 -129.246750
v -61.843956 -52.824852 -88.350891
v -83.322144 -61.211311 -110.077461
v -68.676575 -56.383080 -187.833130
v -31.811800 -39.884125 -203.670273
v -39.052063 -45.894035 -128.235062
v -48.905720 -54.143517 -51.961430
v -44.330837 -53.598068 -52.622410
v -27.198132 -37.940788 -199.654877
v -36.671375 -44.957436 -128.412476
v -10.412834 -34.832306 -18.256321
v -32.570152 -42.894463 -14.516537
v -32.433170 -41.633575 36.360054
v -10.383953 -33.541710 32.591389
v -32.099792 -40.963524 63.415733
v -10.246145 -32.657104 67.408852
v -49.115318 -47.645119 45.393463
v -48.842178 -47.305969 59.338444
v -29.544163 -48.406776 36.646397
v -29.672894 -49.667671 -14.230196
v -7.516399 -41.605507 -17.853626
v -7.494119 -40.314087 32.994083
v -29.238840 -47.736725 63.702896
v -7.394270 -39.430305 67.812378
v -46.234562 -54.418327 45.592335
v -45.976276 -54.079178 59.537312
v -4.365803 -20.861719 -205.137466
v -5.004504 -19.305401 -205.229065
v -4.362503 -17.749908 -205.562454
v -2.613914 -16.611139 -206.056747
v 0.000305 -22.395758 -205.725006
v 0.000305 -16.215870 -206.621994
v -2.617214 -22.000488 -205.302505
v -8.166653 81.711670 35.082672
v -22.501945 77.062515 34.650269
v -22.847702 73.873955 84.827095
v -8.286306 80.397949 82.605675
v -8.301985 70.410606 96.345169
v -22.876585 67.028954 100.216164
v -9.085095 -13.096696 188.394043
v -13.319998 -9.792614 188.108521
v -18.940403 -5.297774 181.763596
v -18.280247 -19.398712 179.271515
v -20.174070 -22.659058 174.552216
v -23.970793 -15.225697 168.916962
v -28.110798 -24.360607 157.099335
v -26.462059 -34.662346 157.176895
v 26.550138 51.888298 -74.600639
v 24.763592 51.634140 -74.990135
v 26.527859 58.770424 -44.625423
v 29.246878 58.441994 -44.160835
v 29.043879 51.450119 -74.210327
v 28.323484 65.850594 -11.335393
v 33.041126 57.253716 -43.697079
v 31.319769 49.018272 -73.820831
v 36.494568 53.971092 -43.233318
v 32.123508 64.897491 -10.789938
v 29.812136 69.351891 19.260376
v 37.423737 62.931877 -10.244484
v 42.241226 58.784447 -9.699031
v 34.607346 67.961441 19.475752
v 41.267498 65.450371 19.691126
v 47.276569 60.709625 19.907328
v 13.624280 71.001457 19.290907
v 14.391711 71.131012 41.820389
v 44.094616 64.780312 42.487148
v 51.085670 59.737541 42.836205
v 30.789993 69.157974 41.789856
v 14.855472 72.151772 56.134228
v 31.351950 69.011909 56.103695
v 45.852283 63.340340 57.178097
v 53.489464 57.665474 57.716125
v 37.413834 66.778931 56.640896
v 36.355934 67.564522 42.138912
v 26.128464 56.914558 -44.298645
v 24.992996 49.827789 -74.619621
v 26.448641 50.064621 -74.239204
v 28.627155 56.623268 -43.849739
v 27.650949 63.972450 -11.119191
v 27.921614 49.884727 -73.892624
v 31.316467 63.063087 -10.586115
v 29.130526 67.408554 19.298334
v 31.746393 55.704002 -43.412384
v 29.640495 47.874550 -73.559242
v 34.808693 52.717621 -42.974209
v 36.090221 61.343376 -10.040661
v 40.561954 57.446808 -9.499333
v 33.811859 66.072563 19.515360
v 30.152117 67.163475 41.730442
v 39.975243 63.805756 19.757967
v 45.640209 59.299362 19.993147
v 35.600056 65.638512 42.072075
v 30.562239 67.042992 56.007145
v 36.530876 64.884277 56.525368
v 42.847748 63.100212 42.436810
v 49.490570 58.286850 42.803196
v 44.504738 61.712227 57.069172
v 51.851452 56.241188 57.624531
v 29.727140 1.518370 -4.466477
v 11.085154 -0.670048 -4.466477
v 20.708582 -9.848696 -4.527543
v 0.000305 -9.848696 -4.527543
v 0.000305 -0.670048 -4.466477
v 10.368059 -22.389189 -4.610065
v 0.000305 -22.389189 -4.660401
v -10.367449 -22.389189 -4.610065
v -11.085369 -0.670048 -4.466477
v -20.708796 -9.848696 -4.527543
v -29.726530 1.518370 -4.466477
v 16.824387 66.898582 56.166409
v 19.077171 59.456146 65.548882
v 19.696068 59.456146 58.000820
v 16.939915 67.425056 49.435291
v 11.701574 73.010803 48.536652
v 19.925470 59.437996 23.924377
v 12.305617 73.785667 41.934269
v 17.072771 67.425064 19.833885
v 6.568860 78.079155 36.139748
v 6.198347 76.875198 42.322109
v 12.376584 73.784019 15.906781
v 17.059568 67.424248 -24.276106
v 19.913918 59.438011 -26.876295
v 12.364206 73.783203 -22.876572
v 16.935789 67.423424 -50.011471
v 19.708445 59.456169 -56.490906
v 18.143875 59.456169 -64.510155
v 12.291590 73.782379 -45.504253
v 15.872111 66.896950 -56.953838
v 13.899895 59.456169 -72.004578
v 12.374934 65.716095 -64.761009
v 11.689197 73.007523 -51.363140
v 10.283064 71.203644 -57.548805
v 6.745451 66.896950 -68.106354
v 5.878996 73.007523 -58.157799
v 0.000305 67.461388 -70.245262
v 6.183494 76.871086 -49.394226
v 0.000305 73.843445 -59.388165
v 6.554832 78.075043 -43.188755
v 0.000305 78.161690 -50.121223
v -5.878386 73.007523 -58.157799
v -6.745667 66.896950 -68.106354
v -6.182883 76.871086 -49.394226
v -10.283278 71.203644 -57.548805
v -12.374324 65.716095 -64.761009
v -11.689411 73.007523 -51.363140
v -15.872327 66.896950 -56.953838
v -13.900110 59.456169 -72.004578
v -18.143265 59.456169 -64.510155
v -12.290979 73.782379 -45.504253
v -16.936003 67.423424 -50.011471
v -19.708660 59.456169 -56.490906
v -19.914133 59.438011 -26.876295
v -17.059782 67.424248 -24.276106
v -19.924860 59.437996 23.924377
v -6.555047 78.075043 -43.188755
v -12.363596 73.783203 -22.876572
v -17.072161 67.425064 19.833885
v 0.000305 79.700676 -43.482521
v -6.588880 78.075867 -22.659546
v 6.588665 78.075867 -22.659546
v 0.000305 79.701500 -23.747978
v 6.597742 78.078339 12.526783
v 0.000305 79.703972 10.075128
v 0.000305 79.704796 32.773773
v 0.000305 78.166626 39.652603
v -6.198562 76.875198 42.322109
v -6.597957 78.078339 12.526783
v -6.569075 78.079155 36.139748
v -11.701790 73.010803 48.536652
v -12.375974 73.784019 15.906781
v -12.305833 73.785667 41.934269
v -16.939304 67.425056 49.435291
v -16.824602 66.898582 56.166409
v -19.695457 59.456146 58.000820
v -19.076561 59.456146 65.548882
v 29.047180 -49.850060 127.593643
v 29.177561 -50.845245 125.872284
v 32.263790 -49.996117 126.252701
v 31.656448 -49.523285 127.563934
v 29.156105 -47.244919 128.185303
v 33.676525 -47.564270 126.189163
v 32.348785 -47.438011 127.826347
v 29.461428 -44.704964 127.046539
v 32.667313 -45.006165 125.749336
v 31.995604 -45.322212 127.136490
v 29.742819 -43.846764 125.130440
v 55.480663 9.851193 -17.757896
v 57.861351 9.391560 -15.305416
v 56.748985 7.006748 -31.098831
v 48.157055 10.600472 -23.640713
v 38.092148 10.877739 -34.856766
v 32.078121 8.786698 -55.630238
v 53.903713 2.582055 -56.023029
v 28.476971 6.245100 -76.725533
v 48.758621 0.442326 -73.869530
v 51.660007 -2.582840 -73.267136
v 26.329811 4.899209 -88.678482
v 54.482174 -11.467715 -83.766098
v 46.403515 -0.827647 -85.769669
v 5.297234 -3.289193 -161.152084
v 27.997532 -8.556415 -158.720230
v 32.225834 -15.751293 -158.310944
v 27.346453 -8.838631 -161.371582
v 5.078557 -3.666306 -164.477631
v 27.898508 -22.857874 -159.638672
v 42.633194 -23.508139 -89.571342
v 27.248255 -32.216423 -93.009117
v 31.550823 -15.884974 -160.640472
v 21.428152 -11.373628 -185.780045
v 12.436824 -7.061981 -188.069138
v 24.751213 -17.263046 -184.556274
v 0.000305 -2.907126 -166.025696
v 0.000305 -5.483382 -190.867371
v -12.436213 -7.061981 -188.069138
v -5.077947 -3.666306 -164.477631
v -21.428368 -11.373628 -185.780045
v 27.317572 -22.884281 -161.849380
v 21.471062 -23.152464 -184.552979
v 12.486336 -27.464109 -185.596024
v 16.202190 -28.707684 -161.346008
v 0.000305 -35.305954 -97.031120
v 15.867986 -28.597933 -163.487396
v 0.000305 -30.681551 -163.786942
v 0.000305 -30.537142 -165.877975
v -16.202404 -28.707684 -161.346008
v -27.248468 -32.216423 -93.009117
v -15.867375 -28.597933 -163.487396
v 0.000305 -29.042709 -187.448593
v 12.420320 -27.464109 -188.872879
v 0.000305 -29.042709 -190.725433
v -12.419709 -27.464109 -188.872879
v -12.486550 -27.464109 -185.596024
v -27.317785 -22.884281 -161.849380
v -21.470451 -23.152464 -184.552979
v -24.751429 -17.263046 -184.556274
v -27.897898 -22.857874 -159.638672
v -42.632584 -23.508139 -89.571342
v -31.550213 -15.884974 -160.640472
v -54.482391 -11.467715 -83.766098
v -27.345842 -8.838631 -161.371582
v -32.226048 -15.751293 -158.310944
v -5.297449 -3.289193 -161.152084
v -27.996922 -8.556415 -158.720230
v -46.403728 -0.827647 -85.769669
v -26.329201 4.899209 -88.678482
v -48.758011 0.442326 -73.869530
v -51.659397 -2.582840 -73.267136
v -28.476360 6.245100 -76.725533
v -53.903103 2.582055 -56.023029
v -32.077511 8.786698 -55.630238
v -56.748375 7.006748 -31.098831
v -38.092361 10.877739 -34.856766
v -48.157269 10.600472 -23.640713
v -55.480877 9.851193 -17.757896
v -57.861565 9.391560 -15.305416
v -26.528074 58.770424 -44.625423
v -24.763805 51.634140 -74.990135
v -26.549528 51.888298 -74.600639
v -29.247091 58.441994 -44.160835
v -28.322874 65.850594 -11.335393
v -29.043268 51.450119 -74.210327
v -32.123722 64.897491 -10.789938
v -33.040516 57.253716 -43.697079
v -31.319983 49.018272 -73.820831
v -36.493958 53.971092 -43.233318
v -29.811525 69.351891 19.260376
v -37.423954 62.931877 -10.244484
v -42.240616 58.784447 -9.699031
v -34.606735 67.961441 19.475752
v -41.267712 65.450371 19.691126
v -47.276783 60.709625 19.907328
v -14.391926 71.131012 41.820389
v -13.624495 71.001457 19.290907
v -44.094833 64.780312 42.487148
v -51.085888 59.737541 42.836205
v -30.789383 69.157974 41.789856
v -14.855686 72.151772 56.134228
v -31.352165 69.011909 56.103695
v -53.489681 57.665474 57.716125
v -45.851673 63.340340 57.178097
v -37.414051 66.778931 56.640896
v -36.356152 67.564522 42.138912
v -26.448854 50.064621 -74.239204
v -24.993210 49.827789 -74.619621
v -26.127853 56.914558 -44.298645
v -28.626545 56.623268 -43.849739
v -27.921829 49.884727 -73.892624
v -27.650339 63.972450 -11.119191
v -31.746609 55.704002 -43.412384
v -29.640711 47.874550 -73.559242
v -34.808910 52.717621 -42.974209
v -31.315857 63.063087 -10.586115
v -29.129915 67.408554 19.298334
v -36.090439 61.343376 -10.040661
v -40.561344 57.446808 -9.499333
v -33.811249 66.072563 19.515360
v -30.151506 67.163475 41.730442
v -39.974632 63.805756 19.757967
v -45.640423 59.299362 19.993147
v -35.599445 65.638512 42.072075
v -30.562454 67.042992 56.007145
v -36.531090 64.884277 56.525368
v -42.847137 63.100212 42.436810
v -49.489960 58.286850 42.803196
v -44.504955 61.712227 57.069172
v -51.850842 56.241188 57.624531
v -32.264008 -49.996117 126.252701
v -29.177776 -50.845245 125.872284
v -29.046570 -49.850060 127.593643
v -31.655838 -49.523285 127.563934
v -33.675915 -47.564270 126.189163
v -29.156321 -47.244919 128.185303
v -32.349003 -47.438011 127.826347
v -32.667526 -45.006165 125.749336
v -29.461643 -44.704964 127.046539
v -31.994993 -45.322212 127.136490
v -29.742208 -43.846764 125.130440
v -65.278419 -47.421455 -189.287125
v -67.192871 -51.269341 -188.472656
v -68.663368 -47.434662 -187.953613
v -68.676575 -56.383080 -187.833130
v -64.993729 -53.329857 -189.286301
v -34.877399 -39.882469 -202.315308
v -31.811800 -39.884125 -203.670273
v -34.877399 -39.882469 -202.315308
v -33.123859 -36.136909 -203.379807
v -31.769714 -31.172535 -204.388199
v -65.278419 -47.421455 -189.287125
v -35.120834 -34.099503 -202.635483
v 5.297234 71.075737 -35.234699
v 10.647800 65.744980 -72.280190
v 6.887385 69.700966 -72.280190
v 3.277156 75.114243 -35.234695
v 0.000305 73.133774 -72.280190
v 2.517976 75.652267 -31.422295
v 4.025608 72.380371 -26.179829
v 0.000305 76.973404 -35.234695
v -3.276546 75.114243 -35.234695
v -6.887600 69.700966 -72.280190
v -10.648015 65.744980 -72.280190
v -5.296624 71.075737 -35.234699
v -2.517366 75.652267 -31.422295
v -4.024998 72.380371 -26.179829
v 0.000305 76.974228 -31.385986
v -0.819939 76.030205 -29.317221
v -1.689695 73.038872 -22.517612
v 0.819724 76.030205 -29.317221
v 1.689480 73.038872 -22.517612
v 0.000305 76.692841 -30.247215
v 0.000305 76.213402 -28.301405
v 0.000305 73.482834 -21.696543
v 1.471628 -34.456833 -92.480995
v 1.465852 -39.949333 -93.555397
v 0.000305 -39.949333 -93.555397
v -1.466067 -39.949333 -93.555397
v -1.471018 -34.456833 -92.480995
v 0.000305 -34.456833 -92.480995
v 1.467502 -30.407597 -93.266571
v -1.466892 -30.407597 -93.266571
v 0.000305 -30.407597 -93.266571
v 1.430369 -14.570447 -101.065491
v -1.429758 -14.570447 -101.065491
v 0.000305 -14.570447 -101.065491
v 1.605310 -36.646080 -63.462997
v 1.626765 -19.963106 -58.762684
v 0.000305 -19.963106 -58.762684
v -1.626155 -19.963106 -58.762684
v -1.605525 -36.646080 -63.462997
v 0.000305 -36.646080 -63.462997
v 1.599534 -40.437851 -64.737099
v -1.599748 -40.437851 -64.737099
v 0.000305 -40.437851 -64.737099
v 1.592107 -45.582947 -66.465057
v -1.591497 -45.582947 -66.465057
v 0.000305 -45.582947 -66.465057
v 31.124197 -0.197219 44.177963
v 31.522766 -1.011690 63.575829
v 11.935930 -3.200108 63.575829
v 11.735408 -2.384812 44.177963
v 0.000305 -3.200108 63.575829
v 11.085154 -0.670048 -4.466477
v 29.727140 1.518370 -4.466477
v 0.000305 -2.384812 44.177963
v 0.000305 -0.670048 -4.466477
v -11.085369 -0.670048 -4.466477
v -11.734797 -2.384812 44.177963
v -11.936145 -3.200108 63.575829
v -31.123587 -0.197219 44.177963
v -29.726530 1.518370 -4.466477
v -31.522156 -1.011690 63.575829
v 9.433938 66.454643 -70.422676
v 9.433938 65.569214 -70.422676
v 0.000305 67.781563 -70.422676
v -9.433328 65.569214 -70.422676
v -9.433328 66.454643 -70.422676
v 0.000305 68.592728 -70.422676
v 6.064665 69.188522 -70.422676
v -6.064055 69.188522 -70.422676
v 0.000305 70.050850 -70.422676
v 0.000305 72.100632 -70.422676
v 20.956964 -30.327566 -15.283968
v 6.761956 -36.429062 -15.458085
v 8.193669 -36.429054 -31.964466
v 11.262570 -36.429054 -68.691437
v 27.225149 -29.621189 -71.357643
v 23.439978 -29.621197 -34.630672
v 28.916800 -21.785969 -10.940964
v 35.939213 -21.417097 -68.887833
v 31.704309 -21.417105 -32.160858
v 39.155823 -14.841117 -67.818375
v 34.748455 -14.841123 -31.091406
v 31.113470 -14.971509 -3.624780
v 40.599915 -7.746088 -66.912308
v 36.105076 -7.746094 -30.185339
v 29.433371 -7.709794 18.837862
v 38.121029 -1.958168 -66.855370
v 33.745018 -1.958174 -30.128401
v 26.670618 -1.548061 23.687536
v 31.612713 2.813936 -67.624451
v 27.561829 2.813931 -30.897482
v 21.093122 3.195162 22.585901
v 23.675983 5.707071 -68.469452
v 14.548498 6.281393 19.020233
v 20.016243 5.707066 -31.743307
v 30.741306 -45.130768 115.719086
v 30.611750 -44.136406 117.440445
v 33.561825 -45.296631 118.040359
v 33.214417 -45.719955 116.573990
v 34.576813 -47.853088 118.493393
v 33.662498 -47.863815 116.492294
v 30.629080 -47.735909 115.119995
v 33.155827 -50.285767 118.537125
v 32.872787 -49.920204 116.994835
v 30.322931 -50.275864 116.257111
v 30.043190 -51.134064 118.175690
v 0.000305 -25.914396 -177.891174
v 27.543674 -36.854004 -197.118225
v 36.774307 -43.487762 -127.692902
v -36.774525 -43.487762 -127.692902
v -27.543890 -36.854004 -197.118225
v 0.000305 -29.730106 -121.421410
v 46.035477 -51.691864 -54.062374
v -46.034866 -51.691864 -54.062374
v 0.000305 -34.538528 -61.352146
v 41.370647 -50.218895 -51.351608
v -41.370037 -50.218895 -51.351608
v 0.000305 -34.829002 -58.011757
v 33.105492 -50.571259 -13.129385
v -33.105705 -50.571259 -13.129385
v 0.000305 -39.377480 -8.790507
v 47.987888 13.033148 -23.814003
v 38.092148 10.877739 -34.856766
v 40.156784 15.388254 -13.553525
v 49.888313 14.825470 -10.268423
v 55.457558 12.108928 -17.879200
v 41.127213 17.047720 3.358028
v 52.026394 16.414793 5.010068
v 56.436237 12.934122 -7.529600
v 57.861351 9.391560 -15.305416
v 57.334877 13.543939 5.662797
v 58.597424 10.131759 -5.766158
v 58.764938 10.783661 5.879824
v 40.456329 31.165997 -57.318581
v 40.480263 31.655336 -55.669014
v 42.067112 31.327732 -55.272923
v 41.756840 31.080175 -56.451302
v 42.851048 30.283859 -54.991531
v 42.119923 30.191441 -57.049568
v 40.551228 30.046206 -58.286537
v 42.371609 29.133537 -54.987404
v 41.977989 29.277124 -56.752499
v 40.739372 28.962725 -57.447311
v 40.911015 28.552601 -55.258068
v 0.000305 76.899956 27.397627
v 22.501732 77.062515 34.650269
v 19.214977 76.730789 20.882711
v -19.215193 76.730789 20.882711
v -22.501945 77.062515 34.650269
v 0.000305 76.587212 14.765538
v 11.872390 75.554062 8.842285
v -11.872605 75.554062 8.842285
v 0.000305 75.475670 5.058764
v 4.587566 73.522438 -0.885117
v -4.586956 73.522438 -0.885117
v 0.000305 73.497681 -2.325908
v 0.000305 -36.916725 -167.435135
v 1.868547 -36.922501 -167.186752
v 4.117205 -44.781670 -111.760033
v -4.117419 -44.781670 -111.760033
v -1.867937 -36.922501 -167.186752
v 0.000305 -44.775894 -112.191612
v 4.919294 -49.751007 -51.630524
v -4.918684 -49.751007 -51.630524
v 0.000305 -49.747704 -52.063751
v -8.193059 -36.429054 -31.964466
v -6.761345 -36.429062 -15.458085
v -20.957180 -30.327566 -15.283968
v -27.224539 -29.621189 -71.357643
v -11.262786 -36.429054 -68.691437
v -23.439367 -29.621197 -34.630672
v -28.917013 -21.785969 -10.940964
v -35.938602 -21.417097 -68.887833
v -31.704523 -21.417105 -32.160858
v -39.156036 -14.841117 -67.818375
v -34.748669 -14.841123 -31.091406
v -31.113684 -14.971509 -3.624780
v -40.599304 -7.746088 -66.912308
v -36.105289 -7.746094 -30.185339
v -29.432760 -7.709794 18.837862
v -38.121243 -1.958168 -66.855370
v -33.745232 -1.958174 -30.128401
v -26.670832 -1.548061 23.687536
v -31.612926 2.813936 -67.624451
v -27.562044 2.813931 -30.897482
v -21.093338 3.195162 22.585901
v -23.676199 5.707071 -68.469452
v -14.547888 6.281393 19.020233
v -20.015633 5.707066 -31.743307
v -33.561214 -45.296631 118.040359
v -30.611139 -44.136406 117.440445
v -30.740696 -45.130768 115.719086
v -33.214630 -45.719955 116.573990
v -34.576202 -47.853088 118.493393
v -33.661888 -47.863815 116.492294
v -30.629293 -47.735909 115.119995
v -33.156044 -50.285767 118.537125
v -32.873001 -49.920204 116.994835
v -30.322321 -50.275864 116.257111
v -30.043406 -51.134064 118.175690
v -40.156174 15.388254 -13.553525
v -38.092361 10.877739 -34.856766
v -47.987278 13.033148 -23.814003
v -49.888527 14.825470 -10.268423
v -55.457771 12.108928 -17.879200
v -52.026608 16.414793 5.010068
v -41.126602 17.047720 3.358028
v -56.436451 12.934122 -7.529600
v -57.861565 9.391560 -15.305416
v -57.335091 13.543939 5.662797
v -58.596813 10.131759 -5.766158
v -58.764328 10.783661 5.879824
v -42.067326 31.327732 -55.272923
v -40.480476 31.655336 -55.669014
v -40.455719 31.165997 -57.318581
v -41.756229 31.080175 -56.451302
v -42.850437 30.283859 -54.991531
v -42.120140 30.191441 -57.049568
v -40.550617 30.046206 -58.286537
v -42.371822 29.133537 -54.987404
v -41.977379 29.277124 -56.752499
v -40.738762 28.962725 -57.447311
v -40.911228 28.552601 -55.258068
v 36.614220 -36.065956 -129.329269
v 27.516443 -30.608105 -197.689255
v 0.000305 -19.270746 -178.845932
v -27.515833 -30.608105 -197.689255
v -36.613609 -36.065956 -129.329269
v 46.023922 -43.211334 -54.637531
v 39.556042 -37.229485 -128.837448
v 0.000305 -22.137484 -123.500076
v -39.555431 -37.229485 -128.837448
v -46.024139 -43.211334 -54.637531
v 0.000305 -26.036543 -62.869678
v 41.357445 -41.682251 -52.019188
v -41.357658 -41.682251 -52.019188
v 0.000305 -26.275024 -59.514435
v 33.103016 -41.414062 -13.953754
v -33.102406 -41.414062 -13.953754
v 0.000305 -30.068455 -10.141351
v 0.000305 -47.092224 -50.270599
v 14.772952 -47.107079 -48.851261
v 14.973475 -48.249985 1.951059
v -14.972864 -48.249985 1.951059
v -14.773167 -47.107079 -48.851261
v 0.000305 -48.235954 0.554003
v 0.000305 -48.883736 7.728251
v 27.453728 -48.907669 10.237671
v -27.453117 -48.907669 10.237671
v 15.609699 -51.657227 56.788586
v -15.609089 -51.657227 56.788586
v 0.000305 -51.649803 55.474876
v 50.753944 45.734795 93.121132
v 51.557682 39.972458 90.419441
v 51.102177 45.734795 87.745811
v 45.103832 57.605225 93.121132
v 45.701271 57.588722 82.245880
v 36.378216 64.220818 79.167900
v 31.079636 67.768333 93.121132
v 4.366414 -13.320324 187.471481
v 0.000305 -13.320324 187.471481
v 0.000305 -25.671021 176.938690
v -4.365803 -13.320324 187.471481
v 15.174822 -25.650391 176.960144
v -15.174212 -25.650391 176.960144
v 0.000305 -43.422615 156.438339
v 22.033846 -43.417671 156.444122
v -22.033236 -43.417671 156.444122
v 0.000305 -55.033936 139.443451
v 23.826994 -55.033112 139.443451
v -23.826384 -55.033112 139.443451
v 23.831945 -64.104485 124.469452
v -23.831335 -64.104485 124.469452
v 0.000305 -64.104485 124.469452
v 2.364490 9.532696 -183.086609
v 6.571335 9.935390 -179.030762
v 5.838562 6.893720 -178.980438
v 4.295447 3.524448 -178.765060
v 6.773508 11.612187 -179.030762
v 1.017771 8.829629 -183.722000
v 2.578215 1.374814 -178.574432
v 2.503123 12.287197 -183.013992
v 6.874182 13.365727 -179.030762
v 6.842824 15.125869 -179.030762
v 1.155579 13.191611 -183.526428
v 5.898801 17.414961 -179.030762
v 3.880373 19.049673 -179.030762
v 0.000305 19.049673 -179.030762
v 0.000305 13.191611 -183.526428
v 0.000305 8.576294 -183.650208
v 0.000305 0.108139 -178.486145
v -2.578430 1.374814 -178.574432
v -1.155793 13.191611 -183.526428
v -3.880588 19.049673 -179.030762
v -5.898191 17.414961 -179.030762
v -6.842214 15.125869 -179.030762
v -1.017986 8.829629 -183.722000
v -4.294837 3.524448 -178.765060
v -2.503337 12.287197 -183.013992
v -6.874397 13.365727 -179.030762
v -6.772898 11.612187 -179.030762
v -2.364705 9.532696 -183.086609
v -5.838777 6.893720 -178.980438
v -6.570725 9.935390 -179.030762
v 21.519749 24.239323 -159.676636
v 24.868391 20.225573 -159.682419
v 17.432556 17.962889 -169.841400
v 25.244680 16.948721 -159.682419
v 13.804173 22.084740 -169.841400
v 17.305475 15.316486 -169.841400
v 15.151716 26.914606 -159.682419
v 24.641462 13.596779 -159.681595
v 8.852176 23.418255 -169.841400
v 17.201502 12.613147 -169.841400
v 0.000305 28.659069 -159.682419
v 23.206448 10.030284 -159.673340
v 0.000305 23.935654 -169.841400
v 16.099865 10.008006 -169.841400
v -8.852390 23.418255 -169.841400
v 20.541893 5.745045 -159.627945
v -15.151931 26.914606 -159.682419
v 14.209343 5.424046 -169.841400
v -13.803562 22.084740 -169.841400
v 14.563352 0.543014 -159.401016
v -21.519964 24.239323 -159.676636
v 9.815178 0.538890 -169.841400
v -17.432772 17.962889 -169.841400
v 6.608469 -3.634950 -159.129532
v -24.867781 20.225573 -159.682419
v 4.879685 -2.473898 -169.841400
v -25.244070 16.948721 -159.682419
v 0.000305 -4.445290 -169.841400
v -17.305691 15.316486 -169.841400
v 0.000305 -6.165824 -159.001633
v -24.641678 13.596779 -159.681595
v -6.607859 -3.634950 -159.129532
v -17.201715 12.613147 -169.841400
v -4.879075 -2.473898 -169.841400
v -23.205837 10.030284 -159.673340
v -9.815393 0.538890 -169.841400
v -16.099255 10.008006 -169.841400
v -14.563567 0.543014 -159.401016
v -20.542107 5.745045 -159.627945
v -14.208733 5.424046 -169.841400
v 0.000305 19.049673 -179.030762
v 0.000305 23.935654 -169.841400
v 8.852176 23.418255 -169.841400
v -8.852390 23.418255 -169.841400
v 3.880373 19.049673 -179.030762
v -3.880588 19.049673 -179.030762
v 13.804173 22.084740 -169.841400
v -13.803562 22.084740 -169.841400
v 5.898801 17.414961 -179.030762
v -5.898191 17.414961 -179.030762
v 17.432556 17.962889 -169.841400
v -17.432772 17.962889 -169.841400
v 6.842824 15.125869 -179.030762
v -6.842214 15.125869 -179.030762
v 17.305475 15.316486 -169.841400
v -17.305691 15.316486 -169.841400
v 6.874182 13.365727 -179.030762
v -6.874397 13.365727 -179.030762
v 17.201502 12.613147 -169.841400
v -17.201715 12.613147 -169.841400
v 6.773508 11.612187 -179.030762
v -6.772898 11.612187 -179.030762
v 16.099865 10.008006 -169.841400
v -16.099255 10.008006 -169.841400
v 6.571335 9.935390 -179.030762
v -6.570725 9.935390 -179.030762
v 14.209343 5.424046 -169.841400
v -14.208733 5.424046 -169.841400
v 5.838562 6.893720 -178.980438
v -5.838777 6.893720 -178.980438
v 9.815178 0.538890 -169.841400
v -9.815393 0.538890 -169.841400
v 4.295447 3.524448 -178.765060
v -4.294837 3.524448 -178.765060
v 4.879685 -2.473898 -169.841400
v -4.879075 -2.473898 -169.841400
v 2.578215 1.374814 -178.574432
v -2.578430 1.374814 -178.574432
v 0.000305 -2.966539 -174.794220
v 0.000305 -4.445290 -169.841400
v 0.000305 0.108139 -178.486145
v 65.278206 -47.421455 -189.287125
v 35.121445 -34.099503 -202.635483
v 31.770325 -31.172535 -204.388199
v 33.124470 -36.136909 -203.379807
v 68.663155 -47.434662 -187.953613
v 31.812410 -39.884125 -203.670273
v 67.192657 -51.269341 -188.472656
v 34.877186 -39.882469 -202.315308
v 68.677185 -56.383080 -187.833130
v 64.994339 -53.329857 -189.286301
v 0.000305 -29.042709 -190.725433
v 0.000305 -26.410334 -201.373764
v 5.753567 -25.458883 -200.505646
v -5.753782 -25.458883 -200.505646
v 12.420320 -27.464109 -188.872879
v -12.419709 -27.464109 -188.872879
v 9.784646 -22.857866 -200.128540
v -9.784861 -22.857866 -200.128540
v 21.357185 -23.152464 -187.829834
v -21.356575 -23.152464 -187.829834
v 11.255144 -19.305403 -200.300171
v -11.255359 -19.305403 -200.300171
v 24.620007 -17.263046 -187.833130
v -24.620222 -17.263046 -187.833130
v 9.768968 -15.752936 -201.023880
v -9.769182 -15.752936 -201.023880
v 21.313450 -11.373627 -189.056885
v -21.313665 -11.373627 -189.056885
v 5.737063 -13.152745 -202.151917
v -5.736453 -13.152745 -202.151917
v 12.369158 -7.061981 -191.345978
v -12.368547 -7.061981 -191.345978
v 0.000305 -12.200470 -203.435089
v 0.000305 -5.483382 -194.143402
v 2.613699 -16.611139 -206.056747
v 5.737063 -13.152745 -202.151917
v 9.768968 -15.752936 -201.023880
v 0.000305 -12.200470 -203.435089
v 4.362288 -17.749908 -205.562454
v 0.000305 -16.215870 -206.621994
v 11.255144 -19.305403 -200.300171
v -2.613914 -16.611139 -206.056747
v 5.005115 -19.305401 -205.229065
v -5.736453 -13.152745 -202.151917
v 9.784646 -22.857866 -200.128540
v -9.769182 -15.752936 -201.023880
v 4.365588 -20.861719 -205.137466
v -4.362503 -17.749908 -205.562454
v 5.753567 -25.458883 -200.505646
v -11.255359 -19.305403 -200.300171
v 2.617000 -22.000488 -205.302505
v -5.004504 -19.305401 -205.229065
v 0.000305 -26.410334 -201.373764
v -9.784861 -22.857866 -200.128540
v 0.000305 -22.395758 -205.725006
v -4.365803 -20.861719 -205.137466
v -2.617214 -22.000488 -205.302505
v -5.753782 -25.458883 -200.505646
v 83.321930 -51.492165 -110.077461
v 61.828064 -42.898575 -88.740387
v 70.327576 -48.669998 -96.851227
v 69.238319 -53.220123 -95.645615
v 76.424118 -51.096069 -102.946945
v 61.844566 -52.824852 -88.350891
v 83.321930 -61.211311 -110.077461
v 75.364571 -55.622269 -101.797447
v 56.000534 -53.094681 -148.561264
v 57.045231 -52.051636 -148.093384
v 55.519447 -51.451721 -147.505020
v 57.291965 -52.103622 -149.643097
v 54.546539 -52.843819 -148.386322
v 53.661930 -50.666954 -148.458115
v 55.859425 -53.269623 -149.817215
v 53.243557 -51.964989 -148.854218
v 46.354828 -48.086563 -193.101181
v 47.551361 -47.036095 -192.927063
v 46.688206 -46.631744 -194.606323
v 53.915268 -53.177200 -150.038361
v 44.741570 -48.004875 -193.299225
v 45.966160 -47.641785 -194.380234
v 45.135189 -45.927032 -195.552002
v 44.637596 -47.341415 -194.880295
v 43.913898 -45.391479 -194.960342
v 43.645710 -46.879303 -193.439499
v 43.698524 -46.629272 -194.664917
v 43.748859 -45.342789 -193.408142
v 52.600731 -51.931984 -150.163803
v 52.719559 -50.227951 -150.138214
v 21.623724 -40.471680 -100.716446
v 15.324183 -38.539894 -102.035927
v 15.401751 -42.245026 -102.197670
v 12.806511 -37.461365 -104.882851
v 21.074142 -44.623238 -101.507805
v 28.331736 -42.240074 -101.749588
v 13.776941 -42.417488 -104.423218
v 9.829206 -34.814957 -159.160080
v 8.063289 -30.089062 -159.439804
v 9.479323 -30.424915 -162.345322
v 10.489363 -34.146545 -161.563049
v 13.913098 -32.171852 -163.863693
v 15.106331 -39.057281 -159.353165
v 14.626067 -36.786346 -162.309845
v 19.054066 -34.643311 -163.065720
v 20.542717 -46.157272 -104.164108
v 18.936062 -38.208984 -162.176163
v 21.648479 -36.141045 -160.388794
v 20.408211 -39.976555 -159.880478
v 28.343288 -46.418037 -104.229301
v 30.799894 -42.848236 -104.541222
v 27.234226 -45.392319 -102.002098
v -83.322144 -51.492165 -110.077461
v -76.423508 -51.096069 -102.946945
v -70.326965 -48.669998 -96.851227
v -83.322144 -61.211311 -110.077461
v -61.827454 -42.898575 -88.740387
v -75.364784 -55.622269 -101.797447
v -69.238533 -53.220123 -95.645615
v -61.843956 -52.824852 -88.350891
v -55.518837 -51.451721 -147.505020
v -57.044621 -52.051636 -148.093384
v -56.000748 -53.093857 -148.561264
v -57.292179 -52.103622 -149.643097
v -54.546757 -52.843819 -148.386322
v -53.662148 -50.666954 -148.458115
v -55.858814 -53.269623 -149.817215
v -46.355042 -48.086563 -193.101181
v -47.550751 -47.036095 -192.927063
v -46.688419 -46.631744 -194.606323
v -45.966373 -47.641785 -194.380234
v -45.134579 -45.927032 -195.552002
v -44.740959 -48.004875 -193.299225
v -44.637810 -47.341415 -194.880295
v -43.914112 -45.391479 -194.960342
v -53.915482 -53.177200 -150.038361
v -43.698738 -46.629272 -194.664917
v -43.749073 -45.342789 -193.408142
v -43.645924 -46.879303 -193.439499
v -52.600945 -51.931984 -150.163803
v -52.719772 -50.227951 -150.138214
v -53.243771 -51.964989 -148.854218
v -15.401965 -42.245026 -102.197670
v -15.323572 -38.539894 -102.035927
v -21.623114 -40.471680 -100.716446
v -12.806726 -37.461365 -104.882851
v -21.074358 -44.623238 -101.507805
v -28.331125 -42.240074 -101.749588
v -13.777156 -42.417488 -104.423218
v -27.233616 -45.392319 -102.002098
v -9.829421 -34.814957 -159.160080
v -8.063503 -30.089062 -159.439804
v -9.479539 -30.424915 -162.345322
v -20.542107 -46.157272 -104.164108
v -15.105721 -39.057281 -159.353165
v -10.489577 -34.146545 -161.563049
v -13.913313 -32.171852 -163.863693
v -14.626282 -36.786346 -162.309845
v -19.053455 -34.643311 -163.065720
v -20.407600 -39.976555 -159.880478
v -18.935452 -38.208984 -162.176163
v -21.647869 -36.141045 -160.388794
v -28.342678 -46.418037 -104.229301
v -30.800110 -42.848236 -104.541222
v 14.501463 -1.424279 11.125175
v 13.597874 -2.377797 38.513405
v 18.747917 -3.331306 12.268070
v 19.651506 -2.377788 -15.120161
v 17.374792 -4.960659 39.651764
v 22.506683 -6.590003 13.401890
v 23.879807 -4.960650 -13.981805
v 19.724125 -8.493732 40.522346
v 23.733335 -10.397453 14.008820
v 26.515894 -8.493724 -13.111637
v 19.504210 -12.990635 40.892857
v 22.050350 -15.583806 14.142914
v 26.279476 -12.990625 -12.741125
v 17.632254 -17.785433 40.951035
v 19.776112 -19.987047 14.125170
v 24.194206 -17.785421 -12.682950
v 13.450577 -22.958170 40.653961
v 13.570642 -26.212322 13.630465
v 19.896175 -23.241201 -12.898327
v 6.940198 -28.522875 40.058167
v 5.367375 -31.141626 12.838688
v 11.997820 -28.831076 -13.589016
v 1.768286 -31.195681 39.455776
v 0.000305 -31.370203 12.006481
v 3.599395 -31.316149 -14.610608
v -3.599197 -31.316149 -14.610608
v -1.768088 -31.195681 39.455776
v -5.367590 -31.141626 12.838688
v -11.998034 -28.831076 -13.589016
v -6.940413 -28.522875 40.058167
v -13.570857 -26.212322 13.630465
v -19.895979 -23.241201 -12.898327
v -13.450378 -22.958170 40.653961
v -19.775501 -19.987047 14.125170
v -24.193596 -17.785421 -12.682950
v -17.632055 -17.785433 40.951035
v -22.050152 -15.583806 14.142914
v -26.279278 -12.990625 -12.741125
v -19.504011 -12.990635 40.892857
v -23.733137 -10.397453 14.008820
v -26.516108 -8.493724 -13.111637
v -19.723515 -8.493732 40.522346
v -22.506485 -6.590003 13.401890
v -23.880020 -4.960650 -13.981805
v -17.374596 -4.960659 39.651764
v -18.748131 -3.331306 12.268070
v -19.651722 -2.377788 -15.120161
v -13.597675 -2.377797 38.513405
v -14.501265 -1.424279 11.125175
v -16.673180 -23.099686 13.877817
v 16.624691 -2.377793 11.696623
v 23.120010 -8.493728 13.705355
v -9.469223 -28.676975 13.234575
v 20.913231 -17.785427 14.134042
v 16.673378 -23.099684 13.877817
v 9.469009 -28.676973 13.234576
v 2.683840 -31.255915 12.422585
v -23.119812 -8.493729 13.705355
v -2.683642 -31.255915 12.422585
v -20.912827 -17.785427 14.134043
v 22.891842 -12.990629 14.075867
v -22.891644 -12.990630 14.075867
v -16.624699 -2.377793 11.696621
v -20.627308 -4.960654 12.834980
v 20.627300 -4.960654 12.834980
v 34.788475 -13.886819 174.669403
v 37.904003 -8.430213 164.054077
v 35.489891 4.443659 170.924652
v 32.374367 -1.012947 181.539978
v -32.374168 -1.012947 181.539978
v -35.489281 4.443659 170.924652
v -37.903393 -8.430214 164.054077
v -34.788280 -13.886819 174.669403
v 35.139183 -4.721581 172.797028
v -35.138779 -4.721581 172.797028
v 17.624657 -37.456482 -17.039049
v 18.065413 -36.360817 33.904346
v 18.204870 -35.682045 65.954689
v -17.552113 -37.430000 -17.051331
v -18.195108 -36.408333 33.926479
v -18.174110 -35.670471 65.960251
v 15.658799 40.112785 -173.664917
v 19.952702 43.684639 -147.364304
v 31.551235 53.333626 -76.314575
v -15.659014 40.112785 -173.664917
v -19.952091 43.684639 -147.364304
v -31.551037 53.333626 -76.314575
v -25.875530 41.276245 -146.306030
v -21.190695 37.873550 -172.185471
v -38.935562 50.301888 -76.398186
v -39.195076 50.473259 -74.991287
v 21.429865 37.776649 -172.121475
v 26.142202 41.168076 -146.258499
v 39.050339 50.254990 -76.399483
v 39.285110 50.419487 -75.078468
v 12.316976 56.417107 154.311844
v 14.141500 64.533386 140.759109
v 14.821123 67.951881 134.277740
v -14.359794 64.846077 140.450455
v -12.270750 56.421288 154.311844
v -15.040423 67.878532 134.277740
v 57.797810 6.931639 71.590126
v 56.303383 7.998613 89.389587
v 57.546951 1.958183 90.064598
v 59.410240 1.843484 71.463043
v 33.235046 -41.411591 -13.924872
v 33.237522 -50.568787 -13.100503
v 41.502678 -50.216415 -51.322727
v 41.489475 -41.679771 -51.991131
v 12.738020 80.458199 36.450020
v 12.251155 78.949730 78.537453
v 17.468864 76.706024 78.628227
v 17.706520 78.767372 36.122417
v 32.333935 33.781006 157.863480
v 20.069056 18.171606 182.031784
v 31.210842 26.297308 162.422668
v 16.680803 26.709076 182.087906
v 49.920494 25.754337 107.962257
v 45.381920 25.838505 126.187523
v 46.482731 18.877157 126.384743
v 50.889275 18.981958 108.057159
v 30.968235 -23.170626 -147.255798
v 43.101082 -23.702885 -89.586197
v 35.406136 -28.058266 -91.306732
v 18.619186 -29.526281 -149.270920
v -57.798023 6.931639 71.590126
v -59.410458 1.843484 71.463043
v -57.547165 1.958183 90.064598
v -56.303596 7.998613 89.389587
v -33.234436 -41.411591 -13.924872
v -41.489689 -41.679771 -51.991131
v -41.502068 -50.216415 -51.322727
v -33.237736 -50.568787 -13.100503
v -12.737410 80.458199 36.450020
v -17.706736 78.767372 36.122417
v -17.469080 76.706024 78.628227
v -12.250545 78.949730 78.537453
v -20.069269 18.171606 182.031784
v -32.334148 33.781006 157.863480
v -31.211058 26.297308 162.422668
v -16.680193 26.709076 182.087906
v -49.920712 25.754337 107.962257
v -50.889488 18.981958 108.057159
v -46.482948 18.877157 126.384743
v -45.382137 25.838505 126.187523
v -30.967625 -23.170626 -147.255798
v -18.619402 -29.526281 -149.270920
v -35.406349 -28.058266 -91.306732
v -43.101295 -23.702885 -89.586197
v 21.562658 7.133024 -159.654358
v 25.210848 7.241943 -124.557976
v 23.559631 4.759757 -124.511765
v 20.644217 5.657574 -159.638672
v 20.875271 1.953267 -124.431725
v 18.417839 3.720016 -159.555328
v 32.554260 21.884207 -116.299423
v 38.702789 26.748728 -75.543846
v 37.487278 20.155418 -75.388710
v 31.564852 16.956142 -116.205345
v 35.127220 14.074553 -75.234406
v 52.958038 33.320557 73.737289
v 49.370090 17.266384 78.100098
v 48.756969 19.549706 41.939209
v 52.373802 34.621895 40.240135
v 46.665100 22.443672 -5.497142
v 48.582855 32.511879 -5.990608
v 52.278904 45.741402 70.150986
v 52.958038 33.320557 73.737289
v 52.373802 34.621895 40.240135
v 51.230907 46.449425 38.903320
v 48.582855 32.511879 -5.990608
v 47.649559 42.616394 -6.488198
v 37.193508 43.283165 -59.328758
v 42.841969 43.660271 -29.283394
v 44.508865 39.532646 -29.744680
v 36.813095 42.796303 -62.371254
v 40.155960 35.257317 -61.975983
v 23.628122 26.648890 -148.476257
v 26.446989 29.914185 -132.704300
v 29.496086 24.536388 -132.639114
v 26.865364 22.048426 -148.449036
v 29.959846 20.000290 -132.568970
v 32.338882 -15.686928 -158.348068
v 28.478621 -16.470036 -171.887878
v 24.687674 -9.965021 -172.847580
v 28.110584 -8.492049 -158.754898
v 54.589451 -11.392623 -83.802406
v 50.399933 -5.876193 -84.840500
v 26.696199 -66.660118 163.253632
v 28.631281 -61.302948 162.370682
v 22.461296 -61.129662 170.779419
v 20.777073 -66.467850 171.217590
v 10.853274 -60.840843 179.465439
v 10.440677 -66.501686 179.245087
v -23.559021 4.759757 -124.511765
v -25.210238 7.241943 -124.557976
v -21.562048 7.133024 -159.654358
v -20.644432 5.657574 -159.638672
v -20.874660 1.953267 -124.431725
v -18.418055 3.720016 -159.555328
v -37.487492 20.155418 -75.388710
v -38.703007 26.748728 -75.543846
v -32.554474 21.884207 -116.299423
v -31.565065 16.956142 -116.205345
v -35.126610 14.074553 -75.234406
v -48.756359 19.549706 41.939209
v -49.369480 17.266384 78.100098
v -52.957428 33.320557 73.737289
v -52.374016 34.621895 40.240135
v -46.664490 22.443672 -5.497142
v -48.583069 32.511879 -5.990608
v -52.374016 34.621895 40.240135
v -52.957428 33.320557 73.737289
v -52.279118 45.741402 70.150986
v -51.230297 46.449425 38.903320
v -48.583069 32.511879 -5.990608
v -47.649773 42.616394 -6.488198
v -44.509079 39.532646 -29.744680
v -42.841358 43.660271 -29.283394
v -37.193722 43.283165 -59.328758
v -36.812485 42.796303 -62.371254
v -40.156174 35.257317 -61.975983
v -29.496302 24.536388 -132.639114
v -26.447205 29.914185 -132.704300
v -23.628338 26.648890 -148.476257
v -26.864754 22.048426 -148.449036
v -29.960060 20.000290 -132.568970
v -24.687063 -9.965021 -172.847580
v -28.478010 -16.470036 -171.887878
v -32.339100 -15.686928 -158.348068
v -28.110798 -8.492049 -158.754898
v -54.588840 -11.392623 -83.802406
v -50.400150 -5.876193 -84.840500
v -22.460686 -61.129662 170.779419
v -28.630671 -61.302948 162.370682
v -26.695589 -66.660118 163.253632
v -20.777288 -66.467850 171.217590
v -10.852664 -60.840843 179.465439
v -10.440066 -66.501686 179.245087
v 26.677219 -47.763145 169.681900
v 36.766056 -46.487396 155.828522
v 39.078255 -41.373657 154.331619
v 28.661814 -41.471863 169.165329
v 12.048982 -41.359634 180.196548
v 10.987781 -49.100792 180.343445
v -39.077644 -41.373657 154.331619
v -36.765446 -46.487396 155.828522
v -26.677435 -47.763145 169.681900
v -28.662029 -41.471863 169.165329
v -12.049197 -41.359634 180.196548
v -10.987170 -49.100792 180.343445
v 50.878548 45.775230 93.153313
v 41.933430 43.566177 130.299484
v 50.254700 42.939857 97.011925
v 49.474064 48.726952 93.152489
v 39.913353 49.002563 130.301132
v 30.444235 44.672760 155.189850
v 37.814880 54.651848 130.303604
v 39.002335 40.578140 138.716476
v -41.932819 43.566177 130.299484
v -50.878761 45.775230 93.153313
v -50.254089 42.939857 97.011925
v -49.474281 48.726952 93.152489
v -39.913567 49.002563 130.301132
v -30.444450 44.672760 155.189850
v -39.001724 40.578140 138.716476
v -37.815094 54.651848 130.303604
vn 0.1715 0.9785 -0.1149
vn 0.1719 0.0095 -0.9851
vn 0.6438 0.0992 -0.7587
vn 0.4880 -0.1290 -0.8633
vn 0.3026 -0.1025 -0.9476
vn 0.7248 0.0617 -0.6862
vn -0.0331 -0.3633 0.9311
vn -0.0760 -0.6263 0.7759
vn -0.7820 0.5562 0.2813
vn -0.9022 0.3968 0.1689
vn 0.1673 0.9542 0.2482
vn -0.0102 -0.9988 0.0481
vn 0.0834 -0.9577 0.2754
vn -0.1994 -0.9651 -0.1696
vn -0.3698 -0.9024 0.2212
vn -0.8241 -0.1226 -0.5530
vn 0.3761 -0.9145 -0.1492
vn 0.9824 -0.1670 0.0836
vn 0.9983 0.0120 0.0567
vn 0.8660 -0.4956 0.0659
vn 0.0839 0.0107 -0.9964
vn -0.6366 -0.0000 -0.7712
vn -0.0717 0.0702 0.9949
vn -0.9314 -0.2302 -0.2818
vn 0.2212 -0.9737 0.0553
vn 0.1093 -0.9810 0.1604
vn -0.1715 0.9785 -0.1149
vn -0.6436 0.0992 -0.7589
vn -0.1719 0.0095 -0.9851
vn -0.3027 -0.1025 -0.9476
vn -0.4878 -0.1290 -0.8633
vn -0.7245 0.0618 -0.6865
vn 0.0760 -0.6263 0.7759
vn 0.0331 -0.3633 0.9311
vn 0.9022 0.3968 0.1689
vn 0.7820 0.5562 0.2813
vn -0.1673 0.9542 0.2482
vn 0.0102 -0.9988 0.0481
vn -0.0834 -0.9577 0.2754
vn 0.1994 -0.9651 -0.1696
vn 0.3698 -0.9024 0.2212
vn 0.8241 -0.1226 -0.5530
vn -0.3762 -0.9144 -0.1492
vn -0.9824 -0.1671 0.0836
vn -0.8658 -0.4960 0.0659
vn -0.9983 0.0120 0.0567
vn 0.6366 -0.0000 -0.7712
vn 0.0717 0.0702 0.9949
vn 0.9314 -0.2303 -0.2818
vn -0.1093 -0.9810 0.1604
vn -0.2212 -0.9737 0.0553
vn 0.1377 0.9870 -0.0827
vn 0.1574 0.9794 -0.1267
vn 0.4375 0.8985 -0.0354
vn 0.1727 0.9848 0.0210
vn 0.4245 0.9053 0.0166
vn 0.7846 0.6170 -0.0613
vn 0.5660 0.8242 -0.0166
vn 0.7868 0.6170 -0.0180
vn 0.8357 0.5315 -0.1381
vn 0.3528 0.9210 -0.1652
vn 0.9661 0.2516 -0.0583
vn 0.9774 0.2105 -0.0199
vn 0.9621 0.2404 -0.1289
vn 0.3707 0.8960 -0.2443
vn 0.6401 0.7455 -0.1856
vn -0.0000 0.9800 -0.1991
vn 0.3519 0.9213 -0.1654
vn 0.3703 0.8962 -0.2444
vn 0.0002 0.9721 -0.2344
vn 0.8062 0.5529 -0.2106
vn 0.3072 0.9112 -0.2745
vn -0.0000 0.9643 -0.2647
vn -0.0000 0.9648 -0.2630
vn 0.7375 0.6290 -0.2459
vn 0.4106 0.8345 -0.3674
vn 0.6095 0.7437 -0.2746
vn 0.3423 0.8137 -0.4698
vn 0.9575 0.2302 -0.1738
vn 0.9399 0.2769 -0.1997
vn 0.9051 0.3710 -0.2077
vn 0.9929 -0.0519 -0.1069
vn 0.9883 -0.0626 -0.1392
vn 0.9868 -0.0543 -0.1524
vn 0.9862 -0.0434 -0.1598
vn 0.9962 -0.0713 -0.0499
vn 0.9928 -0.1177 -0.0242
vn 0.9500 -0.2986 -0.0911
vn 0.9462 -0.3200 -0.0477
vn 0.9575 -0.2861 -0.0359
vn 0.9549 -0.2737 -0.1149
vn 0.8084 -0.5849 -0.0654
vn 0.8741 -0.4832 -0.0498
vn 0.6623 -0.7463 -0.0664
vn 0.8139 -0.5767 -0.0707
vn 0.6379 -0.7665 -0.0748
vn 0.5352 -0.8434 -0.0464
vn 0.7136 -0.6985 -0.0536
vn 0.9435 -0.3083 -0.1218
vn 0.9506 -0.2838 -0.1258
vn 0.8614 -0.4988 -0.0960
vn 0.8686 -0.4868 -0.0926
vn 0.8842 -0.4560 -0.1010
vn 0.7552 -0.6503 -0.0825
vn 0.7635 -0.6418 -0.0717
vn 0.7756 -0.6266 -0.0764
vn 0.5696 -0.8169 -0.0910
vn 0.7031 -0.7070 -0.0763
vn 0.7757 -0.6263 -0.0771
vn 0.6409 -0.7619 -0.0939
vn 0.7523 -0.6547 -0.0727
vn 0.7060 -0.7048 -0.0686
vn 0.4200 -0.8983 -0.1289
vn 0.5809 -0.8075 -0.1029
vn 0.7041 -0.7062 -0.0738
vn 0.6575 -0.7507 -0.0643
vn 0.6814 -0.7251 -0.0998
vn 0.5042 -0.8547 -0.1234
vn -0.0000 -0.9867 -0.1623
vn -0.0000 -0.9917 -0.1285
vn -0.0000 -0.9883 -0.1527
vn -0.0000 -0.9901 -0.1400
vn -0.5809 -0.8075 -0.1029
vn -0.6813 -0.7251 -0.0998
vn -0.7694 -0.6342 -0.0764
vn -0.5042 -0.8547 -0.1234
vn -0.4200 -0.8983 -0.1289
vn -0.7045 -0.7060 -0.0725
vn -0.7136 -0.6985 -0.0536
vn -0.6460 -0.7576 -0.0930
vn -0.5696 -0.8169 -0.0910
vn -0.7611 -0.6446 -0.0719
vn -0.7756 -0.6266 -0.0764
vn -0.7552 -0.6502 -0.0825
vn -0.8686 -0.4868 -0.0926
vn -0.8842 -0.4560 -0.1010
vn -0.9506 -0.2838 -0.1258
vn -0.8139 -0.5767 -0.0707
vn -0.9434 -0.3084 -0.1218
vn -0.6378 -0.7665 -0.0748
vn -0.9862 -0.0433 -0.1599
vn -0.8614 -0.4987 -0.0960
vn -0.9868 -0.0543 -0.1524
vn -0.9051 0.3710 -0.2077
vn -0.9550 -0.2736 -0.1149
vn -0.9399 0.2770 -0.1997
vn -0.6096 0.7436 -0.2746
vn -0.9883 -0.0626 -0.1392
vn -0.4106 0.8345 -0.3674
vn -0.3423 0.8137 -0.4698
vn -0.7375 0.6290 -0.2459
vn -0.3072 0.9112 -0.2745
vn -0.9575 0.2302 -0.1738
vn -0.0002 0.9721 -0.2344
vn -0.8062 0.5528 -0.2106
vn -0.3703 0.8962 -0.2444
vn -0.4563 0.8725 -0.1745
vn -0.7981 0.5836 -0.1498
vn -0.4375 0.8985 -0.0354
vn -0.9621 0.2403 -0.1289
vn -0.7846 0.6170 -0.0613
vn -0.9929 -0.0519 -0.1069
vn -0.9661 0.2516 -0.0583
vn -0.4245 0.9053 0.0166
vn -0.1727 0.9848 0.0210
vn -0.1377 0.9870 -0.0827
vn -0.1574 0.9794 -0.1267
vn -0.5660 0.8242 -0.0166
vn -0.7868 0.6170 -0.0180
vn -0.9774 0.2105 -0.0199
vn -0.9962 -0.0713 -0.0499
vn -0.9928 -0.1177 -0.0242
vn -0.9500 -0.2986 -0.0911
vn -0.9462 -0.3200 -0.0477
vn -0.9575 -0.2861 -0.0359
vn -0.8084 -0.5849 -0.0655
vn -0.8741 -0.4832 -0.0498
vn -0.6623 -0.7463 -0.0664
vn -0.5352 -0.8435 -0.0464
vn 0.3447 0.9387 0.0010
vn 0.3483 0.9373 0.0113
vn 0.3087 0.9454 -0.1048
vn 0.3083 0.9460 -0.0997
vn 0.3445 0.9388 0.0006
vn 0.3101 0.9428 -0.1224
vn -0.0000 -0.6909 0.7229
vn 0.0341 -0.6905 0.7225
vn -0.0341 -0.6905 0.7225
vn -0.5308 0.1666 -0.8310
vn -0.5312 0.1667 -0.8307
vn -0.5334 0.1673 -0.8292
vn -0.5314 0.1668 -0.8306
vn -0.3633 0.0544 0.9301
vn -0.3390 0.1102 0.9343
vn -0.3862 -0.0016 0.9224
vn -0.3482 0.9373 0.0113
vn -0.3447 0.9387 0.0010
vn -0.3445 0.9388 0.0006
vn -0.3083 0.9460 -0.0997
vn -0.3087 0.9454 -0.1047
vn -0.3101 0.9428 -0.1223
vn 0.5307 0.1667 -0.8310
vn 0.5334 0.1673 -0.8292
vn 0.5313 0.1668 -0.8306
vn 0.3389 0.1102 0.9343
vn 0.3632 0.0544 0.9301
vn 0.3862 -0.0016 0.9224
vn 0.3633 0.0544 0.9301
vn 0.9965 0.0708 0.0441
vn 0.9835 0.0822 0.1614
vn 0.9993 0.0351 -0.0164
vn 0.9993 0.0344 -0.0152
vn 0.9965 0.0707 0.0436
vn 0.9978 0.0668 0.0026
vn 0.9999 -0.0000 -0.0164
vn 0.9999 -0.0000 -0.0161
vn 0.9999 -0.0000 -0.0148
vn 0.9992 0.0374 -0.0147
vn 0.9999 -0.0000 -0.0139
vn 0.9980 0.0635 -0.0002
vn 0.9992 0.0407 -0.0046
vn 0.9979 0.0627 0.0134
vn 0.9977 0.0645 0.0207
vn -0.9834 0.0821 0.1617
vn -0.9965 0.0708 0.0439
vn -0.9965 0.0708 0.0435
vn -0.9993 0.0345 -0.0151
vn -0.9993 0.0351 -0.0161
vn -0.9978 0.0668 0.0025
vn -0.9999 -0.0000 -0.0159
vn -0.9999 -0.0000 -0.0161
vn -0.9999 -0.0000 -0.0149
vn -0.9994 0.0328 -0.0146
vn -0.9999 -0.0000 -0.0139
vn -0.9980 0.0635 -0.0002
vn -0.9992 0.0407 -0.0046
vn -0.9979 0.0627 0.0135
vn -0.9977 0.0645 0.0208
vn -0.0839 0.0107 -0.9964
vn -0.0004 0.0049 -1.0000
vn 0.0581 0.0244 -0.9980
vn 0.0757 0.0340 -0.9965
vn -0.0003 0.0049 -1.0000
vn -0.0036 -0.0093 -1.0000
vn -0.1092 0.9937 -0.0252
vn 0.0045 0.9999 -0.0145
vn -0.0000 0.9999 -0.0106
vn 0.0050 0.9999 -0.0144
vn 0.0812 0.9967 -0.0053
vn 0.0966 0.9953 -0.0007
vn 0.0845 0.9962 -0.0195
vn -0.0050 0.9999 -0.0144
vn 0.1092 0.9937 -0.0252
vn -0.0812 0.9967 -0.0053
vn -0.0966 0.9953 -0.0007
vn 0.5642 0.8256 0.0113
vn 0.5711 0.8208 0.0082
vn 0.5697 0.8218 0.0088
vn 0.5616 0.8273 0.0124
vn 0.2150 0.9766 0.0006
vn 0.2097 0.9778 0.0030
vn 0.2118 0.9773 0.0021
vn 0.1630 0.9861 0.0316
vn 0.2894 0.9242 0.2492
vn 0.2161 0.9723 0.0892
vn 0.1307 0.9557 0.2638
vn 0.0708 0.8263 0.5587
vn -0.0000 1.0000 0.0038
vn -0.0000 0.8157 0.5785
vn -0.0000 0.9630 0.2694
vn 0.0367 0.7595 0.6494
vn -0.1307 0.9557 0.2638
vn -0.1630 0.9861 0.0316
vn -0.2161 0.9723 0.0892
vn -0.2894 0.9242 0.2492
vn -0.0708 0.8263 0.5587
vn -0.2150 0.9766 0.0006
vn -0.1631 0.9861 0.0316
vn -0.2118 0.9773 0.0021
vn -0.2097 0.9778 0.0030
vn -0.0367 0.7595 0.6494
vn -0.0000 0.7592 0.6509
vn -0.0000 0.7314 0.6820
vn -0.0779 0.7262 0.6831
vn 0.0779 0.7262 0.6831
vn -0.0654 0.0075 0.9978
vn -0.0636 0.0090 0.9979
vn -0.0754 -0.0010 0.9972
vn -0.0774 -0.0027 0.9970
vn -0.6277 -0.7766 0.0542
vn -0.6293 -0.7756 0.0497
vn -0.6248 -0.7783 0.0623
vn -0.6232 -0.7792 0.0667
vn -0.4308 -0.8980 0.0894
vn -0.4292 -0.8995 0.0821
vn -0.4295 -0.8992 0.0836
vn -0.4311 -0.8977 0.0909
vn 0.2225 0.9704 -0.0938
vn 0.2318 0.9679 -0.0970
vn 0.2293 0.9686 -0.0962
vn 0.2202 0.9710 -0.0930
vn -0.3738 0.9093 -0.1830
vn -0.3818 0.9048 -0.1883
vn -0.3709 0.9108 -0.1811
vn 0.3737 0.9093 -0.1830
vn 0.3709 0.9109 -0.1811
vn 0.3768 0.9069 -0.1886
vn -0.9419 0.3263 0.0799
vn -0.9420 0.3259 0.0800
vn -0.9400 0.3318 0.0796
vn -0.9399 0.3322 0.0795
vn 0.6132 -0.2112 0.7612
vn 0.6129 -0.2115 0.7613
vn 0.6136 -0.2108 0.7610
vn 0.6138 -0.2105 0.7608
vn 0.0971 -0.0343 0.9947
vn 0.0971 -0.0342 0.9947
vn 0.0972 -0.0342 0.9947
vn 0.9398 -0.3303 -0.0875
vn 0.9397 -0.3308 -0.0873
vn 0.9414 -0.3254 -0.0890
vn 0.9415 -0.3249 -0.0892
vn -0.0000 -1.0000 -0.0000
vn -0.0000 -0.8537 -0.5207
vn 0.0787 0.4294 0.8997
vn 0.0755 0.4292 0.9000
vn 0.0801 0.4295 0.8995
vn 0.0825 0.4296 0.8992
vn 0.5753 -0.8170 0.0399
vn 0.5769 -0.8159 0.0392
vn 0.5719 -0.8192 0.0414
vn 0.5707 -0.8201 0.0420
vn -0.0000 -0.6085 0.7935
vn -0.0039 -0.6085 0.7935
vn 0.0039 -0.6085 0.7935
vn 0.0003 0.2449 -0.9695
vn -0.0001 0.2447 -0.9696
vn 0.0005 0.2451 -0.9695
vn 0.0008 0.2452 -0.9695
vn -0.8269 -0.3479 -0.4418
vn -0.8270 -0.3499 -0.4400
vn -0.8239 -0.3122 -0.4729
vn -0.8237 -0.3103 -0.4745
vn -0.9689 -0.1329 -0.2087
vn -0.9689 -0.1337 -0.2082
vn -0.9681 -0.1137 -0.2231
vn -0.9681 -0.1130 -0.2237
vn -0.0037 -0.0182 -0.9998
vn -0.0036 -0.0176 -0.9998
vn -0.0036 -0.0177 -0.9998
vn 0.0739 0.3778 -0.9229
vn 0.0737 0.3813 -0.9215
vn 0.0747 0.3677 -0.9269
vn 0.0750 0.3643 -0.9282
vn -0.9076 0.3537 0.2261
vn -0.9072 0.3542 0.2268
vn -0.9087 0.3523 0.2239
vn -0.9091 0.3518 0.2231
vn 0.1136 0.3401 -0.9335
vn 0.1141 0.3420 -0.9328
vn 0.1051 0.3070 -0.9459
vn 0.1047 0.3053 -0.9465
vn 0.9275 -0.3658 -0.0774
vn 0.9276 -0.3654 -0.0772
vn 0.9177 -0.3874 -0.0880
vn 0.9175 -0.3878 -0.0883
vn 0.0001 -0.5141 0.8577
vn -0.0000 -0.5141 0.8577
vn -0.0001 -0.5141 0.8577
vn 0.0725 -0.8835 -0.4627
vn 0.0714 -0.8835 -0.4629
vn 0.0945 -0.8835 -0.4587
vn 0.0960 -0.8835 -0.4584
vn -0.9560 0.0230 0.2923
vn -0.9559 0.0201 0.2929
vn -0.9567 0.0271 0.2900
vn -0.9559 0.0277 0.2925
vn 0.9555 0.0237 0.2941
vn 0.9541 0.0341 0.2976
vn 0.9535 0.0286 0.3001
vn 0.9561 0.0247 0.2920
vn 0.1797 -0.4471 -0.8762
vn 0.1801 -0.4468 -0.8763
vn 0.1791 -0.4476 -0.8761
vn 0.1787 -0.4479 -0.8761
vn -0.1548 -0.6854 0.7116
vn -0.1563 -0.6853 0.7113
vn -0.1265 -0.6853 0.7172
vn -0.1250 -0.6852 0.7175
vn -0.2123 0.1211 0.9697
vn -0.2138 0.1214 0.9693
vn -0.2031 0.1196 0.9718
vn -0.2018 0.1194 0.9721
vn -0.1150 0.9924 0.0450
vn -0.1153 0.9923 0.0449
vn -0.1201 0.9918 0.0445
vn -0.1208 0.9917 0.0444
vn -0.9681 -0.0399 -0.2473
vn -0.9654 -0.0512 -0.2559
vn -0.9679 -0.0408 -0.2479
vn -0.9723 -0.0208 -0.2326
vn 0.0104 -0.8455 0.5338
vn 0.0098 -0.8456 0.5337
vn 0.0231 -0.8432 0.5371
vn 0.0236 -0.8431 0.5372
vn -0.0135 -0.9894 0.1449
vn -0.0049 -0.9884 0.1521
vn 0.0142 -0.9857 0.1682
vn -0.0346 -0.9913 0.1270
vn 0.0780 -0.9969 0.0061
vn 0.0787 -0.9969 0.0058
vn 0.0771 -0.9970 0.0064
vn 0.0765 -0.9970 0.0066
vn 0.1152 0.9767 -0.1808
vn 0.0296 0.9836 -0.1780
vn 0.0406 0.9831 -0.1784
vn 0.1232 0.9757 -0.1810
vn -0.9598 -0.2627 -0.0987
vn -0.9430 -0.3278 -0.0578
vn -0.9503 -0.3023 -0.0740
vn -0.9641 -0.2408 -0.1120
vn 0.0294 -0.9923 -0.1203
vn 0.0300 -0.9923 -0.1201
vn 0.0299 -0.9923 -0.1201
vn 0.0293 -0.9923 -0.1203
vn -0.9666 0.1116 -0.2309
vn -0.9665 0.1106 -0.2315
vn -0.9670 0.1315 -0.2181
vn -0.9670 0.1325 -0.2174
vn 0.1401 -0.3616 -0.9218
vn 0.1404 -0.3615 -0.9217
vn 0.1392 -0.3618 -0.9218
vn 0.1386 -0.3620 -0.9218
vn 0.7112 0.0145 0.7028
vn 0.7109 0.0170 0.7031
vn 0.7110 0.0159 0.7030
vn 0.7113 0.0135 0.7027
vn 0.9827 -0.0009 -0.1851
vn 0.9827 -0.0000 -0.1850
vn 0.9827 -0.0001 -0.1850
vn 0.9827 -0.0010 -0.1851
vn 0.9418 0.0162 0.3359
vn 0.9411 0.0224 0.3375
vn 0.9412 0.0211 0.3372
vn 0.9419 0.0147 0.3355
vn -0.6667 -0.0686 -0.7421
vn -0.6703 -0.0642 -0.7393
vn -0.6680 -0.0670 -0.7411
vn -0.6644 -0.0714 -0.7439
vn -0.1500 0.0679 0.9864
vn -0.1541 0.0695 0.9856
vn -0.1397 0.0638 0.9881
vn -0.1355 0.0622 0.9888
vn -0.9911 0.0076 0.1325
vn -0.9911 0.0077 0.1326
vn -0.9975 0.0024 0.0701
vn -0.9975 0.0037 0.0700
vn -0.9975 0.0035 0.0700
vn -0.9975 0.0022 0.0701
vn 0.3899 0.9016 -0.1872
vn 0.4007 0.8975 -0.1844
vn 0.4066 0.8941 -0.1880
vn 0.4104 0.8936 -0.1819
vn 0.1699 0.1320 0.9766
vn 0.1755 0.1414 0.9743
vn 0.1498 0.0985 0.9838
vn 0.1439 0.0888 0.9856
vn 0.5085 0.0623 0.8588
vn 0.5171 0.0675 0.8532
vn 0.5119 0.0644 0.8566
vn 0.5031 0.0592 0.8622
vn 0.9772 0.0191 0.2115
vn 0.9772 0.0193 0.2115
vn 0.9772 0.0182 0.2117
vn 0.9772 0.0181 0.2118
vn 0.1264 -0.0991 -0.9870
vn 0.1266 -0.0959 -0.9873
vn 0.1257 -0.1091 -0.9860
vn 0.1255 -0.1123 -0.9857
vn 0.9199 -0.3919 0.0120
vn 0.9200 -0.3918 0.0120
vn 0.9196 -0.3927 0.0122
vn 0.9195 -0.3928 0.0122
vn 0.4062 -0.2017 -0.8913
vn 0.4063 -0.1990 -0.8918
vn 0.4059 -0.2080 -0.8900
vn 0.4057 -0.2106 -0.8894
vn 0.9207 -0.3894 0.0268
vn 0.9209 -0.3889 0.0265
vn 0.9204 -0.3901 0.0273
vn 0.9201 -0.3906 0.0276
vn -0.5911 -0.0800 -0.8026
vn -0.5909 -0.0760 -0.8032
vn -0.5928 -0.1107 -0.7977
vn -0.5930 -0.1145 -0.7970
vn -0.2024 -0.8824 -0.4248
vn -0.1936 -0.8776 -0.4386
vn -0.1938 -0.8777 -0.4383
vn -0.2026 -0.8825 -0.4243
vn -0.7652 -0.4736 -0.4361
vn -0.7665 -0.4733 -0.4342
vn -0.7663 -0.4733 -0.4345
vn -0.7649 -0.4737 -0.4366
vn -0.5720 0.7454 -0.3423
vn -0.5720 0.7454 -0.3422
vn 0.5007 0.7969 -0.3380
vn 0.4956 0.8125 -0.3069
vn 0.4957 0.8123 -0.3074
vn 0.5008 0.7966 -0.3386
vn 0.8931 0.3334 -0.3020
vn 0.8942 0.3335 -0.2988
vn 0.8939 0.3335 -0.2994
vn 0.8929 0.3333 -0.3028
vn 0.7303 -0.5937 -0.3378
vn 0.7308 -0.5922 -0.3395
vn 0.7306 -0.5928 -0.3388
vn 0.7300 -0.5946 -0.3369
vn 0.9963 -0.0040 -0.0863
vn 0.9963 -0.0045 -0.0863
vn 0.9963 0.0073 -0.0862
vn 0.9962 0.0080 -0.0862
vn 0.1529 -0.2432 -0.9579
vn 0.0786 -0.2130 -0.9739
vn 0.1043 -0.2236 -0.9691
vn 0.1922 -0.2586 -0.9467
vn 0.1212 -0.8751 0.4686
vn 0.1242 -0.8730 0.4717
vn 0.1240 -0.8731 0.4715
vn 0.1207 -0.8754 0.4681
vn 0.9479 -0.2709 -0.1676
vn 0.9481 -0.2710 -0.1662
vn 0.9481 -0.2710 -0.1664
vn 0.9478 -0.2709 -0.1680
vn 0.5322 0.8205 0.2089
vn 0.5301 0.8223 0.2069
vn 0.5303 0.8221 0.2070
vn 0.5325 0.8202 0.2092
vn -0.1337 0.2747 0.9522
vn -0.1392 0.2742 0.9515
vn -0.1382 0.2743 0.9517
vn -0.1320 0.2748 0.9524
vn 0.1700 0.7127 0.6806
vn 0.2859 0.6395 0.7137
vn 0.1903 0.7010 0.6873
vn 0.0816 0.7579 0.6472
vn -0.1940 0.7965 0.5727
vn -0.1976 0.7971 0.5706
vn -0.1885 0.7955 0.5759
vn -0.1849 0.7948 0.5780
vn 0.2125 0.7118 -0.6695
vn 0.2121 0.7077 -0.6739
vn 0.2123 0.7096 -0.6719
vn 0.2131 0.7186 -0.6620
vn 0.8404 -0.4508 0.3008
vn 0.8069 -0.5067 0.3036
vn 0.9660 -0.0541 0.2530
vn 0.9692 -0.0140 0.2458
vn 0.4607 -0.3652 -0.8089
vn 0.4559 -0.3258 -0.8282
vn 0.4663 -0.4240 -0.7764
vn 0.4695 -0.4742 -0.7448
vn -0.0781 -0.5647 0.8216
vn -0.0794 -0.5664 0.8203
vn -0.0754 -0.5612 0.8243
vn -0.0732 -0.5581 0.8265
vn -0.2307 0.1229 0.9652
vn -0.2335 0.1272 0.9640
vn -0.2313 0.1239 0.9650
vn -0.2279 0.1188 0.9664
vn 0.6128 0.6659 0.4254
vn 0.6188 0.6618 0.4233
vn 0.6159 0.6638 0.4243
vn 0.6098 0.6680 0.4265
vn -0.0468 -0.0334 0.9983
vn -0.1046 -0.0356 0.9939
vn -0.1030 -0.0356 0.9940
vn -0.0000 -0.0333 0.9994
vn 0.0468 -0.0334 0.9983
vn -0.0000 -0.0334 0.9994
vn 0.1030 -0.0356 0.9940
vn 0.1045 -0.0356 0.9939
vn -0.0892 -0.5299 0.8434
vn -0.1242 -0.5297 0.8390
vn -0.1228 -0.5297 0.8392
vn -0.0879 -0.5299 0.8435
vn -0.8641 0.2440 -0.4402
vn -0.8630 0.2429 -0.4430
vn -0.8749 0.2549 -0.4118
vn -0.8753 0.2554 -0.4106
vn 0.0140 -0.3014 -0.9534
vn 0.0057 -0.2991 -0.9542
vn 0.1317 -0.3316 -0.9342
vn 0.1395 -0.3335 -0.9324
vn 0.2124 -0.9591 -0.1870
vn 0.2129 -0.9589 -0.1875
vn 0.2125 -0.9591 -0.1871
vn 0.2120 -0.9593 -0.1866
vn -0.0197 0.0035 -0.9998
vn -0.0757 0.0340 -0.9965
vn -0.0581 0.0244 -0.9980
vn 0.0036 -0.0093 -1.0000
vn 0.2465 0.9543 -0.1692
vn 0.2470 0.9542 -0.1690
vn 0.2460 0.9544 -0.1693
vn 0.2458 0.9544 -0.1694
vn -0.2466 -0.9545 0.1678
vn -0.2460 -0.9547 0.1675
vn -0.2481 -0.9540 0.1685
vn -0.2487 -0.9537 0.1688
vn 0.4402 -0.8576 0.2659
vn 0.3811 -0.9072 0.1780
vn 0.6237 -0.4942 0.6056
vn 0.6485 -0.3166 0.6923
vn -0.1342 -0.0756 0.9881
vn -0.1348 -0.0757 0.9880
vn -0.1390 -0.0764 0.9873
vn -0.1405 -0.0766 0.9871
vn -0.5642 0.8256 0.0113
vn -0.5616 0.8273 0.0124
vn -0.5698 0.8218 0.0088
vn -0.5712 0.8208 0.0082
vn 0.0654 0.0075 0.9978
vn 0.0774 -0.0027 0.9970
vn 0.0754 -0.0010 0.9972
vn 0.0636 0.0090 0.9979
vn 0.6277 -0.7766 0.0539
vn 0.6232 -0.7793 0.0665
vn 0.6248 -0.7783 0.0620
vn 0.6293 -0.7756 0.0494
vn 0.4308 -0.8980 0.0894
vn 0.4311 -0.8977 0.0909
vn 0.4295 -0.8992 0.0834
vn 0.4291 -0.8995 0.0819
vn -0.2225 0.9704 -0.0938
vn -0.2202 0.9710 -0.0930
vn -0.2293 0.9686 -0.0962
vn -0.2318 0.9679 -0.0970
vn 0.2303 -0.0725 -0.9704
vn -0.3785 0.9055 -0.1920
vn -0.3643 0.9129 -0.1842
vn 0.9419 0.3263 0.0799
vn 0.9398 0.3324 0.0795
vn 0.9399 0.3320 0.0795
vn 0.9420 0.3259 0.0799
vn -0.6132 -0.2113 0.7611
vn -0.6139 -0.2106 0.7608
vn -0.6136 -0.2108 0.7609
vn -0.6130 -0.2115 0.7613
vn -0.0971 -0.0343 0.9947
vn -0.0972 -0.0342 0.9947
vn -0.9399 -0.3301 -0.0875
vn -0.9415 -0.3249 -0.0892
vn -0.9414 -0.3253 -0.0890
vn -0.9397 -0.3306 -0.0873
vn -0.0787 0.4294 0.8997
vn -0.0825 0.4296 0.8992
vn -0.0801 0.4295 0.8995
vn -0.0755 0.4292 0.9000
vn -0.5753 -0.8170 0.0399
vn -0.5707 -0.8201 0.0420
vn -0.5719 -0.8192 0.0414
vn -0.5769 -0.8159 0.0392
vn -0.0003 0.2449 -0.9695
vn -0.0008 0.2452 -0.9695
vn 0.0001 0.2447 -0.9696
vn 0.8269 -0.3479 -0.4418
vn 0.8237 -0.3103 -0.4745
vn 0.8239 -0.3122 -0.4729
vn 0.8270 -0.3499 -0.4400
vn 0.9689 -0.1329 -0.2087
vn 0.9681 -0.1133 -0.2234
vn 0.9682 -0.1140 -0.2229
vn 0.9689 -0.1337 -0.2082
vn 0.0037 -0.0182 -0.9998
vn 0.0036 -0.0177 -0.9998
vn 0.0036 -0.0176 -0.9998
vn -0.0739 0.3778 -0.9229
vn -0.0750 0.3643 -0.9283
vn -0.0747 0.3677 -0.9269
vn -0.0737 0.3814 -0.9215
vn 0.9076 0.3535 0.2264
vn 0.9091 0.3516 0.2235
vn 0.9087 0.3521 0.2242
vn 0.9072 0.3540 0.2271
vn -0.1136 0.3401 -0.9335
vn -0.1047 0.3054 -0.9465
vn -0.1051 0.3070 -0.9459
vn -0.1141 0.3420 -0.9328
vn -0.9275 -0.3658 -0.0774
vn -0.9175 -0.3878 -0.0883
vn -0.9177 -0.3874 -0.0881
vn -0.9276 -0.3654 -0.0772
vn -0.0725 -0.8835 -0.4627
vn -0.0960 -0.8835 -0.4584
vn -0.0945 -0.8835 -0.4587
vn -0.0714 -0.8835 -0.4629
vn 0.9568 0.0213 0.2898
vn 0.9560 0.0231 0.2924
vn 0.9567 0.0185 0.2903
vn 0.9554 0.0221 0.2944
vn -0.1797 -0.4471 -0.8762
vn -0.1787 -0.4479 -0.8761
vn -0.1791 -0.4476 -0.8761
vn -0.1801 -0.4469 -0.8763
vn 0.1547 -0.6854 0.7116
vn 0.1250 -0.6852 0.7175
vn 0.1265 -0.6852 0.7172
vn 0.1562 -0.6853 0.7113
vn 0.2123 0.1211 0.9697
vn 0.2017 0.1193 0.9722
vn 0.2031 0.1196 0.9718
vn 0.2139 0.1214 0.9693
vn 0.1153 0.9923 0.0449
vn 0.1150 0.9923 0.0450
vn 0.1201 0.9918 0.0445
vn 0.1209 0.9917 0.0444
vn 0.9681 -0.0399 -0.2473
vn 0.9724 -0.0208 -0.2326
vn 0.9679 -0.0408 -0.2480
vn 0.9653 -0.0512 -0.2559
vn -0.0104 -0.8455 0.5338
vn -0.0236 -0.8431 0.5372
vn -0.0231 -0.8432 0.5371
vn -0.0098 -0.8456 0.5337
vn -0.0142 -0.9857 0.1682
vn 0.0049 -0.9884 0.1521
vn 0.0135 -0.9894 0.1449
vn 0.0346 -0.9913 0.1270
vn -0.0780 -0.9969 0.0061
vn -0.0765 -0.9970 0.0066
vn -0.0771 -0.9970 0.0064
vn -0.0787 -0.9969 0.0058
vn -0.1152 0.9767 -0.1808
vn -0.1232 0.9757 -0.1810
vn -0.0406 0.9831 -0.1784
vn -0.0296 0.9836 -0.1780
vn 0.9598 -0.2627 -0.0986
vn 0.9641 -0.2408 -0.1120
vn 0.9503 -0.3023 -0.0740
vn 0.9430 -0.3277 -0.0578
vn -0.0294 -0.9923 -0.1203
vn -0.0299 -0.9923 -0.1201
vn -0.0300 -0.9923 -0.1201
vn 0.9666 0.1116 -0.2309
vn 0.9670 0.1324 -0.2175
vn 0.9670 0.1314 -0.2181
vn 0.9665 0.1106 -0.2315
vn -0.1401 -0.3616 -0.9218
vn -0.1386 -0.3620 -0.9218
vn -0.1392 -0.3618 -0.9218
vn -0.1404 -0.3615 -0.9217
vn -0.7112 0.0144 0.7029
vn -0.7113 0.0133 0.7027
vn -0.7110 0.0159 0.7030
vn -0.7108 0.0170 0.7032
vn -0.9827 -0.0010 -0.1851
vn -0.9827 -0.0010 -0.1852
vn -0.9827 -0.0001 -0.1850
vn -0.9827 -0.0000 -0.1850
vn -0.9418 0.0162 0.3358
vn -0.9419 0.0147 0.3354
vn -0.9412 0.0211 0.3371
vn -0.9411 0.0224 0.3375
vn 0.6668 -0.0686 -0.7421
vn 0.6645 -0.0714 -0.7439
vn 0.6681 -0.0670 -0.7410
vn 0.6704 -0.0642 -0.7392
vn 0.1500 0.0679 0.9864
vn 0.1355 0.0622 0.9888
vn 0.1397 0.0638 0.9881
vn 0.1541 0.0695 0.9856
vn 0.9912 0.0076 0.1325
vn 0.9911 0.0077 0.1326
vn 0.9975 0.0024 0.0701
vn 0.9975 0.0022 0.0701
vn 0.9975 0.0035 0.0700
vn 0.9975 0.0037 0.0700
vn -0.0467 0.0760 0.9960
vn -0.0446 0.0754 0.9962
vn -0.0595 0.0791 0.9951
vn -0.0616 0.0796 0.9949
vn -0.3954 0.8997 -0.1849
vn -0.3984 0.8984 -0.1849
vn -0.1699 0.1320 0.9766
vn -0.1439 0.0888 0.9856
vn -0.1498 0.0985 0.9838
vn -0.1755 0.1414 0.9743
vn -0.5085 0.0623 0.8588
vn -0.5031 0.0591 0.8622
vn -0.5119 0.0643 0.8566
vn -0.5171 0.0675 0.8532
vn -0.9772 0.0192 0.2115
vn -0.9772 0.0180 0.2118
vn -0.9772 0.0182 0.2117
vn -0.9772 0.0194 0.2115
vn -0.1264 -0.0991 -0.9870
vn -0.1255 -0.1123 -0.9857
vn -0.1257 -0.1091 -0.9860
vn -0.1266 -0.0959 -0.9873
vn -0.9199 -0.3920 0.0121
vn -0.9195 -0.3928 0.0122
vn -0.9196 -0.3927 0.0122
vn -0.9199 -0.3919 0.0120
vn -0.4062 -0.2017 -0.8913
vn -0.4057 -0.2106 -0.8894
vn -0.4058 -0.2080 -0.8900
vn -0.4063 -0.1990 -0.8918
vn -0.9207 -0.3894 0.0268
vn -0.9202 -0.3906 0.0275
vn -0.9204 -0.3900 0.0272
vn -0.9209 -0.3889 0.0265
vn 0.5911 -0.0801 -0.8026
vn 0.5930 -0.1145 -0.7970
vn 0.5928 -0.1108 -0.7977
vn 0.5909 -0.0761 -0.8032
vn 0.2024 -0.8824 -0.4246
vn 0.2027 -0.8826 -0.4242
vn 0.1938 -0.8777 -0.4382
vn 0.1936 -0.8776 -0.4386
vn 0.7652 -0.4735 -0.4362
vn 0.7650 -0.4735 -0.4365
vn 0.7660 -0.4733 -0.4350
vn 0.7662 -0.4732 -0.4348
vn 0.5718 0.7454 -0.3426
vn 0.5718 0.7454 -0.3427
vn 0.5719 0.7455 -0.3423
vn 0.5719 0.7455 -0.3422
vn -0.5007 0.7969 -0.3380
vn -0.5008 0.7966 -0.3386
vn -0.4957 0.8123 -0.3074
vn -0.4956 0.8125 -0.3069
vn -0.8931 0.3334 -0.3022
vn -0.8929 0.3333 -0.3028
vn -0.8938 0.3335 -0.2998
vn -0.8940 0.3335 -0.2993
vn -0.7303 -0.5935 -0.3383
vn -0.7300 -0.5944 -0.3373
vn -0.7305 -0.5926 -0.3393
vn -0.7307 -0.5920 -0.3399
vn -0.9963 -0.0041 -0.0864
vn -0.9962 0.0080 -0.0862
vn -0.9962 0.0073 -0.0862
vn -0.9963 -0.0046 -0.0864
vn -0.1530 -0.2431 -0.9579
vn -0.1923 -0.2586 -0.9467
vn -0.1043 -0.2236 -0.9691
vn -0.0786 -0.2130 -0.9739
vn -0.1212 -0.8750 0.4687
vn -0.1208 -0.8753 0.4682
vn -0.1240 -0.8731 0.4715
vn -0.1242 -0.8730 0.4717
vn -0.9479 -0.2709 -0.1678
vn -0.9478 -0.2709 -0.1680
vn -0.9480 -0.2710 -0.1670
vn -0.9480 -0.2710 -0.1668
vn -0.5320 0.8207 0.2086
vn -0.5323 0.8204 0.2089
vn -0.5301 0.8223 0.2067
vn -0.5300 0.8225 0.2066
vn 0.1336 0.2747 0.9522
vn 0.1319 0.2748 0.9524
vn 0.1383 0.2743 0.9516
vn 0.1393 0.2742 0.9515
vn -0.1699 0.7127 0.6806
vn -0.0816 0.7579 0.6472
vn -0.1903 0.7010 0.6873
vn -0.2858 0.6394 0.7137
vn 0.1940 0.7965 0.5727
vn 0.1849 0.7948 0.5780
vn 0.1885 0.7955 0.5759
vn 0.1976 0.7971 0.5706
vn -0.2125 0.7117 -0.6695
vn -0.2131 0.7186 -0.6620
vn -0.2123 0.7096 -0.6719
vn -0.2121 0.7077 -0.6739
vn -0.8404 -0.4508 0.3008
vn -0.9692 -0.0141 0.2458
vn -0.9660 -0.0542 0.2530
vn -0.8069 -0.5068 0.3036
vn -0.4607 -0.3652 -0.8089
vn -0.4695 -0.4743 -0.7447
vn -0.4663 -0.4240 -0.7764
vn -0.4559 -0.3259 -0.8282
vn 0.0781 -0.5647 0.8216
vn 0.0732 -0.5581 0.8265
vn 0.0754 -0.5612 0.8243
vn 0.0794 -0.5664 0.8203
vn 0.2307 0.1228 0.9652
vn 0.2279 0.1188 0.9664
vn 0.2313 0.1238 0.9650
vn 0.2335 0.1271 0.9640
vn -0.6128 0.6660 0.4255
vn -0.6098 0.6680 0.4265
vn -0.6158 0.6639 0.4244
vn -0.6187 0.6618 0.4233
vn 0.0892 -0.5299 0.8434
vn 0.0878 -0.5299 0.8435
vn 0.1228 -0.5297 0.8392
vn 0.1242 -0.5297 0.8390
vn 0.8641 0.2440 -0.4402
vn 0.8753 0.2553 -0.4108
vn 0.8748 0.2549 -0.4120
vn 0.8630 0.2429 -0.4430
vn -0.0140 -0.3014 -0.9534
vn -0.1395 -0.3335 -0.9324
vn -0.1317 -0.3316 -0.9342
vn -0.0057 -0.2991 -0.9542
vn -0.2124 -0.9591 -0.1870
vn -0.2120 -0.9593 -0.1866
vn -0.2125 -0.9591 -0.1871
vn -0.2129 -0.9589 -0.1875
vn -0.2465 0.9543 -0.1692
vn -0.2458 0.9544 -0.1694
vn -0.2460 0.9544 -0.1693
vn -0.2470 0.9542 -0.1690
vn 0.2466 -0.9545 0.1678
vn 0.2487 -0.9537 0.1688
vn 0.2481 -0.9540 0.1685
vn 0.2460 -0.9547 0.1675
vn -0.4401 -0.8576 0.2660
vn -0.6484 -0.3161 0.6925
vn -0.6237 -0.4938 0.6059
vn -0.3810 -0.9073 0.1780
vn 0.1390 -0.0764 0.9873
vn 0.1348 -0.0757 0.9880
vn 0.1342 -0.0756 0.9881
vn 0.1405 -0.0766 0.9871
vn 0.8196 -0.2025 0.5359
vn 0.8104 -0.3473 0.4718
vn 0.8334 -0.2984 0.4652
vn 0.7811 -0.0899 0.6179
vn 0.7478 0.0052 0.6639
vn 0.7299 -0.0692 0.6801
vn -0.0691 -0.0124 0.9975
vn -0.0678 -0.0106 0.9976
vn -0.0849 -0.0198 0.9962
vn -0.0861 -0.0200 0.9961
vn -0.0524 -0.0284 0.9982
vn -0.0458 -0.0306 0.9985
vn -0.0065 -0.0439 0.9990
vn -0.0065 -0.0437 0.9990
vn 0.5680 -0.8222 0.0369
vn 0.5665 -0.8232 0.0375
vn 0.5977 -0.8015 0.0189
vn 0.5990 -0.8005 0.0193
vn 0.6203 -0.7839 -0.0271
vn 0.6219 -0.7828 -0.0238
vn 0.6455 -0.7567 -0.1036
vn 0.6473 -0.7557 -0.0995
vn 0.6634 -0.7269 -0.1775
vn 0.6639 -0.7271 -0.1747
vn 0.6499 -0.7319 -0.2048
vn 0.6488 -0.7330 -0.2045
vn -0.0261 -0.1839 -0.9826
vn -0.0266 -0.1856 -0.9823
vn 0.0827 -0.2556 -0.9632
vn 0.0529 -0.2137 -0.9755
vn 0.2115 -0.2238 -0.9514
vn 0.1853 -0.1912 -0.9639
vn 0.2555 -0.1843 -0.9491
vn 0.2326 -0.1670 -0.9581
vn -0.9930 -0.1006 0.0615
vn -0.9916 -0.1129 0.0635
vn -0.9787 0.2051 0.0048
vn -0.9770 0.2134 0.0031
vn -0.9425 0.3343 -0.0066
vn -0.9417 0.3364 -0.0058
vn -0.9435 0.3314 0.0080
vn -0.9436 0.3311 0.0080
vn -0.9471 0.3192 0.0335
vn -0.9464 0.3212 0.0337
vn -0.9567 0.2906 0.0162
vn -0.9561 0.2927 0.0150
vn -0.9378 0.3471 0.0047
vn -0.9357 0.3528 0.0052
vn 0.9833 0.1486 -0.1048
vn 0.9830 0.1504 -0.1052
vn 0.7823 0.3273 -0.5300
vn 0.9040 0.2437 -0.3514
vn 0.5896 0.3964 -0.7037
vn 0.6525 0.3715 -0.6605
vn -0.0000 -0.0000 -1.0000
vn 0.4296 0.8978 -0.0968
vn 0.4255 0.9000 -0.0944
vn 0.4256 0.9000 -0.0944
vn 0.4300 0.8976 -0.0968
vn 0.4480 0.8884 -0.0998
vn 0.4486 0.8881 -0.0999
vn -1.0000 -0.0000 0.0061
vn -0.9991 -0.0000 0.0425
vn -1.0000 -0.0000 0.0097
vn -0.9996 -0.0000 -0.0266
vn 0.2246 0.9713 -0.0788
vn 0.2232 0.9710 -0.0862
vn 0.2236 0.9708 -0.0864
vn 0.2259 0.9704 -0.0854
vn 0.2252 0.9716 -0.0726
vn 0.2275 0.9700 -0.0858
vn 0.9989 -0.0000 -0.0464
vn 0.9989 -0.0000 -0.0459
vn 0.9989 -0.0000 -0.0465
vn 0.9991 -0.0000 0.0415
vn 0.9985 -0.0000 0.0549
vn 0.9900 -0.0000 0.1408
vn 0.9900 -0.0000 0.1412
vn 0.9309 -0.0000 0.3652
vn 0.9451 -0.0000 0.3268
vn 0.6921 -0.0000 0.7218
vn 0.6398 -0.0000 0.7686
vn 0.0001 -0.0000 1.0000
vn -0.6397 -0.0000 0.7686
vn -0.6921 -0.0000 0.7218
vn -0.9310 -0.0000 0.3651
vn -0.9451 -0.0000 0.3268
vn -0.9900 -0.0000 0.1412
vn -0.9900 -0.0000 0.1408
vn -0.9991 -0.0000 0.0416
vn -0.9985 -0.0000 0.0549
vn -0.9989 -0.0000 -0.0465
vn -0.9989 -0.0000 -0.0464
vn -0.9989 -0.0000 -0.0459
vn 0.9427 -0.3049 -0.1357
vn 0.9375 -0.3216 -0.1331
vn 0.9377 -0.3211 -0.1331
vn 0.9428 -0.3043 -0.1358
vn 0.9446 -0.2986 -0.1365
vn 0.9447 -0.2981 -0.1365
vn -0.9419 0.3254 0.0830
vn -0.9418 0.3258 0.0832
vn -0.9420 0.3247 0.0846
vn -0.9422 0.3242 0.0850
vn -0.9478 0.3061 0.0893
vn -0.9480 0.3055 0.0893
vn 1.0000 0.0001 -0.0046
vn 1.0000 -0.0000 -0.0046
vn 1.0000 -0.0001 -0.0046
vn 0.6121 -0.7006 0.3668
vn 0.6177 -0.6919 0.3738
vn 0.5962 -0.6679 0.4456
vn 0.7806 -0.6013 0.1704
vn 0.6249 -0.7483 0.2228
vn 0.8666 -0.4964 0.0512
vn 0.6924 -0.7124 0.1143
vn 0.7189 -0.6855 -0.1152
vn 0.9935 -0.1090 0.0340
vn 0.9735 -0.2172 0.0709
vn 0.8728 -0.4714 -0.1265
vn 0.5833 -0.6571 -0.4775
vn 0.0760 -0.8859 -0.4577
vn 0.0778 -0.8838 -0.4614
vn 0.2860 -0.7951 -0.5348
vn 0.8304 -0.4349 -0.3482
vn 0.6857 -0.5195 -0.5098
vn 0.9440 -0.1458 -0.2959
vn 0.9963 -0.0855 0.0012
vn 0.9890 0.1253 0.0784
vn 0.9886 0.1094 0.1030
vn 0.9954 0.0960 0.0044
vn 0.9880 -0.1121 -0.1064
vn 0.8501 0.4917 -0.1887
vn 0.6883 0.7001 -0.1900
vn 0.6891 0.7001 -0.1871
vn 0.8787 0.4395 -0.1862
vn 0.9514 -0.2694 -0.1493
vn 0.9413 -0.3050 -0.1448
vn 0.5243 -0.8496 -0.0576
vn 0.5385 -0.8403 -0.0625
vn 0.3233 -0.9455 -0.0385
vn 0.3238 -0.9452 -0.0415
vn -0.0000 -0.6491 0.7607
vn -0.0000 -0.6916 0.7223
vn -0.0000 -0.7202 0.6938
vn -0.0000 -0.7886 0.6150
vn -0.0000 -0.7960 0.6053
vn -0.0000 -0.8411 0.5409
vn -0.0000 -0.8419 0.5396
vn -0.0000 -0.8566 0.5159
vn 0.7188 0.6945 0.0320
vn 0.5480 0.8361 0.0233
vn 0.5729 0.8186 0.0412
vn 0.7986 0.5996 0.0512
vn 0.9521 0.3017 0.0498
vn 0.9775 0.2035 0.0559
vn 0.9962 -0.0377 0.0786
vn 0.9943 -0.0586 0.0892
vn 0.9834 -0.1484 0.1045
vn 0.9812 -0.1694 0.0927
vn 0.9850 -0.1396 0.1017
vn 0.0874 0.3364 0.9376
vn 0.0859 0.3368 0.9376
vn 0.0899 0.3132 0.9454
vn 0.0914 0.3046 0.9481
vn 0.0933 0.2622 0.9605
vn 0.0943 0.2633 0.9601
vn 0.0968 0.2418 0.9655
vn 0.0980 0.2409 0.9656
vn 0.1760 0.9840 0.0281
vn 0.1762 0.9840 0.0282
vn 0.1762 0.9839 0.0289
vn 0.1762 0.9839 0.0292
vn 0.1773 0.9836 0.0316
vn 0.2014 -0.4002 -0.8940
vn 0.2003 -0.4018 -0.8935
vn 0.2004 -0.3657 -0.9089
vn 0.2014 -0.3722 -0.9060
vn 0.1966 -0.2292 -0.9533
vn 0.1993 -0.2942 -0.9347
vn 0.1937 -0.1755 -0.9652
vn 0.1936 -0.1757 -0.9652
vn 0.8921 -0.1303 0.4327
vn 0.9507 -0.1464 0.2732
vn 0.8887 -0.1216 0.4420
vn 0.9135 -0.1433 0.3807
vn 0.9771 -0.1553 0.1457
vn 0.9792 -0.1858 0.0813
vn 0.9786 -0.1999 0.0487
vn 0.9801 -0.1851 0.0712
vn 0.9791 -0.1782 0.0978
vn 0.9751 -0.1790 0.1308
vn 0.9672 -0.1620 0.1955
vn 0.9661 -0.1592 0.2035
vn 0.9593 -0.1471 0.2410
vn 0.9662 -0.1432 0.2143
vn 0.9621 -0.1523 0.2261
vn 0.9621 -0.1522 0.2261
vn 0.6834 -0.1754 0.7087
vn 0.4280 -0.4821 0.7645
vn 0.4727 -0.4086 0.7808
vn 0.8352 -0.1439 0.5307
vn 0.8940 -0.1297 0.4289
vn 0.8965 -0.1400 0.4205
vn 0.9226 -0.1568 0.3524
vn 0.9227 -0.1569 0.3520
vn 0.9677 -0.1934 0.1617
vn 0.9656 -0.1845 0.1835
vn 0.9732 -0.2122 0.0883
vn 0.9789 -0.1994 0.0445
vn 0.9755 -0.2191 0.0178
vn 0.9714 -0.2332 0.0440
vn 0.9723 -0.2338 0.0058
vn 0.9714 -0.2373 -0.0062
vn 0.9743 -0.2253 -0.0062
vn 0.9741 -0.2258 -0.0125
vn 0.9786 -0.2056 0.0094
vn 0.7720 0.3390 -0.5377
vn 0.5630 0.1826 -0.8060
vn 0.6517 0.2309 -0.7224
vn 0.3470 0.0844 -0.9341
vn 0.3283 0.0841 -0.9408
vn 0.1468 0.0242 -0.9889
vn 0.1041 0.0190 -0.9944
vn -0.0011 0.0104 -0.9999
vn -0.0012 0.0105 -0.9999
vn 0.8878 0.0547 -0.4570
vn 0.8778 0.1117 -0.4658
vn 0.8784 0.1115 -0.4647
vn 0.8879 0.0592 -0.4563
vn 0.8894 -0.0000 -0.4571
vn 0.8517 0.0536 -0.5212
vn 0.8218 0.1054 -0.5600
vn 0.8395 0.0796 -0.5376
vn 0.8694 0.0062 -0.4940
vn 0.8685 0.0027 -0.4956
vn 0.8829 -0.0597 -0.4657
vn -0.9961 -0.0377 -0.0793
vn -0.9961 -0.0379 -0.0792
vn -0.9988 -0.0187 -0.0450
vn -0.9992 -0.0151 -0.0368
vn -1.0000 0.0002 0.0009
vn -1.0000 0.0002 0.0011
vn -1.0000 0.0004 0.0024
vn -1.0000 0.0003 0.0024
vn 0.0051 0.2207 0.9753
vn 0.0054 0.2203 0.9754
vn 0.0050 0.2208 0.9753
vn -0.0060 -0.1612 -0.9869
vn -0.0064 -0.1615 -0.9869
vn -0.0059 -0.1613 -0.9869
vn -0.0058 -0.1612 -0.9869
vn -0.0056 -0.1611 -0.9869
vn 0.8556 0.4830 -0.1864
vn 0.6923 0.6980 -0.1830
vn 0.8327 0.5248 -0.1765
vn 0.9596 0.2248 -0.1695
vn 0.9518 -0.2722 -0.1416
vn 0.9207 -0.3693 -0.1264
vn 0.5310 -0.8460 -0.0482
vn 0.6403 -0.7642 -0.0776
vn 0.3367 -0.9414 -0.0220
vn 0.4979 -0.8650 -0.0627
vn 0.9434 0.2842 -0.1711
vn 0.8371 0.5138 -0.1878
vn 0.8383 0.5134 -0.1835
vn 0.9616 0.2194 -0.1647
vn 0.9386 -0.3236 -0.1197
vn 0.9226 -0.3688 -0.1135
vn 0.6529 -0.7549 -0.0620
vn 0.6466 -0.7602 -0.0630
vn 0.5028 -0.8628 -0.0531
vn 0.5032 -0.8623 -0.0563
vn -0.3638 -0.9137 0.1811
vn -0.3613 -0.9150 0.1798
vn -0.3717 -0.9103 0.1820
vn -0.3728 -0.9100 0.1814
vn -0.3744 -0.9091 0.1828
vn -0.3722 -0.9098 0.1838
vn -0.3964 -0.8991 0.1857
vn -0.4011 -0.8971 0.1853
vn -0.4069 -0.8945 0.1853
vn -0.4108 -0.8932 0.1829
vn -0.1434 -0.9892 0.0313
vn -0.1793 -0.9809 0.0748
vn -0.1312 -0.9911 0.0222
vn -0.1099 -0.9939 -0.0021
vn -0.1035 -0.9946 -0.0014
vn -0.0970 -0.9953 -0.0065
vn -0.0787 0.8134 0.5763
vn 0.1782 0.8335 0.5230
vn 0.0712 0.8532 0.5166
vn 0.0701 0.8526 0.5178
vn 0.1286 0.8541 0.5040
vn 0.0200 0.8379 0.5454
vn 0.2717 0.8438 0.4629
vn 0.1647 0.8426 0.5127
vn -0.1775 0.1838 0.9668
vn -0.2348 0.1477 0.9608
vn -0.1702 0.1882 0.9673
vn -0.2046 0.1508 0.9672
vn -0.2010 0.1514 0.9678
vn -0.4042 0.1726 0.8982
vn -0.4020 0.1746 0.8988
vn -0.3176 0.0886 0.9441
vn -0.3004 0.0750 0.9509
vn 0.0642 -0.2869 0.9558
vn 0.0352 -0.2533 0.9668
vn 0.3681 -0.7238 0.5836
vn 0.3636 -0.7333 0.5745
vn 0.3011 -0.8266 0.4756
vn 0.2969 -0.8382 0.4575
vn 0.3043 -0.7185 0.6255
vn 0.2925 -0.7141 0.6359
vn 0.2359 -0.6166 0.7511
vn 0.2271 -0.5984 0.7683
vn 0.0996 -0.5281 0.8433
vn 0.0234 -0.5082 0.8609
vn -0.0000 -0.4812 0.8766
vn -0.0000 -0.4728 0.8812
vn -0.0234 -0.5082 0.8609
vn -0.0997 -0.5281 0.8433
vn -0.2271 -0.5984 0.7683
vn -0.2358 -0.6165 0.7512
vn -0.2925 -0.7142 0.6359
vn -0.3043 -0.7185 0.6255
vn -0.2969 -0.8382 0.4575
vn -0.3011 -0.8266 0.4756
vn -0.3637 -0.7332 0.5745
vn -0.3682 -0.7238 0.5836
vn -0.0353 -0.2533 0.9668
vn -0.0641 -0.2869 0.9558
vn 0.3003 0.0750 0.9509
vn 0.3176 0.0887 0.9441
vn 0.4043 0.1726 0.8982
vn 0.4021 0.1746 0.8988
vn -0.4467 -0.8927 0.0588
vn -0.4059 -0.9110 0.0725
vn -0.5222 -0.8512 0.0521
vn -0.5722 -0.8192 0.0382
vn -0.8137 -0.5812 0.0045
vn -0.7732 -0.6340 0.0107
vn -0.9994 -0.0158 -0.0318
vn -0.9330 -0.3598 -0.0039
vn -0.9369 0.3411 0.0761
vn -0.9415 -0.2968 0.1597
vn -0.8128 0.4079 0.4159
vn -0.8325 0.1885 0.5210
vn -0.2862 0.0607 0.9562
vn -0.2846 -0.0799 0.9553
vn -0.1733 0.2857 0.9425
vn -0.1721 0.2960 0.9395
vn -0.0000 0.3014 0.9535
vn 0.1733 0.2857 0.9425
vn 0.1721 0.2960 0.9395
vn 0.2846 -0.0797 0.9553
vn 0.2863 0.0607 0.9562
vn 0.8325 0.1884 0.5211
vn 0.8128 0.4078 0.4160
vn 0.9414 -0.2969 0.1598
vn 0.9369 0.3412 0.0761
vn 0.9330 -0.3599 -0.0039
vn 0.9994 -0.0158 -0.0318
vn 0.7732 -0.6341 0.0107
vn 0.8137 -0.5813 0.0045
vn 0.5722 -0.8192 0.0382
vn 0.5222 -0.8512 0.0521
vn 0.4468 -0.8927 0.0588
vn 0.4059 -0.9110 0.0725
vn 0.6358 0.7696 0.0594
vn 0.6145 0.7852 0.0762
vn 0.4871 0.8714 0.0592
vn 0.5434 0.8376 0.0570
vn 0.4274 0.9031 0.0424
vn 0.3816 0.9234 0.0403
vn 0.3848 0.9215 0.0524
vn 0.4279 0.9027 0.0456
vn -0.6250 0.7764 0.0814
vn -0.5189 0.8539 0.0409
vn -0.4871 0.8714 0.0592
vn -0.6139 0.7857 0.0762
vn -0.7238 -0.6830 0.0978
vn -0.7982 -0.5947 0.0962
vn -0.8039 -0.5865 0.0985
vn -0.6989 -0.7065 0.1118
vn -0.3892 0.9207 0.0287
vn -0.4046 0.9123 0.0640
vn -0.3747 0.9262 0.0429
vn -0.3847 0.9226 0.0281
vn 0.3718 0.9273 0.0437
vn -0.9426 -0.3129 0.1170
vn -0.9918 0.0083 0.1276
vn -0.9915 0.0308 0.1262
vn -0.9436 -0.3089 0.1194
vn 0.8955 -0.4308 0.1114
vn 0.8876 -0.4477 0.1081
vn 0.9150 -0.3813 0.1318
vn 0.9262 -0.3584 0.1170
vn 0.9465 -0.3036 0.1095
vn 0.9378 -0.3269 0.1170
vn 0.9915 0.0310 0.1262
vn 0.9920 0.0072 0.1263
vn 0.7983 -0.5946 0.0963
vn 0.8011 -0.5905 0.0972
vn -0.8796 -0.4644 0.1030
vn -0.9194 -0.3814 0.0966
vn -0.9083 -0.4031 0.1115
vn -0.8704 -0.4811 0.1049
vn 0.6916 -0.7172 0.0860
vn 0.7184 -0.6898 0.0901
vn -0.0619 -0.9981 0.0067
vn -0.2891 -0.9571 -0.0188
vn -0.2145 -0.9767 0.0108
vn -0.0027 -1.0000 -0.0071
vn -0.5156 -0.8566 0.0227
vn -0.4530 -0.8904 0.0442
vn -0.9428 0.3131 0.1147
vn -0.8171 0.5704 0.0832
vn -0.7887 0.6066 0.1004
vn -0.9300 0.3476 0.1198
vn 0.9919 -0.0077 0.1266
vn 0.9381 0.3216 0.1290
vn 0.9479 0.2958 0.1183
vn 0.0428 -0.9990 -0.0164
vn 0.0414 -0.9991 0.0036
vn 0.2145 -0.9767 0.0108
vn 0.2447 -0.9694 0.0182
vn 0.9359 0.3318 0.1185
vn 0.5156 -0.8566 0.0227
vn 0.4355 -0.8992 0.0409
vn 0.5815 -0.8105 0.0702
vn 0.5840 -0.8084 0.0741
vn -0.3625 -0.9311 0.0398
vn -0.5865 -0.8071 0.0672
vn 0.6965 -0.7125 0.0848
vn 0.8038 -0.5867 0.0984
vn 0.6592 -0.7467 0.0891
vn 0.8771 -0.4681 0.1078
vn 0.9084 -0.4030 0.1115
vn -0.6149 -0.7875 0.0426
vn -0.5815 -0.8105 0.0702
vn -0.6592 -0.7466 0.0891
vn 0.7887 0.6065 0.1004
vn 0.8312 0.5473 0.0975
vn 0.8488 0.5183 0.1042
vn -0.7090 -0.6996 0.0894
vn 0.3746 0.9262 0.0429
vn 0.5661 0.8218 0.0645
vn 0.6011 -0.7930 0.0989
vn 0.2572 -0.9642 0.0651
vn 0.2558 -0.9645 0.0656
vn 0.6058 -0.7893 0.1002
vn 0.9892 -0.0858 0.1184
vn 0.9920 -0.0463 0.1174
vn 0.7145 0.6973 0.0570
vn 0.6840 0.7277 0.0515
vn 0.3666 0.9304 0.0072
vn 0.3649 0.9310 0.0062
vn 0.3784 -0.0601 -0.9237
vn 0.3864 -0.0441 -0.9213
vn 0.4019 0.0047 -0.9157
vn 0.3880 -0.0257 -0.9213
vn 0.3634 -0.0910 -0.9272
vn 0.3801 -0.0420 -0.9240
vn 0.1769 -0.0191 0.9841
vn 0.1787 -0.0167 0.9838
vn 0.1959 -0.0395 0.9798
vn 0.1954 -0.0425 0.9798
vn 0.2160 -0.0597 0.9746
vn 0.2140 -0.0619 0.9749
vn 0.4351 -0.9003 -0.0100
vn 0.4353 -0.9002 -0.0088
vn 0.6757 -0.7368 -0.0228
vn 0.6977 -0.7159 -0.0250
vn 0.9988 0.0285 -0.0393
vn 0.9909 -0.1290 -0.0397
vn 0.5310 0.8471 -0.0194
vn 0.8732 0.4864 -0.0306
vn 0.7200 0.6936 -0.0246
vn 0.7193 0.6943 -0.0246
vn 0.5307 0.8474 -0.0194
vn 0.2605 0.9655 -0.0059
vn 0.3081 0.9513 -0.0062
vn -0.0000 1.0000 -0.0005
vn -0.0000 1.0000 -0.0000
vn -0.3081 0.9513 -0.0062
vn -0.2605 0.9655 -0.0059
vn -0.7196 0.6939 -0.0246
vn -0.6542 0.7560 -0.0235
vn -0.9986 -0.0352 -0.0393
vn -0.9988 0.0284 -0.0393
vn -0.6977 -0.7160 -0.0250
vn -0.6757 -0.7368 -0.0228
vn -0.4351 -0.9003 -0.0101
vn -0.4354 -0.9002 -0.0089
vn 0.2354 -0.9232 0.3038
vn 0.2353 -0.9232 0.3038
vn 0.2316 -0.9024 0.3635
vn 0.2207 -0.8902 0.3984
vn 0.1510 -0.7446 0.6502
vn 0.1265 -0.6511 0.7484
vn 0.0930 -0.3992 0.9122
vn 0.0960 -0.3839 0.9184
vn 0.0997 -0.3422 0.9343
vn 0.1032 -0.3369 0.9359
vn 0.1034 -0.4199 0.9016
vn 0.1096 -0.3905 0.9140
vn 0.0982 -0.4737 0.8752
vn 0.1033 -0.4585 0.8827
vn 0.0290 -0.6306 0.7756
vn 0.0807 -0.5224 0.8489
vn 0.0081 -0.6637 0.7480
vn 0.0080 -0.6629 0.7486
vn -0.1191 0.0358 0.9922
vn -0.1185 0.0360 0.9923
vn -0.1178 0.0291 0.9926
vn -0.1184 0.0255 0.9926
vn -0.1160 0.0173 0.9931
vn -0.1160 0.0163 0.9931
vn -0.1186 0.0264 0.9926
vn -0.1364 0.0659 0.9885
vn -0.1542 0.0579 0.9864
vn -0.1551 0.0549 0.9864
vn -0.1526 -0.9705 0.1865
vn -0.1881 -0.9662 0.1764
vn -0.2971 -0.9361 0.1883
vn -0.3386 -0.9208 0.1938
vn -0.6210 -0.7575 0.2013
vn -0.7254 -0.6605 0.1939
vn -0.6965 -0.6927 0.1874
vn -0.7097 -0.6807 0.1816
vn -0.5051 -0.8465 0.1685
vn -0.4203 -0.8925 0.1639
vn -0.5238 -0.8259 0.2085
vn -0.2189 -0.9611 0.1684
vn -0.6477 -0.6592 0.3820
vn -0.4131 -0.8271 0.3811
vn -0.6872 -0.2716 0.6738
vn -0.5626 -0.4233 0.7102
vn -0.5092 0.0431 0.8596
vn -0.4728 -0.0932 0.8762
vn -0.3524 0.1400 0.9253
vn -0.3593 0.1096 0.9268
vn -0.2884 0.2893 0.9128
vn -0.2841 0.3319 0.8995
vn -0.1578 0.4273 0.8902
vn -0.1911 0.3947 0.8987
vn -0.0005 0.3117 0.9502
vn -0.1489 0.2377 0.9599
vn 0.1911 0.3947 0.8987
vn 0.1489 0.2377 0.9599
vn 0.0005 0.3117 0.9502
vn 0.1578 0.4273 0.8902
vn 0.2841 0.3319 0.8995
vn 0.2884 0.2893 0.9128
vn 0.3593 0.1096 0.9268
vn 0.3524 0.1400 0.9253
vn 0.4728 -0.0932 0.8762
vn 0.5092 0.0431 0.8596
vn 0.5626 -0.4233 0.7102
vn 0.6872 -0.2716 0.6738
vn 0.4131 -0.8271 0.3811
vn 0.6477 -0.6592 0.3820
vn 0.2189 -0.9611 0.1684
vn 0.5237 -0.8260 0.2085
vn 0.4203 -0.8925 0.1639
vn 0.5051 -0.8465 0.1685
vn 0.7097 -0.6807 0.1816
vn 0.6965 -0.6926 0.1874
vn 0.7253 -0.6606 0.1938
vn 0.6210 -0.7575 0.2013
vn 0.3386 -0.9208 0.1938
vn 0.2970 -0.9361 0.1883
vn 0.1526 -0.9705 0.1865
vn 0.1882 -0.9662 0.1764
vn -0.1699 0.0461 0.9844
vn -0.1857 0.0416 0.9817
vn -0.1866 0.0467 0.9813
vn -0.1624 0.0536 0.9853
vn -0.1932 0.0468 0.9800
vn -0.1684 0.0673 0.9834
vn -0.1504 0.0587 0.9869
vn -0.1804 0.1088 0.9776
vn -0.1477 0.0732 0.9863
vn -0.1677 0.0952 0.9812
vn -0.1691 0.0969 0.9808
vn -0.1818 0.1165 0.9764
vn -0.1955 0.1345 0.9714
vn -0.2035 0.1427 0.9686
vn 0.7144 -0.0303 -0.6991
vn 0.6745 -0.0327 -0.7375
vn 0.6551 -0.0315 -0.7549
vn 0.6796 -0.0067 -0.7335
vn 0.6884 -0.0038 -0.7254
vn 0.7443 0.0042 -0.6678
vn 0.0875 0.9907 -0.1047
vn 0.0383 0.9973 -0.0631
vn 0.6014 0.7849 -0.1493
vn 0.4728 0.8671 -0.1566
vn 0.9137 -0.2248 0.3385
vn 0.9991 0.0082 -0.0405
vn 0.6823 -0.6516 0.3315
vn 0.6281 -0.7393 0.2429
vn 0.4347 -0.7454 0.5054
vn 0.3727 -0.5724 0.7304
vn 0.4513 -0.8294 0.3292
vn 0.5326 -0.8453 -0.0426
vn 0.3748 -0.9265 -0.0341
vn 0.6653 -0.7423 -0.0802
vn 0.7713 -0.6298 -0.0920
vn 0.9758 0.1034 -0.1924
vn 0.9817 0.0168 -0.1898
vn 0.5104 0.8342 -0.2088
vn 0.6322 0.7440 -0.2164
vn 0.2312 0.9557 -0.1821
vn 0.1308 0.9780 -0.1627
vn 0.8086 0.1259 -0.5747
vn 0.7794 0.1348 -0.6118
vn 0.8178 0.1240 -0.5619
vn 0.9116 0.0949 -0.3999
vn 0.9286 0.0874 -0.3605
vn 0.9904 0.0365 -0.1336
vn 0.9943 0.0292 -0.1030
vn 1.0000 0.0045 -0.0040
vn 1.0000 0.0042 -0.0032
vn 1.0000 0.0039 -0.0005
vn 1.0000 0.0042 -0.0005
vn 0.9549 -0.2965 -0.0129
vn 0.9594 -0.2817 -0.0101
vn 0.9570 -0.2873 -0.0395
vn 0.9543 -0.2985 -0.0133
vn 0.9533 -0.2782 -0.1178
vn 0.7090 -0.7005 -0.0818
vn 0.7112 -0.6917 -0.1259
vn 0.9732 -0.1802 -0.1429
vn 0.7939 -0.5868 -0.1597
vn 0.2950 -0.9477 -0.1221
vn 0.2800 -0.9564 -0.0828
vn 0.4523 -0.8803 -0.1432
vn 0.8978 -0.0807 -0.4329
vn 0.9073 -0.0412 -0.4185
vn 0.8933 -0.1189 -0.4334
vn 0.8898 -0.1262 -0.4385
vn 0.7171 -0.5154 -0.4692
vn 0.7637 -0.4649 -0.4478
vn 0.2762 -0.8658 -0.4172
vn 0.3052 -0.8621 -0.4044
vn -0.0000 -0.9208 -0.3899
vn -0.0000 -0.9210 -0.3897
vn -0.3054 -0.8621 -0.4044
vn -0.2762 -0.8659 -0.4172
vn -0.7638 -0.4649 -0.4479
vn -0.7171 -0.5154 -0.4693
vn -0.8898 -0.1262 -0.4385
vn -0.8933 -0.1189 -0.4334
vn -0.8978 -0.0808 -0.4329
vn -0.9072 -0.0414 -0.4186
vn 0.9895 -0.0141 -0.1438
vn 0.9895 -0.0135 -0.1438
vn 0.9946 -0.0172 -0.1028
vn 0.9962 -0.0143 -0.0862
vn 0.9989 -0.0081 -0.0455
vn 0.1571 -0.2148 -0.9639
vn 0.1609 -0.2120 -0.9639
vn 0.1535 -0.2148 -0.9645
vn 0.1499 -0.2172 -0.9646
vn 0.1433 -0.2176 -0.9655
vn 0.1398 -0.2193 -0.9656
vn 0.1391 -0.2189 -0.9658
vn 0.1369 -0.2203 -0.9658
vn 0.5733 -0.8193 -0.0072
vn 0.6687 -0.7179 0.1936
vn 0.6867 -0.7129 0.1424
vn 0.5593 -0.8241 -0.0896
vn 0.3787 -0.8997 -0.2170
vn 0.3378 -0.9068 -0.2523
vn -0.0000 -0.9620 -0.2729
vn -0.0000 -0.9596 -0.2813
vn 0.4413 -0.8491 -0.2903
vn -0.0000 -0.9357 -0.3528
vn -0.4413 -0.8491 -0.2903
vn -0.3378 -0.9068 -0.2523
vn -0.3787 -0.8997 -0.2171
vn -0.5592 -0.8242 -0.0895
vn -0.5733 -0.8193 -0.0072
vn -0.6867 -0.7129 0.1424
vn -0.6687 -0.7179 0.1936
vn -0.6883 0.7109 -0.1446
vn -0.6698 0.7158 -0.1976
vn -0.5737 0.8191 0.0017
vn -0.5599 0.8241 0.0862
vn -0.3793 0.9012 0.2098
vn -0.3394 0.9079 0.2459
vn -0.0000 0.9641 0.2655
vn -0.0000 0.9622 0.2724
vn -0.4508 0.8479 0.2790
vn -0.0000 0.9412 0.3379
vn 0.4508 0.8479 0.2790
vn 0.3394 0.9079 0.2459
vn 0.3793 0.9012 0.2098
vn 0.5599 0.8241 0.0862
vn 0.5737 0.8191 0.0017
vn 0.6883 0.7109 -0.1447
vn 0.6698 0.7157 -0.1977
vn 0.2847 0.2732 0.9189
vn 0.0787 0.2729 0.9588
vn 0.0916 0.2650 0.9599
vn 0.2775 0.2530 0.9268
vn 0.7196 0.2893 0.6312
vn 0.6737 0.2637 0.6903
vn 0.8558 0.3163 0.4094
vn 0.8564 0.3149 0.4092
vn 0.0776 -0.0644 -0.9949
vn 0.1200 -0.1217 -0.9853
vn 0.1157 -0.1152 -0.9866
vn 0.0747 -0.0571 -0.9956
vn 0.0505 0.0104 -0.9987
vn 0.0501 0.0136 -0.9987
vn -0.0000 0.0218 -0.9998
vn -0.0000 0.0231 -0.9997
vn -0.0505 0.0104 -0.9987
vn -0.0501 0.0136 -0.9987
vn -0.0747 -0.0571 -0.9956
vn -0.0776 -0.0644 -0.9949
vn -0.1157 -0.1152 -0.9866
vn -0.1200 -0.1217 -0.9853
vn 0.0467 0.0760 0.9960
vn 0.0616 0.0796 0.9949
vn 0.0595 0.0791 0.9951
vn 0.0445 0.0754 0.9962
vn -0.4093 0.8936 -0.1842
vn -0.4089 0.8944 -0.1811
vn -0.4006 0.8975 -0.1844
vn -0.4105 0.8935 -0.1819
vn -0.4071 0.8934 -0.1902
vn -0.3970 0.8979 -0.1904
vn 0.3730 0.9105 -0.1786
vn 0.3720 0.9091 -0.1873
vn 0.3711 0.9098 -0.1861
vn 0.3725 0.9101 -0.1815
vn 0.3906 0.9008 -0.1899
vn -0.8334 -0.2984 0.4652
vn -0.8104 -0.3473 0.4718
vn -0.8197 -0.2025 0.5359
vn -0.7811 -0.0899 0.6179
vn -0.7478 0.0053 0.6639
vn -0.7299 -0.0692 0.6801
vn 0.0849 -0.0198 0.9962
vn 0.0678 -0.0106 0.9976
vn 0.0691 -0.0124 0.9975
vn 0.0861 -0.0200 0.9961
vn 0.0524 -0.0284 0.9982
vn 0.0458 -0.0306 0.9985
vn 0.0065 -0.0439 0.9990
vn 0.0065 -0.0437 0.9990
vn -0.5979 -0.8013 0.0188
vn -0.5665 -0.8232 0.0375
vn -0.5680 -0.8222 0.0369
vn -0.5992 -0.8004 0.0192
vn -0.6203 -0.7839 -0.0271
vn -0.6219 -0.7828 -0.0238
vn -0.6455 -0.7567 -0.1036
vn -0.6473 -0.7557 -0.0995
vn -0.6632 -0.7271 -0.1775
vn -0.6637 -0.7273 -0.1746
vn -0.6497 -0.7321 -0.2048
vn -0.6486 -0.7331 -0.2045
vn -0.0827 -0.2556 -0.9632
vn 0.0266 -0.1856 -0.9823
vn 0.0261 -0.1839 -0.9826
vn -0.0529 -0.2137 -0.9755
vn -0.2115 -0.2237 -0.9514
vn -0.1854 -0.1912 -0.9639
vn -0.2556 -0.1843 -0.9491
vn -0.2327 -0.1670 -0.9581
vn 0.9786 0.2055 0.0047
vn 0.9916 -0.1129 0.0635
vn 0.9930 -0.1005 0.0614
vn 0.9769 0.2137 0.0030
vn 0.9425 0.3343 -0.0066
vn 0.9417 0.3364 -0.0058
vn 0.9435 0.3314 0.0080
vn 0.9436 0.3311 0.0080
vn 0.9566 0.2909 0.0162
vn 0.9464 0.3211 0.0336
vn 0.9471 0.3192 0.0335
vn 0.9560 0.2931 0.0150
vn 0.9378 0.3472 0.0047
vn 0.9357 0.3528 0.0052
vn -0.7823 0.3273 -0.5300
vn -0.9830 0.1504 -0.1052
vn -0.9833 0.1486 -0.1048
vn -0.9040 0.2437 -0.3514
vn -0.5896 0.3964 -0.7037
vn -0.6525 0.3715 -0.6605
vn -0.4256 0.9000 -0.0944
vn -0.4255 0.9000 -0.0944
vn -0.4296 0.8978 -0.0968
vn -0.4300 0.8976 -0.0968
vn -0.4480 0.8884 -0.0998
vn -0.4486 0.8881 -0.0999
vn 0.9991 -0.0000 0.0425
vn 1.0000 -0.0000 0.0058
vn 1.0000 -0.0000 0.0095
vn 0.9996 -0.0000 -0.0271
vn -0.2236 0.9708 -0.0864
vn -0.2232 0.9710 -0.0862
vn -0.2246 0.9713 -0.0788
vn -0.2259 0.9704 -0.0854
vn -0.2252 0.9716 -0.0725
vn -0.2275 0.9700 -0.0858
vn -0.9377 -0.3211 -0.1331
vn -0.9375 -0.3216 -0.1331
vn -0.9427 -0.3049 -0.1357
vn -0.9428 -0.3043 -0.1358
vn -0.9445 -0.2988 -0.1364
vn -0.9447 -0.2983 -0.1365
vn 0.9420 0.3249 0.0846
vn 0.9418 0.3258 0.0832
vn 0.9419 0.3254 0.0830
vn 0.9421 0.3243 0.0850
vn 0.9478 0.3061 0.0893
vn 0.9480 0.3055 0.0893
vn -1.0000 0.0001 -0.0046
vn -1.0000 -0.0000 -0.0046
vn -0.6177 -0.6919 0.3738
vn -0.6121 -0.7006 0.3667
vn -0.5962 -0.6679 0.4456
vn -0.7806 -0.6013 0.1704
vn -0.6249 -0.7482 0.2228
vn -0.8666 -0.4963 0.0512
vn -0.6925 -0.7123 0.1143
vn -0.7190 -0.6854 -0.1152
vn -0.9735 -0.2173 0.0709
vn -0.9935 -0.1090 0.0340
vn -0.8728 -0.4714 -0.1265
vn -0.5833 -0.6571 -0.4775
vn -0.0778 -0.8838 -0.4614
vn -0.0760 -0.8859 -0.4577
vn -0.2860 -0.7951 -0.5348
vn -0.9963 -0.0856 0.0012
vn -0.9890 0.1253 0.0785
vn -0.9886 0.1093 0.1032
vn -0.9954 0.0959 0.0044
vn -0.8304 -0.4349 -0.3482
vn -0.6857 -0.5195 -0.5098
vn -0.9441 -0.1458 -0.2958
vn -0.9880 -0.1122 -0.1064
vn -0.6890 0.7002 -0.1871
vn -0.6881 0.7003 -0.1900
vn -0.8501 0.4916 -0.1887
vn -0.8788 0.4394 -0.1863
vn -0.9513 -0.2695 -0.1499
vn -0.9412 -0.3049 -0.1455
vn -0.5242 -0.8496 -0.0576
vn -0.5385 -0.8403 -0.0625
vn -0.3232 -0.9455 -0.0388
vn -0.3238 -0.9452 -0.0418
vn -0.0000 -0.8567 0.5159
vn -0.5729 0.8186 0.0412
vn -0.5480 0.8361 0.0233
vn -0.7187 0.6945 0.0320
vn -0.7986 0.5997 0.0512
vn -0.9521 0.3017 0.0498
vn -0.9775 0.2035 0.0560
vn -0.9962 -0.0377 0.0786
vn -0.9943 -0.0586 0.0892
vn -0.9834 -0.1484 0.1045
vn -0.9812 -0.1694 0.0926
vn -0.9850 -0.1395 0.1017
vn -0.0899 0.3132 0.9454
vn -0.0859 0.3368 0.9376
vn -0.0874 0.3364 0.9376
vn -0.0914 0.3046 0.9481
vn -0.0933 0.2622 0.9605
vn -0.0943 0.2633 0.9601
vn -0.0968 0.2418 0.9655
vn -0.0980 0.2409 0.9656
vn -0.1762 0.9839 0.0289
vn -0.1762 0.9840 0.0282
vn -0.1760 0.9840 0.0281
vn -0.1762 0.9839 0.0292
vn -0.1773 0.9836 0.0317
vn -0.2003 -0.3657 -0.9089
vn -0.2003 -0.4018 -0.8935
vn -0.2014 -0.4003 -0.8940
vn -0.2013 -0.3722 -0.9060
vn -0.1966 -0.2292 -0.9533
vn -0.1993 -0.2942 -0.9347
vn -0.1937 -0.1755 -0.9652
vn -0.1936 -0.1757 -0.9652
vn -0.9507 -0.1464 0.2733
vn -0.8921 -0.1303 0.4327
vn -0.8888 -0.1216 0.4420
vn -0.9136 -0.1433 0.3806
vn -0.9770 -0.1553 0.1458
vn -0.9801 -0.1851 0.0712
vn -0.9786 -0.1999 0.0487
vn -0.9792 -0.1858 0.0814
vn -0.9791 -0.1783 0.0978
vn -0.9751 -0.1790 0.1308
vn -0.9672 -0.1621 0.1955
vn -0.9661 -0.1592 0.2035
vn -0.9593 -0.1471 0.2410
vn -0.9662 -0.1432 0.2143
vn -0.9621 -0.1523 0.2262
vn -0.9621 -0.1522 0.2262
vn -0.4727 -0.4086 0.7808
vn -0.4280 -0.4821 0.7645
vn -0.6834 -0.1754 0.7087
vn -0.8352 -0.1439 0.5307
vn -0.8940 -0.1297 0.4289
vn -0.8965 -0.1400 0.4205
vn -0.9226 -0.1569 0.3525
vn -0.9677 -0.1935 0.1617
vn -0.9227 -0.1570 0.3520
vn -0.9655 -0.1845 0.1835
vn -0.9732 -0.2122 0.0883
vn -0.9789 -0.1994 0.0446
vn -0.9755 -0.2191 0.0178
vn -0.9714 -0.2332 0.0440
vn -0.9723 -0.2338 0.0058
vn -0.9714 -0.2373 -0.0062
vn -0.9743 -0.2253 -0.0062
vn -0.9741 -0.2259 -0.0126
vn -0.9786 -0.2056 0.0094
vn -0.5630 0.1826 -0.8060
vn -0.7720 0.3390 -0.5377
vn -0.6517 0.2309 -0.7224
vn -0.3470 0.0844 -0.9341
vn -0.3283 0.0841 -0.9408
vn -0.1468 0.0242 -0.9889
vn -0.1041 0.0191 -0.9944
vn 0.0011 0.0104 -0.9999
vn 0.0012 0.0105 -0.9999
vn -0.8784 0.1115 -0.4647
vn -0.8778 0.1117 -0.4658
vn -0.8878 0.0547 -0.4570
vn -0.8879 0.0592 -0.4563
vn -0.8894 -0.0000 -0.4571
vn -0.8395 0.0796 -0.5376
vn -0.8218 0.1055 -0.5600
vn -0.8517 0.0536 -0.5212
vn -0.8694 0.0062 -0.4940
vn -0.8685 0.0027 -0.4956
vn -0.8829 -0.0598 -0.4657
vn 0.9988 -0.0187 -0.0450
vn 0.9961 -0.0383 -0.0789
vn 0.9961 -0.0381 -0.0790
vn 0.9992 -0.0151 -0.0368
vn 1.0000 -0.0002 0.0010
vn 1.0000 -0.0002 0.0012
vn 1.0000 0.0003 0.0024
vn -0.0050 0.2208 0.9753
vn -0.0054 0.2203 0.9754
vn -0.0051 0.2207 0.9753
vn 0.0059 -0.1613 -0.9869
vn 0.0064 -0.1615 -0.9869
vn 0.0060 -0.1612 -0.9869
vn 0.0058 -0.1612 -0.9869
vn 0.0056 -0.1611 -0.9869
vn -0.8327 0.5249 -0.1765
vn -0.6922 0.6981 -0.1830
vn -0.8555 0.4831 -0.1864
vn -0.9596 0.2248 -0.1695
vn -0.9518 -0.2722 -0.1416
vn -0.9207 -0.3693 -0.1264
vn -0.5310 -0.8460 -0.0482
vn -0.6403 -0.7642 -0.0776
vn -0.3367 -0.9414 -0.0220
vn -0.4979 -0.8650 -0.0627
vn -0.8382 0.5133 -0.1840
vn -0.8370 0.5137 -0.1883
vn -0.9433 0.2841 -0.1717
vn -0.9616 0.2192 -0.1653
vn -0.9385 -0.3237 -0.1202
vn -0.9225 -0.3688 -0.1140
vn -0.6528 -0.7550 -0.0623
vn -0.6466 -0.7602 -0.0634
vn -0.5028 -0.8628 -0.0534
vn -0.5032 -0.8623 -0.0566
vn 0.3717 -0.9103 0.1821
vn 0.3612 -0.9150 0.1798
vn 0.3638 -0.9137 0.1811
vn 0.3728 -0.9100 0.1814
vn 0.3744 -0.9090 0.1828
vn 0.3722 -0.9098 0.1839
vn 0.3964 -0.8991 0.1857
vn 0.4011 -0.8971 0.1853
vn 0.4069 -0.8945 0.1853
vn 0.4108 -0.8932 0.1829
vn 0.1312 -0.9911 0.0222
vn 0.1793 -0.9809 0.0748
vn 0.1434 -0.9892 0.0313
vn 0.1099 -0.9939 -0.0021
vn 0.1035 -0.9946 -0.0014
vn 0.0970 -0.9953 -0.0065
vn -0.0533 0.8540 0.5175
vn -0.1782 0.8335 0.5230
vn 0.0770 0.8144 0.5751
vn 0.0074 0.8388 0.5444
vn -0.1315 0.8512 0.5082
vn -0.0598 0.8512 0.5213
vn -0.1527 0.8521 0.5006
vn -0.2829 0.8482 0.4479
vn 0.2348 0.1477 0.9608
vn 0.1776 0.1838 0.9668
vn 0.1703 0.1881 0.9673
vn 0.2047 0.1508 0.9671
vn 0.2011 0.1514 0.9678
vn -0.2558 -0.9645 0.0656
vn -0.2572 -0.9641 0.0651
vn -0.6012 -0.7930 0.0989
vn -0.6059 -0.7892 0.1002
vn -0.9892 -0.0858 0.1184
vn -0.9920 -0.0462 0.1173
vn -0.7145 0.6973 0.0570
vn -0.6839 0.7277 0.0514
vn -0.3665 0.9304 0.0072
vn -0.3649 0.9310 0.0062
vn -0.4019 0.0046 -0.9157
vn -0.3864 -0.0440 -0.9213
vn -0.3785 -0.0601 -0.9237
vn -0.3880 -0.0257 -0.9213
vn -0.3634 -0.0910 -0.9272
vn -0.3801 -0.0420 -0.9240
vn -0.1959 -0.0395 0.9798
vn -0.1787 -0.0166 0.9838
vn -0.1769 -0.0191 0.9840
vn -0.1954 -0.0426 0.9798
vn -0.2160 -0.0597 0.9746
vn -0.2140 -0.0619 0.9749
vn -0.2316 -0.9023 0.3635
vn -0.2353 -0.9232 0.3038
vn -0.2354 -0.9232 0.3038
vn -0.2207 -0.8902 0.3985
vn -0.1510 -0.7446 0.6502
vn -0.1265 -0.6511 0.7484
vn -0.0930 -0.3992 0.9122
vn -0.0960 -0.3839 0.9184
vn -0.0997 -0.3422 0.9343
vn -0.1032 -0.3369 0.9359
vn -0.1034 -0.4199 0.9017
vn -0.1096 -0.3905 0.9140
vn -0.0983 -0.4738 0.8752
vn -0.1033 -0.4585 0.8826
vn -0.0290 -0.6306 0.7756
vn -0.0807 -0.5224 0.8489
vn -0.0081 -0.6637 0.7480
vn -0.0080 -0.6629 0.7486
vn 0.1178 0.0291 0.9926
vn 0.1185 0.0360 0.9923
vn 0.1191 0.0358 0.9922
vn 0.1184 0.0255 0.9926
vn 0.1160 0.0173 0.9931
vn 0.1160 0.0163 0.9931
vn 0.1186 0.0264 0.9926
vn 0.1364 0.0659 0.9885
vn 0.1542 0.0579 0.9864
vn 0.1551 0.0549 0.9864
vn 0.1866 0.0467 0.9813
vn 0.1858 0.0416 0.9817
vn 0.1699 0.0461 0.9844
vn 0.1624 0.0536 0.9853
vn 0.1932 0.0469 0.9800
vn 0.1684 0.0673 0.9834
vn 0.1504 0.0587 0.9869
vn 0.1804 0.1088 0.9776
vn 0.1477 0.0732 0.9863
vn 0.1677 0.0952 0.9812
vn 0.1691 0.0969 0.9808
vn 0.1818 0.1164 0.9764
vn 0.1955 0.1345 0.9714
vn 0.2034 0.1427 0.9686
vn -0.6745 -0.0327 -0.7375
vn -0.7144 -0.0303 -0.6991
vn -0.6551 -0.0315 -0.7549
vn -0.6796 -0.0065 -0.7335
vn -0.6884 -0.0036 -0.7254
vn -0.7443 0.0044 -0.6678
vn -0.6014 0.7849 -0.1493
vn -0.0383 0.9973 -0.0631
vn -0.0874 0.9907 -0.1046
vn -0.4729 0.8671 -0.1566
vn -0.9138 -0.2248 0.3384
vn -0.9991 0.0081 -0.0407
vn -0.6824 -0.6516 0.3314
vn -0.6281 -0.7393 0.2428
vn -0.4347 -0.7454 0.5054
vn -0.3726 -0.5724 0.7305
vn -0.4514 -0.8294 0.3291
vn -0.6655 -0.7421 -0.0802
vn -0.3748 -0.9265 -0.0341
vn -0.5326 -0.8453 -0.0426
vn -0.7713 -0.6298 -0.0920
vn -0.9759 0.1035 -0.1924
vn -0.9817 0.0167 -0.1897
vn -0.5105 0.8341 -0.2088
vn -0.6323 0.7439 -0.2164
vn -0.2312 0.9557 -0.1821
vn -0.1308 0.9780 -0.1627
vn -0.7794 0.1348 -0.6119
vn -0.8086 0.1259 -0.5747
vn -0.8178 0.1240 -0.5619
vn -0.9116 0.0947 -0.4000
vn -0.9287 0.0873 -0.3605
vn -0.9904 0.0364 -0.1336
vn -0.9943 0.0292 -0.1030
vn -1.0000 0.0045 -0.0040
vn -1.0000 0.0042 -0.0032
vn -1.0000 0.0038 -0.0005
vn -1.0000 0.0040 -0.0005
vn -0.9549 -0.2966 -0.0129
vn -0.9543 -0.2986 -0.0133
vn -0.9571 -0.2872 -0.0395
vn -0.9595 -0.2816 -0.0101
vn -0.7090 -0.7005 -0.0817
vn -0.9532 -0.2783 -0.1178
vn -0.7111 -0.6917 -0.1259
vn -0.9732 -0.1801 -0.1429
vn -0.7939 -0.5867 -0.1597
vn -0.2950 -0.9477 -0.1221
vn -0.2800 -0.9564 -0.0828
vn -0.4522 -0.8804 -0.1432
vn -0.9946 -0.0172 -0.1028
vn -0.9895 -0.0137 -0.1438
vn -0.9895 -0.0143 -0.1438
vn -0.9962 -0.0143 -0.0862
vn -0.9989 -0.0082 -0.0455
vn -0.9989 -0.0083 -0.0455
vn -0.1535 -0.2148 -0.9645
vn -0.1609 -0.2120 -0.9639
vn -0.1571 -0.2148 -0.9639
vn -0.1499 -0.2172 -0.9646
vn -0.1433 -0.2176 -0.9655
vn -0.1398 -0.2193 -0.9656
vn -0.1390 -0.2189 -0.9658
vn -0.1367 -0.2203 -0.9658
vn -0.0916 0.2650 0.9599
vn -0.0787 0.2729 0.9588
vn -0.2847 0.2732 0.9189
vn -0.2775 0.2529 0.9268
vn -0.7196 0.2893 0.6312
vn -0.6737 0.2637 0.6903
vn -0.8558 0.3162 0.4094
vn -0.8564 0.3147 0.4092
vn 0.3967 0.8980 -0.1904
vn 0.4072 0.8933 -0.1903
vn 0.4070 0.8932 -0.1912
vn -0.2302 -0.0725 -0.9704
vn -0.3724 0.9090 -0.1873
vn -0.3725 0.9101 -0.1815
vn 0.3624 0.9135 -0.1850
vn 0.3594 0.9145 -0.1858
vn 0.8941 -0.0000 0.4479
vn 0.5588 -0.0000 0.8293
vn 0.9105 -0.0000 0.4136
vn 0.8948 -0.0000 -0.4464
vn 0.8897 -0.0008 -0.4566
vn 0.4039 -0.0008 -0.9148
vn 0.3040 -0.0013 -0.9527
vn -0.3041 -0.0014 -0.9526
vn -0.4039 -0.0009 -0.9148
vn -0.8897 -0.0008 -0.4566
vn -0.8948 -0.0000 -0.4464
vn -0.8941 -0.0000 0.4479
vn -0.9105 -0.0000 0.4136
vn -0.5588 -0.0000 0.8293
vn 0.1016 0.4144 -0.9044
vn 0.0506 0.4394 -0.8969
vn -0.0000 0.4309 -0.9024
vn -0.0000 0.4072 -0.9133
vn -0.1016 0.4144 -0.9044
vn -0.0506 0.4394 -0.8969
vn -0.0000 0.9920 0.1265
vn -0.0000 -0.9791 -0.2036
vn 0.9976 0.0672 -0.0137
vn 0.9974 0.0705 -0.0124
vn 0.9993 0.0356 -0.0134
vn 0.9993 0.0339 -0.0140
vn 0.9999 -0.0002 -0.0141
vn 0.9999 -0.0000 -0.0141
vn 0.0527 -0.9834 -0.1734
vn 0.0527 -0.9835 -0.1733
vn -0.0000 -0.9848 -0.1737
vn -0.0000 -0.9848 -0.1738
vn -0.0527 -0.9834 -0.1734
vn -0.0527 -0.9835 -0.1733
vn 0.0253 -0.5225 -0.8523
vn 0.0285 -0.5331 -0.8456
vn -0.0000 -0.4472 -0.8944
vn -0.0000 -0.4338 -0.9010
vn -0.0253 -0.5225 -0.8523
vn -0.0285 -0.5331 -0.8456
vn 0.5558 -0.0084 0.8313
vn 0.5580 -0.0085 0.8298
vn 0.5538 -0.0545 0.8309
vn 0.5399 -0.0289 0.8412
vn 0.5454 -0.0842 0.8339
vn 0.5408 -0.0859 0.8368
vn -0.0000 -0.0000 1.0000
vn -0.0000 -1.0000 -0.0061
vn -0.0000 -1.0000 -0.0062
vn -0.0000 -0.3916 0.9201
vn -0.0000 -0.3918 0.9201
vn -0.0000 0.0107 -0.9999
vn 0.0001 0.0107 -0.9999
vn -0.0000 0.0108 -0.9999
vn -0.0001 0.0107 -0.9999
vn -0.0000 -0.9375 -0.3479
vn -0.0000 -0.9976 -0.0690
vn -0.0000 -0.8472 -0.5313
vn -0.0000 -0.4178 -0.9085
vn -0.0001 -0.4178 -0.9085
vn 0.0001 -0.4178 -0.9085
vn -0.0000 -0.9896 -0.1436
vn -0.0000 -0.9896 -0.1437
vn -0.0000 -0.6224 -0.7827
vn 0.9447 -0.2289 0.2348
vn 0.8678 -0.1863 0.4606
vn 0.9528 -0.2836 0.1079
vn 0.7640 -0.1824 0.6188
vn 0.6998 -0.2034 0.6848
vn 0.7823 -0.1964 0.5911
vn 0.5246 -0.3789 0.7624
vn 0.6960 -0.1306 0.7061
vn 0.5411 -0.4479 0.7118
vn 0.3883 -0.2391 0.8900
vn 0.4506 -0.2111 0.8674
vn 0.5107 -0.0537 0.8581
vn 0.3720 -0.0333 0.9276
vn 0.9674 0.1916 0.1655
vn 0.9203 0.3718 0.1221
vn 0.9504 0.2970 0.0926
vn 0.9674 0.1744 0.1836
vn 0.9497 0.1425 0.2788
vn 0.9176 0.1651 0.3615
vn 0.9346 0.1025 0.3407
vn 0.9125 0.1787 0.3679
vn 0.9454 0.1414 0.2937
vn 0.9686 0.1099 0.2228
vn 0.8790 0.2204 0.4228
vn 0.8198 0.1890 0.5406
vn 0.9233 0.2288 0.3084
vn 0.7863 0.2833 0.5490
vn 0.8604 0.2071 0.4656
vn 0.7742 0.2879 0.5637
vn 0.8307 0.1641 0.5320
vn 0.8420 0.0219 0.5390
vn 0.8772 0.0214 0.4796
vn 0.8534 0.1998 0.4814
vn 0.7705 0.3733 0.5168
vn 0.7025 0.3308 0.6301
vn 0.6355 0.4397 0.6347
vn 0.6461 0.4309 0.6299
vn 0.7336 0.4288 0.5272
vn 0.5010 0.5660 0.6547
vn 0.3910 0.6174 0.6826
vn 0.5920 0.5884 0.5508
vn 0.2889 0.6089 0.7388
vn 0.7921 0.5197 0.3202
vn 0.6655 0.6788 0.3104
vn 0.3590 0.3646 0.8592
vn 0.2846 0.1564 0.9458
vn -0.0000 0.6396 0.7687
vn -0.0000 0.7377 0.6752
vn -0.0000 0.3291 0.9443
vn -0.0000 0.1549 0.9879
vn -0.2846 0.1564 0.9458
vn -0.3910 0.6174 0.6826
vn -0.3590 0.3646 0.8592
vn -0.7025 0.3308 0.6301
vn -0.2889 0.6089 0.7388
vn -0.6355 0.4396 0.6348
vn -0.6461 0.4309 0.6299
vn -0.5010 0.5660 0.6547
vn -0.7742 0.2879 0.5637
vn -0.7336 0.4288 0.5272
vn -0.5919 0.5884 0.5508
vn -0.8605 0.2070 0.4656
vn -0.8229 0.1938 0.5341
vn -0.7863 0.2833 0.5491
vn -0.7921 0.5197 0.3202
vn -0.6655 0.6788 0.3104
vn -0.9233 0.2288 0.3084
vn -0.7696 0.6294 0.1071
vn -0.5852 0.8075 0.0733
vn -0.5816 0.8132 0.0219
vn -0.7267 0.6858 0.0389
vn -0.9471 0.3153 0.0590
vn -0.9543 0.2612 0.1454
vn -0.9894 0.0822 0.1194
vn -0.9686 0.1100 0.2228
vn -0.9454 0.1414 0.2937
vn -0.9674 0.1744 0.1836
vn -0.8977 0.2302 0.3757
vn -0.9497 0.1425 0.2788
vn -0.9674 0.1916 0.1655
vn -0.9504 0.2970 0.0926
vn -0.9203 0.3718 0.1221
vn -0.9176 0.1651 0.3615
vn -0.9346 0.1025 0.3407
vn -0.9125 0.1787 0.3679
vn -0.8198 0.1890 0.5406
vn -0.8307 0.1641 0.5320
vn -0.8420 0.0219 0.5390
vn -0.7705 0.3733 0.5168
vn -0.8772 0.0214 0.4796
vn -0.8535 0.1998 0.4814
vn 0.3769 0.9262 -0.0065
vn 0.4146 0.9095 -0.0306
vn 0.3980 0.9174 -0.0016
vn 0.2682 0.9627 0.0364
vn 0.2871 0.9574 0.0305
vn 0.4146 0.9099 0.0122
vn 0.3623 0.9318 0.0229
vn 0.1379 0.9882 0.0671
vn 0.1068 0.9917 0.0715
vn -0.4033 -0.9151 0.0050
vn -0.3558 -0.9345 0.0090
vn -0.2194 -0.9740 -0.0574
vn -0.3953 -0.9184 -0.0186
vn -0.2418 -0.9686 -0.0575
vn -0.4114 -0.9109 -0.0332
vn -0.3630 -0.9308 -0.0434
vn -0.1158 -0.9890 -0.0920
vn -0.1045 -0.9901 -0.0936
vn -0.3485 0.9371 -0.0221
vn -0.3481 0.9372 -0.0227
vn -0.3462 0.9379 -0.0232
vn -0.3463 0.9378 -0.0235
vn -0.3490 0.9370 -0.0179
vn -0.3506 0.9364 -0.0162
vn -0.3494 0.9368 -0.0192
vn -0.3474 0.9375 -0.0200
vn -0.3459 -0.9380 0.0227
vn -0.3451 -0.9383 0.0224
vn -0.3474 -0.9375 0.0206
vn -0.3485 -0.9370 0.0224
vn -0.3496 -0.9367 0.0200
vn -0.3516 -0.9359 0.0227
vn -0.3490 -0.9369 0.0181
vn -0.3508 -0.9363 0.0163
vn 0.4665 0.8842 -0.0218
vn 0.4936 0.8696 0.0161
vn 0.4584 0.8849 -0.0825
vn 0.4443 0.8920 -0.0829
vn 0.4594 0.8771 -0.1403
vn 0.5701 0.8040 -0.1690
vn 0.4817 0.8548 -0.1931
vn 0.6539 0.7274 -0.2082
vn 0.4810 0.8369 -0.2612
vn 0.8873 0.4150 -0.2012
vn 0.6777 0.6809 -0.2778
vn 0.5061 0.7673 -0.3939
vn 0.9351 0.2890 -0.2052
vn 0.9648 -0.2193 -0.1451
vn 0.6757 0.5825 -0.4517
vn 0.6089 0.3180 -0.7267
vn 0.9396 0.2148 -0.2664
vn 0.9296 -0.3433 -0.1344
vn 0.6747 -0.7361 -0.0547
vn 0.8769 0.0371 -0.4793
vn 0.8999 -0.3973 -0.1799
vn 0.6271 -0.7773 -0.0498
vn 0.4300 -0.9025 -0.0234
vn 0.6191 -0.1478 -0.7713
vn 0.4094 -0.2736 -0.8703
vn 0.4206 -0.9069 -0.0245
vn 0.2756 -0.9611 -0.0168
vn 0.7378 -0.5671 -0.3662
vn 0.5020 -0.6022 -0.6208
vn 0.2313 -0.7379 -0.6341
vn 0.5988 -0.7968 -0.0813
vn 0.4771 -0.8537 -0.2086
vn 0.4127 -0.9101 -0.0374
vn 0.2637 -0.9645 -0.0167
vn 0.1451 -0.9894 -0.0083
vn 0.1454 -0.9893 -0.0085
vn 0.2671 -0.9634 -0.0237
vn 0.1468 -0.9891 -0.0123
vn 0.3004 -0.9451 -0.1290
vn 0.1535 -0.9862 -0.0614
vn 0.3082 -0.8456 -0.4358
vn 0.1847 -0.8557 -0.4833
vn 0.0005 -0.8042 -0.5943
vn -0.0005 -0.8042 -0.5943
vn -0.1847 -0.8557 -0.4833
vn -0.3082 -0.8456 -0.4358
vn -0.1535 -0.9862 -0.0614
vn -0.2313 -0.7379 -0.6341
vn -0.3004 -0.9451 -0.1290
vn -0.1468 -0.9891 -0.0123
vn -0.5020 -0.6022 -0.6208
vn -0.4094 -0.2736 -0.8703
vn -0.2671 -0.9634 -0.0237
vn -0.1454 -0.9893 -0.0085
vn -0.4771 -0.8537 -0.2086
vn -0.6191 -0.1478 -0.7713
vn -0.6090 0.3179 -0.7267
vn -0.7378 -0.5671 -0.3662
vn -0.8769 0.0371 -0.4793
vn -0.6757 0.5826 -0.4517
vn -0.5061 0.7673 -0.3939
vn -0.8999 -0.3973 -0.1799
vn -0.6777 0.6809 -0.2778
vn -0.4810 0.8369 -0.2612
vn -0.9396 0.2148 -0.2664
vn -0.6539 0.7274 -0.2082
vn -0.4817 0.8548 -0.1931
vn -0.9351 0.2890 -0.2052
vn -0.5702 0.8040 -0.1690
vn -0.4594 0.8771 -0.1403
vn -0.8873 0.4150 -0.2012
vn -0.4584 0.8849 -0.0824
vn -0.9648 -0.2192 -0.1452
vn -0.4443 0.8920 -0.0828
vn -0.4665 0.8842 -0.0218
vn -0.4936 0.8696 0.0161
vn -0.9296 -0.3433 -0.1345
vn -0.6746 -0.7361 -0.0547
vn -0.6271 -0.7773 -0.0497
vn -0.4300 -0.9025 -0.0234
vn -0.5988 -0.7967 -0.0813
vn -0.4206 -0.9069 -0.0245
vn -0.2756 -0.9611 -0.0168
vn -0.4127 -0.9101 -0.0374
vn -0.2637 -0.9645 -0.0167
vn -0.1451 -0.9894 -0.0083
vn 0.1879 -0.1327 -0.9732
vn 0.1837 -0.1328 -0.9740
vn 0.1812 -0.1350 -0.9741
vn 0.1859 -0.1380 -0.9728
vn 0.1818 -0.1373 -0.9737
vn 0.1889 -0.1411 -0.9718
vn 0.1773 -0.1308 -0.9754
vn 0.2828 0.9089 0.3064
vn 0.3096 0.9491 0.0582
vn 0.3285 0.9431 0.0516
vn 0.3617 0.8956 0.2592
vn 0.1816 0.8547 0.4863
vn 0.1036 0.9088 0.4041
vn -0.0000 0.9996 0.0277
vn -0.0179 0.9995 0.0277
vn -0.0191 0.9994 0.0275
vn -0.0000 0.9996 0.0274
vn 0.0191 0.9994 0.0275
vn 0.0179 0.9995 0.0277
vn -0.0000 -0.9092 0.4164
vn -0.0351 -0.9105 0.4121
vn -0.0463 -0.9071 0.4184
vn -0.0000 -0.9061 0.4230
vn 0.0463 -0.9071 0.4184
vn 0.0351 -0.9105 0.4121
vn -0.0000 -0.9935 0.1142
vn -0.0162 -0.9934 0.1135
vn -0.0177 -0.9933 0.1145
vn -0.0000 -0.9933 0.1152
vn 0.0177 -0.9933 0.1145
vn 0.0162 -0.9934 0.1135
vn 0.0849 0.0230 0.9961
vn 0.0849 0.0232 0.9961
vn -0.0000 0.0224 0.9998
vn -0.0000 0.0222 0.9998
vn -0.0849 0.0230 0.9961
vn -0.0849 0.0232 0.9961
vn 0.7790 -0.2312 0.5829
vn 0.6145 -0.7888 -0.0144
vn 0.7057 -0.3871 0.5934
vn 0.8258 -0.1354 0.5475
vn 0.8928 -0.1285 0.4318
vn 0.8932 -0.1298 0.4305
vn 0.8962 -0.1398 0.4212
vn 0.8961 -0.1402 0.4212
vn -0.0000 -0.8772 -0.4801
vn -0.9993 0.0357 -0.0134
vn -0.9974 0.0705 -0.0123
vn -0.9976 0.0672 -0.0137
vn -0.9993 0.0339 -0.0140
vn -0.9999 -0.0002 -0.0141
vn -0.9999 -0.0000 -0.0141
vn -0.5539 -0.0544 0.8308
vn -0.5580 -0.0085 0.8298
vn -0.5558 -0.0084 0.8313
vn -0.5400 -0.0289 0.8412
vn -0.5453 -0.0842 0.8340
vn -0.5407 -0.0860 0.8368
vn -0.8678 -0.1863 0.4606
vn -0.9447 -0.2288 0.2348
vn -0.9529 -0.2835 0.1079
vn -0.7640 -0.1824 0.6188
vn -0.6998 -0.2034 0.6848
vn -0.7823 -0.1964 0.5911
vn -0.5246 -0.3789 0.7624
vn -0.6959 -0.1306 0.7061
vn -0.3883 -0.2391 0.8900
vn -0.5411 -0.4479 0.7118
vn -0.4506 -0.2111 0.8674
vn -0.5107 -0.0537 0.8581
vn -0.3721 -0.0333 0.9276
vn -0.3980 0.9174 -0.0016
vn -0.4145 0.9095 -0.0306
vn -0.3769 0.9262 -0.0065
vn -0.2682 0.9627 0.0364
vn -0.2871 0.9574 0.0305
vn -0.1379 0.9882 0.0671
vn -0.1068 0.9917 0.0715
vn -0.4147 0.9099 0.0122
vn -0.3622 0.9318 0.0229
vn 0.2194 -0.9740 -0.0574
vn 0.3558 -0.9345 0.0090
vn 0.4033 -0.9151 0.0050
vn 0.3953 -0.9184 -0.0186
vn 0.2418 -0.9686 -0.0575
vn 0.1158 -0.9890 -0.0920
vn 0.1045 -0.9901 -0.0936
vn 0.4114 -0.9108 -0.0331
vn 0.3630 -0.9308 -0.0434
vn -0.3497 0.9366 -0.0212
vn -0.3516 0.9359 -0.0234
vn 0.3480 0.9372 -0.0229
vn 0.3505 0.9363 -0.0236
vn 0.3494 0.9368 -0.0192
vn 0.3474 0.9375 -0.0200
vn 0.3508 0.9363 -0.0159
vn 0.3490 0.9370 -0.0179
vn 0.3474 -0.9375 0.0206
vn 0.3451 -0.9383 0.0224
vn 0.3459 -0.9380 0.0227
vn 0.3485 -0.9370 0.0224
vn 0.3496 -0.9367 0.0200
vn 0.3516 -0.9359 0.0227
vn 0.3490 -0.9369 0.0181
vn 0.3508 -0.9363 0.0163
vn -0.1812 -0.1350 -0.9741
vn -0.1840 -0.1328 -0.9739
vn -0.1879 -0.1327 -0.9732
vn -0.1859 -0.1380 -0.9728
vn -0.1818 -0.1373 -0.9737
vn -0.1888 -0.1411 -0.9718
vn -0.1772 -0.1307 -0.9755
vn -0.3285 0.9431 0.0516
vn -0.3096 0.9491 0.0582
vn -0.2828 0.9089 0.3064
vn -0.3617 0.8955 0.2592
vn -0.1816 0.8547 0.4863
vn -0.1036 0.9089 0.4041
vn -0.7056 -0.3872 0.5934
vn -0.6145 -0.7888 -0.0145
vn -0.7789 -0.2313 0.5829
vn -0.8257 -0.1354 0.5475
vn -0.8928 -0.1285 0.4318
vn -0.8932 -0.1299 0.4305
vn -0.8961 -0.1398 0.4212
vn -0.8961 -0.1402 0.4212
vn 0.0401 0.9735 -0.2254
vn -0.0895 0.9707 -0.2229
vn 0.1493 0.9645 -0.2178
vn 0.2359 0.9477 -0.2151
vn 0.4674 0.8531 -0.2317
vn 0.2595 0.9510 -0.1680
vn 0.5154 0.8283 -0.2198
vn 0.7259 0.6518 -0.2197
vn 0.6855 0.6947 -0.2178
vn 0.3095 0.9369 -0.1625
vn 0.2220 0.9740 -0.0441
vn 0.5122 0.8412 -0.1733
vn 0.6504 0.7382 -0.1789
vn 0.3170 0.9463 -0.0642
vn 0.4905 0.8672 -0.0858
vn 0.6146 0.7824 -0.1008
vn 0.1014 0.9948 -0.0092
vn 0.1157 0.9926 -0.0375
vn 0.4709 0.8821 -0.0088
vn 0.5878 0.8088 -0.0205
vn 0.2077 0.9782 -0.0088
vn 0.1501 0.9879 -0.0395
vn 0.2616 0.9651 0.0116
vn 0.5016 0.8647 0.0279
vn 0.5956 0.8031 0.0156
vn 0.3542 0.9346 0.0335
vn 0.3125 0.9499 0.0030
vn -0.1475 -0.9651 0.2162
vn 0.0995 -0.9697 0.2229
vn -0.0154 -0.9746 0.2234
vn -0.2286 -0.9499 0.2133
vn -0.2575 -0.9518 0.1666
vn -0.4622 -0.8565 0.2298
vn -0.3048 -0.9387 0.1613
vn -0.2757 -0.9592 0.0632
vn -0.5156 -0.8285 0.2186
vn -0.7549 -0.6201 0.2138
vn -0.6952 -0.6857 0.2159
vn -0.5118 -0.8416 0.1726
vn -0.6556 -0.7337 0.1785
vn -0.3113 -0.9482 0.0628
vn -0.2700 -0.9629 0.0013
vn -0.4890 -0.8681 0.0853
vn -0.6181 -0.7796 0.1009
vn -0.3056 -0.9522 -0.0045
vn -0.3223 -0.9464 -0.0211
vn -0.3475 -0.9370 -0.0349
vn -0.4683 -0.8835 0.0082
vn -0.5893 -0.8076 0.0202
vn -0.4989 -0.8662 -0.0285
vn -0.5964 -0.8025 -0.0158
vn 0.0007 -0.0059 1.0000
vn 0.0002 -0.0065 1.0000
vn 0.0003 -0.0063 1.0000
vn -0.0000 -0.0075 1.0000
vn -0.0000 -0.0067 1.0000
vn -0.0019 -0.0081 1.0000
vn -0.0000 -0.0106 0.9999
vn 0.0019 -0.0081 1.0000
vn -0.0002 -0.0065 1.0000
vn -0.0003 -0.0063 1.0000
vn -0.0007 -0.0059 1.0000
vn 0.8911 0.4502 0.0567
vn 0.9239 0.3751 0.0758
vn 0.9300 0.3637 0.0527
vn 0.8553 0.5163 0.0421
vn 0.6535 0.7446 0.1363
vn 0.9415 0.3370 0.0028
vn 0.6649 0.7433 0.0734
vn 0.8824 0.4705 0.0014
vn 0.3750 0.9226 0.0906
vn 0.3125 0.9280 0.2030
vn 0.7082 0.7061 0.0005
vn 0.8824 0.4704 -0.0019
vn 0.9416 0.3368 -0.0030
vn 0.7083 0.7059 -0.0010
vn 0.8577 0.5074 -0.0825
vn 0.9021 0.4137 -0.1226
vn 0.7551 0.5664 -0.3302
vn 0.6815 0.7272 -0.0825
vn 0.7478 0.6063 -0.2706
vn 0.6845 0.6139 -0.3932
vn 0.5834 0.6972 -0.4167
vn 0.5936 0.7638 -0.2533
vn 0.5000 0.7772 -0.3820
vn 0.3126 0.8181 -0.4826
vn 0.3086 0.8494 -0.4281
vn -0.0000 0.8614 -0.5080
vn 0.3626 0.8890 -0.2796
vn -0.0000 0.8855 -0.4647
vn 0.4139 0.9058 -0.0907
vn -0.0000 0.9462 -0.3235
vn -0.3086 0.8494 -0.4281
vn -0.3126 0.8181 -0.4826
vn -0.3626 0.8890 -0.2796
vn -0.5000 0.7772 -0.3820
vn -0.5833 0.6972 -0.4167
vn -0.5937 0.7638 -0.2533
vn -0.7478 0.6062 -0.2706
vn -0.6845 0.6139 -0.3932
vn -0.7551 0.5664 -0.3302
vn -0.6815 0.7272 -0.0825
vn -0.8577 0.5075 -0.0825
vn -0.9021 0.4137 -0.1227
vn -0.9416 0.3368 -0.0030
vn -0.8824 0.4705 -0.0018
vn -0.9415 0.3370 0.0028
vn -0.4139 0.9058 -0.0907
vn -0.7083 0.7059 -0.0010
vn -0.8824 0.4705 0.0014
vn -0.0000 0.9934 -0.1149
vn -0.4266 0.9045 -0.0004
vn 0.4266 0.9045 -0.0004
vn -0.0000 1.0000 -0.0001
vn 0.4264 0.9046 -0.0000
vn -0.0000 0.9973 0.0737
vn -0.0000 0.9759 0.2182
vn -0.3125 0.9280 0.2030
vn -0.4264 0.9045 -0.0000
vn -0.3750 0.9226 0.0906
vn -0.6535 0.7445 0.1362
vn -0.7082 0.7060 0.0005
vn -0.6650 0.7433 0.0734
vn -0.8554 0.5163 0.0421
vn -0.8912 0.4501 0.0566
vn -0.9301 0.3636 0.0527
vn -0.9239 0.3751 0.0758
vn 0.1111 -0.6158 0.7801
vn 0.1711 -0.8473 0.5028
vn 0.5022 -0.6978 0.5107
vn 0.3495 -0.5703 0.7434
vn 0.1002 0.0984 0.9901
vn 0.7913 0.0317 0.6106
vn 0.5045 0.0606 0.8613
vn 0.1609 0.6810 0.7144
vn 0.5763 0.6721 0.4650
vn 0.4375 0.5745 0.6917
vn 0.2295 0.8890 0.3961
vn 0.3144 0.9341 -0.1693
vn 0.3471 0.9234 -0.1639
vn 0.2495 0.9510 -0.1824
vn 0.2388 0.9534 -0.1844
vn 0.2329 0.9576 -0.1697
vn 0.2605 0.9502 -0.1710
vn 0.3072 0.9309 -0.1975
vn 0.2868 0.9435 -0.1659
vn 0.5357 0.8101 -0.2383
vn 0.7162 0.6250 -0.3106
vn 0.2938 0.9391 -0.1783
vn 0.9317 0.2405 -0.2721
vn 0.5748 0.7891 -0.2167
vn 0.2447 0.9588 -0.1441
vn 0.5818 0.7798 -0.2312
vn 0.9594 -0.0009 -0.2821
vn 0.5868 0.7779 -0.2248
vn 0.2341 0.9661 -0.1084
vn 0.6836 -0.7088 -0.1742
vn 0.6623 -0.7348 -0.1461
vn 0.3568 -0.9289 -0.0993
vn 0.9619 -0.0039 -0.2735
vn 0.5988 0.7846 -0.1610
vn 0.3040 0.9516 -0.0448
vn 0.9621 -0.0148 -0.2722
vn -0.0000 0.9957 -0.0926
vn -0.0000 0.9947 -0.1032
vn -0.3040 0.9516 -0.0448
vn -0.2341 0.9661 -0.1084
vn -0.5988 0.7846 -0.1609
vn 0.6823 -0.7109 -0.1706
vn 0.6468 -0.7462 -0.1577
vn 0.2255 -0.9724 -0.0608
vn 0.2979 -0.9499 -0.0950
vn -0.0000 -0.9975 -0.0709
vn 0.2984 -0.9497 -0.0947
vn -0.0000 -0.9976 -0.0691
vn -0.0000 -0.9976 -0.0699
vn -0.2979 -0.9499 -0.0950
vn -0.3568 -0.9289 -0.0993
vn -0.2983 -0.9498 -0.0947
vn -0.0000 -0.9995 -0.0317
vn 0.1258 -0.9920 -0.0022
vn -0.1258 -0.9920 -0.0022
vn -0.2255 -0.9723 -0.0608
vn -0.6823 -0.7109 -0.1705
vn -0.6468 -0.7462 -0.1578
vn -0.9621 -0.0148 -0.2722
vn -0.6836 -0.7088 -0.1741
vn -0.6623 -0.7348 -0.1461
vn -0.9618 -0.0039 -0.2736
vn -0.9318 0.2405 -0.2721
vn -0.5868 0.7779 -0.2248
vn -0.9594 -0.0009 -0.2822
vn -0.2447 0.9588 -0.1441
vn -0.5817 0.7798 -0.2312
vn -0.5748 0.7891 -0.2167
vn -0.2938 0.9391 -0.1783
vn -0.5357 0.8101 -0.2382
vn -0.7162 0.6250 -0.3106
vn -0.2868 0.9435 -0.1659
vn -0.3072 0.9309 -0.1975
vn -0.2605 0.9502 -0.1710
vn -0.2495 0.9510 -0.1824
vn -0.2329 0.9576 -0.1697
vn -0.2388 0.9534 -0.1844
vn -0.3144 0.9341 -0.1693
vn -0.3471 0.9234 -0.1639
vn -0.1493 0.9645 -0.2178
vn 0.0895 0.9707 -0.2229
vn -0.0401 0.9735 -0.2254
vn -0.2359 0.9477 -0.2151
vn -0.2595 0.9510 -0.1680
vn -0.4674 0.8532 -0.2317
vn -0.3095 0.9369 -0.1625
vn -0.5154 0.8283 -0.2198
vn -0.7258 0.6519 -0.2197
vn -0.6855 0.6947 -0.2178
vn -0.2220 0.9740 -0.0441
vn -0.5123 0.8412 -0.1733
vn -0.6505 0.7382 -0.1789
vn -0.3170 0.9463 -0.0642
vn -0.4905 0.8672 -0.0859
vn -0.6146 0.7824 -0.1008
vn -0.1157 0.9926 -0.0375
vn -0.1014 0.9948 -0.0092
vn -0.4709 0.8821 -0.0088
vn -0.5878 0.8088 -0.0205
vn -0.2077 0.9782 -0.0088
vn -0.1501 0.9879 -0.0395
vn -0.2616 0.9651 0.0115
vn -0.5956 0.8031 0.0156
vn -0.5015 0.8647 0.0279
vn -0.3542 0.9346 0.0335
vn -0.3125 0.9499 0.0030
vn 0.0154 -0.9746 0.2234
vn -0.0995 -0.9697 0.2229
vn 0.1475 -0.9651 0.2162
vn 0.2286 -0.9499 0.2133
vn 0.4622 -0.8565 0.2298
vn 0.2575 -0.9518 0.1666
vn 0.5156 -0.8285 0.2186
vn 0.7549 -0.6201 0.2138
vn 0.6952 -0.6857 0.2159
vn 0.3048 -0.9387 0.1613
vn 0.2757 -0.9592 0.0632
vn 0.5118 -0.8416 0.1726
vn 0.6556 -0.7337 0.1784
vn 0.3113 -0.9482 0.0628
vn 0.2700 -0.9629 0.0013
vn 0.4889 -0.8681 0.0853
vn 0.6180 -0.7797 0.1009
vn 0.3056 -0.9522 -0.0045
vn 0.3223 -0.9464 -0.0211
vn 0.3475 -0.9370 -0.0349
vn 0.4683 -0.8835 0.0082
vn 0.5893 -0.8076 0.0202
vn 0.4989 -0.8662 -0.0285
vn 0.5965 -0.8025 -0.0157
vn -0.5023 -0.6976 0.5109
vn -0.1711 -0.8473 0.5029
vn -0.1111 -0.6157 0.7801
vn -0.3494 -0.5703 0.7434
vn -0.7914 0.0316 0.6105
vn -0.1002 0.0984 0.9901
vn -0.5046 0.0605 0.8612
vn -0.5762 0.6720 0.4651
vn -0.1609 0.6811 0.7143
vn -0.4373 0.5746 0.6918
vn -0.2296 0.8890 0.3961
vn -0.3664 -0.0146 -0.9303
vn -0.3610 -0.0128 -0.9325
vn -0.3651 -0.0325 -0.9304
vn -0.3745 0.0089 -0.9272
vn -0.4065 0.0563 -0.9119
vn -0.4044 0.0261 -0.9142
vn -0.4049 -0.0522 -0.9128
vn -0.4033 -0.0705 -0.9124
vn -0.4091 -0.0723 -0.9096
vn -0.4049 -0.0523 -0.9128
vn -0.3939 -0.0951 -0.9142
vn -0.3636 -0.1098 -0.9250
vn -0.3650 -0.0325 -0.9304
vn -0.3606 -0.1394 -0.9223
vn 0.8823 0.4684 0.0468
vn 0.7248 0.6890 0.0055
vn 0.6174 0.7858 -0.0360
vn 0.7280 0.6855 0.0079
vn -0.0000 0.9952 -0.0975
vn 0.6692 0.7337 0.1177
vn 0.6878 0.6944 0.2116
vn -0.0000 0.9983 -0.0591
vn -0.7280 0.6855 0.0079
vn -0.6174 0.7858 -0.0360
vn -0.7248 0.6890 0.0056
vn -0.8823 0.4684 0.0469
vn -0.6692 0.7337 0.1177
vn -0.6879 0.6943 0.2115
vn -0.0000 0.9931 0.1175
vn -0.5108 0.8212 0.2542
vn -0.4769 0.8199 0.3167
vn 0.5109 0.8212 0.2542
vn 0.4770 0.8199 0.3167
vn 0.0002 0.9708 0.2397
vn 0.0002 0.9492 0.3147
vn 0.0001 0.9241 0.3821
vn -0.0000 0.0008 -1.0000
vn -0.0000 0.1920 -0.9814
vn -0.0000 -0.3188 -0.9478
vn -0.0000 -0.3189 -0.9478
vn -0.0000 -0.4418 -0.8971
vn -0.0000 -0.2949 0.9555
vn -0.0000 -0.2712 0.9625
vn -0.0000 -0.3184 0.9479
vn -0.0000 -0.3184 0.9480
vn 0.1123 -0.9929 -0.0402
vn 0.1109 -0.9929 -0.0440
vn 0.0561 -0.9975 -0.0428
vn 0.0562 -0.9977 -0.0392
vn -0.0000 -0.9991 -0.0420
vn 0.0574 -0.9977 -0.0366
vn 0.1165 -0.9924 -0.0383
vn -0.0000 -0.9993 -0.0386
vn -0.0000 -0.9994 -0.0352
vn -0.0574 -0.9977 -0.0366
vn -0.0562 -0.9977 -0.0392
vn -0.0561 -0.9975 -0.0428
vn -0.1123 -0.9929 -0.0402
vn -0.1165 -0.9924 -0.0383
vn -0.1109 -0.9929 -0.0440
vn 0.5735 -0.8178 0.0480
vn 0.3943 -0.9183 0.0342
vn 0.4057 -0.9135 0.0318
vn 0.3968 -0.9173 0.0332
vn 0.5507 -0.8330 0.0541
vn 0.5623 -0.8250 0.0556
vn 0.8414 -0.5309 0.1011
vn 0.7870 -0.6108 0.0871
vn 0.8059 -0.5843 0.0952
vn 0.9339 -0.3402 0.1101
vn 0.9407 -0.3183 0.1171
vn 0.9621 -0.2400 0.1295
vn 0.9897 0.0786 0.1200
vn 0.9879 0.0911 0.1259
vn 0.9552 0.2686 0.1243
vn 0.7810 0.6174 0.0945
vn 0.7908 0.6043 0.0974
vn 0.7733 0.6272 0.0931
vn 0.4676 0.8823 0.0538
vn 0.4864 0.8722 0.0518
vn 0.5436 0.8372 0.0598
vn 0.3409 0.9394 0.0371
vn 0.4028 0.9143 0.0415
vn 0.3547 0.9344 0.0315
vn 0.4258 0.5432 -0.7237
vn 0.4048 0.8047 -0.4344
vn 0.7130 0.5987 -0.3650
vn 0.5980 0.4974 -0.6285
vn 0.9098 -0.1380 -0.3915
vn 0.7157 -0.1233 -0.6874
vn 0.3909 -0.1052 -0.9144
vn 0.6156 -0.7229 -0.3137
vn 0.5550 -0.6384 -0.5333
vn 0.2859 -0.7063 -0.6476
vn 0.2498 -0.9084 -0.3352
vn -0.0000 -0.9989 -0.0479
vn -0.3905 -0.9199 -0.0360
vn -0.3641 -0.9297 -0.0563
vn 0.3641 -0.9297 -0.0563
vn 0.3905 -0.9199 -0.0360
vn -0.0000 -0.9977 -0.0683
vn -0.3432 -0.9367 -0.0699
vn 0.3432 -0.9367 -0.0699
vn -0.0000 -0.9966 -0.0826
vn -0.3373 -0.9383 -0.0758
vn 0.3373 -0.9383 -0.0758
vn -0.0000 -0.9961 -0.0877
vn -0.3324 -0.9394 -0.0843
vn 0.3324 -0.9394 -0.0843
vn -0.0000 -0.9958 -0.0920
vn 0.0940 0.9785 -0.1836
vn 0.0202 0.9777 -0.2090
vn 0.0788 0.9860 -0.1468
vn 0.2028 0.9705 -0.1300
vn 0.4425 0.8852 -0.1435
vn 0.0730 0.9921 -0.1015
vn 0.2928 0.9509 -0.1005
vn 0.6102 0.7846 -0.1097
vn 0.8022 0.5850 -0.1195
vn 0.7298 0.6788 -0.0811
vn 0.8101 0.5825 -0.0672
vn 0.8751 0.4781 -0.0753
vn 0.3998 0.7470 -0.5312
vn 0.2603 0.9246 -0.2781
vn 0.6193 0.7179 -0.3178
vn 0.5242 0.7530 -0.3978
vn 0.9396 0.0459 -0.3391
vn 0.7899 0.1485 -0.5950
vn 0.5891 0.1155 -0.7997
vn 0.7341 -0.6324 -0.2471
vn 0.6916 -0.5988 -0.4040
vn 0.4847 -0.6721 -0.5599
vn 0.3722 -0.9113 -0.1761
vn -0.0000 0.9997 -0.0246
vn 0.0006 0.9997 -0.0242
vn 0.0078 0.9988 -0.0474
vn -0.0078 0.9988 -0.0474
vn -0.0006 0.9997 -0.0242
vn -0.0000 0.9969 -0.0783
vn 0.0391 0.9887 -0.1446
vn -0.0391 0.9887 -0.1446
vn -0.0000 0.9796 -0.2007
vn 0.0758 0.9632 -0.2580
vn -0.0758 0.9632 -0.2580
vn -0.0000 0.9659 -0.2587
vn -0.0000 -0.9900 -0.1410
vn 0.0157 -0.9899 -0.1410
vn 0.0101 -0.9940 -0.1092
vn -0.0101 -0.9940 -0.1092
vn -0.0157 -0.9899 -0.1410
vn -0.0000 -0.9935 -0.1136
vn 0.0066 -0.9966 -0.0824
vn -0.0066 -0.9966 -0.0824
vn -0.0000 -0.9966 -0.0824
vn -0.4057 -0.9135 0.0318
vn -0.3943 -0.9183 0.0342
vn -0.5735 -0.8178 0.0480
vn -0.5507 -0.8330 0.0541
vn -0.3968 -0.9173 0.0332
vn -0.5623 -0.8250 0.0556
vn -0.8414 -0.5309 0.1011
vn -0.7870 -0.6108 0.0871
vn -0.8059 -0.5844 0.0952
vn -0.9339 -0.3402 0.1101
vn -0.9407 -0.3183 0.1171
vn -0.9621 -0.2399 0.1295
vn -0.9897 0.0785 0.1200
vn -0.9879 0.0911 0.1259
vn -0.9552 0.2685 0.1243
vn -0.7810 0.6173 0.0944
vn -0.7908 0.6043 0.0974
vn -0.7733 0.6271 0.0931
vn -0.4676 0.8823 0.0538
vn -0.4864 0.8722 0.0518
vn -0.5436 0.8372 0.0598
vn -0.3409 0.9394 0.0371
vn -0.4028 0.9144 0.0415
vn -0.3547 0.9344 0.0315
vn -0.7130 0.5989 -0.3647
vn -0.4048 0.8047 -0.4344
vn -0.4258 0.5432 -0.7236
vn -0.5980 0.4974 -0.6285
vn -0.9098 -0.1379 -0.3914
vn -0.7157 -0.1233 -0.6875
vn -0.3910 -0.1051 -0.9144
vn -0.6157 -0.7228 -0.3138
vn -0.5551 -0.6383 -0.5332
vn -0.2858 -0.7063 -0.6477
vn -0.2498 -0.9084 -0.3353
vn -0.0788 0.9860 -0.1468
vn -0.0202 0.9777 -0.2090
vn -0.0940 0.9785 -0.1836
vn -0.2028 0.9706 -0.1300
vn -0.4425 0.8852 -0.1435
vn -0.2928 0.9509 -0.1005
vn -0.0730 0.9921 -0.1015
vn -0.6103 0.7845 -0.1097
vn -0.8022 0.5850 -0.1195
vn -0.7299 0.6788 -0.0811
vn -0.8102 0.5823 -0.0672
vn -0.8752 0.4779 -0.0753
vn -0.6196 0.7175 -0.3182
vn -0.2603 0.9246 -0.2782
vn -0.3997 0.7470 -0.5313
vn -0.5241 0.7531 -0.3978
vn -0.9397 0.0461 -0.3390
vn -0.7899 0.1484 -0.5949
vn -0.5890 0.1154 -0.7998
vn -0.7343 -0.6323 -0.2471
vn -0.6912 -0.5991 -0.4042
vn -0.4847 -0.6720 -0.5599
vn -0.3722 -0.9113 -0.1762
vn 0.3652 0.9300 0.0420
vn 0.3932 0.9192 0.0211
vn -0.0000 0.9995 0.0320
vn -0.3932 0.9192 0.0211
vn -0.3652 0.9300 0.0420
vn 0.3455 0.9368 0.0550
vn 0.3611 0.9315 0.0436
vn -0.0000 0.9986 0.0524
vn -0.3611 0.9315 0.0436
vn -0.3455 0.9368 0.0550
vn -0.0000 0.9978 0.0669
vn 0.3391 0.9388 0.0613
vn -0.3391 0.9388 0.0613
vn -0.0000 0.9974 0.0720
vn 0.3340 0.9400 0.0697
vn -0.3340 0.9400 0.0697
vn -0.0000 0.9971 0.0766
vn -0.0000 -0.9997 -0.0225
vn 0.0012 -0.9997 -0.0225
vn 0.0052 -0.9978 -0.0660
vn -0.0052 -0.9978 -0.0660
vn -0.0012 -0.9997 -0.0225
vn -0.0000 -0.9985 -0.0542
vn -0.0000 -0.9972 -0.0749
vn 0.0052 -0.9978 -0.0662
vn -0.0052 -0.9978 -0.0662
vn 0.0044 -0.9983 -0.0578
vn -0.0044 -0.9983 -0.0578
vn -0.0000 -0.9983 -0.0578
vn 0.9543 0.2612 0.1453
vn 0.9895 0.0821 0.1193
vn 0.9472 0.3153 0.0589
vn 0.7696 0.6294 0.1071
vn 0.7268 0.6858 0.0389
vn 0.5816 0.8132 0.0219
vn 0.5852 0.8076 0.0733
vn -0.0001 -0.6489 0.7609
vn -0.0000 -0.6489 0.7609
vn -0.0000 -0.7045 0.7097
vn 0.0001 -0.6489 0.7609
vn -0.0000 -0.7921 0.6104
vn -0.0000 -0.8408 0.5413
vn -0.0000 -0.8412 0.5407
vn -0.0000 -0.8553 0.5181
vn 0.5684 -0.1482 -0.8093
vn 0.6948 -0.1254 -0.7082
vn 0.6455 -0.2649 -0.7164
vn 0.5126 -0.4004 -0.7596
vn 0.6854 -0.0522 -0.7263
vn 0.2275 -0.2439 -0.9427
vn 0.3019 -0.4890 -0.8183
vn 0.5383 0.1128 -0.8351
vn 0.6749 -0.0103 -0.7378
vn 0.6039 0.1504 -0.7827
vn 0.2020 0.3133 -0.9279
vn 0.4609 0.3504 -0.8154
vn 0.1982 0.5370 -0.8199
vn -0.0000 0.6088 -0.7933
vn -0.0000 0.3414 -0.9399
vn -0.0000 -0.3210 -0.9471
vn -0.0000 -0.5206 -0.8538
vn -0.3019 -0.4890 -0.8183
vn -0.2021 0.3133 -0.9279
vn -0.1983 0.5370 -0.8199
vn -0.4609 0.3503 -0.8154
vn -0.6039 0.1505 -0.7827
vn -0.2275 -0.2439 -0.9427
vn -0.5126 -0.4004 -0.7595
vn -0.5384 0.1128 -0.8351
vn -0.6749 -0.0102 -0.7378
vn -0.6855 -0.0523 -0.7262
vn -0.5684 -0.1482 -0.8093
vn -0.6455 -0.2649 -0.7164
vn -0.6949 -0.1253 -0.7081
vn 0.5340 0.6523 -0.5380
vn 0.7344 0.3061 -0.6057
vn 0.7343 0.2737 -0.6212
vn 0.7973 -0.0233 -0.6031
vn 0.4073 0.7585 -0.5087
vn 0.7989 -0.0436 -0.5998
vn 0.2471 0.8720 -0.4225
vn 0.7915 -0.2083 -0.5746
vn 0.1368 0.8993 -0.4154
vn 0.7987 -0.1984 -0.5681
vn -0.0000 0.9164 -0.4003
vn 0.7605 -0.3767 -0.5288
vn -0.0000 0.9068 -0.4216
vn 0.7837 -0.3476 -0.5147
vn -0.1368 0.8993 -0.4154
vn 0.7034 -0.5474 -0.4534
vn -0.2471 0.8720 -0.4225
vn 0.7399 -0.5379 -0.4039
vn -0.4073 0.7585 -0.5087
vn 0.5693 -0.7688 -0.2915
vn -0.5340 0.6523 -0.5380
vn 0.5823 -0.7757 -0.2432
vn -0.7343 0.2737 -0.6212
vn 0.4169 -0.8921 -0.1741
vn -0.7345 0.3061 -0.6057
vn 0.4387 -0.8831 -0.1665
vn -0.7974 -0.0232 -0.6031
vn -0.0000 -0.9862 -0.1658
vn -0.7990 -0.0436 -0.5998
vn -0.0000 -0.9876 -0.1568
vn -0.7915 -0.2083 -0.5746
vn -0.4169 -0.8921 -0.1741
vn -0.7987 -0.1985 -0.5681
vn -0.4387 -0.8831 -0.1665
vn -0.7605 -0.3768 -0.5288
vn -0.5823 -0.7757 -0.2432
vn -0.7837 -0.3477 -0.5147
vn -0.5692 -0.7688 -0.2915
vn -0.7034 -0.5474 -0.4534
vn -0.7400 -0.5379 -0.4039
vn -0.0000 0.8942 -0.4477
vn -0.0000 0.8830 -0.4695
vn 0.1549 0.8542 -0.4963
vn -0.1550 0.8542 -0.4963
vn 0.1786 0.8208 -0.5426
vn -0.1786 0.8208 -0.5426
vn 0.4432 0.6085 -0.6582
vn -0.4432 0.6085 -0.6582
vn 0.5262 0.4436 -0.7255
vn -0.5263 0.4436 -0.7255
vn 0.6243 0.2011 -0.7549
vn -0.6243 0.2011 -0.7549
vn 0.6340 0.1246 -0.7633
vn -0.6339 0.1247 -0.7633
vn 0.6615 -0.0272 -0.7494
vn -0.6615 -0.0272 -0.7494
vn 0.6616 -0.0148 -0.7497
vn -0.6616 -0.0148 -0.7497
vn 0.6631 -0.1316 -0.7369
vn -0.6631 -0.1317 -0.7369
vn 0.6773 -0.0750 -0.7319
vn -0.6773 -0.0751 -0.7319
vn 0.6600 -0.2677 -0.7020
vn -0.6599 -0.2678 -0.7020
vn 0.6986 -0.1483 -0.7000
vn -0.6987 -0.1482 -0.6999
vn 0.6438 -0.3743 -0.6674
vn -0.6439 -0.3742 -0.6674
vn 0.7035 -0.3108 -0.6391
vn -0.7036 -0.3107 -0.6391
vn 0.5473 -0.6039 -0.5795
vn -0.5473 -0.6039 -0.5795
vn 0.6787 -0.5093 -0.5291
vn -0.6787 -0.5093 -0.5291
vn 0.4682 -0.7682 -0.4366
vn -0.4682 -0.7682 -0.4366
vn 0.5738 -0.6574 -0.4885
vn -0.5738 -0.6574 -0.4884
vn -0.0000 -0.8754 -0.4835
vn -0.0000 -0.9582 -0.2861
vn 0.0001 -0.7684 -0.6399
vn 0.3648 -0.0833 -0.9274
vn 0.3606 -0.1394 -0.9222
vn 0.3939 -0.0951 -0.9142
vn 0.4091 -0.0723 -0.9096
vn 0.3650 -0.0325 -0.9304
vn 0.4050 -0.0522 -0.9128
vn 0.3609 -0.0127 -0.9325
vn 0.4046 -0.0009 -0.9145
vn 0.3745 0.0089 -0.9272
vn 0.4065 0.0563 -0.9119
vn -0.0000 -0.9674 -0.2532
vn -0.0000 -0.9708 -0.2400
vn 0.3020 -0.9000 -0.3143
vn -0.3020 -0.9000 -0.3143
vn 0.3632 -0.8513 -0.3787
vn -0.3632 -0.8513 -0.3786
vn 0.5874 -0.6118 -0.5298
vn -0.5874 -0.6118 -0.5298
vn 0.6153 -0.5084 -0.6024
vn -0.6153 -0.5085 -0.6024
vn 0.6932 -0.1047 -0.7131
vn -0.6932 -0.1047 -0.7131
vn 0.6921 -0.0737 -0.7180
vn -0.6921 -0.0737 -0.7180
vn 0.5875 0.3741 -0.7175
vn -0.5875 0.3742 -0.7175
vn 0.6118 0.3515 -0.7086
vn -0.6118 0.3515 -0.7086
vn 0.3505 0.6964 -0.6263
vn -0.3505 0.6964 -0.6263
vn 0.3920 0.6796 -0.6201
vn -0.3920 0.6796 -0.6201
vn -0.0000 0.8017 -0.5977
vn -0.0000 0.8104 -0.5859
vn 0.3503 0.5394 -0.7658
vn 0.4138 0.4915 -0.7663
vn 0.5802 0.2155 -0.7855
vn -0.0000 0.6258 -0.7800
vn 0.5470 0.2945 -0.7836
vn -0.0000 0.6217 -0.7833
vn 0.6165 -0.1058 -0.7802
vn -0.3502 0.5394 -0.7658
vn 0.6158 -0.0932 -0.7824
vn -0.4137 0.4916 -0.7663
vn 0.5371 -0.4034 -0.7408
vn -0.5802 0.2156 -0.7855
vn 0.5092 -0.4546 -0.7308
vn -0.5470 0.2944 -0.7837
vn 0.3550 -0.6322 -0.6887
vn -0.6164 -0.1058 -0.7803
vn 0.3078 -0.6641 -0.6814
vn -0.6157 -0.0933 -0.7824
vn -0.0000 -0.7357 -0.6773
vn -0.5371 -0.4033 -0.7409
vn -0.0000 -0.7350 -0.6781
vn -0.5092 -0.4545 -0.7308
vn -0.3078 -0.6641 -0.6814
vn -0.3550 -0.6322 -0.6887
vn 0.7191 0.0106 0.6948
vn 0.7042 0.0364 0.7090
vn 0.7127 0.0678 0.6982
vn 0.7008 -0.0126 0.7132
vn 0.7202 0.0434 0.6924
vn 0.7026 0.0187 0.7114
vn 0.7170 -0.0078 0.6970
vn 0.7069 -0.0392 0.7062
vn 0.2492 -0.8597 0.4460
vn 0.4555 -0.7019 0.5476
vn -0.1868 -0.4000 0.8973
vn 0.6514 -0.7564 -0.0593
vn -0.3284 -0.6844 0.6510
vn -0.6903 -0.0438 0.7222
vn 0.3041 -0.9523 -0.0265
vn -0.7407 -0.2849 0.6085
vn 0.3408 -0.8922 -0.2963
vn 0.6487 -0.6835 -0.3346
vn 0.5102 -0.5375 -0.6714
vn -0.3846 -0.9140 0.1291
vn -0.4065 -0.8986 -0.1651
vn 0.3161 -0.7465 -0.5856
vn -0.1550 -0.3601 -0.9200
vn -0.2892 -0.6676 -0.6860
vn -0.8111 -0.0384 -0.5837
vn -0.9328 -0.3604 0.0003
vn -0.8109 -0.3023 -0.5011
vn -0.9940 0.0853 0.0688
vn -0.8948 -0.3482 0.2795
vn -0.9362 0.0601 0.3462
vn -0.0630 -0.1594 0.9852
vn -0.5638 -0.0478 0.8245
vn -0.5135 -0.4314 0.7418
vn -0.9480 -0.1555 0.2779
vn -0.1582 -0.5590 0.8140
vn 0.4275 -0.2751 0.8611
vn -0.7867 -0.5522 0.2759
vn -0.8059 -0.5633 -0.1824
vn -0.9185 -0.3537 -0.1771
vn -0.7286 -0.3371 -0.5962
vn -0.6540 -0.4672 -0.5951
vn -0.2692 -0.3284 -0.9054
vn -0.3942 -0.8681 -0.3016
vn -0.2980 -0.5755 -0.7616
vn 0.2133 -0.2689 -0.9392
vn -0.2641 -0.9403 0.2145
vn 0.1806 -0.5668 -0.8038
vn 0.8119 -0.3037 -0.4986
vn 0.4356 -0.7969 -0.4186
vn 0.4914 -0.8458 0.2079
vn 0.8159 -0.5445 0.1943
vn 0.3137 -0.5605 0.7664
vn -0.7191 0.0106 0.6948
vn -0.7202 0.0432 0.6924
vn -0.7127 0.0678 0.6982
vn -0.7170 -0.0078 0.6971
vn -0.7042 0.0364 0.7091
vn -0.7069 -0.0392 0.7062
vn -0.7008 -0.0128 0.7132
vn -0.7025 0.0187 0.7114
vn 0.1869 -0.4001 0.8972
vn -0.4553 -0.7019 0.5477
vn -0.2494 -0.8595 0.4461
vn -0.6513 -0.7565 -0.0592
vn 0.3283 -0.6845 0.6510
vn 0.6904 -0.0438 0.7221
vn -0.3040 -0.9523 -0.0263
vn -0.3410 -0.8922 -0.2962
vn -0.6490 -0.6833 -0.3346
vn -0.5103 -0.5374 -0.6714
vn -0.3161 -0.7464 -0.5856
vn 0.1553 -0.3601 -0.9199
vn 0.4067 -0.8985 -0.1652
vn 0.2892 -0.6676 -0.6861
vn 0.8112 -0.0384 -0.5836
vn 0.3846 -0.9140 0.1291
vn 0.8109 -0.3023 -0.5011
vn 0.9940 0.0853 0.0688
vn 0.9328 -0.3603 0.0002
vn 0.8948 -0.3482 0.2795
vn 0.9362 0.0601 0.3462
vn 0.7407 -0.2849 0.6085
vn 0.5135 -0.4314 0.7418
vn 0.5639 -0.0479 0.8244
vn 0.0631 -0.1594 0.9852
vn 0.9480 -0.1555 0.2778
vn 0.1582 -0.5589 0.8140
vn -0.4275 -0.2751 0.8611
vn 0.7867 -0.5522 0.2759
vn -0.3137 -0.5605 0.7664
vn 0.8059 -0.5632 -0.1824
vn 0.9185 -0.3537 -0.1771
vn 0.7286 -0.3371 -0.5962
vn 0.2642 -0.9403 0.2145
vn 0.3942 -0.8681 -0.3016
vn 0.6540 -0.4671 -0.5951
vn 0.2692 -0.3284 -0.9054
vn 0.2979 -0.5755 -0.7616
vn -0.2133 -0.2689 -0.9392
vn -0.4356 -0.7969 -0.4186
vn -0.1806 -0.5668 -0.8038
vn -0.8119 -0.3037 -0.4986
vn -0.4913 -0.8458 0.2079
vn -0.8159 -0.5447 0.1943
vn -0.8038 -0.5867 0.0984
vn 0.5901 -0.8044 0.0681
vn 0.3625 -0.9311 0.0398
vn 0.0814 -0.9965 0.0174
vn -0.0000 -1.0000 0.0036
vn -0.9919 -0.0080 0.1265
vn -0.9417 0.3145 0.1196
vn -0.8488 0.5183 0.1042
vn -0.0428 -0.9991 0.0037
vn -0.8869 -0.4493 0.1075
vn -0.9262 -0.3584 0.1170
vn 0.9478 -0.2953 0.1201
vn -0.9524 -0.2793 0.1219
vn -0.5661 0.8218 0.0645
vn -0.4289 0.9022 0.0465
vn -0.4278 0.9027 0.0456
vn -0.6640 0.7435 0.0794
vn 0.6670 0.7409 0.0788
vn 0.9567 0.0267 0.2899
vn -0.9556 0.0328 0.2929
vn -0.9541 0.0343 0.2976
vn -0.9553 0.0226 0.2946
vn -0.9560 0.0220 0.2925
vn -0.9568 0.0185 0.2903
vn 0.3457 0.9381 -0.0220
vn 0.3451 0.9383 -0.0221
vn 0.3467 0.9377 -0.0234
vn 0.3485 0.9370 -0.0229
vn 0.3517 0.9358 -0.0235
vn -0.3452 0.9383 -0.0222
vn -0.3594 0.9145 -0.1858
vn -0.3624 0.9135 -0.1849
vn 0.2636 0.8510 0.4543
vn 0.9755 0.2086 0.0694
vn 0.9498 0.2987 0.0933
vn 0.9772 0.0185 0.2117
vn 0.9772 0.0190 0.2116
vn 0.3304 0.9427 0.0468
vn 0.3942 0.9183 0.0375
vn 0.3887 0.9206 0.0383
vn 0.3246 0.9446 0.0476
vn 0.8093 0.2123 0.5478
vn 0.7598 0.2978 0.5779
vn 0.9615 0.1449 0.2335
vn 0.9583 0.1583 0.2379
vn 0.9592 0.1544 0.2366
vn 0.9624 0.1409 0.2322
vn 0.4724 -0.8740 -0.1138
vn 0.5086 -0.8533 -0.1149
vn 0.5042 -0.8559 -0.1148
vn 0.4693 -0.8757 -0.1137
vn -0.9556 0.2812 0.0887
vn -0.9498 0.2987 0.0933
vn -0.9714 0.2258 0.0740
vn -0.9755 0.2086 0.0694
vn -0.9772 0.0183 0.2117
vn -0.9772 0.0190 0.2115
vn -0.3303 0.9427 0.0468
vn -0.3246 0.9447 0.0476
vn -0.3887 0.9206 0.0383
vn -0.3942 0.9183 0.0375
vn -0.7665 0.2871 0.5744
vn -0.7921 0.2440 0.5596
vn -0.8093 0.2123 0.5478
vn -0.7598 0.2978 0.5779
vn -0.9615 0.1449 0.2335
vn -0.9624 0.1409 0.2322
vn -0.9592 0.1544 0.2367
vn -0.9583 0.1583 0.2379
vn -0.4724 -0.8740 -0.1138
vn -0.4693 -0.8757 -0.1137
vn -0.5042 -0.8559 -0.1148
vn -0.5086 -0.8533 -0.1149
vn 0.8447 -0.5286 -0.0837
vn 0.8289 -0.5530 -0.0844
vn 0.7779 -0.6231 -0.0812
vn 0.7586 -0.6461 -0.0843
vn 0.7160 -0.6938 -0.0777
vn 0.6524 -0.7533 -0.0835
vn 0.9725 -0.1962 -0.1256
vn 0.9751 -0.1827 -0.1253
vn 0.9560 -0.2690 -0.1167
vn 0.9690 -0.2137 -0.1239
vn 0.9261 -0.3621 -0.1060
vn 0.9731 -0.2284 -0.0296
vn 0.9736 -0.2260 -0.0308
vn 0.9709 -0.2359 -0.0408
vn 0.9712 -0.2342 -0.0437
vn 0.9774 -0.1997 -0.0688
vn 0.9792 -0.1900 -0.0716
vn 0.9981 0.0588 -0.0187
vn 0.9986 0.0501 -0.0155
vn 0.9949 0.0845 -0.0545
vn 0.9942 0.0894 -0.0599
vn 0.9925 0.0873 -0.0856
vn 0.9925 0.0874 -0.0857
vn 0.9057 0.3860 -0.1750
vn 0.9060 0.3854 -0.1752
vn 0.9056 0.3863 -0.1750
vn 0.9039 0.3906 -0.1741
vn 0.9036 0.3915 -0.1740
vn 0.8093 0.5416 -0.2276
vn 0.8438 0.4754 -0.2492
vn 0.9244 0.3133 -0.2176
vn 0.8398 0.4971 -0.2180
vn 0.9792 0.0974 -0.1782
vn 0.8388 0.4737 -0.2684
vn 0.8490 0.4552 -0.2684
vn 0.8459 0.4637 -0.2634
vn 0.8368 0.4797 -0.2641
vn 0.7958 0.5469 -0.2600
vn 0.7921 0.5530 -0.2584
vn 0.7882 -0.1921 0.5847
vn 0.7898 -0.1891 0.5834
vn 0.7125 -0.1666 0.6816
vn 0.6827 -0.1498 0.7152
vn 0.6072 -0.0868 0.7898
vn 0.6118 -0.0752 0.7874
vn -0.7779 -0.6231 -0.0812
vn -0.8289 -0.5530 -0.0844
vn -0.8449 -0.5283 -0.0837
vn -0.7587 -0.6460 -0.0843
vn -0.7160 -0.6938 -0.0777
vn -0.6524 -0.7533 -0.0835
vn -0.9560 -0.2690 -0.1167
vn -0.9751 -0.1827 -0.1253
vn -0.9725 -0.1962 -0.1256
vn -0.9690 -0.2137 -0.1239
vn -0.9260 -0.3622 -0.1060
vn -0.9709 -0.2359 -0.0408
vn -0.9736 -0.2260 -0.0308
vn -0.9731 -0.2285 -0.0296
vn -0.9705 -0.2376 -0.0416
vn -0.9693 -0.2391 -0.0573
vn -0.9792 -0.1901 -0.0716
vn -0.9949 0.0846 -0.0545
vn -0.9986 0.0501 -0.0154
vn -0.9981 0.0587 -0.0187
vn -0.9942 0.0895 -0.0599
vn -0.9925 0.0873 -0.0856
vn -0.9925 0.0875 -0.0857
vn -0.9056 0.3864 -0.1750
vn -0.9059 0.3856 -0.1751
vn -0.9060 0.3853 -0.1752
vn -0.9040 0.3905 -0.1742
vn -0.9035 0.3916 -0.1740
vn -0.9244 0.3132 -0.2177
vn -0.8438 0.4754 -0.2492
vn -0.8093 0.5415 -0.2276
vn -0.8399 0.4971 -0.2180
vn -0.9791 0.0973 -0.1783
vn -0.8459 0.4637 -0.2634
vn -0.8490 0.4552 -0.2684
vn -0.8388 0.4737 -0.2685
vn -0.8368 0.4796 -0.2641
vn -0.7959 0.5468 -0.2600
vn -0.7922 0.5529 -0.2585
vn -0.7125 -0.1665 0.6816
vn -0.7898 -0.1891 0.5834
vn -0.7882 -0.1921 0.5847
vn -0.6828 -0.1497 0.7151
vn -0.6072 -0.0868 0.7898
vn -0.6118 -0.0752 0.7875
vn 0.6621 -0.1413 0.7360
vn 0.8011 -0.1967 0.5653
vn 0.8012 -0.1996 0.5642
vn 0.7099 -0.1678 0.6841
vn 0.5617 -0.0705 0.8243
vn 0.5646 -0.0618 0.8231
vn -0.8012 -0.1996 0.5641
vn -0.8011 -0.1968 0.5652
vn -0.6621 -0.1413 0.7360
vn -0.7099 -0.1678 0.6840
vn -0.5617 -0.0705 0.8244
vn -0.5646 -0.0618 0.8231
vn 0.9104 0.3376 0.2393
vn 0.8940 0.3204 0.3134
vn 0.9644 0.1130 0.2390
vn 0.8808 0.4106 0.2358
vn 0.8826 0.3278 0.3371
vn 0.8710 0.3004 0.3887
vn 0.8652 0.3212 0.3851
vn 0.8832 0.2506 0.3965
vn -0.8940 0.3203 0.3134
vn -0.9104 0.3375 0.2393
vn -0.9645 0.1127 0.2390
vn -0.8808 0.4106 0.2359
vn -0.8826 0.3277 0.3371
vn -0.8710 0.3004 0.3887
vn -0.8832 0.2506 0.3965
vn -0.8652 0.3212 0.3851
vt -0.189209 0.995117
vt -0.190186 0.944336
vt -0.618652 0.964844
vt 0.054443 0.752686
vt 0.054443 0.747070
vt 0.021729 0.747070
vt 0.021729 0.752686
vt 0.076416 0.752686
vt 0.076416 0.747070
vt 0.255026 0.527791
vt 0.252585 0.504354
vt 0.248923 0.504354
vt -0.408203 0.761719
vt -0.408203 0.750000
vt -0.441406 0.750000
vt -0.441406 0.761719
vt -0.203125 0.761719
vt -0.203125 0.750000
vt -0.281250 0.750000
vt -0.281250 0.761719
vt -0.160889 0.969727
vt 0.128418 0.979492
vt 0.095215 0.980957
vt 0.094727 0.982910
vt -0.113281 0.971680
vt -0.150391 0.975586
vt -0.113281 0.972656
vt 0.515625 0.542480
vt 0.568359 0.535889
vt 0.570312 0.529297
vt 0.667969 0.533447
vt -0.295898 0.750000
vt -0.295898 0.761719
vt -0.256836 0.750000
vt -0.169922 0.739258
vt -0.169922 0.745605
vt -0.017578 0.739746
vt 0.605469 0.716553
vt 0.697266 0.710449
vt 0.632812 0.684814
vt 0.603516 0.725586
vt 0.757812 0.715332
vt 0.648438 0.777588
vt 0.628906 0.779541
vt 0.638672 0.843994
vt 0.007812 0.750000
vt 0.007812 0.759766
vt 0.007812 0.761719
vt 0.343750 0.670166
vt 0.355469 0.665283
vt 0.351562 0.632812
vt -0.333496 0.750000
vt 0.259766 0.767822
vt 0.271484 0.764893
vt 0.265625 0.750000
vt 0.253906 0.756836
vt 0.151611 0.936360
vt 0.174316 0.909017
vt 0.059814 0.898275
vt 0.238525 0.933431
vt 0.243652 0.909017
vt 0.179932 0.873372
vt 0.247803 0.896810
vt 0.254639 0.875325
vt 0.063965 0.863118
vt 0.183594 0.849446
vt 0.264893 0.848470
vt 0.065918 0.840657
vt -0.117432 0.859212
vt 0.058594 0.901204
vt -0.118652 0.864095
vt -0.114990 0.835775
vt -0.244873 0.830892
vt -0.245605 0.833821
vt -0.330811 0.814290
vt -0.242920 0.816243
vt -0.330566 0.812337
vt -0.333984 0.802571
vt -0.336182 0.815267
vt -0.114258 0.820150
vt -0.242432 0.803548
vt -0.333252 0.791829
vt 0.067139 0.819173
vt -0.113770 0.806478
vt -0.242188 0.792806
vt -0.333252 0.784993
vt 0.187500 0.824056
vt 0.274414 0.821126
vt 0.068359 0.797689
vt 0.191650 0.790853
vt 0.285645 0.785970
vt -0.113525 0.791829
vt 0.193604 0.775228
vt 0.263428 0.771321
vt 0.253418 0.753743
vt 0.069092 0.777181
vt 0.195801 0.739095
vt 0.246094 0.736165
vt 0.069580 0.744954
vt -0.242188 0.783040
vt -0.333496 0.777181
vt -0.113525 0.778157
vt -0.242188 0.773275
vt -0.333496 0.768392
vt -0.333740 0.758626
vt -0.113525 0.752767
vt -0.242432 0.755696
vt -0.333740 0.743001
vt -0.113770 0.725423
vt 0.068604 0.715657
vt -0.242676 0.735189
vt -0.334229 0.725423
vt -0.114746 0.701009
vt 0.067383 0.683431
vt -0.242920 0.713704
vt -0.334961 0.712728
vt 0.053223 0.661946
vt -0.243652 0.699056
vt -0.115479 0.684407
vt -0.161377 0.994141
vt -0.622559 0.994141
vt -0.623047 0.968750
vt 0.000000 0.752930
vt 0.036133 0.752930
vt 0.036133 0.746826
vt 0.333984 0.631836
vt 0.367188 0.632568
vt 0.245261 0.572713
vt 0.251120 0.561971
vt 0.248923 0.527791
vt 0.241354 0.527791
vt 0.237936 0.576619
vt 0.241354 0.504354
vt 0.234030 0.504354
vt 0.234030 0.527791
vt 0.204733 0.504354
vt 0.211569 0.578573
vt 0.204733 0.527791
vt 0.187399 0.586385
vt 0.173239 0.539510
vt 0.605469 0.783691
vt 0.613281 0.838379
vt 0.058594 0.553955
vt 0.059570 0.522461
vt 0.211914 0.524414
vt 0.210938 0.555420
vt 0.315430 0.525879
vt 0.315430 0.556641
vt -0.309082 0.929688
vt -0.230225 0.932617
vt -0.266113 0.919922
vt -0.305176 0.916992
vt 0.009766 1.000000
vt -0.083008 1.000000
vt -0.081543 0.939209
vt 0.014648 0.952148
vt 0.125000 1.000000
vt 0.130859 0.946533
vt 0.223633 1.000000
vt 0.022461 0.897949
vt 0.236328 0.937988
vt 0.136719 0.914551
vt 0.325195 1.000000
vt 0.331055 0.961670
vt 0.384766 0.975098
vt 0.387695 1.000000
vt -0.416016 0.761719
vt -0.416016 0.750000
vt 0.267578 0.750977
vt 0.267578 0.756592
vt 0.279297 0.756592
vt 0.279297 0.750977
vt 0.300781 0.750977
vt 0.300781 0.756592
vt -0.176025 0.790039
vt -0.111572 0.790039
vt -0.111572 0.776367
vt -0.176025 0.775391
vt 0.048828 0.946777
vt 0.051758 0.976074
vt 0.070312 0.982422
vt 0.300781 0.761719
vt 0.300781 0.750000
vt 0.160156 0.750000
vt 0.160156 0.761719
vt 0.491211 0.761719
vt 0.491211 0.750000
vt 0.459961 0.750000
vt 0.459961 0.761719
vt 0.126953 0.750000
vt 0.126953 0.761719
vt -0.008789 0.750000
vt -0.008789 0.761719
vt 0.000000 0.752441
vt 0.023682 0.752441
vt 0.023682 0.747314
vt 0.000000 0.747314
vt -0.267090 0.798828
vt -0.271973 0.798828
vt -0.269287 0.937500
vt -0.249268 0.935547
vt -0.417969 0.761719
vt -0.417969 0.750000
vt -0.363281 0.761719
vt -0.363281 0.750000
vt 0.257080 0.683594
vt 0.258057 0.664062
vt 0.239990 0.682617
vt -0.091797 0.882812
vt -0.091797 0.859375
vt -0.134766 0.859375
vt -0.134766 0.882812
vt -0.101562 0.761719
vt -0.101562 0.750000
vt -0.166016 0.750000
vt -0.166016 0.761719
vt -0.265625 0.750000
vt -0.265625 0.761719
vt 0.493164 0.761719
vt 0.534180 0.761719
vt 0.534180 0.750000
vt 0.493164 0.750000
vt -0.287109 0.750000
vt -0.287109 0.761719
vt -0.294922 0.750000
vt -0.294922 0.761719
vt -0.324219 0.750000
vt -0.324219 0.761719
vt 0.000000 0.746826
vt 0.430664 0.748047
vt 0.430664 0.761719
vt 0.536133 0.761719
vt 0.536133 0.750000
vt 0.036133 0.500000
vt 0.055420 0.500000
vt 0.042480 0.520616
vt 0.032959 0.521715
vt 0.016846 0.500000
vt 0.023438 0.522813
vt 0.083984 0.750000
vt 0.083984 0.761719
vt 0.100586 0.761719
vt 0.100586 0.750000
vt 0.176758 0.761719
vt 0.176758 0.750000
vt 0.140625 0.750000
vt 0.140625 0.761719
vt 0.189453 0.761719
vt 0.189453 0.750000
vt 0.127930 0.996338
vt 0.112793 0.993896
vt 0.096680 0.997070
vt 0.096191 0.995117
vt -0.091797 0.939453
vt -0.083984 0.906250
vt -0.109375 0.927734
vt -0.109375 0.939453
vt -0.082031 0.974609
vt -0.080078 0.972656
vt 0.521484 0.526855
vt 0.529297 0.510254
vt 0.210938 0.935059
vt 0.205566 0.914062
vt 0.152832 0.921143
vt 0.159180 0.946289
vt 0.161133 0.750000
vt 0.161133 0.761719
vt -0.126953 0.976562
vt -0.072266 0.976562
vt -0.076172 0.962891
vt -0.117188 0.950195
vt 0.583984 0.761719
vt 0.583984 0.750000
vt 0.444398 0.502011
vt 0.444877 0.515985
vt 0.641749 0.520405
vt 0.643013 0.505552
vt 0.140625 0.558594
vt 0.140625 0.517578
vt 0.070312 0.542969
vt 0.070312 0.558594
vt 0.399414 0.600586
vt 0.413086 0.600586
vt 0.412109 0.592285
vt 0.398438 0.592285
vt -0.253906 0.999023
vt -0.088867 1.000488
vt -0.086914 0.980469
vt -0.251953 0.980469
vt -0.242676 0.966797
vt -0.037109 0.966797
vt -0.037109 0.945312
vt -0.242676 0.945312
vt -0.023438 1.000000
vt -0.015625 0.982422
vt -0.030273 0.982422
vt -0.038086 1.000000
vt -0.030273 0.966797
vt -0.030273 0.945312
vt 0.220703 0.980469
vt 0.221680 1.000000
vt 0.347168 1.000000
vt 0.346191 0.980469
vt 0.187988 0.867188
vt 0.031738 0.867188
vt 0.032715 0.890625
vt 0.188965 0.890625
vt -0.165527 0.980957
vt -0.172852 0.956543
vt -0.246094 0.982910
vt -0.254883 0.960449
vt -0.249023 0.953125
vt -0.249023 0.966797
vt -0.193848 0.966797
vt -0.193848 0.953125
vt -0.107422 0.953125
vt -0.107422 0.966797
vt -0.096680 0.966797
vt -0.096680 0.953125
vt 0.339844 0.750000
vt 0.339844 0.761719
vt 0.369141 0.761719
vt 0.369141 0.750000
vt 0.247070 0.750000
vt 0.247070 0.761719
vt 0.221680 0.750000
vt 0.221680 0.761719
vt 0.196289 0.750000
vt 0.196289 0.761719
vt 0.351562 0.526367
vt 0.351562 0.507324
vt 0.250000 0.540039
vt 0.251953 0.560059
vt 0.226562 0.750000
vt 0.139648 0.750000
vt 0.139648 0.761719
vt 0.226562 0.761719
vt 0.350586 0.750000
vt 0.338867 0.750000
vt 0.338867 0.761719
vt 0.349609 0.761719
vt 0.332031 0.750000
vt 0.332031 0.761719
vt 0.245117 0.750000
vt 0.245117 0.761719
vt 0.234375 0.750000
vt 0.234375 0.761719
vt 0.061523 0.966797
vt 0.061523 0.953125
vt 0.067139 0.966797
vt 0.067139 0.953125
vt 0.157227 0.750000
vt 0.157227 0.761719
vt 0.194336 0.750000
vt 0.184570 0.750000
vt 0.184570 0.761719
vt 0.194336 0.761719
vt 0.167969 0.750000
vt 0.167969 0.761719
vt 0.084473 0.740234
vt 0.089844 0.739258
vt 0.090332 0.736328
vt 0.086914 0.734375
vt 0.180664 0.761719
vt 0.180664 0.750000
vt 0.229004 0.515625
vt 0.183105 0.515625
vt 0.186035 0.528320
vt 0.202637 0.528320
vt 0.490234 0.700684
vt 0.484375 0.721436
vt 0.195312 0.502441
vt 0.197266 0.526855
vt 0.248047 0.524658
vt 0.240234 0.503174
vt -0.095703 0.932617
vt -0.109375 0.943359
vt -0.087891 0.941895
vt -0.089844 0.932129
vt 0.142578 0.750000
vt 0.142578 0.761719
vt 0.276367 0.761719
vt 0.266602 0.761719
vt 0.266602 0.750000
vt 0.276367 0.750000
vt 0.462891 0.624756
vt 0.469727 0.762695
vt 0.475586 0.761475
vt 0.468750 0.624268
vt 0.496094 0.850342
vt 0.501953 0.848633
vt 0.453125 0.952637
vt 0.458984 0.939941
vt 0.398438 0.796875
vt 0.384766 0.796875
vt 0.483398 0.750000
vt 0.484375 0.761719
vt -0.242188 0.761719
vt -0.238281 0.750000
vt -0.267578 0.750000
vt -0.267578 0.761719
vt 0.245117 0.960449
vt 0.259766 0.931152
vt 0.325195 0.919434
vt 0.327148 0.956543
vt 0.437500 0.972900
vt 0.439453 0.998291
vt 0.505859 0.998535
vt 0.519531 0.973877
vt 0.240234 0.762451
vt 0.238281 0.764160
vt 0.371094 0.664307
vt 0.373047 0.633057
vt 0.056641 0.761719
vt 0.056641 0.750000
vt 0.054133 0.999822
vt 0.058425 0.999881
vt 0.039307 0.981065
vt 0.036133 1.000000
vt 0.055420 1.000000
vt 0.068359 0.981065
vt 0.010254 0.981065
vt 0.016846 1.000000
vt 0.109375 0.504531
vt 0.104492 0.503066
vt 0.109375 0.525527
vt 0.114258 0.526503
vt -0.159915 1.000087
vt 0.257080 0.741211
vt 0.258545 0.725586
vt 0.239014 0.736328
vt 0.237793 0.751953
vt 0.258545 0.758789
vt 0.237793 0.769531
vt -0.239258 0.761719
vt -0.239258 0.750000
vt -0.262695 0.750000
vt -0.262695 0.761719
vt -0.279297 0.750000
vt -0.279297 0.761719
vt -0.322266 0.761719
vt -0.322266 0.750000
vt 0.102539 0.761719
vt 0.102539 0.750000
vt -0.017578 0.750000
vt -0.017578 0.761719
vt -0.150391 0.750000
vt -0.150391 0.761719
vt -0.357422 0.750000
vt -0.357422 0.761719
vt 0.111328 0.761719
vt 0.111328 0.750000
vt 0.116211 0.761719
vt 0.116211 0.750000
vt 0.121094 0.761719
vt 0.121094 0.750000
vt 0.242188 0.761719
vt 0.242188 0.750000
vt 0.374023 0.761719
vt 0.374023 0.750000
vt 0.034180 0.750000
vt 0.034180 0.761719
vt 0.122070 0.761719
vt 0.122070 0.750000
vt 0.177734 0.761719
vt 0.177734 0.750000
vt 0.500732 0.859375
vt 0.500732 0.798828
vt 0.056152 0.798828
vt 0.056152 0.859375
vt 0.049805 0.798828
vt 0.049805 0.859375
vt 0.449219 0.674072
vt 0.449219 0.670898
vt 0.435547 0.670898
vt 0.435547 0.674072
vt 0.416016 0.670898
vt 0.416016 0.674072
vt -0.224365 0.791016
vt -0.224365 0.792969
vt -0.176025 0.792969
vt -0.111572 0.791992
vt 0.065674 0.749023
vt 0.017334 0.749023
vt 0.017334 0.750732
vt 0.065674 0.750732
vt 0.070557 0.749023
vt 0.070557 0.750732
vt 0.353516 0.903809
vt 0.300781 0.887207
vt 0.292969 0.912109
vt 0.345703 0.931152
vt 0.359375 0.905762
vt 0.349609 0.933105
vt 0.185791 0.751709
vt 0.250000 0.751709
vt 0.250000 0.748047
vt 0.185791 0.748047
vt 0.137207 0.751709
vt 0.137207 0.748047
vt 0.039795 0.748047
vt 0.039795 0.751709
vt 0.016113 0.748047
vt 0.016113 0.751709
vt 0.005615 0.751709
vt 0.005615 0.748047
vt 0.001953 0.751709
vt 0.001953 0.748047
vt 0.251953 0.751709
vt 0.251953 0.748047
vt 0.266113 0.751709
vt 0.266113 0.748047
vt 0.165039 0.761719
vt 0.165039 0.750000
vt -0.107422 0.761719
vt -0.107422 0.750000
vt 0.241699 0.911865
vt 0.222656 0.946533
vt 0.332031 0.930664
vt 0.318359 0.895508
vt 0.243164 0.903076
vt 0.314941 0.887451
vt 0.239746 0.891602
vt 0.310059 0.876709
vt 0.344727 0.521729
vt 0.343262 0.531982
vt 0.377441 0.535889
vt 0.313477 0.527100
vt 0.315430 0.512939
vt 0.289551 0.524414
vt 0.291504 0.508057
vt 0.268066 0.508301
vt 0.290527 0.539062
vt 0.313477 0.540771
vt 0.269043 0.525635
vt 0.249512 0.515869
vt 0.246582 0.500488
vt 0.229492 0.503174
vt 0.230957 0.518799
vt 0.253906 0.530273
vt 0.238770 0.533447
vt 0.245605 0.545410
vt 0.271973 0.539795
vt 0.296875 0.561035
vt 0.281738 0.561035
vt 0.257324 0.560547
vt 0.258789 0.542236
vt -0.425781 0.750000
vt -0.425781 0.761719
vt -0.414062 0.750000
vt -0.414062 0.761719
vt -0.402344 0.750000
vt -0.402344 0.761719
vt -0.386719 0.750000
vt -0.386719 0.761719
vt 0.229492 0.752441
vt 0.229492 0.747314
vt 0.186279 0.747314
vt 0.186279 0.752441
vt 0.119141 0.747314
vt 0.119141 0.752441
vt 0.068115 0.747314
vt 0.068115 0.752441
vt 0.302445 0.518727
vt 0.287309 0.516774
vt 0.287309 0.549000
vt 0.304887 0.552907
vt 0.335160 0.527516
vt 0.342285 0.525391
vt 0.375488 0.537109
vt 0.372559 0.500000
vt 0.403320 0.507812
vt 0.391113 0.544922
vt 0.440918 0.562515
vt 0.440430 0.519531
vt 0.395508 0.562500
vt 0.409180 0.761719
vt 0.409180 0.750000
vt 0.366211 0.750000
vt 0.366211 0.761719
vt 0.323242 0.750000
vt 0.323242 0.761719
vt 0.270508 0.750000
vt 0.270508 0.761719
vt 0.174805 0.750000
vt 0.213867 0.761719
vt 0.174805 0.761719
vt -0.289062 0.750000
vt -0.289062 0.761719
vt -0.335938 0.750000
vt -0.335938 0.761719
vt 0.484375 0.954102
vt 0.461670 0.978516
vt 0.509766 0.967773
vt 0.461670 0.941406
vt 0.452637 0.979492
vt -0.088867 0.993311
vt -0.111328 0.993555
vt -0.126953 0.969630
vt -0.094727 0.943262
vt -0.031250 0.993311
vt -0.054688 0.907130
vt 0.011719 0.993800
vt -0.012695 0.858790
vt 0.030273 0.918848
vt 0.042969 0.945216
vt 0.055664 0.972071
vt 0.068359 0.884766
vt 0.098633 0.894531
vt 0.101318 0.890625
vt 0.064209 0.867188
vt 0.055176 0.878906
vt 0.007812 0.853516
vt 0.008057 0.832031
vt -0.036621 0.806641
vt -0.036133 0.830078
vt -0.072266 0.843750
vt -0.076660 0.787109
vt -0.100586 0.787109
vt -0.120117 0.861328
vt -0.139160 0.867188
vt -0.224121 0.849609
vt -0.180664 0.888672
vt -0.209473 0.898438
vt -0.143066 0.888672
vt 0.061523 0.984375
vt 0.090820 1.000000
vt 0.090820 0.984375
vt 0.117188 0.984375
vt 0.117188 1.000000
vt 0.144531 0.984375
vt 0.144531 1.000000
vt 0.186523 1.000000
vt 0.186523 0.984375
vt 0.256735 0.560994
vt 0.238037 0.914062
vt 0.237061 0.873047
vt 0.200928 0.876953
vt 0.199463 0.914062
vt 0.239990 0.933594
vt 0.196777 0.933594
vt -0.341797 0.750000
vt -0.341797 0.761719
vt 0.199951 0.536133
vt 0.214111 0.537109
vt 0.225586 0.533203
vt 0.217285 0.525879
vt 0.233154 0.524414
vt 0.236328 0.512207
vt 0.253174 0.976318
vt 0.258057 0.966309
vt 0.257568 0.958496
vt 0.248291 0.960938
vt 0.252197 0.953369
vt 0.241943 0.951172
vt 0.257812 0.609375
vt 0.256836 0.615234
vt 0.306152 0.623047
vt 0.307129 0.615234
vt 0.257812 0.603516
vt 0.307617 0.607422
vt 0.258301 0.597656
vt 0.308105 0.599609
vt 0.258301 0.591797
vt 0.308594 0.589844
vt -0.423828 0.750000
vt -0.423828 0.761719
vt -0.406250 0.750000
vt -0.406250 0.761719
vt -0.388672 0.750000
vt -0.388672 0.761719
vt -0.367188 0.750000
vt -0.367188 0.761719
vt 0.099609 0.932373
vt 0.097656 0.969727
vt 0.199219 0.970215
vt 0.197266 0.933838
vt 0.216797 0.970459
vt 0.214844 0.911621
vt 0.427734 0.923584
vt 0.505859 0.927979
vt -0.110596 0.789062
vt -0.110840 0.759766
vt -0.147949 0.759766
vt -0.147705 0.789062
vt -0.206299 0.759766
vt -0.206055 0.787109
vt 0.060303 0.505859
vt 0.060303 0.511719
vt 0.010742 0.509766
vt 0.011344 1.000000
vt 0.012451 0.982422
vt 0.048085 1.000000
vt 0.048085 0.500000
vt 0.065080 0.500000
vt 0.065430 0.507812
vt 0.292969 0.701660
vt 0.285156 0.688232
vt 0.291016 0.705078
vt 0.281250 0.664062
vt 0.277344 0.664551
vt 0.155273 0.761719
vt 0.155273 0.750000
vt 0.183594 0.761719
vt 0.183594 0.750000
vt 0.236328 0.761719
vt 0.236328 0.750000
vt 0.256836 0.761719
vt 0.256836 0.750000
vt 0.275391 0.761719
vt 0.275391 0.750000
vt 0.298828 0.761719
vt 0.298828 0.750000
vt 0.309570 0.761719
vt 0.309570 0.750000
vt 0.393555 0.519531
vt 0.394531 0.542969
vt 0.399414 0.542969
vt 0.399414 0.519531
vt 0.405273 0.542969
vt 0.405273 0.519531
vt 0.410156 0.542969
vt 0.410156 0.519531
vt 0.421875 0.542969
vt 0.421875 0.519531
vt 0.428711 0.542969
vt 0.428711 0.519531
vt 0.437500 0.542969
vt 0.437500 0.519531
vt 0.448242 0.542969
vt 0.448242 0.519531
vt 0.455078 0.519531
vt 0.455078 0.542969
vt 0.011719 0.999965
vt 0.011719 0.943324
vt 0.007812 0.943324
vt 0.007812 0.999965
vt 0.003906 0.556605
vt 0.003906 0.499965
vt 0.000000 0.499965
vt 0.000000 0.556605
vt 0.047363 0.556605
vt 0.040039 0.556605
vt 0.040039 0.499965
vt 0.047363 0.499965
vt 0.003906 0.999965
vt 0.000000 0.999965
vt 0.000000 0.943324
vt 0.003906 0.943324
vt 0.027344 0.999965
vt 0.022461 0.999965
vt 0.022461 0.943324
vt 0.027344 0.943324
vt 0.036133 0.556605
vt 0.036133 0.499965
vt 0.032227 0.499965
vt 0.032227 0.556605
vt 0.036133 0.999965
vt 0.032227 0.999965
vt 0.032227 0.943324
vt 0.036133 0.943324
vt 0.074463 0.999965
vt 0.070312 0.999965
vt 0.070312 0.943324
vt 0.075684 0.943324
vt 0.062500 0.999965
vt 0.062500 0.943324
vt 0.019043 0.999965
vt 0.015625 0.999965
vt 0.015625 0.943324
vt 0.019043 0.943324
vt 0.022461 0.556605
vt 0.022461 0.499965
vt 0.019043 0.499965
vt 0.019043 0.556605
vt 0.054688 0.943324
vt 0.054688 0.999965
vt 0.070312 0.556605
vt 0.062500 0.556605
vt 0.062500 0.499965
vt 0.070312 0.499965
vt 0.047363 0.999965
vt 0.047363 0.943324
vt 0.040039 0.943324
vt 0.040039 0.999965
vt 0.054688 0.556605
vt 0.054688 0.499965
vt 0.015625 0.499965
vt 0.015625 0.556605
vt 0.007812 0.556605
vt 0.007812 0.499965
vt 0.275391 0.611328
vt 0.275391 0.615234
vt 0.291016 0.615234
vt 0.291016 0.611328
vt 0.275391 0.605469
vt 0.291016 0.605469
vt 0.275391 0.601562
vt 0.291016 0.601562
vt 0.275391 0.597656
vt 0.291016 0.597656
vt 0.255859 0.605469
vt 0.255859 0.609375
vt 0.304688 0.609375
vt 0.308594 0.605469
vt 0.259766 0.603516
vt 0.306641 0.603516
vt 0.170898 0.761719
vt 0.170898 0.750000
vt 0.160156 0.986328
vt 0.160156 0.980469
vt 0.148438 0.980469
vt 0.148438 0.986328
vt 0.138672 0.980469
vt 0.138672 0.986328
vt 0.129395 0.980469
vt 0.129395 0.986328
vt 0.117676 0.980469
vt 0.117676 0.986328
vt 0.104492 0.980469
vt 0.104492 0.986328
vt 0.214844 0.750000
vt 0.214844 0.761719
vt 0.238281 0.761719
vt 0.238281 0.750000
vt 0.261719 0.761719
vt 0.261719 0.750000
vt 0.279297 0.761719
vt 0.279297 0.750000
vt 0.295898 0.761719
vt 0.295898 0.750000
vt 0.312500 0.761719
vt 0.312500 0.750000
vt 0.327148 0.761719
vt 0.327148 0.750000
vt 0.360352 0.761719
vt 0.360352 0.750000
vt 0.207031 0.750000
vt 0.207031 0.761719
vt 0.202148 0.750000
vt 0.202148 0.761719
vt 0.197266 0.750000
vt 0.197266 0.761719
vt 0.191406 0.750000
vt 0.191406 0.761719
vt 0.115234 0.552734
vt 0.155273 0.560547
vt 0.155273 0.548828
vt 0.115723 0.539062
vt 0.155273 0.544922
vt 0.116699 0.531250
vt 0.155762 0.542969
vt 0.117676 0.529297
vt 0.156250 0.537109
vt 0.118652 0.521484
vt 0.156250 0.533203
vt 0.130859 0.519531
vt 0.156738 0.529297
vt 0.143066 0.515625
vt 0.159180 0.523438
vt 0.151367 0.509766
vt 0.165039 0.519531
vt 0.161621 0.503906
vt 0.174316 0.519531
vt 0.173340 0.505859
vt 0.183105 0.519531
vt 0.186523 0.513672
vt 0.194824 0.525391
vt 0.197266 0.519531
vt 0.221680 0.566406
vt 0.213379 0.533203
vt 0.328125 0.594482
vt 0.328125 0.597168
vt 0.330078 0.599121
vt 0.330078 0.591309
vt 0.332031 0.600342
vt 0.332031 0.600830
vt 0.332031 0.588623
vt 0.355469 0.589111
vt 0.335938 0.586670
vt 0.333984 0.601807
vt 0.333984 0.602539
vt 0.335938 0.603027
vt 0.339844 0.604004
vt 0.355469 0.607666
vt 0.121094 0.734863
vt 0.116699 0.734863
vt 0.116211 0.738281
vt 0.107422 0.734863
vt 0.106934 0.738770
vt 0.090332 0.732910
vt 0.097168 0.728516
vt 0.098633 0.734375
vt 0.099609 0.739258
vt 0.094238 0.743164
vt 0.100098 0.744141
vt 0.090820 0.746094
vt 0.100098 0.749023
vt 0.310547 0.599609
vt 0.253906 0.599609
vt 0.253906 0.603516
vt 0.310547 0.603516
vt 0.253906 0.605469
vt 0.310547 0.605469
vt 0.253906 0.609375
vt 0.310547 0.609375
vt 0.253906 0.613281
vt 0.310547 0.613281
vt 0.225098 0.923828
vt 0.209961 0.923828
vt 0.225098 0.929688
vt 0.244629 0.923828
vt 0.244629 0.934570
vt 0.269531 0.920898
vt 0.270020 0.937500
vt 0.366211 0.912109
vt 0.370605 0.940430
vt 0.403809 0.929688
vt 0.403320 0.912109
vt 0.089844 0.708984
vt -0.015625 0.701172
vt -0.017578 0.726562
vt -0.146484 0.721680
vt -0.144531 0.701172
vt -0.257812 0.718750
vt -0.257812 0.704102
vt -0.144531 0.687500
vt -0.019531 0.684570
vt -0.257812 0.697266
vt -0.113281 0.921387
vt -0.083984 0.900879
vt -0.085938 0.910645
vt -0.101562 0.906250
vt -0.083984 0.903320
vt -0.101562 0.902832
vt -0.101562 0.901367
vt -0.281738 0.974854
vt -0.282959 0.987549
vt -0.108398 0.974365
vt -0.105225 0.957520
vt 0.090332 0.963623
vt 0.094238 0.944824
vt 0.449219 0.809082
vt 0.453125 0.808838
vt 0.453125 0.799805
vt 0.449219 0.800049
vt 0.451172 0.789307
vt 0.449219 0.789307
vt 0.449219 0.786377
vt -0.119141 0.872314
vt -0.142578 0.877441
vt -0.140625 0.868652
vt -0.121094 0.856934
vt -0.097656 0.868896
vt -0.097656 0.830322
vt -0.076172 0.866699
vt -0.076172 0.830078
vt -0.087891 0.788330
vt -0.076172 0.785156
vt -0.062500 0.774658
vt -0.060547 0.783447
vt -0.082031 0.778320
vt -0.080078 0.762695
vt -0.103516 0.774658
vt -0.103516 0.736084
vt -0.123047 0.772461
vt -0.123047 0.735596
vt -0.113281 0.694092
vt -0.125000 0.691162
vt 0.241211 0.750000
vt 0.241211 0.761719
vt 0.201172 0.750000
vt 0.201172 0.761719
vt 0.152344 0.761719
vt 0.152344 0.750000
vt 0.301758 0.761719
vt 0.301758 0.750000
vt 0.326172 0.761719
vt 0.326172 0.750000
vt 0.348633 0.750000
vt 0.348633 0.761719
vt 0.398438 0.799072
vt 0.410156 0.813232
vt 0.416016 0.788086
vt 0.404297 0.785400
vt 0.417969 0.749023
vt 0.412109 0.733887
vt 0.375000 0.757324
vt 0.410156 0.729736
vt -0.239358 1.000000
vt -0.237305 0.505371
vt -0.158203 0.505371
vt -0.159915 0.500000
vt -0.239358 0.500000
vt 0.058197 0.500000
vt 0.054688 0.505371
vt 0.054169 0.500000
vt 0.066406 0.945801
vt 0.054169 1.000189
vt -0.159662 1.000087
vt 0.049106 1.000000
vt 0.011337 1.000000
vt 0.049106 0.500000
vt 0.065054 1.000000
vt 0.064209 0.982422
vt -0.159662 0.500000
vt -0.239067 0.500000
vt 0.054133 0.500000
vt 0.058425 0.500000
vt 0.167969 0.940918
vt 0.167969 0.978027
vt -0.239067 1.000000
vt -0.382812 0.750000
vt -0.382812 0.761719
vt 0.260742 0.761719
vt 0.260742 0.750000
vt 0.269531 0.761719
vt 0.269531 0.750000
vt 0.307617 0.761719
vt 0.307617 0.750000
vt 0.049805 0.560547
vt 0.049805 0.500000
vt 0.022949 0.500000
vt 0.023438 0.560547
vt -0.156250 0.761719
vt 0.009766 0.761719
vt 0.009766 0.753906
vt -0.156250 0.753906
vt -0.351562 0.761719
vt -0.244141 0.761719
vt -0.244141 0.753906
vt -0.351562 0.753906
vt 0.111328 0.503906
vt 0.021973 0.505859
vt 0.024658 0.531250
vt 0.114014 0.531250
vt 0.109619 0.556641
vt 0.024658 0.556641
vt -0.580566 0.914062
vt -0.545898 0.923828
vt -0.550781 0.886719
vt -0.583496 0.890625
vt 0.000000 0.747070
vt 0.000000 0.752686
vt 0.072998 0.752930
vt 0.072998 0.746826
vt 0.095215 0.746826
vt 0.095215 0.752930
vt -0.236328 0.935547
vt -0.236328 0.964844
vt -0.214844 0.964844
vt -0.214844 0.935547
vt 0.171875 0.561719
vt 0.210449 0.562460
vt 0.210449 0.503206
vt 0.172363 0.503206
vt 0.325684 0.875000
vt 0.363281 0.894531
vt 0.365234 0.890625
vt 0.327637 0.871094
vt -0.463623 0.921875
vt -0.325439 0.925781
vt -0.325439 0.884766
vt -0.463623 0.884766
vt 0.001953 0.750732
vt 0.001953 0.749023
vt 0.418457 0.757812
vt 0.423828 0.775391
vt 0.443848 0.765625
vt 0.437012 0.750000
vt -0.489014 0.921875
vt -0.489258 0.884766
vt -0.515625 0.921875
vt -0.515625 0.884766
vt -0.523926 0.884766
vt -0.523926 0.921875
vt -0.536133 0.884766
vt -0.536133 0.921875
vt -0.541992 0.919922
vt -0.541992 0.884766
vt -0.087891 0.750000
vt -0.087891 0.761719
vt 0.291992 0.792969
vt 0.127930 0.836426
vt 0.356445 0.799805
vt 0.371094 0.760742
vt 0.382812 0.625488
vt 0.444336 0.844971
vt 0.409180 0.626221
vt 0.434570 0.760986
vt 0.447266 0.625732
vt 0.031250 0.717529
vt -0.054688 0.729004
vt -0.070312 0.759521
vt 0.035156 0.777100
vt 0.138672 0.746582
vt 0.189453 0.659668
vt 0.253906 0.664551
vt 0.234375 0.746582
vt 0.138672 0.821533
vt 0.035156 0.844971
vt 0.224609 0.799805
vt 0.267578 0.749023
vt 0.136719 0.858154
vt 0.314453 0.779053
vt 0.226562 0.834229
vt 0.314453 0.804199
vt 0.326172 0.757324
vt 0.277344 0.669678
vt 0.349609 0.701660
vt 0.396484 0.742432
vt 0.390625 0.765869
vt 0.386719 0.783447
vt 0.380859 0.805664
vt 0.316406 0.833496
vt 0.226562 0.863525
vt 0.326172 0.859863
vt 0.376953 0.826904
vt 0.236328 0.902100
vt 0.390625 0.818604
vt 0.140625 0.891602
vt 0.150391 0.931885
vt 0.400391 0.801758
vt 0.408203 0.783936
vt 0.398438 0.824951
vt 0.382812 0.841553
vt 0.412109 0.806885
vt 0.421875 0.787354
vt 0.029297 0.907227
vt 0.041016 0.958496
vt -0.003906 0.948242
vt -0.003906 0.911621
vt 0.007812 0.869141
vt 0.023438 0.867676
vt 0.015625 0.850586
vt 0.052734 0.999965
vt -0.185547 0.999965
vt -0.255859 0.890590
vt 0.101562 0.919398
vt -0.031250 0.872035
vt -0.248047 0.873500
vt -0.033203 0.865199
vt 0.201172 0.861293
vt 0.195312 0.848109
vt -0.080078 1.000232
vt 0.158203 1.000232
vt 0.207031 0.920410
vt -0.149414 0.891113
vt 0.076172 0.873047
vt -0.140625 0.874023
vt 0.074219 0.865723
vt 0.308594 0.863281
vt 0.304688 0.850098
vt 0.215720 0.499978
vt 0.063032 0.499978
vt 0.250000 0.901123
vt 0.291992 0.902344
vt 0.303711 0.955811
vt 0.222656 0.954102
vt 0.435547 0.855296
vt 0.410156 0.856029
vt 0.410156 0.940013
vt 0.435547 0.939281
vt 0.410156 0.984691
vt 0.435547 0.996898
vt 0.390625 0.951244
vt 0.390625 0.974437
vt -0.052734 0.998047
vt -0.052734 0.989258
vt -0.077148 0.978516
vt -0.079102 0.994141
vt -0.100586 0.990234
vt -0.099609 0.966797
vt -0.136719 0.983398
vt -0.134766 0.960938
vt -0.194336 0.972656
vt -0.111328 0.949219
vt -0.190430 0.951172
vt -0.234375 0.958008
vt -0.141602 0.944336
vt -0.118164 0.930664
vt -0.232422 0.939453
vt -0.258789 0.932617
vt -0.188477 0.936523
vt -0.145508 0.926758
vt -0.122070 0.912109
vt -0.230469 0.925781
vt -0.188477 0.921875
vt -0.148438 0.910156
vt -0.124023 0.893555
vt -0.255859 0.916016
vt -0.271484 0.904297
vt -0.149414 0.894531
vt -0.125000 0.878906
vt -0.227539 0.911133
vt -0.255859 0.898438
vt -0.277344 0.877930
vt -0.188477 0.908203
vt -0.228516 0.897461
vt -0.188477 0.895508
vt -0.150391 0.879883
vt -0.126953 0.855469
vt -0.152344 0.856445
vt -0.190430 0.880859
vt -0.192383 0.858398
vt -0.230469 0.882812
vt -0.233398 0.860352
vt -0.258789 0.880859
vt -0.263672 0.859375
vt -0.288086 0.846680
vt 0.351562 0.553955
vt 0.353516 0.549316
vt 0.351562 0.544678
vt 0.345703 0.557373
vt 0.337891 0.540039
vt 0.337891 0.558594
vt 0.345703 0.541260
vt 0.035156 0.765137
vt 0.133301 0.765137
vt 0.133301 0.748291
vt 0.035156 0.748291
vt 0.000000 0.748291
vt 0.000000 0.765137
vt 0.286133 0.761719
vt 0.286133 0.750000
vt 0.568359 0.776611
vt 0.521484 0.774414
vt 0.513672 0.843018
vt 0.560547 0.843506
vt 0.505859 0.904541
vt 0.552734 0.904785
vt 0.138672 0.761719
vt 0.138672 0.750000
vt 0.247803 0.748047
vt 0.266357 0.735840
vt 0.271729 0.727783
vt 0.244385 0.717773
vt 0.230225 0.710693
vt 0.214355 0.725830
vt 0.182617 0.706055
vt 0.183838 0.684326
vt 0.375000 0.559082
vt 0.380859 0.500488
vt 0.308594 0.511475
vt 0.302734 0.551025
vt 0.311178 0.499978
vt 0.215657 0.999978
vt 0.311162 0.999978
vt -0.468506 0.762695
vt -0.469727 0.765625
vt -0.389404 0.769531
vt -0.387939 0.765137
vt -0.467285 0.758301
vt -0.301514 0.773438
vt -0.386719 0.758301
vt -0.466797 0.751953
vt -0.386230 0.749023
vt -0.300049 0.767090
vt -0.221436 0.773926
vt -0.298828 0.757324
vt -0.298096 0.745117
vt -0.220947 0.765137
vt -0.220703 0.752930
vt -0.220703 0.738770
vt -0.220947 0.800781
vt -0.162354 0.798340
vt -0.161621 0.746582
vt -0.160889 0.730957
vt -0.162842 0.770996
vt -0.125244 0.797363
vt -0.125732 0.769043
vt -0.123535 0.741699
vt -0.122314 0.723633
vt -0.124512 0.757812
vt -0.162109 0.760742
vt -0.373047 0.796875
vt -0.453125 0.802734
vt -0.451660 0.804688
vt -0.371582 0.800781
vt -0.285645 0.789062
vt -0.450684 0.808594
vt -0.283936 0.794922
vt -0.370361 0.806641
vt -0.450195 0.812500
vt -0.369385 0.814453
vt -0.282471 0.804688
vt -0.281250 0.816406
vt -0.205322 0.794922
vt -0.204590 0.806641
vt -0.204102 0.820312
vt -0.146729 0.798828
vt -0.109131 0.800781
vt -0.145752 0.810547
vt -0.144531 0.826172
vt -0.107666 0.814453
vt -0.105957 0.832031
vt 0.205322 0.732422
vt 0.236572 0.728516
vt 0.221436 0.708008
vt 0.255859 0.709961
vt 0.254883 0.729492
vt 0.481934 0.517284
vt 0.500244 0.501415
vt 0.485352 0.501415
vt 0.468750 0.518261
vt 0.466797 0.533398
vt 0.418457 0.501415
vt 0.454102 0.533398
vt 0.410645 0.518261
vt 0.442383 0.547558
vt 0.455078 0.547070
vt 0.402832 0.533886
vt 0.324219 0.518261
vt 0.318848 0.501415
vt 0.327148 0.533398
vt 0.273926 0.518261
vt 0.260742 0.501904
vt 0.244629 0.504345
vt 0.282715 0.533398
vt 0.260254 0.518749
vt 0.228516 0.509960
vt 0.243652 0.521679
vt 0.271484 0.532909
vt 0.258789 0.532421
vt 0.235352 0.532421
vt 0.256348 0.541698
vt 0.228516 0.544140
vt 0.274902 0.546093
vt 0.251953 0.552441
vt 0.287109 0.547070
vt 0.271484 0.558300
vt 0.285645 0.560253
vt 0.327148 0.547558
vt 0.324707 0.561230
vt 0.396484 0.548046
vt 0.391602 0.561230
vt 0.436035 0.560741
vt 0.450195 0.559765
vt 0.201172 0.532471
vt 0.199219 0.526611
vt 0.189453 0.532471
vt 0.193359 0.534912
vt 0.203125 0.540771
vt 0.185547 0.541016
vt 0.193359 0.540771
vt 0.201172 0.549561
vt 0.189453 0.549805
vt 0.193359 0.546875
vt 0.197266 0.555664
vt 0.513672 0.936523
vt 0.521484 0.931396
vt 0.475586 0.920410
vt 0.490234 0.952881
vt 0.449219 0.972412
vt 0.384766 0.970947
vt 0.401367 0.905029
vt 0.320312 0.961914
vt 0.345703 0.903320
vt 0.348633 0.891113
vt 0.283203 0.956787
vt 0.320312 0.860596
vt 0.308594 0.899170
vt 0.055664 0.946533
vt 0.083008 0.881836
vt 0.087891 0.857178
vt 0.075195 0.881348
vt 0.045898 0.943604
vt 0.080078 0.833252
vt 0.292969 0.815430
vt 0.270508 0.766846
vt 0.080078 0.857178
vt 0.000000 0.873047
vt -0.014648 0.899658
vt 0.005859 0.853516
vt 0.037109 0.956787
vt -0.034180 0.932861
vt 0.073242 0.833496
vt 0.002930 0.833984
vt -0.007812 0.806396
vt 0.064453 0.796631
vt 0.234375 0.691895
vt 0.058594 0.797363
vt 0.043945 0.751709
vt 0.038086 0.753418
vt -0.023438 0.771973
vt -0.017578 0.809082
vt -0.033203 0.774658
vt 0.053223 0.996582
vt 0.059570 0.990234
vt 0.059082 0.999023
vt 0.066895 0.981445
vt 0.057617 0.984375
vt -0.008789 0.985352
vt -0.015625 0.991211
vt -0.013672 0.997070
vt -0.353271 0.917969
vt -0.450439 0.914062
vt -0.449463 0.924805
vt -0.352295 0.926758
vt -0.448242 0.938477
vt -0.342285 0.927734
vt -0.329346 0.919922
vt -0.351562 0.933594
vt -0.341553 0.932617
vt -0.336426 0.929688
vt -0.319336 0.921875
vt -0.338623 0.931641
vt -0.333740 0.930664
vt -0.316650 0.924805
vt -0.369141 0.761719
vt -0.369141 0.753906
vt -0.382812 0.753906
vt -0.441406 0.753906
vt -0.212891 0.761719
vt -0.212891 0.753906
vt -0.226562 0.761719
vt -0.226562 0.753906
vt 0.269043 0.556641
vt 0.319580 0.556641
vt 0.319580 0.523438
vt 0.269043 0.523438
vt 0.319336 0.503906
vt 0.142578 0.523438
vt 0.142578 0.554688
vt 0.268799 0.503906
vt 0.142334 0.503906
vt 0.271973 0.870605
vt 0.271973 0.867920
vt 0.248535 0.874756
vt 0.248535 0.877441
vt 0.263672 0.879150
vt 0.248535 0.882080
vt 0.248535 0.888428
vt 0.377686 0.847900
vt 0.380371 0.824463
vt 0.345703 0.824707
vt 0.269043 0.824707
vt 0.260498 0.849121
vt 0.337402 0.849121
vt 0.385498 0.867188
vt 0.264404 0.867920
vt 0.341309 0.867676
vt 0.266602 0.880127
vt 0.343506 0.880127
vt 0.400879 0.879883
vt 0.269287 0.892578
vt 0.345947 0.892334
vt 0.448486 0.892578
vt 0.271240 0.903076
vt 0.347900 0.903076
vt 0.460449 0.903564
vt 0.273193 0.915283
vt 0.349854 0.915039
vt 0.461670 0.915771
vt 0.275391 0.927246
vt 0.458252 0.927979
vt 0.352051 0.927246
vt 0.189453 0.550293
vt 0.193359 0.555908
vt 0.201172 0.550049
vt 0.197266 0.547607
vt 0.205078 0.541260
vt 0.197266 0.541748
vt 0.187500 0.541992
vt 0.197266 0.535400
vt 0.189453 0.533203
vt 0.191406 0.527344
vt -0.261719 0.663574
vt -0.312500 0.739258
vt -0.144531 0.663574
vt -0.019531 0.663574
vt -0.011719 0.731445
vt -0.013672 0.663574
vt 0.069336 0.713379
vt 0.088867 0.663574
vt 0.077637 0.723633
vt 0.060059 0.727051
vt 0.100098 0.728027
vt 0.102051 0.723633
vt 0.085449 0.719238
vt 0.131348 0.728027
vt 0.129883 0.723633
vt 0.104492 0.718750
vt 0.088867 0.714355
vt 0.128906 0.718262
vt 0.106445 0.713867
vt 0.127930 0.713867
vt 0.105469 0.802734
vt 0.102051 0.800781
vt 0.101562 0.802734
vt 0.103516 0.802734
vt 0.101074 0.804688
vt 0.104980 0.804688
vt 0.107910 0.804688
vt 0.101562 0.806641
vt 0.104980 0.806641
vt 0.106445 0.807617
vt 0.102051 0.809570
vt 0.120117 0.541504
vt 0.129883 0.502441
vt 0.106934 0.509766
vt 0.098633 0.543457
vt 0.086914 0.523926
vt 0.082031 0.544434
vt 0.070801 0.537598
vt 0.068848 0.545410
vt 0.135742 0.750000
vt 0.135742 0.761719
vt 0.283203 0.761719
vt 0.283203 0.750000
vt 0.443359 0.761719
vt 0.443359 0.750000
vt -0.125977 0.810547
vt -0.261719 0.824219
vt -0.227539 0.884766
vt 0.022461 0.794922
vt -0.125000 0.804688
vt -0.118164 0.888672
vt 0.001953 0.890625
vt 0.027344 0.804688
vt 0.007812 0.890625
vt 0.101562 0.824219
vt 0.106445 0.892578
vt -0.322055 0.995177
vt -0.322055 0.974669
vt -0.216587 0.974669
vt -0.216587 0.995177
vt -0.200962 0.995177
vt -0.200962 0.958068
vt -0.103305 0.973693
vt -0.103305 0.995177
vt 0.576904 0.515797
vt 0.576904 0.503946
vt 0.506348 0.503946
vt 0.506348 0.543943
vt 0.385254 0.503206
vt 0.384766 0.560238
vt 0.291016 0.503206
vt 0.291016 0.563201
vt 0.189209 0.544922
vt 0.176270 0.543457
vt 0.176758 0.550293
vt 0.177979 0.558105
vt 0.176025 0.540039
vt 0.192139 0.546387
vt 0.179932 0.563477
vt 0.189209 0.539062
vt 0.176025 0.536133
vt 0.176270 0.532471
vt 0.191895 0.537354
vt 0.177979 0.527344
vt 0.181152 0.523193
vt 0.188232 0.520752
vt 0.194092 0.537109
vt 0.193848 0.547363
vt 0.183594 0.567627
vt 0.083984 0.849609
vt 0.093750 0.849609
vt 0.093750 0.824219
vt 0.099609 0.849609
vt 0.083984 0.824219
vt 0.099609 0.824219
vt 0.076172 0.849609
vt 0.105469 0.849609
vt 0.076172 0.824219
vt 0.105469 0.824219
vt 0.054688 0.849609
vt 0.111328 0.849609
vt 0.058594 0.824219
vt 0.111328 0.824219
vt 0.119141 0.849609
vt 0.119141 0.824219
vt 0.132812 0.849609
vt 0.132812 0.824219
vt 0.144531 0.849609
vt 0.144531 0.824219
vt 0.154297 0.824219
vt 0.154297 0.849609
vt -0.095703 0.999906
vt -0.089844 0.976469
vt -0.101562 0.976469
vt -0.103516 0.999906
vt -0.109375 0.976469
vt -0.109375 0.999906
vt -0.115234 0.976469
vt -0.117188 0.999906
vt -0.119141 0.976469
vt -0.121094 0.999906
vt -0.123047 0.976469
vt -0.125000 0.999906
vt -0.126953 0.976469
vt -0.128906 0.999906
vt -0.134766 0.976469
vt -0.136719 0.999906
vt -0.144531 0.976469
vt -0.144531 0.999906
vt -0.152344 0.976469
vt -0.152344 0.999906
vt -0.158203 0.988187
vt -0.158203 0.976469
vt -0.158203 0.999906
vt -0.247803 0.978516
vt -0.247803 0.998291
vt -0.235107 0.998291
vt -0.235107 0.978516
vt -0.225342 0.998291
vt -0.225342 0.978516
vt -0.218018 0.998291
vt -0.218018 0.978516
vt -0.210938 0.998291
vt -0.210938 0.978516
vt -0.200684 0.998291
vt -0.200684 0.978516
vt -0.187988 0.998291
vt -0.187988 0.978516
vt -0.195557 0.806885
vt -0.195557 0.797363
vt -0.199707 0.797363
vt -0.190918 0.797363
vt -0.199707 0.806885
vt -0.190918 0.806885
vt -0.203857 0.797363
vt -0.203857 0.806885
vt -0.208008 0.797363
vt -0.208008 0.806885
vt -0.212158 0.797363
vt -0.212158 0.806885
vt -0.216797 0.797363
vt -0.216797 0.806885
vt 0.081055 0.984863
vt 0.136719 0.984863
vt 0.113281 0.979492
vt 0.111816 0.968750
vt 0.097656 0.979492
vt 0.128418 0.963379
vt 0.072266 0.963379
vt 0.095703 0.968750
vt -0.002930 0.952148
vt -0.004883 0.950195
vt -0.006836 0.956055
vt -0.000977 0.948242
vt -0.002930 0.956055
vt -0.004883 0.960938
vt 0.000000 0.952148
vt -0.002930 0.958984
vt 0.091309 0.952148
vt 0.092285 0.948242
vt 0.096680 0.950195
vt 0.000000 0.956055
vt 0.091309 0.956055
vt 0.094238 0.952148
vt 0.098633 0.956055
vt 0.094238 0.956055
vt 0.096680 0.960938
vt 0.091309 0.958984
vt 0.094238 0.958984
vt 0.092285 0.962891
vt 0.000000 0.958984
vt -0.000977 0.962891
vt 0.238281 0.979980
vt 0.244141 0.967529
vt 0.248047 0.972168
vt 0.251953 0.962646
vt 0.246094 0.981934
vt 0.240234 0.994141
vt 0.251953 0.970703
vt 0.345703 0.974609
vt 0.347656 0.967041
vt 0.353516 0.971680
vt 0.349609 0.976074
vt 0.355469 0.981934
vt 0.341797 0.984863
vt 0.347656 0.984375
vt 0.351562 0.992920
vt 0.250000 0.982422
vt 0.345703 0.991455
vt 0.343750 0.998291
vt 0.341797 0.992920
vt 0.248047 0.994385
vt 0.246094 1.000977
vt 0.244141 0.991943
vt 0.073242 0.556605
vt 0.074463 0.499965
vt 0.076172 0.556605
vt 0.078613 0.499965
vt 0.078613 0.999965
vt 0.081055 0.943324
vt 0.027344 0.556605
vt 0.027344 0.499965
vt 0.011719 0.556605
vt 0.011719 0.499965
vt 0.063067 0.999978
vt 0.070312 0.951904
vt 0.215657 0.499978
vt 0.063067 0.499978
vt 0.311162 0.499978
vt 0.311178 0.999978
vt 0.215720 0.999978
vt 0.063032 0.999978
vt 0.058197 1.000217
vt 0.065054 0.500000
vt 0.011337 0.500000
vt 0.065080 1.000000
vt 0.011344 0.500000
vt 0.182302 0.262265
vt 0.240896 0.264950
vt 0.242849 0.244931
vt 0.182302 0.244931
vt 0.051503 0.198355
vt 0.050527 0.221793
vt 0.148183 0.221793
vt 0.149160 0.200308
vt 0.076660 0.190186
vt -0.087158 0.188232
vt -0.087646 0.210449
vt 0.077637 0.210693
vt 0.277344 0.211670
vt 0.371094 0.179199
vt 0.294922 0.190430
vt 0.375000 0.210938
vt 0.097656 0.274658
vt 0.158203 0.275391
vt 0.158203 0.252686
vt 0.097656 0.252441
vt 0.503193 0.208560
vt 0.692646 0.192447
vt 0.680928 0.166324
vt 0.485615 0.166568
vt -0.046875 0.147461
vt 0.080566 0.147461
vt 0.080566 0.138672
vt -0.046875 0.142578
vt 0.080322 0.127930
vt -0.046875 0.134766
vt 0.236437 0.201856
vt 0.384630 0.217481
vt 0.384874 0.196973
vt 0.236681 0.187207
vt 0.385118 0.178418
vt 0.287842 0.220703
vt 0.303467 0.171875
vt 0.172363 0.178711
vt 0.166504 0.224609
vt 0.000732 0.187500
vt -0.000732 0.217773
vt 0.274414 0.281250
vt 0.287842 0.244141
vt 0.166504 0.248047
vt 0.161377 0.283203
vt -0.000732 0.241211
vt -0.002686 0.271484
vt 0.560059 0.221191
vt 0.669189 0.222168
vt 0.667725 0.209473
vt 0.549072 0.219238
vt 0.551025 0.195801
vt 0.020508 0.210938
vt 0.077881 0.219727
vt 0.078857 0.202148
vt 0.021240 0.195312
vt 0.079102 0.189453
vt 0.306641 0.124512
vt 0.260742 0.123047
vt 0.254883 0.146484
vt 0.301758 0.151367
vt 0.558594 0.128418
vt 0.552734 0.149902
vt 0.525230 0.131611
vt 0.517417 0.148945
vt 0.552574 0.149922
vt 0.556480 0.132588
vt 0.599449 0.150166
vt 0.599449 0.131855
vt 0.392485 0.196084
vt 0.337798 0.197793
vt 0.328032 0.214394
vt 0.386626 0.216836
vt 0.451079 0.215859
vt 0.454985 0.190713
vt 0.046875 0.140137
vt 0.169922 0.129639
vt 0.060547 0.130371
vt 0.048828 0.150635
vt 0.171875 0.147461
vt 0.257812 0.138916
vt 0.173828 0.165771
vt 0.199219 0.121826
s 1
usemtl KAZ_Cruiser
f 1/1/1 2/2/1 3/3/1
f 4/4/2 5/5/2 6/6/2
f 7/6/3 8/7/3 9/4/3
f 10/4/4 11/8/4 12/9/4
f 13/9/5 14/5/5 15/4/5
f 16/10/6 17/11/6 18/12/6
f 19/13/7 20/14/7 21/15/7
f 22/15/8 23/16/8 24/13/8
f 25/17/9 26/18/9 27/19/9
f 28/19/10 29/20/10 30/17/10
f 31/21/11 32/2/11 33/1/11
f 34/22/12 35/23/12 36/24/12
f 37/25/13 38/26/13 39/27/13
f 40/28/14 41/29/14 42/30/14
f 43/31/15 44/30/15 45/29/15
f 46/32/16 47/33/16 48/34/16
f 49/35/17 50/36/17 51/37/17
f 52/38/18 53/39/18 54/40/18
f 55/38/19 56/41/19 57/42/19
f 58/42/20 59/39/20 60/38/20
f 61/43/21 62/44/21 63/45/21
f 64/46/22 65/47/22 66/48/22
f 67/49/23 68/50/23 69/51/23
f 70/33/24 71/32/24 72/52/24
f 73/53/25 74/54/25 75/55/25
f 76/55/26 77/56/26 78/53/26
f 79/3/27 80/2/27 81/1/27
f 82/4/28 83/7/28 84/6/28
f 85/6/29 86/5/29 87/4/29
f 88/4/30 89/5/30 90/9/30
f 91/9/31 92/8/31 93/4/31
f 94/12/32 95/11/32 96/10/32
f 97/13/33 98/16/33 99/15/33
f 100/15/34 101/14/34 102/13/34
f 103/17/35 104/20/35 105/19/35
f 106/19/36 107/18/36 108/17/36
f 109/1/37 110/2/37 111/21/37
f 112/23/38 113/22/38 114/24/38
f 115/26/39 116/25/39 117/27/39
f 118/30/40 119/29/40 120/28/40
f 121/30/41 122/31/41 123/29/41
f 124/33/42 125/32/42 126/34/42
f 127/36/43 128/35/43 129/37/43
f 130/39/44 131/38/44 132/40/44
f 133/38/45 134/39/45 135/42/45
f 136/42/46 137/41/46 138/38/46
f 139/48/47 140/47/47 141/46/47
f 142/51/48 143/50/48 144/49/48
f 145/32/49 146/33/49 147/52/49
f 148/53/50 149/56/50 150/55/50
f 151/55/51 152/54/51 153/53/51
f 154/57/52 155/58/53 156/59/53
f 157/58/54 154/57/52 158/60/55
f 158/60/55 159/61/56 157/58/54
f 160/62/57 157/58/54 159/61/56
f 159/61/56 161/63/58 160/62/57
f 160/62/57 161/63/58 162/64/59
f 157/58/54 160/62/57 163/65/60
f 163/65/60 164/59/61 157/58/54
f 165/66/62 160/62/57 162/64/59
f 162/64/59 166/67/63 165/66/62
f 167/68/64 163/65/60 160/62/57
f 160/62/57 165/66/62 167/68/64
f 168/69/65 164/59/66 163/65/66
f 169/70/67 164/59/68 168/69/69
f 168/69/69 170/71/70 169/70/67
f 163/65/60 171/72/71 168/69/69
f 171/72/71 163/65/60 167/68/64
f 170/71/70 168/69/69 172/73/72
f 172/73/72 168/69/69 171/72/71
f 172/73/72 173/74/73 170/71/70
f 174/75/74 173/74/73 172/73/72
f 171/72/71 175/76/75 172/73/72
f 176/77/76 172/73/72 175/76/75
f 176/77/76 177/78/77 178/79/78
f 175/76/75 177/78/77 176/77/76
f 175/76/75 171/72/71 179/80/79
f 167/68/64 179/80/79 171/72/71
f 177/78/77 175/76/75 180/81/80
f 179/80/79 180/81/80 175/76/75
f 180/81/80 181/82/81 177/78/77
f 179/80/79 167/68/64 182/83/82
f 182/83/82 167/68/64 165/66/62
f 180/81/80 179/80/79 183/84/83
f 182/83/82 183/84/83 179/80/79
f 181/82/81 180/81/80 184/85/84
f 183/84/83 184/85/84 180/81/80
f 184/85/84 185/86/85 181/82/81
f 165/66/62 186/87/86 182/83/82
f 186/87/86 165/66/62 166/67/63
f 166/67/63 187/88/87 186/87/86
f 188/89/88 182/83/82 186/87/86
f 183/84/83 182/83/82 188/89/88
f 189/90/89 186/87/86 187/88/87
f 186/87/86 189/90/89 188/89/88
f 187/88/87 190/91/90 189/90/89
f 188/89/88 191/92/91 183/84/83
f 184/85/84 183/84/83 191/92/91
f 192/93/92 189/90/89 190/91/90
f 190/91/90 193/94/93 192/93/92
f 193/94/93 194/95/94 192/93/92
f 195/96/95 188/89/88 189/90/89
f 189/90/89 192/93/92 195/96/95
f 191/92/91 188/89/88 195/96/95
f 194/95/94 196/97/96 192/93/92
f 194/95/94 197/98/97 196/97/96
f 195/96/95 192/93/92 196/97/96
f 196/97/96 198/99/98 195/96/95
f 191/92/91 199/100/99 184/85/84
f 185/86/85 184/85/84 199/100/99
f 199/100/99 200/101/100 185/86/85
f 195/96/95 201/102/101 191/92/91
f 199/100/99 191/92/91 201/102/101
f 200/101/100 199/100/99 202/103/102
f 201/102/101 202/103/102 199/100/99
f 202/103/102 203/104/103 200/101/100
f 204/105/104 203/104/103 202/103/102
f 205/106/105 201/102/101 195/96/95
f 202/103/102 201/102/101 205/106/105
f 195/96/95 198/99/98 205/106/105
f 202/103/102 206/107/106 204/105/104
f 205/106/105 206/107/106 202/103/102
f 207/108/107 204/105/104 206/107/106
f 208/109/108 205/106/105 198/99/98
f 198/99/98 209/110/109 208/109/108
f 210/111/110 206/107/106 205/106/105
f 206/107/106 210/111/110 207/108/107
f 205/106/111 208/109/112 210/111/111
f 211/112/113 207/108/107 210/111/110
f 212/113/114 208/109/115 209/110/116
f 209/110/109 213/114/117 212/113/114
f 214/115/118 210/111/110 208/109/115
f 210/111/110 214/115/118 211/112/113
f 208/109/115 212/113/114 214/115/118
f 215/116/119 211/112/113 214/115/118
f 212/113/114 213/114/117 216/117/120
f 214/115/118 217/118/121 215/116/119
f 217/118/121 214/115/118 212/113/114
f 216/117/120 218/119/122 212/113/114
f 212/113/114 218/119/122 217/118/121
f 219/113/123 218/119/122 216/117/120
f 217/118/121 218/119/122 219/113/123
f 216/117/120 220/114/124 219/113/123
f 219/113/123 220/114/124 221/110/125
f 215/116/119 217/118/121 222/115/126
f 219/113/123 222/115/126 217/118/121
f 222/115/126 223/112/127 215/116/119
f 221/110/125 224/109/128 219/113/123
f 222/115/126 219/113/123 224/109/128
f 224/109/128 221/110/125 225/99/129
f 223/112/127 222/115/126 226/111/130
f 224/109/128 226/111/130 222/115/126
f 226/111/130 227/108/131 223/112/127
f 225/99/129 228/106/132 224/109/128
f 226/111/130 224/109/128 228/106/132
f 227/108/131 226/111/130 229/107/133
f 228/106/132 229/107/133 226/111/130
f 229/107/133 230/105/134 227/108/131
f 230/105/134 229/107/133 231/103/135
f 231/103/135 229/107/133 228/106/132
f 231/103/135 232/104/136 230/105/134
f 233/101/137 232/104/136 231/103/135
f 228/106/132 225/99/129 234/96/138
f 231/103/135 235/100/139 233/101/137
f 234/96/138 225/99/129 236/97/140
f 237/86/141 233/101/137 235/100/139
f 228/106/132 238/102/142 231/103/135
f 235/100/139 231/103/135 238/102/142
f 234/96/138 238/102/142 228/106/132
f 235/100/139 239/85/143 237/86/141
f 240/82/144 237/86/141 239/85/143
f 238/102/142 241/92/145 235/100/139
f 239/85/143 235/100/139 241/92/145
f 241/92/145 238/102/142 234/96/138
f 239/85/143 242/81/146 240/82/144
f 243/78/147 240/82/144 242/81/146
f 241/92/145 244/84/148 239/85/143
f 242/81/146 239/85/143 244/84/148
f 243/78/147 245/77/149 246/79/150
f 245/77/149 243/78/147 247/76/151
f 242/81/146 247/76/151 243/78/147
f 247/76/151 248/73/152 245/77/149
f 247/76/151 242/81/146 249/80/153
f 244/84/148 249/80/153 242/81/146
f 250/74/73 251/75/74 248/73/152
f 252/71/154 250/74/73 248/73/152
f 248/73/152 247/76/151 253/72/155
f 249/80/153 253/72/155 247/76/151
f 248/73/152 254/69/156 252/71/154
f 253/72/155 254/69/156 248/73/152
f 255/70/67 252/71/154 254/69/156
f 254/69/156 256/59/157 255/70/67
f 257/65/158 256/59/157 254/69/156
f 254/69/156 253/72/155 257/65/158
f 258/58/159 256/59/157 257/65/158
f 259/68/160 257/65/158 253/72/155
f 253/72/155 249/80/153 259/68/160
f 257/65/158 260/62/161 258/58/159
f 260/62/161 257/65/158 259/68/160
f 261/83/162 259/68/160 249/80/153
f 249/80/153 244/84/148 261/83/162
f 259/68/160 262/66/163 260/62/161
f 262/66/163 259/68/160 261/83/162
f 263/61/164 258/58/159 260/62/161
f 258/58/159 263/61/164 264/60/165
f 264/60/165 265/57/166 258/58/159
f 266/58/167 265/57/166 267/59/167
f 260/62/161 268/63/168 263/61/164
f 268/63/168 260/62/161 269/64/169
f 269/64/169 260/62/161 262/66/163
f 262/66/163 270/67/170 269/64/169
f 270/67/170 262/66/163 271/87/171
f 261/83/162 271/87/171 262/66/163
f 271/87/171 272/88/172 270/67/170
f 271/87/171 261/83/162 273/89/173
f 273/89/173 261/83/162 244/84/148
f 244/84/148 241/92/145 273/89/173
f 234/96/138 273/89/173 241/92/145
f 272/88/172 271/87/171 274/90/174
f 273/89/173 274/90/174 271/87/171
f 274/90/174 273/89/173 234/96/138
f 274/90/174 275/91/175 272/88/172
f 234/96/138 276/93/176 274/90/174
f 275/91/175 274/90/174 276/93/176
f 276/93/176 277/94/177 275/91/175
f 236/97/140 276/93/176 234/96/138
f 278/95/178 277/94/177 276/93/176
f 236/97/140 278/95/178 276/93/176
f 279/98/179 278/95/178 236/97/140
f 280/1/180 281/120/181 282/21/181
f 283/3/182 284/121/183 280/1/184
f 284/121/183 283/3/182 285/122/185
f 286/123/186 287/124/187 288/125/187
f 289/125/188 290/124/188 286/123/186
f 291/48/189 292/48/189 293/46/190
f 294/46/191 295/47/191 293/46/192
f 296/51/193 297/126/194 298/49/194
f 299/127/195 296/51/193 300/50/195
f 301/21/196 302/120/196 303/1/197
f 303/1/198 304/121/199 305/3/200
f 305/3/200 304/121/199 306/122/201
f 307/46/202 308/48/202 309/48/202
f 310/47/203 311/46/203 307/46/204
f 312/49/205 313/126/205 314/51/206
f 315/50/207 314/51/208 316/127/207
f 317/128/209 318/129/210 319/130/210
f 320/130/211 321/131/212 317/128/213
f 322/132/214 317/128/213 321/131/212
f 320/130/211 323/12/215 324/133/216
f 324/133/216 321/131/212 320/130/211
f 321/131/212 324/133/216 325/134/217
f 321/131/212 326/135/218 322/132/214
f 325/134/217 326/135/218 321/131/212
f 326/135/218 325/134/217 327/136/219
f 328/137/220 322/132/214 326/135/218
f 327/136/219 329/138/221 326/135/219
f 326/135/218 329/138/221 328/137/220
f 330/139/222 328/137/220 329/138/221
f 329/138/221 331/140/223 330/139/222
f 332/130/224 333/129/224 334/128/225
f 334/128/226 335/131/227 336/130/228
f 335/131/227 334/128/226 337/132/229
f 338/133/230 339/12/231 336/130/228
f 336/130/228 335/131/227 338/133/230
f 340/134/232 338/133/230 335/131/227
f 337/132/229 341/135/233 335/131/227
f 335/131/227 341/135/233 340/134/232
f 342/136/234 340/134/232 341/135/233
f 341/135/233 337/132/229 343/137/235
f 341/135/233 344/138/236 342/136/234
f 343/137/235 344/138/236 341/135/233
f 344/138/236 343/137/235 345/139/237
f 345/139/237 346/140/238 344/138/236
f 347/44/239 348/43/239 349/45/240
f 350/141/241 351/44/242 349/45/243
f 349/45/243 352/142/244 350/141/241
f 353/143/245 354/144/245 355/145/246
f 356/146/247 355/145/248 357/147/249
f 357/147/249 358/148/250 356/146/247
f 355/145/248 356/146/247 359/143/251
f 360/145/252 361/144/253 359/143/251
f 359/143/251 356/146/247 360/145/252
f 362/147/254 360/145/252 356/146/247
f 356/146/247 363/148/255 362/147/254
f 364/149/256 365/150/257 366/151/258
f 366/151/258 367/152/259 364/149/256
f 368/153/260 369/154/261 370/155/262
f 370/155/262 371/156/263 368/153/260
f 372/157/264 373/153/265 371/156/263
f 371/156/263 374/158/266 372/157/264
f 375/159/267 372/157/264 374/158/266
f 374/158/266 371/156/263 376/160/268
f 374/158/266 377/161/269 375/159/267
f 376/160/268 378/162/270 374/158/266
f 377/161/269 374/158/266 378/162/270
f 379/163/271 375/159/267 377/161/269
f 380/158/272 378/162/270 376/160/268
f 380/158/272 377/161/269 378/162/270
f 376/160/268 381/156/273 380/158/272
f 381/156/273 382/153/274 383/157/275
f 383/157/275 380/158/272 381/156/273
f 380/158/272 383/157/275 384/159/276
f 384/159/276 377/161/269 380/158/272
f 385/153/277 381/156/278 386/155/279
f 386/155/279 387/154/280 385/153/277
f 377/161/269 384/159/276 388/163/281
f 388/163/281 389/164/282 377/161/269
f 377/161/269 389/164/282 379/163/271
f 390/165/283 389/164/282 388/163/281
f 379/163/271 389/164/282 390/165/283
f 388/163/281 391/166/284 390/165/283
f 390/165/283 392/166/285 379/163/271
f 393/167/286 394/168/287 395/15/288
f 395/15/288 396/16/289 393/167/286
f 397/169/290 398/170/291 399/171/292
f 399/171/292 400/172/293 397/169/290
f 401/173/294 402/172/295 403/171/296
f 403/171/296 404/174/297 401/173/294
f 405/175/298 406/176/299 407/177/300
f 407/177/300 408/178/301 405/175/298
f 2219/179/302 3613/180/303 2221/181/304
f 1785/179/305 1787/181/306 3610/180/307
f 413/182/308 414/183/309 415/184/310
f 415/184/310 416/185/311 413/182/308
f 417/186/312 418/187/313 419/188/314
f 419/188/314 420/189/315 417/186/312
f 421/185/316 422/184/316 423/190/317
f 423/190/317 424/191/318 421/185/316
f 425/191/319 426/190/320 427/192/321
f 427/192/321 428/193/322 425/191/319
f 429/194/323 430/195/323 431/196/323
f 431/196/323 432/197/323 429/194/323
f 433/198/324 434/199/324 435/200/324
f 435/200/324 436/201/324 433/198/324
f 437/202/325 438/203/326 439/15/327
f 439/15/327 440/16/328 437/202/325
f 441/204/329 442/205/330 443/203/331
f 443/203/331 444/202/332 441/204/329
f 445/206/333 446/207/333 447/208/334
f 446/207/333 445/206/333 448/208/335
f 449/209/336 450/210/337 451/211/338
f 451/211/338 452/212/339 449/209/336
f 453/213/340 454/214/341 455/215/342
f 455/215/342 456/216/343 453/213/340
f 457/216/344 458/215/345 459/217/346
f 459/217/346 460/218/347 457/216/344
f 461/219/348 462/220/349 463/221/350
f 463/221/350 464/222/348 461/219/348
f 465/20/351 466/19/352 467/223/353
f 467/223/353 468/224/354 465/20/351
f 469/224/355 470/223/356 471/225/357
f 471/225/357 472/226/358 469/224/355
f 473/226/359 474/225/360 475/227/361
f 475/227/361 476/228/362 473/226/359
f 477/228/363 478/227/364 479/14/365
f 479/14/365 480/13/366 477/228/363
f 481/125/367 482/229/368 483/123/368
f 483/123/368 482/229/368 484/125/369
f 485/230/370 486/231/371 487/232/372
f 487/232/372 488/233/373 485/230/370
f 3601/234/374 3599/235/375 824/236/376 3596/237/377
f 3594/238/378 492/239/379 3595/237/380 3600/234/381
f 493/240/382 494/241/383 495/242/384
f 495/242/384 496/243/385 493/240/382
f 497/244/386 498/245/387 499/246/388
f 499/246/388 500/247/389 497/244/386
f 501/248/390 502/249/391 503/245/392
f 503/245/392 504/244/393 501/248/390
f 505/250/394 506/251/395 507/252/396
f 506/251/395 508/253/397 507/252/396
f 509/254/398 510/255/399 511/256/400
f 511/256/400 512/257/401 509/254/398
f 513/258/402 514/259/403 515/25/404
f 515/25/404 516/27/405 513/258/402
f 517/30/406 518/260/407 519/28/408
f 518/260/407 517/30/406 520/261/409
f 521/262/410 522/263/411 523/264/412
f 523/264/412 524/265/413 521/262/410
f 525/266/414 526/243/415 527/242/416
f 527/242/416 528/267/417 525/266/414
f 529/268/418 530/269/419 531/270/420
f 531/270/420 532/271/421 529/268/418
f 533/232/422 534/272/423 535/273/424
f 535/273/424 536/233/425 533/232/422
f 537/274/426 538/275/427 539/276/428
f 539/276/428 540/277/429 537/274/426
f 541/278/430 542/279/431 543/280/432
f 543/280/432 544/281/433 541/278/430
f 545/282/434 546/283/435 547/284/436
f 547/284/436 548/285/437 545/282/434
f 549/286/438 550/287/439 551/288/440
f 551/288/440 552/289/441 549/286/438
f 553/290/442 554/291/443 555/292/444
f 555/292/444 556/293/445 553/290/442
f 557/294/446 558/295/447 559/296/448
f 559/296/448 560/297/449 557/294/446
f 561/291/450 562/298/451 563/299/452
f 563/299/452 564/292/453 561/291/450
f 565/300/454 566/301/454 567/302/455
f 567/302/455 568/303/455 565/300/454
f 569/304/456 570/305/457 571/306/458
f 571/306/458 572/307/459 569/304/456
f 1785/179/305 3610/180/307 3609/308/460 1783/309/461
f 1783/309/461 3609/308/460 3608/310/462 1782/311/463
f 577/312/464 578/313/465 579/314/466
f 579/314/466 580/315/467 577/312/464
f 581/316/468 582/317/469 583/318/470
f 583/318/470 584/319/471 581/316/468
f 585/315/472 586/314/473 587/317/474
f 587/317/474 588/316/475 585/315/472
f 589/320/476 590/321/477 591/322/478
f 591/322/478 592/323/479 589/320/476
f 593/324/480 594/325/481 595/321/482
f 595/321/482 596/320/483 593/324/480
f 597/326/484 598/327/485 599/325/486
f 599/325/486 600/324/487 597/326/484
f 601/328/488 602/329/489 603/327/490
f 603/327/490 604/326/491 601/328/488
f 605/330/492 606/331/493 607/332/494
f 607/332/494 608/333/495 605/330/492
f 609/334/496 610/335/497 611/336/498
f 611/336/498 612/337/499 609/334/496
f 613/338/500 614/339/501 615/340/502
f 615/340/502 616/341/503 613/338/500
f 617/339/504 618/342/505 619/343/505
f 619/343/505 620/340/504 617/339/504
f 621/342/506 622/344/507 623/345/508
f 623/345/508 624/343/509 621/342/506
f 625/344/510 626/346/511 627/347/512
f 627/347/512 628/345/513 625/344/510
f 629/346/514 630/334/515 631/337/516
f 631/337/516 632/347/517 629/346/514
f 633/319/518 634/318/519 635/348/520
f 635/348/520 636/349/521 633/319/518
f 637/350/522 638/351/523 639/349/524
f 639/349/524 640/348/525 637/350/522
f 641/352/526 642/246/527 643/247/528
f 643/247/528 644/353/529 641/352/526
f 645/354/530 646/355/531 647/356/532
f 647/356/532 648/357/533 645/354/530
f 649/355/534 650/358/535 651/359/536
f 651/359/536 652/356/537 649/355/534
f 653/358/538 654/352/539 655/353/540
f 655/353/540 656/359/541 653/358/538
f 657/360/542 658/361/543 659/362/544
f 659/362/544 660/363/545 657/360/542
f 661/364/546 662/365/547 663/246/548
f 663/246/548 664/247/549 661/364/546
f 665/366/550 666/367/551 667/368/552
f 667/368/552 668/369/553 665/366/550
f 669/370/554 670/371/555 671/38/556
f 671/38/556 672/40/557 669/370/554
f 673/372/558 674/373/559 675/374/560
f 675/374/560 676/375/561 673/372/558
f 677/376/562 678/377/563 679/378/564
f 679/378/564 680/379/565 677/376/562
f 681/380/566 682/380/567 683/381/568
f 683/381/568 684/381/569 681/380/566
f 685/382/570 686/383/571 687/384/572
f 687/384/572 688/385/573 685/382/570
f 689/386/574 690/387/575 691/388/576
f 691/388/576 692/389/577 689/386/574
f 693/386/578 692/389/579 694/388/580
f 694/388/580 695/387/581 693/386/578
f 696/387/582 697/390/583 698/391/584
f 698/391/584 699/388/585 696/387/582
f 700/392/586 701/393/587 702/394/588
f 702/394/588 703/395/589 700/392/586
f 704/396/590 705/397/591 706/231/592
f 706/231/592 707/230/593 704/396/590
f 708/398/594 709/399/595 710/400/596
f 710/400/596 711/401/597 708/398/594
f 712/45/598 713/44/599 714/141/600
f 714/141/600 715/142/601 712/45/598
f 716/402/602 717/403/603 718/404/604
f 718/404/604 719/405/605 716/402/602
f 720/406/606 721/407/607 722/408/608
f 722/408/608 723/409/609 720/406/606
f 724/53/610 725/56/611 726/410/612
f 726/410/612 727/411/613 724/53/610
f 728/50/614 729/412/615 730/127/616
f 729/412/615 731/413/617 730/127/616
f 732/149/618 733/152/619 734/151/620
f 734/151/620 735/150/621 732/149/618
f 736/167/622 737/16/623 738/15/624
f 738/15/624 739/168/625 736/167/622
f 740/169/626 741/172/627 742/171/628
f 742/171/628 743/170/629 740/169/626
f 744/173/630 745/174/631 746/171/632
f 746/171/632 747/172/633 744/173/630
f 748/175/634 749/178/635 750/177/636
f 750/177/636 751/176/637 748/175/634
f 411/46/638 412/48/638 409/414/638 410/415/638
f 3613/180/303 3616/416/639 3617/417/640 2221/181/304
f 756/182/641 757/185/642 758/184/643
f 758/184/643 759/183/644 756/182/641
f 760/186/645 761/189/646 762/188/647
f 762/188/647 763/187/648 760/186/645
f 764/185/649 765/191/650 766/190/650
f 766/190/650 767/184/649 764/185/649
f 768/191/651 769/193/652 770/192/653
f 770/192/653 771/190/654 768/191/651
f 772/194/323 773/197/323 774/196/323
f 774/196/323 775/195/323 772/194/323
f 776/198/324 777/201/324 778/200/324
f 778/200/324 779/199/324 776/198/324
f 780/202/655 781/16/656 782/15/657
f 782/15/657 783/203/658 780/202/655
f 784/204/659 785/202/660 786/203/661
f 786/203/661 787/205/662 784/204/659
f 788/209/663 789/212/664 790/211/665
f 790/211/665 791/210/665 788/209/663
f 792/213/666 793/216/667 794/215/668
f 794/215/668 795/214/669 792/213/666
f 796/216/670 797/218/671 798/217/672
f 798/217/672 799/215/673 796/216/670
f 800/219/674 801/222/674 802/221/675
f 802/221/675 803/220/676 800/219/674
f 804/20/677 805/224/678 806/223/679
f 806/223/679 807/19/680 804/20/677
f 808/224/681 809/226/682 810/225/683
f 810/225/683 811/223/684 808/224/681
f 812/226/685 813/228/686 814/227/687
f 814/227/687 815/225/688 812/226/685
f 816/228/689 817/13/690 818/14/691
f 818/14/691 819/227/692 816/228/689
f 820/230/693 821/233/694 822/232/695
f 822/232/695 823/231/696 820/230/693
f 3593/418/697 3600/419/381 3592/420/698 490/421/699
f 491/422/700 3594/423/378 3600/419/381 3593/418/697
f 828/240/701 829/243/702 830/242/703
f 830/242/703 831/241/704 828/240/701
f 832/244/705 833/247/706 834/246/707
f 834/246/707 835/245/708 832/244/705
f 836/248/709 837/244/710 838/245/711
f 838/245/711 839/249/712 836/248/709
f 840/251/713 841/250/714 842/252/715
f 843/253/716 840/251/713 842/252/715
f 844/254/717 845/257/718 846/256/719
f 846/256/719 847/255/720 844/254/717
f 848/258/721 849/27/722 850/25/723
f 850/25/723 851/259/724 848/258/721
f 852/28/725 853/260/726 854/30/727
f 854/30/727 853/260/726 855/261/728
f 856/262/729 857/265/730 858/264/731
f 858/264/731 859/263/732 856/262/729
f 860/266/733 861/267/734 862/242/735
f 862/242/735 863/243/736 860/266/733
f 864/268/737 865/271/738 866/270/739
f 866/270/739 867/269/740 864/268/737
f 868/232/741 869/233/741 870/273/742
f 870/273/742 871/272/743 868/232/741
f 872/274/744 873/277/745 874/276/746
f 874/276/746 875/275/747 872/274/744
f 876/278/748 877/281/749 878/280/750
f 878/280/750 879/279/751 876/278/748
f 880/282/752 881/285/753 882/284/754
f 882/284/754 883/283/755 880/282/752
f 884/286/756 885/289/757 886/288/758
f 886/288/758 887/287/759 884/286/756
f 888/290/760 889/293/761 890/292/762
f 890/292/762 891/291/763 888/290/760
f 892/294/764 893/297/765 894/296/766
f 894/296/766 895/295/767 892/294/764
f 896/291/768 897/292/769 898/299/770
f 898/299/770 899/298/771 896/291/768
f 900/300/772 901/303/773 902/302/773
f 902/302/773 903/301/772 900/300/772
f 904/304/774 905/307/775 906/306/776
f 906/306/776 907/305/777 904/304/774
f 575/424/778 576/425/779 573/426/780 574/427/781
f 3614/428/782 3616/416/639 3613/180/303 3612/308/783
f 912/312/784 913/315/785 914/314/786
f 914/314/786 915/313/787 912/312/784
f 916/316/788 917/319/789 918/318/790
f 918/318/790 919/317/791 916/316/788
f 920/315/792 921/316/793 922/317/794
f 922/317/794 923/314/795 920/315/792
f 924/320/796 925/323/797 926/322/798
f 926/322/798 927/321/799 924/320/796
f 928/324/800 929/320/801 930/321/802
f 930/321/802 931/325/803 928/324/800
f 932/326/804 933/324/805 934/325/806
f 934/325/806 935/327/807 932/326/804
f 936/328/808 937/326/809 938/327/810
f 938/327/810 939/329/811 936/328/808
f 940/330/812 941/333/813 942/332/814
f 942/332/814 943/331/815 940/330/812
f 944/334/816 945/337/817 946/336/818
f 946/336/818 947/335/819 944/334/816
f 948/338/820 949/341/821 950/340/822
f 950/340/822 951/339/823 948/338/820
f 952/339/824 953/340/825 954/343/826
f 954/343/826 955/342/827 952/339/824
f 956/342/828 957/343/829 958/345/830
f 958/345/830 959/344/831 956/342/828
f 960/344/832 961/345/833 962/347/834
f 962/347/834 963/346/835 960/344/832
f 964/346/836 965/347/837 966/337/838
f 966/337/838 967/334/839 964/346/836
f 968/319/840 969/349/841 970/348/842
f 970/348/842 971/318/843 968/319/840
f 972/350/844 973/348/845 974/349/846
f 974/349/846 975/351/847 972/350/844
f 976/352/848 977/353/849 978/247/850
f 978/247/850 979/246/851 976/352/848
f 980/354/852 981/357/853 982/356/854
f 982/356/854 983/355/855 980/354/852
f 984/355/856 985/356/857 986/359/858
f 986/359/858 987/358/859 984/355/856
f 988/358/860 989/359/861 990/353/862
f 990/353/862 991/352/863 988/358/860
f 992/360/864 993/363/865 994/362/866
f 994/362/866 995/361/867 992/360/864
f 996/364/868 997/247/869 998/246/870
f 998/246/870 999/365/871 996/364/868
f 1000/366/872 1001/369/873 1002/368/874
f 1002/368/874 1003/367/875 1000/366/872
f 1004/370/876 1005/40/877 1006/38/878
f 1006/38/878 1007/371/879 1004/370/876
f 1008/372/880 1009/375/881 1010/374/882
f 1010/374/882 1011/373/883 1008/372/880
f 1012/376/884 1013/379/885 1014/378/886
f 1014/378/886 1015/377/887 1012/376/884
f 1016/380/888 1017/381/889 1018/381/890
f 1018/381/890 1019/380/891 1016/380/888
f 1020/382/892 1021/385/893 1022/384/894
f 1022/384/894 1023/383/895 1020/382/892
f 1024/387/896 1025/388/897 1026/391/898
f 1026/391/898 1027/390/899 1024/387/896
f 1028/392/900 1029/395/901 1030/394/902
f 1030/394/902 1031/393/903 1028/392/900
f 1032/396/904 1033/230/905 1034/231/906
f 1034/231/906 1035/397/907 1032/396/904
f 1036/398/908 1037/401/909 1038/400/910
f 1038/400/910 1039/399/911 1036/398/908
f 1040/402/912 1041/405/913 1042/404/914
f 1042/404/914 1043/403/915 1040/402/912
f 1044/406/916 1045/409/917 1046/408/918
f 1046/408/918 1047/407/919 1044/406/916
f 1048/53/920 1049/411/921 1050/410/922
f 1050/410/922 1051/56/923 1048/53/920
f 1052/127/924 1053/412/925 1054/50/926
f 1055/413/927 1053/412/925 1052/127/924
f 1056/429/928 1057/430/929 1058/431/930
f 1058/431/930 1059/432/931 1056/429/928
f 1060/433/932 1056/429/928 1059/432/931
f 1059/432/931 1061/434/933 1060/433/932
f 1062/435/934 1063/436/935 1064/437/936
f 1064/437/936 1065/438/937 1062/435/934
f 1065/438/937 1064/437/936 1066/439/938
f 1066/439/938 1067/440/939 1065/438/937
f 1068/441/940 1067/440/939 1066/439/938
f 1066/439/938 1069/442/941 1068/441/940
f 1070/443/942 1071/444/943 1072/445/944
f 1072/445/944 1073/446/945 1070/443/942
f 1073/446/945 1072/445/944 1074/447/946
f 1074/447/946 1075/448/947 1073/446/945
f 1075/448/947 1074/447/946 1076/400/948
f 1076/400/948 1077/401/949 1075/448/947
f 1077/401/949 1076/400/948 1078/449/950
f 1078/449/950 1079/450/951 1077/401/949
f 1079/450/951 1078/449/950 1080/168/952
f 1080/168/952 1081/167/953 1079/450/951
f 1082/444/954 1083/443/955 1084/451/956
f 1084/451/956 1085/452/957 1082/444/954
f 1085/452/957 1084/451/956 1086/453/958
f 1086/453/958 1087/454/959 1085/452/957
f 1087/454/959 1086/453/958 1088/455/960
f 1088/455/960 1089/456/961 1087/454/959
f 1090/456/962 1091/455/963 1092/457/964
f 1092/457/964 1093/458/965 1090/456/962
f 1093/458/965 1092/457/964 1094/459/966
f 1094/459/966 1095/460/967 1093/458/965
f 1095/460/967 1094/459/966 1096/219/968
f 1096/219/968 1097/222/969 1095/460/967
f 1098/461/970 1099/462/971 1100/463/972
f 1100/463/972 1101/464/973 1098/461/970
f 1101/464/973 1100/463/972 1102/465/974
f 1102/465/974 1103/466/975 1101/464/973
f 1104/467/976 1105/468/977 1106/469/978
f 1106/469/978 1107/470/979 1104/467/976
f 1107/470/979 1106/469/978 1108/471/980
f 1108/471/980 1109/472/981 1107/470/979
f 1110/473/982 1111/474/982 1112/475/982
f 1112/475/982 1113/476/982 1110/473/982
f 1113/476/982 1112/475/982 1114/477/982
f 1114/477/982 1115/478/982 1113/476/982
f 1116/476/982 1115/478/982 1114/477/982
f 1114/477/982 1117/475/982 1116/476/982
f 1118/473/982 1116/476/982 1117/475/982
f 1117/475/982 1119/474/982 1118/473/982
f 1120/175/983 1121/479/984 1122/480/985
f 1122/480/985 1123/481/986 1120/175/983
f 1124/176/987 1120/175/983 1123/481/986
f 1123/481/986 1125/482/988 1124/176/987
f 1126/483/989 1127/484/990 1128/485/990
f 1128/485/990 1129/486/991 1126/483/989
f 1130/487/992 1126/483/989 1129/486/991
f 1129/486/991 1131/488/992 1130/487/992
f 1132/489/993 1133/490/994 1134/491/995
f 1134/491/995 1135/492/996 1132/489/993
f 1136/493/997 1132/489/993 1135/492/996
f 1135/492/996 1137/494/998 1136/493/997
f 1138/495/999 1139/496/1000 1140/497/1000
f 1140/497/1000 1141/498/1001 1138/495/999
f 1142/499/1002 1138/495/999 1141/498/1001
f 1141/498/1001 1143/500/1003 1142/499/1002
f 1142/499/1002 1143/500/1003 1144/501/1004
f 1144/501/1004 1145/502/1005 1142/499/1002
f 1145/502/1005 1144/501/1004 1146/503/1006
f 1146/503/1006 1147/504/1007 1145/502/1005
f 1148/505/1008 1147/504/1007 1146/503/1006
f 1146/503/1006 1149/506/1009 1148/505/1008
f 1150/507/1010 1148/505/1008 1149/506/1009
f 1149/506/1009 1151/508/1010 1150/507/1010
f 1150/507/1010 1151/508/1010 1152/506/1011
f 1152/506/1011 1153/505/1012 1150/507/1010
f 1153/505/1012 1152/506/1011 1154/503/1013
f 1154/503/1013 1155/504/1014 1153/505/1012
f 1156/502/1015 1155/504/1014 1154/503/1013
f 1154/503/1013 1157/501/1016 1156/502/1015
f 1158/499/1017 1156/502/1015 1157/501/1016
f 1157/501/1016 1159/500/1018 1158/499/1017
f 1158/499/1017 1159/500/1018 1160/498/1019
f 1160/498/1019 1161/495/1020 1158/499/1017
f 1161/495/1020 1160/498/1019 1162/497/1021
f 1162/497/1021 1163/496/1021 1161/495/1020
f 1164/497/982 1165/496/982 1166/509/982
f 1166/509/982 1167/510/982 1164/497/982
f 1167/510/982 1166/509/982 1168/511/982
f 1168/511/982 1169/512/982 1167/510/982
f 1170/510/982 1169/512/982 1168/511/982
f 1168/511/982 1171/509/982 1170/510/982
f 1172/497/982 1170/510/982 1171/509/982
f 1171/509/982 1173/496/982 1172/497/982
f 1174/513/1022 1175/189/1023 1176/188/1024
f 1176/188/1024 1177/514/1025 1174/513/1022
f 1178/414/1026 1174/513/1022 1177/514/1025
f 1177/514/1025 1179/415/1027 1178/414/1026
f 1180/15/1028 1181/16/1029 1182/202/1030
f 1182/202/1030 1183/203/1031 1180/15/1028
f 1183/203/1031 1182/202/1030 1184/515/1032
f 1184/515/1032 1185/516/1033 1183/203/1031
f 1186/517/1034 1187/518/1034 1188/519/1035
f 1188/519/1035 1189/520/1035 1186/517/1034
f 1190/521/1035 1186/517/1034 1189/520/1035
f 1189/520/1035 1191/522/1035 1190/521/1035
f 1192/523/1036 1190/521/1035 1191/522/1035
f 1191/522/1035 1193/524/1034 1192/523/1036
f 1194/525/1037 1195/526/1038 1196/527/1039
f 1197/528/1040 1195/526/1038 1194/525/1037
f 1194/525/1037 1198/529/1041 1197/528/1040
f 1199/530/1042 1197/528/1040 1198/529/1041
f 1198/529/1041 1200/531/1043 1199/530/1042
f 1199/530/1042 1200/531/1043 1201/532/1044
f 1202/533/1045 1203/534/1046 1197/528/1040
f 1197/528/1040 1199/530/1042 1202/533/1045
f 1201/532/1044 1204/535/1047 1199/530/1042
f 1202/533/1045 1199/530/1042 1204/535/1047
f 1204/535/1047 1201/532/1044 1205/536/1048
f 1205/536/1048 1206/537/1049 1207/538/1050
f 1207/538/1050 1208/539/1051 1205/536/1048
f 1209/540/1052 1205/536/1048 1208/539/1051
f 1205/536/1048 1209/540/1052 1204/535/1047
f 1208/539/1051 1210/541/1053 1209/540/1052
f 1209/540/1052 1210/541/1053 1211/542/1054
f 1204/535/1047 1212/543/1055 1202/533/1045
f 1212/543/1055 1204/535/1047 1209/540/1052
f 1213/544/1056 1202/533/1045 1212/543/1055
f 1212/543/1055 1214/545/1057 1213/544/1056
f 1215/546/1058 1214/545/1057 1212/543/1055
f 1211/542/1054 1216/547/1059 1209/540/1052
f 1209/540/1052 1216/547/1059 1212/543/1055
f 1215/546/1058 1216/547/1059 1211/542/1054
f 1212/543/1055 1216/547/1059 1215/546/1058
f 1217/548/1060 1218/15/1061 1219/16/1062
f 1219/16/1062 1220/549/1063 1217/548/1060
f 1221/550/1064 1217/548/1060 1220/549/1063
f 1220/549/1063 1222/551/1065 1221/550/1064
f 1223/552/1066 1221/550/1064 1222/551/1065
f 1222/551/1065 1224/553/1067 1223/552/1066
f 1225/554/1068 1223/552/1066 1224/553/1067
f 1224/553/1067 1226/555/1069 1225/554/1068
f 1227/556/1070 1228/557/1070 1229/558/1071
f 1229/558/1071 1230/559/1072 1227/556/1070
f 1230/559/1072 1229/558/1071 1231/560/1073
f 1231/560/1073 1232/561/1074 1230/559/1072
f 1232/561/1074 1231/560/1073 1233/562/1075
f 1233/562/1075 1234/563/1076 1232/561/1074
f 1235/195/1077 1234/563/1076 1233/562/1075
f 1233/562/1075 1236/196/1077 1235/195/1077
f 1237/564/1078 1238/565/1079 1239/566/1080
f 1239/566/1080 1240/567/1081 1237/564/1078
f 1241/568/1082 1237/564/1078 1240/567/1081
f 1240/569/1081 1242/570/1083 1241/571/1082
f 1243/572/1084 1241/571/1082 1242/570/1083
f 1242/570/1083 1244/573/1085 1243/572/1084
f 1245/574/1086 1243/572/1084 1244/573/1085
f 1245/574/1086 1246/575/1087 1243/572/1084
f 1244/573/1085 1247/576/1088 1245/574/1086
f 1248/577/1089 1249/578/1090 1250/579/1091
f 1250/579/1091 1251/580/1092 1248/577/1089
f 1251/580/1092 1250/579/1091 1252/581/1093
f 1252/581/1093 1253/582/1094 1251/580/1092
f 1253/582/1094 1252/581/1093 1254/583/1095
f 1254/583/1095 1255/584/1096 1253/582/1094
f 1256/584/1097 1257/583/1098 1258/585/1099
f 1258/585/1099 1259/586/1100 1256/584/1097
f 1258/585/1099 1260/587/1101 1259/586/1100
f 1261/401/1102 1262/400/1103 1263/588/1104
f 1263/588/1104 1264/589/1105 1261/401/1102
f 1264/589/1105 1263/588/1104 1265/590/1106
f 1265/590/1106 1266/591/1107 1264/589/1105
f 1266/591/1107 1265/590/1106 1267/205/1108
f 1267/205/1108 1268/204/1109 1266/591/1107
f 1269/592/1110 1270/593/1111 1271/594/1112
f 1272/595/1113 1270/593/1111 1269/592/1110
f 1273/596/1114 1270/593/1111 1272/595/1113
f 1274/597/1115 1275/598/1116 1276/599/1117
f 1276/599/1117 1277/600/1118 1274/597/1115
f 1278/601/1119 1274/597/1115 1277/600/1118
f 1277/600/1118 1279/602/1120 1278/601/1119
f 1280/603/1121 1278/601/1119 1279/602/1120
f 1279/602/1120 1281/604/1122 1280/603/1121
f 1280/603/1121 1281/604/1122 1282/605/1123
f 1282/605/1123 1283/606/1124 1280/603/1121
f 1283/606/1124 1284/607/1125 1280/603/1121
f 1285/608/1126 1286/609/1127 1287/610/1128
f 1287/610/1128 1288/611/1129 1285/608/1126
f 1285/608/1126 1288/611/1129 1289/612/1130
f 1290/613/1131 1289/612/1130 1288/611/1129
f 1288/611/1129 1291/614/1132 1290/613/1131
f 1291/614/1133 1292/615/1134 1293/616/1135
f 1294/617/1136 1293/616/1135 1292/615/1134
f 1292/615/1134 1295/618/1137 1294/617/1136
f 1294/617/1136 1295/618/1137 1296/619/1138
f 1296/619/1138 1297/620/1139 1294/617/1136
f 1298/621/1140 1297/620/1139 1296/619/1138
f 1296/619/1138 1299/622/1141 1298/621/1140
f 1298/621/1140 1299/622/1141 1300/623/1142
f 1300/623/1142 1299/622/1141 1301/624/1143
f 1300/623/1142 1302/625/1144 1298/621/1140
f 1303/626/1145 1304/627/1146 1305/628/1147
f 1306/629/1148 1305/628/1147 1304/627/1146
f 1304/627/1146 1307/630/1149 1306/629/1148
f 1308/631/1150 1306/629/1148 1307/630/1149
f 1307/630/1149 1309/632/1151 1308/631/1150
f 1308/631/1150 1309/632/1151 1310/633/1152
f 1310/633/1152 1311/634/1153 1308/631/1150
f 1312/130/1154 1313/129/1155 1314/635/1156
f 1314/635/1156 1315/10/1157 1312/130/1154
f 1316/12/1158 1312/130/1154 1315/10/1157
f 1317/636/1159 1318/637/1160 1319/638/1161
f 1319/638/1161 1320/639/1162 1317/636/1159
f 1321/640/1163 1317/636/1159 1320/639/1162
f 1320/639/1162 1322/641/1164 1321/640/1163
f 1323/218/1165 1324/217/1166 1325/642/1167
f 1325/642/1167 1326/643/1168 1323/218/1165
f 1326/643/1168 1325/642/1167 1327/14/1169
f 1327/14/1169 1328/13/1170 1326/643/1168
f 1328/13/1170 1327/14/1169 1329/15/1171
f 1329/15/1171 1330/16/1172 1328/13/1170
f 1331/644/1173 1332/645/1174 1333/646/1175
f 1333/646/1175 1334/647/1175 1331/644/1173
f 1334/647/1175 1333/646/1175 1335/648/1175
f 1335/648/1175 1336/649/1175 1334/647/1175
f 1337/650/1176 1338/651/1177 1339/652/1178
f 1339/652/1178 1340/653/1179 1337/650/1176
f 1340/653/1179 1339/652/1178 1341/654/1179
f 1341/654/1179 1342/655/1180 1340/653/1179
f 1343/656/1181 1344/657/1182 1345/658/1183
f 1345/658/1183 1346/659/1184 1343/656/1181
f 1347/660/1185 1343/656/1181 1346/659/1184
f 1346/659/1184 1348/661/1186 1347/660/1185
f 1349/662/1187 1347/660/1185 1348/661/1186
f 1348/661/1186 1350/663/1188 1349/662/1187
f 1351/664/1189 1349/662/1187 1350/663/1188
f 1350/663/1188 1352/665/1190 1351/664/1189
f 1353/666/1191 1354/15/1192 1355/16/1193
f 1355/16/1193 1356/667/1194 1353/666/1191
f 1357/668/1195 1353/666/1191 1356/667/1194
f 1356/667/1194 1358/669/1196 1357/668/1195
f 1359/670/1197 1357/668/1195 1358/669/1196
f 1358/669/1196 1360/671/1198 1359/670/1197
f 1361/672/1199 1359/670/1197 1360/671/1198
f 1360/671/1198 1362/673/1200 1361/672/1199
f 1363/674/1201 1364/675/1202 1365/676/1203
f 1365/676/1203 1366/677/1204 1363/674/1201
f 1366/677/1204 1365/676/1203 1367/678/1205
f 1367/678/1205 1368/679/1206 1366/677/1204
f 1369/680/1207 1368/679/1206 1367/678/1205
f 1367/678/1205 1370/406/1208 1369/680/1207
f 1371/681/1209 1369/680/1207 1370/406/1208
f 1370/406/1208 1372/409/1210 1371/681/1209
f 1373/682/1211 1374/683/1212 1375/684/1213
f 1375/684/1213 1376/685/1214 1373/682/1211
f 1376/685/1214 1375/684/1213 1377/686/1215
f 1377/686/1215 1378/687/1216 1376/685/1214
f 1379/688/1217 1380/689/1218 1381/690/1219
f 3622/691/1220 1382/692/1221 3623/693/1222
f 3623/694/1222 3624/695/1223 1383/696/1224
f 1385/697/1225 1386/698/1226 1387/699/1227
f 1385/697/1225 1388/700/1228 1386/698/1226
f 1388/700/1228 1389/701/1229 1386/698/1226
f 1390/380/1230 1391/381/1231 1392/702/1232
f 1392/702/1232 1393/703/1233 1390/380/1230
f 1393/703/1233 1392/702/1232 1394/359/1234
f 1394/359/1234 1395/358/1235 1393/703/1233
f 1395/358/1235 1394/359/1234 1396/704/1236
f 1396/704/1236 1397/705/1237 1395/358/1235
f 1397/705/1237 1396/704/1236 1398/706/1238
f 1398/706/1238 1399/707/1239 1397/705/1237
f 1399/707/1239 1398/706/1238 1400/708/1240
f 1400/708/1240 1401/709/1241 1399/707/1239
f 1401/709/1241 1400/708/1240 1402/710/1242
f 1402/710/1242 1403/711/1243 1401/709/1241
f 1403/711/1243 1402/710/1242 1404/712/1244
f 1404/712/1244 1405/713/1245 1403/711/1243
f 1405/713/1245 1404/712/1244 1406/714/1246
f 1406/714/1246 1407/715/1247 1405/713/1245
f 1408/713/1248 1407/715/1247 1406/714/1246
f 1406/714/1246 1409/712/1249 1408/713/1248
f 1410/711/1250 1408/713/1248 1409/712/1249
f 1409/712/1249 1411/710/1251 1410/711/1250
f 1412/709/1252 1410/711/1250 1411/710/1251
f 1411/710/1251 1413/708/1253 1412/709/1252
f 1414/707/1254 1412/709/1252 1413/708/1253
f 1413/708/1253 1415/706/1255 1414/707/1254
f 1416/705/1256 1414/707/1254 1415/706/1255
f 1415/706/1255 1417/704/1257 1416/705/1256
f 1418/358/1258 1416/705/1256 1417/704/1257
f 1417/704/1257 1419/359/1259 1418/358/1258
f 1420/703/1260 1418/358/1258 1419/359/1259
f 1419/359/1259 1421/702/1261 1420/703/1260
f 1422/380/1262 1420/703/1260 1421/702/1261
f 1421/702/1261 1423/381/1263 1422/380/1262
f 1424/716/1264 1425/717/1265 1426/718/1266
f 1426/718/1266 1427/719/1267 1424/716/1264
f 1427/719/1267 1426/718/1266 1428/720/1268
f 1428/720/1268 1429/721/1269 1427/719/1267
f 1429/721/1269 1428/720/1268 1430/722/1270
f 1430/722/1270 1431/723/1271 1429/721/1269
f 1431/723/1271 1430/722/1270 1432/724/1272
f 1432/724/1272 1433/725/1273 1431/723/1271
f 1433/725/1273 1432/724/1272 1434/726/1274
f 1434/726/1274 1435/727/1275 1433/725/1273
f 1435/727/1275 1434/726/1274 1436/728/1276
f 1436/728/1276 1437/729/1277 1435/727/1275
f 1437/729/1277 1436/728/1276 1438/730/1278
f 1438/730/1278 1439/731/1279 1437/729/1277
f 1440/732/1280 1439/731/1279 1438/730/1278
f 1438/730/1278 1441/733/1280 1440/732/1280
f 1440/732/1280 1441/733/1280 1442/730/1281
f 1442/730/1281 1443/731/1282 1440/732/1280
f 1444/729/1283 1443/731/1282 1442/730/1281
f 1442/730/1281 1445/728/1284 1444/729/1283
f 1446/727/1285 1444/729/1283 1445/728/1284
f 1445/728/1284 1447/726/1286 1446/727/1285
f 1448/725/1287 1446/727/1285 1447/726/1286
f 1447/726/1286 1449/724/1288 1448/725/1287
f 1450/723/1289 1448/725/1287 1449/724/1288
f 1449/724/1288 1451/722/1290 1450/723/1289
f 1452/721/1291 1450/723/1289 1451/722/1290
f 1451/722/1290 1453/720/1292 1452/721/1291
f 1454/719/1293 1452/721/1291 1453/720/1292
f 1453/720/1292 1455/718/1294 1454/719/1293
f 1456/716/1295 1454/719/1293 1455/718/1294
f 1455/718/1294 1457/717/1296 1456/716/1295
f 3591/734/1297 3533/735/1298 1461/736/1299 3529/737/1300
f 3528/738/1301 3577/739/1302 3527/740/1303 1459/741/1304
f 3590/734/1305 3572/737/1306 1488/736/1307 3570/735/1308
f 3559/742/1309 1481/743/1310 3560/744/1311 3576/745/1312
f 3589/746/1313 3575/747/1314 1490/748/1315 3573/749/1316
f 3529/737/1300 1461/736/1299 3530/749/1317 3577/746/1302
f 3588/750/1318 3566/751/1319 1484/752/1320 3564/753/1321
f 3540/754/1322 3580/755/1323 3538/756/1324 1466/757/1325
f 3587/750/1326 3539/753/1327 1465/752/1328 3535/751/1329
f 1468/743/1330 3541/744/1331 3580/755/1323 3540/754/1322
f 3586/758/1332 3563/759/1333 1482/760/1334 3561/761/1335
f 3543/742/1336 3581/745/1337 3541/744/1331 1468/743/1330
f 3585/762/1338 3554/763/1339 1476/764/1340 3552/765/1341
f 3554/763/1339 3579/766/1342 3555/767/1343 1476/764/1340
f 3584/768/1344 3569/769/1345 1486/770/1346 3567/771/1347
f 1464/772/1348 3535/773/1329 3578/774/1349 3534/775/1350
f 3583/762/1351 3551/765/1352 1473/764/1353 3547/763/1354
f 3535/751/1329 1465/752/1328 3536/771/1355 3578/768/1349
f 3582/766/1356 3548/767/1357 1471/776/1358 3544/777/1359
f 1477/778/1360 3556/779/1361 3579/780/1342 3554/781/1339
f 3581/782/1337 3545/783/1362 1469/784/1363 3541/785/1331
f 1470/786/1364 3544/787/1359 3581/745/1337 3543/742/1336
f 3580/758/1323 3542/761/1365 1467/760/1366 3538/759/1324
f 3541/785/1331 1469/784/1363 3542/761/1365 3580/758/1323
f 3579/766/1342 3557/777/1367 1478/776/1368 3555/767/1343
f 3556/779/1361 1479/786/1369 3557/787/1367 3579/780/1342
f 3578/768/1349 3536/771/1355 1463/770/1370 3532/769/1371
f 3534/775/1350 3578/774/1349 3532/788/1371 1462/789/1372
f 3557/777/1367 3576/782/1312 3558/783/1373 1478/776/1368
f 1479/786/1369 3559/742/1309 3576/745/1312 3557/787/1367
f 3577/746/1302 3530/749/1317 1458/748/1374 3527/747/1303
f 1460/790/1375 3529/791/1300 3577/739/1302 3528/738/1301
f 1492/792/1376 1493/793/1377 1494/794/1378
f 1494/794/1378 1495/795/1379 1492/792/1376
f 1496/796/1380 1492/792/1376 1495/795/1379
f 1495/795/1379 1497/797/1381 1496/796/1380
f 1498/798/1382 1496/796/1380 1497/797/1381
f 1497/797/1381 1499/799/1383 1498/798/1382
f 1500/800/1384 1498/798/1382 1499/799/1383
f 1499/799/1383 1501/801/1385 1500/800/1384
f 1502/802/1386 1503/803/1387 1504/804/1388
f 1504/804/1388 1505/805/1389 1502/802/1386
f 1506/806/1390 1502/802/1386 1505/805/1389
f 1505/805/1389 1507/807/1391 1506/806/1390
f 1508/335/1392 1509/336/1393 1510/808/1394
f 1510/808/1394 1511/809/1395 1508/335/1392
f 1511/809/1395 1510/808/1394 1512/329/1396
f 1512/329/1396 1513/328/1397 1511/809/1395
f 1514/810/1398 1515/811/1399 1516/812/1400
f 1516/812/1400 1517/813/1401 1514/810/1398
f 1517/813/1401 1516/812/1400 1518/814/1402
f 1518/814/1402 1519/815/1403 1517/813/1401
f 1519/815/1403 1518/814/1402 1520/816/1404
f 1520/816/1405 1521/817/1406 1519/815/1405
f 1521/817/1407 1520/816/1408 1522/818/1409
f 1522/818/1409 1523/819/1410 1521/817/1407
f 1523/819/1410 1522/818/1409 1524/820/1411
f 1524/820/1411 1525/821/1412 1523/819/1410
f 1526/819/1413 1525/821/1412 1524/820/1411
f 1524/820/1411 1527/818/1414 1526/819/1413
f 1528/817/1415 1526/819/1413 1527/818/1414
f 1527/818/1414 1529/816/1416 1528/817/1415
f 1530/815/1417 1528/817/1415 1529/816/1416
f 1529/816/1416 1531/814/1418 1530/815/1417
f 1532/813/1419 1530/815/1417 1531/814/1418
f 1531/814/1418 1533/812/1420 1532/813/1419
f 1534/810/1421 1532/813/1419 1533/812/1420
f 1533/812/1420 1535/811/1422 1534/810/1421
f 1536/822/1423 1537/823/1424 1538/824/1425
f 1538/824/1425 1539/825/1426 1536/822/1423
f 1539/825/1426 1538/824/1425 1540/826/1427
f 1540/826/1427 1541/827/1428 1539/825/1426
f 1541/827/1428 1540/826/1427 1542/828/1429
f 1542/828/1429 1543/829/1430 1541/827/1428
f 1543/829/1430 1542/828/1429 1544/830/1431
f 1544/830/1431 1545/831/1432 1543/829/1430
f 1545/831/1432 1544/830/1431 1546/832/1433
f 1546/832/1433 1547/833/1434 1545/831/1432
f 1547/833/1434 1546/832/1433 1548/834/1435
f 1548/834/1435 1549/835/1436 1547/833/1434
f 1549/835/1436 1548/834/1435 1550/321/1437
f 1550/321/1437 1551/320/1438 1549/835/1436
f 1551/320/1438 1550/321/1437 1552/836/1439
f 1552/836/1439 1553/837/1440 1551/320/1438
f 1554/823/1441 1555/822/1442 1556/838/1443
f 1556/838/1443 1557/839/1444 1554/823/1441
f 1557/839/1444 1556/838/1443 1558/840/1445
f 1558/840/1445 1559/841/1446 1557/839/1444
f 1559/841/1446 1558/840/1445 1560/842/1447
f 1560/842/1447 1561/843/1448 1559/841/1446
f 1561/843/1448 1560/842/1447 1562/844/1449
f 1562/844/1449 1563/845/1450 1561/843/1448
f 1564/846/1451 1565/847/1452 1566/848/1453
f 1566/848/1453 1567/849/1454 1564/846/1451
f 1567/849/1454 1566/848/1453 1568/850/1455
f 1568/850/1455 1569/851/1456 1567/849/1454
f 1569/851/1456 1568/850/1455 1570/852/1457
f 1570/852/1457 1571/853/1458 1569/851/1456
f 1571/853/1458 1570/852/1457 1572/854/1459
f 1572/854/1459 1573/855/1460 1571/853/1458
f 1573/855/1460 1572/854/1459 1574/856/1461
f 1574/856/1461 1575/857/1462 1573/855/1460
f 1575/857/1462 1574/856/1461 1576/858/1463
f 1576/858/1463 1577/859/1464 1575/857/1462
f 1577/859/1464 1576/858/1463 1578/860/1465
f 1578/860/1465 1579/861/1466 1577/859/1464
f 1579/861/1466 1578/860/1465 1580/862/1467
f 1580/862/1467 1581/863/1468 1579/861/1466
f 1581/863/1468 1580/862/1467 1582/864/1469
f 1582/864/1469 1583/865/1470 1581/863/1468
f 1583/865/1470 1582/864/1469 1584/866/1471
f 1584/866/1471 1585/867/1472 1583/865/1470
f 1585/867/1472 1584/866/1471 1586/868/1473
f 1586/868/1473 1587/869/1474 1585/867/1472
f 1587/869/1474 1586/868/1473 1588/870/1475
f 1588/870/1475 1589/871/1476 1587/869/1474
f 1590/869/1477 1591/871/1478 1588/870/1479
f 1588/870/1479 1592/868/1480 1590/869/1477
f 1593/867/1481 1590/869/1477 1592/868/1480
f 1592/868/1480 1594/866/1482 1593/867/1481
f 1595/865/1483 1593/867/1481 1594/866/1482
f 1594/866/1482 1596/864/1484 1595/865/1483
f 1597/863/1485 1595/865/1483 1596/864/1484
f 1596/864/1484 1598/862/1486 1597/863/1485
f 1599/861/1487 1597/863/1485 1598/862/1486
f 1598/862/1486 1600/860/1488 1599/861/1487
f 1601/859/1489 1599/861/1487 1600/860/1488
f 1600/860/1488 1602/858/1490 1601/859/1489
f 1603/857/1491 1601/859/1489 1602/858/1490
f 1602/858/1490 1604/856/1492 1603/857/1491
f 1605/855/1493 1603/857/1491 1604/856/1492
f 1604/856/1492 1606/854/1494 1605/855/1493
f 1607/853/1495 1605/855/1493 1606/854/1494
f 1606/854/1494 1608/852/1496 1607/853/1495
f 1609/851/1497 1607/853/1495 1608/852/1496
f 1608/852/1496 1610/850/1498 1609/851/1497
f 1611/849/1499 1609/851/1497 1610/850/1498
f 1610/850/1498 1612/848/1500 1611/849/1499
f 1613/846/1501 1611/849/1499 1612/848/1500
f 1612/848/1500 1614/847/1502 1613/846/1501
f 1615/872/1503 1616/873/1504 1617/874/1505
f 1617/874/1505 1618/875/1506 1615/872/1503
f 1618/875/1506 1617/874/1505 1619/876/1507
f 1618/875/1506 1619/876/1507 1620/877/1508
f 1620/877/1508 1621/878/1509 1618/875/1506
f 1622/879/1510 1621/878/1509 1620/877/1508
f 1622/879/1510 1623/880/1511 1621/878/1509
f 1620/877/1508 1624/881/1512 1622/879/1510
f 1622/879/1510 1624/881/1512 1625/882/1513
f 1622/879/1510 1625/882/1513 1626/883/1514
f 1622/879/1510 1626/883/1514 1627/884/1515
f 1628/885/1516 1622/879/1510 1627/884/1515
f 1629/886/1517 1630/887/1518 1631/888/1519
f 1631/888/1519 1630/887/1518 1632/889/1520
f 1632/889/1520 1633/890/1521 1631/888/1519
f 1634/891/1522 1633/890/1521 1632/889/1520
f 1635/892/1523 1636/363/1524 1637/362/1525
f 1637/362/1525 1638/893/1526 1635/892/1523
f 1638/893/1526 1637/362/1525 1639/361/1527
f 1639/361/1527 1640/894/1528 1638/893/1526
f 1640/894/1528 1639/361/1527 1641/895/1529
f 1641/895/1529 1642/896/1530 1640/894/1528
f 1643/897/1531 1641/895/1529 1639/361/1527
f 1642/896/1530 1641/895/1529 1643/897/1531
f 1639/361/1527 1644/360/1532 1643/897/1531
f 1643/897/1531 1645/898/1533 1642/896/1530
f 1646/899/1534 1647/900/1535 1648/901/1536
f 1648/901/1536 1649/902/1537 1646/899/1534
f 1649/902/1537 1648/901/1536 1650/903/1538
f 1650/903/1538 1651/904/1539 1649/902/1537
f 1651/904/1539 1650/903/1538 1652/905/1540
f 1652/905/1540 1653/906/1541 1651/904/1539
f 1653/906/1541 1652/905/1540 1654/907/1542
f 1654/907/1542 1655/908/1543 1653/906/1541
f 1656/909/1544 1657/910/1545 1658/911/1546
f 1659/912/1547 1656/909/1544 1658/911/1546
f 1658/911/1546 1660/913/1548 1659/912/1547
f 1661/914/1549 1659/912/1547 1660/913/1548
f 1660/913/1548 1662/915/1550 1661/914/1549
f 1663/916/1551 1661/914/1549 1662/915/1550
f 1662/915/1550 1664/917/1552 1663/916/1551
f 1663/916/1551 1664/917/1552 1665/918/1553
f 1665/918/1553 1666/919/1554 1663/916/1551
f 1667/920/1555 1668/921/1556 1669/922/1557
f 1669/922/1557 1670/363/1558 1667/920/1555
f 1671/923/1559 1669/922/1557 1672/921/1560
f 1672/921/1560 1673/924/1561 1671/923/1559
f 1674/925/1562 1671/923/1559 1673/924/1561
f 1673/924/1561 1675/926/1563 1674/925/1562
f 1676/927/1564 1673/924/1561 1672/921/1560
f 1675/926/1563 1673/924/1561 1676/927/1564
f 1672/921/1560 1677/928/1565 1676/927/1564
f 1676/927/1564 1678/929/1566 1675/926/1563
f 1679/930/1567 1680/931/1568 1681/930/1569
f 1681/930/1569 1682/930/1570 1679/930/1567
f 1682/930/1570 1681/930/1569 1683/932/1571
f 1683/932/1571 1684/933/1572 1682/930/1570
f 1684/933/1572 1683/932/1571 1685/934/1573
f 1685/934/1573 1686/935/1574 1684/933/1572
f 1686/935/1574 1685/934/1573 1687/931/1575
f 1687/931/1575 1688/936/1576 1686/935/1574
f 1689/935/1577 1688/936/1576 1687/931/1575
f 1687/931/1575 1690/934/1578 1689/935/1577
f 1691/933/1579 1689/935/1577 1690/934/1578
f 1690/934/1578 1692/932/1580 1691/933/1579
f 1693/930/1581 1691/933/1579 1692/932/1580
f 1692/932/1580 1694/930/1582 1693/930/1581
f 1695/930/1583 1693/930/1581 1694/930/1582
f 1694/930/1582 1696/931/1584 1695/930/1583
f 1697/937/1585 1698/938/1586 1699/939/1587
f 1699/939/1587 1700/940/1588 1697/937/1585
f 1700/940/1588 1699/939/1587 1701/941/1589
f 1701/941/1589 1702/942/1589 1700/940/1588
f 1703/943/1590 1704/944/1591 1705/945/1592
f 1705/945/1592 1706/946/1593 1703/943/1590
f 1706/946/1593 1705/945/1592 1707/947/1594
f 1707/947/1594 1708/948/1595 1706/946/1593
f 1708/948/1595 1707/947/1594 1709/949/1596
f 1709/949/1596 1710/949/1597 1708/948/1595
f 1711/950/1598 1712/951/1599 1713/952/1600
f 1713/952/1600 1714/953/1601 1711/950/1598
f 1715/954/1602 1711/950/1598 1714/953/1601
f 1714/953/1601 1716/955/1603 1715/954/1602
f 1717/956/1604 1715/954/1602 1716/955/1603
f 1716/955/1603 1718/957/1605 1717/956/1604
f 1718/957/1605 1716/955/1603 1719/958/1606
f 1719/958/1606 1720/959/1607 1718/957/1605
f 1718/957/1605 1720/959/1607 1721/958/1608
f 1721/958/1608 1722/955/1609 1718/957/1605
f 1717/956/1604 1718/957/1605 1722/955/1609
f 1722/955/1609 1723/954/1610 1717/956/1604
f 1723/954/1610 1722/955/1609 1724/953/1611
f 1724/953/1611 1725/950/1612 1723/954/1610
f 1725/950/1612 1724/953/1611 1726/952/1613
f 1726/952/1613 1727/951/1614 1725/950/1612
f 1728/960/1615 1729/961/1616 1730/962/1617
f 1730/962/1617 1731/963/1618 1728/960/1615
f 1731/963/1618 1730/962/1617 1732/964/1619
f 1732/964/1619 1733/965/1620 1731/963/1618
f 1733/965/1620 1732/964/1619 1734/966/1621
f 1734/966/1621 1735/967/1622 1733/965/1620
f 1736/968/1623 1733/965/1620 1735/967/1622
f 1735/967/1622 1737/969/1624 1736/968/1623
f 1738/968/1625 1737/969/1624 1735/967/1622
f 1735/967/1622 1739/965/1626 1738/968/1625
f 1739/965/1626 1735/967/1622 1734/966/1621
f 1734/966/1621 1740/964/1627 1739/965/1626
f 1741/963/1628 1739/965/1626 1740/964/1627
f 1740/964/1627 1742/962/1629 1741/963/1628
f 1743/960/1630 1741/963/1628 1742/962/1629
f 1742/962/1629 1744/961/1631 1743/960/1630
f 1745/970/1632 1746/384/1633 1747/383/1634
f 1747/383/1634 1748/971/1635 1745/970/1632
f 1749/972/1636 1745/970/1632 1748/971/1635
f 1748/971/1635 1750/973/1637 1749/972/1636
f 1749/972/1636 1750/973/1637 1751/974/1638
f 1751/974/1638 1752/975/1639 1749/972/1636
f 1753/976/1640 1754/382/1641 1755/385/1642
f 1755/385/1642 1756/977/1643 1753/976/1640
f 1757/978/1644 1753/976/1640 1756/977/1643
f 1756/977/1643 1758/979/1645 1757/978/1644
f 1757/978/1644 1758/979/1645 1759/980/1646
f 1759/980/1646 1760/981/1647 1757/978/1644
f 1761/978/1648 1760/981/1647 1759/980/1646
f 1759/980/1646 1762/979/1649 1761/978/1648
f 1761/978/1648 1762/979/1649 1763/977/1650
f 1763/977/1650 1764/976/1651 1761/978/1648
f 1764/976/1651 1763/977/1650 1765/385/1652
f 1765/385/1652 1766/382/1653 1764/976/1651
f 1767/982/323 1768/983/323 1769/984/323
f 1769/984/323 1770/985/323 1767/982/323
f 1770/985/323 1769/984/323 1771/986/323
f 1771/986/323 1772/987/323 1770/985/323
f 1773/988/323 1770/985/323 1772/987/323
f 1772/987/323 1774/989/323 1773/988/323
f 1773/988/323 1774/989/323 1775/987/323
f 1775/987/323 1776/985/323 1773/988/323
f 1776/985/323 1775/987/323 1777/986/323
f 1777/986/323 1778/984/323 1776/985/323
f 1779/982/323 1776/985/323 1778/984/323
f 1778/984/323 1780/983/323 1779/982/323
f 910/424/1654 911/427/1655 908/426/1656 909/425/1657
f 3615/990/1658 3614/428/782 3612/308/783 3611/310/1659
f 3611/310/1659 3612/308/783 2215/309/1660 2216/311/1661
f 2217/991/1662 2218/992/1663 3614/993/782 3615/994/1658
f 3621/995/1664 1786/996/1665 3620/997/1666
f 1785/179/305 1788/998/1667 1787/181/306
f 3612/308/783 3613/180/303 2219/179/302 2215/309/1660
f 3610/180/307 3620/999/1666 3619/1000/1668 3609/308/460
f 1791/431/1669 1792/430/1670 1793/429/1671
f 1793/429/1671 1794/432/1672 1791/431/1669
f 1794/432/1672 1793/429/1671 1795/433/1673
f 1795/433/1673 1796/434/1674 1794/432/1672
f 1797/437/1675 1798/436/1676 1799/435/1677
f 1799/435/1677 1800/438/1678 1797/437/1675
f 1801/439/1679 1797/437/1675 1800/438/1678
f 1800/438/1678 1802/440/1680 1801/439/1679
f 1801/439/1679 1802/440/1680 1803/441/1681
f 1803/441/1681 1804/442/1682 1801/439/1679
f 1805/445/1683 1806/444/1684 1807/443/1685
f 1807/443/1685 1808/446/1686 1805/445/1683
f 1809/447/1687 1805/445/1683 1808/446/1686
f 1808/446/1686 1810/448/1688 1809/447/1687
f 1811/400/1689 1809/447/1687 1810/448/1688
f 1810/448/1688 1812/401/1690 1811/400/1689
f 1813/449/1691 1811/400/1689 1812/401/1690
f 1812/401/1690 1814/450/1692 1813/449/1691
f 1815/168/1693 1813/449/1691 1814/450/1692
f 1814/450/1692 1816/167/1694 1815/168/1693
f 1817/451/1695 1818/443/1696 1819/444/1697
f 1819/444/1697 1820/452/1698 1817/451/1695
f 1821/453/1699 1817/451/1695 1820/452/1698
f 1820/452/1698 1822/454/1700 1821/453/1699
f 1823/455/1701 1821/453/1699 1822/454/1700
f 1822/454/1700 1824/456/1702 1823/455/1701
f 1825/457/1703 1826/455/1704 1827/456/1705
f 1827/456/1705 1828/458/1706 1825/457/1703
f 1829/459/1707 1825/457/1703 1828/458/1706
f 1828/458/1706 1830/460/1708 1829/459/1707
f 1831/219/1709 1829/459/1707 1830/460/1708
f 1830/460/1708 1832/222/1710 1831/219/1709
f 1833/463/1711 1834/462/1712 1835/461/1713
f 1835/461/1713 1836/464/1714 1833/463/1711
f 1837/465/1715 1833/463/1711 1836/464/1714
f 1836/464/1714 1838/466/1716 1837/465/1715
f 1839/469/1717 1840/468/1718 1841/467/1719
f 1841/467/1719 1842/470/1720 1839/469/1717
f 1843/471/1721 1839/469/1717 1842/470/1720
f 1842/470/1720 1844/472/1722 1843/471/1721
f 1845/480/1723 1846/479/1724 1847/175/1725
f 1847/175/1725 1848/481/1726 1845/480/1723
f 1848/481/1726 1847/175/1725 1849/176/1727
f 1849/176/1727 1850/482/1728 1848/481/1726
f 1851/485/1729 1852/484/1729 1853/483/1730
f 1853/483/1730 1854/486/1731 1851/485/1729
f 1854/486/1731 1853/483/1730 1855/487/1732
f 1855/487/1732 1856/488/1732 1854/486/1731
f 1857/491/1733 1858/490/1734 1859/489/1735
f 1859/489/1735 1860/492/1736 1857/491/1733
f 1860/492/1736 1859/489/1735 1861/493/1737
f 1861/493/1737 1862/494/1738 1860/492/1736
f 1863/188/1739 1864/189/1740 1865/513/1741
f 1865/513/1741 1866/514/1742 1863/188/1739
f 1866/514/1742 1865/513/1741 1867/414/1743
f 1867/414/1743 1868/415/1744 1866/514/1742
f 1869/202/1745 1870/16/1746 1871/15/1747
f 1871/15/1747 1872/203/1748 1869/202/1745
f 1873/515/1749 1869/202/1745 1872/203/1748
f 1872/203/1748 1874/516/1750 1873/515/1749
f 1875/519/1751 1876/518/1751 1877/517/1751
f 1877/517/1751 1878/520/1751 1875/519/1751
f 1878/520/1751 1877/517/1751 1879/521/1751
f 1879/521/1751 1880/522/1752 1878/520/1751
f 1880/522/1752 1879/521/1751 1881/523/1752
f 1881/523/1752 1882/524/1752 1880/522/1752
f 1883/526/1753 1884/525/1754 1885/527/1755
f 1884/525/1754 1883/526/1753 1886/528/1756
f 1886/528/1756 1887/529/1757 1884/525/1754
f 1887/529/1757 1886/528/1756 1888/530/1758
f 1888/530/1758 1889/531/1759 1887/529/1757
f 1890/532/1760 1889/531/1759 1888/530/1758
f 1886/528/1756 1891/534/1761 1892/533/1762
f 1892/533/1762 1888/530/1758 1886/528/1756
f 1888/530/1758 1893/535/1763 1890/532/1760
f 1893/535/1763 1888/530/1758 1892/533/1762
f 1894/536/1764 1890/532/1760 1893/535/1763
f 1895/538/1765 1896/537/1766 1894/536/1764
f 1894/536/1764 1897/539/1767 1895/538/1765
f 1892/533/1762 1898/543/1768 1893/535/1763
f 1898/543/1768 1892/533/1762 1899/544/1769
f 1899/544/1769 1900/545/1770 1898/543/1768
f 1898/543/1768 1900/545/1770 1901/546/1771
f 1893/535/1763 1902/540/1772 1894/536/1764
f 1897/539/1767 1894/536/1764 1902/540/1772
f 1902/540/1772 1893/535/1763 1898/543/1768
f 1902/540/1772 1903/541/1773 1897/539/1767
f 1904/542/1774 1903/541/1773 1902/540/1772
f 1901/546/1771 1905/547/1775 1898/543/1768
f 1898/543/1768 1905/547/1775 1902/540/1772
f 1905/547/1775 1901/546/1771 1904/542/1774
f 1902/540/1772 1905/547/1775 1904/542/1774
f 1906/16/1776 1907/15/1777 1908/548/1778
f 1908/548/1778 1909/549/1779 1906/16/1776
f 1909/549/1779 1908/548/1778 1910/550/1780
f 1910/550/1780 1911/551/1781 1909/549/1779
f 1911/551/1781 1910/550/1780 1912/552/1782
f 1912/552/1782 1913/553/1783 1911/551/1781
f 1913/553/1783 1912/552/1782 1914/554/1784
f 1914/554/1784 1915/555/1785 1913/553/1783
f 1916/558/1071 1917/557/1070 1918/556/1070
f 1918/556/1070 1919/559/1072 1916/558/1071
f 1920/560/1073 1916/558/1071 1919/559/1072
f 1919/559/1072 1921/561/1074 1920/560/1073
f 1922/562/1075 1920/560/1073 1921/561/1074
f 1921/561/1074 1923/563/1076 1922/562/1075
f 1922/562/1075 1923/563/1076 1924/195/1786
f 1924/195/1786 1925/196/1786 1922/562/1075
f 1926/566/1787 1927/565/1788 1928/564/1789
f 1928/564/1789 1929/567/1790 1926/566/1787
f 1929/567/1790 1928/564/1789 1930/568/1791
f 1930/571/1791 1931/570/1792 1929/569/1790
f 1931/570/1792 1930/571/1791 1932/572/1793
f 1932/572/1793 1933/573/1794 1931/570/1792
f 1933/573/1794 1932/572/1793 1934/574/1795
f 1935/575/1796 1934/574/1795 1932/572/1793
f 1934/574/1795 1936/576/1797 1933/573/1794
f 1937/579/1798 1938/578/1799 1939/577/1800
f 1939/577/1800 1940/580/1801 1937/579/1798
f 1941/581/1802 1937/579/1798 1940/580/1801
f 1940/580/1801 1942/582/1803 1941/581/1802
f 1943/583/1804 1941/581/1802 1942/582/1803
f 1942/582/1803 1944/584/1805 1943/583/1804
f 1945/585/1806 1946/583/1807 1947/584/1808
f 1947/584/1808 1948/586/1809 1945/585/1806
f 1949/587/1810 1945/585/1806 1948/586/1809
f 1950/588/1811 1951/400/1812 1952/401/1813
f 1952/401/1813 1953/589/1814 1950/588/1811
f 1954/590/1815 1950/588/1811 1953/589/1814
f 1953/589/1814 1955/591/1816 1954/590/1815
f 1956/205/1817 1954/590/1815 1955/591/1816
f 1955/591/1816 1957/204/1818 1956/205/1817
f 1958/593/1819 1959/592/1820 1960/594/1821
f 1958/593/1819 1961/595/1822 1959/592/1820
f 1958/593/1819 1962/596/1823 1961/595/1822
f 1963/599/1824 1964/598/1825 1965/597/1826
f 1965/597/1826 1966/600/1827 1963/599/1824
f 1966/600/1827 1965/597/1826 1967/601/1828
f 1967/601/1828 1968/602/1829 1966/600/1827
f 1968/602/1829 1967/601/1828 1969/603/1830
f 1969/603/1830 1970/604/1831 1968/602/1829
f 1971/605/1832 1970/604/1831 1969/603/1830
f 1969/603/1830 1972/606/1833 1971/605/1832
f 1973/607/1834 1972/606/1833 1969/603/1830
f 1974/610/1835 1975/609/1836 1976/608/1837
f 1976/608/1837 1977/611/1838 1974/610/1835
f 1977/611/1838 1976/608/1837 1978/612/1839
f 1977/611/1838 1978/612/1839 1979/613/1840
f 1979/613/1840 1980/614/1841 1977/611/1838
f 1981/615/1842 1980/614/1843 1982/616/1844
f 1981/615/1842 1982/616/1844 1983/617/1845
f 1983/617/1845 1984/618/1846 1981/615/1842
f 1985/619/1847 1984/618/1846 1983/617/1845
f 1983/617/1845 1986/620/1848 1985/619/1847
f 1985/619/1847 1986/620/1848 1987/621/1849
f 1987/621/1849 1988/622/1850 1985/619/1847
f 1989/623/1851 1988/622/1850 1987/621/1849
f 1988/622/1850 1989/623/1851 1990/624/1852
f 1987/621/1849 1991/625/1853 1989/623/1851
f 1992/627/1854 1993/626/1855 1994/628/1856
f 1992/627/1854 1994/628/1856 1995/629/1857
f 1995/629/1857 1996/630/1858 1992/627/1854
f 1996/630/1858 1995/629/1857 1997/631/1859
f 1997/631/1859 1998/632/1860 1996/630/1858
f 1999/633/1861 1998/632/1860 1997/631/1859
f 1997/631/1859 2000/634/1862 1999/633/1861
f 2001/635/1863 2002/129/1864 2003/130/1865
f 2003/130/1865 2004/10/1866 2001/635/1863
f 2004/10/1866 2003/130/1865 2005/12/1867
f 2006/638/1868 2007/637/1869 2008/636/1870
f 2008/636/1870 2009/639/1871 2006/638/1868
f 2009/639/1871 2008/636/1870 2010/640/1872
f 2010/640/1872 2011/641/1873 2009/639/1871
f 2012/642/1874 2013/217/1875 2014/218/1876
f 2014/218/1876 2015/643/1877 2012/642/1874
f 2016/14/1878 2012/642/1874 2015/643/1877
f 2015/643/1877 2017/13/1879 2016/14/1878
f 2018/15/1880 2016/14/1878 2017/13/1879
f 2017/13/1879 2019/16/1880 2018/15/1880
f 2020/646/1881 2021/645/1882 2022/644/1883
f 2022/644/1883 2023/647/1881 2020/646/1881
f 2024/648/1881 2020/646/1881 2023/647/1881
f 2023/647/1881 2025/649/1881 2024/648/1881
f 2026/652/1884 2027/651/1885 2028/650/1886
f 2028/650/1886 2029/653/1887 2026/652/1884
f 2030/654/1887 2026/652/1884 2029/653/1887
f 2029/653/1887 2031/655/1888 2030/654/1887
f 2032/658/1889 2033/657/1890 2034/656/1891
f 2034/656/1891 2035/659/1892 2032/658/1889
f 2035/659/1892 2034/656/1891 2036/660/1893
f 2036/660/1893 2037/661/1894 2035/659/1892
f 2037/661/1894 2036/660/1893 2038/662/1895
f 2038/662/1895 2039/663/1896 2037/661/1894
f 2039/663/1896 2038/662/1895 2040/664/1897
f 2040/664/1897 2041/665/1898 2039/663/1896
f 2042/16/1899 2043/15/1900 2044/666/1901
f 2044/666/1901 2045/667/1902 2042/16/1899
f 2045/667/1902 2044/666/1901 2046/668/1903
f 2046/668/1903 2047/669/1904 2045/667/1902
f 2047/669/1904 2046/668/1903 2048/670/1905
f 2048/670/1905 2049/671/1906 2047/669/1904
f 2049/671/1906 2048/670/1905 2050/672/1907
f 2050/672/1907 2051/673/1908 2049/671/1906
f 2052/676/1909 2053/675/1910 2054/674/1911
f 2054/674/1911 2055/677/1912 2052/676/1909
f 2056/678/1913 2052/676/1909 2055/677/1912
f 2055/677/1912 2057/679/1914 2056/678/1913
f 2056/678/1913 2057/679/1914 2058/680/1915
f 2058/680/1915 2059/406/1916 2056/678/1913
f 2059/406/1916 2058/680/1915 2060/681/1917
f 2060/681/1917 2061/409/1918 2059/406/1916
f 2062/684/1919 2063/683/1920 2064/682/1921
f 2064/682/1921 2065/685/1922 2062/684/1919
f 2066/686/1923 2062/684/1919 2065/685/1922
f 2065/685/1922 2067/687/1924 2066/686/1923
f 2068/690/1925 2069/689/1926 2070/688/1927
f 3625/1001/1928 2071/692/1929 3626/1002/1930
f 3625/1003/1928 2070/688/1927 2072/696/1931
f 3627/1004/1932 2073/1005/1932 2071/692/1929 3625/1001/1928
f 2074/698/1933 2075/697/1934 2076/699/1935
f 2077/700/1936 2075/697/1934 2074/698/1933
f 2078/701/1937 2077/700/1936 2074/698/1933
f 2079/794/1938 2080/793/1939 2081/792/1940
f 2081/792/1940 2082/795/1941 2079/794/1938
f 2082/795/1941 2081/792/1940 2083/796/1942
f 2083/796/1942 2084/797/1943 2082/795/1941
f 2084/797/1943 2083/796/1942 2085/798/1944
f 2085/798/1944 2086/799/1945 2084/797/1943
f 2086/799/1945 2085/798/1944 2087/800/1946
f 2087/800/1946 2088/801/1947 2086/799/1945
f 2089/804/1948 2090/803/1949 2091/802/1950
f 2091/802/1950 2092/805/1951 2089/804/1948
f 2092/805/1951 2091/802/1950 2093/806/1952
f 2093/806/1952 2094/807/1953 2092/805/1951
f 2095/808/1954 2096/336/1955 2097/335/1956
f 2097/335/1956 2098/809/1957 2095/808/1954
f 2099/329/1958 2095/808/1954 2098/809/1957
f 2098/809/1957 2100/328/1959 2099/329/1958
f 2101/824/1960 2102/823/1961 2103/822/1962
f 2103/822/1962 2104/825/1963 2101/824/1960
f 2105/826/1964 2101/824/1960 2104/825/1963
f 2104/825/1963 2106/827/1965 2105/826/1964
f 2107/828/1966 2105/826/1964 2106/827/1965
f 2106/827/1965 2108/829/1967 2107/828/1966
f 2109/830/1968 2107/828/1966 2108/829/1967
f 2108/829/1967 2110/831/1969 2109/830/1968
f 2111/832/1970 2109/830/1968 2110/831/1969
f 2110/831/1969 2112/833/1971 2111/832/1970
f 2113/834/1972 2111/832/1970 2112/833/1971
f 2112/833/1971 2114/835/1973 2113/834/1972
f 2115/321/1974 2113/834/1972 2114/835/1973
f 2114/835/1973 2116/320/1975 2115/321/1974
f 2117/836/1976 2115/321/1974 2116/320/1975
f 2116/320/1975 2118/837/1977 2117/836/1976
f 2119/838/1978 2120/822/1979 2121/823/1980
f 2121/823/1980 2122/839/1981 2119/838/1978
f 2123/840/1982 2119/838/1978 2122/839/1981
f 2122/839/1981 2124/841/1983 2123/840/1982
f 2125/842/1984 2123/840/1982 2124/841/1983
f 2124/841/1983 2126/843/1985 2125/842/1984
f 2127/844/1986 2125/842/1984 2126/843/1985
f 2126/843/1985 2128/845/1987 2127/844/1986
f 2129/874/1988 2130/873/1989 2131/872/1990
f 2131/872/1990 2132/875/1991 2129/874/1988
f 2129/874/1988 2132/875/1991 2133/876/1992
f 2134/877/1993 2133/876/1992 2132/875/1991
f 2132/875/1991 2135/878/1994 2134/877/1993
f 2134/877/1993 2135/878/1994 2136/879/1995
f 2137/880/1996 2136/879/1995 2135/878/1994
f 2136/879/1995 2138/881/1997 2134/877/1993
f 2138/881/1997 2136/879/1995 2139/882/1998
f 2139/882/1998 2136/879/1995 2140/883/1999
f 2140/883/1999 2136/879/1995 2141/884/2000
f 2136/879/1995 2142/885/2001 2141/884/2000
f 2143/887/2002 2144/886/2003 2145/888/2004
f 2146/889/2005 2143/887/2002 2145/888/2004
f 2145/888/2004 2147/890/2006 2146/889/2005
f 2147/890/2006 2148/891/2007 2146/889/2005
f 2149/362/2008 2150/363/2009 2151/892/2010
f 2151/892/2010 2152/893/2011 2149/362/2008
f 2153/361/2012 2149/362/2008 2152/893/2011
f 2152/893/2011 2154/894/2013 2153/361/2012
f 2155/895/2014 2153/361/2012 2154/894/2013
f 2154/894/2013 2156/896/2015 2155/895/2014
f 2153/361/2012 2155/895/2014 2157/897/2016
f 2157/897/2016 2155/895/2014 2156/896/2015
f 2157/897/2016 2158/360/2017 2153/361/2012
f 2156/896/2015 2159/898/2018 2157/897/2016
f 2160/901/2019 2161/900/2020 2162/899/2021
f 2162/899/2021 2163/902/2022 2160/901/2019
f 2164/903/2023 2160/901/2019 2163/902/2022
f 2163/902/2022 2165/904/2024 2164/903/2023
f 2166/905/2025 2164/903/2023 2165/904/2024
f 2165/904/2024 2167/906/2026 2166/905/2025
f 2168/907/2027 2166/905/2025 2167/906/2026
f 2167/906/2026 2169/908/2028 2168/907/2027
f 2170/910/2029 2171/909/2030 2172/911/2031
f 2172/911/2031 2171/909/2030 2173/912/2032
f 2173/912/2032 2174/913/2033 2172/911/2031
f 2174/913/2033 2173/912/2032 2175/914/2034
f 2175/914/2034 2176/915/2035 2174/913/2033
f 2176/915/2035 2175/914/2034 2177/916/2036
f 2177/916/2036 2178/917/2037 2176/915/2035
f 2179/918/2038 2178/917/2037 2177/916/2036
f 2177/916/2036 2180/919/2039 2179/918/2038
f 2181/920/2040 2182/363/2041 2183/922/2042
f 2183/922/2042 2184/921/2043 2181/920/2040
f 2185/921/2044 2183/922/2042 2186/923/2045
f 2186/923/2045 2187/924/2046 2185/921/2044
f 2187/924/2046 2186/923/2045 2188/925/2047
f 2188/925/2047 2189/926/2048 2187/924/2046
f 2185/921/2044 2187/924/2046 2190/927/2049
f 2190/927/2049 2187/924/2046 2189/926/2048
f 2190/927/2049 2191/928/2050 2185/921/2044
f 2189/926/2048 2192/929/2051 2190/927/2049
f 2193/939/2052 2194/938/2053 2195/937/2054
f 2195/937/2054 2196/940/2055 2193/939/2052
f 2197/941/2056 2193/939/2052 2196/940/2055
f 2196/940/2055 2198/942/2057 2197/941/2056
f 2199/945/2058 2200/944/2059 2201/943/2060
f 2201/943/2060 2202/946/2061 2199/945/2058
f 2203/947/2062 2199/945/2058 2202/946/2061
f 2202/946/2061 2204/948/2063 2203/947/2062
f 2205/949/2064 2203/947/2062 2204/948/2063
f 2204/948/2063 2206/949/2065 2205/949/2064
f 2207/383/2066 2208/384/2067 2209/970/2068
f 2209/970/2068 2210/971/2069 2207/383/2066
f 2210/971/2069 2209/970/2068 2211/972/2070
f 2211/972/2070 2212/973/2071 2210/971/2069
f 2213/974/2072 2212/973/2071 2211/972/2070
f 2211/972/2070 2214/975/2073 2213/974/2072
f 3619/1006/1668 1784/992/2074 1781/991/2075 3618/1007/2076
f 754/46/2077 755/415/2077 752/414/2077 753/48/2077
f 3620/997/1666 1786/996/1665 1784/992/2074 3619/1006/1668
f 2218/992/1663 2220/996/2078 3616/1008/639 3614/993/782
f 3616/1008/639 2220/996/2078 3617/1009/640
f 2221/181/304 2222/998/2079 2219/179/302
f 1789/1010/2080 1790/1011/2081 1787/181/306 1788/998/1667
f 3609/308/460 3619/1000/1668 3618/1012/2076 3608/310/462
f 2225/1013/2082 2226/15/2083 2227/16/2083
f 2227/16/2083 2228/1014/2084 2225/1013/2082
f 2225/1013/2082 2228/1014/2084 2229/1015/2085
f 2229/1015/2085 2230/1016/2086 2225/1013/2082
f 2230/1016/2086 2229/1015/2085 2231/1017/2087
f 2231/1017/2087 2232/1018/2088 2230/1016/2086
f 2232/1018/2088 2231/1017/2087 2233/1019/982
f 2233/1019/982 2234/1020/982 2232/1018/2088
f 2235/1018/2089 2234/1020/982 2233/1019/982
f 2233/1019/982 2236/1017/2090 2235/1018/2089
f 2237/1016/2091 2235/1018/2089 2236/1017/2090
f 2236/1017/2090 2238/1015/2092 2237/1016/2091
f 2239/1013/2093 2237/1016/2091 2238/1015/2092
f 2238/1015/2092 2240/1014/2094 2239/1013/2093
f 2239/1013/2093 2240/1014/2094 2241/16/2095
f 2241/16/2095 2242/15/2095 2239/1013/2093
f 2243/1021/2096 2244/1022/2097 2245/1023/2098
f 2245/1023/2098 2246/1024/2099 2243/1021/2096
f 2247/1021/2100 2246/1024/2099 2245/1023/2098
f 2245/1023/2098 2248/1022/2101 2247/1021/2100
f 2249/1025/2102 2250/1026/2102 2251/1027/2102
f 2251/1027/2102 2252/1028/2102 2249/1025/2102
f 2253/1025/2102 2252/1028/2102 2251/1027/2102
f 2251/1027/2102 2254/1026/2102 2253/1025/2102
f 2255/1029/2103 2256/1030/2103 2257/1031/2103
f 2257/1031/2103 2258/1032/2103 2255/1029/2103
f 2259/1029/2103 2258/1032/2103 2257/1031/2103
f 2257/1031/2103 2260/1030/2103 2259/1029/2103
f 2261/1033/2104 2262/1034/2105 2263/1035/2106
f 2263/1035/2106 2264/1036/2107 2261/1033/2104
f 2265/1037/2108 2264/1036/2107 2263/1035/2106
f 2263/1035/2106 2266/1038/2109 2265/1037/2108
f 2267/1039/2110 2268/1040/2111 2269/1041/2112
f 2269/1041/2112 2270/1042/2113 2267/1039/2110
f 2271/1039/2114 2270/1042/2113 2269/1041/2112
f 2269/1041/2112 2272/1040/2115 2271/1039/2114
f 2273/7/2116 2274/6/2117 2275/1043/2118
f 2275/1043/2118 2276/1044/2119 2273/7/2116
f 2277/7/2120 2276/1044/2119 2275/1043/2118
f 2275/1043/2118 2278/6/2121 2277/7/2120
f 2279/125/2122 2280/124/2123 2281/1045/2124
f 2281/1045/2124 2282/1046/2125 2279/125/2122
f 2283/1047/2126 2282/1046/2125 2281/1045/2124
f 2281/1045/2124 2284/1048/2127 2283/1047/2126
f 2285/1049/2128 2286/1050/2128 2287/1051/2128
f 2287/1051/2128 2288/1052/2128 2285/1049/2128
f 2285/1049/2128 2288/1052/2128 2289/1051/2128
f 2289/1051/2128 2290/1050/2128 2285/1049/2128
f 2291/1053/2129 2292/1054/2129 2293/1055/2130
f 2293/1055/2130 2294/1056/2130 2291/1053/2129
f 2295/1053/2129 2294/1056/2130 2293/1055/2130
f 2293/1055/2130 2296/1054/2129 2295/1053/2129
f 2297/1057/2131 2298/1058/2132 2299/1059/2132
f 2299/1059/2132 2300/1060/2131 2297/1057/2131
f 2297/1057/2131 2300/1060/2131 2301/1059/2132
f 2301/1059/2132 2302/1058/2132 2297/1057/2131
f 2303/1061/324 2304/1062/324 2305/1063/324
f 2305/1063/324 2306/1064/324 2303/1061/324
f 2307/1061/324 2306/1064/324 2305/1063/324
f 2305/1063/324 2308/1062/324 2307/1061/324
f 2309/1065/2128 2310/485/2128 2311/484/2128
f 2311/484/2128 2312/1066/2128 2309/1065/2128
f 2309/1065/2128 2312/1066/2128 2313/484/2128
f 2313/484/2128 2314/485/2128 2309/1065/2128
f 2315/1067/2133 2316/1068/2134 2317/1069/2133
f 2317/1069/2133 2318/1070/2135 2315/1067/2133
f 2319/1067/2133 2318/1070/2135 2317/1069/2133
f 2317/1069/2133 2320/1068/2136 2319/1067/2133
f 2321/1071/2137 2322/1061/2137 2323/1064/2137
f 2323/1064/2137 2324/1072/2137 2321/1071/2137
f 2325/1071/2137 2324/1072/2137 2323/1064/2137
f 2323/1064/2137 2326/1061/2137 2325/1071/2137
f 2327/1073/2138 2328/1071/2138 2329/1072/2138
f 2329/1072/2138 2330/1074/2138 2327/1073/2138
f 2331/1073/2138 2330/1074/2138 2329/1072/2138
f 2329/1072/2138 2332/1071/2138 2331/1073/2138
f 2333/1075/2139 2334/1076/2139 2335/1073/2139
f 2335/1073/2139 2336/1074/2139 2333/1075/2139
f 2333/1075/2139 2336/1074/2139 2337/1073/2139
f 2337/1073/2139 2338/1076/2139 2333/1075/2139
f 2339/1077/2140 2340/1078/2141 2341/1076/2141
f 2341/1076/2141 2342/1075/2140 2339/1077/2140
f 2339/1077/2140 2342/1075/2140 2343/1076/2142
f 2343/1076/2142 2344/1078/2142 2339/1077/2140
f 2345/1079/2143 2346/1078/2143 2347/1077/2144
f 2347/1077/2144 2348/1080/2144 2345/1079/2143
f 2349/1079/2143 2348/1080/2144 2347/1077/2144
f 2347/1077/2144 2350/1078/2143 2349/1079/2143
f 2351/1081/2145 2352/214/2145 2353/213/2145
f 2353/213/2145 2354/1082/2145 2351/1081/2145
f 2351/1081/2145 2354/1082/2145 2355/213/2145
f 2355/213/2145 2356/214/2145 2351/1081/2145
f 2357/1083/2146 2358/714/2147 2359/1084/2148
f 2358/714/2147 2357/1083/2146 2360/1085/2149
f 2360/1085/2149 2361/1086/2150 2358/714/2147
f 2362/1087/2151 2358/714/2147 2361/1086/2150
f 2361/1086/2150 2360/1085/2149 2363/1088/2152
f 2361/1086/2150 2364/1089/2153 2362/1087/2151
f 2363/1088/2152 2365/390/2154 2366/387/2155
f 2364/1089/2153 2361/1086/2150 2367/1090/2156
f 2363/1088/2152 2367/1090/2156 2361/1086/2150
f 2366/387/2155 2367/1090/2156 2363/1088/2152
f 2367/1090/2156 2368/1091/2157 2364/1089/2153
f 2367/1090/2156 2366/387/2155 2369/386/2158
f 2369/386/2158 2368/1091/2157 2367/1090/2156
f 2370/1092/2159 2371/1093/2160 2372/1094/2161
f 2372/1094/2161 2373/1095/2162 2370/1092/2159
f 2370/1092/2159 2373/1095/2162 2374/1096/2163
f 2374/1096/2163 2375/1097/2164 2370/1092/2159
f 2376/1098/2165 2375/1097/2164 2374/1096/2163
f 2374/1096/2163 2377/1099/2166 2376/1098/2165
f 2378/1100/2167 2374/1096/2163 2373/1095/2162
f 2373/1095/2162 2379/1101/2168 2378/1100/2167
f 2380/1102/2169 2377/1099/2166 2374/1096/2163
f 2374/1096/2163 2378/1100/2167 2380/1102/2169
f 2380/1102/2169 2381/1103/2170 2377/1099/2166
f 2382/1104/2171 2378/1100/2167 2379/1101/2168
f 2381/1103/2170 2380/1102/2169 2383/1105/2172
f 2384/1106/2173 2380/1102/2169 2378/1100/2167
f 2378/1100/2167 2382/1104/2171 2384/1106/2173
f 2385/1107/2174 2383/1105/2172 2380/1102/2169
f 2380/1102/2169 2384/1106/2173 2385/1107/2174
f 2383/1105/2172 2386/1108/2175 2381/1103/2170
f 2387/1109/2176 2381/1103/2170 2386/1108/2175
f 2386/1108/2175 2388/1110/2177 2387/1109/2176
f 2389/1111/2178 2388/1110/2177 2386/1108/2175
f 2386/1108/2175 2390/1112/2179 2389/1111/2178
f 2391/1113/2180 2390/1112/2179 2386/1108/2175
f 2386/1108/2175 2383/1105/2172 2391/1113/2180
f 2385/1107/2174 2391/1113/2180 2383/1105/2172
f 2392/1114/2181 2391/1113/2180 2385/1107/2174
f 2393/1115/2182 2385/1107/2174 2384/1106/2173
f 2385/1107/2174 2393/1115/2182 2392/1114/2181
f 2384/1106/2173 2394/1116/2183 2393/1115/2182
f 2394/1116/2183 2384/1106/2173 2382/1104/2171
f 2395/1117/2184 2393/1115/2182 2394/1116/2183
f 2393/1115/2182 2395/1117/2184 2396/1118/2185
f 2396/1118/2185 2392/1114/2181 2393/1115/2182
f 2394/1116/2183 2397/1119/2186 2395/1117/2184
f 2392/1114/2181 2396/1118/2185 2398/1120/2187
f 2397/1119/2186 2394/1116/2183 2399/1121/2188
f 2382/1104/2171 2399/1121/2188 2394/1116/2183
f 2399/1121/2188 2400/1122/2189 2397/1119/2186
f 2398/1120/2187 2401/1123/2190 2392/1114/2181
f 2391/1113/2180 2392/1114/2181 2401/1123/2190
f 2401/1123/2190 2402/1124/2191 2391/1113/2180
f 2403/1125/2192 2398/1120/2187 2396/1118/2185
f 2401/1123/2190 2398/1120/2187 2403/1125/2192
f 2396/1118/2185 2404/1126/2193 2403/1125/2192
f 2402/1124/2191 2401/1123/2190 2405/1127/2194
f 2403/1125/2192 2405/1127/2194 2401/1123/2190
f 2405/1127/2194 2406/1128/2195 2402/1124/2191
f 2407/1124/2196 2406/1128/2195 2405/1127/2194
f 2403/1125/2192 2404/1126/2193 2408/1118/2197
f 2405/1127/2194 2409/1123/2198 2407/1124/2196
f 2409/1123/2198 2405/1127/2194 2403/1125/2192
f 2410/1113/2199 2407/1124/2196 2409/1123/2198
f 2403/1125/2192 2411/1120/2200 2409/1123/2198
f 2408/1118/2197 2411/1120/2200 2403/1125/2192
f 2412/1114/2201 2409/1123/2198 2411/1120/2200
f 2411/1120/2200 2408/1118/2197 2412/1114/2201
f 2409/1123/2198 2412/1114/2201 2410/1113/2199
f 2413/1115/2202 2412/1114/2201 2408/1118/2197
f 2408/1118/2197 2414/1117/2203 2413/1115/2202
f 2415/1107/2204 2410/1113/2199 2412/1114/2201
f 2412/1114/2201 2413/1115/2202 2415/1107/2204
f 2416/1116/2205 2413/1115/2202 2414/1117/2203
f 2414/1117/2203 2417/1119/2206 2416/1116/2205
f 2418/1106/2207 2415/1107/2204 2413/1115/2202
f 2413/1115/2202 2416/1116/2205 2418/1106/2207
f 2415/1107/2204 2418/1106/2207 2419/1102/2208
f 2419/1102/2208 2420/1105/2209 2415/1107/2204
f 2410/1113/2199 2415/1107/2204 2420/1105/2209
f 2421/1121/2210 2416/1116/2205 2417/1119/2206
f 2417/1119/2206 2422/1122/2211 2421/1121/2210
f 2423/1104/2212 2418/1106/2207 2416/1116/2205
f 2416/1116/2205 2421/1121/2210 2423/1104/2212
f 2424/1129/2213 2421/1121/2210 2422/1122/2211
f 2422/1122/2211 2425/1130/2214 2424/1129/2213
f 2424/1129/2213 2425/1130/2214 2426/1131/2215
f 2426/1131/2215 2427/1132/2216 2424/1129/2213
f 2424/1129/2213 2427/1132/2216 2428/1133/2217
f 2421/1121/2210 2424/1129/2213 2429/1134/2218
f 2428/1133/2217 2429/1134/2218 2424/1129/2213
f 2429/1134/2218 2423/1104/2212 2421/1121/2210
f 2429/1134/2218 2428/1133/2217 2430/1135/2219
f 2430/1135/2219 2431/1101/2220 2429/1134/2218
f 2423/1104/2212 2429/1134/2218 2431/1101/2220
f 2431/1101/2220 2432/1100/2221 2423/1104/2212
f 2418/1106/2207 2423/1104/2212 2432/1100/2221
f 2432/1100/2221 2431/1101/2220 2433/1095/2222
f 2432/1100/2221 2434/1102/2223 2418/1106/2207
f 2433/1095/2222 2435/1096/2224 2432/1100/2221
f 2434/1102/2223 2432/1100/2221 2435/1096/2224
f 2435/1096/2224 2433/1095/2222 2436/1092/2225
f 2436/1092/2225 2433/1095/2222 2437/1094/2226
f 2437/1094/2226 2438/1093/2227 2436/1092/2225
f 2436/1092/2225 2439/1097/2228 2435/1096/2224
f 2435/1096/2224 2439/1097/2228 2440/1098/2229
f 2440/1098/2229 2441/1099/2230 2435/1096/2224
f 2435/1096/2224 2441/1099/2230 2434/1102/2223
f 2442/1103/2231 2434/1102/2223 2441/1099/2230
f 2420/1105/2209 2434/1102/2223 2442/1103/2231
f 2442/1103/2231 2443/1108/2232 2420/1105/2209
f 2410/1113/2199 2420/1105/2209 2443/1108/2232
f 2443/1108/2232 2442/1103/2231 2444/1109/2233
f 2443/1108/2232 2445/1112/2234 2410/1113/2199
f 2444/1109/2233 2446/1110/2235 2443/1108/2232
f 2447/1111/2236 2445/1112/2234 2443/1108/2232
f 2443/1108/2232 2446/1110/2235 2447/1111/2236
f 2448/1136/2237 2449/1137/2238 2450/1138/2239
f 2450/1138/2239 2451/1139/2240 2448/1136/2237
f 2451/1139/2240 2450/1138/2239 2452/1140/2241
f 2452/1140/2241 2450/1138/2239 2453/1141/2242
f 2453/1141/2242 2454/1142/2243 2452/1140/2241
f 2455/1143/2244 2451/1139/2240 2452/1140/2241
f 2452/1140/2241 2456/1144/2245 2455/1143/2244
f 2457/1145/2246 2458/1146/2247 2459/1147/2248
f 2459/1147/2248 2460/1148/2249 2457/1145/2246
f 2459/1147/2248 2461/1149/2250 2460/1148/2249
f 2462/1150/2251 2460/1148/2249 2461/1149/2250
f 2461/1149/2250 2463/1151/2252 2462/1150/2251
f 2461/1149/2250 2459/1147/2248 2464/1152/2253
f 2464/1152/2253 2465/1153/2254 2461/1149/2250
f 3606/1154/2255 2664/145/2256 2661/144/2257 3605/1155/2258
f 2667/1156/2259 2668/1157/2260 2665/1158/2261 2663/1159/2262
f 2474/1160/2263 2475/1161/2264 2476/1162/2265
f 2476/1162/2265 2477/1163/2266 2474/1160/2263
f 2477/1163/2266 2476/1162/2265 2478/1164/2267
f 2478/1164/2267 2479/1165/2268 2477/1163/2266
f 2478/1164/2267 2476/1162/2265 2480/1166/2269
f 2480/1166/2269 2481/1167/2270 2478/1164/2267
f 2482/1168/2271 2483/1169/2272 2484/1170/2273
f 2484/1170/2273 2485/1171/2274 2482/1168/2271
f 2486/1172/2275 2485/1171/2274 2484/1170/2273
f 2484/1170/2273 2487/1173/2276 2486/1172/2275
f 2488/1174/2277 2486/1172/2275 2487/1173/2276
f 2487/1173/2276 2489/1175/2278 2488/1174/2277
f 2490/1176/2279 2488/1174/2277 2489/1175/2278
f 2489/1175/2278 2487/1173/2276 2491/1177/2280
f 2489/1175/2278 2492/1178/2281 2490/1176/2279
f 2493/1179/2282 2490/1176/2279 2492/1178/2281
f 2491/1177/2280 2494/1180/2283 2489/1175/2278
f 2492/1178/2281 2489/1175/2278 2494/1180/2283
f 2494/1180/2283 2491/1177/2280 2495/1181/2284
f 2492/1178/2281 2496/1182/2285 2493/1179/2282
f 2497/1183/2286 2493/1179/2282 2496/1182/2285
f 2494/1180/2283 2498/1184/2287 2492/1178/2281
f 2496/1182/2285 2492/1178/2281 2498/1184/2287
f 2495/1181/2284 2499/1185/2288 2494/1180/2283
f 2498/1184/2287 2494/1180/2283 2499/1185/2288
f 2499/1185/2288 2495/1181/2284 2500/1186/2289
f 2498/1184/2287 2501/1187/2290 2496/1182/2285
f 2497/1183/2286 2496/1182/2285 2501/1187/2290
f 2499/1185/2288 2502/1188/2291 2498/1184/2287
f 2501/1187/2290 2498/1184/2287 2502/1188/2291
f 2500/1186/2289 2503/1189/2292 2499/1185/2288
f 2502/1188/2291 2499/1185/2288 2503/1189/2292
f 2503/1189/2292 2500/1186/2289 2504/1190/2293
f 2501/1187/2290 2505/1191/2294 2497/1183/2286
f 2506/1192/2295 2497/1183/2286 2505/1191/2294
f 2504/1190/2293 2507/1193/2296 2503/1189/2292
f 2507/1193/2296 2504/1190/2293 2508/1194/2297
f 2509/1195/2298 2505/1191/2294 2501/1187/2290
f 2502/1188/2291 2509/1195/2298 2501/1187/2290
f 2510/1196/2299 2506/1192/2295 2505/1191/2294
f 2509/1195/2298 2510/1196/2299 2505/1191/2294
f 2511/1197/2300 2506/1192/2295 2510/1196/2299
f 2509/1195/2298 2502/1188/2291 2512/1198/2301
f 2503/1189/2292 2512/1198/2301 2502/1188/2291
f 2512/1198/2301 2503/1189/2292 2507/1193/2296
f 2512/1198/2301 2513/1199/2302 2509/1195/2298
f 2513/1199/2302 2510/1196/2299 2509/1195/2298
f 2507/1193/2296 2514/1200/2303 2512/1198/2301
f 2512/1198/2301 2514/1200/2303 2513/1199/2302
f 2508/1194/2297 2515/1201/2304 2507/1193/2296
f 2514/1200/2303 2507/1193/2296 2515/1201/2304
f 2515/1201/2304 2508/1194/2297 2516/1202/2305
f 2516/1202/2305 2517/1203/2306 2515/1201/2304
f 2515/1201/2304 2518/1204/2307 2514/1200/2303
f 2518/1204/2307 2515/1201/2304 2517/1203/2306
f 2513/1199/2302 2514/1200/2303 2518/1204/2307
f 2517/1203/2306 2519/1205/2308 2518/1204/2307
f 2518/1204/2307 2520/1206/2309 2513/1199/2302
f 2520/1206/2309 2518/1204/2307 2519/1205/2308
f 2510/1196/2299 2513/1199/2302 2520/1206/2309
f 2519/1205/2308 2521/1207/2310 2520/1206/2309
f 2520/1206/2309 2522/1208/2311 2510/1196/2299
f 2522/1208/2311 2520/1206/2309 2521/1207/2310
f 2510/1196/2299 2522/1208/2311 2511/1197/2300
f 2521/1207/2310 2523/1209/2312 2522/1208/2311
f 2524/1210/2313 2511/1197/2300 2522/1208/2311
f 2522/1208/2311 2523/1209/2312 2524/1210/2313
f 2524/1210/2314 2525/1209/2315 2526/1208/2316
f 2526/1208/2316 2525/1209/2315 2527/1207/2317
f 2526/1208/2316 2528/1197/2318 2524/1210/2314
f 2527/1207/2317 2529/1206/2319 2526/1208/2316
f 2529/1206/2319 2527/1207/2317 2530/1205/2320
f 2528/1197/2318 2526/1208/2316 2531/1196/2321
f 2531/1196/2321 2526/1208/2316 2529/1206/2319
f 2531/1196/2321 2532/1192/2322 2528/1197/2318
f 2530/1205/2320 2533/1204/2323 2529/1206/2319
f 2533/1204/2323 2530/1205/2320 2534/1203/2324
f 2529/1206/2319 2535/1199/2325 2531/1196/2321
f 2535/1199/2325 2529/1206/2319 2533/1204/2323
f 2532/1192/2322 2531/1196/2321 2536/1191/2326
f 2537/1183/2327 2532/1192/2322 2536/1191/2326
f 2531/1196/2321 2538/1195/2328 2536/1191/2326
f 2531/1196/2321 2535/1199/2325 2538/1195/2328
f 2537/1183/2327 2536/1191/2326 2539/1187/2329
f 2536/1191/2326 2538/1195/2328 2539/1187/2329
f 2539/1187/2329 2540/1182/2330 2537/1183/2327
f 2541/1179/2331 2537/1183/2327 2540/1182/2330
f 2539/1187/2329 2538/1195/2328 2542/1188/2332
f 2541/1179/2331 2540/1182/2330 2543/1178/2333
f 2543/1178/2333 2544/1176/2334 2541/1179/2331
f 2540/1182/2330 2539/1187/2329 2545/1184/2335
f 2545/1184/2335 2543/1178/2333 2540/1182/2330
f 2542/1188/2332 2545/1184/2335 2539/1187/2329
f 2544/1176/2334 2543/1178/2333 2546/1175/2336
f 2546/1175/2336 2547/1174/2337 2544/1176/2334
f 2543/1178/2333 2545/1184/2335 2548/1180/2338
f 2548/1180/2338 2546/1175/2336 2543/1178/2333
f 2547/1174/2337 2546/1175/2336 2549/1173/2339
f 2549/1173/2339 2550/1172/2340 2547/1174/2337
f 2551/1177/2341 2549/1173/2339 2546/1175/2336
f 2546/1175/2336 2548/1180/2338 2551/1177/2341
f 2550/1172/2340 2549/1173/2339 2552/1170/2342
f 2553/1181/2343 2551/1177/2341 2548/1180/2338
f 2552/1170/2342 2554/1171/2344 2550/1172/2340
f 2555/1168/2345 2554/1171/2344 2552/1170/2342
f 2552/1170/2342 2556/1169/2346 2555/1168/2345
f 2548/1180/2338 2557/1185/2347 2553/1181/2343
f 2557/1185/2347 2548/1180/2338 2545/1184/2335
f 2545/1184/2335 2542/1188/2332 2557/1185/2347
f 2558/1186/2348 2553/1181/2343 2557/1185/2347
f 2557/1185/2347 2559/1189/2349 2558/1186/2348
f 2559/1189/2349 2557/1185/2347 2542/1188/2332
f 2560/1190/2350 2558/1186/2348 2559/1189/2349
f 2542/1188/2332 2561/1198/2351 2559/1189/2349
f 2561/1198/2351 2542/1188/2332 2538/1195/2328
f 2538/1195/2328 2535/1199/2325 2561/1198/2351
f 2559/1189/2349 2562/1193/2352 2560/1190/2350
f 2562/1193/2352 2559/1189/2349 2561/1198/2351
f 2563/1194/2353 2560/1190/2350 2562/1193/2352
f 2564/1200/2354 2561/1198/2351 2535/1199/2325
f 2561/1198/2351 2564/1200/2354 2562/1193/2352
f 2533/1204/2323 2564/1200/2354 2535/1199/2325
f 2562/1193/2352 2565/1201/2355 2563/1194/2353
f 2565/1201/2355 2562/1193/2352 2564/1200/2354
f 2564/1200/2354 2533/1204/2323 2565/1201/2355
f 2566/1202/2356 2563/1194/2353 2565/1201/2355
f 2534/1203/2324 2565/1201/2355 2533/1204/2323
f 2565/1201/2355 2534/1203/2324 2566/1202/2356
f 2567/1211/2357 2568/1212/2358 2569/1213/2359
f 2569/1213/2359 2570/1214/2360 2567/1211/2357
f 2571/1215/2361 2570/1214/2360 2569/1213/2359
f 2572/1216/2362 2570/1214/2360 2571/1215/2361
f 2569/1213/2359 2573/1217/2363 2571/1215/2361
f 2574/1218/2364 2575/1219/2365 2576/1220/2366
f 2576/1220/2366 2577/1221/2367 2574/1218/2364
f 2574/1218/2364 2577/1221/2367 2578/1222/2368
f 2578/1222/2368 2579/1223/2369 2574/1218/2364
f 2580/365/2370 2581/364/2371 2582/1224/2372
f 2582/1224/2372 2583/1225/2373 2580/365/2370
f 2580/365/2370 2583/1225/2373 2584/1224/2374
f 2584/1224/2374 2585/364/2375 2580/365/2370
f 2586/1226/2376 2587/1227/2377 2588/1228/2378
f 2588/1228/2378 2589/1229/2379 2586/1226/2376
f 2586/1226/2376 2589/1229/2379 2590/1228/2380
f 2590/1228/2380 2591/1227/2381 2586/1226/2376
f 2592/1229/2382 2593/1228/2383 2594/1230/2384
f 2594/1230/2384 2595/1231/2385 2592/1229/2382
f 2592/1229/2382 2595/1231/2385 2596/1230/2386
f 2596/1230/2386 2597/1228/2387 2592/1229/2382
f 2598/975/2388 2599/974/2389 2600/1232/2390
f 2600/1232/2390 2601/1233/2391 2598/975/2388
f 2602/975/2392 2601/1233/2391 2600/1232/2390
f 2600/1232/2390 2603/974/2393 2602/975/2392
f 2604/1234/2394 2605/1235/2395 2606/1236/2396
f 2606/1236/2396 2607/1237/2397 2604/1234/2394
f 2604/1234/2394 2607/1237/2397 2608/1238/2398
f 2608/1238/2398 2609/1239/2399 2604/1234/2394
f 2610/1240/2400 2609/1239/2399 2608/1238/2398
f 2608/1238/2398 2611/1241/2401 2610/1240/2400
f 2612/1242/2402 2613/1243/2402 2614/1244/2402
f 2614/1244/2402 2615/1245/2402 2612/1242/2402
f 2612/1242/2402 2615/1245/2402 2616/1244/2402
f 2616/1244/2402 2617/1243/2402 2612/1242/2402
f 2618/1035/2403 2619/1034/2404 2620/1033/2405
f 2620/1033/2405 2621/1036/2406 2618/1035/2403
f 2618/1035/2403 2621/1036/2406 2622/1037/2407
f 2622/1037/2407 2623/1038/2408 2618/1035/2403
f 2624/1045/2409 2625/124/2410 2626/125/2411
f 2626/125/2411 2627/1046/2412 2624/1045/2409
f 2624/1045/2409 2627/1046/2412 2628/1047/2413
f 2628/1047/2413 2629/1048/2414 2624/1045/2409
f 2630/714/2415 2631/1083/2416 2632/1084/2417
f 2633/1085/2418 2631/1083/2416 2630/714/2415
f 2630/714/2415 2634/1086/2419 2633/1085/2418
f 2634/1086/2419 2630/714/2415 2635/1087/2420
f 2636/1088/2421 2633/1085/2418 2634/1086/2419
f 2635/1087/2420 2637/1089/2422 2634/1086/2419
f 2638/387/2423 2639/390/2424 2636/1088/2421
f 2640/1090/2425 2634/1086/2419 2637/1089/2422
f 2634/1086/2419 2640/1090/2425 2636/1088/2421
f 2636/1088/2421 2640/1090/2425 2638/387/2423
f 2637/1089/2422 2641/1091/2426 2640/1090/2425
f 2642/386/2427 2638/387/2423 2640/1090/2425
f 2640/1090/2425 2641/1091/2426 2642/386/2427
f 2643/1138/2428 2644/1137/2429 2645/1136/2430
f 2645/1136/2430 2646/1139/2431 2643/1138/2428
f 2643/1138/2428 2646/1139/2431 2647/1140/2432
f 2647/1140/2432 2646/1139/2431 2648/1143/2433
f 2648/1143/2433 2649/1144/2434 2647/1140/2432
f 2650/1141/2435 2643/1138/2428 2647/1140/2432
f 2647/1140/2432 2651/1142/2436 2650/1141/2435
f 2652/1147/2437 2653/1146/2438 2654/1145/2439
f 2654/1145/2439 2655/1148/2440 2652/1147/2437
f 2656/1149/2441 2652/1147/2437 2655/1148/2440
f 2657/1152/2442 2652/1147/2437 2656/1149/2441
f 2656/1149/2441 2658/1153/2443 2657/1152/2442
f 2656/1149/2441 2655/1148/2440 2659/1150/2444
f 2659/1150/2444 2660/1151/2445 2656/1149/2441
f 3607/1246/2446 2666/147/2447 2664/145/2256 3606/1154/2255
f 3603/1247/2448 3604/1248/2449 2470/1158/2450 2466/1159/2451
f 2470/1158/2450 2473/1157/2452 2472/1156/2453 2466/1159/2451
f 2669/1162/2454 2670/1161/2455 2671/1160/2456
f 2671/1160/2456 2672/1163/2457 2669/1162/2454
f 2673/1164/2458 2669/1162/2454 2672/1163/2457
f 2672/1163/2457 2674/1165/2459 2673/1164/2458
f 2675/1166/2460 2669/1162/2454 2673/1164/2458
f 2673/1164/2458 2676/1167/2461 2675/1166/2460
f 2677/1213/2462 2678/1212/2463 2679/1211/2464
f 2679/1211/2464 2680/1214/2465 2677/1213/2462
f 2677/1213/2462 2680/1214/2465 2681/1215/2466
f 2680/1214/2465 2682/1216/2467 2681/1215/2466
f 2681/1215/2466 2683/1217/2468 2677/1213/2462
f 2684/1220/2469 2685/1219/2470 2686/1218/2471
f 2686/1218/2471 2687/1221/2472 2684/1220/2469
f 2688/1222/2473 2687/1221/2472 2686/1218/2471
f 2686/1218/2471 2689/1223/2474 2688/1222/2473
f 2690/1236/2475 2691/1235/2476 2692/1234/2477
f 2692/1234/2477 2693/1237/2478 2690/1236/2475
f 2694/1238/2479 2693/1237/2478 2692/1234/2477
f 2692/1234/2477 2695/1239/2480 2694/1238/2479
f 2694/1238/2479 2695/1239/2480 2696/1240/2481
f 2696/1240/2481 2697/1241/2482 2694/1238/2479
f 2698/1249/2483 2699/1250/2484 2700/1251/2485
f 2700/1251/2485 2701/1252/2486 2698/1249/2483
f 2702/1253/2487 2698/1249/2483 2701/1252/2486
f 2701/1252/2486 2700/1251/2485 2703/1254/2488
f 2701/1252/2486 2704/1255/2489 2702/1253/2487
f 2705/1256/2490 2702/1253/2487 2704/1255/2489
f 2704/1255/2489 2706/1257/2491 2705/1256/2490
f 2703/1254/2488 2707/1258/2492 2701/1252/2486
f 2704/1255/2489 2701/1252/2486 2707/1258/2492
f 2707/1258/2492 2703/1254/2488 2708/1259/2493
f 2706/1257/2491 2704/1255/2489 2709/1260/2494
f 2707/1258/2492 2709/1260/2494 2704/1255/2489
f 2709/1260/2494 2710/1261/2495 2706/1257/2491
f 2709/1260/2494 2707/1258/2492 2711/1262/2496
f 2708/1259/2493 2711/1262/2496 2707/1258/2492
f 2710/1261/2495 2709/1260/2494 2712/1263/2497
f 2711/1262/2496 2712/1263/2497 2709/1260/2494
f 2712/1263/2497 2713/1264/2498 2710/1261/2495
f 2708/1259/2493 2714/1265/2499 2715/1266/2500
f 2713/1264/2498 2712/1263/2497 2716/1267/2501
f 2716/1267/2501 2717/1268/2502 2713/1264/2498
f 2715/1266/2500 2718/1269/2503 2708/1259/2493
f 2711/1262/2496 2708/1259/2493 2718/1269/2503
f 2718/1269/2503 2715/1266/2500 2719/1270/2504
f 2719/1270/2504 2720/1271/2505 2718/1269/2503
f 2721/1272/2506 2722/1273/2507 2717/1268/2502
f 2717/1268/2502 2716/1267/2501 2721/1272/2506
f 2723/1274/2508 2721/1272/2506 2716/1267/2501
f 2724/1275/2509 2718/1269/2503 2720/1271/2505
f 2720/1271/2505 2723/1274/2508 2724/1275/2509
f 2716/1267/2501 2724/1275/2509 2723/1274/2508
f 2718/1269/2503 2724/1275/2509 2711/1262/2496
f 2724/1275/2509 2716/1267/2501 2712/1263/2497
f 2712/1263/2497 2711/1262/2496 2724/1275/2509
f 2725/1276/2510 2726/1277/2511 2727/1278/2512
f 2727/1278/2512 2728/1279/2513 2725/1276/2510
f 2729/1280/2514 2725/1276/2510 2728/1279/2513
f 2728/1279/2513 2727/1278/2512 2730/1281/2515
f 2728/1279/2513 2731/1282/2516 2729/1280/2514
f 2732/687/2517 2729/1280/2514 2731/1282/2516
f 2730/1281/2515 2733/1283/2518 2728/1279/2513
f 2731/1282/2516 2728/1279/2513 2733/1283/2518
f 2733/1283/2518 2730/1281/2515 2734/1284/2519
f 2734/1284/2519 2735/1285/2520 2733/1283/2518
f 2736/1286/2521 2733/1283/2518 2735/1285/2520
f 2733/1283/2518 2736/1286/2521 2731/1282/2516
f 2735/1285/2520 2737/1287/2522 2736/1286/2521
f 2731/1282/2516 2738/1288/2523 2732/687/2517
f 2738/1288/2523 2731/1282/2516 2736/1286/2521
f 2739/685/2524 2732/687/2517 2738/1288/2523
f 2740/1289/2525 2736/1286/2521 2737/1287/2522
f 2736/1286/2521 2740/1289/2525 2738/1288/2523
f 2737/1287/2522 2741/1290/2526 2740/1289/2525
f 2738/1288/2523 2742/1291/2527 2739/685/2524
f 2742/1291/2527 2738/1288/2523 2740/1289/2525
f 2743/682/2528 2739/685/2524 2742/1291/2527
f 2742/1291/2527 2744/1292/2529 2743/682/2528
f 2745/1293/2530 2740/1289/2525 2741/1290/2526
f 2740/1289/2525 2745/1293/2530 2742/1291/2527
f 2744/1292/2529 2742/1291/2527 2745/1293/2530
f 2741/1290/2526 2746/1294/2531 2745/1293/2530
f 2745/1293/2530 2747/1295/2532 2744/1292/2529
f 2747/1295/2532 2745/1293/2530 2746/1294/2531
f 2746/1294/2531 2748/1296/2533 2747/1295/2532
f 2749/1297/2534 2750/1298/2535 2751/1299/2536
f 2752/1300/2537 2751/1299/2536 2750/1298/2535
f 2750/1298/2535 2753/1301/2538 2752/1300/2537
f 2754/208/2539 2751/1299/2536 2752/1300/2537
f 2752/1300/2537 2755/206/2540 2754/208/2539
f 2756/208/2541 2755/206/2540 2752/1300/2537
f 2752/1300/2537 2753/1301/2538 2757/1298/2542
f 2752/1300/2537 2758/1299/2543 2756/208/2541
f 2757/1298/2542 2758/1299/2543 2752/1300/2537
f 2757/1298/2542 2759/1297/2544 2758/1299/2543
f 2760/1302/2545 2761/1303/2546 2762/1304/2547
f 2762/1304/2547 2763/1305/2548 2760/1302/2545
f 2764/1306/2549 2760/1302/2545 2763/1305/2548
f 2763/1305/2548 2762/1304/2547 2765/1307/2550
f 2763/1305/2548 2766/1308/2551 2764/1306/2549
f 2765/1307/2550 2767/1309/2552 2763/1305/2548
f 2766/1308/2551 2763/1305/2548 2767/1309/2552
f 2764/1306/2549 2766/1308/2551 2768/1310/2553
f 2768/1310/2553 2769/1311/2554 2764/1306/2549
f 2767/1309/2552 2770/1312/2555 2766/1308/2551
f 2768/1310/2553 2766/1308/2551 2770/1312/2555
f 2771/1313/2556 2767/1309/2552 2765/1307/2550
f 2765/1307/2550 2772/1314/2557 2771/1313/2556
f 2773/1315/2558 2770/1312/2555 2767/1309/2552
f 2767/1309/2552 2771/1313/2556 2773/1315/2558
f 2774/1316/2559 2771/1313/2556 2772/1314/2557
f 2772/1314/2557 2775/1317/2560 2774/1316/2559
f 2774/1316/2559 2775/1317/2560 2776/1318/2561
f 2771/1313/2556 2774/1316/2559 2777/1319/2562
f 2777/1319/2562 2773/1315/2558 2771/1313/2556
f 2776/1318/2561 2778/1320/2563 2774/1316/2559
f 2777/1319/2562 2774/1316/2559 2778/1320/2563
f 2778/1320/2563 2776/1318/2561 2779/1321/2564
f 2779/1321/2564 2780/1322/2565 2778/1320/2563
f 2781/1323/2566 2778/1320/2563 2780/1322/2565
f 2778/1320/2563 2781/1323/2566 2777/1319/2562
f 2780/1322/2565 2782/1324/2567 2781/1323/2566
f 2782/1324/2567 2780/1322/2565 2783/1325/2568
f 2783/1325/2568 2784/1326/2569 2782/1324/2567
f 2781/1323/2566 2782/1324/2567 2784/1326/2569
f 2784/1326/2569 2783/1325/2568 2785/1327/2570
f 2777/1319/2562 2781/1323/2566 2786/1328/2571
f 2784/1326/2569 2786/1328/2571 2781/1323/2566
f 2785/1327/2570 2787/1329/2572 2784/1326/2569
f 2786/1328/2571 2784/1326/2569 2787/1329/2572
f 2786/1328/2571 2788/1330/2573 2777/1319/2562
f 2773/1315/2558 2777/1319/2562 2788/1330/2573
f 2787/1329/2572 2789/1331/2574 2786/1328/2571
f 2788/1330/2573 2786/1328/2571 2789/1331/2574
f 2790/1326/2575 2787/1329/2572 2785/1327/2570
f 2785/1327/2570 2791/1325/2576 2790/1326/2575
f 2792/1328/2577 2789/1331/2574 2787/1329/2572
f 2787/1329/2572 2790/1326/2575 2792/1328/2577
f 2793/1324/2578 2790/1326/2575 2791/1325/2576
f 2791/1325/2576 2794/1322/2579 2793/1324/2578
f 2790/1326/2575 2793/1324/2578 2795/1323/2580
f 2795/1323/2580 2793/1324/2578 2794/1322/2579
f 2795/1323/2580 2792/1328/2577 2790/1326/2575
f 2794/1322/2579 2796/1320/2581 2795/1323/2580
f 2796/1320/2581 2794/1322/2579 2797/1321/2582
f 2797/1321/2582 2798/1318/2583 2796/1320/2581
f 2792/1328/2577 2795/1323/2580 2799/1319/2584
f 2799/1319/2584 2795/1323/2580 2796/1320/2581
f 2800/1316/2585 2796/1320/2581 2798/1318/2583
f 2796/1320/2581 2800/1316/2585 2799/1319/2584
f 2798/1318/2583 2801/1317/2586 2800/1316/2585
f 2800/1316/2585 2801/1317/2586 2802/1314/2587
f 2802/1314/2587 2803/1313/2588 2800/1316/2585
f 2799/1319/2584 2800/1316/2585 2803/1313/2588
f 2803/1313/2588 2802/1314/2587 2804/1307/2589
f 2799/1319/2584 2805/1330/2590 2792/1328/2577
f 2789/1331/2574 2792/1328/2577 2805/1330/2590
f 2803/1313/2588 2806/1315/2591 2799/1319/2584
f 2805/1330/2590 2799/1319/2584 2806/1315/2591
f 2804/1307/2589 2807/1309/2592 2803/1313/2588
f 2806/1315/2591 2803/1313/2588 2807/1309/2592
f 2805/1330/2590 2808/1332/2593 2789/1331/2574
f 2789/1331/2574 2808/1332/2593 2788/1330/2573
f 2806/1315/2591 2809/1333/2594 2805/1330/2590
f 2808/1332/2593 2805/1330/2590 2809/1333/2594
f 2810/1333/2595 2788/1330/2573 2808/1332/2593
f 2788/1330/2573 2810/1333/2595 2773/1315/2558
f 2770/1312/2555 2773/1315/2558 2810/1333/2595
f 2808/1332/2593 2811/1334/2596 2810/1333/2595
f 2809/1333/2594 2811/1334/2596 2808/1332/2593
f 2810/1333/2595 2812/1335/2597 2770/1312/2555
f 2812/1335/2597 2810/1333/2595 2811/1334/2596
f 2770/1312/2555 2812/1335/2597 2768/1310/2553
f 2811/1334/2596 2813/1336/2596 2812/1335/2597
f 2814/1337/2598 2768/1310/2553 2812/1335/2597
f 2812/1335/2597 2813/1336/2596 2814/1337/2598
f 2769/1311/2554 2768/1310/2553 2814/1337/2598
f 2814/1337/2598 2815/1338/2599 2769/1311/2554
f 2816/1311/2600 2815/1338/2599 2814/1337/2598
f 2817/1335/2601 2813/1336/2596 2811/1334/2596
f 2814/1337/2598 2813/1336/2596 2817/1335/2601
f 2811/1334/2596 2809/1333/2594 2817/1335/2601
f 2814/1337/2598 2818/1310/2602 2816/1311/2600
f 2817/1335/2601 2818/1310/2602 2814/1337/2598
f 2819/1306/2603 2816/1311/2600 2818/1310/2602
f 2820/1312/2604 2817/1335/2601 2809/1333/2594
f 2818/1310/2602 2817/1335/2601 2820/1312/2604
f 2809/1333/2594 2806/1315/2591 2820/1312/2604
f 2807/1309/2592 2820/1312/2604 2806/1315/2591
f 2820/1312/2604 2821/1308/2605 2818/1310/2602
f 2821/1308/2605 2820/1312/2604 2807/1309/2592
f 2818/1310/2602 2821/1308/2605 2819/1306/2603
f 2807/1309/2592 2822/1305/2606 2821/1308/2605
f 2819/1306/2603 2821/1308/2605 2822/1305/2606
f 2822/1305/2606 2807/1309/2592 2804/1307/2589
f 2822/1305/2606 2823/1302/2607 2819/1306/2603
f 2804/1307/2589 2824/1304/2608 2822/1305/2606
f 2823/1302/2607 2822/1305/2606 2824/1304/2608
f 2824/1304/2608 2825/1303/2609 2823/1302/2607
f 2826/1339/2610 2827/1340/2611 2828/1341/2612
f 2828/1341/2612 2829/1342/2613 2826/1339/2610
f 2830/1343/2614 2826/1339/2610 2829/1342/2613
f 2829/1342/2613 2828/1341/2612 2831/1344/2615
f 2829/1342/2613 2832/1345/2616 2830/1343/2614
f 2831/1344/2615 2832/1345/2616 2829/1342/2613
f 2833/1346/2617 2830/1343/2614 2832/1345/2616
f 2832/1345/2616 2831/1344/2615 2834/1347/2618
f 2832/1345/2616 2835/1348/2619 2833/1346/2617
f 2834/1347/2618 2835/1348/2619 2832/1345/2616
f 2836/1349/2620 2833/1346/2617 2835/1348/2619
f 2835/1348/2619 2834/1347/2618 2836/1349/2620
f 2837/1350/2621 2838/1351/2622 2839/1352/2623
f 2839/1352/2623 2840/1353/2624 2837/1350/2621
f 2841/1354/2625 2840/1353/2624 2839/1352/2623
f 2842/1355/2626 2841/1354/2625 2839/1352/2623
f 2839/1352/2623 2843/1356/2627 2842/1355/2626
f 2844/1357/2628 2842/1355/2626 2843/1356/2627
f 2844/1357/2628 2843/1356/2627 2845/1358/2629
f 2845/1358/2629 2843/1356/2627 2846/1359/2630
f 2847/1360/2631 2844/1357/2628 2845/1358/2629
f 2845/1358/2629 2846/1359/2630 2848/1361/2632
f 2845/1358/2629 2849/1362/2633 2847/1360/2631
f 2848/1361/2632 2849/1362/2633 2845/1358/2629
f 2850/1363/2634 2847/1360/2631 2849/1362/2633
f 2851/1364/2635 2849/1362/2633 2848/1361/2632
f 2849/1362/2633 2851/1364/2635 2850/1363/2634
f 2848/1361/2632 2852/1365/2636 2851/1364/2635
f 2850/1363/2634 2851/1364/2635 2853/1366/2637
f 2853/1366/2637 2851/1364/2635 2852/1365/2636
f 2853/1366/2637 2854/1367/2638 2850/1363/2634
f 2855/1368/2639 2852/1365/2636 2848/1361/2632
f 2848/1361/2632 2856/1369/2640 2855/1368/2639
f 2855/1368/2639 2856/1369/2640 2857/1370/2641
f 2852/1365/2636 2858/1371/2642 2853/1366/2637
f 2858/1371/2642 2852/1365/2636 2855/1368/2639
f 2854/1367/2638 2853/1366/2637 2859/1372/2643
f 2859/1372/2643 2853/1366/2637 2858/1371/2642
f 2859/1372/2643 2860/1373/2644 2854/1367/2638
f 2858/1371/2642 2861/1374/2645 2859/1372/2643
f 2862/1375/2646 2854/1367/2638 2860/1373/2644
f 2860/1373/2644 2863/1376/2647 2862/1375/2646
f 2862/1375/2646 2863/1376/2647 2864/1373/2648
f 2864/1373/2648 2865/1367/2649 2862/1375/2646
f 2865/1367/2649 2864/1373/2648 2866/1372/2650
f 2861/1374/2645 2858/1371/2642 2867/1377/2651
f 2855/1368/2639 2867/1377/2651 2858/1371/2642
f 2867/1377/2651 2868/1378/2652 2861/1374/2645
f 2869/1379/2653 2868/1378/2652 2867/1377/2651
f 2867/1377/2651 2855/1368/2639 2870/1380/2654
f 2857/1370/2641 2870/1380/2654 2855/1368/2639
f 2870/1380/2654 2857/1370/2641 2871/1381/2655
f 2870/1380/2654 2872/1382/2656 2867/1377/2651
f 2867/1377/2651 2872/1382/2656 2869/1379/2653
f 2871/1381/2655 2873/1383/2657 2870/1380/2654
f 2872/1382/2656 2870/1380/2654 2873/1383/2657
f 2869/1379/2653 2872/1382/2656 2874/1384/2658
f 2873/1383/2657 2874/1384/2658 2872/1382/2656
f 2875/1380/2659 2873/1383/2657 2871/1381/2655
f 2871/1381/2655 2876/1370/2660 2875/1380/2659
f 2877/1382/2661 2874/1384/2658 2873/1383/2657
f 2873/1383/2657 2875/1380/2659 2877/1382/2661
f 2874/1384/2658 2878/1385/2662 2869/1379/2653
f 2879/1386/2663 2869/1379/2653 2878/1385/2662
f 2878/1385/2662 2880/1387/323 2879/1386/2663
f 2881/1386/2664 2880/1387/323 2878/1385/2662
f 2878/1385/2662 2882/1379/2665 2881/1386/2664
f 2882/1379/2665 2878/1385/2662 2874/1384/2658
f 2874/1384/2658 2877/1382/2661 2882/1379/2665
f 2882/1379/2665 2877/1382/2661 2883/1377/2666
f 2883/1377/2666 2877/1382/2661 2875/1380/2659
f 2883/1377/2666 2884/1378/2667 2882/1379/2665
f 2885/1374/2668 2884/1378/2667 2883/1377/2666
f 2886/1368/2669 2875/1380/2659 2876/1370/2660
f 2875/1380/2659 2886/1368/2669 2883/1377/2666
f 2876/1370/2660 2887/1369/2670 2886/1368/2669
f 2883/1377/2666 2888/1371/2671 2885/1374/2668
f 2888/1371/2671 2883/1377/2666 2886/1368/2669
f 2866/1372/2650 2885/1374/2668 2888/1371/2671
f 2886/1368/2669 2887/1369/2670 2889/1361/2672
f 2888/1371/2671 2890/1366/2673 2866/1372/2650
f 2866/1372/2650 2890/1366/2673 2865/1367/2649
f 2886/1368/2669 2891/1365/2674 2888/1371/2671
f 2890/1366/2673 2888/1371/2671 2891/1365/2674
f 2889/1361/2672 2891/1365/2674 2886/1368/2669
f 2892/1363/2675 2865/1367/2649 2890/1366/2673
f 2891/1365/2674 2893/1364/2676 2890/1366/2673
f 2890/1366/2673 2893/1364/2676 2892/1363/2675
f 2893/1364/2676 2891/1365/2674 2889/1361/2672
f 2892/1363/2675 2893/1364/2676 2894/1362/2677
f 2889/1361/2672 2894/1362/2677 2893/1364/2676
f 2894/1362/2677 2895/1360/2678 2892/1363/2675
f 2896/1358/2679 2894/1362/2677 2889/1361/2672
f 2895/1360/2678 2894/1362/2677 2896/1358/2679
f 2889/1361/2672 2897/1359/2680 2896/1358/2679
f 2896/1358/2679 2898/1357/2681 2895/1360/2678
f 2899/1356/2682 2896/1358/2679 2897/1359/2680
f 2899/1356/2682 2898/1357/2681 2896/1358/2679
f 2900/1355/2683 2898/1357/2681 2899/1356/2682
f 2900/1355/2683 2899/1356/2682 2901/1352/2684
f 2901/1352/2684 2902/1354/2685 2900/1355/2683
f 2903/1353/2686 2902/1354/2685 2901/1352/2684
f 2904/1350/2687 2903/1353/2686 2901/1352/2684
f 2901/1352/2684 2905/1351/2688 2904/1350/2687
f 2906/1251/2689 2907/1250/2690 2908/1249/2691
f 2908/1249/2691 2909/1252/2692 2906/1251/2689
f 2910/1254/2693 2906/1251/2689 2909/1252/2692
f 2909/1252/2692 2908/1249/2691 2911/1253/2694
f 2909/1252/2692 2912/1258/2695 2910/1254/2693
f 2911/1253/2694 2913/1255/2696 2909/1252/2692
f 2912/1258/2695 2909/1252/2692 2913/1255/2696
f 2913/1255/2696 2911/1253/2694 2914/1256/2697
f 2914/1256/2697 2915/1257/2698 2913/1255/2696
f 2916/1259/2699 2910/1254/2693 2912/1258/2695
f 2917/1260/2700 2913/1255/2696 2915/1257/2698
f 2913/1255/2696 2917/1260/2700 2912/1258/2695
f 2915/1257/2698 2918/1261/2701 2917/1260/2700
f 2919/1262/2702 2912/1258/2695 2917/1260/2700
f 2912/1258/2695 2919/1262/2702 2916/1259/2699
f 2920/1263/2703 2917/1260/2700 2918/1261/2701
f 2917/1260/2700 2920/1263/2703 2919/1262/2702
f 2918/1261/2701 2921/1264/2704 2920/1263/2703
f 2922/1266/2705 2923/1265/2706 2916/1259/2699
f 2924/1267/2707 2920/1263/2703 2921/1264/2704
f 2921/1264/2704 2925/1268/2708 2924/1267/2707
f 2916/1259/2699 2926/1269/2709 2922/1266/2705
f 2926/1269/2709 2916/1259/2699 2919/1262/2702
f 2927/1270/2710 2922/1266/2705 2926/1269/2709
f 2926/1269/2709 2928/1271/2711 2927/1270/2710
f 2925/1268/2708 2929/1273/2712 2930/1272/2713
f 2930/1272/2713 2924/1267/2707 2925/1268/2708
f 2924/1267/2707 2930/1272/2713 2931/1274/2714
f 2928/1271/2711 2926/1269/2709 2932/1275/2715
f 2932/1275/2715 2931/1274/2714 2928/1271/2711
f 2919/1262/2702 2932/1275/2715 2926/1269/2709
f 2931/1274/2714 2932/1275/2715 2924/1267/2707
f 2932/1275/2715 2919/1262/2702 2920/1263/2703
f 2920/1263/2703 2924/1267/2707 2932/1275/2715
f 2933/1278/2716 2934/1277/2717 2935/1276/2718
f 2935/1276/2718 2936/1279/2719 2933/1278/2716
f 2937/1281/2720 2933/1278/2716 2936/1279/2719
f 2936/1279/2719 2935/1276/2718 2938/1280/2721
f 2936/1279/2719 2939/1283/2722 2937/1281/2720
f 2940/1284/2723 2937/1281/2720 2939/1283/2722
f 2939/1283/2722 2941/1285/2724 2940/1284/2723
f 2938/1280/2721 2942/1282/2725 2936/1279/2719
f 2939/1283/2722 2936/1279/2719 2942/1282/2725
f 2942/1282/2725 2938/1280/2721 2943/687/2726
f 2941/1285/2724 2939/1283/2722 2944/1286/2727
f 2942/1282/2725 2944/1286/2727 2939/1283/2722
f 2944/1286/2727 2945/1287/2728 2941/1285/2724
f 2943/687/2726 2946/1288/2729 2942/1282/2725
f 2944/1286/2727 2942/1282/2725 2946/1288/2729
f 2946/1288/2729 2943/687/2726 2947/685/2730
f 2945/1287/2728 2944/1286/2727 2948/1289/2731
f 2946/1288/2729 2948/1289/2731 2944/1286/2727
f 2948/1289/2731 2949/1290/2732 2945/1287/2728
f 2947/685/2730 2950/1291/2733 2946/1288/2729
f 2948/1289/2731 2946/1288/2729 2950/1291/2733
f 2950/1291/2733 2947/685/2730 2951/682/2734
f 2951/682/2734 2952/1292/2735 2950/1291/2733
f 2949/1290/2732 2948/1289/2731 2953/1293/2736
f 2950/1291/2733 2953/1293/2736 2948/1289/2731
f 2953/1293/2736 2950/1291/2733 2952/1292/2735
f 2953/1293/2736 2954/1294/2737 2949/1290/2732
f 2952/1292/2735 2955/1295/2738 2953/1293/2736
f 2954/1294/2737 2953/1293/2736 2955/1295/2738
f 2955/1295/2738 2956/1296/2739 2954/1294/2737
f 2957/1341/2740 2958/1340/2741 2959/1339/2742
f 2959/1339/2742 2960/1342/2743 2957/1341/2740
f 2961/1344/2744 2957/1341/2740 2960/1342/2743
f 2960/1342/2743 2959/1339/2742 2962/1343/2745
f 2960/1342/2743 2963/1345/2746 2961/1344/2744
f 2962/1343/2745 2963/1345/2746 2960/1342/2743
f 2964/1347/2747 2961/1344/2744 2963/1345/2746
f 2963/1345/2746 2962/1343/2745 2965/1346/2748
f 2963/1345/2746 2966/1348/2749 2964/1347/2747
f 2965/1346/2748 2966/1348/2749 2963/1345/2746
f 2967/1349/2750 2964/1347/2747 2966/1348/2749
f 2966/1348/2749 2965/1346/2748 2967/1349/2750
f 2968/1388/2751 2969/1389/2752 2970/1390/2753
f 2969/1389/2752 2971/1391/2754 2970/1390/2753
f 2969/1389/2752 2972/1392/2755 2971/1391/2754
f 2971/1391/2754 2972/1392/2755 2973/1393/2756
f 2973/1393/2756 2974/295/2757 2971/1391/2754
f 2975/1393/2758 2976/1394/2759 2974/295/2760
f 2976/1394/2759 2977/294/2761 2974/295/2760
f 2978/1388/2762 2970/1390/2763 2977/294/2761
f 2976/1394/2759 2979/1395/2764 2977/294/2761
f 2977/294/2761 2979/1395/2764 2978/1388/2762
f 2980/1396/2765 2981/1397/2766 2982/1398/2767
f 2982/1398/2767 2983/1399/2768 2980/1396/2765
f 2983/1399/2768 2982/1398/2767 2984/1400/2769
f 2980/1396/2765 2983/1399/2768 2985/1401/2770
f 2985/1401/2770 2986/1402/2771 2980/1396/2765
f 2984/1400/2769 2987/1403/2772 2983/1399/2768
f 2985/1401/2770 2983/1399/2768 2987/1403/2772
f 2988/1399/2773 2987/1403/2772 2984/1400/2769
f 2984/1400/2769 2989/1398/2774 2988/1399/2773
f 2989/1398/2774 2990/1397/2775 2991/1396/2776
f 2991/1396/2776 2988/1399/2773 2989/1398/2774
f 2992/1401/2777 2988/1399/2773 2991/1396/2776
f 2987/1403/2772 2988/1399/2773 2992/1401/2777
f 2991/1396/2776 2993/1402/2778 2992/1401/2777
f 2992/1401/2777 2994/1404/2779 2987/1403/2772
f 2987/1403/2772 2994/1404/2779 2985/1401/2770
f 2995/1405/2780 2992/1401/2777 2993/1402/2778
f 2994/1404/2779 2992/1401/2777 2995/1405/2780
f 2993/1402/2778 2996/1406/2781 2995/1405/2780
f 2997/1405/2782 2985/1401/2770 2994/1404/2779
f 2986/1402/2771 2985/1401/2770 2997/1405/2782
f 2997/1405/2782 2998/1406/2783 2986/1402/2771
f 2995/1405/2780 2999/1407/2784 2994/1404/2779
f 2994/1404/2779 2999/1407/2784 2997/1405/2782
f 3000/1408/2785 2995/1405/2780 2996/1406/2781
f 3000/1408/2785 2999/1407/2784 2995/1405/2780
f 2999/1407/2784 3000/1408/2785 2997/1405/2782
f 2998/1406/2783 2997/1405/2782 3000/1408/2785
f 2996/1406/2781 3001/1409/2786 3000/1408/2785
f 3000/1408/2785 3001/1409/2786 2998/1406/2783
f 3002/1410/2787 3003/1029/2788 3004/1032/2788
f 3004/1032/2788 3005/1029/2788 3006/1410/2787
f 3004/1032/2788 3007/1411/2787 3002/1410/2787
f 3006/1410/2787 3007/1411/2787 3004/1032/2788
f 3008/1014/2789 3002/1410/2787 3007/1411/2787
f 3007/1411/2787 3006/1410/2787 3009/1014/2789
f 3007/1411/2787 3010/1412/2790 3008/1014/2789
f 3009/1014/2789 3010/1412/2790 3007/1411/2787
f 3011/16/2791 3008/1014/2789 3010/1412/2790
f 3010/1412/2790 3009/1014/2789 3012/16/2791
f 3010/1412/2790 3013/1413/2791 3011/16/2791
f 3012/16/2791 3013/1413/2791 3010/1412/2790
f 3014/1414/2792 3015/1025/2793 3016/1028/2793
f 3016/1028/2793 3017/1025/2793 3018/1414/2792
f 3016/1028/2793 3019/1415/2792 3014/1414/2792
f 3018/1414/2792 3019/1415/2792 3016/1028/2793
f 3020/1416/2794 3014/1414/2792 3019/1415/2792
f 3019/1415/2792 3018/1414/2792 3021/1416/2794
f 3019/1415/2792 3022/1417/2794 3020/1416/2794
f 3021/1416/2794 3022/1417/2794 3019/1415/2792
f 3023/1030/2795 3020/1416/2794 3022/1417/2794
f 3022/1417/2794 3021/1416/2794 3024/1030/2795
f 3022/1417/2794 3025/1031/2795 3023/1030/2795
f 3024/1030/2795 3025/1031/2795 3022/1417/2794
f 3026/1418/2796 3027/1419/2797 3028/1420/2798
f 3028/1420/2798 3029/1421/2799 3026/1418/2796
f 3029/1421/2799 3028/1420/2798 3030/1422/2800
f 3031/1423/2801 3032/1424/2802 3026/1418/2796
f 3026/1418/2796 3029/1421/2799 3031/1423/2801
f 3031/1423/2801 3029/1421/2799 3033/1425/2803
f 3030/1422/2800 3033/1425/2803 3029/1421/2799
f 3033/1425/2803 3034/1426/2804 3031/1423/2801
f 3035/1423/2805 3034/1426/2804 3033/1425/2803
f 3036/1421/2806 3033/1425/2803 3030/1422/2800
f 3033/1425/2803 3036/1421/2806 3035/1423/2805
f 3030/1422/2800 3037/1420/2807 3036/1421/2806
f 3035/1423/2805 3036/1421/2806 3038/1418/2808
f 3038/1418/2808 3036/1421/2806 3037/1420/2807
f 3038/1418/2808 3039/1424/2809 3035/1423/2805
f 3037/1420/2807 3040/1419/2810 3038/1418/2808
f 3041/1427/982 3042/1428/982 3043/1429/982
f 3043/1429/982 3044/1428/982 3045/1427/982
f 3043/1429/982 3046/1430/982 3041/1427/982
f 3045/1427/982 3046/1430/982 3043/1429/982
f 3047/1431/982 3041/1427/982 3046/1430/982
f 3046/1430/982 3045/1427/982 3048/1431/982
f 3046/1430/982 3049/1432/982 3047/1431/982
f 3048/1431/982 3049/1432/982 3046/1430/982
f 3049/1432/982 3050/1433/982 3047/1431/982
f 3050/1433/982 3049/1432/982 3048/1431/982
f 3051/1434/2811 3052/1435/2812 3053/1436/2813
f 3053/1436/2813 3054/1437/2814 3055/1438/2815
f 3053/1436/2813 3056/1439/2816 3051/1434/2811
f 3055/1438/2815 3056/1439/2816 3053/1436/2813
f 3057/1440/2817 3051/1434/2811 3056/1439/2816
f 3056/1439/2816 3055/1438/2815 3058/1441/2818
f 3058/1441/2818 3059/1442/2819 3056/1439/2816
f 3056/1439/2816 3059/1442/2819 3057/1440/2817
f 3059/1442/2819 3058/1441/2818 3060/1443/2820
f 3057/1440/2817 3059/1442/2819 3061/1444/2821
f 3060/1443/2820 3061/1444/2821 3059/1442/2819
f 3061/1444/2821 3062/1445/2822 3057/1440/2817
f 3061/1444/2821 3060/1443/2820 3063/1446/2823
f 3062/1445/2822 3061/1444/2821 3064/1447/2824
f 3063/1446/2823 3064/1447/2824 3061/1444/2821
f 3064/1447/2824 3065/1448/2825 3062/1445/2822
f 3064/1447/2824 3063/1446/2823 3066/1449/2826
f 3065/1448/2825 3064/1447/2824 3067/1450/2827
f 3066/1449/2826 3067/1450/2827 3064/1447/2824
f 3067/1450/2827 3068/1451/2828 3065/1448/2825
f 3067/1450/2827 3066/1449/2826 3069/1452/2829
f 3068/1451/2828 3067/1450/2827 3070/1453/2830
f 3069/1452/2829 3070/1453/2830 3067/1450/2827
f 3070/1453/2830 3071/1454/2831 3068/1451/2828
f 3070/1453/2830 3069/1452/2829 3072/1455/2832
f 3073/1456/2833 3071/1454/2831 3070/1453/2830
f 3072/1455/2832 3074/1457/2834 3070/1453/2830
f 3070/1453/2830 3074/1457/2834 3073/1456/2833
f 3075/1458/2835 3076/1459/2836 3077/1460/2837
f 3077/1460/2837 3078/1461/2838 3075/1458/2835
f 3078/1461/2838 3077/1460/2837 3079/1462/2839
f 3075/1458/2835 3078/1461/2838 3080/1463/2840
f 3079/1462/2839 3080/1463/2840 3078/1461/2838
f 3080/1463/2840 3081/1464/2841 3075/1458/2835
f 3080/1463/2840 3079/1462/2839 3082/1339/2842
f 3081/1464/2841 3080/1463/2840 3083/1465/2843
f 3082/1339/2842 3083/1465/2843 3080/1463/2840
f 3083/1465/2843 3084/1466/2844 3081/1464/2841
f 3083/1465/2843 3082/1339/2842 3085/1467/2845
f 3085/1467/2845 3084/1466/2844 3083/1465/2843
f 3086/1468/2846 3087/1469/2847 3088/35/2848
f 3089/35/2849 3090/1469/2850 3086/1468/2846
f 3088/35/2848 3091/1470/2851 3086/1468/2846
f 3086/1468/2846 3091/1470/2851 3089/35/2849
f 3091/1470/2851 3088/35/2848 3092/37/2852
f 3093/37/2853 3089/35/2849 3091/1470/2851
f 3092/37/2852 3094/1471/2854 3091/1470/2851
f 3091/1470/2851 3094/1471/2854 3093/37/2853
f 3094/1471/2854 3092/37/2852 3095/1472/2855
f 3096/1472/2856 3093/37/2853 3094/1471/2854
f 3095/1472/2855 3097/1473/2857 3094/1471/2854
f 3094/1471/2854 3097/1473/2857 3096/1472/2856
f 3097/1473/2857 3095/1472/2855 3098/1474/2858
f 3099/1474/2859 3096/1472/2856 3097/1473/2857
f 3098/1474/2858 3100/1475/2860 3097/1473/2857
f 3097/1473/2857 3100/1475/2860 3099/1474/2859
f 3101/1476/2861 3102/1477/2862 3103/1478/2863
f 3103/1478/2863 3104/1479/2864 3101/1476/2861
f 3105/1480/2865 3101/1476/2861 3104/1479/2864
f 3103/1478/2863 3106/1481/2866 3107/1482/2867
f 3107/1482/2867 3104/1479/2864 3103/1478/2863
f 3104/1479/2864 3108/1483/2868 3105/1480/2865
f 3108/1483/2868 3104/1479/2864 3107/1482/2867
f 3109/1484/2869 3105/1480/2865 3108/1483/2868
f 3107/1482/2867 3110/1485/2870 3108/1483/2868
f 3108/1483/2868 3111/1486/2871 3109/1484/2869
f 3108/1483/2868 3110/1485/2870 3112/1487/2872
f 3112/1487/2872 3111/1486/2871 3108/1483/2868
f 3113/1488/2873 3114/1489/2874 3115/1490/2875
f 3115/1490/2875 3116/1491/2876 3113/1488/2873
f 3116/1491/2876 3115/1490/2875 3117/1492/2877
f 3113/1488/2873 3116/1491/2876 3118/1493/2878
f 3117/1492/2877 3118/1493/2878 3116/1491/2876
f 3118/1493/2878 3119/1494/2879 3113/1488/2873
f 3118/1493/2878 3117/1492/2877 3120/1495/2880
f 3119/1494/2879 3118/1493/2878 3121/1496/2881
f 3120/1495/2880 3121/1496/2881 3118/1493/2878
f 3121/1496/2881 3122/1497/2882 3119/1494/2879
f 3121/1496/2881 3120/1495/2880 3123/1498/2883
f 3123/1498/2883 3122/1497/2882 3121/1496/2881
f 3124/1499/2884 3125/1500/2885 3126/1501/2886
f 3127/1501/2887 3128/1500/2888 3124/1499/2884
f 3126/1501/2886 3129/1502/2889 3124/1499/2884
f 3124/1499/2884 3129/1502/2889 3127/1501/2887
f 3129/1502/2889 3126/1501/2886 3130/1503/2890
f 3131/1503/2891 3127/1501/2887 3129/1502/2889
f 3130/1503/2890 3132/1504/2892 3129/1502/2889
f 3129/1502/2889 3132/1504/2892 3131/1503/2891
f 3132/1504/2892 3130/1503/2890 3133/1505/2893
f 3134/1505/2894 3131/1503/2891 3132/1504/2892
f 3133/1505/2893 3135/1506/2895 3132/1504/2892
f 3132/1504/2892 3135/1506/2895 3134/1505/2894
f 3136/1507/2896 3137/1508/2897 3138/1509/2898
f 3139/1509/2899 3140/1508/2900 3136/1507/2896
f 3138/1509/2898 3141/1510/2901 3136/1507/2896
f 3136/1507/2896 3141/1510/2901 3139/1509/2899
f 3141/1510/2901 3138/1509/2898 3142/1511/2902
f 3143/1511/2903 3139/1509/2899 3141/1510/2901
f 3142/1511/2902 3144/1512/2904 3141/1510/2901
f 3141/1510/2901 3144/1512/2904 3143/1511/2903
f 3145/1436/2905 3146/1435/2906 3147/1434/2907
f 3148/1438/2908 3149/1437/2909 3145/1436/2905
f 3147/1434/2907 3150/1439/2910 3145/1436/2905
f 3145/1436/2905 3150/1439/2910 3148/1438/2908
f 3150/1439/2910 3147/1434/2907 3151/1440/2911
f 3152/1441/2912 3148/1438/2908 3150/1439/2910
f 3150/1439/2910 3153/1442/2913 3152/1441/2912
f 3151/1440/2911 3153/1442/2913 3150/1439/2910
f 3154/1443/2914 3152/1441/2912 3153/1442/2913
f 3155/1444/2915 3153/1442/2913 3151/1440/2911
f 3153/1442/2913 3155/1444/2915 3154/1443/2914
f 3151/1440/2911 3156/1445/2916 3155/1444/2915
f 3157/1446/2917 3154/1443/2914 3155/1444/2915
f 3158/1447/2918 3155/1444/2915 3156/1445/2916
f 3155/1444/2915 3158/1447/2918 3157/1446/2917
f 3156/1445/2916 3159/1448/2919 3158/1447/2918
f 3160/1449/2920 3157/1446/2917 3158/1447/2918
f 3161/1450/2921 3158/1447/2918 3159/1448/2919
f 3158/1447/2918 3161/1450/2921 3160/1449/2920
f 3159/1448/2919 3162/1451/2922 3161/1450/2921
f 3163/1452/2923 3160/1449/2920 3161/1450/2921
f 3164/1453/2924 3161/1450/2921 3162/1451/2922
f 3161/1450/2921 3164/1453/2924 3163/1452/2923
f 3162/1451/2922 3165/1454/2925 3164/1453/2924
f 3166/1455/2926 3163/1452/2923 3164/1453/2924
f 3164/1453/2924 3165/1454/2925 3167/1456/2927
f 3164/1453/2924 3168/1457/2928 3166/1455/2926
f 3167/1456/2927 3168/1457/2928 3164/1453/2924
f 3169/1460/2929 3170/1459/2930 3171/1458/2931
f 3171/1458/2931 3172/1461/2932 3169/1460/2929
f 3173/1462/2933 3169/1460/2929 3172/1461/2932
f 3174/1463/2934 3172/1461/2932 3171/1458/2931
f 3172/1461/2932 3174/1463/2934 3173/1462/2933
f 3171/1458/2931 3175/1464/2935 3174/1463/2934
f 3176/1339/2936 3173/1462/2933 3174/1463/2934
f 3177/1465/2937 3174/1463/2934 3175/1464/2935
f 3174/1463/2934 3177/1465/2937 3176/1339/2936
f 3175/1464/2935 3178/1466/2938 3177/1465/2937
f 3179/1467/2939 3176/1339/2936 3177/1465/2937
f 3177/1465/2937 3178/1466/2938 3179/1467/2939
f 3180/1478/2940 3181/1477/2941 3182/1476/2942
f 3182/1476/2942 3183/1479/2943 3180/1478/2940
f 3183/1479/2943 3182/1476/2942 3184/1480/2944
f 3185/1482/2945 3186/1481/2946 3180/1478/2940
f 3180/1478/2940 3183/1479/2943 3185/1482/2945
f 3184/1480/2944 3187/1483/2947 3183/1479/2943
f 3185/1482/2945 3183/1479/2943 3187/1483/2947
f 3187/1483/2947 3184/1480/2944 3188/1484/2948
f 3187/1483/2947 3189/1485/2949 3185/1482/2945
f 3188/1484/2948 3190/1486/2950 3187/1483/2947
f 3191/1487/2951 3189/1485/2949 3187/1483/2947
f 3187/1483/2947 3190/1486/2950 3191/1487/2951
f 3192/1490/2952 3193/1489/2953 3194/1488/2954
f 3194/1488/2954 3195/1491/2955 3192/1490/2952
f 3196/1492/2956 3192/1490/2952 3195/1491/2955
f 3197/1493/2957 3195/1491/2955 3194/1488/2954
f 3195/1491/2955 3197/1493/2957 3196/1492/2956
f 3194/1488/2954 3198/1494/2958 3197/1493/2957
f 3199/1495/2959 3196/1492/2956 3197/1493/2957
f 3200/1496/2960 3197/1493/2957 3198/1494/2958
f 3197/1493/2957 3200/1496/2960 3199/1495/2959
f 3198/1494/2958 3201/1497/2961 3200/1496/2960
f 3202/1498/2962 3199/1495/2959 3200/1496/2960
f 3200/1496/2960 3201/1497/2961 3202/1498/2962
f 3203/1513/2963 3204/1514/2964 3205/1515/2965
f 3205/1515/2965 3206/1514/2966 3207/1513/2967
f 3208/1516/2968 3209/1517/2969 3203/1513/2963
f 3205/1515/2965 3210/1518/2970 3203/1513/2963
f 3208/1516/2968 3203/1513/2963 3210/1518/2970
f 3207/1513/2967 3210/1518/2970 3205/1515/2965
f 3211/1517/2971 3212/1516/2972 3207/1513/2967
f 3210/1518/2970 3207/1513/2967 3212/1516/2972
f 3210/1518/2970 3213/1519/2973 3208/1516/2968
f 3212/1516/2972 3213/1519/2973 3210/1518/2970
f 3214/1520/2974 3208/1516/2968 3213/1519/2973
f 3213/1519/2973 3212/1516/2972 3215/1520/2975
f 3213/1519/2973 3216/1521/2976 3214/1520/2974
f 3215/1520/2975 3216/1521/2976 3213/1519/2973
f 3217/1522/2977 3214/1520/2974 3216/1521/2976
f 3216/1521/2976 3215/1520/2975 3218/1522/2978
f 3216/1521/2976 3219/1523/2979 3217/1522/2977
f 3218/1522/2978 3219/1523/2979 3216/1521/2976
f 3220/1524/2980 3221/1525/2981 3222/1526/2982
f 3223/1526/2983 3224/1525/2984 3220/1524/2980
f 3222/1526/2982 3225/1527/2985 3220/1524/2980
f 3220/1524/2980 3225/1527/2985 3223/1526/2983
f 3226/1528/2986 3225/1527/2985 3222/1526/2982
f 3223/1526/2983 3225/1527/2985 3226/1528/2986
f 3222/1526/2982 3227/1529/2987 3226/1528/2986
f 3226/1528/2986 3228/1529/2988 3223/1526/2983
f 3226/1528/2986 3227/1529/2987 3229/1530/2989
f 3230/1530/2990 3228/1529/2988 3226/1528/2986
f 3229/1530/2989 3231/1531/2991 3226/1528/2986
f 3226/1528/2986 3231/1531/2991 3230/1530/2990
f 3232/1134/2992 2379/1101/2168 3233/1135/2993
f 2379/1101/2168 3232/1134/2992 2382/1104/2171
f 3233/1135/2993 3234/1133/2994 3232/1134/2992
f 2399/1121/2188 2382/1104/2171 3232/1134/2992
f 3235/1129/2995 3232/1134/2992 3234/1133/2994
f 3232/1134/2992 3235/1129/2995 2399/1121/2188
f 3234/1133/2994 3236/1132/2996 3235/1129/2995
f 2400/1122/2189 2399/1121/2188 3235/1129/2995
f 3235/1129/2995 3236/1132/2996 3237/1131/2997
f 3235/1129/2995 3238/1130/2998 2400/1122/2189
f 3237/1131/2997 3238/1130/2998 3235/1129/2995
f 3239/1532/2999 3240/1533/3000 3241/1534/3001
f 3241/1534/3001 3240/1533/3000 3242/1532/3002
f 3241/1534/3001 3243/1535/1072 3239/1532/2999
f 3242/1532/3002 3244/1535/1072 3241/1534/3001
f 3243/1535/1072 3241/1534/3001 3245/1536/3003
f 3245/1536/3003 3241/1534/3001 3244/1535/1072
f 3245/1536/3003 3246/1537/1074 3243/1535/1072
f 3244/1535/1072 3247/1537/1074 3245/1536/3003
f 3246/1537/1074 3245/1536/3003 3248/1538/3004
f 3248/1538/3004 3245/1536/3003 3247/1537/1074
f 3248/1538/3004 3249/1539/3005 3246/1537/1074
f 3247/1537/1074 3250/1539/3005 3248/1538/3004
f 3251/1054/3006 3249/1539/3005 3248/1538/3004
f 3248/1538/3004 3250/1539/3005 3252/1054/3006
f 3248/1538/3004 3253/1055/3006 3251/1054/3006
f 3252/1054/3006 3253/1055/3006 3248/1538/3004
f 3254/1540/3007 3255/1541/3008 3256/1542/3009
f 3257/1543/3010 3254/1540/3007 3256/1542/3009
f 3255/1541/3008 3254/1540/3007 3258/1544/3011
f 3259/1545/3012 3254/1540/3007 3257/1543/3010
f 3257/1543/3010 3260/1546/3013 3259/1545/3012
f 3254/1540/3007 3261/1547/3014 3258/1544/3011
f 3261/1547/3014 3254/1540/3007 3259/1545/3012
f 3261/1547/3014 3262/1548/3015 3258/1544/3011
f 3262/1548/3015 3261/1547/3014 3263/1549/3016
f 3261/1547/3014 3264/1550/3017 3263/1549/3016
f 3259/1545/3012 3264/1550/3017 3261/1547/3014
f 3264/1550/3017 3265/1551/3018 3263/1549/3016
f 3265/1551/3018 3264/1550/3017 3266/1552/3019
f 3267/1553/3020 3266/1552/3019 3264/1550/3017
f 3268/1554/3021 3264/1550/3017 3259/1545/3012
f 3264/1550/3017 3268/1554/3021 3267/1553/3020
f 3269/1555/3022 3259/1545/3012 3260/1546/3013
f 3259/1545/3012 3269/1555/3022 3268/1554/3021
f 3260/1546/3013 3270/1556/3023 3269/1555/3022
f 3269/1555/3022 3270/1556/3023 3271/1546/3024
f 3267/1553/3020 3268/1554/3021 3272/1550/3025
f 3272/1550/3025 3273/1552/3026 3267/1553/3020
f 3272/1550/3025 3274/1551/3027 3273/1552/3026
f 3274/1551/3027 3272/1550/3025 3275/1549/3028
f 3268/1554/3021 3269/1555/3022 3276/1545/3029
f 3271/1546/3024 3276/1545/3029 3269/1555/3022
f 3276/1545/3029 3272/1550/3025 3268/1554/3021
f 3276/1545/3029 3271/1546/3024 3277/1543/3030
f 3272/1550/3025 3278/1547/3031 3275/1549/3028
f 3278/1547/3031 3272/1550/3025 3276/1545/3029
f 3278/1547/3031 3279/1548/3032 3275/1549/3028
f 3279/1548/3032 3278/1547/3031 3280/1544/3033
f 3277/1543/3030 3281/1540/3034 3276/1545/3029
f 3276/1545/3029 3281/1540/3034 3278/1547/3031
f 3278/1547/3031 3281/1540/3034 3280/1544/3033
f 3281/1540/3034 3277/1543/3030 3282/1542/3035
f 3281/1540/3034 3283/1541/3036 3280/1544/3033
f 3283/1541/3036 3281/1540/3034 3282/1542/3035
f 3284/1557/3037 3285/1558/3038 3286/1559/3039
f 3286/1559/3039 3285/1558/3038 3287/1560/3040
f 3286/1559/3039 3288/1561/3041 3284/1557/3037
f 3287/1560/3040 3289/1562/3042 3286/1559/3039
f 3290/1563/3043 3284/1557/3037 3288/1561/3041
f 3289/1562/3042 3287/1560/3040 3291/1564/3044
f 3288/1561/3041 3292/1565/3045 3290/1563/3043
f 3291/1564/3044 3293/1566/3046 3289/1562/3042
f 3294/1567/3047 3290/1563/3043 3292/1565/3045
f 3293/1566/3046 3291/1564/3044 3295/1568/3048
f 3292/1565/3045 3296/1569/3049 3294/1567/3047
f 3295/1568/3048 3297/1570/3050 3293/1566/3046
f 3294/1567/3047 3296/1569/3049 3298/1565/3051
f 3297/1570/3050 3295/1568/3048 3299/1571/3052
f 3298/1565/3051 3300/1563/3053 3294/1567/3047
f 3299/1571/3052 3301/1572/3054 3297/1570/3050
f 3300/1563/3053 3298/1565/3051 3302/1561/3055
f 3301/1572/3054 3299/1571/3052 3303/1573/3056
f 3302/1561/3055 3304/1557/3057 3300/1563/3053
f 3303/1573/3056 3305/1574/3058 3301/1572/3054
f 3304/1557/3057 3302/1561/3055 3306/1559/3059
f 3305/1574/3058 3303/1573/3056 3307/1575/3060
f 3306/1559/3059 3308/1558/3061 3304/1557/3057
f 3307/1575/3060 3309/1576/3062 3305/1574/3058
f 3310/1560/3063 3308/1558/3061 3306/1559/3059
f 3311/1577/3064 3309/1576/3062 3307/1575/3060
f 3306/1559/3059 3312/1562/3065 3310/1560/3063
f 3307/1575/3060 3313/1578/3066 3311/1577/3064
f 3314/1564/3067 3310/1560/3063 3312/1562/3065
f 3311/1577/3064 3313/1578/3066 3315/1575/3068
f 3312/1562/3065 3316/1566/3069 3314/1564/3067
f 3315/1575/3068 3317/1576/3070 3311/1577/3064
f 3318/1568/3071 3314/1564/3067 3316/1566/3069
f 3319/1574/3072 3317/1576/3070 3315/1575/3068
f 3316/1566/3069 3320/1570/3073 3318/1568/3071
f 3315/1575/3068 3321/1573/3074 3319/1574/3072
f 3322/1571/3075 3318/1568/3071 3320/1570/3073
f 3323/1572/3076 3319/1574/3072 3321/1573/3074
f 3320/1570/3073 3323/1572/3076 3322/1571/3075
f 3321/1573/3074 3322/1571/3075 3323/1572/3076
f 3324/1579/3077 3325/1580/3078 3326/1581/3079
f 3327/1581/3080 3325/1580/3078 3324/1579/3077
f 3326/1581/3079 3328/1582/3081 3324/1579/3077
f 3324/1579/3077 3329/1582/3082 3327/1581/3080
f 3328/1582/3081 3326/1581/3079 3330/1583/3083
f 3331/1583/3084 3327/1581/3080 3329/1582/3082
f 3330/1583/3083 3332/1584/3085 3328/1582/3081
f 3329/1582/3082 3333/1584/3086 3331/1583/3084
f 3332/1584/3085 3330/1583/3083 3334/1585/3087
f 3335/1585/3088 3331/1583/3084 3333/1584/3086
f 3334/1585/3087 3336/1586/3089 3332/1584/3085
f 3333/1584/3086 3337/1586/3090 3335/1585/3088
f 3336/1586/3089 3334/1585/3087 3338/1587/3091
f 3339/1587/3092 3335/1585/3088 3337/1586/3090
f 3338/1587/3091 3340/1588/3093 3336/1586/3089
f 3337/1586/3090 3341/1588/3094 3339/1587/3092
f 3340/1588/3093 3338/1587/3091 3342/1589/3095
f 3343/1589/3096 3339/1587/3092 3341/1588/3094
f 3342/1589/3095 3344/1590/3097 3340/1588/3093
f 3341/1588/3094 3345/1590/3098 3343/1589/3096
f 3344/1590/3097 3342/1589/3095 3346/1591/3099
f 3347/1591/3100 3343/1589/3096 3345/1590/3098
f 3346/1591/3099 3348/1592/3101 3344/1590/3097
f 3345/1590/3098 3349/1592/3102 3347/1591/3100
f 3348/1592/3101 3346/1591/3099 3350/1593/3103
f 3351/1593/3104 3347/1591/3100 3349/1592/3102
f 3350/1593/3103 3352/1594/3105 3348/1592/3101
f 3349/1592/3102 3353/1594/3106 3351/1593/3104
f 3352/1594/3105 3350/1593/3103 3354/1595/3107
f 3355/1595/3108 3351/1593/3104 3353/1594/3106
f 3354/1595/3107 3356/1596/3109 3352/1594/3105
f 3353/1594/3106 3357/1596/3110 3355/1595/3108
f 3356/1596/3109 3354/1595/3107 3358/1597/3111
f 3359/1597/3112 3355/1595/3108 3357/1596/3110
f 3358/1597/3111 3360/1598/3113 3356/1596/3109
f 3357/1596/3110 3361/1598/3114 3359/1597/3112
f 3360/1598/3113 3358/1597/3111 3362/1599/3115
f 3362/1599/3115 3359/1597/3112 3361/1598/3114
f 3358/1597/3111 3363/1600/3116 3362/1599/3115
f 3363/1600/3116 3359/1597/3112 3362/1599/3115
f 3361/1598/3114 3364/1601/3117 3362/1599/3115
f 3362/1599/3115 3364/1601/3117 3360/1598/3113
f 3365/1388/3118 3366/1395/3119 3367/294/3120
f 3366/1395/3119 3368/1394/3121 3367/294/3120
f 3367/294/3120 3369/1390/3122 3365/1388/3118
f 3367/294/3120 3368/1394/3121 3370/295/3123
f 3371/1389/3124 3365/1388/3118 3369/1390/3122
f 3368/1394/3121 3372/1393/3125 3370/295/3123
f 3373/1391/3126 3371/1389/3124 3369/1390/3122
f 3373/1391/3126 3370/295/3123 3372/1393/3125
f 3374/1392/3127 3371/1389/3124 3373/1391/3126
f 3372/1393/3125 3374/1392/3127 3373/1391/3126
f 3375/1602/3128 3376/1603/3129 3377/1604/3130
f 3378/1604/3131 3376/1603/3129 3375/1602/3128
f 3377/1604/3130 3379/1605/3132 3375/1602/3128
f 3375/1602/3128 3380/1605/3133 3378/1604/3131
f 3379/1605/3132 3377/1604/3130 3381/1606/3134
f 3382/1606/3135 3378/1604/3131 3380/1605/3133
f 3381/1606/3134 3383/1607/3136 3379/1605/3132
f 3380/1605/3133 3384/1607/3137 3382/1606/3135
f 3383/1607/3136 3381/1606/3134 3385/1608/3138
f 3386/1608/3139 3382/1606/3135 3384/1607/3137
f 3385/1608/3138 3387/1609/3140 3383/1607/3136
f 3384/1607/3137 3388/1609/3141 3386/1608/3139
f 3387/1609/3140 3385/1608/3138 3389/1610/3142
f 3390/1610/3143 3386/1608/3139 3388/1609/3141
f 3389/1610/3142 3391/1611/3144 3387/1609/3140
f 3388/1609/3141 3392/1611/3145 3390/1610/3143
f 3391/1611/3144 3389/1610/3142 3393/1612/3146
f 3394/1612/3147 3390/1610/3143 3392/1611/3145
f 3393/1612/3146 3395/1613/3148 3391/1611/3144
f 3392/1611/3145 3396/1613/3149 3394/1612/3147
f 3395/1613/3148 3393/1612/3146 3397/1614/3150
f 3397/1614/3150 3394/1612/3147 3396/1613/3149
f 3397/1614/3150 3398/1615/3151 3395/1613/3148
f 3396/1613/3149 3398/1615/3151 3397/1614/3150
f 3399/1616/3152 3400/1617/3153 3401/1618/3154
f 3402/1619/3155 3400/1617/3153 3399/1616/3152
f 3401/1618/3154 3403/1620/3156 3399/1616/3152
f 3399/1616/3152 3404/1621/3157 3402/1619/3155
f 3403/1620/3156 3401/1618/3154 3405/1622/3158
f 3402/1619/3155 3404/1621/3157 3406/1616/3159
f 3405/1622/3158 3407/1623/3160 3403/1620/3156
f 3406/1616/3159 3408/1617/3161 3402/1619/3155
f 3407/1623/3160 3405/1622/3158 3409/1624/3162
f 3410/1618/3163 3408/1617/3161 3406/1616/3159
f 3409/1624/3162 3411/1625/3164 3407/1623/3160
f 3406/1616/3159 3412/1620/3165 3410/1618/3163
f 3411/1625/3164 3409/1624/3162 3413/1626/3166
f 3414/1622/3167 3410/1618/3163 3412/1620/3165
f 3413/1626/3166 3415/1627/3168 3411/1625/3164
f 3412/1620/3165 3416/1623/3169 3414/1622/3167
f 3415/1627/3168 3413/1626/3166 3417/1628/3170
f 3418/1624/3171 3414/1622/3167 3416/1623/3169
f 3417/1628/3170 3419/1629/3172 3415/1627/3168
f 3416/1623/3169 3420/1625/3173 3418/1624/3171
f 3421/1627/3174 3419/1629/3172 3417/1628/3170
f 3422/1626/3175 3418/1624/3171 3420/1625/3173
f 3417/1628/3170 3422/1626/3175 3421/1627/3174
f 3420/1625/3173 3421/1627/3174 3422/1626/3175
f 3423/1630/3176 3424/1631/3177 3425/1632/3178
f 3426/1633/3179 3425/1632/3178 3424/1631/3177
f 3425/1632/3178 3427/1634/3180 3423/1630/3176
f 3424/1631/3177 3428/1635/3181 3426/1633/3179
f 3429/1636/3182 3423/1630/3176 3427/1634/3180
f 3430/1637/3183 3426/1633/3179 3428/1635/3181
f 3427/1634/3180 3430/1637/3183 3429/1636/3182
f 3428/1635/3181 3429/1636/3182 3430/1637/3183
f 3431/1638/3184 3432/1639/3185 3433/1640/3186
f 3434/1641/3187 3432/1639/3185 3431/1638/3184
f 3433/1640/3186 3435/1642/3188 3431/1638/3184
f 3435/1642/3188 3433/1640/3186 3436/1643/3189
f 3431/1638/3184 3437/1644/3190 3434/1641/3187
f 3437/1644/3190 3431/1638/3184 3435/1642/3188
f 3436/1643/3189 3438/1645/3191 3435/1642/3188
f 3434/1641/3187 3437/1644/3190 3439/1646/3192
f 3439/1646/3192 3440/1647/3193 3434/1641/3187
f 3441/1648/3194 3440/1647/3193 3439/1646/3192
f 3435/1642/3188 3442/1649/3195 3437/1644/3190
f 3442/1649/3195 3435/1642/3188 3438/1645/3191
f 3443/1650/3196 3439/1646/3192 3437/1644/3190
f 3437/1644/3190 3442/1649/3195 3443/1650/3196
f 3439/1646/3192 3444/1651/3197 3441/1648/3194
f 3444/1651/3197 3439/1646/3192 3443/1650/3196
f 3445/1652/3198 3441/1648/3194 3444/1651/3197
f 3444/1651/3197 3446/1653/3199 3445/1652/3198
f 3443/1650/3196 3446/1653/3199 3444/1651/3197
f 3447/1654/3200 3445/1652/3198 3446/1653/3199
f 3448/1655/3201 3443/1650/3196 3442/1649/3195
f 3446/1653/3199 3443/1650/3196 3448/1655/3201
f 3446/1653/3199 3449/1656/3202 3447/1654/3200
f 3448/1655/3201 3449/1656/3202 3446/1653/3199
f 3450/1657/3203 3447/1654/3200 3449/1656/3202
f 3449/1656/3202 3448/1655/3201 3450/1657/3203
f 3442/1649/3195 3451/1658/3204 3448/1655/3201
f 3450/1657/3203 3448/1655/3201 3451/1658/3204
f 3438/1645/3191 3451/1658/3204 3442/1649/3195
f 3451/1658/3204 3438/1645/3191 3436/1643/3189
f 3451/1658/3204 3452/1659/3205 3450/1657/3203
f 3436/1643/3189 3452/1659/3205 3451/1658/3204
f 3453/1660/3206 3454/1661/3207 3455/1662/3208
f 3455/1662/3208 3454/1661/3207 3456/1663/3209
f 3455/1662/3208 3457/1664/3210 3453/1660/3206
f 3458/1665/3211 3453/1660/3206 3457/1664/3210
f 3456/1663/3209 3459/1666/3212 3455/1662/3208
f 3457/1664/3210 3455/1662/3208 3459/1666/3212
f 3460/1667/3213 3459/1666/3212 3456/1663/3209
f 3456/1663/3209 3461/1668/3214 3460/1667/3213
f 3460/1667/3213 3461/1668/3214 3462/1669/3215
f 3462/1669/3215 3463/1670/3216 3460/1667/3213
f 3463/1670/3216 3462/1669/3215 3464/1671/3217
f 3459/1666/3212 3460/1667/3213 3465/1672/3218
f 3465/1672/3218 3460/1667/3213 3463/1670/3216
f 3464/1671/3217 3466/1673/3219 3463/1670/3216
f 3463/1670/3216 3466/1673/3219 3465/1672/3218
f 3466/1673/3219 3464/1671/3217 3467/1674/3220
f 3465/1672/3218 3468/1675/3221 3459/1666/3212
f 3459/1666/3212 3468/1675/3221 3457/1664/3210
f 3467/1674/3220 3469/1676/3222 3466/1673/3219
f 3469/1676/3222 3467/1674/3220 3470/1677/3223
f 3471/1678/3224 3465/1672/3218 3466/1673/3219
f 3466/1673/3219 3469/1676/3222 3471/1678/3224
f 3470/1677/3223 3471/1678/3224 3469/1676/3222
f 3468/1675/3221 3465/1672/3218 3471/1678/3224
f 3472/1679/3225 3471/1678/3224 3470/1677/3223
f 3471/1678/3224 3472/1679/3225 3468/1675/3221
f 3470/1677/3223 3473/1680/3226 3472/1679/3225
f 3472/1679/3225 3473/1680/3226 3458/1665/3211
f 3468/1675/3221 3472/1679/3225 3474/1681/3227
f 3458/1665/3211 3474/1681/3227 3472/1679/3225
f 3474/1681/3227 3457/1664/3210 3468/1675/3221
f 3457/1664/3210 3474/1681/3227 3458/1665/3211
f 3475/1630/3228 3476/1634/3229 3477/1632/3230
f 3476/1634/3229 3475/1630/3228 3478/1636/3231
f 3477/1632/3230 3479/1631/3232 3475/1630/3228
f 3478/1636/3231 3480/1637/3233 3476/1634/3229
f 3479/1631/3232 3477/1632/3230 3481/1633/3234
f 3480/1637/3233 3478/1636/3231 3482/1635/3235
f 3481/1633/3234 3482/1635/3235 3479/1631/3232
f 3482/1635/3235 3481/1633/3234 3480/1637/3233
f 3483/1640/3236 3484/1639/3237 3485/1638/3238
f 3485/1638/3238 3484/1639/3237 3486/1641/3239
f 3485/1638/3238 3487/1642/3240 3483/1640/3236
f 3488/1643/3241 3483/1640/3236 3487/1642/3240
f 3486/1641/3239 3489/1644/3242 3485/1638/3238
f 3487/1642/3240 3485/1638/3238 3489/1644/3242
f 3490/1646/3243 3489/1644/3242 3486/1641/3239
f 3486/1641/3239 3491/1647/3244 3490/1646/3243
f 3490/1646/3243 3491/1647/3244 3492/1648/3245
f 3492/1648/3245 3493/1651/3246 3490/1646/3243
f 3493/1651/3246 3492/1648/3245 3494/1652/3247
f 3489/1644/3242 3490/1646/3243 3495/1650/3248
f 3495/1650/3248 3490/1646/3243 3493/1651/3246
f 3494/1652/3247 3496/1653/3249 3493/1651/3246
f 3493/1651/3246 3496/1653/3249 3495/1650/3248
f 3496/1653/3249 3494/1652/3247 3497/1654/3250
f 3495/1650/3248 3498/1649/3251 3489/1644/3242
f 3489/1644/3242 3498/1649/3251 3487/1642/3240
f 3497/1654/3250 3499/1656/3252 3496/1653/3249
f 3499/1656/3252 3497/1654/3250 3500/1657/3253
f 3501/1655/3254 3495/1650/3248 3496/1653/3249
f 3496/1653/3249 3499/1656/3252 3501/1655/3254
f 3500/1657/3253 3501/1655/3254 3499/1656/3252
f 3498/1649/3251 3495/1650/3248 3501/1655/3254
f 3502/1658/3255 3501/1655/3254 3500/1657/3253
f 3501/1655/3254 3502/1658/3255 3498/1649/3251
f 3500/1657/3253 3503/1659/3256 3502/1658/3255
f 3502/1658/3255 3503/1659/3256 3488/1643/3241
f 3498/1649/3251 3502/1658/3255 3504/1645/3257
f 3488/1643/3241 3504/1645/3257 3502/1658/3255
f 3504/1645/3257 3487/1642/3240 3498/1649/3251
f 3487/1642/3240 3504/1645/3257 3488/1643/3241
f 3505/1662/3258 3506/1661/3259 3507/1660/3260
f 3508/1663/3261 3506/1661/3259 3505/1662/3258
f 3507/1660/3260 3509/1664/3262 3505/1662/3258
f 3509/1664/3262 3507/1660/3260 3510/1665/3263
f 3505/1662/3258 3511/1666/3264 3508/1663/3261
f 3511/1666/3264 3505/1662/3258 3509/1664/3262
f 3510/1665/3263 3512/1681/3265 3509/1664/3262
f 3508/1663/3261 3511/1666/3264 3513/1667/3266
f 3513/1667/3266 3514/1668/3267 3508/1663/3261
f 3515/1669/3268 3514/1668/3267 3513/1667/3266
f 3509/1664/3262 3516/1675/3269 3511/1666/3264
f 3516/1675/3269 3509/1664/3262 3512/1681/3265
f 3517/1672/3270 3513/1667/3266 3511/1666/3264
f 3511/1666/3264 3516/1675/3269 3517/1672/3270
f 3513/1667/3266 3518/1670/3271 3515/1669/3268
f 3518/1670/3271 3513/1667/3266 3517/1672/3270
f 3519/1671/3272 3515/1669/3268 3518/1670/3271
f 3518/1670/3271 3520/1673/3273 3519/1671/3272
f 3517/1672/3270 3520/1673/3273 3518/1670/3271
f 3521/1674/3274 3519/1671/3272 3520/1673/3273
f 3522/1678/3275 3517/1672/3270 3516/1675/3269
f 3520/1673/3273 3517/1672/3270 3522/1678/3275
f 3520/1673/3273 3523/1676/3276 3521/1674/3274
f 3522/1678/3275 3523/1676/3276 3520/1673/3273
f 3524/1677/3277 3521/1674/3274 3523/1676/3276
f 3523/1676/3276 3522/1678/3275 3524/1677/3277
f 3516/1675/3269 3525/1679/3278 3522/1678/3275
f 3524/1677/3277 3522/1678/3275 3525/1679/3278
f 3512/1681/3265 3525/1679/3278 3516/1675/3269
f 3525/1679/3278 3512/1681/3265 3510/1665/3263
f 3525/1679/3278 3526/1680/3279 3524/1677/3277
f 3510/1665/3263 3526/1680/3279 3525/1679/3278
f 3576/782/1312 3560/785/1311 1480/784/3280 3558/783/1373
f 3544/777/1359 1471/776/1358 3545/783/1362 3581/782/1337
f 3546/779/3281 3582/780/1356 3544/787/1359 1470/786/1364
f 1472/778/3282 3547/781/1354 3582/780/1356 3546/779/3281
f 3547/763/1354 1473/764/1353 3548/767/1357 3582/766/1356
f 3549/1682/3283 3583/1683/1351 3547/781/1354 1472/778/3282
f 1474/1684/3284 3550/1685/3284 3583/1683/1351 3549/1682/3283
f 3550/1686/3284 1475/1687/3284 3551/765/1352 3583/762/1351
f 3566/751/1319 3584/768/1344 3567/771/1347 1484/752/1320
f 1485/772/3285 3568/775/3286 3584/774/1344 3566/773/1319
f 3568/775/3286 1487/789/3287 3569/788/1345 3584/774/1344
f 3550/1686/3284 3585/762/1338 3552/765/1341 1475/1687/3284
f 1474/1684/3284 3553/1682/3288 3585/1683/1338 3550/1685/3284
f 3553/1682/3288 1477/778/1360 3554/781/1339 3585/1683/1338
f 3560/785/1311 3586/758/1332 3561/761/1335 1480/784/3280
f 1481/743/1310 3562/754/3289 3586/755/1332 3560/744/1311
f 3562/754/3289 1483/757/3290 3563/756/1333 3586/755/1332
f 3537/1688/3291 3587/1689/1326 3535/773/1329 1464/772/1348
f 1466/757/1325 3538/756/1324 3587/1689/1326 3537/1688/3291
f 3538/759/1324 1467/760/1366 3539/753/1327 3587/750/1326
f 3563/759/1333 3588/750/1318 3564/753/1321 1482/760/1334
f 1483/757/3290 3565/1688/3292 3588/1689/1318 3563/756/1333
f 3565/1688/3292 1485/772/3285 3566/773/1319 3588/1689/1318
f 3572/737/1306 3589/746/1313 3573/749/1316 1488/736/1307
f 1489/790/3293 3574/738/3294 3589/739/1313 3572/791/1306
f 3574/738/3294 1491/741/3295 3575/740/1314 3589/739/1313
f 3569/769/1345 3590/734/1305 3570/735/1308 1486/770/1346
f 1487/789/3287 3571/1690/3296 3590/1691/1305 3569/788/1345
f 3571/1690/3296 1489/790/3293 3572/791/1306 3590/1691/1305
f 3531/1690/3297 3591/1691/1297 3529/791/1300 1460/790/1375
f 1462/789/1372 3532/788/1371 3591/1691/1297 3531/1690/3297
f 3532/769/1371 1463/770/1370 3533/735/1298 3591/734/1297
f 3600/234/381 3595/237/380 489/236/3298 3592/235/698
f 3597/238/3299 3601/234/374 3596/237/377 825/239/3300
f 826/422/3301 3598/418/3302 3601/419/374 3597/423/3299
f 3598/418/3302 827/421/3303 3599/420/375 3601/419/374
f 3602/1692/3304 3603/1247/2448 2466/1159/2451 2467/1693/3305
f 2468/144/3306 2469/145/3307 3603/1694/2448 3602/1695/3304
f 2469/145/3307 2471/147/3308 3604/1696/2449 3603/1694/2448
f 2665/1158/2261 3607/1697/2446 3606/1698/2255 2663/1159/2262
f 2663/1159/2262 3606/1698/2255 3605/1699/2258 2662/1693/3309
f 2221/181/304 2224/1011/3310 2223/1010/3311 2222/998/2079
f 1787/181/306 3621/1700/1664 3620/999/1666 3610/180/307
f 2072/696/1931 3627/1701/1932 3625/1003/1928
f 2070/688/1927 3625/1003/1928 3626/1702/1930 2068/690/1925
f 1382/692/1221 1384/1005/3312 3624/1703/1223 3623/693/1222
f 1383/696/1224 1379/688/1217 3623/694/1222
f 1381/690/1219 3622/1704/1220 3623/694/1222 1379/688/1217
f 3628/1705/3313 3629/1706/3313 3630/1707/3313
f 3630/1707/3314 3631/1708/3314 3628/1705/3314
f 3632/1709/3315 3633/1710/473 3634/1711/3316
f 3634/1711/3316 3635/1712/475 3632/1709/3315
f 3636/1713/3317 3637/1714/3318 3638/1715/3319
f 3638/1715/3319 3639/1716/3320 3636/1713/3317
f 3640/1717/3321 3641/1718/3321 3642/1719/3321
f 3643/1720/3322 3641/1718/3322 3640/1717/3322
f 3644/1721/3323 3645/1722/3324 3646/1723/3325
f 3646/1723/3325 3647/1724/3326 3644/1721/3323
f 3648/1725/3327 3649/1726/3328 3650/1727/3329
f 3650/1727/3329 3651/1728/3330 3648/1725/3327
f 3652/1705/3331 3653/1708/3332 3654/1707/3333
f 3654/1707/3333 3655/1706/3334 3652/1705/3331
f 3656/1709/3335 3657/1712/793 3658/1711/3336
f 3658/1711/3336 3659/1710/795 3656/1709/3335
f 3660/1713/3337 3661/1716/3338 3662/1715/3339
f 3662/1715/3339 3663/1714/3340 3660/1713/3337
f 3664/1718/3341 3665/1717/3342 3666/1719/3343
f 3664/1718/3341 3667/1720/3344 3665/1717/3342
f 3668/1721/3345 3669/1724/3346 3670/1723/3347
f 3670/1723/3347 3671/1722/3348 3668/1721/3345
f 3672/1725/3349 3673/1728/3350 3674/1727/3351
f 3674/1727/3351 3675/1726/3352 3672/1725/3349
f 3676/1729/3353 3677/1730/3354 3678/1731/3355
f 3678/1731/3355 3679/1732/3356 3676/1729/3353
f 3679/1732/3356 3678/1731/3355 3680/1733/3357
f 3680/1733/3357 3681/1734/3358 3679/1732/3356
f 3682/1735/3359 3683/1736/3360 3684/1737/3361
f 3684/1737/3361 3685/1738/3362 3682/1735/3359
f 3685/1738/3362 3684/1737/3361 3686/1739/3363
f 3687/1740/3364 3688/1741/3365 3689/1742/3366
f 3689/1742/3366 3690/1743/3367 3687/1740/3364
f 3690/1743/3367 3689/1742/3366 3691/1744/3368
f 3691/1744/3368 3692/1745/3369 3690/1743/3367
f 3693/1746/3370 3694/1747/3371 3695/1748/3372
f 3695/1748/3372 3696/1749/3373 3693/1746/3370
f 3696/1749/3373 3695/1748/3372 3697/1750/3374
f 3697/1750/3374 3698/1751/3375 3696/1749/3373
f 3699/1752/3376 3700/1753/3377 3701/1754/3378
f 3702/1755/3379 3699/1752/3376 3701/1754/3378
f 3702/1755/3379 3701/1754/3378 3703/1756/3380
f 3704/1757/3381 3705/1758/3382 3706/1759/3383
f 3706/1759/3383 3707/1760/3384 3704/1757/3381
f 3707/1760/3384 3706/1759/3383 3708/1761/3385
f 3709/1762/3386 3710/1763/3387 3711/1764/3388
f 3711/1764/3388 3712/1765/3389 3709/1762/3386
f 3713/1766/3390 3709/1762/3386 3712/1765/3389
f 3712/1765/3389 3714/1767/3391 3713/1766/3390
f 3715/1768/3392 3716/1769/3393 3717/1770/3394
f 3717/1770/3394 3718/1771/3395 3715/1768/3392
f 3718/1771/3395 3717/1770/3394 3719/1772/3396
f 3719/1772/3396 3720/1773/3397 3718/1771/3395
f 3721/1731/3398 3722/1730/3399 3723/1729/3400
f 3723/1729/3400 3724/1732/3401 3721/1731/3398
f 3725/1733/3402 3721/1731/3398 3724/1732/3401
f 3724/1732/3401 3726/1734/3403 3725/1733/3402
f 3727/1737/3404 3728/1736/3405 3729/1735/3406
f 3729/1735/3406 3730/1738/3407 3727/1737/3404
f 3727/1737/3404 3730/1738/3407 3731/1739/3408
f 3732/1742/3409 3733/1741/3410 3734/1740/3411
f 3734/1740/3411 3735/1743/3412 3732/1742/3409
f 3736/1744/3413 3732/1742/3409 3735/1743/3412
f 3735/1743/3414 3737/1745/3414 3736/1744/3414
f 3738/1748/3415 3739/1747/3416 3740/1746/3417
f 3740/1746/3417 3741/1749/3418 3738/1748/3415
f 3742/1750/3419 3738/1748/3415 3741/1749/3418
f 3741/1749/3418 3743/1751/3420 3742/1750/3419
f 3744/1754/3421 3745/1753/3422 3746/1752/3423
f 3744/1754/3421 3746/1752/3423 3747/1755/3424
f 3744/1754/3421 3747/1755/3424 3748/1756/3425
f 3749/1759/3426 3750/1758/3427 3751/1757/3428
f 3751/1757/3428 3752/1760/3429 3749/1759/3426
f 3749/1759/3426 3752/1760/3429 3753/1761/3430
f 3754/1764/3431 3755/1763/3432 3756/1762/3433
f 3756/1762/3433 3757/1765/3434 3754/1764/3431
f 3757/1765/3434 3756/1762/3433 3758/1766/3435
f 3758/1766/3435 3759/1767/3436 3757/1765/3434
f 3760/1770/3437 3761/1769/3438 3762/1768/3439
f 3762/1768/3439 3763/1771/3440 3760/1770/3437
f 3764/1772/3441 3760/1770/3437 3763/1771/3440
f 3763/1771/3440 3765/1773/3442 3764/1772/3441
f 3766/1774/3443 3767/1775/3444 3768/1776/3445
f 3768/1776/3445 3769/1777/3446 3766/1774/3443
f 3766/1774/3443 3769/1777/3446 3770/1778/3447
f 3770/1778/3447 3771/1779/3448 3766/1774/3443
f 3772/1776/3449 3773/1775/3450 3774/1774/3451
f 3774/1774/3451 3775/1777/3452 3772/1776/3449
f 3776/1778/3453 3775/1777/3452 3774/1774/3451
f 3774/1774/3451 3777/1779/3454 3776/1778/3453
f 3778/1780/3455 3779/1781/3456 3780/1782/3457
f 3779/1781/3456 3778/1780/3455 3781/1783/3458
f 3781/1783/3458 3782/1784/3459 3779/1781/3456
f 3779/1781/3456 3782/1784/3459 3783/1785/3460
f 3782/1784/3459 3784/1786/3461 3783/1785/3460
f 3785/1787/3462 3779/1781/3456 3783/1785/3460
f 3786/1781/3463 3787/1780/3464 3788/1782/3465
f 3789/1783/3466 3787/1780/3464 3786/1781/3463
f 3786/1781/3463 3790/1784/3467 3789/1783/3466
f 3790/1784/3467 3786/1781/3463 3791/1785/3468
f 3786/1781/3463 3792/1787/3469 3791/1785/3468
f 3793/1786/3470 3790/1784/3467 3791/1785/3468
