# Blender 4.3.2
# www.blender.org
mtllib K'Tinga 3x.mtl
o Mesh_0028Ktinga
v 67.372040 19.537275 -151.449860
v 68.864311 18.966702 -151.462769
v 67.369461 14.128430 -153.639206
v -68.863701 18.966702 -151.462769
v -67.371429 19.537275 -151.449860
v -67.368851 14.128430 -153.639206
v -7.905127 36.125248 56.389164
v -8.710644 37.199272 -21.087683
v -13.190044 38.939400 -17.493834
v -13.190044 38.939400 -17.493834
v -11.798462 36.517681 51.920090
v -7.905127 36.125248 56.389164
v 25.299236 13.524287 -21.087683
v 29.251953 13.534614 -17.426708
v 25.012657 9.791023 -17.439617
v 8.708673 37.199272 -21.087683
v 7.903155 36.125248 56.389164
v 11.799072 36.517681 51.920090
v 11.799072 36.517681 51.920090
v 13.188073 38.939400 -17.493834
v 8.708673 37.199272 -21.087683
v -25.014629 9.791023 -17.439617
v -29.251343 13.534614 -17.426708
v -25.301208 13.524287 -21.087683
v -30.069771 41.405010 -174.190231
v -28.425171 39.450600 -177.314194
v -30.854631 34.583931 -179.415771
v -30.854631 34.583931 -179.415771
v -33.299583 34.945381 -177.636917
v -30.069771 41.405010 -174.190231
v 54.385651 42.783680 -82.800140
v 55.413200 41.004829 -84.852661
v 56.164505 43.808651 -85.172798
v -55.412590 41.004829 -84.852661
v -54.387619 42.783680 -82.800140
v -56.163895 43.808651 -85.172798
v -19.270153 55.968868 -69.782768
v -18.854485 57.871643 -71.848198
v -22.820110 56.593658 -67.262939
v 19.268181 55.968868 -69.782768
v 22.820721 56.593658 -67.262939
v 18.852514 57.871643 -71.848198
v 217.918640 -48.996262 -200.581268
v 208.562225 -48.281109 -197.452133
v 180.330383 -13.574142 -213.441162
v 186.327881 -4.078328 -225.598785
v 185.852829 -5.242720 -108.891678
v 181.505096 -12.244525 -108.749680
v 210.676727 -48.392128 -115.064728
v 216.576111 -48.634819 -114.933060
v 155.114075 -6.086965 -73.611557
v 181.505096 -12.244525 -108.749680
v 185.852829 -5.242720 -108.891678
v 162.286270 4.803012 -63.031395
v 223.768951 -49.468731 -196.300659
v 188.832214 -0.092049 -224.160721
v 188.705704 0.039618 -116.515694
v 223.058960 -49.703674 -121.573425
v 57.912369 29.688858 -101.876961
v 58.384842 35.823181 -53.109589
v 68.737808 34.052078 -53.112167
v 68.226608 27.811901 -101.647186
v 185.852829 -5.242720 -108.891678
v 216.576111 -48.634819 -114.933060
v 223.058960 -49.703674 -121.573425
v 188.705704 0.039618 -116.515694
v 67.369461 14.128430 -153.639206
v 36.615208 19.810944 -158.539444
v 36.615208 25.020992 -156.450775
v 67.372040 19.537275 -151.449860
v 217.918640 -48.996262 -200.581268
v 186.327881 -4.078328 -225.598785
v 188.832214 -0.092049 -224.160721
v 223.768951 -49.468731 -196.300659
v 88.901558 -16.233391 -17.315693
v 95.531586 -12.944194 -17.697796
v 117.345108 15.698150 18.935181
v 117.241837 20.448637 28.921532
v 162.286270 4.803012 -63.031395
v 157.148514 1.784903 -61.851517
v 154.148483 -4.315859 -68.117516
v 155.114075 -6.086965 -73.611557
v 95.531586 -12.944194 -17.697796
v 95.580643 -13.044883 -24.818365
v 117.345108 15.698150 11.786211
v 117.345108 15.698150 18.935181
v 157.148514 1.784903 -61.851517
v 157.148514 1.784904 -69.000488
v 154.063278 -4.181605 -75.331024
v 154.148483 -4.315859 -68.117516
v 210.676727 -48.392128 -115.064728
v 181.505096 -12.244525 -108.749680
v 180.273590 -13.269496 -111.297913
v 208.213684 -48.273369 -117.052704
v -217.918030 -48.996262 -200.581268
v -186.327271 -4.078328 -225.598785
v -180.329773 -13.574142 -213.441162
v -208.564194 -48.281109 -197.452133
v -185.852219 -5.242720 -108.891678
v -216.575500 -48.634819 -114.933060
v -210.676117 -48.392128 -115.064728
v -181.504486 -12.244525 -108.749680
v -155.113464 -6.086965 -73.611557
v -162.288239 4.803012 -63.031395
v -185.852219 -5.242720 -108.891678
v -181.504486 -12.244525 -108.749680
v -223.770920 -49.468731 -196.300659
v -223.058350 -49.703674 -121.573425
v -188.707672 0.039618 -116.515694
v -188.834183 -0.092049 -224.160721
v -185.852219 -5.242720 -108.891678
v -188.707672 0.039618 -116.515694
v -223.058350 -49.703674 -121.573425
v -216.575500 -48.634819 -114.933060
v -67.368851 14.128430 -153.639206
v -67.371429 19.537275 -151.449860
v -36.614597 25.020992 -156.450775
v -36.614597 19.810944 -158.539444
v -217.918030 -48.996262 -200.581268
v -223.770920 -49.468731 -196.300659
v -188.834183 -0.092049 -224.160721
v -186.327271 -4.078328 -225.598785
v -88.903534 -16.233391 -17.315693
v -117.241226 20.448637 28.921532
v -117.347076 15.698150 18.935181
v -95.530975 -12.944194 -17.697796
v -162.288239 4.803012 -63.031395
v -155.113464 -6.086965 -73.611557
v -154.147873 -4.315859 -68.117516
v -157.147903 1.784903 -61.851517
v -95.530975 -12.944194 -17.697796
v -117.347076 15.698150 18.935181
v -117.347076 15.698150 11.786211
v -95.582611 -13.044883 -24.818365
v -157.147903 1.784903 -61.851517
v -154.147873 -4.315859 -68.117516
v -154.062668 -4.181605 -75.331024
v -157.147903 1.784904 -69.000488
v -210.676117 -48.392128 -115.064728
v -208.215652 -48.273369 -117.052704
v -180.275558 -13.269496 -111.297913
v -181.504486 -12.244525 -108.749680
v 201.340973 -73.022369 -254.956299
v 202.959747 -66.986153 -254.956299
v 202.959747 -66.986145 -289.495422
v 201.340973 -73.022369 -289.495422
v 220.133789 -71.586899 -254.956299
v 218.517593 -77.623116 -254.956299
v 218.517593 -77.623108 -289.495422
v 220.133789 -71.586884 -289.495422
v 202.063873 -56.315628 -218.669281
v 203.034637 -57.882771 -217.404205
v 203.034637 -57.882774 -127.849739
v 202.063873 -56.315636 -126.587250
v 202.063873 -56.315636 -126.587250
v 203.034637 -57.882774 -127.849739
v 201.080200 -65.176315 -127.849739
v 199.456268 -66.046387 -126.587250
v 199.456268 -66.046387 -126.587250
v 201.080200 -65.176315 -127.849739
v 201.080200 -65.176315 -217.404205
v 199.456268 -66.046387 -218.669281
v 199.456268 -66.046387 -218.669281
v 201.080200 -65.176315 -217.404205
v 203.034637 -57.882771 -217.404205
v 202.063873 -56.315628 -218.669281
v 219.416077 -88.280731 -218.669281
v 218.445312 -86.713593 -217.404205
v 218.445312 -86.713593 -127.849739
v 219.416077 -88.280731 -126.587250
v 219.416077 -88.280731 -126.587250
v 218.445312 -86.713593 -127.849739
v 220.394562 -79.432953 -127.849739
v 222.021088 -78.562881 -126.587250
v 222.021088 -78.562881 -126.587250
v 220.394562 -79.432953 -127.849739
v 220.394562 -79.432953 -217.404205
v 222.021088 -78.562881 -218.669281
v 222.021088 -78.562881 -218.669281
v 220.394562 -79.432953 -217.404205
v 218.445312 -86.713593 -217.404205
v 219.416077 -88.280731 -218.669281
v 226.244904 -62.795921 -126.587250
v 224.620941 -63.665970 -127.849739
v 224.620941 -63.665970 -217.404205
v 226.244904 -62.795914 -218.669281
v 226.244904 -62.795914 -218.669281
v 224.620941 -63.665970 -217.404205
v 222.666534 -70.959518 -217.404205
v 223.637299 -72.526672 -218.669281
v 223.637299 -72.526672 -218.669281
v 222.666534 -70.959518 -217.404205
v 222.666534 -70.959518 -127.849739
v 223.637299 -72.526672 -126.587250
v 223.637299 -72.526672 -126.587250
v 222.666534 -70.959518 -127.849739
v 224.620941 -63.665970 -127.849739
v 226.244904 -62.795921 -126.587250
v 195.235046 -81.800446 -126.587250
v 196.858978 -80.927803 -127.849739
v 196.858978 -80.927803 -217.404205
v 195.235046 -81.800446 -218.669281
v 195.235046 -81.800446 -218.669281
v 196.858978 -80.927803 -217.404205
v 198.810822 -73.649750 -217.404205
v 197.837479 -72.082596 -218.669281
v 197.837479 -72.082596 -218.669281
v 198.810822 -73.649750 -217.404205
v 198.810822 -73.649750 -127.849739
v 197.837479 -72.082596 -126.587250
v 197.837479 -72.082596 -126.587250
v 198.810822 -73.649750 -127.849739
v 196.858978 -80.927803 -127.849739
v 195.235046 -81.800446 -126.587250
v 203.034637 -57.882774 -127.849739
v 203.158539 -60.531693 -130.374725
v 202.513092 -62.945663 -130.374725
v 201.080200 -65.176315 -127.849739
v 201.080200 -65.176315 -217.404205
v 202.513092 -62.945663 -214.879196
v 203.158539 -60.531693 -214.879196
v 203.034637 -57.882771 -217.404205
v 218.445312 -86.713593 -127.849739
v 218.318817 -84.064674 -130.374725
v 218.964264 -81.663612 -130.374725
v 220.394562 -79.432953 -127.849739
v 220.394562 -79.432953 -217.404205
v 218.964264 -81.663612 -214.879196
v 218.318817 -84.064674 -214.879196
v 218.445312 -86.713593 -217.404205
v 224.620941 -63.665970 -217.404205
v 223.188049 -65.896637 -214.879196
v 222.540039 -68.310608 -214.879196
v 222.666534 -70.959518 -217.404205
v 222.666534 -70.959518 -127.849739
v 222.540039 -68.310608 -130.374725
v 223.188049 -65.896637 -130.374725
v 224.620941 -63.665970 -127.849739
v 196.858978 -80.927803 -217.404205
v 198.291870 -78.697144 -214.879196
v 198.934738 -76.298660 -214.879196
v 198.810822 -73.649750 -217.404205
v 198.810822 -73.649750 -127.849739
v 198.934738 -76.298660 -130.374725
v 198.291870 -78.697144 -130.374725
v 196.858978 -80.927803 -127.849739
v 212.755066 -64.773575 -74.600388
v 212.347122 -66.299408 -72.705353
v 217.647552 -67.719391 -73.954941
v 217.461639 -66.036064 -75.707970
v 217.461639 -66.036064 -75.707970
v 217.647552 -67.719391 -73.954941
v 222.036591 -68.894104 -77.520386
v 221.342072 -67.076523 -78.860336
v 221.342072 -67.076523 -78.860336
v 222.036591 -68.894104 -77.520386
v 224.966919 -69.681549 -82.851776
v 223.936768 -67.771027 -83.577255
v 223.936768 -67.771027 -83.577255
v 224.966919 -69.681549 -82.851776
v 225.989288 -69.955215 -88.955116
v 224.845551 -68.013710 -89.141006
v 224.845551 -68.013710 -89.141006
v 225.989288 -69.955215 -88.955116
v 224.786194 -74.468170 -109.777229
v 223.637299 -72.526672 -111.354706
v 223.637299 -72.526672 -111.354706
v 224.786194 -74.468170 -109.777229
v 223.985840 -77.455299 -109.777229
v 222.021088 -78.562881 -111.354706
v 222.021088 -78.562881 -111.354706
v 223.985840 -77.455299 -109.777229
v 223.084778 -80.793556 -88.955116
v 221.125198 -81.901146 -89.141006
v 221.125198 -81.901146 -89.141006
v 223.084778 -80.793556 -88.955116
v 222.062408 -80.519890 -82.851776
v 220.213837 -81.658455 -83.577255
v 220.213837 -81.658455 -83.577255
v 222.062408 -80.519890 -82.851776
v 219.132080 -79.735023 -77.520386
v 217.621735 -80.963959 -78.860336
v 217.621735 -80.963959 -78.860336
v 219.132080 -79.735023 -77.520386
v 214.743042 -78.557732 -73.954941
v 213.741287 -79.923492 -75.707970
v 213.741287 -79.923492 -75.707970
v 214.743042 -78.557732 -73.954941
v 209.442612 -77.137749 -72.705353
v 209.034698 -78.663582 -74.600388
v 209.034698 -78.663582 -74.600388
v 209.442612 -77.137749 -72.705353
v 204.142212 -75.717766 -73.954941
v 204.328094 -77.401093 -75.707970
v 204.328094 -77.401093 -75.707970
v 204.142212 -75.717766 -73.954941
v 199.753174 -74.540466 -77.520386
v 200.447662 -76.360626 -78.860336
v 200.447662 -76.360626 -78.860336
v 199.753174 -74.540466 -77.520386
v 196.822845 -73.755608 -82.851776
v 197.852966 -75.666130 -83.577255
v 197.852966 -75.666130 -83.577255
v 196.822845 -73.755608 -82.851776
v 195.800446 -73.481934 -88.955116
v 196.944183 -75.423439 -89.141006
v 196.944183 -75.423439 -89.141006
v 195.800446 -73.481934 -88.955116
v 196.688583 -70.141098 -109.777229
v 197.837479 -72.082596 -111.354706
v 197.837479 -72.082596 -111.354706
v 196.688583 -70.141098 -109.777229
v 197.488937 -67.153969 -109.777229
v 199.456268 -66.046387 -111.354706
v 199.456268 -66.046387 -111.354706
v 197.488937 -67.153969 -109.777229
v 198.704956 -62.643593 -88.955116
v 200.664536 -61.536003 -89.141006
v 200.664536 -61.536003 -89.141006
v 198.704956 -62.643593 -88.955116
v 199.727356 -62.917259 -82.851776
v 201.575928 -61.778694 -83.577255
v 201.575928 -61.778694 -83.577255
v 199.727356 -62.917259 -82.851776
v 202.657684 -63.702133 -77.520386
v 204.168030 -62.473198 -78.860336
v 204.168030 -62.473198 -78.860336
v 202.657684 -63.702133 -77.520386
v 207.046722 -64.879425 -73.954941
v 208.048447 -63.513657 -75.707970
v 208.048447 -63.513657 -75.707970
v 207.046722 -64.879425 -73.954941
v 212.347122 -66.299408 -72.705353
v 212.755066 -64.773575 -74.600388
v 207.893539 -103.237022 -193.416809
v 197.509613 -100.453857 -193.416809
v 199.959717 -91.309174 -193.416809
v 210.343658 -94.089752 -193.416809
v 207.893539 -103.237022 -180.791870
v 197.509613 -100.453857 -180.791870
v 197.509613 -100.453857 -193.416809
v 207.893539 -103.237022 -193.416809
v 208.497681 -100.983124 -180.791870
v 198.113739 -98.199966 -180.791870
v 197.509613 -100.453857 -180.791870
v 207.893539 -103.237022 -180.791870
v 208.497681 -100.983124 -161.552383
v 198.113739 -98.199966 -161.552383
v 198.113739 -98.199966 -180.791870
v 208.497681 -100.983124 -180.791870
v 207.893539 -103.237022 -161.552383
v 197.509613 -100.453857 -161.552383
v 198.113739 -98.199966 -161.552383
v 208.497681 -100.983124 -161.552383
v 207.893539 -103.237022 -149.229523
v 197.509613 -100.453857 -149.229523
v 197.509613 -100.453857 -161.552383
v 207.893539 -103.237022 -161.552383
v 210.343658 -94.089752 -149.229523
v 199.959717 -91.309174 -149.229523
v 197.509613 -100.453857 -149.229523
v 207.893539 -103.237022 -149.229523
v 210.343658 -94.089752 -193.416809
v 199.959717 -91.309174 -193.416809
v 199.959717 -91.309174 -149.229523
v 210.343658 -94.089752 -149.229523
v 205.567352 -57.255394 -254.956299
v 201.591400 -58.590176 -257.481262
v 200.238541 -63.642746 -257.481262
v 202.959747 -66.986153 -254.956299
v 202.959747 -66.986153 -254.956299
v 200.238541 -63.642746 -257.481262
v 200.238541 -63.642731 -286.970459
v 202.959747 -66.986145 -289.495422
v 202.959747 -66.986145 -289.495422
v 200.238541 -63.642731 -286.970459
v 201.570740 -58.670216 -286.970459
v 205.567352 -57.255394 -289.495422
v 215.912567 -87.340958 -254.956299
v 219.888519 -86.006180 -257.481262
v 221.238800 -80.966530 -257.481262
v 218.517593 -77.623116 -254.956299
v 218.517593 -77.623116 -254.956299
v 221.238800 -80.966530 -257.481262
v 221.238800 -80.966522 -286.970459
v 218.517593 -77.623108 -289.495422
v 218.517593 -77.623108 -289.495422
v 221.238800 -80.966522 -286.970459
v 219.909180 -85.926132 -286.970459
v 215.912567 -87.340958 -289.495422
v 222.741394 -61.856140 -289.495422
v 225.496185 -65.080780 -286.970459
v 224.163971 -70.053314 -286.970459
v 220.133789 -71.586884 -289.495422
v 220.133789 -71.586884 -289.495422
v 224.163971 -70.053314 -286.970459
v 224.163971 -70.053314 -257.481262
v 220.133789 -71.586899 -254.956299
v 220.133789 -71.586899 -254.956299
v 224.163971 -70.053314 -257.481262
v 225.516815 -65.000763 -257.481262
v 222.741394 -61.856140 -254.956299
v 198.738525 -82.740204 -289.495422
v 195.983765 -79.515564 -286.970459
v 197.313385 -74.555939 -286.970459
v 201.340973 -73.022369 -289.495422
v 201.340973 -73.022369 -289.495422
v 197.313385 -74.555939 -286.970459
v 197.313385 -74.555954 -257.481262
v 201.340973 -73.022369 -254.956299
v 201.340973 -73.022369 -254.956299
v 197.313385 -74.555954 -257.481262
v 195.963104 -79.595596 -257.481262
v 198.738525 -82.740219 -254.956299
v 222.862762 -50.452393 -112.015640
v 222.862762 -50.452393 -207.120926
v 222.862762 -44.550426 -207.120926
v 222.862762 -44.550426 -112.015640
v 206.612976 -50.452393 -208.737122
v 206.612976 -44.550426 -208.737122
v 221.138107 -44.550426 -208.737122
v 221.138107 -50.452393 -208.737122
v 206.612976 -44.550426 -110.399445
v 206.612976 -50.452393 -110.399445
v 221.138107 -50.452393 -110.399445
v 221.138107 -44.550426 -110.399445
v 206.612976 -42.934227 -207.120926
v 206.612976 -42.934227 -112.015640
v 221.138107 -42.934227 -112.015640
v 221.138107 -42.934227 -207.120926
v 204.888336 -50.452393 -207.120926
v 204.888336 -44.550426 -207.120926
v 206.612976 -44.550426 -208.737122
v 206.612976 -50.452393 -208.737122
v 204.888336 -50.452393 -207.120926
v 204.888336 -50.452393 -112.015640
v 204.888336 -44.550426 -112.015640
v 204.888336 -44.550426 -207.120926
v -201.342957 -73.022369 -254.956299
v -201.342957 -73.022369 -289.495422
v -202.959137 -66.986145 -289.495422
v -202.959137 -66.986153 -254.956299
v -220.135773 -71.586899 -254.956299
v -220.135773 -71.586884 -289.495422
v -218.516983 -77.623108 -289.495422
v -218.516983 -77.623116 -254.956299
v -202.063263 -56.315628 -218.669281
v -202.063263 -56.315636 -126.587250
v -203.034027 -57.882774 -127.849739
v -203.034027 -57.882771 -217.404205
v -202.063263 -56.315636 -126.587250
v -199.455658 -66.046387 -126.587250
v -201.082184 -65.176315 -127.849739
v -203.034027 -57.882774 -127.849739
v -199.455658 -66.046387 -126.587250
v -199.455658 -66.046387 -218.669281
v -201.082184 -65.176315 -217.404205
v -201.082184 -65.176315 -127.849739
v -199.455658 -66.046387 -218.669281
v -202.063263 -56.315628 -218.669281
v -203.034027 -57.882771 -217.404205
v -201.082184 -65.176315 -217.404205
v -219.418030 -88.280731 -218.669281
v -219.418030 -88.280731 -126.587250
v -218.444702 -86.713593 -127.849739
v -218.444702 -86.713593 -217.404205
v -219.418030 -88.280731 -126.587250
v -222.020477 -78.562881 -126.587250
v -220.396545 -79.432953 -127.849739
v -218.444702 -86.713593 -127.849739
v -222.020477 -78.562881 -126.587250
v -222.020477 -78.562881 -218.669281
v -220.396545 -79.432953 -217.404205
v -220.396545 -79.432953 -127.849739
v -222.020477 -78.562881 -218.669281
v -219.418030 -88.280731 -218.669281
v -218.444702 -86.713593 -217.404205
v -220.396545 -79.432953 -217.404205
v -226.246857 -62.795921 -126.587250
v -226.246857 -62.795914 -218.669281
v -224.620331 -63.665970 -217.404205
v -224.620331 -63.665970 -127.849739
v -226.246857 -62.795914 -218.669281
v -223.639252 -72.526672 -218.669281
v -222.665924 -70.959518 -217.404205
v -224.620331 -63.665970 -217.404205
v -223.639252 -72.526672 -218.669281
v -223.639252 -72.526672 -126.587250
v -222.665924 -70.959518 -127.849739
v -222.665924 -70.959518 -217.404205
v -223.639252 -72.526672 -126.587250
v -226.246857 -62.795921 -126.587250
v -224.620331 -63.665970 -127.849739
v -222.665924 -70.959518 -127.849739
v -195.234436 -81.800446 -126.587250
v -195.234436 -81.800446 -218.669281
v -196.860962 -80.927803 -217.404205
v -196.860962 -80.927803 -127.849739
v -195.234436 -81.800446 -218.669281
v -197.839447 -72.082596 -218.669281
v -198.810211 -73.649750 -217.404205
v -196.860962 -80.927803 -217.404205
v -197.839447 -72.082596 -218.669281
v -197.839447 -72.082596 -126.587250
v -198.810211 -73.649750 -127.849739
v -198.810211 -73.649750 -217.404205
v -197.839447 -72.082596 -126.587250
v -195.234436 -81.800446 -126.587250
v -196.860962 -80.927803 -127.849739
v -198.810211 -73.649750 -127.849739
v -203.034027 -57.882774 -127.849739
v -201.082184 -65.176315 -127.849739
v -202.512482 -62.945663 -130.374725
v -203.160522 -60.531693 -130.374725
v -201.082184 -65.176315 -217.404205
v -203.034027 -57.882771 -217.404205
v -203.160522 -60.531693 -214.879196
v -202.512482 -62.945663 -214.879196
v -218.444702 -86.713593 -127.849739
v -220.396545 -79.432953 -127.849739
v -218.963654 -81.663612 -130.374725
v -218.320770 -84.064674 -130.374725
v -220.396545 -79.432953 -217.404205
v -218.444702 -86.713593 -217.404205
v -218.320770 -84.064674 -214.879196
v -218.963654 -81.663612 -214.879196
v -224.620331 -63.665970 -217.404205
v -222.665924 -70.959518 -217.404205
v -222.541992 -68.310608 -214.879196
v -223.187439 -65.896637 -214.879196
v -222.665924 -70.959518 -127.849739
v -224.620331 -63.665970 -127.849739
v -223.187439 -65.896637 -130.374725
v -222.541992 -68.310608 -130.374725
v -196.860962 -80.927803 -217.404205
v -198.810211 -73.649750 -217.404205
v -198.936707 -76.298660 -214.879196
v -198.291260 -78.697144 -214.879196
v -198.810211 -73.649750 -127.849739
v -196.860962 -80.927803 -127.849739
v -198.291260 -78.697144 -130.374725
v -198.936707 -76.298660 -130.374725
v -212.757019 -64.773575 -74.600388
v -217.463623 -66.036064 -75.707970
v -217.646942 -67.719391 -73.954941
v -212.349091 -66.299408 -72.705353
v -217.463623 -66.036064 -75.707970
v -221.344040 -67.076523 -78.860336
v -222.035980 -68.894104 -77.520386
v -217.646942 -67.719391 -73.954941
v -221.344040 -67.076523 -78.860336
v -223.936157 -67.771027 -83.577255
v -224.966309 -69.681549 -82.851776
v -222.035980 -68.894104 -77.520386
v -223.936157 -67.771027 -83.577255
v -224.847534 -68.013710 -89.141006
v -225.988678 -69.955215 -88.955116
v -224.966309 -69.681549 -82.851776
v -224.847534 -68.013710 -89.141006
v -223.639252 -72.526672 -111.354706
v -224.788147 -74.468170 -109.777229
v -225.988678 -69.955215 -88.955116
v -223.639252 -72.526672 -111.354706
v -222.020477 -78.562881 -111.354706
v -223.987793 -77.455299 -109.777229
v -224.788147 -74.468170 -109.777229
v -222.020477 -78.562881 -111.354706
v -221.127167 -81.901146 -89.141006
v -223.084167 -80.793556 -88.955116
v -223.987793 -77.455299 -109.777229
v -221.127167 -81.901146 -89.141006
v -220.215820 -81.658455 -83.577255
v -222.064362 -80.519890 -82.851776
v -223.084167 -80.793556 -88.955116
v -220.215820 -81.658455 -83.577255
v -217.623688 -80.963959 -78.860336
v -219.131470 -79.735023 -77.520386
v -222.064362 -80.519890 -82.851776
v -217.623688 -80.963959 -78.860336
v -213.743256 -79.923492 -75.707970
v -214.742432 -78.557732 -73.954941
v -219.131470 -79.735023 -77.520386
v -213.743256 -79.923492 -75.707970
v -209.034088 -78.663582 -74.600388
v -209.444580 -77.137749 -72.705353
v -214.742432 -78.557732 -73.954941
v -209.034088 -78.663582 -74.600388
v -204.327484 -77.401093 -75.707970
v -204.144196 -75.717766 -73.954941
v -209.444580 -77.137749 -72.705353
v -204.327484 -77.401093 -75.707970
v -200.447052 -76.360626 -78.860336
v -199.755157 -74.540466 -77.520386
v -204.144196 -75.717766 -73.954941
v -200.447052 -76.360626 -78.860336
v -197.854950 -75.666130 -83.577255
v -196.824829 -73.755608 -82.851776
v -199.755157 -74.540466 -77.520386
v -197.854950 -75.666130 -83.577255
v -196.943573 -75.423439 -89.141006
v -195.802429 -73.481934 -88.955116
v -196.824829 -73.755608 -82.851776
v -196.943573 -75.423439 -89.141006
v -197.839447 -72.082596 -111.354706
v -196.690552 -70.141098 -109.777229
v -195.802429 -73.481934 -88.955116
v -197.839447 -72.082596 -111.354706
v -199.455658 -66.046387 -111.354706
v -197.490906 -67.153969 -109.777229
v -196.690552 -70.141098 -109.777229
v -199.455658 -66.046387 -111.354706
v -200.666504 -61.536003 -89.141006
v -198.706940 -62.643593 -88.955116
v -197.490906 -67.153969 -109.777229
v -200.666504 -61.536003 -89.141006
v -201.575317 -61.778694 -83.577255
v -199.729340 -62.917259 -82.851776
v -198.706940 -62.643593 -88.955116
v -201.575317 -61.778694 -83.577255
v -204.167419 -62.473198 -78.860336
v -202.659668 -63.702133 -77.520386
v -199.729340 -62.917259 -82.851776
v -204.167419 -62.473198 -78.860336
v -208.050415 -63.513657 -75.707970
v -207.048706 -64.879425 -73.954941
v -202.659668 -63.702133 -77.520386
v -208.050415 -63.513657 -75.707970
v -212.757019 -64.773575 -74.600388
v -212.349091 -66.299408 -72.705353
v -207.048706 -64.879425 -73.954941
v -207.892929 -103.237022 -193.416809
v -210.345627 -94.089752 -193.416809
v -199.959106 -91.309174 -193.416809
v -197.509003 -100.453857 -193.416809
v -207.892929 -103.237022 -180.791870
v -207.892929 -103.237022 -193.416809
v -197.509003 -100.453857 -193.416809
v -197.509003 -100.453857 -180.791870
v -208.497070 -100.983124 -180.791870
v -207.892929 -103.237022 -180.791870
v -197.509003 -100.453857 -180.791870
v -198.113129 -98.199966 -180.791870
v -208.497070 -100.983124 -161.552383
v -208.497070 -100.983124 -180.791870
v -198.113129 -98.199966 -180.791870
v -198.113129 -98.199966 -161.552383
v -207.892929 -103.237022 -161.552383
v -208.497070 -100.983124 -161.552383
v -198.113129 -98.199966 -161.552383
v -197.509003 -100.453857 -161.552383
v -207.892929 -103.237022 -149.229523
v -207.892929 -103.237022 -161.552383
v -197.509003 -100.453857 -161.552383
v -197.509003 -100.453857 -149.229523
v -210.345627 -94.089752 -149.229523
v -207.892929 -103.237022 -149.229523
v -197.509003 -100.453857 -149.229523
v -199.959106 -91.309174 -149.229523
v -210.345627 -94.089752 -193.416809
v -210.345627 -94.089752 -149.229523
v -199.959106 -91.309174 -149.229523
v -199.959106 -91.309174 -193.416809
v -205.566742 -57.255394 -254.956299
v -202.959137 -66.986153 -254.956299
v -200.237930 -63.642746 -257.481262
v -201.590790 -58.590176 -257.481262
v -202.959137 -66.986153 -254.956299
v -202.959137 -66.986145 -289.495422
v -200.237930 -63.642731 -286.970459
v -200.237930 -63.642746 -257.481262
v -202.959137 -66.986145 -289.495422
v -205.566742 -57.255394 -289.495422
v -201.570129 -58.670216 -286.970459
v -200.237930 -63.642731 -286.970459
v -215.914551 -87.340958 -254.956299
v -218.516983 -77.623116 -254.956299
v -221.238190 -80.966530 -257.481262
v -219.887909 -86.006180 -257.481262
v -218.516983 -77.623116 -254.956299
v -218.516983 -77.623108 -289.495422
v -221.238190 -80.966522 -286.970459
v -221.238190 -80.966530 -257.481262
v -218.516983 -77.623108 -289.495422
v -215.914551 -87.340958 -289.495422
v -219.911148 -85.926132 -286.970459
v -221.238190 -80.966522 -286.970459
v -222.743378 -61.856140 -289.495422
v -220.135773 -71.586884 -289.495422
v -224.163361 -70.053314 -286.970459
v -225.495575 -65.080780 -286.970459
v -220.135773 -71.586884 -289.495422
v -220.135773 -71.586899 -254.956299
v -224.163361 -70.053314 -257.481262
v -224.163361 -70.053314 -286.970459
v -220.135773 -71.586899 -254.956299
v -222.743378 -61.856140 -254.956299
v -225.516205 -65.000763 -257.481262
v -224.163361 -70.053314 -257.481262
v -198.737915 -82.740204 -289.495422
v -201.342957 -73.022369 -289.495422
v -197.312775 -74.555939 -286.970459
v -195.985748 -79.515564 -286.970459
v -201.342957 -73.022369 -289.495422
v -201.342957 -73.022369 -254.956299
v -197.312775 -74.555954 -257.481262
v -197.312775 -74.555939 -286.970459
v -201.342957 -73.022369 -254.956299
v -198.737915 -82.740219 -254.956299
v -195.962494 -79.595596 -257.481262
v -197.312775 -74.555954 -257.481262
v -222.862152 -50.452393 -112.015640
v -222.862152 -44.550426 -112.015640
v -222.862152 -44.550426 -207.120926
v -222.862152 -50.452393 -207.120926
v -206.612366 -50.452393 -208.737122
v -221.140076 -50.452393 -208.737122
v -221.140076 -44.550426 -208.737122
v -206.612366 -44.550426 -208.737122
v -206.612366 -44.550426 -110.399445
v -221.140076 -44.550426 -110.399445
v -221.140076 -50.452393 -110.399445
v -206.612366 -50.452393 -110.399445
v -206.612366 -42.934227 -207.120926
v -221.140076 -42.934227 -207.120926
v -221.140076 -42.934227 -112.015640
v -206.612366 -42.934227 -112.015640
v -204.890320 -50.452393 -207.120926
v -206.612366 -50.452393 -208.737122
v -206.612366 -44.550426 -208.737122
v -204.890320 -44.550426 -207.120926
v -204.890320 -50.452393 -207.120926
v -204.890320 -44.550426 -207.120926
v -204.890320 -44.550426 -112.015640
v -204.890320 -50.452393 -112.015640
v -8.710644 37.199272 -21.087683
v -22.802038 31.256001 -21.087683
v -25.024956 33.724190 -17.455107
v -13.190044 38.939400 -17.493834
v -26.238396 25.860065 -21.087683
v -29.690247 25.844574 -17.426708
v -25.024956 33.724190 -17.455107
v -22.802038 31.256001 -21.087683
v -28.185066 19.999409 -21.087683
v -25.301208 13.524287 -21.087683
v -29.251343 13.534614 -17.426708
v -31.487169 19.999409 -17.403471
v 28.185677 19.999409 -21.087683
v 26.239006 25.860065 -21.087683
v 29.690857 25.844574 -17.426708
v 31.485199 19.999409 -17.403471
v 22.802649 31.256001 -21.087683
v 8.708673 37.199272 -21.087683
v 13.188073 38.939400 -17.493834
v 25.022987 33.724190 -17.455107
v -28.185066 19.999409 -21.087683
v -31.487169 19.999409 -17.403471
v -29.690247 25.844574 -17.426708
v -26.238396 25.860065 -21.087683
v 22.802649 31.256001 -21.087683
v 25.022987 33.724190 -17.455107
v 29.690857 25.844574 -17.426708
v 26.239006 25.860065 -21.087683
v 28.185677 19.999409 -21.087683
v 31.485199 19.999409 -17.403471
v 29.251953 13.534614 -17.426708
v 25.299236 13.524287 -21.087683
v 46.441490 10.906354 6.643291
v 21.948076 10.906352 39.501694
v 21.948076 6.801311 39.501694
v 46.441490 6.801312 6.643291
v 46.583488 10.906355 -12.035936
v 46.441490 10.906354 6.643291
v 46.441490 6.801312 6.643291
v 46.583488 6.801313 -12.035937
v -46.443462 10.906354 6.643291
v -46.582878 10.906355 -12.035936
v -46.582878 6.801313 -12.035937
v -46.443462 6.801312 6.643291
v -21.950048 10.906352 39.501694
v -46.443462 10.906354 6.643291
v -46.443462 6.801312 6.643291
v -21.950048 6.801311 39.501694
v 21.948076 10.906352 39.501694
v 46.441490 10.906354 6.643291
v 42.664337 14.693835 5.373053
v 17.228569 14.693833 39.496532
v 46.441490 10.906354 6.643291
v 46.583488 10.906355 -12.035936
v 42.793427 14.693836 -12.048845
v 42.664337 14.693835 5.373053
v -46.582878 10.906355 -12.035936
v -46.443462 10.906354 6.643291
v -42.666306 14.693835 5.373053
v -42.795395 14.693836 -12.048845
v -46.443462 10.906354 6.643291
v -21.950048 10.906352 39.501694
v -17.227959 14.693833 39.496532
v -42.666306 14.693835 5.373053
v 6.173358 35.794781 5.951374
v 4.386762 41.880051 5.951375
v 5.119989 41.880051 7.206123
v 7.213818 35.794781 7.206122
v 4.817920 40.411011 39.315807
v 6.173358 35.794781 42.842529
v 7.213818 35.794781 41.585197
v 5.626019 40.411018 38.061058
v -5.976532 35.794781 5.951374
v -4.189935 41.880051 5.951375
v 4.386762 41.880051 5.951375
v 6.173358 35.794781 5.951374
v -7.016993 35.794781 7.206122
v -4.925745 41.880051 7.206123
v -4.189935 41.880051 5.951375
v -5.976532 35.794781 5.951374
v -5.429193 40.411018 38.061058
v -7.016993 35.794781 41.585197
v -5.976532 35.794781 42.842529
v -4.621094 40.411011 39.315807
v -49.402191 24.254204 -168.794296
v -43.138775 34.945381 -177.636917
v -33.299583 34.945381 -177.636917
v -38.646465 24.254204 -168.794296
v -43.203320 35.459152 -55.771408
v -33.299583 35.459152 -57.248192
v -31.236736 39.406704 -55.869522
v -40.856476 39.365395 -54.537315
v -40.856476 39.365395 -54.537315
v -31.236736 39.406704 -55.869522
v -22.820110 56.593658 -67.262939
v -30.996630 56.637550 -65.639000
v -43.138775 34.945381 -177.636917
v -49.402191 24.254204 -168.794296
v -50.344543 25.488293 -167.875183
v -44.801445 35.095127 -175.816757
v 49.720360 24.254204 -168.794296
v 43.456944 34.945381 -177.636917
v 45.119614 35.095127 -175.816757
v 50.662712 25.488293 -167.875183
v -49.402191 24.254204 -168.794296
v -50.065708 23.224068 -162.830368
v -50.850571 24.610485 -162.781311
v -50.344543 25.488293 -167.875183
v 50.383881 23.224068 -162.830368
v 49.720360 24.254204 -168.794296
v 50.662712 25.488293 -167.875183
v 51.168747 24.610485 -162.781311
v -50.065708 23.224068 -162.830368
v -43.203320 35.459152 -55.771408
v -44.174072 36.693245 -57.015831
v -50.850571 24.610485 -162.781311
v 43.521488 35.459152 -55.771408
v 50.383881 23.224068 -162.830368
v 51.168747 24.610485 -162.781311
v 44.492241 36.693245 -57.015831
v -43.203320 35.459152 -55.771408
v -40.856476 39.365395 -54.537315
v -42.736015 39.187252 -56.228386
v -44.174072 36.693245 -57.015831
v 41.174644 39.365395 -54.537315
v 43.521488 35.459152 -55.771408
v 44.492241 36.693245 -57.015831
v 43.054184 39.187252 -56.228386
v -40.856476 39.365395 -54.537315
v -30.996630 56.637550 -65.639000
v -33.330566 55.488655 -66.707855
v -42.736015 39.187252 -56.228386
v 31.314800 56.637550 -65.639000
v 41.174644 39.365395 -54.537315
v 43.054184 39.187252 -56.228386
v 33.648735 55.488655 -66.707855
v -30.996630 56.637550 -65.639000
v -30.369255 57.871643 -70.368828
v -32.747082 56.498135 -70.583122
v -33.330566 55.488655 -66.707855
v 30.687426 57.871643 -70.368828
v 31.314800 56.637550 -65.639000
v 33.648735 55.488655 -66.707855
v 33.065254 56.498135 -70.583122
v -30.369255 57.871643 -70.368828
v -31.347755 55.519642 -166.656586
v -33.792706 54.174530 -165.636780
v -32.747082 56.498135 -70.583122
v 31.665924 55.519642 -166.656586
v 30.687426 57.871643 -70.368828
v 33.065254 56.498135 -70.583122
v 34.110878 54.174530 -165.636780
v -31.347755 55.519642 -166.656586
v -43.138775 34.945381 -177.636917
v -44.801445 35.095127 -175.816757
v -33.792706 54.174530 -165.636780
v 43.456944 34.945381 -177.636917
v 31.665924 55.519642 -166.656586
v 34.110878 54.174530 -165.636780
v 45.119614 35.095127 -175.816757
v 38.644493 24.254204 -168.794296
v 33.297615 34.945381 -177.636917
v 43.456944 34.945381 -177.636917
v 49.720360 24.254204 -168.794296
v 41.174644 39.365395 -54.537315
v 31.234764 39.406704 -55.869522
v 33.297615 35.459152 -57.248192
v 43.521488 35.459152 -55.771408
v 31.314800 56.637550 -65.639000
v 22.820721 56.593658 -67.262939
v 31.234764 39.406704 -55.869522
v 41.174644 39.365395 -54.537315
v 38.644493 24.254204 -168.794296
v 34.965446 25.836838 -172.481094
v 30.855242 34.583931 -179.415771
v 33.297615 34.945381 -177.636917
v 33.297615 34.945381 -177.636917
v 30.855242 34.583931 -179.415771
v 28.423199 39.450600 -177.314194
v 30.070381 41.405010 -174.190231
v -33.299583 34.945381 -177.636917
v -30.854631 34.583931 -179.415771
v -34.967419 25.836838 -172.481094
v -38.646465 24.254204 -168.794296
v 34.965446 60.161690 -91.547234
v 34.965446 60.161697 -171.030121
v 33.034271 62.095451 -171.030121
v 33.034271 62.095451 -91.547234
v -34.768623 60.161697 -171.030121
v -34.768623 60.161690 -91.547234
v -32.834862 62.095451 -91.547234
v -32.834862 62.095451 -171.030121
v 46.944939 39.752663 -91.547234
v 46.944939 39.752666 -171.030121
v 34.965446 60.161697 -171.030121
v 34.965446 60.161690 -91.547234
v -46.474442 39.752666 -171.030121
v -46.474442 39.752663 -91.547234
v -34.768623 60.161690 -91.547234
v -34.768623 60.161697 -171.030121
v 45.011181 37.818905 -91.547234
v 45.011181 37.818909 -171.030121
v 46.944939 39.752666 -171.030121
v 46.944939 39.752663 -91.547234
v -44.543266 37.818909 -171.030121
v -44.543266 37.818905 -91.547234
v -46.474442 39.752663 -91.547234
v -46.474442 39.752666 -171.030121
v 39.194412 49.522144 -72.039246
v 37.415562 48.494595 -74.091766
v 44.133373 36.863644 -85.172798
v 45.909641 37.888615 -82.800140
v 47.670422 54.414635 -72.039246
v 54.385651 42.783680 -82.800140
v 56.164505 43.808651 -85.172798
v 49.449272 55.442184 -74.091766
v 55.413200 41.004829 -99.006012
v 56.164505 43.808651 -99.006012
v 56.164505 43.808651 -85.172798
v 55.413200 41.004829 -84.852661
v 33.253723 55.705528 -178.158447
v 35.032574 56.733082 -180.213547
v 36.264084 55.731346 -178.842621
v 35.179733 55.106556 -177.593033
v 43.505997 61.625568 -180.213547
v 45.284851 62.653122 -178.158447
v 44.840782 60.683216 -177.593033
v 43.756432 60.058426 -178.842621
v 56.164505 43.808651 -99.006012
v 55.413200 41.004829 -99.006012
v 54.235905 41.905876 -100.487961
v 54.695465 43.615017 -100.487961
v 46.937195 36.112347 -99.006012
v 44.133373 36.863644 -99.006012
v 45.034416 38.038357 -100.487961
v 46.743561 37.581383 -100.487961
v -39.193802 49.522144 -72.039246
v -45.911613 37.888615 -82.800140
v -44.132763 36.863644 -85.172798
v -37.417534 48.494595 -74.091766
v -47.669811 54.414635 -72.039246
v -49.448662 55.442184 -74.091766
v -56.163895 43.808651 -85.172798
v -54.387619 42.783680 -82.800140
v -55.412590 41.004829 -99.006012
v -55.412590 41.004829 -84.852661
v -56.163895 43.808651 -85.172798
v -56.163895 43.808651 -99.006012
v -33.253113 55.705528 -178.158447
v -35.181709 55.106556 -177.593033
v -36.263474 55.731346 -178.842621
v -35.031963 56.733082 -180.213547
v -43.507969 61.625568 -180.213547
v -43.758404 60.058426 -178.842621
v -44.840172 60.683216 -177.593033
v -45.286819 62.653122 -178.158447
v -56.163895 43.808651 -99.006012
v -54.694855 43.615017 -100.487961
v -54.237877 41.905876 -100.487961
v -55.412590 41.004829 -99.006012
v -46.936584 36.112347 -99.006012
v -46.742950 37.581383 -100.487961
v -45.036388 38.038357 -100.487961
v -44.132763 36.863644 -99.006012
v 74.551987 48.618500 319.666901
v 74.792091 48.618500 326.175598
v 74.792091 34.537437 326.175598
v 74.551987 34.537437 319.666901
v 51.130020 45.460979 285.455627
v 72.034744 45.460976 317.539490
v 72.034744 37.694962 317.539490
v 51.130020 37.694962 285.455627
v 44.412205 48.618507 280.607056
v 50.197990 48.618507 282.295532
v 50.197990 34.537437 282.295532
v 44.412205 34.537437 280.607056
v -50.199966 48.618507 282.295532
v -44.414177 48.618507 280.607056
v -44.414177 34.537437 280.607056
v -50.199966 34.537437 282.295532
v -72.036713 45.460976 317.539490
v -51.129410 45.460979 285.455627
v -51.129410 37.694962 285.455627
v -72.036713 37.694962 317.539490
v -74.794067 48.618500 326.175598
v -74.551376 48.618500 319.666901
v -74.551376 34.537437 319.666901
v -74.794067 34.537437 326.175598
v -74.794067 34.537437 326.175598
v -74.551376 34.537437 319.666901
v -72.367188 32.327427 320.358826
v -72.535004 32.327427 324.933746
v -74.551376 34.537437 319.666901
v -50.199966 34.537437 282.295532
v -48.795471 32.327431 284.185394
v -72.367188 32.327427 320.358826
v -50.199966 34.537437 282.295532
v -44.414177 34.537437 280.607056
v -44.096619 32.327431 282.817047
v -48.795471 32.327431 284.185394
v 44.412205 34.537437 280.607056
v 50.197990 34.537437 282.295532
v 48.796082 32.327431 284.185394
v 44.097229 32.327431 282.817047
v 50.197990 34.537437 282.295532
v 74.551987 34.537437 319.666901
v 72.365219 32.327427 320.358826
v 48.796082 32.327431 284.185394
v 74.551987 34.537437 319.666901
v 74.792091 34.537437 326.175598
v 72.535614 32.327427 324.933746
v 72.365219 32.327427 320.358826
v 74.792091 48.618500 326.175598
v 74.551987 48.618500 319.666901
v 72.365219 50.825928 320.358826
v 72.535614 50.825928 324.933746
v 74.551987 48.618500 319.666901
v 50.197990 48.618507 282.295532
v 48.796082 50.825935 284.185394
v 72.365219 50.825928 320.358826
v 50.197990 48.618507 282.295532
v 44.412205 48.618507 280.607056
v 44.097229 50.825935 282.817047
v 48.796082 50.825935 284.185394
v -44.414177 48.618507 280.607056
v -50.199966 48.618507 282.295532
v -48.795471 50.825935 284.185394
v -44.096619 50.825935 282.817047
v -50.199966 48.618507 282.295532
v -74.551376 48.618500 319.666901
v -72.367188 50.825928 320.358826
v -48.795471 50.825935 284.185394
v -74.551376 48.618500 319.666901
v -74.794067 48.618500 326.175598
v -72.535004 50.825928 324.933746
v -72.367188 50.825928 320.358826
v 74.551987 34.537437 319.666901
v 73.346291 36.747444 317.815765
v 73.346291 46.408493 317.815765
v 74.551987 48.618500 319.666901
v 74.551987 48.618500 319.666901
v 73.346291 46.408493 317.815765
v 51.406265 46.408493 284.146667
v 50.197990 48.618507 282.295532
v 50.197990 48.618507 282.295532
v 51.406265 46.408493 284.146667
v 51.406265 36.747448 284.146667
v 50.197990 34.537437 282.295532
v 50.197990 34.537437 282.295532
v 51.406265 36.747448 284.146667
v 73.346291 36.747444 317.815765
v 74.551987 34.537437 319.666901
v -50.199966 34.537437 282.295532
v -51.405655 36.747448 284.146667
v -51.405655 46.408493 284.146667
v -50.199966 48.618507 282.295532
v -50.199966 48.618507 282.295532
v -51.405655 46.408493 284.146667
v -73.345680 46.408493 317.815765
v -74.551376 48.618500 319.666901
v -74.551376 48.618500 319.666901
v -73.345680 46.408493 317.815765
v -73.345680 36.747444 317.815765
v -74.551376 34.537437 319.666901
v -74.551376 34.537437 319.666901
v -73.345680 36.747444 317.815765
v -51.405655 36.747448 284.146667
v -50.199966 34.537437 282.295532
v 73.346291 36.747444 317.815765
v 72.034744 37.694962 317.539490
v 72.034744 45.460976 317.539490
v 73.346291 46.408493 317.815765
v 73.346291 46.408493 317.815765
v 72.034744 45.460976 317.539490
v 51.130020 45.460979 285.455627
v 51.406265 46.408493 284.146667
v 51.406265 46.408493 284.146667
v 51.130020 45.460979 285.455627
v 51.130020 37.694962 285.455627
v 51.406265 36.747448 284.146667
v 51.406265 36.747448 284.146667
v 51.130020 37.694962 285.455627
v 72.034744 37.694962 317.539490
v 73.346291 36.747444 317.815765
v -51.405655 36.747448 284.146667
v -51.129410 37.694962 285.455627
v -51.129410 45.460979 285.455627
v -51.405655 46.408493 284.146667
v -51.405655 46.408493 284.146667
v -51.129410 45.460979 285.455627
v -72.036713 45.460976 317.539490
v -73.345680 46.408493 317.815765
v -73.345680 46.408493 317.815765
v -72.036713 45.460976 317.539490
v -72.036713 37.694962 317.539490
v -73.345680 36.747444 317.815765
v -73.345680 36.747444 317.815765
v -72.036713 37.694962 317.539490
v -51.129410 37.694962 285.455627
v -51.405655 36.747448 284.146667
v 45.829605 43.979034 282.349731
v 45.842514 43.979034 290.190643
v 45.842514 34.511620 290.190643
v 45.829605 34.511620 282.349731
v 17.352497 43.979034 239.879349
v 20.933434 43.979034 241.831177
v 20.933434 34.511623 241.831177
v 17.352497 34.511623 239.879349
v -20.932823 43.979034 241.831177
v -17.354467 43.979034 239.879349
v -17.354467 34.511623 239.879349
v -20.932823 34.511623 241.831177
v -45.841904 43.979034 290.190643
v -45.828995 43.979034 282.349731
v -45.828995 34.511620 282.349731
v -45.841904 34.511620 290.190643
v 45.829605 34.511620 282.349731
v 45.842514 34.511620 290.190643
v 43.642834 32.301613 287.990967
v 43.635086 32.301613 283.459900
v -45.841904 34.511620 290.190643
v -45.828995 34.511620 282.349731
v -43.634476 32.301613 283.459900
v -43.642223 32.301613 287.990967
v -20.932823 34.511623 241.831177
v -17.354467 34.511623 239.879349
v -16.794220 32.301613 242.076447
v -19.293388 32.301613 243.439636
v 17.352497 34.511623 239.879349
v 20.933434 34.511623 241.831177
v 19.293999 32.301613 243.439636
v 16.792248 32.301613 242.076447
v 45.842514 43.979034 290.190643
v 45.829605 43.979034 282.349731
v 43.635086 46.189041 283.459900
v 43.642834 46.189041 287.990967
v 20.933434 43.979034 241.831177
v 17.352497 43.979034 239.879349
v 16.792248 46.189041 242.076447
v 19.293999 46.189041 243.439636
v -17.354467 43.979034 239.879349
v -20.932823 43.979034 241.831177
v -19.293388 46.189041 243.439636
v -16.794220 46.189041 242.076447
v -45.828995 43.979034 282.349731
v -45.841904 43.979034 290.190643
v -43.642223 46.189041 287.990967
v -43.634476 46.189041 283.459900
v 22.497997 46.214859 261.390808
v 3.070050 46.214859 261.390808
v 5.411731 48.582359 263.758301
v 21.078014 48.582359 263.758301
v 31.751122 46.214859 278.727509
v 22.497997 46.214859 261.390808
v 21.078014 48.582359 263.758301
v 27.803570 48.582359 276.359985
v 2.886743 46.214859 278.727509
v 31.751122 46.214859 278.727509
v 27.803570 48.582359 276.359985
v 5.280060 48.582359 276.359985
v 3.070050 46.214859 261.390808
v 2.886743 46.214859 278.727509
v 5.280060 48.582359 276.359985
v 5.411731 48.582359 263.758301
v 5.280060 48.582359 276.359985
v 27.803570 48.582359 276.359985
v 21.078014 48.582359 263.758301
v 5.411731 48.582359 263.758301
v 22.497997 46.214859 261.390808
v 31.751122 46.214859 278.727509
v 2.886743 46.214859 278.727509
v 3.070050 46.214859 261.390808
v -22.499969 46.214859 261.390808
v -21.079987 48.582359 263.758301
v -5.411120 48.582359 263.758301
v -3.069440 46.214859 261.390808
v -31.753094 46.214859 278.727509
v -27.805542 48.582359 276.359985
v -21.079987 48.582359 263.758301
v -22.499969 46.214859 261.390808
v -2.888715 46.214859 278.727509
v -5.279449 48.582359 276.359985
v -27.805542 48.582359 276.359985
v -31.753094 46.214859 278.727509
v -3.069440 46.214859 261.390808
v -5.411120 48.582359 263.758301
v -5.279449 48.582359 276.359985
v -2.888715 46.214859 278.727509
v -5.279449 48.582359 276.359985
v -5.411120 48.582359 263.758301
v -21.079987 48.582359 263.758301
v -27.805542 48.582359 276.359985
v -22.499969 46.214859 261.390808
v -3.069440 46.214859 261.390808
v -2.888715 46.214859 278.727509
v -31.753094 46.214859 278.727509
v 44.296024 27.605339 306.628876
v 44.296024 27.605339 313.752014
v 42.135071 32.593349 325.313263
v 42.135071 32.593349 303.649475
v 53.753113 27.605339 306.628876
v 55.914066 32.593349 303.649475
v 55.914066 32.593349 325.313263
v 53.753113 27.605339 313.752014
v 46.567997 25.942669 305.598755
v 51.481140 25.942669 305.598755
v 51.537937 25.942669 314.134125
v 46.511200 25.942669 314.134125
v 46.511200 25.942669 314.134125
v 51.537937 25.942669 314.134125
v 54.403721 32.593349 329.552551
v 43.645416 32.593349 329.552551
v 43.769341 32.593349 301.627960
v 54.279800 32.593349 301.627960
v 51.481140 25.942669 305.598755
v 46.567997 25.942669 305.598755
v 44.296024 27.605339 306.628876
v 42.135071 32.593349 303.649475
v 43.769341 32.593349 301.627960
v 46.567997 25.942669 305.598755
v 42.135071 32.593349 325.313263
v 44.296024 27.605339 313.752014
v 46.511200 25.942669 314.134125
v 43.645416 32.593349 329.552551
v 44.296024 27.605339 313.752014
v 44.296024 27.605339 306.628876
v 46.567997 25.942669 305.598755
v 46.511200 25.942669 314.134125
v 53.753113 27.605339 306.628876
v 53.753113 27.605339 313.752014
v 51.537937 25.942669 314.134125
v 51.481140 25.942669 305.598755
v 53.753113 27.605339 313.752014
v 55.914066 32.593349 325.313263
v 54.403721 32.593349 329.552551
v 51.537937 25.942669 314.134125
v 55.914066 32.593349 303.649475
v 53.753113 27.605339 306.628876
v 51.481140 25.942669 305.598755
v 54.279800 32.593349 301.627960
v -44.295414 27.605339 306.628876
v -42.137039 32.593349 303.649475
v -42.137039 32.593349 325.313263
v -44.295414 27.605339 313.752014
v -53.755081 27.605339 306.628876
v -53.755081 27.605339 313.752014
v -55.913456 32.593349 325.313263
v -55.913456 32.593349 303.649475
v -46.567387 25.942669 305.598755
v -46.510590 25.942669 314.134125
v -51.539909 25.942669 314.134125
v -51.480530 25.942669 305.598755
v -46.510590 25.942669 314.134125
v -43.647385 32.593349 329.552551
v -54.403111 32.593349 329.552551
v -51.539909 25.942669 314.134125
v -43.768730 32.593349 301.627960
v -46.567387 25.942669 305.598755
v -51.480530 25.942669 305.598755
v -54.279190 32.593349 301.627960
v -44.295414 27.605339 306.628876
v -46.567387 25.942669 305.598755
v -43.768730 32.593349 301.627960
v -42.137039 32.593349 303.649475
v -42.137039 32.593349 325.313263
v -43.647385 32.593349 329.552551
v -46.510590 25.942669 314.134125
v -44.295414 27.605339 313.752014
v -44.295414 27.605339 313.752014
v -46.510590 25.942669 314.134125
v -46.567387 25.942669 305.598755
v -44.295414 27.605339 306.628876
v -53.755081 27.605339 306.628876
v -51.480530 25.942669 305.598755
v -51.539909 25.942669 314.134125
v -53.755081 27.605339 313.752014
v -53.755081 27.605339 313.752014
v -51.539909 25.942669 314.134125
v -54.403111 32.593349 329.552551
v -55.913456 32.593349 325.313263
v -55.913456 32.593349 303.649475
v -54.279190 32.593349 301.627960
v -51.480530 25.942669 305.598755
v -53.755081 27.605339 306.628876
v -13.533422 51.778610 309.778656
v -15.015369 51.778610 284.926361
v -15.015369 55.666786 284.926361
v -13.533422 55.666786 309.778656
v -24.606707 51.778610 284.926361
v -26.091234 51.778610 309.778656
v -26.091234 55.666786 309.778656
v -24.606707 55.666786 284.926361
v -33.299583 35.459152 -57.248192
v -28.414843 34.749161 -60.057175
v -26.858025 38.614098 -58.967667
v -31.236736 39.406704 -55.869522
v -31.236736 39.406704 -55.869522
v -26.858025 38.614098 -58.967667
v -19.270153 55.968868 -69.782768
v -22.820110 56.593658 -67.262939
v 22.820721 56.593658 -67.262939
v 19.268181 55.968868 -69.782768
v 26.858635 38.614098 -58.967667
v 31.234764 39.406704 -55.869522
v 31.234764 39.406704 -55.869522
v 26.858635 38.614098 -58.967667
v 28.415453 34.749161 -60.057175
v 33.297615 35.459152 -57.248192
v 32.350098 63.179779 317.312317
v 33.072998 62.864803 318.711639
v 34.154766 61.196968 318.711639
v 34.361309 60.081635 317.312317
v 34.361309 60.081635 317.312317
v 34.154766 61.196968 318.711639
v 32.783836 61.220200 324.045593
v 32.688309 60.081635 323.660919
v 32.688309 60.081635 323.660919
v 32.783836 61.220200 324.045593
v 28.056587 61.240860 329.679077
v 27.829388 60.081635 329.389893
v 27.829388 60.081635 329.389893
v 28.056587 61.240860 329.679077
v 20.600384 61.258926 334.202362
v 20.264751 60.081635 333.936432
v 20.264751 60.081635 333.936432
v 20.600384 61.258926 334.202362
v 11.861034 61.264095 336.892578
v 10.732794 60.081635 336.856445
v 10.732794 60.081635 336.856445
v 11.861034 61.264095 336.892578
v 11.553802 62.800259 336.322021
v 10.110583 63.179779 335.707550
v -32.349487 63.179779 317.312317
v -34.360699 60.081635 317.312317
v -34.154156 61.196968 318.711639
v -33.072388 62.864803 318.711639
v -34.360699 60.081635 317.312317
v -32.687698 60.081635 323.660919
v -32.785809 61.220200 324.045593
v -34.154156 61.196968 318.711639
v -32.687698 60.081635 323.660919
v -27.831360 60.081635 329.389893
v -28.055977 61.240860 329.679077
v -32.785809 61.220200 324.045593
v -27.831360 60.081635 329.389893
v -20.266724 60.081635 333.936432
v -20.599773 61.258926 334.202362
v -28.055977 61.240860 329.679077
v -20.266724 60.081635 333.936432
v -10.732183 60.081635 336.856445
v -11.863007 61.264095 336.892578
v -20.599773 61.258926 334.202362
v -10.732183 60.081635 336.856445
v -10.109973 63.179779 335.707550
v -11.553192 62.800259 336.322021
v -11.863007 61.264095 336.892578
v 37.214184 9.765190 331.543121
v 38.231407 8.747966 331.119690
v 44.298607 8.747967 321.479309
v 43.702213 9.765190 321.246948
v 43.702213 9.765190 321.246948
v 44.298607 8.747967 321.479309
v 46.343384 8.753130 310.710693
v 45.938042 9.765191 309.579865
v 45.938042 9.765191 309.579865
v 46.343384 8.753130 310.710693
v 45.651463 5.993200 310.710693
v 44.833038 5.350335 309.579865
v 44.833038 5.350335 309.579865
v 45.651463 5.993200 310.710693
v 43.604107 6.189415 321.590332
v 42.654007 5.554296 321.246948
v 42.654007 5.554296 321.246948
v 43.604107 6.189415 321.590332
v 37.702141 6.566356 331.122284
v 36.284740 5.962217 331.543121
v 36.284740 5.962217 331.543121
v 37.702141 6.566356 331.122284
v 38.231407 8.747966 331.119690
v 37.214184 9.765190 331.543121
v -37.213573 9.765190 331.543121
v -43.704185 9.765190 321.246948
v -44.300579 8.747967 321.479309
v -38.233379 8.747966 331.119690
v -43.704185 9.765190 321.246948
v -45.940014 9.765191 309.579865
v -46.342773 8.753130 310.710693
v -44.300579 8.747967 321.479309
v -45.940014 9.765191 309.579865
v -44.835007 5.350335 309.579865
v -45.650852 5.993200 310.710693
v -46.342773 8.753130 310.710693
v -44.835007 5.350335 309.579865
v -42.655979 5.554296 321.246948
v -43.606079 6.189415 321.590332
v -45.650852 5.993200 310.710693
v -42.655979 5.554296 321.246948
v -36.284130 5.962217 331.543121
v -37.704113 6.566356 331.122284
v -43.606079 6.189415 321.590332
v -36.284130 5.962217 331.543121
v -37.213573 9.765190 331.543121
v -38.233379 8.747966 331.119690
v -37.704113 6.566356 331.122284
v 170.904282 5.649844 -175.824509
v 170.514435 5.161887 -206.281845
v 165.944672 6.163620 -203.441879
v 165.978226 6.914919 -174.120529
v 164.966171 6.303035 -172.925156
v 165.978226 6.914919 -174.120529
v 165.944672 6.163620 -203.441879
v 164.932602 5.515592 -203.901459
v 164.932602 5.515592 -203.901459
v 165.944672 6.163620 -203.441879
v 170.514435 5.161887 -206.281845
v 171.131470 4.121427 -207.756042
v 171.131470 4.121427 -207.756042
v 170.514435 5.161887 -206.281845
v 170.904282 5.649844 -175.824509
v 171.549728 4.650692 -175.199707
v 171.549728 4.650692 -175.199707
v 170.904282 5.649844 -175.824509
v 165.978226 6.914919 -174.120529
v 164.966171 6.303035 -172.925156
v -170.906250 5.649844 -175.824509
v -165.977615 6.914919 -174.120529
v -165.944061 6.163620 -203.441879
v -170.516403 5.161887 -206.281845
v -164.965561 6.303035 -172.925156
v -164.931992 5.515592 -203.901459
v -165.944061 6.163620 -203.441879
v -165.977615 6.914919 -174.120529
v -164.931992 5.515592 -203.901459
v -171.133453 4.121427 -207.756042
v -170.516403 5.161887 -206.281845
v -165.944061 6.163620 -203.441879
v -171.133453 4.121427 -207.756042
v -171.549118 4.650692 -175.199707
v -170.906250 5.649844 -175.824509
v -170.516403 5.161887 -206.281845
v -171.549118 4.650692 -175.199707
v -164.965561 6.303035 -172.925156
v -165.977615 6.914919 -174.120529
v -170.906250 5.649844 -175.824509
v 57.992405 -15.035438 -84.586731
v 51.021580 -15.019946 -84.418915
v 50.327080 -12.541430 -116.298828
v 57.615463 -12.900298 -116.329803
v 49.485416 -11.611987 -117.153397
v 50.327080 -12.541430 -116.298828
v 51.021580 -15.019946 -84.418915
v 50.216064 -14.211848 -83.564346
v 50.216064 -14.211848 -83.564346
v 51.021580 -15.019946 -84.418915
v 57.992405 -15.035438 -84.586731
v 58.870213 -14.271228 -83.773468
v 58.870213 -14.271228 -83.773468
v 57.992405 -15.035438 -84.586731
v 57.615463 -12.900298 -116.329803
v 58.475204 -12.014745 -117.192123
v 58.475204 -12.014745 -117.192123
v 57.615463 -12.900298 -116.329803
v 50.327080 -12.541430 -116.298828
v 49.485416 -11.611987 -117.153397
v -57.991795 -15.035438 -84.586731
v -57.617435 -12.900298 -116.329803
v -50.329056 -12.541430 -116.298828
v -51.020969 -15.019946 -84.418915
v -49.487389 -11.611987 -117.153397
v -50.218033 -14.211848 -83.564346
v -51.020969 -15.019946 -84.418915
v -50.329056 -12.541430 -116.298828
v -50.218033 -14.211848 -83.564346
v -58.872185 -14.271228 -83.773468
v -57.991795 -15.035438 -84.586731
v -51.020969 -15.019946 -84.418915
v -58.872185 -14.271228 -83.773468
v -58.474594 -12.014745 -117.192123
v -57.617435 -12.900298 -116.329803
v -57.991795 -15.035438 -84.586731
v -58.474594 -12.014745 -117.192123
v -49.487389 -11.611987 -117.153397
v -50.329056 -12.541430 -116.298828
v -57.617435 -12.900298 -116.329803
v 68.412498 32.211262 -52.874645
v 68.737808 34.052078 -53.112167
v 58.384842 35.823181 -53.109589
v 58.056950 33.982368 -52.872063
v 58.056950 33.982368 -52.872063
v 58.384842 35.823181 -53.109589
v 57.912369 29.688858 -101.876961
v 57.584488 27.848045 -101.639435
v 57.584488 27.848045 -101.639435
v 57.912369 29.688858 -101.876961
v 68.226608 27.811901 -101.647186
v 67.898727 25.971085 -101.409660
v 67.898727 25.971085 -101.409660
v 68.226608 27.811901 -101.647186
v 68.737808 34.052078 -53.112167
v 68.412498 32.211262 -52.874645
v 108.592850 26.435802 19.250160
v 109.258949 28.183670 19.020382
v 74.941833 39.912731 8.690651
v 74.275734 38.167442 8.923012
v 74.275734 38.167442 8.923012
v 74.941833 39.912731 8.690651
v 74.608788 36.329212 -19.293341
v 73.942688 34.583923 -19.060978
v 73.942688 34.583923 -19.060978
v 74.608788 36.329212 -19.293341
v 80.939331 32.985798 -26.289982
v 80.273224 31.237926 -26.057621
v 80.273224 31.237926 -26.057621
v 80.939331 32.985798 -26.289982
v 71.944382 26.613953 -100.253021
v 71.278282 24.866081 -100.023239
v 71.278282 24.866081 -100.023239
v 71.944382 26.613953 -100.253021
v 79.274078 23.815292 -100.253021
v 78.607971 22.067425 -100.023239
v 78.607971 22.067425 -100.023239
v 79.274078 23.815292 -100.253021
v 109.258949 28.183670 19.020382
v 108.592850 26.435802 19.250160
v 58.601707 27.029617 -106.526764
v 59.058685 28.842033 -106.764282
v 58.898613 23.482246 -148.922287
v 58.441635 21.669830 -148.687347
v 58.441635 21.669830 -148.687347
v 58.898613 23.482246 -148.922287
v 67.901306 22.250732 -144.682983
v 67.444328 20.438320 -144.445465
v 67.444328 20.438320 -144.445465
v 67.901306 22.250732 -144.682983
v 77.273193 23.696533 -106.753967
v 76.816216 21.881535 -106.516434
v 165.314713 7.436441 -202.290405
v 144.970230 11.130979 -191.297150
v 150.345505 13.903813 -88.214142
v 160.360260 11.260063 -100.671265
v 185.380356 3.362381 -182.945068
v 179.160828 5.500098 -126.809280
v 185.896713 3.574085 -128.017548
v 187.887268 2.649807 -182.423553
v 132.161987 18.958948 -12.882763
v 132.484711 21.047615 -12.980871
v 121.406258 24.584663 11.099457
v 121.083534 22.498577 11.197563
v 107.087677 24.339394 -25.897552
v 106.764954 22.250725 -25.799444
v 115.302917 23.304096 7.585646
v 115.628220 25.323051 7.487537
v 150.944489 12.958878 -50.210239
v 151.496979 15.001071 -50.267040
v 144.270569 16.857376 -48.098339
v 143.720642 14.817764 -48.041538
v 143.720642 14.817764 -48.041538
v 144.270569 16.857376 -48.098339
v 140.379822 17.020031 -67.123528
v 139.829895 14.977836 -67.066727
v 179.362213 3.132599 -122.456390
v 179.912140 5.172211 -122.510605
v 185.932861 3.176489 -123.956406
v 185.382935 1.134295 -123.899605
v 185.382935 1.134295 -123.899605
v 185.932861 3.176489 -123.956406
v 186.172974 3.153253 -116.972672
v 185.623047 1.113641 -116.915871
v 139.827301 14.531187 -77.886993
v 140.235229 16.604362 -77.972198
v 125.699768 16.779926 -139.041779
v 125.291847 14.706752 -138.956589
v 125.291847 14.706752 -138.956589
v 125.699768 16.779926 -139.041779
v 134.005371 14.815187 -149.056549
v 133.597458 12.742011 -148.971344
v 133.597458 12.742011 -148.971344
v 134.005371 14.815187 -149.056549
v 126.920959 14.908132 -177.148956
v 126.513031 12.834957 -177.061188
v 126.513031 12.834957 -177.061188
v 126.920959 14.908132 -177.148956
v 129.363327 14.229123 -182.766937
v 128.955414 12.155947 -182.681732
v 128.955414 12.155947 -182.681732
v 129.363327 14.229123 -182.766937
v 140.217163 11.975223 -189.606079
v 139.806656 9.902047 -189.520889
v 139.806656 9.902047 -189.520889
v 140.217163 11.975223 -189.606079
v 147.928955 14.634459 -84.080704
v 147.521027 12.561284 -83.992920
v 147.521027 12.561284 -83.992920
v 147.928955 14.634459 -84.080704
v 141.332489 16.449455 -75.775101
v 140.924561 14.376280 -75.687317
v 140.924561 14.376280 -75.687317
v 141.332489 16.449455 -75.775101
v 140.235229 16.604362 -77.972198
v 139.827301 14.531187 -77.886993
v 172.435272 3.654124 -208.817169
v 172.961960 5.701481 -208.853302
v 181.755524 3.695432 -214.959229
v 181.228851 1.648075 -214.925690
v 181.228851 1.648075 -214.925690
v 181.755524 3.695432 -214.959229
v 186.152313 2.698863 -210.562469
v 185.628204 0.651505 -210.528885
v 185.628204 0.651505 -210.528885
v 186.152313 2.698863 -210.562469
v 176.137558 6.398560 -122.624207
v 175.610870 4.351202 -122.588058
v 175.610870 4.351202 -122.588058
v 176.137558 6.398560 -122.624207
v 165.660675 9.739391 -109.557777
v 165.133987 7.692034 -109.524216
v 165.133987 7.692034 -109.524216
v 165.660675 9.739391 -109.557777
v 172.961960 5.701481 -208.853302
v 172.435272 3.654124 -208.817169
v 102.301033 21.680153 -44.429619
v 102.639252 23.766239 -44.527725
v 98.304428 23.363480 -59.458206
v 97.966217 21.277393 -59.360092
v 149.963409 11.822892 -88.147018
v 150.345505 13.903813 -88.214142
v 144.970230 11.130979 -191.297150
v 144.588135 9.052639 -191.230026
v 144.588135 9.052639 -191.230026
v 144.970230 11.130979 -191.297150
v 165.314713 7.436441 -202.290405
v 164.932602 5.355521 -202.223297
v 164.932602 5.355521 -202.223297
v 165.314713 7.436441 -202.290405
v 160.360260 11.260063 -100.671265
v 159.978149 9.179143 -100.604141
v 159.978149 9.179143 -100.604141
v 160.360260 11.260063 -100.671265
v 150.345505 13.903813 -88.214142
v 149.963409 11.822892 -88.147018
v 185.318390 1.539636 -128.004639
v 185.896713 3.574085 -128.017548
v 179.160828 5.500098 -126.809280
v 178.582520 3.465650 -126.796371
v 178.582520 3.465650 -126.796371
v 179.160828 5.500098 -126.809280
v 185.380356 3.362381 -182.945068
v 184.799454 1.327932 -182.932159
v 184.799454 1.327932 -182.932159
v 185.380356 3.362381 -182.945068
v 187.887268 2.649807 -182.423553
v 187.306366 0.615359 -182.410645
v 187.306366 0.615359 -182.410645
v 187.887268 2.649807 -182.423553
v 185.896713 3.574085 -128.017548
v 185.318390 1.539636 -128.004639
v 126.549179 13.970942 -151.883606
v 126.724739 16.077679 -151.984283
v 126.453651 16.160297 -151.217499
v 126.278091 14.053559 -151.116806
v 126.278091 14.053559 -151.116806
v 126.453651 16.160297 -151.217499
v 120.753067 17.582863 -143.789703
v 120.577515 15.478705 -143.688995
v 82.059822 18.871172 -133.498688
v 82.235382 20.977909 -133.599380
v 76.707779 21.261909 -136.015930
v 76.532219 19.157753 -135.915253
v 76.532219 19.157753 -135.915253
v 76.707779 21.261909 -136.015930
v 74.980560 21.047619 -143.097778
v 74.805000 18.943464 -142.997086
v 74.805000 18.943464 -142.997086
v 74.980560 21.047619 -143.097778
v 81.027107 20.211121 -151.390472
v 80.848969 18.106964 -151.289795
v 80.848969 18.106964 -151.289795
v 81.027107 20.211121 -151.390472
v 80.162209 20.082031 -155.363846
v 79.986649 17.977875 -155.263153
v 79.986649 17.977875 -155.263153
v 80.162209 20.082031 -155.363846
v 120.236710 16.015717 -179.539703
v 120.058563 13.911561 -179.439011
v 120.058563 13.911561 -179.439011
v 120.236710 16.015717 -179.539703
v 126.724739 16.077679 -151.984283
v 126.549179 13.970942 -151.883606
v 124.377899 15.940845 -116.569916
v 124.550873 18.047581 -116.670601
v 121.096443 19.000261 -111.661934
v 120.923462 16.893524 -111.561249
v 84.303398 20.193047 -102.579208
v 84.478958 22.299786 -102.679901
v 79.124329 21.734375 -122.544167
v 78.948769 19.627636 -122.443481
v 78.948769 19.627636 -122.443481
v 79.124329 21.734375 -122.544167
v 80.505585 21.509758 -125.136292
v 80.332611 19.403019 -125.035591
v 80.332611 19.403019 -125.035591
v 80.505585 21.509758 -125.136292
v 119.694534 18.171509 -135.496994
v 119.521553 16.064770 -135.396301
v 119.521553 16.064770 -135.396301
v 119.694534 18.171509 -135.496994
v 121.096443 17.946896 -134.118317
v 120.923462 15.840155 -134.015045
v 120.923462 15.840155 -134.015045
v 121.096443 17.946896 -134.118317
v 124.550873 18.047581 -116.670601
v 124.377899 15.940845 -116.569916
v 107.472351 20.322136 -64.926422
v 107.707306 22.421127 -65.027115
v 94.751892 22.950394 -73.577995
v 94.516945 20.851402 -73.477310
v 94.516945 20.851402 -73.477310
v 94.751892 22.950394 -73.577995
v 90.174377 22.361748 -92.750343
v 89.939438 20.262756 -92.649658
v 89.939438 20.262756 -92.649658
v 90.174377 22.361748 -92.750343
v 119.330505 19.875488 -100.521523
v 119.092987 17.773912 -100.423416
v 119.092987 17.773912 -100.423416
v 119.330505 19.875488 -100.521523
v 126.879646 18.481323 -96.894112
v 126.644714 16.379747 -96.796005
v 126.644714 16.379747 -96.796005
v 126.879646 18.481323 -96.894112
v 132.841003 18.290268 -73.748398
v 132.603470 16.191277 -73.650284
v 132.603470 16.191277 -73.650284
v 132.841003 18.290268 -73.748398
v 132.061295 18.551029 -71.504822
v 131.826355 16.449455 -71.404129
v -68.739777 34.052078 -53.112167
v -58.384232 35.823181 -53.109589
v -57.914341 29.688858 -101.876961
v -68.225998 27.811901 -101.647186
v -58.384232 35.823181 -53.109589
v -68.739777 34.052078 -53.112167
v -68.411888 32.211262 -52.874645
v -58.056339 33.982368 -52.872063
v -57.914341 29.688858 -101.876961
v -58.384232 35.823181 -53.109589
v -58.056339 33.982368 -52.872063
v -57.586456 27.848045 -101.639435
v -68.225998 27.811901 -101.647186
v -57.914341 29.688858 -101.876961
v -57.586456 27.848045 -101.639435
v -67.900696 25.971085 -101.409660
v -68.739777 34.052078 -53.112167
v -68.225998 27.811901 -101.647186
v -67.900696 25.971085 -101.409660
v -68.411888 32.211262 -52.874645
v -74.943810 39.912731 8.690651
v -109.260925 28.183670 19.020382
v -108.592239 26.435802 19.250160
v -74.275124 38.167442 8.923012
v -74.610756 36.329212 -19.293341
v -74.943810 39.912731 8.690651
v -74.275124 38.167442 8.923012
v -73.942078 34.583923 -19.060978
v -80.941299 32.985798 -26.289982
v -74.610756 36.329212 -19.293341
v -73.942078 34.583923 -19.060978
v -80.272614 31.237926 -26.057621
v -71.943771 26.613953 -100.253021
v -80.941299 32.985798 -26.289982
v -80.272614 31.237926 -26.057621
v -71.277672 24.866081 -100.023239
v -79.273468 23.815292 -100.253021
v -71.943771 26.613953 -100.253021
v -71.277672 24.866081 -100.023239
v -78.607361 22.067425 -100.023239
v -109.260925 28.183670 19.020382
v -79.273468 23.815292 -100.253021
v -78.607361 22.067425 -100.023239
v -108.592239 26.435802 19.250160
v -58.900589 23.482246 -148.922287
v -59.058075 28.842033 -106.764282
v -58.601097 27.029617 -106.526764
v -58.441025 21.669830 -148.687347
v -67.903275 22.250732 -144.682983
v -58.900589 23.482246 -148.922287
v -58.441025 21.669830 -148.687347
v -67.446304 20.438320 -144.445465
v -77.275162 23.696533 -106.753967
v -67.903275 22.250732 -144.682983
v -67.446304 20.438320 -144.445465
v -76.818184 21.881535 -106.516434
v -150.344894 13.903813 -88.214142
v -144.972198 11.130979 -191.297150
v -165.316681 7.436441 -202.290405
v -160.359650 11.260063 -100.671265
v -185.898682 3.574085 -128.017548
v -179.162811 5.500098 -126.809280
v -185.379745 3.362381 -182.945068
v -187.886658 2.649807 -182.423553
v -121.408234 24.584663 11.099457
v -132.484100 21.047615 -12.980871
v -132.161377 18.958948 -12.882763
v -121.085510 22.498577 11.197563
v -107.089638 24.339394 -25.897552
v -115.627609 25.323051 7.487537
v -115.304886 23.234386 7.585646
v -106.764343 22.250725 -25.799444
v -144.272537 16.857376 -48.098339
v -151.496368 15.001071 -50.267040
v -150.946457 12.958878 -50.210239
v -143.720032 14.817764 -48.041538
v -140.381775 17.020031 -67.123528
v -144.272537 16.857376 -48.098339
v -143.720032 14.817764 -48.041538
v -139.829285 14.977836 -67.066727
v -185.932251 3.176489 -123.956406
v -179.914108 5.172211 -122.510605
v -179.361603 3.132599 -122.456390
v -185.382324 1.134295 -123.899605
v -186.174942 3.153253 -116.972672
v -185.932251 3.176489 -123.956406
v -185.382324 1.134295 -123.899605
v -185.622437 1.113641 -116.915871
v -125.701752 16.779926 -139.041779
v -140.237213 16.604362 -77.972198
v -139.829285 14.531187 -77.886993
v -125.291237 14.706752 -138.956589
v -134.004761 14.815187 -149.056549
v -125.701752 16.779926 -139.041779
v -125.291237 14.706752 -138.956589
v -133.596848 12.742011 -148.971344
v -126.922928 14.908132 -177.148956
v -134.004761 14.815187 -149.056549
v -133.596848 12.742011 -148.971344
v -126.512421 12.834957 -177.061188
v -129.365295 14.229123 -182.766937
v -126.922928 14.908132 -177.148956
v -126.512421 12.834957 -177.061188
v -128.954803 12.155947 -182.681732
v -140.216553 11.975223 -189.606079
v -129.365295 14.229123 -182.766937
v -128.954803 12.155947 -182.681732
v -139.808624 9.902047 -189.520889
v -147.928345 14.634459 -84.080704
v -140.216553 11.975223 -189.606079
v -139.808624 9.902047 -189.520889
v -147.520416 12.561284 -83.992920
v -141.334473 16.449455 -75.775101
v -147.928345 14.634459 -84.080704
v -147.520416 12.561284 -83.992920
v -140.926544 14.376280 -75.687317
v -140.237213 16.604362 -77.972198
v -141.334473 16.449455 -75.775101
v -140.926544 14.376280 -75.687317
v -139.829285 14.531187 -77.886993
v -181.754913 3.695432 -214.959229
v -172.961349 5.701481 -208.853302
v -172.437256 3.654124 -208.817169
v -181.230820 1.648075 -214.925690
v -186.151703 2.698863 -210.562469
v -181.754913 3.695432 -214.959229
v -181.230820 1.648075 -214.925690
v -185.627594 0.651505 -210.528885
v -176.136948 6.398560 -122.624207
v -186.151703 2.698863 -210.562469
v -185.627594 0.651505 -210.528885
v -175.612854 4.351202 -122.588058
v -165.660065 9.739391 -109.557777
v -176.136948 6.398560 -122.624207
v -175.612854 4.351202 -122.588058
v -165.135956 7.692034 -109.524216
v -172.961349 5.701481 -208.853302
v -165.660065 9.739391 -109.557777
v -165.135956 7.692034 -109.524216
v -172.437256 3.654124 -208.817169
v -98.303818 23.363480 -59.458206
v -102.638641 23.766239 -44.527725
v -102.300423 21.680153 -44.429619
v -97.965607 21.277393 -59.360092
v -144.972198 11.130979 -191.297150
v -150.344894 13.903813 -88.214142
v -149.962799 11.822892 -88.147018
v -144.590088 9.052639 -191.230026
v -165.316681 7.436441 -202.290405
v -144.972198 11.130979 -191.297150
v -144.590088 9.052639 -191.230026
v -164.934570 5.355521 -202.223297
v -160.359650 11.260063 -100.671265
v -165.316681 7.436441 -202.290405
v -164.934570 5.355521 -202.223297
v -159.977539 9.179143 -100.604141
v -150.344894 13.903813 -88.214142
v -160.359650 11.260063 -100.671265
v -159.977539 9.179143 -100.604141
v -149.962799 11.822892 -88.147018
v -179.162811 5.500098 -126.809280
v -185.898682 3.574085 -128.017548
v -185.317780 1.539636 -128.004639
v -178.581909 3.465650 -126.796371
v -185.379745 3.362381 -182.945068
v -179.162811 5.500098 -126.809280
v -178.581909 3.465650 -126.796371
v -184.801422 1.327932 -182.932159
v -187.886658 2.649807 -182.423553
v -185.379745 3.362381 -182.945068
v -184.801422 1.327932 -182.932159
v -187.308350 0.615359 -182.410645
v -185.898682 3.574085 -128.017548
v -187.886658 2.649807 -182.423553
v -187.308350 0.615359 -182.410645
v -185.317780 1.539636 -128.004639
v -126.455627 16.160297 -151.217499
v -126.724129 16.077679 -151.984283
v -126.548569 13.970942 -151.883606
v -126.277481 14.053559 -151.116806
v -120.755035 17.582863 -143.789703
v -126.455627 16.160297 -151.217499
v -126.277481 14.053559 -151.116806
v -120.579475 15.478705 -143.688995
v -76.709747 21.261909 -136.015930
v -82.234772 20.977909 -133.599380
v -82.059212 18.871172 -133.498688
v -76.531609 19.157753 -135.915253
v -74.982536 21.047619 -143.097778
v -76.709747 21.261909 -136.015930
v -76.531609 19.157753 -135.915253
v -74.804390 18.943464 -142.997086
v -81.026497 20.211121 -151.390472
v -74.982536 21.047619 -143.097778
v -74.804390 18.943464 -142.997086
v -80.850937 18.106964 -151.289795
v -80.164185 20.082031 -155.363846
v -81.026497 20.211121 -151.390472
v -80.850937 18.106964 -151.289795
v -79.986038 17.977875 -155.263153
v -120.236099 16.015717 -179.539703
v -80.164185 20.082031 -155.363846
v -79.986038 17.977875 -155.263153
v -120.060547 13.911561 -179.439011
v -126.724129 16.077679 -151.984283
v -120.236099 16.015717 -179.539703
v -120.060547 13.911561 -179.439011
v -126.548569 13.970942 -151.883606
v -121.098419 19.000261 -111.661934
v -124.552856 18.047581 -116.670601
v -124.377289 15.940845 -116.569916
v -120.922852 16.893524 -111.561249
v -79.123718 21.734375 -122.544167
v -84.478348 22.299786 -102.679901
v -84.305367 20.193047 -102.579208
v -78.950745 19.627636 -122.443481
v -80.507561 21.509758 -125.136292
v -79.123718 21.734375 -122.544167
v -78.950745 19.627636 -122.443481
v -80.332001 19.403019 -125.035591
v -119.696503 18.171509 -135.496994
v -80.507561 21.509758 -125.136292
v -80.332001 19.403019 -125.035591
v -119.523529 16.064770 -135.396301
v -121.098419 17.946896 -134.118317
v -119.696503 18.171509 -135.496994
v -119.523529 16.064770 -135.396301
v -120.922852 15.840155 -134.015045
v -124.552856 18.047581 -116.670601
v -121.098419 17.946896 -134.118317
v -120.922852 15.840155 -134.015045
v -124.377289 15.940845 -116.569916
v -94.753860 22.950394 -73.577995
v -107.709267 22.421127 -65.027115
v -107.471741 20.322136 -64.926422
v -94.518921 20.851402 -73.477310
v -90.176353 22.361748 -92.750343
v -94.753860 22.950394 -73.577995
v -94.518921 20.851402 -73.477310
v -89.941406 20.262756 -92.649658
v -119.329895 19.875488 -100.521523
v -90.176353 22.361748 -92.750343
v -89.941406 20.262756 -92.649658
v -119.094948 17.773912 -100.423416
v -126.881622 18.481323 -96.894112
v -119.329895 19.875488 -100.521523
v -119.094948 17.773912 -100.423416
v -126.644104 16.379747 -96.796005
v -132.840393 18.290268 -73.748398
v -126.881622 18.481323 -96.894112
v -126.644104 16.379747 -96.796005
v -132.605438 16.191277 -73.650284
v -132.063263 18.551029 -71.504822
v -132.840393 18.290268 -73.748398
v -132.605438 16.191277 -73.650284
v -131.828323 16.449455 -71.404129
v 27.767426 13.828944 -145.196777
v 28.035931 13.828944 -164.653107
v 26.566895 13.343568 -164.653107
v 26.499767 13.410694 -145.196777
v 30.599648 11.280721 -166.346771
v 30.307903 11.280720 -162.709030
v 29.040245 10.862471 -162.709030
v 29.112535 10.790181 -166.346771
v 28.428362 13.452004 -165.923355
v 26.905107 13.002772 -165.923355
v 26.566895 13.343568 -164.653107
v 28.035931 13.828944 -164.653107
v 49.330509 12.122383 -164.857071
v 44.605839 -4.235819 -164.857071
v 42.741791 -4.235819 -164.857071
v 47.469040 12.122383 -164.857071
v 49.330509 12.122383 -164.857071
v 49.330509 12.122383 -162.967209
v 44.605839 -4.235819 -162.967209
v 44.605839 -4.235819 -164.857071
v 42.741791 -4.235819 -164.857071
v 42.741791 -4.235819 -162.967209
v 47.469040 12.122383 -162.967209
v 47.469040 12.122383 -164.857071
v -27.766815 13.828944 -145.196777
v -26.499157 13.410694 -145.196777
v -26.566284 13.343568 -164.653107
v -28.037903 13.828944 -164.653107
v -30.601616 11.280721 -166.346771
v -29.114510 10.790181 -166.346771
v -29.039635 10.862471 -162.709030
v -30.309875 11.280720 -162.709030
v -28.427752 13.452004 -165.923355
v -28.037903 13.828944 -164.653107
v -26.566284 13.343568 -164.653107
v -26.904497 13.002772 -165.923355
v -49.332481 12.122383 -164.857071
v -47.468430 12.122383 -164.857071
v -42.741180 -4.235819 -164.857071
v -44.605228 -4.235819 -164.857071
v -49.332481 12.122383 -164.857071
v -44.605228 -4.235819 -164.857071
v -44.605228 -4.235819 -162.967209
v -49.332481 12.122383 -162.967209
v -42.741180 -4.235819 -164.857071
v -47.468430 12.122383 -164.857071
v -47.468430 12.122383 -162.967209
v -42.741180 -4.235819 -162.967209
v 117.241837 20.448637 28.921532
v 70.761925 36.362774 15.085737
v 88.901558 -16.233391 -17.315693
v 36.610046 -17.710175 -22.577375
v 36.615208 40.733742 10.750917
v 0.000305 -17.932205 -23.987030
v 0.000305 41.627037 9.351589
v -36.614597 40.733742 10.750917
v -36.612015 -17.710175 -22.577375
v -70.761314 36.362774 15.085737
v -88.903534 -16.233391 -17.315693
v -117.241226 20.448637 28.921532
v 118.434631 23.792053 -20.127256
v 107.087677 24.339394 -25.897552
v 115.628220 25.323051 7.487537
v 118.078339 25.217201 9.018538
v 132.484711 21.047615 -12.980871
v 121.406258 24.584663 11.099457
v 36.615208 19.810944 -158.539444
v 67.369461 14.128430 -153.639206
v 67.852249 -9.471684 -153.698593
v 36.615208 -9.577537 -158.490387
v 0.000305 20.766205 -158.949951
v 0.000305 -4.723777 -158.196060
v -36.614597 -9.577537 -158.490387
v -36.614597 19.810944 -158.539444
v -67.851639 -9.471684 -153.698593
v -67.368851 14.128430 -153.639206
v 131.774719 -7.114516 -50.933140
v 154.063278 -4.181605 -75.331024
v 157.148514 1.784904 -69.000488
v 134.015717 9.822004 -23.204748
v 95.580643 -13.044883 -24.818365
v 117.345108 15.698150 11.786211
v 140.379822 17.020031 -67.123528
v 144.270569 16.857376 -48.098339
v 151.496979 15.001071 -50.267040
v 165.619354 10.570725 -77.435181
v 165.593536 9.935607 -102.450119
v 186.172974 3.153253 -116.972672
v 185.932861 3.176489 -123.956406
v 179.912140 5.172211 -122.510605
v 67.852249 -9.471684 -153.698593
v 67.369461 14.128430 -153.639206
v 122.299561 8.655045 -185.942535
v 128.309967 -3.146305 -183.908081
v 136.754974 5.644681 -194.359161
v 155.777588 -7.380435 -199.471100
v 161.922241 0.974228 -209.165710
v 186.327881 -4.078328 -225.598785
v 180.330383 -13.574142 -213.441162
v 139.837646 16.898685 -20.728813
v 117.541321 23.983105 26.569527
v 117.241837 20.448637 28.921532
v 138.025223 13.100873 -14.648705
v 165.077179 8.701511 -70.593445
v 162.286270 4.803012 -63.031395
v 188.705704 0.039618 -116.515694
v 185.852829 -5.242720 -108.891678
v 70.761925 36.362774 15.085737
v 117.241837 20.448637 28.921532
v 117.541321 23.983105 26.569527
v 69.096672 40.571087 12.142500
v 36.615208 40.733742 10.750917
v 36.615208 45.047905 7.799934
v 0.000305 41.627037 9.351589
v 0.000305 45.936039 6.403188
v -36.614597 45.047905 7.799934
v -36.614597 40.733742 10.750917
v -69.098648 40.571087 12.142500
v -70.761314 36.362774 15.085737
v -117.543304 23.983105 26.569527
v -117.241226 20.448637 28.921532
v 164.927444 5.216105 -207.763794
v 188.832214 -0.092049 -224.160721
v 186.327881 -4.078328 -225.598785
v 161.922241 0.974228 -209.165710
v 139.806656 9.744558 -193.339355
v 136.754974 5.644681 -194.359161
v 120.086975 13.797964 -181.762619
v 122.299561 8.655045 -185.942535
v 68.864311 18.966702 -151.462769
v 67.369461 14.128430 -153.639206
v 117.241837 20.448637 28.921532
v 117.345108 15.698150 18.935181
v 134.015717 9.822004 -16.053198
v 138.025223 13.100873 -14.648705
v 157.148514 1.784903 -61.851517
v 162.286270 4.803012 -63.031395
v 155.114075 -6.086965 -73.611557
v 154.148483 -4.315859 -68.117516
v 131.741150 -7.078372 -43.815155
v 130.060410 -9.035366 -46.105198
v 95.531586 -12.944194 -17.697796
v 88.901558 -16.233391 -17.315693
v 117.345108 15.698150 18.935181
v 117.345108 15.698150 11.786211
v 134.015717 9.822004 -23.204748
v 134.015717 9.822004 -16.053198
v 157.148514 1.784904 -69.000488
v 157.148514 1.784903 -61.851517
v 154.148483 -4.315859 -68.117516
v 154.063278 -4.181605 -75.331024
v 131.774719 -7.114516 -50.933140
v 131.741150 -7.078372 -43.815155
v 95.580643 -13.044883 -24.818365
v 95.531586 -12.944194 -17.697796
v 155.898926 -7.718655 -79.041061
v 180.273590 -13.269496 -111.297913
v 181.505096 -12.244525 -108.749680
v 155.114075 -6.086965 -73.611557
v 129.427872 -10.708365 -49.657738
v 130.060410 -9.035366 -46.105198
v 88.614983 -17.686935 -20.277002
v 88.901558 -16.233391 -17.315693
v 36.617790 -19.124992 -25.494795
v 36.610046 -17.710175 -22.577375
v 0.000305 -19.349609 -26.909615
v 0.000305 -17.932205 -23.987030
v -36.612015 -17.710175 -22.577375
v -36.617180 -19.124992 -25.494795
v -88.903534 -16.233391 -17.315693
v -88.616951 -17.686935 -20.277002
v -130.059799 -9.035366 -46.105198
v -129.429840 -10.708365 -49.657738
v -155.113464 -6.086965 -73.611557
v -155.900909 -7.718655 -79.041061
v -181.504486 -12.244525 -108.749680
v -180.275558 -13.269496 -111.297913
v -157.147903 1.784904 -69.000488
v -154.062668 -4.181605 -75.331024
v -131.774109 -7.114516 -50.933140
v -134.017670 9.822004 -23.204748
v -95.582611 -13.044883 -24.818365
v -117.347076 15.698150 11.786211
v -122.298950 8.655045 -185.942535
v -67.368851 14.128430 -153.639206
v -67.851639 -9.471684 -153.698593
v -128.309357 -3.195359 -183.908081
v -136.754364 5.644681 -194.359161
v -155.776978 -7.380435 -199.471100
v -161.924210 0.974228 -209.165710
v -186.327271 -4.078328 -225.598785
v -180.329773 -13.574142 -213.441162
v -117.241226 20.448637 28.921532
v -117.543304 23.983105 26.569527
v -139.839600 16.898685 -20.728813
v -138.027191 13.100873 -14.648705
v -165.076569 8.701511 -70.593445
v -162.288239 4.803012 -63.031395
v -188.707672 0.039618 -116.515694
v -185.852219 -5.242720 -108.891678
v -186.327271 -4.078328 -225.598785
v -188.834183 -0.092049 -224.160721
v -164.929413 5.216105 -207.763794
v -161.924210 0.974228 -209.165710
v -139.808624 9.744558 -193.339355
v -136.754364 5.644681 -194.359161
v -120.088936 13.797964 -181.762619
v -122.298950 8.655045 -185.942535
v -68.863701 18.966702 -151.462769
v -67.368851 14.128430 -153.639206
v -134.017670 9.822004 -16.053198
v -117.347076 15.698150 18.935181
v -117.241226 20.448637 28.921532
v -138.027191 13.100873 -14.648705
v -157.147903 1.784903 -61.851517
v -162.288239 4.803012 -63.031395
v -131.740540 -7.078372 -43.815155
v -154.147873 -4.315859 -68.117516
v -155.113464 -6.086965 -73.611557
v -130.059799 -9.035366 -46.105198
v -95.530975 -12.944194 -17.697796
v -88.903534 -16.233391 -17.315693
v -134.017670 9.822004 -23.204748
v -117.347076 15.698150 11.786211
v -117.347076 15.698150 18.935181
v -134.017670 9.822004 -16.053198
v -157.147903 1.784904 -69.000488
v -157.147903 1.784903 -61.851517
v -131.774109 -7.114516 -50.933140
v -154.062668 -4.181605 -75.331024
v -154.147873 -4.315859 -68.117516
v -131.740540 -7.078372 -43.815155
v -95.582611 -13.044883 -24.818365
v -95.530975 -12.944194 -17.697796
v 202.861633 -48.846516 -267.718048
v 200.646484 -53.238136 -267.718048
v 203.179199 -55.977409 -254.956299
v 205.143936 -51.815571 -254.956299
v 207.426239 -44.072792 -267.718048
v 208.668076 -48.247536 -254.956299
v 213.049377 -41.547802 -267.718048
v 213.018387 -46.393818 -254.956299
v 218.933258 -41.720779 -267.718048
v 217.632050 -46.574543 -254.956299
v 224.114929 -44.511696 -267.718048
v 221.719009 -48.725166 -254.956299
v 227.721664 -49.512611 -267.718048
v 224.558975 -52.504906 -254.956299
v 229.286224 -55.928352 -267.718048
v 225.826630 -57.358665 -254.956299
v 229.009979 -60.836334 -267.718048
v 225.447113 -61.943916 -254.956299
v 201.570740 -58.670216 -286.970459
v 200.238541 -63.642731 -286.970459
v 200.238541 -63.642746 -257.481262
v 201.818604 -57.743355 -267.761963
v 201.591400 -58.590176 -257.481262
v 195.653290 -87.235107 -254.956299
v 196.032806 -82.652435 -254.956299
v 192.469940 -83.757446 -267.718048
v 192.191132 -88.667999 -267.718048
v 196.920944 -92.088867 -254.956299
v 193.758255 -95.083740 -267.718048
v 199.760910 -95.871185 -254.956299
v 197.362427 -100.082077 -267.718048
v 203.847900 -98.021812 -254.956299
v 202.546661 -102.875572 -267.718048
v 208.461533 -98.202538 -254.956299
v 208.430573 -103.048553 -267.718048
v 212.811844 -96.348816 -254.956299
v 214.053680 -100.523575 -267.718048
v 216.335983 -92.778214 -254.956299
v 218.618286 -95.747269 -267.718048
v 218.300720 -88.618942 -254.956299
v 220.830872 -91.358223 -267.718048
v 219.909180 -85.926132 -286.970459
v 221.238800 -80.966522 -286.970459
v 221.238800 -80.966530 -257.481262
v 219.661346 -86.853004 -267.761963
v 219.888519 -86.006180 -257.481262
v 202.063873 -56.315636 -89.141006
v 200.664536 -61.536003 -89.141006
v 201.575928 -61.778694 -83.577255
v 202.972656 -56.560905 -83.577255
v 204.413300 -51.185619 -89.141006
v 205.146515 -51.818157 -83.577255
v 208.226593 -47.323265 -89.141006
v 208.668076 -48.250130 -83.577255
v 212.922882 -45.317223 -89.141006
v 213.008057 -46.398987 -83.577255
v 217.918640 -45.508270 -89.141006
v 217.632050 -46.579712 -83.577255
v 222.338638 -47.839622 -89.141006
v 221.724182 -48.735504 -83.577255
v 225.403229 -51.924011 -89.141006
v 224.556396 -52.507500 -83.577255
v 226.774170 -57.175365 -89.141006
v 225.824051 -57.358673 -83.577255
v 226.244904 -62.795921 -89.141006
v 225.333511 -62.550652 -83.577255
v 223.936768 -67.771027 -83.577255
v 224.845551 -68.013710 -89.141006
v 224.163971 -70.053314 -286.970459
v 225.496185 -65.080780 -286.970459
v 225.744019 -64.153931 -267.761963
v 225.516815 -65.000763 -257.481262
v 224.163971 -70.053314 -257.481262
v 219.416077 -88.280739 -89.141014
v 221.125198 -81.901146 -89.141006
v 220.213837 -81.658455 -83.577255
v 218.507263 -88.035469 -83.577263
v 217.066650 -93.410751 -89.141014
v 216.333405 -92.775635 -83.577263
v 213.250748 -97.273102 -89.141014
v 212.811844 -96.343658 -83.577263
v 208.554474 -99.279152 -89.141014
v 208.471863 -98.197388 -83.577263
v 203.561310 -99.085518 -89.141014
v 203.847900 -98.016663 -83.577263
v 199.141281 -96.756744 -89.141014
v 199.753174 -95.860870 -83.577263
v 196.076721 -92.672363 -89.141014
v 196.923523 -92.086304 -83.577263
v 194.705780 -87.418427 -89.141006
v 195.655869 -87.235115 -83.577255
v 195.235046 -81.800453 -89.141006
v 196.143829 -82.043144 -83.577255
v 197.852966 -75.666130 -83.577255
v 196.944183 -75.423439 -89.141006
v 197.313385 -74.555939 -286.970459
v 195.983765 -79.515564 -286.970459
v 195.735901 -80.442429 -267.761963
v 195.963104 -79.595596 -257.481262
v 197.313385 -74.555954 -257.481262
v 203.179199 -55.977409 -254.956299
v 205.567352 -57.255394 -254.956299
v 207.227448 -53.625404 -254.956299
v 205.143936 -51.815571 -254.956299
v 209.925415 -50.896450 -254.956299
v 208.668076 -48.247536 -254.956299
v 213.245605 -49.476467 -254.956299
v 213.018387 -46.393818 -254.956299
v 216.816193 -49.623634 -254.956299
v 217.632050 -46.574543 -254.956299
v 219.978882 -51.281136 -254.956299
v 221.719009 -48.725166 -254.956299
v 222.147583 -54.170158 -254.956299
v 224.558975 -52.504906 -254.956299
v 223.115753 -57.882771 -254.956299
v 225.826630 -57.358665 -254.956299
v 222.741394 -61.856140 -254.956299
v 225.447113 -61.943916 -254.956299
v 205.567352 -57.255394 -289.495422
v 203.179199 -55.977409 -289.495422
v 205.143936 -51.815571 -289.495422
v 207.227448 -53.625404 -289.495422
v 208.668076 -48.247536 -289.495422
v 209.925415 -50.896450 -289.495422
v 213.018387 -46.393818 -289.495422
v 213.245605 -49.476467 -289.495422
v 217.632050 -46.574543 -289.495422
v 216.816193 -49.623634 -289.495422
v 221.719009 -48.725166 -289.495422
v 219.978882 -51.281136 -289.495422
v 224.558975 -52.504906 -289.495422
v 222.147583 -54.170158 -289.495422
v 225.826630 -57.358665 -289.495422
v 223.115753 -57.882771 -289.495422
v 225.447113 -61.943916 -289.495422
v 222.741394 -61.856140 -289.495422
v 218.300720 -88.618942 -254.956299
v 215.912567 -87.340958 -254.956299
v 214.249908 -90.968369 -254.956299
v 216.335983 -92.778214 -254.956299
v 211.554535 -93.699905 -254.956299
v 212.811844 -96.348816 -254.956299
v 208.234344 -95.117302 -254.956299
v 208.461533 -98.202538 -254.956299
v 204.663727 -94.972733 -254.956299
v 203.847900 -98.021812 -254.956299
v 201.501038 -93.315216 -254.956299
v 199.760910 -95.871185 -254.956299
v 199.332336 -90.426193 -254.956299
v 196.920944 -92.088867 -254.956299
v 198.364166 -86.713593 -254.956299
v 195.653290 -87.235107 -254.956299
v 198.738525 -82.740219 -254.956299
v 196.032806 -82.652435 -254.956299
v 215.912567 -87.340958 -289.495422
v 218.300720 -88.618942 -289.495422
v 216.335983 -92.778198 -289.495422
v 214.249908 -90.968369 -289.495422
v 212.811844 -96.348816 -289.495422
v 211.554535 -93.699890 -289.495422
v 208.461533 -98.202538 -289.495422
v 208.234344 -95.117302 -289.495422
v 203.847900 -98.021812 -289.495422
v 204.663727 -94.972717 -289.495422
v 199.760910 -95.871185 -289.495422
v 201.501038 -93.315216 -289.495422
v 196.920944 -92.088867 -289.495422
v 199.332336 -90.426193 -289.495422
v 195.653290 -87.235107 -289.495422
v 198.364166 -86.713577 -289.495422
v 196.032806 -82.652435 -289.495422
v 198.738525 -82.740204 -289.495422
v 203.179199 -55.977409 -289.495422
v 200.646484 -53.238136 -267.718048
v 202.861633 -48.846516 -267.718048
v 205.143936 -51.815571 -289.495422
v 207.426239 -44.072792 -267.718048
v 208.668076 -48.247536 -289.495422
v 213.049377 -41.547802 -267.718048
v 213.018387 -46.393818 -289.495422
v 218.933258 -41.720779 -267.718048
v 217.632050 -46.574543 -289.495422
v 224.114929 -44.511696 -267.718048
v 221.719009 -48.725166 -289.495422
v 227.721664 -49.512611 -267.718048
v 224.558975 -52.504906 -289.495422
v 229.286224 -55.928352 -267.718048
v 225.826630 -57.358665 -289.495422
v 229.009979 -60.836334 -267.718048
v 225.447113 -61.943916 -289.495422
v 192.469940 -83.757446 -267.718048
v 196.032806 -82.652435 -289.495422
v 195.653290 -87.235107 -289.495422
v 192.191132 -88.667999 -267.718048
v 196.920944 -92.088867 -289.495422
v 193.758255 -95.083740 -267.718048
v 199.760910 -95.871185 -289.495422
v 197.362427 -100.082077 -267.718048
v 203.847900 -98.021812 -289.495422
v 202.546661 -102.875572 -267.718048
v 208.461533 -98.202538 -289.495422
v 208.430573 -103.048553 -267.718048
v 212.811844 -96.348816 -289.495422
v 214.053680 -100.523575 -267.718048
v 216.335983 -92.778198 -289.495422
v 218.618286 -95.747269 -267.718048
v 218.300720 -88.618942 -289.495422
v 220.830872 -91.358223 -267.718048
v 225.447113 -64.479233 -213.797424
v 224.058105 -63.596268 -213.797424
v 224.058105 -63.596268 -183.001877
v 225.447113 -64.479233 -183.001877
v 226.208740 -66.079941 -213.797424
v 226.208740 -66.079941 -183.001877
v 226.136444 -67.969818 -213.797424
v 226.136444 -67.969818 -183.001877
v 225.253479 -69.642807 -213.797424
v 225.253479 -69.642807 -183.001877
v 223.794769 -70.649704 -213.797424
v 223.794769 -70.649704 -183.001877
v 222.150177 -70.719421 -213.797424
v 222.150177 -70.719421 -183.001877
v 225.447113 -64.479233 -143.861984
v 224.058105 -63.596268 -143.861984
v 224.058105 -63.596268 -130.942719
v 225.447113 -64.479233 -130.942719
v 226.208740 -66.079941 -143.861984
v 226.208740 -66.079941 -130.942719
v 226.136444 -67.969818 -143.861984
v 226.136444 -67.969818 -130.942719
v 225.253479 -69.642807 -143.861984
v 225.253479 -69.642807 -130.942719
v 223.794769 -70.649704 -143.861984
v 223.794769 -70.649704 -130.942719
v 222.150177 -70.719421 -143.861984
v 222.150177 -70.719421 -130.942719
v 221.274963 -80.047409 -213.797424
v 219.888519 -79.161865 -213.797424
v 219.888519 -79.161865 -183.001877
v 221.274963 -80.047409 -183.001877
v 222.036591 -81.648117 -213.797424
v 222.036591 -81.648117 -183.001877
v 221.966858 -83.537994 -213.797424
v 221.966858 -83.537994 -183.001877
v 221.081329 -85.208405 -213.797424
v 221.081329 -85.208405 -183.001877
v 219.622620 -86.215302 -213.797424
v 219.622620 -86.215302 -183.001877
v 217.977997 -86.285011 -213.797424
v 217.977997 -86.285011 -183.001877
v 221.274963 -80.047409 -143.861984
v 219.888519 -79.161865 -143.861984
v 219.888519 -79.161865 -130.942719
v 221.274963 -80.047409 -130.942719
v 222.036591 -81.648117 -143.861984
v 222.036591 -81.648117 -130.942719
v 221.966858 -83.537994 -143.861984
v 221.966858 -83.537994 -130.942719
v 221.081329 -85.208405 -143.861984
v 221.081329 -85.208405 -130.942719
v 219.622620 -86.215302 -143.861984
v 219.622620 -86.215302 -130.942719
v 217.977997 -86.285011 -143.861984
v 217.977997 -86.285011 -130.942719
v 197.509613 -100.453857 -193.416809
v 197.509613 -100.453857 -180.791870
v 198.113739 -98.199966 -180.791870
v 199.959717 -91.309174 -193.416809
v 198.113739 -98.199966 -161.552383
v 199.959717 -91.309174 -149.229523
v 197.509613 -100.453857 -149.229523
v 197.509613 -100.453857 -161.552383
v 207.893539 -103.237022 -180.791870
v 207.893539 -103.237022 -193.416809
v 210.343658 -94.089752 -193.416809
v 208.497681 -100.983124 -180.791870
v 210.343658 -94.089752 -149.229523
v 208.497681 -100.983124 -161.552383
v 207.893539 -103.237022 -149.229523
v 207.893539 -103.237022 -161.552383
v 205.567352 -57.255394 -289.495422
v 201.570740 -58.670216 -286.970459
v 201.818604 -57.743355 -267.761963
v 205.848785 -56.204609 -267.718048
v 201.591400 -58.590176 -257.481262
v 205.567352 -57.255394 -254.956299
v 215.912567 -87.340958 -289.495422
v 219.909180 -85.926132 -286.970459
v 219.661346 -86.853004 -267.761963
v 215.631165 -88.391754 -267.718048
v 219.888519 -86.006180 -257.481262
v 215.912567 -87.340958 -254.956299
v 225.496185 -65.080780 -286.970459
v 222.741394 -61.856140 -289.495422
v 223.022812 -60.805351 -267.718048
v 225.744019 -64.153931 -267.761963
v 222.741394 -61.856140 -254.956299
v 225.516815 -65.000763 -257.481262
v 195.983765 -79.515564 -286.970459
v 198.738525 -82.740204 -289.495422
v 198.457108 -83.791000 -267.718048
v 195.735901 -80.442429 -267.761963
v 198.738525 -82.740219 -254.956299
v 195.963104 -79.595596 -257.481262
v 203.569046 -58.107391 -183.001877
v 203.569046 -58.107391 -213.797424
v 201.927032 -58.177094 -213.797424
v 201.927032 -58.177094 -183.001877
v 200.465759 -59.183990 -213.797424
v 200.465759 -59.183990 -183.001877
v 199.582764 -60.856995 -213.797424
v 199.582764 -60.856995 -183.001877
v 199.513062 -62.744278 -213.797424
v 199.513062 -62.744278 -183.001877
v 200.272125 -64.347565 -213.797424
v 200.272125 -64.347565 -183.001877
v 201.661102 -65.230545 -213.797424
v 201.661102 -65.230545 -183.001877
v 203.569046 -58.107391 -130.942719
v 203.569046 -58.107391 -143.861984
v 201.927032 -58.177101 -143.861984
v 201.927032 -58.177101 -130.942719
v 200.465759 -59.183998 -143.861984
v 200.465759 -59.183998 -130.942719
v 199.582764 -60.856995 -143.861984
v 199.582764 -60.856995 -130.942719
v 199.513062 -62.744286 -143.861984
v 199.513062 -62.744286 -130.942719
v 200.272125 -64.347565 -143.861984
v 200.272125 -64.347565 -130.942719
v 201.661102 -65.230545 -143.861984
v 201.661102 -65.230545 -130.942719
v 199.399460 -73.672981 -183.001877
v 199.399460 -73.672981 -213.797424
v 197.754883 -73.745270 -213.797424
v 197.754883 -73.745270 -183.001877
v 196.296173 -74.749588 -213.797424
v 196.296173 -74.749588 -183.001877
v 195.413177 -76.422585 -213.797424
v 195.413177 -76.422585 -183.001877
v 195.340912 -78.312454 -213.797424
v 195.340912 -78.312454 -183.001877
v 196.102539 -79.913162 -213.797424
v 196.102539 -79.913162 -183.001877
v 197.491516 -80.796127 -213.797424
v 197.491516 -80.796127 -183.001877
v 199.399460 -73.672981 -130.942719
v 199.399460 -73.672981 -143.861984
v 197.754883 -73.745270 -143.861984
v 197.754883 -73.745270 -130.942719
v 196.296173 -74.749588 -143.861984
v 196.296173 -74.749588 -130.942719
v 195.413177 -76.422585 -143.861984
v 195.413177 -76.422585 -130.942719
v 195.340912 -78.312454 -143.861984
v 195.340912 -78.312454 -130.942719
v 196.102539 -79.913162 -143.861984
v 196.102539 -79.913162 -130.942719
v 197.491516 -80.796127 -143.861984
v 197.491516 -80.796127 -130.942719
v 221.138107 -44.550426 -208.737122
v 221.138107 -42.934227 -207.120926
v 222.862762 -44.550426 -207.120926
v 221.138107 -50.452393 -208.737122
v 222.862762 -50.452393 -207.120926
v 221.138107 -52.066010 -207.120926
v 222.862762 -50.452393 -207.120926
v 222.862762 -50.452393 -112.015640
v 221.138107 -52.066010 -112.015640
v 221.138107 -52.066010 -207.120926
v 206.612976 -52.066010 -112.015640
v 206.612976 -52.066010 -207.120926
v 221.138107 -50.452393 -208.737122
v 204.888336 -50.452393 -112.015640
v 206.612976 -50.452393 -208.737122
v 204.888336 -50.452393 -207.120926
v 204.888336 -44.550426 -207.120926
v 204.888336 -44.550426 -112.015640
v 206.612976 -42.934227 -112.015640
v 206.612976 -42.934227 -207.120926
v 206.612976 -44.550426 -208.737122
v 221.138107 -42.934227 -207.120926
v 221.138107 -44.550426 -208.737122
v 222.862762 -44.550426 -112.015640
v 222.862762 -44.550426 -207.120926
v 221.138107 -42.934227 -112.015640
v -203.181168 -55.977409 -254.956299
v -200.648438 -53.238136 -267.718048
v -202.863617 -48.846516 -267.718048
v -205.143326 -51.815571 -254.956299
v -207.425629 -44.072792 -267.718048
v -208.667465 -48.247536 -254.956299
v -213.048767 -41.547802 -267.718048
v -213.017776 -46.393818 -254.956299
v -218.932648 -41.720779 -267.718048
v -217.634033 -46.574543 -254.956299
v -224.116882 -44.511696 -267.718048
v -221.720978 -48.725166 -254.956299
v -227.723633 -49.512611 -267.718048
v -224.560944 -52.504906 -254.956299
v -229.288208 -55.928352 -267.718048
v -225.828613 -57.358665 -254.956299
v -229.011948 -60.836334 -267.718048
v -225.449081 -61.943916 -254.956299
v -200.237930 -63.642746 -257.481262
v -200.237930 -63.642731 -286.970459
v -201.570129 -58.670216 -286.970459
v -201.817993 -57.743355 -267.761963
v -201.590790 -58.590176 -257.481262
v -192.469330 -83.757446 -267.718048
v -196.032196 -82.652435 -254.956299
v -195.652679 -87.235107 -254.956299
v -192.193085 -88.667999 -267.718048
v -196.920334 -92.088867 -254.956299
v -193.757645 -95.083740 -267.718048
v -199.760300 -95.871185 -254.956299
v -197.364410 -100.082077 -267.718048
v -203.847290 -98.021812 -254.956299
v -202.548630 -102.875572 -267.718048
v -208.463501 -98.202538 -254.956299
v -208.432526 -103.048553 -267.718048
v -212.813812 -96.348816 -254.956299
v -214.055664 -100.523575 -267.718048
v -216.337952 -92.778214 -254.956299
v -218.617676 -95.747269 -267.718048
v -218.300110 -88.618942 -254.956299
v -220.832855 -91.358223 -267.718048
v -221.238190 -80.966530 -257.481262
v -221.238190 -80.966522 -286.970459
v -219.911148 -85.926132 -286.970459
v -219.663300 -86.853004 -267.761963
v -219.887909 -86.006180 -257.481262
v -201.575317 -61.778694 -83.577255
v -200.666504 -61.536003 -89.141006
v -202.063263 -56.315636 -89.141006
v -202.974625 -56.560905 -83.577255
v -204.415283 -51.185619 -89.141006
v -205.145905 -51.818157 -83.577255
v -208.228561 -47.323265 -89.141006
v -208.670044 -48.250130 -83.577255
v -212.924835 -45.317223 -89.141006
v -213.007446 -46.398987 -83.577255
v -217.918030 -45.508270 -89.141006
v -217.631439 -46.579712 -83.577255
v -222.338028 -47.839622 -89.141006
v -221.726166 -48.735504 -83.577255
v -225.402618 -51.924011 -89.141006
v -224.558365 -52.507500 -83.577255
v -226.776123 -57.175365 -89.141006
v -225.826019 -57.358673 -83.577255
v -226.246857 -62.795921 -89.141006
v -225.335480 -62.550652 -83.577255
v -223.936157 -67.771027 -83.577255
v -224.847534 -68.013710 -89.141006
v -225.743408 -64.153931 -267.761963
v -225.495575 -65.080780 -286.970459
v -224.163361 -70.053314 -286.970459
v -225.516205 -65.000763 -257.481262
v -224.163361 -70.053314 -257.481262
v -220.215820 -81.658455 -83.577255
v -221.127167 -81.901146 -89.141006
v -219.418030 -88.280739 -89.141014
v -218.506653 -88.035469 -83.577263
v -217.066040 -93.410751 -89.141014
v -216.335373 -92.775635 -83.577263
v -213.252716 -97.273102 -89.141014
v -212.811234 -96.343658 -83.577263
v -208.556458 -99.279152 -89.141014
v -208.471252 -98.197388 -83.577263
v -203.563293 -99.085518 -89.141014
v -203.849854 -98.016663 -83.577263
v -199.140671 -96.756744 -89.141014
v -199.755157 -95.860870 -83.577263
v -196.076111 -92.672363 -89.141014
v -196.922913 -92.086304 -83.577263
v -194.705170 -87.418427 -89.141006
v -195.655258 -87.235115 -83.577255
v -195.234436 -81.800453 -89.141006
v -196.145798 -82.043144 -83.577255
v -197.854950 -75.666130 -83.577255
v -196.943573 -75.423439 -89.141006
v -195.737885 -80.442429 -267.761963
v -195.985748 -79.515564 -286.970459
v -197.312775 -74.555939 -286.970459
v -195.962494 -79.595596 -257.481262
v -197.312775 -74.555954 -257.481262
v -207.229431 -53.625404 -254.956299
v -205.566742 -57.255394 -254.956299
v -203.181168 -55.977409 -254.956299
v -205.143326 -51.815571 -254.956299
v -209.927399 -50.896450 -254.956299
v -208.667465 -48.247536 -254.956299
v -213.247559 -49.476467 -254.956299
v -213.017776 -46.393818 -254.956299
v -216.815582 -49.623634 -254.956299
v -217.634033 -46.574543 -254.956299
v -219.980865 -51.281136 -254.956299
v -221.720978 -48.725166 -254.956299
v -222.146973 -54.170158 -254.956299
v -224.560944 -52.504906 -254.956299
v -223.117737 -57.882771 -254.956299
v -225.828613 -57.358665 -254.956299
v -222.743378 -61.856140 -254.956299
v -225.449081 -61.943916 -254.956299
v -205.143326 -51.815571 -289.495422
v -203.181168 -55.977409 -289.495422
v -205.566742 -57.255394 -289.495422
v -207.229431 -53.625404 -289.495422
v -208.667465 -48.247536 -289.495422
v -209.927399 -50.896450 -289.495422
v -213.017776 -46.393818 -289.495422
v -213.247559 -49.476467 -289.495422
v -217.634033 -46.574543 -289.495422
v -216.815582 -49.623634 -289.495422
v -221.720978 -48.725166 -289.495422
v -219.980865 -51.281136 -289.495422
v -224.560944 -52.504906 -289.495422
v -222.146973 -54.170158 -289.495422
v -225.828613 -57.358665 -289.495422
v -223.117737 -57.882771 -289.495422
v -225.449081 -61.943916 -289.495422
v -222.743378 -61.856140 -289.495422
v -214.251892 -90.968369 -254.956299
v -215.914551 -87.340958 -254.956299
v -218.300110 -88.618942 -254.956299
v -216.337952 -92.778214 -254.956299
v -211.553925 -93.699905 -254.956299
v -212.813812 -96.348816 -254.956299
v -208.233734 -95.117302 -254.956299
v -208.463501 -98.202538 -254.956299
v -204.665695 -94.972733 -254.956299
v -203.847290 -98.021812 -254.956299
v -201.500427 -93.315216 -254.956299
v -199.760300 -95.871185 -254.956299
v -199.334305 -90.426193 -254.956299
v -196.920334 -92.088867 -254.956299
v -198.363556 -86.713593 -254.956299
v -195.652679 -87.235107 -254.956299
v -198.737915 -82.740219 -254.956299
v -196.032196 -82.652435 -254.956299
v -216.337952 -92.778198 -289.495422
v -218.300110 -88.618942 -289.495422
v -215.914551 -87.340958 -289.495422
v -214.251892 -90.968369 -289.495422
v -212.813812 -96.348816 -289.495422
v -211.553925 -93.699890 -289.495422
v -208.463501 -98.202538 -289.495422
v -208.233734 -95.117302 -289.495422
v -203.847290 -98.021812 -289.495422
v -204.665695 -94.972717 -289.495422
v -199.760300 -95.871185 -289.495422
v -201.500427 -93.315216 -289.495422
v -196.920334 -92.088867 -289.495422
v -199.334305 -90.426193 -289.495422
v -195.652679 -87.235107 -289.495422
v -198.363556 -86.713577 -289.495422
v -196.032196 -82.652435 -289.495422
v -198.737915 -82.740204 -289.495422
v -202.863617 -48.846516 -267.718048
v -200.648438 -53.238136 -267.718048
v -203.181168 -55.977409 -289.495422
v -205.143326 -51.815571 -289.495422
v -207.425629 -44.072792 -267.718048
v -208.667465 -48.247536 -289.495422
v -213.048767 -41.547802 -267.718048
v -213.017776 -46.393818 -289.495422
v -218.932648 -41.720779 -267.718048
v -217.634033 -46.574543 -289.495422
v -224.116882 -44.511696 -267.718048
v -221.720978 -48.725166 -289.495422
v -227.723633 -49.512611 -267.718048
v -224.560944 -52.504906 -289.495422
v -229.288208 -55.928352 -267.718048
v -225.828613 -57.358665 -289.495422
v -229.011948 -60.836334 -267.718048
v -225.449081 -61.943916 -289.495422
v -195.652679 -87.235107 -289.495422
v -196.032196 -82.652435 -289.495422
v -192.469330 -83.757446 -267.718048
v -192.193085 -88.667999 -267.718048
v -196.920334 -92.088867 -289.495422
v -193.757645 -95.083740 -267.718048
v -199.760300 -95.871185 -289.495422
v -197.364410 -100.082077 -267.718048
v -203.847290 -98.021812 -289.495422
v -202.548630 -102.875572 -267.718048
v -208.463501 -98.202538 -289.495422
v -208.432526 -103.048553 -267.718048
v -212.813812 -96.348816 -289.495422
v -214.055664 -100.523575 -267.718048
v -216.337952 -92.778198 -289.495422
v -218.617676 -95.747269 -267.718048
v -218.300110 -88.618942 -289.495422
v -220.832855 -91.358223 -267.718048
v -224.060089 -63.596268 -183.001877
v -224.060089 -63.596268 -213.797424
v -225.446503 -64.479233 -213.797424
v -225.446503 -64.479233 -183.001877
v -226.208130 -66.079941 -213.797424
v -226.208130 -66.079941 -183.001877
v -226.138428 -67.969818 -213.797424
v -226.138428 -67.969818 -183.001877
v -225.255447 -69.642807 -213.797424
v -225.255447 -69.642807 -183.001877
v -223.794159 -70.649704 -213.797424
v -223.794159 -70.649704 -183.001877
v -222.149567 -70.719421 -213.797424
v -222.149567 -70.719421 -183.001877
v -224.060089 -63.596268 -130.942719
v -224.060089 -63.596268 -143.861984
v -225.446503 -64.479233 -143.861984
v -225.446503 -64.479233 -130.942719
v -226.208130 -66.079941 -143.861984
v -226.208130 -66.079941 -130.942719
v -226.138428 -67.969818 -143.861984
v -226.138428 -67.969818 -130.942719
v -225.255447 -69.642807 -143.861984
v -225.255447 -69.642807 -130.942719
v -223.794159 -70.649704 -143.861984
v -223.794159 -70.649704 -130.942719
v -222.149567 -70.719421 -143.861984
v -222.149567 -70.719421 -130.942719
v -219.887909 -79.161865 -183.001877
v -219.887909 -79.161865 -213.797424
v -221.276917 -80.047409 -213.797424
v -221.276917 -80.047409 -183.001877
v -222.038544 -81.648117 -213.797424
v -222.038544 -81.648117 -183.001877
v -221.966248 -83.537994 -213.797424
v -221.966248 -83.537994 -183.001877
v -221.083282 -85.208405 -213.797424
v -221.083282 -85.208405 -183.001877
v -219.624573 -86.215302 -213.797424
v -219.624573 -86.215302 -183.001877
v -217.979980 -86.285011 -213.797424
v -217.979980 -86.285011 -183.001877
v -219.887909 -79.161865 -130.942719
v -219.887909 -79.161865 -143.861984
v -221.276917 -80.047409 -143.861984
v -221.276917 -80.047409 -130.942719
v -222.038544 -81.648117 -143.861984
v -222.038544 -81.648117 -130.942719
v -221.966248 -83.537994 -143.861984
v -221.966248 -83.537994 -130.942719
v -221.083282 -85.208405 -143.861984
v -221.083282 -85.208405 -130.942719
v -219.624573 -86.215302 -143.861984
v -219.624573 -86.215302 -130.942719
v -217.979980 -86.285011 -143.861984
v -217.979980 -86.285011 -130.942719
v -198.113129 -98.199966 -180.791870
v -197.509003 -100.453857 -180.791870
v -197.509003 -100.453857 -193.416809
v -199.959106 -91.309174 -193.416809
v -198.113129 -98.199966 -161.552383
v -199.959106 -91.309174 -149.229523
v -197.509003 -100.453857 -149.229523
v -197.509003 -100.453857 -161.552383
v -210.345627 -94.089752 -193.416809
v -207.892929 -103.237022 -193.416809
v -207.892929 -103.237022 -180.791870
v -208.497070 -100.983124 -180.791870
v -210.345627 -94.089752 -149.229523
v -208.497070 -100.983124 -161.552383
v -207.892929 -103.237022 -149.229523
v -207.892929 -103.237022 -161.552383
v -201.817993 -57.743355 -267.761963
v -201.570129 -58.670216 -286.970459
v -205.566742 -57.255394 -289.495422
v -205.848175 -56.204609 -267.718048
v -201.590790 -58.590176 -257.481262
v -205.566742 -57.255394 -254.956299
v -219.663300 -86.853004 -267.761963
v -219.911148 -85.926132 -286.970459
v -215.914551 -87.340958 -289.495422
v -215.633148 -88.391754 -267.718048
v -219.887909 -86.006180 -257.481262
v -215.914551 -87.340958 -254.956299
v -223.024780 -60.805351 -267.718048
v -222.743378 -61.856140 -289.495422
v -225.495575 -65.080780 -286.970459
v -225.743408 -64.153931 -267.761963
v -222.743378 -61.856140 -254.956299
v -225.516205 -65.000763 -257.481262
v -198.456497 -83.791000 -267.718048
v -198.737915 -82.740204 -289.495422
v -195.985748 -79.515564 -286.970459
v -195.737885 -80.442429 -267.761963
v -198.737915 -82.740219 -254.956299
v -195.962494 -79.595596 -257.481262
v -201.926422 -58.177094 -213.797424
v -203.571014 -58.107391 -213.797424
v -203.571014 -58.107391 -183.001877
v -201.926422 -58.177094 -183.001877
v -200.467712 -59.183990 -213.797424
v -200.467712 -59.183990 -183.001877
v -199.584747 -60.856995 -213.797424
v -199.584747 -60.856995 -183.001877
v -199.512451 -62.744278 -213.797424
v -199.512451 -62.744278 -183.001877
v -200.274078 -64.347565 -213.797424
v -200.274078 -64.347565 -183.001877
v -201.663086 -65.230545 -213.797424
v -201.663086 -65.230545 -183.001877
v -201.926422 -58.177101 -143.861984
v -203.571014 -58.107391 -143.861984
v -203.571014 -58.107391 -130.942719
v -201.926422 -58.177101 -130.942719
v -200.467712 -59.183998 -143.861984
v -200.467712 -59.183998 -130.942719
v -199.584747 -60.856995 -143.861984
v -199.584747 -60.856995 -130.942719
v -199.512451 -62.744286 -143.861984
v -199.512451 -62.744286 -130.942719
v -200.274078 -64.347565 -143.861984
v -200.274078 -64.347565 -130.942719
v -201.663086 -65.230545 -143.861984
v -201.663086 -65.230545 -130.942719
v -197.756836 -73.745270 -213.797424
v -199.398849 -73.672981 -213.797424
v -199.398849 -73.672981 -183.001877
v -197.756836 -73.745270 -183.001877
v -196.295563 -74.749588 -213.797424
v -196.295563 -74.749588 -183.001877
v -195.412567 -76.422585 -213.797424
v -195.412567 -76.422585 -183.001877
v -195.342865 -78.312454 -213.797424
v -195.342865 -78.312454 -183.001877
v -196.101929 -79.913162 -213.797424
v -196.101929 -79.913162 -183.001877
v -197.490906 -80.796127 -213.797424
v -197.490906 -80.796127 -183.001877
v -197.756836 -73.745270 -143.861984
v -199.398849 -73.672981 -143.861984
v -199.398849 -73.672981 -130.942719
v -197.756836 -73.745270 -130.942719
v -196.295563 -74.749588 -143.861984
v -196.295563 -74.749588 -130.942719
v -195.412567 -76.422585 -143.861984
v -195.412567 -76.422585 -130.942719
v -195.342865 -78.312454 -143.861984
v -195.342865 -78.312454 -130.942719
v -196.101929 -79.913162 -143.861984
v -196.101929 -79.913162 -130.942719
v -197.490906 -80.796127 -143.861984
v -197.490906 -80.796127 -130.942719
v -221.140076 -42.934227 -207.120926
v -221.140076 -44.550426 -208.737122
v -222.862152 -44.550426 -207.120926
v -221.140076 -50.452393 -208.737122
v -222.862152 -50.452393 -207.120926
v -221.140076 -52.066010 -207.120926
v -221.140076 -52.066010 -112.015640
v -222.862152 -50.452393 -112.015640
v -222.862152 -50.452393 -207.120926
v -221.140076 -52.066010 -207.120926
v -206.612366 -52.066010 -112.015640
v -206.612366 -52.066010 -207.120926
v -204.890320 -50.452393 -112.015640
v -221.140076 -50.452393 -208.737122
v -204.890320 -50.452393 -207.120926
v -206.612366 -50.452393 -208.737122
v -206.612366 -42.934227 -112.015640
v -204.890320 -44.550426 -112.015640
v -204.890320 -44.550426 -207.120926
v -206.612366 -42.934227 -207.120926
v -206.612366 -44.550426 -208.737122
v -221.140076 -42.934227 -207.120926
v -221.140076 -44.550426 -208.737122
v -222.862152 -44.550426 -112.015640
v -221.140076 -42.934227 -112.015640
v -222.862152 -44.550426 -207.120926
v -22.802038 12.251466 -21.087683
v -8.710644 6.305611 -21.087683
v -9.374164 2.802125 -17.480927
v -25.014629 9.791023 -17.439617
v -25.301208 13.524287 -21.087683
v 0.000305 2.729836 -17.491253
v -9.374164 2.802125 -17.480927
v -8.710644 6.305611 -21.087683
v 0.000305 6.305611 -21.087683
v 9.374774 2.802125 -17.480927
v 8.708673 6.305611 -21.087683
v 25.012657 9.791023 -17.439617
v 9.374774 2.802125 -17.480927
v 8.708673 6.305611 -21.087683
v 22.802649 12.251466 -21.087683
v 25.299236 13.524287 -21.087683
v 42.793427 14.693836 -12.048845
v 46.583488 10.906355 -12.035936
v 46.583488 6.801313 -12.035937
v 0.000305 14.693836 -12.203753
v 0.000305 6.801313 -12.203753
v -46.582878 10.906355 -12.035936
v -42.795395 14.693836 -12.048845
v -46.582878 6.801313 -12.035937
v -17.227959 14.693833 39.496532
v -21.950048 10.906352 39.501694
v -21.950048 6.801311 39.501694
v 0.000305 14.693833 39.475876
v 0.000305 6.801311 39.475876
v 21.948076 10.906352 39.501694
v 17.228569 14.693833 39.496532
v 21.948076 6.801311 39.501694
v 4.386762 41.880051 5.951375
v 4.095019 42.874039 7.206123
v 5.119989 41.880051 7.206123
v -4.189935 41.880051 5.951375
v 0.000305 42.874039 7.206123
v -3.898193 42.874039 7.206123
v -4.925745 41.880051 7.206123
v -4.621094 40.411011 39.315807
v -5.976532 35.794781 42.842529
v 6.173358 35.794781 42.842529
v 0.000305 40.411011 39.315807
v 4.817920 40.411011 39.315807
v 5.463367 40.880901 17.786285
v 5.119989 41.880051 7.206123
v 4.095019 42.874039 7.206123
v 4.389343 41.874889 17.786285
v 5.626019 40.411018 29.696068
v 4.526178 41.405003 29.696068
v 4.526178 41.405003 38.061058
v 5.626019 40.411018 38.061058
v 4.817920 40.411011 39.315807
v 0.000305 40.411011 39.315807
v 0.000305 41.405003 38.061058
v -4.329351 41.405003 38.061058
v -4.621094 40.411011 39.315807
v -5.429193 40.411018 38.061058
v -4.329351 41.405003 29.696068
v -5.429193 40.411018 29.696068
v -5.269122 40.880901 17.786285
v -4.192517 41.874889 17.786285
v -4.925745 41.880051 7.206123
v -3.898193 42.874039 7.206123
v -5.269122 40.880901 17.786285
v -4.925745 41.880051 7.206123
v -7.016993 35.794781 7.206122
v -7.016993 35.794781 17.786285
v -5.429193 40.411018 29.696068
v -7.016993 35.794781 29.696068
v -7.016993 35.794781 41.585197
v -5.429193 40.411018 38.061058
v 5.626019 40.411018 29.696068
v 5.626019 40.411018 38.061058
v 7.213818 35.794781 41.585197
v 7.213818 35.794781 29.696068
v 5.463367 40.880901 17.786285
v 7.213818 35.794781 17.786285
v 7.213818 35.794781 7.206122
v 5.119989 41.880051 7.206123
v -39.160240 23.224068 -162.830368
v -50.065708 23.224068 -162.830368
v -49.402191 24.254204 -168.794296
v -38.646465 24.254204 -168.794296
v -16.781311 23.224068 -162.830368
v -16.561859 24.254204 -168.794296
v 0.000305 23.224068 -162.830368
v 0.000305 24.254204 -168.794296
v 16.781921 23.224068 -162.830368
v 16.562469 24.254204 -168.794296
v 39.158268 23.224068 -162.830368
v 38.644493 24.254204 -168.794296
v 49.720360 24.254204 -168.794296
v 50.383881 23.224068 -162.830368
v -33.299583 35.459152 -57.248192
v -43.203320 35.459152 -55.771408
v -50.065708 23.224068 -162.830368
v -39.160240 23.224068 -162.830368
v -14.271813 35.459152 -58.275742
v -16.781311 23.224068 -162.830368
v 0.000305 35.459152 -58.474541
v 0.000305 23.224068 -162.830368
v 14.269842 35.459152 -58.275742
v 16.781921 23.224068 -162.830368
v 33.297615 35.459152 -57.248192
v 39.158268 23.224068 -162.830368
v 43.521488 35.459152 -55.771408
v 50.383881 23.224068 -162.830368
v -33.299583 34.945381 -177.636917
v -43.138775 34.945381 -177.636917
v -31.347755 55.519642 -166.656586
v -30.069771 41.405010 -174.190231
v -23.011162 55.519642 -166.656586
v -12.887976 41.405010 -174.190231
v -9.862122 55.519642 -166.656586
v 0.000305 41.405010 -174.190231
v 0.000305 55.519642 -166.656586
v 9.862732 55.519642 -166.656586
v 12.886005 41.405010 -174.190231
v 23.011772 55.519642 -166.656586
v 30.070381 41.405010 -174.190231
v 43.456944 34.945381 -177.636917
v 31.665924 55.519642 -166.656586
v 33.297615 34.945381 -177.636917
v -44.174072 36.693245 -57.015831
v -42.736015 39.187252 -56.228386
v -33.330566 55.488655 -66.707855
v -32.747082 56.498135 -70.583122
v -50.850571 24.610485 -162.781311
v -50.344543 25.488293 -167.875183
v -33.792706 54.174530 -165.636780
v -44.801445 35.095127 -175.816757
v 33.648735 55.488655 -66.707855
v 43.054184 39.187252 -56.228386
v 44.492241 36.693245 -57.015831
v 33.065254 56.498135 -70.583122
v 51.168747 24.610485 -162.781311
v 50.662712 25.488293 -167.875183
v 34.110878 54.174530 -165.636780
v 45.119614 35.095127 -175.816757
v 22.820721 56.593658 -67.262939
v 31.314800 56.637550 -65.639000
v 30.687426 57.871643 -70.368828
v 18.852514 57.871643 -71.848198
v 31.665924 55.519642 -166.656586
v 23.011772 55.519642 -166.656586
v 8.078716 57.871643 -72.875748
v 9.862732 55.519642 -166.656586
v 0.000305 57.871643 -73.071960
v 0.000305 55.519642 -166.656586
v -8.080688 57.871643 -72.875748
v -9.862122 55.519642 -166.656586
v -18.854485 57.871643 -71.848198
v -23.011162 55.519642 -166.656586
v -31.347755 55.519642 -166.656586
v -30.369255 57.871643 -70.368828
v -30.996630 56.637550 -65.639000
v -22.820110 56.593658 -67.262939
v 14.269842 34.648476 -179.428680
v 30.855242 34.583931 -179.415771
v 34.965446 25.836838 -172.481094
v 16.562469 25.836838 -172.481094
v 0.000305 34.648476 -179.428680
v 0.000305 25.836838 -172.481094
v -14.271813 34.648476 -179.428680
v -16.561859 25.836838 -172.481094
v -30.854631 34.583931 -179.415771
v -34.967419 25.836838 -172.481094
v 12.178595 34.749161 -61.087311
v 28.415453 34.749161 -60.057175
v 26.858635 38.614098 -58.967667
v 11.463440 38.655403 -59.853214
v 0.000305 34.749161 -61.283524
v 0.000305 38.655403 -60.049431
v -12.177984 34.749161 -61.087311
v -11.462830 38.655403 -59.853214
v -28.414843 34.749161 -60.057175
v -26.858025 38.614098 -58.967667
v 11.463440 38.655403 -59.853214
v 26.858635 38.614098 -58.967667
v 19.268181 55.968868 -69.782768
v 8.305914 55.927559 -70.954895
v 0.000305 38.655403 -60.049431
v 0.000305 55.927559 -71.153694
v -11.462830 38.655403 -59.853214
v -8.305304 55.927559 -70.954895
v -26.858025 38.614098 -58.967667
v -19.270153 55.968868 -69.782768
v 8.305914 55.927559 -70.954895
v 19.268181 55.968868 -69.782768
v 18.852514 57.871643 -71.848198
v 8.078716 57.871643 -72.875748
v 0.000305 55.927559 -71.153694
v 0.000305 57.871643 -73.071960
v -8.305304 55.927559 -70.954895
v -8.080688 57.871643 -72.875748
v -19.270153 55.968868 -69.782768
v -18.854485 57.871643 -71.848198
v 28.423199 39.450600 -177.314194
v 30.855242 34.583931 -179.415771
v 14.269842 34.648476 -179.428680
v 12.886005 39.450600 -177.314194
v 0.000305 34.648476 -179.428680
v 0.000305 39.450600 -177.314194
v -12.887976 39.450600 -177.314194
v -14.271813 34.648476 -179.428680
v -28.425171 39.450600 -177.314194
v -30.854631 34.583931 -179.415771
v 34.965446 25.836838 -172.481094
v 38.644493 24.254204 -168.794296
v 16.562469 24.254204 -168.794296
v 16.562469 25.836838 -172.481094
v 0.000305 24.254204 -168.794296
v 0.000305 25.836838 -172.481094
v -16.561859 24.254204 -168.794296
v -16.561859 25.836838 -172.481094
v -38.646465 24.254204 -168.794296
v -34.967419 25.836838 -172.481094
v 30.070381 41.405010 -174.190231
v 28.423199 39.450600 -177.314194
v 12.886005 39.450600 -177.314194
v 12.886005 41.405010 -174.190231
v 0.000305 39.450600 -177.314194
v 0.000305 41.405010 -174.190231
v -12.887976 39.450600 -177.314194
v -12.887976 41.405010 -174.190231
v -28.425171 39.450600 -177.314194
v -30.069771 41.405010 -174.190231
v 34.965446 60.161697 -171.030121
v 33.034271 60.161697 -172.961304
v 33.034271 62.095451 -171.030121
v 46.944939 39.752666 -171.030121
v 45.011181 39.752666 -172.961304
v 45.011181 37.818909 -171.030121
v -32.834862 60.161697 -172.961304
v -34.768623 60.161697 -171.030121
v -32.834862 62.095451 -171.030121
v -44.543266 39.752666 -172.961304
v -46.474442 39.752666 -171.030121
v -44.543266 37.818909 -171.030121
v 45.003433 37.950581 -177.652405
v 45.034416 38.038357 -100.487961
v 38.701294 49.235569 -100.487961
v 38.603184 49.181355 -177.593033
v 36.736553 52.638363 -100.487961
v 35.592819 54.616013 -101.975067
v 36.023979 53.872459 -101.174713
v 35.179733 55.106556 -177.593033
v 35.277843 55.163353 -104.105042
v 46.095531 38.580536 -178.914902
v 45.003433 37.950581 -177.652405
v 38.603184 49.181355 -177.593033
v 39.684952 49.806149 -178.842621
v 35.179733 55.106556 -177.593033
v 36.264084 55.731346 -178.842621
v 46.937195 36.112347 -84.852661
v 45.909641 37.888615 -82.800140
v 44.133373 36.863644 -85.172798
v 46.937195 36.112347 -99.006012
v 44.133373 36.863644 -99.006012
v 37.415562 48.494595 -99.006012
v 44.133373 36.863644 -99.006012
v 44.133373 36.863644 -85.172798
v 37.415562 48.494595 -74.091766
v 35.283005 52.189133 -99.006012
v 33.253723 55.705528 -99.006012
v 33.253723 55.705528 -74.091766
v 34.317421 53.864712 -99.935455
v 28.322510 64.243500 -74.091766
v 33.656479 55.005859 -101.166969
v 28.322510 64.243500 -99.006012
v 33.253723 55.705528 -103.890755
v 33.253723 55.705528 -178.158447
v 28.322510 64.243500 -178.158447
v 48.261650 54.758015 -177.593033
v 54.785828 43.599529 -177.652405
v 53.693729 42.966991 -178.914902
v 47.179882 54.130638 -178.842621
v 44.840782 60.683216 -177.593033
v 43.756432 60.058426 -178.842621
v 56.164505 43.808651 -85.172798
v 56.164505 43.808651 -99.006012
v 49.449272 55.442184 -99.006012
v 49.449272 55.442184 -74.091766
v 47.314133 59.136719 -99.006012
v 45.284851 62.653114 -99.006012
v 45.284851 62.653114 -74.091766
v 46.348545 60.812302 -99.935455
v 40.356216 71.191086 -74.091766
v 45.687607 61.953453 -101.166969
v 40.356216 71.191086 -99.006012
v 45.284851 62.653114 -103.890755
v 45.284851 62.653122 -178.158447
v 40.356216 71.191086 -178.158447
v 33.253723 55.705528 -103.890755
v 33.253723 55.705528 -178.158447
v 35.179733 55.106556 -177.593033
v 35.277843 55.163353 -104.105042
v 33.656479 55.005859 -101.166969
v 35.592819 54.616013 -101.975067
v 34.317421 53.864712 -99.935455
v 36.023979 53.872459 -101.174713
v 35.283005 52.189133 -99.006012
v 36.736553 52.638363 -100.487961
v 37.415562 48.494595 -99.006012
v 38.701294 49.235569 -100.487961
v 44.133373 36.863644 -99.006012
v 45.034416 38.038357 -100.487961
v 40.010258 57.894886 -178.731598
v 36.264084 55.731346 -178.842621
v 35.032574 56.733082 -180.213547
v 39.269287 59.178032 -180.213547
v 43.756432 60.058426 -178.842621
v 43.505997 61.625568 -180.213547
v 49.449272 55.442184 -99.006012
v 56.164505 43.808651 -99.006012
v 54.695465 43.615017 -100.487961
v 48.163544 54.701210 -100.487961
v 47.314133 59.136719 -99.006012
v 46.198803 58.104004 -100.487961
v 46.348545 60.812302 -99.935455
v 45.486229 59.338100 -101.174713
v 45.687607 61.953453 -101.166969
v 45.057652 60.081657 -101.975067
v 45.284851 62.653114 -103.890755
v 44.742676 60.626411 -104.105042
v 45.284851 62.653122 -178.158447
v 44.771072 60.644485 -126.574341
v 44.807220 60.665146 -151.955887
v 44.840782 60.683216 -177.593033
v 50.432938 39.840446 -100.487961
v 54.235905 41.905876 -100.487961
v 55.413200 41.004829 -99.006012
v 51.173904 38.557297 -99.006012
v 46.743561 37.581383 -100.487961
v 46.937195 36.112347 -99.006012
v -38.700684 49.235569 -100.487961
v -45.036388 38.038357 -100.487961
v -45.002823 37.950581 -177.652405
v -38.602573 49.181355 -177.593033
v -36.735943 52.638363 -100.487961
v -35.594795 54.616013 -101.975067
v -36.023369 53.872459 -101.174713
v -35.181709 55.106556 -177.593033
v -35.279816 55.163353 -104.105042
v -38.602573 49.181355 -177.593033
v -45.002823 37.950581 -177.652405
v -46.097504 38.580536 -178.914902
v -39.686924 49.806149 -178.842621
v -35.181709 55.106556 -177.593033
v -36.263474 55.731346 -178.842621
v -45.911613 37.888615 -82.800140
v -46.936584 36.112347 -84.852661
v -44.132763 36.863644 -85.172798
v -46.936584 36.112347 -99.006012
v -44.132763 36.863644 -99.006012
v -44.132763 36.863644 -85.172798
v -44.132763 36.863644 -99.006012
v -37.417534 48.494595 -99.006012
v -37.417534 48.494595 -74.091766
v -35.284981 52.189133 -99.006012
v -33.253113 55.705528 -99.006012
v -33.253113 55.705528 -74.091766
v -34.316811 53.864712 -99.935455
v -28.324480 64.243500 -74.091766
v -33.658455 55.005859 -101.166969
v -28.324480 64.243500 -99.006012
v -33.253113 55.705528 -103.890755
v -33.253113 55.705528 -178.158447
v -28.324480 64.243500 -178.158447
v -53.695702 42.966991 -178.914902
v -54.787796 43.599529 -177.652405
v -48.263626 54.758015 -177.593033
v -47.179272 54.130638 -178.842621
v -44.840172 60.683216 -177.593033
v -43.758404 60.058426 -178.842621
v -49.448662 55.442184 -99.006012
v -56.163895 43.808651 -99.006012
v -56.163895 43.808651 -85.172798
v -49.448662 55.442184 -74.091766
v -47.316105 59.136719 -99.006012
v -45.286819 62.653114 -99.006012
v -45.286819 62.653114 -74.091766
v -46.347935 60.812302 -99.935455
v -40.355606 71.191086 -74.091766
v -45.689579 61.953453 -101.166969
v -40.355606 71.191086 -99.006012
v -45.286819 62.653114 -103.890755
v -45.286819 62.653122 -178.158447
v -40.355606 71.191086 -178.158447
v -35.181709 55.106556 -177.593033
v -33.253113 55.705528 -178.158447
v -33.253113 55.705528 -103.890755
v -35.279816 55.163353 -104.105042
v -33.658455 55.005859 -101.166969
v -35.594795 54.616013 -101.975067
v -34.316811 53.864712 -99.935455
v -36.023369 53.872459 -101.174713
v -35.284981 52.189133 -99.006012
v -36.735943 52.638363 -100.487961
v -37.417534 48.494595 -99.006012
v -38.700684 49.235569 -100.487961
v -44.132763 36.863644 -99.006012
v -45.036388 38.038357 -100.487961
v -35.031963 56.733082 -180.213547
v -36.263474 55.731346 -178.842621
v -40.012230 57.894886 -178.731598
v -39.268677 59.178032 -180.213547
v -43.758404 60.058426 -178.842621
v -43.507969 61.625568 -180.213547
v -54.694855 43.615017 -100.487961
v -56.163895 43.808651 -99.006012
v -49.448662 55.442184 -99.006012
v -48.165512 54.701210 -100.487961
v -47.316105 59.136719 -99.006012
v -46.200775 58.104004 -100.487961
v -46.347935 60.812302 -99.935455
v -45.488201 59.338100 -101.174713
v -45.689579 61.953453 -101.166969
v -45.059624 60.081657 -101.975067
v -45.286819 62.653114 -103.890755
v -44.742065 60.626411 -104.105042
v -45.286819 62.653122 -178.158447
v -44.773045 60.644485 -126.574341
v -44.806610 60.665146 -151.955887
v -44.840172 60.683216 -177.593033
v -55.412590 41.004829 -99.006012
v -54.237877 41.905876 -100.487961
v -50.434906 39.840446 -100.487961
v -51.175877 38.557297 -99.006012
v -46.742950 37.581383 -100.487961
v -46.936584 36.112347 -99.006012
v 7.590759 -14.237685 335.273804
v 6.403137 -15.544066 334.068115
v 10.453960 -15.544066 333.562073
v 8.631220 -11.162777 338.325470
v 15.937676 -15.544066 331.543121
v 15.550408 -7.088716 339.536316
v 8.737072 -9.820248 339.536316
v 8.375622 -7.093881 340.855621
v 6.989202 -4.501765 342.301422
v 21.364594 -13.406348 331.543121
v 23.365479 -15.544066 326.031006
v 27.498919 -15.544066 321.246948
v 8.215551 0.943223 344.575989
v 5.187115 -2.761642 343.432251
v 34.598831 -10.047442 321.246948
v 30.560921 -15.544066 309.579865
v 4.311890 -0.618758 344.575989
v 3.070050 -1.697945 344.106079
v 0.000305 -1.158351 344.575989
v 11.331768 3.372684 344.575989
v 0.000305 9.765189 346.295441
v 21.454956 -2.459572 339.536316
v 13.366217 6.416612 344.575989
v 29.461077 -7.088716 331.543121
v 25.340546 3.372685 339.536316
v 14.117517 9.765190 344.575989
v 34.800213 0.943223 331.543121
v 26.850891 9.765190 339.536316
v 13.497888 13.072458 344.575989
v 36.958588 9.765190 331.543121
v 25.823341 16.010532 339.536316
v 40.862247 -0.618757 321.246948
v 36.367355 -11.064667 309.579865
v 43.446617 9.765190 321.246948
v 34.606579 -9.099927 297.701050
v 26.303551 -15.544066 297.701050
v 42.948334 -1.158350 309.579865
v 21.372337 -11.774657 286.842041
v 24.367210 -15.544066 295.553009
v 12.359320 -15.544066 286.842041
v 40.890648 0.336505 297.701050
v 8.956524 -7.553435 273.873749
v 11.101990 -15.544066 286.116577
v 0.000305 -15.544066 283.981445
v 0.000305 -8.766875 273.873749
v -8.958496 -7.553435 273.873749
v 17.065918 -4.026714 273.873749
v -11.101379 -15.544066 286.116577
v -12.361291 -15.544066 286.842041
v -21.374310 -11.774657 286.842041
v -24.369183 -15.544066 295.553009
v -17.067890 -4.026714 273.873749
v -26.305523 -15.544066 297.701050
v -34.608551 -9.099927 297.701050
v -30.560310 -15.544066 309.579865
v -29.488869 -5.074921 286.842041
v -36.369328 -11.064667 309.579865
v -23.581738 1.477656 273.873749
v -21.374310 -11.774657 286.842041
v -34.598221 -10.047442 321.246948
v -27.500893 -15.544066 321.246948
v -42.947723 -1.158350 309.579865
v -21.366564 -13.406348 331.543121
v -23.367449 -15.544066 326.031006
v -15.939648 -15.544066 331.543121
v -40.861637 -0.618757 321.246948
v -29.460466 -7.088716 331.543121
v -40.892620 0.336505 297.701050
v -34.802185 0.943223 331.543121
v -21.454346 -2.459572 339.536316
v -25.339935 3.372685 339.536316
v -36.960556 9.765190 331.543121
v -26.852861 9.765190 339.536316
v -13.365606 6.416612 344.575989
v -43.448589 9.765190 321.246948
v -14.116906 9.765190 344.575989
v -45.684418 9.765191 309.579865
v -13.499859 13.072458 344.575989
v -43.510551 10.699799 297.701050
v -25.822731 16.010532 339.536316
v -11.548028 16.010532 344.575989
v -35.726463 18.305740 331.543121
v -22.259863 21.447777 339.536316
v -8.434393 18.305740 344.575989
v -42.149948 19.759289 321.246948
v -31.037941 25.591545 331.543121
v -16.383717 25.591541 339.536316
v -44.375450 20.257572 309.579865
v -36.834049 28.157841 321.246948
v -23.042145 30.990063 331.543121
v -4.450696 19.759289 344.575989
v -8.695154 28.157841 339.536316
v -27.529289 34.235367 321.246948
v 0.000305 20.257572 344.575989
v -12.312237 34.235367 331.543121
v 0.000305 29.022739 339.536316
v -38.865917 29.022739 309.579865
v -14.788171 37.803398 321.246948
v -42.248058 20.639679 297.701050
v -29.122253 35.311974 309.579865
v -36.955395 28.963360 297.701050
v 0.000305 35.311974 331.543121
v -15.676306 38.962624 309.579865
v 0.000305 38.962616 321.246948
v 12.310266 34.235367 331.543121
v 14.788781 37.803398 321.246948
v 8.695765 28.157841 339.536316
v 27.529900 34.235367 321.246948
v 4.448724 19.759289 344.575989
v 23.040173 30.990063 331.543121
v 16.381744 25.591541 339.536316
v 8.432422 18.305740 344.575989
v 31.035967 25.591545 331.543121
v 22.260473 21.447777 339.536316
v 11.548638 16.010532 344.575989
v 35.724495 18.305740 331.543121
v 42.147980 19.759289 321.246948
v 36.834660 28.157841 321.246948
v 45.685028 9.765191 309.579865
v 44.376060 20.257572 309.579865
v 38.866528 29.022739 309.579865
v 43.508579 10.699799 297.701050
v 42.246086 20.639679 297.701050
v 29.122864 35.311974 309.579865
v 36.953423 28.963360 297.701050
v 15.674335 38.962624 309.579865
v 27.640917 34.966015 297.701050
v 0.000305 40.142498 309.579865
v 14.855907 38.474663 297.701050
v -14.857880 38.474663 297.701050
v 0.000305 39.615814 297.701050
v -27.642891 34.966015 297.701050
v 0.000305 38.650223 286.842041
v -12.562672 37.599438 286.842041
v 12.563282 37.599438 286.842041
v -23.439739 34.392860 286.842041
v -31.435534 28.968525 286.842041
v 23.437767 34.392860 286.842041
v -42.248058 20.639679 297.701050
v -36.025951 21.520069 286.842041
v -43.510551 10.699799 297.701050
v 31.436144 28.968525 286.842041
v -37.133537 12.661958 286.842041
v -40.892620 0.336505 297.701050
v 42.246086 20.639679 297.701050
v -34.879639 3.408832 286.842041
v -34.608551 -9.099927 297.701050
v -27.932049 8.355536 273.873749
v -29.741882 15.798829 273.873749
v -28.802111 22.921978 273.873749
v -25.030121 28.963360 273.873749
v -18.565325 33.429852 273.873749
v -9.908593 36.120075 273.873749
v 0.000305 37.010792 273.873749
v 9.909204 36.120075 273.873749
v 18.565935 33.429852 273.873749
v 25.028149 28.963360 273.873749
v 28.800140 22.921978 273.873749
v 36.023979 21.520069 286.842041
v 43.508579 10.699799 297.701050
v 37.131565 12.661958 286.842041
v 40.890648 0.336505 297.701050
v 29.742493 15.798829 273.873749
v 34.877666 3.408832 286.842041
v 34.606579 -9.099927 297.701050
v 27.930077 8.355536 273.873749
v 29.486895 -5.074921 286.842041
v 23.579765 1.477656 273.873749
v 21.372337 -11.774657 286.842041
v -10.455933 -15.544066 333.562073
v -6.405108 -15.544066 334.068115
v -7.592731 -14.237685 335.273804
v -8.630610 -11.162777 338.325470
v -15.552380 -7.088716 339.536316
v -8.736462 -9.820248 339.536316
v -8.375011 -7.093881 340.855621
v -6.988592 -4.501765 342.301422
v -11.331158 3.372684 344.575989
v -8.214941 0.943223 344.575989
v -5.189087 -2.761642 343.432251
v -4.313861 -0.618758 344.575989
v -3.069440 -1.697945 344.106079
v 61.532036 34.537437 333.892548
v 74.792091 34.537437 326.175598
v 74.792091 48.618500 326.175598
v 61.532036 48.618500 333.892548
v 42.483612 34.537434 341.124146
v 42.483612 48.618500 341.124146
v 20.760454 34.537434 345.853973
v 20.760454 48.618500 345.853973
v 0.000305 34.537434 346.189606
v 0.000305 48.618500 346.189606
v -20.762426 34.537434 345.853973
v -20.762426 48.618500 345.853973
v -42.485580 34.537434 341.124146
v -42.485580 48.618500 341.124146
v -61.531425 34.537437 333.892548
v -61.531425 48.618500 333.892548
v -74.794067 34.537437 326.175598
v -74.794067 48.618500 326.175598
v 0.000305 48.618507 280.607056
v 44.412205 48.618507 280.607056
v 44.412205 34.537437 280.607056
v 0.000305 34.537437 280.607056
v -44.414177 48.618507 280.607056
v -44.414177 34.537437 280.607056
v -60.578751 32.327427 331.891663
v -72.535004 32.327427 324.933746
v -72.367188 32.327427 320.358826
v -48.795471 32.327431 284.185394
v -41.853043 32.327427 339.001892
v -44.096619 32.327431 282.817047
v 0.000305 32.327431 282.817047
v -20.506828 32.327427 343.646545
v 0.000305 32.327427 343.979584
v 20.507439 32.327427 343.646545
v 44.097229 32.327431 282.817047
v 41.853653 32.327427 339.001892
v 60.576775 32.327427 331.891663
v 48.796082 32.327431 284.185394
v 72.365219 32.327427 320.358826
v 72.535614 32.327427 324.933746
v -72.367188 50.825928 320.358826
v -72.535004 50.825928 324.933746
v -60.578751 50.825928 331.891663
v -48.795471 50.825935 284.185394
v -41.853043 50.825928 339.001892
v -44.096619 50.825935 282.817047
v 0.000305 50.825935 282.817047
v -20.506828 50.825928 343.646545
v 0.000305 50.825928 343.979584
v 20.507439 50.825928 343.646545
v 44.097229 50.825935 282.817047
v 41.853653 50.825928 339.001892
v 60.576775 50.825928 331.891663
v 48.796082 50.825935 284.185394
v 72.365219 50.825928 320.358826
v 72.535614 50.825928 324.933746
v -61.531425 34.537437 333.892548
v -74.794067 34.537437 326.175598
v -72.535004 32.327427 324.933746
v -60.578751 32.327427 331.891663
v -42.485580 34.537434 341.124146
v -41.853043 32.327427 339.001892
v -20.762426 34.537434 345.853973
v -20.506828 32.327427 343.646545
v 0.000305 34.537434 346.189606
v 0.000305 32.327427 343.979584
v 20.760454 34.537434 345.853973
v 20.507439 32.327427 343.646545
v 42.483612 34.537434 341.124146
v 41.853653 32.327427 339.001892
v 61.532036 34.537437 333.892548
v 60.576775 32.327427 331.891663
v 74.792091 34.537437 326.175598
v 72.535614 32.327427 324.933746
v 0.000305 32.327431 282.817047
v -44.096619 32.327431 282.817047
v -44.414177 34.537437 280.607056
v 0.000305 34.537437 280.607056
v 44.097229 32.327431 282.817047
v 44.412205 34.537437 280.607056
v 61.532036 48.618500 333.892548
v 74.792091 48.618500 326.175598
v 72.535614 50.825928 324.933746
v 60.576775 50.825928 331.891663
v 42.483612 48.618500 341.124146
v 41.853653 50.825928 339.001892
v 20.760454 48.618500 345.853973
v 20.507439 50.825928 343.646545
v 0.000305 48.618500 346.189606
v 0.000305 50.825928 343.979584
v -20.762426 48.618500 345.853973
v -20.506828 50.825928 343.646545
v -42.485580 48.618500 341.124146
v -41.853043 50.825928 339.001892
v -61.531425 48.618500 333.892548
v -60.578751 50.825928 331.891663
v -74.794067 48.618500 326.175598
v -72.535004 50.825928 324.933746
v 0.000305 50.825935 282.817047
v 44.097229 50.825935 282.817047
v 44.412205 48.618507 280.607056
v 0.000305 48.618507 280.607056
v -44.096619 50.825935 282.817047
v -44.414177 48.618507 280.607056
v 0.000305 43.979034 239.879349
v 17.352497 43.979034 239.879349
v 17.352497 34.511623 239.879349
v 0.000305 34.511623 239.879349
v -17.354467 43.979034 239.879349
v -17.354467 34.511623 239.879349
v -20.932823 43.979034 241.831177
v -20.932823 34.511623 241.831177
v -37.559532 34.511620 273.780792
v -37.559532 43.979034 273.780792
v -39.645615 34.511620 277.792908
v -39.645615 43.979034 277.792908
v -45.828995 43.979034 282.349731
v -45.828995 34.511620 282.349731
v 0.000305 43.979034 290.159668
v -45.841904 43.979034 290.190643
v -45.841904 34.511620 290.190643
v 0.000305 34.511620 290.159668
v 45.842514 43.979034 290.190643
v 45.842514 34.511620 290.190643
v 0.000305 32.301613 287.962555
v 43.642834 32.301613 287.990967
v 45.842514 34.511620 290.190643
v 0.000305 34.511620 290.159668
v -43.642223 32.301613 287.990967
v -45.841904 34.511620 290.190643
v 0.000305 32.301613 242.076447
v -16.794220 32.301613 242.076447
v -17.354467 34.511623 239.879349
v 0.000305 34.511623 239.879349
v 16.792248 32.301613 242.076447
v 17.352497 34.511623 239.879349
v 35.081627 32.301613 273.780792
v 19.293999 32.301613 243.439636
v 20.933434 34.511623 241.831177
v 37.560143 34.511620 273.780792
v 37.931919 32.301613 279.259369
v 39.646225 34.511620 277.792908
v 43.635086 32.301613 283.459900
v 45.829605 34.511620 282.349731
v 0.000305 46.189041 242.076447
v 16.792248 46.189041 242.076447
v 17.352497 43.979034 239.879349
v 0.000305 43.979034 239.879349
v -16.794220 46.189041 242.076447
v -17.354467 43.979034 239.879349
v -35.083599 46.189041 273.780792
v -19.293388 46.189041 243.439636
v -20.932823 43.979034 241.831177
v -37.559532 43.979034 273.780792
v -37.933891 46.189041 279.259369
v -39.645615 43.979034 277.792908
v -43.634476 46.189041 283.459900
v -45.828995 43.979034 282.349731
v 0.000305 46.189041 287.962555
v -43.642223 46.189041 287.990967
v -45.841904 43.979034 290.190643
v 0.000305 43.979034 290.159668
v 43.642834 46.189041 287.990967
v 45.842514 43.979034 290.190643
v 20.933434 34.511623 241.831177
v 20.933434 43.979034 241.831177
v 37.560143 43.979034 273.780792
v 37.560143 34.511620 273.780792
v 39.646225 43.979034 277.792908
v 39.646225 34.511620 277.792908
v 45.829605 34.511620 282.349731
v 45.829605 43.979034 282.349731
v -20.932823 34.511623 241.831177
v -19.293388 32.301613 243.439636
v -35.083599 32.301613 273.780792
v -37.559532 34.511620 273.780792
v -37.933891 32.301613 279.259369
v -39.645615 34.511620 277.792908
v -45.828995 34.511620 282.349731
v -43.634476 32.301613 283.459900
v 20.933434 43.979034 241.831177
v 19.293999 46.189041 243.439636
v 35.081627 46.189041 273.780792
v 37.560143 43.979034 273.780792
v 37.931919 46.189041 279.259369
v 39.646225 43.979034 277.792908
v 45.829605 43.979034 282.349731
v 43.635086 46.189041 283.459900
v 0.625098 60.592831 307.682251
v -6.418017 60.592831 305.794952
v -6.418017 42.429962 305.794952
v 0.625098 42.429962 307.682251
v 7.670794 60.592831 305.794952
v 7.670794 42.429962 305.794952
v 12.826623 60.592831 300.639130
v 12.826623 42.429962 300.639130
v 14.713909 60.592831 293.593445
v 14.713909 42.429962 293.593445
v 12.826623 60.592831 286.547729
v 12.826623 42.429962 286.547729
v 7.670794 60.592831 281.391907
v 7.670794 42.429962 281.391907
v 0.625098 60.592831 279.504639
v 0.625098 42.429962 279.504639
v -6.418017 60.592831 281.391907
v -6.418017 42.429962 281.391907
v -11.576427 60.592831 286.547729
v -11.576427 42.429962 286.547729
v -13.463715 60.592831 293.593445
v -13.463715 42.429962 293.593445
v -11.576427 60.592831 300.639130
v -11.576427 42.429962 300.639130
v -6.418017 60.592831 305.794952
v -6.418017 42.429962 305.794952
v -15.908667 51.778610 311.591064
v -13.533422 51.778610 309.778656
v -13.533422 55.666786 309.778656
v -15.908667 55.666786 311.591064
v -23.713409 51.778610 311.591064
v -23.713409 55.666786 311.591064
v -26.091234 51.778610 309.778656
v -15.908667 57.481777 309.778656
v -26.091234 55.666786 309.778656
v -23.713409 57.481777 309.778656
v -28.414843 34.749161 -60.057175
v -33.299583 35.459152 -57.248192
v -14.271813 35.459152 -58.275742
v -12.177984 34.749161 -61.087311
v 0.000305 35.459152 -58.474541
v 0.000305 34.749161 -61.283524
v 14.269842 35.459152 -58.275742
v 12.178595 34.749161 -61.087311
v 33.297615 35.459152 -57.248192
v 28.415453 34.749161 -60.057175
v 32.783836 61.220200 324.045593
v 34.154766 61.196968 318.711639
v 33.072998 62.864803 318.711639
v 31.627197 62.841568 324.053345
v 28.056587 61.240860 329.679077
v 26.925762 62.820908 329.542236
v 20.600384 61.258926 334.202362
v 19.696758 62.805420 333.840912
v 11.861034 61.264095 336.892578
v 11.553802 62.800259 336.322021
v 10.110583 63.179779 335.707550
v 11.553802 62.800259 336.322021
v 19.696758 62.805420 333.840912
v 19.082293 63.179779 332.957947
v 26.925762 62.820908 329.542236
v 26.202862 63.179779 328.679932
v 31.627197 62.841568 324.053345
v 30.775208 63.179779 323.289154
v 33.072998 62.864803 318.711639
v 32.350098 63.179779 317.312317
v -33.072388 62.864803 318.711639
v -34.154156 61.196968 318.711639
v -32.785809 61.220200 324.045593
v -31.626587 62.841568 324.053345
v -28.055977 61.240860 329.679077
v -26.927734 62.820908 329.542236
v -20.599773 61.258926 334.202362
v -19.698730 62.805420 333.840912
v -11.863007 61.264095 336.892578
v -11.553192 62.800259 336.322021
v -19.698730 62.805420 333.840912
v -11.553192 62.800259 336.322021
v -10.109973 63.179779 335.707550
v -19.084265 63.179779 332.957947
v -26.927734 62.820908 329.542236
v -26.204834 63.179779 328.679932
v -31.626587 62.841568 324.053345
v -30.774597 63.179779 323.289154
v -33.072388 62.864803 318.711639
v -32.349487 63.179779 317.312317
v 38.231407 8.747966 331.119690
v 37.702141 6.566356 331.122284
v 43.604107 6.189415 321.590332
v 44.298607 8.747967 321.479309
v 45.651463 5.993200 310.710693
v 46.343384 8.753130 310.710693
v -43.606079 6.189415 321.590332
v -37.704113 6.566356 331.122284
v -38.233379 8.747966 331.119690
v -44.300579 8.747967 321.479309
v -45.650852 5.993200 310.710693
v -46.342773 8.753130 310.710693
v 74.608788 36.329212 -19.293341
v 74.941833 39.912731 8.690651
v 109.258949 28.183670 19.020382
v 80.939331 32.985798 -26.289982
v 79.274078 23.815292 -100.253021
v 71.944382 26.613953 -100.253021
v 77.273193 23.696533 -106.753967
v 67.901306 22.250732 -144.682983
v 68.301483 27.127728 -106.759125
v 59.058685 28.842033 -106.764282
v 58.898613 23.482246 -148.922287
v 76.816216 21.881535 -106.516434
v 77.273193 23.696533 -106.753967
v 68.301483 27.127728 -106.759125
v 67.844505 25.315311 -106.521606
v 59.058685 28.842033 -106.764282
v 58.601707 27.029617 -106.526764
v 186.152313 2.698863 -210.562469
v 181.755524 3.695432 -214.959229
v 172.961960 5.701481 -208.853302
v 165.660675 9.739391 -109.557777
v 176.137558 6.398560 -122.624207
v 121.083534 22.498577 11.197563
v 121.406258 24.584663 11.099457
v 118.078339 25.217201 9.018538
v 117.755615 23.131115 9.116646
v 115.628220 25.323051 7.487537
v 115.302917 23.304096 7.585646
v 106.764954 22.250725 -25.799444
v 107.087677 24.339394 -25.897552
v 118.434631 23.792053 -20.127256
v 118.111908 21.705971 -20.029150
v 132.484711 21.047615 -12.980871
v 132.161987 18.958948 -12.882763
v 139.829895 14.977836 -67.066727
v 140.379822 17.020031 -67.123528
v 165.593536 9.935607 -102.450119
v 165.041046 7.893414 -102.393318
v 179.912140 5.172211 -122.510605
v 179.362213 3.132599 -122.456390
v 185.623047 1.113641 -116.915871
v 186.172974 3.153253 -116.972672
v 165.619354 10.570725 -77.435181
v 165.069443 8.528532 -77.378387
v 151.496979 15.001071 -50.267040
v 150.944489 12.958878 -50.210239
v 142.855743 17.874599 -32.003479
v 142.517532 15.788515 -31.907951
v 139.835052 16.033785 -41.615471
v 140.173279 18.119869 -41.710999
v 132.402100 16.387491 -68.512527
v 132.740295 18.473576 -68.608055
v 142.517532 15.788515 -31.907951
v 142.855743 17.874599 -32.003479
v 140.175842 18.561356 -31.053381
v 139.835052 16.475269 -30.957855
v 135.389221 19.666359 -29.354565
v 135.050995 17.580276 -29.259039
v 135.050995 17.580276 -29.259039
v 135.389221 19.666359 -29.354565
v 118.659241 22.960720 -37.105087
v 118.318451 20.874634 -37.009563
v 102.639252 23.766239 -44.527725
v 102.301033 21.680153 -44.429619
v 97.966217 21.277393 -59.360092
v 98.304428 23.363480 -59.458206
v 118.997452 21.600117 -64.957413
v 118.659241 19.514034 -64.859299
v 132.740295 18.473576 -68.608055
v 132.402100 16.387491 -68.512527
v 120.577515 15.478705 -143.688995
v 120.753067 17.582863 -143.789703
v 119.795227 17.776497 -143.536682
v 119.619659 15.672339 -143.435989
v 82.235382 20.977909 -133.599380
v 82.059822 18.871172 -133.498688
v 120.923462 16.893524 -111.561249
v 121.096443 19.000261 -111.661934
v 119.400208 19.356548 -111.246277
v 119.224648 17.249809 -111.145576
v 84.478958 22.299786 -102.679901
v 84.303398 20.193047 -102.579208
v 131.826355 16.449455 -71.404129
v 132.061295 18.551029 -71.504822
v 118.932907 21.463284 -68.011658
v 118.697968 19.364292 -67.913559
v 107.707306 22.421127 -65.027115
v 107.472351 20.322136 -64.926422
v -115.627609 25.323051 7.487537
v -107.089638 24.339394 -25.897552
v -118.436592 23.792053 -20.127256
v -118.080307 25.217201 9.018538
v -132.484100 21.047615 -12.980871
v -121.408234 24.584663 11.099457
v -144.272537 16.857376 -48.098339
v -140.381775 17.020031 -67.123528
v -151.496368 15.001071 -50.267040
v -165.621338 10.570725 -77.435181
v -165.592926 9.935607 -102.450119
v -186.174942 3.153253 -116.972672
v -185.932251 3.176489 -123.956406
v -179.914108 5.172211 -122.510605
v -80.941299 32.985798 -26.289982
v -71.943771 26.613953 -100.253021
v -79.273468 23.815292 -100.253021
v -109.260925 28.183670 19.020382
v -74.610756 36.329212 -19.293341
v -74.943810 39.912731 8.690651
v -67.903275 22.250732 -144.682983
v -77.275162 23.696533 -106.753967
v -68.303452 27.127728 -106.759125
v -59.058075 28.842033 -106.764282
v -58.900589 23.482246 -148.922287
v -68.303452 27.127728 -106.759125
v -77.275162 23.696533 -106.753967
v -76.818184 21.881535 -106.516434
v -67.846481 25.315311 -106.521606
v -59.058075 28.842033 -106.764282
v -58.601097 27.029617 -106.526764
v -186.151703 2.698863 -210.562469
v -176.136948 6.398560 -122.624207
v -165.660065 9.739391 -109.557777
v -172.961349 5.701481 -208.853302
v -181.754913 3.695432 -214.959229
v -118.080307 25.217201 9.018538
v -121.408234 24.584663 11.099457
v -121.085510 22.498577 11.197563
v -117.757584 23.131115 9.116646
v -115.627609 25.323051 7.487537
v -115.304886 23.234386 7.585646
v -118.436592 23.792053 -20.127256
v -107.089638 24.339394 -25.897552
v -106.764343 22.250725 -25.799444
v -118.111298 21.705971 -20.029150
v -132.484100 21.047615 -12.980871
v -132.161377 18.958948 -12.882763
v -165.592926 9.935607 -102.450119
v -140.381775 17.020031 -67.123528
v -139.829285 14.977836 -67.066727
v -165.043015 7.893414 -102.393318
v -179.914108 5.172211 -122.510605
v -179.361603 3.132599 -122.456390
v -165.621338 10.570725 -77.435181
v -186.174942 3.153253 -116.972672
v -185.622437 1.113641 -116.915871
v -165.068832 8.528532 -77.378387
v -151.496368 15.001071 -50.267040
v -150.946457 12.958878 -50.210239
v -139.834442 16.033785 -41.615471
v -142.516922 15.788515 -31.907951
v -142.855133 17.874599 -32.003479
v -140.172668 18.119869 -41.710999
v -132.401489 16.387491 -68.512527
v -132.742279 18.473576 -68.608055
v -140.175232 18.561356 -31.053381
v -142.855133 17.874599 -32.003479
v -142.516922 15.788515 -31.907951
v -139.837036 16.475269 -30.957855
v -135.391190 19.666359 -29.354565
v -135.050385 17.580276 -29.259039
v -118.658630 22.960720 -37.105087
v -135.391190 19.666359 -29.354565
v -135.050385 17.580276 -29.259039
v -118.320412 20.874634 -37.009563
v -102.638641 23.766239 -44.527725
v -102.300423 21.680153 -44.429619
v -118.999420 21.600117 -64.957413
v -98.303818 23.363480 -59.458206
v -97.965607 21.277393 -59.360092
v -118.661209 19.514034 -64.859299
v -132.742279 18.473576 -68.608055
v -132.401489 16.387491 -68.512527
v -119.797195 17.776497 -143.536682
v -120.755035 17.582863 -143.789703
v -120.579475 15.478705 -143.688995
v -119.621643 15.672339 -143.435989
v -82.234772 20.977909 -133.599380
v -82.059212 18.871172 -133.498688
v -119.399597 19.356548 -111.246277
v -121.098419 19.000261 -111.661934
v -120.922852 16.893524 -111.561249
v -119.226624 17.249809 -111.145576
v -84.478348 22.299786 -102.679901
v -84.305367 20.193047 -102.579208
v -118.932297 21.463284 -68.011658
v -132.063263 18.551029 -71.504822
v -131.828323 16.449455 -71.404129
v -118.697357 19.364292 -67.913559
v -107.709267 22.421127 -65.027115
v -107.471741 20.322136 -64.926422
v 28.035931 13.828944 -164.653107
v 27.767426 13.828944 -145.196777
v 59.063847 13.707600 -145.196777
v 58.800507 13.710183 -164.653107
v 60.334091 13.281605 -145.196777
v 60.266960 13.214478 -164.655701
v 30.599648 11.280721 -166.346771
v 29.554024 12.328926 -166.346771
v 57.282413 12.220491 -166.346771
v 56.239372 11.182612 -166.346771
v 58.921848 11.874532 -166.346771
v 57.723900 10.681746 -166.346771
v 59.262650 10.232515 -166.346771
v 58.219604 9.192055 -166.346771
v 59.262650 -2.335624 -166.346771
v 58.219604 -1.292582 -166.346771
v 58.924431 -3.977640 -166.346771
v 57.723900 -2.779692 -166.346771
v 57.279831 -4.318437 -166.346771
v 56.236790 -3.275394 -166.346771
v 43.402725 -4.119638 -166.346771
v 43.632507 -3.275394 -166.346771
v 28.441271 3.537941 -166.346771
v 29.406860 4.093026 -166.346771
v 27.656410 4.898543 -166.346771
v 28.621996 5.453627 -166.346771
v 27.571209 10.351277 -166.346771
v 28.619415 9.303072 -166.346771
v 27.909424 11.995875 -166.346771
v 29.112535 10.790181 -166.346771
v 29.554024 12.328926 -166.346771
v 30.599648 11.280721 -166.346771
v 30.307903 11.280720 -162.709030
v 30.599648 11.280721 -166.346771
v 56.239372 11.182612 -166.346771
v 56.525955 11.180031 -162.709030
v 57.723900 10.681746 -166.346771
v 57.796188 10.751453 -162.709030
v 60.266960 -5.322752 -164.653107
v 60.334091 -5.389879 -145.196777
v 59.063847 -5.813293 -145.196777
v 58.797928 -5.813292 -164.653107
v 42.945751 -5.813293 -145.196777
v 42.945751 -5.813292 -164.653107
v 26.817329 2.662714 -145.196777
v 26.866381 2.636898 -164.653107
v 26.086681 3.935535 -145.196777
v 26.086681 3.992336 -164.653107
v 26.076355 12.143037 -145.196777
v 26.076355 11.874532 -164.653107
v 26.499767 13.410694 -145.196777
v 26.566895 13.343568 -164.653107
v 60.266960 13.214478 -164.655701
v 60.334091 13.281605 -145.196777
v 60.757500 12.011365 -145.196777
v 60.757500 11.745442 -164.653107
v 60.757500 -4.119640 -145.196777
v 60.757500 -3.853715 -164.653107
v 60.334091 -5.389879 -145.196777
v 60.266960 -5.322752 -164.653107
v 57.796188 -2.851982 -162.709030
v 57.723900 -2.779692 -166.346771
v 56.236790 -3.275394 -166.346771
v 56.525955 -3.275395 -162.709030
v 43.632507 -3.275394 -166.346771
v 43.632507 -3.275395 -162.709030
v 29.406860 4.093026 -166.346771
v 29.355225 4.121425 -162.709030
v 28.621996 5.453627 -166.346771
v 28.621996 5.394246 -162.709030
v 28.619415 9.303072 -166.346771
v 28.616833 9.594813 -162.709030
v 29.112535 10.790181 -166.346771
v 29.040245 10.862471 -162.709030
v 57.796188 10.751453 -162.709030
v 57.723900 10.681746 -166.346771
v 58.219604 9.192055 -166.346771
v 58.219604 9.481215 -162.709030
v 58.219604 -1.292582 -166.346771
v 58.219604 -1.581742 -162.709030
v 57.723900 -2.779692 -166.346771
v 57.796188 -2.851982 -162.709030
v 57.282413 12.220491 -166.346771
v 29.554024 12.328926 -166.346771
v 28.428362 13.452004 -165.923355
v 58.408073 13.338405 -165.923355
v 58.921848 11.874532 -166.346771
v 59.928745 12.876266 -165.923355
v 59.262650 10.232515 -166.346771
v 60.383141 11.355593 -165.923355
v 59.262650 -2.335624 -166.346771
v 60.383141 -3.461283 -165.923355
v 58.924431 -3.977640 -166.346771
v 59.928745 -4.984537 -165.923355
v 57.279831 -4.318437 -166.346771
v 58.408073 -5.438932 -165.923355
v 43.402725 -4.119638 -166.346771
v 43.059349 -5.389878 -165.923355
v 28.441271 3.537941 -166.346771
v 27.261395 2.858931 -165.923355
v 27.656410 4.898543 -166.346771
v 26.479113 4.222115 -165.923355
v 27.571209 10.351277 -166.346771
v 26.450714 11.482100 -165.923355
v 27.909424 11.995875 -166.346771
v 26.905107 13.002772 -165.923355
v 29.554024 12.328926 -166.346771
v 28.428362 13.452004 -165.923355
v 58.408073 13.338405 -165.923355
v 28.428362 13.452004 -165.923355
v 28.035931 13.828944 -164.653107
v 58.800507 13.710183 -164.653107
v 59.928745 12.876266 -165.923355
v 60.266960 13.214478 -164.655701
v 58.408073 -5.438932 -165.923355
v 59.928745 -4.984537 -165.923355
v 60.266960 -5.322752 -164.653107
v 58.797928 -5.813292 -164.653107
v 43.059349 -5.389878 -165.923355
v 42.945751 -5.813292 -164.653107
v 27.261395 2.858931 -165.923355
v 26.866381 2.636898 -164.653107
v 26.479113 4.222115 -165.923355
v 26.086681 3.992336 -164.653107
v 26.450714 11.482100 -165.923355
v 26.076355 11.874532 -164.653107
v 26.905107 13.002772 -165.923355
v 26.566895 13.343568 -164.653107
v 60.383141 11.355593 -165.923355
v 59.928745 12.876266 -165.923355
v 60.266960 13.214478 -164.655701
v 60.757500 11.745442 -164.653107
v 60.383141 -3.461283 -165.923355
v 60.757500 -3.853715 -164.653107
v 59.928745 -4.984537 -165.923355
v 60.266960 -5.322752 -164.653107
v -59.065819 13.707600 -145.196777
v -27.766815 13.828944 -145.196777
v -28.037903 13.828944 -164.653107
v -58.799896 13.710183 -164.653107
v -60.336060 13.281605 -145.196777
v -60.268936 13.214478 -164.653107
v -57.281803 12.220491 -166.346771
v -29.553413 12.328926 -166.346771
v -30.601616 11.280721 -166.346771
v -56.238762 11.182612 -166.346771
v -58.923820 11.874532 -166.346771
v -57.725876 10.681746 -166.346771
v -59.262039 10.232515 -166.346771
v -58.218994 9.192055 -166.346771
v -59.264618 -2.335624 -166.346771
v -58.218994 -1.292582 -166.346771
v -58.923820 -3.977640 -166.346771
v -57.723289 -2.779692 -166.346771
v -57.281803 -4.318437 -166.346771
v -56.238762 -3.275394 -166.346771
v -43.402115 -4.119638 -166.346771
v -43.631897 -3.275394 -166.346771
v -28.440660 3.537941 -166.346771
v -29.406250 4.093026 -166.346771
v -27.658379 4.898543 -166.346771
v -28.623970 5.453627 -166.346771
v -27.573181 10.351277 -166.346771
v -28.618805 9.303072 -166.346771
v -27.908813 11.995875 -166.346771
v -29.114510 10.790181 -166.346771
v -29.553413 12.328926 -166.346771
v -30.601616 11.280721 -166.346771
v -56.238762 11.182612 -166.346771
v -30.601616 11.280721 -166.346771
v -30.309875 11.280720 -162.709030
v -56.527924 11.180031 -162.709030
v -57.725876 10.681746 -166.346771
v -57.795578 10.751453 -162.709030
v -59.065819 -5.813293 -145.196777
v -60.336060 -5.389879 -145.196777
v -60.268936 -5.322752 -164.653107
v -58.799896 -5.813292 -164.653107
v -42.945141 -5.813293 -145.196777
v -42.945141 -5.813292 -164.653107
v -26.819298 2.662714 -145.196777
v -26.865770 2.636898 -164.653107
v -26.086071 3.935535 -145.196777
v -26.086071 3.992336 -164.653107
v -26.078325 12.143037 -145.196777
v -26.078325 11.874532 -164.653107
v -26.499157 13.410694 -145.196777
v -26.566284 13.343568 -164.653107
v -60.756889 12.011365 -145.196777
v -60.336060 13.281605 -145.196777
v -60.268936 13.214478 -164.653107
v -60.756889 11.745442 -164.653107
v -60.756889 -4.119640 -145.196777
v -60.756889 -3.853715 -164.653107
v -60.336060 -5.389879 -145.196777
v -60.268936 -5.322752 -164.653107
v -56.238762 -3.275394 -166.346771
v -57.723289 -2.779692 -166.346771
v -57.795578 -2.851982 -162.709030
v -56.527924 -3.275395 -162.709030
v -43.631897 -3.275394 -166.346771
v -43.631897 -3.275395 -162.709030
v -29.406250 4.093026 -166.346771
v -29.354614 4.121425 -162.709030
v -28.623970 5.453627 -166.346771
v -28.623970 5.394246 -162.709030
v -28.618805 9.303072 -166.346771
v -28.618805 9.594813 -162.709030
v -29.114510 10.790181 -166.346771
v -29.039635 10.862471 -162.709030
v -58.218994 9.192055 -166.346771
v -57.725876 10.681746 -166.346771
v -57.795578 10.751453 -162.709030
v -58.218994 9.481215 -162.709030
v -58.218994 -1.292582 -166.346771
v -58.218994 -1.581742 -162.709030
v -57.723289 -2.779692 -166.346771
v -57.795578 -2.851982 -162.709030
v -28.427752 13.452004 -165.923355
v -29.553413 12.328926 -166.346771
v -57.281803 12.220491 -166.346771
v -58.410049 13.338405 -165.923355
v -58.923820 11.874532 -166.346771
v -59.928135 12.876266 -165.923355
v -59.262039 10.232515 -166.346771
v -60.385117 11.355593 -165.923355
v -59.264618 -2.335624 -166.346771
v -60.385117 -3.461283 -165.923355
v -58.923820 -3.977640 -166.346771
v -59.928135 -4.984537 -165.923355
v -57.281803 -4.318437 -166.346771
v -58.407463 -5.438932 -165.923355
v -43.402115 -4.119638 -166.346771
v -43.061321 -5.389878 -165.923355
v -28.440660 3.537941 -166.346771
v -27.260784 2.858931 -165.923355
v -27.658379 4.898543 -166.346771
v -26.478502 4.222115 -165.923355
v -27.573181 10.351277 -166.346771
v -26.452684 11.482100 -165.923355
v -27.908813 11.995875 -166.346771
v -26.904497 13.002772 -165.923355
v -29.553413 12.328926 -166.346771
v -28.427752 13.452004 -165.923355
v -28.037903 13.828944 -164.653107
v -28.427752 13.452004 -165.923355
v -58.410049 13.338405 -165.923355
v -58.799896 13.710183 -164.653107
v -59.928135 12.876266 -165.923355
v -60.268936 13.214478 -164.653107
v -60.268936 -5.322752 -164.653107
v -59.928135 -4.984537 -165.923355
v -58.407463 -5.438932 -165.923355
v -58.799896 -5.813292 -164.653107
v -43.061321 -5.389878 -165.923355
v -42.945141 -5.813292 -164.653107
v -27.260784 2.858931 -165.923355
v -26.865770 2.636898 -164.653107
v -26.478502 4.222115 -165.923355
v -26.086071 3.992336 -164.653107
v -26.452684 11.482100 -165.923355
v -26.078325 11.874532 -164.653107
v -26.904497 13.002772 -165.923355
v -26.566284 13.343568 -164.653107
v -60.268936 13.214478 -164.653107
v -59.928135 12.876266 -165.923355
v -60.385117 11.355593 -165.923355
v -60.756889 11.745442 -164.653107
v -60.385117 -3.461283 -165.923355
v -60.756889 -3.853715 -164.653107
v -59.928135 -4.984537 -165.923355
v -60.268936 -5.322752 -164.653107
v 217.918640 -48.996262 -200.581268
v 223.768951 -49.468731 -196.300659
v 223.058960 -49.703674 -121.573425
v 208.562225 -48.281109 -197.452133
v 210.676727 -48.392128 -115.064728
v 216.576111 -48.634819 -114.933060
v 208.213684 -48.273369 -117.052704
v 208.562225 -48.281109 -197.452133
v 208.213684 -48.273369 -117.052704
v 180.273590 -13.269496 -111.297913
v 180.330383 -13.574142 -213.441162
v 155.777588 -7.380435 -199.471100
v 155.898926 -7.718655 -79.041061
v 128.309967 -3.146305 -183.908081
v 129.427872 -10.708365 -49.657738
v 67.852249 -9.471684 -153.698593
v 128.309967 -3.146305 -183.908081
v 88.614983 -17.686935 -20.277002
v 36.617790 -19.124992 -25.494795
v 36.615208 -9.577537 -158.490387
v 0.000305 -19.349609 -26.909615
v 0.000305 -4.723777 -158.196060
v -36.614597 -9.577537 -158.490387
v -36.617180 -19.124992 -25.494795
v -67.851639 -9.471684 -153.698593
v -88.616951 -17.686935 -20.277002
v -129.429840 -10.708365 -49.657738
v -128.309357 -3.195359 -183.908081
v -128.309357 -3.195359 -183.908081
v -155.900909 -7.718655 -79.041061
v -155.776978 -7.380435 -199.471100
v -180.275558 -13.269496 -111.297913
v -180.329773 -13.574142 -213.441162
v -208.564194 -48.281109 -197.452133
v -208.215652 -48.273369 -117.052704
v 0.000305 25.911709 -156.840622
v 36.615208 25.020992 -156.450775
v 36.615208 19.810944 -158.539444
v 0.000305 20.766205 -158.949951
v -36.614597 19.810944 -158.539444
v -36.614597 25.020992 -156.450775
v -223.770920 -49.468731 -196.300659
v -217.918030 -48.996262 -200.581268
v -223.058350 -49.703674 -121.573425
v -208.564194 -48.281109 -197.452133
v -210.676117 -48.392128 -115.064728
v -216.575500 -48.634819 -114.933060
v -208.215652 -48.273369 -117.052704
v 203.158539 -60.531693 -130.374725
v 203.034637 -57.882774 -127.849739
v 203.034637 -57.882771 -217.404205
v 203.158539 -60.531693 -214.879196
v 202.513092 -62.945663 -214.879196
v 202.513092 -62.945663 -130.374725
v 201.080200 -65.176315 -127.849739
v 201.080200 -65.176315 -217.404205
v 218.318817 -84.064674 -130.374725
v 218.445312 -86.713593 -127.849739
v 218.445312 -86.713593 -217.404205
v 218.318817 -84.064674 -214.879196
v 218.964264 -81.663612 -214.879196
v 218.964264 -81.663612 -130.374725
v 220.394562 -79.432953 -127.849739
v 220.394562 -79.432953 -217.404205
v 223.188049 -65.896637 -214.879196
v 224.620941 -63.665970 -217.404205
v 224.620941 -63.665970 -127.849739
v 223.188049 -65.896637 -130.374725
v 222.540039 -68.310608 -130.374725
v 222.540039 -68.310608 -214.879196
v 222.666534 -70.959518 -217.404205
v 222.666534 -70.959518 -127.849739
v 198.291870 -78.697144 -214.879196
v 196.858978 -80.927803 -217.404205
v 196.858978 -80.927803 -127.849739
v 198.291870 -78.697144 -130.374725
v 198.934738 -76.298660 -130.374725
v 198.934738 -76.298660 -214.879196
v 198.810822 -73.649750 -217.404205
v 198.810822 -73.649750 -127.849739
v 223.084778 -80.793556 -88.955116
v 223.985840 -77.455299 -109.777229
v 224.786194 -74.468170 -109.777229
v 225.989288 -69.955215 -88.955116
v 224.966919 -69.681549 -82.851776
v 222.062408 -80.519890 -82.851776
v 222.036591 -68.894104 -77.520386
v 219.132080 -79.735023 -77.520386
v 217.647552 -67.719391 -73.954941
v 214.743042 -78.557732 -73.954941
v 212.347122 -66.299408 -72.705353
v 209.442612 -77.137749 -72.705353
v 207.046722 -64.879425 -73.954941
v 204.142212 -75.717766 -73.954941
v 202.657684 -63.702133 -77.520386
v 199.753174 -74.540466 -77.520386
v 199.727356 -62.917259 -82.851776
v 196.822845 -73.755608 -82.851776
v 198.704956 -62.643593 -88.955116
v 195.800446 -73.481934 -88.955116
v 196.688583 -70.141098 -109.777229
v 197.488937 -67.153969 -109.777229
v -203.034027 -57.882771 -217.404205
v -203.034027 -57.882774 -127.849739
v -203.160522 -60.531693 -130.374725
v -203.160522 -60.531693 -214.879196
v -202.512482 -62.945663 -214.879196
v -202.512482 -62.945663 -130.374725
v -201.082184 -65.176315 -127.849739
v -201.082184 -65.176315 -217.404205
v -218.444702 -86.713593 -217.404205
v -218.444702 -86.713593 -127.849739
v -218.320770 -84.064674 -130.374725
v -218.320770 -84.064674 -214.879196
v -218.963654 -81.663612 -214.879196
v -218.963654 -81.663612 -130.374725
v -220.396545 -79.432953 -127.849739
v -220.396545 -79.432953 -217.404205
v -224.620331 -63.665970 -127.849739
v -224.620331 -63.665970 -217.404205
v -223.187439 -65.896637 -214.879196
v -223.187439 -65.896637 -130.374725
v -222.541992 -68.310608 -130.374725
v -222.541992 -68.310608 -214.879196
v -222.665924 -70.959518 -217.404205
v -222.665924 -70.959518 -127.849739
v -196.860962 -80.927803 -127.849739
v -196.860962 -80.927803 -217.404205
v -198.291260 -78.697144 -214.879196
v -198.291260 -78.697144 -130.374725
v -198.936707 -76.298660 -130.374725
v -198.936707 -76.298660 -214.879196
v -198.810211 -73.649750 -217.404205
v -198.810211 -73.649750 -127.849739
v -224.788147 -74.468170 -109.777229
v -223.987793 -77.455299 -109.777229
v -223.084167 -80.793556 -88.955116
v -225.988678 -69.955215 -88.955116
v -224.966309 -69.681549 -82.851776
v -222.064362 -80.519890 -82.851776
v -222.035980 -68.894104 -77.520386
v -219.131470 -79.735023 -77.520386
v -217.646942 -67.719391 -73.954941
v -214.742432 -78.557732 -73.954941
v -212.349091 -66.299408 -72.705353
v -209.444580 -77.137749 -72.705353
v -207.048706 -64.879425 -73.954941
v -204.144196 -75.717766 -73.954941
v -202.659668 -63.702133 -77.520386
v -199.755157 -74.540466 -77.520386
v -199.729340 -62.917259 -82.851776
v -196.824829 -73.755608 -82.851776
v -198.706940 -62.643593 -88.955116
v -195.802429 -73.481934 -88.955116
v -196.690552 -70.141098 -109.777229
v -197.490906 -67.153969 -109.777229
v -21.864849 31.614864 52.201508
v -11.798462 36.517681 51.920090
v -13.190044 38.939400 -17.493834
v -25.024956 33.724190 -17.455107
v -29.690247 25.844574 -17.426708
v -25.339935 25.565739 54.442497
v -31.487169 19.999409 -17.403471
v -27.036171 20.120750 58.304855
v -29.251343 13.534614 -17.426708
v -24.508598 13.710172 69.804131
v -25.014629 9.791023 -17.439617
v -20.561047 9.969162 76.516777
v -9.374164 2.802125 -17.480927
v -7.905127 5.267728 81.504791
v 0.000305 5.577542 80.792213
v 0.000305 2.729836 -17.491253
v 9.374774 2.802125 -17.480927
v 7.903155 5.267728 81.504791
v 20.559074 9.969162 76.516777
v 25.012657 9.791023 -17.439617
v 24.509209 13.710172 69.804131
v 29.251953 13.534614 -17.426708
v 27.036781 20.120750 58.304855
v 31.485199 19.999409 -17.403471
v 25.337963 25.565739 54.442497
v 29.690857 25.844574 -17.426708
v 21.862877 32.810234 52.201508
v 25.022987 33.724190 -17.455107
v 13.188073 38.939400 -17.493834
v 11.799072 36.517681 51.920090
v 11.799072 36.517681 51.920090
v 7.903155 36.125248 56.389164
v 20.672674 30.411755 56.112915
v 21.862877 32.810234 52.201508
v 25.337963 25.565739 54.442497
v 23.486822 25.547665 58.000198
v 24.173576 21.313534 61.795425
v 27.036781 20.120750 58.304855
v 24.509209 13.710172 69.804131
v 21.044451 16.000217 73.281799
v 20.559074 9.969162 76.516777
v 17.337006 13.186069 79.364487
v 7.903155 5.267728 81.504791
v 6.860113 9.509604 83.570221
v 0.000305 5.577542 80.792213
v 0.000305 9.173971 84.135628
v -7.905127 5.267728 81.504791
v -6.859503 9.509604 83.570221
v -20.561047 9.969162 76.516777
v -17.336395 13.186069 79.364487
v -21.046423 16.000217 73.281799
v -24.508598 13.710172 69.804131
v -24.175549 21.313534 61.795425
v -27.036171 20.120750 58.304855
v -25.339935 25.565739 54.442497
v -23.486212 25.547665 58.000198
v -20.672064 30.411755 56.112915
v -21.864849 31.614864 52.201508
v -11.798462 36.517681 51.920090
v -7.905127 36.125248 56.389164
v 33.034271 62.095451 -91.547234
v 33.034271 62.095451 -171.030121
v 0.000305 62.095451 -171.030121
v 0.000305 62.095451 -91.547234
v -32.834862 62.095451 -91.547234
v -32.834862 62.095451 -171.030121
v -32.834862 60.161697 -172.961304
v -32.834862 62.095451 -171.030121
v 0.000305 62.095451 -171.030121
v 0.000305 60.161697 -172.961304
v 33.034271 60.161697 -172.961304
v 33.034271 62.095451 -171.030121
v 0.000305 39.752663 -89.613472
v 45.011181 39.752663 -89.613472
v 33.034271 60.161690 -89.613472
v 0.000305 60.161690 -89.613472
v -32.834862 60.161690 -89.613472
v -44.543266 39.752663 -89.613472
v 0.000305 39.752666 -172.961304
v -44.543266 39.752666 -172.961304
v -32.834862 60.161697 -172.961304
v 0.000305 60.161697 -172.961304
v 33.034271 60.161697 -172.961304
v 45.011181 39.752666 -172.961304
v -44.543266 37.818909 -171.030121
v -44.543266 39.752666 -172.961304
v 0.000305 39.752666 -172.961304
v 0.000305 37.818909 -171.030121
v 45.011181 37.818909 -171.030121
v 45.011181 39.752666 -172.961304
v -44.543266 37.818905 -91.547234
v -44.543266 37.818909 -171.030121
v 0.000305 37.818909 -171.030121
v 0.000305 37.818905 -91.547234
v 45.011181 37.818905 -91.547234
v 45.011181 37.818909 -171.030121
v 33.253723 55.705528 -74.091766
v 37.415562 48.494595 -74.091766
v 39.194412 49.522144 -72.039246
v 35.032574 56.733078 -72.039246
v 30.101360 65.271049 -72.039246
v 28.322510 64.243500 -74.091766
v 35.032574 56.733082 -180.213547
v 30.101360 65.271049 -180.213547
v 34.338074 67.718590 -180.213547
v 39.269287 59.178032 -180.213547
v 43.505997 61.625568 -180.213547
v 38.577366 70.163536 -180.213547
v 46.743561 37.581383 -100.487961
v 46.725487 37.488441 -177.652405
v 50.489731 39.744923 -177.593033
v 50.432938 39.840446 -100.487961
v 54.235905 41.905876 -100.487961
v 54.326267 41.874897 -177.652405
v 45.909641 37.888615 -82.800140
v 46.937195 36.112347 -84.852661
v 51.173904 38.557297 -84.852661
v 50.148941 40.336147 -82.800140
v 55.413200 41.004829 -84.852661
v 54.385651 42.783680 -82.800140
v 54.385651 42.783680 -82.800140
v 47.670422 54.414635 -72.039246
v 43.431126 51.969681 -72.039246
v 39.194412 49.522144 -72.039246
v 45.909641 37.888615 -82.800140
v 29.073809 67.049904 -178.158447
v 28.322510 64.243500 -178.158447
v 28.322510 64.243500 -99.006012
v 29.073809 67.049896 -99.006012
v 29.073809 67.049896 -74.091766
v 28.322510 64.243500 -74.091766
v 30.101360 65.271049 -72.039246
v 34.338074 67.718582 -72.039246
v 33.313103 69.494850 -74.091766
v 37.549816 71.942383 -74.091766
v 38.577366 70.163536 -72.039246
v 40.356216 71.191086 -74.091766
v 40.356216 71.191086 -99.006012
v 37.549816 71.942383 -99.006012
v 37.549816 71.942390 -178.158447
v 40.356216 71.191086 -178.158447
v 46.937195 36.112347 -84.852661
v 46.937195 36.112347 -99.006012
v 51.173904 38.557297 -99.006012
v 51.173904 38.557297 -84.852661
v 55.413200 41.004829 -84.852661
v 55.413200 41.004829 -99.006012
v 47.670422 54.414635 -72.039246
v 49.449272 55.442184 -74.091766
v 45.284851 62.653114 -74.091766
v 43.505997 61.625565 -72.039246
v 38.577366 70.163536 -72.039246
v 40.356216 71.191086 -74.091766
v -39.193802 49.522144 -72.039246
v -37.417534 48.494595 -74.091766
v -33.253113 55.705528 -74.091766
v -35.031963 56.733078 -72.039246
v -30.103333 65.271049 -72.039246
v -28.324480 64.243500 -74.091766
v -34.340042 67.718590 -180.213547
v -30.103333 65.271049 -180.213547
v -35.031963 56.733082 -180.213547
v -39.268677 59.178032 -180.213547
v -43.507969 61.625568 -180.213547
v -38.576756 70.163536 -180.213547
v -50.491703 39.744923 -177.593033
v -46.727459 37.488441 -177.652405
v -46.742950 37.581383 -100.487961
v -50.434906 39.840446 -100.487961
v -54.237877 41.905876 -100.487961
v -54.325657 41.874897 -177.652405
v -51.175877 38.557297 -84.852661
v -46.936584 36.112347 -84.852661
v -45.911613 37.888615 -82.800140
v -50.148331 40.336147 -82.800140
v -54.387619 42.783680 -82.800140
v -55.412590 41.004829 -84.852661
v -47.669811 54.414635 -72.039246
v -54.387619 42.783680 -82.800140
v -43.433098 51.969681 -72.039246
v -39.193802 49.522144 -72.039246
v -45.911613 37.888615 -82.800140
v -28.324480 64.243500 -99.006012
v -28.324480 64.243500 -178.158447
v -29.075783 67.049904 -178.158447
v -29.075783 67.049896 -99.006012
v -29.075783 67.049896 -74.091766
v -28.324480 64.243500 -74.091766
v -30.103333 65.271049 -72.039246
v -34.340042 67.718582 -72.039246
v -33.312492 69.494850 -74.091766
v -37.551788 71.942383 -74.091766
v -38.576756 70.163536 -72.039246
v -40.355606 71.191086 -74.091766
v -40.355606 71.191086 -99.006012
v -37.551788 71.942383 -99.006012
v -37.551788 71.942390 -178.158447
v -40.355606 71.191086 -178.158447
v -51.175877 38.557297 -99.006012
v -46.936584 36.112347 -99.006012
v -46.936584 36.112347 -84.852661
v -51.175877 38.557297 -84.852661
v -55.412590 41.004829 -84.852661
v -55.412590 41.004829 -99.006012
v -45.286819 62.653114 -74.091766
v -49.448662 55.442184 -74.091766
v -47.669811 54.414635 -72.039246
v -43.507969 61.625565 -72.039246
v -38.576756 70.163536 -72.039246
v -40.355606 71.191086 -74.091766
v 10.453960 -15.544066 333.562073
v 6.403137 -15.544066 334.068115
v 5.210351 -16.858200 332.857239
v 2.646637 -18.125854 331.868408
v 11.225915 -17.400375 331.543121
v 0.000305 -18.758392 331.543121
v 15.937676 -15.544066 331.543121
v 0.000305 -23.550190 321.246948
v 13.195820 -21.995956 321.246948
v 25.103020 -17.400375 321.246948
v 23.365479 -15.544066 326.031006
v 27.498919 -15.544066 321.246948
v -11.227886 -17.400375 331.543121
v -2.648608 -18.125854 331.868408
v 26.393913 -18.758392 309.579865
v 30.560921 -15.544066 309.579865
v 26.303551 -15.544066 297.701050
v -10.455933 -15.544066 333.562073
v -5.209741 -16.858200 332.857239
v -6.405108 -15.544066 334.068115
v -15.939648 -15.544066 331.543121
v 25.105602 -16.473511 297.701050
v 24.367210 -15.544066 295.553009
v -13.195210 -21.995956 321.246948
v 11.228497 -16.016533 286.842041
v 12.359320 -15.544066 286.842041
v 11.101990 -15.544066 286.116577
v 13.195820 -21.092331 297.701050
v 13.874828 -23.550190 309.579865
v 0.000305 -22.656891 297.701050
v 0.000305 -17.462334 286.842041
v 0.000305 -15.544066 283.981445
v -11.101379 -15.544066 286.116577
v 0.000305 -25.163807 309.579865
v -11.227886 -16.016533 286.842041
v -12.361291 -15.544066 286.842041
v -24.369183 -15.544066 295.553009
v -13.874218 -23.550190 309.579865
v -13.195210 -21.092331 297.701050
v -25.107574 -16.473511 297.701050
v -26.305523 -15.544066 297.701050
v -26.393303 -18.758392 309.579865
v -30.560310 -15.544066 309.579865
v -27.500893 -15.544066 321.246948
v -25.104992 -17.400375 321.246948
v -23.367449 -15.544066 326.031006
v -24.606707 55.666786 284.926361
v -26.091234 55.666786 309.778656
v -23.713409 57.481777 309.778656
v -22.791710 57.481777 284.926361
v -16.830364 57.481777 284.926361
v -15.908667 57.481777 309.778656
v -13.533422 55.666786 309.778656
v -15.908667 55.666786 311.591064
v -15.015369 55.666786 284.926361
v 141.332489 16.449455 -75.775101
v 147.928955 14.634459 -84.080704
v 140.217163 11.975223 -189.606079
v 140.235229 16.604362 -77.972198
v 134.005371 14.815187 -149.056549
v 125.699768 16.779926 -139.041779
v 129.363327 14.229123 -182.766937
v 126.920959 14.908132 -177.148956
v 142.855743 17.874599 -32.003479
v 140.173279 18.119869 -41.710999
v 140.175842 18.561356 -31.053381
v 135.389221 19.666359 -29.354565
v 118.997452 21.600117 -64.957413
v 132.740295 18.473576 -68.608055
v 118.659241 22.960720 -37.105087
v 102.639252 23.766239 -44.527725
v 98.304428 23.363480 -59.458206
v 120.753067 17.582863 -143.789703
v 126.453651 16.160297 -151.217499
v 119.795227 17.776497 -143.536682
v 126.724739 16.077679 -151.984283
v 120.236710 16.015717 -179.539703
v 82.235382 20.977909 -133.599380
v 80.162209 20.082031 -155.363846
v 81.027107 20.211121 -151.390472
v 74.980560 21.047619 -143.097778
v 76.707779 21.261909 -136.015930
v 79.124329 21.734375 -122.544167
v 84.478958 22.299786 -102.679901
v 119.400208 19.356548 -111.246277
v 80.505585 21.509758 -125.136292
v 119.694534 18.171509 -135.496994
v 121.096443 19.000261 -111.661934
v 124.550873 18.047581 -116.670601
v 121.096443 17.946896 -134.118317
v -140.216553 11.975223 -189.606079
v -147.928345 14.634459 -84.080704
v -141.334473 16.449455 -75.775101
v -140.237213 16.604362 -77.972198
v -134.004761 14.815187 -149.056549
v -125.701752 16.779926 -139.041779
v -129.365295 14.229123 -182.766937
v -126.922928 14.908132 -177.148956
v -140.172668 18.119869 -41.710999
v -142.855133 17.874599 -32.003479
v -140.175232 18.561356 -31.053381
v -135.391190 19.666359 -29.354565
v -118.999420 21.600117 -64.957413
v -132.742279 18.473576 -68.608055
v -118.658630 22.960720 -37.105087
v -102.638641 23.766239 -44.527725
v -98.303818 23.363480 -59.458206
v -126.455627 16.160297 -151.217499
v -120.755035 17.582863 -143.789703
v -119.797195 17.776497 -143.536682
v -126.724129 16.077679 -151.984283
v -120.236099 16.015717 -179.539703
v -82.234772 20.977909 -133.599380
v -76.709747 21.261909 -136.015930
v -74.982536 21.047619 -143.097778
v -81.026497 20.211121 -151.390472
v -80.164185 20.082031 -155.363846
v -119.399597 19.356548 -111.246277
v -84.478348 22.299786 -102.679901
v -79.123718 21.734375 -122.544167
v -80.507561 21.509758 -125.136292
v -119.696503 18.171509 -135.496994
v -121.098419 19.000261 -111.661934
v -124.552856 18.047581 -116.670601
v -121.098419 17.946896 -134.118317
v 57.796188 -2.851982 -162.709030
v 56.525955 -3.275395 -162.709030
v 43.632507 -3.275395 -162.709030
v 58.219604 -1.581742 -162.709030
v 57.796188 10.751453 -162.709030
v 58.219604 9.481215 -162.709030
v 56.525955 11.180031 -162.709030
v 29.355225 4.121425 -162.709030
v 28.621996 5.394246 -162.709030
v 28.616833 9.594813 -162.709030
v 29.040245 10.862471 -162.709030
v 30.307903 11.280720 -162.709030
v -43.631897 -3.275395 -162.709030
v -56.527924 -3.275395 -162.709030
v -57.795578 -2.851982 -162.709030
v -58.218994 -1.581742 -162.709030
v -57.795578 10.751453 -162.709030
v -58.218994 9.481215 -162.709030
v -56.527924 11.180031 -162.709030
v -29.354614 4.121425 -162.709030
v -28.618805 9.594813 -162.709030
v -28.623970 5.394246 -162.709030
v -29.039635 10.862471 -162.709030
v -30.309875 11.280720 -162.709030
v 225.403229 -51.924011 -89.141006
v 226.774170 -57.175365 -89.141006
v 226.774170 -57.175362 -250.843491
v 225.403229 -51.924004 -250.843491
v 225.824051 -57.358665 -253.724762
v 222.338638 -47.839622 -89.141006
v 224.556396 -52.507484 -253.724762
v 222.338638 -47.839619 -250.843491
v 217.918640 -45.508270 -89.141006
v 221.724182 -48.735497 -253.724762
v 217.918640 -45.508263 -250.843491
v 212.922882 -45.317223 -89.141006
v 217.632050 -46.579704 -253.724762
v 212.922882 -45.317207 -250.843491
v 208.226593 -47.323265 -89.141006
v 213.008057 -46.398979 -253.724762
v 208.226593 -47.323261 -250.843491
v 204.413300 -51.185619 -89.141006
v 208.668076 -48.250118 -253.724762
v 204.413300 -51.185616 -250.843491
v 205.146515 -51.818153 -253.724762
v 196.076721 -92.672363 -89.141014
v 194.705780 -87.418427 -89.141006
v 194.705780 -87.418411 -250.843491
v 196.076721 -92.672348 -250.843491
v 195.655869 -87.235107 -253.724762
v 199.141281 -96.756744 -89.141014
v 196.923523 -92.086288 -253.724762
v 199.141281 -96.756737 -250.843491
v 203.561310 -99.085518 -89.141014
v 199.753174 -95.860855 -253.724762
v 203.561310 -99.085510 -250.843491
v 208.554474 -99.279152 -89.141014
v 203.847900 -98.016647 -253.724762
v 208.554474 -99.279144 -250.843491
v 213.250748 -97.273102 -89.141014
v 208.471863 -98.197372 -253.724762
v 213.250748 -97.273094 -250.843491
v 217.066650 -93.410751 -89.141014
v 212.811844 -96.343651 -253.724762
v 217.066650 -93.410751 -250.843491
v 216.333405 -92.775620 -253.724762
v 202.972656 -56.560905 -83.577255
v 201.575928 -61.778694 -83.577255
v 204.168030 -62.473198 -78.860336
v 205.567352 -57.255402 -78.860336
v 205.146515 -51.818157 -83.577255
v 208.048447 -63.513657 -75.707970
v 207.227448 -53.625408 -78.860336
v 208.668076 -48.250130 -83.577255
v 209.447784 -58.293282 -75.707970
v 212.755066 -64.773575 -74.600388
v 209.925415 -50.896461 -78.860336
v 213.008057 -46.398987 -83.577255
v 210.346237 -56.331123 -75.707970
v 214.154373 -59.555779 -74.600388
v 211.804947 -54.851757 -75.707970
v 213.245605 -49.476479 -78.860336
v 217.632050 -46.579712 -83.577255
v 213.604462 -54.084969 -75.707970
v 216.816193 -49.623638 -78.860336
v 221.724182 -48.735504 -83.577255
v 215.595032 -54.180492 -75.707970
v 219.978882 -51.281151 -78.860336
v 224.556396 -52.507500 -83.577255
v 217.366119 -55.094444 -75.707970
v 222.147583 -54.170166 -78.860336
v 225.824051 -57.358673 -83.577255
v 218.538269 -56.656425 -75.707970
v 223.115753 -57.882774 -78.860336
v 225.333511 -62.550652 -83.577255
v 219.064941 -58.667641 -75.707970
v 218.860992 -60.815689 -75.707970
v 217.461639 -66.036064 -75.707970
v 222.741394 -61.856148 -78.860336
v 221.342072 -67.076523 -78.860336
v 223.936768 -67.771027 -83.577255
v 218.507263 -88.035469 -83.577263
v 220.213837 -81.658455 -83.577255
v 217.621735 -80.963959 -78.860336
v 215.912567 -87.340973 -78.860336
v 216.333405 -92.775635 -83.577263
v 213.741287 -79.923492 -75.707970
v 214.249908 -90.968384 -78.860336
v 212.811844 -96.343658 -83.577263
v 212.032166 -86.300507 -75.707970
v 209.034698 -78.663582 -74.600388
v 211.554535 -93.699921 -78.860336
v 208.471863 -98.197388 -83.577263
v 211.133682 -88.265251 -75.707977
v 207.325546 -85.040596 -74.600388
v 209.672394 -89.742035 -75.707977
v 208.234344 -95.117310 -78.860336
v 203.847900 -98.016663 -83.577263
v 207.875488 -90.511406 -75.707977
v 204.663727 -94.972733 -78.860336
v 199.753174 -95.860870 -83.577263
v 205.884918 -90.415878 -75.707977
v 201.501038 -93.315224 -78.860336
v 196.923523 -92.086304 -83.577263
v 204.113800 -89.501923 -75.707977
v 199.332336 -90.426208 -78.860336
v 195.655869 -87.235115 -83.577255
v 202.941681 -87.939941 -75.707977
v 198.364166 -86.713593 -78.860336
v 196.143829 -82.043144 -83.577255
v 202.415009 -85.928734 -75.707970
v 202.618958 -83.778107 -75.707970
v 204.328094 -77.401093 -75.707970
v 198.738525 -82.740227 -78.860336
v 200.447662 -76.360626 -78.860336
v 197.852966 -75.666130 -83.577255
v 205.848785 -56.204609 -267.718048
v 205.567352 -57.255394 -254.956299
v 203.179199 -55.977409 -254.956299
v 203.473541 -54.877571 -267.718048
v 205.567352 -57.255394 -289.495422
v 200.646484 -53.238136 -267.718048
v 203.179199 -55.977409 -289.495422
v 223.022812 -60.805351 -267.718048
v 222.741394 -61.856140 -289.495422
v 225.447113 -61.943916 -289.495422
v 225.741455 -60.844078 -267.718048
v 222.741394 -61.856140 -254.956299
v 229.009979 -60.836334 -267.718048
v 225.447113 -61.943916 -254.956299
v 215.631165 -88.391754 -267.718048
v 215.912567 -87.340958 -254.956299
v 218.300720 -88.618942 -254.956299
v 218.006409 -89.718788 -267.718048
v 215.912567 -87.340958 -289.495422
v 220.830872 -91.358223 -267.718048
v 218.300720 -88.618942 -289.495422
v 198.457108 -83.791000 -267.718048
v 198.738525 -82.740204 -289.495422
v 196.032806 -82.652435 -289.495422
v 195.738495 -83.752274 -267.718048
v 198.738525 -82.740219 -254.956299
v 192.469940 -83.757446 -267.718048
v 196.032806 -82.652435 -254.956299
v 225.447113 -64.479233 -183.001877
v 224.058105 -63.596268 -183.001877
v 223.921295 -64.104874 -181.734222
v 225.114059 -64.861343 -181.734222
v 226.208740 -66.079941 -183.001877
v 223.593384 -65.328644 -181.207535
v 225.764679 -66.234848 -181.734222
v 226.136444 -67.969818 -183.001877
v 224.308563 -65.783035 -181.207535
v 223.102844 -67.159134 -181.207535
v 225.705292 -67.856216 -181.734222
v 225.253479 -69.642807 -183.001877
v 224.698395 -66.604050 -181.207535
v 224.946243 -69.289108 -181.734222
v 223.794769 -70.649704 -183.001877
v 224.662247 -67.574799 -181.207535
v 223.696655 -70.151428 -181.734222
v 222.150177 -70.719421 -183.001877
v 222.287003 -70.213387 -181.734222
v 224.207855 -68.434540 -181.207535
v 223.459137 -68.950897 -181.207535
v 222.614899 -68.987038 -181.207535
v 223.794769 -70.649704 -213.797424
v 222.150177 -70.719421 -213.797424
v 222.287003 -70.213387 -215.065094
v 223.696655 -70.151428 -215.065094
v 225.253479 -69.642807 -213.797424
v 222.614899 -68.987038 -215.591766
v 224.946243 -69.289108 -215.065094
v 226.136444 -67.969818 -213.797424
v 223.459137 -68.950897 -215.591766
v 223.102844 -67.159134 -215.591766
v 225.705292 -67.856216 -215.065094
v 226.208740 -66.079941 -213.797424
v 224.207855 -68.434540 -215.591766
v 225.764679 -66.234848 -215.065094
v 225.447113 -64.479233 -213.797424
v 224.662247 -67.574799 -215.591766
v 225.114059 -64.861343 -215.065094
v 224.058105 -63.596268 -213.797424
v 224.698395 -66.604050 -215.591766
v 223.921295 -64.104874 -215.065094
v 224.308563 -65.783035 -215.591766
v 223.593384 -65.328644 -215.591766
v 225.447113 -64.479233 -130.942719
v 224.058105 -63.596268 -130.942719
v 223.921295 -64.104874 -129.672485
v 225.114059 -64.861343 -129.672485
v 226.208740 -66.079941 -130.942719
v 223.593384 -65.328644 -129.148376
v 225.764679 -66.234848 -129.672485
v 226.136444 -67.969818 -130.942719
v 224.308563 -65.783035 -129.148376
v 223.102844 -67.159134 -129.148376
v 225.705292 -67.856216 -129.672485
v 225.253479 -69.642807 -130.942719
v 224.698395 -66.604050 -129.148376
v 224.946243 -69.289108 -129.672485
v 223.794769 -70.649704 -130.942719
v 224.662247 -67.574799 -129.148376
v 223.696655 -70.151428 -129.672485
v 222.150177 -70.719421 -130.942719
v 222.287003 -70.213387 -129.672485
v 224.207855 -68.434540 -129.148376
v 223.459137 -68.950897 -129.148376
v 222.614899 -68.987038 -129.148376
v 223.794769 -70.649704 -143.861984
v 222.150177 -70.719421 -143.861984
v 222.287003 -70.213387 -145.132233
v 223.696655 -70.151428 -145.132233
v 225.253479 -69.642807 -143.861984
v 222.614899 -68.987038 -145.656326
v 224.946243 -69.289108 -145.132233
v 226.136444 -67.969818 -143.861984
v 223.459137 -68.950897 -145.656326
v 223.102844 -67.159134 -145.656326
v 225.705292 -67.856216 -145.132233
v 226.208740 -66.079941 -143.861984
v 224.207855 -68.434540 -145.656326
v 225.764679 -66.234848 -145.132233
v 225.447113 -64.479233 -143.861984
v 224.662247 -67.574799 -145.656326
v 225.114059 -64.861343 -145.132233
v 224.058105 -63.596268 -143.861984
v 224.698395 -66.604050 -145.656326
v 223.921295 -64.104874 -145.132233
v 224.308563 -65.783035 -145.656326
v 223.593384 -65.328644 -145.656326
v 221.274963 -80.047409 -183.001877
v 219.888519 -79.161865 -183.001877
v 219.751709 -79.670471 -181.734222
v 220.941895 -80.426941 -181.734222
v 222.036591 -81.648117 -183.001877
v 219.423798 -80.894241 -181.207535
v 221.595093 -81.800446 -181.734222
v 221.966858 -83.537994 -183.001877
v 220.136383 -81.348633 -181.207535
v 218.933258 -82.724731 -181.207535
v 221.533142 -83.421814 -181.734222
v 221.081329 -85.208405 -183.001877
v 220.526245 -82.172226 -181.207535
v 220.776657 -84.854706 -181.734222
v 219.622620 -86.215302 -183.001877
v 220.490082 -83.142975 -181.207535
v 219.524490 -85.717018 -181.734222
v 217.977997 -86.285011 -183.001877
v 218.114838 -85.778976 -181.734222
v 220.038269 -84.000130 -181.207535
v 219.286987 -84.516487 -181.207535
v 218.442719 -84.552628 -181.207535
v 219.622620 -86.215302 -213.797424
v 217.977997 -86.285011 -213.797424
v 218.114838 -85.778976 -215.065094
v 219.524490 -85.717018 -215.065094
v 221.081329 -85.208405 -213.797424
v 218.442719 -84.552628 -215.591766
v 220.776657 -84.854706 -215.065094
v 221.966858 -83.537994 -213.797424
v 219.286987 -84.516487 -215.591766
v 218.933258 -82.724731 -215.591766
v 221.533142 -83.421814 -215.065094
v 222.036591 -81.648117 -213.797424
v 220.038269 -84.000130 -215.591766
v 221.595093 -81.800446 -215.065094
v 221.274963 -80.047409 -213.797424
v 220.490082 -83.142975 -215.591766
v 220.941895 -80.426941 -215.065094
v 219.888519 -79.161865 -213.797424
v 220.526245 -82.172226 -215.591766
v 219.751709 -79.670471 -215.065094
v 220.136383 -81.348633 -215.591766
v 219.423798 -80.894241 -215.591766
v 221.274963 -80.047409 -130.942719
v 219.888519 -79.161865 -130.942719
v 219.751709 -79.670471 -129.672485
v 220.941895 -80.426941 -129.672485
v 222.036591 -81.648117 -130.942719
v 219.423798 -80.894241 -129.148376
v 221.595093 -81.800446 -129.672485
v 221.966858 -83.537994 -130.942719
v 220.136383 -81.348633 -129.148376
v 218.933258 -82.724731 -129.148376
v 221.533142 -83.421814 -129.672485
v 221.081329 -85.208405 -130.942719
v 220.526245 -82.172226 -129.148376
v 220.776657 -84.854706 -129.672485
v 219.622620 -86.215302 -130.942719
v 220.490082 -83.142975 -129.148376
v 219.524490 -85.717018 -129.672485
v 217.977997 -86.285011 -130.942719
v 218.114838 -85.778976 -129.672485
v 220.038269 -84.000130 -129.148376
v 219.286987 -84.516487 -129.148376
v 218.442719 -84.552628 -129.148376
v 219.622620 -86.215302 -143.861984
v 217.977997 -86.285011 -143.861984
v 218.114838 -85.778976 -145.132233
v 219.524490 -85.717018 -145.132233
v 221.081329 -85.208405 -143.861984
v 218.442719 -84.552628 -145.656326
v 220.776657 -84.854706 -145.132233
v 221.966858 -83.537994 -143.861984
v 219.286987 -84.516487 -145.656326
v 218.933258 -82.724731 -145.656326
v 221.533142 -83.421814 -145.132233
v 222.036591 -81.648117 -143.861984
v 220.038269 -84.000130 -145.656326
v 221.595093 -81.800446 -145.132233
v 221.274963 -80.047409 -143.861984
v 220.490082 -83.142975 -145.656326
v 220.941895 -80.426941 -145.132233
v 219.888519 -79.161865 -143.861984
v 220.526245 -82.172226 -145.656326
v 219.751709 -79.670471 -145.132233
v 220.136383 -81.348633 -145.656326
v 219.423798 -80.894241 -145.656326
v 203.434814 -58.613419 -181.734222
v 203.569046 -58.107391 -183.001877
v 201.927032 -58.177094 -183.001877
v 202.025146 -58.675385 -181.734222
v 203.106903 -59.839767 -181.207535
v 200.465759 -59.183990 -183.001877
v 202.262665 -59.875916 -181.207535
v 200.772980 -59.537704 -181.734222
v 199.582764 -60.856995 -183.001877
v 202.616364 -61.667679 -181.207535
v 200.013947 -60.970596 -181.734222
v 199.513062 -62.744278 -183.001877
v 201.511383 -60.392273 -181.207535
v 199.954544 -62.591949 -181.734222
v 200.272125 -64.347565 -183.001877
v 201.056976 -61.251999 -181.207535
v 200.607758 -63.965469 -181.734222
v 201.661102 -65.230545 -183.001877
v 201.797943 -64.721924 -181.734222
v 201.020844 -62.222763 -181.207535
v 201.413254 -63.043762 -181.207535
v 202.125824 -63.498154 -181.207535
v 201.797943 -64.721924 -215.065094
v 201.661102 -65.230545 -213.797424
v 200.272125 -64.347565 -213.797424
v 200.607758 -63.965469 -215.065094
v 202.125824 -63.498154 -215.591766
v 199.513062 -62.744278 -213.797424
v 201.413254 -63.043762 -215.591766
v 199.954544 -62.591949 -215.065094
v 199.582764 -60.856995 -213.797424
v 202.616364 -61.667679 -215.591766
v 200.013947 -60.970596 -215.065094
v 200.465759 -59.183990 -213.797424
v 201.020844 -62.222763 -215.591766
v 200.772980 -59.537704 -215.065094
v 201.927032 -58.177094 -213.797424
v 201.056976 -61.251999 -215.591766
v 202.025146 -58.675385 -215.065094
v 203.569046 -58.107391 -213.797424
v 201.511383 -60.392273 -215.591766
v 203.434814 -58.613419 -215.065094
v 202.262665 -59.875916 -215.591766
v 203.106903 -59.839767 -215.591766
v 203.434814 -58.613426 -129.672485
v 203.569046 -58.107391 -130.942719
v 201.927032 -58.177101 -130.942719
v 202.025146 -58.675385 -129.672485
v 203.106903 -59.839775 -129.148376
v 200.465759 -59.183998 -130.942719
v 202.262665 -59.875916 -129.148376
v 200.772980 -59.537704 -129.672485
v 199.582764 -60.856995 -130.942719
v 202.616364 -61.667679 -129.148376
v 200.013947 -60.970596 -129.672485
v 199.513062 -62.744286 -130.942719
v 201.511383 -60.392273 -129.148376
v 199.954544 -62.591957 -129.672485
v 200.272125 -64.347565 -130.942719
v 201.056976 -61.252007 -129.148376
v 200.607758 -63.965469 -129.672485
v 201.661102 -65.230545 -130.942719
v 201.797943 -64.721924 -129.672485
v 201.020844 -62.222763 -129.148376
v 201.413254 -63.043770 -129.148376
v 202.125824 -63.498154 -129.148376
v 201.797943 -64.721924 -145.132233
v 201.661102 -65.230545 -143.861984
v 200.272125 -64.347565 -143.861984
v 200.607758 -63.965469 -145.132233
v 202.125824 -63.498154 -145.656326
v 199.513062 -62.744286 -143.861984
v 201.413254 -63.043762 -145.656326
v 199.954544 -62.591957 -145.132233
v 199.582764 -60.856995 -143.861984
v 202.616364 -61.667679 -145.656326
v 200.013947 -60.970596 -145.132233
v 200.465759 -59.183998 -143.861984
v 201.020844 -62.222763 -145.656326
v 200.772980 -59.537704 -145.132233
v 201.927032 -58.177101 -143.861984
v 201.056976 -61.251999 -145.656326
v 202.025146 -58.675385 -145.132233
v 203.569046 -58.107391 -143.861984
v 201.511383 -60.392273 -145.656326
v 203.434814 -58.613426 -145.132233
v 202.262665 -59.875916 -145.656326
v 203.106903 -59.839767 -145.656326
v 199.262634 -74.181595 -181.734222
v 199.399460 -73.672981 -183.001877
v 197.754883 -73.745270 -183.001877
v 197.852966 -74.240974 -181.734222
v 198.934738 -75.405365 -181.207535
v 196.296173 -74.749588 -183.001877
v 198.090515 -75.441505 -181.207535
v 196.600800 -75.103287 -181.734222
v 195.413177 -76.422585 -183.001877
v 198.444199 -77.235847 -181.207535
v 195.844360 -76.538765 -181.734222
v 195.340912 -78.312454 -183.001877
v 197.341797 -75.957863 -181.207535
v 195.782379 -78.157547 -181.734222
v 196.102539 -79.913162 -183.001877
v 196.887390 -76.817596 -181.207535
v 196.435577 -79.531052 -181.734222
v 197.491516 -80.796127 -183.001877
v 197.625793 -80.290100 -181.734222
v 196.851257 -77.788345 -181.207535
v 197.241089 -78.609360 -181.207535
v 197.953659 -79.063751 -181.207535
v 197.625793 -80.290100 -215.065094
v 197.491516 -80.796127 -213.797424
v 196.102539 -79.913162 -213.797424
v 196.435577 -79.531052 -215.065094
v 197.953659 -79.063751 -215.591766
v 195.340912 -78.312454 -213.797424
v 197.241089 -78.609360 -215.591766
v 195.782379 -78.157547 -215.065094
v 195.413177 -76.422585 -213.797424
v 198.444199 -77.235847 -215.591766
v 195.844360 -76.538765 -215.065094
v 196.296173 -74.749588 -213.797424
v 196.851257 -77.788345 -215.591766
v 196.600800 -75.103287 -215.065094
v 197.754883 -73.745270 -213.797424
v 196.887390 -76.817596 -215.591766
v 197.852966 -74.240974 -215.065094
v 199.399460 -73.672981 -213.797424
v 197.341797 -75.957863 -215.591766
v 199.262634 -74.181595 -215.065094
v 198.090515 -75.441505 -215.591766
v 198.934738 -75.405365 -215.591766
v 199.262634 -74.181595 -129.672485
v 199.399460 -73.672981 -130.942719
v 197.754883 -73.745270 -130.942719
v 197.852966 -74.240974 -129.672485
v 198.934738 -75.405365 -129.148376
v 196.296173 -74.749588 -130.942719
v 198.090515 -75.441505 -129.148376
v 196.600800 -75.103287 -129.672485
v 195.413177 -76.422585 -130.942719
v 198.444199 -77.235847 -129.148376
v 195.844360 -76.538765 -129.672485
v 195.340912 -78.312454 -130.942719
v 197.341797 -75.957863 -129.148376
v 195.782379 -78.157547 -129.672485
v 196.102539 -79.913162 -130.942719
v 196.887390 -76.817596 -129.148376
v 196.435577 -79.531052 -129.672485
v 197.491516 -80.796127 -130.942719
v 197.625793 -80.290100 -129.672485
v 196.851257 -77.788345 -129.148376
v 197.241089 -78.609360 -129.148376
v 197.953659 -79.063751 -129.148376
v 197.625793 -80.290100 -145.132233
v 197.491516 -80.796127 -143.861984
v 196.102539 -79.913162 -143.861984
v 196.435577 -79.531052 -145.132233
v 197.953659 -79.063751 -145.656326
v 195.340912 -78.312454 -143.861984
v 197.241089 -78.609360 -145.656326
v 195.782379 -78.157547 -145.132233
v 195.413177 -76.422585 -143.861984
v 198.444199 -77.235847 -145.656326
v 195.844360 -76.538765 -145.132233
v 196.296173 -74.749588 -143.861984
v 196.851257 -77.788345 -145.656326
v 196.600800 -75.103287 -145.132233
v 197.754883 -73.745270 -143.861984
v 196.887390 -76.817596 -145.656326
v 197.852966 -74.240974 -145.132233
v 199.399460 -73.672981 -143.861984
v 197.341797 -75.957863 -145.656326
v 199.262634 -74.181595 -145.132233
v 198.090515 -75.441505 -145.656326
v 198.934738 -75.405365 -145.656326
v -226.776123 -57.175362 -250.843491
v -226.776123 -57.175365 -89.141006
v -225.402618 -51.924011 -89.141006
v -225.402618 -51.924004 -250.843491
v -225.826019 -57.358665 -253.724762
v -222.338028 -47.839622 -89.141006
v -224.558365 -52.507484 -253.724762
v -222.338028 -47.839619 -250.843491
v -217.918030 -45.508270 -89.141006
v -221.726166 -48.735497 -253.724762
v -217.918030 -45.508263 -250.843491
v -212.924835 -45.317223 -89.141006
v -217.631439 -46.579704 -253.724762
v -212.924835 -45.317207 -250.843491
v -208.228561 -47.323265 -89.141006
v -213.007446 -46.398979 -253.724762
v -208.228561 -47.323261 -250.843491
v -204.415283 -51.185619 -89.141006
v -208.670044 -48.250118 -253.724762
v -204.415283 -51.185616 -250.843491
v -205.145905 -51.818153 -253.724762
v -194.705170 -87.418411 -250.843491
v -194.705170 -87.418427 -89.141006
v -196.076111 -92.672363 -89.141014
v -196.076111 -92.672348 -250.843491
v -195.655258 -87.235107 -253.724762
v -199.140671 -96.756744 -89.141014
v -196.922913 -92.086288 -253.724762
v -199.140671 -96.756737 -250.843491
v -203.563293 -99.085518 -89.141014
v -199.755157 -95.860855 -253.724762
v -203.563293 -99.085510 -250.843491
v -208.556458 -99.279152 -89.141014
v -203.849854 -98.016647 -253.724762
v -208.556458 -99.279144 -250.843491
v -213.252716 -97.273102 -89.141014
v -208.471252 -98.197372 -253.724762
v -213.252716 -97.273094 -250.843491
v -217.066040 -93.410751 -89.141014
v -212.811234 -96.343651 -253.724762
v -217.066040 -93.410751 -250.843491
v -216.335373 -92.775620 -253.724762
v -204.167419 -62.473198 -78.860336
v -201.575317 -61.778694 -83.577255
v -202.974625 -56.560905 -83.577255
v -205.566742 -57.255402 -78.860336
v -208.050415 -63.513657 -75.707970
v -205.145905 -51.818157 -83.577255
v -209.447174 -58.293282 -75.707970
v -212.757019 -64.773575 -74.600388
v -207.229431 -53.625408 -78.860336
v -208.670044 -48.250130 -83.577255
v -210.348206 -56.331123 -75.707970
v -209.927399 -50.896461 -78.860336
v -213.007446 -46.398987 -83.577255
v -214.153763 -59.555779 -74.600388
v -211.806915 -54.851757 -75.707970
v -213.247559 -49.476479 -78.860336
v -217.631439 -46.579712 -83.577255
v -213.603851 -54.084969 -75.707970
v -216.815582 -49.623638 -78.860336
v -221.726166 -48.735504 -83.577255
v -215.594421 -54.180492 -75.707970
v -219.980865 -51.281151 -78.860336
v -224.558365 -52.507500 -83.577255
v -217.368088 -55.094444 -75.707970
v -222.146973 -54.170166 -78.860336
v -225.826019 -57.358673 -83.577255
v -218.540222 -56.656425 -75.707970
v -223.117737 -57.882774 -78.860336
v -225.335480 -62.550652 -83.577255
v -219.064331 -58.667641 -75.707970
v -223.936157 -67.771027 -83.577255
v -221.344040 -67.076523 -78.860336
v -222.743378 -61.856148 -78.860336
v -217.463623 -66.036064 -75.707970
v -218.862946 -60.815689 -75.707970
v -217.623688 -80.963959 -78.860336
v -220.215820 -81.658455 -83.577255
v -218.506653 -88.035469 -83.577263
v -215.914551 -87.340973 -78.860336
v -213.743256 -79.923492 -75.707970
v -216.335373 -92.775635 -83.577263
v -212.034119 -86.300507 -75.707970
v -209.034088 -78.663582 -74.600388
v -214.251892 -90.968384 -78.860336
v -212.811234 -96.343658 -83.577263
v -211.133072 -88.265251 -75.707977
v -211.553925 -93.699921 -78.860336
v -208.471252 -98.197388 -83.577263
v -207.324936 -85.040596 -74.600388
v -209.674362 -89.742035 -75.707977
v -208.233734 -95.117310 -78.860336
v -203.849854 -98.016663 -83.577263
v -207.877441 -90.511406 -75.707977
v -204.665695 -94.972733 -78.860336
v -199.755157 -95.860870 -83.577263
v -205.886902 -90.415878 -75.707977
v -201.500427 -93.315224 -78.860336
v -196.922913 -92.086304 -83.577263
v -204.113190 -89.501923 -75.707977
v -199.334305 -90.426208 -78.860336
v -195.655258 -87.235115 -83.577255
v -202.941071 -87.939941 -75.707977
v -198.363556 -86.713593 -78.860336
v -196.145798 -82.043144 -83.577255
v -202.416962 -85.928734 -75.707970
v -197.854950 -75.666130 -83.577255
v -200.447052 -76.360626 -78.860336
v -198.737915 -82.740227 -78.860336
v -204.327484 -77.401093 -75.707970
v -202.618347 -83.778107 -75.707970
v -203.181168 -55.977409 -254.956299
v -205.566742 -57.255394 -254.956299
v -205.848175 -56.204609 -267.718048
v -203.475494 -54.877571 -267.718048
v -200.648438 -53.238136 -267.718048
v -205.566742 -57.255394 -289.495422
v -203.181168 -55.977409 -289.495422
v -225.449081 -61.943916 -289.495422
v -222.743378 -61.856140 -289.495422
v -223.024780 -60.805351 -267.718048
v -225.743408 -60.844078 -267.718048
v -229.011948 -60.836334 -267.718048
v -222.743378 -61.856140 -254.956299
v -225.449081 -61.943916 -254.956299
v -218.300110 -88.618942 -254.956299
v -215.914551 -87.340958 -254.956299
v -215.633148 -88.391754 -267.718048
v -218.005798 -89.718788 -267.718048
v -220.832855 -91.358223 -267.718048
v -215.914551 -87.340958 -289.495422
v -218.300110 -88.618942 -289.495422
v -196.032196 -82.652435 -289.495422
v -198.737915 -82.740204 -289.495422
v -198.456497 -83.791000 -267.718048
v -195.737885 -83.752274 -267.718048
v -192.469330 -83.757446 -267.718048
v -198.737915 -82.740219 -254.956299
v -196.032196 -82.652435 -254.956299
v -223.923248 -64.104874 -181.734222
v -224.060089 -63.596268 -183.001877
v -225.446503 -64.479233 -183.001877
v -225.113449 -64.861343 -181.734222
v -223.595367 -65.328644 -181.207535
v -226.208130 -66.079941 -183.001877
v -224.307953 -65.783035 -181.207535
v -225.766663 -66.234848 -181.734222
v -226.138428 -67.969818 -183.001877
v -223.104828 -67.159134 -181.207535
v -225.704681 -67.856216 -181.734222
v -225.255447 -69.642807 -183.001877
v -224.697784 -66.604050 -181.207535
v -224.948212 -69.289108 -181.734222
v -223.794159 -70.649704 -183.001877
v -224.661636 -67.574799 -181.207535
v -223.696045 -70.151428 -181.734222
v -222.149567 -70.719421 -183.001877
v -222.286392 -70.213387 -181.734222
v -224.209824 -68.434540 -181.207535
v -223.458527 -68.950897 -181.207535
v -222.614288 -68.987038 -181.207535
v -222.286392 -70.213387 -215.065094
v -222.149567 -70.719421 -213.797424
v -223.794159 -70.649704 -213.797424
v -223.696045 -70.151428 -215.065094
v -222.614288 -68.987038 -215.591766
v -225.255447 -69.642807 -213.797424
v -223.458527 -68.950897 -215.591766
v -224.948212 -69.289108 -215.065094
v -226.138428 -67.969818 -213.797424
v -223.104828 -67.159134 -215.591766
v -225.704681 -67.856216 -215.065094
v -226.208130 -66.079941 -213.797424
v -224.209824 -68.434540 -215.591766
v -225.766663 -66.234848 -215.065094
v -225.446503 -64.479233 -213.797424
v -224.661636 -67.574799 -215.591766
v -225.113449 -64.861343 -215.065094
v -224.060089 -63.596268 -213.797424
v -224.697784 -66.604050 -215.591766
v -223.923248 -64.104874 -215.065094
v -224.307953 -65.783035 -215.591766
v -223.595367 -65.328644 -215.591766
v -223.923248 -64.104874 -129.672485
v -224.060089 -63.596268 -130.942719
v -225.446503 -64.479233 -130.942719
v -225.113449 -64.861343 -129.672485
v -223.595367 -65.328644 -129.148376
v -226.208130 -66.079941 -130.942719
v -224.307953 -65.783035 -129.148376
v -225.766663 -66.234848 -129.672485
v -226.138428 -67.969818 -130.942719
v -223.104828 -67.159134 -129.148376
v -225.704681 -67.856216 -129.672485
v -225.255447 -69.642807 -130.942719
v -224.697784 -66.604050 -129.148376
v -224.948212 -69.289108 -129.672485
v -223.794159 -70.649704 -130.942719
v -224.661636 -67.574799 -129.148376
v -223.696045 -70.151428 -129.672485
v -222.149567 -70.719421 -130.942719
v -222.286392 -70.213387 -129.672485
v -224.209824 -68.434540 -129.148376
v -223.458527 -68.950897 -129.148376
v -222.614288 -68.987038 -129.148376
v -222.286392 -70.213387 -145.132233
v -222.149567 -70.719421 -143.861984
v -223.794159 -70.649704 -143.861984
v -223.696045 -70.151428 -145.132233
v -222.614288 -68.987038 -145.656326
v -225.255447 -69.642807 -143.861984
v -223.458527 -68.950897 -145.656326
v -224.948212 -69.289108 -145.132233
v -226.138428 -67.969818 -143.861984
v -223.104828 -67.159134 -145.656326
v -225.704681 -67.856216 -145.132233
v -226.208130 -66.079941 -143.861984
v -224.209824 -68.434540 -145.656326
v -225.766663 -66.234848 -145.132233
v -225.446503 -64.479233 -143.861984
v -224.661636 -67.574799 -145.656326
v -225.113449 -64.861343 -145.132233
v -224.060089 -63.596268 -143.861984
v -224.697784 -66.604050 -145.656326
v -223.923248 -64.104874 -145.132233
v -224.307953 -65.783035 -145.656326
v -223.595367 -65.328644 -145.656326
v -219.751099 -79.670471 -181.734222
v -219.887909 -79.161865 -183.001877
v -221.276917 -80.047409 -183.001877
v -220.943863 -80.426941 -181.734222
v -219.423187 -80.894241 -181.207535
v -222.038544 -81.648117 -183.001877
v -220.138367 -81.348633 -181.207535
v -221.594482 -81.800446 -181.734222
v -221.966248 -83.537994 -183.001877
v -218.932648 -82.724731 -181.207535
v -221.535095 -83.421814 -181.734222
v -221.083282 -85.208405 -183.001877
v -220.528198 -82.172226 -181.207535
v -220.776047 -84.854706 -181.734222
v -219.624573 -86.215302 -183.001877
v -220.492050 -83.142975 -181.207535
v -219.526459 -85.717018 -181.734222
v -217.979980 -86.285011 -183.001877
v -218.114227 -85.778976 -181.734222
v -220.037659 -84.000130 -181.207535
v -219.288940 -84.516487 -181.207535
v -218.444702 -84.552628 -181.207535
v -218.114227 -85.778976 -215.065094
v -217.979980 -86.285011 -213.797424
v -219.624573 -86.215302 -213.797424
v -219.526459 -85.717018 -215.065094
v -218.444702 -84.552628 -215.591766
v -221.083282 -85.208405 -213.797424
v -219.288940 -84.516487 -215.591766
v -220.776047 -84.854706 -215.065094
v -221.966248 -83.537994 -213.797424
v -218.932648 -82.724731 -215.591766
v -221.535095 -83.421814 -215.065094
v -222.038544 -81.648117 -213.797424
v -220.037659 -84.000130 -215.591766
v -221.594482 -81.800446 -215.065094
v -221.276917 -80.047409 -213.797424
v -220.492050 -83.142975 -215.591766
v -220.943863 -80.426941 -215.065094
v -219.887909 -79.161865 -213.797424
v -220.528198 -82.172226 -215.591766
v -219.751099 -79.670471 -215.065094
v -220.138367 -81.348633 -215.591766
v -219.423187 -80.894241 -215.591766
v -219.751099 -79.670471 -129.672485
v -219.887909 -79.161865 -130.942719
v -221.276917 -80.047409 -130.942719
v -220.943863 -80.426941 -129.672485
v -219.423187 -80.894241 -129.148376
v -222.038544 -81.648117 -130.942719
v -220.138367 -81.348633 -129.148376
v -221.594482 -81.800446 -129.672485
v -221.966248 -83.537994 -130.942719
v -218.932648 -82.724731 -129.148376
v -221.535095 -83.421814 -129.672485
v -221.083282 -85.208405 -130.942719
v -220.528198 -82.172226 -129.148376
v -220.776047 -84.854706 -129.672485
v -219.624573 -86.215302 -130.942719
v -220.492050 -83.142975 -129.148376
v -219.526459 -85.717018 -129.672485
v -217.979980 -86.285011 -130.942719
v -218.114227 -85.778976 -129.672485
v -220.037659 -84.000130 -129.148376
v -219.288940 -84.516487 -129.148376
v -218.444702 -84.552628 -129.148376
v -218.114227 -85.778976 -145.132233
v -217.979980 -86.285011 -143.861984
v -219.624573 -86.215302 -143.861984
v -219.526459 -85.717018 -145.132233
v -218.444702 -84.552628 -145.656326
v -221.083282 -85.208405 -143.861984
v -219.288940 -84.516487 -145.656326
v -220.776047 -84.854706 -145.132233
v -221.966248 -83.537994 -143.861984
v -218.932648 -82.724731 -145.656326
v -221.535095 -83.421814 -145.132233
v -222.038544 -81.648117 -143.861984
v -220.037659 -84.000130 -145.656326
v -221.594482 -81.800446 -145.132233
v -221.276917 -80.047409 -143.861984
v -220.492050 -83.142975 -145.656326
v -220.943863 -80.426941 -145.132233
v -219.887909 -79.161865 -143.861984
v -220.528198 -82.172226 -145.656326
v -219.751099 -79.670471 -145.132233
v -220.138367 -81.348633 -145.656326
v -219.423187 -80.894241 -145.656326
v -201.926422 -58.177094 -183.001877
v -203.571014 -58.107391 -183.001877
v -203.434204 -58.613419 -181.734222
v -202.024536 -58.675385 -181.734222
v -200.467712 -59.183990 -183.001877
v -203.106293 -59.839767 -181.207535
v -200.772369 -59.537704 -181.734222
v -199.584747 -60.856995 -183.001877
v -202.262054 -59.875916 -181.207535
v -202.615753 -61.667679 -181.207535
v -200.015900 -60.970596 -181.734222
v -199.512451 -62.744278 -183.001877
v -201.513336 -60.392273 -181.207535
v -199.953934 -62.591949 -181.734222
v -200.274078 -64.347565 -183.001877
v -201.058960 -61.251999 -181.207535
v -200.607147 -63.965469 -181.734222
v -201.663086 -65.230545 -183.001877
v -201.797333 -64.721924 -181.734222
v -201.022797 -62.222763 -181.207535
v -201.412643 -63.043762 -181.207535
v -202.125214 -63.498154 -181.207535
v -200.274078 -64.347565 -213.797424
v -201.663086 -65.230545 -213.797424
v -201.797333 -64.721924 -215.065094
v -200.607147 -63.965469 -215.065094
v -199.512451 -62.744278 -213.797424
v -202.125214 -63.498154 -215.591766
v -199.953934 -62.591949 -215.065094
v -199.584747 -60.856995 -213.797424
v -201.412643 -63.043762 -215.591766
v -202.615753 -61.667679 -215.591766
v -200.015900 -60.970596 -215.065094
v -200.467712 -59.183990 -213.797424
v -201.022797 -62.222763 -215.591766
v -200.772369 -59.537704 -215.065094
v -201.926422 -58.177094 -213.797424
v -201.058960 -61.251999 -215.591766
v -202.024536 -58.675385 -215.065094
v -203.571014 -58.107391 -213.797424
v -201.513336 -60.392273 -215.591766
v -203.434204 -58.613419 -215.065094
v -202.262054 -59.875916 -215.591766
v -203.106293 -59.839767 -215.591766
v -201.926422 -58.177101 -130.942719
v -203.571014 -58.107391 -130.942719
v -203.434204 -58.613426 -129.672485
v -202.024536 -58.675385 -129.672485
v -200.467712 -59.183998 -130.942719
v -203.106293 -59.839775 -129.148376
v -200.772369 -59.537704 -129.672485
v -199.584747 -60.856995 -130.942719
v -202.262054 -59.875916 -129.148376
v -202.615753 -61.667679 -129.148376
v -200.015900 -60.970596 -129.672485
v -199.512451 -62.744286 -130.942719
v -201.513336 -60.392273 -129.148376
v -199.953934 -62.591957 -129.672485
v -200.274078 -64.347565 -130.942719
v -201.058960 -61.252007 -129.148376
v -200.607147 -63.965469 -129.672485
v -201.663086 -65.230545 -130.942719
v -201.797333 -64.721924 -129.672485
v -201.022797 -62.222763 -129.148376
v -201.412643 -63.043770 -129.148376
v -202.125214 -63.498154 -129.148376
v -200.274078 -64.347565 -143.861984
v -201.663086 -65.230545 -143.861984
v -201.797333 -64.721924 -145.132233
v -200.607147 -63.965469 -145.132233
v -199.512451 -62.744286 -143.861984
v -202.125214 -63.498154 -145.656326
v -199.953934 -62.591957 -145.132233
v -199.584747 -60.856995 -143.861984
v -201.412643 -63.043762 -145.656326
v -202.615753 -61.667679 -145.656326
v -200.015900 -60.970596 -145.132233
v -200.467712 -59.183998 -143.861984
v -201.022797 -62.222763 -145.656326
v -200.772369 -59.537704 -145.132233
v -201.926422 -58.177101 -143.861984
v -201.058960 -61.251999 -145.656326
v -202.024536 -58.675385 -145.132233
v -203.571014 -58.107391 -143.861984
v -201.513336 -60.392273 -145.656326
v -203.434204 -58.613426 -145.132233
v -202.262054 -59.875916 -145.656326
v -203.106293 -59.839767 -145.656326
v -197.756836 -73.745270 -183.001877
v -199.398849 -73.672981 -183.001877
v -199.264618 -74.181595 -181.734222
v -197.854950 -74.240974 -181.734222
v -196.295563 -74.749588 -183.001877
v -198.936707 -75.405365 -181.207535
v -196.602783 -75.103287 -181.734222
v -195.412567 -76.422585 -183.001877
v -198.092468 -75.441505 -181.207535
v -198.446167 -77.235847 -181.207535
v -195.843750 -76.538765 -181.734222
v -195.342865 -78.312454 -183.001877
v -197.341187 -75.957863 -181.207535
v -195.784348 -78.157547 -181.734222
v -196.101929 -79.913162 -183.001877
v -196.886780 -76.817596 -181.207535
v -196.437561 -79.531052 -181.734222
v -197.490906 -80.796127 -183.001877
v -197.627747 -80.290100 -181.734222
v -196.850647 -77.788345 -181.207535
v -197.243057 -78.609360 -181.207535
v -197.955627 -79.063751 -181.207535
v -196.101929 -79.913162 -213.797424
v -197.490906 -80.796127 -213.797424
v -197.627747 -80.290100 -215.065094
v -196.437561 -79.531052 -215.065094
v -195.342865 -78.312454 -213.797424
v -197.955627 -79.063751 -215.591766
v -195.784348 -78.157547 -215.065094
v -195.412567 -76.422585 -213.797424
v -197.243057 -78.609360 -215.591766
v -198.446167 -77.235847 -215.591766
v -195.843750 -76.538765 -215.065094
v -196.295563 -74.749588 -213.797424
v -196.850647 -77.788345 -215.591766
v -196.602783 -75.103287 -215.065094
v -197.756836 -73.745270 -213.797424
v -196.886780 -76.817596 -215.591766
v -197.854950 -74.240974 -215.065094
v -199.398849 -73.672981 -213.797424
v -197.341187 -75.957863 -215.591766
v -199.264618 -74.181595 -215.065094
v -198.092468 -75.441505 -215.591766
v -198.936707 -75.405365 -215.591766
v -197.756836 -73.745270 -130.942719
v -199.398849 -73.672981 -130.942719
v -199.264618 -74.181595 -129.672485
v -197.854950 -74.240974 -129.672485
v -196.295563 -74.749588 -130.942719
v -198.936707 -75.405365 -129.148376
v -196.602783 -75.103287 -129.672485
v -195.412567 -76.422585 -130.942719
v -198.092468 -75.441505 -129.148376
v -198.446167 -77.235847 -129.148376
v -195.843750 -76.538765 -129.672485
v -195.342865 -78.312454 -130.942719
v -197.341187 -75.957863 -129.148376
v -195.784348 -78.157547 -129.672485
v -196.101929 -79.913162 -130.942719
v -196.886780 -76.817596 -129.148376
v -196.437561 -79.531052 -129.672485
v -197.490906 -80.796127 -130.942719
v -197.627747 -80.290100 -129.672485
v -196.850647 -77.788345 -129.148376
v -197.243057 -78.609360 -129.148376
v -197.955627 -79.063751 -129.148376
v -196.101929 -79.913162 -143.861984
v -197.490906 -80.796127 -143.861984
v -197.627747 -80.290100 -145.132233
v -196.437561 -79.531052 -145.132233
v -195.342865 -78.312454 -143.861984
v -197.955627 -79.063751 -145.656326
v -195.784348 -78.157547 -145.132233
v -195.412567 -76.422585 -143.861984
v -197.243057 -78.609360 -145.656326
v -198.446167 -77.235847 -145.656326
v -195.843750 -76.538765 -145.132233
v -196.295563 -74.749588 -143.861984
v -196.850647 -77.788345 -145.656326
v -196.602783 -75.103287 -145.132233
v -197.756836 -73.745270 -143.861984
v -196.886780 -76.817596 -145.656326
v -197.854950 -74.240974 -145.132233
v -199.398849 -73.672981 -143.861984
v -197.341187 -75.957863 -145.656326
v -199.264618 -74.181595 -145.132233
v -198.092468 -75.441505 -145.656326
v -198.936707 -75.405365 -145.656326
v 21.948076 6.801311 39.501694
v 0.000305 6.801311 39.475876
v 46.441490 6.801312 6.643291
v 0.000305 6.801313 -12.203753
v 46.583488 6.801313 -12.035937
v -21.950048 6.801311 39.501694
v -46.443462 6.801312 6.643291
v -46.582878 6.801313 -12.035937
v 0.000305 14.693833 39.475876
v 17.228569 14.693833 39.496532
v 42.664337 14.693835 5.373053
v 0.000305 14.693836 -12.203753
v 42.793427 14.693836 -12.048845
v -17.227959 14.693833 39.496532
v -42.666306 14.693835 5.373053
v -42.795395 14.693836 -12.048845
v 0.000305 41.405003 38.061058
v 4.526178 41.405003 38.061058
v 4.526178 41.405003 29.696068
v 0.000305 41.405003 29.696068
v -4.329351 41.405003 38.061058
v -4.329351 41.405003 29.696068
v 4.389343 41.874889 17.786285
v -4.192517 41.874889 17.786285
v 0.000305 41.874889 17.786285
v 4.095019 42.874039 7.206123
v -3.898193 42.874039 7.206123
v 0.000305 42.874039 7.206123
v 30.101360 65.271049 -180.213547
v 35.032574 56.733082 -180.213547
v 33.253723 55.705528 -178.158447
v 28.322510 64.243500 -178.158447
v 29.073809 67.049904 -178.158447
v 33.313103 69.494858 -178.158447
v 34.338074 67.718590 -180.213547
v 38.577366 70.163536 -180.213547
v 37.549816 71.942390 -178.158447
v 40.356216 71.191086 -178.158447
v 45.284851 62.653122 -178.158447
v 43.505997 61.625568 -180.213547
v 46.725487 37.488441 -177.652405
v 46.743561 37.581383 -100.487961
v 45.034416 38.038357 -100.487961
v 45.003433 37.950581 -177.652405
v 46.095531 38.580536 -178.914902
v 49.864944 40.826691 -178.842621
v 50.489731 39.744923 -177.593033
v 54.326267 41.874897 -177.652405
v 53.693729 42.966991 -178.914902
v 54.785828 43.599529 -177.652405
v 54.754845 43.604694 -151.955887
v 54.726444 43.609852 -126.574341
v 54.695465 43.615017 -100.487961
v 54.235905 41.905876 -100.487961
v -33.253113 55.705528 -178.158447
v -35.031963 56.733082 -180.213547
v -30.103333 65.271049 -180.213547
v -28.324480 64.243500 -178.158447
v -29.075783 67.049904 -178.158447
v -33.312492 69.494858 -178.158447
v -34.340042 67.718590 -180.213547
v -38.576756 70.163536 -180.213547
v -37.551788 71.942390 -178.158447
v -40.355606 71.191086 -178.158447
v -45.286819 62.653122 -178.158447
v -43.507969 61.625568 -180.213547
v -45.036388 38.038357 -100.487961
v -46.742950 37.581383 -100.487961
v -46.727459 37.488441 -177.652405
v -45.002823 37.950581 -177.652405
v -46.097504 38.580536 -178.914902
v -49.864334 40.826691 -178.842621
v -50.491703 39.744923 -177.593033
v -54.325657 41.874897 -177.652405
v -53.695702 42.966991 -178.914902
v -54.787796 43.599529 -177.652405
v -54.756821 43.604694 -151.955887
v -54.725834 43.609852 -126.574341
v -54.694855 43.615017 -100.487961
v -54.237877 41.905876 -100.487961
v -44.806610 60.665146 -151.955887
v -44.840172 60.683216 -177.593033
v -48.263626 54.758015 -177.593033
v -48.230057 54.737358 -151.955887
v -54.787796 43.599529 -177.652405
v -44.773045 60.644485 -126.574341
v -54.756821 43.604694 -151.955887
v -48.199081 54.719284 -126.574341
v -44.742065 60.626411 -104.105042
v -54.725834 43.609852 -126.574341
v -45.059624 60.081657 -101.975067
v -45.488201 59.338100 -101.174713
v -48.165512 54.701210 -100.487961
v -54.694855 43.615017 -100.487961
v -46.200775 58.104004 -100.487961
v 6.968548 -9.877046 331.117126
v 6.904004 -7.535366 332.204041
v 5.760272 -5.397645 333.396851
v 4.278326 -3.962173 334.328857
v 2.530457 -3.086946 334.883942
v 0.000305 -10.809072 331.117126
v 0.000305 -2.642879 335.271210
v 7.115710 -10.889108 330.117981
v -2.532428 -3.086946 334.883942
v 6.258557 -13.424422 327.600739
v 4.314471 -15.564723 325.628235
v 0.000305 -17.152523 324.525818
v 2.181915 -16.631001 324.794312
v 0.000305 -15.544066 326.198822
v -4.316442 -15.564723 325.628235
v -2.183887 -16.631001 324.794312
v -7.115100 -10.889108 330.117981
v -6.257946 -13.424422 327.600739
v -6.967938 -9.877046 331.117126
v -4.277716 -3.962173 334.328857
v -5.762243 -5.397645 333.396851
v -6.905975 -7.535366 332.204041
v -43.642223 32.301613 287.990967
v -43.634476 32.301613 283.459900
v -37.933891 32.301613 279.259369
v 0.000305 32.301613 273.780792
v -35.083599 32.301613 273.780792
v -19.293388 32.301613 243.439636
v 0.000305 32.301613 287.962555
v -16.794220 32.301613 242.076447
v 0.000305 32.301613 242.076447
v 16.792248 32.301613 242.076447
v 19.293999 32.301613 243.439636
v 35.081627 32.301613 273.780792
v 37.931919 32.301613 279.259369
v 43.635086 32.301613 283.459900
v 43.642834 32.301613 287.990967
v -43.634476 46.189041 283.459900
v -43.642223 46.189041 287.990967
v 0.000305 46.189041 287.962555
v 0.000305 46.189041 273.780792
v -37.933891 46.189041 279.259369
v 43.642834 46.189041 287.990967
v -35.083599 46.189041 273.780792
v 43.635086 46.189041 283.459900
v 37.931919 46.189041 279.259369
v 35.081627 46.189041 273.780792
v 19.293999 46.189041 243.439636
v 0.000305 46.189041 242.076447
v 16.792248 46.189041 242.076447
v -19.293388 46.189041 243.439636
v -16.794220 46.189041 242.076447
v -7.226117 66.125603 303.951569
v 0.000305 66.125603 303.264801
v 0.000305 63.179787 297.974731
v -9.944738 63.179787 298.922241
v -13.745129 66.125603 305.947266
v 0.000305 60.081642 296.766449
v -18.916449 63.179787 301.669250
v -18.916449 66.125603 309.055756
v -10.566949 60.081642 297.770752
v -26.037018 63.179787 305.947266
v -22.239208 66.125603 312.974915
v -20.098907 60.081642 300.690765
v -10.556622 55.225300 297.667480
v 0.000305 55.225300 296.658020
v -20.080833 55.225300 300.602966
v -10.066082 52.209770 298.529816
v 0.000305 52.209770 297.564209
v -19.146227 52.209770 301.336212
v -9.423218 49.457588 299.681274
v 0.000305 49.457588 298.775085
v 0.000305 44.792297 298.726013
v -9.418054 44.792297 299.634827
v -17.917297 44.792297 302.275970
v -17.925041 49.457588 302.317291
v -24.660927 44.792297 306.388763
v -24.671251 49.457588 306.417175
v -28.990582 44.792297 311.570404
v -26.351997 52.209770 305.707184
v -29.003490 49.457588 311.585907
v -30.480272 44.792294 317.314880
v -27.640306 55.225300 305.172729
v -30.978558 52.209770 311.211548
v -30.495766 49.457581 317.314880
v -28.990582 44.792294 323.059357
v -27.666124 60.081642 305.237305
v -32.491486 55.225300 310.932709
v -32.574104 52.209766 317.314880
v -29.003490 49.457581 323.046448
v -24.671251 49.457581 328.215210
v -24.660927 44.792294 328.243591
v -30.978558 52.209766 323.420807
v -17.925041 49.457581 332.315063
v -17.917297 44.792294 332.356384
v -9.418054 44.792294 334.994965
v -26.351997 52.209766 328.925171
v -19.146227 52.209766 333.296143
v -9.423218 49.457581 334.948486
v 0.000305 44.792294 335.906342
v 0.000305 49.457581 335.857300
v 9.418664 44.792294 334.994965
v -10.066082 52.209766 336.102539
v 9.423828 49.457581 334.948486
v 17.915325 44.792294 332.356384
v 0.000305 52.209766 337.068146
v -20.080833 55.225296 334.029388
v -10.556622 55.225296 336.962280
v 17.923071 49.457581 332.315063
v 24.658953 44.792294 328.243591
v 10.064111 52.209766 336.102539
v 0.000305 55.225296 337.974365
v 24.671862 49.457581 328.215210
v 28.988609 44.792294 323.059357
v 19.146837 52.209766 333.296143
v 29.001518 49.457581 323.046448
v 30.480883 44.792294 317.314880
v 26.352608 52.209766 328.925171
v 10.557232 55.225296 336.962280
v 30.493792 49.457581 317.314880
v 28.988609 44.792297 311.570404
v 30.979168 52.209766 323.420807
v 29.001518 49.457588 311.585907
v 20.081444 55.225296 334.029388
v 27.638336 55.225296 329.459625
v 32.572128 52.209766 317.314880
v 32.492096 55.225296 323.699646
v 20.099518 60.081635 333.941589
v 27.664154 60.081635 329.395081
v 34.162514 55.225296 317.314880
v 10.567559 60.081635 336.859009
v 32.523079 60.081635 323.666077
v 0.000305 60.081635 337.865906
v 30.979168 52.209770 311.211548
v -10.566949 60.081635 336.859009
v 9.945349 63.179779 335.710114
v 0.000305 63.179779 336.657654
v -20.098907 60.081635 333.941589
v 7.224146 66.125595 330.680786
v 13.743157 66.125595 328.685089
v 0.000305 66.125595 331.367554
v 18.917059 63.179779 332.963104
v 18.917059 66.125595 325.576599
v 26.037628 63.179779 328.685089
v 22.237236 66.125595 321.657471
v 30.609972 63.179779 323.291718
v 23.383551 66.125595 317.314880
v 32.184860 63.179779 317.314880
v 22.237236 66.125603 312.974915
v 34.196075 60.081635 317.314880
v 30.609972 63.179787 311.338043
v 18.917059 66.125603 309.055756
v 32.492096 55.225300 310.932709
v 32.523079 60.081642 310.966278
v 26.037628 63.179787 305.947266
v 13.743157 66.125603 305.947266
v 27.664154 60.081642 305.237305
v 18.917059 63.179787 301.669250
v 7.224146 66.125603 303.951569
v 27.638336 55.225300 305.172729
v 20.099518 60.081642 300.690765
v 9.945349 63.179787 298.922241
v 0.000305 66.125603 303.264801
v 0.000305 63.179787 297.974731
v 10.567559 60.081642 297.770752
v 0.000305 60.081642 296.766449
v 0.000305 55.225300 296.658020
v 20.081444 55.225300 300.602966
v 10.557232 55.225300 297.667480
v 0.000305 52.209770 297.564209
v 10.064111 52.209770 298.529816
v 0.000305 49.457588 298.775085
v 26.352608 52.209770 305.707184
v 19.146837 52.209770 301.336212
v 9.423828 49.457588 299.681274
v 0.000305 44.792297 298.726013
v 9.418664 44.792297 299.634827
v 24.671862 49.457588 306.417175
v 24.658953 44.792297 306.388763
v 17.923071 49.457588 302.317291
v 17.915325 44.792297 302.275970
v 44.742676 60.626411 -104.105042
v 45.057652 60.081657 -101.975067
v 45.486229 59.338100 -101.174713
v 48.163544 54.701210 -100.487961
v 46.198803 58.104004 -100.487961
v 44.771072 60.644485 -126.574341
v 48.197105 54.719284 -126.574341
v 54.695465 43.615017 -100.487961
v 44.807220 60.665146 -151.955887
v 54.726444 43.609852 -126.574341
v 48.261650 54.758015 -177.593033
v 44.840782 60.683216 -177.593033
v 48.230667 54.737358 -151.955887
v 54.754845 43.604694 -151.955887
v 54.785828 43.599529 -177.652405
v 73.942688 34.583923 -19.060978
v 80.273224 31.237926 -26.057621
v 71.278282 24.866081 -100.023239
v 74.275734 38.167442 8.923012
v 69.096672 40.571087 12.142500
v 117.541321 23.983105 26.569527
v 108.592850 26.435802 19.250160
v 78.607971 22.067425 -100.023239
v 67.898727 25.971085 -101.409660
v 76.816216 21.881535 -106.516434
v 68.864311 18.966702 -151.462769
v 67.372040 19.537275 -151.449860
v 67.844505 25.315311 -106.521606
v 67.444328 20.438320 -144.445465
v 58.601707 27.029617 -106.526764
v 58.441635 21.669830 -148.687347
v 36.615208 25.020992 -156.450775
v 57.584488 27.848045 -101.639435
v 68.412498 32.211262 -52.874645
v 58.056950 33.982368 -52.872063
v 36.615208 45.047905 7.799934
v 0.000305 45.936039 6.403188
v 0.000305 25.911709 -156.840622
v -36.614597 25.020992 -156.450775
v -36.614597 45.047905 7.799934
v -58.056339 33.982368 -52.872063
v -69.098648 40.571087 12.142500
v -57.586456 27.848045 -101.639435
v -68.411888 32.211262 -52.874645
v -58.601097 27.029617 -106.526764
v -67.900696 25.971085 -101.409660
v -58.441025 21.669830 -148.687347
v -67.846481 25.315311 -106.521606
v -67.371429 19.537275 -151.449860
v -67.446304 20.438320 -144.445465
v -76.818184 21.881535 -106.516434
v -68.863701 18.966702 -151.462769
v -117.543304 23.983105 26.569527
v -78.607361 22.067425 -100.023239
v -108.592239 26.435802 19.250160
v -71.277672 24.866081 -100.023239
v -74.275124 38.167442 8.923012
v -73.942078 34.583923 -19.060978
v -80.272614 31.237926 -26.057621
v 118.932907 21.463284 -68.011658
v 132.061295 18.551029 -71.504822
v 132.841003 18.290268 -73.748398
v 126.879646 18.481323 -96.894112
v 119.330505 19.875488 -100.521523
v 90.174377 22.361748 -92.750343
v 94.751892 22.950394 -73.577995
v 107.707306 22.421127 -65.027115
v -132.063263 18.551029 -71.504822
v -118.932297 21.463284 -68.011658
v -132.840393 18.290268 -73.748398
v -126.881622 18.481323 -96.894112
v -119.329895 19.875488 -100.521523
v -90.176353 22.361748 -92.750343
v -94.753860 22.950394 -73.577995
v -107.709267 22.421127 -65.027115
v 225.333511 -62.550636 -253.724762
v 225.824051 -57.358665 -253.724762
v 226.774170 -57.175362 -250.843491
v 226.244904 -62.795906 -250.843491
v 226.774170 -57.175365 -89.141006
v 223.637299 -72.526672 -250.843491
v 222.725906 -72.281403 -253.724762
v 221.109711 -78.317612 -253.724762
v 226.244904 -62.795914 -218.669281
v 223.637299 -72.526672 -218.669281
v 226.244904 -62.795921 -126.587250
v 226.244904 -62.795921 -89.141006
v 224.845551 -68.013710 -89.141006
v 223.637299 -72.526672 -111.354706
v 223.637299 -72.526672 -126.587250
v 222.021088 -78.562881 -250.843491
v 218.507263 -88.035461 -253.724762
v 222.021088 -78.562881 -218.669281
v 219.416077 -88.280731 -250.843491
v 216.333405 -92.775620 -253.724762
v 222.021088 -78.562881 -126.587250
v 219.416077 -88.280731 -218.669281
v 222.021088 -78.562881 -111.354706
v 217.066650 -93.410751 -250.843491
v 219.416077 -88.280731 -126.587250
v 219.416077 -88.280739 -89.141014
v 221.125198 -81.901146 -89.141006
v 217.066650 -93.410751 -89.141014
v 196.143829 -82.043137 -253.724762
v 195.655869 -87.235107 -253.724762
v 194.705780 -87.418411 -250.843491
v 195.235046 -81.800446 -250.843491
v 194.705780 -87.418427 -89.141006
v 197.837479 -72.082596 -250.843491
v 198.748871 -72.327866 -253.724762
v 200.365051 -66.291656 -253.724762
v 195.235046 -81.800446 -218.669281
v 197.837479 -72.082596 -218.669281
v 195.235046 -81.800446 -126.587250
v 195.235046 -81.800453 -89.141006
v 196.944183 -75.423439 -89.141006
v 197.837479 -72.082596 -111.354706
v 197.837479 -72.082596 -126.587250
v 199.456268 -66.046387 -250.843491
v 202.972656 -56.560890 -253.724762
v 199.456268 -66.046387 -218.669281
v 202.063873 -56.315620 -250.843491
v 205.146515 -51.818153 -253.724762
v 199.456268 -66.046387 -126.587250
v 202.063873 -56.315628 -218.669281
v 199.456268 -66.046387 -111.354706
v 204.413300 -51.185616 -250.843491
v 202.063873 -56.315636 -126.587250
v 202.063873 -56.315636 -89.141006
v 200.664536 -61.536003 -89.141006
v 204.413300 -51.185619 -89.141006
v -226.776123 -57.175362 -250.843491
v -225.826019 -57.358665 -253.724762
v -225.335480 -62.550636 -253.724762
v -226.246857 -62.795906 -250.843491
v -226.776123 -57.175365 -89.141006
v -223.639252 -72.526672 -250.843491
v -222.727875 -72.281403 -253.724762
v -221.111679 -78.317612 -253.724762
v -226.246857 -62.795914 -218.669281
v -223.639252 -72.526672 -218.669281
v -226.246857 -62.795921 -126.587250
v -226.246857 -62.795921 -89.141006
v -224.847534 -68.013710 -89.141006
v -223.639252 -72.526672 -111.354706
v -223.639252 -72.526672 -126.587250
v -222.020477 -78.562881 -250.843491
v -218.506653 -88.035461 -253.724762
v -222.020477 -78.562881 -218.669281
v -219.418030 -88.280731 -250.843491
v -216.335373 -92.775620 -253.724762
v -222.020477 -78.562881 -126.587250
v -219.418030 -88.280731 -218.669281
v -222.020477 -78.562881 -111.354706
v -217.066040 -93.410751 -250.843491
v -219.418030 -88.280731 -126.587250
v -219.418030 -88.280739 -89.141014
v -221.127167 -81.901146 -89.141006
v -217.066040 -93.410751 -89.141014
v -194.705170 -87.418411 -250.843491
v -195.655258 -87.235107 -253.724762
v -196.145798 -82.043137 -253.724762
v -195.234436 -81.800446 -250.843491
v -194.705170 -87.418427 -89.141006
v -197.839447 -72.082596 -250.843491
v -198.748260 -72.327866 -253.724762
v -200.367020 -66.291656 -253.724762
v -195.234436 -81.800446 -218.669281
v -197.839447 -72.082596 -218.669281
v -195.234436 -81.800446 -126.587250
v -195.234436 -81.800453 -89.141006
v -196.943573 -75.423439 -89.141006
v -197.839447 -72.082596 -111.354706
v -197.839447 -72.082596 -126.587250
v -199.455658 -66.046387 -250.843491
v -202.974625 -56.560890 -253.724762
v -199.455658 -66.046387 -218.669281
v -202.063263 -56.315620 -250.843491
v -205.145905 -51.818153 -253.724762
v -199.455658 -66.046387 -126.587250
v -202.063263 -56.315628 -218.669281
v -199.455658 -66.046387 -111.354706
v -204.415283 -51.185616 -250.843491
v -202.063263 -56.315636 -126.587250
v -202.063263 -56.315636 -89.141006
v -200.666504 -61.536003 -89.141006
v -204.415283 -51.185619 -89.141006
v 35.032574 56.733078 -72.039246
v 39.194412 49.522144 -72.039246
v 43.431126 51.969681 -72.039246
v 47.670422 54.414635 -72.039246
v 43.505997 61.625565 -72.039246
v 39.269287 59.178032 -72.039246
v 30.101360 65.271049 -72.039246
v 38.577366 70.163536 -72.039246
v 34.338074 67.718582 -72.039246
v 29.073809 67.049896 -99.006012
v 29.073809 67.049896 -74.091766
v 33.313103 69.494850 -74.091766
v 37.549816 71.942383 -74.091766
v 37.549816 71.942383 -99.006012
v 33.313103 69.494850 -99.006012
v 29.073809 67.049904 -178.158447
v 37.549816 71.942390 -178.158447
v 33.313103 69.494858 -178.158447
v 39.684952 49.806149 -178.842621
v 36.264084 55.731346 -178.842621
v 40.010258 57.894886 -178.731598
v 43.756432 60.058426 -178.842621
v 47.179882 54.130638 -178.842621
v 43.431126 51.969685 -178.731598
v 46.095531 38.580536 -178.914902
v 53.693729 42.966991 -178.914902
v 49.864944 40.826691 -178.842621
v -43.433098 51.969681 -72.039246
v -39.193802 49.522144 -72.039246
v -35.031963 56.733078 -72.039246
v -43.507969 61.625565 -72.039246
v -47.669811 54.414635 -72.039246
v -39.268677 59.178032 -72.039246
v -30.103333 65.271049 -72.039246
v -38.576756 70.163536 -72.039246
v -34.340042 67.718582 -72.039246
v -33.312492 69.494850 -74.091766
v -29.075783 67.049896 -74.091766
v -29.075783 67.049896 -99.006012
v -37.551788 71.942383 -99.006012
v -37.551788 71.942383 -74.091766
v -33.312492 69.494850 -99.006012
v -29.075783 67.049904 -178.158447
v -37.551788 71.942390 -178.158447
v -33.312492 69.494858 -178.158447
v -40.012230 57.894886 -178.731598
v -36.263474 55.731346 -178.842621
v -39.686924 49.806149 -178.842621
v -47.179272 54.130638 -178.842621
v -43.758404 60.058426 -178.842621
v -43.433098 51.969685 -178.731598
v -46.097504 38.580536 -178.914902
v -53.695702 42.966991 -178.914902
v -49.864334 40.826691 -178.842621
v -26.091234 51.778610 309.778656
v -24.606707 51.778610 284.926361
v -22.791710 49.966198 284.926361
v -23.713409 49.966198 309.778656
v -23.713409 51.778610 311.591064
v -15.908667 51.778610 311.591064
v -15.908667 49.966198 309.778656
v -16.830364 49.966198 284.926361
v -13.533422 51.778610 309.778656
v -15.015369 51.778610 284.926361
v 74.805000 18.943464 -142.997086
v 80.848969 18.106964 -151.289795
v 79.986649 17.977875 -155.263153
v 68.864311 18.966702 -151.462769
v 76.532219 19.157753 -135.915253
v 120.086975 13.797964 -181.762619
v 120.058563 13.911561 -179.439011
v 126.549179 13.970942 -151.883606
v 78.948769 19.627636 -122.443481
v 80.332611 19.403019 -125.035591
v 82.059822 18.871172 -133.498688
v 84.303398 20.193047 -102.579208
v 119.521553 16.064770 -135.396301
v 119.619659 15.672339 -143.435989
v 120.923462 15.840155 -134.015045
v 124.377899 15.940845 -116.569916
v 120.577515 15.478705 -143.688995
v 117.541321 23.983105 26.569527
v 125.291847 14.706752 -138.956589
v 133.597458 12.742011 -148.971344
v 126.278091 14.053559 -151.116806
v 126.513031 12.834957 -177.061188
v 128.955414 12.155947 -182.681732
v 139.806656 9.902047 -189.520889
v 139.806656 9.744558 -193.339355
v 147.521027 12.561284 -83.992920
v 144.588135 9.052639 -191.230026
v 164.927444 5.216105 -207.763794
v 149.963409 11.822892 -88.147018
v 164.932602 5.355521 -202.223297
v 139.829895 14.977836 -67.066727
v 188.832214 -0.092049 -224.160721
v 140.924561 14.376280 -75.687317
v 159.978149 9.179143 -100.604141
v 139.827301 14.531187 -77.886993
v 165.033295 7.715270 -109.397705
v 165.041046 7.893414 -102.393318
v 172.435272 3.654124 -208.817169
v 165.035873 7.746252 -108.176521
v 179.362213 3.132599 -122.456390
v 165.133987 7.692034 -109.524216
v 181.228851 1.648075 -214.925690
v 175.610870 4.351202 -122.588058
v 185.628204 0.651505 -210.528885
v 185.382935 1.134295 -123.899605
v 178.582520 3.465650 -126.796371
v 184.799454 1.327932 -182.932159
v 185.318390 1.539636 -128.004639
v 187.306366 0.615359 -182.410645
v 188.705704 0.039618 -116.515694
v 185.623047 1.113641 -116.915871
v 165.069443 8.528532 -77.378387
v 165.077179 8.701511 -70.593445
v 150.944489 12.958878 -50.210239
v 142.517532 15.788515 -31.907951
v 143.720642 14.817764 -48.041538
v 139.837646 16.898685 -20.728813
v 139.835052 16.033785 -41.615471
v 139.835052 16.475269 -30.957855
v 131.826355 16.449455 -71.404129
v 132.402100 16.387491 -68.512527
v 118.659241 19.514034 -64.859299
v 132.603470 16.191277 -73.650284
v 118.697968 19.364292 -67.913559
v 126.644714 16.379747 -96.796005
v 107.472351 20.322136 -64.926422
v 97.966217 21.277393 -59.360092
v 119.092987 17.773912 -100.423416
v 120.923462 16.893524 -111.561249
v 119.224648 17.249809 -111.145576
v 89.939438 20.262756 -92.649658
v 94.516945 20.851402 -73.477310
v 106.764954 22.250725 -25.799444
v 102.301033 21.680153 -44.429619
v 115.302917 23.304096 7.585646
v 117.755615 23.131115 9.116646
v 118.111908 21.705971 -20.029150
v 121.083534 22.498577 11.197563
v 118.318451 20.874634 -37.009563
v 135.050995 17.580276 -29.259039
v 132.161987 18.958948 -12.882763
v -79.986038 17.977875 -155.263153
v -80.850937 18.106964 -151.289795
v -74.804390 18.943464 -142.997086
v -68.863701 18.966702 -151.462769
v -76.531609 19.157753 -135.915253
v -120.088936 13.797964 -181.762619
v -120.060547 13.911561 -179.439011
v -78.950745 19.627636 -122.443481
v -126.548569 13.970942 -151.883606
v -80.332001 19.403019 -125.035591
v -82.059212 18.871172 -133.498688
v -84.305367 20.193047 -102.579208
v -119.523529 16.064770 -135.396301
v -119.621643 15.672339 -143.435989
v -120.922852 15.840155 -134.015045
v -124.377289 15.940845 -116.569916
v -120.579475 15.478705 -143.688995
v -117.543304 23.983105 26.569527
v -125.291237 14.706752 -138.956589
v -133.596848 12.742011 -148.971344
v -126.277481 14.053559 -151.116806
v -126.512421 12.834957 -177.061188
v -128.954803 12.155947 -182.681732
v -139.808624 9.902047 -189.520889
v -139.808624 9.744558 -193.339355
v -147.520416 12.561284 -83.992920
v -144.590088 9.052639 -191.230026
v -164.929413 5.216105 -207.763794
v -149.962799 11.822892 -88.147018
v -164.934570 5.355521 -202.223297
v -139.829285 14.977836 -67.066727
v -140.926544 14.376280 -75.687317
v -188.834183 -0.092049 -224.160721
v -139.829285 14.531187 -77.886993
v -159.977539 9.179143 -100.604141
v -126.644104 16.379747 -96.796005
v -132.605438 16.191277 -73.650284
v -119.094948 17.773912 -100.423416
v -131.828323 16.449455 -71.404129
v -120.922852 16.893524 -111.561249
v -119.226624 17.249809 -111.145576
v -89.941406 20.262756 -92.649658
v -94.518921 20.851402 -73.477310
v -139.834442 16.033785 -41.615471
v -132.401489 16.387491 -68.512527
v -118.661209 19.514034 -64.859299
v -118.697357 19.364292 -67.913559
v -107.471741 20.322136 -64.926422
v -97.965607 21.277393 -59.360092
v -142.516922 15.788515 -31.907951
v -106.764343 22.250725 -25.799444
v -102.300423 21.680153 -44.429619
v -115.304886 23.234386 7.585646
v -117.757584 23.131115 9.116646
v -118.111298 21.705971 -20.029150
v -121.085510 22.498577 11.197563
v -118.320412 20.874634 -37.009563
v -139.839600 16.898685 -20.728813
v -135.050385 17.580276 -29.259039
v -132.161377 18.958948 -12.882763
v -139.837036 16.475269 -30.957855
v -165.076569 8.701511 -70.593445
v -143.720032 14.817764 -48.041538
v -150.946457 12.958878 -50.210239
v -165.068832 8.528532 -77.378387
v -188.707672 0.039618 -116.515694
v -185.622437 1.113641 -116.915871
v -185.382324 1.134295 -123.899605
v -165.043015 7.893414 -102.393318
v -185.317780 1.539636 -128.004639
v -165.035263 7.746252 -108.176521
v -187.308350 0.615359 -182.410645
v -179.361603 3.132599 -122.456390
v -184.801422 1.327932 -182.932159
v -178.581909 3.465650 -126.796371
v -175.612854 4.351202 -122.588058
v -185.627594 0.651505 -210.528885
v -165.135956 7.692034 -109.524216
v -181.230820 1.648075 -214.925690
v -172.437256 3.654124 -208.817169
v -165.035263 7.715270 -109.397705
v 12.506481 4.118825 258.044800
v 17.065918 -4.026714 273.873749
v 8.956524 -7.553435 273.873749
v 6.558044 1.423439 258.044800
v 0.000305 -8.766875 273.873749
v 9.356701 8.951931 244.472351
v 0.000305 0.491414 258.044800
v 4.905701 6.770320 244.485260
v -6.557434 1.423439 258.044800
v -8.958496 -7.553435 273.873749
v -17.067890 -4.026714 273.873749
v -12.505871 4.118825 258.044800
v -4.905090 6.770320 244.485260
v -9.358673 8.951931 244.472351
v 0.000305 6.016439 244.487839
v -7.675348 12.457998 230.990265
v -4.022119 10.650747 231.005768
v 4.022729 10.650747 231.005768
v -6.957611 13.317733 223.376587
v -3.647760 11.603427 223.376587
v -9.627178 15.961484 223.376587
v 0.000305 10.023373 231.010910
v 0.000305 11.007034 223.376587
v 3.645788 11.603427 223.376587
v 6.958221 13.317733 223.376587
v 7.673376 12.457998 230.990265
v 9.627789 15.961484 223.376587
v 10.614032 15.243747 230.964447
v 12.568444 18.687851 230.936035
v 11.401477 19.230026 223.376587
v 12.942803 12.313417 244.451691
v 13.340399 22.403042 230.902496
v 12.106304 22.761909 223.376587
v 15.333538 16.470093 244.428467
v 17.298279 8.288410 258.044800
v 17.065918 -4.026714 273.873749
v 23.579765 1.477656 273.873749
v 20.502275 13.459731 258.044800
v 27.930077 8.355536 273.873749
v 16.296545 20.952076 244.400055
v 21.816406 19.033810 258.044800
v 29.742493 15.798829 273.873749
v 28.800140 22.921978 273.873749
v 21.067688 24.388435 258.044800
v 25.028149 28.963360 273.873749
v 15.697571 25.268826 244.371658
v 18.225140 28.976269 258.044800
v 18.565935 33.429852 273.873749
v 12.829205 25.991726 230.868912
v 11.641582 26.180199 223.376587
v 13.539196 28.991764 244.348419
v 13.448833 32.422955 258.044800
v 9.909204 36.120075 273.873749
v 11.040027 29.105358 230.837952
v 10.017639 29.151833 223.376587
v 9.958258 31.818821 244.327789
v 7.149273 34.537437 258.044800
v 0.000305 37.010792 273.873749
v 8.101954 31.483189 230.814697
v 7.350653 31.423805 223.376587
v 5.280060 33.566689 244.314880
v 4.288653 32.962551 230.799225
v 3.891058 32.841206 223.376587
v 0.000305 35.244850 258.044800
v 0.000305 34.155338 244.312286
v 0.000305 33.463417 230.794037
v 0.000305 33.321419 223.376587
v -3.893030 32.841206 223.376587
v -4.290625 32.962551 230.799225
v -7.352625 31.423805 223.376587
v -5.279449 33.566689 244.314880
v -8.103924 31.483189 230.814697
v -10.019610 29.151833 223.376587
v -7.148663 34.537437 258.044800
v -9.908593 36.120075 273.873749
v -9.957647 31.818821 244.327789
v -11.039416 29.105358 230.837952
v -11.643555 26.180199 223.376587
v -13.450806 32.422955 258.044800
v -18.565325 33.429852 273.873749
v -13.538586 28.991764 244.348419
v -12.831177 25.991726 230.868912
v -12.105694 22.761909 223.376587
v -18.224529 28.976269 258.044800
v -25.030121 28.963360 273.873749
v -15.699543 25.268826 244.371658
v -13.339788 22.403042 230.902496
v -11.403448 19.230026 223.376587
v -21.067078 24.388435 258.044800
v -28.802111 22.921978 273.873749
v -16.295935 20.952076 244.400055
v -21.815796 19.033810 258.044800
v -29.741882 15.798829 273.873749
v -27.932049 8.355536 273.873749
v -20.501665 13.459731 258.044800
v -23.581738 1.477656 273.873749
v -15.335510 16.470093 244.428467
v -17.297668 8.288410 258.044800
v -17.067890 -4.026714 273.873749
v -12.567834 18.687851 230.936035
v -12.944775 12.313417 244.451691
v -10.613421 15.243747 230.964447
v 52.710068 38.022850 337.822021
v 54.336594 37.625252 338.297058
v 53.389084 39.386032 338.666260
v 51.837425 38.423023 339.270416
v 52.784943 36.662247 338.901215
v -52.712040 38.022850 337.822021
v -54.335983 38.423027 338.297058
v -53.388474 36.662247 338.666260
v -51.836815 37.625252 339.270416
v -52.784332 39.386032 338.901215
v -0.020349 69.190186 317.534332
v 1.373816 70.222900 317.673767
v 0.036450 70.230637 316.140167
v -1.411932 70.225479 317.405243
v -0.077148 70.217728 318.938843
v 0.150049 -25.698235 309.566956
v -1.195062 -26.746445 309.902588
v -0.141693 -26.684479 308.162445
v 1.500323 -26.718040 309.159027
v 0.446954 -26.780006 310.896576
v -0.565106 -9.750519 -115.457161
v 0.774841 -10.783234 -115.849594
v -0.247546 -10.780652 -114.093979
v -1.910217 -10.783234 -115.062149
v -0.885248 -10.785815 -116.820343
v -0.201074 62.635048 -162.541214
v -0.345654 63.667763 -163.932800
v -1.584912 63.667763 -162.321762
v -0.059076 63.667763 -161.147049
v 1.177600 63.667763 -162.760666
v 30.883644 13.663709 -154.013565
v 29.538530 12.690376 -154.532501
v 30.545427 14.032905 -155.678818
v 32.215843 13.299678 -155.072098
v 31.208946 11.957149 -153.925781
v -30.885612 13.663709 -154.013565
v -29.535339 13.299678 -155.048859
v -30.560310 11.957149 -153.918045
v -32.222977 12.690376 -154.555740
v -31.195427 14.032905 -155.683990
v 186.459549 -12.804774 -109.167938
v 187.866623 -13.308223 -108.277222
v 186.864883 -11.555190 -108.026779
v 185.194473 -12.513030 -108.011292
v 186.196198 -14.263484 -108.261719
v -186.461517 -12.804774 -109.167938
v -187.871170 -12.513030 -108.194595
v -186.846207 -14.263484 -108.305611
v -185.191284 -13.308223 -108.091324
v -186.216248 -11.555190 -107.982887
v -8.710644 37.199272 -21.087683
v -7.905127 36.125248 56.389164
v 0.000305 37.199272 -21.087683
v -3.758777 29.329975 252.153168
v 0.000305 29.329975 252.153168
v -9.838885 26.681061 252.153168
v 3.756805 29.329975 252.153168
v -20.672064 30.411755 56.112915
v -23.486212 25.547665 58.000198
v -10.964544 24.600140 252.153168
v -24.175549 21.313534 61.795425
v -12.159912 22.395294 252.153168
v -21.046423 16.000217 73.281799
v -10.804474 19.890961 252.153168
v -17.336395 13.186069 79.364487
v -9.838885 18.109528 252.153168
v -6.859503 9.509604 83.570221
v -3.758777 15.458034 252.153168
v 0.000305 15.458034 252.153168
v 0.000305 9.173971 84.135628
v 6.860113 9.509604 83.570221
v 3.756805 15.458034 252.153168
v 9.836914 18.109528 252.153168
v 17.337006 13.186069 79.364487
v 10.802502 19.890961 252.153168
v 21.044451 16.000217 73.281799
v 12.160522 22.395294 252.153168
v 24.173576 21.313534 61.795425
v 10.965155 24.600140 252.153168
v 23.486822 25.547665 58.000198
v 9.836914 26.681061 252.153168
v 20.672674 30.411755 56.112915
v 7.903155 36.125248 56.389164
v 8.708673 37.199272 -21.087683
v 5.295550 72.481964 290.898041
v 3.320483 72.481964 288.922974
v 0.625098 73.460449 293.593445
v 9.253429 69.693634 288.610596
v 10.588214 69.693634 293.593445
v 5.607946 69.693634 284.965088
v 6.018451 72.481964 293.593445
v 0.625098 73.460449 293.593445
v 0.625098 72.481964 288.202667
v 0.625098 73.460449 293.593445
v -2.070288 72.481964 288.922974
v 5.295550 72.481964 296.288818
v 3.320483 72.481964 298.263885
v 9.253429 69.693634 298.573700
v 5.607946 69.693634 302.221771
v 11.899761 65.518883 300.102112
v 7.133783 65.518883 304.865509
v 0.625098 69.693634 303.556549
v 13.642467 65.518883 293.593445
v 7.670794 60.592831 305.794952
v 12.826623 60.592831 300.639130
v 0.625098 60.592831 307.682251
v 14.713909 60.592831 293.593445
v 0.625098 65.518883 306.610809
v -6.418017 60.592831 305.794952
v 11.899761 65.518883 287.084747
v 12.826623 60.592831 286.547729
v 7.133783 65.518883 282.321350
v 7.670794 60.592831 281.391907
v 0.625098 69.693634 283.630310
v 0.625098 65.518883 280.576080
v 0.625098 60.592831 279.504639
v -4.355169 69.693634 284.965088
v -5.881006 65.518883 282.321350
v -6.418017 60.592831 281.391907
v -4.042773 72.481964 290.898041
v 0.625098 73.460449 293.593445
v -4.765674 72.481964 293.593445
v -8.000652 69.693634 288.610596
v -10.646984 65.518883 287.084747
v -11.576427 60.592831 286.547729
v -9.335437 69.693634 293.593445
v -12.389690 65.518883 293.593445
v -13.463715 60.592831 293.593445
v -4.042773 72.481964 296.288818
v 0.625098 73.460449 293.593445
v -2.070288 72.481964 298.263885
v -8.000652 69.693634 298.573700
v -10.646984 65.518883 300.102112
v -11.576427 60.592831 300.639130
v -4.355169 69.693634 302.221771
v -5.881006 65.518883 304.865509
v 0.625098 72.481964 298.984192
v 0.625098 73.460449 293.593445
v 221.138107 -42.934227 -112.015640
v 221.138107 -44.550426 -110.399445
v 222.862762 -44.550426 -112.015640
v 222.862762 -50.452393 -112.015640
v 206.612976 -42.934227 -112.015640
v 221.138107 -50.452393 -110.399445
v 206.612976 -44.550426 -110.399445
v 221.138107 -52.066010 -112.015640
v 204.888336 -44.550426 -112.015640
v 206.612976 -50.452393 -110.399445
v 206.612976 -52.066010 -112.015640
v 204.888336 -50.452393 -112.015640
v -221.140076 -44.550426 -110.399445
v -221.140076 -42.934227 -112.015640
v -222.862152 -44.550426 -112.015640
v -206.612366 -42.934227 -112.015640
v -222.862152 -50.452393 -112.015640
v -206.612366 -44.550426 -110.399445
v -221.140076 -50.452393 -110.399445
v -204.890320 -44.550426 -112.015640
v -221.140076 -52.066010 -112.015640
v -206.612366 -50.452393 -110.399445
v -204.890320 -50.452393 -112.015640
v -206.612366 -52.066010 -112.015640
v -34.768623 60.161690 -91.547234
v -32.834862 60.161690 -89.613472
v -32.834862 62.095451 -91.547234
v -46.474442 39.752663 -91.547234
v 0.000305 62.095451 -91.547234
v -44.543266 39.752663 -89.613472
v 0.000305 60.161690 -89.613472
v -44.543266 37.818905 -91.547234
v 33.034271 60.161690 -89.613472
v 0.000305 39.752663 -89.613472
v 33.034271 62.095451 -91.547234
v 0.000305 37.818905 -91.547234
v 34.965446 60.161690 -91.547234
v 45.011181 37.818905 -91.547234
v 45.011181 39.752663 -89.613472
v 46.944939 39.752663 -91.547234
v -9.944738 63.179779 335.710114
v -7.226117 66.125595 330.680786
v -18.916449 63.179779 332.963104
v -13.745129 66.125595 328.685089
v -26.037018 63.179779 328.685089
v -18.916449 66.125595 325.576599
v -27.666124 60.081635 329.395081
v -30.609362 63.179779 323.291718
v -22.239208 66.125595 321.657471
v -32.522469 60.081635 323.666077
v -27.640306 55.225296 329.459625
v -32.491486 55.225296 323.699646
v -34.164482 55.225296 317.314880
v -34.195465 60.081635 317.314880
v -32.522469 60.081642 310.966278
v -32.184250 63.179779 317.314880
v -23.382940 66.125595 317.314880
v -30.609362 63.179787 311.338043
v -15.015369 55.666786 284.926361
v -16.830364 55.666786 283.113953
v -16.830364 57.481777 284.926361
v -22.791710 57.481777 284.926361
v -15.015369 51.778610 284.926361
v -22.791710 55.666786 283.113953
v -24.606707 55.666786 284.926361
v -16.830364 51.778610 283.113953
v -16.830364 49.966198 284.926361
v -22.791710 51.778610 283.113953
v -24.606707 51.778610 284.926361
v -22.791710 49.966198 284.926361
v 225.824051 -57.358665 -253.724762
v 225.333511 -62.550636 -253.724762
v 222.741394 -61.856140 -254.956299
v 222.725906 -72.281403 -253.724762
v 223.115753 -57.882771 -254.956299
v 220.133789 -71.586899 -254.956299
v 224.556396 -52.507484 -253.724762
v 218.517593 -77.623116 -254.956299
v 222.147583 -54.170158 -254.956299
v 221.109711 -78.317612 -253.724762
v 221.724182 -48.735497 -253.724762
v 215.912567 -87.340958 -254.956299
v 219.978882 -51.281136 -254.956299
v 218.507263 -88.035461 -253.724762
v 217.632050 -46.579704 -253.724762
v 214.249908 -90.968369 -254.956299
v 216.816193 -49.623634 -254.956299
v 216.333405 -92.775620 -253.724762
v 213.008057 -46.398979 -253.724762
v 211.554535 -93.699905 -254.956299
v 213.245605 -49.476467 -254.956299
v 212.811844 -96.343651 -253.724762
v 208.668076 -48.250118 -253.724762
v 208.234344 -95.117302 -254.956299
v 209.925415 -50.896450 -254.956299
v 208.471863 -98.197372 -253.724762
v 205.146515 -51.818153 -253.724762
v 204.663727 -94.972733 -254.956299
v 207.227448 -53.625404 -254.956299
v 203.847900 -98.016647 -253.724762
v 202.972656 -56.560890 -253.724762
v 201.501038 -93.315216 -254.956299
v 205.567352 -57.255394 -254.956299
v 199.753174 -95.860855 -253.724762
v 200.365051 -66.291656 -253.724762
v 199.332336 -90.426193 -254.956299
v 202.959747 -66.986153 -254.956299
v 196.923523 -92.086288 -253.724762
v 198.748871 -72.327866 -253.724762
v 198.364166 -86.713593 -254.956299
v 201.340973 -73.022369 -254.956299
v 195.655869 -87.235107 -253.724762
v 198.738525 -82.740219 -254.956299
v 196.143829 -82.043137 -253.724762
v 211.164673 -89.501907 -300.078186
v 212.132843 -87.384842 -300.078186
v 215.912567 -87.340958 -297.700348
v 215.001221 -76.680756 -300.078186
v 214.249908 -90.968369 -297.700348
v 218.517593 -77.623108 -297.700348
v 209.592377 -91.092285 -300.078186
v 220.133789 -71.586884 -297.700348
v 211.554535 -93.699890 -297.700348
v 216.617401 -70.644531 -300.078186
v 207.656036 -91.921051 -300.078186
v 222.741394 -61.856140 -297.700348
v 208.234344 -95.117302 -297.700348
v 219.490936 -59.927544 -300.078186
v 205.510559 -91.817780 -300.078186
v 223.115753 -57.882771 -297.700348
v 204.663727 -94.972717 -297.700348
v 219.707794 -57.611683 -300.078186
v 203.600037 -90.834106 -300.078186
v 222.147583 -54.170158 -297.700348
v 201.501038 -93.315216 -297.700348
v 219.142395 -55.445564 -300.078186
v 202.337555 -89.148209 -300.078186
v 219.978882 -51.281136 -297.700348
v 199.332336 -90.426193 -297.700348
v 217.879913 -53.762234 -300.078186
v 201.772125 -86.984665 -300.078186
v 216.816193 -49.623634 -297.700348
v 198.364166 -86.713577 -297.700348
v 215.969391 -52.778572 -300.078186
v 201.989014 -84.666229 -300.078186
v 213.245605 -49.476467 -297.700348
v 198.738525 -82.740204 -297.700348
v 213.823914 -52.675301 -300.078186
v 204.857361 -73.964722 -300.078186
v 209.925415 -50.896450 -297.700348
v 201.340973 -73.022369 -297.700348
v 211.887573 -53.501472 -300.078186
v 206.476135 -67.928497 -300.078186
v 207.227448 -53.625404 -297.700348
v 202.959747 -66.986145 -297.700348
v 210.315277 -55.094440 -300.078186
v 205.567352 -57.255394 -297.700348
v 209.347107 -57.211506 -300.078186
v -222.743378 -61.856140 -254.956299
v -225.335480 -62.550636 -253.724762
v -225.826019 -57.358665 -253.724762
v -222.727875 -72.281403 -253.724762
v -223.117737 -57.882771 -254.956299
v -220.135773 -71.586899 -254.956299
v -224.558365 -52.507484 -253.724762
v -218.516983 -77.623116 -254.956299
v -222.146973 -54.170158 -254.956299
v -221.111679 -78.317612 -253.724762
v -221.726166 -48.735497 -253.724762
v -215.914551 -87.340958 -254.956299
v -219.980865 -51.281136 -254.956299
v -218.506653 -88.035461 -253.724762
v -217.631439 -46.579704 -253.724762
v -214.251892 -90.968369 -254.956299
v -216.815582 -49.623634 -254.956299
v -216.335373 -92.775620 -253.724762
v -213.007446 -46.398979 -253.724762
v -211.553925 -93.699905 -254.956299
v -213.247559 -49.476467 -254.956299
v -212.811234 -96.343651 -253.724762
v -208.670044 -48.250118 -253.724762
v -208.233734 -95.117302 -254.956299
v -209.927399 -50.896450 -254.956299
v -208.471252 -98.197372 -253.724762
v -205.145905 -51.818153 -253.724762
v -204.665695 -94.972733 -254.956299
v -207.229431 -53.625404 -254.956299
v -203.849854 -98.016647 -253.724762
v -202.974625 -56.560890 -253.724762
v -201.500427 -93.315216 -254.956299
v -205.566742 -57.255394 -254.956299
v -199.755157 -95.860855 -253.724762
v -200.367020 -66.291656 -253.724762
v -199.334305 -90.426193 -254.956299
v -202.959137 -66.986153 -254.956299
v -196.922913 -92.086288 -253.724762
v -198.748260 -72.327866 -253.724762
v -198.363556 -86.713593 -254.956299
v -201.342957 -73.022369 -254.956299
v -195.655258 -87.235107 -253.724762
v -198.737915 -82.740219 -254.956299
v -196.145798 -82.043137 -253.724762
v -215.914551 -87.340958 -297.700348
v -212.132233 -87.384842 -300.078186
v -211.164062 -89.501907 -300.078186
v -215.000610 -76.680756 -300.078186
v -214.251892 -90.968369 -297.700348
v -218.516983 -77.623108 -297.700348
v -209.591766 -91.092285 -300.078186
v -220.135773 -71.586884 -297.700348
v -211.553925 -93.699890 -297.700348
v -216.619370 -70.644531 -300.078186
v -207.655426 -91.921051 -300.078186
v -222.743378 -61.856140 -297.700348
v -208.233734 -95.117302 -297.700348
v -219.490326 -59.927544 -300.078186
v -205.509949 -91.817780 -300.078186
v -223.117737 -57.882771 -297.700348
v -204.665695 -94.972717 -297.700348
v -219.709778 -57.611683 -300.078186
v -203.602020 -90.834106 -300.078186
v -222.146973 -54.170158 -297.700348
v -201.500427 -93.315216 -297.700348
v -219.144379 -55.445564 -300.078186
v -202.336945 -89.148209 -300.078186
v -219.980865 -51.281136 -297.700348
v -199.334305 -90.426193 -297.700348
v -217.879303 -53.762234 -300.078186
v -201.771515 -86.984665 -300.078186
v -216.815582 -49.623634 -297.700348
v -198.363556 -86.713577 -297.700348
v -215.971344 -52.778572 -300.078186
v -201.990967 -84.666229 -300.078186
v -213.247559 -49.476467 -297.700348
v -198.737915 -82.740204 -297.700348
v -213.825897 -52.675301 -300.078186
v -204.859329 -73.964722 -300.078186
v -209.927399 -50.896450 -297.700348
v -201.342957 -73.022369 -297.700348
v -211.889557 -53.501472 -300.078186
v -206.475525 -67.928497 -300.078186
v -207.229431 -53.625404 -297.700348
v -202.959137 -66.986145 -297.700348
v -210.317230 -55.094440 -300.078186
v -205.566742 -57.255394 -297.700348
v -209.346497 -57.211506 -300.078186
v 0.000305 -1.158351 344.575989
v 0.000305 -2.642879 342.146515
v 2.530457 -3.086946 341.759247
v -2.532428 -3.086946 341.759247
v 3.070050 -1.697945 344.106079
v -3.069440 -1.697945 344.106079
v 4.278326 -3.962173 341.204163
v -4.277716 -3.962173 341.204163
v 5.187115 -2.761642 343.432251
v -5.189087 -2.761642 343.432251
v 5.760272 -5.397645 340.272156
v -5.762243 -5.397645 340.272156
v 6.989202 -4.501765 342.301422
v -6.988592 -4.501765 342.301422
v 6.904004 -7.535366 339.079346
v -6.905975 -7.535366 339.079346
v 8.375622 -7.093881 340.855621
v -8.375011 -7.093881 340.855621
v 7.203491 -9.784101 337.992432
v -7.202881 -9.784101 337.992432
v 8.737072 -9.820248 339.536316
v -8.736462 -9.820248 339.536316
v 7.115710 -10.889108 336.993286
v -7.115100 -10.889108 336.993286
v 8.631220 -11.162777 338.325470
v -8.630610 -11.162777 338.325470
v 6.258557 -13.424422 334.476013
v -6.257946 -13.424422 334.476013
v 7.590759 -14.237685 335.273804
v -7.592731 -14.237685 335.273804
v 6.403137 -15.544066 334.068115
v -6.405108 -15.544066 334.068115
v 4.314471 -15.564723 332.503540
v -4.316442 -15.564723 332.503540
v 5.210351 -16.858200 332.857239
v -5.209741 -16.858200 332.857239
v 2.181915 -16.631001 331.669617
v -2.183887 -16.631001 331.669617
v 2.646637 -18.125854 331.868408
v -2.648608 -18.125854 331.868408
v 0.000305 -17.152523 331.401123
v 0.000305 -18.758392 331.543121
v 6.258557 -13.424422 327.600739
v 6.258557 -13.424422 334.476013
v 7.115710 -10.889108 336.993286
v 4.314471 -15.564723 332.503540
v 7.115710 -10.889108 330.117981
v 4.314471 -15.564723 325.628235
v 7.203491 -9.784101 337.992432
v 2.181915 -16.631001 324.794312
v 6.968548 -9.877046 331.117126
v 2.181915 -16.631001 331.669617
v 6.904004 -7.535366 339.079346
v 0.000305 -17.152523 324.525818
v 6.904004 -7.535366 332.204041
v 0.000305 -17.152523 331.401123
v 5.760272 -5.397645 340.272156
v -2.183887 -16.631001 331.669617
v 5.760272 -5.397645 333.396851
v -2.183887 -16.631001 324.794312
v 4.278326 -3.962173 341.204163
v -4.316442 -15.564723 332.503540
v 4.278326 -3.962173 334.328857
v -4.316442 -15.564723 325.628235
v 2.530457 -3.086946 341.759247
v -6.257946 -13.424422 327.600739
v 2.530457 -3.086946 334.883942
v -6.257946 -13.424422 334.476013
v 0.000305 -2.642879 342.146515
v -7.115100 -10.889108 336.993286
v 0.000305 -2.642879 335.271210
v -7.115100 -10.889108 330.117981
v -2.532428 -3.086946 334.883942
v -7.202881 -9.784101 337.992432
v -2.532428 -3.086946 341.759247
v -6.967938 -9.877046 331.117126
v -4.277716 -3.962173 334.328857
v -6.905975 -7.535366 339.079346
v -4.277716 -3.962173 341.204163
v -6.905975 -7.535366 332.204041
v -5.762243 -5.397645 333.396851
v -5.762243 -5.397645 340.272156
v 3.400519 31.973728 219.759491
v 0.000305 32.404884 219.759491
v 0.000305 33.321419 223.376587
v -3.402490 31.973728 219.759491
v 3.891058 32.841206 223.376587
v -3.893030 32.841206 223.376587
v 6.426373 30.695744 219.759491
v -6.428345 30.695744 219.759491
v 7.350653 31.423805 223.376587
v -7.352625 31.423805 223.376587
v 8.760309 28.650967 219.759491
v -8.762280 28.650967 219.759491
v 10.017639 29.151833 223.376587
v -10.019610 29.151833 223.376587
v 10.182873 25.981400 219.759491
v -10.184845 25.981400 219.759491
v 11.641582 26.180199 223.376587
v -11.643555 26.180199 223.376587
v 10.590796 22.914238 219.759491
v -10.590185 22.914238 219.759491
v 12.106304 22.761909 223.376587
v -12.105694 22.761909 223.376587
v 9.976330 19.743801 219.759491
v -9.978302 19.743801 219.759491
v 11.401477 19.230026 223.376587
v -11.403448 19.230026 223.376587
v 8.424677 16.813473 219.759491
v -8.424067 16.813473 219.759491
v 9.627789 15.961484 223.376587
v -9.627178 15.961484 223.376587
v 6.958221 13.317733 223.376587
v -6.957611 13.317733 223.376587
v 6.088160 14.443393 219.759491
v -6.090130 14.443393 219.759491
v 3.645788 11.603427 223.376587
v -3.647760 11.603427 223.376587
v 3.191394 12.904647 219.759491
v -3.190784 12.904647 219.759491
v 0.000305 11.007034 223.376587
v 0.000305 12.370217 219.759491
v 53.389084 39.386032 338.666260
v 54.907169 39.520283 336.311676
v 52.490616 41.020302 337.254028
v 50.074066 39.520283 338.196381
v 54.336594 37.625252 338.297058
v 51.837425 38.423023 339.270416
v 54.907169 36.525414 336.311676
v 50.074066 36.525414 338.196381
v 52.784943 36.662247 338.901215
v 52.490616 35.027977 337.254028
v -53.388474 36.662247 338.666260
v -54.906559 36.525414 336.311676
v -52.490005 35.027977 337.254028
v -50.073456 36.525414 338.196381
v -54.335983 38.423027 338.297058
v -51.836815 37.625252 339.270416
v -54.906559 39.520283 336.311676
v -50.073456 39.520283 338.196381
v -52.784332 39.386032 338.901215
v -52.490005 41.020302 337.254028
v 0.036450 70.230637 316.140167
v 2.236133 68.591209 315.564453
v -0.596088 68.598961 314.591095
v -2.852570 68.591202 316.558411
v 1.373816 70.222900 317.673767
v -1.411932 70.225479 317.405243
v 2.811871 68.573135 318.502502
v -2.279413 68.573135 319.499084
v -0.077148 70.217728 318.938843
v 0.552808 68.565384 320.469849
v -0.141693 -26.684479 308.162445
v -2.411084 -25.037300 308.038513
v 0.214593 -24.985664 306.595306
v 2.775726 -25.037300 308.146973
v -1.195062 -26.746445 309.902588
v 1.500323 -26.718040 309.159027
v -2.473047 -25.143150 311.030823
v 2.713763 -25.143150 311.139252
v 0.446954 -26.780006 310.896576
v 0.088086 -25.197372 312.582458
v -0.247546 -10.780652 -114.093979
v 2.019263 -9.138635 -113.946815
v -0.580597 -9.136052 -112.462288
v -3.167547 -9.138635 -113.972633
v 0.774841 -10.783234 -115.849594
v -1.910217 -10.783234 -115.062149
v 2.034753 -9.143799 -116.944275
v -3.152057 -9.143799 -116.970093
v -0.885248 -10.785815 -116.820343
v -0.552197 -9.143799 -118.454620
v -1.584912 63.667763 -162.321762
v -2.576318 62.025745 -164.366531
v -2.971332 62.025745 -161.397476
v -0.596088 62.025745 -159.572159
v -0.345654 63.667763 -163.932800
v -0.059076 63.667763 -161.147049
v 0.191357 62.025745 -165.510269
v 2.171588 62.025745 -160.715881
v 1.177600 63.667763 -162.760666
v 2.564020 62.025745 -163.684937
v 30.545427 14.032905 -155.678818
v 28.286364 15.199872 -154.496368
v 30.873314 16.341022 -155.485184
v 33.473175 15.199872 -154.540253
v 29.538530 12.690376 -154.532501
v 32.215843 13.299678 -155.072098
v 28.301857 12.914991 -152.560028
v 33.491249 12.914991 -152.603912
v 31.208946 11.957149 -153.925781
v 30.904297 11.771259 -151.612518
v -30.560310 11.957149 -153.918045
v -28.303825 12.914991 -152.560028
v -30.906267 11.771259 -151.612518
v -33.490639 12.914991 -152.603912
v -29.535339 13.299678 -155.048859
v -32.222977 12.690376 -154.555740
v -28.285753 15.199872 -154.496368
v -33.475143 15.199872 -154.540253
v -31.195427 14.032905 -155.683990
v -30.872704 16.341022 -155.485184
v 186.864883 -11.555190 -108.026779
v 189.018097 -11.253119 -109.797882
v 186.438889 -9.763429 -109.467415
v 183.841614 -11.253119 -109.441597
v 187.866623 -13.308223 -108.277222
v 185.194473 -12.513030 -108.011292
v 188.994858 -14.232501 -110.105118
v 183.820953 -14.232501 -109.748840
v 186.196198 -14.263484 -108.261719
v 186.397583 -15.722194 -110.079300
v -186.846207 -14.263484 -108.305611
v -188.996826 -14.232501 -110.105118
v -186.396973 -15.722194 -110.079300
v -183.820343 -14.232501 -109.748840
v -187.871170 -12.513030 -108.194595
v -185.191284 -13.308223 -108.091324
v -189.017487 -11.253119 -109.797882
v -183.841003 -11.253119 -109.441597
v -186.216248 -11.555190 -107.982887
v -186.440857 -9.763429 -109.467415
v 216.816193 -49.623634 -297.700348
v 216.816193 -49.623634 -289.495422
v 219.978882 -51.281136 -289.495422
v 213.245605 -49.476467 -297.700348
v 219.978882 -51.281136 -297.700348
v 213.245605 -49.476467 -289.495422
v 222.147583 -54.170158 -289.495422
v 209.925415 -50.896450 -297.700348
v 222.147583 -54.170158 -297.700348
v 209.925415 -50.896450 -289.495422
v 223.115753 -57.882771 -289.495422
v 207.227448 -53.625404 -297.700348
v 223.115753 -57.882771 -297.700348
v 207.227448 -53.625404 -289.495422
v 222.741394 -61.856140 -289.495422
v 205.567352 -57.255394 -297.700348
v 222.741394 -61.856140 -297.700348
v 205.567352 -57.255394 -289.495422
v 220.133789 -71.586884 -289.495422
v 202.959747 -66.986145 -297.700348
v 220.133789 -71.586884 -297.700348
v 202.959747 -66.986145 -289.495422
v 218.517593 -77.623108 -289.495422
v 201.340973 -73.022369 -297.700348
v 218.517593 -77.623108 -297.700348
v 201.340973 -73.022369 -289.495422
v 215.912567 -87.340958 -289.495422
v 198.738525 -82.740204 -297.700348
v 215.912567 -87.340958 -297.700348
v 198.738525 -82.740204 -289.495422
v 214.249908 -90.968369 -289.495422
v 198.364166 -86.713577 -297.700348
v 214.249908 -90.968369 -297.700348
v 198.364166 -86.713577 -289.495422
v 211.554535 -93.699890 -289.495422
v 199.332336 -90.426193 -297.700348
v 211.554535 -93.699890 -297.700348
v 199.332336 -90.426193 -289.495422
v 208.234344 -95.117302 -289.495422
v 201.501038 -93.315216 -297.700348
v 208.234344 -95.117302 -297.700348
v 201.501038 -93.315216 -289.495422
v 204.663727 -94.972717 -289.495422
v 204.663727 -94.972717 -297.700348
v -216.815582 -49.623634 -297.700348
v -219.980865 -51.281136 -297.700348
v -219.980865 -51.281136 -289.495422
v -222.146973 -54.170158 -289.495422
v -216.815582 -49.623634 -289.495422
v -222.146973 -54.170158 -297.700348
v -213.247559 -49.476467 -297.700348
v -223.117737 -57.882771 -289.495422
v -213.247559 -49.476467 -289.495422
v -223.117737 -57.882771 -297.700348
v -209.927399 -50.896450 -297.700348
v -222.743378 -61.856140 -289.495422
v -209.927399 -50.896450 -289.495422
v -222.743378 -61.856140 -297.700348
v -207.229431 -53.625404 -297.700348
v -220.135773 -71.586884 -289.495422
v -207.229431 -53.625404 -289.495422
v -220.135773 -71.586884 -297.700348
v -205.566742 -57.255394 -297.700348
v -218.516983 -77.623108 -289.495422
v -205.566742 -57.255394 -289.495422
v -218.516983 -77.623108 -297.700348
v -202.959137 -66.986145 -297.700348
v -215.914551 -87.340958 -289.495422
v -202.959137 -66.986145 -289.495422
v -215.914551 -87.340958 -297.700348
v -201.342957 -73.022369 -297.700348
v -214.251892 -90.968369 -289.495422
v -201.342957 -73.022369 -289.495422
v -214.251892 -90.968369 -297.700348
v -198.737915 -82.740204 -297.700348
v -211.553925 -93.699890 -289.495422
v -198.737915 -82.740204 -289.495422
v -211.553925 -93.699890 -297.700348
v -198.363556 -86.713577 -297.700348
v -208.233734 -95.117302 -289.495422
v -198.363556 -86.713577 -289.495422
v -208.233734 -95.117302 -297.700348
v -199.334305 -90.426193 -297.700348
v -204.665695 -94.972717 -289.495422
v -199.334305 -90.426193 -289.495422
v -204.665695 -94.972717 -297.700348
v -201.500427 -93.315216 -297.700348
v -201.500427 -93.315216 -289.495422
v -8.054871 -7.088716 342.900391
v -9.185693 -6.151528 342.048401
v -9.944738 -9.812501 339.675751
v -6.144348 -4.251332 344.384918
v -8.762280 -10.491512 340.695557
v -7.078955 -3.019820 343.692993
v -9.198602 -13.618056 336.629242
v -3.363763 -2.330483 345.218842
v -8.060034 -14.075030 337.824615
v -3.911102 -0.830465 344.643097
v -7.143499 -16.651657 333.786682
v -0.012604 -1.625656 345.477020
v -6.154675 -16.878853 335.196350
v -0.012604 -0.009457 344.950348
v -4.001465 -18.709339 331.633484
v 3.338556 -2.330483 345.218842
v -3.371509 -18.699013 333.288391
v 3.888476 -0.830465 344.643097
v -0.012604 -19.476128 330.765991
v 6.121722 -4.251332 344.384918
v -0.012604 -19.341877 332.557770
v 7.053747 -3.019820 343.692993
v 3.976257 -18.709339 331.633484
v 8.032245 -7.088716 342.900391
v 3.346301 -18.699013 333.288391
v 9.160485 -6.151528 342.048401
v 7.118292 -16.651657 333.786682
v 8.739655 -10.491512 340.695557
v 6.132050 -16.878853 335.196350
v 9.919531 -9.812501 339.675751
v 9.173394 -13.618056 336.629242
v 8.034826 -14.075030 337.824615
v -6.939539 -6.869264 341.586273
v -8.054871 -7.088716 342.900391
v -8.762280 -10.491512 340.695557
v -5.300104 -4.426894 342.861664
v -7.556585 -9.835737 339.665405
v -6.144348 -4.251332 344.384918
v -8.060034 -14.075030 337.824615
v -2.909369 -2.771968 343.574249
v -6.926630 -13.037154 337.099121
v -3.363763 -2.330483 345.218842
v -6.154675 -16.878853 335.196350
v -0.012604 -2.162667 343.796265
v -5.235559 -15.536323 334.754852
v -0.012604 -1.625656 345.477020
v -3.371509 -18.699013 333.288391
v 2.886743 -2.771968 343.574249
v -2.821588 -17.111214 333.097351
v 3.338556 -2.330483 345.218842
v -0.012604 -19.341877 332.557770
v 5.274896 -4.426894 342.861664
v -0.012604 -17.648224 332.482880
v 6.121722 -4.251332 344.384918
v 3.346301 -18.699013 333.288391
v 6.916913 -6.869264 341.586273
v 2.796381 -17.111214 333.097351
v 8.032245 -7.088716 342.900391
v 6.132050 -16.878853 335.196350
v 7.531378 -9.835737 339.665405
v 5.210351 -15.536323 334.754852
v 8.739655 -10.491512 340.695557
v 8.034826 -14.075030 337.824615
v 6.904004 -13.037154 337.099121
v -8.070361 -5.932076 340.734283
v -6.939539 -6.869264 341.586273
v -7.556585 -9.835737 339.665405
v -6.232129 -3.195382 342.167175
v -8.736462 -9.156728 338.645630
v -5.300104 -4.426894 342.861664
v -6.926630 -13.037154 337.099121
v -3.459290 -1.271950 343.001099
v -8.067780 -12.582759 335.901184
v -2.909369 -2.771968 343.574249
v -5.235559 -15.536323 334.754852
v -0.012604 -0.543886 343.269592
v -6.221802 -15.309127 333.345215
v -0.012604 -2.162667 343.796265
v -2.821588 -17.111214 333.097351
v 3.434082 -1.271950 343.001099
v -3.451544 -17.121540 331.442444
v 2.886743 -2.771968 343.574249
v -0.012604 -17.648224 332.482880
v 6.206921 -3.195382 342.167175
v -0.012604 -17.785061 330.691132
v 5.274896 -4.426894 342.861664
v 2.796381 -17.111214 333.097351
v 8.045154 -5.932076 340.734283
v 3.426337 -17.121540 331.442444
v 6.916913 -6.869264 341.586273
v 5.210351 -15.536323 334.754852
v 8.713837 -9.156728 338.645630
v 6.196594 -15.309127 333.345215
v 7.531378 -9.835737 339.665405
v 6.904004 -13.037154 337.099121
v 8.042572 -12.582759 335.901184
v -9.185693 -6.151528 342.048401
v -8.070361 -5.932076 340.734283
v -8.736462 -9.156728 338.645630
v -7.078955 -3.019820 343.692993
v -9.944738 -9.812501 339.675751
v -6.232129 -3.195382 342.167175
v -8.067780 -12.582759 335.901184
v -3.911102 -0.830465 344.643097
v -9.198602 -13.618056 336.629242
v -3.459290 -1.271950 343.001099
v -6.221802 -15.309127 333.345215
v -0.012604 -0.009457 344.950348
v -7.143499 -16.651657 333.786682
v -0.012604 -0.543886 343.269592
v -3.451544 -17.121540 331.442444
v 3.888476 -0.830465 344.643097
v -4.001465 -18.709339 331.633484
v 3.434082 -1.271950 343.001099
v -0.012604 -17.785061 330.691132
v 7.053747 -3.019820 343.692993
v -0.012604 -19.476128 330.765991
v 6.206921 -3.195382 342.167175
v 3.426337 -17.121540 331.442444
v 9.160485 -6.151528 342.048401
v 3.976257 -18.709339 331.633484
v 8.045154 -5.932076 340.734283
v 6.196594 -15.309127 333.345215
v 9.919531 -9.812501 339.675751
v 7.118292 -16.651657 333.786682
v 8.713837 -9.156728 338.645630
v 8.042572 -12.582759 335.901184
v 9.173394 -13.618056 336.629242
v 217.879913 -53.762234 -300.078186
v 214.417725 -58.569527 -300.093658
v 215.969391 -52.778572 -300.078186
v 213.823914 -52.675301 -300.078186
v 219.142395 -55.445564 -300.078186
v 211.887573 -53.501472 -300.078186
v 219.707794 -57.611683 -300.078186
v 210.315277 -55.094440 -300.078186
v 219.490936 -59.927544 -300.078186
v 209.347107 -57.211506 -300.078186
v 216.617401 -70.644531 -300.078186
v 206.476135 -67.928497 -300.078186
v 211.546768 -69.286514 -300.093658
v 204.857361 -73.964722 -300.078186
v 209.930573 -75.322739 -300.093658
v 215.001221 -76.680756 -300.078186
v 207.062225 -86.026825 -300.093658
v 201.989014 -84.666229 -300.078186
v 212.132843 -87.384842 -300.078186
v 201.772125 -86.984665 -300.078186
v 211.164673 -89.501907 -300.078186
v 202.337555 -89.148209 -300.078186
v 209.592377 -91.092285 -300.078186
v 203.600037 -90.834106 -300.078186
v 207.656036 -91.921051 -300.078186
v 205.510559 -91.817780 -300.078186
v -214.419708 -58.569527 -300.093658
v -217.879303 -53.762234 -300.078186
v -215.971344 -52.778572 -300.078186
v -213.825897 -52.675301 -300.078186
v -219.144379 -55.445564 -300.078186
v -211.889557 -53.501472 -300.078186
v -219.709778 -57.611683 -300.078186
v -210.317230 -55.094440 -300.078186
v -219.490326 -59.927544 -300.078186
v -209.346497 -57.211506 -300.078186
v -216.619370 -70.644531 -300.078186
v -206.475525 -67.928497 -300.078186
v -211.546158 -69.286514 -300.093658
v -204.859329 -73.964722 -300.078186
v -209.929962 -75.322739 -300.093658
v -215.000610 -76.680756 -300.078186
v -207.061615 -86.026825 -300.093658
v -201.990967 -84.666229 -300.078186
v -212.132233 -87.384842 -300.078186
v -201.771515 -86.984665 -300.078186
v -211.164062 -89.501907 -300.078186
v -202.336945 -89.148209 -300.078186
v -209.591766 -91.092285 -300.078186
v -203.602020 -90.834106 -300.078186
v -207.655426 -91.921051 -300.078186
v -205.509949 -91.817780 -300.078186
v 0.000305 32.404884 219.759491
v 3.400519 31.973728 219.759491
v 0.000305 22.914238 218.019379
v 6.426373 30.695744 219.759491
v -3.402490 31.973728 219.759491
v 8.760309 28.650967 219.759491
v -6.428345 30.695744 219.759491
v 10.182873 25.981400 219.759491
v -8.762280 28.650967 219.759491
v 10.590796 22.914238 219.759491
v -10.184845 25.981400 219.759491
v 9.976330 19.743801 219.759491
v -10.590185 22.914238 219.759491
v 8.424677 16.813473 219.759491
v -9.978302 19.743801 219.759491
v 6.088160 14.443393 219.759491
v -8.424067 16.813473 219.759491
v 3.191394 12.904647 219.759491
v -6.090130 14.443393 219.759491
v 0.000305 12.370217 219.759491
v -3.190784 12.904647 219.759491
v 7.224146 66.125603 303.951569
v 0.000305 66.125603 303.264801
v 0.000305 68.015472 309.928406
v -3.797503 68.015472 310.289856
v -7.226117 66.125603 303.951569
v 3.798114 68.015472 310.289856
v 13.743157 66.125603 305.947266
v -7.226117 68.015472 311.338043
v -13.745129 66.125603 305.947266
v 7.224146 68.015472 311.338043
v 18.917059 66.125603 309.055756
v -9.944738 68.015472 312.974915
v -18.916449 66.125603 309.055756
v 9.945349 68.015472 312.974915
v 22.237236 66.125603 312.974915
v -11.692608 68.015472 315.032593
v -22.239208 66.125603 312.974915
v 11.690637 68.015472 315.032593
v 23.383551 66.125595 317.314880
v -12.294165 68.015472 317.314880
v -23.382940 66.125595 317.314880
v 12.292194 68.015472 317.314880
v 22.237236 66.125595 321.657471
v -11.692608 68.015472 319.599762
v -22.239208 66.125595 321.657471
v 11.690637 68.015472 319.599762
v 18.917059 66.125595 325.576599
v -9.944738 68.015472 321.657471
v -18.916449 66.125595 325.576599
v 9.945349 68.015472 321.657471
v 13.743157 66.125595 328.685089
v -7.226117 68.015472 323.291718
v -13.745129 66.125595 328.685089
v 7.224146 68.015472 323.291718
v 7.224146 66.125595 330.680786
v -3.797503 68.015472 324.342529
v -7.226117 66.125595 330.680786
v 3.798114 68.015472 324.342529
v 0.000305 66.125595 331.367554
v 0.000305 68.015472 324.703979
v 0.000305 68.668655 317.314880
vn 0.1342 0.3718 -0.9186
vn -0.1342 0.3717 -0.9186
vn 0.3684 0.9296 0.0091
vn 0.0620 0.9975 0.0336
vn 0.5397 -0.6092 -0.5810
vn -0.0855 0.9963 0.0129
vn -0.3791 0.9250 0.0247
vn -0.5400 -0.6091 -0.5809
vn -0.5495 0.5470 -0.6315
vn -0.4205 0.5818 -0.6962
vn 0.8216 -0.1576 0.5479
vn -0.8220 -0.1578 0.5472
vn 0.5427 0.5605 0.6256
vn -0.5424 0.5607 0.6257
vn -0.2966 -0.5880 -0.7525
vn -0.3675 -0.6363 -0.6783
vn 0.1221 -0.0714 0.9899
vn 0.1350 -0.0638 0.9888
vn -0.0174 -0.1514 0.9883
vn -0.0285 -0.1576 0.9871
vn 0.5288 -0.7237 0.4434
vn 0.6903 -0.4167 0.5915
vn 0.6613 -0.4942 0.5644
vn 0.5088 -0.7484 0.4254
vn 0.8185 0.5744 0.0033
vn 0.8163 0.5777 0.0003
vn 0.8202 0.5720 0.0055
vn 0.8233 0.5676 0.0096
vn 0.1786 0.9757 -0.1269
vn 0.1673 0.9780 -0.1246
vn 0.1690 0.9777 -0.1250
vn 0.1803 0.9753 -0.1273
vn 0.7047 0.4283 0.5657
vn 0.6867 0.4019 0.6057
vn 0.6900 0.4066 0.5989
vn 0.7060 0.4304 0.5624
vn 0.2125 0.3662 -0.9059
vn 0.2117 0.3637 -0.9071
vn 0.2118 0.3640 -0.9070
vn 0.2126 0.3665 -0.9058
vn 0.5872 -0.0405 -0.8084
vn 0.5665 -0.0594 -0.8219
vn 0.5678 -0.0582 -0.8211
vn 0.5879 -0.0399 -0.8079
vn 0.4201 -0.8187 0.3915
vn 0.4279 -0.8179 0.3847
vn 0.4250 -0.8182 0.3873
vn 0.4174 -0.8189 0.3939
vn 0.5514 -0.7236 0.4151
vn 0.5269 -0.7211 0.4498
vn 0.5884 -0.7249 0.3581
vn 0.6000 -0.7246 0.3390
vn 0.7887 -0.6146 0.0135
vn 0.7884 -0.6150 0.0141
vn 0.7952 -0.6063 0.0006
vn 0.7956 -0.6059 -0.0000
vn -0.8957 0.4446 0.0082
vn -0.8883 0.4593 -0.0000
vn -0.8979 0.4402 0.0107
vn -0.9047 0.4257 0.0186
vn -0.5483 -0.5429 0.6361
vn -0.6115 -0.5863 0.5313
vn -0.6092 -0.5848 0.5355
vn -0.5442 -0.5400 0.6420
vn 0.3135 -0.5999 -0.7361
vn 0.3675 -0.6363 -0.6783
vn 0.3621 -0.6328 -0.6844
vn 0.2967 -0.5880 -0.7525
vn -0.1221 -0.0714 0.9899
vn 0.0285 -0.1576 0.9871
vn 0.0174 -0.1514 0.9883
vn -0.1350 -0.0638 0.9888
vn -0.5288 -0.7237 0.4434
vn -0.5088 -0.7485 0.4254
vn -0.6613 -0.4942 0.5643
vn -0.6903 -0.4167 0.5915
vn -0.8186 0.5744 0.0033
vn -0.8233 0.5675 0.0096
vn -0.8202 0.5720 0.0055
vn -0.8163 0.5777 0.0003
vn -0.7046 0.4283 0.5658
vn -0.7060 0.4303 0.5625
vn -0.6900 0.4066 0.5989
vn -0.6867 0.4019 0.6057
vn -0.2125 0.3662 -0.9059
vn -0.2126 0.3665 -0.9058
vn -0.2118 0.3640 -0.9070
vn -0.2117 0.3637 -0.9071
vn -0.5870 -0.0407 -0.8085
vn -0.5877 -0.0401 -0.8081
vn -0.5676 -0.0584 -0.8212
vn -0.5663 -0.0596 -0.8220
vn -0.4270 -0.8180 0.3855
vn -0.4172 -0.8190 0.3940
vn -0.4177 -0.8189 0.3936
vn -0.4281 -0.8179 0.3845
vn -0.5512 -0.7237 0.4152
vn -0.5999 -0.7247 0.3390
vn -0.5883 -0.7250 0.3582
vn -0.5267 -0.7212 0.4500
vn -0.7886 -0.6148 0.0138
vn -0.7955 -0.6059 -0.0000
vn -0.7952 -0.6064 0.0007
vn -0.7882 -0.6152 0.0144
vn 0.8957 0.4446 0.0082
vn 0.9047 0.4257 0.0186
vn 0.8979 0.4402 0.0107
vn 0.8883 0.4593 -0.0000
vn 0.5445 -0.5401 0.6417
vn 0.6117 -0.5864 0.5309
vn -0.9659 0.2590 -0.0000
vn 0.9660 -0.2586 -0.0000
vn -0.8501 -0.5266 -0.0000
vn -0.6615 0.1773 -0.7287
vn -0.4723 0.8815 -0.0000
vn -0.6622 0.1774 0.7280
vn -0.6622 0.1775 0.7280
vn 0.8501 0.5266 -0.0000
vn 0.6615 -0.1771 -0.7288
vn 0.6616 -0.1771 -0.7286
vn 0.6609 -0.1772 -0.7292
vn 0.6609 -0.1772 -0.7293
vn 0.4717 -0.8818 -0.0000
vn 0.6617 -0.1772 0.7286
vn 0.6615 -0.1771 0.7287
vn 0.6621 -0.1775 0.7281
vn 0.6622 -0.1775 0.7280
vn 0.4723 -0.8815 -0.0000
vn 0.6622 -0.1774 0.7280
vn 0.6615 -0.1773 -0.7287
vn -0.4734 0.8809 -0.0000
vn -0.6622 0.1776 0.7280
vn -0.6624 0.1776 0.7278
vn -0.6617 0.1772 0.7285
vn -0.6617 0.1772 0.7286
vn -0.8495 -0.5276 -0.0000
vn -0.6609 0.1772 -0.7292
vn -0.6607 0.1772 -0.7294
vn -0.6616 0.1772 -0.7287
vn -0.6616 0.1772 -0.7286
vn -0.9203 0.2464 -0.3040
vn -0.9205 0.2461 -0.3034
vn -0.9202 0.2465 -0.3041
vn -0.9201 0.2466 -0.3043
vn -0.9202 0.2464 0.3042
vn -0.9201 0.2460 0.3048
vn -0.9202 0.2465 0.3041
vn -0.9203 0.2466 0.3039
vn 0.9201 -0.2467 -0.3044
vn 0.9196 -0.2472 -0.3054
vn 0.9202 -0.2466 -0.3040
vn 0.9204 -0.2464 -0.3037
vn 0.9202 -0.2468 0.3038
vn 0.9204 -0.2474 0.3028
vn 0.9202 -0.2466 0.3042
vn 0.9201 -0.2463 0.3045
vn 0.9200 -0.2467 0.3044
vn 0.9201 -0.2470 0.3039
vn 0.9200 -0.2466 0.3046
vn 0.9200 -0.2465 0.3047
vn 0.9200 -0.2467 -0.3046
vn 0.9198 -0.2469 -0.3051
vn 0.9200 -0.2466 -0.3045
vn 0.9201 -0.2466 -0.3043
vn -0.9201 0.2467 0.3041
vn -0.9201 0.2466 0.3043
vn -0.9202 0.2468 0.3040
vn -0.9202 0.2467 -0.3040
vn -0.9202 0.2466 -0.3039
vn -0.9201 0.2467 -0.3041
vn -0.9201 0.2468 -0.3041
vn 0.3361 0.6969 0.6335
vn 0.3361 0.6970 0.6335
vn 0.3360 0.6969 0.6335
vn 0.3360 0.6969 0.6336
vn 0.5907 0.6125 0.5253
vn 0.5907 0.6124 0.5254
vn 0.5907 0.6126 0.5251
vn 0.5908 0.6127 0.5249
vn 0.7666 0.5440 0.3411
vn 0.7665 0.5442 0.3409
vn 0.7667 0.5435 0.3416
vn 0.7668 0.5433 0.3418
vn 0.8533 0.5075 0.1196
vn 0.8540 0.5062 0.1204
vn 0.8516 0.5109 0.1175
vn 0.8508 0.5124 0.1166
vn 0.8607 0.4851 -0.1542
vn 0.8575 0.4903 -0.1558
vn 0.8949 0.4251 -0.1355
vn 0.8968 0.4215 -0.1344
vn 0.6756 -0.1810 -0.7147
vn 0.6755 -0.1810 -0.7148
vn 0.6757 -0.1809 -0.7146
vn 0.5477 -0.8296 -0.1086
vn 0.5529 -0.8262 -0.1085
vn 0.5008 -0.8586 -0.1093
vn 0.4970 -0.8609 -0.1093
vn 0.4815 -0.8684 0.1190
vn 0.4799 -0.8691 0.1194
vn 0.4851 -0.8664 0.1180
vn 0.4869 -0.8655 0.1175
vn 0.3922 -0.8542 0.3413
vn 0.2055 -0.8256 0.5256
vn 0.2056 -0.8255 0.5256
vn 0.2057 -0.8255 0.5256
vn -0.0573 -0.7715 0.6337
vn -0.0573 -0.7714 0.6337
vn -0.0574 -0.7715 0.6336
vn -0.3361 -0.6969 0.6335
vn -0.3360 -0.6969 0.6336
vn -0.5909 -0.6123 0.5253
vn -0.5909 -0.6122 0.5253
vn -0.7667 -0.5437 0.3414
vn -0.7667 -0.5438 0.3413
vn -0.7668 -0.5434 0.3417
vn -0.7668 -0.5433 0.3418
vn -0.8533 -0.5075 0.1196
vn -0.8540 -0.5062 0.1204
vn -0.8516 -0.5109 0.1175
vn -0.8508 -0.5124 0.1166
vn -0.8629 -0.4921 -0.1153
vn -0.8606 -0.4958 -0.1163
vn -0.8889 -0.4463 -0.1032
vn -0.8904 -0.4436 -0.1025
vn -0.6754 0.1810 -0.7149
vn -0.6755 0.1810 -0.7148
vn -0.6753 0.1811 -0.7150
vn -0.5634 0.8138 -0.1425
vn -0.5697 0.8095 -0.1421
vn -0.5022 0.8523 -0.1463
vn -0.4972 0.8551 -0.1466
vn -0.4815 0.8684 0.1190
vn -0.4799 0.8691 0.1194
vn -0.4851 0.8664 0.1180
vn -0.4869 0.8655 0.1175
vn -0.3922 0.8542 0.3413
vn -0.2055 0.8256 0.5256
vn -0.2056 0.8255 0.5256
vn -0.2057 0.8255 0.5256
vn 0.0573 0.7715 0.6337
vn 0.0573 0.7714 0.6337
vn 0.0574 0.7715 0.6336
vn -0.0000 -0.0000 -1.0000
vn -0.2589 -0.9659 -0.0000
vn -0.0000 -0.0000 1.0000
vn 0.2587 0.9660 -0.0000
vn -0.5657 0.1515 0.8106
vn -0.5656 0.1515 0.8106
vn -0.5657 0.1516 0.8105
vn -0.5658 0.1516 0.8105
vn -0.7756 -0.6312 -0.0000
vn -0.5658 0.1516 -0.8105
vn -0.5657 0.1516 -0.8105
vn 0.5657 -0.1516 0.8106
vn 0.5657 -0.1516 0.8105
vn 0.5657 -0.1517 0.8105
vn 0.7756 0.6312 -0.0000
vn 0.5657 -0.1517 -0.8105
vn 0.5656 -0.1515 -0.8106
vn 0.5656 -0.1516 -0.8106
vn 0.5656 -0.1516 -0.8107
vn 0.3556 -0.9346 -0.0000
vn 0.5656 -0.1515 0.8106
vn 0.5655 -0.1514 0.8107
vn -0.5657 0.1516 -0.8106
vn -0.5656 0.1516 -0.8107
vn -0.5658 0.1515 -0.8105
vn -0.3558 0.9345 -0.0000
vn -0.5658 0.1515 0.8105
vn -0.5657 0.1515 0.8105
vn 1.0000 -0.0000 -0.0000
vn -0.0000 1.0000 -0.0000
vn -0.6838 -0.0000 -0.7297
vn -1.0000 -0.0000 -0.0000
vn 0.9660 0.2586 -0.0000
vn -0.9659 -0.2590 -0.0000
vn 0.8501 -0.5266 -0.0000
vn 0.6615 0.1771 -0.7287
vn 0.6608 0.1771 -0.7293
vn 0.6609 0.1771 -0.7293
vn 0.6617 0.1771 -0.7286
vn 0.4717 0.8818 -0.0000
vn 0.6617 0.1771 0.7286
vn 0.6622 0.1775 0.7280
vn 0.6622 0.1774 0.7281
vn 0.6615 0.1770 0.7287
vn -0.8495 0.5276 -0.0000
vn -0.6609 -0.1771 -0.7292
vn -0.6615 -0.1771 -0.7288
vn -0.6614 -0.1771 -0.7288
vn -0.6608 -0.1772 -0.7294
vn -0.4723 -0.8815 -0.0000
vn -0.6621 -0.1775 0.7281
vn -0.6617 -0.1772 0.7286
vn -0.6617 -0.1772 0.7285
vn -0.6622 -0.1775 0.7280
vn -0.4717 -0.8818 -0.0000
vn -0.6616 -0.1773 0.7286
vn -0.6608 -0.1771 -0.7293
vn -0.6609 -0.1771 -0.7293
vn 0.4728 0.8812 -0.0000
vn 0.6618 0.1773 0.7284
vn 0.6621 0.1775 0.7281
vn 0.6617 0.1772 0.7285
vn 0.6615 0.1772 -0.7287
vn 0.6610 0.1772 -0.7291
vn 0.6611 0.1772 -0.7291
vn 0.6616 0.1772 -0.7286
vn 0.9201 0.2465 -0.3043
vn 0.9204 0.2463 -0.3038
vn 0.9202 0.2464 -0.3040
vn 0.9198 0.2469 -0.3051
vn 0.9202 0.2466 0.3039
vn 0.9202 0.2462 0.3044
vn 0.9202 0.2464 0.3042
vn 0.9204 0.2471 0.3031
vn -0.9202 -0.2466 -0.3040
vn -0.9201 -0.2467 -0.3042
vn -0.9202 -0.2466 -0.3041
vn -0.9204 -0.2464 -0.3037
vn -0.9202 -0.2466 0.3042
vn -0.9202 -0.2467 0.3040
vn -0.9201 -0.2464 0.3045
vn -0.9202 -0.2464 0.3042
vn -0.9203 -0.2466 0.3039
vn -0.9202 -0.2465 0.3041
vn -0.9201 -0.2460 0.3048
vn -0.9203 -0.2464 -0.3040
vn -0.9201 -0.2466 -0.3043
vn -0.9202 -0.2465 -0.3041
vn -0.9205 -0.2461 -0.3034
vn 0.9202 0.2469 0.3038
vn 0.9201 0.2464 0.3046
vn 0.9201 0.2467 0.3042
vn 0.9204 0.2477 0.3025
vn 0.9200 0.2469 -0.3044
vn 0.9204 0.2465 -0.3036
vn 0.9202 0.2467 -0.3040
vn 0.9194 0.2474 -0.3056
vn -0.3362 0.6968 0.6336
vn -0.3360 0.6967 0.6338
vn -0.3361 0.6967 0.6337
vn -0.3362 0.6969 0.6335
vn -0.5909 0.6120 0.5257
vn -0.5909 0.6122 0.5253
vn -0.5909 0.6121 0.5255
vn -0.5909 0.6119 0.5258
vn -0.7669 0.5435 0.3413
vn -0.7670 0.5432 0.3415
vn -0.7670 0.5433 0.3414
vn -0.7669 0.5435 0.3412
vn -0.8534 0.5073 0.1197
vn -0.8512 0.5115 0.1171
vn -0.8519 0.5102 0.1179
vn -0.8540 0.5062 0.1204
vn -0.8612 0.4844 -0.1540
vn -0.8968 0.4215 -0.1344
vn -0.8950 0.4251 -0.1355
vn -0.8581 0.4894 -0.1556
vn -0.6754 -0.1810 -0.7149
vn -0.6753 -0.1811 -0.7150
vn -0.6755 -0.1810 -0.7148
vn -0.5473 -0.8298 -0.1086
vn -0.4974 -0.8606 -0.1093
vn -0.5012 -0.8584 -0.1093
vn -0.5524 -0.8265 -0.1085
vn -0.4819 -0.8681 0.1189
vn -0.4870 -0.8655 0.1175
vn -0.4853 -0.8664 0.1180
vn -0.4804 -0.8689 0.1192
vn -0.3922 -0.8541 0.3415
vn -0.3926 -0.8540 0.3415
vn -0.3924 -0.8540 0.3415
vn -0.3921 -0.8542 0.3415
vn -0.2057 -0.8254 0.5257
vn -0.2058 -0.8254 0.5257
vn -0.2056 -0.8255 0.5257
vn 0.0573 -0.7715 0.6337
vn 0.0574 -0.7715 0.6336
vn 0.3360 -0.6967 0.6338
vn 0.3361 -0.6967 0.6338
vn 0.5911 -0.6118 0.5257
vn 0.5911 -0.6117 0.5257
vn 0.7670 -0.5431 0.3416
vn 0.7670 -0.5432 0.3415
vn 0.8534 -0.5073 0.1197
vn 0.8512 -0.5115 0.1171
vn 0.8519 -0.5102 0.1179
vn 0.8540 -0.5062 0.1204
vn 0.8634 -0.4913 -0.1152
vn 0.8904 -0.4435 -0.1026
vn 0.8889 -0.4462 -0.1033
vn 0.8611 -0.4950 -0.1161
vn 0.6756 0.1810 -0.7147
vn 0.6757 0.1809 -0.7146
vn 0.6755 0.1810 -0.7148
vn 0.5638 0.8135 -0.1424
vn 0.4972 0.8551 -0.1465
vn 0.5022 0.8523 -0.1463
vn 0.5702 0.8092 -0.1420
vn 0.4816 0.8683 0.1189
vn 0.4875 0.8652 0.1174
vn 0.4856 0.8662 0.1179
vn 0.4799 0.8691 0.1194
vn 0.3925 0.8540 0.3415
vn 0.3926 0.8540 0.3415
vn 0.2056 0.8255 0.5257
vn -0.0573 0.7715 0.6337
vn -0.0574 0.7715 0.6336
vn -0.0573 0.7714 0.6337
vn 0.2589 -0.9659 -0.0000
vn -0.2586 0.9660 -0.0000
vn 0.5657 0.1515 0.8106
vn 0.5658 0.1516 0.8105
vn 0.5657 0.1516 0.8105
vn 0.5656 0.1515 0.8106
vn 0.7756 -0.6312 -0.0000
vn 0.5658 0.1516 -0.8105
vn 0.5657 0.1516 -0.8105
vn -0.5659 -0.1516 0.8104
vn -0.5658 -0.1515 0.8105
vn -0.5659 -0.1516 0.8105
vn -0.7756 0.6312 -0.0000
vn -0.5658 -0.1515 -0.8105
vn -0.5657 -0.1515 -0.8106
vn -0.5659 -0.1514 -0.8104
vn -0.5659 -0.1516 -0.8104
vn -0.5658 -0.1516 -0.8105
vn -0.5658 -0.1516 -0.8104
vn -0.3558 -0.9345 -0.0000
vn -0.5659 -0.1517 0.8104
vn 0.5658 0.1515 -0.8105
vn 0.5656 0.1516 -0.8106
vn 0.5657 0.1516 -0.8106
vn 0.5660 0.1514 -0.8104
vn 0.3556 0.9346 -0.0000
vn 0.5656 0.1516 0.8106
vn 0.5656 0.1515 0.8107
vn 0.6843 -0.0000 -0.7292
vn 0.6844 -0.0000 -0.7292
vn -0.2944 0.6735 -0.6781
vn -0.2941 0.6973 -0.6537
vn -0.2942 0.6900 -0.6613
vn -0.2945 0.6631 -0.6881
vn -0.6587 0.3969 -0.6392
vn -0.6695 0.3941 -0.6296
vn -0.6482 0.3995 -0.6482
vn -0.6329 0.4030 -0.6611
vn -0.6936 -0.2649 -0.6699
vn -0.6510 -0.2899 -0.7016
vn -0.6788 -0.2739 -0.6813
vn -0.7216 -0.2472 -0.6467
vn 0.7185 0.2268 -0.6575
vn 0.7077 0.2351 -0.6663
vn 0.7158 0.2289 -0.6597
vn 0.7266 0.2205 -0.6507
vn 0.3015 0.6867 -0.6615
vn 0.2845 0.6746 -0.6812
vn 0.2883 0.6774 -0.6768
vn 0.3062 0.6899 -0.6559
vn -0.7183 0.2269 -0.6576
vn -0.7263 0.2207 -0.6510
vn -0.7157 0.2290 -0.6598
vn -0.7077 0.2351 -0.6663
vn 0.6532 0.3939 -0.6467
vn 0.6497 0.3825 -0.6570
vn 0.6562 0.4041 -0.6373
vn 0.6609 0.4209 -0.6214
vn 0.6937 -0.2649 -0.6698
vn 0.7218 -0.2470 -0.6465
vn 0.6788 -0.2739 -0.6813
vn 0.6507 -0.2901 -0.7017
vn 0.8018 -0.0000 0.5976
vn 1.0000 -0.0000 0.0076
vn -1.0000 -0.0000 0.0075
vn -0.8018 -0.0000 0.5976
vn 0.5670 0.7071 0.4226
vn 0.5669 0.7071 0.4226
vn 0.7071 0.7071 0.0053
vn 0.7068 0.7073 0.0054
vn 0.7069 0.7073 0.0053
vn 0.7072 0.7070 0.0052
vn -0.7071 0.7071 0.0052
vn -0.7072 0.7070 0.0053
vn -0.5669 0.7071 0.4226
vn -0.5668 0.7073 0.4225
vn -0.5668 0.7072 0.4225
vn 0.7574 0.2550 -0.6011
vn 0.8369 0.2457 -0.4891
vn 0.8246 0.2476 -0.5087
vn 0.7441 0.2560 -0.6170
vn 0.6797 0.5760 0.4541
vn 0.6272 0.5807 0.5190
vn 0.6357 0.5802 0.5091
vn 0.6879 0.5749 0.4431
vn -0.7641 0.2308 -0.6024
vn -0.8270 0.2842 -0.4850
vn -0.8160 0.2742 -0.5088
vn -0.7508 0.2204 -0.6226
vn -0.6855 0.5614 0.4635
vn -0.6158 0.6009 0.5096
vn -0.6307 0.5931 0.5004
vn -0.7015 0.5511 0.4518
vn -0.0000 -0.6373 -0.7706
vn 0.1312 -0.3750 0.9177
vn 0.1359 -0.3892 0.9111
vn 0.1339 -0.3831 0.9139
vn 0.1291 -0.3684 0.9207
vn 0.1306 0.4969 0.8579
vn 0.1160 0.5087 0.8531
vn 0.1582 0.4741 0.8661
vn 0.1754 0.4595 0.8707
vn -0.7402 -0.1190 -0.6617
vn -0.7554 -0.0938 -0.6485
vn -0.7541 -0.0961 -0.6497
vn -0.7377 -0.1231 -0.6638
vn 0.7556 -0.0988 -0.6475
vn 0.7380 -0.1172 -0.6645
vn 0.7391 -0.1161 -0.6635
vn 0.7572 -0.0971 -0.6460
vn -0.8449 -0.5059 -0.1735
vn -0.8590 -0.4799 -0.1785
vn -0.8561 -0.4855 -0.1774
vn -0.8405 -0.5137 -0.1720
vn 0.8568 -0.4864 -0.1710
vn 0.8421 -0.5079 -0.1814
vn 0.8448 -0.5041 -0.1795
vn 0.8603 -0.4811 -0.1684
vn -0.8629 -0.4931 0.1108
vn -0.8339 -0.5398 0.1151
vn -0.8341 -0.5395 0.1151
vn -0.8632 -0.4926 0.1108
vn 0.8341 -0.5397 0.1143
vn 0.8631 -0.4926 0.1116
vn 0.8628 -0.4930 0.1116
vn 0.8336 -0.5404 0.1144
vn -0.6792 0.1726 0.7134
vn -0.6678 0.1725 0.7241
vn -0.6725 0.1725 0.7197
vn -0.6863 0.1726 0.7066
vn 0.6734 0.1683 0.7199
vn 0.6788 0.1831 0.7111
vn 0.6763 0.1763 0.7152
vn 0.6688 0.1561 0.7269
vn -0.5410 0.6528 0.5302
vn -0.5568 0.6501 0.5170
vn -0.5558 0.6503 0.5178
vn -0.5398 0.6530 0.5312
vn 0.5551 0.6520 0.5165
vn 0.5409 0.6510 0.5326
vn 0.5420 0.6511 0.5313
vn 0.5567 0.6521 0.5147
vn -0.4962 0.8548 0.1516
vn -0.5046 0.8494 0.1547
vn -0.5002 0.8522 0.1531
vn -0.4910 0.8582 0.1496
vn 0.5002 0.8527 0.1504
vn 0.4933 0.8554 0.1578
vn 0.4969 0.8540 0.1540
vn 0.5047 0.8509 0.1457
vn -0.4988 0.8666 -0.0157
vn -0.4872 0.8731 -0.0164
vn -0.4874 0.8730 -0.0164
vn -0.4991 0.8664 -0.0157
vn 0.4874 0.8731 -0.0160
vn 0.4990 0.8664 -0.0161
vn 0.4988 0.8666 -0.0161
vn 0.4871 0.8732 -0.0160
vn -0.5660 0.6177 -0.5460
vn -0.5555 0.6163 -0.5582
vn -0.5562 0.6164 -0.5574
vn -0.5671 0.6178 -0.5447
vn 0.5555 0.6175 -0.5568
vn 0.5670 0.6165 -0.5463
vn 0.5665 0.6166 -0.5468
vn 0.5547 0.6176 -0.5576
vn -0.1308 -0.3736 0.9183
vn -0.1242 -0.3844 0.9148
vn -0.1263 -0.3810 0.9159
vn -0.1328 -0.3702 0.9194
vn -0.1551 0.4878 0.8591
vn -0.1664 0.4869 0.8574
vn -0.1241 0.4898 0.8629
vn -0.1138 0.4904 0.8640
vn 0.6035 -0.3032 -0.7375
vn 0.6093 -0.2967 -0.7354
vn 0.5920 -0.3160 -0.7414
vn 0.5883 -0.3200 -0.7427
vn 0.4647 0.5524 -0.6921
vn 0.4451 0.5331 -0.7195
vn 0.4900 0.5770 -0.6534
vn 0.5023 0.5888 -0.6332
vn -0.5906 -0.3129 -0.7438
vn -0.5885 -0.3140 -0.7451
vn -0.6037 -0.3061 -0.7361
vn -0.6053 -0.3053 -0.7351
vn 0.7076 0.7066 -0.0000
vn -0.7071 0.7071 -0.0000
vn 0.8624 0.5062 -0.0000
vn -0.8674 0.4975 -0.0000
vn 0.7071 -0.7071 -0.0000
vn -0.7076 -0.7066 -0.0000
vn -0.2861 -0.7414 0.6070
vn -0.2765 -0.7418 0.6110
vn -0.3393 -0.7378 0.5835
vn -0.3485 -0.7369 0.5792
vn 0.7851 -0.1229 0.6070
vn 0.8120 -0.0675 0.5797
vn 0.8083 -0.0757 0.5839
vn 0.7807 -0.1312 0.6109
vn 0.9659 -0.2588 -0.0000
vn -0.1108 -0.8472 -0.5196
vn -0.1108 -0.8472 -0.5195
vn -0.1109 -0.8471 -0.5197
vn 0.7889 -0.3278 -0.5197
vn 0.7893 -0.3271 -0.5197
vn 0.7890 -0.3277 -0.5197
vn 0.7885 -0.3288 -0.5198
vn 0.7093 -0.1904 -0.6787
vn 0.7092 -0.1900 -0.6789
vn 0.7093 -0.1903 -0.6787
vn 0.7095 -0.1908 -0.6784
vn -0.1900 -0.7097 -0.6784
vn -0.1902 -0.7098 -0.6783
vn -0.1897 -0.7096 -0.6786
vn 0.2863 -0.7414 0.6069
vn 0.3482 -0.7370 0.5794
vn 0.3391 -0.7378 0.5836
vn 0.2768 -0.7418 0.6109
vn -0.7852 -0.1228 0.6070
vn -0.7807 -0.1312 0.6109
vn -0.8086 -0.0751 0.5836
vn -0.8124 -0.0668 0.5793
vn -0.9659 -0.2588 -0.0000
vn 0.1108 -0.8472 -0.5195
vn -0.7892 -0.3280 -0.5192
vn -0.7892 -0.3281 -0.5192
vn -0.7097 -0.1900 -0.6784
vn -0.7096 -0.1897 -0.6786
vn -0.7098 -0.1902 -0.6783
vn 0.1901 -0.7096 -0.6785
vn 0.1900 -0.7096 -0.6785
vn 0.1901 -0.7096 -0.6784
vn 0.9993 -0.0000 -0.0369
vn 0.8378 -0.0000 -0.5459
vn 0.2801 -0.0000 -0.9600
vn -0.2801 -0.0000 -0.9600
vn -0.8378 -0.0000 -0.5460
vn -0.9993 -0.0000 -0.0373
vn -0.7065 -0.7072 -0.0261
vn -0.7069 -0.7069 -0.0264
vn -0.7067 -0.7070 -0.0262
vn -0.7063 -0.7074 -0.0259
vn -0.5927 -0.7067 -0.3862
vn -0.5926 -0.7069 -0.3862
vn -0.1979 -0.7069 -0.6791
vn -0.1981 -0.7072 -0.6787
vn -0.1980 -0.7070 -0.6789
vn -0.1978 -0.7067 -0.6793
vn 0.1979 -0.7069 -0.6790
vn 0.1982 -0.7066 -0.6793
vn 0.1979 -0.7070 -0.6790
vn 0.1977 -0.7071 -0.6789
vn 0.5929 -0.7065 -0.3863
vn 0.5924 -0.7071 -0.3861
vn 0.5925 -0.7071 -0.3861
vn 0.7066 -0.7072 -0.0262
vn 0.7068 -0.7070 -0.0261
vn 0.7067 -0.7071 -0.0261
vn 0.7065 -0.7073 -0.0263
vn 0.7063 0.7075 -0.0262
vn 0.7061 0.7076 -0.0260
vn 0.7062 0.7076 -0.0261
vn 0.7064 0.7073 -0.0263
vn 0.5921 0.7075 -0.3858
vn 0.5926 0.7069 -0.3862
vn 0.5925 0.7070 -0.3861
vn 0.1978 0.7072 -0.6788
vn 0.1980 0.7075 -0.6784
vn 0.1979 0.7073 -0.6786
vn 0.1977 0.7070 -0.6791
vn -0.1978 0.7074 -0.6785
vn -0.1981 0.7071 -0.6788
vn -0.1979 0.7073 -0.6787
vn -0.1976 0.7076 -0.6784
vn -0.5923 0.7073 -0.3860
vn -0.5924 0.7072 -0.3860
vn -0.5923 0.7073 -0.3859
vn -0.7063 0.7074 -0.0261
vn -0.7060 0.7077 -0.0263
vn -0.7061 0.7076 -0.0262
vn -0.7065 0.7072 -0.0259
vn 0.8379 -0.0000 -0.5458
vn 0.8378 0.0002 -0.5460
vn 0.8378 0.0007 -0.5460
vn 0.8374 -0.0000 -0.5466
vn 0.8378 -0.0007 -0.5460
vn 0.8378 -0.0003 -0.5460
vn 0.8378 -0.0002 -0.5460
vn -0.8379 -0.0000 -0.5458
vn -0.8378 -0.0002 -0.5459
vn -0.8378 -0.0002 -0.5460
vn -0.8378 0.0002 -0.5459
vn 0.2061 -0.0000 -0.9785
vn 0.5923 -0.7073 -0.3859
vn 0.5929 -0.7066 -0.3863
vn 0.9784 -0.0000 0.2065
vn 0.5929 0.7066 -0.3863
vn 0.5923 0.7073 -0.3860
vn 0.5923 0.7073 -0.3859
vn -0.9784 -0.0000 0.2065
vn -0.5929 -0.7066 -0.3863
vn -0.5930 -0.7065 -0.3864
vn -0.2065 -0.0000 -0.9784
vn -0.5929 0.7065 -0.3864
vn -0.5929 0.7066 -0.3863
vn 1.0000 -0.0000 -0.0016
vn 0.4786 -0.0000 -0.8780
vn -0.4789 -0.0000 -0.8779
vn -1.0000 -0.0000 -0.0016
vn 0.7093 -0.7049 -0.0012
vn -0.7093 -0.7049 -0.0012
vn -0.7094 -0.7048 -0.0012
vn -0.3396 -0.7050 -0.6226
vn 0.3394 -0.7050 -0.6227
vn 0.3393 -0.7051 -0.6227
vn 0.7093 0.7049 -0.0012
vn 0.7094 0.7048 -0.0012
vn 0.3394 0.7050 -0.6227
vn 0.3394 0.7051 -0.6227
vn 0.3393 0.7050 -0.6228
vn -0.3396 0.7050 -0.6226
vn -0.7093 0.7049 -0.0012
vn -0.0000 0.7071 -0.7071
vn 0.6238 0.7071 -0.3329
vn 0.6238 0.7071 -0.3330
vn 0.6238 0.7072 -0.3329
vn -0.0000 0.7071 0.7071
vn -0.7072 0.7070 -0.0074
vn -0.7070 0.7072 -0.0075
vn -0.7072 0.7069 -0.0074
vn -0.0000 -1.0000 -0.0000
vn -0.6238 0.7071 -0.3329
vn -0.6238 0.7072 -0.3329
vn -0.6238 0.7071 -0.3330
vn 0.7073 0.7069 -0.0074
vn 0.7072 0.7069 -0.0074
vn -0.9176 -0.3975 -0.0000
vn 0.9176 -0.3975 -0.0000
vn -0.0000 -0.9182 0.3961
vn -0.0000 -0.5126 -0.8586
vn -0.6448 -0.5740 -0.5046
vn -0.6334 -0.5802 -0.5120
vn -0.6370 -0.5783 -0.5097
vn -0.6472 -0.5727 -0.5031
vn -0.6080 -0.7639 0.2164
vn -0.6097 -0.7629 0.2152
vn -0.6094 -0.7630 0.2154
vn -0.6078 -0.7640 0.2166
vn -0.5981 -0.8015 -0.0032
vn -0.5906 -0.8070 -0.0000
vn -0.5931 -0.8051 -0.0011
vn -0.5999 -0.8001 -0.0040
vn 0.5933 -0.8050 -0.0032
vn 0.6003 -0.7998 -0.0000
vn 0.5982 -0.8014 -0.0010
vn 0.5917 -0.8061 -0.0039
vn 0.6095 -0.7629 0.2157
vn 0.6072 -0.7645 0.2163
vn 0.6079 -0.7641 0.2162
vn 0.6097 -0.7627 0.2157
vn 0.6384 -0.5754 -0.5113
vn 0.6479 -0.5774 -0.4968
vn 0.6442 -0.5767 -0.5024
vn 0.6363 -0.5749 -0.5144
vn 0.9178 -0.3971 -0.0000
vn -0.9178 -0.3971 -0.0000
vn 0.6449 -0.5740 -0.5046
vn 0.6472 -0.5727 -0.5031
vn 0.6374 -0.5781 -0.5095
vn 0.6339 -0.5799 -0.5117
vn 0.6081 -0.7638 0.2165
vn 0.6079 -0.7639 0.2166
vn 0.6094 -0.7630 0.2155
vn 0.6097 -0.7628 0.2153
vn 0.5981 -0.8015 -0.0032
vn 0.5999 -0.8001 -0.0040
vn 0.5931 -0.8051 -0.0011
vn 0.5906 -0.8070 -0.0000
vn -0.5930 -0.8052 -0.0034
vn -0.5913 -0.8064 -0.0041
vn -0.5981 -0.8014 -0.0010
vn -0.6003 -0.7998 -0.0000
vn -0.6095 -0.7629 0.2158
vn -0.6097 -0.7627 0.2158
vn -0.6080 -0.7640 0.2162
vn -0.6074 -0.7644 0.2164
vn -0.6383 -0.5753 -0.5114
vn -0.6363 -0.5749 -0.5144
vn -0.6439 -0.5766 -0.5029
vn -0.6474 -0.5773 -0.4976
vn 0.9982 -0.0000 -0.0595
vn -0.9982 -0.0000 -0.0596
vn 0.4301 -0.4525 0.7812
vn 0.4133 -0.3974 0.8193
vn 0.4264 -0.4399 0.7903
vn 0.4415 -0.4926 0.7500
vn 0.5896 0.2255 0.7756
vn 0.5899 0.2252 0.7754
vn 0.5900 0.2251 0.7754
vn -0.5897 0.2254 0.7755
vn -0.5898 0.2253 0.7755
vn -0.4234 -0.4505 0.7860
vn -0.4760 -0.4109 0.7775
vn -0.4360 -0.4413 0.7843
vn -0.3851 -0.4771 0.7900
vn 0.8011 0.5198 -0.2966
vn 0.8011 0.5196 -0.2969
vn 0.8011 0.5200 -0.2964
vn 0.8011 0.5200 -0.2963
vn 0.9584 -0.1404 0.2483
vn 0.9598 -0.1325 0.2473
vn 0.9546 -0.1609 0.2508
vn 0.9537 -0.1649 0.2513
vn 0.7359 -0.2740 0.6192
vn 0.7369 -0.2710 0.6193
vn 0.7292 -0.2942 0.6179
vn 0.7283 -0.2969 0.6177
vn 0.4936 -0.3023 0.8155
vn 0.4942 -0.3003 0.8158
vn 0.4882 -0.3205 0.8117
vn 0.4876 -0.3223 0.8114
vn 0.2815 -0.2877 0.9154
vn 0.2817 -0.2871 0.9156
vn 0.2800 -0.2945 0.9137
vn 0.2799 -0.2949 0.9136
vn -0.3156 0.2739 0.9085
vn -0.3163 0.2741 0.9082
vn -0.3153 0.2738 0.9086
vn -0.3149 0.2738 0.9088
vn -0.8011 0.5198 -0.2966
vn -0.8011 0.5200 -0.2963
vn -0.8011 0.5199 -0.2964
vn -0.8011 0.5196 -0.2969
vn -0.9585 -0.1405 0.2480
vn -0.9534 -0.1670 0.2512
vn -0.9543 -0.1626 0.2507
vn -0.9600 -0.1319 0.2469
vn -0.7355 -0.2753 0.6191
vn -0.7288 -0.2954 0.6178
vn -0.7296 -0.2930 0.6179
vn -0.7364 -0.2726 0.6192
vn -0.4938 -0.3013 0.8157
vn -0.4878 -0.3214 0.8116
vn -0.4884 -0.3195 0.8120
vn -0.4944 -0.2993 0.8161
vn -0.2816 -0.2872 0.9155
vn -0.2798 -0.2955 0.9135
vn -0.2799 -0.2949 0.9136
vn -0.2818 -0.2865 0.9157
vn 0.3152 0.2738 0.9087
vn 0.3149 0.2738 0.9088
vn 0.3150 0.2738 0.9087
vn 0.3154 0.2739 0.9086
vn 0.7180 0.5293 0.4520
vn 0.7178 0.5297 0.4518
vn 0.7196 0.5259 0.4534
vn 0.7198 0.5256 0.4535
vn 0.8358 0.5255 0.1590
vn 0.8354 0.5261 0.1589
vn 0.8406 0.5172 0.1610
vn 0.8408 0.5168 0.1611
vn 0.8446 -0.2116 -0.4918
vn 0.8444 -0.2117 -0.4921
vn 0.8448 -0.2115 -0.4914
vn 0.8449 -0.2115 -0.4913
vn 0.5147 -0.8500 0.1120
vn 0.5135 -0.8507 0.1120
vn 0.5231 -0.8448 0.1125
vn 0.5238 -0.8444 0.1126
vn 0.4482 -0.8382 0.3106
vn 0.4481 -0.8383 0.3106
vn 0.4493 -0.8375 0.3111
vn 0.4493 -0.8374 0.3111
vn 0.3143 -0.0758 0.9463
vn 0.3130 -0.0748 0.9468
vn 0.3157 -0.0768 0.9458
vn 0.3163 -0.0773 0.9455
vn -0.7174 0.5305 0.4516
vn -0.7197 0.5256 0.4537
vn -0.7195 0.5259 0.4535
vn -0.7171 0.5311 0.4513
vn -0.8359 0.5254 0.1589
vn -0.8417 0.5152 0.1613
vn -0.8415 0.5157 0.1612
vn -0.8355 0.5261 0.1587
vn -0.8454 -0.2118 -0.4904
vn -0.8457 -0.2117 -0.4898
vn -0.8456 -0.2117 -0.4900
vn -0.8452 -0.2119 -0.4907
vn -0.5156 -0.8495 0.1121
vn -0.5238 -0.8444 0.1126
vn -0.5231 -0.8448 0.1125
vn -0.5146 -0.8501 0.1120
vn -0.4481 -0.8383 0.3106
vn -0.4486 -0.8379 0.3108
vn -0.3138 -0.0757 0.9465
vn -0.3157 -0.0772 0.9457
vn -0.3151 -0.0767 0.9460
vn -0.3124 -0.0747 0.9470
vn 0.2372 0.9712 -0.0245
vn 0.2032 0.9790 -0.0183
vn 0.2064 0.9783 -0.0189
vn 0.2405 0.9703 -0.0251
vn -0.5352 0.8445 -0.0210
vn -0.5353 0.8444 -0.0210
vn -0.5324 0.8462 -0.0209
vn -0.5324 0.8463 -0.0209
vn -0.2128 0.7616 -0.6121
vn -0.2118 0.7635 -0.6101
vn -0.2171 0.7531 -0.6210
vn -0.2176 0.7522 -0.6220
vn 0.8476 0.5303 -0.0194
vn 0.8477 0.5301 -0.0193
vn 0.8454 0.5338 -0.0195
vn 0.8453 0.5339 -0.0195
vn 0.3912 0.6540 0.6475
vn 0.3916 0.6563 0.6449
vn 0.3894 0.6447 0.6578
vn 0.3892 0.6436 0.6590
vn -0.2371 0.9712 -0.0245
vn -0.2404 0.9704 -0.0251
vn -0.2063 0.9783 -0.0189
vn -0.2031 0.9790 -0.0183
vn 0.5352 0.8445 -0.0210
vn 0.5324 0.8463 -0.0209
vn 0.5324 0.8462 -0.0209
vn 0.5353 0.8444 -0.0210
vn 0.2127 0.7616 -0.6122
vn 0.2175 0.7522 -0.6220
vn 0.2170 0.7531 -0.6210
vn 0.2117 0.7634 -0.6102
vn -0.8476 0.5303 -0.0193
vn -0.8463 0.5323 -0.0195
vn -0.8477 0.5301 -0.0193
vn -0.3911 0.6535 0.6481
vn -0.3892 0.6436 0.6590
vn -0.3894 0.6446 0.6579
vn -0.3915 0.6556 0.6457
vn -0.0105 -0.9971 -0.0759
vn -0.0041 -0.9970 -0.0774
vn -0.0431 -0.9968 -0.0680
vn -0.0494 -0.9966 -0.0664
vn -0.7233 -0.6895 -0.0378
vn -0.7231 -0.6897 -0.0379
vn -0.7271 -0.6855 -0.0372
vn -0.7272 -0.6855 -0.0372
vn 0.0145 -0.7217 0.6920
vn 0.0151 -0.7194 0.6945
vn 0.0116 -0.7338 0.6793
vn 0.0113 -0.7348 0.6782
vn 0.6852 -0.7261 -0.0570
vn 0.6851 -0.7263 -0.0570
vn 0.6880 -0.7235 -0.0570
vn 0.6880 -0.7234 -0.0570
vn -0.0362 -0.6809 -0.7315
vn -0.0365 -0.6787 -0.7335
vn -0.0343 -0.6920 -0.7211
vn -0.0342 -0.6930 -0.7201
vn 0.0105 -0.9971 -0.0759
vn 0.0494 -0.9966 -0.0665
vn 0.0431 -0.9968 -0.0680
vn 0.0041 -0.9970 -0.0774
vn 0.7233 -0.6895 -0.0379
vn 0.7282 -0.6843 -0.0371
vn 0.7281 -0.6844 -0.0371
vn 0.7231 -0.6897 -0.0379
vn -0.0145 -0.7217 0.6920
vn -0.0113 -0.7348 0.6782
vn -0.0116 -0.7338 0.6793
vn -0.0151 -0.7194 0.6945
vn -0.6841 -0.7271 -0.0570
vn -0.6891 -0.7225 -0.0570
vn -0.6890 -0.7225 -0.0570
vn -0.6840 -0.7273 -0.0570
vn 0.0362 -0.6810 -0.7314
vn 0.0342 -0.6930 -0.7201
vn 0.0343 -0.6920 -0.7210
vn 0.0365 -0.6788 -0.7334
vn 0.0215 0.1242 0.9920
vn -0.9847 0.1738 -0.0123
vn -0.0012 -0.1278 -0.9918
vn 0.9847 -0.1738 0.0120
vn 0.9849 -0.1726 0.0118
vn 0.9849 -0.1725 0.0118
vn -0.2161 0.2078 0.9540
vn -0.2155 0.2092 0.9538
vn -0.9352 0.3524 -0.0340
vn -0.6892 0.1692 -0.7045
vn -0.6892 0.1693 -0.7045
vn -0.6893 0.1691 -0.7045
vn -0.6893 0.1690 -0.7045
vn -0.9277 0.3644 0.0814
vn -0.9277 0.3643 0.0814
vn -0.0435 -0.1139 -0.9925
vn 0.9032 -0.3723 -0.2134
vn -0.9701 0.2411 -0.0270
vn 0.3919 -0.2149 -0.8946
vn 0.3919 -0.2148 -0.8946
vn 0.3918 -0.2159 -0.8944
vn 0.3918 -0.2160 -0.8943
vn 0.9382 -0.2656 -0.2217
vn 0.9383 -0.2653 -0.2218
vn 0.1656 0.9856 -0.0341
vn 0.1603 0.9865 -0.0349
vn 0.2090 0.9775 -0.0280
vn 0.2252 0.9740 -0.0257
vn 0.2746 0.9616 -0.0063
vn 0.2739 0.9617 -0.0063
vn 0.2746 0.9615 -0.0063
vn 0.8954 -0.1182 0.4293
vn 0.8954 -0.1183 0.4293
vn -0.9576 0.1595 0.2399
vn -0.9577 0.1592 0.2399
vn -0.9566 0.1655 0.2398
vn -0.9566 0.1658 0.2398
vn 0.2758 -0.0479 0.9600
vn 0.2759 -0.0477 0.9600
vn -0.9455 0.2604 0.1956
vn -0.9456 0.2601 0.1956
vn -0.2227 0.0339 -0.9743
vn -0.2227 0.0341 -0.9743
vn -0.2227 0.0331 -0.9743
vn -0.2227 0.0329 -0.9743
vn 0.9648 -0.2608 -0.0340
vn 0.9648 -0.2607 -0.0340
vn 0.9647 -0.2610 -0.0340
vn 0.9647 -0.2611 -0.0339
vn -0.9536 0.1970 0.2275
vn -0.7522 0.1214 -0.6476
vn -0.9505 0.1969 0.2404
vn -0.9504 0.1972 0.2404
vn -0.8982 0.1595 -0.4097
vn -0.8982 0.1594 -0.4097
vn -0.8982 0.1598 -0.4096
vn -0.8981 0.1599 -0.4096
vn -0.5218 0.0678 -0.8504
vn -0.5218 0.0677 -0.8504
vn -0.5218 0.0683 -0.8504
vn -0.5217 0.0684 -0.8504
vn 0.9783 -0.1964 -0.0665
vn 0.9785 -0.1954 -0.0666
vn 0.9785 -0.1953 -0.0666
vn 0.7638 -0.1235 0.6336
vn -0.8729 0.1905 0.4491
vn -0.8728 0.1907 0.4493
vn -0.8731 0.1902 0.4489
vn -0.5463 0.1261 -0.8281
vn -0.5463 0.1259 -0.8281
vn -0.5462 0.1268 -0.8280
vn -0.5462 0.1269 -0.8280
vn 0.6736 -0.1848 -0.7156
vn 0.6736 -0.1850 -0.7156
vn 0.6736 -0.1843 -0.7157
vn 0.6736 -0.1842 -0.7158
vn 0.9622 -0.2444 0.1199
vn 0.9620 -0.2453 0.1199
vn 0.9620 -0.2454 0.1199
vn 0.7444 -0.1802 0.6430
vn 0.7444 -0.1802 0.6429
vn 0.7442 -0.1808 0.6430
vn 0.7442 -0.1809 0.6431
vn -0.9656 0.2471 -0.0810
vn -0.9656 0.2470 -0.0810
vn -0.9481 0.1665 0.2708
vn -0.9822 0.1819 0.0463
vn -0.9822 0.1821 0.0463
vn -0.4665 0.0573 -0.8826
vn -0.4665 0.0572 -0.8826
vn 0.9824 -0.1786 0.0546
vn 0.7613 -0.1192 0.6373
vn 0.1651 -0.0407 0.9854
vn -0.9556 0.2709 -0.1162
vn -0.9553 0.2720 -0.1162
vn 0.1870 -0.0596 -0.9805
vn 0.9609 -0.2741 0.0398
vn 0.9612 -0.2730 0.0398
vn 0.9389 -0.0621 0.3386
vn 0.7894 -0.0365 0.6128
vn -0.3961 0.0767 0.9150
vn -0.3960 0.0768 0.9150
vn -0.9680 0.0919 0.2333
vn -0.8055 0.0390 -0.5913
vn -0.8055 0.0389 -0.5913
vn -0.8056 0.0398 -0.5912
vn -0.8056 0.0399 -0.5912
vn -0.9736 0.0921 0.2088
vn -0.9736 0.0924 0.2089
vn -0.9737 0.0916 0.2085
vn -0.9738 0.0912 0.2084
vn -0.5164 0.0021 -0.8563
vn -0.5164 0.0027 -0.8564
vn 0.9692 -0.0929 -0.2280
vn 0.9692 -0.0930 -0.2280
vn 0.9693 -0.0917 -0.2281
vn 0.8190 -0.0399 0.5724
vn -0.9621 0.0924 0.2567
vn -0.8795 0.0502 -0.4733
vn -0.8796 0.0507 -0.4731
vn -0.8794 0.0500 -0.4735
vn -0.8793 0.0496 -0.4737
vn -0.2575 -0.0250 -0.9660
vn 0.6911 -0.0915 -0.7169
vn 0.6908 -0.0910 -0.7173
vn 0.6911 -0.0914 -0.7170
vn 0.6914 -0.0919 -0.7166
vn 0.9771 -0.0897 -0.1929
vn 0.9771 -0.0895 -0.1930
vn 0.9771 -0.0894 -0.1930
vn -0.5452 0.1009 0.8322
vn -0.9666 0.1191 0.2271
vn -0.2589 -0.0173 -0.9658
vn -0.2589 -0.0174 -0.9658
vn -0.2589 -0.0159 -0.9658
vn -0.2589 -0.0158 -0.9658
vn 0.4179 -0.0894 -0.9041
vn 0.4179 -0.0890 -0.9041
vn 0.4179 -0.0889 -0.9041
vn 0.9613 -0.1191 -0.2486
vn 0.9611 -0.1203 -0.2484
vn 0.9611 -0.1204 -0.2484
vn 0.9377 -0.0897 0.3356
vn 0.9374 -0.0904 0.3363
vn 0.9378 -0.0895 0.3355
vn 0.9381 -0.0888 0.3348
vn -0.1690 0.9777 -0.1250
vn -0.1672 0.9780 -0.1246
vn -0.1786 0.9757 -0.1269
vn -0.1804 0.9753 -0.1273
vn -0.0215 0.1242 0.9920
vn 0.9847 0.1738 -0.0124
vn 0.0012 -0.1278 -0.9918
vn -0.9847 -0.1738 0.0120
vn -0.9849 -0.1725 0.0118
vn -0.9849 -0.1726 0.0118
vn -0.9847 -0.1739 0.0120
vn 0.2154 0.2095 0.9538
vn 0.2160 0.2081 0.9540
vn 0.9348 0.3536 -0.0342
vn 0.6889 0.1699 -0.7046
vn 0.6889 0.1701 -0.7046
vn 0.6890 0.1699 -0.7046
vn 0.9277 0.3643 0.0814
vn 0.9272 0.3655 0.0813
vn 0.0435 -0.1139 -0.9925
vn -0.9028 -0.3734 -0.2133
vn -0.9032 -0.3723 -0.2135
vn 0.9698 0.2424 -0.0271
vn 0.9701 0.2411 -0.0270
vn -0.3918 -0.2159 -0.8944
vn -0.3918 -0.2153 -0.8945
vn -0.3918 -0.2154 -0.8945
vn -0.3917 -0.2160 -0.8944
vn -0.9383 -0.2653 -0.2218
vn -0.9382 -0.2656 -0.2217
vn -0.2090 0.9775 -0.0280
vn -0.1603 0.9865 -0.0349
vn -0.1656 0.9856 -0.0341
vn -0.2252 0.9740 -0.0257
vn -0.2739 0.9617 -0.0063
vn -0.2746 0.9616 -0.0063
vn -0.2746 0.9615 -0.0063
vn -0.8954 -0.1183 0.4292
vn -0.8954 -0.1182 0.4292
vn 0.9574 0.1603 0.2402
vn 0.9576 0.1592 0.2402
vn 0.9576 0.1593 0.2402
vn 0.9574 0.1604 0.2402
vn -0.2758 -0.0479 0.9600
vn -0.2760 -0.0476 0.9600
vn -0.2759 -0.0477 0.9600
vn -0.2758 -0.0480 0.9600
vn 0.9453 0.2612 0.1955
vn 0.9452 0.2615 0.1955
vn 0.2227 0.0332 -0.9743
vn 0.2227 0.0344 -0.9743
vn 0.2227 0.0341 -0.9743
vn 0.2227 0.0329 -0.9743
vn -0.9645 -0.2619 -0.0340
vn -0.9648 -0.2608 -0.0344
vn -0.9647 -0.2610 -0.0343
vn -0.9644 -0.2622 -0.0339
vn 0.9534 0.1981 0.2275
vn 0.9536 0.1970 0.2275
vn 0.7522 0.1215 -0.6476
vn 0.7521 0.1223 -0.6476
vn 0.7521 0.1222 -0.6476
vn 0.7522 0.1214 -0.6476
vn 0.9502 0.1983 0.2403
vn 0.9505 0.1969 0.2403
vn 0.9505 0.1970 0.2403
vn 0.8979 0.1609 -0.4097
vn 0.8980 0.1605 -0.4098
vn 0.8980 0.1606 -0.4097
vn 0.8979 0.1610 -0.4096
vn 0.5218 0.0678 -0.8504
vn 0.5217 0.0684 -0.8504
vn 0.5218 0.0683 -0.8504
vn 0.5218 0.0677 -0.8504
vn -0.9785 -0.1953 -0.0666
vn -0.7639 -0.1235 0.6334
vn 0.8729 0.1905 0.4491
vn 0.8728 0.1908 0.4493
vn 0.8731 0.1902 0.4489
vn 0.5464 0.1261 -0.8280
vn 0.5464 0.1253 -0.8281
vn 0.5464 0.1254 -0.8281
vn 0.5464 0.1263 -0.8280
vn -0.6738 -0.1842 -0.7156
vn -0.9623 -0.2442 0.1199
vn -0.9622 -0.2444 0.1199
vn -0.7444 -0.1800 0.6430
vn -0.7447 -0.1793 0.6429
vn -0.7446 -0.1793 0.6429
vn 0.9659 0.2458 -0.0810
vn 0.9659 0.2459 -0.0810
vn 0.9481 0.1665 0.2708
vn 0.9822 0.1821 0.0463
vn 0.9822 0.1818 0.0463
vn 0.9822 0.1819 0.0463
vn 0.4665 0.0572 -0.8826
vn 0.4665 0.0573 -0.8826
vn -0.9824 -0.1786 0.0546
vn -0.7613 -0.1192 0.6373
vn -0.1651 -0.0409 0.9854
vn 0.9556 0.2709 -0.1162
vn 0.9553 0.2720 -0.1162
vn -0.1871 -0.0594 -0.9805
vn -0.9609 -0.2741 0.0398
vn -0.9612 -0.2730 0.0398
vn -0.9396 -0.0625 0.3365
vn -0.9399 -0.0623 0.3358
vn -0.9390 -0.0630 0.3380
vn -0.9388 -0.0632 0.3387
vn -0.7895 -0.0367 0.6127
vn -0.7893 -0.0374 0.6129
vn -0.7893 -0.0373 0.6129
vn -0.7895 -0.0366 0.6127
vn 0.3961 0.0772 0.9150
vn 0.3962 0.0767 0.9149
vn 0.3962 0.0769 0.9149
vn 0.3960 0.0773 0.9150
vn 0.9679 0.0931 0.2333
vn 0.8055 0.0390 -0.5913
vn 0.8056 0.0399 -0.5912
vn 0.8056 0.0398 -0.5912
vn 0.8055 0.0389 -0.5913
vn 0.9736 0.0921 0.2087
vn 0.9738 0.0912 0.2084
vn 0.9737 0.0916 0.2085
vn 0.9736 0.0924 0.2089
vn 0.5164 0.0021 -0.8563
vn 0.5164 0.0028 -0.8564
vn 0.5164 0.0027 -0.8564
vn -0.9693 -0.0917 -0.2280
vn -0.9693 -0.0918 -0.2280
vn -0.8189 -0.0409 0.5725
vn 0.9622 0.0913 0.2568
vn 0.8794 0.0502 -0.4733
vn 0.8793 0.0495 -0.4737
vn 0.8794 0.0500 -0.4735
vn 0.8796 0.0507 -0.4731
vn 0.2575 -0.0250 -0.9660
vn 0.2575 -0.0247 -0.9660
vn -0.6913 -0.0918 -0.7167
vn -0.6908 -0.0910 -0.7173
vn -0.6914 -0.0919 -0.7166
vn -0.6919 -0.0928 -0.7160
vn -0.9770 -0.0907 -0.1929
vn -0.9770 -0.0909 -0.1929
vn -0.9770 -0.0906 -0.1929
vn 0.5452 0.1010 0.8322
vn 0.5451 0.1016 0.8322
vn 0.5451 0.1015 0.8322
vn 0.5452 0.1009 0.8322
vn 0.9666 0.1191 0.2271
vn 0.2589 -0.0162 -0.9658
vn 0.2589 -0.0173 -0.9657
vn 0.2589 -0.0161 -0.9658
vn -0.4179 -0.0894 -0.9041
vn -0.4179 -0.0889 -0.9041
vn -0.4179 -0.0890 -0.9041
vn -0.9613 -0.1193 -0.2485
vn -0.9612 -0.1202 -0.2484
vn -0.9613 -0.1192 -0.2485
vn -0.9380 -0.0891 0.3350
vn -0.9379 -0.0893 0.3352
vn -0.9381 -0.0888 0.3348
vn -0.3133 0.9496 -0.0044
vn -0.3137 0.9495 -0.0043
vn 0.3132 -0.9494 0.0251
vn 0.3132 -0.9493 0.0251
vn -0.2819 0.8985 -0.3365
vn -0.2684 0.9101 -0.3156
vn -0.2799 0.9003 -0.3334
vn -0.2934 0.8880 -0.3541
vn 0.9607 -0.2775 -0.0000
vn -0.9607 0.2776 -0.0000
vn 0.3133 0.9496 -0.0044
vn 0.3132 0.9497 -0.0044
vn -0.3130 -0.9494 0.0253
vn -0.3132 -0.9494 0.0253
vn -0.3128 -0.9495 0.0251
vn -0.3127 -0.9495 0.0251
vn 0.2930 0.8883 -0.3535
vn 0.2684 0.9101 -0.3157
vn -0.9607 -0.2776 -0.0000
vn 0.9607 0.2776 -0.0000
vn -0.4081 -0.5767 0.7077
vn -0.2401 -0.5423 0.8052
vn -0.1984 -0.5628 0.8024
vn -0.0653 -0.5096 0.8579
vn -0.1050 -0.4902 0.8653
vn -0.0000 -0.4932 0.8699
vn -0.0000 -0.4884 0.8726
vn 0.1050 -0.4902 0.8653
vn 0.0653 -0.5096 0.8579
vn 0.2401 -0.5423 0.8051
vn 0.1984 -0.5628 0.8024
vn 0.4081 -0.5767 0.7077
vn 0.1232 0.9913 -0.0470
vn 0.0724 0.9962 -0.0479
vn 0.0728 0.9962 -0.0478
vn 0.1678 0.9847 -0.0461
vn 0.2136 0.9759 -0.0451
vn 0.2137 0.9759 -0.0450
vn 0.0780 -0.0003 -0.9970
vn 0.1584 0.0057 -0.9874
vn 0.1551 0.0022 -0.9879
vn 0.0803 -0.0069 -0.9967
vn -0.0000 -0.0175 -0.9998
vn -0.0000 -0.0296 -0.9996
vn -0.0803 -0.0069 -0.9967
vn -0.0780 -0.0003 -0.9970
vn -0.1551 0.0022 -0.9879
vn -0.1584 0.0057 -0.9874
vn 0.5107 -0.7508 0.4188
vn 0.5498 -0.7248 0.4152
vn 0.5485 -0.7276 0.4119
vn 0.4752 -0.7839 0.3995
vn 0.4569 -0.7959 0.3972
vn 0.4663 -0.8090 0.3580
vn 0.2350 0.9714 -0.0348
vn 0.2373 0.9706 -0.0402
vn 0.2353 0.9711 -0.0389
vn 0.2463 0.9688 -0.0276
vn 0.2868 0.9577 -0.0225
vn 0.3063 0.9519 -0.0106
vn 0.3108 0.9505 -0.0048
vn 0.3144 0.9493 -0.0010
vn -0.4957 -0.0530 -0.8669
vn -0.5075 -0.0082 -0.8616
vn -0.4555 -0.3270 -0.8280
vn -0.4651 -0.3846 -0.7974
vn -0.5049 -0.4237 -0.7520
vn -0.5204 -0.4557 -0.7221
vn -0.5508 -0.4271 -0.7171
vn -0.5320 -0.4977 -0.6850
vn -0.5160 -0.5328 -0.6707
vn 0.8859 0.2257 0.4053
vn 0.8991 0.1872 0.3958
vn 0.8989 0.1883 0.3956
vn 0.8939 0.2076 0.3973
vn 0.8884 0.1827 0.4211
vn 0.8914 0.1726 0.4190
vn 0.8924 0.1423 0.4282
vn 0.8929 0.1368 0.4289
vn -0.0484 0.5595 0.8274
vn -0.0563 0.5564 0.8290
vn -0.0562 0.5565 0.8290
vn -0.0392 0.5622 0.8261
vn -0.0256 0.5644 0.8251
vn -0.0246 0.5644 0.8251
vn -0.0000 0.5647 0.8253
vn 0.0246 0.5644 0.8251
vn 0.0256 0.5644 0.8251
vn 0.0392 0.5622 0.8260
vn 0.0484 0.5595 0.8274
vn 0.0562 0.5565 0.8290
vn 0.0562 0.5564 0.8290
vn -0.3793 0.5209 -0.7647
vn -0.4001 0.5229 -0.7526
vn -0.3997 0.5235 -0.7524
vn -0.3752 0.5172 -0.7692
vn -0.3737 0.4788 -0.7944
vn -0.3730 0.4773 -0.7957
vn -0.4038 0.4654 -0.7876
vn -0.3758 0.4821 -0.7914
vn -0.4103 0.4755 -0.7781
vn -0.4099 0.4765 -0.7778
vn 0.5100 -0.7750 0.3733
vn 0.5111 -0.7741 0.3735
vn 0.5023 -0.7767 0.3802
vn 0.5032 -0.7760 0.3804
vn 0.5295 -0.7510 0.3945
vn 0.5311 -0.7497 0.3949
vn 0.4736 -0.8105 0.3446
vn 0.4736 -0.8106 0.3445
vn 0.4454 -0.8154 0.3699
vn 0.4461 -0.8150 0.3698
vn 0.4247 -0.8098 0.4048
vn 0.4249 -0.8095 0.4051
vn -0.3324 -0.9431 -0.0000
vn -0.3288 -0.9444 -0.0000
vn -0.3318 -0.9434 -0.0000
vn -0.3282 -0.9446 -0.0000
vn -0.1105 0.9937 0.0180
vn -0.1091 0.9938 0.0198
vn -0.1380 0.9904 -0.0044
vn -0.1565 0.9877 -0.0062
vn -0.1702 0.9853 -0.0145
vn -0.1705 0.9852 -0.0151
vn 0.2461 -0.9179 0.3112
vn 0.1746 -0.9398 0.2937
vn 0.1752 -0.9396 0.2941
vn 0.4039 -0.8584 0.3163
vn 0.4243 -0.8460 0.3229
vn 0.4086 -0.8513 0.3292
vn 0.2096 -0.8860 0.4136
vn 0.1812 -0.8897 0.4190
vn -0.0148 -0.8996 0.4364
vn -0.0151 -0.8997 0.4363
vn -0.0000 -0.8998 0.4364
vn 0.0151 -0.8997 0.4363
vn 0.0148 -0.8996 0.4364
vn -0.1812 -0.8897 0.4190
vn -0.2096 -0.8860 0.4136
vn -0.4088 -0.8511 0.3294
vn -0.4245 -0.8458 0.3231
vn -0.4041 -0.8582 0.3165
vn -0.2462 -0.9179 0.3113
vn -0.1753 -0.9395 0.2942
vn -0.1747 -0.9398 0.2937
vn -0.5485 -0.7276 0.4119
vn -0.5498 -0.7248 0.4152
vn -0.5107 -0.7509 0.4187
vn -0.4752 -0.7840 0.3995
vn -0.4569 -0.7959 0.3972
vn -0.4663 -0.8090 0.3580
vn 0.4558 -0.3259 -0.8283
vn 0.5075 -0.0082 -0.8616
vn 0.4957 -0.0530 -0.8669
vn 0.4652 -0.3833 -0.7979
vn 0.5047 -0.4228 -0.7527
vn 0.5204 -0.4555 -0.7223
vn 0.5508 -0.4269 -0.7172
vn 0.5321 -0.4976 -0.6850
vn 0.5160 -0.5328 -0.6707
vn -0.8990 0.1878 0.3957
vn -0.8991 0.1866 0.3959
vn -0.8859 0.2257 0.4053
vn -0.8939 0.2076 0.3973
vn -0.8884 0.1831 0.4211
vn -0.8914 0.1730 0.4189
vn -0.8925 0.1420 0.4282
vn -0.8930 0.1364 0.4290
vn 0.3996 0.5237 -0.7524
vn 0.4001 0.5231 -0.7526
vn 0.3793 0.5210 -0.7647
vn 0.3753 0.5172 -0.7692
vn 0.3736 0.4789 -0.7944
vn 0.3729 0.4775 -0.7956
vn 0.4037 0.4656 -0.7876
vn 0.3758 0.4822 -0.7914
vn 0.4103 0.4755 -0.7781
vn 0.4099 0.4765 -0.7778
vn -0.5023 -0.7766 0.3802
vn -0.5113 -0.7740 0.3736
vn -0.5101 -0.7749 0.3734
vn -0.5032 -0.7760 0.3804
vn -0.5293 -0.7512 0.3945
vn -0.5309 -0.7499 0.3948
vn -0.4454 -0.8154 0.3699
vn -0.4736 -0.8106 0.3445
vn -0.4736 -0.8105 0.3446
vn -0.4461 -0.8150 0.3698
vn -0.4248 -0.8097 0.4049
vn -0.4251 -0.8094 0.4053
vn 0.3289 -0.9444 -0.0000
vn 0.3324 -0.9431 -0.0000
vn 0.3318 -0.9434 -0.0000
vn 0.3282 -0.9446 -0.0000
vn 0.1380 0.9904 -0.0044
vn 0.1091 0.9938 0.0198
vn 0.1105 0.9937 0.0180
vn 0.1565 0.9877 -0.0062
vn 0.1702 0.9853 -0.0146
vn 0.1705 0.9852 -0.0152
vn -0.7828 0.5589 0.2734
vn -0.8611 0.4344 0.2641
vn -0.8718 0.4181 0.2553
vn -0.7954 0.5421 0.2711
vn -0.5384 0.7848 0.3069
vn -0.5466 0.7777 0.3106
vn -0.1725 0.9218 0.3471
vn -0.1798 0.9193 0.3502
vn 0.2417 0.8990 0.3652
vn 0.2421 0.8990 0.3650
vn 0.6102 0.7105 0.3505
vn 0.6176 0.7065 0.3457
vn 0.8573 0.4099 0.3115
vn 0.8639 0.4009 0.3050
vn 0.9572 0.0969 0.2729
vn 0.9590 0.0770 0.2727
vn 0.9646 -0.0595 0.2568
vn 0.9619 -0.0796 0.2616
vn -0.9659 0.2588 -0.0000
vn -0.9660 0.2587 -0.0000
vn -0.9660 0.2586 -0.0000
vn -0.9590 -0.0769 0.2728
vn -0.9619 0.0797 0.2616
vn -0.9646 0.0599 0.2569
vn -0.9571 -0.0968 0.2730
vn -0.8639 -0.4008 0.3051
vn -0.8572 -0.4100 0.3116
vn -0.6176 -0.7064 0.3457
vn -0.6103 -0.7104 0.3505
vn -0.2422 -0.8990 0.3650
vn -0.2418 -0.8990 0.3652
vn 0.1798 -0.9193 0.3502
vn 0.1725 -0.9218 0.3471
vn 0.5467 -0.7776 0.3106
vn 0.5385 -0.7848 0.3069
vn 0.7954 -0.5421 0.2711
vn 0.7830 -0.5588 0.2734
vn 0.8718 -0.4182 0.2553
vn 0.8613 -0.4342 0.2640
vn 0.9659 -0.2589 -0.0000
vn -0.9280 0.3334 0.1664
vn -0.9523 0.2553 0.1671
vn -0.9524 0.2551 0.1670
vn -0.9275 0.3347 0.1663
vn -0.8097 0.5615 0.1705
vn -0.8120 0.5582 0.1704
vn -0.5510 0.8150 0.1795
vn -0.5564 0.8113 0.1794
vn -0.1757 0.9659 0.1904
vn -0.1807 0.9649 0.1906
vn 0.2540 0.9473 0.1953
vn 0.2541 0.9472 0.1954
vn 0.6350 0.7486 0.1908
vn 0.6390 0.7452 0.1905
vn 0.8845 0.4305 0.1799
vn 0.8874 0.4246 0.1795
vn 0.9820 0.0815 0.1704
vn 0.9823 0.0774 0.1704
vn 0.9704 -0.1752 0.1665
vn 0.9706 -0.1737 0.1666
vn 0.9524 -0.2551 0.1670
vn 0.9524 -0.2554 0.1667
vn 0.9660 -0.2587 -0.0000
vn 0.9280 -0.3333 0.1664
vn 0.9523 -0.2551 0.1671
vn 0.9524 -0.2550 0.1670
vn 0.9275 -0.3347 0.1664
vn 0.8096 -0.5617 0.1707
vn 0.8119 -0.5583 0.1706
vn 0.5508 -0.8150 0.1797
vn 0.5566 -0.8112 0.1794
vn 0.1755 -0.9659 0.1904
vn 0.1809 -0.9649 0.1904
vn -0.2539 -0.9474 0.1950
vn -0.2540 -0.9474 0.1950
vn -0.6348 -0.7488 0.1905
vn -0.6391 -0.7452 0.1904
vn -0.8846 -0.4303 0.1799
vn -0.8876 -0.4241 0.1797
vn -0.9820 -0.0815 0.1705
vn -0.9823 -0.0775 0.1702
vn -0.9704 0.1752 0.1662
vn -0.9707 0.1737 0.1661
vn -0.9524 0.2553 0.1667
vn -0.9659 0.2589 -0.0000
vn -0.8922 0.4253 -0.1523
vn -0.8816 0.4447 -0.1585
vn -0.8039 0.5715 -0.1645
vn -0.8126 0.5595 -0.1634
vn -0.5601 0.8075 -0.1852
vn -0.5597 0.8069 -0.1888
vn -0.1838 0.9599 -0.2116
vn -0.1831 0.9594 -0.2143
vn 0.2528 0.9412 -0.2240
vn 0.2530 0.9412 -0.2238
vn 0.6393 0.7386 -0.2141
vn 0.6395 0.7393 -0.2110
vn 0.8883 0.4189 -0.1885
vn 0.8889 0.4193 -0.1846
vn 0.9818 0.0958 -0.1639
vn 0.9831 0.0815 -0.1642
vn 0.9864 -0.0588 -0.1536
vn 0.9843 -0.0815 -0.1569
vn -0.9863 0.0593 -0.1536
vn -0.9842 0.0815 -0.1569
vn -0.9830 -0.0815 -0.1643
vn -0.9818 -0.0957 -0.1640
vn -0.8889 -0.4192 -0.1847
vn -0.8882 -0.4190 -0.1885
vn -0.6396 -0.7392 -0.2110
vn -0.6394 -0.7385 -0.2141
vn -0.2530 -0.9412 -0.2238
vn -0.2528 -0.9412 -0.2240
vn 0.1831 -0.9594 -0.2143
vn 0.1838 -0.9599 -0.2116
vn 0.5599 -0.8068 -0.1888
vn 0.5602 -0.8074 -0.1852
vn 0.8126 -0.5595 -0.1634
vn 0.8040 -0.5714 -0.1644
vn 0.8921 -0.4254 -0.1523
vn 0.8817 -0.4445 -0.1583
vn 0.7489 0.6626 -0.0000
vn 0.5365 0.8439 -0.0000
vn 0.9795 0.2016 -0.0000
vn 0.9795 0.2015 -0.0000
vn 0.7478 -0.6640 -0.0000
vn 0.7477 -0.6640 -0.0000
vn 0.3177 -0.9482 -0.0000
vn 0.0423 -0.9991 -0.0000
vn 0.7497 0.6618 -0.0000
vn 0.5383 0.8428 -0.0000
vn 0.9793 0.2022 -0.0000
vn 0.9658 -0.2592 -0.0000
vn 0.7471 -0.6647 -0.0000
vn 0.9659 -0.2588 -0.0001
vn 0.9659 -0.2587 -0.0000
vn -0.3560 0.9336 -0.0405
vn -0.3561 0.9336 -0.0405
vn -0.3568 0.9341 0.0142
vn -0.3565 0.9317 0.0689
vn 0.3560 -0.9336 -0.0405
vn 0.3561 -0.9336 -0.0405
vn 0.3568 -0.9341 0.0142
vn 0.3565 -0.9317 0.0689
vn 0.7751 0.6305 -0.0404
vn 0.7761 0.6305 0.0142
vn 0.7747 0.6285 0.0689
vn 0.7748 0.6285 0.0689
vn -0.7751 -0.6305 -0.0404
vn -0.7761 -0.6305 0.0142
vn -0.7747 -0.6285 0.0689
vn -0.7748 -0.6285 0.0689
vn -0.0424 0.9991 -0.0000
vn -0.3173 0.9483 -0.0000
vn -0.7475 0.6643 -0.0000
vn -0.9661 0.2583 -0.0000
vn -0.9795 -0.2012 -0.0000
vn -0.7496 -0.6619 -0.0000
vn -0.5365 -0.8439 -0.0000
vn -0.0439 0.9990 -0.0000
vn -0.3178 0.9481 -0.0000
vn -0.7473 0.6644 -0.0000
vn -0.7474 0.6644 -0.0000
vn -0.9795 -0.2015 -0.0000
vn -0.9795 -0.2016 -0.0000
vn -0.7489 -0.6626 -0.0000
vn 0.6620 0.2502 -0.7065
vn 0.5524 0.5894 -0.5894
vn 0.6635 0.2419 -0.7080
vn 0.6620 -0.2504 -0.7064
vn 0.6635 -0.2421 -0.7080
vn 0.5521 -0.5901 -0.5891
vn 0.6832 -0.7302 -0.0000
vn 0.3673 -0.9301 -0.0000
vn 0.2599 -0.9275 -0.2688
vn -0.3673 -0.9301 -0.0000
vn -0.3281 -0.8801 -0.3431
vn -0.0000 -0.7077 -0.7065
vn -0.6832 -0.7302 -0.0000
vn -0.2327 -0.6883 -0.6872
vn -0.6630 -0.7086 -0.2417
vn -0.6635 0.7080 -0.2419
vn -0.6838 0.7297 -0.0000
vn -0.4426 0.7680 -0.4629
vn -0.2329 0.6877 -0.6877
vn 0.3927 0.8252 -0.4061
vn 0.6838 0.7297 -0.0000
vn 0.8720 0.4177 0.2551
vn 0.8611 0.4344 0.2641
vn 0.7830 0.5588 0.2733
vn 0.7956 0.5419 0.2710
vn 0.5385 0.7848 0.3069
vn 0.5466 0.7777 0.3106
vn 0.1725 0.9218 0.3471
vn 0.1798 0.9193 0.3502
vn -0.2416 0.8990 0.3652
vn -0.2421 0.8990 0.3650
vn -0.6101 0.7106 0.3505
vn -0.6176 0.7065 0.3457
vn -0.8573 0.4099 0.3115
vn -0.8639 0.4009 0.3050
vn -0.9572 0.0969 0.2729
vn -0.9590 0.0770 0.2727
vn -0.9646 -0.0595 0.2568
vn -0.9619 -0.0796 0.2616
vn 0.9660 0.2587 -0.0000
vn 0.9659 0.2588 -0.0000
vn 0.9646 0.0595 0.2568
vn 0.9619 0.0797 0.2616
vn 0.9590 -0.0770 0.2727
vn 0.9572 -0.0969 0.2729
vn 0.8639 -0.4008 0.3050
vn 0.8573 -0.4100 0.3115
vn 0.6176 -0.7064 0.3456
vn 0.6102 -0.7106 0.3504
vn 0.2422 -0.8990 0.3649
vn 0.2418 -0.8990 0.3652
vn -0.1798 -0.9193 0.3502
vn -0.1725 -0.9218 0.3471
vn -0.5467 -0.7776 0.3106
vn -0.5386 -0.7847 0.3069
vn -0.7956 -0.5419 0.2709
vn -0.7830 -0.5588 0.2733
vn -0.8719 -0.4179 0.2551
vn -0.8610 -0.4346 0.2642
vn -0.9660 -0.2587 0.0001
vn -0.9660 -0.2585 -0.0000
vn -0.9659 -0.2588 0.0002
vn 0.9524 0.2551 0.1670
vn 0.9525 0.2548 0.1667
vn 0.9279 0.3335 0.1666
vn 0.9274 0.3349 0.1665
vn 0.8097 0.5615 0.1703
vn 0.8121 0.5581 0.1701
vn 0.5509 0.8150 0.1794
vn 0.5563 0.8114 0.1794
vn 0.1757 0.9659 0.1903
vn 0.1809 0.9649 0.1905
vn -0.2540 0.9473 0.1953
vn -0.2541 0.9473 0.1953
vn -0.6349 0.7487 0.1906
vn -0.6390 0.7453 0.1902
vn -0.8845 0.4307 0.1795
vn -0.8874 0.4247 0.1793
vn -0.9820 0.0816 0.1703
vn -0.9823 0.0774 0.1704
vn -0.9703 -0.1753 0.1666
vn -0.9706 -0.1739 0.1666
vn -0.9523 -0.2553 0.1672
vn -0.9523 -0.2554 0.1671
vn -0.9660 -0.2587 -0.0000
vn -0.9660 -0.2586 -0.0000
vn -0.9523 -0.2552 0.1672
vn -0.9523 -0.2551 0.1671
vn -0.9279 -0.3336 0.1667
vn -0.9274 -0.3349 0.1666
vn -0.8097 -0.5616 0.1705
vn -0.8121 -0.5581 0.1704
vn -0.5509 -0.8150 0.1798
vn -0.5564 -0.8113 0.1797
vn -0.1756 -0.9659 0.1905
vn -0.1808 -0.9649 0.1905
vn 0.2538 -0.9474 0.1950
vn 0.2539 -0.9474 0.1951
vn 0.6348 -0.7488 0.1907
vn 0.6390 -0.7453 0.1906
vn 0.8845 -0.4304 0.1800
vn 0.8875 -0.4243 0.1797
vn 0.9820 -0.0815 0.1705
vn 0.9823 -0.0774 0.1704
vn 0.9703 0.1753 0.1665
vn 0.9706 0.1739 0.1666
vn 0.9523 0.2552 0.1671
vn 0.9661 0.2581 -0.0001
vn 0.9660 0.2585 -0.0000
vn 0.8040 0.5714 -0.1644
vn 0.8816 0.4447 -0.1585
vn 0.8924 0.4249 -0.1521
vn 0.8127 0.5593 -0.1633
vn 0.5602 0.8074 -0.1852
vn 0.5597 0.8069 -0.1888
vn 0.1838 0.9599 -0.2116
vn 0.1831 0.9594 -0.2143
vn -0.2526 0.9413 -0.2240
vn -0.2530 0.9412 -0.2238
vn -0.6392 0.7386 -0.2141
vn -0.6395 0.7393 -0.2110
vn -0.8882 0.4189 -0.1885
vn -0.8889 0.4193 -0.1846
vn -0.9818 0.0958 -0.1639
vn -0.9831 0.0815 -0.1642
vn -0.9864 -0.0588 -0.1536
vn -0.9843 -0.0815 -0.1569
vn 0.9831 -0.0815 -0.1642
vn 0.9842 0.0815 -0.1569
vn 0.9864 0.0588 -0.1536
vn 0.9818 -0.0958 -0.1639
vn 0.8889 -0.4192 -0.1846
vn 0.8882 -0.4190 -0.1885
vn 0.6396 -0.7392 -0.2110
vn 0.6392 -0.7386 -0.2141
vn 0.2530 -0.9412 -0.2238
vn 0.2528 -0.9412 -0.2240
vn -0.1831 -0.9594 -0.2143
vn -0.1838 -0.9599 -0.2116
vn -0.5599 -0.8068 -0.1888
vn -0.5603 -0.8074 -0.1852
vn -0.8128 -0.5592 -0.1633
vn -0.8040 -0.5714 -0.1644
vn -0.8923 -0.4251 -0.1522
vn -0.8815 -0.4449 -0.1585
vn -0.5372 0.8435 -0.0000
vn -0.7492 0.6623 -0.0000
vn -0.9793 0.2022 -0.0000
vn -0.9661 -0.2583 -0.0000
vn -0.7475 -0.6643 -0.0000
vn -0.3173 -0.9483 -0.0000
vn -0.0423 -0.9991 -0.0000
vn -0.5376 0.8432 -0.0000
vn -0.7494 0.6621 -0.0000
vn -0.9795 0.2016 -0.0000
vn -0.9795 0.2015 -0.0000
vn -0.9658 -0.2592 -0.0000
vn -0.9658 -0.2593 -0.0000
vn -0.7475 -0.6642 -0.0000
vn -0.3177 -0.9482 -0.0000
vn 0.9659 0.2589 -0.0000
vn -0.9659 -0.2589 -0.0000
vn 0.3568 0.9341 0.0142
vn 0.3561 0.9336 -0.0405
vn 0.3560 0.9336 -0.0405
vn 0.3565 0.9317 0.0689
vn -0.3568 -0.9341 0.0143
vn -0.3561 -0.9336 -0.0405
vn -0.3560 -0.9336 -0.0405
vn -0.3567 -0.9317 0.0689
vn -0.3567 -0.9317 0.0688
vn -0.7764 0.6301 0.0142
vn -0.7754 0.6302 -0.0404
vn -0.7754 0.6301 -0.0404
vn -0.7750 0.6282 0.0689
vn -0.7751 0.6281 0.0689
vn 0.7764 -0.6301 0.0142
vn 0.7754 -0.6302 -0.0404
vn 0.7754 -0.6301 -0.0404
vn 0.7763 -0.6302 0.0142
vn 0.7748 -0.6285 0.0687
vn 0.7747 -0.6286 0.0687
vn 0.3177 0.9482 -0.0000
vn 0.0423 0.9991 -0.0000
vn 0.7478 0.6640 -0.0000
vn 0.9659 0.2590 -0.0000
vn 0.9795 -0.2012 -0.0000
vn 0.7492 -0.6624 -0.0000
vn 0.5365 -0.8439 -0.0000
vn 0.7491 -0.6624 -0.0000
vn 0.3175 0.9483 -0.0000
vn 0.0440 0.9990 -0.0000
vn 0.7471 0.6647 -0.0000
vn 0.9661 0.2583 -0.0000
vn 0.9795 -0.2016 -0.0000
vn 0.7494 -0.6621 -0.0000
vn -0.5530 0.5892 -0.5892
vn -0.6626 0.2500 -0.7060
vn -0.6640 0.2419 -0.7075
vn -0.6626 -0.2502 -0.7060
vn -0.6640 -0.2421 -0.7075
vn -0.5526 -0.5898 -0.5888
vn -0.3676 -0.9300 -0.0000
vn -0.6838 -0.7297 -0.0000
vn -0.2602 -0.9274 -0.2688
vn 0.3676 -0.9300 -0.0000
vn 0.3284 -0.8800 -0.3431
vn 0.6838 -0.7297 -0.0000
vn 0.6635 -0.7081 -0.2417
vn 0.2329 -0.6882 -0.6871
vn 0.6843 0.7292 -0.0000
vn 0.6640 0.7075 -0.2419
vn 0.4431 0.7678 -0.4629
vn 0.2331 0.6876 -0.6876
vn -0.3931 0.8250 -0.4061
vn -0.6843 0.7292 -0.0000
vn -0.3931 0.8249 -0.4062
vn -0.3210 -0.6791 -0.6602
vn -0.2795 -0.6625 -0.6950
vn -0.2859 -0.6684 -0.6866
vn -0.3193 -0.6845 -0.6553
vn -0.3413 -0.6702 -0.6590
vn 0.0021 -0.7104 -0.7038
vn -0.0063 -0.7167 -0.6973
vn -0.0043 -0.7144 -0.6997
vn 0.0021 -0.7145 -0.6996
vn -0.0000 -0.7173 -0.6968
vn 0.3089 -0.6849 -0.6600
vn 0.2956 -0.6574 -0.6932
vn 0.2956 -0.6646 -0.6863
vn 0.3156 -0.6870 -0.6545
vn 0.3416 -0.6701 -0.6589
vn 0.0036 0.0001 -1.0000
vn 0.0034 -0.0000 -1.0000
vn -0.0036 0.0001 -1.0000
vn -0.0036 0.0002 -1.0000
vn -0.0036 -0.0000 -1.0000
vn 0.0012 -0.0001 1.0000
vn 0.0011 -0.0000 1.0000
vn 0.0012 -0.0000 1.0000
vn -0.0012 -0.0000 1.0000
vn -0.0012 -0.0001 1.0000
vn 0.2801 0.7831 -0.5552
vn 0.2462 0.7868 -0.5660
vn 0.6449 0.6650 -0.3768
vn -0.2798 0.7831 -0.5553
vn -0.0000 0.7839 -0.6209
vn -0.2459 0.7868 -0.5661
vn -0.6438 0.6656 -0.3775
vn -0.0000 0.6071 0.7946
vn 0.6796 0.7328 0.0342
vn 0.6955 0.7171 0.0452
vn 0.6939 0.7186 0.0456
vn 0.6785 0.7338 0.0357
vn 0.6708 0.7416 0.0106
vn 0.6705 0.7419 0.0109
vn 0.4258 0.8217 0.3787
vn 0.6605 0.7309 0.1717
vn 0.2704 0.7843 0.5584
vn -0.0000 0.7838 0.6210
vn -0.4258 0.8217 0.3787
vn -0.2704 0.7843 0.5584
vn -0.6606 0.7309 0.1717
vn -0.6708 0.7416 0.0103
vn -0.6705 0.7419 0.0100
vn -0.6777 0.7346 0.0337
vn -0.6787 0.7336 0.0348
vn -0.6931 0.7192 0.0484
vn -0.6945 0.7179 0.0485
vn -0.9457 0.3250 0.0001
vn -0.9457 0.3250 -0.0000
vn -0.9456 0.3252 -0.0000
vn -0.9456 0.3253 -0.0000
vn 0.9456 0.3253 -0.0000
vn 0.9456 0.3254 -0.0000
vn -0.0000 -0.9854 -0.1702
vn 0.0111 -0.9935 0.1137
vn 0.0168 -0.9935 0.1125
vn 0.0010 -0.9934 0.1149
vn 0.0003 -0.9933 0.1156
vn 0.0035 -0.9933 0.1156
vn 0.0001 -0.9932 0.1163
vn -0.0001 -0.9932 0.1163
vn -0.0039 -0.9932 0.1162
vn -0.0004 -0.9933 0.1157
vn -0.0111 -0.9933 0.1150
vn -0.0005 -0.9934 0.1143
vn -0.0153 -0.9933 0.1141
vn -0.0000 -0.9935 0.1135
vn -0.0000 0.4708 -0.8822
vn -0.0000 0.4709 -0.8822
vn -0.0002 0.4709 -0.8822
vn 0.0001 0.4709 -0.8822
vn -0.0000 0.4708 -0.8823
vn -0.8666 0.4990 -0.0015
vn -0.8663 0.4996 -0.0003
vn -0.8662 0.4996 -0.0003
vn -0.8666 0.4990 -0.0018
vn -0.8684 0.4959 -0.0010
vn -0.8667 0.4989 -0.0015
vn -0.8661 0.4999 -0.0022
vn -0.8662 0.4998 -0.0000
vn 0.8662 0.4996 -0.0003
vn 0.8663 0.4996 -0.0003
vn 0.8666 0.4990 -0.0015
vn 0.8666 0.4990 -0.0018
vn 0.8684 0.4959 -0.0010
vn 0.8667 0.4989 -0.0015
vn 0.8661 0.4999 -0.0022
vn 0.8662 0.4998 -0.0000
vn -0.0414 0.9565 0.2888
vn -0.0545 0.9644 0.2588
vn -0.0265 0.9897 0.1407
vn -0.0051 0.9993 0.0379
vn 0.0002 0.9997 -0.0248
vn 0.0001 0.9997 -0.0249
vn 0.0014 0.9997 -0.0249
vn -0.0000 0.9997 -0.0251
vn -0.0015 0.9997 -0.0251
vn -0.0001 0.9997 -0.0249
vn 0.0080 0.9993 0.0363
vn -0.0000 0.9997 -0.0248
vn -0.0002 0.9997 -0.0248
vn 0.0171 0.9909 0.1332
vn 0.0414 0.9614 0.2720
vn 0.0692 0.9439 0.3229
vn -0.0003 -0.6196 -0.7849
vn -0.0018 -0.6218 -0.7832
vn -0.0011 -0.6207 -0.7840
vn -0.0000 -0.6192 -0.7853
vn 0.0008 -0.6193 -0.7852
vn 0.0006 -0.6197 -0.7848
vn 0.0006 -0.6206 -0.7841
vn -0.0000 -0.6212 -0.7836
vn -0.0379 -0.3059 0.9513
vn -0.0605 -0.2933 0.9541
vn -0.0598 -0.2957 0.9534
vn -0.0334 -0.3063 0.9513
vn -0.0004 -0.3015 0.9535
vn 0.0404 -0.3075 0.9507
vn 0.0357 -0.3056 0.9515
vn 0.0566 -0.2954 0.9537
vn 0.0557 -0.2916 0.9549
vn -0.0404 0.5270 0.8489
vn -0.0479 0.5131 0.8570
vn -0.0760 0.5216 0.8498
vn -0.0510 0.5344 0.8437
vn -0.0007 0.5400 0.8416
vn -0.0009 0.5399 0.8417
vn 0.0332 0.5367 0.8431
vn 0.0441 0.5270 0.8487
vn 0.0618 0.5225 0.8504
vn 0.0941 0.4966 0.8629
vn -0.0452 0.7019 0.7109
vn -0.0759 0.7257 0.6838
vn -0.0747 0.7217 0.6881
vn -0.0405 0.6999 0.7131
vn -0.0001 0.7023 0.7119
vn 0.0505 0.6990 0.7133
vn 0.0446 0.7019 0.7109
vn 0.0675 0.7221 0.6885
vn 0.0652 0.7273 0.6832
vn 0.0019 0.3984 -0.9172
vn 0.0023 0.3974 -0.9176
vn 0.0003 0.4023 -0.9155
vn -0.0000 0.4030 -0.9152
vn -0.0003 0.4024 -0.9155
vn -0.0019 0.3984 -0.9172
vn -0.0023 0.3974 -0.9176
vn -0.0000 -0.9189 -0.3945
vn -0.0000 0.8478 -0.5304
vn 0.6301 0.4538 -0.6301
vn 0.6218 0.4762 -0.6218
vn 0.5776 0.5768 -0.5776
vn 0.7048 -0.0723 -0.7057
vn 0.7057 0.0518 -0.7066
vn 0.5771 -0.5771 -0.5779
vn -0.6229 0.4722 -0.6237
vn -0.6313 0.4492 -0.6322
vn -0.5771 0.5771 -0.5779
vn -0.7063 0.0458 -0.7064
vn -0.7051 -0.0751 -0.7051
vn -0.5776 -0.5768 -0.5776
vn -0.8690 -0.4948 0.0014
vn -0.8704 -0.4923 0.0009
vn -0.8681 -0.4963 0.0012
vn -0.8674 -0.4977 0.0015
vn -0.8661 -0.4999 0.0016
vn -0.8665 -0.4991 0.0016
vn -0.8670 -0.4983 0.0041
vn -0.8659 -0.5002 0.0015
vn -0.8693 -0.4943 0.0015
vn -0.6164 -0.3475 -0.7066
vn -0.6142 -0.3505 -0.7070
vn -0.6142 -0.3505 -0.7071
vn -0.6120 -0.3534 -0.7075
vn -0.6119 -0.3533 -0.7076
vn -0.2771 -0.9278 0.2498
vn -0.2744 -0.7909 0.5471
vn -0.2755 -0.9376 0.2121
vn -0.2588 -0.9659 -0.0000
vn -0.8660 -0.5000 -0.0000
vn -0.8659 -0.5001 -0.0000
vn -0.8661 -0.4999 -0.0002
vn -0.8660 -0.5001 -0.0006
vn -0.8663 -0.4994 0.0002
vn 0.6104 0.3565 -0.7074
vn 0.6089 0.3598 -0.7070
vn 0.6103 0.3565 -0.7074
vn 0.6119 0.3534 -0.7076
vn 0.8661 0.4999 -0.0000
vn 0.8659 0.5001 -0.0000
vn 0.8660 0.5000 -0.0000
vn 0.8660 0.5000 0.0001
vn 0.8660 0.5001 0.0006
vn 0.8664 0.4994 -0.0002
vn -0.2677 -0.9582 -0.1006
vn -0.2970 -0.9549 -0.0000
vn -0.2964 -0.9551 -0.0000
vn -0.2674 -0.9583 -0.1007
vn -0.3278 -0.8714 -0.3651
vn -0.3280 -0.8712 -0.3652
vn -0.4179 -0.6992 -0.5801
vn -0.4178 -0.6992 -0.5802
vn -0.5424 -0.4922 -0.6808
vn -0.5420 -0.4925 -0.6809
vn -0.6119 -0.3534 -0.7076
vn -0.6133 -0.3538 -0.7062
vn -0.6374 -0.3614 -0.6806
vn -0.6407 -0.3624 -0.6768
vn 0.3458 -0.6123 -0.7110
vn 0.3538 -0.5748 -0.7379
vn 0.3538 -0.5867 -0.7284
vn 0.3460 -0.6124 -0.7109
vn 0.3393 -0.5962 -0.7276
vn 0.3397 -0.5879 -0.7341
vn 0.6117 0.3566 -0.7062
vn 0.6361 0.3672 -0.6786
vn 0.6338 0.3665 -0.6812
vn 0.6104 0.3561 -0.7075
vn 0.6976 0.2234 -0.6808
vn 0.6977 0.2233 -0.6807
vn 0.8141 0.0119 -0.5806
vn 0.8143 0.0118 -0.5803
vn 0.9185 -0.1515 -0.3654
vn 0.9186 -0.1515 -0.3650
vn 0.9637 -0.2472 -0.1007
vn 0.9638 -0.2469 -0.1007
vn 0.9754 -0.2204 0.0011
vn 0.9750 -0.2223 0.0011
vn 0.9758 -0.2185 0.0012
vn 0.9756 -0.2196 0.0011
vn 0.3614 -0.6124 -0.7031
vn 0.3524 -0.6488 -0.6744
vn 0.3528 -0.6376 -0.6848
vn 0.3612 -0.6125 -0.7032
vn 0.3677 -0.6282 -0.6856
vn 0.3671 -0.6362 -0.6786
vn 0.8681 -0.4964 0.0012
vn 0.8703 -0.4925 0.0009
vn 0.8690 -0.4949 0.0014
vn 0.8674 -0.4976 0.0015
vn 0.8662 -0.4997 0.0013
vn 0.8668 -0.4986 0.0012
vn 0.8656 -0.5007 -0.0017
vn 0.8660 -0.5000 0.0015
vn 0.8693 -0.4943 0.0015
vn 0.6137 -0.3501 -0.7076
vn 0.6158 -0.3472 -0.7072
vn 0.6158 -0.3472 -0.7073
vn 0.6138 -0.3502 -0.7076
vn 0.6123 -0.3537 -0.7071
vn 0.6123 -0.3538 -0.7070
vn 0.2744 -0.7907 0.5473
vn 0.2771 -0.9277 0.2501
vn 0.2755 -0.9376 0.2121
vn 0.2588 -0.9659 -0.0000
vn 0.8660 -0.5000 -0.0000
vn 0.8660 -0.5001 -0.0000
vn 0.8659 -0.5002 -0.0000
vn 0.8659 -0.5001 -0.0001
vn 0.8659 -0.5002 -0.0002
vn 0.8661 -0.4999 -0.0000
vn 0.8655 -0.5009 -0.0002
vn -0.6088 0.3597 -0.7071
vn -0.6089 0.3598 -0.7070
vn -0.6097 0.3564 -0.7080
vn -0.6098 0.3564 -0.7079
vn -0.6124 0.3535 -0.7072
vn -0.6125 0.3535 -0.7070
vn -0.8661 0.4999 -0.0000
vn -0.8661 0.4999 -0.0001
vn -0.8660 0.5000 -0.0000
vn -0.8662 0.4997 -0.0008
vn -0.8659 0.5001 -0.0000
vn -0.8666 0.4991 -0.0001
vn 0.2960 -0.9552 -0.0000
vn 0.2966 -0.9550 -0.0000
vn 0.2674 -0.9583 -0.1005
vn 0.2671 -0.9584 -0.1006
vn 0.3278 -0.8713 -0.3653
vn 0.3282 -0.8711 -0.3654
vn 0.4179 -0.6991 -0.5802
vn 0.4180 -0.6990 -0.5803
vn 0.5427 -0.4924 -0.6804
vn 0.5424 -0.4927 -0.6805
vn 0.6124 -0.3536 -0.7070
vn 0.6138 -0.3540 -0.7057
vn 0.6369 -0.3612 -0.6811
vn 0.6402 -0.3622 -0.6775
vn -0.3536 -0.5867 -0.7285
vn -0.3537 -0.5749 -0.7378
vn -0.3456 -0.6121 -0.7112
vn -0.3458 -0.6121 -0.7111
vn -0.3391 -0.5962 -0.7277
vn -0.3395 -0.5880 -0.7342
vn -0.6338 0.3665 -0.6811
vn -0.6361 0.3672 -0.6786
vn -0.6123 0.3566 -0.7057
vn -0.6109 0.3562 -0.7071
vn -0.6974 0.2238 -0.6808
vn -0.6977 0.2237 -0.6806
vn -0.8145 0.0122 -0.5800
vn -0.8147 0.0121 -0.5798
vn -0.9186 -0.1515 -0.3649
vn -0.9185 -0.1517 -0.3653
vn -0.9635 -0.2480 -0.1011
vn -0.9635 -0.2479 -0.1014
vn -0.9751 -0.2217 0.0011
vn -0.9756 -0.2195 0.0012
vn -0.9753 -0.2210 0.0011
vn -0.9753 -0.2208 0.0011
vn -0.3530 -0.6378 -0.6846
vn -0.3525 -0.6491 -0.6741
vn -0.3614 -0.6125 -0.7030
vn -0.3612 -0.6125 -0.7032
vn -0.3675 -0.6283 -0.6857
vn -0.3669 -0.6362 -0.6786
vn 0.0867 -0.7167 0.6920
vn 0.0864 -0.7169 0.6918
vn 0.1973 -0.6828 0.7034
vn 0.2359 -0.6680 0.7058
vn 0.2775 -0.7020 0.6559
vn 0.2854 -0.5016 0.8167
vn 0.2257 -0.5631 0.7950
vn 0.1651 -0.4117 0.8963
vn 0.1651 -0.4116 0.8963
vn 0.3987 -0.6997 0.5928
vn 0.5007 -0.7302 0.4649
vn 0.5733 -0.7405 0.3506
vn 0.1478 -0.2642 0.9531
vn 0.1433 -0.4201 0.8961
vn 0.6935 -0.6414 0.3280
vn 0.6113 -0.7908 -0.0323
vn 0.0766 -0.3052 0.9492
vn 0.0565 -0.4525 0.8900
vn -0.0000 -0.2127 0.9771
vn 0.2068 -0.1978 0.9582
vn -0.0000 0.0021 1.0000
vn 0.4024 -0.3776 0.8340
vn 0.2474 -0.1097 0.9627
vn 0.5751 -0.5343 0.6196
vn 0.4831 -0.2130 0.8493
vn 0.2622 -0.0055 0.9650
vn 0.7012 -0.3082 0.6429
vn 0.5130 -0.0189 0.8582
vn 0.2464 0.1032 0.9637
vn 0.7519 -0.0365 0.6583
vn 0.4817 0.1903 0.8554
vn 0.8591 -0.3763 0.3469
vn 0.7321 -0.6807 -0.0240
vn 0.9313 -0.0519 0.3604
vn 0.6865 -0.6313 -0.3609
vn 0.5658 -0.7290 -0.3854
vn 0.9144 -0.4046 -0.0128
vn 0.4354 -0.7331 -0.5225
vn 0.4966 -0.7213 -0.4828
vn 0.3255 -0.7780 -0.5373
vn 0.8530 -0.3747 -0.3633
vn 0.2197 -0.7981 -0.5611
vn 0.2429 -0.7923 -0.5597
vn -0.0000 -0.8294 -0.5587
vn -0.0000 -0.8306 -0.5569
vn -0.2197 -0.7981 -0.5611
vn 0.4703 -0.6791 -0.5636
vn -0.2424 -0.7925 -0.5597
vn -0.3254 -0.7781 -0.5373
vn -0.4354 -0.7331 -0.5225
vn -0.4966 -0.7213 -0.4828
vn -0.4703 -0.6791 -0.5636
vn -0.5658 -0.7290 -0.3853
vn -0.6865 -0.6313 -0.3608
vn -0.6112 -0.7908 -0.0322
vn -0.6411 -0.5449 -0.5404
vn -0.7321 -0.6808 -0.0239
vn -0.6285 -0.5411 -0.5587
vn -0.5296 -0.6367 -0.5605
vn -0.6411 -0.5449 -0.5405
vn -0.6935 -0.6414 0.3280
vn -0.5734 -0.7405 0.3506
vn -0.9144 -0.4046 -0.0127
vn -0.3987 -0.6997 0.5929
vn -0.5007 -0.7302 0.4649
vn -0.2775 -0.7020 0.6559
vn -0.8591 -0.3763 0.3469
vn -0.5750 -0.5343 0.6196
vn -0.8530 -0.3747 -0.3632
vn -0.7012 -0.3083 0.6429
vn -0.4024 -0.3775 0.8340
vn -0.4830 -0.2131 0.8493
vn -0.7519 -0.0365 0.6583
vn -0.5130 -0.0189 0.8582
vn -0.2474 -0.1097 0.9627
vn -0.9314 -0.0520 0.3604
vn -0.2622 -0.0056 0.9650
vn -0.9980 -0.0634 0.0019
vn -0.2464 0.1033 0.9637
vn -0.9361 -0.0578 -0.3470
vn -0.4816 0.1904 0.8554
vn -0.2031 0.2019 0.9581
vn -0.7060 0.2643 0.6570
vn -0.3907 0.3869 0.8353
vn -0.1421 0.2793 0.9496
vn -0.8776 0.3153 0.3612
vn -0.5571 0.5478 0.6241
vn -0.2640 0.5387 0.8001
vn -0.9440 0.3294 0.0173
vn -0.6755 0.6573 0.3341
vn -0.3536 0.7478 0.5619
vn -0.0720 0.3286 0.9417
vn -0.1289 0.6299 0.7659
vn -0.4023 0.8712 0.2813
vn -0.0000 0.3452 0.9385
vn -0.1619 0.8488 0.5033
vn -0.0000 0.6589 0.7522
vn -0.7194 0.6941 0.0275
vn -0.1724 0.9566 0.2350
vn -0.8978 0.3165 -0.3063
vn -0.4158 0.9090 0.0296
vn -0.6983 0.6623 -0.2715
vn -0.0000 0.8767 0.4810
vn -0.1735 0.9844 0.0282
vn -0.0000 0.9758 0.2185
vn 0.1619 0.8488 0.5034
vn 0.1724 0.9566 0.2350
vn 0.1289 0.6299 0.7659
vn 0.4023 0.8712 0.2814
vn 0.0720 0.3286 0.9417
vn 0.3535 0.7478 0.5619
vn 0.2640 0.5387 0.8001
vn 0.1420 0.2794 0.9496
vn 0.5571 0.5478 0.6241
vn 0.3907 0.3869 0.8352
vn 0.2032 0.2020 0.9581
vn 0.7061 0.2643 0.6570
vn 0.8775 0.3152 0.3613
vn 0.6756 0.6572 0.3342
vn 0.9980 -0.0634 0.0019
vn 0.9441 0.3293 0.0172
vn 0.7194 0.6941 0.0274
vn 0.9360 -0.0578 -0.3471
vn 0.8978 0.3165 -0.3064
vn 0.4158 0.9090 0.0296
vn 0.6983 0.6623 -0.2715
vn 0.1735 0.9844 0.0282
vn 0.4190 0.8925 -0.1672
vn -0.0000 0.9996 0.0277
vn 0.1789 0.9791 -0.0967
vn -0.1789 0.9791 -0.0968
vn -0.0000 0.9972 -0.0749
vn -0.4190 0.8924 -0.1672
vn -0.0000 0.9941 -0.1085
vn 0.1789 0.9791 -0.0968
vn -0.1810 0.9744 -0.1334
vn -0.0000 0.9972 -0.0750
vn -0.4190 0.8925 -0.1672
vn 0.1810 0.9744 -0.1334
vn -0.4134 0.8853 -0.2130
vn -0.4135 0.8853 -0.2130
vn -0.6752 0.6565 -0.3364
vn 0.4134 0.8853 -0.2130
vn -0.8449 0.2744 -0.4592
vn -0.8422 0.3011 -0.4472
vn -0.8422 0.3012 -0.4472
vn -0.8557 -0.0637 -0.5136
vn 0.4190 0.8924 -0.1672
vn 0.6752 0.6565 -0.3364
vn -0.8597 -0.0499 -0.5084
vn -0.7754 -0.3451 -0.5289
vn 0.8449 0.2744 -0.4592
vn -0.7767 -0.3353 -0.5332
vn -0.7153 -0.4669 -0.5200
vn -0.6285 -0.5411 -0.5588
vn -0.7796 -0.3188 -0.5391
vn -0.8653 -0.0271 -0.5005
vn -0.8597 -0.0500 -0.5084
vn -0.8378 0.3357 -0.4305
vn -0.8378 0.3357 -0.4306
vn -0.6558 0.6826 -0.3225
vn -0.3997 0.8911 -0.2150
vn -0.1782 0.9728 -0.1481
vn -0.1809 0.9744 -0.1334
vn -0.1783 0.9728 -0.1481
vn -0.0000 0.9919 -0.1269
vn 0.1782 0.9728 -0.1481
vn 0.1783 0.9728 -0.1481
vn 0.3997 0.8911 -0.2150
vn 0.6558 0.6825 -0.3226
vn 0.4134 0.8853 -0.2129
vn 0.6752 0.6564 -0.3364
vn 0.8378 0.3358 -0.4305
vn 0.8422 0.3011 -0.4472
vn 0.8557 -0.0637 -0.5136
vn 0.8597 -0.0499 -0.5083
vn 0.7754 -0.3451 -0.5289
vn 0.8654 -0.0271 -0.5004
vn 0.8654 -0.0270 -0.5004
vn 0.7767 -0.3353 -0.5332
vn 0.7153 -0.4669 -0.5200
vn 0.8597 -0.0500 -0.5083
vn 0.7796 -0.3189 -0.5391
vn 0.7795 -0.3189 -0.5391
vn 0.6411 -0.5449 -0.5405
vn 0.6411 -0.5449 -0.5404
vn 0.6285 -0.5411 -0.5588
vn 0.6285 -0.5411 -0.5587
vn 0.5296 -0.6367 -0.5605
vn -0.1974 -0.6828 0.7035
vn -0.0864 -0.7170 0.6917
vn -0.0867 -0.7166 0.6920
vn -0.2359 -0.6679 0.7059
vn -0.2854 -0.5015 0.8167
vn -0.2257 -0.5631 0.7950
vn -0.1650 -0.4117 0.8962
vn -0.1651 -0.4116 0.8963
vn -0.2068 -0.1978 0.9582
vn -0.1478 -0.2642 0.9531
vn -0.1434 -0.4201 0.8961
vn -0.0767 -0.3052 0.9492
vn -0.0564 -0.4526 0.8900
vn 0.4304 -0.0000 0.9026
vn 0.5030 -0.0000 0.8643
vn 0.2846 -0.0000 0.9586
vn 0.1150 -0.0000 0.9934
vn -0.1150 -0.0000 0.9934
vn -0.2846 -0.0000 0.9586
vn -0.4304 -0.0000 0.9026
vn -0.5029 -0.0000 0.8643
vn -0.3039 -0.7081 0.6374
vn -0.3557 -0.7070 0.6112
vn -0.3557 -0.7070 0.6113
vn -0.2011 -0.7078 0.6772
vn -0.2010 -0.7078 0.6772
vn -0.0811 -0.7090 0.7005
vn -0.0000 -0.7071 0.7071
vn 0.0811 -0.7090 0.7005
vn 0.0812 -0.7090 0.7005
vn 0.2010 -0.7077 0.6773
vn 0.3039 -0.7082 0.6372
vn 0.3557 -0.7069 0.6114
vn 0.3557 -0.7068 0.6114
vn -0.0000 -0.7071 -0.7071
vn 0.3037 0.7087 0.6369
vn 0.3556 0.7073 0.6110
vn 0.3036 0.7087 0.6369
vn 0.2010 0.7081 0.6769
vn 0.0810 0.7094 0.7001
vn 0.0811 0.7094 0.7001
vn -0.0000 0.7075 0.7067
vn -0.0811 0.7094 0.7001
vn -0.2009 0.7083 0.6767
vn -0.2009 0.7082 0.6768
vn -0.3037 0.7085 0.6370
vn -0.3038 0.7085 0.6370
vn -0.3555 0.7074 0.6109
vn -0.3555 0.7075 0.6108
vn -0.0000 0.7075 -0.7067
vn -0.8871 -0.0000 -0.4616
vn -0.8872 -0.0000 -0.4615
vn -0.7599 -0.0000 -0.6500
vn -0.5933 -0.0000 -0.8050
vn 0.0007 -0.0000 1.0000
vn -0.0007 -0.0000 1.0000
vn -0.0000 -0.7050 0.7092
vn -0.0005 -0.7052 0.7090
vn 0.0005 -0.7052 0.7090
vn -0.0000 -0.7050 -0.7092
vn 0.6289 -0.7053 -0.3272
vn 0.6292 -0.7050 -0.3274
vn 0.6291 -0.7050 -0.3274
vn 0.5317 -0.7144 -0.4549
vn 0.5318 -0.7143 -0.4550
vn 0.4208 -0.7049 -0.5711
vn 0.4209 -0.7048 -0.5711
vn -0.0000 0.7050 -0.7092
vn -0.6292 0.7049 -0.3274
vn -0.6291 0.7050 -0.3274
vn -0.6293 0.7049 -0.3274
vn -0.5319 0.7141 -0.4551
vn -0.5321 0.7140 -0.4550
vn -0.4208 0.7048 -0.5711
vn -0.4209 0.7048 -0.5711
vn -0.0000 0.7050 0.7092
vn 0.0005 0.7052 0.7090
vn -0.0005 0.7052 0.7090
vn 0.8871 -0.0000 -0.4616
vn 0.8872 -0.0000 -0.4615
vn 0.7599 -0.0000 -0.6500
vn 0.5933 -0.0000 -0.8050
vn -0.6291 -0.7050 -0.3274
vn -0.6292 -0.7049 -0.3274
vn -0.6293 -0.7049 -0.3274
vn -0.5320 -0.7141 -0.4551
vn -0.5321 -0.7140 -0.4550
vn -0.4208 -0.7048 -0.5711
vn 0.6291 0.7050 -0.3274
vn 0.6292 0.7050 -0.3274
vn 0.6289 0.7053 -0.3272
vn 0.5318 0.7143 -0.4549
vn 0.4207 0.7049 -0.5711
vn 0.4207 0.7047 -0.5712
vn -0.2588 -0.0000 0.9659
vn -0.0001 -0.0000 1.0000
vn 0.5000 -0.0000 0.8660
vn 0.8660 -0.0000 0.5000
vn 0.8660 -0.0000 -0.5000
vn 0.5000 -0.0000 -0.8660
vn -0.0001 -0.0000 -1.0000
vn -0.4999 -0.0000 -0.8661
vn -0.8660 -0.0000 -0.5001
vn -0.8660 -0.0000 0.5001
vn -0.7069 -0.0000 0.7073
vn 0.3202 -0.0000 0.9474
vn 0.6066 -0.0000 0.7950
vn 0.2272 0.2646 0.9372
vn -0.3199 -0.0000 0.9474
vn -0.2865 0.3488 0.8923
vn -0.6062 -0.0000 0.7953
vn -0.0000 0.7066 0.7076
vn -0.5890 0.2365 0.7727
vn -0.2044 0.6917 0.6927
vn -0.0146 0.9634 -0.2678
vn -0.0145 0.9631 -0.2687
vn -0.0124 0.9670 -0.2543
vn -0.0071 0.9683 -0.2496
vn -0.0002 0.9695 -0.2452
vn 0.0108 0.9676 -0.2523
vn 0.0069 0.9681 -0.2503
vn 0.0164 0.9632 -0.2682
vn 0.0173 0.9618 -0.2732
vn 0.7622 0.5355 0.3637
vn 0.8205 0.5322 0.2086
vn 0.8153 0.5394 0.2105
vn 0.7357 0.5271 0.4254
vn 0.5947 0.4768 0.6472
vn 0.5456 0.4550 0.7038
vn 0.3917 0.4168 0.8203
vn 0.3458 0.4014 0.8481
vn 0.2697 0.3804 0.8846
vn 0.2691 0.3822 0.8840
vn 0.1020 0.9362 0.3362
vn 0.1023 0.9357 0.3377
vn 0.1380 0.9426 0.3040
vn 0.1300 0.9425 0.3079
vn 0.1955 0.9524 0.2340
vn 0.1945 0.9531 0.2319
vn 0.2525 0.9568 0.1443
vn 0.2631 0.9563 0.1273
vn 0.2786 0.9575 0.0740
vn 0.2765 0.9582 0.0729
vn -0.8152 0.5397 0.2102
vn -0.8206 0.5322 0.2082
vn -0.7618 0.5362 0.3635
vn -0.7352 0.5278 0.4253
vn -0.5950 0.4762 0.6474
vn -0.5459 0.4543 0.7039
vn -0.3917 0.4163 0.8205
vn -0.3460 0.4010 0.8482
vn -0.2696 0.3807 0.8845
vn -0.2690 0.3825 0.8839
vn -0.1380 0.9426 0.3041
vn -0.1023 0.9357 0.3377
vn -0.1020 0.9362 0.3362
vn -0.1300 0.9425 0.3079
vn -0.1955 0.9524 0.2339
vn -0.1945 0.9531 0.2319
vn -0.2525 0.9568 0.1443
vn -0.2631 0.9563 0.1273
vn -0.2786 0.9575 0.0740
vn -0.2765 0.9582 0.0729
vn 0.8293 -0.2008 0.5215
vn 0.8294 -0.2006 0.5215
vn 0.9006 -0.2283 0.3699
vn 0.9103 -0.2312 0.3432
vn 0.9535 -0.2408 0.1814
vn 0.9540 -0.2392 0.1810
vn -0.9006 -0.2283 0.3698
vn -0.8294 -0.2006 0.5215
vn -0.8293 -0.2008 0.5215
vn -0.9104 -0.2312 0.3431
vn -0.9535 -0.2408 0.1812
vn -0.9540 -0.2392 0.1808
vn 0.3539 0.9272 -0.1229
vn 0.3540 0.9271 -0.1229
vn 0.3546 0.9269 -0.1229
vn 0.2089 0.9699 -0.1248
vn 0.2675 0.9553 -0.1257
vn 0.1826 0.9750 -0.1269
vn 0.1918 0.9735 -0.1245
vn 0.0448 0.1186 0.9919
vn 0.0448 0.1185 0.9919
vn 0.0335 0.1216 0.9920
vn 0.0339 0.1215 0.9920
vn 0.0225 0.1243 0.9920
vn 0.2233 0.9746 -0.0137
vn 0.2219 0.9751 -0.0008
vn 0.2196 0.9754 -0.0188
vn 0.2804 0.9598 -0.0100
vn 0.2965 0.9550 -0.0064
vn -0.5101 0.1190 0.8519
vn -0.5162 0.1197 0.8481
vn -0.5155 0.1206 0.8483
vn -0.5203 0.1230 0.8450
vn -0.5190 0.1247 0.8456
vn 0.4463 -0.1107 -0.8880
vn 0.4399 -0.1100 -0.8913
vn 0.4400 -0.1100 -0.8912
vn 0.4336 -0.1090 -0.8945
vn -0.7798 0.1935 -0.5954
vn -0.7798 0.1934 -0.5954
vn -0.7780 0.1938 -0.5977
vn -0.7763 0.1934 -0.6000
vn 0.8493 -0.2156 0.4819
vn 0.8504 -0.2157 0.4799
vn 0.8512 -0.2169 0.4779
vn 0.8512 -0.2170 0.4779
vn 0.9494 -0.1661 -0.2665
vn 0.9497 -0.1661 -0.2656
vn 0.9499 -0.1661 -0.2647
vn 0.3316 -0.0107 0.9434
vn 0.3317 -0.0106 0.9433
vn 0.3319 -0.0109 0.9433
vn 0.3318 -0.0110 0.9433
vn 0.3324 -0.0108 0.9431
vn 0.3324 -0.0107 0.9431
vn -0.4006 0.1067 0.9100
vn -0.4006 0.1066 0.9100
vn -0.4069 0.1080 0.9071
vn -0.4070 0.1080 0.9070
vn -0.4133 0.1095 0.9040
vn -0.2571 -0.0038 -0.9664
vn -0.2573 -0.0037 -0.9663
vn -0.2574 -0.0026 -0.9663
vn -0.2574 -0.0025 -0.9663
vn 0.2599 0.0245 0.9653
vn 0.2588 0.0246 0.9656
vn 0.2577 0.0247 0.9659
vn 0.2429 0.0262 0.9697
vn 0.2432 0.0264 0.9696
vn 0.2416 0.0263 0.9700
vn 0.2415 0.0262 0.9700
vn 0.2403 0.0264 0.9704
vn 0.2606 0.0170 0.9653
vn 0.2606 0.0171 0.9653
vn 0.2592 0.0162 0.9657
vn 0.2593 0.0162 0.9657
vn 0.2585 0.0173 0.9659
vn 0.2585 0.0174 0.9659
vn -0.0728 0.9962 -0.0478
vn -0.0724 0.9962 -0.0479
vn -0.1232 0.9913 -0.0470
vn -0.1677 0.9848 -0.0461
vn -0.2136 0.9759 -0.0451
vn -0.2137 0.9759 -0.0451
vn -0.2373 0.9706 -0.0402
vn -0.2350 0.9714 -0.0348
vn -0.2354 0.9711 -0.0389
vn -0.2463 0.9688 -0.0276
vn -0.2868 0.9577 -0.0225
vn -0.3062 0.9519 -0.0107
vn -0.3108 0.9505 -0.0048
vn -0.3146 0.9492 -0.0008
vn -0.3539 0.9272 -0.1229
vn -0.3540 0.9271 -0.1229
vn -0.2089 0.9699 -0.1248
vn -0.3546 0.9269 -0.1229
vn -0.2675 0.9553 -0.1257
vn -0.1825 0.9750 -0.1269
vn -0.1918 0.9735 -0.1245
vn -0.0335 0.1216 0.9920
vn -0.0448 0.1185 0.9919
vn -0.0448 0.1186 0.9919
vn -0.0339 0.1215 0.9920
vn -0.0225 0.1243 0.9920
vn -0.2233 0.9746 -0.0137
vn -0.2965 0.9550 -0.0064
vn -0.2804 0.9598 -0.0100
vn -0.2196 0.9754 -0.0188
vn -0.2219 0.9751 -0.0008
vn 0.5160 0.1197 0.8482
vn 0.5101 0.1190 0.8519
vn 0.5220 0.1204 0.8444
vn 0.5220 0.1203 0.8444
vn -0.4399 -0.1105 -0.8912
vn -0.4462 -0.1112 -0.8880
vn -0.4400 -0.1105 -0.8912
vn -0.4336 -0.1091 -0.8945
vn -0.4336 -0.1090 -0.8945
vn 0.7782 0.1929 -0.5977
vn 0.7796 0.1944 -0.5954
vn 0.7796 0.1943 -0.5954
vn 0.7781 0.1930 -0.5977
vn 0.7761 0.1942 -0.6000
vn 0.7761 0.1943 -0.6000
vn -0.8501 -0.2167 0.4799
vn -0.8490 -0.2166 0.4820
vn -0.8501 -0.2166 0.4799
vn -0.8515 -0.2160 0.4778
vn -0.9497 -0.1661 -0.2656
vn -0.9494 -0.1661 -0.2665
vn -0.9497 -0.1662 -0.2656
vn -0.9498 -0.1672 -0.2646
vn -0.9497 -0.1673 -0.2646
vn -0.3321 -0.0106 0.9432
vn -0.3317 -0.0106 0.9433
vn -0.3320 -0.0107 0.9432
vn -0.3322 -0.0110 0.9431
vn -0.3322 -0.0111 0.9432
vn 0.4069 0.1075 0.9071
vn 0.4004 0.1071 0.9100
vn 0.4005 0.1071 0.9100
vn 0.4071 0.1076 0.9070
vn 0.4132 0.1094 0.9040
vn 0.4132 0.1095 0.9040
vn 0.2573 -0.0037 -0.9663
vn 0.2571 -0.0038 -0.9664
vn 0.2574 -0.0023 -0.9663
vn 0.2574 -0.0022 -0.9663
vn -0.2588 0.0246 0.9656
vn -0.2600 0.0245 0.9653
vn -0.2599 0.0245 0.9653
vn -0.2576 0.0247 0.9659
vn -0.2416 0.0264 0.9700
vn -0.2427 0.0261 0.9697
vn -0.2430 0.0263 0.9697
vn -0.2418 0.0265 0.9700
vn -0.2403 0.0266 0.9703
vn -0.2592 0.0162 0.9657
vn -0.2606 0.0171 0.9653
vn -0.2605 0.0170 0.9653
vn -0.2593 0.0162 0.9657
vn -0.2585 0.0170 0.9659
vn -0.2585 0.0171 0.9659
vn 0.0039 1.0000 0.0001
vn 0.1643 0.9864 -0.0021
vn 0.1629 0.9866 -0.0022
vn 0.3181 0.9481 -0.0042
vn 0.3202 0.9473 -0.0044
vn -0.0038 -1.0000 -0.0003
vn -0.1560 -0.9877 0.0116
vn -0.1716 -0.9851 0.0128
vn -0.3196 -0.9472 0.0245
vn 0.3167 -0.9485 -0.0043
vn 0.3162 -0.9487 -0.0044
vn 0.1616 -0.9869 -0.0022
vn 0.1591 -0.9873 -0.0022
vn -0.2396 -0.9709 -0.0000
vn -0.6942 -0.7198 -0.0008
vn -0.6932 -0.7208 -0.0008
vn -0.9660 -0.2587 -0.0008
vn -0.9661 -0.2582 -0.0007
vn -0.9869 0.1612 -0.0022
vn -0.9874 0.1584 -0.0022
vn -0.9485 0.3168 -0.0044
vn -0.9485 0.3167 -0.0044
vn 0.9485 0.3167 -0.0043
vn 0.9487 0.3162 -0.0044
vn 0.9869 0.1616 -0.0022
vn 0.9873 0.1592 -0.0022
vn 0.9869 -0.1615 -0.0022
vn 0.9873 -0.1591 -0.0022
vn 0.9487 -0.3162 -0.0043
vn 0.9485 -0.3167 -0.0044
vn -0.3161 0.9484 0.0251
vn -0.1523 0.9883 0.0121
vn -0.1680 0.9857 0.0134
vn 0.2367 0.9716 -0.0000
vn 0.6889 0.7248 0.0041
vn 0.6931 0.7208 0.0041
vn 0.9666 0.2564 0.0043
vn 0.9652 0.2613 0.0044
vn 0.9885 -0.1510 0.0127
vn 0.9858 -0.1675 0.0138
vn 0.9487 -0.3151 0.0257
vn 0.9482 -0.3167 0.0251
vn -0.9484 -0.3160 0.0251
vn -0.9486 -0.3156 0.0249
vn -0.9883 -0.1521 0.0120
vn -0.9857 -0.1680 0.0134
vn -0.9883 0.1523 0.0121
vn -0.9857 0.1680 0.0134
vn -0.9484 0.3161 0.0251
vn 0.0200 0.3365 -0.9415
vn 0.0014 0.3540 -0.9352
vn 0.0014 0.3540 -0.9353
vn 0.0555 0.3168 -0.9469
vn 0.2063 0.1880 -0.9603
vn 0.2007 0.1936 -0.9603
vn 0.3382 0.0231 -0.9408
vn 0.3001 0.0595 -0.9520
vn 0.3370 -0.0186 -0.9413
vn 0.3174 -0.0542 -0.9468
vn 0.1884 -0.2055 -0.9604
vn 0.1938 -0.1999 -0.9605
vn 0.0193 -0.3414 -0.9397
vn 0.0583 -0.2998 -0.9522
vn -0.0712 -0.2990 -0.9516
vn -0.0735 -0.2984 -0.9516
vn -0.2020 -0.2397 -0.9496
vn -0.2199 -0.2120 -0.9522
vn -0.3029 -0.0675 -0.9506
vn -0.2921 -0.0900 -0.9521
vn -0.3368 0.0172 -0.9414
vn -0.3175 0.0539 -0.9467
vn -0.1876 0.2062 -0.9604
vn -0.1934 0.2002 -0.9605
vn -0.0749 0.3025 -0.9502
vn -0.0821 0.2785 -0.9569
vn 0.1193 0.9423 -0.3127
vn 0.0036 0.9590 -0.2835
vn 0.0036 0.9590 -0.2834
vn 0.1686 0.9337 -0.3160
vn 0.2891 0.8977 -0.3326
vn 0.3028 0.8976 -0.3203
vn 0.1209 -0.9437 -0.3079
vn 0.2718 -0.9095 -0.3145
vn 0.2831 -0.8998 -0.3320
vn 0.1720 -0.9290 -0.3276
vn -0.2244 -0.9186 -0.3253
vn -0.2263 -0.9181 -0.3254
vn -0.6439 -0.6939 -0.3224
vn -0.6668 -0.6707 -0.3249
vn -0.9170 -0.2312 -0.3249
vn -0.9093 -0.2578 -0.3267
vn -0.9425 0.1144 -0.3140
vn -0.9343 0.1646 -0.3163
vn -0.8987 0.2856 -0.3327
vn -0.8987 0.3001 -0.3198
vn 0.9433 0.1226 -0.3084
vn 0.9093 0.2717 -0.3151
vn 0.8998 0.2828 -0.3323
vn 0.9291 0.1728 -0.3269
vn 0.9426 -0.1151 -0.3134
vn 0.9342 -0.1650 -0.3162
vn 0.8989 -0.2855 -0.3323
vn 0.8989 -0.3002 -0.3192
vn -0.1643 0.9864 -0.0021
vn -0.0039 1.0000 0.0001
vn -0.1625 0.9867 -0.0022
vn -0.3180 0.9481 -0.0042
vn -0.3197 0.9475 -0.0044
vn 0.1557 -0.9877 0.0117
vn 0.0038 -1.0000 -0.0003
vn 0.1719 -0.9850 0.0128
vn 0.3193 -0.9473 0.0246
vn 0.3202 -0.9470 0.0243
vn -0.1616 -0.9869 -0.0022
vn -0.3162 -0.9487 -0.0044
vn -0.3167 -0.9485 -0.0043
vn -0.1591 -0.9873 -0.0022
vn 0.2396 -0.9709 -0.0000
vn 0.6936 -0.7203 -0.0007
vn 0.6931 -0.7208 -0.0007
vn 0.9658 -0.2592 -0.0007
vn 0.9661 -0.2581 -0.0007
vn 0.9870 0.1605 -0.0022
vn 0.9875 0.1578 -0.0022
vn 0.9491 0.3151 -0.0043
vn 0.9490 0.3152 -0.0044
vn -0.9870 0.1606 -0.0022
vn -0.9493 0.3145 -0.0044
vn -0.9490 0.3152 -0.0043
vn -0.9874 0.1583 -0.0022
vn -0.9870 -0.1606 -0.0022
vn -0.9874 -0.1583 -0.0022
vn -0.9492 -0.3145 -0.0043
vn -0.9490 -0.3152 -0.0044
vn 0.1525 0.9882 0.0121
vn 0.3166 0.9482 0.0251
vn 0.3167 0.9482 0.0252
vn 0.1683 0.9856 0.0134
vn -0.2367 0.9716 -0.0000
vn -0.6894 0.7244 0.0042
vn -0.6937 0.7203 0.0041
vn -0.9667 0.2560 0.0043
vn -0.9654 0.2607 0.0042
vn -0.9884 -0.1515 0.0122
vn -0.9859 -0.1670 0.0136
vn -0.9485 -0.3159 0.0254
vn -0.9488 -0.3150 0.0258
vn 0.9884 -0.1515 0.0118
vn 0.9491 -0.3142 0.0242
vn 0.9486 -0.3156 0.0249
vn 0.9857 -0.1680 0.0134
vn 0.9883 0.1523 0.0121
vn 0.9857 0.1680 0.0134
vn 0.9484 0.3161 0.0251
vn -0.0014 0.3540 -0.9353
vn -0.0014 0.3540 -0.9352
vn -0.0199 0.3365 -0.9415
vn -0.0556 0.3168 -0.9469
vn -0.2069 0.1878 -0.9602
vn -0.2007 0.1937 -0.9603
vn -0.3376 0.0232 -0.9410
vn -0.2994 0.0596 -0.9523
vn -0.3369 -0.0187 -0.9414
vn -0.3171 -0.0545 -0.9468
vn -0.1882 -0.2057 -0.9603
vn -0.1937 -0.2001 -0.9604
vn -0.0194 -0.3414 -0.9397
vn -0.0583 -0.2999 -0.9522
vn 0.0713 -0.2991 -0.9515
vn 0.0734 -0.2985 -0.9516
vn 0.2021 -0.2396 -0.9496
vn 0.2199 -0.2119 -0.9522
vn 0.3025 -0.0674 -0.9508
vn 0.2917 -0.0898 -0.9523
vn 0.3368 0.0172 -0.9414
vn 0.3178 0.0537 -0.9466
vn 0.1878 0.2060 -0.9604
vn 0.1935 0.2001 -0.9605
vn 0.0749 0.3025 -0.9502
vn 0.0821 0.2785 -0.9569
vn -0.0036 0.9590 -0.2834
vn -0.0036 0.9590 -0.2835
vn -0.1197 0.9423 -0.3126
vn -0.1687 0.9337 -0.3158
vn -0.2893 0.8977 -0.3324
vn -0.3029 0.8976 -0.3203
vn -0.2831 -0.8996 -0.3325
vn -0.2717 -0.9094 -0.3150
vn -0.1207 -0.9437 -0.3081
vn -0.1721 -0.9289 -0.3280
vn 0.2240 -0.9186 -0.3257
vn 0.2265 -0.9179 -0.3258
vn 0.6438 -0.6939 -0.3224
vn 0.6668 -0.6707 -0.3249
vn 0.9171 -0.2311 -0.3249
vn 0.9093 -0.2577 -0.3267
vn 0.9426 0.1139 -0.3138
vn 0.9344 0.1639 -0.3161
vn 0.8993 0.2842 -0.3324
vn 0.8992 0.2987 -0.3196
vn -0.8997 0.2832 -0.3322
vn -0.9085 0.2730 -0.3164
vn -0.9437 0.1227 -0.3072
vn -0.9298 0.1725 -0.3251
vn -0.9431 -0.1157 -0.3118
vn -0.9345 -0.1651 -0.3154
vn -0.8989 -0.2853 -0.3325
vn -0.8989 -0.2986 -0.3207
vn -0.0776 -0.9970 -0.0039
vn -0.0777 -0.9970 -0.0039
vn -0.0944 -0.9954 0.0162
vn -0.0794 -0.9968 -0.0034
vn -0.0726 -0.9971 0.0245
vn -0.0434 -0.9921 0.1173
vn -0.0481 -0.9988 -0.0001
vn -0.7775 -0.6288 0.0003
vn -0.7818 -0.6235 -0.0033
vn -0.4531 -0.8914 -0.0020
vn -0.5571 -0.8304 0.0022
vn -0.2115 -0.9774 0.0005
vn -0.0267 -0.9988 -0.0407
vn -0.1296 -0.9915 -0.0091
vn 0.0903 -0.9935 -0.0691
vn 0.0510 -0.9965 -0.0659
vn 0.0758 -0.9955 -0.0567
vn 0.0902 -0.9935 -0.0691
vn 0.0700 -0.9949 -0.0722
vn 0.0206 -0.9974 -0.0694
vn -0.0498 -0.9948 -0.0885
vn -0.0000 -0.9969 -0.0782
vn -0.0000 -0.9939 -0.1107
vn 0.0498 -0.9948 -0.0885
vn -0.0206 -0.9974 -0.0694
vn -0.0508 -0.9965 -0.0657
vn -0.0700 -0.9949 -0.0722
vn -0.0903 -0.9935 -0.0689
vn -0.0752 -0.9956 -0.0563
vn 0.1280 -0.9917 -0.0091
vn 0.0263 -0.9988 -0.0404
vn 0.2109 -0.9775 0.0005
vn 0.4531 -0.8914 -0.0019
vn 0.5571 -0.8304 0.0022
vn 0.7775 -0.6289 0.0003
vn 0.7818 -0.6235 -0.0033
vn -0.0000 0.3786 -0.9256
vn 0.0189 0.3720 -0.9280
vn 0.0191 0.3727 -0.9277
vn -0.0000 0.3793 -0.9253
vn -0.0191 0.3727 -0.9277
vn -0.0189 0.3720 -0.9280
vn 0.0776 -0.9970 -0.0039
vn 0.0944 -0.9954 0.0162
vn 0.0794 -0.9968 -0.0034
vn 0.0726 -0.9971 0.0245
vn 0.0434 -0.9921 0.1173
vn 0.0481 -0.9988 -0.0001
vn -0.9970 0.0769 -0.0000
vn -0.9989 -0.0467 -0.0000
vn -0.9019 0.4319 -0.0000
vn -0.8414 0.5405 -0.0000
vn 0.9970 -0.0769 -0.0000
vn 0.9989 0.0477 -0.0000
vn 0.9019 -0.4319 -0.0000
vn 0.8418 -0.5398 -0.0000
vn 0.9018 -0.4322 -0.0000
vn 0.8414 -0.5405 -0.0000
vn 0.9971 -0.0767 -0.0000
vn -0.9018 0.4321 -0.0000
vn -0.9970 0.0772 -0.0000
vn 0.9619 -0.2578 0.0906
vn 0.9659 -0.2588 0.0003
vn 0.9618 -0.2577 0.0924
vn 0.9091 -0.2436 0.3378
vn 0.9092 -0.2436 0.3378
vn 0.7316 -0.1960 0.6529
vn 0.4155 -0.1113 0.9028
vn 0.4154 -0.1113 0.9028
vn -0.4154 0.1113 0.9028
vn -0.7316 0.1961 0.6529
vn -0.9092 0.2436 0.3377
vn -0.9618 0.2577 0.0924
vn -0.9619 0.2578 0.0906
vn -0.9659 0.2588 0.0003
vn 0.9989 -0.0477 -0.0000
vn 0.9971 0.0767 -0.0000
vn 0.9020 0.4318 -0.0000
vn 0.8418 0.5398 -0.0000
vn -0.9989 0.0467 -0.0000
vn -0.9970 -0.0771 -0.0000
vn -0.9019 -0.4320 -0.0000
vn -0.8414 -0.5405 -0.0000
vn -0.9019 -0.4319 -0.0000
vn -0.9970 -0.0769 -0.0000
vn 0.9019 0.4320 -0.0000
vn 0.9970 0.0770 -0.0000
vn -0.9659 -0.2588 0.0004
vn -0.9620 -0.2577 0.0905
vn -0.9618 -0.2577 0.0924
vn -0.9092 -0.2435 0.3377
vn -0.7316 -0.1960 0.6530
vn -0.7315 -0.1960 0.6530
vn -0.4155 -0.1113 0.9027
vn -0.4155 -0.1113 0.9028
vn 0.4154 0.1113 0.9028
vn 0.7316 0.1961 0.6529
vn 0.9092 0.2436 0.3377
vn 0.9618 0.2577 0.0924
vn 0.9619 0.2578 0.0906
vn 0.9659 0.2588 0.0003
vn -0.6932 0.7190 0.0500
vn -0.4366 0.8988 0.0401
vn -0.4062 0.9127 0.0454
vn -0.6641 0.7458 0.0527
vn -0.9134 0.4029 0.0570
vn -0.9146 0.4006 0.0548
vn -0.9980 -0.0164 0.0603
vn -0.9913 -0.1194 0.0555
vn -0.8328 -0.5514 0.0484
vn -0.7715 -0.6350 0.0391
vn -0.5452 -0.8378 0.0298
vn -0.4587 -0.8881 0.0303
vn -0.2096 -0.9775 0.0258
vn -0.1402 -0.9898 0.0267
vn -0.0000 -0.9997 0.0246
vn -0.0000 -0.9996 0.0290
vn 0.2096 -0.9774 0.0258
vn 0.1402 -0.9898 0.0267
vn 0.4586 -0.8881 0.0303
vn 0.5451 -0.8379 0.0298
vn 0.7713 -0.6352 0.0391
vn 0.8328 -0.5514 0.0484
vn 0.9913 -0.1193 0.0555
vn 0.9980 -0.0164 0.0603
vn 0.9252 0.3754 0.0554
vn 0.9148 0.4004 0.0531
vn 0.6878 0.7241 0.0509
vn 0.6661 0.7448 0.0400
vn 0.3974 0.9171 0.0312
vn 0.3444 0.9380 0.0396
vn 0.3609 0.8242 0.4365
vn 0.3807 0.8313 0.4049
vn 0.5523 0.6569 0.5132
vn 0.4533 0.6918 0.5621
vn 0.7346 0.5289 0.4250
vn 0.7554 0.5223 0.3957
vn 0.7479 0.5040 0.4319
vn 0.7395 0.5185 0.4294
vn 0.7647 0.4220 0.4870
vn 0.7698 0.3284 0.5473
vn 0.6968 0.0696 0.7139
vn 0.5842 -0.1247 0.8019
vn 0.2057 -0.3871 0.8988
vn 0.1923 -0.4465 0.8739
vn 0.0564 -0.6404 0.7659
vn 0.0611 -0.6391 0.7667
vn -0.2579 -0.4187 0.8707
vn -0.2593 -0.3704 0.8920
vn -0.6967 0.0698 0.7139
vn -0.5841 -0.1246 0.8021
vn -0.7699 0.3282 0.5472
vn -0.7650 0.4217 0.4869
vn -0.7482 0.5038 0.4318
vn -0.7398 0.5181 0.4292
vn -0.7393 0.5429 0.3983
vn -0.7550 0.5227 0.3960
vn -0.5842 0.7078 0.3972
vn -0.5563 0.7313 0.3946
vn -0.3836 0.8323 0.4001
vn -0.3808 0.8314 0.4048
vn -0.0000 0.7066 -0.7076
vn -0.0000 -0.7066 -0.7076
vn -0.6121 -0.3534 0.7074
vn -0.6122 -0.3533 0.7074
vn -0.6121 -0.3535 0.7074
vn 0.5219 -0.8530 0.0014
vn 0.5141 -0.8577 0.0009
vn 0.4998 -0.8661 0.0009
vn 0.4999 -0.8661 0.0014
vn 0.4776 -0.8786 0.0014
vn 0.4854 -0.8743 0.0009
vn 0.3535 -0.6124 0.7071
vn 0.3535 -0.6125 0.7070
vn 0.3535 -0.6123 0.7072
vn 0.3336 -0.5777 0.7449
vn 0.3534 -0.6121 0.7074
vn 0.3535 -0.6121 0.7073
vn 0.3128 -0.5414 0.7804
vn 0.3124 -0.5415 0.7805
vn 0.3125 -0.5415 0.7805
vn 0.3127 -0.5414 0.7805
vn 0.3126 -0.5415 0.7804
vn -0.7783 0.4267 0.4607
vn -0.9373 0.2509 0.2420
vn -0.5525 0.4729 0.6864
vn -0.3535 0.6125 0.7070
vn -0.3536 0.6127 0.7068
vn 0.0194 0.8874 0.4607
vn -0.1333 0.7149 0.6864
vn 0.2509 0.9373 0.2420
vn 0.2586 0.9660 -0.0000
vn 0.4998 -0.8661 -0.0000
vn 0.4999 -0.8661 -0.0000
vn 0.5000 -0.8660 -0.0000
vn 0.6121 0.3535 0.7074
vn 0.6121 0.3534 0.7074
vn 0.6123 -0.3536 0.7071
vn 0.6124 -0.3537 0.7070
vn 0.6122 -0.3534 0.7074
vn 0.6121 -0.3533 0.7074
vn 0.6121 -0.3534 0.7074
vn -0.5000 -0.8661 0.0009
vn -0.5141 -0.8577 0.0009
vn -0.5217 -0.8532 0.0014
vn -0.4998 -0.8662 0.0014
vn -0.4776 -0.8786 0.0014
vn -0.4857 -0.8742 0.0009
vn -0.3535 -0.6122 0.7073
vn -0.3534 -0.6128 0.7068
vn -0.3535 -0.6125 0.7070
vn -0.3336 -0.5776 0.7451
vn -0.3536 -0.6122 0.7073
vn -0.3537 -0.6122 0.7072
vn -0.3125 -0.5415 0.7804
vn -0.3126 -0.5415 0.7804
vn -0.3336 -0.5776 0.7450
vn -0.3126 -0.5414 0.7805
vn -0.3127 -0.5413 0.7805
vn 0.7783 0.4266 0.4607
vn 0.9373 0.2509 0.2420
vn 0.5525 0.4729 0.6864
vn 0.3535 0.6124 0.7071
vn 0.3535 0.6125 0.7070
vn -0.0196 0.8874 0.4607
vn 0.1336 0.7149 0.6863
vn -0.2511 0.9372 0.2420
vn -0.2588 0.9659 -0.0000
vn -0.4999 -0.8661 -0.0000
vn -0.4996 -0.8663 -0.0000
vn -0.5002 -0.8659 -0.0000
vn -0.6121 0.3534 0.7074
vn -0.6122 0.3533 0.7074
vn -0.6120 0.3535 0.7074
vn 0.1481 -0.6991 0.6996
vn 0.0865 -0.7164 0.6923
vn 0.0860 -0.7153 0.6935
vn 0.0869 -0.7182 0.6904
vn 0.2013 -0.7977 0.5685
vn -0.0000 -0.8936 0.4490
vn 0.3178 -0.8125 0.4887
vn -0.0000 -0.9599 0.2803
vn 0.2318 -0.9293 0.2875
vn 0.4700 -0.8281 0.3057
vn 0.3662 -0.8150 0.4492
vn 0.5886 -0.7602 0.2750
vn -0.2013 -0.7977 0.5685
vn -0.0869 -0.7184 0.6902
vn 0.4912 -0.8705 -0.0303
vn 0.6106 -0.7916 -0.0234
vn 0.5820 -0.7508 -0.3124
vn -0.1481 -0.6991 0.6996
vn -0.0859 -0.7152 0.6937
vn -0.0865 -0.7165 0.6922
vn -0.3178 -0.8126 0.4886
vn 0.4668 -0.8145 -0.3447
vn 0.3784 -0.7950 -0.4741
vn -0.2317 -0.9293 0.2875
vn 0.2175 -0.8368 -0.5024
vn 0.3365 -0.8054 -0.4879
vn 0.1819 -0.8093 -0.5585
vn 0.2293 -0.9165 -0.3277
vn 0.2400 -0.9702 -0.0334
vn -0.0000 -0.9470 -0.3212
vn -0.0000 -0.8700 -0.4931
vn -0.1817 -0.8094 -0.5585
vn -0.0000 -0.9994 -0.0345
vn -0.2173 -0.8369 -0.5023
vn -0.3360 -0.8060 -0.4873
vn -0.3783 -0.7951 -0.4741
vn -0.2400 -0.9702 -0.0334
vn -0.2292 -0.9166 -0.3277
vn -0.4667 -0.8145 -0.3446
vn -0.5820 -0.7508 -0.3124
vn -0.4912 -0.8705 -0.0303
vn -0.6106 -0.7916 -0.0235
vn -0.5886 -0.7602 0.2750
vn -0.4700 -0.8281 0.3056
vn -0.3662 -0.8150 0.4492
vn -0.6998 0.7138 -0.0270
vn -0.6063 0.7944 -0.0362
vn -0.3310 0.9434 -0.0192
vn -0.3749 0.9270 -0.0139
vn 0.3701 0.9287 -0.0215
vn 0.3890 0.9051 0.1718
vn 0.5961 0.7703 0.2267
vn 0.4751 0.6218 0.6226
vn 0.7065 0.7065 -0.0421
vn 0.2179 0.9751 -0.0405
vn 0.2174 0.9752 -0.0405
vn 0.1814 0.9825 -0.0414
vn 0.2158 0.9756 -0.0405
vn 0.1825 0.9824 -0.0408
vn 0.1832 0.9822 -0.0408
vn 0.1779 0.9832 -0.0416
vn 0.1777 0.9832 -0.0416
vn 0.2346 0.9713 -0.0403
vn 0.2104 0.9767 -0.0423
vn 0.2203 0.9746 -0.0404
vn 0.2103 0.9767 -0.0425
vn 0.1537 0.9870 -0.0461
vn 0.2102 0.9766 -0.0452
vn 0.1616 0.9858 -0.0462
vn 0.0722 0.9962 -0.0478
vn 0.1866 0.9814 -0.0448
vn 0.1958 0.9800 -0.0365
vn 0.1193 0.9918 -0.0468
vn 0.1864 0.9815 -0.0445
vn 0.0945 0.9944 -0.0475
vn 0.0721 0.9962 -0.0481
vn 0.0722 0.9962 -0.0479
vn 0.0720 0.9963 -0.0477
vn 0.1237 0.9912 -0.0469
vn 0.1225 0.9914 -0.0471
vn 0.1970 0.9793 -0.0456
vn 0.2031 0.9781 -0.0459
vn 0.2016 0.9784 -0.0456
vn -0.1814 0.9825 -0.0414
vn -0.2175 0.9752 -0.0405
vn -0.2180 0.9751 -0.0405
vn -0.2158 0.9756 -0.0405
vn -0.1825 0.9824 -0.0409
vn -0.1832 0.9822 -0.0408
vn -0.1779 0.9832 -0.0416
vn -0.1778 0.9832 -0.0416
vn -0.2104 0.9767 -0.0423
vn -0.2346 0.9713 -0.0403
vn -0.2204 0.9746 -0.0404
vn -0.2103 0.9767 -0.0425
vn -0.1537 0.9870 -0.0461
vn -0.2102 0.9766 -0.0452
vn -0.1615 0.9858 -0.0462
vn -0.0722 0.9962 -0.0478
vn -0.1946 0.9802 -0.0376
vn -0.1866 0.9814 -0.0448
vn -0.1193 0.9917 -0.0468
vn -0.1863 0.9815 -0.0446
vn -0.0945 0.9944 -0.0475
vn -0.0721 0.9963 -0.0477
vn -0.0722 0.9962 -0.0479
vn -0.0721 0.9962 -0.0480
vn -0.1236 0.9912 -0.0469
vn -0.1225 0.9914 -0.0471
vn -0.1968 0.9794 -0.0456
vn -0.2031 0.9781 -0.0459
vn -0.2016 0.9784 -0.0456
vn 0.9006 0.4345 -0.0000
vn 0.9676 0.2526 -0.0000
vn 0.9551 0.2493 -0.1599
vn 0.8870 0.4311 -0.1655
vn 0.9174 0.2396 -0.3179
vn 0.6490 0.7608 -0.0000
vn 0.8521 0.4043 -0.3324
vn 0.6373 0.7507 -0.1742
vn 0.2588 0.9659 -0.0000
vn 0.6114 0.7092 -0.3511
vn 0.2546 0.9505 -0.1782
vn -0.1817 0.9834 -0.0000
vn 0.2415 0.9015 -0.3590
vn -0.1766 0.9687 -0.1742
vn -0.5628 0.8266 -0.0000
vn -0.1748 0.9201 -0.3505
vn -0.5527 0.8168 -0.1654
vn -0.7116 0.7026 -0.0000
vn -0.5359 0.7763 -0.3319
vn -0.7025 0.6935 -0.1599
vn -0.6748 0.6660 -0.3179
vn -0.9007 -0.4345 -0.0000
vn -0.9676 -0.2525 -0.0000
vn -0.9551 -0.2492 -0.1599
vn -0.8870 -0.4311 -0.1656
vn -0.9174 -0.2395 -0.3179
vn -0.6488 -0.7610 -0.0000
vn -0.8522 -0.4041 -0.3325
vn -0.6372 -0.7508 -0.1741
vn -0.6118 -0.7091 -0.3505
vn -0.2547 -0.9505 -0.1778
vn 0.1815 -0.9834 -0.0000
vn -0.2415 -0.9018 -0.3585
vn 0.1764 -0.9688 -0.1741
vn 0.5626 -0.8267 -0.0000
vn 0.1750 -0.9201 -0.3505
vn 0.5525 -0.8169 -0.1654
vn 0.7114 -0.7028 -0.0000
vn 0.5361 -0.7761 -0.3322
vn 0.7023 -0.6936 -0.1601
vn 0.6747 -0.6659 -0.3185
vn -0.8189 0.2930 0.4935
vn -0.8396 0.2248 0.4945
vn -0.7176 0.2584 0.6467
vn -0.7087 0.4952 0.5026
vn -0.4153 0.1113 0.9028
vn -0.6260 0.4313 0.6497
vn -0.4728 0.7088 0.5235
vn -0.4142 0.1500 0.8977
vn -0.4204 0.6152 0.6669
vn -0.1459 0.8251 0.5459
vn -0.3663 0.2493 0.8965
vn 0.0158 0.0590 0.9981
vn -0.2453 0.3518 0.9034
vn -0.1332 0.7161 0.6851
vn 0.2157 0.8033 0.5552
vn -0.0771 0.4059 0.9107
vn 0.1870 0.6959 0.6934
vn 0.5386 0.6417 0.5460
vn 0.1055 0.3914 0.9142
vn 0.4729 0.5539 0.6853
vn 0.7640 0.3775 0.5232
vn 0.2699 0.3133 0.9105
vn 0.6718 0.3225 0.6669
vn 0.8613 0.0745 0.5027
vn 0.3881 0.1822 0.9034
vn 0.7578 0.0605 0.6497
vn 0.8558 -0.1557 0.4934
vn 0.4419 0.0329 0.8965
vn 0.4337 -0.0773 0.8978
vn 0.4153 -0.1113 0.9029
vn 0.7508 -0.1350 0.6466
vn 0.8395 -0.2246 0.4948
vn 0.8189 -0.2931 0.4935
vn 0.8396 -0.2247 0.4945
vn 0.7175 -0.2586 0.6467
vn 0.7085 -0.4952 0.5027
vn 0.6260 -0.4313 0.6497
vn 0.4732 -0.7087 0.5233
vn 0.4142 -0.1500 0.8977
vn 0.4206 -0.6151 0.6669
vn 0.1459 -0.8250 0.5460
vn 0.3663 -0.2494 0.8964
vn -0.0158 -0.0590 0.9981
vn 0.2450 -0.3518 0.9035
vn 0.1332 -0.7160 0.6853
vn -0.2155 -0.8032 0.5553
vn 0.0776 -0.4060 0.9106
vn -0.1867 -0.6960 0.6933
vn -0.5387 -0.6414 0.5462
vn -0.1055 -0.3914 0.9142
vn -0.4729 -0.5538 0.6853
vn -0.7642 -0.3773 0.5232
vn -0.2699 -0.3133 0.9105
vn -0.6718 -0.3225 0.6668
vn -0.8613 -0.0747 0.5026
vn -0.3881 -0.1822 0.9034
vn -0.7577 -0.0606 0.6498
vn -0.8556 0.1557 0.4936
vn -0.4419 -0.0329 0.8965
vn -0.4337 0.0773 0.8977
vn -0.7507 0.1349 0.6468
vn -0.7315 0.1960 0.6530
vn -0.8394 0.2250 0.4948
vn -0.4866 -0.8734 -0.0189
vn -0.4702 -0.8787 -0.0827
vn -0.4760 -0.8755 -0.0835
vn -0.4944 -0.8690 -0.0183
vn -0.4725 -0.8799 0.0506
vn -0.5016 -0.8650 -0.0150
vn -0.4738 -0.8792 0.0508
vn -0.0149 -0.9998 -0.0162
vn -0.0324 -0.9983 0.0486
vn -0.0281 -0.9984 0.0489
vn -0.0064 -0.9998 -0.0170
vn -0.0299 -0.9958 -0.0860
vn 0.0024 -0.9999 -0.0150
vn -0.0276 -0.9959 -0.0865
vn 0.4866 0.8734 -0.0189
vn 0.4702 0.8787 -0.0827
vn 0.4761 0.8754 -0.0835
vn 0.4946 0.8689 -0.0183
vn 0.4725 0.8799 0.0506
vn 0.5019 0.8648 -0.0150
vn 0.4738 0.8792 0.0508
vn 0.0150 0.9998 -0.0162
vn 0.0324 0.9983 0.0486
vn 0.0282 0.9984 0.0489
vn 0.0068 0.9998 -0.0170
vn 0.0299 0.9958 -0.0860
vn -0.0016 0.9999 -0.0150
vn 0.0277 0.9959 -0.0865
vn 0.6911 0.6214 0.3692
vn 0.4987 0.7845 0.3686
vn 0.4051 0.6381 0.6548
vn 0.5615 0.4942 0.6637
vn 0.9182 0.1947 0.3450
vn 0.1297 0.2043 0.9703
vn 0.7462 0.1522 0.6481
vn 0.9112 -0.2437 0.3322
vn 0.1829 0.1529 0.9712
vn 0.7426 -0.1989 0.6395
vn 0.6979 -0.6281 0.3440
vn 0.2461 0.0450 0.9682
vn 0.5698 -0.5055 0.6479
vn 0.2884 -0.8834 0.3695
vn 0.2463 -0.0660 0.9669
vn 0.2397 -0.7085 0.6638
vn 0.0401 -0.9292 0.3674
vn 0.0331 -0.7559 0.6539
vn 0.1906 -0.1618 0.9682
vn 0.0819 -0.2238 0.9712
vn 0.0103 -0.2414 0.9704
vn 0.2887 -0.8834 -0.3692
vn 0.0394 -0.9295 -0.3668
vn 0.0327 -0.7556 -0.6543
vn 0.2399 -0.7083 -0.6639
vn 0.6980 -0.6278 -0.3444
vn 0.0105 -0.2416 -0.9703
vn 0.5701 -0.5055 -0.6477
vn 0.9110 -0.2444 -0.3322
vn 0.0819 -0.2238 -0.9712
vn 0.7425 -0.1994 -0.6395
vn 0.9180 0.1955 -0.3450
vn 0.1905 -0.1619 -0.9682
vn 0.7461 0.1527 -0.6481
vn 0.6915 0.6209 -0.3693
vn 0.2463 -0.0658 -0.9670
vn 0.5619 0.4939 -0.6636
vn 0.4984 0.7849 -0.3682
vn 0.2461 0.0449 -0.9682
vn 0.4047 0.6380 -0.6551
vn 0.1828 0.1530 -0.9712
vn 0.1298 0.2043 -0.9703
vn 0.6913 0.6215 0.3685
vn 0.4988 0.7847 0.3679
vn 0.4050 0.6379 0.6550
vn 0.5613 0.4940 0.6640
vn 0.9184 0.1948 0.3443
vn 0.1291 0.2034 0.9705
vn 0.7459 0.1521 0.6484
vn 0.9114 -0.2437 0.3316
vn 0.1821 0.1522 0.9714
vn 0.7423 -0.1989 0.6399
vn 0.6981 -0.6283 0.3434
vn 0.2450 0.0448 0.9685
vn 0.5696 -0.5053 0.6483
vn 0.2885 -0.8836 0.3689
vn 0.2453 -0.0657 0.9672
vn 0.2396 -0.7082 0.6641
vn 0.0401 -0.9295 0.3668
vn 0.0331 -0.7557 0.6541
vn 0.1898 -0.1612 0.9685
vn 0.0815 -0.2228 0.9714
vn 0.0103 -0.2404 0.9706
vn 0.2888 -0.8836 -0.3685
vn 0.0394 -0.9297 -0.3661
vn 0.0327 -0.7553 -0.6545
vn 0.2398 -0.7080 -0.6642
vn 0.6982 -0.6279 -0.3438
vn 0.0104 -0.2405 -0.9706
vn 0.5698 -0.5053 -0.6481
vn 0.9112 -0.2445 -0.3316
vn 0.0815 -0.2229 -0.9714
vn 0.7421 -0.1993 -0.6399
vn 0.9182 0.1955 -0.3444
vn 0.1897 -0.1612 -0.9685
vn 0.7458 0.1526 -0.6484
vn 0.6917 0.6210 -0.3686
vn 0.2453 -0.0656 -0.9672
vn 0.5617 0.4937 -0.6639
vn 0.4985 0.7851 -0.3675
vn 0.2451 0.0447 -0.9685
vn 0.4046 0.6378 -0.6553
vn 0.1820 0.1523 -0.9714
vn 0.1293 0.2035 -0.9705
vn 0.6920 0.6209 0.3683
vn 0.5004 0.7835 0.3684
vn 0.4063 0.6379 0.6543
vn 0.5618 0.4945 0.6632
vn 0.9186 0.1956 0.3434
vn 0.1301 0.2043 0.9702
vn 0.7465 0.1528 0.6476
vn 0.9104 -0.2446 0.3336
vn 0.1828 0.1527 0.9712
vn 0.7419 -0.1992 0.6402
vn 0.6979 -0.6284 0.3435
vn 0.2456 0.0445 0.9683
vn 0.5705 -0.5055 0.6473
vn 0.2882 -0.8835 0.3693
vn 0.2463 -0.0659 0.9669
vn 0.2393 -0.7086 0.6638
vn 0.0332 -0.7559 0.6539
vn 0.1907 -0.1619 0.9682
vn 0.0816 -0.2237 0.9712
vn 0.0103 -0.2415 0.9703
vn 0.2887 -0.8834 -0.3691
vn 0.2397 -0.7084 -0.6639
vn 0.6975 -0.6289 -0.3434
vn 0.0105 -0.2417 -0.9703
vn 0.5700 -0.5059 -0.6474
vn 0.9107 -0.2439 -0.3335
vn 0.0816 -0.2238 -0.9712
vn 0.7421 -0.1987 -0.6402
vn 0.9185 0.1953 -0.3437
vn 0.1906 -0.1620 -0.9682
vn 0.7466 0.1527 -0.6475
vn 0.6925 0.6206 -0.3678
vn 0.2462 -0.0659 -0.9670
vn 0.5619 0.4941 -0.6635
vn 0.4997 0.7843 -0.3675
vn 0.2456 0.0448 -0.9683
vn 0.4055 0.6377 -0.6549
vn 0.1830 0.1528 -0.9712
vn 0.1303 0.2044 -0.9702
vn 0.6922 0.6211 0.3677
vn 0.5006 0.7837 0.3677
vn 0.4061 0.6377 0.6545
vn 0.5616 0.4944 0.6635
vn 0.9188 0.1957 0.3428
vn 0.1295 0.2034 0.9705
vn 0.7462 0.1527 0.6480
vn 0.9106 -0.2447 0.3330
vn 0.1821 0.1520 0.9715
vn 0.7416 -0.1991 0.6406
vn 0.6981 -0.6286 0.3429
vn 0.2446 0.0443 0.9686
vn 0.5702 -0.5053 0.6477
vn 0.2883 -0.8837 0.3687
vn 0.2453 -0.0656 0.9672
vn 0.2392 -0.7083 0.6641
vn 0.0401 -0.9295 0.3667
vn 0.1900 -0.1612 0.9685
vn 0.0813 -0.2228 0.9715
vn 0.0103 -0.2405 0.9706
vn 0.2397 -0.7081 -0.6642
vn 0.6977 -0.6291 -0.3428
vn 0.0104 -0.2406 -0.9706
vn 0.5698 -0.5057 -0.6478
vn 0.9109 -0.2440 -0.3329
vn 0.0813 -0.2229 -0.9715
vn 0.7417 -0.1986 -0.6406
vn 0.9188 0.1954 -0.3431
vn 0.1899 -0.1613 -0.9685
vn 0.7463 0.1526 -0.6479
vn 0.6927 0.6208 -0.3672
vn 0.2452 -0.0656 -0.9672
vn 0.5617 0.4939 -0.6638
vn 0.4999 0.7846 -0.3669
vn 0.2446 0.0446 -0.9686
vn 0.4053 0.6376 -0.6552
vn 0.1823 0.1521 -0.9714
vn 0.1298 0.2035 -0.9704
vn -0.0327 0.7554 0.6544
vn -0.0395 0.9294 0.3669
vn -0.2884 0.8835 0.3692
vn -0.2396 0.7083 0.6640
vn -0.0105 0.2417 0.9703
vn -0.6978 0.6281 0.3444
vn -0.0816 0.2238 0.9712
vn -0.5698 0.5058 0.6477
vn -0.9112 0.2439 0.3322
vn -0.7426 0.1992 0.6394
vn -0.9188 -0.1948 0.3433
vn -0.1904 0.1621 0.9682
vn -0.7466 -0.1529 0.6475
vn -0.6915 -0.6206 0.3697
vn -0.2463 0.0658 0.9670
vn -0.5611 -0.4940 0.6641
vn -0.4987 -0.7845 0.3686
vn -0.4055 -0.6377 0.6549
vn -0.2461 -0.0451 0.9682
vn -0.1824 -0.1530 0.9712
vn -0.1303 -0.2044 0.9702
vn -0.4054 -0.6379 -0.6548
vn -0.4987 -0.7845 -0.3686
vn -0.6917 -0.6202 -0.3701
vn -0.5615 -0.4938 -0.6640
vn -0.1300 -0.2043 -0.9702
vn -0.9185 -0.1951 -0.3438
vn -0.1827 -0.1528 -0.9712
vn -0.7466 -0.1533 -0.6473
vn -0.9114 0.2435 -0.3319
vn -0.7426 0.1989 -0.6395
vn -0.6977 0.6284 -0.3440
vn -0.2461 -0.0453 -0.9682
vn -0.5696 0.5058 -0.6479
vn -0.2880 0.8835 -0.3695
vn -0.2463 0.0660 -0.9669
vn -0.2393 0.7086 -0.6638
vn -0.0402 0.9292 -0.3674
vn -0.1906 0.1620 -0.9682
vn -0.0331 0.7557 -0.6541
vn -0.0816 0.2237 -0.9712
vn -0.0103 0.2415 -0.9703
vn -0.0327 0.7552 0.6547
vn -0.0395 0.9297 0.3662
vn -0.2885 0.8837 0.3685
vn -0.2395 0.7081 0.6643
vn -0.0104 0.2406 0.9706
vn -0.6979 0.6282 0.3438
vn -0.0813 0.2229 0.9715
vn -0.5696 0.5056 0.6481
vn -0.9114 0.2439 0.3316
vn -0.7423 0.1991 0.6398
vn -0.9190 -0.1949 0.3427
vn -0.1896 0.1614 0.9685
vn -0.7463 -0.1529 0.6479
vn -0.6917 -0.6207 0.3690
vn -0.2453 0.0656 0.9672
vn -0.5609 -0.4938 0.6644
vn -0.4988 -0.7847 0.3679
vn -0.4053 -0.6376 0.6552
vn -0.2451 -0.0449 0.9685
vn -0.1817 -0.1524 0.9715
vn -0.1298 -0.2035 0.9704
vn -0.4053 -0.6377 -0.6551
vn -0.4988 -0.7847 -0.3679
vn -0.6919 -0.6204 -0.3694
vn -0.5613 -0.4936 -0.6642
vn -0.1295 -0.2034 -0.9705
vn -0.9188 -0.1952 -0.3432
vn -0.1819 -0.1522 -0.9715
vn -0.7463 -0.1532 -0.6477
vn -0.9116 0.2435 -0.3313
vn -0.7423 0.1989 -0.6399
vn -0.6979 0.6286 -0.3434
vn -0.2451 -0.0452 -0.9684
vn -0.5694 0.5056 -0.6482
vn -0.2881 0.8837 -0.3688
vn -0.2453 0.0657 -0.9672
vn -0.2392 0.7083 -0.6641
vn -0.0402 0.9294 -0.3668
vn -0.1898 0.1613 -0.9685
vn -0.0331 0.7555 -0.6543
vn -0.0813 0.2228 -0.9715
vn -0.0103 0.2404 -0.9706
vn -0.0324 0.7555 0.6543
vn -0.0408 0.9288 0.3683
vn -0.2884 0.8838 0.3684
vn -0.2391 0.7092 0.6632
vn -0.0103 0.2418 0.9703
vn -0.6979 0.6286 0.3431
vn -0.0817 0.2238 0.9712
vn -0.5704 0.5055 0.6474
vn -0.9111 0.2442 0.3321
vn -0.7424 0.1988 0.6397
vn -0.9185 -0.1953 0.3438
vn -0.1904 0.1616 0.9683
vn -0.7466 -0.1525 0.6476
vn -0.6914 -0.6212 0.3689
vn -0.2463 0.0661 0.9669
vn -0.5618 -0.4939 0.6636
vn -0.4996 -0.7847 0.3669
vn -0.4359 -0.6834 0.5856
vn -0.3193 -0.0584 0.9458
vn -0.2242 -0.1872 0.9564
vn -0.4358 -0.6835 0.5856
vn -0.2145 -0.3364 0.9169
vn -0.1301 -0.2041 0.9703
vn -0.4064 -0.6382 -0.6538
vn -0.4992 -0.7853 -0.3663
vn -0.6917 -0.6211 -0.3685
vn -0.5619 -0.4937 -0.6637
vn -0.1301 -0.2041 -0.9703
vn -0.9186 -0.1953 -0.3437
vn -0.1828 -0.1527 -0.9712
vn -0.7466 -0.1524 -0.6476
vn -0.9110 0.2443 -0.3322
vn -0.7425 0.1988 -0.6397
vn -0.6980 0.6285 -0.3433
vn -0.2457 -0.0448 -0.9683
vn -0.5705 0.5055 -0.6473
vn -0.2889 0.8838 -0.3680
vn -0.2463 0.0659 -0.9670
vn -0.2393 0.7089 -0.6634
vn -0.0400 0.9291 -0.3675
vn -0.1903 0.1617 -0.9683
vn -0.0319 0.7551 -0.6548
vn -0.0818 0.2239 -0.9712
vn -0.0104 0.2419 -0.9702
vn -0.0324 0.7553 0.6546
vn -0.0408 0.9291 0.3676
vn -0.2885 0.8840 0.3678
vn -0.2390 0.7089 0.6635
vn -0.0102 0.2408 0.9705
vn -0.6981 0.6288 0.3425
vn -0.0814 0.2228 0.9714
vn -0.5702 0.5052 0.6477
vn -0.9113 0.2442 0.3315
vn -0.7421 0.1987 0.6401
vn -0.9187 -0.1953 0.3432
vn -0.1897 0.1610 0.9686
vn -0.7463 -0.1524 0.6479
vn -0.6916 -0.6214 0.3683
vn -0.2453 0.0658 0.9672
vn -0.5616 -0.4938 0.6639
vn -0.4998 -0.7849 0.3663
vn -0.4069 -0.6380 0.6538
vn -0.2446 -0.0447 0.9686
vn -0.1821 -0.1521 0.9715
vn -0.1296 -0.2032 0.9705
vn -0.4063 -0.6380 -0.6541
vn -0.4993 -0.7855 -0.3657
vn -0.6919 -0.6213 -0.3679
vn -0.5617 -0.4935 -0.6640
vn -0.1296 -0.2032 -0.9705
vn -0.9188 -0.1953 -0.3431
vn -0.1820 -0.1521 -0.9715
vn -0.7463 -0.1523 -0.6480
vn -0.9112 0.2443 -0.3316
vn -0.7422 0.1987 -0.6401
vn -0.6982 0.6286 -0.3426
vn -0.2447 -0.0446 -0.9686
vn -0.5703 0.5053 -0.6477
vn -0.2889 0.8841 -0.3673
vn -0.2453 0.0656 -0.9672
vn -0.2392 0.7087 -0.6637
vn -0.0400 0.9294 -0.3669
vn -0.1895 0.1611 -0.9686
vn -0.0318 0.7549 -0.6551
vn -0.0814 0.2229 -0.9714
vn -0.0103 0.2409 -0.9705
vn -0.9550 0.2498 -0.1599
vn -0.9675 0.2530 -0.0000
vn -0.9006 0.4348 -0.0000
vn -0.8870 0.4313 -0.1652
vn -0.9174 0.2399 -0.3176
vn -0.6490 0.7608 -0.0000
vn -0.8523 0.4043 -0.3317
vn -0.6373 0.7507 -0.1740
vn -0.6116 0.7093 -0.3506
vn -0.2546 0.9505 -0.1781
vn 0.1817 0.9834 -0.0000
vn -0.2414 0.9016 -0.3590
vn 0.1766 0.9688 -0.1741
vn 0.5628 0.8266 -0.0000
vn 0.1749 0.9201 -0.3504
vn 0.5527 0.8168 -0.1653
vn 0.7116 0.7026 -0.0000
vn 0.5360 0.7763 -0.3318
vn 0.7024 0.6936 -0.1598
vn 0.6747 0.6664 -0.3174
vn 0.9551 -0.2492 -0.1599
vn 0.9676 -0.2525 -0.0000
vn 0.9007 -0.4345 -0.0000
vn 0.8870 -0.4311 -0.1656
vn 0.9174 -0.2395 -0.3179
vn 0.6487 -0.7610 -0.0000
vn 0.8521 -0.4041 -0.3326
vn 0.6371 -0.7508 -0.1743
vn 0.2587 -0.9659 -0.0000
vn 0.6114 -0.7093 -0.3509
vn 0.2546 -0.9505 -0.1779
vn -0.1815 -0.9834 -0.0000
vn 0.2416 -0.9018 -0.3584
vn -0.1765 -0.9688 -0.1741
vn -0.5628 -0.8266 -0.0000
vn -0.1748 -0.9201 -0.3506
vn -0.5527 -0.8168 -0.1656
vn -0.7116 -0.7026 -0.0000
vn -0.5360 -0.7760 -0.3324
vn -0.7024 -0.6936 -0.1601
vn -0.6746 -0.6663 -0.3179
vn 0.7315 0.1962 0.6530
vn 0.8395 0.2251 0.4945
vn 0.8191 0.2930 0.4932
vn 0.7177 0.2585 0.6466
vn 0.4152 0.1112 0.9029
vn 0.7086 0.4952 0.5027
vn 0.4142 0.1501 0.8977
vn 0.6258 0.4315 0.6498
vn 0.4728 0.7087 0.5236
vn 0.3661 0.2495 0.8965
vn 0.4204 0.6152 0.6669
vn 0.1460 0.8251 0.5459
vn -0.0158 0.0590 0.9981
vn 0.2454 0.3518 0.9033
vn 0.1331 0.7161 0.6852
vn -0.2156 0.8033 0.5552
vn 0.0773 0.4059 0.9106
vn -0.1869 0.6959 0.6934
vn -0.5385 0.6418 0.5461
vn -0.1054 0.3914 0.9142
vn -0.4729 0.5539 0.6853
vn -0.7640 0.3774 0.5234
vn -0.2699 0.3134 0.9105
vn -0.6717 0.3225 0.6669
vn -0.8612 0.0746 0.5028
vn -0.3882 0.1821 0.9034
vn -0.7577 0.0607 0.6498
vn -0.8558 -0.1558 0.4933
vn -0.4417 0.0328 0.8965
vn -0.8395 -0.2250 0.4945
vn -0.7316 -0.1961 0.6529
vn -0.7508 -0.1349 0.6466
vn -0.4153 -0.1113 0.9029
vn -0.4337 -0.0771 0.8977
vn -0.7317 -0.1961 0.6529
vn -0.8191 -0.2930 0.4932
vn -0.7176 -0.2586 0.6466
vn -0.7085 -0.4953 0.5027
vn -0.4141 -0.1501 0.8978
vn -0.6258 -0.4315 0.6497
vn -0.4731 -0.7087 0.5233
vn -0.3661 -0.2495 0.8965
vn -0.4204 -0.6152 0.6669
vn -0.1459 -0.8250 0.5460
vn 0.0159 -0.0590 0.9981
vn -0.2452 -0.3517 0.9034
vn -0.1331 -0.7160 0.6852
vn 0.2155 -0.8032 0.5553
vn -0.0776 -0.4060 0.9105
vn 0.1867 -0.6960 0.6933
vn 0.5386 -0.6417 0.5461
vn 0.1054 -0.3914 0.9142
vn 0.4729 -0.5539 0.6853
vn 0.7641 -0.3773 0.5233
vn 0.2699 -0.3134 0.9105
vn 0.6718 -0.3225 0.6669
vn 0.8612 -0.0746 0.5028
vn 0.3882 -0.1821 0.9034
vn 0.7577 -0.0607 0.6497
vn 0.8558 0.1558 0.4933
vn 0.4418 -0.0328 0.8965
vn 0.8396 0.2250 0.4945
vn 0.7317 0.1960 0.6529
vn 0.7508 0.1349 0.6466
vn 0.4153 0.1113 0.9028
vn 0.4338 0.0771 0.8977
vn 0.4764 -0.8753 -0.0835
vn 0.4706 -0.8785 -0.0827
vn 0.4870 -0.8732 -0.0189
vn 0.4946 -0.8689 -0.0183
vn 0.5016 -0.8650 -0.0150
vn 0.4729 -0.8797 0.0506
vn 0.4742 -0.8790 0.0508
vn 0.0281 -0.9984 0.0489
vn 0.0324 -0.9983 0.0486
vn 0.0149 -0.9998 -0.0162
vn 0.0064 -0.9998 -0.0170
vn -0.0024 -0.9999 -0.0150
vn 0.0299 -0.9958 -0.0860
vn 0.0276 -0.9959 -0.0865
vn -0.4764 0.8753 -0.0835
vn -0.4706 0.8785 -0.0827
vn -0.4870 0.8732 -0.0189
vn -0.4946 0.8689 -0.0183
vn -0.5016 0.8650 -0.0150
vn -0.4729 0.8797 0.0506
vn -0.4742 0.8790 0.0508
vn -0.0282 0.9984 0.0489
vn -0.0324 0.9983 0.0486
vn -0.0150 0.9998 -0.0162
vn -0.0068 0.9998 -0.0170
vn 0.0016 0.9999 -0.0150
vn -0.0299 0.9958 -0.0860
vn -0.0277 0.9959 -0.0865
vn -0.4058 0.6379 0.6546
vn -0.4994 0.7841 0.3685
vn -0.6914 0.6211 0.3691
vn -0.5616 0.4942 0.6636
vn -0.1300 0.2043 0.9702
vn -0.9184 0.1958 0.3437
vn -0.1828 0.1527 0.9712
vn -0.7464 0.1526 0.6477
vn -0.9109 -0.2436 0.3331
vn -0.7419 -0.1991 0.6403
vn -0.6978 -0.6281 0.3443
vn -0.2457 0.0448 0.9683
vn -0.5700 -0.5054 0.6478
vn -0.2880 -0.8835 0.3695
vn -0.2463 -0.0657 0.9670
vn -0.2393 -0.7086 0.6638
vn -0.0401 -0.9292 0.3674
vn -0.0331 -0.7559 0.6539
vn -0.1910 -0.1618 0.9682
vn -0.0816 -0.2237 0.9712
vn -0.0103 -0.2415 0.9704
vn -0.0327 -0.7556 -0.6543
vn -0.0394 -0.9295 -0.3668
vn -0.2884 -0.8835 -0.3692
vn -0.2396 -0.7083 -0.6640
vn -0.0105 -0.2417 -0.9703
vn -0.6977 -0.6281 -0.3444
vn -0.0816 -0.2238 -0.9712
vn -0.5700 -0.5055 -0.6477
vn -0.9108 -0.2433 -0.3335
vn -0.7421 -0.1989 -0.6401
vn -0.9184 0.1955 -0.3441
vn -0.1907 -0.1620 -0.9682
vn -0.7466 0.1525 -0.6476
vn -0.6916 0.6209 -0.3689
vn -0.2461 -0.0656 -0.9670
vn -0.5616 0.4940 -0.6637
vn -0.4991 0.7845 -0.3681
vn -0.2456 0.0449 -0.9683
vn -0.4055 0.6377 -0.6549
vn -0.1828 0.1528 -0.9712
vn -0.1303 0.2044 -0.9702
vn -0.4056 0.6377 0.6549
vn -0.4995 0.7843 0.3678
vn -0.6916 0.6212 0.3685
vn -0.5614 0.4940 0.6639
vn -0.1295 0.2034 0.9705
vn -0.9186 0.1959 0.3431
vn -0.1820 0.1521 0.9715
vn -0.7461 0.1526 0.6481
vn -0.9111 -0.2437 0.3325
vn -0.7416 -0.1990 0.6407
vn -0.6980 -0.6282 0.3437
vn -0.2447 0.0446 0.9686
vn -0.5698 -0.5052 0.6482
vn -0.2881 -0.8837 0.3688
vn -0.2453 -0.0654 0.9672
vn -0.2392 -0.7083 0.6641
vn -0.0401 -0.9295 0.3668
vn -0.0331 -0.7557 0.6541
vn -0.1902 -0.1612 0.9684
vn -0.0813 -0.2228 0.9715
vn -0.0103 -0.2405 0.9706
vn -0.0327 -0.7553 -0.6545
vn -0.0394 -0.9297 -0.3661
vn -0.2885 -0.8837 -0.3685
vn -0.2395 -0.7081 -0.6643
vn -0.0104 -0.2406 -0.9706
vn -0.6979 -0.6282 -0.3438
vn -0.0813 -0.2229 -0.9715
vn -0.5697 -0.5053 -0.6481
vn -0.9110 -0.2434 -0.3329
vn -0.7418 -0.1988 -0.6405
vn -0.9186 0.1956 -0.3435
vn -0.1899 -0.1613 -0.9685
vn -0.7463 0.1524 -0.6479
vn -0.6918 0.6211 -0.3683
vn -0.2451 -0.0653 -0.9673
vn -0.5614 0.4938 -0.6640
vn -0.4992 0.7847 -0.3675
vn -0.2446 0.0447 -0.9686
vn -0.4053 0.6376 -0.6552
vn -0.1821 0.1522 -0.9714
vn -0.1298 0.2035 -0.9704
vn -0.4056 0.6381 0.6545
vn -0.4998 0.7839 0.3685
vn -0.6917 0.6212 0.3683
vn -0.5617 0.4946 0.6632
vn -0.1297 0.2043 0.9703
vn -0.9184 0.1945 0.3446
vn -0.1830 0.1528 0.9712
vn -0.7463 0.1524 0.6480
vn -0.9109 -0.2441 0.3326
vn -0.7426 -0.1988 0.6396
vn -0.6978 -0.6282 0.3442
vn -0.2460 0.0447 0.9682
vn -0.5698 -0.5056 0.6479
vn -0.2884 -0.8834 0.3695
vn -0.2464 -0.0662 0.9669
vn -0.2397 -0.7085 0.6638
vn -0.1904 -0.1619 0.9683
vn -0.0819 -0.2238 0.9712
vn -0.0103 -0.2415 0.9703
vn -0.0327 -0.7556 -0.6542
vn -0.2887 -0.8834 -0.3692
vn -0.2399 -0.7083 -0.6639
vn -0.0105 -0.2416 -0.9703
vn -0.6978 -0.6280 -0.3444
vn -0.0819 -0.2238 -0.9712
vn -0.5699 -0.5055 -0.6478
vn -0.9108 -0.2448 -0.3325
vn -0.7424 -0.1992 -0.6397
vn -0.9182 0.1953 -0.3447
vn -0.1904 -0.1619 -0.9682
vn -0.7461 0.1529 -0.6480
vn -0.6924 0.6206 -0.3682
vn -0.2464 -0.0662 -0.9669
vn -0.5621 0.4940 -0.6633
vn -0.4990 0.7848 -0.3675
vn -0.2460 0.0447 -0.9682
vn -0.4047 0.6380 -0.6551
vn -0.1830 0.1529 -0.9712
vn -0.1298 0.2043 -0.9703
vn -0.4055 0.6379 0.6547
vn -0.4999 0.7841 0.3678
vn -0.6919 0.6214 0.3677
vn -0.5615 0.4944 0.6635
vn -0.1291 0.2034 0.9705
vn -0.9186 0.1946 0.3440
vn -0.1822 0.1522 0.9714
vn -0.7460 0.1523 0.6483
vn -0.9111 -0.2442 0.3320
vn -0.7422 -0.1988 0.6400
vn -0.6980 -0.6283 0.3435
vn -0.2450 0.0445 0.9685
vn -0.5696 -0.5054 0.6482
vn -0.2885 -0.8836 0.3689
vn -0.2454 -0.0659 0.9672
vn -0.2396 -0.7082 0.6641
vn -0.0401 -0.9294 0.3668
vn -0.1896 -0.1612 0.9685
vn -0.0815 -0.2228 0.9714
vn -0.0327 -0.7554 -0.6545
vn -0.0394 -0.9297 -0.3662
vn -0.2888 -0.8836 -0.3685
vn -0.2398 -0.7080 -0.6642
vn -0.6980 -0.6282 -0.3438
vn -0.0815 -0.2229 -0.9714
vn -0.9110 -0.2448 -0.3319
vn -0.7421 -0.1992 -0.6401
vn -0.9184 0.1953 -0.3441
vn -0.1897 -0.1613 -0.9685
vn -0.7458 0.1529 -0.6484
vn -0.6926 0.6207 -0.3675
vn -0.2454 -0.0659 -0.9672
vn -0.5619 0.4938 -0.6636
vn -0.4992 0.7850 -0.3669
vn -0.2450 0.0445 -0.9685
vn -0.4046 0.6378 -0.6553
vn -0.1822 0.1523 -0.9714
vn -0.1293 0.2035 -0.9705
vn 0.2887 0.8834 0.3692
vn 0.0394 0.9295 0.3668
vn 0.0327 0.7556 0.6543
vn 0.2397 0.7084 0.6639
vn 0.6980 0.6283 0.3434
vn 0.0105 0.2417 0.9703
vn 0.5704 0.5056 0.6474
vn 0.9112 0.2442 0.3318
vn 0.0817 0.2238 0.9712
vn 0.7424 0.1993 0.6396
vn 0.9188 -0.1948 0.3434
vn 0.1903 0.1617 0.9683
vn 0.7466 -0.1526 0.6475
vn 0.6915 -0.6211 0.3688
vn 0.2462 0.0660 0.9670
vn 0.5616 -0.4941 0.6637
vn 0.4989 -0.7848 0.3677
vn 0.4057 -0.6382 0.6543
vn 0.2457 -0.0449 0.9683
vn 0.1828 -0.1528 0.9712
vn 0.1303 -0.2044 0.9702
vn 0.6915 -0.6211 -0.3689
vn 0.4989 -0.7848 -0.3677
vn 0.4057 -0.6383 -0.6542
vn 0.5617 -0.4941 -0.6636
vn 0.9187 -0.1949 -0.3435
vn 0.1300 -0.2043 -0.9702
vn 0.7467 -0.1526 -0.6475
vn 0.9112 0.2441 -0.3318
vn 0.1828 -0.1527 -0.9712
vn 0.7425 0.1992 -0.6396
vn 0.6983 0.6283 -0.3431
vn 0.2457 -0.0448 -0.9683
vn 0.5704 0.5054 -0.6475
vn 0.2882 0.8835 -0.3693
vn 0.2462 0.0658 -0.9670
vn 0.2394 0.7085 -0.6639
vn 0.0401 0.9292 -0.3674
vn 0.1903 0.1617 -0.9683
vn 0.0332 0.7559 -0.6538
vn 0.0819 0.2237 -0.9712
vn 0.0103 0.2415 -0.9704
vn 0.2888 0.8836 0.3685
vn 0.0394 0.9297 0.3661
vn 0.0327 0.7553 0.6545
vn 0.2397 0.7081 0.6642
vn 0.6982 0.6285 0.3428
vn 0.0104 0.2406 0.9706
vn 0.5701 0.5054 0.6477
vn 0.9114 0.2442 0.3312
vn 0.0814 0.2228 0.9714
vn 0.7421 0.1992 0.6400
vn 0.9190 -0.1948 0.3428
vn 0.1896 0.1610 0.9686
vn 0.7463 -0.1525 0.6479
vn 0.6917 -0.6213 0.3682
vn 0.2451 0.0657 0.9673
vn 0.5614 -0.4939 0.6640
vn 0.4990 -0.7850 0.3670
vn 0.4056 -0.6380 0.6546
vn 0.2446 -0.0447 0.9686
vn 0.1821 -0.1522 0.9714
vn 0.1298 -0.2035 0.9704
vn 0.6917 -0.6212 -0.3683
vn 0.4990 -0.7850 -0.3671
vn 0.4056 -0.6381 -0.6545
vn 0.5615 -0.4939 -0.6639
vn 0.9189 -0.1949 -0.3429
vn 0.1295 -0.2034 -0.9705
vn 0.7464 -0.1525 -0.6478
vn 0.9114 0.2442 -0.3312
vn 0.1820 -0.1521 -0.9715
vn 0.7421 0.1991 -0.6400
vn 0.6985 0.6284 -0.3425
vn 0.2447 -0.0446 -0.9686
vn 0.5701 0.5052 -0.6478
vn 0.2883 0.8837 -0.3686
vn 0.2452 0.0656 -0.9673
vn 0.2393 0.7083 -0.6642
vn 0.0401 0.9295 -0.3667
vn 0.1895 0.1610 -0.9686
vn 0.0331 0.7557 -0.6541
vn 0.0815 0.2228 -0.9715
vn 0.0103 0.2404 -0.9706
vn 0.2881 0.8839 0.3684
vn 0.0409 0.9288 0.3683
vn 0.0324 0.7554 0.6545
vn 0.2389 0.7092 0.6633
vn 0.6977 0.6284 0.3441
vn 0.0103 0.2418 0.9703
vn 0.5699 0.5057 0.6477
vn 0.9111 0.2439 0.3324
vn 0.0816 0.2238 0.9712
vn 0.7426 0.1987 0.6396
vn 0.9185 -0.1953 0.3437
vn 0.1905 0.1621 0.9682
vn 0.7465 -0.1528 0.6476
vn 0.6914 -0.6206 0.3698
vn 0.2464 0.0660 0.9669
vn 0.5614 -0.4938 0.6641
vn 0.4995 -0.7844 0.3678
vn 0.4067 -0.6378 0.6541
vn 0.2461 -0.0451 0.9682
vn 0.1824 -0.1529 0.9713
vn 0.1301 -0.2041 0.9703
vn 0.6918 -0.6202 -0.3697
vn 0.4990 -0.7850 -0.3672
vn 0.4062 -0.6378 -0.6544
vn 0.5617 -0.4934 -0.6641
vn 0.9184 -0.1955 -0.3440
vn 0.1301 -0.2041 -0.9703
vn 0.7465 -0.1531 -0.6475
vn 0.9112 0.2436 -0.3323
vn 0.1827 -0.1528 -0.9712
vn 0.7426 0.1986 -0.6396
vn 0.6974 0.6286 -0.3442
vn 0.2461 -0.0453 -0.9682
vn 0.5697 0.5059 -0.6477
vn 0.2887 0.8838 -0.3682
vn 0.2464 0.0660 -0.9669
vn 0.2393 0.7090 -0.6634
vn 0.0400 0.9291 -0.3676
vn 0.1906 0.1620 -0.9682
vn 0.0318 0.7549 -0.6550
vn 0.0815 0.2238 -0.9712
vn 0.0104 0.2419 -0.9702
vn 0.2882 0.8841 0.3678
vn 0.0409 0.9291 0.3677
vn 0.0324 0.7551 0.6548
vn 0.2388 0.7089 0.6636
vn 0.6978 0.6285 0.3435
vn 0.0102 0.2408 0.9705
vn 0.5697 0.5054 0.6481
vn 0.9113 0.2439 0.3318
vn 0.0813 0.2229 0.9715
vn 0.7423 0.1987 0.6400
vn 0.9188 -0.1954 0.3431
vn 0.1897 0.1614 0.9685
vn 0.7462 -0.1528 0.6479
vn 0.6916 -0.6208 0.3692
vn 0.2454 0.0657 0.9672
vn 0.5612 -0.4936 0.6644
vn 0.4996 -0.7846 0.3671
vn 0.4066 -0.6376 0.6543
vn 0.2451 -0.0449 0.9685
vn 0.1817 -0.1522 0.9715
vn 0.1296 -0.2032 0.9705
vn 0.6920 -0.6204 -0.3691
vn 0.4991 -0.7852 -0.3666
vn 0.4061 -0.6376 -0.6547
vn 0.5615 -0.4932 -0.6644
vn 0.9186 -0.1956 -0.3434
vn 0.1296 -0.2032 -0.9705
vn 0.7462 -0.1530 -0.6479
vn 0.9114 0.2437 -0.3317
vn 0.1819 -0.1522 -0.9715
vn 0.7423 0.1985 -0.6400
vn 0.6976 0.6288 -0.3436
vn 0.2451 -0.0451 -0.9684
vn 0.5695 0.5057 -0.6480
vn 0.2888 0.8840 -0.3675
vn 0.2453 0.0658 -0.9672
vn 0.2392 0.7087 -0.6637
vn 0.0400 0.9294 -0.3669
vn 0.1898 0.1613 -0.9685
vn 0.0318 0.7547 -0.6553
vn 0.0812 0.2229 -0.9715
vn 0.0103 0.2409 -0.9705
vn -0.0000 0.9998 0.0196
vn -0.0000 0.9998 0.0197
vn -0.0000 0.9978 0.0664
vn -0.0000 0.9978 0.0667
vn -0.0000 0.9956 0.0940
vn -0.6293 0.1687 -0.7586
vn -0.6124 -0.3537 -0.7070
vn -0.7152 -0.1338 -0.6860
vn -0.5525 0.4734 -0.6860
vn -0.3538 0.6129 -0.7066
vn -0.3539 0.6131 -0.7064
vn 0.1686 0.6293 -0.7586
vn -0.1338 0.7152 -0.6860
vn 0.4733 0.5526 -0.6860
vn 0.6125 0.3536 -0.7070
vn -0.0122 -0.8870 -0.4615
vn -0.2583 -0.9661 0.0012
vn -0.2516 -0.9374 -0.2409
vn 0.1457 -0.7111 -0.6878
vn 0.3535 -0.6126 -0.7070
vn 0.3535 -0.6125 -0.7070
vn 0.7745 -0.4323 -0.4618
vn 0.5429 -0.4812 -0.6883
vn 0.9378 -0.2499 -0.2411
vn 0.9666 -0.2564 0.0011
vn 0.9661 -0.2581 0.0012
vn 0.9657 -0.2596 0.0012
vn 0.9657 -0.2597 0.0012
vn 0.6125 -0.3536 -0.7070
vn 0.6293 0.1687 -0.7586
vn 0.7153 -0.1337 -0.6860
vn 0.5526 0.4733 -0.6860
vn 0.3538 0.6127 -0.7067
vn 0.3538 0.6128 -0.7066
vn -0.1685 0.6294 -0.7586
vn 0.1336 0.7154 -0.6858
vn -0.4733 0.5526 -0.6860
vn -0.6124 0.3537 -0.7070
vn 0.2587 -0.9660 0.0012
vn 0.0119 -0.8870 -0.4616
vn 0.2512 -0.9375 -0.2408
vn -0.1458 -0.7111 -0.6878
vn -0.3535 -0.6123 -0.7072
vn -0.3534 -0.6122 -0.7074
vn -0.7741 -0.4333 -0.4616
vn -0.5431 -0.4818 -0.6877
vn -0.9375 -0.2512 -0.2407
vn -0.9659 -0.2590 0.0012
vn -0.9661 -0.2581 0.0012
vn -0.9661 -0.2583 0.0012
vn -0.8660 0.5001 0.0015
vn -0.8659 0.5003 0.0015
vn -0.8646 0.5025 0.0015
vn -0.8644 0.5029 0.0014
vn -0.8631 0.5050 0.0014
vn -0.8657 0.5005 0.0015
vn -0.8626 0.5059 0.0011
vn -0.8640 0.5035 0.0014
vn -0.8657 0.5005 0.0008
vn -0.8621 0.5067 0.0011
vn -0.8673 0.4977 -0.0020
vn -0.8637 0.5039 0.0010
vn -0.8617 0.5075 0.0009
vn 0.0886 -0.5723 0.8152
vn 0.1657 -0.4114 0.8963
vn 0.1650 -0.4117 0.8963
vn 0.0661 -0.4528 0.8892
vn 0.0571 -0.4539 0.8892
vn -0.0000 -0.6025 0.7981
vn -0.0000 -0.4534 0.8913
vn 0.0906 -0.7053 0.7031
vn -0.0571 -0.4539 0.8892
vn 0.0865 -0.7165 0.6922
vn 0.0880 -0.7172 0.6912
vn -0.0000 -0.7203 0.6936
vn 0.0851 -0.7139 0.6951
vn -0.0000 -0.7206 0.6933
vn -0.0880 -0.7172 0.6913
vn -0.0849 -0.7137 0.6953
vn -0.0906 -0.7053 0.7031
vn -0.0867 -0.7165 0.6922
vn -0.0885 -0.5723 0.8152
vn -0.0661 -0.4528 0.8892
vn -0.1645 -0.4119 0.8963
vn -0.1653 -0.4116 0.8962
vn -0.0841 0.8790 -0.4693
vn -0.0462 0.8727 -0.4860
vn -0.0724 0.6457 -0.7602
vn -0.1468 0.6565 -0.7399
vn -0.1669 0.8947 -0.4143
vn -0.0931 0.1929 -0.9768
vn -0.2962 0.6815 -0.6692
vn -0.2418 0.9175 -0.3157
vn -0.1946 0.1985 -0.9606
vn -0.4476 0.7166 -0.5349
vn -0.2967 0.9392 -0.1730
vn -0.4047 0.2124 -0.8895
vn -0.1967 -0.1396 -0.9705
vn -0.0945 -0.1326 -0.9867
vn -0.4090 -0.1585 -0.8987
vn -0.1841 -0.3562 -0.9161
vn -0.0898 -0.3434 -0.9349
vn -0.3780 -0.3903 -0.8395
vn -0.1886 -0.2101 -0.9593
vn -0.0939 -0.2024 -0.9748
vn -0.0960 0.0105 -0.9953
vn -0.1971 0.0096 -0.9803
vn -0.4113 0.0076 -0.9115
vn -0.3920 -0.2313 -0.8904
vn -0.6519 0.0036 -0.7583
vn -0.6183 -0.2673 -0.7391
vn -0.8889 -0.0005 -0.4582
vn -0.5826 -0.4444 -0.6805
vn -0.8389 -0.3119 -0.4460
vn -1.0000 -0.0030 -0.0003
vn -0.6439 -0.1886 -0.7415
vn -0.7669 -0.5029 -0.3987
vn -0.9420 -0.3356 -0.0003
vn -0.8888 -0.0010 0.4583
vn -0.6375 0.2349 -0.7337
vn -0.8690 -0.2202 -0.4430
vn -0.8478 -0.5303 -0.0003
vn -0.8388 -0.3119 0.4463
vn -0.6184 -0.2673 0.7390
vn -0.6520 0.0036 0.7582
vn -0.7668 -0.5028 0.3989
vn -0.3921 -0.2314 0.8903
vn -0.4113 0.0074 0.9115
vn -0.1970 0.0094 0.9804
vn -0.5826 -0.4444 0.6805
vn -0.3782 -0.3904 0.8394
vn -0.1885 -0.2105 0.9593
vn 0.0001 0.0104 0.9999
vn 0.0002 -0.2033 0.9791
vn 0.1972 0.0096 0.9803
vn -0.1839 -0.3561 0.9162
vn 0.1886 -0.2104 0.9593
vn 0.4112 0.0076 0.9115
vn 0.0001 -0.3448 0.9387
vn -0.4090 -0.1584 0.8987
vn -0.1967 -0.1391 0.9705
vn 0.3918 -0.2315 0.8904
vn 0.6519 0.0033 0.7583
vn 0.1840 -0.3562 0.9161
vn 0.0001 -0.1332 0.9911
vn 0.6184 -0.2675 0.7390
vn 0.8889 -0.0008 0.4582
vn 0.3779 -0.3904 0.8395
vn 0.8389 -0.3121 0.4460
vn 1.0000 -0.0026 0.0002
vn 0.5827 -0.4443 0.6805
vn 0.1968 -0.1393 0.9705
vn 0.9421 -0.3354 0.0001
vn 0.8887 -0.0008 -0.4585
vn 0.7669 -0.5030 0.3986
vn 0.8388 -0.3120 -0.4461
vn 0.4089 -0.1585 0.8987
vn 0.6439 -0.1884 0.7415
vn 0.8478 -0.5304 0.0001
vn 0.8691 -0.2202 0.4429
vn 0.4046 0.2123 0.8895
vn 0.6375 0.2348 0.7338
vn 0.9721 -0.2348 0.0003
vn 0.1947 0.1982 0.9606
vn 0.8608 0.2586 0.4383
vn 0.0001 0.1937 0.9811
vn 0.7668 -0.5030 -0.3988
vn -0.1948 0.1983 0.9606
vn 0.1469 0.6563 0.7401
vn -0.0000 0.6474 0.7622
vn -0.4046 0.2123 0.8895
vn 0.0841 0.8790 0.4693
vn 0.1669 0.8947 0.4143
vn -0.0000 0.8737 0.4865
vn 0.2962 0.6814 0.6693
vn 0.2418 0.9175 0.3157
vn 0.4478 0.7165 0.5349
vn 0.2967 0.9392 0.1730
vn 0.5830 0.7504 0.3115
vn 0.3174 0.9483 -0.0001
vn 0.6439 0.7652 -0.0000
vn 0.2967 0.9392 -0.1729
vn 0.9631 0.2690 0.0002
vn 0.5830 0.7503 -0.3116
vn 0.2418 0.9176 -0.3157
vn 0.8689 -0.2203 -0.4433
vn 0.8607 0.2587 -0.4385
vn 0.4477 0.7165 -0.5350
vn 0.1669 0.8947 -0.4143
vn 0.6375 0.2348 -0.7338
vn 0.2962 0.6814 -0.6692
vn 0.0841 0.8790 -0.4694
vn 0.6439 -0.1885 -0.7415
vn 0.4047 0.2124 -0.8894
vn 0.1468 0.6566 -0.7398
vn 0.0463 0.8727 -0.4860
vn 0.0723 0.6457 -0.7601
vn 0.1948 0.1986 -0.9605
vn 0.0928 0.1930 -0.9768
vn 0.0941 -0.1327 -0.9867
vn 0.4091 -0.1584 -0.8986
vn 0.1968 -0.1396 -0.9705
vn 0.0896 -0.3434 -0.9349
vn 0.1838 -0.3561 -0.9162
vn 0.0937 -0.2023 -0.9748
vn 0.5827 -0.4443 -0.6805
vn 0.3782 -0.3905 -0.8394
vn 0.1884 -0.2101 -0.9594
vn 0.0958 0.0103 -0.9953
vn 0.1971 0.0094 -0.9803
vn 0.6183 -0.2675 -0.7390
vn 0.6518 0.0033 -0.7584
vn 0.3922 -0.2316 -0.8902
vn 0.4115 0.0074 -0.9114
vn 0.8658 0.5004 0.0011
vn 0.8666 0.4989 -0.0006
vn 0.8637 0.5041 0.0013
vn 0.8657 0.5006 0.0016
vn 0.8639 0.5037 0.0014
vn 0.8617 0.5074 0.0013
vn 0.8659 0.5001 0.0015
vn 0.8622 0.5065 0.0011
vn 0.8646 0.5024 0.0015
vn 0.8660 0.5000 0.0015
vn 0.8644 0.5029 0.0013
vn 0.8628 0.5056 0.0009
vn 0.8631 0.5050 0.0013
vn 0.3542 0.9271 -0.1229
vn 0.3541 0.9271 -0.1229
vn 0.3538 0.9271 -0.1235
vn 0.3539 0.9272 -0.1228
vn 0.2664 0.9558 -0.1246
vn 0.3543 0.9270 -0.1226
vn 0.3542 0.9272 -0.1223
vn 0.3784 0.9164 -0.1306
vn 0.2976 0.9465 -0.1248
vn 0.3534 0.9273 -0.1231
vn 0.3535 0.9274 -0.1227
vn 0.2719 0.9541 -0.1251
vn 0.2703 0.9546 -0.1253
vn 0.3097 0.9427 -0.1245
vn 0.1873 0.9744 -0.1245
vn 0.1936 0.9731 -0.1250
vn 0.1043 0.9869 -0.1230
vn 0.1895 0.9739 -0.1246
vn -0.0880 -0.9878 0.1285
vn 0.1668 0.9783 -0.1226
vn 0.0950 0.9879 -0.1228
vn -0.0000 0.9926 -0.1211
vn -0.0000 0.9926 -0.1218
vn -0.1043 0.9869 -0.1230
vn -0.0949 0.9879 -0.1228
vn -0.1668 0.9783 -0.1226
vn -0.2664 0.9558 -0.1247
vn -0.1895 0.9739 -0.1246
vn 0.1162 0.9854 -0.1246
vn -0.1873 0.9744 -0.1246
vn -0.2976 0.9465 -0.1247
vn -0.1936 0.9731 -0.1250
vn -0.2703 0.9546 -0.1253
vn -0.2720 0.9541 -0.1251
vn -0.3101 0.9425 -0.1246
vn -0.3535 0.9273 -0.1231
vn -0.3535 0.9274 -0.1227
vn -0.3543 0.9270 -0.1227
vn -0.3755 0.9177 -0.1297
vn -0.3541 0.9272 -0.1224
vn -0.3539 0.9271 -0.1232
vn -0.3542 0.9271 -0.1229
vn -0.3541 0.9271 -0.1229
vn 0.1270 0.9908 -0.0466
vn 0.2057 0.9777 -0.0422
vn 0.2050 0.9778 -0.0438
vn 0.2030 0.9781 -0.0451
vn 0.1338 0.9899 -0.0467
vn 0.0723 0.9962 -0.0478
vn 0.0723 0.9962 -0.0479
vn -0.2056 0.9777 -0.0424
vn -0.1270 0.9908 -0.0466
vn -0.2050 0.9778 -0.0439
vn -0.2029 0.9782 -0.0451
vn -0.1337 0.9899 -0.0467
vn -0.0723 0.9962 -0.0478
vn -0.0723 0.9962 -0.0479
vn 0.9359 -0.1669 -0.3102
vn 0.9476 -0.0895 -0.3068
vn 0.9842 -0.0928 -0.1508
vn 0.9721 -0.1754 -0.1558
vn 0.9956 -0.0938 -0.0000
vn 0.9539 -0.2555 -0.1576
vn 0.9180 -0.2459 -0.3113
vn 0.9180 -0.2458 -0.3113
vn 0.9888 -0.1492 -0.0000
vn 0.9842 -0.1770 -0.0000
vn 0.9659 -0.2590 -0.0000
vn 0.8941 -0.3237 -0.3096
vn 0.9296 -0.3342 -0.1555
vn 0.8651 -0.3964 -0.3072
vn 0.9310 -0.3650 -0.0000
vn 0.8988 -0.4116 -0.1511
vn 0.9409 -0.3388 -0.0000
vn 0.9659 -0.2588 0.0001
vn 0.9092 -0.4164 -0.0000
vn -0.9362 0.1669 -0.3095
vn -0.9476 0.0891 -0.3068
vn -0.9842 0.0927 -0.1507
vn -0.9722 0.1753 -0.1554
vn -0.9956 0.0938 -0.0000
vn -0.9539 0.2556 -0.1575
vn -0.9179 0.2460 -0.3113
vn -0.9181 0.2461 -0.3107
vn -0.9888 0.1492 -0.0000
vn -0.9842 0.1770 -0.0000
vn -0.9539 0.2557 -0.1572
vn -0.8941 0.3236 -0.3096
vn -0.9296 0.3341 -0.1555
vn -0.8652 0.3964 -0.3070
vn -0.9310 0.3650 -0.0000
vn -0.8988 0.4116 -0.1510
vn -0.9408 0.3388 -0.0000
vn -0.9092 0.4164 -0.0000
vn -0.9842 -0.0928 -0.1508
vn -0.9476 -0.0895 -0.3068
vn -0.9359 -0.1669 -0.3101
vn -0.9721 -0.1754 -0.1558
vn -0.9956 -0.0938 -0.0000
vn -0.9538 -0.2556 -0.1576
vn -0.9180 -0.2459 -0.3113
vn -0.9181 -0.2461 -0.3107
vn -0.9888 -0.1492 -0.0000
vn -0.9842 -0.1770 -0.0000
vn -0.9539 -0.2557 -0.1573
vn -0.8940 -0.3233 -0.3102
vn -0.9296 -0.3341 -0.1558
vn -0.8652 -0.3965 -0.3070
vn -0.9309 -0.3652 -0.0000
vn -0.8986 -0.4120 -0.1507
vn -0.9408 -0.3390 -0.0000
vn -0.9090 -0.4168 -0.0000
vn 0.9842 0.0928 -0.1508
vn 0.9476 0.0895 -0.3068
vn 0.9360 0.1670 -0.3100
vn 0.9721 0.1754 -0.1557
vn 0.9956 0.0938 -0.0000
vn 0.9539 0.2556 -0.1573
vn 0.9181 0.2461 -0.3106
vn 0.9180 0.2460 -0.3112
vn 0.9888 0.1493 -0.0000
vn 0.9659 0.2587 -0.0000
vn 0.9842 0.1770 -0.0000
vn 0.9539 0.2555 -0.1576
vn 0.8940 0.3233 -0.3103
vn 0.9295 0.3342 -0.1558
vn 0.8652 0.3965 -0.3068
vn 0.9309 0.3653 -0.0000
vn 0.8986 0.4120 -0.1506
vn 0.9408 0.3389 0.0001
vn 0.9660 0.2585 0.0002
vn 0.9090 0.4168 -0.0000
vn -0.4996 0.8663 -0.0000
vn -0.4999 0.8661 -0.0000
vn -0.5002 0.8659 -0.0000
vn 0.0208 0.0152 -0.9997
vn 0.0222 0.0128 -0.9997
vn -0.0222 -0.0128 -0.9997
vn -0.0236 -0.0104 -0.9997
vn -0.0015 0.0027 -1.0000
vn 0.0118 0.0160 -0.9998
vn -0.0198 -0.0022 -0.9998
vn -0.0043 0.0075 -1.0000
vn 0.4999 0.8661 -0.0000
vn 0.4998 0.8661 -0.0000
vn 0.5000 0.8660 -0.0000
vn -0.0222 0.0128 -0.9997
vn -0.0208 0.0152 -0.9997
vn 0.0236 -0.0105 -0.9997
vn 0.0222 -0.0128 -0.9997
vn 0.0015 0.0027 -1.0000
vn -0.0119 0.0160 -0.9998
vn 0.0198 -0.0022 -0.9998
vn 0.0043 0.0075 -1.0000
vn -0.5952 -0.7710 0.2264
vn -0.7060 -0.7070 -0.0422
vn -0.3698 -0.9289 -0.0215
vn -0.2909 -0.8930 0.3435
vn -0.2043 -0.6922 0.6922
vn 0.2045 -0.6922 0.6922
vn 0.2939 -0.8933 0.3402
vn 0.3746 -0.9271 -0.0139
vn 0.5919 -0.7758 0.2187
vn 0.6993 -0.7143 -0.0270
vn 0.0719 0.9963 -0.0477
vn 0.0720 0.9962 -0.0480
vn 0.0721 0.9962 -0.0479
vn 0.1446 0.9885 -0.0447
vn 0.1375 0.9894 -0.0467
vn 0.1880 0.9812 -0.0425
vn 0.0726 0.9962 -0.0479
vn 0.0724 0.9962 -0.0478
vn 0.1445 0.9884 -0.0465
vn 0.1407 0.9890 -0.0451
vn 0.1984 0.9791 -0.0449
vn 0.2062 0.9775 -0.0452
vn 0.1923 0.9805 -0.0402
vn 0.1592 0.9862 -0.0450
vn 0.2009 0.9788 -0.0406
vn 0.1899 0.9809 -0.0413
vn 0.1881 0.9813 -0.0418
vn 0.1797 0.9828 -0.0435
vn 0.1777 0.9832 -0.0420
vn 0.1995 0.9791 -0.0404
vn 0.1664 0.9854 -0.0374
vn 0.2465 0.9688 -0.0264
vn 0.1592 0.9866 -0.0351
vn 0.1887 0.9817 -0.0254
vn 0.2089 0.9768 -0.0470
vn 0.1870 0.9820 -0.0250
vn 0.2062 0.9777 -0.0405
vn 0.2190 0.9757 -0.0078
vn 0.2179 0.9751 -0.0404
vn 0.2360 0.9714 -0.0261
vn 0.2031 0.9782 -0.0424
vn 0.2162 0.9760 -0.0252
vn 0.2472 0.9686 -0.0249
vn 0.1981 0.9798 -0.0274
vn 0.2604 0.9652 -0.0236
vn 0.3084 0.9511 -0.0189
vn 0.2342 0.9719 -0.0222
vn 0.2216 0.9751 -0.0013
vn 0.3009 0.9536 0.0065
vn 0.1601 0.9870 -0.0164
vn 0.2068 0.9749 0.0826
vn 0.2728 0.9620 -0.0094
vn 0.2722 0.9622 -0.0065
vn 0.3600 0.9326 0.0267
vn 0.3661 0.9306 -0.0024
vn 0.3277 0.9448 -0.0015
vn 0.3298 0.9440 -0.0070
vn 0.2949 0.9552 -0.0243
vn 0.2615 0.9649 -0.0257
vn 0.2299 0.9722 -0.0442
vn 0.2363 0.9709 -0.0400
vn 0.2381 0.9704 -0.0406
vn 0.2223 0.9741 -0.0407
vn 0.2313 0.9721 -0.0402
vn 0.2266 0.9731 -0.0420
vn 0.2015 0.9789 -0.0340
vn 0.0055 0.9998 0.0203
vn 0.1280 0.9907 -0.0455
vn 0.1995 0.9789 -0.0435
vn 0.1506 0.9875 -0.0465
vn 0.2020 0.9783 -0.0450
vn 0.0722 0.9962 -0.0476
vn 0.0767 0.9959 -0.0488
vn 0.1399 0.9891 -0.0464
vn 0.2031 0.9782 -0.0439
vn 0.1435 0.9885 -0.0466
vn 0.0719 0.9963 -0.0478
vn 0.0717 0.9963 -0.0477
vn 0.0718 0.9963 -0.0477
vn 0.0465 0.9981 -0.0412
vn 0.1375 0.9894 -0.0466
vn 0.1631 0.9855 -0.0460
vn 0.2148 0.9756 -0.0447
vn 0.1246 0.9911 -0.0470
vn 0.2051 0.9769 -0.0602
vn 0.2163 0.9754 -0.0432
vn -0.0720 0.9963 -0.0480
vn -0.0719 0.9963 -0.0477
vn -0.0721 0.9962 -0.0479
vn -0.0720 0.9963 -0.0477
vn -0.1446 0.9885 -0.0446
vn -0.1376 0.9894 -0.0467
vn -0.0725 0.9962 -0.0479
vn -0.1880 0.9812 -0.0425
vn -0.0724 0.9962 -0.0478
vn -0.1447 0.9884 -0.0465
vn -0.1407 0.9890 -0.0451
vn -0.1978 0.9792 -0.0448
vn -0.2062 0.9775 -0.0452
vn -0.1924 0.9805 -0.0402
vn -0.1591 0.9862 -0.0461
vn -0.2010 0.9787 -0.0406
vn -0.1899 0.9809 -0.0413
vn -0.1881 0.9813 -0.0418
vn -0.1798 0.9827 -0.0435
vn -0.1778 0.9832 -0.0418
vn -0.1995 0.9791 -0.0404
vn -0.1664 0.9854 -0.0374
vn -0.2465 0.9688 -0.0264
vn -0.1592 0.9866 -0.0351
vn -0.1887 0.9817 -0.0254
vn -0.2089 0.9768 -0.0470
vn -0.1870 0.9820 -0.0250
vn -0.2063 0.9777 -0.0405
vn -0.2180 0.9751 -0.0403
vn -0.2190 0.9757 -0.0078
vn -0.2031 0.9782 -0.0424
vn -0.2359 0.9714 -0.0262
vn -0.2020 0.9783 -0.0450
vn -0.1995 0.9789 -0.0435
vn -0.1399 0.9891 -0.0464
vn -0.2015 0.9789 -0.0339
vn -0.2031 0.9782 -0.0440
vn -0.1437 0.9885 -0.0466
vn -0.0719 0.9963 -0.0478
vn -0.0717 0.9963 -0.0477
vn -0.2313 0.9721 -0.0402
vn -0.0063 0.9998 0.0202
vn -0.1280 0.9907 -0.0456
vn -0.1505 0.9875 -0.0466
vn -0.0722 0.9962 -0.0477
vn -0.0774 0.9958 -0.0489
vn -0.2362 0.9709 -0.0401
vn -0.0721 0.9963 -0.0478
vn -0.0718 0.9963 -0.0477
vn -0.0720 0.9963 -0.0478
vn -0.1189 0.9918 -0.0470
vn -0.1631 0.9855 -0.0460
vn -0.2148 0.9756 -0.0447
vn -0.1246 0.9911 -0.0470
vn -0.2222 0.9741 -0.0407
vn -0.2049 0.9769 -0.0606
vn -0.2162 0.9754 -0.0432
vn -0.2267 0.9731 -0.0420
vn -0.2615 0.9649 -0.0257
vn -0.2380 0.9704 -0.0406
vn -0.2301 0.9722 -0.0441
vn -0.2949 0.9552 -0.0243
vn -0.3275 0.9449 -0.0015
vn -0.3296 0.9441 -0.0071
vn -0.2067 0.9749 0.0826
vn -0.2471 0.9687 -0.0250
vn -0.3598 0.9327 0.0267
vn -0.2607 0.9651 -0.0234
vn -0.3661 0.9306 -0.0024
vn -0.3085 0.9510 -0.0182
vn -0.2716 0.9624 -0.0066
vn -0.2729 0.9620 -0.0095
vn -0.3011 0.9536 0.0067
vn -0.1600 0.9870 -0.0164
vn -0.2346 0.9719 -0.0219
vn -0.2217 0.9751 -0.0012
vn -0.1981 0.9798 -0.0274
vn -0.2164 0.9760 -0.0250
vn 0.4832 -0.7490 -0.4534
vn 0.3440 -0.7909 -0.5061
vn 0.2327 -0.8295 -0.5078
vn 0.2513 -0.8577 -0.4485
vn -0.0000 -0.8624 -0.5063
vn 0.5323 -0.7782 -0.3332
vn -0.0000 -0.8950 -0.4460
vn 0.2804 -0.9001 -0.3334
vn -0.2513 -0.8577 -0.4485
vn -0.2327 -0.8294 -0.5078
vn -0.3440 -0.7909 -0.5061
vn -0.4832 -0.7490 -0.4534
vn -0.2803 -0.9002 -0.3334
vn -0.5322 -0.7782 -0.3332
vn -0.0000 -0.9428 -0.3333
vn -0.5615 -0.7996 -0.2128
vn -0.2976 -0.9311 -0.2111
vn 0.2977 -0.9310 -0.2111
vn -0.5794 -0.8026 -0.1417
vn -0.3100 -0.9416 -0.1314
vn -0.7856 -0.5983 -0.1580
vn -0.0000 -0.9777 -0.2100
vn 0.0001 -0.9918 -0.1278
vn 0.3099 -0.9416 -0.1315
vn 0.5794 -0.8027 -0.1416
vn 0.5614 -0.7997 -0.2128
vn 0.7856 -0.5981 -0.1581
vn 0.7707 -0.6015 -0.2105
vn 0.9172 -0.3427 -0.2035
vn 0.9269 -0.3353 -0.1688
vn 0.7368 -0.5896 -0.3309
vn 0.9815 -0.0293 -0.1894
vn 0.9865 -0.0253 -0.1621
vn 0.8823 -0.3429 -0.3224
vn 0.6802 -0.5752 -0.4544
vn 0.5596 -0.6581 -0.5038
vn 0.6490 -0.5700 -0.5040
vn 0.8282 -0.3402 -0.4453
vn 0.8001 -0.3480 -0.4886
vn 0.9531 -0.0362 -0.3006
vn 0.9074 -0.0389 -0.4185
vn 0.8872 -0.0628 -0.4571
vn 0.8716 0.2859 -0.3982
vn 0.8752 0.3224 -0.3608
vn 0.7108 0.6335 -0.3055
vn 0.9127 0.3197 -0.2547
vn 0.7007 0.6606 -0.2696
vn 0.4511 0.8687 -0.2045
vn 0.9328 0.3227 -0.1605
vn 0.9374 0.3203 -0.1368
vn 0.7372 0.6494 -0.1868
vn 0.4471 0.8769 -0.1767
vn 0.2048 0.9692 -0.1365
vn 0.7552 0.6448 -0.1177
vn 0.7631 0.6391 -0.0958
vn 0.4816 0.8680 -0.1210
vn 0.2080 0.9711 -0.1167
vn -0.0000 0.9935 -0.1138
vn 0.5001 0.8627 -0.0750
vn 0.5098 0.8586 -0.0546
vn 0.2290 0.9702 -0.0794
vn 0.2412 0.9694 -0.0462
vn 0.2480 0.9684 -0.0278
vn -0.0000 0.9953 -0.0969
vn -0.0000 0.9978 -0.0658
vn -0.0000 0.9993 -0.0364
vn -0.0000 0.9998 -0.0191
vn -0.2479 0.9684 -0.0278
vn -0.2412 0.9694 -0.0462
vn -0.5098 0.8586 -0.0546
vn -0.2290 0.9702 -0.0794
vn -0.5003 0.8626 -0.0749
vn -0.7632 0.6390 -0.0956
vn -0.2080 0.9712 -0.1167
vn -0.2048 0.9692 -0.1365
vn -0.4816 0.8680 -0.1210
vn -0.7552 0.6449 -0.1176
vn -0.9375 0.3200 -0.1367
vn -0.4471 0.8768 -0.1767
vn -0.4510 0.8688 -0.2045
vn -0.7370 0.6496 -0.1867
vn -0.9328 0.3227 -0.1605
vn -0.9865 -0.0254 -0.1621
vn -0.7007 0.6606 -0.2696
vn -0.7108 0.6336 -0.3056
vn -0.9127 0.3196 -0.2547
vn -0.9814 -0.0295 -0.1894
vn -0.9269 -0.3353 -0.1686
vn -0.8752 0.3224 -0.3608
vn -0.8716 0.2858 -0.3983
vn -0.9531 -0.0362 -0.3006
vn -0.9073 -0.0389 -0.4186
vn -0.8872 -0.0628 -0.4571
vn -0.8001 -0.3479 -0.4886
vn -0.8282 -0.3402 -0.4453
vn -0.6489 -0.5699 -0.5040
vn -0.8824 -0.3427 -0.3224
vn -0.6802 -0.5752 -0.4544
vn -0.5596 -0.6580 -0.5038
vn -0.9171 -0.3427 -0.2035
vn -0.7368 -0.5895 -0.3309
vn -0.7708 -0.6013 -0.2105
vn 0.3639 0.0005 0.9315
vn -0.2414 0.1569 0.9577
vn 0.1526 -0.5742 0.8044
vn 0.8260 -0.1577 0.5412
vn 0.4313 0.5751 0.6952
vn -0.3628 0.0006 0.9319
vn 0.2414 -0.1572 0.9576
vn -0.1525 0.5747 0.8040
vn -0.8255 0.1572 0.5420
vn -0.4315 -0.5739 0.6960
vn 0.0006 1.0000 0.0048
vn -0.5921 0.8048 -0.0408
vn -0.0360 0.8016 0.5968
vn 0.5933 0.8035 0.0482
vn 0.0373 0.8072 -0.5891
vn 0.0016 -0.9994 -0.0354
vn 0.5779 -0.7973 -0.1742
vn 0.1382 -0.8238 0.5498
vn -0.5758 -0.8092 0.1170
vn -0.1374 -0.7831 -0.6065
vn -0.0007 -1.0000 0.0012
vn -0.5737 -0.8039 0.1567
vn -0.1473 -0.8053 -0.5743
vn 0.5730 -0.8050 -0.1534
vn 0.1476 -0.8040 0.5760
vn -0.0009 1.0000 0.0004
vn 0.0731 0.8045 0.5894
vn 0.5879 0.8049 -0.0805
vn -0.0731 0.8050 -0.5888
vn -0.5892 0.8039 0.0812
vn -0.0065 -0.6465 -0.7628
vn 0.5670 -0.3995 -0.7203
vn 0.1479 -0.9588 -0.2426
vn -0.5775 -0.6400 -0.5067
vn -0.1586 -0.0809 -0.9840
vn 0.0067 -0.6469 -0.7625
vn -0.5685 -0.6405 -0.5162
vn -0.1416 -0.0822 -0.9865
vn 0.5792 -0.4002 -0.7102
vn 0.1521 -0.9588 -0.2401
vn 0.0685 -0.1024 0.9924
vn -0.5144 0.0738 0.8544
vn -0.0987 -0.6534 0.7505
vn 0.6245 -0.2393 0.7434
vn 0.2087 0.4886 0.8472
vn -0.0681 -0.1021 0.9924
vn 0.5177 -0.2391 0.8215
vn 0.0905 0.4890 0.8676
vn -0.6274 0.0747 0.7751
vn -0.2007 -0.6531 0.7302
vn -0.0000 0.9999 0.0139
vn -0.0328 0.9989 0.0347
vn -0.0000 0.9999 0.0150
vn -0.2003 0.9791 0.0353
vn -0.0000 0.9996 0.0288
vn -0.6710 0.7396 0.0523
vn 0.2003 0.9791 0.0353
vn -0.6403 0.7665 0.0500
vn -0.9024 0.4268 0.0599
vn -0.8789 0.4737 0.0560
vn -0.9913 0.1140 0.0650
vn -0.9979 0.0029 0.0644
vn -0.8754 -0.4797 0.0596
vn -0.8766 -0.4780 0.0562
vn -0.5674 -0.8219 0.0508
vn -0.6726 -0.7384 0.0483
vn -0.2217 -0.9743 0.0402
vn -0.2026 -0.9785 0.0383
vn -0.0000 -0.9994 0.0353
vn -0.0000 -0.9993 0.0374
vn 0.2217 -0.9743 0.0402
vn 0.2026 -0.9785 0.0383
vn 0.6726 -0.7384 0.0483
vn 0.5676 -0.8217 0.0508
vn 0.8764 -0.4784 0.0562
vn 0.8754 -0.4796 0.0596
vn 0.9979 0.0025 0.0644
vn 0.9914 0.1135 0.0650
vn 0.8787 0.4741 0.0560
vn 0.9025 0.4266 0.0599
vn 0.6707 0.7399 0.0522
vn 0.6403 0.7665 0.0500
vn 0.0327 0.9989 0.0347
vn 0.3306 0.9243 -0.1908
vn 0.1907 0.9243 -0.3307
vn 0.1306 0.9828 -0.1306
vn 0.6006 0.7204 -0.3468
vn 0.6936 0.7204 -0.0000
vn 0.3468 0.7203 -0.6007
vn 0.3818 0.9243 -0.0000
vn 0.1629 0.9857 0.0437
vn 0.0001 0.9243 -0.3816
vn -0.0000 0.9839 -0.1786
vn -0.1909 0.9243 -0.3306
vn 0.3306 0.9243 0.1909
vn 0.1907 0.9243 0.3306
vn 0.6006 0.7204 0.3468
vn 0.3470 0.7203 0.6007
vn 0.7944 0.3982 0.4586
vn 0.4586 0.3982 0.7944
vn -0.0001 0.7204 0.6936
vn 0.9173 0.3981 -0.0000
vn 0.4885 0.2128 0.8462
vn 0.8463 0.2125 0.4886
vn -0.0000 0.2126 0.9771
vn 0.9772 0.2125 -0.0000
vn -0.0000 0.3981 0.9173
vn -0.4885 0.2128 0.8462
vn 0.7944 0.3981 -0.4587
vn 0.8462 0.2126 -0.4886
vn 0.4586 0.3982 -0.7944
vn 0.4886 0.2128 -0.8462
vn -0.0000 0.7204 -0.6936
vn -0.0001 0.3981 -0.9173
vn -0.0001 0.2126 -0.9771
vn -0.3469 0.7203 -0.6007
vn -0.4586 0.3982 -0.7944
vn -0.4884 0.2129 -0.8462
vn -0.3306 0.9243 -0.1908
vn -0.1547 0.9839 -0.0893
vn -0.3818 0.9243 -0.0000
vn -0.6006 0.7204 -0.3468
vn -0.7943 0.3983 -0.4586
vn -0.8461 0.2129 -0.4886
vn -0.6936 0.7204 0.0001
vn -0.9172 0.3984 -0.0000
vn -0.9771 0.2130 -0.0000
vn -0.3307 0.9243 0.1908
vn -0.1547 0.9839 0.0893
vn -0.1909 0.9242 0.3307
vn -0.6007 0.7204 0.3466
vn -0.7943 0.3984 0.4586
vn -0.8461 0.2129 0.4886
vn -0.3469 0.7203 0.6007
vn -0.4586 0.3982 0.7944
vn -0.0001 0.9243 0.3816
vn -0.0000 0.9839 0.1786
vn 0.2329 0.6877 0.6877
vn 0.4426 0.4629 0.7680
vn 0.6635 0.2419 0.7080
vn 0.6634 -0.2421 0.7080
vn -0.2329 0.6877 0.6877
vn 0.4426 -0.4633 0.7677
vn -0.4426 0.4629 0.7680
vn 0.2328 -0.6882 0.6871
vn -0.6635 0.2419 0.7080
vn -0.4426 -0.4634 0.7677
vn -0.2328 -0.6882 0.6871
vn -0.6635 -0.2421 0.7080
vn -0.4430 0.4629 0.7678
vn -0.2331 0.6876 0.6876
vn -0.6640 0.2419 0.7075
vn 0.2331 0.6876 0.6876
vn -0.6640 -0.2422 0.7075
vn 0.4431 0.4628 0.7678
vn -0.4430 -0.4633 0.7675
vn 0.6640 0.2419 0.7075
vn -0.2330 -0.6882 0.6871
vn 0.4430 -0.4633 0.7675
vn 0.6640 -0.2421 0.7075
vn 0.2330 -0.6882 0.6871
vn -0.6317 0.4494 0.6317
vn -0.3884 0.6029 0.6969
vn -0.2418 0.6861 0.6861
vn -0.7056 -0.0752 0.7047
vn -0.5119 -0.2707 0.8153
vn -0.2420 -0.6861 0.6861
vn 0.3872 0.6053 0.6955
vn 0.2420 0.6861 0.6861
vn 0.6304 0.4540 0.6296
vn 0.2418 -0.6861 0.6861
vn 0.5122 -0.2665 0.8165
vn 0.7053 -0.0724 0.7053
vn -0.1468 0.6563 0.7401
vn -0.0841 0.8790 0.4694
vn -0.2962 0.6814 0.6693
vn -0.1669 0.8947 0.4143
vn -0.4477 0.7166 0.5348
vn -0.2418 0.9176 0.3156
vn -0.6376 0.2349 0.7337
vn -0.5830 0.7504 0.3115
vn -0.2967 0.9392 0.1730
vn -0.8607 0.2588 0.4384
vn -0.6439 -0.1886 0.7415
vn -0.8689 -0.2203 0.4433
vn -0.9721 -0.2345 -0.0003
vn -0.9631 0.2692 -0.0002
vn -0.8609 0.2585 -0.4383
vn -0.6439 0.7651 -0.0000
vn -0.3174 0.9483 -0.0000
vn -0.5831 0.7503 -0.3116
vn 0.6857 0.2416 -0.6866
vn 0.3413 0.3413 -0.8758
vn 0.2416 0.6857 -0.6866
vn -0.2417 0.6857 -0.6866
vn 0.6856 -0.2418 -0.6866
vn -0.3413 0.3413 -0.8758
vn -0.6857 0.2416 -0.6866
vn 0.3413 -0.3416 -0.8757
vn 0.2416 -0.6861 -0.6862
vn -0.3413 -0.3416 -0.8757
vn -0.6856 -0.2418 -0.6866
vn -0.2416 -0.6861 -0.6862
vn 0.4077 0.0370 -0.9123
vn 0.4113 -0.0756 -0.9084
vn 0.4121 -0.0723 -0.9083
vn 0.4029 -0.1079 -0.9089
vn 0.4094 0.0277 -0.9119
vn 0.3495 0.1752 -0.9204
vn 0.3574 0.1633 -0.9196
vn 0.2380 0.2858 -0.9282
vn 0.3928 -0.1434 -0.9084
vn 0.2464 0.2797 -0.9279
vn 0.3937 -0.1401 -0.9085
vn 0.0942 0.3518 -0.9313
vn 0.3406 -0.2287 -0.9120
vn 0.0940 0.3518 -0.9313
vn 0.3346 -0.2359 -0.9123
vn -0.0629 0.3664 -0.9283
vn 0.2278 -0.3200 -0.9196
vn -0.0733 0.3655 -0.9279
vn 0.2152 -0.3264 -0.9204
vn -0.2151 0.3263 -0.9205
vn 0.0735 -0.3654 -0.9280
vn -0.2278 0.3199 -0.9197
vn 0.0630 -0.3662 -0.9284
vn -0.3347 0.2361 -0.9123
vn -0.0940 -0.3518 -0.9314
vn -0.3407 0.2289 -0.9119
vn -0.0941 -0.3518 -0.9313
vn -0.3938 0.1401 -0.9085
vn -0.2463 -0.2796 -0.9280
vn -0.3928 0.1433 -0.9084
vn -0.2380 -0.2857 -0.9283
vn -0.4026 0.1078 -0.9090
vn -0.3575 -0.1633 -0.9195
vn -0.4026 0.1079 -0.9090
vn -0.3498 -0.1751 -0.9203
vn -0.4028 0.1079 -0.9089
vn -0.4094 -0.0278 -0.9119
vn -0.4029 0.1080 -0.9089
vn -0.4077 -0.0370 -0.9124
vn -0.4118 0.0721 -0.9084
vn -0.4109 0.0755 -0.9085
vn 0.4694 -0.3361 -0.8165
vn 0.5235 -0.1985 -0.8286
vn 0.5253 -0.1803 -0.8316
vn 0.5282 -0.1415 -0.8372
vn 0.4777 -0.3209 -0.8178
vn 0.3292 -0.4890 -0.8077
vn 0.3337 -0.4857 -0.8079
vn 0.1044 -0.5813 -0.8070
vn 0.5451 -0.1065 -0.8316
vn 0.1058 -0.5805 -0.8074
vn 0.5528 -0.0895 -0.8285
vn -0.1513 -0.5697 -0.8078
vn 0.5739 0.0390 -0.8180
vn -0.1519 -0.5692 -0.8080
vn 0.5743 0.0563 -0.8167
vn -0.3815 -0.4496 -0.8077
vn 0.5317 0.2538 -0.8080
vn -0.3825 -0.4498 -0.8071
vn 0.5294 0.2591 -0.8079
vn -0.5294 -0.2590 -0.8079
vn 0.3825 0.4499 -0.8071
vn -0.5315 -0.2538 -0.8081
vn 0.3813 0.4497 -0.8077
vn -0.5742 -0.0563 -0.8167
vn 0.1520 0.5692 -0.8080
vn -0.5739 -0.0390 -0.8180
vn 0.1514 0.5695 -0.8079
vn -0.5528 0.0895 -0.8285
vn -0.1058 0.5802 -0.8076
vn -0.5451 0.1065 -0.8316
vn -0.1044 0.5812 -0.8070
vn -0.5282 0.1416 -0.8372
vn -0.3336 0.4859 -0.8078
vn -0.3289 0.4893 -0.8077
vn -0.4775 0.3206 -0.8180
vn -0.4693 0.3355 -0.8168
vn -0.5253 0.1801 -0.8317
vn -0.5235 0.1985 -0.8286
vn -0.4121 -0.0723 -0.9083
vn -0.4113 -0.0756 -0.9084
vn -0.4077 0.0370 -0.9123
vn -0.4028 -0.1080 -0.9089
vn -0.4093 0.0278 -0.9120
vn -0.4029 -0.1080 -0.9089
vn -0.3493 0.1752 -0.9205
vn -0.4026 -0.1078 -0.9090
vn -0.3572 0.1633 -0.9197
vn -0.2380 0.2858 -0.9283
vn -0.3930 -0.1436 -0.9083
vn -0.2465 0.2796 -0.9279
vn -0.3940 -0.1402 -0.9084
vn -0.0941 0.3518 -0.9313
vn -0.3407 -0.2288 -0.9119
vn -0.0940 0.3519 -0.9313
vn -0.3346 -0.2359 -0.9123
vn 0.0630 0.3663 -0.9283
vn -0.2277 -0.3201 -0.9196
vn 0.0733 0.3655 -0.9279
vn -0.2151 -0.3264 -0.9204
vn 0.2150 0.3263 -0.9205
vn -0.0735 -0.3654 -0.9280
vn 0.2277 0.3199 -0.9197
vn -0.0630 -0.3662 -0.9284
vn 0.3346 0.2359 -0.9124
vn 0.0939 -0.3518 -0.9314
vn 0.3406 0.2288 -0.9119
vn 0.0941 -0.3518 -0.9313
vn 0.3940 0.1402 -0.9084
vn 0.2465 -0.2796 -0.9279
vn 0.3931 0.1435 -0.9082
vn 0.2381 -0.2858 -0.9282
vn 0.4029 0.1080 -0.9089
vn 0.3572 -0.1634 -0.9196
vn 0.4028 0.1080 -0.9089
vn 0.3495 -0.1752 -0.9204
vn 0.4026 0.1079 -0.9090
vn 0.4093 -0.0278 -0.9120
vn 0.4078 -0.0370 -0.9123
vn 0.4120 0.0722 -0.9083
vn 0.4112 0.0756 -0.9084
vn -0.5251 -0.1802 -0.8317
vn -0.5233 -0.1984 -0.8287
vn -0.4692 -0.3360 -0.8167
vn -0.5282 -0.1416 -0.8372
vn -0.4775 -0.3208 -0.8180
vn -0.3292 -0.4890 -0.8078
vn -0.3336 -0.4858 -0.8079
vn -0.1044 -0.5813 -0.8070
vn -0.5449 -0.1064 -0.8317
vn -0.1058 -0.5805 -0.8074
vn -0.5526 -0.0897 -0.8286
vn 0.1516 -0.5697 -0.8078
vn -0.5738 0.0391 -0.8181
vn 0.1518 -0.5693 -0.8080
vn -0.5744 0.0561 -0.8167
vn 0.3812 -0.4497 -0.8077
vn -0.5319 0.2539 -0.8079
vn 0.3824 -0.4497 -0.8072
vn -0.5294 0.2592 -0.8078
vn 0.5294 -0.2591 -0.8078
vn -0.3824 0.4498 -0.8071
vn 0.5317 -0.2539 -0.8079
vn -0.3810 0.4499 -0.8077
vn 0.5743 -0.0561 -0.8167
vn -0.1520 0.5692 -0.8080
vn 0.5738 -0.0391 -0.8180
vn -0.1516 0.5696 -0.8078
vn 0.5526 0.0897 -0.8286
vn 0.1058 0.5802 -0.8076
vn 0.5449 0.1065 -0.8317
vn 0.1044 0.5812 -0.8070
vn 0.5282 0.1415 -0.8372
vn 0.3336 0.4859 -0.8078
vn 0.3289 0.4893 -0.8077
vn 0.4774 0.3208 -0.8180
vn 0.4693 0.3358 -0.8167
vn 0.5252 0.1803 -0.8316
vn 0.5235 0.1989 -0.8285
vn -0.0000 -0.8534 0.5213
vn -0.0000 -0.8533 0.5214
vn -0.1613 -0.8326 0.5299
vn 0.1615 -0.8326 0.5298
vn -0.1453 -0.8365 0.5283
vn 0.1452 -0.8366 0.5283
vn -0.3168 -0.7749 0.5470
vn 0.3164 -0.7750 0.5471
vn -0.2930 -0.7866 0.5435
vn 0.2929 -0.7866 0.5436
vn -0.4684 -0.6680 0.5783
vn 0.4686 -0.6680 0.5781
vn -0.4340 -0.6972 0.5706
vn 0.4345 -0.6971 0.5703
vn -0.6090 -0.4875 0.6257
vn 0.6098 -0.4869 0.6254
vn -0.5821 -0.5324 0.6146
vn 0.5826 -0.5323 0.6143
vn -0.6356 -0.4591 0.6206
vn 0.6358 -0.4590 0.6206
vn -0.6440 -0.4351 0.6293
vn 0.6440 -0.4351 0.6293
vn -0.6343 -0.4487 0.6296
vn 0.6343 -0.4487 0.6296
vn -0.6288 -0.4714 0.6184
vn 0.6287 -0.4715 0.6184
vn -0.6154 -0.2891 0.7333
vn 0.6149 -0.2898 0.7334
vn -0.6254 -0.3316 0.7063
vn 0.6248 -0.3324 0.7065
vn -0.5873 -0.1915 0.7864
vn 0.5872 -0.1918 0.7864
vn -0.4778 -0.0920 0.8736
vn 0.4780 -0.0916 0.8736
vn -0.4884 -0.0998 0.8669
vn 0.4885 -0.0990 0.8669
vn -0.2562 0.0475 0.9655
vn 0.2563 0.0475 0.9654
vn -0.2541 0.0495 0.9659
vn 0.2542 0.0495 0.9659
vn -0.0001 0.0880 0.9961
vn -0.0001 0.0881 0.9961
vn -0.8104 0.5859 -0.0000
vn -0.9021 0.4316 -0.0000
vn -0.9897 0.1431 -0.0000
vn -0.6441 0.7649 -0.0000
vn -0.9780 0.2084 0.0078
vn -0.5546 0.8321 -0.0000
vn -0.9951 -0.0949 0.0272
vn -0.3252 0.9456 -0.0000
vn -0.9898 -0.1396 0.0273
vn -0.3567 0.9342 -0.0000
vn -0.9362 -0.3513 0.0097
vn -0.0001 1.0000 -0.0000
vn -0.9816 -0.1908 -0.0000
vn -0.7709 -0.6370 -0.0000
vn 0.3566 0.9343 -0.0000
vn -0.8237 -0.5671 -0.0000
vn 0.3251 0.9457 -0.0000
vn -0.5487 -0.8360 -0.0000
vn 0.6444 0.7647 -0.0000
vn -0.6049 -0.7963 -0.0000
vn 0.5547 0.8320 -0.0000
vn -0.2939 -0.9558 -0.0000
vn 0.8106 0.5855 -0.0000
vn -0.3317 -0.9434 -0.0000
vn 0.9021 0.4314 -0.0000
vn -0.0001 -1.0000 -0.0000
vn 0.9897 0.1431 -0.0000
vn 0.9780 0.2084 0.0078
vn 0.3319 -0.9433 -0.0000
vn 0.9952 -0.0941 0.0272
vn 0.2940 -0.9558 -0.0000
vn 0.9899 -0.1392 0.0273
vn 0.6047 -0.7965 -0.0000
vn 0.9364 -0.3509 0.0097
vn 0.5488 -0.8360 -0.0000
vn 0.9818 -0.1901 -0.0000
vn 0.8235 -0.5673 -0.0000
vn 0.7705 -0.6374 -0.0000
vn 0.2447 0.9350 -0.2565
vn -0.0000 0.9694 -0.2456
vn -0.0000 0.9690 -0.2471
vn -0.2447 0.9350 -0.2565
vn 0.2518 0.9321 -0.2604
vn -0.2518 0.9321 -0.2604
vn 0.4967 0.8185 -0.2887
vn -0.4967 0.8185 -0.2887
vn 0.5079 0.8089 -0.2961
vn -0.5079 0.8089 -0.2961
vn 0.7295 0.5977 -0.3327
vn -0.7295 0.5977 -0.3327
vn 0.7378 0.5833 -0.3398
vn -0.7378 0.5833 -0.3398
vn 0.8818 0.2937 -0.3691
vn -0.8819 0.2933 -0.3691
vn 0.8838 0.2827 -0.3727
vn -0.8839 0.2824 -0.3727
vn 0.9219 -0.0239 -0.3866
vn -0.9220 -0.0239 -0.3866
vn 0.9219 -0.0299 -0.3862
vn -0.9219 -0.0299 -0.3862
vn 0.8690 -0.3077 -0.3875
vn -0.8690 -0.3077 -0.3875
vn 0.8689 -0.3121 -0.3843
vn -0.8689 -0.3121 -0.3843
vn 0.7435 -0.5524 -0.3769
vn -0.7435 -0.5525 -0.3768
vn 0.7413 -0.5551 -0.3773
vn -0.7411 -0.5554 -0.3773
vn 0.5497 -0.7498 -0.3684
vn -0.5499 -0.7497 -0.3682
vn 0.5540 -0.7489 -0.3636
vn -0.5543 -0.7487 -0.3634
vn 0.2961 -0.8854 -0.3583
vn -0.2969 -0.8855 -0.3575
vn 0.2992 -0.8856 -0.3552
vn -0.2997 -0.8850 -0.3562
vn 0.0008 -0.9355 -0.3534
vn 0.0009 -0.9354 -0.3535
vn 0.4020 0.6206 0.6733
vn 0.8300 0.3561 0.4292
vn 0.2351 0.7063 0.6678
vn -0.3020 0.3734 0.8771
vn 0.8423 -0.1971 0.5016
vn -0.2804 0.1974 0.9394
vn 0.8158 -0.3736 0.4414
vn -0.3198 -0.3562 0.8780
vn 0.1601 -0.6204 0.7678
vn 0.2791 -0.7062 0.6507
vn -0.4020 -0.6204 0.6735
vn -0.8298 -0.3563 0.4296
vn -0.2351 -0.7063 0.6678
vn 0.3016 -0.3735 0.8772
vn -0.8423 0.1976 0.5015
vn 0.2803 -0.1970 0.9395
vn -0.8161 0.3735 0.4410
vn 0.3201 0.3560 0.8779
vn -0.1600 0.6206 0.7677
vn -0.2791 0.7061 0.6507
vn 0.0090 0.7767 -0.6299
vn 0.5382 0.7034 -0.4643
vn -0.1579 0.7114 -0.6849
vn -0.6597 0.7096 -0.2476
vn 0.6303 0.7720 0.0822
vn -0.6286 0.7742 -0.0738
vn 0.6616 0.7050 0.2556
vn -0.5367 0.6995 0.4719
vn -0.0078 0.7697 0.6384
vn 0.1596 0.7030 0.6930
vn -0.1162 -0.7509 -0.6501
vn -0.6092 -0.6886 -0.3933
vn 0.0390 -0.6819 -0.7304
vn 0.6085 -0.6937 -0.3854
vn -0.6058 -0.7798 0.1579
vn 0.6071 -0.7658 -0.2119
vn -0.6071 -0.7203 0.3355
vn 0.6099 -0.7141 0.3437
vn 0.1173 -0.7950 0.5951
vn -0.0378 -0.7326 0.6796
vn 0.1275 -0.7726 0.6220
vn 0.6150 -0.7014 0.3603
vn -0.0270 -0.7068 0.7069
vn -0.6016 -0.7069 0.3721
vn 0.6033 -0.7738 -0.1933
vn -0.6035 -0.7727 0.1966
vn 0.6015 -0.7083 -0.3694
vn -0.6155 -0.7018 -0.3586
vn -0.1272 -0.7741 -0.6202
vn 0.0270 -0.7079 -0.7058
vn -0.6234 0.7732 0.1165
vn -0.5649 0.7015 -0.4345
vn -0.6437 0.7076 0.2915
vn -0.1164 0.7072 0.6974
vn -0.0473 0.7733 -0.6322
vn 0.0475 0.7731 0.6325
vn 0.1164 0.7076 -0.6969
vn 0.5653 0.7015 0.4341
vn 0.6233 0.7732 -0.1170
vn 0.6437 0.7076 -0.2915
vn -0.1385 -0.0265 -0.9900
vn -0.6233 -0.1817 -0.7606
vn 0.0155 0.0814 -0.9966
vn 0.5930 -0.1723 -0.7866
vn -0.6063 -0.6508 -0.4570
vn 0.5961 -0.3492 -0.7230
vn -0.6024 -0.7423 -0.2933
vn 0.6144 -0.7253 -0.3104
vn 0.1283 -0.9734 -0.1900
vn -0.0243 -0.9962 -0.0833
vn 0.1319 -0.9734 -0.1876
vn 0.6197 -0.7254 -0.2996
vn -0.0231 -0.9962 -0.0838
vn -0.5974 -0.7425 -0.3030
vn 0.6082 -0.3495 -0.7127
vn -0.5986 -0.6508 -0.4671
vn 0.6061 -0.1727 -0.7764
vn -0.6104 -0.1817 -0.7710
vn -0.1215 -0.0265 -0.9922
vn 0.0320 0.0813 -0.9962
vn 0.1870 0.5383 0.8218
vn 0.6662 0.2823 0.6902
vn 0.0294 0.6306 0.7756
vn -0.5477 0.2991 0.7814
vn 0.6523 -0.2766 0.7057
vn -0.5470 0.1171 0.8289
vn 0.6439 -0.4446 0.6227
vn -0.5701 -0.4265 0.7022
vn -0.0816 -0.6963 0.7131
vn 0.0671 -0.7745 0.6290
vn -0.1785 -0.6963 0.6952
vn -0.6608 -0.4263 0.6177
vn -0.0196 -0.7746 0.6321
vn 0.5525 -0.4443 0.7052
vn -0.6551 0.1174 0.7464
vn 0.5493 -0.2765 0.7886
vn -0.6494 0.2990 0.6992
vn 0.5652 0.2824 0.7751
vn 0.0727 0.5382 0.8397
vn -0.0771 0.6304 0.7725
vn 0.2590 0.9659 -0.0000
vn 0.6479 0.7617 -0.0000
vn -0.1805 0.9836 -0.0000
vn 0.9007 0.4345 -0.0000
vn -0.5627 0.8267 -0.0000
vn 0.9968 0.0805 -0.0000
vn -0.8229 0.5682 -0.0000
vn 0.9842 -0.1769 -0.0000
vn -0.9409 0.3386 -0.0000
vn 0.9408 -0.3390 -0.0000
vn -0.9842 0.1769 -0.0000
vn 0.8229 -0.5682 -0.0000
vn -0.9968 -0.0805 -0.0000
vn 0.5628 -0.8266 -0.0000
vn 0.1805 -0.9836 -0.0000
vn -0.6479 -0.7617 -0.0000
vn -0.2586 -0.9660 -0.0000
vn -0.6480 0.7617 -0.0000
vn -0.9006 0.4346 -0.0000
vn 0.1805 0.9836 -0.0000
vn -0.9967 0.0808 -0.0000
vn 0.5627 0.8267 -0.0000
vn -0.9842 -0.1769 -0.0000
vn 0.8227 0.5684 -0.0000
vn 0.9408 0.3388 -0.0000
vn -0.9408 -0.3389 -0.0000
vn -0.8228 -0.5684 -0.0000
vn -0.8228 -0.5683 -0.0000
vn -0.5626 -0.8267 -0.0000
vn 0.9967 -0.0808 -0.0000
vn -0.1805 -0.9836 -0.0000
vn 0.9006 -0.4346 -0.0000
vn 0.2585 -0.9660 -0.0000
vn 0.6480 -0.7617 -0.0000
vn -0.6672 -0.1397 0.7317
vn -0.6686 -0.1443 0.7295
vn -0.7193 -0.4030 0.5659
vn -0.5093 0.0947 0.8554
vn -0.7194 -0.3974 0.5696
vn -0.5111 0.0923 0.8546
vn -0.6695 -0.6273 0.3978
vn -0.2732 0.2562 0.9272
vn -0.6717 -0.6221 0.4023
vn -0.2742 0.2552 0.9272
vn -0.5379 -0.8060 0.2470
vn -0.0007 0.3103 0.9506
vn -0.5422 -0.8018 0.2513
vn -0.0005 0.3103 0.9506
vn -0.3128 -0.9416 0.1248
vn 0.2732 0.2553 0.9275
vn -0.3184 -0.9394 0.1273
vn 0.2748 0.2553 0.9270
vn 0.0002 -0.9972 0.0745
vn 0.5091 0.0951 0.8554
vn 0.0004 -0.9972 0.0745
vn 0.5115 0.0935 0.8542
vn 0.3126 -0.9416 0.1251
vn 0.6677 -0.1398 0.7312
vn 0.3185 -0.9394 0.1268
vn 0.6697 -0.1436 0.7286
vn 0.5380 -0.8060 0.2468
vn 0.7201 -0.3974 0.5688
vn 0.5430 -0.8015 0.2505
vn 0.7200 -0.4028 0.5651
vn 0.6693 -0.6274 0.3979
vn 0.6719 -0.6221 0.4019
vn 0.6727 -0.5662 0.4764
vn 0.6712 -0.5699 0.4740
vn 0.7107 -0.4190 0.5651
vn 0.5520 -0.7364 0.3912
vn 0.7108 -0.4161 0.5672
vn 0.5491 -0.7397 0.3891
vn 0.6893 -0.2879 0.6648
vn 0.3225 -0.8880 0.3279
vn 0.6887 -0.2856 0.6664
vn 0.3201 -0.8891 0.3271
vn 0.6000 -0.1532 0.7852
vn -0.0000 -0.9525 0.3044
vn 0.5992 -0.1514 0.7861
vn -0.0000 -0.9526 0.3043
vn 0.3802 -0.0207 0.9247
vn -0.3235 -0.8878 0.3272
vn 0.3795 -0.0198 0.9250
vn -0.3203 -0.8890 0.3273
vn 0.0003 0.0438 0.9990
vn -0.5518 -0.7367 0.3909
vn 0.0005 0.0438 0.9990
vn -0.5481 -0.7397 0.3903
vn -0.3803 -0.0201 0.9246
vn -0.6728 -0.5663 0.4761
vn -0.3793 -0.0204 0.9250
vn -0.6708 -0.5702 0.4743
vn -0.5999 -0.1532 0.7853
vn -0.7102 -0.4165 0.5676
vn -0.5983 -0.1524 0.7866
vn -0.7101 -0.4194 0.5656
vn -0.6902 -0.2873 0.6642
vn -0.6891 -0.2856 0.6660
vn 0.6690 0.1439 -0.7292
vn 0.6670 0.1400 -0.7317
vn 0.7200 0.3976 -0.5688
vn 0.5122 -0.0940 -0.8537
vn 0.7199 0.4030 -0.5651
vn 0.5099 -0.0954 -0.8549
vn 0.6713 0.6220 -0.4031
vn 0.2740 -0.2546 -0.9274
vn 0.6686 0.6276 -0.3988
vn 0.2723 -0.2543 -0.9280
vn 0.5427 0.8017 -0.2505
vn -0.0004 -0.3098 -0.9508
vn 0.5377 0.8063 -0.2466
vn -0.0006 -0.3098 -0.9508
vn 0.3182 0.9395 -0.1266
vn -0.2739 -0.2540 -0.9276
vn 0.3122 0.9417 -0.1253
vn -0.2731 -0.2553 -0.9275
vn 0.0007 0.9971 -0.0757
vn -0.5116 -0.0937 -0.8541
vn 0.0004 0.9971 -0.0756
vn -0.5101 -0.0964 -0.8547
vn -0.3181 0.9395 -0.1274
vn -0.6692 0.1434 -0.7291
vn -0.3127 0.9417 -0.1245
vn -0.6678 0.1391 -0.7313
vn -0.5427 0.8016 -0.2509
vn -0.7194 0.4030 -0.5658
vn -0.5381 0.8061 -0.2464
vn -0.7194 0.3976 -0.5695
vn -0.6716 0.6220 -0.4025
vn -0.6692 0.6275 -0.3979
vn -0.6707 0.5703 -0.4743
vn -0.6728 0.5663 -0.4761
vn -0.7102 0.4165 -0.5676
vn -0.5484 0.7397 -0.3898
vn -0.7101 0.4193 -0.5656
vn -0.5521 0.7366 -0.3907
vn -0.6895 0.2852 -0.6658
vn -0.3201 0.8890 -0.3276
vn -0.6905 0.2872 -0.6639
vn -0.3234 0.8878 -0.3274
vn -0.5985 0.1524 -0.7865
vn -0.0003 0.9529 -0.3033
vn -0.6000 0.1533 -0.7852
vn -0.0004 0.9529 -0.3033
vn -0.3794 0.0204 -0.9250
vn 0.3202 0.8890 -0.3273
vn -0.3802 0.0201 -0.9247
vn 0.3229 0.8876 -0.3284
vn 0.0004 -0.0439 -0.9990
vn 0.5489 0.7397 -0.3893
vn 0.0003 -0.0439 -0.9990
vn 0.5519 0.7364 -0.3913
vn 0.3796 0.0199 -0.9249
vn 0.6711 0.5701 -0.4740
vn 0.3801 0.0207 -0.9247
vn 0.6726 0.5663 -0.4764
vn 0.5985 0.1519 -0.7866
vn 0.7107 0.4187 -0.5653
vn 0.5996 0.1535 -0.7854
vn 0.7109 0.4158 -0.5672
vn 0.6897 0.2850 -0.6657
vn 0.6904 0.2873 -0.6640
vn 0.0017 0.0020 -1.0000
vn 0.0002 0.0008 -1.0000
vn 0.0007 0.0025 -1.0000
vn -0.0004 0.0026 -1.0000
vn 0.0025 0.0012 -1.0000
vn -0.0015 0.0023 -1.0000
vn 0.0029 0.0003 -1.0000
vn -0.0024 0.0017 -1.0000
vn 0.0029 -0.0005 -1.0000
vn -0.0028 0.0010 -1.0000
vn 0.0029 -0.0008 -1.0000
vn -0.0029 0.0008 -1.0000
vn -0.0002 -0.0008 -1.0000
vn -0.0029 0.0005 -1.0000
vn 0.0028 -0.0010 -1.0000
vn -0.0029 -0.0003 -1.0000
vn 0.0024 -0.0017 -1.0000
vn -0.0025 -0.0012 -1.0000
vn 0.0015 -0.0023 -1.0000
vn -0.0017 -0.0020 -1.0000
vn 0.0004 -0.0026 -1.0000
vn -0.0007 -0.0025 -1.0000
vn -0.0002 0.0008 -1.0000
vn -0.0017 0.0020 -1.0000
vn -0.0007 0.0025 -1.0000
vn 0.0004 0.0026 -1.0000
vn -0.0025 0.0012 -1.0000
vn 0.0015 0.0023 -1.0000
vn -0.0029 0.0003 -1.0000
vn 0.0024 0.0017 -1.0000
vn -0.0029 -0.0005 -1.0000
vn 0.0028 0.0010 -1.0000
vn -0.0029 -0.0008 -1.0000
vn 0.0029 0.0008 -1.0000
vn 0.0002 -0.0008 -1.0000
vn 0.0029 0.0005 -1.0000
vn -0.0028 -0.0010 -1.0000
vn 0.0029 -0.0003 -1.0000
vn -0.0024 -0.0017 -1.0000
vn 0.0025 -0.0012 -1.0000
vn -0.0015 -0.0023 -1.0000
vn 0.0017 -0.0020 -1.0000
vn -0.0004 -0.0026 -1.0000
vn 0.0007 -0.0025 -1.0000
vn -0.0000 0.1803 -0.9836
vn 0.0474 0.1712 -0.9841
vn -0.0000 0.0055 -1.0000
vn 0.0925 0.1440 -0.9853
vn -0.0474 0.1712 -0.9841
vn 0.1298 0.1011 -0.9864
vn -0.0925 0.1439 -0.9853
vn 0.1538 0.0491 -0.9869
vn -0.1297 0.1010 -0.9864
vn 0.1621 -0.0044 -0.9868
vn -0.1538 0.0491 -0.9869
vn 0.1548 -0.0542 -0.9865
vn -0.1621 -0.0044 -0.9868
vn 0.1331 -0.0975 -0.9863
vn -0.1548 -0.0542 -0.9865
vn 0.0981 -0.1321 -0.9864
vn -0.1331 -0.0975 -0.9863
vn 0.0523 -0.1548 -0.9866
vn -0.0981 -0.1321 -0.9864
vn -0.0000 -0.1628 -0.9867
vn -0.0522 -0.1549 -0.9866
vn 0.0557 0.9647 -0.2575
vn -0.0000 0.9621 -0.2728
vn -0.0000 0.9824 -0.1867
vn -0.0332 0.9833 -0.1790
vn -0.0557 0.9647 -0.2575
vn 0.0333 0.9833 -0.1790
vn 0.1039 0.9711 -0.2148
vn -0.0649 0.9857 -0.1556
vn -0.1039 0.9711 -0.2147
vn 0.0649 0.9857 -0.1556
vn 0.1399 0.9785 -0.1517
vn -0.0923 0.9889 -0.1166
vn -0.1399 0.9785 -0.1518
vn 0.0923 0.9889 -0.1166
vn 0.1612 0.9839 -0.0774
vn -0.1123 0.9916 -0.0635
vn -0.1612 0.9839 -0.0773
vn 0.1123 0.9916 -0.0635
vn 0.1680 0.9858 -0.0000
vn -0.1201 0.9928 -0.0000
vn -0.1680 0.9858 -0.0000
vn 0.1201 0.9928 -0.0000
vn 0.1612 0.9839 0.0773
vn -0.1123 0.9916 0.0636
vn -0.1612 0.9839 0.0773
vn 0.1123 0.9916 0.0635
vn 0.1399 0.9785 0.1517
vn -0.0922 0.9889 0.1167
vn -0.1398 0.9785 0.1517
vn 0.0922 0.9889 0.1167
vn 0.1039 0.9711 0.2148
vn -0.0649 0.9857 0.1555
vn -0.1039 0.9711 0.2147
vn 0.0649 0.9857 0.1555
vn 0.0557 0.9647 0.2575
vn -0.0333 0.9833 0.1790
vn -0.0557 0.9647 0.2575
vn 0.0333 0.9833 0.1790
vn -0.0000 0.9621 0.2728
vn -0.0000 0.9824 0.1867
vt 1.910156 1.031250
vt 1.862305 1.031738
vt 1.910156 1.100586
vt 0.688477 0.954590
vt 0.395508 0.954590
vt 0.395508 0.976562
vt 0.687500 0.976562
vt 0.179199 0.678223
vt 0.188477 0.673828
vt 0.188477 0.692871
vt 0.179199 0.677734
vt 0.606445 0.967773
vt 0.599609 0.957520
vt 0.581543 0.957520
vt 0.579102 0.967773
vt 0.366211 0.622070
vt 0.374023 0.629883
vt 0.375488 0.622070
vt 0.536133 0.969238
vt 0.547852 0.969238
vt 0.539062 0.958496
vt 0.004395 0.535645
vt 0.004883 0.511230
vt 0.229980 0.510254
vt 0.207031 0.546387
vt 0.206543 0.583984
vt 0.216309 0.557617
vt -0.007812 0.557617
vt 0.041992 0.583984
vt 0.327637 0.542969
vt 0.322754 0.587891
vt 0.703613 0.495117
vt 0.809082 0.314453
vt 0.401855 0.313965
vt 0.420898 0.492188
vt 0.994141 0.384277
vt 0.837402 0.385254
vt 0.837402 0.416992
vt 0.993164 0.415527
vt 0.206055 0.958496
vt 0.071777 0.958496
vt 0.071777 0.973633
vt 0.206055 0.973633
vt 0.667969 0.955078
vt 0.784668 0.955078
vt 0.784668 0.976074
vt 0.667969 0.976074
vt -0.020020 0.955078
vt 0.183594 0.955078
vt 0.183594 0.976074
vt -0.020508 0.976074
vt 1.430664 0.956543
vt 1.406250 0.971680
vt 1.269531 0.971680
vt 1.255859 0.956543
vt 0.923340 0.956543
vt 0.903320 0.971680
vt 0.877441 0.971680
vt 0.874023 0.956543
vt 0.226562 0.500488
vt 0.226562 0.526367
vt 0.423340 0.526367
vt 0.423340 0.500488
vt 0.411621 0.499512
vt 0.412598 0.526855
vt 0.448730 0.527344
vt 0.448242 0.500000
vt 0.105957 0.957031
vt 0.213867 0.957031
vt 0.213867 0.971191
vt 0.105957 0.971191
vt 0.564941 0.499512
vt 0.564941 0.523438
vt 0.434570 0.523438
vt 0.434570 0.499512
vt 0.700195 0.933594
vt 0.695312 0.938477
vt 0.356445 0.938477
vt 0.351562 0.933594
vt 0.356445 0.967285
vt 0.351562 0.971680
vt 0.695312 0.967285
vt 0.700195 0.971680
vt 0.695312 0.966797
vt 0.356445 0.966797
vt 0.366211 0.948242
vt 0.366211 0.957520
vt 0.685547 0.957520
vt 0.685547 0.948242
vt 0.366211 0.957031
vt 0.366211 0.947754
vt 0.685547 0.947754
vt 0.685547 0.957031
vt 0.429688 0.999512
vt 0.422852 0.993652
vt 0.427246 0.993652
vt 0.434082 0.999512
vt 0.440918 0.993652
vt 0.445801 0.999512
vt 0.460938 0.993652
vt 0.463867 0.999512
vt 0.484375 0.993652
vt 0.484863 0.999512
vt 0.562988 0.976074
vt 0.568848 0.981934
vt 0.562988 0.964355
vt 0.568848 0.958496
vt 0.484375 0.951172
vt 0.484863 0.945312
vt 0.460938 0.951172
vt 0.463867 0.945312
vt 0.440918 0.951172
vt 0.445801 0.945312
vt 0.427246 0.951172
vt 0.434082 0.945312
vt 0.422852 0.951172
vt 0.429688 0.945312
vt 0.498047 0.837402
vt 0.569824 0.837402
vt 0.569824 1.000000
vt 0.520020 0.504883
vt 0.479492 0.504883
vt 0.479492 0.540527
vt 0.520020 0.540527
vt 0.479492 0.424316
vt 0.520020 0.424316
vt 0.520020 0.376465
vt 0.479492 0.376465
vt 0.479492 0.513672
vt 0.520020 0.513672
vt 0.479492 0.497070
vt 0.520020 0.497070
vt 0.479492 0.543945
vt 0.520020 0.543945
vt 0.564941 0.561523
vt 0.555664 0.552734
vt 0.555664 0.532715
vt 0.443848 0.532715
vt 0.443848 0.552246
vt 0.434570 0.561523
vt 0.564941 0.461426
vt 0.555664 0.470215
vt 0.555664 0.490234
vt 0.443848 0.490234
vt 0.443848 0.470703
vt 0.434570 0.461426
vt 0.221191 0.519043
vt 0.580566 0.519043
vt 0.580566 0.541504
vt 0.221191 0.541504
vt 0.422363 0.543945
vt 0.422363 0.521484
vt 0.366699 0.521484
vt 0.366699 0.543945
vt 0.580566 0.558105
vt 0.221191 0.558105
vt 0.221191 0.502441
vt 0.580566 0.502441
vt 0.428711 0.543945
vt 0.428711 0.521484
vt 0.179199 0.526367
vt 0.179199 0.599121
vt 0.188477 0.593750
vt 0.188477 0.541992
vt 0.179199 0.625488
vt 0.188477 0.627930
vt 0.179199 0.649902
vt 0.188965 0.649414
vt 0.179199 0.625977
vt 0.188477 0.628418
vt 0.188965 0.649902
vt 0.473145 0.971191
vt 0.597168 0.971191
vt 0.597168 0.955566
vt 0.473145 0.955566
vt 0.402344 0.971191
vt 0.402344 0.955566
vt 0.526367 0.971191
vt 0.526367 0.955566
vt 0.234863 0.796875
vt 0.327637 0.920898
vt 0.313477 0.925781
vt 0.217285 0.796875
vt 0.328125 0.991699
vt 0.313965 0.991699
vt 0.328613 0.991699
vt 0.328125 0.920898
vt 0.235352 0.796875
vt 0.430176 0.489746
vt 0.430176 0.512695
vt 0.434570 0.512695
vt 0.434570 0.489746
vt 0.556152 0.506836
vt 0.569336 0.489746
vt 0.564941 0.489746
vt 0.551270 0.506836
vt 0.476562 0.489746
vt 0.483398 0.512695
vt 0.516113 0.512695
vt 0.522949 0.489746
vt 0.564941 0.512695
vt 0.569336 0.512695
vt 0.448242 0.506836
vt 0.443359 0.506836
vt 0.687012 0.935059
vt 0.663574 0.975586
vt 0.626465 0.975586
vt 0.646484 0.935059
vt 0.791504 0.973633
vt 0.786621 0.945312
vt 0.791016 0.944336
vt 0.796387 0.973633
vt 0.791016 0.953125
vt 0.749023 0.952148
vt 0.754395 0.973633
vt 0.474609 0.956543
vt 0.507812 0.956543
vt 0.511230 0.974121
vt 0.481445 0.974121
vt 0.530273 0.956543
vt 0.530762 0.974121
vt 0.935547 0.956543
vt 0.930664 0.974121
vt 0.789551 0.982910
vt 0.786621 0.982910
vt 0.750000 0.982910
vt 0.736328 0.973633
vt 0.735352 0.982910
vt 0.372070 0.973633
vt 0.375977 0.982910
vt 0.411621 0.956543
vt 0.415527 0.974121
vt 0.354004 0.935059
vt 0.374512 0.975586
vt 0.335938 0.975586
vt 0.312500 0.935059
vt 0.791016 0.943848
vt 0.786621 0.944824
vt 0.749023 0.951660
vt 0.791016 0.952148
vt 0.534180 0.967773
vt 0.549316 0.957520
vt 0.631348 1.499512
vt 0.631348 1.800293
vt 0.624023 1.800293
vt 0.624023 1.499512
vt 0.676758 1.499512
vt 0.676758 1.800293
vt 0.675781 1.800293
vt 0.675781 1.499512
vt 0.669434 1.499512
vt 0.669434 1.800293
vt 0.668457 1.800293
vt 0.668457 1.499512
vt 0.673828 0.571289
vt 0.666016 0.571289
vt 0.624023 0.622070
vt 0.633301 0.622070
vt 0.325684 0.571289
vt 0.333496 0.571289
vt 0.481445 0.571777
vt 0.473633 0.571777
vt 0.473633 0.624023
vt 0.481445 0.625488
vt 0.544434 0.968750
vt 0.552246 0.968750
vt 0.554199 0.961914
vt 0.549316 0.961914
vt 0.589355 0.968750
vt 0.596680 0.968750
vt 0.591797 0.961914
vt 0.586914 0.961914
vt 0.652344 0.969727
vt 0.666016 0.969727
vt 0.666016 0.961914
vt 0.652344 0.961914
vt 0.752441 0.970703
vt 0.753418 0.970703
vt 0.753418 0.917480
vt 0.752441 0.917480
vt 0.428711 0.938965
vt 0.550293 0.938965
vt 0.550293 0.968262
vt 0.428711 0.968262
vt 0.638184 0.970703
vt 0.660156 0.970703
vt 0.660156 0.917480
vt 0.638184 0.917480
vt 0.752930 0.970703
vt 0.752930 0.917480
vt 0.782715 0.958496
vt 0.781738 0.958496
vt 0.773438 0.969727
vt 0.773926 0.969727
vt 0.689453 0.958496
vt 0.684570 0.969727
vt 0.667969 0.958496
vt 0.666504 0.969727
vt 0.331543 0.958496
vt 0.310059 0.958496
vt 0.314941 0.969727
vt 0.333008 0.969727
vt 0.217773 0.958496
vt 0.226074 0.969727
vt 0.216797 0.958496
vt 0.225586 0.969727
vt 0.501953 0.969238
vt 0.510254 0.959961
vt 0.546875 0.959961
vt 0.555176 0.969238
vt 0.452637 0.969238
vt 0.459473 0.959961
vt 0.586914 0.959961
vt 0.593750 0.969238
vt 0.760742 0.960938
vt 0.764160 0.967773
vt 0.793457 0.967773
vt 0.797363 0.960938
vt 0.699707 0.960938
vt 0.703125 0.967773
vt 0.848145 0.967773
vt 0.851562 0.960938
vt 0.852051 0.960938
vt 0.703613 0.967773
vt 0.673828 0.422363
vt 0.673828 0.393066
vt 0.565918 0.509766
vt 0.579102 0.509766
vt 0.579102 0.474121
vt 0.565918 0.474121
vt 0.565430 0.509766
vt 0.565430 0.474121
vt 0.673340 0.393066
vt 0.673340 0.422363
vt 0.665527 0.401367
vt 0.665527 0.418457
vt 0.665039 0.418457
vt 0.665039 0.401367
vt 0.563477 0.465820
vt 0.572754 0.465820
vt 0.573242 0.465820
vt 0.563477 0.518066
vt 0.573242 0.518066
vt 0.572754 0.518066
vt 0.575195 1.041504
vt 0.501953 1.041504
vt 0.510742 1.032227
vt 0.569824 1.032227
vt 0.610352 0.975586
vt 0.595703 0.984863
vt 0.501465 0.975586
vt 0.510254 0.984863
vt 0.574707 1.041504
vt 0.569336 1.032227
vt 0.510254 1.032227
vt 0.501465 1.041504
vt 0.609863 0.975586
vt 0.595215 0.984863
vt 0.500977 0.975586
vt 0.509766 0.984863
vt 0.332031 0.533691
vt 0.332031 0.506836
vt 0.340332 0.462891
vt 0.340332 0.544922
vt 0.296387 0.533691
vt 0.288086 0.544922
vt 0.288086 0.462891
vt 0.296387 0.506836
vt 0.323730 0.537598
vt 0.305176 0.537598
vt 0.304688 0.505371
vt 0.323730 0.505371
vt 0.293945 0.446777
vt 0.334473 0.446777
vt 0.333984 0.552734
vt 0.294434 0.552734
vt 0.667480 0.533691
vt 0.659180 0.544922
vt 0.659180 0.462891
vt 0.667480 0.506836
vt 0.703125 0.533691
vt 0.703125 0.506836
vt 0.711426 0.462891
vt 0.711426 0.544922
vt 0.675781 0.537598
vt 0.675781 0.505371
vt 0.694824 0.505371
vt 0.694336 0.537598
vt 0.665039 0.446777
vt 0.705566 0.446777
vt 0.665527 0.552734
vt 0.705078 0.552734
vt 0.546875 0.492188
vt 0.452637 0.492188
vt 0.452637 0.507324
vt 0.546875 0.507324
vt 0.458496 0.958496
vt 0.456055 0.969238
vt 0.470703 0.968750
vt 0.473633 0.958496
vt 0.319824 0.276855
vt 0.324707 0.267578
vt 0.324707 0.244141
vt 0.319336 0.233398
vt 0.355469 0.243164
vt 0.356934 0.232910
vt 0.400391 0.243652
vt 0.400391 0.233887
vt 0.355957 0.244629
vt 0.354492 0.234375
vt 0.301270 0.245117
vt 0.295410 0.236328
vt 0.301270 0.264648
vt 0.294922 0.275879
vt 0.308594 0.284180
vt 0.313477 0.271973
vt 0.369629 0.273438
vt 0.369629 0.286133
vt 0.303223 0.275879
vt 0.297852 0.288086
vt 0.303223 0.233398
vt 0.297852 0.219727
vt 0.369629 0.233887
vt 0.369629 0.221191
vt 0.313477 0.238281
vt 0.308594 0.225098
vt 0.402344 0.236816
vt 0.296875 0.237305
vt 0.297363 0.276367
vt 0.399902 0.279297
vt 0.403809 0.286621
vt 0.291992 0.283203
vt 0.291992 0.229980
vt 0.406250 0.229980
vt 0.293945 0.267090
vt 0.293945 0.236328
vt 0.400391 0.235352
vt 0.399902 0.267090
vt 0.403320 0.231445
vt 0.291016 0.232910
vt 0.291016 0.270508
vt 0.402832 0.270996
vt -0.159180 0.457520
vt -0.125977 0.353516
vt -0.036133 0.352539
vt -0.013672 0.371582
vt 0.223633 0.344727
vt 0.223633 0.366699
vt 1.009766 0.387207
vt 1.145508 0.386719
vt 1.131836 0.414062
vt 1.009766 0.442383
vt -0.134277 0.458984
vt -0.118652 0.411133
vt 0.177734 0.365234
vt 0.149902 0.392578
vt 0.040527 0.416992
vt 0.194824 0.373047
vt 0.196289 0.387695
vt 0.043945 0.421875
vt 0.895996 0.417480
vt 0.955566 0.381836
vt 0.839844 0.372559
vt 0.940918 0.371582
vt 0.265625 0.352051
vt 0.266113 0.335938
vt 0.208984 0.338379
vt 0.082031 0.450195
vt 0.082520 0.463379
vt 0.102539 0.459961
vt 1.103516 0.384766
vt 0.918457 0.388672
vt 0.896484 0.411133
vt 0.811523 0.412109
vt 0.797363 0.420410
vt 0.786133 0.446289
vt 1.091797 0.404297
vt 1.110352 0.386230
vt -0.097656 0.413086
vt -0.108398 0.434570
vt -0.092285 0.441406
vt 0.149414 0.372070
vt 0.178223 0.343750
vt 0.931152 0.355957
vt 0.885254 0.355469
vt 0.903809 0.458984
vt 0.905762 0.458008
vt 0.922363 0.442383
vt 0.921875 0.357910
vt 0.911133 0.347656
vt 0.889648 0.348145
vt 0.870605 0.365234
vt 0.858887 0.365234
vt 0.820312 0.460938
vt 1.001953 0.435059
vt 1.013672 0.425293
vt 1.011719 0.345215
vt 0.951172 0.345215
vt 0.944824 0.349609
vt 0.945312 0.435547
vt 0.950195 0.437988
vt 0.940430 0.385254
vt 0.906250 0.363281
vt 0.848145 0.364258
vt 0.848145 0.428711
vt 0.864258 0.441895
vt 0.934570 0.441406
vt 0.940430 0.438477
vt -0.264160 0.892578
vt -0.264160 0.966309
vt -0.260742 0.966309
vt -0.260742 0.892578
vt -0.264160 0.982422
vt -0.264160 0.970215
vt -0.260742 0.970215
vt -0.260742 0.982422
vt -0.264160 0.971191
vt -0.260742 0.971191
vt 0.459961 0.505859
vt 0.371582 0.505859
vt 0.371582 0.514648
vt 0.459961 0.514648
vt 0.459961 0.515137
vt 0.459961 0.505371
vt 0.371582 0.505371
vt 0.371582 0.515137
vt 0.465820 0.643066
vt 0.641602 0.703125
vt 0.573242 0.504395
vt 0.770996 0.503906
vt 0.770996 0.725098
vt 0.909180 0.502930
vt 0.909180 0.728516
vt 0.864746 0.392578
vt 0.947266 0.375977
vt 0.773438 0.581543
vt 0.657227 0.563477
vt 0.655273 0.510742
vt 0.773438 0.510254
vt 0.912109 0.583496
vt 0.912109 0.509277
vt 0.359375 0.281738
vt 0.405273 0.282227
vt 0.402344 0.268555
vt 0.335938 0.239746
vt 0.292969 0.292969
vt 0.287109 0.217285
vt 0.199219 0.395996
vt 0.127930 0.409668
vt 0.449219 0.545410
vt 0.426758 0.510742
vt 0.394531 0.544922
vt 0.322754 0.511230
vt 0.299316 0.542969
vt 0.402832 0.973633
vt 0.494629 0.973633
vt 0.494629 0.958496
vt 0.402832 0.958496
vt 0.305176 0.973633
vt 0.305176 0.958496
vt 0.658203 0.958496
vt 0.658203 0.973633
vt 0.781250 0.958496
vt 0.781250 0.973633
vt 0.895996 0.958496
vt 0.921387 0.973633
vt 0.299316 0.976074
vt 0.298828 0.955078
vt 0.394043 0.976074
vt 0.394043 0.955078
vt 0.468750 0.976074
vt 0.468750 0.955078
vt 1.244141 0.956543
vt 1.237305 0.971680
vt 1.166016 0.971680
vt 1.166016 0.956543
vt 1.078125 0.971680
vt 1.063477 0.956543
vt 0.828125 0.956543
vt 0.825684 0.971680
vt 0.736816 0.971680
vt 0.736816 0.956543
vt 0.601562 0.971680
vt 0.575195 0.956543
vt 0.156738 0.500488
vt 0.156738 0.526367
vt 0.303223 0.526367
vt 0.303223 0.500488
vt 0.497070 0.526367
vt 0.497070 0.500488
vt 0.218750 0.500488
vt 0.219238 0.526367
vt 0.303711 0.500488
vt 0.440430 0.526367
vt 0.440430 0.500488
vt 0.310059 0.971191
vt 0.310059 0.957031
vt 0.407227 0.971191
vt 0.407227 0.957031
vt 0.562500 0.971191
vt 0.562500 0.957031
vt 0.759766 0.971191
vt 0.759766 0.957031
vt 0.898438 0.971191
vt 0.898438 0.957031
vt 0.574707 0.956543
vt 0.831543 0.511230
vt 0.843750 0.511230
vt 0.832031 0.559570
vt 0.820312 0.559570
vt 0.819824 0.511230
vt 0.811035 0.559570
vt 0.801758 0.511230
vt 0.796875 0.559570
vt 0.779785 0.511230
vt 0.779785 0.559570
vt 0.516602 0.555664
vt 0.516602 0.466797
vt 0.552734 0.975098
vt 0.532715 0.975098
vt 0.532715 0.954102
vt 0.552734 0.954102
vt 0.574219 0.975098
vt 0.572266 0.954102
vt 0.591797 0.975098
vt 0.588867 0.954102
vt 0.604004 0.975098
vt 0.600098 0.954102
vt 0.619629 0.975098
vt 0.615234 0.954102
vt 0.453125 0.975098
vt 0.478027 0.975098
vt 0.478027 0.954102
vt 0.453125 0.954102
vt 0.432129 0.975098
vt 0.433594 0.954102
vt 0.414062 0.975098
vt 0.417480 0.954102
vt 0.402344 0.975098
vt 0.406250 0.954102
vt 0.386230 0.975098
vt 0.391113 0.954102
vt 0.483887 0.974121
vt 0.483887 0.959473
vt 0.499023 0.959473
vt 0.498535 0.974121
vt 0.511230 0.959473
vt 0.522461 0.959473
vt 0.522461 0.974121
vt 0.531738 0.959473
vt 0.531738 0.974121
vt 0.384277 0.974121
vt 0.384277 0.959473
vt 0.369141 0.959473
vt 0.369629 0.974121
vt 0.356445 0.959473
vt 0.356445 0.974121
vt 0.345215 0.959473
vt 0.345215 0.974121
vt 0.333496 0.959473
vt 0.333984 0.974121
vt 0.832031 0.600586
vt 0.820312 0.600586
vt 0.811035 0.600586
vt 0.796875 0.600586
vt 0.779785 0.600586
vt 0.345215 0.891602
vt 0.338379 0.891602
vt 0.338379 0.976562
vt 0.345215 0.976562
vt 0.352539 0.891602
vt 0.352539 0.976562
vt 0.359375 0.891602
vt 0.359375 0.976562
vt 0.366699 0.891602
vt 0.366699 0.976562
vt 0.373535 0.891602
vt 0.373535 0.976562
vt 0.380859 0.891602
vt 0.380859 0.976562
vt 0.504883 0.376465
vt 0.504883 0.424316
vt 0.513672 0.424316
vt 0.540527 0.376465
vt 0.513672 0.497070
vt 0.540527 0.543945
vt 0.504883 0.543945
vt 0.504883 0.497070
vt 0.494629 0.424316
vt 0.494629 0.376465
vt 0.458984 0.376465
vt 0.485840 0.424316
vt 0.458984 0.543945
vt 0.485840 0.497070
vt 0.494629 0.543945
vt 0.494629 0.497070
vt 0.516602 0.565430
vt 0.516602 0.457520
vt 0.366699 0.515625
vt 0.359863 0.521484
vt 0.359863 0.543945
vt 0.366699 0.550293
vt 0.580566 0.564941
vt 0.221191 0.564941
vt 0.586914 0.558105
vt 0.221191 0.496094
vt 0.586914 0.502441
vt 0.580566 0.496094
vt 0.179199 0.686523
vt 0.179199 0.761230
vt 0.188477 0.768066
vt 0.188477 0.821289
vt 0.179199 0.821289
vt 0.188477 0.768555
vt 0.179199 0.761719
vt 0.179199 0.687012
vt 0.152344 0.992188
vt 0.564941 0.985352
vt 0.583008 0.971191
vt 0.583008 0.955566
vt 0.499512 0.985352
vt 0.499512 0.955566
vt 0.416504 0.971191
vt 0.434570 0.985352
vt 0.416504 0.955566
vt 0.483398 0.569336
vt 0.484863 0.564941
vt 0.480957 0.564941
vt 0.516113 0.569336
vt 0.500000 0.564941
vt 0.514648 0.564941
vt 0.518555 0.564941
vt 0.517578 0.506836
vt 0.500000 0.506836
vt 0.481934 0.506836
vt 0.489746 0.970215
vt 0.449707 0.968750
vt 0.449707 0.964844
vt 0.489746 0.965820
vt 0.534668 0.970703
vt 0.534668 0.966309
vt 0.566406 0.966309
vt 0.566406 0.970703
vt 0.571289 0.967773
vt 0.571289 0.950195
vt 0.566406 0.950195
vt 0.566406 0.966797
vt 0.534668 0.966797
vt 0.489746 0.966309
vt 0.524902 0.508789
vt 0.524902 0.489746
vt 0.479492 0.506836
vt 0.479492 0.489746
vt 0.520020 0.506836
vt 0.520020 0.489746
vt 0.474609 0.508789
vt 0.474609 0.489746
vt 0.648438 0.956543
vt 0.689941 0.956543
vt 0.687012 0.979492
vt 0.646484 0.979492
vt 0.563965 0.956543
vt 0.562988 0.979492
vt 0.500488 0.956543
vt 0.500488 0.979492
vt 0.562988 0.956543
vt 0.562012 0.979492
vt 0.647461 0.956543
vt 0.645508 0.979492
vt 0.687500 0.979492
vt 0.626465 0.557129
vt 0.663574 0.551758
vt 0.554199 0.561035
vt 0.500488 0.562012
vt 0.553223 0.561035
vt 0.625488 0.557129
vt 0.664062 0.551758
vt 0.331055 0.948730
vt 0.330566 0.973633
vt 0.344238 0.939453
vt 0.372559 0.939941
vt 0.345215 0.889648
vt 0.373535 0.890137
vt 0.345703 0.852539
vt 0.374023 0.853027
vt 0.373535 0.889648
vt 0.345215 0.889160
vt 0.372559 0.938965
vt 0.344238 0.938965
vt 0.331055 0.947754
vt 0.063477 0.502930
vt 0.060059 0.512207
vt 0.097656 0.575195
vt 0.111816 0.579590
vt 0.464844 0.471191
vt 0.483887 0.475098
vt 0.471680 0.583496
vt 0.512695 0.512695
vt 0.731445 0.941895
vt 0.728516 0.894043
vt 0.728027 0.859375
vt 0.728516 0.895020
vt 0.731445 0.942871
vt 0.674805 0.565430
vt 0.675781 0.486328
vt 0.779297 0.486328
vt 0.779297 0.565430
vt 0.674805 0.633789
vt 0.779297 0.633789
vt 0.783691 0.895508
vt 0.788086 0.895508
vt 0.783203 0.860352
vt 0.788086 0.860352
vt 0.783691 0.895996
vt 0.788086 0.896484
vt 0.339844 0.242188
vt 0.393555 0.242188
vt 0.373047 0.277832
vt 0.332520 0.277832
vt 0.302246 0.242188
vt 0.302246 0.277832
vt 0.724609 0.951172
vt 0.803223 0.951172
vt 0.800781 0.980469
vt 0.722656 0.980469
vt 0.667480 0.951172
vt 0.666016 0.980469
vt 0.726074 0.951172
vt 0.724121 0.980469
vt 0.804688 0.951172
vt 0.802246 0.980469
vt 0.729980 0.486328
vt 0.729980 0.565430
vt 0.729980 0.633789
vt 0.367676 0.957520
vt 0.353516 0.967773
vt 0.437012 0.967773
vt 0.437012 0.957520
vt 0.500000 0.967773
vt 0.500000 0.957520
vt 0.562500 0.967773
vt 0.562500 0.957520
vt 0.645996 0.967773
vt 0.631836 0.957520
vt 0.613281 0.967773
vt 0.607422 0.957520
vt 0.548340 0.957520
vt 0.548340 0.967773
vt 0.451172 0.957520
vt 0.451172 0.967773
vt 0.392090 0.957520
vt 0.386230 0.967773
vt 0.576172 0.968750
vt 0.572754 0.959961
vt 0.566406 0.964844
vt 0.666016 0.969238
vt 0.662109 0.960938
vt 0.668457 0.955566
vt 0.661621 0.959473
vt 0.665527 0.968262
vt 0.667969 0.954590
vt 0.224609 0.885742
vt 0.516602 0.886230
vt 0.516602 0.935059
vt 0.225098 0.935059
vt 0.516602 0.949707
vt 0.510742 0.958496
vt 0.513672 0.955078
vt 0.225098 0.960938
vt 0.502930 0.960938
vt 0.215820 0.885742
vt 0.216309 0.935059
vt 0.216309 0.960938
vt 0.625488 0.629883
vt 0.571777 0.629883
vt 0.571777 0.622070
vt 0.571777 0.571289
vt 0.571777 0.555176
vt 0.571777 0.539551
vt 0.666016 0.539551
vt 0.568359 0.547852
vt 0.666016 0.502441
vt 0.563477 0.542969
vt 0.571777 0.502441
vt 0.553223 0.539551
vt 0.272461 0.539551
vt 0.272461 0.502441
vt 0.427734 0.622070
vt 0.427734 0.571289
vt 0.427734 0.555176
vt 0.427734 0.539551
vt 0.333496 0.539551
vt 0.431152 0.547852
vt 0.333496 0.502441
vt 0.436035 0.542969
vt 0.427734 0.502441
vt 0.446289 0.539551
vt 0.727051 0.539551
vt 0.727051 0.502441
vt 0.604980 0.969727
vt 0.359863 0.969727
vt 0.359863 0.961914
vt 0.604980 0.961914
vt 0.613770 0.969727
vt 0.613281 0.961914
vt 0.617676 0.969727
vt 0.617676 0.961914
vt 0.622559 0.969727
vt 0.622559 0.961914
vt 0.629883 0.969727
vt 0.629395 0.961914
vt 0.570801 0.961914
vt 0.570801 0.968750
vt 0.530273 0.961914
vt 0.445312 0.961914
vt 0.685547 0.961914
vt 0.685547 0.969727
vt 0.628906 0.508301
vt 0.634766 0.497070
vt 0.606934 0.500488
vt 0.628418 0.532715
vt 0.574219 0.504395
vt 0.596680 0.561523
vt 0.629883 0.542480
vt 0.633301 0.558594
vt 0.642090 0.573730
vt 0.547363 0.524414
vt 0.514648 0.510742
vt 0.481445 0.512695
vt 0.638672 0.605957
vt 0.651855 0.584473
vt 0.467773 0.554199
vt 0.413086 0.514648
vt 0.656738 0.597168
vt 0.662598 0.590332
vt 0.677734 0.593750
vt 0.625000 0.619141
vt 0.677734 0.653320
vt 0.572754 0.589844
vt 0.616211 0.635254
vt 0.520996 0.567383
vt 0.559082 0.620605
vt 0.612793 0.652832
vt 0.507812 0.610352
vt 0.554688 0.651855
vt 0.615723 0.669922
vt 0.503418 0.651367
vt 0.557617 0.682617
vt 0.459961 0.604492
vt 0.413086 0.549805
vt 0.457520 0.650879
vt 0.357910 0.558594
vt 0.341309 0.510254
vt 0.413086 0.602539
vt 0.276367 0.534180
vt 0.326660 0.509277
vt 0.232422 0.500977
vt 0.365723 0.608887
vt 0.191406 0.565918
vt 0.225098 0.500488
vt 0.150879 0.497559
vt 0.150391 0.558594
vt 0.225098 0.586426
vt 0.303223 0.578125
vt 0.248047 0.614258
vt 0.413574 0.650879
vt 0.368652 0.654785
vt 0.624023 0.685547
vt 0.505859 0.689941
vt 0.569824 0.710938
vt 0.637695 0.698242
vt 0.458496 0.694336
vt 0.516602 0.727539
vt 0.593262 0.735840
vt 0.413574 0.695312
vt 0.464844 0.736328
vt 0.541016 0.764648
vt 0.656250 0.706543
vt 0.629883 0.755371
vt 0.480469 0.782715
vt 0.677734 0.709473
vt 0.591309 0.799805
vt 0.677734 0.762695
vt 0.413086 0.739258
vt 0.524414 0.838379
vt 0.367188 0.697266
vt 0.413086 0.789062
vt 0.361328 0.738770
vt 0.677734 0.817383
vt 0.411621 0.855957
vt 0.677246 0.878418
vt 0.345215 0.784180
vt 0.180176 0.944824
vt 0.299805 0.838379
vt 0.150879 0.875977
vt 0.150879 0.822754
vt 0.234863 0.807129
vt 0.284180 0.774414
vt 0.308594 0.738770
vt 0.318848 0.702637
vt 0.321289 0.664062
vt 0.316406 0.622070
vt 0.261719 0.644531
vt 0.266602 0.675293
vt 0.264160 0.703613
vt 0.252930 0.729492
vt 0.230469 0.751953
vt 0.195801 0.768066
vt 0.150391 0.774414
vt 0.703125 0.917480
vt 0.703125 0.970703
vt 0.630859 0.917480
vt 0.630859 0.970703
vt 0.548828 0.917480
vt 0.548828 0.970703
vt 0.470215 0.917480
vt 0.470215 0.970703
vt 0.749023 0.466309
vt 0.797363 0.486816
vt 0.798828 0.503906
vt 0.727051 0.650879
vt 0.675781 0.448242
vt 0.709961 0.658203
vt 0.544434 0.678223
vt 0.593262 0.440430
vt 0.516113 0.448730
vt 0.749512 0.466309
vt 0.606934 0.670410
vt 0.605469 0.652832
vt 0.557129 0.632324
vt 0.535156 0.816895
vt 0.483887 0.614258
vt 0.518066 0.824219
vt 0.352539 0.844727
vt 0.401367 0.606934
vt 0.324219 0.614746
vt 0.732422 0.958496
vt 0.729004 0.969727
vt 0.660645 0.958496
vt 0.658203 0.969727
vt 0.578125 0.958496
vt 0.577148 0.969727
vt 0.500000 0.958496
vt 0.500000 0.969727
vt 0.421387 0.958496
vt 0.422363 0.969727
vt 0.338867 0.958496
vt 0.341309 0.969727
vt 0.267090 0.958496
vt 0.270508 0.969727
vt 0.500000 0.509766
vt 0.500000 0.474121
vt 0.660156 0.474121
vt 0.660156 0.509766
vt 0.667969 0.474121
vt 0.667969 0.509766
vt 0.691406 0.509766
vt 0.691406 0.474121
vt 0.500000 0.393066
vt 0.500000 0.401367
vt 0.500000 0.465820
vt 0.650879 0.465820
vt 0.661621 0.465820
vt 0.683105 0.465820
vt 0.500000 0.518066
vt 0.650391 0.518066
vt 0.661133 0.518066
vt 0.683105 0.518066
vt 0.650391 0.465820
vt 0.661133 0.465820
vt 0.650879 0.518066
vt 0.661621 0.518066
vt 0.656738 0.969238
vt 0.671875 0.969238
vt 0.671875 0.907227
vt 0.656738 0.907227
vt 0.642090 0.969238
vt 0.642090 0.907227
vt 0.627441 0.969238
vt 0.627441 0.907227
vt 0.612793 0.969238
vt 0.612793 0.907227
vt 0.597656 0.969238
vt 0.597656 0.907227
vt 0.583008 0.969238
vt 0.583008 0.907227
vt 0.568359 0.969238
vt 0.568359 0.907227
vt 0.553711 0.969238
vt 0.553711 0.907227
vt 0.538574 0.969238
vt 0.538574 0.907227
vt 0.523926 0.969238
vt 0.523926 0.907227
vt 0.509277 0.969238
vt 0.509277 0.907227
vt 0.494629 0.969238
vt 0.494629 0.907227
vt 0.484863 0.492188
vt 0.476074 0.492188
vt 0.476074 0.507324
vt 0.484863 0.507324
vt 0.514648 0.492188
vt 0.514648 0.507324
vt 0.523438 0.492188
vt 0.484863 0.514160
vt 0.523438 0.507324
vt 0.514648 0.514160
vt 0.355469 0.266113
vt 0.400391 0.266113
vt 0.354004 0.265137
vt 0.354980 0.274902
vt 0.400391 0.275879
vt 0.354492 0.276367
vt 1.009766 0.415039
vt 0.750000 0.687012
vt 0.668945 0.758301
vt 0.623047 0.798828
vt 0.997070 0.432129
vt 0.967773 0.431641
vt 0.885742 0.431152
vt 0.998047 0.425781
vt 0.999023 0.415039
vt 0.964355 0.385254
vt 0.885742 0.400879
vt 0.922363 0.440430
vt 1.013672 0.421875
vt 0.940430 0.409668
vt 0.100586 0.966309
vt 0.100586 0.892578
vt -0.016113 0.892578
vt -0.016113 0.966309
vt -0.020020 0.892578
vt -0.020020 0.966309
vt 0.100586 0.982422
vt 0.100586 0.977539
vt -0.016113 0.977539
vt -0.016113 0.982422
vt -0.020020 0.977539
vt -0.020020 0.982422
vt -0.024902 0.977539
vt -0.024902 0.982422
vt -0.073242 0.977539
vt -0.073242 0.982422
vt -0.078125 0.977539
vt -0.078125 0.982422
vt -0.081543 0.977539
vt -0.081543 0.982422
vt -0.140625 0.977539
vt -0.140625 0.982422
vt -0.230957 0.977539
vt -0.230957 0.982422
vt -0.235352 0.977539
vt -0.235352 0.982422
vt -0.255859 0.977539
vt -0.255859 0.982422
vt -0.260742 0.977539
vt -0.264160 0.977539
vt 0.100586 0.970215
vt -0.016113 0.970215
vt -0.020020 0.970215
vt -0.078125 0.966309
vt -0.078125 0.892578
vt -0.081543 0.892578
vt -0.081543 0.966309
vt -0.140625 0.892578
vt -0.140625 0.966309
vt -0.230957 0.892578
vt -0.230957 0.966309
vt -0.235352 0.892578
vt -0.235352 0.966309
vt -0.255859 0.892578
vt -0.255859 0.966309
vt -0.024902 0.892578
vt -0.024902 0.966309
vt -0.073242 0.892578
vt -0.073242 0.966309
vt -0.078125 0.970215
vt -0.081543 0.970215
vt -0.140625 0.970215
vt -0.230957 0.970215
vt -0.235352 0.970215
vt -0.255859 0.970215
vt -0.024902 0.970215
vt -0.073242 0.970215
vt 0.100586 0.971191
vt -0.016113 0.971191
vt -0.020020 0.971191
vt -0.024902 0.971191
vt -0.073242 0.971191
vt -0.078125 0.971191
vt -0.081543 0.971191
vt -0.140625 0.971191
vt -0.230957 0.971191
vt -0.235352 0.971191
vt -0.255859 0.971191
vt -2.859375 2.587891
vt -3.044922 2.452148
vt -3.023438 0.084473
vt -2.564453 2.489258
vt -2.630859 -0.121094
vt -2.818359 -0.125977
vt -2.552734 -0.058594
vt 0.312012 0.667969
vt 0.616211 0.669434
vt 0.638184 0.774902
vt 0.251953 0.774902
vt 0.309082 0.867676
vt 0.760254 0.867188
vt 0.381836 0.975586
vt 0.871094 0.979980
vt 0.587402 0.747070
vt 0.982422 0.825684
vt 0.962891 0.628906
vt 0.586426 0.628906
vt 0.957520 0.754395
vt 0.585938 0.754395
vt 0.922852 0.976074
vt 0.922852 0.955078
vt 0.366699 0.595703
vt 0.366211 0.543457
vt 0.372559 0.625977
vt 0.382324 0.649414
vt 0.411621 0.678223
vt 0.428711 0.700684
vt 0.441406 0.769043
vt 0.439941 0.821289
vt 0.441406 0.769531
vt 0.428711 0.701172
vt 0.382324 0.649902
vt 0.372559 0.626465
vt 0.366211 0.543945
vt 0.758789 0.970703
vt 0.758789 0.958008
vt 0.725586 0.958008
vt 0.725586 0.970703
vt 0.682617 0.970703
vt 0.682617 0.958008
vt 0.639160 0.958008
vt 0.639160 0.970703
vt 0.603516 0.970703
vt 0.603516 0.958008
vt 0.571289 0.970703
vt 0.571289 0.958008
vt 0.525391 0.970703
vt 0.525391 0.958008
vt 0.500000 0.970703
vt 0.500000 0.958008
vt 0.500000 1.800293
vt 0.500000 1.499512
vt 0.625000 0.959473
vt 0.625000 0.969238
vt 0.500488 0.969238
vt 0.500488 0.959473
vt 0.375488 0.959473
vt 0.375488 0.969238
vt 0.500000 1.492188
vt 0.669434 1.492188
vt 0.624023 1.492188
vt 0.668457 1.492188
vt 0.658691 0.635254
vt 0.658691 0.466797
vt 0.735840 0.511230
vt 0.735840 0.635254
vt 0.735840 0.512695
vt 0.658691 0.467285
vt 0.668945 0.426270
vt 0.668945 0.433594
vt 0.500488 0.433594
vt 0.500488 0.426270
vt 0.330566 0.426270
vt 0.330566 0.433594
vt 0.673828 0.539551
vt 0.673828 0.502441
vt 0.523438 0.962402
vt 0.494141 0.962402
vt 0.494629 0.944824
vt 0.523438 0.944824
vt 0.523926 0.962891
vt 0.494629 0.962891
vt 0.658203 0.964844
vt 0.366699 0.964844
vt 0.366699 0.948242
vt 0.658203 0.948242
vt 0.357422 0.962402
vt 0.368164 0.962402
vt 0.368652 0.944824
vt 0.357422 0.944824
vt 0.368652 0.962891
vt 0.357910 0.962891
vt 0.292480 0.962891
vt 0.292480 0.944824
vt 0.292480 0.962402
vt 0.710449 0.963867
vt 0.710449 0.971680
vt 0.411133 0.971680
vt 0.411133 0.963867
vt 0.316895 0.963867
vt 0.316895 0.971680
vt 0.309082 0.963867
vt 0.309082 0.945312
vt 0.316895 0.945312
vt 0.401855 0.962402
vt 0.401855 0.944824
vt 0.401855 0.962891
vt 0.325684 0.539551
vt 0.325684 0.502441
vt 1.205078 0.406738
vt 1.203125 0.422363
vt 1.208008 0.426758
vt 1.210938 0.436523
vt 1.212891 0.403809
vt 1.212891 0.446289
vt 1.212891 0.386230
vt 1.251953 0.446289
vt 1.251953 0.396484
vt 1.251953 0.351562
vt 1.233398 0.357910
vt 1.251953 0.342285
vt 1.295898 0.346680
vt 1.295898 0.331055
vt 1.340820 0.347168
vt 1.340820 0.351562
vt 1.348633 0.354492
vt 1.381836 0.403809
vt 1.381836 0.399902
vt 1.384766 0.404297
vt 1.340820 0.396484
vt 1.295898 0.394043
vt 1.340820 0.446289
vt 1.381836 0.446289
vt 1.392578 0.446289
vt 1.295898 0.446289
vt 0.518066 0.546875
vt 0.523438 0.452637
vt 0.514648 0.452637
vt 0.511230 0.546875
vt 0.488281 0.546875
vt 0.484863 0.452637
vt 0.476074 0.452637
vt 0.484863 0.445801
vt 0.481445 0.546875
vt 0.609863 0.186523
vt 0.605957 0.185547
vt 0.565918 0.185547
vt 0.610840 0.190430
vt 0.609863 0.231934
vt 0.610840 0.228027
vt 0.605957 0.232910
vt 0.521484 0.210938
vt 0.519043 0.215332
vt 0.519043 0.228027
vt 0.520508 0.231934
vt 0.524414 0.233398
vt -0.134766 0.956055
vt -0.134766 0.970703
vt 0.476562 0.970703
vt 0.476562 0.956055
vt 0.487305 0.970703
vt -0.134766 0.940918
vt 0.487305 0.956055
vt 0.476562 0.940918
vt -0.134766 0.922363
vt 0.487305 0.940918
vt 0.476562 0.922363
vt 0.487305 0.922363
vt 0.433594 0.951172
vt 0.433594 0.971680
vt 0.423828 0.971680
vt 0.423828 0.951172
vt 0.430664 0.931641
vt 0.408203 0.971680
vt 0.420898 0.936035
vt 0.420898 0.915039
vt 0.408203 0.951172
vt 0.390137 0.971680
vt 0.414062 0.923340
vt 0.407227 0.903809
vt 0.407227 0.942871
vt 0.390137 0.951172
vt 0.403320 0.936035
vt 0.403320 0.915039
vt 0.390137 0.900391
vt 0.397461 0.931641
vt 0.390137 0.912109
vt 0.390137 0.930176
vt 0.433594 0.946777
vt 0.423828 0.946777
vt 0.430664 0.927246
vt 0.420898 0.931641
vt 0.420898 0.910645
vt 0.408203 0.946777
vt 0.414062 0.918945
vt 0.407227 0.899902
vt 0.407227 0.938477
vt 0.390137 0.946777
vt 0.403320 0.931641
vt 0.403320 0.910645
vt 0.390137 0.895996
vt 0.397461 0.927246
vt 0.390137 0.907715
vt 0.390137 0.925781
vt 1.341797 0.968750
vt 1.292969 0.967773
vt 1.292969 0.958496
vt 1.341797 0.959961
vt 1.423828 0.967773
vt 1.341797 0.949219
vt 1.423828 0.958496
vt 1.341797 0.967773
vt 1.423828 0.968750
vt 1.341797 0.957520
vt 1.292969 0.968750
vt 1.341797 0.944824
vt 0.338379 0.971191
vt 0.359375 0.970703
vt 0.341309 0.965820
vt 0.322754 0.955566
vt 0.359375 0.956055
vt 0.327637 0.952637
vt 0.316895 0.934082
vt 0.348633 0.953125
vt 0.359375 0.934082
vt 0.322754 0.934082
vt 0.322754 0.912598
vt 0.340332 0.945312
vt 0.327637 0.916016
vt 0.338379 0.897461
vt 0.337402 0.934082
vt 0.341309 0.902344
vt 0.359375 0.897461
vt 0.340332 0.923340
vt 0.348633 0.915039
vt 0.359375 0.912109
vt 1.292969 0.958984
vt 1.423828 0.958984
vt 1.341797 0.959473
vt 1.341797 0.945312
vt 0.152344 0.796875
vt 0.534668 0.950195
vt 0.489746 0.950195
vt 0.449707 0.950195
vt 0.522949 0.959961
vt 0.552246 0.959961
vt 0.552734 0.967773
vt 0.529297 0.967773
vt 0.518555 0.967773
vt 0.500000 0.959961
vt 0.658203 0.969238
vt 0.366699 0.969727
vt 0.361816 0.964844
vt 0.361816 0.948242
vt 0.463867 0.969727
vt 0.559570 0.969727
vt 0.404785 0.292480
vt 0.305664 0.292480
vt 0.305664 0.266602
vt 0.404785 0.266602
vt 0.305664 0.217773
vt 0.404785 0.217773
vt 0.390625 0.292480
vt 0.398438 0.290039
vt 0.401367 0.286621
vt 0.404297 0.266602
vt 0.404297 0.217773
vt 0.404297 0.281250
vt 0.307617 0.150879
vt 0.308105 0.153809
vt 0.309082 0.156250
vt 0.311035 0.158203
vt 0.313477 0.159180
vt 0.316406 0.149414
vt 0.316406 0.159668
vt 0.307617 0.149414
vt 0.308594 0.146484
vt 0.311035 0.143555
vt 0.316406 0.142090
vt 0.313477 0.142578
vt 0.316406 0.144043
vt 0.643066 0.434082
vt 0.500000 0.455078
vt 0.632324 0.455078
vt 0.572754 0.569824
vt 0.563477 0.574707
vt 0.500000 0.574707
vt 0.563965 0.574707
vt 0.573242 0.569824
vt 0.632812 0.455078
vt 0.643555 0.434082
vt 0.331543 0.661133
vt 0.331543 0.644043
vt 0.496582 0.644043
vt 0.496582 0.697754
vt 0.353027 0.676758
vt 0.330566 0.644043
vt 0.363770 0.697754
vt 0.331055 0.661133
vt 0.352539 0.676758
vt 0.363281 0.697754
vt 0.422852 0.812500
vt 0.496582 0.817383
vt 0.432129 0.817383
vt 0.423340 0.812500
vt 0.432617 0.817383
vt 0.256836 0.447266
vt 0.280762 0.447266
vt 0.280762 0.412598
vt 0.256836 0.412598
vt 0.232910 0.447266
vt 0.280762 0.390625
vt 0.232910 0.412598
vt 0.208984 0.447266
vt 0.256836 0.390625
vt 0.208984 0.412598
vt 0.185547 0.447266
vt 0.232910 0.390625
vt 0.256836 0.375977
vt 0.280762 0.375977
vt 0.232910 0.375977
vt 0.256836 0.369629
vt 0.280762 0.369629
vt 0.232910 0.369629
vt 0.256836 0.363281
vt 0.280762 0.363281
vt 0.280762 0.355957
vt 0.256836 0.355957
vt 0.232910 0.355957
vt 0.232910 0.363281
vt 0.208984 0.355957
vt 0.208984 0.363281
vt 0.185547 0.355957
vt 0.208984 0.369629
vt 0.185547 0.363281
vt 0.161621 0.355957
vt 0.208984 0.375977
vt 0.185547 0.369629
vt 0.161621 0.363281
vt 0.137695 0.355957
vt 0.208984 0.390625
vt 0.185547 0.375977
vt 0.161621 0.369629
vt 0.137695 0.363281
vt 0.113770 0.363281
vt 0.113770 0.355957
vt 0.137695 0.369629
vt 0.090332 0.363281
vt 0.090332 0.355957
vt 0.066406 0.355957
vt 0.113770 0.369629
vt 0.090332 0.369629
vt 0.066406 0.363281
vt 0.042480 0.355957
vt 0.042480 0.363281
vt 0.018555 0.355957
vt 0.066406 0.369629
vt 0.018555 0.363281
vt -0.004883 0.355957
vt 0.042480 0.369629
vt 0.090332 0.375977
vt 0.066406 0.375977
vt -0.004883 0.363281
vt -0.028809 0.355957
vt 0.018555 0.369629
vt 0.042480 0.375977
vt -0.028809 0.363281
vt -0.052246 0.355957
vt -0.004883 0.369629
vt -0.052246 0.363281
vt -0.076172 0.355957
vt -0.028809 0.369629
vt 0.018555 0.375977
vt -0.076172 0.363281
vt -0.100098 0.355957
vt -0.052246 0.369629
vt -0.100098 0.363281
vt -0.004883 0.375977
vt -0.028809 0.375977
vt -0.076172 0.369629
vt -0.052246 0.375977
vt -0.004883 0.390625
vt -0.028809 0.390625
vt -0.076172 0.375977
vt 0.018555 0.390625
vt -0.052246 0.390625
vt 0.042480 0.390625
vt -0.100098 0.369629
vt 0.066406 0.390625
vt 0.018555 0.412598
vt 0.042480 0.412598
vt 0.090332 0.390625
vt 0.018555 0.447266
vt -0.004883 0.447266
vt 0.042480 0.447266
vt -0.004883 0.412598
vt -0.028809 0.447266
vt -0.028809 0.412598
vt -0.052246 0.447266
vt -0.052246 0.412598
vt -0.076172 0.447266
vt -0.076172 0.412598
vt -0.100098 0.447266
vt -0.076172 0.390625
vt -0.100098 0.412598
vt -0.123535 0.447266
vt -0.100098 0.375977
vt -0.100098 0.390625
vt -0.123535 0.412598
vt -0.147461 0.447266
vt -0.123535 0.390625
vt -0.147461 0.412598
vt -0.171387 0.447266
vt -0.123535 0.375977
vt -0.147461 0.390625
vt -0.171387 0.412598
vt -0.195312 0.447266
vt -0.195312 0.412598
vt -0.171387 0.390625
vt -0.195312 0.390625
vt -0.195312 0.375977
vt -0.147461 0.375977
vt -0.171387 0.375977
vt -0.195312 0.369629
vt -0.171387 0.369629
vt -0.195312 0.363281
vt -0.123535 0.369629
vt -0.147461 0.369629
vt -0.171387 0.363281
vt -0.195312 0.355957
vt -0.171387 0.355957
vt -0.123535 0.363281
vt -0.123535 0.355957
vt -0.147461 0.363281
vt -0.147461 0.355957
vt 0.525879 0.734375
vt 0.548340 0.753418
vt 0.785645 0.726562
vt 0.436035 0.735352
vt 0.425781 0.719727
vt 0.379395 0.866211
vt 0.402832 0.839355
vt 0.785645 0.748535
vt 0.790039 0.716309
vt 0.806641 0.743164
vt 0.950684 0.719238
vt 0.950684 0.714355
vt 0.806641 0.715820
vt 0.928223 0.714844
vt 0.806641 0.687988
vt 0.941895 0.687500
vt 0.966797 0.621582
vt 0.791016 0.685059
vt 0.634277 0.717773
vt 0.634277 0.686523
vt 0.439453 0.621582
vt 0.444336 0.510742
vt 0.968262 0.510742
vt -0.139648 0.741699
vt -0.139648 0.722168
vt -0.128906 0.720215
vt -0.128906 0.741699
vt 0.482422 0.720215
vt -0.128906 0.779785
vt -0.139648 0.779785
vt -0.139648 0.803223
vt -0.007324 0.741699
vt -0.007324 0.779785
vt 0.340820 0.741699
vt 0.482422 0.741699
vt 0.482422 0.761719
vt 0.398438 0.779785
vt 0.340820 0.779785
vt -0.128906 0.803223
vt -0.139648 0.841309
vt -0.007324 0.803223
vt -0.128906 0.841309
vt -0.139648 0.860840
vt 0.340820 0.803223
vt -0.007324 0.841309
vt 0.398438 0.803223
vt -0.128906 0.862305
vt 0.340820 0.841309
vt 0.482422 0.841309
vt 0.482422 0.816406
vt 0.482422 0.862305
vt 0.267578 0.962402
vt 0.268066 0.962891
vt 0.268066 0.944824
vt 0.238770 0.962402
vt 0.238770 0.962891
vt 0.238770 0.944824
vt 0.411133 0.945312
vt 0.710449 0.945312
vt 0.208008 0.960938
vt 0.208008 0.935059
vt 0.207520 0.886230
vt 0.514648 0.445801
vt 0.485352 0.595215
vt 0.466309 0.612305
vt 0.454590 0.612793
vt 0.457031 0.587891
vt 0.506836 0.595215
vt 0.409668 0.709961
vt 0.416504 0.708496
vt 0.499512 0.706543
vt 0.546875 0.592773
vt 0.540527 0.596680
vt 0.517578 0.604980
vt 0.607422 0.592773
vt 0.541016 0.683105
vt 0.518066 0.687500
vt 0.545898 0.685059
vt 0.598145 0.682617
vt 0.518066 0.689941
vt 0.999023 0.589844
vt 0.535156 0.696777
vt 0.513184 0.719238
vt 0.501465 0.705566
vt 0.428223 0.720215
vt 0.414062 0.728516
vt 0.402832 0.754395
vt 0.392090 0.756836
vt 0.708008 0.712402
vt 0.401367 0.765137
vt 0.370117 0.816406
vt 0.698242 0.719727
vt 0.385742 0.812988
vt 0.341797 0.874512
vt 0.726562 0.694336
vt 0.670410 0.747070
vt 0.719727 0.692871
vt 0.649414 0.762207
vt 0.372559 0.832031
vt 0.652832 0.761719
vt 0.648926 0.762695
vt 0.362305 0.853516
vt 0.619629 0.791016
vt 0.377930 0.860352
vt 0.623535 0.812012
vt 0.610352 0.799316
vt 0.455566 0.843262
vt 0.611816 0.813965
vt 0.458984 0.848145
vt 0.646973 0.814941
vt 0.643555 0.808594
vt 0.740234 0.744629
vt 0.759277 0.740723
vt 0.806641 0.700684
vt 0.852051 0.673340
vt 0.807129 0.684570
vt 0.881836 0.661621
vt 0.822266 0.673340
vt 0.852539 0.667480
vt 0.731934 0.672852
vt 0.740234 0.672852
vt 0.740234 0.642578
vt 0.726074 0.675781
vt 0.731934 0.644043
vt 0.655762 0.676270
vt 0.731445 0.619629
vt 0.740234 0.596680
vt 0.639648 0.663086
vt 0.609375 0.672852
vt 0.609375 0.668945
vt 0.639648 0.598633
vt 0.697754 0.597656
vt 0.842285 0.596680
vt 0.785645 0.597656
vt 0.943359 0.595703
vt 0.949707 0.599609
vt 0.867188 0.616699
vt 0.958008 0.605469
vt 0.819336 0.626465
vt 0.854004 0.656250
vt 0.897949 0.641602
vt 0.189453 0.884277
vt 0.187500 0.968750
vt 0.159668 0.968750
vt 0.160645 0.884277
vt 0.131836 0.968750
vt 0.189941 0.812012
vt 0.131348 0.884277
vt 0.160156 0.812500
vt 0.130859 0.812500
vt 0.194336 0.740723
vt 0.162109 0.740723
vt 0.193359 0.700195
vt 0.161621 0.700195
vt 0.226074 0.700195
vt 0.130371 0.740723
vt 0.129883 0.700195
vt 0.225586 0.740234
vt 0.256348 0.740234
vt 0.257812 0.700195
vt 0.219727 0.812012
vt 0.284668 0.740234
vt 0.288086 0.700195
vt 0.248535 0.812012
vt 0.217773 0.884277
vt 0.213867 0.968750
vt 0.244629 0.884277
vt 0.239746 0.968750
vt 0.276367 0.812012
vt 0.270020 0.884277
vt 0.264160 0.968750
vt 0.287109 0.968750
vt 0.294434 0.884277
vt 0.310547 0.968750
vt 0.303223 0.811523
vt 0.319824 0.884277
vt 0.338379 0.968750
vt 0.312012 0.739746
vt 0.316406 0.700195
vt 0.330078 0.811523
vt 0.349121 0.884277
vt 0.379395 0.968750
vt 0.339355 0.739746
vt 0.344238 0.700195
vt 0.360840 0.811523
vt 0.388672 0.884277
vt 0.441406 0.968750
vt 0.369141 0.739746
vt 0.374023 0.700195
vt 0.397949 0.811523
vt 0.403809 0.739746
vt 0.406738 0.700195
vt 0.441895 0.884277
vt 0.441895 0.811523
vt 0.442383 0.739258
vt 0.442383 0.700195
vt 0.314941 0.150391
vt 0.307129 0.155762
vt 0.322754 0.155762
vt 0.322754 0.145020
vt 0.307129 0.145020
vt 0.377441 0.524902
vt 0.179199 0.471680
vt 0.971680 0.518066
vt 0.971680 0.471680
vt 0.971680 0.586914
vt 0.971680 0.518555
vt 0.376953 0.598145
vt 0.381348 0.624512
vt 0.971680 0.609863
vt 0.391113 0.644531
vt 0.971680 0.632324
vt 0.420410 0.671875
vt 0.971680 0.656250
vt 0.436035 0.692871
vt 0.971680 0.676758
vt 0.446777 0.760742
vt 0.971680 0.753418
vt 0.971680 0.821289
vt 0.448242 0.821289
vt 0.446777 0.761230
vt 0.971680 0.753906
vt 0.971680 0.656738
vt 0.971680 0.632812
vt 0.381348 0.625000
vt 0.376953 0.598633
vt 0.377441 0.649902
vt 0.371582 0.643555
vt 0.363281 0.658203
vt 0.389648 0.642578
vt 0.394043 0.658203
vt 0.378418 0.631348
vt 0.379883 0.658203
vt 0.363281 0.641602
vt 0.354980 0.643555
vt 0.377441 0.666504
vt 0.371582 0.672363
vt 0.389648 0.673340
vt 0.378418 0.684570
vt 0.397949 0.678223
vt 0.383301 0.692871
vt 0.363281 0.688965
vt 0.403320 0.658203
vt 0.386719 0.699219
vt 0.404297 0.681641
vt 0.363281 0.705566
vt 0.410645 0.658203
vt 0.363281 0.698242
vt 0.339844 0.699219
vt 0.397949 0.638184
vt 0.404297 0.634277
vt 0.383301 0.623535
vt 0.386719 0.617188
vt 0.363281 0.627441
vt 0.363281 0.618164
vt 0.363281 0.610840
vt 0.348145 0.631348
vt 0.343262 0.623535
vt 0.339844 0.617188
vt 0.349121 0.649902
vt 0.346680 0.658203
vt 0.336914 0.642578
vt 0.328613 0.638184
vt 0.322266 0.634277
vt 0.332520 0.658203
vt 0.323242 0.658203
vt 0.315918 0.658203
vt 0.349121 0.666504
vt 0.354980 0.672363
vt 0.336914 0.673340
vt 0.328613 0.678223
vt 0.322266 0.681641
vt 0.348145 0.684570
vt 0.343262 0.692871
vt 0.363281 0.674805
vt 0.422363 0.515625
vt 0.422363 0.550293
vt 0.066406 0.412598
vt 0.066406 0.447266
vt 0.090332 0.412598
vt 0.090332 0.447266
vt 0.113770 0.412598
vt 0.113770 0.447266
vt 0.113770 0.390625
vt 0.137695 0.412598
vt 0.137695 0.447266
vt 0.137695 0.390625
vt 0.113770 0.375977
vt 0.137695 0.375977
vt 0.161621 0.375977
vt 0.161621 0.390625
vt 0.185547 0.390625
vt 0.161621 0.412598
vt 0.161621 0.447266
vt 0.185547 0.412598
vt 0.518066 0.507324
vt 0.511230 0.507324
vt 0.511230 0.514160
vt 0.488281 0.514160
vt 0.518066 0.492188
vt 0.488281 0.507324
vt 0.481445 0.507324
vt 0.511230 0.492188
vt 0.511230 0.485352
vt 0.488281 0.492188
vt 0.481445 0.492188
vt 0.488281 0.485352
vt 0.483398 0.974121
vt 0.446289 0.974121
vt 0.445801 0.959473
vt 0.422363 0.959473
vt 0.422363 0.974121
vt 0.434570 0.979004
vt 0.449707 0.979004
vt 0.449707 0.969727
vt 0.487793 0.979004
vt 0.435059 0.969727
vt 0.487793 0.969727
vt 0.421875 0.979004
vt 0.511719 0.969727
vt 0.511719 0.979004
vt 0.414062 0.979004
vt 0.549805 0.969727
vt 0.414062 0.969727
vt 0.549805 0.979004
vt 0.405273 0.979004
vt 0.564453 0.969727
vt 0.405273 0.969727
vt 0.564453 0.979004
vt 0.577637 0.979004
vt 0.585449 0.969727
vt 0.585449 0.979004
vt 0.593750 0.969727
vt 0.593262 0.979004
vt 0.523926 0.970215
vt 0.523438 0.963867
vt 0.521484 0.963867
vt 0.521484 0.970215
vt 0.517578 0.963867
vt 0.517578 0.970215
vt 0.510742 0.963867
vt 0.511230 0.970215
vt 0.501953 0.963867
vt 0.501953 0.970215
vt 0.492676 0.963867
vt 0.492676 0.970215
vt 0.486816 0.963867
vt 0.487305 0.970215
vt 0.473633 0.963867
vt 0.474121 0.970215
vt 0.468262 0.970215
vt 0.462402 0.963867
vt 0.462891 0.970215
vt 0.457520 0.963867
vt 0.458008 0.970215
vt 0.455078 0.963867
vt 0.456055 0.970215
vt 0.473633 0.943359
vt 0.486816 0.943359
vt 0.462402 0.943359
vt 0.457520 0.943359
vt 0.492188 0.943359
vt 0.455078 0.943359
vt 0.501953 0.943359
vt 0.510742 0.943359
vt 0.517578 0.943359
vt 0.521484 0.943359
vt 0.523438 0.943359
vt 0.408203 0.955078
vt 0.442383 0.955078
vt 0.442383 0.974121
vt 0.406738 0.974121
vt 0.375977 0.955078
vt 0.374023 0.974121
vt 0.346680 0.955078
vt 0.344238 0.974121
vt 0.318359 0.955078
vt 0.316406 0.974121
vt 0.289062 0.955078
vt 0.288086 0.974121
vt 0.258301 0.955078
vt 0.257812 0.974121
vt 0.226074 0.955078
vt 0.226074 0.974121
vt 0.193359 0.974121
vt 0.193359 0.955078
vt 0.161621 0.974121
vt 0.161133 0.955078
vt 0.129883 0.974121
vt 0.129883 0.955078
vt 0.224121 0.145508
vt 0.219238 0.150879
vt 0.228027 0.146973
vt 0.228027 0.138184
vt 0.214355 0.145508
vt 0.224121 0.139648
vt 0.210449 0.146973
vt 0.219238 0.134277
vt 0.214355 0.139648
vt 0.210449 0.138184
vt 0.593750 0.938965
vt 0.585449 0.938965
vt 0.577148 0.938965
vt 0.564453 0.938965
vt 0.549805 0.938965
vt 0.511719 0.938965
vt 0.487793 0.938965
vt 0.449707 0.938965
vt 0.435059 0.938965
vt 0.422363 0.938965
vt 0.414062 0.938965
vt 0.405273 0.938965
vt 0.512207 0.963379
vt 0.512207 0.957031
vt 0.533203 0.957031
vt 0.488281 0.963379
vt 0.533203 0.963379
vt 0.488281 0.957031
vt 0.556152 0.957031
vt 0.471191 0.963379
vt 0.556152 0.963379
vt 0.471191 0.957031
vt 0.577637 0.957031
vt 0.449707 0.963379
vt 0.577637 0.963379
vt 0.449707 0.957031
vt 0.595215 0.957031
vt 0.595215 0.963379
vt 0.614746 0.957031
vt 0.614746 0.963379
vt 0.512207 0.969727
vt 0.488281 0.969727
vt 0.533203 0.969727
vt 0.471191 0.969727
vt 0.556152 0.969727
vt 0.577637 0.969727
vt 0.595215 0.969727
vt 0.614746 0.969727
vt 0.338867 0.885254
vt 0.330566 0.864258
vt 0.330566 0.887207
vt 0.345215 0.880371
vt 0.349121 0.873047
vt 0.350586 0.864258
vt 0.350586 0.822266
vt 0.330566 0.822266
vt 0.350586 0.798828
vt 0.330566 0.798828
vt 0.330566 0.756836
vt 0.350586 0.756836
vt 0.349121 0.748047
vt 0.345215 0.740723
vt 0.338867 0.735840
vt 0.330566 0.734375
vt 0.368164 0.852539
vt 0.354492 0.850586
vt 0.368164 0.813477
vt 0.341797 0.845215
vt 0.332520 0.836914
vt 0.326660 0.825684
vt 0.324707 0.813477
vt 0.327148 0.800293
vt 0.333496 0.788086
vt 0.343262 0.778320
vt 0.354980 0.771973
vt 0.368164 0.770020
vt 0.348633 0.704102
vt 0.375488 0.707031
vt 0.375488 0.681641
vt 0.361328 0.680176
vt 0.323730 0.696777
vt 0.348633 0.676270
vt 0.304199 0.685059
vt 0.337891 0.669922
vt 0.338379 0.669922
vt 0.291504 0.669922
vt 0.331543 0.662109
vt 0.287109 0.653809
vt 0.329102 0.653809
vt 0.291504 0.637207
vt 0.331543 0.645020
vt 0.304199 0.622559
vt 0.337891 0.637207
vt 0.338379 0.637207
vt 0.323730 0.610840
vt 0.348633 0.630859
vt 0.348633 0.603027
vt 0.361328 0.626953
vt 0.375488 0.600586
vt 0.375488 0.625977
vt 0.375488 0.653809
s 1
usemtl Material_#30
f 1/1/1 2/2/1 3/3/1
f 4/2/2 5/1/2 6/3/2
f 7/4/3 8/5/3 9/6/3
f 10/6/4 11/7/4 12/4/4
f 13/8/5 14/9/5 15/10/5
f 16/5/6 17/4/6 18/7/6
f 19/7/7 20/6/7 21/5/7
f 22/10/8 23/9/8 24/11/8
f 25/12/9 26/13/9 27/14/9
f 28/14/10 29/15/10 30/12/10
f 31/16/11 32/17/11 33/18/11
f 34/17/12 35/16/12 36/18/12
f 37/19/13 38/20/13 39/21/13
f 40/19/14 41/21/14 42/20/14
f 43/22/15 44/23/15 45/24/15
f 45/24/16 46/25/16 43/22/16
f 47/26/17 48/27/18 49/28/19
f 49/28/19 50/29/20 47/26/17
f 51/30/21 52/27/22 53/26/23
f 53/26/23 54/31/24 51/30/21
f 55/32/25 56/33/26 57/34/27
f 57/34/27 58/35/28 55/32/25
f 59/36/29 60/37/30 61/38/31
f 61/38/31 62/39/32 59/36/29
f 63/40/33 64/41/34 65/42/35
f 65/42/35 66/43/36 63/40/33
f 67/44/37 68/45/38 69/46/39
f 69/46/39 70/47/40 67/44/37
f 71/48/41 72/49/42 73/50/43
f 73/50/43 74/51/44 71/48/41
f 75/52/45 76/53/46 77/54/47
f 77/54/47 78/55/48 75/52/45
f 79/56/49 80/57/50 81/58/51
f 81/58/51 82/59/52 79/56/49
f 83/60/53 84/61/54 85/62/55
f 85/62/55 86/63/56 83/60/53
f 87/64/57 88/65/58 89/66/59
f 89/66/59 90/67/60 87/64/57
f 91/68/61 92/69/62 93/70/63
f 93/70/63 94/71/64 91/68/61
f 95/22/65 96/25/66 97/24/67
f 97/24/67 98/23/68 95/22/65
f 99/26/69 100/29/70 101/28/71
f 101/28/71 102/27/72 99/26/69
f 103/30/73 104/31/74 105/26/75
f 105/26/75 106/27/76 103/30/73
f 107/32/77 108/35/78 109/34/79
f 109/34/79 110/33/80 107/32/77
f 111/40/81 112/43/82 113/42/83
f 113/42/83 114/41/84 111/40/81
f 115/44/85 116/47/86 117/46/87
f 117/46/87 118/45/88 115/44/85
f 119/48/89 120/51/90 121/50/91
f 121/50/91 122/49/92 119/48/89
f 123/52/93 124/55/94 125/54/95
f 125/54/95 126/53/96 123/52/93
f 127/56/97 128/59/98 129/58/99
f 129/58/99 130/57/100 127/56/97
f 131/60/101 132/63/102 133/62/103
f 133/62/103 134/61/104 131/60/101
f 135/64/105 136/67/106 137/66/107
f 137/66/107 138/65/108 135/64/105
f 139/68/109 140/71/109 141/70/109
f 141/70/110 142/69/110 139/68/110
f 143/72/111 144/73/111 145/74/111
f 145/74/111 146/75/111 143/72/111
f 147/73/112 148/72/112 149/75/112
f 149/75/112 150/74/112 147/73/112
f 151/76/113 152/77/113 153/78/113
f 153/78/113 154/79/113 151/76/113
f 155/79/114 156/78/114 157/80/114
f 157/80/114 158/81/114 155/79/114
f 159/81/115 160/80/115 161/82/115
f 161/82/115 162/83/115 159/81/115
f 163/83/116 164/82/116 165/77/117
f 165/77/117 166/76/117 163/83/116
f 167/83/118 168/84/118 169/85/118
f 169/85/118 170/81/118 167/83/118
f 171/81/119 172/85/120 173/78/121
f 173/78/121 174/79/122 171/81/119
f 175/79/123 176/78/123 177/77/123
f 177/77/123 178/76/123 175/79/123
f 179/76/124 180/77/125 181/84/126
f 181/84/126 182/83/127 179/76/124
f 183/79/128 184/78/128 185/77/128
f 185/77/128 186/76/128 183/79/128
f 187/76/129 188/77/129 189/82/127
f 189/82/127 190/83/127 187/76/129
f 191/83/118 192/82/118 193/80/118
f 193/80/118 194/81/118 191/83/118
f 195/81/130 196/80/130 197/78/130
f 197/78/130 198/79/130 195/81/130
f 199/81/131 200/85/131 201/84/131
f 201/84/131 202/83/131 199/81/131
f 203/83/132 204/84/133 205/77/134
f 205/77/134 206/76/135 203/83/132
f 207/76/136 208/77/136 209/78/136
f 209/78/136 210/79/136 207/76/136
f 211/79/137 212/78/138 213/85/139
f 213/85/139 214/81/140 211/79/137
f 215/78/141 216/86/142 217/87/143
f 217/87/143 218/80/144 215/78/141
f 219/82/145 220/88/146 221/89/147
f 221/89/147 222/77/148 219/82/145
f 223/85/149 224/90/150 225/91/151
f 225/91/151 226/78/152 223/85/149
f 227/77/153 228/92/154 229/93/155
f 229/93/155 230/84/156 227/77/153
f 231/77/157 232/89/158 233/88/159
f 233/88/159 234/82/160 231/77/157
f 235/80/161 236/87/162 237/86/163
f 237/86/163 238/78/164 235/80/161
f 239/84/165 240/93/166 241/92/165
f 241/92/165 242/77/167 239/84/165
f 243/78/168 244/91/169 245/90/170
f 245/90/170 246/85/171 243/78/168
f 247/94/172 248/95/173 249/96/174
f 249/96/174 250/97/175 247/94/172
f 251/97/176 252/96/177 253/98/178
f 253/98/178 254/99/179 251/97/176
f 255/99/180 256/98/181 257/100/182
f 257/100/182 258/101/183 255/99/180
f 259/101/184 260/100/185 261/102/186
f 261/102/186 262/103/187 259/101/184
f 263/103/188 264/102/189 265/104/190
f 265/104/190 266/105/191 263/103/188
f 267/105/192 268/104/193 269/106/194
f 269/106/194 270/107/194 267/105/192
f 271/107/195 272/106/196 273/108/197
f 273/108/197 274/109/198 271/107/195
f 275/109/199 276/108/200 277/110/201
f 277/110/201 278/111/202 275/109/199
f 279/111/203 280/110/203 281/112/203
f 281/112/203 282/113/203 279/111/203
f 283/113/204 284/112/204 285/114/205
f 285/114/205 286/115/206 283/113/204
f 287/115/207 288/114/208 289/116/209
f 289/116/209 290/117/209 287/115/207
f 291/117/210 292/116/210 293/114/211
f 293/114/211 294/115/211 291/117/210
f 295/115/212 296/114/212 297/112/213
f 297/112/213 298/113/213 295/115/212
f 299/113/214 300/112/215 301/110/216
f 301/110/216 302/111/217 299/113/214
f 303/111/218 304/110/219 305/108/220
f 305/108/220 306/109/221 303/111/218
f 307/109/222 308/108/223 309/106/224
f 309/106/224 310/107/225 307/109/222
f 311/118/226 312/118/227 313/119/228
f 313/119/228 314/119/228 311/118/226
f 315/119/229 316/119/230 317/120/231
f 317/120/231 318/120/232 315/119/229
f 319/103/233 320/102/234 321/100/235
f 321/100/235 322/101/236 319/103/233
f 323/101/237 324/100/237 325/98/237
f 325/98/237 326/99/237 323/101/237
f 327/99/238 328/98/238 329/96/239
f 329/96/239 330/97/240 327/99/238
f 331/97/241 332/96/242 333/95/243
f 333/95/243 334/94/243 331/97/241
f 335/121/244 336/122/244 337/123/244
f 337/123/244 338/124/244 335/121/244
f 339/125/245 340/126/245 341/127/245
f 341/127/245 342/128/245 339/125/245
f 343/129/246 344/130/246 345/121/246
f 345/121/246 346/122/246 343/129/246
f 347/131/245 348/132/245 349/126/245
f 349/126/245 350/125/245 347/131/245
f 351/121/244 352/122/244 353/129/244
f 353/129/244 354/130/244 351/121/244
f 355/133/245 356/134/245 357/132/245
f 357/132/245 358/131/245 355/133/245
f 359/123/246 360/124/246 361/121/246
f 361/121/246 362/122/246 359/123/246
f 363/127/247 364/128/247 365/133/247
f 365/133/247 366/134/247 363/127/247
f 367/135/248 368/136/249 369/137/250
f 369/137/250 370/73/251 367/135/248
f 371/73/252 372/137/252 373/138/252
f 373/138/252 374/74/252 371/73/252
f 375/74/253 376/138/253 377/139/253
f 377/139/253 378/140/254 375/74/253
f 379/141/255 380/142/255 381/143/256
f 381/143/256 382/72/257 379/141/255
f 383/72/258 384/143/258 385/144/258
f 385/144/258 386/75/258 383/72/258
f 387/75/259 388/144/259 389/145/259
f 389/145/259 390/146/259 387/75/259
f 391/140/260 392/139/260 393/138/261
f 393/138/261 394/74/262 391/140/260
f 395/74/263 396/138/263 397/137/263
f 397/137/263 398/73/263 395/74/263
f 399/73/264 400/137/265 401/136/264
f 401/136/264 402/135/255 399/73/264
f 403/146/266 404/145/267 405/144/254
f 405/144/254 406/75/268 403/146/266
f 407/75/269 408/144/269 409/143/269
f 409/143/269 410/72/269 407/75/269
f 411/72/251 412/143/251 413/142/270
f 413/142/270 414/141/271 411/72/251
f 415/147/272 416/148/272 417/149/272
f 417/149/272 418/150/272 415/147/272
f 419/151/244 420/152/244 421/153/244
f 421/153/244 422/154/244 419/151/244
f 423/153/246 424/154/246 425/151/246
f 425/151/246 426/152/246 423/153/246
f 427/155/273 428/156/273 429/157/273
f 429/157/273 430/158/273 427/155/273
f 431/159/274 432/160/274 433/152/274
f 433/152/274 434/151/274 431/159/274
f 435/149/275 436/150/275 437/147/275
f 437/147/275 438/148/275 435/149/275
f 439/72/276 440/75/276 441/74/276
f 441/74/276 442/73/276 439/72/276
f 443/73/277 444/74/277 445/75/277
f 445/75/277 446/72/277 443/73/277
f 447/76/278 448/79/278 449/78/278
f 449/78/278 450/77/278 447/76/278
f 451/79/279 452/81/280 453/80/281
f 453/80/281 454/78/282 451/79/279
f 455/81/283 456/83/283 457/82/283
f 457/82/283 458/80/283 455/81/283
f 459/83/284 460/76/285 461/77/286
f 461/77/286 462/82/287 459/83/284
f 463/83/288 464/81/288 465/85/288
f 465/85/288 466/84/288 463/83/288
f 467/81/289 468/79/290 469/78/291
f 469/78/291 470/85/292 467/81/289
f 471/79/293 472/76/293 473/77/293
f 473/77/293 474/78/293 471/79/293
f 475/76/294 476/83/295 477/84/296
f 477/84/296 478/77/297 475/76/294
f 479/79/298 480/76/298 481/77/298
f 481/77/298 482/78/298 479/79/298
f 483/76/299 484/83/299 485/82/299
f 485/82/299 486/77/299 483/76/299
f 487/83/288 488/81/288 489/80/288
f 489/80/288 490/82/288 487/83/288
f 491/81/300 492/79/300 493/78/300
f 493/78/300 494/80/301 491/81/300
f 495/81/302 496/83/302 497/84/302
f 497/84/302 498/85/302 495/81/302
f 499/83/303 500/76/285 501/77/304
f 501/77/304 502/84/305 499/83/303
f 503/76/278 504/79/278 505/78/278
f 505/78/278 506/77/278 503/76/278
f 507/79/306 508/81/307 509/85/308
f 509/85/308 510/78/309 507/79/306
f 511/78/310 512/80/311 513/87/312
f 513/87/312 514/86/313 511/78/310
f 515/82/314 516/77/315 517/89/316
f 517/89/316 518/88/317 515/82/314
f 519/85/318 520/78/319 521/91/320
f 521/91/320 522/90/321 519/85/318
f 523/77/322 524/84/323 525/93/324
f 525/93/324 526/92/324 523/77/322
f 527/77/325 528/82/326 529/88/327
f 529/88/327 530/89/328 527/77/325
f 531/80/329 532/78/330 533/86/331
f 533/86/331 534/87/332 531/80/329
f 535/84/333 536/77/334 537/92/335
f 537/92/335 538/93/336 535/84/333
f 539/78/337 540/85/338 541/90/339
f 541/90/339 542/91/340 539/78/337
f 543/94/341 544/97/342 545/96/343
f 545/96/343 546/95/344 543/94/341
f 547/97/345 548/99/346 549/98/347
f 549/98/347 550/96/348 547/97/345
f 551/99/349 552/101/350 553/100/351
f 553/100/351 554/98/352 551/99/349
f 555/101/353 556/103/354 557/102/355
f 557/102/355 558/100/356 555/101/353
f 559/103/357 560/105/358 561/104/359
f 561/104/359 562/102/360 559/103/357
f 563/105/361 564/107/362 565/106/362
f 565/106/362 566/104/363 563/105/361
f 567/107/364 568/109/365 569/108/366
f 569/108/366 570/106/367 567/107/364
f 571/109/368 572/111/369 573/110/370
f 573/110/370 574/108/371 571/109/368
f 575/111/372 576/113/373 577/112/374
f 577/112/374 578/110/375 575/111/372
f 579/113/376 580/115/377 581/114/376
f 581/114/376 582/112/378 579/113/376
f 583/115/379 584/117/380 585/116/380
f 585/116/380 586/114/379 583/115/379
f 587/117/381 588/115/381 589/114/381
f 589/114/381 590/116/382 587/117/381
f 591/115/383 592/113/384 593/112/384
f 593/112/384 594/114/383 591/115/383
f 595/113/385 596/111/386 597/110/386
f 597/110/386 598/112/385 595/113/385
f 599/111/387 600/109/388 601/108/389
f 601/108/389 602/110/390 599/111/387
f 603/109/391 604/107/392 605/106/393
f 605/106/393 606/108/394 603/109/391
f 607/118/395 608/119/396 609/119/396
f 609/119/396 610/118/397 607/118/395
f 611/119/398 612/120/399 613/120/400
f 613/120/400 614/119/401 611/119/398
f 615/103/402 616/101/403 617/100/404
f 617/100/404 618/102/405 615/103/402
f 619/101/406 620/99/407 621/98/407
f 621/98/407 622/100/406 619/101/406
f 623/99/408 624/97/408 625/96/408
f 625/96/408 626/98/408 623/99/408
f 627/97/409 628/94/410 629/95/410
f 629/95/410 630/96/411 627/97/409
f 631/121/244 632/124/244 633/123/244
f 633/123/244 634/122/244 631/121/244
f 635/125/412 636/128/412 637/127/412
f 637/127/412 638/126/412 635/125/412
f 639/129/246 640/122/246 641/121/246
f 641/121/246 642/130/246 639/129/246
f 643/131/412 644/125/412 645/126/412
f 645/126/412 646/132/412 643/131/412
f 647/121/244 648/130/244 649/129/244
f 649/129/244 650/122/244 647/121/244
f 651/133/412 652/131/412 653/132/412
f 653/132/412 654/134/412 651/133/412
f 655/123/246 656/122/246 657/121/246
f 657/121/246 658/124/246 655/123/246
f 659/127/413 660/134/413 661/133/413
f 661/133/413 662/128/413 659/127/413
f 663/135/414 664/73/415 665/137/416
f 665/137/416 666/136/417 663/135/414
f 667/73/418 668/74/418 669/138/418
f 669/138/418 670/137/418 667/73/418
f 671/74/419 672/140/420 673/139/419
f 673/139/419 674/138/419 671/74/419
f 675/141/421 676/72/422 677/143/423
f 677/143/423 678/142/421 675/141/421
f 679/72/424 680/75/424 681/144/424
f 681/144/424 682/143/424 679/72/424
f 683/75/425 684/146/426 685/145/425
f 685/145/425 686/144/427 683/75/425
f 687/140/428 688/74/429 689/138/430
f 689/138/430 690/139/428 687/140/428
f 691/74/431 692/73/431 693/137/431
f 693/137/431 694/138/431 691/74/431
f 695/73/421 696/135/432 697/136/421
f 697/136/421 698/137/422 695/73/421
f 699/146/433 700/75/434 701/144/435
f 701/144/435 702/145/436 699/146/433
f 703/75/437 704/72/437 705/143/437
f 705/143/437 706/144/437 703/75/437
f 707/72/438 708/141/438 709/142/438
f 709/142/438 710/143/439 707/72/438
f 711/147/275 712/150/275 713/149/275
f 713/149/275 714/148/275 711/147/275
f 715/151/244 716/154/244 717/153/244
f 717/153/244 718/152/244 715/151/244
f 719/153/246 720/152/246 721/151/246
f 721/151/246 722/154/246 719/153/246
f 723/155/273 724/158/273 725/157/273
f 725/157/273 726/156/273 723/155/273
f 727/159/440 728/151/440 729/152/441
f 729/152/441 730/160/441 727/159/440
f 731/149/272 732/148/272 733/147/272
f 733/147/272 734/150/272 731/149/272
f 735/161/442 736/162/443 737/163/444
f 737/163/444 738/164/445 735/161/442
f 739/165/446 740/166/447 741/163/448
f 741/163/448 742/162/449 739/165/446
f 743/167/450 744/11/451 745/9/452
f 745/9/452 746/168/453 743/167/450
f 747/167/454 748/169/455 749/170/456
f 749/170/456 750/171/457 747/167/454
f 751/162/458 752/161/459 753/164/460
f 753/164/460 754/163/461 751/162/458
f 755/167/462 756/168/463 757/166/464
f 757/166/464 758/165/465 755/167/462
f 759/162/466 760/163/467 761/170/468
f 761/170/468 762/169/469 759/162/466
f 763/167/470 764/171/471 765/9/472
f 765/9/472 766/8/473 763/167/470
f 767/172/474 768/173/474 769/174/474
f 769/174/474 770/175/474 767/172/474
f 771/176/475 772/172/475 773/175/475
f 773/175/475 774/177/475 771/176/475
f 775/178/476 776/173/476 777/174/476
f 777/174/476 778/179/476 775/178/476
f 779/176/477 780/178/477 781/179/477
f 781/179/477 782/177/477 779/176/477
f 783/180/478 784/181/479 785/182/479
f 785/182/479 786/183/478 783/180/478
f 787/181/480 788/184/481 789/185/482
f 789/185/482 790/182/483 787/181/480
f 791/186/484 792/187/485 793/182/485
f 793/182/485 794/185/484 791/186/484
f 795/187/486 796/188/487 797/183/488
f 797/183/488 798/182/486 795/187/486
f 799/189/489 800/190/490 801/191/491
f 801/191/491 802/192/492 799/189/489
f 803/193/493 804/194/494 805/195/495
f 805/195/495 806/196/496 803/193/493
f 807/197/244 808/198/244 809/199/244
f 809/199/244 810/200/244 807/197/244
f 811/195/497 812/201/498 813/202/499
f 813/202/499 814/194/500 811/195/497
f 815/203/501 816/192/502 817/189/503
f 817/189/503 818/204/504 815/203/501
f 819/205/505 820/206/505 821/207/505
f 821/207/505 822/208/505 819/205/505
f 823/209/506 824/210/507 825/211/508
f 825/211/508 826/212/509 823/209/506
f 827/212/510 828/213/511 829/214/512
f 829/214/512 830/215/513 827/212/510
f 831/216/514 832/217/515 833/218/516
f 833/218/516 834/219/517 831/216/514
f 835/217/518 836/216/519 837/219/520
f 837/219/520 838/218/521 835/217/518
f 839/217/522 840/220/523 841/221/524
f 841/221/524 842/218/525 839/217/522
f 843/220/526 844/217/527 845/218/528
f 845/218/528 846/221/529 843/220/526
f 847/220/530 848/222/531 849/223/532
f 849/223/532 850/221/533 847/220/530
f 851/222/534 852/220/535 853/221/536
f 853/221/536 854/223/537 851/222/534
f 855/209/538 856/212/539 857/224/540
f 857/224/540 858/225/541 855/209/538
f 859/212/542 860/209/543 861/225/544
f 861/225/544 862/224/545 859/212/542
f 863/212/546 864/215/547 865/226/548
f 865/226/548 866/224/549 863/212/546
f 867/215/550 868/212/551 869/224/552
f 869/224/552 870/226/553 867/215/550
f 871/215/554 872/227/555 873/228/556
f 873/228/556 874/226/557 871/215/554
f 875/227/558 876/215/559 877/226/560
f 877/226/560 878/228/561 875/227/558
f 879/227/562 880/229/563 881/230/564
f 881/230/564 882/228/565 879/227/562
f 883/229/566 884/227/567 885/228/568
f 885/228/568 886/230/569 883/229/566
f 887/231/570 888/216/571 889/219/572
f 889/219/572 890/232/573 887/231/570
f 891/216/574 892/231/575 893/232/576
f 893/232/576 894/219/577 891/216/574
f 895/233/505 896/234/505 897/235/505
f 897/235/505 898/236/505 895/233/505
f 899/212/578 900/237/579 901/238/580
f 901/238/580 902/209/581 899/212/578
f 903/215/582 904/239/583 905/240/584
f 905/240/584 906/212/585 903/215/582
f 907/241/586 908/242/587 909/14/588
f 909/14/588 910/15/589 907/241/586
f 911/15/590 912/14/591 913/13/592
f 913/13/592 914/12/593 911/15/590
f 915/15/594 916/14/595 917/242/596
f 917/242/596 918/241/597 915/15/594
f 919/243/598 920/244/598 921/245/598
f 921/245/598 922/246/598 919/243/598
f 923/244/599 924/243/599 925/246/599
f 925/246/599 926/245/599 923/244/599
f 927/247/600 928/248/600 929/244/600
f 929/244/600 930/243/600 927/247/600
f 931/249/601 932/250/601 933/243/601
f 933/243/601 934/244/601 931/249/601
f 935/251/602 936/252/602 937/248/602
f 937/248/602 938/247/602 935/251/602
f 939/253/603 940/254/603 941/250/603
f 941/250/603 942/249/603 939/253/603
f 943/255/604 944/256/605 945/257/606
f 945/257/606 946/258/607 943/255/604
f 947/259/608 948/16/609 949/18/610
f 949/18/610 950/260/611 947/259/608
f 951/261/612 952/262/612 953/263/612
f 953/263/612 954/264/612 951/261/612
f 955/265/613 956/266/614 957/267/613
f 957/267/613 958/268/615 955/265/613
f 959/269/616 960/270/617 961/271/618
f 961/271/618 962/272/619 959/269/616
f 963/273/620 964/274/621 965/275/622
f 965/275/622 966/276/623 963/273/620
f 967/274/624 968/273/625 969/276/624
f 969/276/624 970/275/626 967/274/624
f 971/255/627 972/258/628 973/257/629
f 973/257/629 974/256/630 971/255/627
f 975/259/631 976/260/632 977/18/633
f 977/18/633 978/16/634 975/259/631
f 979/261/635 980/264/635 981/263/635
f 981/263/635 982/262/635 979/261/635
f 983/265/636 984/268/636 985/267/636
f 985/267/636 986/266/636 983/265/636
f 987/269/637 988/272/638 989/271/637
f 989/271/637 990/270/637 987/269/637
f 991/273/639 992/276/640 993/275/639
f 993/275/639 994/274/641 991/273/639
f 995/274/642 996/275/643 997/276/642
f 997/276/642 998/273/644 995/274/642
f 999/277/645 1000/278/645 1001/279/645
f 1001/279/645 1002/280/645 999/277/645
f 1003/281/646 1004/282/646 1005/283/646
f 1005/283/646 1006/284/646 1003/281/646
f 1007/285/647 1008/286/647 1009/287/647
f 1009/287/647 1010/288/647 1007/285/647
f 1011/286/648 1012/285/648 1013/288/648
f 1013/288/648 1014/287/648 1011/286/648
f 1015/282/649 1016/281/649 1017/284/649
f 1017/284/649 1018/283/649 1015/282/649
f 1019/289/650 1020/277/650 1021/280/650
f 1021/280/650 1022/290/650 1019/289/650
f 1023/291/651 1024/292/652 1025/293/653
f 1025/293/653 1026/294/654 1023/291/651
f 1027/292/655 1028/295/656 1029/296/656
f 1029/296/656 1030/293/655 1027/292/655
f 1031/295/657 1032/297/658 1033/298/659
f 1033/298/659 1034/296/660 1031/295/657
f 1035/299/661 1036/300/662 1037/301/663
f 1037/301/663 1038/302/664 1035/299/661
f 1039/300/665 1040/303/666 1041/304/667
f 1041/304/667 1042/301/665 1039/300/665
f 1043/303/668 1044/305/669 1045/306/670
f 1045/306/670 1046/304/671 1043/303/668
f 1047/305/672 1048/303/673 1049/304/674
f 1049/304/674 1050/306/675 1047/305/672
f 1051/303/676 1052/300/677 1053/301/678
f 1053/301/678 1054/304/676 1051/303/676
f 1055/300/679 1056/299/680 1057/302/681
f 1057/302/681 1058/301/682 1055/300/679
f 1059/297/683 1060/295/684 1061/296/685
f 1061/296/685 1062/298/686 1059/297/683
f 1063/295/687 1064/292/688 1065/293/688
f 1065/293/688 1066/296/689 1063/295/687
f 1067/292/690 1068/291/691 1069/294/692
f 1069/294/692 1070/293/693 1067/292/690
f 1071/307/694 1072/308/694 1073/309/694
f 1073/309/694 1074/310/694 1071/307/694
f 1075/311/695 1076/312/695 1077/313/696
f 1077/313/696 1078/314/696 1075/311/695
f 1079/310/697 1080/309/697 1081/308/697
f 1081/308/697 1082/307/697 1079/310/697
f 1083/314/698 1084/313/698 1085/312/699
f 1085/312/699 1086/311/700 1083/314/698
f 1087/307/701 1088/308/701 1089/309/701
f 1089/309/701 1090/310/701 1087/307/701
f 1091/314/702 1092/313/703 1093/312/704
f 1093/312/704 1094/311/704 1091/314/702
f 1095/310/701 1096/309/701 1097/308/701
f 1097/308/701 1098/307/701 1095/310/701
f 1099/311/703 1100/312/703 1101/313/704
f 1101/313/704 1102/314/704 1099/311/703
f 1103/315/705 1104/316/705 1105/317/705
f 1105/317/705 1106/318/705 1103/315/705
f 1107/319/706 1108/320/706 1109/321/707
f 1109/321/707 1110/322/707 1107/319/706
f 1111/318/708 1112/317/708 1113/316/708
f 1113/316/708 1114/315/708 1111/318/708
f 1115/323/709 1116/321/709 1117/324/710
f 1117/324/710 1118/319/711 1115/323/709
f 1119/315/712 1120/316/712 1121/317/712
f 1121/317/712 1122/318/712 1119/315/712
f 1123/323/713 1124/321/713 1125/324/714
f 1125/324/714 1126/319/714 1123/323/713
f 1127/318/715 1128/317/715 1129/316/715
f 1129/316/715 1130/315/715 1127/318/715
f 1131/319/716 1132/320/716 1133/321/717
f 1133/321/717 1134/322/717 1131/319/716
f 1135/325/718 1136/326/718 1137/326/718
f 1137/326/718 1138/325/718 1135/325/718
f 1139/327/719 1140/328/719 1141/329/719
f 1141/329/719 1142/330/719 1139/327/719
f 1143/328/720 1144/331/720 1145/332/720
f 1145/332/720 1146/329/720 1143/328/720
f 1147/333/721 1148/334/721 1149/334/721
f 1149/334/721 1150/333/721 1147/333/721
f 1151/325/722 1152/326/722 1153/335/722
f 1153/335/722 1154/336/722 1151/325/722
f 1155/333/723 1156/334/723 1157/337/723
f 1157/337/723 1158/338/724 1155/333/723
f 1159/329/725 1160/332/725 1161/339/725
f 1161/339/725 1162/340/725 1159/329/725
f 1163/330/726 1164/329/726 1165/341/726
f 1165/341/726 1166/339/727 1163/330/726
f 1167/326/728 1168/325/728 1169/336/728
f 1169/336/728 1170/335/729 1167/326/728
f 1171/328/730 1172/327/731 1173/342/730
f 1173/342/730 1174/343/732 1171/328/730
f 1175/331/733 1176/328/733 1177/344/733
f 1177/344/733 1178/342/733 1175/331/733
f 1179/334/734 1180/333/734 1181/338/734
f 1181/338/734 1182/337/734 1179/334/734
f 1183/345/735 1184/346/735 1185/347/735
f 1185/347/735 1186/348/735 1183/345/735
f 1187/349/736 1188/345/737 1189/348/736
f 1189/348/736 1190/350/738 1187/349/736
f 1191/351/739 1192/349/739 1193/350/739
f 1193/350/739 1194/352/739 1191/351/739
f 1195/346/740 1196/351/741 1197/352/741
f 1197/352/741 1198/347/742 1195/346/740
f 1199/352/273 1200/350/273 1201/348/273
f 1201/348/273 1202/347/273 1199/352/273
f 1203/345/743 1204/349/743 1205/351/743
f 1205/351/743 1206/346/743 1203/345/743
f 1207/353/735 1208/354/735 1209/355/735
f 1209/355/735 1210/356/735 1207/353/735
f 1211/357/744 1212/358/745 1213/354/744
f 1213/354/744 1214/353/746 1211/357/744
f 1215/359/739 1216/360/739 1217/358/739
f 1217/358/739 1218/357/739 1215/359/739
f 1219/356/747 1220/355/748 1221/360/747
f 1221/360/747 1222/359/747 1219/356/747
f 1223/360/273 1224/355/273 1225/354/273
f 1225/354/273 1226/358/273 1223/360/273
f 1227/353/743 1228/356/743 1229/359/743
f 1229/359/743 1230/357/743 1227/353/743
f 1231/361/749 1232/362/749 1233/363/749
f 1233/363/749 1234/364/749 1231/361/749
f 1235/365/750 1236/366/750 1237/367/750
f 1237/367/750 1238/368/750 1235/365/750
f 1239/369/743 1240/370/743 1241/371/743
f 1241/371/743 1242/372/743 1239/369/743
f 1243/372/751 1244/371/751 1245/373/751
f 1245/373/751 1246/374/751 1243/372/751
f 1247/375/752 1248/376/752 1249/370/752
f 1249/370/752 1250/369/752 1247/375/752
f 1251/361/753 1252/364/754 1253/375/755
f 1253/375/755 1254/369/756 1251/361/753
f 1255/363/757 1256/362/758 1257/372/759
f 1257/372/759 1258/374/760 1255/363/757
f 1259/362/761 1260/361/762 1261/369/763
f 1261/369/763 1262/372/764 1259/362/761
f 1263/365/765 1264/368/766 1265/371/767
f 1265/371/767 1266/370/768 1263/365/765
f 1267/368/769 1268/367/770 1269/373/771
f 1269/373/771 1270/371/772 1267/368/769
f 1271/366/773 1272/365/774 1273/370/775
f 1273/370/775 1274/376/776 1271/366/773
f 1275/377/777 1276/378/777 1277/379/777
f 1277/379/777 1278/380/777 1275/377/777
f 1279/381/778 1280/382/778 1281/383/778
f 1281/383/778 1282/384/778 1279/381/778
f 1283/385/743 1284/386/743 1285/387/743
f 1285/387/743 1286/388/743 1283/385/743
f 1287/386/751 1288/389/751 1289/390/751
f 1289/390/751 1290/387/751 1287/386/751
f 1291/391/752 1292/385/752 1293/388/752
f 1293/388/752 1294/392/752 1291/391/752
f 1295/377/779 1296/385/780 1297/391/781
f 1297/391/781 1298/378/782 1295/377/779
f 1299/379/783 1300/389/784 1301/386/785
f 1301/386/785 1302/380/786 1299/379/783
f 1303/380/787 1304/386/788 1305/385/789
f 1305/385/789 1306/377/790 1303/380/787
f 1307/381/791 1308/388/792 1309/387/793
f 1309/387/793 1310/382/794 1307/381/791
f 1311/382/795 1312/387/796 1313/390/797
f 1313/390/797 1314/383/798 1311/382/795
f 1315/384/799 1316/392/800 1317/388/801
f 1317/388/801 1318/381/802 1315/384/799
f 1319/393/803 1320/394/803 1321/395/803
f 1321/395/803 1322/396/803 1319/393/803
f 1323/393/804 1324/394/804 1325/395/804
f 1325/395/804 1326/396/804 1323/393/804
f 1327/397/805 1328/398/806 1329/399/807
f 1329/399/807 1330/400/808 1327/397/805
f 1331/400/809 1332/399/809 1333/19/810
f 1333/19/810 1334/21/811 1331/400/809
f 1335/21/812 1336/19/812 1337/399/813
f 1337/399/813 1338/400/813 1335/21/812
f 1339/400/814 1340/399/815 1341/398/816
f 1341/398/816 1342/397/817 1339/400/814
f 1343/401/818 1344/402/819 1345/403/820
f 1345/403/820 1346/404/821 1343/401/818
f 1347/404/822 1348/403/823 1349/405/824
f 1349/405/824 1350/406/825 1347/404/822
f 1351/406/826 1352/405/827 1353/407/828
f 1353/407/828 1354/408/829 1351/406/826
f 1355/408/830 1356/407/831 1357/409/832
f 1357/409/832 1358/410/833 1355/408/830
f 1359/410/834 1360/409/835 1361/411/836
f 1361/411/836 1362/412/837 1359/410/834
f 1363/412/838 1364/411/839 1365/413/840
f 1365/413/840 1366/414/841 1363/412/838
f 1367/401/842 1368/404/843 1369/403/844
f 1369/403/844 1370/402/845 1367/401/842
f 1371/404/846 1372/406/847 1373/405/848
f 1373/405/848 1374/403/849 1371/404/846
f 1375/406/850 1376/408/851 1377/407/852
f 1377/407/852 1378/405/853 1375/406/850
f 1379/408/854 1380/410/855 1381/409/856
f 1381/409/856 1382/407/857 1379/408/854
f 1383/410/858 1384/412/859 1385/411/860
f 1385/411/860 1386/409/861 1383/410/858
f 1387/412/862 1388/414/863 1389/413/864
f 1389/413/864 1390/411/865 1387/412/862
f 1391/415/866 1392/416/867 1393/417/868
f 1393/417/868 1394/418/869 1391/415/866
f 1395/418/870 1396/417/871 1397/419/872
f 1397/419/872 1398/420/873 1395/418/870
f 1399/420/874 1400/419/875 1401/421/876
f 1401/421/876 1402/422/877 1399/420/874
f 1403/422/878 1404/421/879 1405/423/880
f 1405/423/880 1406/424/881 1403/422/878
f 1407/424/882 1408/423/883 1409/425/884
f 1409/425/884 1410/426/885 1407/424/882
f 1411/426/886 1412/425/887 1413/416/888
f 1413/416/888 1414/415/889 1411/426/886
f 1415/415/890 1416/418/891 1417/417/892
f 1417/417/892 1418/416/893 1415/415/890
f 1419/418/894 1420/420/895 1421/419/896
f 1421/419/896 1422/417/897 1419/418/894
f 1423/420/898 1424/422/899 1425/421/900
f 1425/421/900 1426/419/901 1423/420/898
f 1427/422/902 1428/424/903 1429/423/904
f 1429/423/904 1430/421/905 1427/422/902
f 1431/424/906 1432/426/907 1433/425/907
f 1433/425/907 1434/423/906 1431/424/906
f 1435/426/908 1436/415/909 1437/416/910
f 1437/416/910 1438/425/911 1435/426/908
f 1439/427/912 1440/428/913 1441/429/914
f 1441/429/914 1442/430/915 1439/427/912
f 1443/431/916 1444/430/917 1445/429/918
f 1445/429/918 1446/432/919 1443/431/916
f 1447/432/920 1448/429/921 1449/428/922
f 1449/428/922 1450/433/923 1447/432/920
f 1451/433/924 1452/428/925 1453/427/926
f 1453/427/926 1454/434/927 1451/433/924
f 1455/434/928 1456/427/929 1457/430/930
f 1457/430/930 1458/431/931 1455/434/928
f 1459/427/932 1460/430/933 1461/429/934
f 1461/429/934 1462/428/935 1459/427/932
f 1463/431/936 1464/432/937 1465/429/938
f 1465/429/938 1466/430/939 1463/431/936
f 1467/432/940 1468/433/941 1469/428/942
f 1469/428/942 1470/429/943 1467/432/940
f 1471/433/944 1472/434/945 1473/427/945
f 1473/427/945 1474/428/946 1471/433/944
f 1475/434/947 1476/431/948 1477/430/949
f 1477/430/949 1478/427/950 1475/434/947
f 1479/435/951 1480/436/952 1481/437/953
f 1481/437/953 1482/438/954 1479/435/951
f 1483/439/955 1484/437/956 1485/436/957
f 1485/436/957 1486/440/958 1483/439/955
f 1487/440/959 1488/436/960 1489/435/961
f 1489/435/961 1490/441/962 1487/440/959
f 1491/441/963 1492/435/964 1493/438/965
f 1493/438/965 1494/442/966 1491/441/963
f 1495/442/967 1496/438/968 1497/437/969
f 1497/437/969 1498/439/970 1495/442/967
f 1499/435/971 1500/438/972 1501/437/973
f 1501/437/973 1502/436/974 1499/435/971
f 1503/439/975 1504/440/976 1505/436/977
f 1505/436/977 1506/437/978 1503/439/975
f 1507/440/979 1508/441/980 1509/435/981
f 1509/435/981 1510/436/982 1507/440/979
f 1511/441/983 1512/442/984 1513/438/985
f 1513/438/985 1514/435/986 1511/441/983
f 1515/442/987 1516/439/988 1517/437/989
f 1517/437/989 1518/438/990 1515/442/987
f 1519/38/991 1520/38/991 1521/37/991
f 1521/37/991 1522/37/991 1519/38/991
f 1523/37/992 1524/37/992 1525/36/992
f 1525/36/992 1526/36/992 1523/37/992
f 1527/36/993 1528/36/993 1529/39/993
f 1529/39/993 1530/39/993 1527/36/993
f 1531/39/994 1532/39/994 1533/38/995
f 1533/38/995 1534/38/996 1531/39/994
f 1535/443/997 1536/443/997 1537/444/998
f 1537/444/998 1538/444/998 1535/443/997
f 1539/444/999 1540/444/999 1541/445/999
f 1541/445/999 1542/445/999 1539/444/999
f 1543/445/1000 1544/445/1001 1545/446/1002
f 1545/446/1002 1546/446/1003 1543/445/1000
f 1547/446/1004 1548/446/1004 1549/447/1005
f 1549/447/1005 1550/447/1005 1547/446/1004
f 1551/447/1006 1552/447/1006 1553/448/1006
f 1553/448/1006 1554/448/1006 1551/447/1006
f 1555/448/1007 1556/448/1007 1557/443/1007
f 1557/443/1007 1558/443/1007 1555/448/1007
f 1559/449/1008 1560/449/1008 1561/450/1008
f 1561/450/1008 1562/450/1008 1559/449/1008
f 1563/450/1009 1564/450/1010 1565/451/1011
f 1565/451/1011 1566/451/1012 1563/450/1009
f 1567/451/1013 1568/451/1013 1569/452/1014
f 1569/452/1014 1570/452/1014 1567/451/1013
f 1571/453/1015 1572/454/1016 1573/455/1017
f 1573/455/1017 1574/456/1018 1571/453/1015
f 1575/457/1019 1576/458/1020 1577/459/1020
f 1577/459/1020 1578/460/1021 1575/457/1019
f 1579/461/1022 1580/461/1022 1581/462/1023
f 1581/462/1023 1582/462/1023 1579/461/1022
f 1583/463/1024 1584/463/1025 1585/464/1026
f 1585/464/1026 1586/464/1027 1583/463/1024
f 1587/465/1028 1588/465/1028 1589/466/1029
f 1589/466/1029 1590/466/1029 1587/465/1028
f 1591/466/1030 1592/466/1030 1593/467/1031
f 1593/467/1031 1594/467/1031 1591/466/1030
f 1595/468/1032 1596/468/1033 1597/469/1034
f 1597/469/1034 1598/469/1035 1595/468/1032
f 1599/469/1036 1600/469/1037 1601/470/1038
f 1601/470/1038 1602/470/1039 1599/469/1036
f 1603/471/1040 1604/471/1040 1605/472/1040
f 1605/472/1040 1606/472/1040 1603/471/1040
f 1607/472/1041 1608/472/1041 1609/473/1041
f 1609/473/1041 1610/473/1041 1607/472/1041
f 1611/473/1042 1612/473/1042 1613/474/1043
f 1613/474/1043 1614/474/1043 1611/473/1042
f 1615/474/1044 1616/474/1045 1617/475/1046
f 1617/475/1046 1618/475/1047 1615/474/1044
f 1619/475/1048 1620/475/1049 1621/476/1050
f 1621/476/1050 1622/476/1051 1619/475/1048
f 1623/476/1052 1624/476/1052 1625/477/1053
f 1625/477/1053 1626/477/1054 1623/476/1052
f 1627/477/1055 1628/477/1055 1629/478/1055
f 1629/478/1055 1630/478/1055 1627/477/1055
f 1631/478/1056 1632/478/1057 1633/471/1056
f 1633/471/1056 1634/471/1058 1631/478/1056
f 1635/479/1059 1636/479/1060 1637/480/1061
f 1637/480/1061 1638/480/1062 1635/479/1059
f 1639/480/1063 1640/480/1064 1641/481/1065
f 1641/481/1065 1642/481/1066 1639/480/1063
f 1643/481/1067 1644/481/1067 1645/482/1068
f 1645/482/1068 1646/482/1069 1643/481/1067
f 1647/482/1070 1648/482/1071 1649/483/1072
f 1649/483/1072 1650/483/1073 1647/482/1070
f 1651/483/1074 1652/483/1074 1653/479/1075
f 1653/479/1075 1654/479/1075 1651/483/1074
f 1655/484/1076 1656/484/1076 1657/485/1076
f 1657/485/1076 1658/485/1076 1655/484/1076
f 1659/455/1077 1660/455/1077 1661/454/1078
f 1661/454/1078 1662/454/1078 1659/455/1077
f 1663/454/1079 1664/454/1079 1665/453/1080
f 1665/453/1080 1666/453/1080 1663/454/1079
f 1667/453/1081 1668/453/1081 1669/456/1081
f 1669/456/1081 1670/456/1081 1667/453/1081
f 1671/456/1082 1672/456/1082 1673/455/1082
f 1673/455/1082 1674/455/1082 1671/456/1082
f 1675/459/1083 1676/459/1083 1677/458/1083
f 1677/458/1083 1678/458/1083 1675/459/1083
f 1679/458/1084 1680/458/1084 1681/457/1085
f 1681/457/1085 1682/457/1085 1679/458/1084
f 1683/457/1086 1684/457/1086 1685/460/1086
f 1685/460/1086 1686/460/1086 1683/457/1086
f 1687/460/1087 1688/460/1087 1689/459/1088
f 1689/459/1088 1690/459/1088 1687/460/1087
f 1691/486/1089 1692/486/1089 1693/487/1089
f 1693/487/1089 1694/487/1089 1691/486/1089
f 1695/487/1090 1696/487/1090 1697/488/1090
f 1697/488/1090 1698/488/1090 1695/487/1090
f 1699/489/1091 1700/489/1091 1701/490/1092
f 1701/490/1092 1702/490/1092 1699/489/1091
f 1703/490/1093 1704/490/1093 1705/491/1093
f 1705/491/1093 1706/491/1093 1703/490/1093
f 1707/491/1094 1708/491/1095 1709/492/1096
f 1709/492/1096 1710/492/1097 1707/491/1094
f 1711/492/1098 1712/492/1099 1713/493/1100
f 1713/493/1100 1714/493/1101 1711/492/1098
f 1715/493/1102 1716/493/1102 1717/494/1103
f 1717/494/1103 1718/494/1103 1715/493/1102
f 1719/494/1104 1720/494/1105 1721/486/1106
f 1721/486/1106 1722/486/1106 1719/494/1104
f 1723/495/1107 1724/495/1107 1725/496/1107
f 1725/496/1107 1726/496/1107 1723/495/1107
f 1727/497/1108 1728/497/1108 1729/498/1108
f 1729/498/1108 1730/498/1108 1727/497/1108
f 1731/498/1109 1732/498/1110 1733/499/1111
f 1733/499/1111 1734/499/1112 1731/498/1109
f 1735/499/1113 1736/499/1113 1737/500/1113
f 1737/500/1113 1738/500/1113 1735/499/1113
f 1739/500/1114 1740/500/1115 1741/501/1116
f 1741/501/1116 1742/501/1117 1739/500/1114
f 1743/501/1118 1744/501/1118 1745/495/1119
f 1745/495/1119 1746/495/1120 1743/501/1118
f 1747/502/1121 1748/502/1121 1749/503/1121
f 1749/503/1121 1750/503/1121 1747/502/1121
f 1751/503/1122 1752/503/1122 1753/504/1122
f 1753/504/1122 1754/504/1122 1751/503/1122
f 1755/504/1123 1756/504/1124 1757/505/1125
f 1757/505/1125 1758/505/1126 1755/504/1123
f 1759/505/1127 1760/505/1127 1761/506/1128
f 1761/506/1128 1762/506/1129 1759/505/1127
f 1763/506/1130 1764/506/1130 1765/507/1131
f 1765/507/1131 1766/507/1132 1763/506/1130
f 1767/507/1133 1768/507/1134 1769/508/1135
f 1769/508/1135 1770/508/1136 1767/507/1133
f 1771/38/1137 1772/37/1138 1773/36/1139
f 1773/36/1139 1774/39/1140 1771/38/1137
f 1775/37/1141 1776/38/1141 1777/38/1141
f 1777/38/1141 1778/37/1141 1775/37/1141
f 1779/36/1142 1780/37/1142 1781/37/1142
f 1781/37/1142 1782/36/1142 1779/36/1142
f 1783/39/1143 1784/36/1143 1785/36/1143
f 1785/36/1143 1786/39/1143 1783/39/1143
f 1787/38/1144 1788/39/1145 1789/39/1146
f 1789/39/1146 1790/38/1147 1787/38/1144
f 1791/444/1148 1792/443/1149 1793/443/1149
f 1793/443/1149 1794/444/1148 1791/444/1148
f 1795/445/1150 1796/444/1150 1797/444/1150
f 1797/444/1150 1798/445/1150 1795/445/1150
f 1799/446/1151 1800/445/1152 1801/445/1152
f 1801/445/1152 1802/446/1153 1799/446/1151
f 1803/447/1154 1804/446/1155 1805/446/1155
f 1805/446/1155 1806/447/1154 1803/447/1154
f 1807/448/1156 1808/447/1156 1809/447/1156
f 1809/447/1156 1810/448/1156 1807/448/1156
f 1811/443/1157 1812/448/1158 1813/448/1158
f 1813/448/1158 1814/443/1157 1811/443/1157
f 1815/450/1159 1816/449/1160 1817/449/1160
f 1817/449/1160 1818/450/1159 1815/450/1159
f 1819/451/1161 1820/450/1162 1821/450/1163
f 1821/450/1163 1822/451/1164 1819/451/1161
f 1823/452/1165 1824/451/1166 1825/451/1166
f 1825/451/1166 1826/452/1165 1823/452/1165
f 1827/455/1167 1828/454/1168 1829/453/1169
f 1829/453/1169 1830/456/1170 1827/455/1167
f 1831/459/1171 1832/458/1171 1833/457/1172
f 1833/457/1172 1834/460/1173 1831/459/1171
f 1835/462/1174 1836/461/1175 1837/461/1175
f 1837/461/1175 1838/462/1174 1835/462/1174
f 1839/463/1176 1840/464/1177 1841/464/1178
f 1841/464/1178 1842/463/1179 1839/463/1176
f 1843/466/1180 1844/465/1181 1845/465/1182
f 1845/465/1182 1846/466/1183 1843/466/1180
f 1847/467/1184 1848/466/1185 1849/466/1185
f 1849/466/1185 1850/467/1184 1847/467/1184
f 1851/469/1186 1852/468/1187 1853/468/1188
f 1853/468/1188 1854/469/1189 1851/469/1186
f 1855/470/1190 1856/469/1191 1857/469/1192
f 1857/469/1192 1858/470/1193 1855/470/1190
f 1859/472/1194 1860/471/1195 1861/471/1195
f 1861/471/1195 1862/472/1194 1859/472/1194
f 1863/473/1196 1864/472/1197 1865/472/1198
f 1865/472/1198 1866/473/1199 1863/473/1196
f 1867/474/1200 1868/473/1201 1869/473/1202
f 1869/473/1202 1870/474/1200 1867/474/1200
f 1871/475/1203 1872/474/1204 1873/474/1205
f 1873/474/1205 1874/475/1206 1871/475/1203
f 1875/476/1207 1876/475/1208 1877/475/1209
f 1877/475/1209 1878/476/1210 1875/476/1207
f 1879/477/1211 1880/476/1211 1881/476/1211
f 1881/476/1211 1882/477/1211 1879/477/1211
f 1883/478/1212 1884/477/1212 1885/477/1212
f 1885/477/1212 1886/478/1212 1883/478/1212
f 1887/471/1213 1888/478/1214 1889/478/1213
f 1889/478/1213 1890/471/1215 1887/471/1213
f 1891/480/1216 1892/479/1217 1893/479/1218
f 1893/479/1218 1894/480/1219 1891/480/1216
f 1895/481/1220 1896/480/1220 1897/480/1220
f 1897/480/1220 1898/481/1220 1895/481/1220
f 1899/482/1221 1900/481/1222 1901/481/1222
f 1901/481/1222 1902/482/1221 1899/482/1221
f 1903/483/1223 1904/482/1224 1905/482/1225
f 1905/482/1225 1906/483/1223 1903/483/1223
f 1907/479/1226 1908/483/1227 1909/483/1227
f 1909/483/1227 1910/479/1226 1907/479/1226
f 1911/485/1228 1912/484/1228 1913/484/1228
f 1913/484/1228 1914/485/1228 1911/485/1228
f 1915/454/1229 1916/455/1230 1917/455/1231
f 1917/455/1231 1918/454/1229 1915/454/1229
f 1919/453/1232 1920/454/1233 1921/454/1233
f 1921/454/1233 1922/453/1232 1919/453/1232
f 1923/456/1234 1924/453/1234 1925/453/1234
f 1925/453/1234 1926/456/1234 1923/456/1234
f 1927/455/1235 1928/456/1235 1929/456/1235
f 1929/456/1235 1930/455/1235 1927/455/1235
f 1931/458/1236 1932/459/1236 1933/459/1236
f 1933/459/1236 1934/458/1236 1931/458/1236
f 1935/457/1237 1936/458/1238 1937/458/1238
f 1937/458/1238 1938/457/1237 1935/457/1237
f 1939/460/1239 1940/457/1239 1941/457/1239
f 1941/457/1239 1942/460/1239 1939/460/1239
f 1943/459/1240 1944/460/1241 1945/460/1241
f 1945/460/1241 1946/459/1240 1943/459/1240
f 1947/487/1242 1948/486/1243 1949/486/1244
f 1949/486/1244 1950/487/1245 1947/487/1242
f 1951/488/1246 1952/487/1247 1953/487/1248
f 1953/487/1248 1954/488/1249 1951/488/1246
f 1955/490/1250 1956/489/1251 1957/489/1252
f 1957/489/1252 1958/490/1253 1955/490/1250
f 1959/491/1254 1960/490/1254 1961/490/1254
f 1961/490/1254 1962/491/1254 1959/491/1254
f 1963/492/1255 1964/491/1256 1965/491/1257
f 1965/491/1257 1966/492/1258 1963/492/1255
f 1967/493/1259 1968/492/1260 1969/492/1261
f 1969/492/1261 1970/493/1262 1967/493/1259
f 1971/494/1263 1972/493/1264 1973/493/1265
f 1973/493/1265 1974/494/1263 1971/494/1263
f 1975/486/1266 1976/494/1267 1977/494/1267
f 1977/494/1267 1978/486/1266 1975/486/1266
f 1979/496/1268 1980/495/1268 1981/495/1268
f 1981/495/1268 1982/496/1268 1979/496/1268
f 1983/498/1269 1984/497/1269 1985/497/1269
f 1985/497/1269 1986/498/1269 1983/498/1269
f 1987/499/1270 1988/498/1271 1989/498/1272
f 1989/498/1272 1990/499/1273 1987/499/1270
f 1991/500/1274 1992/499/1275 1993/499/1275
f 1993/499/1275 1994/500/1274 1991/500/1274
f 1995/501/1276 1996/500/1277 1997/500/1278
f 1997/500/1278 1998/501/1279 1995/501/1276
f 1999/495/1280 2000/501/1281 2001/501/1281
f 2001/501/1281 2002/495/1282 1999/495/1280
f 2003/503/1283 2004/502/1284 2005/502/1285
f 2005/502/1285 2006/503/1286 2003/503/1283
f 2007/504/1287 2008/503/1287 2009/503/1287
f 2009/503/1287 2010/504/1287 2007/504/1287
f 2011/505/1288 2012/504/1289 2013/504/1289
f 2013/504/1289 2014/505/1290 2011/505/1288
f 2015/506/1291 2016/505/1292 2017/505/1293
f 2017/505/1293 2018/506/1291 2015/506/1291
f 2019/507/1294 2020/506/1295 2021/506/1295
f 2021/506/1295 2022/507/1296 2019/507/1294
f 2023/508/1297 2024/507/1298 2025/507/1297
f 2025/507/1297 2026/508/1299 2023/508/1297
f 2027/509/1300 2028/510/1301 2029/511/1301
f 2029/511/1301 2030/512/1300 2027/509/1300
f 2031/513/1302 2032/514/1303 2033/515/1302
f 2033/515/1302 2034/516/1302 2031/513/1302
f 2035/517/1304 2036/518/1305 2037/511/1306
f 2037/511/1306 2038/510/1307 2035/517/1304
f 2039/519/244 2040/520/244 2041/521/244
f 2041/521/244 2042/522/244 2039/519/244
f 2043/523/1308 2044/524/1308 2045/525/1308
f 2045/525/1308 2046/526/1308 2043/523/1308
f 2047/523/1309 2048/524/1309 2049/525/1309
f 2049/525/1309 2050/526/1309 2047/523/1309
f 2051/509/1310 2052/512/1310 2053/511/1311
f 2053/511/1311 2054/510/1311 2051/509/1310
f 2055/513/1312 2056/516/1313 2057/515/1314
f 2057/515/1314 2058/514/1315 2055/513/1312
f 2059/517/1316 2060/510/1316 2061/511/1316
f 2061/511/1317 2062/518/1317 2059/517/1317
f 2063/519/244 2064/522/244 2065/521/244
f 2065/521/244 2066/520/244 2063/519/244
f 2067/523/1318 2068/526/1318 2069/525/1318
f 2069/525/1318 2070/524/1318 2067/523/1318
f 2071/523/1319 2072/526/1319 2073/525/1319
f 2073/525/1319 2074/524/1319 2071/523/1319
f 2075/527/1320 2076/528/1321 2077/529/1322
f 2078/530/1323 2077/529/1322 2076/528/1321
f 2076/528/1321 2079/531/1324 2078/530/1323
f 2080/532/1325 2078/530/1323 2079/531/1324
f 2079/531/1324 2081/533/1326 2080/532/1325
f 2080/532/1325 2081/533/1326 2082/531/1327
f 2082/531/1327 2083/530/1328 2080/532/1325
f 2083/530/1328 2082/531/1327 2084/528/1329
f 2084/528/1329 2085/529/1330 2083/530/1328
f 2084/528/1329 2086/527/1331 2085/529/1330
f 2087/534/1332 2088/463/1333 2089/464/1334
f 2089/464/1334 2090/535/1335 2087/534/1332
f 2091/461/1336 2087/534/1332 2090/535/1335
f 2090/535/1335 2092/462/1337 2091/461/1336
f 2093/536/1338 2094/537/1339 2095/538/1340
f 2095/538/1340 2096/539/1341 2093/536/1338
f 2097/540/1342 2093/536/1338 2096/539/1341
f 2096/539/1341 2098/541/1343 2097/540/1342
f 2097/540/1342 2098/541/1343 2099/539/1344
f 2099/539/1344 2100/536/1345 2097/540/1342
f 2100/536/1345 2099/539/1344 2101/538/1346
f 2101/538/1346 2102/537/1347 2100/536/1345
f 2103/542/1348 2104/543/1349 2105/544/1350
f 2105/544/1350 2106/545/1351 2103/542/1348
f 2107/546/1352 2103/542/1348 2106/545/1351
f 2106/545/1351 2108/547/1353 2107/546/1352
f 2109/467/1354 2110/466/1355 2111/465/1356
f 2112/548/1357 2109/467/1354 2111/465/1356
f 2112/548/1357 2113/549/1358 2109/467/1354
f 2113/549/1358 2112/548/1357 2114/470/1359
f 2115/469/1360 2113/549/1358 2114/470/1359
f 2115/469/1360 2116/468/1361 2113/549/1358
f 2117/538/1362 2118/537/1363 2119/550/1364
f 2119/550/1364 2120/551/1365 2117/538/1362
f 2119/550/1364 2121/552/1366 2120/551/1365
f 2122/553/1367 2120/551/1365 2121/552/1366
f 2121/552/1366 2123/554/1368 2122/553/1367
f 2122/553/1367 2123/554/1368 2124/25/1369
f 2124/25/1369 2125/24/1370 2122/553/1367
f 2126/555/1371 2127/556/1372 2128/557/1373
f 2128/557/1373 2129/558/1374 2126/555/1371
f 2130/559/1375 2126/555/1371 2129/558/1374
f 2129/558/1374 2131/560/1376 2130/559/1375
f 2132/43/1377 2130/559/1375 2131/560/1376
f 2131/560/1376 2133/40/1378 2132/43/1377
f 2134/561/1379 2135/557/1380 2136/556/1381
f 2136/556/1381 2137/562/1382 2134/561/1379
f 2138/563/1383 2134/561/1379 2137/562/1382
f 2137/562/1382 2139/564/1384 2138/563/1383
f 2140/565/1385 2138/563/1383 2139/564/1384
f 2139/564/1384 2141/566/1385 2140/565/1385
f 2140/565/1385 2141/566/1385 2142/564/1386
f 2142/564/1386 2143/563/1387 2140/565/1385
f 2143/563/1387 2142/564/1386 2144/562/1388
f 2144/562/1388 2145/561/1389 2143/563/1387
f 2145/561/1389 2144/562/1388 2146/556/1390
f 2146/556/1390 2147/557/1391 2145/561/1389
f 2148/567/1392 2149/50/1393 2150/49/1394
f 2150/49/1394 2151/568/1395 2148/567/1392
f 2152/569/1396 2148/567/1392 2151/568/1395
f 2151/568/1395 2153/570/1397 2152/569/1396
f 2154/571/1398 2152/569/1396 2153/570/1397
f 2153/570/1397 2155/572/1399 2154/571/1398
f 2156/47/1400 2154/571/1398 2155/572/1399
f 2155/572/1399 2157/44/1401 2156/47/1400
f 2158/573/1402 2159/574/1403 2160/575/1404
f 2160/575/1404 2161/576/1405 2158/573/1402
f 2161/576/1405 2160/575/1404 2162/577/1406
f 2162/577/1406 2163/578/1407 2161/576/1405
f 2164/579/1408 2165/580/1409 2166/581/1410
f 2166/581/1410 2167/582/1411 2164/579/1408
f 2167/582/1411 2166/581/1410 2168/583/1412
f 2168/583/1412 2169/584/1413 2167/582/1411
f 2170/585/1414 2171/586/1414 2172/587/1415
f 2172/587/1415 2173/588/1416 2170/585/1414
f 2173/588/1416 2172/587/1415 2174/589/1417
f 2174/589/1417 2175/590/1417 2173/588/1416
f 2176/591/1418 2177/592/1419 2178/587/1420
f 2178/587/1420 2179/593/1421 2176/591/1418
f 2179/593/1421 2178/587/1420 2180/594/1422
f 2180/594/1422 2181/595/1423 2179/593/1421
f 2182/596/1424 2183/70/1425 2184/69/1426
f 2184/69/1426 2185/597/1427 2182/596/1424
f 2186/598/1428 2182/596/1424 2185/597/1427
f 2185/597/1427 2187/599/1429 2186/598/1428
f 2188/600/1430 2186/598/1428 2187/599/1429
f 2187/599/1429 2189/601/1431 2188/600/1430
f 2190/602/1432 2188/600/1430 2189/601/1431
f 2189/601/1431 2191/603/1433 2190/602/1432
f 2192/604/1434 2190/602/1432 2191/603/1433
f 2191/603/1433 2193/605/1434 2192/604/1434
f 2192/604/1434 2193/605/1434 2194/603/1435
f 2194/603/1435 2195/602/1436 2192/604/1434
f 2195/602/1436 2194/603/1435 2196/601/1437
f 2196/601/1437 2197/600/1438 2195/602/1436
f 2197/600/1438 2196/601/1437 2198/599/1439
f 2198/599/1439 2199/598/1440 2197/600/1438
f 2199/598/1440 2198/599/1439 2200/597/1441
f 2200/597/1441 2201/596/1442 2199/598/1440
f 2201/596/1442 2200/597/1441 2202/69/1443
f 2202/69/1443 2203/70/1444 2201/596/1442
f 2204/544/1445 2205/543/1446 2206/542/1447
f 2206/542/1447 2207/545/1448 2204/544/1445
f 2207/545/1448 2206/542/1447 2208/546/1449
f 2208/546/1449 2209/547/1450 2207/545/1448
f 2210/550/1451 2211/537/1452 2212/538/1453
f 2212/538/1453 2213/551/1454 2210/550/1451
f 2214/552/1455 2210/550/1451 2213/551/1454
f 2214/552/1455 2213/551/1454 2215/553/1456
f 2215/553/1456 2216/554/1457 2214/552/1455
f 2217/25/1458 2216/554/1457 2215/553/1456
f 2215/553/1456 2218/24/1459 2217/25/1458
f 2219/557/1460 2220/556/1461 2221/555/1462
f 2221/555/1462 2222/558/1463 2219/557/1460
f 2222/558/1463 2221/555/1462 2223/559/1464
f 2223/559/1464 2224/560/1465 2222/558/1463
f 2224/560/1465 2223/559/1464 2225/43/1466
f 2225/43/1466 2226/40/1467 2224/560/1465
f 2227/49/1468 2228/50/1469 2229/567/1470
f 2229/567/1470 2230/568/1471 2227/49/1468
f 2230/568/1471 2229/567/1470 2231/569/1472
f 2231/569/1472 2232/570/1473 2230/568/1471
f 2232/570/1473 2231/569/1472 2233/571/1474
f 2233/571/1474 2234/572/1475 2232/570/1473
f 2234/572/1475 2233/571/1474 2235/47/1476
f 2235/47/1476 2236/44/1477 2234/572/1475
f 2237/575/1478 2238/574/1479 2239/573/1480
f 2239/573/1480 2240/576/1481 2237/575/1478
f 2241/577/1482 2237/575/1478 2240/576/1481
f 2240/576/1481 2242/578/1483 2241/577/1482
f 2243/581/1484 2244/580/1485 2245/579/1486
f 2245/579/1486 2246/582/1487 2243/581/1484
f 2247/583/1488 2243/581/1484 2246/582/1487
f 2246/582/1487 2248/606/1489 2247/583/1488
f 2249/587/1490 2250/586/1491 2251/585/1491
f 2251/585/1491 2252/588/1492 2249/587/1490
f 2253/589/1493 2249/587/1490 2252/588/1492
f 2252/588/1492 2254/590/1493 2253/589/1493
f 2255/587/1494 2256/592/1495 2257/591/1496
f 2257/591/1496 2258/593/1497 2255/587/1494
f 2259/594/1498 2255/587/1494 2258/593/1497
f 2258/593/1497 2260/595/1499 2259/594/1498
f 2261/607/1500 2262/608/1501 2263/609/1502
f 2263/609/1502 2264/610/1503 2261/607/1500
f 2265/611/1504 2261/607/1500 2264/610/1503
f 2264/610/1503 2266/612/1505 2265/611/1504
f 2267/613/1506 2265/611/1504 2266/612/1505
f 2266/612/1505 2268/614/1507 2267/613/1506
f 2269/615/1508 2267/613/1506 2268/614/1507
f 2268/614/1507 2270/616/1509 2269/615/1508
f 2271/613/1510 2269/615/1508 2270/616/1509
f 2270/616/1509 2272/614/1511 2271/613/1510
f 2273/611/1512 2271/613/1510 2272/614/1511
f 2272/614/1511 2274/612/1513 2273/611/1512
f 2275/607/1514 2273/611/1512 2274/612/1513
f 2274/612/1513 2276/610/1515 2275/607/1514
f 2277/608/1516 2275/607/1514 2276/610/1515
f 2276/610/1515 2278/609/1517 2277/608/1516
f 2279/139/1518 2280/138/1518 2281/137/1519
f 2282/617/1519 2279/139/1518 2281/137/1519
f 2283/136/1520 2282/617/1519 2281/137/1519
f 2284/610/1521 2285/609/1522 2286/608/1523
f 2286/608/1523 2287/607/1524 2284/610/1521
f 2288/612/1525 2284/610/1521 2287/607/1524
f 2287/607/1524 2289/611/1526 2288/612/1525
f 2290/614/1527 2288/612/1525 2289/611/1526
f 2289/611/1526 2291/613/1528 2290/614/1527
f 2292/616/1529 2290/614/1527 2291/613/1528
f 2291/613/1528 2293/615/1530 2292/616/1529
f 2294/614/1531 2292/616/1529 2293/615/1530
f 2293/615/1530 2295/613/1532 2294/614/1531
f 2296/612/1533 2294/614/1531 2295/613/1532
f 2295/613/1532 2297/611/1534 2296/612/1533
f 2298/610/1535 2296/612/1533 2297/611/1534
f 2297/611/1534 2299/607/1536 2298/610/1535
f 2300/609/1537 2298/610/1535 2299/607/1536
f 2299/607/1536 2301/608/1538 2300/609/1537
f 2302/145/1539 2303/144/1539 2304/143/612
f 2305/618/612 2302/145/1539 2304/143/612
f 2306/142/612 2305/618/612 2304/143/612
f 2307/619/1540 2308/620/1541 2309/621/1542
f 2309/621/1542 2310/622/1543 2307/619/1540
f 2311/623/1544 2307/619/1540 2310/622/1543
f 2310/622/1543 2312/624/1545 2311/623/1544
f 2313/625/1546 2311/623/1544 2312/624/1545
f 2312/624/1545 2314/626/1547 2313/625/1546
f 2315/627/1548 2313/625/1546 2314/626/1547
f 2314/626/1547 2316/628/1549 2315/627/1548
f 2317/629/1550 2315/627/1548 2316/628/1549
f 2316/628/1549 2318/630/1551 2317/629/1550
f 2319/627/1552 2317/629/1550 2318/630/1551
f 2318/630/1551 2320/628/1553 2319/627/1552
f 2321/625/1554 2319/627/1552 2320/628/1553
f 2320/628/1553 2322/626/1555 2321/625/1554
f 2323/623/1556 2321/625/1554 2322/626/1555
f 2322/626/1555 2324/624/1557 2323/623/1556
f 2325/619/1558 2323/623/1556 2324/624/1557
f 2324/624/1557 2326/622/1559 2325/619/1558
f 2325/619/1558 2326/622/1559 2327/621/1560
f 2327/621/1560 2328/620/1561 2325/619/1558
f 2329/138/612 2330/139/612 2331/617/612
f 2332/136/1562 2329/138/612 2331/617/612
f 2332/136/1562 2333/137/112 2329/138/612
f 2334/631/1563 2335/632/1564 2336/633/1565
f 2336/633/1565 2337/634/1566 2334/631/1563
f 2338/635/1567 2334/631/1563 2337/634/1566
f 2337/634/1566 2339/636/1568 2338/635/1567
f 2340/637/1569 2338/635/1567 2339/636/1568
f 2339/636/1568 2341/638/1570 2340/637/1569
f 2342/639/1571 2340/637/1569 2341/638/1570
f 2341/638/1570 2343/640/1572 2342/639/1571
f 2344/641/1573 2342/639/1571 2343/640/1572
f 2343/640/1572 2345/642/1574 2344/641/1573
f 2346/639/1575 2344/641/1573 2345/642/1574
f 2345/642/1574 2347/640/1576 2346/639/1575
f 2348/637/1577 2346/639/1575 2347/640/1576
f 2347/640/1576 2349/638/1578 2348/637/1577
f 2350/635/1579 2348/637/1577 2349/638/1578
f 2349/638/1578 2351/636/1580 2350/635/1579
f 2352/631/1581 2350/635/1579 2351/636/1580
f 2351/636/1580 2353/634/1582 2352/631/1581
f 2352/631/1581 2353/634/1582 2354/633/1583
f 2354/633/1583 2355/632/1583 2352/631/1581
f 2356/144/1584 2357/145/1584 2358/618/1584
f 2359/142/1518 2356/144/1584 2358/618/1584
f 2359/142/1518 2360/143/1518 2356/144/1584
f 2361/643/246 2362/644/246 2363/645/246
f 2363/645/246 2364/646/246 2361/643/246
f 2364/646/246 2363/645/246 2365/647/246
f 2365/647/246 2366/218/246 2364/646/246
f 2366/218/246 2365/647/246 2367/648/246
f 2367/648/246 2368/649/246 2366/218/246
f 2368/649/246 2367/648/246 2369/650/246
f 2369/650/246 2370/651/246 2368/649/246
f 2370/651/246 2369/650/246 2371/648/246
f 2371/648/246 2372/649/246 2370/651/246
f 2372/649/246 2371/648/246 2373/647/246
f 2373/647/246 2374/218/246 2372/649/246
f 2374/218/246 2373/647/246 2375/645/246
f 2375/645/246 2376/646/246 2374/218/246
f 2376/646/246 2375/645/246 2377/644/246
f 2377/644/246 2378/643/246 2376/646/246
f 2379/644/244 2380/643/244 2381/646/244
f 2381/646/244 2382/645/244 2379/644/244
f 2382/645/244 2381/646/244 2383/218/244
f 2383/218/244 2384/647/244 2382/645/244
f 2384/647/244 2383/218/244 2385/649/244
f 2385/649/244 2386/648/244 2384/647/244
f 2386/648/244 2385/649/244 2387/651/244
f 2387/651/244 2388/650/244 2386/648/244
f 2388/650/244 2387/651/244 2389/649/244
f 2389/649/244 2390/648/244 2388/650/244
f 2390/648/244 2389/649/244 2391/218/244
f 2391/218/244 2392/647/244 2390/648/244
f 2392/647/244 2391/218/244 2393/646/244
f 2393/646/244 2394/645/244 2392/647/244
f 2394/645/244 2393/646/244 2395/643/244
f 2395/643/244 2396/644/244 2394/645/244
f 2397/652/246 2398/653/246 2399/654/246
f 2399/654/246 2400/655/246 2397/652/246
f 2400/655/246 2399/654/246 2401/656/246
f 2401/656/246 2402/657/246 2400/655/246
f 2402/657/246 2401/656/246 2403/658/246
f 2403/658/246 2404/659/246 2402/657/246
f 2404/659/246 2403/658/246 2405/660/246
f 2405/660/246 2406/661/246 2404/659/246
f 2406/661/246 2405/660/246 2407/658/246
f 2407/658/246 2408/659/246 2406/661/246
f 2408/659/246 2407/658/246 2409/656/246
f 2409/656/246 2410/657/246 2408/659/246
f 2410/657/246 2409/656/246 2411/654/246
f 2411/654/246 2412/655/246 2410/657/246
f 2412/655/246 2411/654/246 2413/653/246
f 2413/653/246 2414/652/246 2412/655/246
f 2415/653/244 2416/652/244 2417/655/244
f 2417/655/244 2418/654/244 2415/653/244
f 2418/654/244 2417/655/244 2419/657/244
f 2419/657/244 2420/656/244 2418/654/244
f 2420/656/244 2419/657/244 2421/659/244
f 2421/659/244 2422/658/244 2420/656/244
f 2422/658/244 2421/659/244 2423/661/244
f 2423/661/244 2424/660/244 2422/658/244
f 2424/660/244 2423/661/244 2425/659/244
f 2425/659/244 2426/658/244 2424/660/244
f 2426/658/244 2425/659/244 2427/657/244
f 2427/657/244 2428/656/244 2426/658/244
f 2428/656/244 2427/657/244 2429/655/244
f 2429/655/244 2430/654/244 2428/656/244
f 2430/654/244 2429/655/244 2431/652/244
f 2431/652/244 2432/653/244 2430/654/244
f 2433/662/1585 2434/608/1586 2435/607/1587
f 2435/607/1587 2436/663/1588 2433/662/1585
f 2436/663/1588 2435/607/1587 2437/611/1589
f 2437/611/1589 2438/664/1590 2436/663/1588
f 2438/664/1590 2437/611/1589 2439/613/1591
f 2439/613/1591 2440/665/1592 2438/664/1590
f 2440/665/1592 2439/613/1591 2441/615/1593
f 2441/615/1593 2442/666/1594 2440/665/1592
f 2442/666/1594 2441/615/1593 2443/613/1595
f 2443/613/1595 2444/665/1596 2442/666/1594
f 2444/665/1596 2443/613/1595 2445/611/1597
f 2445/611/1597 2446/664/1598 2444/665/1596
f 2446/664/1598 2445/611/1597 2447/607/1599
f 2447/607/1599 2448/663/1600 2446/664/1598
f 2448/663/1600 2447/607/1599 2449/608/1601
f 2449/608/1601 2450/662/1602 2448/663/1600
f 2451/608/1603 2452/662/1604 2453/663/1605
f 2453/663/1605 2454/607/1606 2451/608/1603
f 2454/607/1606 2453/663/1605 2455/664/1607
f 2455/664/1607 2456/611/1608 2454/607/1606
f 2456/611/1608 2455/664/1607 2457/665/1609
f 2457/665/1609 2458/613/1610 2456/611/1608
f 2458/613/1610 2457/665/1609 2459/666/1611
f 2459/666/1611 2460/615/1612 2458/613/1610
f 2460/615/1612 2459/666/1611 2461/665/1613
f 2461/665/1613 2462/613/1614 2460/615/1612
f 2462/613/1614 2461/665/1613 2463/664/1615
f 2463/664/1615 2464/611/1616 2462/613/1614
f 2464/611/1616 2463/664/1615 2465/663/1617
f 2465/663/1617 2466/607/1618 2464/611/1616
f 2466/607/1618 2465/663/1617 2467/662/1619
f 2467/662/1619 2468/608/1620 2466/607/1618
f 2469/667/1621 2470/668/1622 2471/669/1622
f 2471/669/1622 2472/670/1621 2469/667/1621
f 2473/671/1623 2469/667/1621 2472/670/1621
f 2472/670/1621 2474/672/1624 2473/671/1623
f 2475/673/1539 2473/671/1623 2474/672/1624
f 2474/672/1624 2476/674/1539 2475/673/1539
f 2477/675/1625 2475/673/1539 2476/674/1539
f 2476/674/1539 2478/676/1626 2477/675/1625
f 2479/677/1627 2477/675/1625 2478/676/1626
f 2478/676/1626 2480/678/1627 2479/677/1627
f 2481/679/1628 2479/677/1627 2480/678/1627
f 2480/678/1627 2482/680/1628 2481/679/1628
f 2483/667/1621 2484/668/1622 2485/669/1622
f 2485/669/1622 2486/670/1621 2483/667/1621
f 2487/671/1624 2483/667/1621 2486/670/1621
f 2486/670/1621 2488/672/1624 2487/671/1624
f 2489/673/1539 2487/671/1624 2488/672/1624
f 2488/672/1624 2490/674/1539 2489/673/1539
f 2491/675/1626 2489/673/1539 2490/674/1539
f 2490/674/1539 2492/676/1626 2491/675/1626
f 2493/677/1627 2491/675/1626 2492/676/1626
f 2492/676/1626 2494/678/1627 2493/677/1627
f 2495/679/1628 2493/677/1627 2494/678/1627
f 2494/678/1627 2496/680/1628 2495/679/1628
f 2497/667/1629 2498/668/1630 2499/669/1630
f 2499/669/1630 2500/670/1629 2497/667/1629
f 2501/671/1631 2497/667/1629 2500/670/1629
f 2500/670/1629 2502/672/1631 2501/671/1631
f 2503/673/1632 2501/671/1631 2502/672/1631
f 2502/672/1631 2504/674/1632 2503/673/1632
f 2505/675/1633 2503/673/1632 2504/674/1632
f 2504/674/1632 2506/676/1633 2505/675/1633
f 2507/677/1627 2505/675/1633 2506/676/1633
f 2506/676/1633 2508/678/1627 2507/677/1627
f 2509/679/1628 2507/677/1627 2508/678/1627
f 2508/678/1627 2510/680/1628 2509/679/1628
f 2511/667/1629 2512/668/1630 2513/669/1630
f 2513/669/1630 2514/670/1629 2511/667/1629
f 2515/671/1631 2511/667/1629 2514/670/1629
f 2514/670/1629 2516/672/1631 2515/671/1631
f 2517/673/1632 2515/671/1631 2516/672/1631
f 2516/672/1631 2518/674/1632 2517/673/1632
f 2519/675/1633 2517/673/1632 2518/674/1632
f 2518/674/1632 2520/676/1633 2519/675/1633
f 2521/677/1627 2519/675/1633 2520/676/1633
f 2520/676/1633 2522/678/1627 2521/677/1627
f 2523/679/1628 2521/677/1627 2522/678/1627
f 2522/678/1627 2524/680/1628 2523/679/1628
f 2525/681/1518 2526/682/1584 2527/683/1518
f 2528/684/1518 2525/681/1518 2527/683/1518
f 2529/685/1518 2528/684/1518 2527/683/1518
f 2529/685/1518 2530/686/1518 2528/684/1518
f 2529/685/1518 2531/687/1518 2530/686/1518
f 2529/685/1518 2532/688/1584 2531/687/1518
f 2533/689/1634 2534/690/1635 2535/691/1562
f 2536/692/1634 2533/689/1634 2535/691/1562
f 2537/693/1562 2536/692/1634 2535/691/1562
f 2537/693/1562 2538/694/1635 2536/692/1634
f 2537/693/1562 2539/695/612 2538/694/1635
f 2539/695/612 2540/696/1539 2538/694/1635
f 2541/140/1636 2542/139/1637 2543/617/1638
f 2543/617/1638 2544/697/1638 2541/140/1636
f 2544/697/1638 2543/617/1638 2545/136/1639
f 2545/136/1639 2546/135/1639 2544/697/1638
f 2547/146/1640 2548/145/1641 2549/618/1642
f 2549/618/1642 2550/698/1642 2547/146/1640
f 2550/698/1642 2549/618/1642 2551/142/1643
f 2551/142/1643 2552/141/1643 2550/698/1642
f 2553/139/1644 2554/140/1644 2555/697/1645
f 2555/697/1645 2556/617/1645 2553/139/1644
f 2556/617/1645 2555/697/1645 2557/135/1646
f 2557/135/1646 2558/136/1647 2556/617/1645
f 2559/145/1648 2560/146/1648 2561/698/1649
f 2561/698/1649 2562/618/1649 2559/145/1648
f 2562/618/1649 2561/698/1649 2563/141/1650
f 2563/141/1650 2564/142/1651 2562/618/1649
f 2565/669/1652 2566/668/1652 2567/667/1653
f 2567/667/1653 2568/670/1653 2565/669/1652
f 2568/670/1653 2567/667/1653 2569/671/1654
f 2569/671/1654 2570/672/1654 2568/670/1653
f 2570/672/1654 2569/671/1654 2571/673/1655
f 2571/673/1655 2572/674/1655 2570/672/1654
f 2572/674/1655 2571/673/1655 2573/675/1656
f 2573/675/1656 2574/676/1656 2572/674/1655
f 2574/676/1656 2573/675/1656 2575/677/1657
f 2575/677/1657 2576/678/1657 2574/676/1656
f 2576/678/1657 2575/677/1657 2577/679/1658
f 2577/679/1658 2578/680/1658 2576/678/1657
f 2579/669/1652 2580/668/1652 2581/667/1653
f 2581/667/1653 2582/670/1653 2579/669/1652
f 2582/670/1653 2581/667/1653 2583/671/1654
f 2583/671/1654 2584/672/1654 2582/670/1653
f 2584/672/1654 2583/671/1654 2585/673/1655
f 2585/673/1655 2586/674/1655 2584/672/1654
f 2586/674/1655 2585/673/1655 2587/675/1656
f 2587/675/1656 2588/676/1656 2586/674/1655
f 2588/676/1656 2587/675/1656 2589/677/1657
f 2589/677/1657 2590/678/1657 2588/676/1656
f 2590/678/1657 2589/677/1657 2591/679/1658
f 2591/679/1658 2592/680/1658 2590/678/1657
f 2593/669/1659 2594/668/1659 2595/667/1660
f 2595/667/1660 2596/670/1660 2593/669/1659
f 2596/670/1660 2595/667/1660 2597/671/1661
f 2597/671/1661 2598/672/1662 2596/670/1660
f 2598/672/1662 2597/671/1661 2599/673/1584
f 2599/673/1584 2600/674/1584 2598/672/1662
f 2600/674/1584 2599/673/1584 2601/675/1663
f 2601/675/1663 2602/676/1664 2600/674/1584
f 2602/676/1664 2601/675/1663 2603/677/1665
f 2603/677/1665 2604/678/1665 2602/676/1664
f 2604/678/1665 2603/677/1665 2605/679/1658
f 2605/679/1658 2606/680/1658 2604/678/1665
f 2607/669/1659 2608/668/1659 2609/667/1660
f 2609/667/1660 2610/670/1660 2607/669/1659
f 2610/670/1660 2609/667/1660 2611/671/1662
f 2611/671/1662 2612/672/1661 2610/670/1660
f 2612/672/1661 2611/671/1662 2613/673/1584
f 2613/673/1584 2614/674/1584 2612/672/1661
f 2614/674/1584 2613/673/1584 2615/675/1663
f 2615/675/1663 2616/676/1663 2614/674/1584
f 2616/676/1663 2615/675/1663 2617/677/1665
f 2617/677/1665 2618/678/1665 2616/676/1663
f 2618/678/1665 2617/677/1665 2619/679/1658
f 2619/679/1658 2620/680/1658 2618/678/1665
f 2621/153/1666 2622/699/1667 2623/700/1668
f 2624/154/1669 2621/153/1666 2623/700/1668
f 2623/700/1668 2625/701/1670 2624/154/1669
f 2626/702/1671 2624/154/1669 2625/701/1670
f 2627/703/1672 2628/704/1672 2629/156/1673
f 2629/156/1673 2630/155/1674 2627/703/1672
f 2630/155/1674 2629/156/1673 2631/157/1675
f 2631/157/1675 2632/158/1676 2630/155/1674
f 2633/705/1677 2630/155/1674 2632/158/1676
f 2632/158/1676 2631/157/1675 2634/706/1678
f 2632/158/1676 2635/707/1679 2633/705/1677
f 2634/706/1678 2636/708/1680 2632/158/1676
f 2632/158/1676 2636/708/1680 2635/707/1679
f 2637/703/1681 2638/704/1682 2639/156/1682
f 2639/156/1682 2640/155/1683 2637/703/1681
f 2641/705/1684 2637/703/1681 2640/155/1683
f 2641/705/1684 2640/155/1683 2642/158/1685
f 2642/158/1685 2643/707/735 2641/705/1684
f 2644/706/1686 2645/708/1686 2642/158/1685
f 2642/158/1685 2646/157/1686 2644/706/1686
f 2647/609/1687 2648/608/1688 2649/607/1689
f 2649/607/1689 2650/610/1690 2647/609/1687
f 2650/610/1690 2649/607/1689 2651/611/1691
f 2651/611/1691 2652/612/1692 2650/610/1690
f 2652/612/1692 2651/611/1691 2653/613/1693
f 2653/613/1693 2654/614/1694 2652/612/1692
f 2654/614/1694 2653/613/1693 2655/615/1695
f 2655/615/1695 2656/616/1696 2654/614/1694
f 2656/616/1696 2655/615/1695 2657/613/1697
f 2657/613/1697 2658/614/1698 2656/616/1696
f 2658/614/1698 2657/613/1697 2659/611/1699
f 2659/611/1699 2660/612/1700 2658/614/1698
f 2660/612/1700 2659/611/1699 2661/607/1701
f 2661/607/1701 2662/610/1702 2660/612/1700
f 2662/610/1702 2661/607/1701 2663/608/1703
f 2663/608/1703 2664/609/1704 2662/610/1702
f 2665/137/1705 2666/138/1706 2667/139/1706
f 2668/617/1705 2665/137/1705 2667/139/1706
f 2668/617/1705 2669/136/276 2665/137/1705
f 2670/608/1707 2671/609/1708 2672/610/1709
f 2672/610/1709 2673/607/1710 2670/608/1707
f 2673/607/1710 2672/610/1709 2674/612/1711
f 2674/612/1711 2675/611/1712 2673/607/1710
f 2675/611/1712 2674/612/1711 2676/614/1713
f 2676/614/1713 2677/613/1714 2675/611/1712
f 2677/613/1714 2676/614/1713 2678/616/1715
f 2678/616/1715 2679/615/1716 2677/613/1714
f 2679/615/1716 2678/616/1715 2680/614/1717
f 2680/614/1717 2681/613/1718 2679/615/1716
f 2681/613/1718 2680/614/1717 2682/612/1719
f 2682/612/1719 2683/611/1720 2681/613/1718
f 2683/611/1720 2682/612/1719 2684/610/1721
f 2684/610/1721 2685/607/1722 2683/611/1720
f 2685/607/1722 2684/610/1721 2686/609/1723
f 2686/609/1723 2687/608/1724 2685/607/1722
f 2688/143/1725 2689/144/1726 2690/145/1726
f 2691/618/1726 2688/143/1725 2690/145/1726
f 2691/618/1726 2692/142/1727 2688/143/1725
f 2693/621/1728 2694/620/1729 2695/619/1730
f 2695/619/1730 2696/622/1731 2693/621/1728
f 2696/622/1731 2695/619/1730 2697/623/1732
f 2697/623/1732 2698/624/1733 2696/622/1731
f 2698/624/1733 2697/623/1732 2699/625/1734
f 2699/625/1734 2700/626/1735 2698/624/1733
f 2700/626/1735 2699/625/1734 2701/627/1736
f 2701/627/1736 2702/628/1737 2700/626/1735
f 2702/628/1737 2701/627/1736 2703/629/1738
f 2703/629/1738 2704/630/1739 2702/628/1737
f 2704/630/1739 2703/629/1738 2705/627/1740
f 2705/627/1740 2706/628/1741 2704/630/1739
f 2706/628/1741 2705/627/1740 2707/625/1742
f 2707/625/1742 2708/626/1743 2706/628/1741
f 2708/626/1743 2707/625/1742 2709/623/1744
f 2709/623/1744 2710/624/1745 2708/626/1743
f 2710/624/1745 2709/623/1744 2711/619/1746
f 2711/619/1746 2712/622/1747 2710/624/1745
f 2713/621/1748 2712/622/1747 2711/619/1746
f 2711/619/1746 2714/620/1749 2713/621/1748
f 2715/617/635 2716/139/635 2717/138/635
f 2718/136/1750 2715/617/635 2717/138/635
f 2719/137/1751 2718/136/1750 2717/138/635
f 2720/633/1752 2721/632/1753 2722/631/1754
f 2722/631/1754 2723/634/1755 2720/633/1752
f 2723/634/1755 2722/631/1754 2724/635/1756
f 2724/635/1756 2725/636/1757 2723/634/1755
f 2725/636/1757 2724/635/1756 2726/637/1758
f 2726/637/1758 2727/638/1759 2725/636/1757
f 2727/638/1759 2726/637/1758 2728/639/1760
f 2728/639/1760 2729/640/1761 2727/638/1759
f 2729/640/1761 2728/639/1760 2730/641/1762
f 2730/641/1762 2731/642/1763 2729/640/1761
f 2731/642/1763 2730/641/1762 2732/639/1764
f 2732/639/1764 2733/640/1765 2731/642/1763
f 2733/640/1765 2732/639/1764 2734/637/1766
f 2734/637/1766 2735/638/1767 2733/640/1765
f 2735/638/1767 2734/637/1766 2736/635/1768
f 2736/635/1768 2737/636/1769 2735/638/1767
f 2737/636/1769 2736/635/1768 2738/631/1770
f 2738/631/1770 2739/634/1771 2737/636/1769
f 2740/633/1772 2739/634/1771 2738/631/1770
f 2738/631/1770 2741/632/1772 2740/633/1772
f 2742/618/1773 2743/145/1774 2744/144/1774
f 2745/142/1705 2742/618/1773 2744/144/1774
f 2746/143/1706 2745/142/1705 2744/144/1774
f 2747/645/246 2748/644/246 2749/643/246
f 2749/643/246 2750/646/246 2747/645/246
f 2751/647/246 2747/645/246 2750/646/246
f 2750/646/246 2752/218/246 2751/647/246
f 2753/648/246 2751/647/246 2752/218/246
f 2752/218/246 2754/649/246 2753/648/246
f 2755/650/246 2753/648/246 2754/649/246
f 2754/649/246 2756/651/246 2755/650/246
f 2757/648/246 2755/650/246 2756/651/246
f 2756/651/246 2758/649/246 2757/648/246
f 2759/647/246 2757/648/246 2758/649/246
f 2758/649/246 2760/218/246 2759/647/246
f 2761/645/246 2759/647/246 2760/218/246
f 2760/218/246 2762/646/246 2761/645/246
f 2763/644/246 2761/645/246 2762/646/246
f 2762/646/246 2764/643/246 2763/644/246
f 2765/646/244 2766/643/244 2767/644/244
f 2767/644/244 2768/645/244 2765/646/244
f 2769/218/244 2765/646/244 2768/645/244
f 2768/645/244 2770/647/244 2769/218/244
f 2771/649/244 2769/218/244 2770/647/244
f 2770/647/244 2772/648/244 2771/649/244
f 2773/651/244 2771/649/244 2772/648/244
f 2772/648/244 2774/650/244 2773/651/244
f 2775/649/244 2773/651/244 2774/650/244
f 2774/650/244 2776/648/244 2775/649/244
f 2777/218/244 2775/649/244 2776/648/244
f 2776/648/244 2778/647/244 2777/218/244
f 2779/646/244 2777/218/244 2778/647/244
f 2778/647/244 2780/645/244 2779/646/244
f 2781/643/244 2779/646/244 2780/645/244
f 2780/645/244 2782/644/244 2781/643/244
f 2783/654/246 2784/653/246 2785/652/246
f 2785/652/246 2786/655/246 2783/654/246
f 2787/656/246 2783/654/246 2786/655/246
f 2786/655/246 2788/657/246 2787/656/246
f 2789/658/246 2787/656/246 2788/657/246
f 2788/657/246 2790/659/246 2789/658/246
f 2791/660/246 2789/658/246 2790/659/246
f 2790/659/246 2792/661/246 2791/660/246
f 2793/658/246 2791/660/246 2792/661/246
f 2792/661/246 2794/659/246 2793/658/246
f 2795/656/246 2793/658/246 2794/659/246
f 2794/659/246 2796/657/246 2795/656/246
f 2797/654/246 2795/656/246 2796/657/246
f 2796/657/246 2798/655/246 2797/654/246
f 2799/653/246 2797/654/246 2798/655/246
f 2798/655/246 2800/652/246 2799/653/246
f 2801/655/244 2802/652/244 2803/653/244
f 2803/653/244 2804/654/244 2801/655/244
f 2805/657/244 2801/655/244 2804/654/244
f 2804/654/244 2806/656/244 2805/657/244
f 2807/659/244 2805/657/244 2806/656/244
f 2806/656/244 2808/658/244 2807/659/244
f 2809/661/244 2807/659/244 2808/658/244
f 2808/658/244 2810/660/244 2809/661/244
f 2811/659/244 2809/661/244 2810/660/244
f 2810/660/244 2812/658/244 2811/659/244
f 2813/657/244 2811/659/244 2812/658/244
f 2812/658/244 2814/656/244 2813/657/244
f 2815/655/244 2813/657/244 2814/656/244
f 2814/656/244 2816/654/244 2815/655/244
f 2817/652/244 2815/655/244 2816/654/244
f 2816/654/244 2818/653/244 2817/652/244
f 2819/607/1775 2820/608/1776 2821/662/1777
f 2821/662/1777 2822/663/1778 2819/607/1775
f 2823/611/1779 2819/607/1775 2822/663/1778
f 2822/663/1778 2824/664/1780 2823/611/1779
f 2825/613/1781 2823/611/1779 2824/664/1780
f 2824/664/1780 2826/665/1782 2825/613/1781
f 2827/615/1783 2825/613/1781 2826/665/1782
f 2826/665/1782 2828/666/1784 2827/615/1783
f 2829/613/1785 2827/615/1783 2828/666/1784
f 2828/666/1784 2830/665/1786 2829/613/1785
f 2831/611/1787 2829/613/1785 2830/665/1786
f 2830/665/1786 2832/664/1788 2831/611/1787
f 2833/607/1789 2831/611/1787 2832/664/1788
f 2832/664/1788 2834/663/1790 2833/607/1789
f 2835/608/1791 2833/607/1789 2834/663/1790
f 2834/663/1790 2836/662/1792 2835/608/1791
f 2837/663/1793 2838/662/1794 2839/608/1795
f 2839/608/1795 2840/607/1796 2837/663/1793
f 2841/664/1797 2837/663/1793 2840/607/1796
f 2840/607/1796 2842/611/1798 2841/664/1797
f 2843/665/1799 2841/664/1797 2842/611/1798
f 2842/611/1798 2844/613/1800 2843/665/1799
f 2845/666/1801 2843/665/1799 2844/613/1800
f 2844/613/1800 2846/615/1802 2845/666/1801
f 2847/665/1803 2845/666/1801 2846/615/1802
f 2846/615/1802 2848/613/1804 2847/665/1803
f 2849/664/1805 2847/665/1803 2848/613/1804
f 2848/613/1804 2850/611/1806 2849/664/1805
f 2851/663/1807 2849/664/1805 2850/611/1806
f 2850/611/1806 2852/607/1808 2851/663/1807
f 2853/662/1809 2851/663/1807 2852/607/1808
f 2852/607/1808 2854/608/1810 2853/662/1809
f 2855/669/1811 2856/668/1811 2857/667/1812
f 2857/667/1812 2858/670/1812 2855/669/1811
f 2858/670/1812 2857/667/1812 2859/671/1813
f 2859/671/1813 2860/672/1813 2858/670/1812
f 2860/672/1813 2859/671/1813 2861/673/1814
f 2861/673/1814 2862/674/1814 2860/672/1813
f 2862/674/1814 2861/673/1814 2863/675/1815
f 2863/675/1815 2864/676/1815 2862/674/1814
f 2864/676/1815 2863/675/1815 2865/677/1816
f 2865/677/1816 2866/678/1816 2864/676/1815
f 2866/678/1816 2865/677/1816 2867/679/1817
f 2867/679/1817 2868/680/1817 2866/678/1816
f 2869/669/1811 2870/668/1811 2871/667/1812
f 2871/667/1812 2872/670/1812 2869/669/1811
f 2872/670/1812 2871/667/1812 2873/671/1813
f 2873/671/1813 2874/672/1813 2872/670/1812
f 2874/672/1813 2873/671/1813 2875/673/1814
f 2875/673/1814 2876/674/1814 2874/672/1813
f 2876/674/1814 2875/673/1814 2877/675/1815
f 2877/675/1815 2878/676/1815 2876/674/1814
f 2878/676/1815 2877/675/1815 2879/677/1816
f 2879/677/1816 2880/678/1816 2878/676/1815
f 2880/678/1816 2879/677/1816 2881/679/1817
f 2881/679/1817 2882/680/1817 2880/678/1816
f 2883/669/1818 2884/668/1818 2885/667/1819
f 2885/667/1819 2886/670/1819 2883/669/1818
f 2886/670/1819 2885/667/1819 2887/671/1820
f 2887/671/1820 2888/672/1821 2886/670/1819
f 2888/672/1821 2887/671/1820 2889/673/1822
f 2889/673/1822 2890/674/1823 2888/672/1821
f 2890/674/1823 2889/673/1822 2891/675/1824
f 2891/675/1824 2892/676/1824 2890/674/1823
f 2892/676/1824 2891/675/1824 2893/677/1825
f 2893/677/1825 2894/678/1825 2892/676/1824
f 2894/678/1825 2893/677/1825 2895/679/1817
f 2895/679/1817 2896/680/1817 2894/678/1825
f 2897/669/1818 2898/668/1818 2899/667/1819
f 2899/667/1819 2900/670/1819 2897/669/1818
f 2900/670/1819 2899/667/1819 2901/671/1821
f 2901/671/1821 2902/672/1821 2900/670/1819
f 2902/672/1821 2901/671/1821 2903/673/1823
f 2903/673/1823 2904/674/1822 2902/672/1821
f 2904/674/1822 2903/673/1823 2905/675/1824
f 2905/675/1824 2906/676/1824 2904/674/1822
f 2906/676/1824 2905/675/1824 2907/677/1825
f 2907/677/1825 2908/678/1825 2906/676/1824
f 2908/678/1825 2907/677/1825 2909/679/1817
f 2909/679/1817 2910/680/1817 2908/678/1825
f 2911/683/1706 2912/682/1826 2913/681/1706
f 2914/684/1706 2911/683/1706 2913/681/1706
f 2914/684/1706 2915/685/1706 2911/683/1706
f 2914/684/1706 2916/686/1706 2915/685/1706
f 2916/686/1706 2917/687/1706 2915/685/1706
f 2917/687/1706 2918/688/1826 2915/685/1706
f 2919/691/277 2920/690/277 2921/689/1827
f 2922/692/277 2919/691/277 2921/689/1827
f 2922/692/277 2923/693/277 2919/691/277
f 2922/692/277 2924/694/277 2923/693/277
f 2924/694/277 2925/695/277 2923/693/277
f 2924/694/277 2926/696/1827 2925/695/277
f 2927/617/1828 2928/139/1829 2929/140/1830
f 2929/140/1830 2930/697/1828 2927/617/1828
f 2931/136/1831 2927/617/1828 2930/697/1828
f 2930/697/1828 2932/135/1831 2931/136/1831
f 2933/618/1832 2934/145/1833 2935/146/1834
f 2935/146/1834 2936/698/1832 2933/618/1832
f 2937/142/1835 2933/618/1832 2936/698/1832
f 2936/698/1832 2938/141/1836 2937/142/1835
f 2939/697/1837 2940/140/1838 2941/139/1839
f 2941/139/1839 2942/617/1837 2939/697/1837
f 2943/135/1840 2939/697/1837 2942/617/1837
f 2942/617/1837 2944/136/1841 2943/135/1840
f 2945/698/1842 2946/146/1843 2947/145/1844
f 2947/145/1844 2948/618/1845 2945/698/1842
f 2949/141/1846 2945/698/1842 2948/618/1845
f 2948/618/1845 2950/142/1847 2949/141/1846
f 2951/667/1848 2952/668/1849 2953/669/1849
f 2953/669/1849 2954/670/1848 2951/667/1848
f 2955/671/1850 2951/667/1848 2954/670/1848
f 2954/670/1848 2956/672/1850 2955/671/1850
f 2957/673/1851 2955/671/1850 2956/672/1850
f 2956/672/1850 2958/674/1851 2957/673/1851
f 2959/675/1852 2957/673/1851 2958/674/1851
f 2958/674/1851 2960/676/1852 2959/675/1852
f 2961/677/1853 2959/675/1852 2960/676/1852
f 2960/676/1852 2962/678/1853 2961/677/1853
f 2963/679/1854 2961/677/1853 2962/678/1853
f 2962/678/1853 2964/680/1854 2963/679/1854
f 2965/667/1848 2966/668/1849 2967/669/1849
f 2967/669/1849 2968/670/1848 2965/667/1848
f 2969/671/1850 2965/667/1848 2968/670/1848
f 2968/670/1848 2970/672/1850 2969/671/1850
f 2971/673/1851 2969/671/1850 2970/672/1850
f 2970/672/1850 2972/674/1851 2971/673/1851
f 2973/675/1852 2971/673/1851 2972/674/1851
f 2972/674/1851 2974/676/1852 2973/675/1852
f 2975/677/1855 2973/675/1852 2974/676/1852
f 2974/676/1852 2976/678/1853 2975/677/1855
f 2977/679/1854 2975/677/1855 2976/678/1853
f 2976/678/1853 2978/680/1854 2977/679/1854
f 2979/667/1856 2980/668/1857 2981/669/1857
f 2981/669/1857 2982/670/1856 2979/667/1856
f 2983/671/1858 2979/667/1856 2982/670/1856
f 2982/670/1856 2984/672/1858 2983/671/1858
f 2985/673/1859 2983/671/1858 2984/672/1858
f 2984/672/1858 2986/674/1859 2985/673/1859
f 2987/675/1860 2985/673/1859 2986/674/1859
f 2986/674/1859 2988/676/1860 2987/675/1860
f 2989/677/1861 2987/675/1860 2988/676/1860
f 2988/676/1860 2990/678/1861 2989/677/1861
f 2991/679/1854 2989/677/1861 2990/678/1861
f 2990/678/1861 2992/680/1854 2991/679/1854
f 2993/667/1856 2994/668/1857 2995/669/1857
f 2995/669/1857 2996/670/1856 2993/667/1856
f 2997/671/1858 2993/667/1856 2996/670/1856
f 2996/670/1856 2998/672/1858 2997/671/1858
f 2999/673/1859 2997/671/1858 2998/672/1858
f 2998/672/1858 3000/674/1859 2999/673/1859
f 3001/675/1860 2999/673/1859 3000/674/1859
f 3000/674/1859 3002/676/1860 3001/675/1860
f 3003/677/1861 3001/675/1860 3002/676/1860
f 3002/676/1860 3004/678/1861 3003/677/1861
f 3005/679/1854 3003/677/1861 3004/678/1861
f 3004/678/1861 3006/680/1854 3005/679/1854
f 3007/699/1862 3008/153/1863 3009/700/1864
f 3009/700/1864 3008/153/1863 3010/154/1865
f 3010/154/1865 3011/701/1866 3009/700/1864
f 3010/154/1865 3012/702/1867 3011/701/1866
f 3013/156/1868 3014/704/1869 3015/703/1869
f 3015/703/1869 3016/155/1870 3013/156/1868
f 3017/157/1871 3013/156/1868 3016/155/1870
f 3016/155/1870 3018/158/1872 3017/157/1871
f 3019/706/1873 3017/157/1871 3018/158/1872
f 3018/158/1872 3016/155/1870 3020/705/1677
f 3018/158/1872 3021/708/1874 3019/706/1873
f 3020/705/1677 3022/707/1875 3018/158/1872
f 3021/708/1874 3018/158/1872 3022/707/1875
f 3023/156/1876 3024/704/1876 3025/703/1877
f 3025/703/1877 3026/155/1878 3023/156/1876
f 3025/703/1877 3027/705/1879 3026/155/1878
f 3028/158/1880 3026/155/1878 3027/705/1879
f 3027/705/1879 3029/707/735 3028/158/1880
f 3030/706/1881 3031/157/1881 3028/158/1882
f 3028/158/1882 3032/708/1881 3030/706/1881
f 3033/709/1883 3034/710/1884 3035/711/1885
f 3035/711/1885 3036/10/1886 3033/709/1883
f 3037/11/1887 3033/709/1883 3036/10/1886
f 3038/712/1888 3039/711/1889 3040/710/1890
f 3040/710/1890 3041/713/1888 3038/712/1888
f 3042/714/1891 3038/712/1888 3041/713/1888
f 3041/713/1888 3043/715/1892 3042/714/1891
f 3044/10/1893 3045/714/1894 3046/715/1895
f 3046/715/1895 3047/716/1896 3044/10/1893
f 3044/10/1893 3047/716/1896 3048/8/1897
f 3049/185/1898 3050/184/1899 3051/184/1898
f 3052/717/244 3049/185/1898 3051/184/1898
f 3053/717/244 3052/717/244 3051/184/1898
f 3053/717/244 3054/186/1900 3052/717/244
f 3054/186/1900 3055/185/1901 3052/717/244
f 3053/717/244 3056/186/1902 3054/186/1900
f 3057/718/1903 3058/719/1904 3059/720/1905
f 3060/721/246 3057/718/1903 3059/720/1905
f 3061/722/246 3060/721/246 3059/720/1905
f 3061/722/246 3062/723/1906 3060/721/246
f 3062/723/1906 3063/724/1907 3060/721/246
f 3061/722/246 3064/725/1906 3062/723/1906
f 3065/726/1908 3066/727/1909 3067/728/1910
f 3066/727/1909 3065/726/1908 3068/729/1911
f 3066/727/1909 3068/729/1911 3069/730/1912
f 3068/729/1911 3070/731/1913 3069/730/1912
f 3068/729/1911 3071/732/1914 3070/731/1913
f 3072/733/1915 3073/200/1915 3074/197/1915
f 3075/734/1915 3072/733/1915 3074/197/1915
f 3076/735/1915 3075/734/1915 3074/197/1915
f 3077/736/1916 3078/737/1917 3079/738/1918
f 3079/738/1918 3080/739/1919 3077/736/1916
f 3081/740/1920 3077/736/1916 3080/739/1919
f 3080/739/1919 3082/741/1921 3081/740/1920
f 3081/740/1920 3082/741/1921 3083/742/1922
f 3083/742/1922 3084/743/1923 3081/740/1920
f 3083/742/1922 3085/744/1924 3084/743/1923
f 3086/745/1925 3085/744/1924 3083/742/1922
f 3083/742/1922 3087/746/1925 3086/745/1925
f 3086/745/1925 3087/746/1925 3088/747/1926
f 3088/747/1926 3089/744/1927 3086/745/1925
f 3088/747/1926 3090/743/1928 3089/744/1927
f 3090/743/1928 3088/747/1926 3091/748/1929
f 3091/748/1929 3092/740/1930 3090/743/1928
f 3093/736/1931 3092/740/1930 3091/748/1929
f 3091/748/1929 3094/749/1932 3093/736/1931
f 3095/737/1933 3093/736/1931 3094/749/1932
f 3094/749/1932 3096/738/1934 3095/737/1933
f 3097/750/1935 3098/201/1936 3099/195/1936
f 3099/195/1936 3100/751/1936 3097/750/1935
f 3101/752/1937 3097/750/1935 3100/751/1936
f 3100/751/1936 3102/753/1938 3101/752/1937
f 3101/752/1937 3102/753/1938 3103/192/1938
f 3103/192/1938 3104/203/1938 3101/752/1937
f 3105/754/1939 3106/196/1939 3107/195/1939
f 3107/195/1939 3108/755/1939 3105/754/1939
f 3109/756/1940 3105/754/1939 3108/755/1939
f 3108/755/1939 3110/757/1940 3109/756/1940
f 3109/756/1940 3110/757/1940 3111/192/1940
f 3111/192/1940 3112/191/1940 3109/756/1940
f 3113/758/1941 3114/759/1941 3115/760/1941
f 3115/760/1941 3116/761/1941 3113/758/1941
f 3117/762/1941 3113/758/1941 3116/761/1941
f 3116/761/1941 3118/763/1941 3117/762/1941
f 3119/764/1941 3117/762/1941 3118/763/1941
f 3118/763/1941 3120/765/1941 3119/764/1941
f 3121/766/1941 3119/764/1941 3120/765/1941
f 3120/765/1941 3122/767/1941 3121/766/1941
f 3123/768/1941 3121/766/1941 3122/767/1941
f 3122/767/1941 3124/769/1941 3123/768/1941
f 3123/768/1941 3124/769/1941 3125/770/1941
f 3125/770/1941 3126/759/1941 3123/768/1941
f 3127/771/1942 3128/772/1943 3129/759/1944
f 3129/759/1944 3130/758/1945 3127/771/1942
f 3131/773/1946 3127/771/1942 3130/758/1945
f 3130/758/1945 3132/762/1947 3131/773/1946
f 3133/774/1948 3131/773/1946 3132/762/1947
f 3132/762/1947 3134/764/1948 3133/774/1948
f 3135/775/1949 3133/774/1948 3134/764/1948
f 3134/764/1948 3136/766/1950 3135/775/1949
f 3137/776/1951 3135/775/1949 3136/766/1950
f 3136/766/1950 3138/768/1952 3137/776/1951
f 3139/777/1953 3137/776/1951 3138/768/1952
f 3138/768/1952 3140/759/1954 3139/777/1953
f 3141/778/1955 3142/779/1955 3143/229/1956
f 3144/780/1957 3141/778/1955 3143/229/1956
f 3145/781/1956 3144/780/1957 3143/229/1956
f 3146/782/1956 3144/780/1957 3145/781/1956
f 3145/781/1956 3147/783/1956 3146/782/1956
f 3148/784/1956 3146/782/1956 3147/783/1956
f 3147/783/1956 3149/785/1956 3148/784/1956
f 3148/784/1956 3149/785/1956 3150/786/1956
f 3150/786/1956 3151/787/1956 3148/784/1956
f 3151/787/1956 3150/786/1956 3152/788/1956
f 3152/788/1956 3153/789/1958 3151/787/1956
f 3153/789/1958 3152/788/1956 3154/779/1955
f 3152/788/1956 3155/229/1955 3154/779/1955
f 3156/790/1959 3153/789/1958 3154/779/1955
f 3157/791/1960 3158/792/1961 3159/793/1962
f 3160/794/1963 3157/791/1960 3159/793/1962
f 3160/794/1963 3161/795/1964 3157/791/1960
f 3160/794/1963 3162/796/1965 3161/795/1964
f 3160/794/1963 3163/797/1966 3162/796/1965
f 3163/797/1966 3164/798/1967 3162/796/1965
f 3165/793/1968 3166/792/1969 3167/791/1970
f 3168/794/1971 3165/793/1968 3167/791/1970
f 3169/795/1972 3168/794/1971 3167/791/1970
f 3169/795/1972 3170/796/1973 3168/794/1971
f 3170/796/1973 3171/797/1974 3168/794/1971
f 3170/796/1973 3172/798/1975 3171/797/1974
f 3173/239/1976 3174/215/1977 3175/227/1978
f 3175/227/1978 3176/799/1979 3173/239/1976
f 3176/799/1979 3175/227/1978 3177/229/1980
f 3177/229/1980 3178/788/1981 3176/799/1979
f 3179/800/1982 3176/799/1979 3178/788/1981
f 3178/788/1981 3180/786/1983 3179/800/1982
f 3181/801/1983 3179/800/1982 3180/786/1983
f 3180/786/1983 3182/785/1983 3181/801/1983
f 3183/802/1984 3181/801/1983 3182/785/1983
f 3182/785/1983 3184/783/1985 3183/802/1984
f 3185/803/1986 3183/802/1984 3184/783/1985
f 3184/783/1985 3186/781/1987 3185/803/1986
f 3185/803/1986 3186/781/1987 3187/229/1988
f 3187/229/1988 3188/227/1989 3185/803/1986
f 3185/803/1986 3188/227/1989 3189/215/1990
f 3189/215/1990 3190/214/1991 3185/803/1986
f 3191/804/1992 3192/805/1993 3193/806/1994
f 3193/806/1994 3194/807/1995 3191/804/1992
f 3195/808/1995 3191/804/1992 3194/807/1995
f 3194/807/1995 3196/809/1995 3195/808/1995
f 3197/804/1996 3195/808/1995 3196/809/1995
f 3196/809/1995 3198/807/1997 3197/804/1996
f 3199/805/1998 3197/804/1996 3198/807/1997
f 3198/807/1997 3200/806/1999 3199/805/1998
f 3201/810/2000 3202/238/2001 3203/237/2002
f 3203/237/2002 3204/811/2003 3201/810/2000
f 3205/812/2004 3201/810/2000 3204/811/2003
f 3204/811/2003 3206/813/2004 3205/812/2004
f 3207/814/2005 3205/812/2004 3206/813/2004
f 3206/813/2004 3208/815/2006 3207/814/2005
f 3209/210/2007 3207/814/2005 3208/815/2006
f 3208/815/2006 3210/211/2008 3209/210/2007
f 3211/816/2009 3212/817/2010 3213/818/2011
f 3213/818/2011 3214/819/2012 3211/816/2009
f 3215/820/2013 3211/816/2009 3214/819/2012
f 3214/819/2012 3216/821/2014 3215/820/2013
f 3217/816/2015 3215/820/2013 3216/821/2014
f 3216/821/2014 3218/819/2016 3217/816/2015
f 3219/817/2017 3217/816/2015 3218/819/2016
f 3218/819/2016 3220/818/2018 3219/817/2017
f 3221/822/2019 3222/823/2020 3223/824/2021
f 3223/824/2021 3224/825/2022 3221/822/2019
f 3225/826/2023 3221/822/2019 3224/825/2022
f 3224/825/2022 3226/827/2023 3225/826/2023
f 3227/828/2024 3225/826/2023 3226/827/2023
f 3226/827/2023 3228/829/2025 3227/828/2024
f 3229/830/2026 3227/828/2024 3228/829/2025
f 3228/829/2025 3230/831/2027 3229/830/2026
f 3231/832/2028 3232/805/2029 3233/804/2030
f 3233/804/2030 3234/833/2031 3231/832/2028
f 3234/833/2031 3233/804/2030 3235/808/2031
f 3235/808/2031 3236/834/2031 3234/833/2031
f 3237/833/2031 3236/834/2031 3235/808/2031
f 3235/808/2031 3238/804/2032 3237/833/2031
f 3239/832/2033 3237/833/2031 3238/804/2032
f 3238/804/2032 3240/805/2034 3239/832/2033
f 3241/835/2035 3242/836/2035 3243/837/2035
f 3243/837/2035 3244/838/2035 3241/835/2035
f 3244/838/2035 3243/837/2035 3245/839/2035
f 3245/839/2035 3246/840/2035 3244/838/2035
f 3246/840/2035 3245/839/2035 3247/841/2035
f 3247/841/2035 3248/842/2035 3246/840/2035
f 3248/842/2035 3247/841/2035 3249/843/2035
f 3249/843/2035 3250/844/2035 3248/842/2035
f 3251/845/2036 3252/846/2036 3253/847/2036
f 3253/847/2036 3254/848/2036 3251/845/2036
f 3254/848/2036 3253/847/2036 3255/840/2036
f 3255/840/2036 3256/839/2036 3254/848/2036
f 3256/839/2036 3255/840/2036 3257/849/2036
f 3257/849/2036 3258/850/2036 3256/839/2036
f 3258/850/2036 3257/849/2036 3259/851/2036
f 3259/851/2036 3260/852/2036 3258/850/2036
f 3261/853/2037 3262/854/2038 3263/855/2039
f 3262/854/2038 3261/853/2037 3264/856/2040
f 3264/856/2040 3265/857/2041 3262/854/2038
f 3264/856/2040 3266/858/2042 3265/857/2041
f 3267/854/2043 3268/853/2044 3269/855/2045
f 3268/853/2044 3267/854/2043 3270/859/2046
f 3270/859/2046 3271/860/2047 3268/853/2044
f 3270/859/2046 3272/861/2048 3271/860/2047
f 3273/862/2049 3274/863/2050 3275/864/2051
f 3275/864/2051 3276/865/2052 3273/862/2049
f 3276/865/2052 3275/864/2051 3277/866/2053
f 3278/867/2054 3276/865/2052 3277/866/2053
f 3279/868/2055 3278/867/2054 3277/866/2053
f 3278/867/2054 3280/869/2056 3276/865/2052
f 3278/867/2054 3281/870/2057 3280/869/2056
f 3282/871/2058 3283/862/2058 3284/865/2059
f 3284/865/2059 3285/872/2060 3282/871/2058
f 3285/872/2060 3284/865/2059 3286/869/2061
f 3286/869/2061 3287/873/2062 3285/872/2060
f 3288/874/2063 3289/258/2064 3290/257/2065
f 3291/875/2066 3288/874/2063 3290/257/2065
f 3290/257/2065 3292/876/2066 3291/875/2066
f 3293/877/2067 3294/876/2068 3295/257/2068
f 3295/257/2068 3296/256/2067 3293/877/2067
f 3297/878/2069 3293/877/2067 3296/256/2067
f 3297/878/2069 3296/256/2067 3298/879/2067
f 3296/256/2067 3299/880/2067 3298/879/2067
f 3300/881/2070 3297/878/2069 3298/879/2067
f 3298/879/2067 3299/880/2067 3301/882/2068
f 3302/883/2071 3300/881/2070 3298/879/2067
f 3301/882/2068 3303/884/2068 3298/879/2067
f 3304/885/2067 3302/883/2071 3298/879/2067
f 3304/885/2067 3298/879/2067 3303/884/2068
f 3305/886/2068 3304/885/2067 3303/884/2068
f 3306/887/2068 3305/886/2068 3303/884/2068
f 3307/865/2072 3308/862/2073 3309/871/2073
f 3309/871/2073 3310/872/2074 3307/865/2072
f 3311/869/2075 3307/865/2072 3310/872/2074
f 3310/872/2074 3312/873/2075 3311/869/2075
f 3313/18/2076 3314/888/2076 3315/889/2077
f 3315/889/2077 3316/260/2078 3313/18/2076
f 3315/889/2077 3317/890/2079 3316/260/2078
f 3317/890/2079 3318/891/2076 3316/260/2078
f 3318/891/2076 3319/892/2078 3316/260/2078
f 3318/891/2076 3317/890/2079 3320/893/2080
f 3321/894/2076 3319/892/2078 3318/891/2076
f 3322/895/2081 3318/891/2076 3320/893/2080
f 3318/891/2076 3323/896/2076 3321/894/2076
f 3322/895/2081 3324/897/2076 3318/891/2076
f 3323/896/2076 3318/891/2076 3324/897/2076
f 3325/898/2076 3323/896/2076 3324/897/2076
f 3325/898/2076 3326/899/2076 3323/896/2076
f 3327/900/2082 3328/901/2083 3329/902/2084
f 3329/902/2084 3330/903/2085 3327/900/2082
f 3331/904/2086 3327/900/2082 3330/903/2085
f 3330/903/2085 3332/905/2087 3331/904/2086
f 3333/906/2088 3331/904/2086 3332/905/2087
f 3332/905/2087 3334/907/2089 3333/906/2088
f 3335/908/2090 3333/906/2088 3334/907/2089
f 3334/907/2089 3336/909/2091 3335/908/2090
f 3337/910/2092 3335/908/2090 3336/909/2091
f 3336/909/2091 3338/911/2093 3337/910/2092
f 3339/273/2094 3337/910/2092 3338/911/2093
f 3338/911/2093 3340/276/2095 3339/273/2094
f 3341/912/2096 3342/267/2097 3343/266/2098
f 3343/266/2098 3344/913/2099 3341/912/2096
f 3345/272/2100 3341/912/2096 3344/913/2099
f 3344/913/2099 3346/269/2101 3345/272/2100
f 3347/910/2102 3348/273/2103 3349/276/2104
f 3349/276/2104 3350/911/2105 3347/910/2102
f 3351/908/2106 3347/910/2102 3350/911/2105
f 3350/911/2105 3352/909/2107 3351/908/2106
f 3353/906/2108 3351/908/2106 3352/909/2107
f 3352/909/2107 3354/907/2109 3353/906/2108
f 3355/904/2110 3353/906/2108 3354/907/2109
f 3354/907/2109 3356/905/2111 3355/904/2110
f 3357/900/2112 3355/904/2110 3356/905/2111
f 3356/905/2111 3358/903/2113 3357/900/2112
f 3357/900/2112 3358/903/2113 3359/901/2114
f 3358/903/2113 3360/914/2115 3359/901/2114
f 3360/914/2115 3361/915/2116 3359/901/2114
f 3361/915/2116 3362/902/2117 3359/901/2114
f 3363/916/2118 3364/275/2119 3365/274/2120
f 3365/274/2120 3366/917/2121 3363/916/2118
f 3367/275/2122 3363/916/2118 3366/917/2121
f 3366/917/2121 3368/274/2123 3367/275/2122
f 3369/864/2124 3370/863/2125 3371/862/2126
f 3371/862/2126 3372/865/2127 3369/864/2124
f 3369/864/2124 3372/865/2127 3373/866/2128
f 3372/865/2127 3374/867/2129 3373/866/2128
f 3374/867/2129 3375/868/2130 3373/866/2128
f 3372/865/2127 3376/869/2131 3374/867/2129
f 3376/869/2131 3377/870/2132 3374/867/2129
f 3378/865/2133 3379/862/2134 3380/871/2135
f 3380/871/2135 3381/872/2136 3378/865/2133
f 3382/869/2137 3378/865/2133 3381/872/2136
f 3381/872/2136 3383/873/2138 3382/869/2137
f 3384/258/2139 3385/874/2140 3386/257/2141
f 3386/257/2141 3385/874/2140 3387/875/2142
f 3387/875/2142 3388/876/2142 3386/257/2141
f 3389/257/2143 3390/876/2143 3391/877/2143
f 3391/877/2143 3392/256/2144 3389/257/2143
f 3391/877/2143 3393/878/2145 3392/256/2144
f 3393/878/2145 3394/879/2146 3392/256/2144
f 3394/879/2146 3395/880/2143 3392/256/2144
f 3394/879/2146 3393/878/2145 3396/881/2147
f 3397/882/2148 3395/880/2143 3394/879/2146
f 3398/883/2149 3394/879/2146 3396/881/2147
f 3394/879/2146 3399/884/2148 3397/882/2148
f 3398/883/2149 3400/885/2144 3394/879/2146
f 3399/884/2148 3394/879/2146 3400/885/2144
f 3401/886/2148 3399/884/2148 3400/885/2144
f 3401/886/2148 3402/887/2148 3399/884/2148
f 3403/871/2150 3404/862/2151 3405/865/2152
f 3405/865/2152 3406/872/2153 3403/871/2150
f 3406/872/2153 3405/865/2152 3407/869/2154
f 3407/869/2154 3408/873/2155 3406/872/2153
f 3409/889/2156 3410/888/2156 3411/18/2156
f 3411/18/2156 3412/260/2156 3409/889/2156
f 3413/890/2157 3409/889/2156 3412/260/2156
f 3413/890/2157 3412/260/2156 3414/891/2157
f 3412/260/2156 3415/892/2158 3414/891/2157
f 3416/893/2159 3413/890/2157 3414/891/2157
f 3414/891/2157 3415/892/2158 3417/894/2160
f 3418/895/2161 3416/893/2159 3414/891/2157
f 3417/894/2160 3419/896/2160 3414/891/2157
f 3420/897/2158 3418/895/2161 3414/891/2157
f 3420/897/2158 3414/891/2157 3419/896/2160
f 3421/898/2160 3420/897/2158 3419/896/2160
f 3422/899/2160 3421/898/2160 3419/896/2160
f 3423/902/2162 3424/901/2163 3425/900/2164
f 3425/900/2164 3426/903/2165 3423/902/2162
f 3426/903/2165 3425/900/2164 3427/904/2166
f 3427/904/2166 3428/905/2167 3426/903/2165
f 3428/905/2167 3427/904/2166 3429/906/2168
f 3429/906/2168 3430/907/2169 3428/905/2167
f 3430/907/2169 3429/906/2168 3431/908/2170
f 3431/908/2170 3432/909/2171 3430/907/2169
f 3432/909/2171 3431/908/2170 3433/910/2172
f 3433/910/2172 3434/911/2173 3432/909/2171
f 3434/911/2173 3433/910/2172 3435/273/2174
f 3435/273/2174 3436/276/2175 3434/911/2173
f 3437/266/2176 3438/267/2177 3439/912/2178
f 3439/912/2178 3440/913/2179 3437/266/2176
f 3440/913/2179 3439/912/2178 3441/272/2180
f 3441/272/2180 3442/269/2181 3440/913/2179
f 3443/276/2182 3444/273/2183 3445/910/2184
f 3445/910/2184 3446/911/2185 3443/276/2182
f 3446/911/2185 3445/910/2184 3447/908/2186
f 3447/908/2186 3448/909/2187 3446/911/2185
f 3448/909/2187 3447/908/2186 3449/906/2188
f 3449/906/2188 3450/907/2189 3448/909/2187
f 3450/907/2189 3449/906/2188 3451/904/2190
f 3451/904/2190 3452/905/2191 3450/907/2189
f 3452/905/2191 3451/904/2190 3453/900/2192
f 3453/900/2192 3454/903/2193 3452/905/2191
f 3454/903/2193 3453/900/2192 3455/901/2194
f 3456/914/2195 3454/903/2193 3455/901/2194
f 3457/915/2196 3456/914/2195 3455/901/2194
f 3458/902/2197 3457/915/2196 3455/901/2194
f 3459/274/2198 3460/275/2199 3461/916/2200
f 3461/916/2200 3462/917/2201 3459/274/2198
f 3462/917/2201 3461/916/2200 3463/275/2202
f 3463/275/2202 3464/274/2203 3462/917/2201
f 3465/918/2204 3466/919/2205 3467/920/2206
f 3467/920/2206 3468/921/2207 3465/918/2204
f 3468/921/2207 3467/920/2206 3469/922/2208
f 3470/923/2209 3468/921/2207 3469/922/2208
f 3470/923/2209 3471/924/2210 3468/921/2207
f 3472/925/2211 3471/924/2210 3470/923/2209
f 3473/926/2212 3472/925/2211 3470/923/2209
f 3474/927/2213 3470/923/2209 3469/922/2208
f 3469/922/2208 3475/928/2214 3474/927/2213
f 3474/927/2213 3475/928/2214 3476/929/2215
f 3473/926/2212 3470/923/2209 3477/930/2216
f 3473/926/2212 3477/930/2216 3478/931/2217
f 3479/932/2218 3474/927/2213 3476/929/2215
f 3479/932/2218 3476/929/2215 3480/933/2219
f 3477/930/2216 3481/934/2220 3478/931/2217
f 3482/935/2221 3478/931/2217 3481/934/2220
f 3481/934/2220 3483/936/2222 3482/935/2221
f 3484/937/2223 3477/930/2216 3470/923/2209
f 3481/934/2220 3477/930/2216 3485/938/2224
f 3483/936/2222 3481/934/2220 3485/938/2224
f 3477/930/2216 3484/937/2223 3485/938/2224
f 3470/923/2209 3486/939/2225 3484/937/2223
f 3486/939/2225 3470/923/2209 3474/927/2213
f 3487/940/2226 3484/937/2223 3486/939/2225
f 3484/937/2223 3487/940/2226 3485/938/2224
f 3474/927/2213 3488/941/2227 3486/939/2225
f 3479/932/2218 3488/941/2227 3474/927/2213
f 3486/939/2225 3489/942/2228 3487/940/2226
f 3489/942/2228 3486/939/2225 3488/941/2227
f 3490/943/2229 3487/940/2226 3489/942/2228
f 3487/940/2226 3490/943/2229 3485/938/2224
f 3488/941/2227 3491/944/2230 3489/942/2228
f 3491/944/2230 3488/941/2227 3479/932/2218
f 3489/942/2228 3492/945/2231 3490/943/2229
f 3492/945/2231 3489/942/2228 3491/944/2230
f 3493/946/2232 3490/943/2229 3492/945/2231
f 3490/943/2229 3493/946/2232 3485/938/2224
f 3491/944/2230 3494/947/2233 3492/945/2231
f 3492/945/2231 3495/948/2234 3493/946/2232
f 3495/948/2234 3492/945/2231 3494/947/2233
f 3479/932/2218 3496/949/2235 3491/944/2230
f 3494/947/2233 3491/944/2230 3496/949/2235
f 3496/949/2235 3479/932/2218 3497/950/2236
f 3480/933/2219 3497/950/2236 3479/932/2218
f 3496/949/2235 3498/951/2237 3494/947/2233
f 3499/952/2238 3497/950/2236 3480/933/2219
f 3480/933/2219 3500/953/2239 3499/952/2238
f 3497/950/2236 3501/954/2240 3496/949/2235
f 3501/954/2240 3497/950/2236 3499/952/2238
f 3498/951/2237 3496/949/2235 3501/954/2240
f 3499/952/2238 3500/953/2239 3502/955/2241
f 3500/953/2239 3503/956/2242 3502/955/2241
f 3504/957/2243 3502/955/2241 3503/956/2242
f 3499/952/2238 3505/958/2244 3501/954/2240
f 3502/955/2241 3504/957/2243 3506/959/2245
f 3504/957/2243 3507/960/2246 3506/959/2245
f 3506/959/2245 3507/960/2246 3508/961/2247
f 3508/961/2247 3509/962/2248 3506/959/2245
f 3510/959/2249 3509/962/2248 3508/961/2247
f 3511/963/2250 3502/955/2241 3506/959/2245
f 3508/961/2247 3512/960/2251 3510/959/2249
f 3510/959/2249 3512/960/2251 3513/957/2252
f 3514/955/2253 3510/959/2249 3513/957/2252
f 3514/955/2253 3513/957/2252 3515/956/2254
f 3514/955/2253 3516/963/2255 3510/959/2249
f 3514/955/2253 3515/956/2254 3517/953/2256
f 3518/952/2257 3514/955/2253 3517/953/2256
f 3518/952/2257 3517/953/2256 3519/933/2258
f 3516/963/2255 3514/955/2253 3520/964/2259
f 3518/952/2257 3520/964/2259 3514/955/2253
f 3519/933/2258 3521/950/2260 3518/952/2257
f 3520/964/2259 3522/965/2261 3516/963/2255
f 3522/965/2261 3516/963/2255 3523/955/2262
f 3523/955/2262 3520/964/2263 3522/965/2261
f 3524/932/2264 3521/950/2260 3519/933/2258
f 3519/933/2258 3525/929/2265 3524/932/2264
f 3518/952/2257 3521/950/2260 3526/954/2266
f 3524/932/2264 3525/929/2265 3527/927/2267
f 3525/929/2265 3528/928/2268 3527/927/2267
f 3528/928/2268 3529/922/2269 3527/927/2267
f 3521/950/2260 3524/932/2264 3530/949/2270
f 3530/949/2270 3526/954/2266 3521/950/2260
f 3531/941/2271 3524/932/2264 3527/927/2267
f 3526/954/2266 3532/958/2272 3518/952/2257
f 3520/964/2259 3518/952/2257 3532/958/2272
f 3524/932/2264 3531/941/2271 3533/944/2273
f 3533/944/2273 3530/949/2270 3524/932/2264
f 3534/939/2274 3531/941/2271 3527/927/2267
f 3535/942/2275 3533/944/2273 3531/941/2271
f 3531/941/2271 3534/939/2274 3535/942/2275
f 3530/949/2270 3533/944/2273 3536/947/2276
f 3533/944/2273 3535/942/2275 3537/945/2277
f 3537/945/2277 3536/947/2276 3533/944/2273
f 3538/940/2278 3535/942/2275 3534/939/2274
f 3536/947/2276 3539/951/2279 3530/949/2270
f 3526/954/2266 3530/949/2270 3539/951/2279
f 3535/942/2275 3538/940/2278 3540/943/2280
f 3540/943/2280 3537/945/2277 3535/942/2275
f 3539/951/2279 3541/966/2281 3526/954/2266
f 3532/958/2272 3526/954/2266 3541/966/2281
f 3537/945/2277 3540/943/2280 3542/946/2282
f 3541/966/2281 3543/967/2283 3532/958/2272
f 3542/946/2282 3544/948/2284 3537/945/2277
f 3536/947/2276 3537/945/2277 3544/948/2284
f 3542/946/2282 3540/943/2280 3485/938/2224
f 3540/943/2280 3538/940/2278 3485/938/2224
f 3544/948/2284 3542/946/2282 3545/968/2285
f 3545/968/2285 3542/946/2282 3485/938/2224
f 3544/948/2284 3546/969/2286 3536/947/2276
f 3539/951/2279 3536/947/2276 3546/969/2286
f 3545/968/2285 3547/970/2287 3544/948/2284
f 3546/969/2286 3544/948/2284 3547/970/2287
f 3547/970/2287 3545/968/2285 3548/971/2288
f 3548/971/2288 3545/968/2285 3485/938/2224
f 3546/969/2286 3549/972/2289 3539/951/2279
f 3541/966/2281 3539/951/2279 3549/972/2289
f 3547/970/2287 3550/973/2290 3546/969/2286
f 3549/972/2289 3546/969/2286 3550/973/2290
f 3548/971/2288 3551/974/2291 3547/970/2287
f 3550/973/2290 3547/970/2287 3551/974/2291
f 3549/972/2289 3552/975/2292 3541/966/2281
f 3543/967/2283 3541/966/2281 3552/975/2292
f 3550/973/2290 3553/976/2293 3549/972/2289
f 3552/975/2292 3549/972/2289 3553/976/2293
f 3551/974/2291 3554/977/2294 3550/973/2290
f 3553/976/2293 3550/973/2290 3554/977/2294
f 3551/974/2291 3548/971/2288 3555/978/2295
f 3555/978/2295 3548/971/2288 3485/938/2224
f 3554/977/2294 3551/974/2291 3556/979/2296
f 3555/978/2295 3556/979/2296 3551/974/2291
f 3554/977/2294 3557/980/2297 3553/976/2293
f 3556/979/2296 3555/978/2295 3558/981/2298
f 3558/981/2298 3555/978/2295 3485/938/2224
f 3556/979/2296 3559/982/2299 3554/977/2294
f 3557/980/2297 3554/977/2294 3559/982/2299
f 3558/981/2298 3560/983/2300 3556/979/2296
f 3559/982/2299 3556/979/2296 3560/983/2300
f 3561/984/2301 3553/976/2293 3557/980/2297
f 3553/976/2293 3561/984/2301 3552/975/2292
f 3559/982/2299 3562/985/2302 3557/980/2297
f 3563/986/2303 3552/975/2292 3561/984/2301
f 3552/975/2292 3563/986/2303 3543/967/2283
f 3557/980/2297 3564/987/2304 3561/984/2301
f 3564/987/2304 3557/980/2297 3562/985/2302
f 3561/984/2301 3565/988/2305 3563/986/2303
f 3565/988/2305 3561/984/2301 3564/987/2304
f 3562/985/2302 3559/982/2299 3566/989/2306
f 3560/983/2300 3566/989/2306 3559/982/2299
f 3562/985/2302 3567/990/2307 3564/987/2304
f 3566/989/2306 3568/991/2308 3562/985/2302
f 3567/990/2307 3562/985/2302 3568/991/2308
f 3569/982/2309 3566/989/2306 3560/983/2300
f 3570/985/2310 3568/991/2308 3566/989/2306
f 3566/989/2306 3569/982/2309 3570/985/2310
f 3560/983/2300 3571/979/2311 3569/982/2309
f 3571/979/2311 3560/983/2300 3558/981/2298
f 3572/980/2312 3570/985/2310 3569/982/2309
f 3558/981/2298 3573/978/2313 3571/979/2311
f 3573/978/2313 3558/981/2298 3485/938/2224
f 3574/977/2314 3569/982/2309 3571/979/2311
f 3569/982/2309 3574/977/2314 3572/980/2312
f 3575/974/2315 3571/979/2311 3573/978/2313
f 3571/979/2311 3575/974/2315 3574/977/2314
f 3573/978/2313 3576/971/2316 3575/974/2315
f 3576/971/2316 3573/978/2313 3485/938/2224
f 3577/973/2317 3574/977/2314 3575/974/2315
f 3578/970/2318 3575/974/2315 3576/971/2316
f 3575/974/2315 3578/970/2318 3577/973/2317
f 3576/971/2316 3579/968/2319 3578/970/2318
f 3579/968/2319 3576/971/2316 3485/938/2224
f 3495/948/2234 3578/970/2318 3579/968/2319
f 3579/968/2319 3493/946/2232 3495/948/2234
f 3493/946/2232 3579/968/2319 3485/938/2224
f 3578/970/2318 3495/948/2234 3580/969/2320
f 3580/969/2320 3577/973/2317 3578/970/2318
f 3494/947/2233 3580/969/2320 3495/948/2234
f 3580/969/2320 3494/947/2233 3498/951/2237
f 3577/973/2317 3580/969/2320 3581/972/2321
f 3498/951/2237 3581/972/2321 3580/969/2320
f 3574/977/2314 3577/973/2317 3582/976/2322
f 3581/972/2321 3582/976/2322 3577/973/2317
f 3582/976/2322 3572/980/2312 3574/977/2314
f 3581/972/2321 3498/951/2237 3583/966/2323
f 3501/954/2240 3583/966/2323 3498/951/2237
f 3583/966/2323 3501/954/2240 3505/958/2244
f 3582/976/2322 3581/972/2321 3584/975/2324
f 3583/966/2323 3584/975/2324 3581/972/2321
f 3572/980/2312 3582/976/2322 3585/984/2325
f 3584/975/2324 3585/984/2325 3582/976/2322
f 3584/975/2324 3583/966/2323 3586/967/2326
f 3505/958/2244 3586/967/2326 3583/966/2323
f 3585/984/2325 3584/975/2324 3587/986/2327
f 3586/967/2326 3587/986/2327 3584/975/2324
f 3585/984/2325 3588/987/2328 3572/980/2312
f 3570/985/2310 3572/980/2312 3588/987/2328
f 3587/986/2327 3589/988/2329 3585/984/2325
f 3588/987/2328 3585/984/2325 3589/988/2329
f 3588/987/2328 3590/990/2330 3570/985/2310
f 3568/991/2308 3570/985/2310 3590/990/2330
f 3590/990/2330 3588/987/2328 3591/992/2331
f 3589/988/2329 3591/992/2331 3588/987/2328
f 3590/990/2330 3592/993/2332 3568/991/2308
f 3568/991/2308 3592/993/2332 3567/990/2307
f 3592/993/2332 3590/990/2330 3593/994/2333
f 3591/992/2331 3593/994/2333 3590/990/2330
f 3594/994/2334 3567/990/2307 3592/993/2332
f 3593/994/2333 3595/995/2335 3592/993/2332
f 3592/993/2332 3595/995/2335 3594/994/2334
f 3567/990/2307 3594/994/2334 3596/992/2336
f 3596/992/2336 3564/987/2304 3567/990/2307
f 3564/987/2304 3596/992/2336 3565/988/2305
f 3594/994/2334 3595/995/2335 3597/996/2337
f 3597/996/2337 3595/995/2335 3593/994/2338
f 3598/997/2339 3594/994/2334 3595/995/2340
f 3595/995/2340 3597/996/2337 3598/997/2339
f 3596/992/2341 3594/994/2334 3598/997/2339
f 3597/996/2337 3598/997/2339 3594/994/2334
f 3595/995/2335 3593/994/2338 3599/997/2342
f 3599/997/2342 3597/996/2337 3595/995/2335
f 3593/994/2338 3599/997/2342 3597/996/2337
f 3599/997/2342 3593/994/2338 3591/992/2331
f 3600/998/2343 3596/992/2336 3594/994/2334
f 3594/994/2334 3598/997/2339 3600/998/2343
f 3565/988/2305 3596/992/2341 3600/998/2344
f 3598/997/2339 3600/998/2344 3596/992/2341
f 3601/999/2345 3565/988/2305 3596/992/2336
f 3596/992/2336 3600/998/2343 3601/999/2345
f 3600/998/2344 3601/999/2345 3565/988/2305
f 3593/994/2338 3591/992/2331 3602/998/2346
f 3602/998/2346 3599/997/2342 3593/994/2338
f 3591/992/2331 3602/998/2346 3599/997/2342
f 3603/986/2347 3565/988/2305 3601/999/2345
f 3602/998/2346 3591/992/2331 3589/988/2329
f 3565/988/2305 3601/999/2345 3604/1000/2348
f 3604/1000/2348 3563/986/2303 3565/988/2305
f 3601/999/2345 3604/1000/2349 3603/986/2347
f 3605/967/2350 3603/986/2347 3604/1000/2349
f 3591/992/2351 3589/988/2329 3606/999/2352
f 3606/999/2352 3602/998/2346 3591/992/2351
f 3589/988/2329 3606/999/2352 3602/998/2346
f 3604/1000/2349 3607/1001/2353 3605/967/2350
f 3608/958/2354 3605/967/2350 3607/1001/2353
f 3563/986/2303 3604/1000/2348 3607/1001/2353
f 3607/1001/2353 3543/967/2283 3563/986/2303
f 3606/999/2352 3589/988/2329 3609/986/2355
f 3543/967/2283 3607/1001/2353 3610/1002/2356
f 3610/1002/2356 3532/958/2272 3543/967/2283
f 3607/1001/2353 3610/1002/2356 3608/958/2354
f 3611/952/2357 3608/958/2354 3610/1002/2356
f 3532/958/2272 3610/1002/2356 3520/964/2259
f 3610/1002/2356 3520/964/2263 3611/952/2357
f 3522/965/2358 3520/964/2263 3610/1002/2356
f 3612/1003/2359 3522/965/2358 3520/964/2259
f 3520/964/2259 3610/1002/2356 3612/1003/2359
f 3610/1002/2356 3612/1003/2359 3522/965/2358
f 3612/1003/2359 3610/1002/2356 3607/1001/2353
f 3613/1004/2360 3612/1003/2359 3610/1002/2356
f 3610/1002/2356 3607/1001/2361 3613/1004/2360
f 3607/1001/2353 3613/1004/2360 3612/1003/2359
f 3613/1004/2360 3607/1001/2353 3604/1000/2349
f 3614/1005/2362 3613/1004/2360 3607/1001/2361
f 3607/1001/2361 3604/1000/2349 3614/1005/2362
f 3604/1000/2349 3614/1005/2363 3613/1004/2360
f 3614/1005/2363 3604/1000/2348 3601/999/2345
f 3615/1006/2364 3614/1005/2363 3604/1000/2348
f 3604/1000/2348 3601/999/2345 3615/1006/2364
f 3601/999/2345 3615/1006/2364 3614/1005/2363
f 3615/1006/2364 3601/999/2345 3600/998/2344
f 3616/1007/2365 3615/1006/2364 3601/999/2345
f 3601/999/2345 3600/998/2344 3616/1007/2365
f 3600/998/2344 3616/1007/2365 3615/1006/2364
f 3616/1007/2365 3600/998/2344 3598/997/2339
f 3617/1008/2366 3616/1007/2365 3600/998/2343
f 3600/998/2343 3598/997/2367 3617/1008/2366
f 3598/997/2339 3617/1008/2368 3616/1007/2365
f 3617/1008/2366 3598/997/2339 3597/996/2337
f 3618/1009/2369 3617/1008/2366 3598/997/2339
f 3598/997/2339 3597/996/2337 3618/1009/2369
f 3597/996/2337 3618/1009/2369 3617/1008/2366
f 3618/1009/2369 3597/996/2337 3599/997/2342
f 3619/1008/2370 3618/1009/2369 3597/996/2337
f 3599/997/2342 3619/1008/2370 3618/1009/2369
f 3597/996/2337 3599/997/2342 3619/1008/2370
f 3619/1008/2371 3599/997/2342 3602/998/2346
f 3620/1007/2372 3619/1008/2371 3599/997/2342
f 3602/998/2346 3620/1007/2372 3619/1008/2371
f 3599/997/2342 3602/998/2346 3620/1007/2372
f 3621/1006/2373 3620/1007/2372 3602/998/2374
f 3620/1007/2372 3602/998/2346 3606/999/2375
f 3602/998/2374 3606/999/2352 3621/1006/2373
f 3606/999/2375 3621/1006/2373 3620/1007/2372
f 3622/1005/2376 3621/1006/2373 3606/999/2352
f 3621/1006/2373 3606/999/2375 3623/1000/2377
f 3623/1000/2377 3622/1005/2376 3621/1006/2373
f 3606/999/2352 3623/1000/2377 3622/1005/2376
f 3609/986/2355 3623/1000/2377 3606/999/2352
f 3623/1000/2377 3606/999/2375 3589/988/2329
f 3623/1000/2377 3609/986/2355 3624/967/2378
f 3589/988/2329 3587/986/2327 3623/1000/2377
f 3624/967/2378 3625/1001/2379 3623/1000/2377
f 3625/1001/2379 3623/1000/2377 3587/986/2327
f 3625/1001/2379 3624/967/2378 3626/958/2380
f 3587/986/2327 3586/967/2326 3625/1001/2379
f 3622/1005/2376 3623/1000/2377 3625/1001/2379
f 3627/1004/2381 3622/1005/2376 3623/1000/2377
f 3625/1001/2379 3627/1004/2382 3622/1005/2376
f 3623/1000/2377 3625/1001/2379 3627/1004/2381
f 3628/1002/2383 3625/1001/2379 3586/967/2326
f 3626/958/2380 3628/1002/2383 3625/1001/2379
f 3628/1002/2383 3626/958/2380 3629/952/2384
f 3627/1004/2382 3625/1001/2385 3628/1002/2383
f 3586/967/2326 3505/958/2244 3628/1002/2383
f 3630/1003/2386 3627/1004/2381 3625/1001/2379
f 3628/1002/2383 3630/1003/2387 3627/1004/2382
f 3625/1001/2379 3628/1002/2383 3630/1003/2386
f 3629/952/2384 3631/964/2388 3628/1002/2383
f 3631/964/2389 3628/1002/2383 3505/958/2244
f 3505/958/2244 3499/952/2238 3631/964/2389
f 3630/1003/2387 3628/1002/2383 3631/964/2388
f 3631/964/2389 3499/952/2238 3502/955/2241
f 3632/965/2390 3630/1003/2386 3628/1002/2383
f 3631/964/2388 3632/965/2390 3630/1003/2387
f 3628/1002/2383 3631/964/2388 3632/965/2390
f 3631/964/2389 3502/955/2241 3511/963/2250
f 3511/963/2250 3632/965/2390 3631/964/2389
f 3632/965/2391 3631/964/2388 3633/955/2392
f 3633/955/2392 3511/963/2250 3632/965/2391
f 3634/920/2393 3635/919/2394 3636/918/2395
f 3636/918/2395 3637/921/2396 3634/920/2393
f 3634/920/2393 3637/921/2396 3529/922/2269
f 3637/921/2396 3638/923/2397 3529/922/2269
f 3638/923/2397 3527/927/2267 3529/922/2269
f 3637/921/2396 3639/924/2398 3638/923/2397
f 3638/923/2397 3639/924/2398 3640/925/2399
f 3527/927/2267 3638/923/2397 3534/939/2274
f 3638/923/2397 3640/925/2399 3641/926/2400
f 3642/937/2401 3534/939/2274 3638/923/2397
f 3534/939/2274 3642/937/2401 3538/940/2278
f 3538/940/2278 3642/937/2401 3485/938/2224
f 3638/923/2397 3641/926/2400 3643/930/2402
f 3638/923/2397 3643/930/2402 3642/937/2401
f 3642/937/2401 3643/930/2402 3485/938/2224
f 3641/926/2400 3644/931/2403 3643/930/2402
f 3643/930/2402 3645/934/2404 3485/938/2224
f 3644/931/2403 3645/934/2404 3643/930/2402
f 3645/934/2404 3483/936/2222 3485/938/2224
f 3645/934/2404 3644/931/2403 3646/935/2405
f 3646/935/2405 3483/936/2222 3645/934/2404
f 3647/1010/2406 3648/279/2407 3649/278/2407
f 3649/278/2407 3650/1011/2406 3647/1010/2406
f 3651/1012/2408 3647/1010/2406 3650/1011/2406
f 3650/1011/2406 3652/1013/2408 3651/1012/2408
f 3653/1014/2409 3651/1012/2408 3652/1013/2408
f 3652/1013/2408 3654/1015/2409 3653/1014/2409
f 3655/1016/246 3653/1014/2409 3654/1015/2409
f 3654/1015/2409 3656/1017/246 3655/1016/246
f 3657/1014/2410 3655/1016/246 3656/1017/246
f 3656/1017/246 3658/1015/2410 3657/1014/2410
f 3659/1012/2411 3657/1014/2410 3658/1015/2410
f 3658/1015/2410 3660/1013/2411 3659/1012/2411
f 3661/1010/2412 3659/1012/2411 3660/1013/2411
f 3660/1013/2411 3662/1011/2412 3661/1010/2412
f 3663/290/2413 3661/1010/2412 3662/1011/2412
f 3662/1011/2412 3664/289/2413 3663/290/2413
f 3665/1017/244 3666/285/244 3667/288/244
f 3667/288/244 3668/1016/244 3665/1017/244
f 3669/285/244 3665/1017/244 3668/1016/244
f 3668/1016/244 3670/288/244 3669/285/244
f 3671/1018/743 3672/1019/743 3673/1020/743
f 3671/1018/743 3673/1020/743 3674/1021/743
f 3675/1022/743 3671/1018/743 3674/1021/743
f 3675/1022/743 3674/1021/743 3676/1023/743
f 3675/1022/743 3676/1023/743 3677/1024/743
f 3678/1025/743 3675/1022/743 3677/1024/743
f 3679/1026/743 3678/1025/743 3677/1024/743
f 3680/1025/743 3679/1026/743 3677/1024/743
f 3680/1025/743 3677/1024/743 3681/1023/743
f 3682/1022/743 3680/1025/743 3681/1023/743
f 3682/1022/743 3681/1023/743 3683/1027/743
f 3681/1023/743 3684/1021/743 3683/1027/743
f 3684/1021/743 3685/1020/743 3683/1027/743
f 3685/1020/743 3686/1019/743 3683/1027/743
f 3687/1028/273 3688/1029/273 3689/1030/273
f 3690/1031/273 3687/1028/273 3689/1030/273
f 3690/1031/273 3689/1030/273 3691/1032/273
f 3692/1033/273 3690/1031/273 3691/1032/273
f 3693/1034/273 3692/1033/273 3691/1032/273
f 3693/1034/273 3691/1032/273 3694/1035/273
f 3693/1034/273 3694/1035/273 3695/1036/273
f 3693/1034/273 3695/1036/273 3696/1035/273
f 3697/1033/273 3693/1034/273 3696/1035/273
f 3697/1033/273 3696/1035/273 3698/1032/273
f 3697/1033/273 3698/1032/273 3699/1030/273
f 3700/1031/273 3697/1033/273 3699/1030/273
f 3700/1031/273 3699/1030/273 3701/1028/273
f 3699/1030/273 3702/1029/273 3701/1028/273
f 3703/1037/2414 3704/291/2415 3705/294/2416
f 3705/294/2416 3706/1038/2414 3703/1037/2414
f 3707/1039/2417 3703/1037/2414 3706/1038/2414
f 3706/1038/2414 3708/1040/2418 3707/1039/2417
f 3709/1041/2419 3707/1039/2417 3708/1040/2418
f 3708/1040/2418 3710/1042/2419 3709/1041/2419
f 3711/1043/2420 3709/1041/2419 3710/1042/2419
f 3710/1042/2419 3712/1044/2420 3711/1043/2420
f 3713/1045/2421 3711/1043/2420 3712/1044/2420
f 3712/1044/2420 3714/1046/2422 3713/1045/2421
f 3715/1047/2423 3713/1045/2421 3714/1046/2422
f 3714/1046/2422 3716/1048/2423 3715/1047/2423
f 3717/1049/2424 3715/1047/2423 3716/1048/2423
f 3716/1048/2423 3718/1050/2424 3717/1049/2424
f 3719/305/2425 3717/1049/2424 3718/1050/2424
f 3718/1050/2424 3720/306/2426 3719/305/2425
f 3721/1044/2427 3722/298/2427 3723/297/2427
f 3723/297/2427 3724/1043/2427 3721/1044/2427
f 3725/302/2427 3721/1044/2427 3724/1043/2427
f 3724/1043/2427 3726/299/2427 3725/302/2427
f 3727/1049/2428 3728/305/2429 3729/306/2429
f 3729/306/2429 3730/1050/2430 3727/1049/2428
f 3731/1047/2431 3727/1049/2428 3730/1050/2430
f 3730/1050/2430 3732/1048/2431 3731/1047/2431
f 3733/1045/2432 3731/1047/2431 3732/1048/2431
f 3732/1048/2431 3734/1046/2433 3733/1045/2432
f 3735/1043/2434 3733/1045/2432 3734/1046/2433
f 3734/1046/2433 3736/1044/2434 3735/1043/2434
f 3737/1041/2435 3735/1043/2434 3736/1044/2434
f 3736/1044/2434 3738/1042/2435 3737/1041/2435
f 3739/1039/2436 3737/1041/2435 3738/1042/2435
f 3738/1042/2435 3740/1040/2437 3739/1039/2436
f 3741/1037/2438 3739/1039/2436 3740/1040/2437
f 3740/1040/2437 3742/1038/2439 3741/1037/2438
f 3743/291/2440 3741/1037/2438 3742/1038/2439
f 3742/1038/2439 3744/294/2441 3743/291/2440
f 3745/1044/2442 3746/302/2442 3747/299/2442
f 3747/299/2442 3748/1043/2442 3745/1044/2442
f 3749/298/2442 3745/1044/2442 3748/1043/2442
f 3748/1043/2442 3750/297/2442 3749/298/2442
f 3751/1051/244 3752/327/244 3753/330/244
f 3753/330/244 3754/1052/244 3751/1051/244
f 3755/331/244 3751/1051/244 3754/1052/244
f 3754/1052/244 3756/332/244 3755/331/244
f 3757/328/2443 3758/329/2443 3759/1053/2444
f 3759/1053/2444 3760/1054/2444 3757/328/2443
f 3760/1054/2444 3759/1053/2444 3761/1055/2445
f 3761/1055/2445 3762/1056/2445 3760/1054/2444
f 3763/1057/2446 3762/1056/2445 3761/1055/2445
f 3761/1055/2445 3764/1058/2446 3763/1057/2446
f 3765/1059/246 3766/333/2447 3767/333/2447
f 3767/333/2447 3768/1059/246 3765/1059/246
f 3769/326/2448 3765/1059/246 3768/1059/246
f 3768/1059/246 3770/326/2448 3769/326/2448
f 3771/1060/2449 3772/335/2450 3773/326/2450
f 3773/326/2450 3774/1059/2449 3771/1060/2449
f 3775/338/2451 3771/1060/2449 3774/1059/2449
f 3774/1059/2449 3776/333/2451 3775/338/2451
f 3777/1061/2452 3778/339/2452 3779/332/2452
f 3779/332/2452 3780/1052/2452 3777/1061/2452
f 3781/339/2452 3777/1061/2452 3780/1052/2452
f 3780/1052/2452 3782/330/2452 3781/339/2452
f 3783/1062/2453 3784/341/2454 3785/329/2455
f 3785/329/2455 3786/1053/2453 3783/1062/2453
f 3787/1063/2456 3783/1062/2453 3786/1053/2453
f 3786/1053/2453 3788/1055/2457 3787/1063/2456
f 3789/1064/2458 3787/1063/2456 3788/1055/2457
f 3788/1055/2457 3790/1058/2459 3789/1064/2458
f 3791/1065/2460 3792/342/2460 3793/327/2460
f 3793/327/2460 3794/1051/2460 3791/1065/2460
f 3795/342/2460 3791/1065/2460 3794/1051/2460
f 3794/1051/2460 3796/331/2460 3795/342/2460
f 3797/1066/2461 3798/344/2462 3799/328/2462
f 3799/328/2462 3800/1054/2463 3797/1066/2461
f 3801/1067/2464 3797/1066/2461 3800/1054/2463
f 3800/1054/2463 3802/1056/2465 3801/1067/2464
f 3803/1068/2466 3801/1067/2464 3802/1056/2465
f 3802/1056/2465 3804/1057/2467 3803/1068/2466
f 3805/1060/2468 3806/338/2469 3807/333/2469
f 3807/333/2469 3808/1059/2468 3805/1060/2468
f 3809/335/2470 3805/1060/2468 3808/1059/2468
f 3808/1059/2468 3810/326/2470 3809/335/2470
f 3811/329/2471 3812/328/2471 3813/1054/2472
f 3813/1054/2472 3814/1053/2472 3811/329/2471
f 3814/1053/2472 3813/1054/2472 3815/1056/2473
f 3815/1056/2473 3816/1055/2473 3814/1053/2472
f 3817/1058/2474 3816/1055/2473 3815/1056/2473
f 3815/1056/2473 3818/1057/2474 3817/1058/2474
f 3819/329/2475 3820/340/2475 3821/1069/2476
f 3821/1069/2476 3822/1053/2477 3819/329/2475
f 3822/1053/2477 3821/1069/2476 3823/1070/2478
f 3823/1070/2478 3824/1055/2479 3822/1053/2477
f 3825/1058/2480 3824/1055/2479 3823/1070/2478
f 3823/1070/2478 3826/1064/2480 3825/1058/2480
f 3827/328/2481 3828/343/2482 3829/1071/2483
f 3829/1071/2483 3830/1054/2483 3827/328/2481
f 3830/1054/2483 3829/1071/2483 3831/1072/2484
f 3831/1072/2484 3832/1056/2484 3830/1054/2483
f 3833/1057/2485 3832/1056/2484 3831/1072/2484
f 3831/1072/2484 3834/1068/2486 3833/1057/2485
f 3835/1073/246 3836/1074/2487 3837/1075/2487
f 3837/1075/2487 3838/1076/2488 3835/1073/246
f 3839/1077/2489 3835/1073/246 3838/1076/2488
f 3838/1076/2488 3840/1078/2489 3839/1077/2489
f 3841/1079/2490 3839/1077/2489 3840/1078/2489
f 3840/1078/2489 3842/1080/2490 3841/1079/2490
f 3843/1081/272 3841/1079/2490 3842/1080/2490
f 3842/1080/2490 3844/1082/272 3843/1081/272
f 3845/1083/2491 3843/1081/272 3844/1082/272
f 3844/1082/272 3846/1084/2491 3845/1083/2491
f 3847/1085/2492 3845/1083/2491 3846/1084/2491
f 3846/1084/2491 3848/1086/2492 3847/1085/2492
f 3849/1087/2493 3847/1085/2492 3848/1086/2492
f 3848/1086/2492 3850/1088/244 3849/1087/2493
f 3851/1089/2494 3849/1087/2493 3850/1088/244
f 3850/1088/244 3852/1090/2494 3851/1089/2494
f 3853/1091/2495 3851/1089/2494 3852/1090/2494
f 3852/1090/2494 3854/1092/2495 3853/1091/2495
f 3855/1093/275 3853/1091/2495 3854/1092/2495
f 3854/1092/2495 3856/1094/275 3855/1093/275
f 3857/1095/2496 3855/1093/275 3856/1094/275
f 3856/1094/275 3858/1096/2496 3857/1095/2496
f 3859/1097/2497 3857/1095/2496 3858/1096/2496
f 3858/1096/2496 3860/1098/2497 3859/1097/2497
f 3861/1099/2498 3862/1100/2499 3863/1101/2499
f 3863/1101/2499 3864/1102/2500 3861/1099/2498
f 3865/1103/2501 3861/1099/2498 3864/1102/2500
f 3864/1102/2500 3866/1104/2502 3865/1103/2501
f 3867/1105/2503 3865/1103/2501 3866/1104/2502
f 3866/1104/2502 3864/1102/2500 3868/1106/2504
f 3866/1104/2502 3869/1107/2505 3867/1105/2503
f 3868/1106/2504 3870/1108/2506 3866/1104/2502
f 3869/1107/2505 3866/1104/2502 3870/1108/2506
f 3871/210/2507 3872/771/2508 3873/773/2509
f 3873/773/2509 3874/814/2510 3871/210/2507
f 3874/814/2510 3873/773/2509 3875/774/2511
f 3875/774/2511 3876/812/2511 3874/814/2510
f 3876/812/2511 3875/774/2511 3877/775/2512
f 3877/775/2512 3878/810/2513 3876/812/2511
f 3878/810/2513 3877/775/2512 3879/776/2514
f 3879/776/2514 3880/238/2515 3878/810/2513
f 3881/405/2516 3882/403/2517 3883/402/2518
f 3883/402/2518 3884/1109/2519 3881/405/2516
f 3885/407/2520 3881/405/2516 3884/1109/2519
f 3884/1109/2519 3886/1110/2521 3885/407/2520
f 3887/409/2522 3885/407/2520 3886/1110/2521
f 3886/1110/2521 3888/1111/2523 3887/409/2522
f 3889/411/2524 3887/409/2522 3888/1111/2523
f 3888/1111/2523 3890/413/2525 3889/411/2524
f 3891/414/2526 3892/413/2527 3893/1111/2528
f 3893/1111/2528 3894/1112/2529 3891/414/2526
f 3894/1112/2529 3893/1111/2528 3895/1110/2530
f 3895/1110/2530 3896/1113/2531 3894/1112/2529
f 3896/1113/2531 3895/1110/2530 3897/1109/2532
f 3897/1109/2532 3898/1114/2533 3896/1113/2531
f 3898/1114/2533 3897/1109/2532 3899/402/2534
f 3899/402/2534 3900/401/2535 3898/1114/2533
f 3901/402/2536 3902/403/2537 3903/405/2538
f 3903/405/2538 3904/1109/2539 3901/402/2536
f 3904/1109/2539 3903/405/2538 3905/407/2540
f 3905/407/2540 3906/1110/2541 3904/1109/2539
f 3906/1110/2541 3905/407/2540 3907/409/2542
f 3907/409/2542 3908/1111/2543 3906/1110/2541
f 3908/1111/2543 3907/409/2542 3909/411/2544
f 3909/411/2544 3910/413/2545 3908/1111/2543
f 3911/1111/2546 3912/413/2547 3913/414/2548
f 3913/414/2548 3914/1112/2549 3911/1111/2546
f 3915/1110/2550 3911/1111/2546 3914/1112/2549
f 3914/1112/2549 3916/1113/2551 3915/1110/2550
f 3917/1109/2552 3915/1110/2550 3916/1113/2551
f 3916/1113/2551 3918/1114/2553 3917/1109/2552
f 3919/402/2554 3917/1109/2552 3918/1114/2553
f 3918/1114/2553 3920/401/2555 3919/402/2554
f 3921/416/2556 3922/425/2557 3923/423/2558
f 3923/423/2558 3924/417/2559 3921/416/2556
f 3924/417/2559 3923/423/2558 3925/421/2560
f 3925/421/2560 3926/419/2561 3924/417/2559
f 3927/423/2562 3928/425/2563 3929/416/2564
f 3929/416/2564 3930/417/2565 3927/423/2562
f 3931/421/2566 3927/423/2562 3930/417/2565
f 3930/417/2565 3932/419/2567 3931/421/2566
f 3933/445/2568 3934/444/2568 3935/443/2568
f 3936/446/2568 3933/445/2568 3935/443/2568
f 3937/448/2569 3936/446/2568 3935/443/2568
f 3937/448/2569 3938/447/2569 3936/446/2568
f 3939/452/2570 3940/451/2571 3941/1115/2572
f 3942/449/2573 3941/1115/2572 3940/451/2571
f 3940/451/2571 3943/450/2574 3942/449/2573
f 3944/452/2575 3945/452/2576 3946/1115/2577
f 3946/1115/2577 3947/1115/2578 3944/452/2575
f 3947/1115/2578 3946/1115/2577 3948/449/2579
f 3948/449/2579 3949/449/2579 3947/1115/2578
f 3950/481/2580 3951/480/2581 3952/479/2582
f 3953/483/2583 3950/481/2580 3952/479/2582
f 3953/483/2583 3954/482/2584 3950/481/2580
f 3955/462/2585 3956/462/2585 3957/535/2586
f 3957/535/2586 3958/535/2587 3955/462/2585
f 3958/535/2587 3957/535/2586 3959/464/2588
f 3959/464/2588 3960/464/2589 3958/535/2587
f 3961/463/2590 3962/463/2590 3963/534/2591
f 3963/534/2591 3964/534/2592 3961/463/2590
f 3964/534/2592 3963/534/2591 3965/461/2593
f 3965/461/2593 3966/461/2593 3964/534/2592
f 3967/1116/2594 3968/1116/2595 3969/1117/2596
f 3969/1117/2596 3970/1117/2596 3967/1116/2594
f 3970/1117/2596 3969/1117/2596 3971/1118/2597
f 3971/1118/2597 3972/1118/2597 3970/1117/2596
f 3973/470/2598 3974/470/2598 3975/548/2599
f 3975/548/2599 3976/548/2599 3973/470/2598
f 3976/548/2599 3975/548/2599 3977/465/2600
f 3977/465/2600 3978/465/2601 3976/548/2599
f 3979/1119/2602 3980/1119/2602 3981/1120/2603
f 3981/1120/2603 3982/1120/2603 3979/1119/2602
f 3982/1120/2603 3981/1120/2603 3983/1121/2604
f 3983/1121/2604 3984/1121/2604 3982/1120/2603
f 3985/1119/2605 3986/1119/2606 3987/1122/2607
f 3987/1122/2607 3988/1122/2608 3985/1119/2605
f 3988/1122/2608 3987/1122/2607 3989/1123/2609
f 3989/1123/2609 3990/1123/2610 3988/1122/2608
f 3991/1123/2611 3992/1123/2612 3993/1124/2613
f 3993/1124/2613 3994/1124/2614 3991/1123/2611
f 3994/1124/2614 3993/1124/2613 3995/484/2615
f 3995/484/2615 3996/484/2615 3994/1124/2614
f 3997/485/2616 3998/485/2616 3999/1125/2617
f 3999/1125/2617 4000/1125/2617 3997/485/2616
f 4000/1125/2617 3999/1125/2617 4001/1121/2618
f 4001/1121/2618 4002/1121/2619 4000/1125/2617
f 4003/488/2620 4004/488/2620 4005/1126/2621
f 4005/1126/2621 4006/1126/2621 4003/488/2620
f 4006/1126/2621 4005/1126/2621 4007/489/2622
f 4007/489/2622 4008/489/2622 4006/1126/2621
f 4009/496/2623 4010/496/2624 4011/1127/2625
f 4011/1127/2625 4012/1127/2626 4009/496/2623
f 4012/1127/2626 4011/1127/2625 4013/497/2627
f 4013/497/2627 4014/497/2627 4012/1127/2626
f 4015/508/2628 4016/508/2629 4017/1128/2630
f 4017/1128/2630 4018/1128/2631 4015/508/2628
f 4018/1128/2631 4017/1128/2630 4019/502/2632
f 4019/502/2632 4020/502/2633 4018/1128/2631
f 4021/464/2634 4022/463/2635 4023/534/2636
f 4023/534/2636 4024/535/2637 4021/464/2634
f 4024/535/2637 4023/534/2636 4025/461/2638
f 4025/461/2638 4026/462/2639 4024/535/2637
f 4027/466/2640 4028/467/2641 4029/465/2642
f 4028/467/2641 4030/548/2643 4029/465/2642
f 4028/467/2641 4031/549/2644 4030/548/2643
f 4030/548/2643 4031/549/2644 4032/470/2645
f 4031/549/2644 4033/469/2646 4032/470/2645
f 4031/549/2644 4034/468/2647 4033/469/2646
f 4035/446/2648 4036/447/2649 4037/448/2649
f 4035/446/2648 4037/448/2649 4038/443/2648
f 4039/445/2648 4035/446/2648 4038/443/2648
f 4040/444/2648 4039/445/2648 4038/443/2648
f 4041/451/2650 4042/452/2651 4043/1115/2652
f 4041/451/2650 4043/1115/2652 4044/449/2653
f 4044/449/2653 4045/450/2654 4041/451/2650
f 4046/1115/2655 4047/452/2656 4048/452/2657
f 4048/452/2657 4049/1115/2658 4046/1115/2655
f 4050/449/2659 4046/1115/2655 4049/1115/2658
f 4049/1115/2658 4051/449/2659 4050/449/2659
f 4052/481/2660 4053/482/2661 4054/483/2662
f 4052/481/2660 4054/483/2662 4055/479/2663
f 4056/480/2664 4052/481/2660 4055/479/2663
f 4057/535/2665 4058/462/2666 4059/462/2666
f 4059/462/2666 4060/535/2665 4057/535/2665
f 4061/464/2667 4057/535/2665 4060/535/2665
f 4060/535/2665 4062/464/2668 4061/464/2667
f 4063/534/2669 4064/463/2670 4065/463/2670
f 4065/463/2670 4066/534/2671 4063/534/2669
f 4067/461/2672 4063/534/2669 4066/534/2671
f 4066/534/2671 4068/461/2673 4067/461/2672
f 4069/1117/2674 4070/1116/2675 4071/1116/2676
f 4071/1116/2676 4072/1117/2677 4069/1117/2674
f 4073/1118/2678 4069/1117/2674 4072/1117/2677
f 4072/1117/2677 4074/1118/2679 4073/1118/2678
f 4075/548/2680 4076/470/2681 4077/470/2681
f 4077/470/2681 4078/548/2682 4075/548/2680
f 4079/465/2683 4075/548/2680 4078/548/2682
f 4078/548/2682 4080/465/2683 4079/465/2683
f 4081/1120/2684 4082/1119/2685 4083/1119/2685
f 4083/1119/2685 4084/1120/2686 4081/1120/2684
f 4085/1121/2687 4081/1120/2684 4084/1120/2686
f 4084/1120/2686 4086/1121/2688 4085/1121/2687
f 4087/1122/2689 4088/1119/2690 4089/1119/2690
f 4089/1119/2690 4090/1122/2691 4087/1122/2689
f 4091/1123/2692 4087/1122/2689 4090/1122/2691
f 4090/1122/2691 4092/1123/2693 4091/1123/2692
f 4093/1124/2694 4094/1123/2695 4095/1123/2696
f 4095/1123/2696 4096/1124/2697 4093/1124/2694
f 4097/484/2698 4093/1124/2694 4096/1124/2697
f 4096/1124/2697 4098/484/2699 4097/484/2698
f 4099/1125/2700 4100/485/2701 4101/485/2701
f 4101/485/2701 4102/1125/2700 4099/1125/2700
f 4103/1121/2702 4099/1125/2700 4102/1125/2700
f 4102/1125/2700 4104/1121/2703 4103/1121/2702
f 4105/1126/2704 4106/488/2705 4107/488/2706
f 4107/488/2706 4108/1126/2704 4105/1126/2704
f 4109/489/2707 4105/1126/2704 4108/1126/2704
f 4108/1126/2704 4110/489/2707 4109/489/2707
f 4111/1127/2708 4112/496/2709 4113/496/2710
f 4113/496/2710 4114/1127/2711 4111/1127/2708
f 4115/497/2712 4111/1127/2708 4114/1127/2711
f 4114/1127/2711 4116/497/2712 4115/497/2712
f 4117/1128/2713 4118/508/2714 4119/508/2715
f 4119/508/2715 4120/1128/2716 4117/1128/2713
f 4121/502/2717 4117/1128/2713 4120/1128/2716
f 4120/1128/2716 4122/502/2718 4121/502/2717
f 4123/1129/2719 4124/1130/2719 4125/1131/2720
f 4125/1131/2720 4126/1132/2721 4123/1129/2719
f 4126/1132/2721 4125/1131/2720 4127/1133/2722
f 4127/1133/2722 4128/1134/2723 4126/1132/2721
f 4129/1135/244 4130/1136/244 4131/1137/244
f 4131/1137/244 4132/1138/244 4129/1135/244
f 4132/1138/244 4131/1137/244 4133/1139/244
f 4133/1139/244 4134/1140/244 4132/1138/244
f 4134/1140/244 4133/1139/244 4135/1141/244
f 4135/1141/244 4136/1142/244 4134/1140/244
f 4136/1142/244 4135/1141/244 4137/1143/244
f 4137/1143/244 4138/1144/244 4136/1142/244
f 4138/1144/244 4137/1143/244 4139/1145/244
f 4139/1145/244 4140/1146/244 4138/1144/244
f 4140/1146/244 4139/1145/244 4141/1147/244
f 4141/1147/244 4142/1148/244 4140/1146/244
f 4142/1148/244 4141/1147/244 4143/1149/244
f 4143/1149/244 4144/1150/244 4142/1148/244
f 4144/1150/244 4143/1149/244 4145/1151/244
f 4145/1151/244 4146/1152/244 4144/1150/244
f 4146/1152/244 4145/1151/244 4147/1153/244
f 4147/1153/244 4148/1154/244 4146/1152/244
f 4148/1154/244 4147/1153/244 4149/1155/244
f 4149/1155/244 4150/1156/244 4148/1154/244
f 4150/1156/244 4149/1155/244 4151/1157/244
f 4151/1157/244 4152/516/244 4150/1156/244
f 4152/516/244 4151/1157/244 4153/1158/244
f 4153/1158/244 4154/513/244 4152/516/244
f 4155/1159/2724 4156/1135/2724 4157/1138/2725
f 4157/1138/2725 4158/1160/2726 4155/1159/2724
f 4158/1160/2726 4157/1138/2725 4159/1140/2727
f 4159/1140/2727 4160/1161/2727 4158/1160/2726
f 4161/1162/2728 4162/1163/2729 4163/1164/2730
f 4163/1164/2730 4164/1165/2731 4161/1162/2728
f 4164/1165/2731 4163/1164/2730 4165/1166/2732
f 4165/1166/2732 4166/1167/2732 4164/1165/2731
f 4166/1167/2732 4165/1166/2732 4167/1168/2733
f 4167/1168/2733 4168/1169/2734 4166/1167/2732
f 4168/1169/2734 4167/1168/2733 4169/1170/2735
f 4169/1170/2735 4170/1171/2736 4168/1169/2734
f 4170/1171/2736 4169/1170/2735 4171/1172/2737
f 4171/1172/2737 4172/1173/2738 4170/1171/2736
f 4172/1173/2738 4171/1172/2737 4173/512/2739
f 4173/512/2739 4174/511/2740 4172/1173/2738
f 4175/1134/2741 4176/1133/2742 4177/1174/2743
f 4177/1174/2743 4178/1175/2744 4175/1134/2741
f 4178/1175/2744 4177/1174/2743 4179/1176/2745
f 4179/1176/2745 4180/1177/2746 4178/1175/2744
f 4180/1177/2746 4179/1176/2745 4181/1163/2747
f 4181/1163/2747 4182/1162/2748 4180/1177/2746
f 4183/1178/2749 4184/1146/2749 4185/1148/2750
f 4185/1148/2750 4186/1179/2751 4183/1178/2749
f 4186/1179/2751 4185/1148/2750 4187/1150/2752
f 4187/1150/2752 4188/1180/2752 4186/1179/2751
f 4188/1180/2752 4187/1150/2752 4189/1152/2753
f 4189/1152/2753 4190/1181/2754 4188/1180/2752
f 4190/1181/2754 4189/1152/2753 4191/1154/2755
f 4191/1154/2755 4192/1182/2756 4190/1181/2754
f 4192/1182/2756 4191/1154/2755 4193/1156/2757
f 4193/1156/2757 4194/1183/2758 4192/1182/2756
f 4194/1183/2758 4193/1156/2757 4195/516/2759
f 4195/516/2759 4196/515/2760 4194/1183/2758
f 4197/1161/2761 4198/1140/2762 4199/1142/2763
f 4199/1142/2763 4200/1184/2764 4197/1161/2761
f 4200/1184/2764 4199/1142/2763 4201/1144/2765
f 4201/1144/2765 4202/1185/2766 4200/1184/2764
f 4202/1185/2766 4201/1144/2765 4203/1146/2767
f 4203/1146/2767 4204/1178/2767 4202/1185/2766
f 4205/1137/2768 4206/1136/2769 4207/1186/2770
f 4207/1186/2770 4208/1187/2771 4205/1137/2768
f 4209/1139/2772 4205/1137/2768 4208/1187/2771
f 4208/1187/2771 4210/1188/2773 4209/1139/2772
f 4211/1141/2774 4209/1139/2772 4210/1188/2773
f 4210/1188/2773 4212/1189/2775 4211/1141/2774
f 4213/1143/2776 4211/1141/2774 4212/1189/2775
f 4212/1189/2775 4214/1190/2777 4213/1143/2776
f 4215/1145/2778 4213/1143/2776 4214/1190/2777
f 4214/1190/2777 4216/1191/2779 4215/1145/2778
f 4217/1147/2780 4215/1145/2778 4216/1191/2779
f 4216/1191/2779 4218/1192/2781 4217/1147/2780
f 4219/1149/2782 4217/1147/2780 4218/1192/2781
f 4218/1192/2781 4220/1193/2783 4219/1149/2782
f 4221/1151/2784 4219/1149/2782 4220/1193/2783
f 4220/1193/2783 4222/1194/2785 4221/1151/2784
f 4223/1153/2786 4221/1151/2784 4222/1194/2785
f 4222/1194/2785 4224/1195/2787 4223/1153/2786
f 4225/1155/2788 4223/1153/2786 4224/1195/2787
f 4224/1195/2787 4226/1196/2789 4225/1155/2788
f 4227/1157/2790 4225/1155/2788 4226/1196/2789
f 4226/1196/2789 4228/518/2791 4227/1157/2790
f 4229/1158/2792 4227/1157/2790 4228/518/2791
f 4228/518/2791 4230/517/2793 4229/1158/2792
f 4231/1187/2794 4232/1186/2795 4233/1129/2796
f 4233/1129/2796 4234/1132/2797 4231/1187/2794
f 4235/1188/2798 4231/1187/2794 4234/1132/2797
f 4234/1132/2797 4236/1134/2799 4235/1188/2798
f 4237/1192/2800 4238/1191/2801 4239/1162/2802
f 4239/1162/2802 4240/1165/2803 4237/1192/2800
f 4241/1193/2804 4237/1192/2800 4240/1165/2803
f 4240/1165/2803 4242/1167/2805 4241/1193/2804
f 4243/1194/2806 4241/1193/2804 4242/1167/2805
f 4242/1167/2805 4244/1169/2807 4243/1194/2806
f 4245/1195/2808 4243/1194/2806 4244/1169/2807
f 4244/1169/2807 4246/1171/2809 4245/1195/2808
f 4247/1196/2810 4245/1195/2808 4246/1171/2809
f 4246/1171/2809 4248/1173/2811 4247/1196/2810
f 4249/518/2812 4247/1196/2810 4248/1173/2811
f 4248/1173/2811 4250/511/2813 4249/518/2812
f 4251/1189/2814 4252/1188/2815 4253/1134/2816
f 4253/1134/2816 4254/1175/2817 4251/1189/2814
f 4255/1190/2818 4251/1189/2814 4254/1175/2817
f 4254/1175/2817 4256/1177/2819 4255/1190/2818
f 4257/1191/2820 4255/1190/2818 4256/1177/2819
f 4256/1177/2819 4258/1162/2821 4257/1191/2820
f 4259/1131/2822 4260/1130/2823 4261/1129/2823
f 4261/1129/2823 4262/1132/2824 4259/1131/2822
f 4263/1133/2825 4259/1131/2822 4262/1132/2824
f 4262/1132/2824 4264/1134/2826 4263/1133/2825
f 4265/1137/244 4266/1136/244 4267/1135/244
f 4267/1135/244 4268/1138/244 4265/1137/244
f 4269/1139/244 4265/1137/244 4268/1138/244
f 4268/1138/244 4270/1140/244 4269/1139/244
f 4271/1141/244 4269/1139/244 4270/1140/244
f 4270/1140/244 4272/1142/244 4271/1141/244
f 4273/1143/244 4271/1141/244 4272/1142/244
f 4272/1142/244 4274/1144/244 4273/1143/244
f 4275/1145/244 4273/1143/244 4274/1144/244
f 4274/1144/244 4276/1146/244 4275/1145/244
f 4277/1147/244 4275/1145/244 4276/1146/244
f 4276/1146/244 4278/1148/244 4277/1147/244
f 4279/1149/244 4277/1147/244 4278/1148/244
f 4278/1148/244 4280/1150/244 4279/1149/244
f 4281/1151/244 4279/1149/244 4280/1150/244
f 4280/1150/244 4282/1152/244 4281/1151/244
f 4283/1153/244 4281/1151/244 4282/1152/244
f 4282/1152/244 4284/1154/244 4283/1153/244
f 4285/1155/244 4283/1153/244 4284/1154/244
f 4284/1154/244 4286/1156/244 4285/1155/244
f 4287/1157/244 4285/1155/244 4286/1156/244
f 4286/1156/244 4288/516/244 4287/1157/244
f 4289/1158/244 4287/1157/244 4288/516/244
f 4288/516/244 4290/513/244 4289/1158/244
f 4291/1138/2827 4292/1135/2828 4293/1159/2828
f 4293/1159/2828 4294/1160/2829 4291/1138/2827
f 4295/1140/2830 4291/1138/2827 4294/1160/2829
f 4294/1160/2829 4296/1161/2831 4295/1140/2830
f 4297/1164/2832 4298/1163/2833 4299/1162/2834
f 4299/1162/2834 4300/1165/2835 4297/1164/2832
f 4301/1166/2836 4297/1164/2832 4300/1165/2835
f 4300/1165/2835 4302/1167/2836 4301/1166/2836
f 4303/1168/2837 4301/1166/2836 4302/1167/2836
f 4302/1167/2836 4304/1169/2838 4303/1168/2837
f 4305/1170/2839 4303/1168/2837 4304/1169/2838
f 4304/1169/2838 4306/1171/2840 4305/1170/2839
f 4307/1172/2841 4305/1170/2839 4306/1171/2840
f 4306/1171/2840 4308/1173/2842 4307/1172/2841
f 4309/512/2843 4307/1172/2841 4308/1173/2842
f 4308/1173/2842 4310/511/2844 4309/512/2843
f 4311/1174/2845 4312/1133/2846 4313/1134/2847
f 4313/1134/2847 4314/1175/2848 4311/1174/2845
f 4315/1176/2849 4311/1174/2845 4314/1175/2848
f 4314/1175/2848 4316/1177/2850 4315/1176/2849
f 4317/1163/2851 4315/1176/2849 4316/1177/2850
f 4316/1177/2850 4318/1162/2852 4317/1163/2851
f 4319/1148/2853 4320/1146/2854 4321/1178/2855
f 4321/1178/2855 4322/1179/2856 4319/1148/2853
f 4323/1150/2857 4319/1148/2853 4322/1179/2856
f 4322/1179/2856 4324/1180/2857 4323/1150/2857
f 4325/1152/2858 4323/1150/2857 4324/1180/2857
f 4324/1180/2857 4326/1181/2859 4325/1152/2858
f 4327/1154/2860 4325/1152/2858 4326/1181/2859
f 4326/1181/2859 4328/1182/2861 4327/1154/2860
f 4329/1156/2862 4327/1154/2860 4328/1182/2861
f 4328/1182/2861 4330/1183/2863 4329/1156/2862
f 4331/516/2864 4329/1156/2862 4330/1183/2863
f 4330/1183/2863 4332/515/2865 4331/516/2864
f 4333/1142/2866 4334/1140/2867 4335/1161/2868
f 4335/1161/2868 4336/1184/2869 4333/1142/2866
f 4337/1144/2870 4333/1142/2866 4336/1184/2869
f 4336/1184/2869 4338/1185/2871 4337/1144/2870
f 4339/1146/2872 4337/1144/2870 4338/1185/2871
f 4338/1185/2871 4340/1178/2872 4339/1146/2872
f 4341/1186/2873 4342/1136/2874 4343/1137/2875
f 4343/1137/2875 4344/1187/2876 4341/1186/2873
f 4344/1187/2876 4343/1137/2875 4345/1139/2877
f 4345/1139/2877 4346/1188/2878 4344/1187/2876
f 4346/1188/2878 4345/1139/2877 4347/1141/2879
f 4347/1141/2879 4348/1189/2880 4346/1188/2878
f 4348/1189/2880 4347/1141/2879 4349/1143/2881
f 4349/1143/2881 4350/1190/2882 4348/1189/2880
f 4350/1190/2882 4349/1143/2881 4351/1145/2883
f 4351/1145/2883 4352/1191/2884 4350/1190/2882
f 4352/1191/2884 4351/1145/2883 4353/1147/2885
f 4353/1147/2885 4354/1192/2886 4352/1191/2884
f 4354/1192/2886 4353/1147/2885 4355/1149/2887
f 4355/1149/2887 4356/1193/2888 4354/1192/2886
f 4356/1193/2888 4355/1149/2887 4357/1151/2889
f 4357/1151/2889 4358/1194/2890 4356/1193/2888
f 4358/1194/2890 4357/1151/2889 4359/1153/2891
f 4359/1153/2891 4360/1195/2892 4358/1194/2890
f 4360/1195/2892 4359/1153/2891 4361/1155/2893
f 4361/1155/2893 4362/1196/2894 4360/1195/2892
f 4362/1196/2894 4361/1155/2893 4363/1157/2895
f 4363/1157/2895 4364/518/2896 4362/1196/2894
f 4364/518/2896 4363/1157/2895 4365/1158/2897
f 4365/1158/2897 4366/517/2898 4364/518/2896
f 4367/1129/2899 4368/1186/2900 4369/1187/2901
f 4369/1187/2901 4370/1132/2902 4367/1129/2899
f 4370/1132/2902 4369/1187/2901 4371/1188/2903
f 4371/1188/2903 4372/1134/2904 4370/1132/2902
f 4373/1162/2905 4374/1191/2906 4375/1192/2907
f 4375/1192/2907 4376/1165/2908 4373/1162/2905
f 4376/1165/2908 4375/1192/2907 4377/1193/2909
f 4377/1193/2909 4378/1167/2910 4376/1165/2908
f 4378/1167/2910 4377/1193/2909 4379/1194/2911
f 4379/1194/2911 4380/1169/2912 4378/1167/2910
f 4380/1169/2912 4379/1194/2911 4381/1195/2913
f 4381/1195/2913 4382/1171/2914 4380/1169/2912
f 4382/1171/2914 4381/1195/2913 4383/1196/2915
f 4383/1196/2915 4384/1173/2916 4382/1171/2914
f 4384/1173/2916 4383/1196/2915 4385/518/2917
f 4385/518/2917 4386/511/2918 4384/1173/2916
f 4387/1134/2919 4388/1188/2920 4389/1189/2921
f 4389/1189/2921 4390/1175/2922 4387/1134/2919
f 4390/1175/2922 4389/1189/2921 4391/1190/2923
f 4391/1190/2923 4392/1177/2924 4390/1175/2922
f 4392/1177/2924 4391/1190/2923 4393/1191/2925
f 4393/1191/2925 4394/1162/2926 4392/1177/2924
f 4395/1197/2927 4396/1198/2928 4397/1199/2929
f 4398/1200/2930 4395/1197/2927 4397/1199/2929
f 4399/1201/2931 4398/1200/2930 4397/1199/2929
f 4400/1202/2932 4399/1201/2931 4397/1199/2929
f 4399/1201/2931 4401/1203/2933 4398/1200/2930
f 4402/1204/2934 4403/1205/2935 4404/1206/2936
f 4404/1206/2936 4405/1207/2937 4402/1204/2934
f 4406/1208/2938 4405/1207/2937 4404/1206/2936
f 4404/1206/2936 4407/1209/2939 4406/1208/2938
f 4408/1210/2940 4406/1208/2938 4407/1209/2939
f 4407/1209/2939 4409/1211/2941 4408/1210/2940
f 4410/1212/2942 4411/1210/2943 4409/1211/2944
f 4409/1211/2944 4412/1213/2945 4410/1212/2942
f 4410/1212/2942 4412/1213/2945 4413/1214/2946
f 4413/1214/2946 4414/1215/2947 4410/1212/2942
f 4414/1215/2947 4413/1214/2946 4415/1216/2948
f 4415/1216/2948 4416/1217/2949 4414/1215/2947
f 4417/1215/2950 4416/1217/2949 4415/1216/2948
f 4415/1216/2948 4418/1214/2951 4417/1215/2950
f 4419/1212/2952 4417/1215/2950 4418/1214/2951
f 4418/1214/2951 4420/1213/2953 4419/1212/2952
f 4419/1212/2952 4420/1213/2953 4421/1211/2954
f 4421/1211/2954 4422/1210/2955 4419/1212/2952
f 4423/1210/2956 4421/1211/2954 4424/1209/2957
f 4424/1209/2957 4425/1208/2958 4423/1210/2956
f 4425/1208/2958 4424/1209/2957 4426/1206/2959
f 4426/1206/2959 4427/1207/2960 4425/1208/2958
f 4428/1204/2961 4427/1207/2960 4426/1206/2959
f 4426/1206/2959 4429/1205/2962 4428/1204/2961
f 4430/1218/2963 4431/46/2964 4432/45/2965
f 4432/45/2965 4433/1219/2966 4430/1218/2963
f 4430/1218/2963 4433/1219/2966 4434/45/2967
f 4434/45/2967 4435/46/2968 4430/1218/2963
f 4436/1198/2969 4437/1197/2969 4438/1199/2970
f 4437/1197/2969 4439/1200/2971 4438/1199/2970
f 4439/1200/2971 4440/1201/2972 4438/1199/2970
f 4440/1201/2972 4441/1202/2973 4438/1199/2970
f 4439/1200/2971 4442/1203/2974 4440/1201/2972
f 4443/86/2975 4444/78/2976 4445/77/2976
f 4445/77/2976 4446/89/2975 4443/86/2975
f 4443/86/2975 4446/89/2975 4447/88/2977
f 4447/88/2977 4448/87/2977 4443/86/2975
f 4449/80/2978 4448/87/2977 4447/88/2977
f 4447/88/2977 4450/82/2978 4449/80/2978
f 4451/90/2979 4452/85/2980 4453/84/2980
f 4453/84/2980 4454/93/2979 4451/90/2979
f 4451/90/2979 4454/93/2979 4455/92/2981
f 4455/92/2981 4456/91/2981 4451/90/2979
f 4457/78/2982 4456/91/2981 4455/92/2981
f 4455/92/2981 4458/77/2982 4457/78/2982
f 4459/89/2983 4460/77/2984 4461/78/2984
f 4461/78/2984 4462/86/2983 4459/89/2983
f 4459/89/2983 4462/86/2983 4463/87/2985
f 4463/87/2985 4464/88/2985 4459/89/2983
f 4465/82/2980 4464/88/2985 4463/87/2985
f 4463/87/2985 4466/80/2980 4465/82/2980
f 4467/93/2986 4468/84/2978 4469/85/2978
f 4469/85/2978 4470/90/2986 4467/93/2986
f 4467/93/2986 4470/90/2986 4471/91/2987
f 4471/91/2987 4472/92/2987 4467/93/2986
f 4473/77/2976 4472/92/2987 4471/91/2987
f 4471/91/2987 4474/78/2976 4473/77/2976
f 4475/108/2988 4476/106/2989 4477/104/2989
f 4477/104/2989 4478/102/2990 4475/108/2988
f 4475/108/2988 4478/102/2990 4479/100/2991
f 4479/100/2991 4480/110/2992 4475/108/2988
f 4480/110/2992 4479/100/2991 4481/98/2993
f 4481/98/2993 4482/112/2993 4480/110/2992
f 4482/112/2993 4481/98/2993 4483/96/2994
f 4483/96/2994 4484/114/2995 4482/112/2993
f 4484/114/2995 4483/96/2994 4485/95/246
f 4485/95/246 4486/116/246 4484/114/2995
f 4486/116/246 4485/95/246 4487/96/2996
f 4487/96/2996 4488/114/2996 4486/116/246
f 4488/114/2996 4487/96/2996 4489/98/2997
f 4489/98/2997 4490/112/2997 4488/114/2996
f 4490/112/2997 4489/98/2997 4491/100/2998
f 4491/100/2998 4492/110/2998 4490/112/2997
f 4492/110/2998 4491/100/2998 4493/102/2999
f 4493/102/2999 4494/108/3000 4492/110/2998
f 4495/106/3001 4494/108/3000 4493/102/2999
f 4493/102/2999 4496/104/3001 4495/106/3001
f 4497/77/3002 4498/78/3002 4499/86/3003
f 4499/86/3003 4500/89/3003 4497/77/3002
f 4501/88/3004 4500/89/3003 4499/86/3003
f 4499/86/3003 4502/87/3004 4501/88/3004
f 4501/88/3004 4502/87/3004 4503/80/3005
f 4503/80/3005 4504/82/3005 4501/88/3004
f 4505/84/3006 4506/85/3006 4507/90/3007
f 4507/90/3007 4508/93/3007 4505/84/3006
f 4509/92/3008 4508/93/3007 4507/90/3007
f 4507/90/3007 4510/91/3008 4509/92/3008
f 4509/92/3008 4510/91/3008 4511/78/3009
f 4511/78/3009 4512/77/3009 4509/92/3008
f 4513/78/3009 4514/77/3009 4515/89/3010
f 4515/89/3010 4516/86/3010 4513/78/3009
f 4517/87/3011 4516/86/3010 4515/89/3010
f 4515/89/3010 4518/88/3011 4517/87/3011
f 4517/87/3011 4518/88/3011 4519/82/3006
f 4519/82/3006 4520/80/3006 4517/87/3011
f 4521/85/3005 4522/84/3005 4523/93/3012
f 4523/93/3012 4524/90/3012 4521/85/3005
f 4525/91/3013 4524/90/3012 4523/93/3012
f 4523/93/3012 4526/92/3013 4525/91/3013
f 4525/91/3013 4526/92/3013 4527/77/3002
f 4527/77/3002 4528/78/3002 4525/91/3013
f 4529/104/3014 4530/106/3014 4531/108/3015
f 4531/108/3015 4532/102/3016 4529/104/3014
f 4533/100/3017 4532/102/3016 4531/108/3015
f 4531/108/3015 4534/110/3017 4533/100/3017
f 4535/98/3018 4533/100/3017 4534/110/3017
f 4534/110/3017 4536/112/3019 4535/98/3018
f 4537/96/3020 4535/98/3018 4536/112/3019
f 4536/112/3019 4538/114/3021 4537/96/3020
f 4539/95/246 4537/96/3020 4538/114/3021
f 4538/114/3021 4540/116/246 4539/95/246
f 4541/96/3022 4539/95/246 4540/116/246
f 4540/116/246 4542/114/3022 4541/96/3022
f 4543/98/3023 4541/96/3022 4542/114/3022
f 4542/114/3022 4544/112/3023 4543/98/3023
f 4545/100/3024 4543/98/3023 4544/112/3023
f 4544/112/3023 4546/110/3024 4545/100/3024
f 4547/102/3025 4545/100/3024 4546/110/3024
f 4546/110/3024 4548/108/3026 4547/102/3025
f 4547/102/3025 4548/108/3026 4549/106/3027
f 4549/106/3027 4550/104/3027 4547/102/3025
f 4551/1220/3028 4552/1221/3029 4553/164/3030
f 4553/164/3030 4554/163/3031 4551/1220/3028
f 4551/1220/3028 4554/163/3031 4555/166/3032
f 4555/166/3032 4556/1222/3033 4551/1220/3028
f 4556/1222/3033 4555/166/3032 4557/168/3034
f 4557/168/3034 4558/1223/3035 4556/1222/3033
f 4558/1223/3035 4557/168/3034 4559/9/3036
f 4559/9/3036 4560/1224/3037 4558/1223/3035
f 4560/1224/3037 4559/9/3036 4561/10/3038
f 4561/10/3038 4562/1225/3039 4560/1224/3037
f 4562/1225/3039 4561/10/3038 4563/711/3040
f 4563/711/3040 4564/1226/3041 4562/1225/3039
f 4565/1227/3042 4564/1226/3041 4563/711/3040
f 4563/711/3040 4566/712/3043 4565/1227/3042
f 4565/1227/3042 4566/712/3043 4567/714/3044
f 4567/714/3044 4568/1228/3045 4565/1227/3042
f 4569/1229/3046 4568/1228/3045 4567/714/3044
f 4567/714/3044 4570/10/3047 4569/1229/3046
f 4571/1224/3048 4569/1229/3046 4570/10/3047
f 4570/10/3047 4572/9/3049 4571/1224/3048
f 4573/1230/3050 4571/1224/3048 4572/9/3049
f 4572/9/3049 4574/171/3051 4573/1230/3050
f 4575/1231/3052 4573/1230/3050 4574/171/3051
f 4574/171/3051 4576/170/3053 4575/1231/3052
f 4577/1220/3054 4575/1231/3052 4576/170/3053
f 4576/170/3053 4578/163/3055 4577/1220/3054
f 4577/1220/3054 4578/163/3055 4579/164/3056
f 4579/164/3056 4580/1232/3057 4577/1220/3054
f 4581/1233/3058 4582/1234/3059 4583/1235/3060
f 4583/1235/3060 4584/1236/3061 4581/1233/3058
f 4585/1237/3062 4584/1236/3061 4583/1235/3060
f 4583/1235/3060 4586/1238/3063 4585/1237/3062
f 4585/1237/3062 4586/1238/3063 4587/1239/3064
f 4587/1239/3064 4588/1240/3065 4585/1237/3062
f 4589/1241/3066 4588/1240/3065 4587/1239/3064
f 4587/1239/3064 4590/1242/3067 4589/1241/3066
f 4591/1243/3068 4589/1241/3066 4590/1242/3067
f 4590/1242/3067 4592/1244/3069 4591/1243/3068
f 4593/1245/3070 4591/1243/3068 4592/1244/3069
f 4592/1244/3069 4594/1246/3071 4593/1245/3070
f 4595/1247/3072 4593/1245/3070 4594/1246/3071
f 4594/1246/3071 4596/1248/3073 4595/1247/3072
f 4597/1245/3074 4595/1247/3072 4596/1248/3073
f 4596/1248/3073 4598/1246/3075 4597/1245/3074
f 4599/1243/3076 4597/1245/3074 4598/1246/3075
f 4598/1246/3075 4600/1244/3077 4599/1243/3076
f 4599/1243/3076 4600/1244/3077 4601/1242/3078
f 4601/1242/3078 4602/1241/3079 4599/1243/3076
f 4602/1241/3079 4601/1242/3078 4603/1239/3080
f 4603/1239/3080 4604/1240/3081 4602/1241/3079
f 4605/1237/3082 4604/1240/3081 4603/1239/3080
f 4603/1239/3080 4606/1238/3083 4605/1237/3082
f 4605/1237/3082 4606/1238/3083 4607/1235/3084
f 4607/1235/3084 4608/1236/3085 4605/1237/3082
f 4609/1233/3086 4608/1236/3085 4607/1235/3084
f 4607/1235/3084 4610/1234/3087 4609/1233/3086
f 4611/246/273 4612/245/273 4613/1249/273
f 4613/1249/273 4614/1250/273 4611/246/273
f 4615/246/273 4614/1250/273 4613/1249/273
f 4613/1249/273 4616/245/273 4615/246/273
f 4617/1251/3088 4618/1252/3088 4619/1253/3088
f 4619/1253/3088 4620/1254/3088 4617/1251/3088
f 4621/1255/3088 4620/1254/3088 4619/1253/3088
f 4619/1253/3088 4622/1256/3088 4621/1255/3088
f 4623/1257/246 4624/1258/246 4625/1259/246
f 4625/1259/246 4626/1257/246 4623/1257/246
f 4623/1257/246 4626/1257/246 4627/1259/246
f 4627/1259/246 4628/1260/246 4623/1257/246
f 4629/1261/244 4630/1262/244 4631/1263/244
f 4631/1263/244 4632/1264/244 4629/1261/244
f 4629/1261/244 4632/1264/244 4633/1265/244
f 4633/1265/244 4634/1266/244 4629/1261/244
f 4635/1267/3089 4636/1268/3089 4637/1269/3089
f 4637/1269/3089 4638/1270/3089 4635/1267/3089
f 4639/1271/3089 4638/1270/3089 4637/1269/3089
f 4637/1269/3089 4640/1272/3089 4639/1271/3089
f 4641/254/743 4642/253/743 4643/1249/743
f 4643/1249/743 4644/1250/743 4641/254/743
f 4645/251/743 4644/1250/743 4643/1249/743
f 4643/1249/743 4646/252/743 4645/251/743
f 4647/880/3090 4648/256/3091 4649/255/3091
f 4649/255/3091 4650/1273/3090 4647/880/3090
f 4647/880/3090 4650/1273/3090 4651/1274/3092
f 4651/1274/3092 4652/882/3092 4647/880/3090
f 4653/1275/244 4654/1276/244 4655/1277/244
f 4655/1277/244 4656/1278/244 4653/1275/244
f 4657/1279/244 4656/1278/244 4655/1277/244
f 4655/1277/244 4658/1280/244 4657/1279/244
f 4659/1281/3093 4660/1282/3094 4661/1283/3095
f 4661/1283/3095 4662/1284/3096 4659/1281/3093
f 4663/1281/3097 4662/1284/3096 4661/1283/3095
f 4661/1283/3095 4664/1282/3098 4663/1281/3097
f 4665/1285/3099 4666/1286/3100 4667/1287/3101
f 4667/1287/3101 4668/1288/3102 4665/1285/3099
f 4667/1287/3101 4669/1289/3103 4670/1290/3104
f 4670/1290/3104 4668/1288/3102 4667/1287/3101
f 4668/1288/3102 4671/1290/3105 4672/1291/3106
f 4672/1291/3106 4673/1292/3107 4668/1288/3102
f 4668/1288/3102 4673/1292/3107 4674/1293/3108
f 4674/1293/3108 4675/1285/3109 4668/1288/3102
f 4676/1294/1520 4677/1295/1520 4678/1296/1520
f 4678/1296/1520 4679/1297/1520 4676/1294/1520
f 4680/1298/3110 4679/1297/1520 4678/1296/1520
f 4678/1296/1520 4681/1299/3111 4680/1298/3110
f 4682/1300/3112 4680/1298/3110 4681/1299/3111
f 4680/1298/3110 4682/1300/3112 4683/1301/3113
f 4683/1301/3113 4684/1302/3114 4680/1298/3110
f 4685/1298/3115 4684/1302/3114 4683/1301/3113
f 4683/1301/3113 4686/1300/3116 4685/1298/3115
f 4685/1298/3115 4686/1300/3116 4687/1299/3117
f 4685/1298/3115 4687/1299/3117 4688/1296/3118
f 4688/1296/3118 4689/1297/3118 4685/1298/3115
f 4690/1294/3118 4689/1297/3118 4688/1296/3118
f 4688/1296/3118 4691/1295/3118 4690/1294/3118
f 4692/1286/3119 4693/1303/3119 4694/1304/3120
f 4694/1304/3120 4695/1287/3120 4692/1286/3119
f 4696/1289/3121 4695/1287/3120 4694/1304/3120
f 4694/1304/3120 4697/1305/3121 4696/1289/3121
f 4698/259/3122 4699/260/3122 4700/892/3123
f 4700/892/3123 4701/1306/3123 4698/259/3122
f 4702/1307/3123 4701/1306/3123 4700/892/3123
f 4700/892/3123 4703/894/3123 4702/1307/3123
f 4704/255/3124 4705/256/3125 4706/880/3126
f 4706/880/3126 4707/1273/3127 4704/255/3124
f 4708/1274/3128 4707/1273/3127 4706/880/3126
f 4706/880/3126 4709/882/3128 4708/1274/3128
f 4710/1277/244 4711/1276/244 4712/1275/244
f 4712/1275/244 4713/1278/244 4710/1277/244
f 4710/1277/244 4713/1278/244 4714/1279/244
f 4714/1279/244 4715/1280/244 4710/1277/244
f 4716/1283/3129 4717/1282/3130 4718/1281/3131
f 4718/1281/3131 4719/1284/3132 4716/1283/3129
f 4716/1283/3129 4719/1284/3132 4720/1281/3133
f 4720/1281/3133 4721/1282/3134 4716/1283/3129
f 4722/1287/3135 4723/1286/3136 4724/1285/3137
f 4724/1285/3137 4725/1288/3138 4722/1287/3135
f 4726/1290/3139 4727/1289/3140 4722/1287/3135
f 4722/1287/3135 4725/1288/3138 4726/1290/3139
f 4728/1291/3141 4729/1290/3142 4725/1288/3143
f 4725/1288/3143 4730/1292/3142 4728/1291/3141
f 4731/1293/3144 4730/1292/3142 4725/1288/3143
f 4725/1288/3143 4732/1285/3145 4731/1293/3144
f 4733/1296/276 4734/1295/276 4735/1294/276
f 4735/1294/276 4736/1297/276 4733/1296/276
f 4733/1296/276 4736/1297/276 4737/1298/3146
f 4737/1298/3146 4738/1299/3147 4733/1296/276
f 4737/1298/3146 4739/1300/3148 4738/1299/3147
f 4740/1301/3149 4739/1300/3148 4737/1298/3146
f 4737/1298/3146 4741/1302/3150 4740/1301/3149
f 4740/1301/3149 4741/1302/3150 4742/1298/3151
f 4742/1298/3151 4743/1300/3152 4740/1301/3149
f 4743/1300/3152 4742/1298/3151 4744/1299/3153
f 4745/1296/3154 4744/1299/3153 4742/1298/3151
f 4742/1298/3151 4746/1297/3154 4745/1296/3154
f 4745/1296/3154 4746/1297/3154 4747/1294/3154
f 4747/1294/3154 4748/1295/3154 4745/1296/3154
f 4749/1304/3155 4750/1303/3156 4751/1286/3156
f 4751/1286/3156 4752/1287/3155 4749/1304/3155
f 4749/1304/3155 4752/1287/3155 4753/1289/3157
f 4753/1289/3157 4754/1305/3157 4749/1304/3155
f 4755/892/3158 4756/260/3159 4757/259/3159
f 4757/259/3159 4758/1306/3158 4755/892/3158
f 4755/892/3158 4758/1306/3158 4759/1307/3160
f 4759/1307/3160 4760/894/3160 4755/892/3158
f 4761/1308/3161 4762/1309/3162 4763/1310/3163
f 4761/1308/3161 4763/1310/3163 4764/1311/3164
f 4761/1308/3161 4764/1311/3164 4765/1312/3165
f 4764/1311/3164 4766/1313/3166 4765/1312/3165
f 4761/1308/3161 4765/1312/3165 4767/1314/3167
f 4765/1312/3165 4766/1313/3166 4768/1315/3168
f 4767/1314/3167 4765/1312/3165 4769/1316/3169
f 4768/1315/3168 4769/1316/3169 4765/1312/3165
f 4770/1317/3170 4767/1314/3167 4769/1316/3169
f 4770/1317/3170 4771/1318/3171 4767/1314/3167
f 4771/1318/3171 4770/1317/3170 4772/1319/3172
f 4768/1315/3168 4766/1313/3166 4773/1312/3173
f 4773/1312/3173 4766/1313/3166 4774/1311/3174
f 4772/1319/3172 4770/1317/3170 4775/1320/3175
f 4775/1320/3175 4776/1321/3176 4772/1319/3172
f 4777/1322/3177 4776/1321/3176 4775/1320/3175
f 4778/1308/3178 4773/1312/3173 4774/1311/3174
f 4779/1310/3179 4778/1308/3178 4774/1311/3174
f 4779/1310/3179 4780/1309/3180 4778/1308/3178
f 4773/1312/3173 4778/1308/3178 4781/1314/3181
f 4775/1320/3175 4782/1323/3182 4777/1322/3177
f 4783/1324/3183 4777/1322/3177 4782/1323/3182
f 4784/1316/3184 4773/1312/3173 4781/1314/3181
f 4773/1312/3173 4784/1316/3184 4768/1315/3168
f 4782/1323/3182 4785/1325/3185 4783/1324/3183
f 4785/1325/3185 4786/1326/3186 4783/1324/3183
f 4786/1326/3186 4785/1325/3185 4787/1327/3187
f 4788/1328/3188 4782/1323/3182 4775/1320/3175
f 4782/1323/3182 4788/1328/3188 4785/1325/3185
f 4775/1320/3175 4789/1329/3189 4788/1328/3188
f 4789/1329/3189 4775/1320/3175 4770/1317/3170
f 4770/1317/3170 4769/1316/3169 4789/1329/3189
f 4785/1325/3185 4788/1328/3188 4790/1330/3190
f 4790/1330/3190 4788/1328/3188 4789/1329/3189
f 4787/1327/3187 4785/1325/3185 4791/1331/3191
f 4790/1330/3190 4791/1331/3191 4785/1325/3185
f 4791/1331/3191 4792/1332/2248 4787/1327/3187
f 4793/1327/3192 4792/1332/2248 4791/1331/3191
f 4794/1333/3193 4789/1329/3189 4769/1316/3169
f 4769/1316/3169 4768/1315/3168 4794/1333/3193
f 4789/1329/3189 4794/1333/3193 4790/1330/3190
f 4794/1333/3193 4768/1315/3168 4784/1316/3184
f 4791/1331/3191 4795/1325/3194 4793/1327/3192
f 4795/1325/3194 4791/1331/3191 4790/1330/3190
f 4795/1325/3194 4796/1326/3195 4793/1327/3192
f 4797/1324/3196 4796/1326/3195 4795/1325/3194
f 4790/1330/3190 4794/1333/3193 4798/1329/3197
f 4784/1316/3184 4798/1329/3197 4794/1333/3193
f 4790/1330/3190 4799/1328/3198 4795/1325/3194
f 4798/1329/3197 4799/1328/3198 4790/1330/3190
f 4800/1323/3199 4797/1324/3196 4795/1325/3194
f 4799/1328/3198 4800/1323/3199 4795/1325/3194
f 4801/1322/3200 4797/1324/3196 4800/1323/3199
f 4802/1320/3201 4800/1323/3199 4799/1328/3198
f 4801/1322/3200 4800/1323/3199 4802/1320/3201
f 4799/1328/3198 4798/1329/3197 4802/1320/3201
f 4802/1320/3201 4803/1321/3202 4801/1322/3200
f 4804/1319/3203 4803/1321/3202 4802/1320/3201
f 4805/1317/3204 4802/1320/3201 4798/1329/3197
f 4802/1320/3201 4805/1317/3204 4804/1319/3203
f 4798/1329/3197 4784/1316/3184 4805/1317/3204
f 4805/1317/3204 4806/1318/3205 4804/1319/3203
f 4805/1317/3204 4784/1316/3184 4781/1314/3181
f 4806/1318/3205 4805/1317/3204 4781/1314/3181
f 4807/1334/3206 4808/1335/3207 4809/1336/3208
f 4809/1336/3208 4810/1337/3209 4807/1334/3206
f 4811/1338/3210 4810/1337/3209 4809/1336/3208
f 4809/1336/3208 4812/1339/3211 4811/1338/3210
f 4811/1338/3210 4812/1339/3211 4813/1340/3212
f 4814/1341/3213 4813/1340/3212 4812/1339/3211
f 4813/1340/3212 4815/1342/3214 4811/1338/3210
f 4816/478/3215 4817/477/3216 4818/476/3217
f 4818/476/3217 4819/471/3218 4816/478/3215
f 4818/476/3217 4820/473/3219 4819/471/3218
f 4820/473/3219 4821/472/3220 4819/471/3218
f 4818/476/3217 4822/475/3221 4820/473/3219
f 4822/475/3221 4823/474/3222 4820/473/3219
f 4824/1119/3223 4825/1120/3224 4826/1122/3225
f 4827/1123/3226 4826/1122/3225 4825/1120/3224
f 4827/1123/3226 4825/1120/3224 4828/1125/3227
f 4825/1120/3224 4829/1121/3228 4828/1125/3227
f 4830/1124/3229 4827/1123/3226 4828/1125/3227
f 4831/484/3230 4830/1124/3229 4828/1125/3227
f 4828/1125/3227 4832/485/3230 4831/484/3230
f 4833/488/3231 4834/487/3232 4835/1126/3233
f 4834/487/3232 4836/486/3234 4835/1126/3233
f 4836/486/3234 4837/494/3235 4835/1126/3233
f 4838/489/3230 4835/1126/3233 4837/494/3235
f 4837/494/3235 4839/493/3236 4840/492/3237
f 4841/491/3230 4837/494/3235 4840/492/3237
f 4841/491/3230 4838/489/3230 4837/494/3235
f 4841/491/3230 4842/490/3238 4838/489/3230
f 4843/498/3230 4844/497/3230 4845/1127/3239
f 4843/498/3230 4845/1127/3239 4846/499/3230
f 4845/1127/3239 4847/500/3240 4846/499/3230
f 4845/1127/3239 4848/496/3241 4847/500/3240
f 4848/496/3241 4849/495/3242 4847/500/3240
f 4849/495/3242 4850/501/3243 4847/500/3240
f 4851/476/3244 4852/477/3245 4853/478/3246
f 4853/478/3246 4854/471/3247 4851/476/3244
f 4855/473/3248 4851/476/3244 4854/471/3247
f 4856/472/3249 4855/473/3248 4854/471/3247
f 4855/473/3248 4857/475/3250 4851/476/3244
f 4855/473/3248 4858/474/3251 4857/475/3250
f 4859/1120/3252 4860/1119/3253 4861/1122/3254
f 4859/1120/3252 4861/1122/3254 4862/1123/3255
f 4859/1120/3252 4862/1123/3255 4863/1125/3256
f 4864/1121/3257 4859/1120/3252 4863/1125/3256
f 4862/1123/3255 4865/1124/3258 4863/1125/3256
f 4863/1125/3256 4865/1124/3258 4866/484/3259
f 4866/484/3259 4867/485/3259 4863/1125/3256
f 4868/487/3260 4869/488/3261 4870/1126/3262
f 4871/486/3263 4868/487/3260 4870/1126/3262
f 4872/494/3264 4871/486/3263 4870/1126/3262
f 4872/494/3264 4870/1126/3262 4873/489/3259
f 4873/489/3259 4874/490/3265 4875/491/3259
f 4872/494/3264 4873/489/3259 4875/491/3259
f 4872/494/3264 4875/491/3259 4876/492/3266
f 4877/493/3267 4872/494/3264 4876/492/3266
f 4878/1127/3268 4879/497/3259 4880/498/3259
f 4878/1127/3268 4880/498/3259 4881/499/3259
f 4882/500/3269 4878/1127/3268 4881/499/3259
f 4883/496/3270 4878/1127/3268 4882/500/3269
f 4884/495/3271 4883/496/3270 4882/500/3269
f 4885/501/3272 4884/495/3271 4882/500/3269
f 4886/1343/244 4887/1344/244 4888/1345/244
f 4889/1346/244 4886/1343/244 4888/1345/244
f 4889/1346/244 4890/1347/244 4891/1348/244
f 4889/1346/244 4892/1349/244 4890/1347/244
f 4889/1346/244 4888/1345/244 4892/1349/244
f 4888/1345/244 4893/1350/244 4892/1349/244
f 4893/1350/244 4894/1351/244 4895/1352/244
f 4893/1350/244 4895/1352/244 4892/1349/244
f 4895/1352/244 4896/1353/244 4892/1349/244
f 4896/1353/244 4897/1354/244 4892/1349/244
f 4898/1345/244 4899/1344/244 4900/1343/244
f 4898/1345/244 4900/1343/244 4901/1346/244
f 4902/1347/244 4901/1346/244 4903/1348/244
f 4902/1347/244 4904/1349/244 4901/1346/244
f 4904/1349/244 4898/1345/244 4901/1346/244
f 4904/1349/244 4905/1350/244 4898/1345/244
f 4906/1352/244 4907/1351/244 4905/1350/244
f 4904/1349/244 4906/1352/244 4905/1350/244
f 4904/1349/244 4908/1353/244 4906/1352/244
f 4904/1349/244 4909/1354/244 4908/1353/244
f 4910/1355/3273 4911/1356/3274 4912/1357/3275
f 4912/1357/3275 4913/1358/3276 4910/1355/3273
f 4913/1358/3276 4912/1357/3275 4914/1359/3277
f 4915/1360/3278 4910/1355/3273 4913/1358/3276
f 4914/1359/3277 4916/1361/3279 4913/1358/3276
f 4913/1358/3276 4917/1362/3280 4915/1360/3278
f 4917/1362/3280 4913/1358/3276 4916/1361/3279
f 4918/1363/3281 4915/1360/3278 4917/1362/3280
f 4916/1361/3279 4919/1364/3282 4917/1362/3280
f 4917/1362/3280 4920/1365/3283 4918/1363/3281
f 4920/1365/3283 4917/1362/3280 4919/1364/3282
f 4921/1360/3284 4918/1363/3281 4920/1365/3283
f 4919/1364/3282 4922/1366/3285 4920/1365/3283
f 4920/1365/3283 4923/1362/3286 4921/1360/3284
f 4923/1362/3286 4920/1365/3283 4922/1366/3285
f 4924/1355/3287 4921/1360/3284 4923/1362/3286
f 4922/1366/3285 4925/1364/3288 4923/1362/3286
f 4923/1362/3286 4926/1358/3289 4924/1355/3287
f 4926/1358/3289 4923/1362/3286 4925/1364/3288
f 4927/1356/3290 4924/1355/3287 4926/1358/3289
f 4925/1364/3288 4928/1361/3291 4926/1358/3289
f 4926/1358/3289 4929/1357/3292 4927/1356/3290
f 4929/1357/3292 4926/1358/3289 4928/1361/3291
f 4928/1361/3291 4930/1359/3293 4929/1357/3292
f 4931/1355/3294 4932/1356/3295 4933/1357/3296
f 4933/1357/3296 4934/1358/3297 4931/1355/3294
f 4934/1358/3297 4933/1357/3296 4935/1359/3298
f 4936/1360/3299 4931/1355/3294 4934/1358/3297
f 4935/1359/3298 4937/1361/3300 4934/1358/3297
f 4934/1358/3297 4938/1362/3301 4936/1360/3299
f 4938/1362/3301 4934/1358/3297 4937/1361/3300
f 4939/1363/245 4936/1360/3299 4938/1362/3301
f 4937/1361/3300 4940/1364/3302 4938/1362/3301
f 4938/1362/3301 4941/1365/3303 4939/1363/245
f 4941/1365/3303 4938/1362/3301 4940/1364/3302
f 4942/1360/3304 4939/1363/245 4941/1365/3303
f 4940/1364/3302 4943/1366/3305 4941/1365/3303
f 4941/1365/3303 4944/1362/3306 4942/1360/3304
f 4944/1362/3306 4941/1365/3303 4943/1366/3305
f 4945/1355/3307 4942/1360/3304 4944/1362/3306
f 4943/1366/3305 4946/1364/3308 4944/1362/3306
f 4944/1362/3306 4947/1358/3309 4945/1355/3307
f 4947/1358/3309 4944/1362/3306 4946/1364/3308
f 4948/1356/3310 4945/1355/3307 4947/1358/3309
f 4946/1364/3308 4949/1361/3311 4947/1358/3309
f 4947/1358/3309 4950/1357/3312 4948/1356/3310
f 4950/1357/3312 4947/1358/3309 4949/1361/3311
f 4949/1361/3311 4951/1359/3313 4950/1357/3312
f 4952/1367/3314 4953/1368/3315 4954/1369/2997
f 4954/1369/2997 4955/1370/3316 4952/1367/3314
f 4956/1371/3317 4952/1367/3314 4955/1370/3316
f 4955/1370/3316 4954/1369/2997 4957/1372/3318
f 4955/1370/3316 4958/1373/3319 4956/1371/3317
f 4959/1374/3320 4956/1371/3317 4958/1373/3319
f 4957/1372/3318 4960/1375/3321 4955/1370/3316
f 4958/1373/3319 4955/1370/3316 4960/1375/3321
f 4960/1375/3321 4957/1372/3318 4961/1376/246
f 4958/1373/3319 4962/1377/3322 4959/1374/3320
f 4963/1378/3323 4959/1374/3320 4962/1377/3322
f 4960/1375/3321 4964/1379/3324 4958/1373/3319
f 4962/1377/3322 4958/1373/3319 4964/1379/3324
f 4961/1376/246 4965/1380/3325 4960/1375/3321
f 4964/1379/3324 4960/1375/3321 4965/1380/3325
f 4964/1379/3324 4966/1381/3326 4962/1377/3322
f 4966/1381/3326 4964/1379/3324 4965/1380/3325
f 4962/1377/3322 4967/1382/3327 4963/1378/3323
f 4967/1382/3327 4962/1377/3322 4966/1381/3326
f 4968/1383/3328 4963/1378/3323 4967/1382/3327
f 4966/1381/3326 4969/1384/3329 4967/1382/3327
f 4969/1384/3329 4966/1381/3326 4965/1380/3325
f 4967/1382/3327 4970/1385/3330 4968/1383/3328
f 4970/1385/3330 4967/1382/3327 4969/1384/3329
f 4971/1378/3331 4968/1383/3328 4970/1385/3330
f 4969/1384/3329 4972/1386/3332 4970/1385/3330
f 4972/1386/3332 4969/1384/3329 4965/1380/3325
f 4970/1385/3330 4973/1382/3333 4971/1378/3331
f 4973/1382/3333 4970/1385/3330 4972/1386/3332
f 4974/1374/3334 4971/1378/3331 4973/1382/3333
f 4972/1386/3332 4975/1384/3335 4973/1382/3333
f 4975/1384/3335 4972/1386/3332 4965/1380/3325
f 4973/1382/3333 4976/1377/3336 4974/1374/3334
f 4976/1377/3336 4973/1382/3333 4975/1384/3335
f 4977/1371/3337 4974/1374/3334 4976/1377/3336
f 4975/1384/3335 4978/1381/3338 4976/1377/3336
f 4978/1381/3338 4975/1384/3335 4965/1380/3325
f 4976/1377/3336 4979/1373/3339 4977/1371/3337
f 4979/1373/3339 4976/1377/3336 4978/1381/3338
f 4980/1367/3340 4977/1371/3337 4979/1373/3339
f 4981/1379/3341 4978/1381/3338 4965/1380/3325
f 4978/1381/3338 4981/1379/3341 4979/1373/3339
f 4982/1375/3342 4981/1379/3341 4965/1380/3325
f 4982/1375/3342 4965/1380/3325 4961/1376/246
f 4961/1376/246 4983/1372/3343 4982/1375/3342
f 4984/1370/3344 4979/1373/3339 4981/1379/3341
f 4981/1379/3341 4982/1375/3342 4984/1370/3344
f 4984/1370/3344 4982/1375/3342 4983/1372/3343
f 4979/1373/3339 4984/1370/3344 4980/1367/3340
f 4983/1372/3343 4985/1369/2993 4984/1370/3344
f 4980/1367/3340 4984/1370/3344 4985/1369/2993
f 4985/1369/2993 4986/1368/3345 4980/1367/3340
f 4987/1387/3346 4988/1368/3347 4989/1369/2993
f 4989/1369/2993 4990/1388/3348 4987/1387/3346
f 4991/1389/3349 4987/1387/3346 4990/1388/3348
f 4990/1388/3348 4989/1369/2993 4992/1372/3343
f 4990/1388/3348 4993/1390/3350 4991/1389/3349
f 4994/1391/3351 4991/1389/3349 4993/1390/3350
f 4992/1372/3343 4995/1392/3352 4990/1388/3348
f 4993/1390/3350 4990/1388/3348 4995/1392/3352
f 4995/1392/3352 4992/1372/3343 4996/1376/246
f 4993/1390/3350 4997/1393/3353 4994/1391/3351
f 4998/1394/3354 4994/1391/3351 4997/1393/3353
f 4995/1392/3352 4999/1395/3355 4993/1390/3350
f 4997/1393/3353 4993/1390/3350 4999/1395/3355
f 4996/1376/246 5000/1396/3356 4995/1392/3352
f 4999/1395/3355 4995/1392/3352 5000/1396/3356
f 4999/1395/3355 5001/1397/3357 4997/1393/3353
f 5001/1397/3357 4999/1395/3355 5000/1396/3356
f 4997/1393/3353 5002/1398/3358 4998/1394/3354
f 5002/1398/3358 4997/1393/3353 5001/1397/3357
f 5003/1399/3359 4998/1394/3354 5002/1398/3358
f 5001/1397/3357 5004/1400/3360 5002/1398/3358
f 5004/1400/3360 5001/1397/3357 5000/1396/3356
f 5002/1398/3358 5005/1401/3361 5003/1399/3359
f 5005/1401/3361 5002/1398/3358 5004/1400/3360
f 5006/1394/3362 5003/1399/3359 5005/1401/3361
f 5004/1400/3360 5007/1402/3363 5005/1401/3361
f 5007/1402/3363 5004/1400/3360 5000/1396/3356
f 5005/1401/3361 5008/1398/3364 5006/1394/3362
f 5008/1398/3364 5005/1401/3361 5007/1402/3363
f 5009/1391/3365 5006/1394/3362 5008/1398/3364
f 5007/1402/3363 5010/1400/3366 5008/1398/3364
f 5010/1400/3366 5007/1402/3363 5000/1396/3356
f 5008/1398/3364 5011/1393/3367 5009/1391/3365
f 5011/1393/3367 5008/1398/3364 5010/1400/3366
f 5012/1389/3368 5009/1391/3365 5011/1393/3367
f 5010/1400/3366 5013/1397/3369 5011/1393/3367
f 5013/1397/3369 5010/1400/3366 5000/1396/3356
f 5011/1393/3367 5014/1390/3370 5012/1389/3368
f 5014/1390/3370 5011/1393/3367 5013/1397/3369
f 5015/1387/3371 5012/1389/3368 5014/1390/3370
f 5016/1395/3372 5013/1397/3369 5000/1396/3356
f 5013/1397/3369 5016/1395/3372 5014/1390/3370
f 5017/1392/3373 5016/1395/3372 5000/1396/3356
f 5017/1392/3373 5000/1396/3356 4996/1376/246
f 4996/1376/246 5018/1372/3318 5017/1392/3373
f 5019/1388/3374 5014/1390/3370 5016/1395/3372
f 5016/1395/3372 5017/1392/3373 5019/1388/3374
f 5019/1388/3374 5017/1392/3373 5018/1372/3318
f 5014/1390/3370 5019/1388/3374 5015/1387/3371
f 5018/1372/3318 5020/1369/3375 5019/1388/3374
f 5015/1387/3371 5019/1388/3374 5020/1369/3375
f 5020/1369/3375 5021/1368/3376 5015/1387/3371
f 5022/1403/3377 5023/1404/3378 5024/1405/3379
f 5024/1405/3379 5025/1406/3380 5022/1403/3377
f 5026/1407/3381 5022/1403/3377 5025/1406/3380
f 5027/1408/3382 5025/1406/3380 5024/1405/3379
f 5025/1406/3380 5028/1409/3383 5026/1407/3381
f 5027/1408/3382 5028/1409/3383 5025/1406/3380
f 5029/1410/3384 5030/1411/3385 5031/1409/3386
f 5031/1409/3386 5032/1412/3387 5029/1410/3384
f 5033/1413/3388 5029/1410/3384 5032/1412/3387
f 5034/1414/3389 5032/1412/3387 5031/1409/3386
f 5032/1412/3387 5035/1405/3390 5033/1413/3388
f 5034/1414/3389 5035/1405/3390 5032/1412/3387
f 5036/1403/3391 5037/1404/3392 5038/1405/3393
f 5038/1405/3393 5039/1406/3394 5036/1403/3391
f 5040/1407/3395 5036/1403/3391 5039/1406/3394
f 5041/1408/3396 5039/1406/3394 5038/1405/3393
f 5039/1406/3394 5042/1409/3397 5040/1407/3395
f 5041/1408/3396 5042/1409/3397 5039/1406/3394
f 5043/1410/3398 5044/1411/3399 5045/1409/3400
f 5045/1409/3400 5046/1412/3401 5043/1410/3398
f 5047/1413/3402 5043/1410/3398 5046/1412/3401
f 5048/1414/3403 5046/1412/3401 5045/1409/3400
f 5046/1412/3401 5049/1405/3404 5047/1413/3402
f 5048/1414/3403 5049/1405/3404 5046/1412/3401
f 5050/1415/3405 5051/674/3406 5052/1416/3407
f 5052/1416/3407 5053/1417/3408 5050/1415/3405
f 5054/1418/3409 5050/1415/3405 5053/1417/3408
f 5053/1417/3408 5052/1416/3407 5055/1419/3410
f 5053/1417/3408 5056/1420/3411 5054/1418/3409
f 5057/1421/3412 5054/1418/3409 5056/1420/3411
f 5055/1419/3410 5058/1422/3413 5053/1417/3408
f 5056/1420/3411 5053/1417/3408 5058/1422/3413
f 5058/1422/3413 5055/1419/3410 5059/1423/246
f 5056/1420/3411 5060/1424/3414 5057/1421/3412
f 5061/1425/3415 5057/1421/3412 5060/1424/3414
f 5058/1422/3413 5062/1426/3416 5056/1420/3411
f 5060/1424/3414 5056/1420/3411 5062/1426/3416
f 5062/1426/3416 5058/1422/3413 5059/1423/246
f 5060/1424/3414 5063/1427/3417 5061/1425/3415
f 5064/1428/3418 5061/1425/3415 5063/1427/3417
f 5062/1426/3416 5065/1429/3419 5060/1424/3414
f 5063/1427/3417 5060/1424/3414 5065/1429/3419
f 5065/1429/3419 5062/1426/3416 5059/1423/246
f 5063/1427/3417 5066/1430/3420 5064/1428/3418
f 5067/673/3421 5064/1428/3418 5066/1430/3420
f 5066/1430/3420 5068/1431/3422 5067/673/3421
f 5065/1429/3419 5069/1432/3423 5063/1427/3417
f 5066/1430/3420 5063/1427/3417 5069/1432/3423
f 5069/1432/3423 5065/1429/3419 5059/1423/246
f 5068/1431/3422 5066/1430/3420 5070/1433/3424
f 5069/1432/3423 5070/1433/3424 5066/1430/3420
f 5070/1433/3424 5069/1432/3423 5059/1423/246
f 5070/1433/3424 5071/1434/3425 5068/1431/3422
f 5071/1434/3425 5070/1433/3424 5059/1423/246
f 5072/1428/3426 5073/673/3427 5074/1431/3428
f 5074/1431/3428 5075/1430/3429 5072/1428/3426
f 5076/1425/3430 5072/1428/3426 5075/1430/3429
f 5075/1430/3429 5074/1431/3428 5077/1434/3431
f 5075/1430/3429 5078/1427/3432 5076/1425/3430
f 5079/1421/3433 5076/1425/3430 5078/1427/3432
f 5077/1434/3431 5080/1433/3434 5075/1430/3429
f 5078/1427/3432 5075/1430/3429 5080/1433/3434
f 5077/1434/3431 5081/1423/244 5080/1433/3434
f 5078/1427/3432 5082/1424/3435 5079/1421/3433
f 5083/1418/3436 5079/1421/3433 5082/1424/3435
f 5080/1433/3434 5084/1432/3437 5078/1427/3432
f 5082/1424/3435 5078/1427/3432 5084/1432/3437
f 5080/1433/3434 5081/1423/244 5084/1432/3437
f 5082/1424/3435 5085/1420/3438 5083/1418/3436
f 5086/1415/3439 5083/1418/3436 5085/1420/3438
f 5084/1432/3437 5087/1429/3440 5082/1424/3435
f 5085/1420/3438 5082/1424/3435 5087/1429/3440
f 5084/1432/3437 5081/1423/244 5087/1429/3440
f 5085/1420/3438 5088/1417/3441 5086/1415/3439
f 5089/674/3442 5086/1415/3439 5088/1417/3441
f 5087/1429/3440 5090/1426/3443 5085/1420/3438
f 5087/1429/3440 5081/1423/244 5090/1426/3443
f 5088/1417/3441 5085/1420/3438 5090/1426/3443
f 5088/1417/3441 5091/1416/3444 5089/674/3442
f 5090/1426/3443 5081/1423/244 5092/1422/3445
f 5090/1426/3443 5092/1422/3445 5088/1417/3441
f 5091/1416/3444 5088/1417/3441 5092/1422/3445
f 5092/1422/3445 5081/1423/244 5093/1419/3446
f 5092/1422/3445 5093/1419/3446 5091/1416/3444
f 5094/1415/3447 5095/674/3448 5096/1416/3449
f 5096/1416/3449 5097/1417/3450 5094/1415/3447
f 5098/1418/3451 5094/1415/3447 5097/1417/3450
f 5097/1417/3450 5096/1416/3449 5099/1419/3452
f 5097/1417/3450 5100/1420/3453 5098/1418/3451
f 5101/1421/3454 5098/1418/3451 5100/1420/3453
f 5099/1419/3452 5102/1422/3455 5097/1417/3450
f 5100/1420/3453 5097/1417/3450 5102/1422/3455
f 5102/1422/3455 5099/1419/3452 5103/1423/246
f 5100/1420/3453 5104/1424/3456 5101/1421/3454
f 5105/1425/3457 5101/1421/3454 5104/1424/3456
f 5102/1422/3455 5106/1426/3458 5100/1420/3453
f 5104/1424/3456 5100/1420/3453 5106/1426/3458
f 5106/1426/3458 5102/1422/3455 5103/1423/246
f 5104/1424/3456 5107/1427/3459 5105/1425/3457
f 5108/1428/3460 5105/1425/3457 5107/1427/3459
f 5106/1426/3458 5109/1429/3461 5104/1424/3456
f 5107/1427/3459 5104/1424/3456 5109/1429/3461
f 5109/1429/3461 5106/1426/3458 5103/1423/246
f 5107/1427/3459 5110/1430/3462 5108/1428/3460
f 5111/673/3463 5108/1428/3460 5110/1430/3462
f 5110/1430/3462 5112/1431/3464 5111/673/3463
f 5109/1429/3461 5113/1432/3465 5107/1427/3459
f 5110/1430/3462 5107/1427/3459 5113/1432/3465
f 5113/1432/3465 5109/1429/3461 5103/1423/246
f 5112/1431/3464 5110/1430/3462 5114/1433/3466
f 5113/1432/3465 5114/1433/3466 5110/1430/3462
f 5114/1433/3466 5113/1432/3465 5103/1423/246
f 5114/1433/3466 5115/1434/3467 5112/1431/3464
f 5115/1434/3467 5114/1433/3466 5103/1423/246
f 5116/1428/3468 5117/673/3469 5118/1431/3470
f 5118/1431/3470 5119/1430/3471 5116/1428/3468
f 5120/1425/3472 5116/1428/3468 5119/1430/3471
f 5119/1430/3471 5118/1431/3470 5121/1434/3473
f 5119/1430/3471 5122/1427/3474 5120/1425/3472
f 5123/1421/3475 5120/1425/3472 5122/1427/3474
f 5121/1434/3473 5124/1433/3476 5119/1430/3471
f 5122/1427/3474 5119/1430/3471 5124/1433/3476
f 5121/1434/3473 5125/1423/244 5124/1433/3476
f 5122/1427/3474 5126/1424/3477 5123/1421/3475
f 5127/1418/3478 5123/1421/3475 5126/1424/3477
f 5124/1433/3476 5128/1432/3479 5122/1427/3474
f 5126/1424/3477 5122/1427/3474 5128/1432/3479
f 5124/1433/3476 5125/1423/244 5128/1432/3479
f 5126/1424/3477 5129/1420/3480 5127/1418/3478
f 5130/1415/3481 5127/1418/3478 5129/1420/3480
f 5128/1432/3479 5131/1429/3482 5126/1424/3477
f 5129/1420/3480 5126/1424/3477 5131/1429/3482
f 5128/1432/3479 5125/1423/244 5131/1429/3482
f 5129/1420/3480 5132/1417/3483 5130/1415/3481
f 5133/674/3484 5130/1415/3481 5132/1417/3483
f 5131/1429/3482 5134/1426/3485 5129/1420/3480
f 5131/1429/3482 5125/1423/244 5134/1426/3485
f 5132/1417/3483 5129/1420/3480 5134/1426/3485
f 5132/1417/3483 5135/1416/3486 5133/674/3484
f 5134/1426/3485 5125/1423/244 5136/1422/3487
f 5134/1426/3485 5136/1422/3487 5132/1417/3483
f 5135/1416/3486 5132/1417/3483 5136/1422/3487
f 5136/1422/3487 5125/1423/244 5137/1419/3488
f 5136/1422/3487 5137/1419/3488 5135/1416/3486
f 5138/1415/3489 5139/674/3490 5140/1416/3491
f 5140/1416/3491 5141/1417/3492 5138/1415/3489
f 5142/1418/3493 5138/1415/3489 5141/1417/3492
f 5141/1417/3492 5140/1416/3491 5143/1419/3494
f 5141/1417/3492 5144/1420/3495 5142/1418/3493
f 5145/1421/3496 5142/1418/3493 5144/1420/3495
f 5143/1419/3494 5146/1422/3497 5141/1417/3492
f 5144/1420/3495 5141/1417/3492 5146/1422/3497
f 5146/1422/3497 5143/1419/3494 5147/1423/246
f 5144/1420/3495 5148/1424/3498 5145/1421/3496
f 5149/1425/3499 5145/1421/3496 5148/1424/3498
f 5146/1422/3497 5150/1426/3500 5144/1420/3495
f 5148/1424/3498 5144/1420/3495 5150/1426/3500
f 5150/1426/3500 5146/1422/3497 5147/1423/246
f 5148/1424/3498 5151/1427/3501 5149/1425/3499
f 5152/1428/3502 5149/1425/3499 5151/1427/3501
f 5150/1426/3500 5153/1429/3503 5148/1424/3498
f 5151/1427/3501 5148/1424/3498 5153/1429/3503
f 5153/1429/3503 5150/1426/3500 5147/1423/246
f 5151/1427/3501 5154/1430/3504 5152/1428/3502
f 5155/673/3421 5152/1428/3502 5154/1430/3504
f 5154/1430/3504 5156/1431/3505 5155/673/3421
f 5153/1429/3503 5157/1432/3506 5151/1427/3501
f 5154/1430/3504 5151/1427/3501 5157/1432/3506
f 5157/1432/3506 5153/1429/3503 5147/1423/246
f 5156/1431/3505 5154/1430/3504 5158/1433/3507
f 5157/1432/3506 5158/1433/3507 5154/1430/3504
f 5158/1433/3507 5157/1432/3506 5147/1423/246
f 5158/1433/3507 5159/1434/3508 5156/1431/3505
f 5159/1434/3508 5158/1433/3507 5147/1423/246
f 5160/1428/3509 5161/673/3427 5162/1431/3428
f 5162/1431/3428 5163/1430/3510 5160/1428/3509
f 5164/1425/3511 5160/1428/3509 5163/1430/3510
f 5163/1430/3510 5162/1431/3428 5165/1434/3512
f 5163/1430/3510 5166/1427/3513 5164/1425/3511
f 5167/1421/3514 5164/1425/3511 5166/1427/3513
f 5165/1434/3512 5168/1433/3515 5163/1430/3510
f 5166/1427/3513 5163/1430/3510 5168/1433/3515
f 5165/1434/3512 5169/1423/244 5168/1433/3515
f 5166/1427/3513 5170/1424/3516 5167/1421/3514
f 5171/1418/3517 5167/1421/3514 5170/1424/3516
f 5168/1433/3515 5172/1432/3518 5166/1427/3513
f 5170/1424/3516 5166/1427/3513 5172/1432/3518
f 5168/1433/3515 5169/1423/244 5172/1432/3518
f 5170/1424/3516 5173/1420/3519 5171/1418/3517
f 5174/1415/3520 5171/1418/3517 5173/1420/3519
f 5172/1432/3518 5175/1429/3521 5170/1424/3516
f 5173/1420/3519 5170/1424/3516 5175/1429/3521
f 5172/1432/3518 5169/1423/244 5175/1429/3521
f 5173/1420/3519 5176/1417/3522 5174/1415/3520
f 5177/674/3523 5174/1415/3520 5176/1417/3522
f 5175/1429/3521 5178/1426/3524 5173/1420/3519
f 5175/1429/3521 5169/1423/244 5178/1426/3524
f 5176/1417/3522 5173/1420/3519 5178/1426/3524
f 5176/1417/3522 5179/1416/3525 5177/674/3523
f 5178/1426/3524 5169/1423/244 5180/1422/3526
f 5178/1426/3524 5180/1422/3526 5176/1417/3522
f 5179/1416/3525 5176/1417/3522 5180/1422/3526
f 5180/1422/3526 5169/1423/244 5181/1419/3527
f 5180/1422/3526 5181/1419/3527 5179/1416/3525
f 5182/1415/3528 5183/674/3529 5184/1416/3530
f 5184/1416/3530 5185/1417/3531 5182/1415/3528
f 5186/1418/3532 5182/1415/3528 5185/1417/3531
f 5185/1417/3531 5184/1416/3530 5187/1419/3533
f 5185/1417/3531 5188/1420/3534 5186/1418/3532
f 5189/1421/3535 5186/1418/3532 5188/1420/3534
f 5187/1419/3533 5190/1422/3536 5185/1417/3531
f 5188/1420/3534 5185/1417/3531 5190/1422/3536
f 5190/1422/3536 5187/1419/3533 5191/1423/246
f 5188/1420/3534 5192/1424/3537 5189/1421/3535
f 5193/1425/3538 5189/1421/3535 5192/1424/3537
f 5190/1422/3536 5194/1426/3539 5188/1420/3534
f 5192/1424/3537 5188/1420/3534 5194/1426/3539
f 5194/1426/3539 5190/1422/3536 5191/1423/246
f 5192/1424/3537 5195/1427/3540 5193/1425/3538
f 5196/1428/3541 5193/1425/3538 5195/1427/3540
f 5194/1426/3539 5197/1429/3542 5192/1424/3537
f 5195/1427/3540 5192/1424/3537 5197/1429/3542
f 5197/1429/3542 5194/1426/3539 5191/1423/246
f 5195/1427/3540 5198/1430/3543 5196/1428/3541
f 5199/673/3544 5196/1428/3541 5198/1430/3543
f 5198/1430/3543 5200/1431/3464 5199/673/3544
f 5197/1429/3542 5201/1432/3545 5195/1427/3540
f 5198/1430/3543 5195/1427/3540 5201/1432/3545
f 5201/1432/3545 5197/1429/3542 5191/1423/246
f 5200/1431/3464 5198/1430/3543 5202/1433/3546
f 5201/1432/3545 5202/1433/3546 5198/1430/3543
f 5202/1433/3546 5201/1432/3545 5191/1423/246
f 5202/1433/3546 5203/1434/3547 5200/1431/3464
f 5203/1434/3547 5202/1433/3546 5191/1423/246
f 5204/1428/3468 5205/673/3469 5206/1431/3470
f 5206/1431/3470 5207/1430/3548 5204/1428/3468
f 5208/1425/3549 5204/1428/3468 5207/1430/3548
f 5207/1430/3548 5206/1431/3470 5209/1434/3550
f 5207/1430/3548 5210/1427/3551 5208/1425/3549
f 5211/1421/3552 5208/1425/3549 5210/1427/3551
f 5209/1434/3550 5212/1433/3553 5207/1430/3548
f 5210/1427/3551 5207/1430/3548 5212/1433/3553
f 5209/1434/3550 5213/1423/244 5212/1433/3553
f 5210/1427/3551 5214/1424/3554 5211/1421/3552
f 5215/1418/3555 5211/1421/3552 5214/1424/3554
f 5212/1433/3553 5216/1432/3556 5210/1427/3551
f 5214/1424/3554 5210/1427/3551 5216/1432/3556
f 5212/1433/3553 5213/1423/244 5216/1432/3556
f 5214/1424/3554 5217/1420/3557 5215/1418/3555
f 5218/1415/3558 5215/1418/3555 5217/1420/3557
f 5216/1432/3556 5219/1429/3559 5214/1424/3554
f 5217/1420/3557 5214/1424/3554 5219/1429/3559
f 5216/1432/3556 5213/1423/244 5219/1429/3559
f 5217/1420/3557 5220/1417/3560 5218/1415/3558
f 5221/674/3561 5218/1415/3558 5220/1417/3560
f 5219/1429/3559 5222/1426/3562 5217/1420/3557
f 5219/1429/3559 5213/1423/244 5222/1426/3562
f 5220/1417/3560 5217/1420/3557 5222/1426/3562
f 5220/1417/3560 5223/1416/3563 5221/674/3561
f 5222/1426/3562 5213/1423/244 5224/1422/3564
f 5222/1426/3562 5224/1422/3564 5220/1417/3560
f 5223/1416/3563 5220/1417/3560 5224/1422/3564
f 5224/1422/3564 5213/1423/244 5225/1419/3565
f 5224/1422/3564 5225/1419/3565 5223/1416/3563
f 5226/1416/3566 5227/674/3567 5228/1415/3568
f 5228/1415/3568 5229/1417/3569 5226/1416/3566
f 5230/1419/3570 5226/1416/3566 5229/1417/3569
f 5229/1417/3569 5228/1415/3568 5231/1418/3571
f 5229/1417/3569 5232/1422/3572 5230/1419/3570
f 5231/1418/3571 5233/1420/3573 5229/1417/3569
f 5232/1422/3572 5229/1417/3569 5233/1420/3573
f 5233/1420/3573 5231/1418/3571 5234/1421/3574
f 5230/1419/3570 5232/1422/3572 5235/1423/246
f 5234/1421/3574 5236/1424/3575 5233/1420/3573
f 5236/1424/3575 5234/1421/3574 5237/1425/3576
f 5233/1420/3573 5238/1426/3577 5232/1422/3572
f 5238/1426/3577 5233/1420/3573 5236/1424/3575
f 5232/1422/3572 5238/1426/3577 5235/1423/246
f 5237/1425/3576 5239/1427/3578 5236/1424/3575
f 5239/1427/3578 5237/1425/3576 5240/1428/3579
f 5236/1424/3575 5241/1429/3580 5238/1426/3577
f 5241/1429/3580 5236/1424/3575 5239/1427/3578
f 5238/1426/3577 5241/1429/3580 5235/1423/246
f 5240/1428/3579 5242/1430/3581 5239/1427/3578
f 5242/1430/3581 5240/1428/3579 5243/673/3582
f 5243/673/3582 5244/1431/3583 5242/1430/3581
f 5239/1427/3578 5245/1432/3584 5241/1429/3580
f 5245/1432/3584 5239/1427/3578 5242/1430/3581
f 5241/1429/3580 5245/1432/3584 5235/1423/246
f 5246/1433/3585 5242/1430/3581 5244/1431/3583
f 5242/1430/3581 5246/1433/3585 5245/1432/3584
f 5245/1432/3584 5246/1433/3585 5235/1423/246
f 5244/1431/3583 5247/1434/3586 5246/1433/3585
f 5246/1433/3585 5247/1434/3586 5235/1423/246
f 5248/1431/3587 5249/673/3588 5250/1428/3589
f 5250/1428/3589 5251/1430/3590 5248/1431/3587
f 5252/1434/3591 5248/1431/3587 5251/1430/3590
f 5251/1430/3590 5250/1428/3589 5253/1425/3592
f 5251/1430/3590 5254/1433/3593 5252/1434/3591
f 5253/1425/3592 5255/1427/3594 5251/1430/3590
f 5254/1433/3593 5251/1430/3590 5255/1427/3594
f 5255/1427/3594 5253/1425/3592 5256/1421/3595
f 5257/1423/244 5252/1434/3591 5254/1433/3593
f 5256/1421/3595 5258/1424/3596 5255/1427/3594
f 5258/1424/3596 5256/1421/3595 5259/1418/3597
f 5255/1427/3594 5260/1432/3598 5254/1433/3593
f 5260/1432/3598 5255/1427/3594 5258/1424/3596
f 5257/1423/244 5254/1433/3593 5260/1432/3598
f 5259/1418/3597 5261/1420/3599 5258/1424/3596
f 5261/1420/3599 5259/1418/3597 5262/1415/3600
f 5258/1424/3596 5263/1429/3601 5260/1432/3598
f 5263/1429/3601 5258/1424/3596 5261/1420/3599
f 5257/1423/244 5260/1432/3598 5263/1429/3601
f 5262/1415/3600 5264/1417/3602 5261/1420/3599
f 5264/1417/3602 5262/1415/3600 5265/674/3603
f 5261/1420/3599 5266/1426/3604 5263/1429/3601
f 5257/1423/244 5263/1429/3601 5266/1426/3604
f 5266/1426/3604 5261/1420/3599 5264/1417/3602
f 5265/674/3603 5267/1416/3605 5264/1417/3602
f 5257/1423/244 5266/1426/3604 5268/1422/3606
f 5264/1417/3602 5268/1422/3606 5266/1426/3604
f 5268/1422/3606 5264/1417/3602 5267/1416/3605
f 5257/1423/244 5268/1422/3606 5269/1419/3607
f 5267/1416/3605 5269/1419/3607 5268/1422/3606
f 5270/1416/3608 5271/674/3609 5272/1415/3610
f 5272/1415/3610 5273/1417/3611 5270/1416/3608
f 5274/1419/3612 5270/1416/3608 5273/1417/3611
f 5273/1417/3611 5272/1415/3610 5275/1418/3613
f 5273/1417/3611 5276/1422/3614 5274/1419/3612
f 5275/1418/3613 5277/1420/3615 5273/1417/3611
f 5276/1422/3614 5273/1417/3611 5277/1420/3615
f 5277/1420/3615 5275/1418/3613 5278/1421/3616
f 5274/1419/3612 5276/1422/3614 5279/1423/246
f 5278/1421/3616 5280/1424/3617 5277/1420/3615
f 5280/1424/3617 5278/1421/3616 5281/1425/3618
f 5277/1420/3615 5282/1426/3619 5276/1422/3614
f 5282/1426/3619 5277/1420/3615 5280/1424/3617
f 5276/1422/3614 5282/1426/3619 5279/1423/246
f 5281/1425/3618 5283/1427/3620 5280/1424/3617
f 5283/1427/3620 5281/1425/3618 5284/1428/3621
f 5280/1424/3617 5285/1429/3622 5282/1426/3619
f 5285/1429/3622 5280/1424/3617 5283/1427/3620
f 5282/1426/3619 5285/1429/3622 5279/1423/246
f 5284/1428/3621 5286/1430/3623 5283/1427/3620
f 5286/1430/3623 5284/1428/3621 5287/673/3624
f 5287/673/3624 5288/1431/3625 5286/1430/3623
f 5283/1427/3620 5289/1432/3626 5285/1429/3622
f 5289/1432/3626 5283/1427/3620 5286/1430/3623
f 5285/1429/3622 5289/1432/3626 5279/1423/246
f 5290/1433/3627 5286/1430/3623 5288/1431/3625
f 5286/1430/3623 5290/1433/3627 5289/1432/3626
f 5289/1432/3626 5290/1433/3627 5279/1423/246
f 5288/1431/3625 5291/1434/3628 5290/1433/3627
f 5290/1433/3627 5291/1434/3628 5279/1423/246
f 5292/1431/3629 5293/673/3630 5294/1428/3631
f 5294/1428/3631 5295/1430/3632 5292/1431/3629
f 5296/1434/3633 5292/1431/3629 5295/1430/3632
f 5295/1430/3632 5294/1428/3631 5297/1425/3634
f 5295/1430/3632 5298/1433/3635 5296/1434/3633
f 5297/1425/3634 5299/1427/3636 5295/1430/3632
f 5298/1433/3635 5295/1430/3632 5299/1427/3636
f 5299/1427/3636 5297/1425/3634 5300/1421/3637
f 5301/1423/244 5296/1434/3633 5298/1433/3635
f 5300/1421/3637 5302/1424/3638 5299/1427/3636
f 5302/1424/3638 5300/1421/3637 5303/1418/3639
f 5299/1427/3636 5304/1432/3640 5298/1433/3635
f 5304/1432/3640 5299/1427/3636 5302/1424/3638
f 5301/1423/244 5298/1433/3635 5304/1432/3640
f 5303/1418/3639 5305/1420/3641 5302/1424/3638
f 5305/1420/3641 5303/1418/3639 5306/1415/3642
f 5302/1424/3638 5307/1429/3643 5304/1432/3640
f 5307/1429/3643 5302/1424/3638 5305/1420/3641
f 5301/1423/244 5304/1432/3640 5307/1429/3643
f 5306/1415/3642 5308/1417/3644 5305/1420/3641
f 5308/1417/3644 5306/1415/3642 5309/674/3645
f 5305/1420/3641 5310/1426/3646 5307/1429/3643
f 5301/1423/244 5307/1429/3643 5310/1426/3646
f 5310/1426/3646 5305/1420/3641 5308/1417/3644
f 5309/674/3645 5311/1416/3647 5308/1417/3644
f 5301/1423/244 5310/1426/3646 5312/1422/3648
f 5308/1417/3644 5312/1422/3648 5310/1426/3646
f 5312/1422/3648 5308/1417/3644 5311/1416/3647
f 5301/1423/244 5312/1422/3648 5313/1419/3649
f 5311/1416/3647 5313/1419/3649 5312/1422/3648
f 5314/1416/3650 5315/674/3651 5316/1415/3652
f 5316/1415/3652 5317/1417/3653 5314/1416/3650
f 5318/1419/3654 5314/1416/3650 5317/1417/3653
f 5317/1417/3653 5316/1415/3652 5319/1418/3655
f 5317/1417/3653 5320/1422/3656 5318/1419/3654
f 5319/1418/3655 5321/1420/3657 5317/1417/3653
f 5320/1422/3656 5317/1417/3653 5321/1420/3657
f 5321/1420/3657 5319/1418/3655 5322/1421/3658
f 5318/1419/3654 5320/1422/3656 5323/1423/246
f 5322/1421/3658 5324/1424/3659 5321/1420/3657
f 5324/1424/3659 5322/1421/3658 5325/1425/3660
f 5321/1420/3657 5326/1426/3661 5320/1422/3656
f 5326/1426/3661 5321/1420/3657 5324/1424/3659
f 5320/1422/3656 5326/1426/3661 5323/1423/246
f 5325/1425/3660 5327/1427/3662 5324/1424/3659
f 5327/1427/3662 5325/1425/3660 5328/1428/3663
f 5324/1424/3659 5329/1429/3664 5326/1426/3661
f 5329/1429/3664 5324/1424/3659 5327/1427/3662
f 5326/1426/3661 5329/1429/3664 5323/1423/246
f 5328/1428/3663 5330/1430/3665 5327/1427/3662
f 5330/1430/3665 5328/1428/3663 5331/673/3666
f 5331/673/3666 5332/1431/3667 5330/1430/3665
f 5327/1427/3662 5333/1432/3668 5329/1429/3664
f 5333/1432/3668 5327/1427/3662 5330/1430/3665
f 5329/1429/3664 5333/1432/3668 5323/1423/246
f 5334/1433/3669 5330/1430/3665 5332/1431/3670
f 5330/1430/3665 5334/1433/3669 5333/1432/3668
f 5333/1432/246 5334/1433/246 5323/1423/246
f 5332/1431/3671 5335/1434/3672 5334/1433/3669
f 5334/1433/3669 5335/1434/3672 5323/1423/246
f 5336/1431/3673 5337/673/3674 5338/1428/3675
f 5338/1428/3675 5339/1430/3676 5336/1431/3673
f 5340/1434/3677 5336/1431/3673 5339/1430/3676
f 5339/1430/3676 5338/1428/3675 5341/1425/3678
f 5339/1430/3676 5342/1433/3679 5340/1434/3677
f 5341/1425/3678 5343/1427/3680 5339/1430/3676
f 5342/1433/3679 5339/1430/3676 5343/1427/3680
f 5343/1427/3680 5341/1425/3678 5344/1421/3681
f 5345/1423/244 5340/1434/3677 5342/1433/3679
f 5344/1421/3681 5346/1424/3682 5343/1427/3680
f 5346/1424/3682 5344/1421/3681 5347/1418/3683
f 5343/1427/3680 5348/1432/3684 5342/1433/3679
f 5348/1432/3684 5343/1427/3680 5346/1424/3682
f 5345/1423/244 5342/1433/3679 5348/1432/3684
f 5347/1418/3683 5349/1420/3685 5346/1424/3682
f 5349/1420/3685 5347/1418/3683 5350/1415/3686
f 5346/1424/3682 5351/1429/3687 5348/1432/3684
f 5351/1429/3687 5346/1424/3682 5349/1420/3685
f 5345/1423/244 5348/1432/3684 5351/1429/3687
f 5350/1415/3686 5352/1417/3688 5349/1420/3685
f 5352/1417/3688 5350/1415/3686 5353/674/3689
f 5349/1420/3685 5354/1426/3690 5351/1429/3687
f 5345/1423/244 5351/1429/3687 5354/1426/3690
f 5354/1426/3690 5349/1420/3685 5352/1417/3688
f 5353/674/3689 5355/1416/3691 5352/1417/3688
f 5345/1423/244 5354/1426/3690 5356/1422/3692
f 5352/1417/3688 5356/1422/3692 5354/1426/3690
f 5356/1422/3692 5352/1417/3688 5355/1416/3691
f 5345/1423/244 5356/1422/3692 5357/1419/3693
f 5355/1416/3691 5357/1419/3693 5356/1422/3692
f 5358/1416/3694 5359/674/3695 5360/1415/3696
f 5360/1415/3696 5361/1417/3697 5358/1416/3694
f 5362/1419/3698 5358/1416/3694 5361/1417/3697
f 5361/1417/3697 5360/1415/3696 5363/1418/3699
f 5361/1417/3697 5364/1422/3700 5362/1419/3698
f 5363/1418/3699 5365/1420/3701 5361/1417/3697
f 5364/1422/3700 5361/1417/3697 5365/1420/3701
f 5365/1420/3701 5363/1418/3699 5366/1421/3702
f 5362/1419/3698 5364/1422/3700 5367/1423/246
f 5366/1421/3702 5368/1424/3703 5365/1420/3701
f 5368/1424/3703 5366/1421/3702 5369/1425/3704
f 5365/1420/3701 5370/1426/3705 5364/1422/3700
f 5370/1426/3705 5365/1420/3701 5368/1424/3703
f 5364/1422/3700 5370/1426/3705 5367/1423/246
f 5369/1425/3704 5371/1427/3706 5368/1424/3703
f 5371/1427/3706 5369/1425/3704 5372/1428/3707
f 5368/1424/3703 5373/1429/3708 5370/1426/3705
f 5373/1429/3708 5368/1424/3703 5371/1427/3706
f 5370/1426/3705 5373/1429/3708 5367/1423/246
f 5372/1428/3707 5374/1430/3709 5371/1427/3706
f 5374/1430/3709 5372/1428/3707 5375/673/3710
f 5375/673/3710 5376/1431/3711 5374/1430/3709
f 5371/1427/3706 5377/1432/3712 5373/1429/3708
f 5377/1432/3712 5371/1427/3706 5374/1430/3709
f 5373/1429/3708 5377/1432/3712 5367/1423/246
f 5378/1433/3713 5374/1430/3709 5376/1431/3711
f 5374/1430/3709 5378/1433/3713 5377/1432/3712
f 5377/1432/3712 5378/1433/3713 5367/1423/246
f 5376/1431/3711 5379/1434/3714 5378/1433/3713
f 5378/1433/3713 5379/1434/3714 5367/1423/246
f 5380/1431/3715 5381/673/3716 5382/1428/3717
f 5382/1428/3717 5383/1430/3718 5380/1431/3715
f 5384/1434/3719 5380/1431/3715 5383/1430/3718
f 5383/1430/3718 5382/1428/3717 5385/1425/3720
f 5383/1430/3718 5386/1433/3721 5384/1434/3719
f 5385/1425/3720 5387/1427/3722 5383/1430/3718
f 5386/1433/3721 5383/1430/3718 5387/1427/3722
f 5387/1427/3722 5385/1425/3720 5388/1421/3723
f 5389/1423/244 5384/1434/3719 5386/1433/3721
f 5388/1421/3723 5390/1424/3724 5387/1427/3722
f 5390/1424/3724 5388/1421/3723 5391/1418/3725
f 5387/1427/3722 5392/1432/3726 5386/1433/3721
f 5392/1432/3726 5387/1427/3722 5390/1424/3724
f 5389/1423/244 5386/1433/3721 5392/1432/3726
f 5391/1418/3725 5393/1420/3727 5390/1424/3724
f 5393/1420/3727 5391/1418/3725 5394/1415/3728
f 5390/1424/3724 5395/1429/3729 5392/1432/3726
f 5395/1429/3729 5390/1424/3724 5393/1420/3727
f 5389/1423/244 5392/1432/3726 5395/1429/3729
f 5394/1415/3728 5396/1417/3730 5393/1420/3727
f 5396/1417/3730 5394/1415/3728 5397/674/3731
f 5393/1420/3727 5398/1426/3732 5395/1429/3729
f 5389/1423/244 5395/1429/3729 5398/1426/3732
f 5398/1426/3732 5393/1420/3727 5396/1417/3730
f 5397/674/3731 5399/1416/3733 5396/1417/3730
f 5389/1423/244 5398/1426/3732 5400/1422/3734
f 5396/1417/3730 5400/1422/3734 5398/1426/3732
f 5400/1422/3734 5396/1417/3730 5399/1416/3733
f 5389/1423/244 5400/1422/3734 5401/1419/3735
f 5399/1416/3733 5401/1419/3735 5400/1422/3734
f 5402/1357/3736 5403/1356/3737 5404/1355/3738
f 5404/1355/3738 5405/1358/3739 5402/1357/3736
f 5406/1359/3740 5402/1357/3736 5405/1358/3739
f 5405/1358/3739 5404/1355/3738 5407/1360/3741
f 5405/1358/3739 5408/1361/3742 5406/1359/3740
f 5407/1360/3741 5409/1362/3743 5405/1358/3739
f 5408/1361/3742 5405/1358/3739 5409/1362/3743
f 5409/1362/3743 5407/1360/3741 5410/1363/3154
f 5409/1362/3743 5411/1364/3744 5408/1361/3742
f 5410/1363/3154 5412/1365/3745 5409/1362/3743
f 5411/1364/3744 5409/1362/3743 5412/1365/3745
f 5412/1365/3745 5410/1363/3154 5413/1360/3746
f 5412/1365/3745 5414/1366/3747 5411/1364/3744
f 5413/1360/3746 5415/1362/3748 5412/1365/3745
f 5414/1366/3747 5412/1365/3745 5415/1362/3748
f 5415/1362/3748 5413/1360/3746 5416/1355/3749
f 5415/1362/3748 5417/1364/3750 5414/1366/3747
f 5416/1355/3749 5418/1358/3751 5415/1362/3748
f 5417/1364/3750 5415/1362/3748 5418/1358/3751
f 5418/1358/3751 5416/1355/3749 5419/1356/3752
f 5418/1358/3751 5420/1361/3753 5417/1364/3750
f 5419/1356/3752 5421/1357/3754 5418/1358/3751
f 5420/1361/3753 5418/1358/3751 5421/1357/3754
f 5421/1357/3754 5422/1359/3755 5420/1361/3753
f 5423/1357/3756 5424/1356/3757 5425/1355/3758
f 5425/1355/3758 5426/1358/3759 5423/1357/3756
f 5427/1359/3760 5423/1357/3756 5426/1358/3759
f 5426/1358/3759 5425/1355/3758 5428/1360/3761
f 5426/1358/3759 5429/1361/3762 5427/1359/3760
f 5428/1360/3761 5430/1362/3763 5426/1358/3759
f 5429/1361/3762 5426/1358/3759 5430/1362/3763
f 5430/1362/3763 5428/1360/3761 5431/1363/3764
f 5430/1362/3763 5432/1364/3765 5429/1361/3762
f 5431/1363/3764 5433/1365/3766 5430/1362/3763
f 5432/1364/3765 5430/1362/3763 5433/1365/3766
f 5433/1365/3766 5431/1363/3764 5434/1360/3767
f 5433/1365/3766 5435/1366/3768 5432/1364/3765
f 5434/1360/3767 5436/1362/3769 5433/1365/3766
f 5435/1366/3768 5433/1365/3766 5436/1362/3769
f 5436/1362/3769 5434/1360/3767 5437/1355/3770
f 5436/1362/3769 5438/1364/3771 5435/1366/3768
f 5437/1355/3770 5439/1358/3772 5436/1362/3769
f 5438/1364/3771 5436/1362/3769 5439/1358/3772
f 5439/1358/3772 5437/1355/3770 5440/1356/3773
f 5439/1358/3772 5441/1361/3774 5438/1364/3771
f 5440/1356/3773 5442/1357/3775 5439/1358/3772
f 5441/1361/3774 5439/1358/3772 5442/1357/3775
f 5442/1357/3775 5443/1359/3776 5441/1361/3774
f 5444/1369/3777 5445/1368/3778 5446/1367/3779
f 5446/1367/3779 5447/1370/3780 5444/1369/3777
f 5448/1372/3781 5444/1369/3777 5447/1370/3780
f 5447/1370/3780 5446/1367/3779 5449/1371/3782
f 5447/1370/3780 5450/1375/3783 5448/1372/3781
f 5451/1376/246 5448/1372/3781 5450/1375/3783
f 5449/1371/3782 5452/1373/3784 5447/1370/3780
f 5450/1375/3783 5447/1370/3780 5452/1373/3784
f 5452/1373/3784 5449/1371/3782 5453/1374/3785
f 5452/1373/3784 5454/1379/3786 5450/1375/3783
f 5453/1374/3785 5455/1377/3787 5452/1373/3784
f 5454/1379/3786 5452/1373/3784 5455/1377/3787
f 5455/1377/3787 5453/1374/3785 5456/1378/3788
f 5450/1375/3783 5454/1379/3786 5457/1380/3789
f 5450/1375/3783 5457/1380/3789 5451/1376/246
f 5455/1377/3787 5458/1381/3790 5454/1379/3786
f 5454/1379/3786 5458/1381/3790 5457/1380/3789
f 5456/1378/3788 5459/1382/3791 5455/1377/3787
f 5458/1381/3790 5455/1377/3787 5459/1382/3791
f 5459/1382/3791 5456/1378/3788 5460/1383/3792
f 5459/1382/3791 5461/1384/3793 5458/1381/3790
f 5458/1381/3790 5461/1384/3793 5457/1380/3789
f 5460/1383/3792 5462/1385/3794 5459/1382/3791
f 5461/1384/3793 5459/1382/3791 5462/1385/3794
f 5462/1385/3794 5460/1383/3792 5463/1378/3795
f 5462/1385/3794 5464/1386/3796 5461/1384/3793
f 5461/1384/3793 5464/1386/3796 5457/1380/3789
f 5463/1378/3795 5465/1382/3797 5462/1385/3794
f 5464/1386/3796 5462/1385/3794 5465/1382/3797
f 5465/1382/3797 5463/1378/3795 5466/1374/3798
f 5465/1382/3797 5467/1384/3799 5464/1386/3796
f 5464/1386/3796 5467/1384/3799 5457/1380/3789
f 5466/1374/3798 5468/1377/3800 5465/1382/3797
f 5467/1384/3799 5465/1382/3797 5468/1377/3800
f 5468/1377/3800 5466/1374/3798 5469/1371/3801
f 5468/1377/3800 5470/1381/3802 5467/1384/3799
f 5467/1384/3799 5470/1381/3802 5457/1380/3789
f 5469/1371/3801 5471/1373/3803 5468/1377/3800
f 5470/1381/3802 5468/1377/3800 5471/1373/3803
f 5471/1373/3803 5469/1371/3801 5472/1367/3804
f 5470/1381/3802 5473/1379/3805 5457/1380/3789
f 5471/1373/3803 5473/1379/3805 5470/1381/3802
f 5472/1367/3804 5474/1368/3806 5475/1369/3807
f 5472/1367/3804 5476/1370/3808 5471/1373/3803
f 5475/1369/3807 5476/1370/3808 5472/1367/3804
f 5473/1379/3805 5471/1373/3803 5476/1370/3808
f 5476/1370/3808 5475/1369/3807 5477/1372/3809
f 5473/1379/3805 5478/1375/3810 5457/1380/3789
f 5476/1370/3808 5478/1375/3810 5473/1379/3805
f 5477/1372/3809 5478/1375/3810 5476/1370/3808
f 5451/1376/246 5457/1380/3789 5478/1375/3810
f 5478/1375/3810 5477/1372/3809 5451/1376/246
f 5479/1369/3811 5480/1368/3806 5481/1387/3812
f 5481/1387/3812 5482/1388/3813 5479/1369/3811
f 5483/1372/3809 5479/1369/3811 5482/1388/3813
f 5482/1388/3813 5481/1387/3812 5484/1389/3814
f 5482/1388/3813 5485/1392/3815 5483/1372/3809
f 5486/1376/246 5483/1372/3809 5485/1392/3815
f 5484/1389/3814 5487/1390/3816 5482/1388/3813
f 5485/1392/3815 5482/1388/3813 5487/1390/3816
f 5487/1390/3816 5484/1389/3814 5488/1391/3817
f 5487/1390/3816 5489/1395/3818 5485/1392/3815
f 5488/1391/3817 5490/1393/3819 5487/1390/3816
f 5489/1395/3818 5487/1390/3816 5490/1393/3819
f 5490/1393/3819 5488/1391/3817 5491/1394/3820
f 5485/1392/3815 5489/1395/3818 5492/1396/3821
f 5485/1392/3815 5492/1396/3821 5486/1376/246
f 5490/1393/3819 5493/1397/3822 5489/1395/3818
f 5489/1395/3818 5493/1397/3822 5492/1396/3821
f 5491/1394/3820 5494/1398/3823 5490/1393/3819
f 5493/1397/3822 5490/1393/3819 5494/1398/3823
f 5494/1398/3823 5491/1394/3820 5495/1399/3824
f 5494/1398/3823 5496/1400/3825 5493/1397/3822
f 5493/1397/3822 5496/1400/3825 5492/1396/3821
f 5495/1399/3824 5497/1401/3826 5494/1398/3823
f 5496/1400/3825 5494/1398/3823 5497/1401/3826
f 5497/1401/3826 5495/1399/3824 5498/1394/3827
f 5497/1401/3826 5499/1402/3828 5496/1400/3825
f 5496/1400/3825 5499/1402/3828 5492/1396/3821
f 5498/1394/3827 5500/1398/3829 5497/1401/3826
f 5499/1402/3828 5497/1401/3826 5500/1398/3829
f 5500/1398/3829 5498/1394/3827 5501/1391/3830
f 5500/1398/3829 5502/1400/3831 5499/1402/3828
f 5499/1402/3828 5502/1400/3831 5492/1396/3821
f 5501/1391/3830 5503/1393/3832 5500/1398/3829
f 5502/1400/3831 5500/1398/3829 5503/1393/3832
f 5503/1393/3832 5501/1391/3830 5504/1389/3833
f 5503/1393/3832 5505/1397/3834 5502/1400/3831
f 5502/1400/3831 5505/1397/3834 5492/1396/3821
f 5504/1389/3833 5506/1390/3835 5503/1393/3832
f 5505/1397/3834 5503/1393/3832 5506/1390/3835
f 5506/1390/3835 5504/1389/3833 5507/1387/3836
f 5505/1397/3834 5508/1395/3837 5492/1396/3821
f 5506/1390/3835 5508/1395/3837 5505/1397/3834
f 5507/1387/3836 5509/1368/3838 5510/1369/3839
f 5507/1387/3836 5511/1388/3840 5506/1390/3835
f 5510/1369/3839 5511/1388/3840 5507/1387/3836
f 5508/1395/3837 5506/1390/3835 5511/1388/3840
f 5511/1388/3840 5510/1369/3839 5512/1372/3841
f 5508/1395/3837 5513/1392/3842 5492/1396/3821
f 5511/1388/3840 5513/1392/3842 5508/1395/3837
f 5512/1372/3841 5513/1392/3842 5511/1388/3840
f 5486/1376/246 5492/1396/3821 5513/1392/3842
f 5513/1392/3842 5512/1372/3841 5486/1376/246
f 5514/1435/3843 5515/1404/3844 5516/1403/3845
f 5516/1403/3845 5517/1406/3846 5514/1435/3843
f 5517/1406/3846 5518/1408/3847 5514/1435/3843
f 5517/1406/3846 5516/1403/3845 5519/1407/3848
f 5520/1436/3849 5518/1408/3847 5517/1406/3846
f 5519/1407/3848 5520/1436/3849 5517/1406/3846
f 5521/1409/3850 5522/1411/3851 5523/1410/3852
f 5523/1410/3852 5524/1412/3853 5521/1409/3850
f 5524/1412/3853 5525/1414/3854 5521/1409/3850
f 5524/1412/3853 5523/1410/3852 5526/1413/3855
f 5527/1405/3856 5525/1414/3854 5524/1412/3853
f 5526/1413/3855 5527/1405/3856 5524/1412/3853
f 5528/1405/3857 5529/1404/3858 5530/1403/3859
f 5530/1403/3859 5531/1437/3860 5528/1405/3857
f 5531/1437/3860 5532/1408/3861 5528/1405/3857
f 5531/1437/3860 5530/1403/3859 5533/1407/3862
f 5534/1409/3863 5532/1408/3861 5531/1437/3860
f 5533/1407/3862 5534/1409/3863 5531/1437/3860
f 5535/1409/3864 5536/1411/3865 5537/1410/3866
f 5537/1410/3866 5538/1412/3867 5535/1409/3864
f 5538/1412/3867 5539/1438/3868 5535/1409/3864
f 5538/1412/3867 5537/1410/3866 5540/1413/3869
f 5541/1405/3870 5539/1438/3868 5538/1412/3867
f 5540/1413/3869 5541/1405/3870 5538/1412/3867
f 5542/1416/3871 5543/674/3872 5544/1415/3873
f 5544/1415/3873 5545/1417/3874 5542/1416/3871
f 5546/1419/3875 5542/1416/3871 5545/1417/3874
f 5545/1417/3874 5544/1415/3873 5547/1418/3876
f 5545/1417/3874 5548/1422/3877 5546/1419/3875
f 5547/1418/3876 5549/1420/3878 5545/1417/3874
f 5548/1422/3877 5545/1417/3874 5549/1420/3878
f 5549/1420/3878 5547/1418/3876 5550/1421/3879
f 5546/1419/3875 5548/1422/3877 5551/1423/246
f 5550/1421/3879 5552/1424/3880 5549/1420/3878
f 5552/1424/3880 5550/1421/3879 5553/1425/3881
f 5549/1420/3878 5554/1426/3882 5548/1422/3877
f 5554/1426/3882 5549/1420/3878 5552/1424/3880
f 5548/1422/3877 5554/1426/3882 5551/1423/246
f 5553/1425/3881 5555/1427/3883 5552/1424/3880
f 5555/1427/3883 5553/1425/3881 5556/1428/3884
f 5552/1424/3880 5557/1429/3885 5554/1426/3882
f 5557/1429/3885 5552/1424/3880 5555/1427/3883
f 5554/1426/3882 5557/1429/3885 5551/1423/246
f 5556/1428/3884 5558/1430/3886 5555/1427/3883
f 5558/1430/3886 5556/1428/3884 5559/673/3887
f 5559/673/3887 5560/1431/3888 5558/1430/3886
f 5555/1427/3883 5561/1432/3889 5557/1429/3885
f 5561/1432/3889 5555/1427/3883 5558/1430/3886
f 5557/1429/3885 5561/1432/3889 5551/1423/246
f 5562/1433/3890 5558/1430/3886 5560/1431/3888
f 5558/1430/3886 5562/1433/3890 5561/1432/3889
f 5561/1432/3889 5562/1433/3890 5551/1423/246
f 5560/1431/3888 5563/1434/3891 5562/1433/3890
f 5562/1433/3890 5563/1434/3891 5551/1423/246
f 5564/1431/3892 5565/673/3893 5566/1428/3894
f 5566/1428/3894 5567/1430/3895 5564/1431/3892
f 5568/1434/3896 5564/1431/3892 5567/1430/3895
f 5567/1430/3895 5566/1428/3894 5569/1425/3897
f 5567/1430/3895 5570/1433/3898 5568/1434/3896
f 5569/1425/3897 5571/1427/3899 5567/1430/3895
f 5570/1433/3898 5567/1430/3895 5571/1427/3899
f 5571/1427/3899 5569/1425/3897 5572/1421/3900
f 5573/1423/244 5568/1434/3896 5570/1433/3898
f 5572/1421/3900 5574/1424/3901 5571/1427/3899
f 5574/1424/3901 5572/1421/3900 5575/1418/3902
f 5571/1427/3899 5576/1432/3903 5570/1433/3898
f 5576/1432/3903 5571/1427/3899 5574/1424/3901
f 5573/1423/244 5570/1433/3898 5576/1432/3903
f 5575/1418/3902 5577/1420/3904 5574/1424/3901
f 5577/1420/3904 5575/1418/3902 5578/1415/3905
f 5574/1424/3901 5579/1429/3906 5576/1432/3903
f 5579/1429/3906 5574/1424/3901 5577/1420/3904
f 5573/1423/244 5576/1432/3903 5579/1429/3906
f 5578/1415/3905 5580/1417/3907 5577/1420/3904
f 5580/1417/3907 5578/1415/3905 5581/674/3908
f 5577/1420/3904 5582/1426/3909 5579/1429/3906
f 5573/1423/244 5579/1429/3906 5582/1426/3909
f 5582/1426/3909 5577/1420/3904 5580/1417/3907
f 5581/674/3908 5583/1416/3910 5580/1417/3907
f 5573/1423/244 5582/1426/3909 5584/1422/3911
f 5580/1417/3907 5584/1422/3911 5582/1426/3909
f 5584/1422/3911 5580/1417/3907 5583/1416/3910
f 5573/1423/244 5584/1422/3911 5585/1419/3912
f 5583/1416/3910 5585/1419/3912 5584/1422/3911
f 5586/1416/3913 5587/674/3914 5588/1415/3915
f 5588/1415/3915 5589/1417/3916 5586/1416/3913
f 5590/1419/3917 5586/1416/3913 5589/1417/3916
f 5589/1417/3916 5588/1415/3915 5591/1418/3918
f 5589/1417/3916 5592/1422/3919 5590/1419/3917
f 5591/1418/3918 5593/1420/3920 5589/1417/3916
f 5592/1422/3919 5589/1417/3916 5593/1420/3920
f 5593/1420/3920 5591/1418/3918 5594/1421/3921
f 5590/1419/3917 5592/1422/3919 5595/1423/246
f 5594/1421/3921 5596/1424/3922 5593/1420/3920
f 5596/1424/3922 5594/1421/3921 5597/1425/3923
f 5593/1420/3920 5598/1426/3924 5592/1422/3919
f 5598/1426/3924 5593/1420/3920 5596/1424/3922
f 5592/1422/3919 5598/1426/3924 5595/1423/246
f 5597/1425/3923 5599/1427/3925 5596/1424/3922
f 5599/1427/3925 5597/1425/3923 5600/1428/3926
f 5596/1424/3922 5601/1429/3927 5598/1426/3924
f 5601/1429/3927 5596/1424/3922 5599/1427/3925
f 5598/1426/3924 5601/1429/3927 5595/1423/246
f 5600/1428/3926 5602/1430/3928 5599/1427/3925
f 5602/1430/3928 5600/1428/3926 5603/673/3929
f 5603/673/3929 5604/1431/3930 5602/1430/3928
f 5599/1427/3925 5605/1432/3931 5601/1429/3927
f 5605/1432/3931 5599/1427/3925 5602/1430/3928
f 5601/1429/3927 5605/1432/3931 5595/1423/246
f 5606/1433/3932 5602/1430/3928 5604/1431/3930
f 5602/1430/3928 5606/1433/3932 5605/1432/3931
f 5605/1432/3931 5606/1433/3932 5595/1423/246
f 5604/1431/3930 5607/1434/3933 5606/1433/3932
f 5606/1433/3932 5607/1434/3933 5595/1423/246
f 5608/1431/3934 5609/673/3935 5610/1428/3936
f 5610/1428/3936 5611/1430/3937 5608/1431/3934
f 5612/1434/3938 5608/1431/3934 5611/1430/3937
f 5611/1430/3937 5610/1428/3936 5613/1425/3939
f 5611/1430/3937 5614/1433/3940 5612/1434/3938
f 5613/1425/3939 5615/1427/3941 5611/1430/3937
f 5614/1433/3940 5611/1430/3937 5615/1427/3941
f 5615/1427/3941 5613/1425/3939 5616/1421/3942
f 5617/1423/244 5612/1434/3938 5614/1433/3940
f 5616/1421/3942 5618/1424/3943 5615/1427/3941
f 5618/1424/3943 5616/1421/3942 5619/1418/3944
f 5615/1427/3941 5620/1432/3945 5614/1433/3940
f 5620/1432/3945 5615/1427/3941 5618/1424/3943
f 5617/1423/244 5614/1433/3940 5620/1432/3945
f 5619/1418/3944 5621/1420/3946 5618/1424/3943
f 5621/1420/3946 5619/1418/3944 5622/1415/3947
f 5618/1424/3943 5623/1429/3948 5620/1432/3945
f 5623/1429/3948 5618/1424/3943 5621/1420/3946
f 5617/1423/244 5620/1432/3945 5623/1429/3948
f 5622/1415/3947 5624/1417/3949 5621/1420/3946
f 5624/1417/3949 5622/1415/3947 5625/674/3950
f 5621/1420/3946 5626/1426/3951 5623/1429/3948
f 5617/1423/244 5623/1429/3948 5626/1426/3951
f 5626/1426/3951 5621/1420/3946 5624/1417/3949
f 5625/674/3950 5627/1416/3952 5624/1417/3949
f 5617/1423/244 5626/1426/3951 5628/1422/3953
f 5624/1417/3949 5628/1422/3953 5626/1426/3951
f 5628/1422/3953 5624/1417/3949 5627/1416/3952
f 5617/1423/244 5628/1422/3953 5629/1419/3954
f 5627/1416/3952 5629/1419/3954 5628/1422/3953
f 5630/1416/3955 5631/674/3956 5632/1415/3957
f 5632/1415/3957 5633/1417/3958 5630/1416/3955
f 5634/1419/3959 5630/1416/3955 5633/1417/3958
f 5633/1417/3958 5632/1415/3957 5635/1418/3960
f 5633/1417/3958 5636/1422/3961 5634/1419/3959
f 5635/1418/3960 5637/1420/3962 5633/1417/3958
f 5636/1422/3961 5633/1417/3958 5637/1420/3962
f 5637/1420/3962 5635/1418/3960 5638/1421/3963
f 5634/1419/3959 5636/1422/3961 5639/1423/246
f 5638/1421/3963 5640/1424/3964 5637/1420/3962
f 5640/1424/3964 5638/1421/3963 5641/1425/3965
f 5637/1420/3962 5642/1426/3966 5636/1422/3961
f 5642/1426/3966 5637/1420/3962 5640/1424/3964
f 5636/1422/3961 5642/1426/3966 5639/1423/246
f 5641/1425/3965 5643/1427/3967 5640/1424/3964
f 5643/1427/3967 5641/1425/3965 5644/1428/3968
f 5640/1424/3964 5645/1429/3969 5642/1426/3966
f 5645/1429/3969 5640/1424/3964 5643/1427/3967
f 5642/1426/3966 5645/1429/3969 5639/1423/246
f 5644/1428/3968 5646/1430/3970 5643/1427/3967
f 5646/1430/3970 5644/1428/3968 5647/673/3887
f 5647/673/3887 5648/1431/3888 5646/1430/3970
f 5643/1427/3967 5649/1432/3971 5645/1429/3969
f 5649/1432/3971 5643/1427/3967 5646/1430/3970
f 5645/1429/3969 5649/1432/3971 5639/1423/246
f 5650/1433/3972 5646/1430/3970 5648/1431/3888
f 5646/1430/3970 5650/1433/3972 5649/1432/3971
f 5649/1432/3971 5650/1433/3972 5639/1423/246
f 5648/1431/3888 5651/1434/3973 5650/1433/3972
f 5650/1433/3972 5651/1434/3973 5639/1423/246
f 5652/1431/3974 5653/673/3893 5654/1428/3975
f 5654/1428/3975 5655/1430/3976 5652/1431/3974
f 5656/1434/3977 5652/1431/3974 5655/1430/3976
f 5655/1430/3976 5654/1428/3975 5657/1425/3978
f 5655/1430/3976 5658/1433/3979 5656/1434/3977
f 5657/1425/3978 5659/1427/3980 5655/1430/3976
f 5658/1433/3979 5655/1430/3976 5659/1427/3980
f 5659/1427/3980 5657/1425/3978 5660/1421/3981
f 5661/1423/244 5656/1434/3977 5658/1433/3979
f 5660/1421/3981 5662/1424/3982 5659/1427/3980
f 5662/1424/3982 5660/1421/3981 5663/1418/3983
f 5659/1427/3980 5664/1432/3984 5658/1433/3979
f 5664/1432/3984 5659/1427/3980 5662/1424/3982
f 5661/1423/244 5658/1433/3979 5664/1432/3984
f 5663/1418/3983 5665/1420/3985 5662/1424/3982
f 5665/1420/3985 5663/1418/3983 5666/1415/3986
f 5662/1424/3982 5667/1429/3987 5664/1432/3984
f 5667/1429/3987 5662/1424/3982 5665/1420/3985
f 5661/1423/244 5664/1432/3984 5667/1429/3987
f 5666/1415/3986 5668/1417/3988 5665/1420/3985
f 5668/1417/3988 5666/1415/3986 5669/674/3989
f 5665/1420/3985 5670/1426/3990 5667/1429/3987
f 5661/1423/244 5667/1429/3987 5670/1426/3990
f 5670/1426/3990 5665/1420/3985 5668/1417/3988
f 5669/674/3989 5671/1416/3991 5668/1417/3988
f 5661/1423/244 5670/1426/3990 5672/1422/3992
f 5668/1417/3988 5672/1422/3992 5670/1426/3990
f 5672/1422/3992 5668/1417/3988 5671/1416/3991
f 5661/1423/244 5672/1422/3992 5673/1419/3993
f 5671/1416/3991 5673/1419/3993 5672/1422/3992
f 5674/1416/3994 5675/674/3995 5676/1415/3996
f 5676/1415/3996 5677/1417/3997 5674/1416/3994
f 5678/1419/3998 5674/1416/3994 5677/1417/3997
f 5677/1417/3997 5676/1415/3996 5679/1418/3999
f 5677/1417/3997 5680/1422/4000 5678/1419/3998
f 5679/1418/3999 5681/1420/4001 5677/1417/3997
f 5680/1422/4000 5677/1417/3997 5681/1420/4001
f 5681/1420/4001 5679/1418/3999 5682/1421/4002
f 5678/1419/3998 5680/1422/4000 5683/1423/246
f 5682/1421/4002 5684/1424/4003 5681/1420/4001
f 5684/1424/4003 5682/1421/4002 5685/1425/4004
f 5681/1420/4001 5686/1426/4005 5680/1422/4000
f 5686/1426/4005 5681/1420/4001 5684/1424/4003
f 5680/1422/4000 5686/1426/4005 5683/1423/246
f 5685/1425/4004 5687/1427/4006 5684/1424/4003
f 5687/1427/4006 5685/1425/4004 5688/1428/4007
f 5684/1424/4003 5689/1429/4008 5686/1426/4005
f 5689/1429/4008 5684/1424/4003 5687/1427/4006
f 5686/1426/4005 5689/1429/4008 5683/1423/246
f 5688/1428/4007 5690/1430/4009 5687/1427/4006
f 5690/1430/4009 5688/1428/4007 5691/673/4010
f 5691/673/4010 5692/1431/3930 5690/1430/4009
f 5687/1427/4006 5693/1432/4011 5689/1429/4008
f 5693/1432/4011 5687/1427/4006 5690/1430/4009
f 5689/1429/4008 5693/1432/4011 5683/1423/246
f 5694/1433/4012 5690/1430/4009 5692/1431/3930
f 5690/1430/4009 5694/1433/4012 5693/1432/4011
f 5693/1432/4011 5694/1433/4012 5683/1423/246
f 5692/1431/3930 5695/1434/3933 5694/1433/4012
f 5694/1433/4012 5695/1434/3933 5683/1423/246
f 5696/1431/4013 5697/673/4014 5698/1428/4015
f 5698/1428/4015 5699/1430/4016 5696/1431/4013
f 5700/1434/3938 5696/1431/4013 5699/1430/4016
f 5699/1430/4016 5698/1428/4015 5701/1425/4017
f 5699/1430/4016 5702/1433/4018 5700/1434/3938
f 5701/1425/4017 5703/1427/3941 5699/1430/4016
f 5702/1433/4018 5699/1430/4016 5703/1427/3941
f 5703/1427/3941 5701/1425/4017 5704/1421/4019
f 5705/1423/244 5700/1434/3938 5702/1433/4018
f 5704/1421/4019 5706/1424/4020 5703/1427/3941
f 5706/1424/4020 5704/1421/4019 5707/1418/4021
f 5703/1427/3941 5708/1432/4022 5702/1433/4018
f 5708/1432/4022 5703/1427/3941 5706/1424/4020
f 5705/1423/244 5702/1433/4018 5708/1432/4022
f 5707/1418/4021 5709/1420/4023 5706/1424/4020
f 5709/1420/4023 5707/1418/4021 5710/1415/4024
f 5706/1424/4020 5711/1429/4025 5708/1432/4022
f 5711/1429/4025 5706/1424/4020 5709/1420/4023
f 5705/1423/244 5708/1432/4022 5711/1429/4025
f 5710/1415/4024 5712/1417/4026 5709/1420/4023
f 5712/1417/4026 5710/1415/4024 5713/674/4027
f 5709/1420/4023 5714/1426/4028 5711/1429/4025
f 5705/1423/244 5711/1429/4025 5714/1426/4028
f 5714/1426/4028 5709/1420/4023 5712/1417/4026
f 5713/674/4027 5715/1416/4029 5712/1417/4026
f 5705/1423/244 5714/1426/4028 5716/1422/4030
f 5712/1417/4026 5716/1422/4030 5714/1426/4028
f 5716/1422/4030 5712/1417/4026 5715/1416/4029
f 5705/1423/244 5716/1422/4030 5717/1419/4031
f 5715/1416/4029 5717/1419/4031 5716/1422/4030
f 5718/1415/4032 5719/674/4033 5720/1416/4034
f 5720/1416/4034 5721/1417/4035 5718/1415/4032
f 5722/1418/4036 5718/1415/4032 5721/1417/4035
f 5721/1417/4035 5720/1416/4034 5723/1419/4037
f 5721/1417/4035 5724/1420/4038 5722/1418/4036
f 5725/1421/4039 5722/1418/4036 5724/1420/4038
f 5723/1419/4037 5726/1422/4040 5721/1417/4035
f 5724/1420/4038 5721/1417/4035 5726/1422/4040
f 5726/1422/4040 5723/1419/4037 5727/1423/246
f 5724/1420/4038 5728/1424/4041 5725/1421/4039
f 5729/1425/4042 5725/1421/4039 5728/1424/4041
f 5726/1422/4040 5730/1426/4043 5724/1420/4038
f 5728/1424/4041 5724/1420/4038 5730/1426/4043
f 5730/1426/4043 5726/1422/4040 5727/1423/246
f 5728/1424/4041 5731/1427/4044 5729/1425/4042
f 5732/1428/4045 5729/1425/4042 5731/1427/4044
f 5730/1426/4043 5733/1429/4046 5728/1424/4041
f 5731/1427/4044 5728/1424/4041 5733/1429/4046
f 5733/1429/4046 5730/1426/4043 5727/1423/246
f 5731/1427/4044 5734/1430/4047 5732/1428/4045
f 5735/673/4048 5732/1428/4045 5734/1430/4047
f 5734/1430/4047 5736/1431/4049 5735/673/4048
f 5733/1429/4046 5737/1432/4050 5731/1427/4044
f 5734/1430/4047 5731/1427/4044 5737/1432/4050
f 5737/1432/4050 5733/1429/4046 5727/1423/246
f 5736/1431/4049 5734/1430/4047 5738/1433/4051
f 5737/1432/4050 5738/1433/4051 5734/1430/4047
f 5738/1433/4051 5737/1432/4050 5727/1423/246
f 5738/1433/4051 5739/1434/4052 5736/1431/4049
f 5739/1434/4052 5738/1433/4051 5727/1423/246
f 5740/1428/4053 5741/673/4054 5742/1431/4055
f 5742/1431/4055 5743/1430/4056 5740/1428/4053
f 5744/1425/4057 5740/1428/4053 5743/1430/4056
f 5743/1430/4056 5742/1431/4055 5745/1434/4058
f 5743/1430/4056 5746/1427/4059 5744/1425/4057
f 5747/1421/4060 5744/1425/4057 5746/1427/4059
f 5745/1434/4058 5748/1433/4061 5743/1430/4056
f 5746/1427/4059 5743/1430/4056 5748/1433/4061
f 5745/1434/4058 5749/1423/244 5748/1433/4061
f 5746/1427/4059 5750/1424/4062 5747/1421/4060
f 5751/1418/4063 5747/1421/4060 5750/1424/4062
f 5748/1433/4061 5752/1432/4064 5746/1427/4059
f 5750/1424/4062 5746/1427/4059 5752/1432/4064
f 5748/1433/4061 5749/1423/244 5752/1432/4064
f 5750/1424/4062 5753/1420/4065 5751/1418/4063
f 5754/1415/4066 5751/1418/4063 5753/1420/4065
f 5752/1432/4064 5755/1429/4067 5750/1424/4062
f 5753/1420/4065 5750/1424/4062 5755/1429/4067
f 5752/1432/4064 5749/1423/244 5755/1429/4067
f 5753/1420/4065 5756/1417/4068 5754/1415/4066
f 5757/674/4069 5754/1415/4066 5756/1417/4068
f 5755/1429/4067 5758/1426/4070 5753/1420/4065
f 5755/1429/4067 5749/1423/244 5758/1426/4070
f 5756/1417/4068 5753/1420/4065 5758/1426/4070
f 5756/1417/4068 5759/1416/4071 5757/674/4069
f 5758/1426/4070 5749/1423/244 5760/1422/4072
f 5758/1426/4070 5760/1422/4072 5756/1417/4068
f 5759/1416/4071 5756/1417/4068 5760/1422/4072
f 5760/1422/4072 5749/1423/244 5761/1419/4073
f 5760/1422/4072 5761/1419/4073 5759/1416/4071
f 5762/1415/4074 5763/674/4075 5764/1416/4076
f 5764/1416/4076 5765/1417/4077 5762/1415/4074
f 5766/1418/4078 5762/1415/4074 5765/1417/4077
f 5765/1417/4077 5764/1416/4076 5767/1419/4079
f 5765/1417/4077 5768/1420/4080 5766/1418/4078
f 5769/1421/4081 5766/1418/4078 5768/1420/4080
f 5767/1419/4079 5770/1422/4082 5765/1417/4077
f 5768/1420/4080 5765/1417/4077 5770/1422/4082
f 5770/1422/4082 5767/1419/4079 5771/1423/246
f 5768/1420/4080 5772/1424/4083 5769/1421/4081
f 5773/1425/4084 5769/1421/4081 5772/1424/4083
f 5770/1422/4082 5774/1426/4085 5768/1420/4080
f 5772/1424/4083 5768/1420/4080 5774/1426/4085
f 5774/1426/4085 5770/1422/4082 5771/1423/246
f 5772/1424/4083 5775/1427/4086 5773/1425/4084
f 5776/1428/4087 5773/1425/4084 5775/1427/4086
f 5774/1426/4085 5777/1429/4088 5772/1424/4083
f 5775/1427/4086 5772/1424/4083 5777/1429/4088
f 5777/1429/4088 5774/1426/4085 5771/1423/246
f 5775/1427/4086 5778/1430/4089 5776/1428/4087
f 5779/673/4090 5776/1428/4087 5778/1430/4089
f 5778/1430/4089 5780/1431/4091 5779/673/4090
f 5777/1429/4088 5781/1432/4092 5775/1427/4086
f 5778/1430/4089 5775/1427/4086 5781/1432/4092
f 5781/1432/4092 5777/1429/4088 5771/1423/246
f 5780/1431/4091 5778/1430/4089 5782/1433/4093
f 5781/1432/4092 5782/1433/4093 5778/1430/4089
f 5782/1433/4093 5781/1432/4092 5771/1423/246
f 5782/1433/4093 5783/1434/4094 5780/1431/4091
f 5783/1434/4094 5782/1433/4093 5771/1423/246
f 5784/1428/4095 5785/673/4096 5786/1431/4097
f 5786/1431/4097 5787/1430/4098 5784/1428/4095
f 5788/1425/4099 5784/1428/4095 5787/1430/4098
f 5787/1430/4098 5786/1431/4097 5789/1434/4100
f 5787/1430/4098 5790/1427/4101 5788/1425/4099
f 5791/1421/4102 5788/1425/4099 5790/1427/4101
f 5789/1434/4100 5792/1433/4103 5787/1430/4098
f 5790/1427/4101 5787/1430/4098 5792/1433/4103
f 5789/1434/4100 5793/1423/244 5792/1433/4103
f 5790/1427/4101 5794/1424/4104 5791/1421/4102
f 5795/1418/4105 5791/1421/4102 5794/1424/4104
f 5792/1433/4103 5796/1432/4106 5790/1427/4101
f 5794/1424/4104 5790/1427/4101 5796/1432/4106
f 5792/1433/4103 5793/1423/244 5796/1432/4106
f 5794/1424/4104 5797/1420/4107 5795/1418/4105
f 5798/1415/4108 5795/1418/4105 5797/1420/4107
f 5796/1432/4106 5799/1429/4109 5794/1424/4104
f 5797/1420/4107 5794/1424/4104 5799/1429/4109
f 5796/1432/4106 5793/1423/244 5799/1429/4109
f 5797/1420/4107 5800/1417/4110 5798/1415/4108
f 5801/674/4111 5798/1415/4108 5800/1417/4110
f 5799/1429/4109 5802/1426/4112 5797/1420/4107
f 5799/1429/4109 5793/1423/244 5802/1426/4112
f 5800/1417/4110 5797/1420/4107 5802/1426/4112
f 5800/1417/4110 5803/1416/4113 5801/674/4111
f 5802/1426/4112 5793/1423/244 5804/1422/4114
f 5802/1426/4112 5804/1422/4114 5800/1417/4110
f 5803/1416/4113 5800/1417/4110 5804/1422/4114
f 5804/1422/4114 5793/1423/244 5805/1419/4115
f 5804/1422/4114 5805/1419/4115 5803/1416/4113
f 5806/1415/4116 5807/674/4117 5808/1416/4118
f 5808/1416/4118 5809/1417/4119 5806/1415/4116
f 5810/1418/4120 5806/1415/4116 5809/1417/4119
f 5809/1417/4119 5808/1416/4118 5811/1419/4121
f 5809/1417/4119 5812/1420/4122 5810/1418/4120
f 5813/1421/4123 5810/1418/4120 5812/1420/4122
f 5811/1419/4121 5814/1422/4124 5809/1417/4119
f 5812/1420/4122 5809/1417/4119 5814/1422/4124
f 5814/1422/4124 5811/1419/4121 5815/1423/246
f 5812/1420/4122 5816/1424/4125 5813/1421/4123
f 5817/1425/4126 5813/1421/4123 5816/1424/4125
f 5814/1422/4124 5818/1426/4127 5812/1420/4122
f 5816/1424/4125 5812/1420/4122 5818/1426/4127
f 5818/1426/4127 5814/1422/4124 5815/1423/246
f 5816/1424/4125 5819/1427/4128 5817/1425/4126
f 5820/1428/4129 5817/1425/4126 5819/1427/4128
f 5818/1426/4127 5821/1429/4130 5816/1424/4125
f 5819/1427/4128 5816/1424/4125 5821/1429/4130
f 5821/1429/4130 5818/1426/4127 5815/1423/246
f 5819/1427/4128 5822/1430/4131 5820/1428/4129
f 5823/673/4132 5820/1428/4129 5822/1430/4131
f 5822/1430/4131 5824/1431/4133 5823/673/4132
f 5821/1429/4130 5825/1432/4134 5819/1427/4128
f 5822/1430/4131 5819/1427/4128 5825/1432/4134
f 5825/1432/4134 5821/1429/4130 5815/1423/246
f 5824/1431/4133 5822/1430/4131 5826/1433/4135
f 5825/1432/4134 5826/1433/4135 5822/1430/4131
f 5826/1433/4135 5825/1432/4134 5815/1423/246
f 5826/1433/4135 5827/1434/4136 5824/1431/4133
f 5827/1434/4136 5826/1433/4135 5815/1423/246
f 5828/1428/4137 5829/673/4138 5830/1431/4139
f 5830/1431/4139 5831/1430/4140 5828/1428/4137
f 5832/1425/4141 5828/1428/4137 5831/1430/4140
f 5831/1430/4140 5830/1431/4139 5833/1434/4142
f 5831/1430/4140 5834/1427/4143 5832/1425/4141
f 5835/1421/4144 5832/1425/4141 5834/1427/4143
f 5833/1434/4142 5836/1433/4145 5831/1430/4140
f 5834/1427/4143 5831/1430/4140 5836/1433/4145
f 5833/1434/4142 5837/1423/244 5836/1433/4145
f 5834/1427/4143 5838/1424/4146 5835/1421/4144
f 5839/1418/4147 5835/1421/4144 5838/1424/4146
f 5836/1433/4145 5840/1432/4148 5834/1427/4143
f 5838/1424/4146 5834/1427/4143 5840/1432/4148
f 5836/1433/4145 5837/1423/244 5840/1432/4148
f 5838/1424/4146 5841/1420/4149 5839/1418/4147
f 5842/1415/4150 5839/1418/4147 5841/1420/4149
f 5840/1432/4148 5843/1429/4151 5838/1424/4146
f 5841/1420/4149 5838/1424/4146 5843/1429/4151
f 5840/1432/4148 5837/1423/244 5843/1429/4151
f 5841/1420/4149 5844/1417/4152 5842/1415/4150
f 5845/674/4153 5842/1415/4150 5844/1417/4152
f 5843/1429/4151 5846/1426/4154 5841/1420/4149
f 5843/1429/4151 5837/1423/244 5846/1426/4154
f 5844/1417/4152 5841/1420/4149 5846/1426/4154
f 5844/1417/4152 5847/1416/4155 5845/674/4153
f 5846/1426/4154 5837/1423/244 5848/1422/4156
f 5846/1426/4154 5848/1422/4156 5844/1417/4152
f 5847/1416/4155 5844/1417/4152 5848/1422/4156
f 5848/1422/4156 5837/1423/244 5849/1419/4157
f 5848/1422/4156 5849/1419/4157 5847/1416/4155
f 5850/1415/4158 5851/674/4159 5852/1416/4160
f 5852/1416/4160 5853/1417/4161 5850/1415/4158
f 5854/1418/4162 5850/1415/4158 5853/1417/4161
f 5853/1417/4161 5852/1416/4160 5855/1419/4163
f 5853/1417/4161 5856/1420/4164 5854/1418/4162
f 5857/1421/4165 5854/1418/4162 5856/1420/4164
f 5855/1419/4163 5858/1422/4166 5853/1417/4161
f 5856/1420/4164 5853/1417/4161 5858/1422/4166
f 5858/1422/4166 5855/1419/4163 5859/1423/246
f 5856/1420/4164 5860/1424/4167 5857/1421/4165
f 5861/1425/4168 5857/1421/4165 5860/1424/4167
f 5858/1422/4166 5862/1426/4169 5856/1420/4164
f 5860/1424/4167 5856/1420/4164 5862/1426/4169
f 5862/1426/4169 5858/1422/4166 5859/1423/246
f 5860/1424/4167 5863/1427/4170 5861/1425/4168
f 5864/1428/4171 5861/1425/4168 5863/1427/4170
f 5862/1426/4169 5865/1429/4172 5860/1424/4167
f 5863/1427/4170 5860/1424/4167 5865/1429/4172
f 5865/1429/4172 5862/1426/4169 5859/1423/246
f 5863/1427/4170 5866/1430/4173 5864/1428/4171
f 5867/673/4174 5864/1428/4171 5866/1430/4173
f 5866/1430/4173 5868/1431/4175 5867/673/4174
f 5865/1429/4172 5869/1432/4176 5863/1427/4170
f 5866/1430/4173 5863/1427/4170 5869/1432/4176
f 5869/1432/4176 5865/1429/4172 5859/1423/246
f 5868/1431/4175 5866/1430/4173 5870/1433/4177
f 5869/1432/4176 5870/1433/4177 5866/1430/4173
f 5870/1433/4177 5869/1432/4176 5859/1423/246
f 5870/1433/4177 5871/1434/4178 5868/1431/4175
f 5871/1434/4178 5870/1433/4177 5859/1423/246
f 5872/1428/4179 5873/673/4180 5874/1431/4181
f 5874/1431/4181 5875/1430/4182 5872/1428/4179
f 5876/1425/4183 5872/1428/4179 5875/1430/4182
f 5875/1430/4182 5874/1431/4181 5877/1434/4184
f 5875/1430/4182 5878/1427/4185 5876/1425/4183
f 5879/1421/4186 5876/1425/4183 5878/1427/4185
f 5877/1434/4184 5880/1433/4187 5875/1430/4182
f 5878/1427/4185 5875/1430/4182 5880/1433/4187
f 5877/1434/4184 5881/1423/244 5880/1433/4187
f 5878/1427/4185 5882/1424/4188 5879/1421/4186
f 5883/1418/4189 5879/1421/4186 5882/1424/4188
f 5880/1433/4187 5884/1432/4190 5878/1427/4185
f 5882/1424/4188 5878/1427/4185 5884/1432/4190
f 5880/1433/4187 5881/1423/244 5884/1432/4190
f 5882/1424/4188 5885/1420/4191 5883/1418/4189
f 5886/1415/4192 5883/1418/4189 5885/1420/4191
f 5884/1432/4190 5887/1429/4193 5882/1424/4188
f 5885/1420/4191 5882/1424/4188 5887/1429/4193
f 5884/1432/4190 5881/1423/244 5887/1429/4193
f 5885/1420/4191 5888/1417/4194 5886/1415/4192
f 5889/674/4195 5886/1415/4192 5888/1417/4194
f 5887/1429/4193 5890/1426/4196 5885/1420/4191
f 5887/1429/4193 5881/1423/244 5890/1426/4196
f 5888/1417/4194 5885/1420/4191 5890/1426/4196
f 5888/1417/4194 5891/1416/4197 5889/674/4195
f 5890/1426/4196 5881/1423/244 5892/1422/4198
f 5890/1426/4196 5892/1422/4198 5888/1417/4194
f 5891/1416/4197 5888/1417/4194 5892/1422/4198
f 5892/1422/4198 5881/1423/244 5893/1419/4199
f 5892/1422/4198 5893/1419/4199 5891/1416/4197
f 5894/180/743 5895/1439/743 5896/181/743
f 5895/1439/743 5897/717/743 5896/181/743
f 5897/717/743 5898/184/743 5896/181/743
f 5895/1439/743 5899/188/743 5897/717/743
f 5899/188/743 5900/187/743 5897/717/743
f 5900/187/743 5901/186/743 5897/717/743
f 5902/1439/273 5903/183/273 5904/182/273
f 5905/717/273 5902/1439/273 5904/182/273
f 5906/185/273 5905/717/273 5904/182/273
f 5907/183/273 5902/1439/273 5905/717/273
f 5907/183/273 5905/717/273 5908/182/273
f 5905/717/273 5909/185/273 5908/182/273
f 5910/746/273 5911/742/273 5912/741/4200
f 5912/741/4200 5913/1440/4201 5910/746/273
f 5914/747/273 5910/746/273 5913/1440/4201
f 5913/1440/4201 5915/748/4200 5914/747/273
f 5913/1440/4201 5912/741/4200 5916/739/4202
f 5917/749/4202 5915/748/4200 5913/1440/4201
f 5916/739/4202 5918/1441/4203 5913/1440/4201
f 5913/1440/4201 5918/1441/4203 5917/749/4202
f 5918/1441/4203 5916/739/4202 5919/738/4204
f 5920/738/4204 5917/749/4202 5918/1441/4203
f 5919/738/4204 5921/1442/4204 5918/1441/4203
f 5918/1441/4203 5921/1442/4204 5920/738/4204
f 5922/1443/4205 5923/1444/4206 5924/1445/4206
f 5924/1445/4206 5925/1446/4207 5922/1443/4205
f 5926/1447/4208 5922/1443/4205 5925/1446/4207
f 5922/1443/4205 5926/1447/4208 5927/839/4209
f 5927/839/4209 5928/1448/4210 5922/1443/4205
f 5929/1443/4211 5928/1448/4210 5927/839/4209
f 5927/839/4209 5930/1447/4212 5929/1443/4211
f 5929/1443/4211 5930/1447/4212 5931/1446/4213
f 5929/1443/4211 5931/1446/4213 5932/1445/4214
f 5932/1445/4214 5933/1444/4214 5929/1443/4211
f 5934/1282/4215 5935/1281/4216 5936/1449/4216
f 5936/1449/4216 5937/1450/4217 5934/1282/4215
f 5938/1451/4218 5934/1282/4215 5937/1450/4217
f 5934/1282/4215 5938/1451/4218 5939/1452/4219
f 5939/1452/4219 5940/1283/4220 5934/1282/4215
f 5941/1282/4221 5940/1283/4220 5939/1452/4219
f 5939/1452/4219 5942/1451/4222 5941/1282/4221
f 5941/1282/4221 5942/1451/4222 5943/1450/4223
f 5943/1450/4223 5944/1453/4224 5941/1282/4221
f 5944/1453/4224 5945/1454/4225 5941/1282/4221
f 5945/1454/4225 5946/1040/4226 5941/1282/4221
f 5946/1040/4226 5947/1281/4227 5941/1282/4221
f 5948/1445/4228 5949/1444/4228 5950/1443/4229
f 5950/1443/4229 5951/1446/4230 5948/1445/4228
f 5950/1443/4229 5952/1447/4231 5951/1446/4230
f 5953/839/4232 5952/1447/4231 5950/1443/4229
f 5950/1443/4229 5954/1448/4233 5953/839/4232
f 5953/839/4232 5954/1448/4233 5955/1443/4234
f 5955/1443/4234 5956/1447/4235 5953/839/4232
f 5956/1447/4235 5955/1443/4234 5957/1446/4236
f 5958/1445/4237 5957/1446/4236 5955/1443/4234
f 5955/1443/4234 5959/1444/4237 5958/1445/4237
f 5960/1449/4238 5961/1281/4238 5962/1282/4239
f 5962/1282/4239 5963/1450/4240 5960/1449/4238
f 5962/1282/4239 5964/1451/4241 5963/1450/4240
f 5965/1452/4242 5964/1451/4241 5962/1282/4239
f 5962/1282/4239 5966/1283/4243 5965/1452/4242
f 5965/1452/4242 5966/1283/4243 5967/1282/4244
f 5967/1282/4244 5968/1451/4245 5965/1452/4242
f 5968/1451/4245 5967/1282/4244 5969/1450/4246
f 5970/1453/4247 5969/1450/4246 5967/1282/4244
f 5971/1454/4248 5970/1453/4247 5967/1282/4244
f 5971/1454/4248 5967/1282/4244 5972/1040/4249
f 5967/1282/4244 5973/1281/4249 5972/1040/4249
f 5974/1455/4250 5975/1456/4251 5976/1457/4252
f 5976/1457/4252 5977/1458/4253 5974/1455/4250
f 5977/1458/4253 5976/1457/4252 5978/1459/4254
f 5979/1456/4255 5974/1455/4250 5977/1458/4253
f 5978/1459/4254 5980/1460/4256 5977/1458/4253
f 5977/1458/4253 5981/1457/4257 5979/1456/4255
f 5981/1457/4257 5977/1458/4253 5980/1460/4256
f 5982/1461/4258 5979/1456/4255 5981/1457/4257
f 5980/1460/4256 5983/1459/4259 5981/1457/4257
f 5984/1462/4260 5982/1461/4258 5985/1463/2159
f 5986/1464/4261 5981/1457/4257 5983/1459/4259
f 5982/1461/4258 5981/1457/4257 5986/1464/4261
f 5982/1461/4258 5986/1464/4261 5985/1463/2159
f 5983/1459/4259 5987/1465/4262 5986/1464/4261
f 5986/1464/4261 5988/1466/2158 5985/1463/2159
f 5989/1467/4263 5990/1468/4264 5991/1469/4265
f 5991/1469/4265 5992/1470/4266 5989/1467/4263
f 5989/1467/4263 5992/1470/4266 5993/1471/4267
f 5994/1472/4268 5989/1467/4263 5993/1471/4267
f 5995/1473/4269 5994/1472/4268 5993/1471/4267
f 5996/1474/4270 5989/1467/4263 5994/1472/4268
f 5994/1472/4268 5995/1473/4269 5997/1471/4271
f 5998/1475/4272 5996/1474/4270 5999/1476/4273
f 5996/1474/4270 5994/1472/4268 5999/1476/4273
f 6000/1477/4274 6001/1478/4275 5999/1476/4273
f 5999/1476/4273 6002/1479/4276 6000/1477/4274
f 5994/1472/4268 6002/1479/4276 5999/1476/4273
f 6000/1477/4274 6002/1479/4276 6003/1476/4277
f 6003/1476/4277 6004/1478/4278 6000/1477/4274
f 6002/1479/4276 5994/1472/4268 6003/1476/4277
f 6005/1474/4279 6006/1475/4280 6003/1476/4277
f 5994/1472/4268 6005/1474/4279 6003/1476/4277
f 5994/1472/4268 6007/1467/4281 6005/1474/4279
f 6007/1467/4281 5994/1472/4268 5997/1471/4271
f 6008/1470/4282 6007/1467/4281 5997/1471/4271
f 6007/1467/4281 6008/1470/4282 6009/1469/4283
f 6009/1469/4283 6010/1468/4284 6007/1467/4281
f 6011/338/743 6012/337/743 6013/1480/743
f 6011/338/743 6013/1480/743 6014/1481/743
f 6013/1480/743 6015/1482/743 6014/1481/743
f 6014/1481/743 6015/1482/743 6016/1483/743
f 6017/1060/743 6011/338/743 6014/1481/743
f 6016/1483/743 6018/1484/743 6019/1485/743
f 6014/1481/743 6016/1483/743 6019/1485/743
f 6019/1485/743 6020/1486/743 6021/1487/743
f 6022/1488/743 6019/1485/743 6021/1487/743
f 6022/1488/743 6014/1481/743 6019/1485/743
f 6014/1481/743 6022/1488/743 6017/1060/743
f 6022/1488/743 6023/1489/743 6017/1060/743
f 6023/1489/743 6024/336/743 6017/1060/743
f 6024/336/743 6025/335/743 6017/1060/743
f 6026/1490/273 6027/1491/273 6028/1492/273
f 6026/1490/273 6028/1492/273 6029/1493/273
f 6026/1490/273 6029/1493/273 6030/1494/273
f 6029/1493/273 6028/1492/273 6031/1495/273
f 6029/1493/273 6032/1496/273 6030/1494/273
f 6031/1495/273 6033/1497/273 6034/1498/273
f 6029/1493/273 6031/1495/273 6034/1498/273
f 6035/1499/273 6029/1493/273 6034/1498/273
f 6029/1493/273 6035/1499/273 6036/1500/273
f 6032/1496/273 6029/1493/273 6037/1501/273
f 6029/1493/273 6036/1500/273 6037/1501/273
f 6036/1500/273 6038/1502/273 6037/1501/273
f 6032/1496/273 6037/1501/273 6039/1503/273
f 6037/1501/273 6040/1504/273 6039/1503/273
f 6041/1505/4285 6042/1506/4286 6043/1507/4287
f 6043/1507/4287 6044/1508/4288 6041/1505/4285
f 6045/1509/4289 6041/1505/4285 6044/1508/4288
f 6044/1508/4288 6043/1507/4287 6046/1510/4290
f 6044/1508/4288 6047/1511/4291 6045/1509/4289
f 6048/1512/4292 6045/1509/4289 6047/1511/4291
f 6046/1510/4290 6049/1513/4293 6044/1508/4288
f 6047/1511/4291 6044/1508/4288 6049/1513/4293
f 6047/1511/4291 6050/1514/4294 6048/1512/4292
f 6051/1515/4295 6048/1512/4292 6050/1514/4294
f 6049/1513/4293 6052/1516/4296 6047/1511/4291
f 6050/1514/4294 6047/1511/4291 6052/1516/4296
f 6053/1517/4297 6049/1513/4293 6046/1510/4290
f 6046/1510/4290 6054/1518/4298 6053/1517/4297
f 6055/1519/4299 6052/1516/4296 6049/1513/4293
f 6049/1513/4293 6053/1517/4297 6055/1519/4299
f 6056/1520/4300 6053/1517/4297 6054/1518/4298
f 6054/1518/4298 6057/1521/4301 6056/1520/4300
f 6058/1522/4302 6055/1519/4299 6053/1517/4297
f 6053/1517/4297 6056/1520/4300 6058/1522/4302
f 6059/1523/4303 6056/1520/4300 6057/1521/4301
f 6057/1521/4301 6060/1524/4304 6059/1523/4303
f 6060/1524/4304 6061/1525/4305 6062/1526/4306
f 6062/1526/4306 6059/1523/4303 6060/1524/4304
f 6059/1523/4303 6062/1526/4306 6063/1527/4307
f 6056/1520/4300 6059/1523/4303 6064/1528/4308
f 6063/1527/4307 6064/1528/4308 6059/1523/4303
f 6064/1528/4308 6058/1522/4302 6056/1520/4300
f 6064/1528/4308 6063/1527/4307 6065/1529/4309
f 6065/1529/4309 6066/1530/4310 6064/1528/4308
f 6058/1522/4302 6064/1528/4308 6066/1530/4310
f 6066/1530/4310 6065/1529/4309 6067/1531/4311
f 6066/1530/4310 6068/1532/4312 6058/1522/4302
f 6055/1519/4299 6058/1522/4302 6068/1532/4312
f 6067/1531/4311 6069/1533/4313 6066/1530/4310
f 6068/1532/4312 6066/1530/4310 6069/1533/4313
f 6069/1533/4313 6067/1531/4311 6070/1534/4314
f 6068/1532/4312 6071/1535/4315 6055/1519/4299
f 6052/1516/4296 6055/1519/4299 6071/1535/4315
f 6069/1533/4313 6072/1536/4316 6068/1532/4312
f 6071/1535/4315 6068/1532/4312 6072/1536/4316
f 6070/1534/4314 6073/1537/4317 6069/1533/4313
f 6072/1536/4316 6069/1533/4313 6073/1537/4317
f 6073/1537/4317 6070/1534/4314 6074/1538/4318
f 6071/1535/4315 6075/1539/4319 6052/1516/4296
f 6052/1516/4296 6075/1539/4319 6050/1514/4294
f 6072/1536/4316 6076/1540/4320 6071/1535/4315
f 6075/1539/4319 6071/1535/4315 6076/1540/4320
f 6073/1537/4317 6077/1541/4321 6072/1536/4316
f 6076/1540/4320 6072/1536/4316 6077/1541/4321
f 6074/1538/4318 6078/1542/4322 6073/1537/4317
f 6077/1541/4321 6073/1537/4317 6078/1542/4322
f 6079/1543/4323 6078/1542/4322 6074/1538/4318
f 6074/1538/4318 6080/1544/4324 6079/1543/4323
f 6078/1542/4322 6081/1545/4325 6077/1541/4321
f 6082/1546/4326 6079/1543/4323 6080/1544/4324
f 6080/1544/4324 6083/1547/4327 6082/1546/4326
f 6082/1546/4326 6083/1547/4327 6084/1548/4328
f 6078/1542/4322 6079/1543/4323 6085/1549/4329
f 6085/1549/4329 6081/1545/4325 6078/1542/4322
f 6079/1543/4323 6082/1546/4326 6086/1550/4330
f 6086/1550/4330 6085/1549/4329 6079/1543/4323
f 6084/1548/4328 6087/1551/4331 6082/1546/4326
f 6086/1550/4330 6082/1546/4326 6087/1551/4331
f 6087/1551/4331 6084/1548/4328 6088/1552/4332
f 6088/1552/4332 6089/1553/4333 6087/1551/4331
f 6089/1553/4333 6088/1552/4332 6090/1554/4334
f 6087/1551/4331 6091/1555/4335 6086/1550/4330
f 6091/1555/4335 6087/1551/4331 6089/1553/4333
f 6090/1554/4334 6092/1556/4336 6089/1553/4333
f 6092/1556/4336 6090/1554/4334 6093/1557/4337
f 6089/1553/4333 6094/1558/4338 6091/1555/4335
f 6094/1558/4338 6089/1553/4333 6092/1556/4336
f 6095/1559/4339 6086/1550/4330 6091/1555/4335
f 6085/1549/4329 6086/1550/4330 6095/1559/4339
f 6096/1560/4340 6091/1555/4335 6094/1558/4338
f 6091/1555/4335 6096/1560/4340 6095/1559/4339
f 6093/1557/4337 6097/1561/4341 6092/1556/4336
f 6097/1561/4341 6093/1557/4337 6098/1562/4342
f 6092/1556/4336 6099/1563/4343 6094/1558/4338
f 6099/1563/4343 6092/1556/4336 6097/1561/4341
f 6094/1558/4338 6100/1564/4344 6096/1560/4340
f 6100/1564/4344 6094/1558/4338 6099/1563/4343
f 6098/1562/4342 6101/1565/4345 6097/1561/4341
f 6101/1565/4345 6098/1562/4342 6102/1566/4346
f 6097/1561/4341 6103/1567/4347 6099/1563/4343
f 6103/1567/4347 6097/1561/4341 6101/1565/4345
f 6102/1566/4346 6104/1568/4348 6101/1565/4345
f 6104/1568/4348 6102/1566/4346 6105/1569/4349
f 6101/1565/4345 6106/1570/4350 6103/1567/4347
f 6106/1570/4350 6101/1565/4345 6104/1568/4348
f 6107/1571/4351 6099/1563/4343 6103/1567/4347
f 6099/1563/4343 6107/1571/4351 6100/1564/4344
f 6105/1569/4349 6108/1572/4352 6104/1568/4348
f 6108/1572/4352 6105/1569/4349 6109/1573/4353
f 6110/1574/4354 6104/1568/4348 6108/1572/4352
f 6104/1568/4348 6110/1574/4354 6106/1570/4350
f 6109/1573/4353 6111/1575/4355 6108/1572/4352
f 6112/1576/4356 6103/1567/4347 6106/1570/4350
f 6103/1567/4347 6112/1576/4356 6107/1571/4351
f 6113/1577/4357 6106/1570/4350 6110/1574/4354
f 6106/1570/4350 6113/1577/4357 6112/1576/4356
f 6108/1572/4352 6114/1578/4358 6110/1574/4354
f 6114/1578/4358 6108/1572/4352 6111/1575/4355
f 6110/1574/4354 6115/1579/4359 6113/1577/4357
f 6115/1579/4359 6110/1574/4354 6114/1578/4358
f 6116/1580/4360 6112/1576/4356 6113/1577/4357
f 6117/1581/4361 6113/1577/4357 6115/1579/4359
f 6113/1577/4357 6117/1581/4361 6116/1580/4360
f 6114/1578/4358 6118/1582/4362 6115/1579/4359
f 6112/1576/4356 6116/1580/4360 6119/1583/4363
f 6119/1583/4363 6107/1571/4351 6112/1576/4356
f 6115/1579/4359 6120/1584/4364 6117/1581/4361
f 6120/1584/4364 6115/1579/4359 6118/1582/4362
f 6107/1571/4351 6119/1583/4363 6121/1585/4365
f 6121/1585/4365 6100/1564/4344 6107/1571/4351
f 6118/1582/4362 6114/1578/4358 6122/1586/4366
f 6111/1575/4355 6122/1586/4366 6114/1578/4358
f 6100/1564/4344 6121/1585/4365 6123/1587/4367
f 6123/1587/4367 6096/1560/4340 6100/1564/4344
f 6095/1559/4339 6096/1560/4340 6123/1587/4367
f 6121/1585/4365 6119/1583/4363 6124/1588/4368
f 6123/1587/4367 6121/1585/4365 6125/1589/4369
f 6124/1588/4368 6125/1589/4369 6121/1585/4365
f 6123/1587/4367 6126/1590/4370 6095/1559/4339
f 6125/1589/4369 6124/1588/4368 6127/1591/4371
f 6128/1592/4372 6127/1591/4371 6124/1588/4368
f 6127/1591/4371 6129/1593/4373 6125/1589/4369
f 6124/1588/4368 6130/1594/4374 6128/1592/4372
f 6130/1594/4374 6124/1588/4368 6119/1583/4363
f 6131/1595/4375 6128/1592/4372 6130/1594/4374
f 6119/1583/4363 6116/1580/4360 6130/1594/4374
f 6130/1594/4374 6132/1596/4376 6131/1595/4375
f 6132/1596/4376 6130/1594/4374 6116/1580/4360
f 6133/1597/4377 6131/1595/4375 6132/1596/4376
f 6116/1580/4360 6117/1581/4361 6132/1596/4376
f 6132/1596/4376 6134/1598/4378 6133/1597/4377
f 6134/1598/4378 6132/1596/4376 6117/1581/4361
f 6135/1599/4379 6133/1597/4377 6134/1598/4378
f 6117/1581/4361 6120/1584/4364 6134/1598/4378
f 6134/1598/4378 6136/1600/4380 6135/1599/4379
f 6136/1600/4380 6134/1598/4378 6120/1584/4364
f 6137/1601/4381 6135/1599/4379 6136/1600/4380
f 6120/1584/4364 6138/1602/4382 6136/1600/4380
f 6118/1582/4362 6138/1602/4382 6120/1584/4364
f 6136/1600/4380 6139/1603/4383 6137/1601/4381
f 6139/1603/4383 6136/1600/4380 6138/1602/4382
f 6140/1604/4384 6137/1601/4381 6139/1603/4383
f 6138/1602/4382 6118/1582/4362 6141/1605/4385
f 6122/1586/4366 6141/1605/4385 6118/1582/4362
f 6138/1602/4382 6142/1606/4386 6139/1603/4383
f 6141/1605/4385 6142/1606/4386 6138/1602/4382
f 6139/1603/4383 6143/1607/4387 6140/1604/4384
f 6143/1607/4387 6139/1603/4383 6142/1606/4386
f 6144/1608/4388 6140/1604/4384 6143/1607/4387
f 6145/1609/4389 6142/1606/4386 6141/1605/4385
f 6142/1606/4386 6145/1609/4389 6143/1607/4387
f 6143/1607/4387 6146/1610/4390 6144/1608/4388
f 6146/1610/4390 6143/1607/4387 6145/1609/4389
f 6147/1611/4391 6144/1608/4388 6146/1610/4390
f 6141/1605/4385 6148/1612/4392 6145/1609/4389
f 6148/1612/4392 6141/1605/4385 6122/1586/4366
f 6145/1609/4389 6149/1613/4393 6146/1610/4390
f 6149/1613/4393 6145/1609/4389 6148/1612/4392
f 6146/1610/4390 6150/1614/4394 6147/1611/4391
f 6150/1614/4394 6146/1610/4390 6149/1613/4393
f 6151/1615/4395 6147/1611/4391 6150/1614/4394
f 6150/1614/4394 6152/1616/4396 6151/1615/4395
f 6152/1616/4396 6150/1614/4394 6153/1617/4397
f 6149/1613/4393 6153/1617/4397 6150/1614/4394
f 6153/1617/4397 6154/1618/4398 6152/1616/4396
f 6155/1619/4399 6154/1618/4398 6153/1617/4397
f 6153/1617/4397 6149/1613/4393 6156/1620/4400
f 6148/1612/4392 6156/1620/4400 6149/1613/4393
f 6153/1617/4397 6157/1621/4401 6155/1619/4399
f 6156/1620/4400 6157/1621/4401 6153/1617/4397
f 6158/1622/4402 6155/1619/4399 6157/1621/4401
f 6157/1621/4401 6159/1623/4403 6158/1622/4402
f 6159/1623/4403 6157/1621/4401 6156/1620/4400
f 6160/1624/4404 6158/1622/4402 6159/1623/4403
f 6156/1620/4400 6148/1612/4392 6161/1625/4405
f 6122/1586/4366 6161/1625/4405 6148/1612/4392
f 6161/1625/4405 6122/1586/4366 6111/1575/4355
f 6156/1620/4400 6162/1626/4406 6159/1623/4403
f 6161/1625/4405 6162/1626/4406 6156/1620/4400
f 6159/1623/4403 6163/1627/4407 6160/1624/4404
f 6163/1627/4407 6159/1623/4403 6162/1626/4406
f 6164/1628/4408 6160/1624/4404 6163/1627/4407
f 6163/1627/4407 6165/1629/4409 6164/1628/4408
f 6111/1575/4355 6166/1630/4410 6161/1625/4405
f 6162/1626/4406 6161/1625/4405 6166/1630/4410
f 6166/1630/4410 6111/1575/4355 6109/1573/4353
f 6109/1573/4353 6167/1631/4411 6166/1630/4410
f 6162/1626/4406 6168/1632/4412 6163/1627/4407
f 6166/1630/4410 6168/1632/4412 6162/1626/4406
f 6165/1629/4409 6163/1627/4407 6168/1632/4412
f 6168/1632/4412 6166/1630/4410 6167/1631/4411
f 6168/1632/4412 6169/1633/4413 6165/1629/4409
f 6167/1631/4411 6169/1633/4413 6168/1632/4412
f 6170/1461/4414 6171/1462/4415 6172/1463/2076
f 6173/1464/4416 6170/1461/4414 6172/1463/2076
f 6174/1466/2078 6173/1464/4416 6172/1463/2076
f 6173/1464/4416 6175/1456/4417 6170/1461/4414
f 6173/1464/4416 6176/1457/4418 6175/1456/4417
f 6176/1457/4418 6173/1464/4416 6177/1465/4419
f 6178/1455/4420 6175/1456/4417 6176/1457/4418
f 6177/1465/4419 6179/1459/4421 6176/1457/4418
f 6180/1457/4422 6181/1456/4423 6178/1455/4420
f 6182/1458/4424 6176/1457/4418 6179/1459/4421
f 6176/1457/4418 6182/1458/4424 6178/1455/4420
f 6178/1455/4420 6182/1458/4424 6180/1457/4422
f 6179/1459/4421 6183/1460/4425 6182/1458/4424
f 6184/1459/4426 6180/1457/4422 6182/1458/4424
f 6182/1458/4424 6183/1460/4425 6184/1459/4426
f 6185/1634/4427 6186/1635/4428 6187/1636/4429
f 6188/1637/4430 6185/1634/4427 6187/1636/4429
f 6188/1637/4430 6187/1636/4429 6189/1638/4431
f 6190/1639/4432 6188/1637/4430 6189/1638/4431
f 6190/1639/4432 6191/1640/4433 6188/1637/4430
f 6190/1639/4432 6192/1641/4434 6191/1640/4433
f 6187/1636/4429 6193/1642/4435 6189/1638/4431
f 6187/1636/4429 6192/1641/4434 6193/1642/4435
f 6192/1641/4434 6190/1639/4432 6194/1643/4436
f 6192/1641/4434 6194/1643/4436 6193/1642/4435
f 6190/1639/4432 6195/1644/4437 6194/1643/4436
f 6195/1644/4437 6196/1645/4438 6194/1643/4436
f 6194/1643/4436 6197/1646/4439 6193/1642/4435
f 6196/1645/4438 6198/1647/4440 6194/1643/4436
f 6193/1642/4435 6197/1646/4439 6199/1648/4441
f 6200/1649/4442 6198/1647/4440 6196/1645/4438
f 6201/1650/4443 6200/1649/4442 6196/1645/4438
f 6201/1650/4443 6199/1648/4441 6200/1649/4442
f 6202/1651/4444 6193/1642/4435 6199/1648/4441
f 6201/1650/4443 6202/1651/4444 6199/1648/4441
f 6193/1642/4435 6203/1652/4445 6189/1638/4431
f 6189/1638/4431 6203/1652/4445 6204/1653/4446
f 6201/1650/4443 6204/1653/4446 6202/1651/4444
f 6205/1654/4447 6189/1638/4431 6204/1653/4446
f 6201/1650/4443 6205/1654/4447 6204/1653/4446
f 6206/1655/4448 6205/1654/4447 6201/1650/4443
f 6201/1650/4443 6207/1656/4449 6206/1655/4448
f 6206/1655/4448 6207/1656/4449 6208/1650/4450
f 6208/1650/4450 6209/1654/4451 6206/1655/4448
f 6210/1653/4452 6209/1654/4451 6208/1650/4450
f 6210/1653/4452 6211/1638/4453 6209/1654/4451
f 6212/1651/4454 6210/1653/4452 6208/1650/4450
f 6210/1653/4452 6213/1652/4455 6211/1638/4453
f 6214/1648/4456 6212/1651/4454 6208/1650/4450
f 6213/1652/4455 6215/1642/4457 6211/1638/4453
f 6214/1648/4456 6215/1642/4457 6212/1651/4454
f 6216/1649/4458 6214/1648/4456 6208/1650/4450
f 6214/1648/4456 6217/1646/4459 6215/1642/4457
f 6216/1649/4458 6208/1650/4450 6218/1645/4460
f 6219/1647/4461 6216/1649/4458 6218/1645/4460
f 6220/1643/4462 6219/1647/4461 6218/1645/4460
f 6215/1642/4457 6217/1646/4459 6220/1643/4462
f 6220/1643/4462 6218/1645/4460 6221/1644/4463
f 6220/1643/4462 6221/1644/4463 6222/1639/4464
f 6215/1642/4457 6220/1643/4462 6223/1641/4465
f 6220/1643/4462 6222/1639/4464 6223/1641/4465
f 6224/1640/4466 6223/1641/4465 6222/1639/4464
f 6215/1642/4457 6223/1641/4465 6225/1636/4467
f 6226/1637/2649 6224/1640/4466 6222/1639/4464
f 6215/1642/4457 6225/1636/4467 6211/1638/4453
f 6226/1637/2649 6222/1639/4464 6211/1638/4453
f 6225/1636/4467 6226/1637/2649 6211/1638/4453
f 6225/1636/4467 6227/1634/4468 6226/1637/2649
f 6225/1636/4467 6228/1635/4469 6227/1634/4468
f 6229/1128/4470 6230/508/4471 6231/507/4472
f 6232/506/4473 6229/1128/4470 6231/507/4472
f 6232/506/4473 6233/505/4474 6229/1128/4470
f 6233/505/4474 6234/504/3230 6229/1128/4470
f 6234/504/3230 6235/503/4475 6229/1128/4470
f 6235/503/4475 6236/502/4476 6229/1128/4470
f 6237/508/4477 6238/1128/4478 6239/507/4479
f 6238/1128/4478 6240/506/4480 6239/507/4479
f 6238/1128/4478 6241/505/4481 6240/506/4480
f 6242/504/4482 6241/505/4481 6238/1128/4478
f 6243/503/4483 6242/504/4482 6238/1128/4478
f 6244/502/4483 6243/503/4483 6238/1128/4478
f 6245/1657/4484 6246/1658/4485 6247/1659/4486
f 6247/1659/4486 6248/1660/4487 6245/1657/4484
f 6248/1660/4487 6247/1659/4486 6249/1661/4488
f 6245/1657/4484 6248/1660/4487 6250/1662/4489
f 6250/1662/4489 6251/1663/4490 6245/1657/4484
f 6252/1664/4491 6251/1663/4490 6250/1662/4489
f 6253/1665/4492 6248/1660/4487 6249/1661/4488
f 6248/1660/4487 6253/1665/4492 6254/1666/1562
f 6254/1666/1562 6250/1662/4489 6248/1660/4487
f 6255/1667/4492 6253/1665/4492 6249/1661/4488
f 6256/1668/4493 6255/1667/4492 6249/1661/4488
f 6256/1668/4493 6257/1669/4494 6255/1667/4492
f 6257/1669/4494 6258/1670/1635 6255/1667/4492
f 6258/1670/1635 6259/1671/1562 6255/1667/4492
f 6260/1672/4489 6250/1662/4489 6254/1666/1562
f 6260/1672/4489 6254/1666/1562 6259/1671/1562
f 6250/1662/4489 6260/1672/4489 6252/1664/4491
f 6260/1672/4489 6259/1671/1562 6258/1670/1635
f 6261/1673/4495 6252/1664/4491 6260/1672/4489
f 6262/1674/1635 6260/1672/4489 6258/1670/1635
f 6260/1672/4489 6263/1675/4496 6261/1673/4495
f 6263/1675/4496 6260/1672/4489 6262/1674/1635
f 6264/1676/4497 6261/1673/4495 6263/1675/4496
f 6262/1674/1635 6258/1670/1635 6265/1677/1635
f 6262/1674/1635 6266/1678/4498 6263/1675/4496
f 6258/1670/1635 6267/1679/612 6265/1677/1635
f 6263/1675/4496 6268/1680/4499 6264/1676/4497
f 6268/1680/4499 6263/1675/4496 6266/1678/4498
f 6269/1681/4498 6268/1680/4499 6266/1678/4498
f 6265/1677/1635 6267/1679/612 6270/1682/4500
f 6269/1681/4498 6265/1677/1635 6270/1682/4500
f 6269/1681/4498 6270/1682/4500 6268/1680/4499
f 6267/1679/612 6271/1683/4501 6270/1682/4500
f 6270/1682/4500 6272/1684/4502 6268/1680/4499
f 6273/1673/4503 6274/1676/4504 6275/1680/4505
f 6275/1680/4505 6276/1675/4506 6273/1673/4503
f 6276/1675/4506 6275/1680/4505 6277/1684/4507
f 6273/1673/4503 6276/1675/4506 6278/1672/4508
f 6278/1672/4508 6279/1664/4509 6273/1673/4503
f 6280/1663/4510 6279/1664/4509 6278/1672/4508
f 6281/1678/4511 6276/1675/4506 6277/1684/4507
f 6276/1675/4506 6281/1678/4511 6282/1674/1584
f 6282/1674/1584 6278/1672/4508 6276/1675/4506
f 6283/1681/4511 6281/1678/4511 6277/1684/4507
f 6284/1682/4512 6283/1681/4511 6277/1684/4507
f 6284/1682/4512 6285/1683/1518 6283/1681/4511
f 6285/1683/1518 6286/1679/1518 6283/1681/4511
f 6286/1679/1518 6287/1677/1584 6283/1681/4511
f 6288/1662/4513 6278/1672/4508 6282/1674/1584
f 6288/1662/4513 6282/1674/1584 6287/1677/1584
f 6278/1672/4508 6288/1662/4513 6280/1663/4510
f 6288/1662/4513 6287/1677/1584 6286/1679/1518
f 6289/1657/4514 6280/1663/4510 6288/1662/4513
f 6290/1666/111 6288/1662/4513 6286/1679/1518
f 6288/1662/4513 6291/1660/4515 6289/1657/4514
f 6291/1660/4515 6288/1662/4513 6290/1666/111
f 6292/1658/4516 6289/1657/4514 6291/1660/4515
f 6290/1666/111 6286/1679/1518 6293/1671/111
f 6290/1666/111 6294/1665/4517 6291/1660/4515
f 6286/1679/1518 6295/1670/1584 6293/1671/111
f 6291/1660/4515 6296/1659/4518 6292/1658/4516
f 6296/1659/4518 6291/1660/4515 6294/1665/4517
f 6297/1667/4517 6296/1659/4518 6294/1665/4517
f 6293/1671/111 6295/1670/1584 6298/1668/4519
f 6297/1667/4517 6293/1671/111 6298/1668/4519
f 6297/1667/4517 6298/1668/4519 6296/1659/4518
f 6295/1670/1584 6299/1669/1584 6298/1668/4519
f 6298/1668/4519 6300/1661/4520 6296/1659/4518
f 6301/1659/4521 6302/1658/4522 6303/1657/4523
f 6303/1657/4523 6304/1660/4524 6301/1659/4521
f 6301/1659/4521 6304/1660/4524 6305/1661/4525
f 6306/1662/4526 6304/1660/4524 6303/1657/4523
f 6303/1657/4523 6307/1663/4527 6306/1662/4526
f 6306/1662/4526 6307/1663/4527 6308/1664/4528
f 6304/1660/4524 6309/1665/4529 6305/1661/4525
f 6310/1666/277 6309/1665/4529 6304/1660/4524
f 6304/1660/4524 6306/1662/4526 6310/1666/277
f 6309/1665/4529 6311/1667/4529 6305/1661/4525
f 6311/1667/4529 6312/1668/4530 6305/1661/4525
f 6313/1669/277 6312/1668/4530 6311/1667/4529
f 6313/1669/277 6311/1667/4529 6314/1670/1827
f 6311/1667/4529 6315/1671/277 6314/1670/1827
f 6310/1666/277 6306/1662/4526 6316/1672/4531
f 6315/1671/277 6310/1666/277 6316/1672/4531
f 6308/1664/4528 6316/1672/4531 6306/1662/4526
f 6315/1671/277 6316/1672/4531 6314/1670/1827
f 6316/1672/4531 6308/1664/4528 6317/1673/4532
f 6316/1672/4531 6318/1674/1827 6314/1670/1827
f 6317/1673/4532 6319/1675/4533 6316/1672/4531
f 6318/1674/1827 6316/1672/4531 6319/1675/4533
f 6319/1675/4533 6317/1673/4532 6320/1676/4534
f 6318/1674/1827 6321/1677/1827 6314/1670/1827
f 6319/1675/4533 6322/1678/4535 6318/1674/1827
f 6321/1677/1827 6323/1679/635 6314/1670/1827
f 6320/1676/4534 6324/1680/4536 6319/1675/4533
f 6322/1678/4535 6319/1675/4533 6324/1680/4536
f 6325/1681/4535 6322/1678/4535 6324/1680/4536
f 6321/1677/1827 6326/1682/4537 6323/1679/635
f 6321/1677/1827 6325/1681/4535 6326/1682/4537
f 6326/1682/4537 6325/1681/4535 6324/1680/4536
f 6326/1682/4537 6327/1683/635 6323/1679/635
f 6328/1684/4538 6326/1682/4537 6324/1680/4536
f 6329/1680/4539 6330/1676/4540 6331/1673/4541
f 6331/1673/4541 6332/1675/4542 6329/1680/4539
f 6329/1680/4539 6332/1675/4542 6333/1684/4543
f 6334/1672/4544 6332/1675/4542 6331/1673/4541
f 6331/1673/4541 6335/1664/4545 6334/1672/4544
f 6334/1672/4544 6335/1664/4545 6336/1663/4546
f 6332/1675/4542 6337/1678/4547 6333/1684/4543
f 6338/1674/4548 6337/1678/4547 6332/1675/4542
f 6332/1675/4542 6334/1672/4544 6338/1674/4548
f 6337/1678/4547 6339/1681/4547 6333/1684/4543
f 6339/1681/4547 6340/1682/4549 6333/1684/4543
f 6341/1683/1826 6340/1682/4549 6339/1681/4547
f 6341/1683/1826 6339/1681/4547 6342/1679/1706
f 6339/1681/4547 6343/1677/4548 6342/1679/1706
f 6338/1674/4548 6334/1672/4544 6344/1662/4550
f 6343/1677/4548 6338/1674/4548 6344/1662/4550
f 6336/1663/4546 6344/1662/4550 6334/1672/4544
f 6343/1677/4548 6344/1662/4550 6342/1679/1706
f 6344/1662/4550 6336/1663/4546 6345/1657/4551
f 6344/1662/4550 6346/1666/1705 6342/1679/1706
f 6345/1657/4551 6347/1660/4552 6344/1662/4550
f 6346/1666/1705 6344/1662/4550 6347/1660/4552
f 6347/1660/4552 6345/1657/4551 6348/1658/4553
f 6346/1666/1705 6349/1671/1705 6342/1679/1706
f 6347/1660/4552 6350/1665/4554 6346/1666/1705
f 6349/1671/1705 6351/1670/1706 6342/1679/1706
f 6348/1658/4553 6352/1659/4555 6347/1660/4552
f 6350/1665/4554 6347/1660/4552 6352/1659/4555
f 6353/1667/4554 6350/1665/4554 6352/1659/4555
f 6349/1671/1705 6354/1668/4556 6351/1670/1706
f 6349/1671/1705 6353/1667/4554 6354/1668/4556
f 6354/1668/4556 6353/1667/4554 6352/1659/4555
f 6354/1668/4556 6355/1669/4557 6351/1670/1706
f 6356/1661/4558 6354/1668/4556 6352/1659/4555
f 6357/1685/246 6358/1293/246 6359/1292/246
f 6359/1292/246 6360/1291/246 6361/1686/246
f 6359/1292/246 6362/1687/246 6357/1685/246
f 6361/1686/246 6362/1687/246 6359/1292/246
f 6363/1688/246 6357/1685/246 6362/1687/246
f 6362/1687/246 6361/1686/246 6364/1689/246
f 6362/1687/246 6365/1690/246 6363/1688/246
f 6364/1689/246 6365/1690/246 6362/1687/246
f 6366/1297/4559 6367/1298/4559 6368/1302/4560
f 6368/1302/4560 6369/1298/4561 6370/1297/4561
f 6368/1302/4560 6371/1691/4560 6366/1297/4559
f 6370/1297/4561 6371/1691/4560 6368/1302/4560
f 6372/1294/4559 6366/1297/4559 6371/1691/4560
f 6371/1691/4560 6370/1297/4561 6373/1294/4561
f 6371/1691/4560 6374/1692/4560 6372/1294/4559
f 6373/1294/4561 6374/1692/4560 6371/1691/4560
f 6375/872/4562 6376/873/4563 6377/1693/244
f 6377/1693/244 6378/873/4564 6379/872/4565
f 6377/1693/244 6380/1694/4566 6375/872/4562
f 6379/872/4565 6380/1694/4566 6377/1693/244
f 6381/871/4567 6375/872/4562 6380/1694/4566
f 6380/1694/4566 6379/872/4565 6382/871/4568
f 6380/1694/4566 6383/1695/4569 6381/871/4567
f 6382/871/4568 6383/1695/4569 6380/1694/4566
f 6384/1292/246 6385/1293/246 6386/1685/246
f 6387/1686/246 6388/1291/246 6384/1292/246
f 6386/1685/246 6389/1687/246 6384/1292/246
f 6384/1292/246 6389/1687/246 6387/1686/246
f 6389/1687/246 6386/1685/246 6390/1688/246
f 6391/1689/246 6387/1686/246 6389/1687/246
f 6390/1688/246 6392/1690/246 6389/1687/246
f 6389/1687/246 6392/1690/246 6391/1689/246
f 6393/1302/4570 6394/1298/4571 6395/1297/4571
f 6396/1297/4572 6397/1298/4572 6393/1302/4570
f 6395/1297/4571 6398/1691/4570 6393/1302/4570
f 6393/1302/4570 6398/1691/4570 6396/1297/4572
f 6398/1691/4570 6395/1297/4571 6399/1294/4571
f 6400/1294/4572 6396/1297/4572 6398/1691/4570
f 6399/1294/4571 6401/1692/4570 6398/1691/4570
f 6398/1691/4570 6401/1692/4570 6400/1294/4572
f 6402/1693/244 6403/873/4573 6404/872/4574
f 6405/872/4575 6406/873/4576 6402/1693/244
f 6404/872/4574 6407/1694/4577 6402/1693/244
f 6402/1693/244 6407/1694/4577 6405/872/4575
f 6407/1694/4577 6404/872/4574 6408/871/4578
f 6409/871/4579 6405/872/4575 6407/1694/4577
f 6408/871/4578 6410/1695/4580 6407/1694/4577
f 6407/1694/4577 6410/1695/4580 6409/871/4579
f 6411/1340/4581 6412/1342/4582 6413/1338/4583
f 6413/1338/4583 6414/1339/4584 6411/1340/4581
f 6411/1340/4581 6414/1339/4584 6415/1341/4585
f 6416/1696/4586 6415/1341/4585 6414/1339/4584
f 6417/1336/4587 6414/1339/4584 6413/1338/4583
f 6414/1339/4584 6417/1336/4587 6416/1696/4586
f 6413/1338/4583 6418/1337/4588 6417/1336/4587
f 6416/1696/4586 6417/1336/4587 6419/1335/4589
f 6417/1336/4587 6418/1337/4588 6420/1334/4590
f 6420/1334/4590 6419/1335/4589 6417/1336/4587
f 6421/1697/4591 6422/1698/4592 6423/1699/3237
f 6421/1697/4591 6423/1699/3237 6424/1700/4593
f 6425/1701/4591 6421/1697/4591 6424/1700/4593
f 6423/1699/3237 6426/1702/4594 6424/1700/4593
f 6423/1699/3237 6427/1703/4595 6426/1702/4594
f 6426/1702/4594 6427/1703/4595 6428/1704/4596
f 6429/1705/4597 6425/1701/4591 6424/1700/4593
f 6429/1705/4597 6430/1706/4475 6425/1701/4591
f 6430/1706/4475 6431/1707/4598 6425/1701/4591
f 6432/1708/1333 6429/1705/4597 6424/1700/4593
f 6430/1706/4475 6433/1709/4599 6431/1707/4598
f 6433/1709/4599 6434/1710/4600 6431/1707/4598
f 6434/1710/4600 6433/1709/4599 6435/1711/4601
f 6434/1710/4600 6435/1711/4601 6436/1712/4602
f 6437/1713/4603 6434/1710/4600 6436/1712/4602
f 6432/1708/1333 6424/1700/4593 6438/1714/4604
f 6439/1715/4605 6437/1713/4603 6436/1712/4602
f 6439/1715/4605 6440/1716/4606 6437/1713/4603
f 6440/1716/4606 6441/1717/4607 6437/1713/4603
f 6440/1716/4606 6428/1704/4596 6441/1717/4607
f 6440/1716/4606 6442/1718/4608 6428/1704/4596
f 6442/1718/4608 6426/1702/4594 6428/1704/4596
f 6442/1718/4608 6443/1719/4609 6426/1702/4594
f 6443/1719/4609 6444/1720/4610 6426/1702/4594
f 6444/1720/4610 6445/1721/4611 6426/1702/4594
f 6445/1721/4611 6444/1720/4610 6446/1722/4612
f 6447/1723/4613 6445/1721/4611 6446/1722/4612
f 6447/1723/4613 6448/1724/4614 6445/1721/4611
f 6449/1725/4615 6447/1723/4613 6446/1722/4612
f 6447/1723/4613 6450/1726/4616 6448/1724/4614
f 6451/1116/4617 6449/1725/4615 6446/1722/4612
f 6448/1724/4614 6450/1726/4616 6452/1727/4618
f 6453/1728/4619 6451/1116/4617 6446/1722/4612
f 6451/1116/4617 6454/1729/4620 6449/1725/4615
f 6453/1728/4619 6455/1730/4621 6451/1116/4617
f 6456/1731/4622 6450/1726/4616 6454/1729/4620
f 6451/1116/4617 6457/1117/4623 6454/1729/4620
f 6450/1726/4616 6456/1731/4622 6458/1732/4624
f 6450/1726/4616 6458/1732/4624 6452/1727/4618
f 6457/1117/4623 6459/1733/4625 6454/1729/4620
f 6459/1733/4625 6456/1731/4622 6454/1729/4620
f 6459/1733/4625 6457/1117/4623 6460/1118/4626
f 6456/1731/4622 6461/1734/4627 6458/1732/4624
f 6456/1731/4622 6459/1733/4625 6461/1734/4627
f 6458/1732/4624 6462/1735/4628 6452/1727/4618
f 6463/1736/4629 6461/1734/4627 6459/1733/4625
f 6463/1736/4629 6459/1733/4625 6460/1118/4626
f 6462/1735/4628 6464/1737/4630 6452/1727/4618
f 6463/1736/4629 6460/1118/4626 6465/1738/4631
f 6464/1737/4630 6466/1739/4632 6452/1727/4618
f 6464/1737/4630 6463/1736/4629 6466/1739/4632
f 6466/1739/4632 6467/1740/4633 6452/1727/4618
f 6463/1736/4629 6468/1741/4634 6466/1739/4632
f 6463/1736/4629 6465/1738/4631 6468/1741/4634
f 6452/1727/4618 6467/1740/4633 6469/1742/4635
f 6470/1743/4636 6452/1727/4618 6469/1742/4635
f 6470/1743/4636 6469/1742/4635 6468/1741/4634
f 6465/1738/4631 6470/1743/4636 6468/1741/4634
f 6465/1738/4631 6471/1744/4637 6470/1743/4636
f 6471/1744/4637 6472/1745/4638 6470/1743/4636
f 6472/1745/4638 6473/1746/4639 6470/1743/4636
f 6473/1746/4639 6472/1745/4638 6474/1747/4640
f 6475/1748/4641 6473/1746/4639 6474/1747/4640
f 6476/1749/4642 6475/1748/4641 6474/1747/4640
f 6475/1748/4641 6477/1750/4643 6473/1746/4639
f 6476/1749/4642 6451/1116/4617 6475/1748/4641
f 6451/1116/4617 6478/1751/4644 6475/1748/4641
f 6475/1748/4641 6479/1752/4645 6477/1750/4643
f 6478/1751/4644 6451/1116/4617 6480/1753/4646
f 6481/1754/4647 6478/1751/4644 6480/1753/4646
f 6451/1116/4617 6455/1730/4621 6480/1753/4646
f 6481/1754/4647 6480/1753/4646 6482/1755/4648
f 6455/1730/4621 6483/1756/4649 6480/1753/4646
f 6480/1753/4646 6484/1757/4650 6482/1755/4648
f 6455/1730/4621 6485/1758/4651 6483/1756/4649
f 6482/1755/4648 6484/1757/4650 6486/1759/4652
f 6455/1730/4621 6439/1715/4605 6485/1758/4651
f 6487/1760/4653 6482/1755/4648 6486/1759/4652
f 6439/1715/4605 6436/1712/4602 6485/1758/4651
f 6436/1712/4602 6488/1761/4654 6485/1758/4651
f 6436/1712/4602 6489/1762/4655 6488/1761/4654
f 6489/1762/4655 6490/1763/4656 6488/1761/4654
f 6491/1764/4657 6488/1761/4654 6490/1763/4656
f 6432/1708/1333 6491/1764/4657 6490/1763/4656
f 6432/1708/1333 6492/1765/4658 6491/1764/4657
f 6487/1760/4653 6486/1759/4652 6492/1765/4658
f 6432/1708/1333 6438/1714/4604 6492/1765/4658
f 6438/1714/4604 6487/1760/4653 6492/1765/4658
f 6438/1714/4604 6493/1766/4658 6487/1760/4653
f 6493/1766/4658 6494/1767/4659 6487/1760/4653
f 6438/1714/4604 6495/1768/4660 6493/1766/4658
f 6438/1714/4604 6496/1769/4661 6495/1768/4660
f 6493/1766/4658 6497/1770/4662 6494/1767/4659
f 6498/1771/4663 6496/1769/4661 6438/1714/4604
f 6497/1770/4662 6499/1772/4664 6494/1767/4659
f 6477/1750/4643 6498/1771/4663 6438/1714/4604
f 6500/1773/4665 6499/1772/4664 6497/1770/4662
f 6477/1750/4643 6501/1774/4666 6498/1771/4663
f 6479/1752/4645 6500/1773/4665 6497/1770/4662
f 6477/1750/4643 6479/1752/4645 6501/1774/4666
f 6479/1752/4645 6497/1770/4662 6501/1774/4666
f 6502/1699/3266 6503/1698/4667 6504/1697/4668
f 6505/1700/4669 6502/1699/3266 6504/1697/4668
f 6505/1700/4669 6504/1697/4668 6506/1701/4670
f 6505/1700/4669 6507/1702/4671 6502/1699/3266
f 6507/1702/4671 6508/1703/4672 6502/1699/3266
f 6505/1700/4669 6506/1701/4670 6509/1705/4673
f 6510/1704/4674 6508/1703/4672 6507/1702/4671
f 6506/1701/4670 6511/1706/4675 6509/1705/4673
f 6506/1701/4670 6512/1707/4675 6511/1706/4675
f 6505/1700/4669 6509/1705/4673 6513/1708/2635
f 6512/1707/4675 6514/1709/4676 6511/1706/4675
f 6512/1707/4675 6515/1710/4677 6514/1709/4676
f 6516/1711/4678 6514/1709/4676 6515/1710/4677
f 6517/1712/4679 6516/1711/4678 6515/1710/4677
f 6517/1712/4679 6515/1710/4677 6518/1713/4680
f 6519/1714/4681 6505/1700/4669 6513/1708/2635
f 6517/1712/4679 6518/1713/4680 6520/1715/4682
f 6518/1713/4680 6521/1716/4683 6520/1715/4682
f 6518/1713/4680 6522/1717/4684 6521/1716/4683
f 6522/1717/4684 6510/1704/4674 6521/1716/4683
f 6510/1704/4674 6523/1718/4685 6521/1716/4683
f 6510/1704/4674 6507/1702/4671 6523/1718/4685
f 6507/1702/4671 6524/1719/4686 6523/1718/4685
f 6507/1702/4671 6525/1720/4687 6524/1719/4686
f 6507/1702/4671 6526/1721/4688 6525/1720/4687
f 6525/1720/4687 6526/1721/4688 6527/1722/4689
f 6526/1721/4688 6528/1723/4690 6527/1722/4689
f 6526/1721/4688 6529/1724/4691 6528/1723/4690
f 6528/1723/4690 6530/1725/4692 6527/1722/4689
f 6529/1724/4691 6531/1726/4693 6528/1723/4690
f 6530/1725/4692 6532/1116/4694 6527/1722/4689
f 6532/1116/4694 6533/1728/4695 6527/1722/4689
f 6531/1726/4693 6529/1724/4691 6534/1727/4696
f 6532/1116/4694 6535/1730/4697 6533/1728/4695
f 6530/1725/4692 6536/1729/4698 6532/1116/4694
f 6537/1758/4699 6520/1715/4682 6535/1730/4697
f 6537/1758/4699 6517/1712/4679 6520/1715/4682
f 6538/1756/4700 6537/1758/4699 6535/1730/4697
f 6537/1758/4699 6539/1761/4701 6517/1712/4679
f 6540/1753/4702 6538/1756/4700 6535/1730/4697
f 6539/1761/4701 6541/1762/4703 6517/1712/4679
f 6540/1753/4702 6535/1730/4697 6532/1116/4694
f 6539/1761/4701 6542/1763/4704 6541/1762/4703
f 6539/1761/4701 6543/1764/4705 6542/1763/4704
f 6543/1764/4705 6513/1708/2635 6542/1763/4704
f 6543/1764/4705 6544/1765/4706 6513/1708/2635
f 6544/1765/4706 6519/1714/4681 6513/1708/2635
f 6540/1753/4702 6532/1116/4694 6545/1751/4707
f 6540/1753/4702 6545/1751/4707 6546/1754/4708
f 6540/1753/4702 6546/1754/4708 6547/1755/4709
f 6548/1757/4710 6540/1753/4702 6547/1755/4709
f 6549/1759/4711 6548/1757/4710 6547/1755/4709
f 6549/1759/4711 6547/1755/4709 6550/1760/4712
f 6544/1765/4706 6549/1759/4711 6550/1760/4712
f 6544/1765/4706 6550/1760/4712 6519/1714/4681
f 6551/1748/4713 6545/1751/4707 6532/1116/4694
f 6550/1760/4712 6552/1766/4714 6519/1714/4681
f 6550/1760/4712 6553/1767/4715 6552/1766/4714
f 6552/1766/4714 6554/1768/4716 6519/1714/4681
f 6554/1768/4716 6555/1769/4717 6519/1714/4681
f 6553/1767/4715 6556/1770/4718 6552/1766/4714
f 6555/1769/4717 6557/1771/4719 6519/1714/4681
f 6553/1767/4715 6558/1772/4720 6556/1770/4718
f 6557/1771/4719 6559/1750/4721 6519/1714/4681
f 6556/1770/4718 6558/1772/4720 6560/1773/4722
f 6557/1771/4719 6561/1774/4723 6559/1750/4721
f 6556/1770/4718 6560/1773/4722 6562/1752/4724
f 6561/1774/4723 6556/1770/4718 6562/1752/4724
f 6561/1774/4723 6562/1752/4724 6559/1750/4721
f 6559/1750/4721 6562/1752/4724 6551/1748/4713
f 6563/1746/4725 6559/1750/4721 6551/1748/4713
f 6551/1748/4713 6532/1116/4694 6564/1749/4726
f 6551/1748/4713 6564/1749/4726 6565/1747/4727
f 6563/1746/4725 6551/1748/4713 6565/1747/4727
f 6566/1745/4728 6563/1746/4725 6565/1747/4727
f 6567/1743/4729 6563/1746/4725 6566/1745/4728
f 6567/1743/4729 6566/1745/4728 6568/1744/4730
f 6567/1743/4729 6568/1744/4730 6569/1738/4731
f 6536/1729/4698 6570/1117/4732 6532/1116/4694
f 6571/1741/4733 6567/1743/4729 6569/1738/4731
f 6536/1729/4698 6572/1733/4734 6570/1117/4732
f 6571/1741/4733 6573/1742/4735 6567/1743/4729
f 6574/1118/4736 6570/1117/4732 6572/1733/4734
f 6573/1742/4735 6534/1727/4696 6567/1743/4729
f 6573/1742/4735 6575/1740/4737 6534/1727/4696
f 6575/1740/4737 6576/1739/4738 6534/1727/4696
f 6569/1738/4731 6574/1118/4736 6577/1736/4739
f 6571/1741/4733 6569/1738/4731 6577/1736/4739
f 6576/1739/4738 6571/1741/4733 6577/1736/4739
f 6574/1118/4736 6572/1733/4734 6577/1736/4739
f 6576/1739/4738 6577/1736/4739 6578/1737/4740
f 6576/1739/4738 6578/1737/4740 6534/1727/4696
f 6572/1733/4734 6579/1734/4741 6577/1736/4739
f 6578/1737/4740 6580/1735/4742 6534/1727/4696
f 6580/1735/4742 6581/1732/4743 6534/1727/4696
f 6581/1732/4743 6531/1726/4693 6534/1727/4696
f 6572/1733/4734 6582/1731/4744 6579/1734/4741
f 6581/1732/4743 6579/1734/4741 6582/1731/4744
f 6581/1732/4743 6582/1731/4744 6531/1726/4693
f 6536/1729/4698 6582/1731/4744 6572/1733/4734
f 6536/1729/4698 6531/1726/4693 6582/1731/4744
f 6583/1775/4745 6584/1776/4746 6585/1777/4747
f 6585/1777/4747 6586/1778/4748 6583/1775/4745
f 6586/1778/4748 6585/1777/4747 6587/1779/4749
f 6588/1780/4750 6583/1775/4745 6586/1778/4748
f 6587/1779/4749 6589/1781/4751 6586/1778/4748
f 6586/1778/4748 6590/1782/4752 6588/1780/4750
f 6590/1782/4752 6586/1778/4748 6589/1781/4751
f 6591/1778/4753 6589/1781/4751 6587/1779/4749
f 6587/1779/4749 6592/1777/4754 6591/1778/4753
f 6592/1777/4754 6593/1776/4755 6594/1775/4756
f 6594/1775/4756 6591/1778/4753 6592/1777/4754
f 6589/1781/4751 6591/1778/4753 6595/1782/4757
f 6591/1778/4753 6594/1775/4756 6596/1780/4758
f 6596/1780/4758 6595/1782/4757 6591/1778/4753
f 6595/1782/4757 6597/1783/4759 6589/1781/4751
f 6589/1781/4751 6597/1783/4759 6590/1782/4752
f 6595/1782/4757 6596/1780/4758 6598/1784/4760
f 6597/1783/4759 6595/1782/4757 6599/1785/4761
f 6598/1784/4760 6599/1785/4761 6595/1782/4757
f 6600/1785/4762 6590/1782/4752 6597/1783/4759
f 6599/1785/4761 6598/1784/4760 6601/1786/4763
f 6601/1786/4763 6602/1787/4764 6599/1785/4761
f 6603/1788/4765 6601/1786/4763 6598/1784/4760
f 6604/1789/4766 6599/1785/4761 6602/1787/4764
f 6599/1785/4761 6604/1789/4766 6597/1783/4759
f 6602/1787/4764 6605/1790/4767 6604/1789/4766
f 6597/1783/4759 6604/1789/4766 6600/1785/4762
f 6604/1789/4766 6605/1790/4767 6606/1787/4768
f 6606/1787/4768 6600/1785/4762 6604/1789/4766
f 6600/1785/4762 6606/1787/4768 6607/1786/4769
f 6607/1786/4769 6608/1784/4770 6600/1785/4762
f 6590/1782/4752 6600/1785/4762 6608/1784/4770
f 6608/1784/4770 6607/1786/4769 6609/1788/4771
f 6608/1784/4770 6588/1780/4750 6590/1782/4752
f 6609/1788/4771 6610/1791/4772 6608/1784/4770
f 6588/1780/4750 6608/1784/4770 6610/1791/4772
f 6611/1792/4773 6610/1791/4772 6609/1788/4771
f 6609/1788/4771 6612/1793/4774 6611/1792/4773
f 6610/1791/4772 6613/1794/4775 6588/1780/4750
f 6613/1794/4775 6610/1791/4772 6611/1792/4773
f 6583/1775/4745 6588/1780/4750 6613/1794/4775
f 6614/1795/4776 6611/1792/4773 6612/1793/4774
f 6612/1793/4774 6615/1796/4777 6614/1795/4776
f 6611/1792/4773 6616/1797/4778 6613/1794/4775
f 6616/1797/4778 6611/1792/4773 6614/1795/4776
f 6613/1794/4775 6617/1798/4779 6583/1775/4745
f 6617/1798/4779 6613/1794/4775 6616/1797/4778
f 6618/1776/4780 6583/1775/4745 6617/1798/4779
f 6617/1798/4779 6619/1799/4781 6618/1776/4780
f 6619/1799/4781 6617/1798/4779 6620/1800/4782
f 6616/1797/4778 6620/1800/4782 6617/1798/4779
f 6620/1800/4782 6621/1801/4783 6619/1799/4781
f 6620/1800/4782 6616/1797/4778 6622/1802/4784
f 6614/1795/4776 6622/1802/4784 6616/1797/4778
f 6621/1801/4783 6620/1800/4782 6623/1803/4785
f 6622/1802/4784 6623/1803/4785 6620/1800/4782
f 6623/1803/4785 6624/1804/4786 6621/1801/4783
f 6625/1805/4787 6624/1804/4786 6623/1803/4785
f 6623/1803/4785 6626/1806/4788 6625/1805/4787
f 6626/1806/4788 6623/1803/4785 6622/1802/4784
f 6627/1807/4789 6625/1805/4787 6626/1806/4788
f 6622/1802/4784 6628/1808/4790 6626/1806/4788
f 6628/1808/4790 6622/1802/4784 6614/1795/4776
f 6626/1806/4788 6629/1809/4791 6627/1807/4789
f 6629/1809/4791 6626/1806/4788 6628/1808/4790
f 6630/1810/4792 6627/1807/4789 6629/1809/4791
f 6614/1795/4776 6631/1811/4793 6628/1808/4790
f 6631/1811/4793 6614/1795/4776 6615/1796/4777
f 6615/1796/4777 6632/1812/4794 6631/1811/4793
f 6628/1808/4790 6633/1813/4795 6629/1809/4791
f 6633/1813/4795 6628/1808/4790 6631/1811/4793
f 6629/1809/4791 6634/1814/4796 6630/1810/4792
f 6634/1814/4796 6629/1809/4791 6633/1813/4795
f 6635/1815/4797 6630/1810/4792 6634/1814/4796
f 6636/1816/4798 6631/1811/4793 6632/1812/4794
f 6631/1811/4793 6636/1816/4798 6633/1813/4795
f 6632/1812/4794 6637/1817/4799 6636/1816/4798
f 6633/1813/4795 6638/1818/4800 6634/1814/4796
f 6638/1818/4800 6633/1813/4795 6636/1816/4798
f 6634/1814/4796 6639/1819/4801 6635/1815/4797
f 6639/1819/4801 6634/1814/4796 6638/1818/4800
f 6640/1820/4802 6635/1815/4797 6639/1819/4801
f 6641/1821/4803 6636/1816/4798 6637/1817/4799
f 6636/1816/4798 6641/1821/4803 6638/1818/4800
f 6637/1817/4799 6642/1822/4804 6641/1821/4803
f 6638/1818/4800 6643/1823/4805 6639/1819/4801
f 6643/1823/4805 6638/1818/4800 6641/1821/4803
f 6644/1824/4806 6641/1821/4803 6642/1822/4804
f 6641/1821/4803 6644/1824/4806 6643/1823/4805
f 6642/1822/4804 6645/1825/4807 6644/1824/4806
f 6646/1826/4808 6639/1819/4801 6643/1823/4805
f 6639/1819/4801 6646/1826/4808 6640/1820/4802
f 6647/1827/4809 6643/1823/4805 6644/1824/4806
f 6643/1823/4805 6647/1827/4809 6646/1826/4808
f 6648/1828/4810 6644/1824/4806 6645/1825/4807
f 6644/1824/4806 6648/1828/4810 6647/1827/4809
f 6645/1825/4807 6649/1829/4811 6648/1828/4810
f 6648/1828/4810 6649/1829/4811 6650/1825/4812
f 6650/1825/4812 6651/1824/4813 6648/1828/4810
f 6647/1827/4809 6648/1828/4810 6651/1824/4813
f 6651/1824/4813 6650/1825/4812 6652/1822/4814
f 6646/1826/4808 6647/1827/4809 6653/1823/4815
f 6651/1824/4813 6653/1823/4815 6647/1827/4809
f 6652/1822/4814 6654/1821/4816 6651/1824/4813
f 6653/1823/4815 6651/1824/4813 6654/1821/4816
f 6654/1821/4816 6652/1822/4814 6655/1817/4817
f 6653/1823/4815 6656/1819/4818 6646/1826/4808
f 6640/1820/4802 6646/1826/4808 6656/1819/4818
f 6656/1819/4818 6657/1815/4819 6640/1820/4802
f 6654/1821/4816 6658/1818/4820 6653/1823/4815
f 6656/1819/4818 6653/1823/4815 6658/1818/4820
f 6655/1817/4817 6659/1816/4821 6654/1821/4816
f 6658/1818/4820 6654/1821/4816 6659/1816/4821
f 6659/1816/4821 6655/1817/4817 6660/1812/4822
f 6657/1815/4819 6656/1819/4818 6661/1814/4823
f 6658/1818/4820 6661/1814/4823 6656/1819/4818
f 6661/1814/4823 6662/1810/4824 6657/1815/4819
f 6659/1816/4821 6663/1813/4825 6658/1818/4820
f 6661/1814/4823 6658/1818/4820 6663/1813/4825
f 6660/1812/4822 6664/1811/4826 6659/1816/4821
f 6663/1813/4825 6659/1816/4821 6664/1811/4826
f 6664/1811/4826 6660/1812/4822 6665/1796/4827
f 6662/1810/4824 6661/1814/4823 6666/1809/4828
f 6663/1813/4825 6666/1809/4828 6661/1814/4823
f 6666/1809/4828 6667/1807/4829 6662/1810/4824
f 6664/1811/4826 6668/1808/4830 6663/1813/4825
f 6666/1809/4828 6663/1813/4825 6668/1808/4830
f 6665/1796/4827 6669/1795/4831 6664/1811/4826
f 6668/1808/4830 6664/1811/4826 6669/1795/4831
f 6669/1795/4831 6665/1796/4827 6670/1793/4832
f 6667/1807/4829 6666/1809/4828 6671/1806/4833
f 6668/1808/4830 6671/1806/4833 6666/1809/4828
f 6671/1806/4833 6672/1805/4834 6667/1807/4829
f 6671/1806/4833 6668/1808/4830 6673/1802/4835
f 6669/1795/4831 6673/1802/4835 6668/1808/4830
f 6672/1805/4834 6671/1806/4833 6674/1803/4836
f 6673/1802/4835 6674/1803/4836 6671/1806/4833
f 6674/1803/4836 6675/1804/4837 6672/1805/4834
f 6676/1801/4838 6675/1804/4837 6674/1803/4836
f 6674/1803/4836 6677/1800/4839 6676/1801/4838
f 6677/1800/4839 6674/1803/4836 6673/1802/4835
f 6678/1799/4840 6676/1801/4838 6677/1800/4839
f 6673/1802/4835 6679/1797/4841 6677/1800/4839
f 6679/1797/4841 6673/1802/4835 6669/1795/4831
f 6677/1800/4839 6680/1798/4842 6678/1799/4840
f 6680/1798/4842 6677/1800/4839 6679/1797/4841
f 6681/1776/4843 6678/1799/4840 6680/1798/4842
f 6680/1798/4842 6594/1775/4756 6681/1776/4843
f 6669/1795/4831 6682/1792/4844 6679/1797/4841
f 6670/1793/4832 6682/1792/4844 6669/1795/4831
f 6682/1792/4844 6670/1793/4832 6603/1788/4765
f 6679/1797/4841 6683/1794/4845 6680/1798/4842
f 6594/1775/4756 6680/1798/4842 6683/1794/4845
f 6683/1794/4845 6679/1797/4841 6682/1792/4844
f 6683/1794/4845 6596/1780/4758 6594/1775/4756
f 6603/1788/4765 6684/1791/4846 6682/1792/4844
f 6682/1792/4844 6684/1791/4846 6683/1794/4845
f 6596/1780/4758 6683/1794/4845 6684/1791/4846
f 6598/1784/4760 6684/1791/4846 6603/1788/4765
f 6684/1791/4846 6598/1784/4760 6596/1780/4758
f 6685/1830/4847 6686/1831/4848 6687/1832/4849
f 6685/1830/4847 6687/1832/4849 6688/1833/4850
f 6685/1830/4847 6689/1834/4851 6686/1831/4848
f 6685/1830/4847 6688/1833/4850 6689/1834/4851
f 6690/1830/4852 6691/1831/4853 6692/1832/4854
f 6690/1830/4852 6692/1832/4854 6693/1833/4855
f 6690/1830/4852 6694/1834/4856 6691/1831/4853
f 6690/1830/4852 6693/1833/4855 6694/1834/4856
f 6695/1830/4857 6696/1831/4858 6697/1832/4859
f 6695/1830/4857 6697/1832/4859 6698/1833/4860
f 6695/1830/4857 6699/1834/4861 6696/1831/4858
f 6695/1830/4857 6698/1833/4860 6699/1834/4861
f 6700/1830/4862 6701/1831/4863 6702/1832/4864
f 6700/1830/4862 6702/1832/4864 6703/1833/4865
f 6700/1830/4862 6704/1834/4866 6701/1831/4863
f 6700/1830/4862 6703/1833/4865 6704/1834/4866
f 6705/1830/4867 6706/1831/4868 6707/1832/4869
f 6705/1830/4867 6707/1832/4869 6708/1833/4870
f 6705/1830/4867 6709/1834/4871 6706/1831/4868
f 6705/1830/4867 6708/1833/4870 6709/1834/4871
f 6710/1830/4872 6711/1831/4873 6712/1832/4874
f 6710/1830/4872 6712/1832/4874 6713/1833/4875
f 6710/1830/4872 6714/1834/4876 6711/1831/4873
f 6710/1830/4872 6713/1833/4875 6714/1834/4876
f 6715/1830/4877 6716/1831/4878 6717/1832/4879
f 6715/1830/4877 6717/1832/4879 6718/1833/4880
f 6715/1830/4877 6719/1834/4881 6716/1831/4878
f 6715/1830/4877 6718/1833/4880 6719/1834/4881
f 6720/1830/4882 6721/1831/4883 6722/1832/4884
f 6720/1830/4882 6722/1832/4884 6723/1833/4885
f 6720/1830/4882 6724/1834/4886 6721/1831/4883
f 6720/1830/4882 6723/1833/4885 6724/1834/4886
f 6725/1830/4887 6726/1831/4888 6727/1832/4889
f 6725/1830/4887 6727/1832/4889 6728/1833/4890
f 6725/1830/4887 6729/1834/4891 6726/1831/4888
f 6725/1830/4887 6728/1833/4890 6729/1834/4891
f 6730/1830/4892 6731/1831/4893 6732/1832/4894
f 6730/1830/4892 6732/1832/4894 6733/1833/4895
f 6730/1830/4892 6734/1834/4896 6731/1831/4893
f 6730/1830/4892 6733/1833/4895 6734/1834/4896
f 6735/161/4897 6736/1835/4898 6737/1836/4899
f 6736/1835/4898 6738/1837/4900 6737/1836/4899
f 6738/1837/4900 6739/1838/4901 6737/1836/4899
f 6740/1839/4902 6738/1837/4900 6736/1835/4898
f 6739/1838/4901 6741/1840/4903 6737/1836/4899
f 6736/1835/4898 6742/1841/4904 6740/1839/4902
f 6740/1839/4902 6742/1841/4904 6743/1842/4905
f 6743/1842/4905 6744/1843/4906 6740/1839/4902
f 6744/1843/4906 6743/1842/4905 6745/1844/4907
f 6745/1844/4907 6746/1845/4908 6744/1843/4906
f 6746/1845/4908 6745/1844/4907 6747/1846/4909
f 6747/1846/4909 6748/1847/4910 6746/1845/4908
f 6748/1847/4910 6747/1846/4909 6749/1848/4911
f 6749/1848/4911 6750/1849/4912 6748/1847/4910
f 6750/1849/4912 6749/1848/4911 6751/1850/4913
f 6751/1850/4913 6752/1851/4914 6750/1849/4912
f 6753/1852/4915 6752/1851/4914 6751/1850/4913
f 6751/1850/4913 6754/1853/4916 6753/1852/4915
f 6753/1852/4915 6754/1853/4916 6755/1854/4917
f 6755/1854/4917 6756/1855/4918 6753/1852/4915
f 6757/1849/4919 6756/1855/4918 6755/1854/4917
f 6755/1854/4917 6758/1848/4920 6757/1849/4919
f 6759/1856/4921 6757/1849/4919 6758/1848/4920
f 6758/1848/4920 6760/1846/4922 6759/1856/4921
f 6761/1857/4923 6759/1856/4921 6760/1846/4922
f 6760/1846/4922 6762/1844/4924 6761/1857/4923
f 6763/1843/4925 6761/1857/4923 6762/1844/4924
f 6762/1844/4924 6764/1858/4926 6763/1843/4925
f 6765/1839/4927 6763/1843/4925 6764/1858/4926
f 6764/1858/4926 6766/1859/4928 6765/1839/4927
f 6765/1839/4927 6766/1859/4928 6767/1835/4929
f 6767/1835/4929 6741/1840/4903 6765/1839/4927
f 6741/1840/4903 6767/1835/4929 6737/1836/4899
f 6767/1835/4929 6768/161/4897 6737/1836/4899
f 6769/1860/4930 6770/1861/4931 6771/1862/4932
f 6770/1861/4931 6769/1860/4930 6772/1863/4933
f 6773/1864/4934 6772/1863/4933 6769/1860/4930
f 6772/1863/4933 6774/1865/4935 6770/1861/4931
f 6769/1860/4930 6775/1866/4936 6773/1864/4934
f 6775/1866/4936 6769/1860/4930 6776/1862/4937
f 6777/1867/4938 6770/1861/4931 6774/1865/4935
f 6770/1861/4931 6777/1867/4938 6778/1862/4939
f 6777/1867/4938 6779/1868/4940 6778/1862/4939
f 6780/1869/4941 6775/1866/4936 6776/1862/4937
f 6781/1870/4942 6780/1869/4941 6776/1862/4937
f 6775/1866/4936 6780/1869/4941 6782/1871/4943
f 6782/1871/4943 6773/1864/4934 6775/1866/4936
f 6780/1869/4941 6781/1870/4942 6783/1872/4944
f 6783/1872/4944 6782/1871/4943 6780/1869/4941
f 6773/1864/4934 6782/1871/4943 6784/1873/4945
f 6782/1871/4943 6783/1872/4944 6785/1874/4946
f 6785/1874/4946 6784/1873/4945 6782/1871/4943
f 6786/1875/4947 6783/1872/4944 6781/1870/4942
f 6784/1873/4945 6787/1876/4948 6773/1864/4934
f 6772/1863/4933 6773/1864/4934 6787/1876/4948
f 6784/1873/4945 6785/1874/4946 6788/1877/4949
f 6788/1877/4949 6789/1878/4950 6784/1873/4945
f 6787/1876/4948 6784/1873/4945 6789/1878/4950
f 6790/1879/4951 6788/1877/4949 6785/1874/4946
f 6789/1878/4950 6791/1880/4952 6787/1876/4948
f 6785/1874/4946 6792/1881/4953 6790/1879/4951
f 6792/1881/4953 6785/1874/4946 6783/1872/4944
f 6783/1872/4944 6786/1875/4947 6792/1881/4953
f 6793/1882/4954 6790/1879/4951 6792/1881/4953
f 6794/1883/4955 6787/1876/4948 6791/1880/4952
f 6787/1876/4948 6794/1883/4955 6772/1863/4933
f 6791/1880/4952 6795/1884/4956 6794/1883/4955
f 6774/1865/4935 6772/1863/4933 6794/1883/4955
f 6796/1885/4957 6794/1883/4955 6795/1884/4956
f 6794/1883/4955 6796/1885/4957 6774/1865/4935
f 6795/1884/4956 6797/1886/4958 6796/1885/4957
f 6798/1887/4959 6774/1865/4935 6796/1885/4957
f 6774/1865/4935 6798/1887/4959 6777/1867/4938
f 6779/1868/4940 6777/1867/4938 6798/1887/4959
f 6799/1888/4960 6796/1885/4957 6797/1886/4958
f 6796/1885/4957 6799/1888/4960 6798/1887/4959
f 6797/1886/4958 6800/1889/4961 6799/1888/4960
f 6798/1887/4959 6801/1890/4962 6779/1868/4940
f 6801/1890/4962 6798/1887/4959 6799/1888/4960
f 6802/1891/4963 6799/1888/4960 6800/1889/4961
f 6799/1888/4960 6802/1891/4963 6801/1890/4962
f 6800/1889/4961 6803/1892/4964 6802/1891/4963
f 6804/1893/4965 6779/1868/4940 6801/1890/4962
f 6779/1868/4940 6804/1893/4965 6805/1862/4966
f 6804/1893/4965 6806/1894/4967 6805/1862/4966
f 6801/1890/4962 6807/1895/4968 6804/1893/4965
f 6807/1895/4968 6801/1890/4962 6802/1891/4963
f 6806/1894/4967 6804/1893/4965 6807/1895/4968
f 6808/1896/4969 6802/1891/4963 6803/1892/4964
f 6802/1891/4963 6808/1896/4969 6807/1895/4968
f 6803/1892/4964 6809/1897/4970 6808/1896/4969
f 6807/1895/4968 6810/1898/4971 6806/1894/4967
f 6810/1898/4971 6807/1895/4968 6808/1896/4969
f 6811/1899/4972 6808/1896/4969 6809/1897/4970
f 6808/1896/4969 6811/1899/4972 6810/1898/4971
f 6809/1897/4970 6812/1900/4973 6811/1899/4972
f 6813/1901/4974 6806/1894/4967 6810/1898/4971
f 6806/1894/4967 6813/1901/4974 6814/1862/4975
f 6813/1901/4974 6815/1902/4976 6814/1862/4975
f 6810/1898/4971 6816/1903/4977 6813/1901/4974
f 6816/1903/4977 6810/1898/4971 6811/1899/4972
f 6815/1902/4976 6813/1901/4974 6816/1903/4977
f 6817/1904/4978 6811/1899/4972 6812/1900/4973
f 6811/1899/4972 6817/1904/4978 6816/1903/4977
f 6812/1900/4973 6818/1905/4979 6817/1904/4978
f 6816/1903/4977 6819/1906/4980 6815/1902/4976
f 6819/1906/4980 6816/1903/4977 6817/1904/4978
f 6820/1907/4981 6817/1904/4978 6818/1905/4979
f 6817/1904/4978 6820/1907/4981 6819/1906/4980
f 6818/1905/4979 6793/1882/4954 6820/1907/4981
f 6792/1881/4953 6820/1907/4981 6793/1882/4954
f 6820/1907/4981 6792/1881/4953 6786/1875/4947
f 6786/1875/4947 6819/1906/4980 6820/1907/4981
f 6821/1908/4982 6815/1902/4976 6819/1906/4980
f 6819/1906/4980 6786/1875/4947 6821/1908/4982
f 6815/1902/4976 6821/1908/4982 6822/1862/4983
f 6781/1870/4942 6821/1908/4982 6786/1875/4947
f 6821/1908/4982 6781/1870/4942 6822/1862/4983
f 6823/1909/4984 6824/152/4985 6825/160/4986
f 6826/159/4987 6825/160/4986 6824/152/4985
f 6824/152/4985 6823/1909/4984 6827/699/4988
f 6824/152/4985 6828/151/4989 6826/159/4987
f 6827/699/4988 6829/153/4990 6824/152/4985
f 6828/151/4989 6830/1910/4991 6826/159/4987
f 6827/699/4988 6831/700/4992 6829/153/4990
f 6830/1910/4991 6828/151/4989 6832/154/4993
f 6832/154/4993 6829/153/4990 6831/700/4992
f 6832/154/4993 6833/702/4994 6830/1910/4991
f 6831/700/4992 6834/701/4995 6832/154/4993
f 6832/154/4993 6834/701/4995 6833/702/4994
f 6835/152/4996 6836/1909/4997 6837/160/4998
f 6838/699/4999 6836/1909/4997 6835/152/4996
f 6835/152/4996 6837/160/4998 6839/159/5000
f 6835/152/4996 6840/153/5001 6838/699/4999
f 6839/159/5000 6841/151/5002 6835/152/4996
f 6842/700/5003 6838/699/4999 6840/153/5001
f 6843/1910/5004 6841/151/5002 6839/159/5000
f 6842/700/5003 6840/153/5001 6844/154/5005
f 6844/154/5005 6841/151/5002 6843/1910/5004
f 6844/154/5005 6845/701/5006 6842/700/5003
f 6843/1910/5004 6846/702/5007 6844/154/5005
f 6845/701/5006 6844/154/5005 6846/702/5007
f 6847/243/5008 6848/1259/5009 6849/246/5010
f 6848/1259/5009 6847/243/5008 6850/250/5011
f 6851/1250/739 6849/246/5010 6848/1259/5009
f 6850/250/5011 6852/1260/5012 6848/1259/5009
f 6848/1259/5009 6853/1257/739 6851/1250/739
f 6850/250/5011 6854/254/5013 6852/1260/5012
f 6851/1250/739 6853/1257/739 6855/1259/5014
f 6856/1257/2420 6852/1260/5012 6854/254/5013
f 6855/1259/5014 6857/246/5015 6851/1250/739
f 6854/254/5013 6858/1250/2420 6856/1257/2420
f 6855/1259/5014 6859/243/5016 6857/246/5015
f 6856/1257/2420 6858/1250/2420 6860/251/5017
f 6859/243/5016 6855/1259/5014 6861/1258/5018
f 6860/251/5017 6861/1258/5018 6856/1257/2420
f 6861/1258/5018 6862/247/5019 6859/243/5016
f 6861/1258/5018 6860/251/5017 6862/247/5019
f 6863/1911/5020 6125/1589/4369 6129/1593/4373
f 6125/1589/4369 6863/1911/5020 6123/1587/4367
f 6129/1593/4373 6864/1912/5021 6863/1911/5020
f 6126/1590/4370 6123/1587/4367 6863/1911/5020
f 6865/1913/5022 6863/1911/5020 6864/1912/5021
f 6863/1911/5020 6865/1913/5022 6126/1590/4370
f 6864/1912/5021 6866/1914/5023 6865/1913/5022
f 6867/1915/5024 6865/1913/5022 6866/1914/5023
f 6866/1914/5023 6868/1916/5025 6867/1915/5024
f 6869/1917/5026 6126/1590/4370 6865/1913/5022
f 6865/1913/5022 6867/1915/5024 6869/1917/5026
f 6870/1918/5027 6867/1915/5024 6868/1916/5025
f 6868/1916/5025 6871/1919/5028 6870/1918/5027
f 6872/1920/5029 6869/1917/5026 6867/1915/5024
f 6867/1915/5024 6870/1918/5027 6872/1920/5029
f 6126/1590/4370 6869/1917/5026 6873/1921/5030
f 6873/1921/5030 6095/1559/4339 6126/1590/4370
f 6095/1559/4339 6873/1921/5030 6085/1549/4329
f 6081/1545/4325 6085/1549/4329 6873/1921/5030
f 6874/1922/5031 6873/1921/5030 6869/1917/5026
f 6873/1921/5030 6874/1922/5031 6081/1545/4325
f 6869/1917/5026 6872/1920/5029 6874/1922/5031
f 6081/1545/4325 6874/1922/5031 6875/1923/5032
f 6875/1923/5032 6077/1541/4321 6081/1545/4325
f 6077/1541/4321 6875/1923/5032 6076/1540/4320
f 6874/1922/5031 6872/1920/5029 6876/1924/5033
f 6876/1924/5033 6875/1923/5032 6874/1922/5031
f 6876/1924/5033 6872/1920/5029 6870/1918/5027
f 6877/1925/5034 6076/1540/4320 6875/1923/5032
f 6875/1923/5032 6876/1924/5033 6877/1925/5034
f 6076/1540/4320 6877/1925/5034 6075/1539/4319
f 6870/1918/5027 6878/1926/5035 6876/1924/5033
f 6877/1925/5034 6876/1924/5033 6878/1926/5035
f 6878/1926/5035 6870/1918/5027 6871/1919/5028
f 6871/1919/5028 6879/1927/5036 6878/1926/5035
f 6075/1539/4319 6877/1925/5034 6880/1928/5037
f 6878/1926/5035 6880/1928/5037 6877/1925/5034
f 6880/1928/5037 6878/1926/5035 6879/1927/5036
f 6880/1928/5037 6050/1514/4294 6075/1539/4319
f 6879/1927/5036 6051/1515/4295 6880/1928/5037
f 6050/1514/4294 6880/1928/5037 6051/1515/4295
f 6881/1929/5038 6882/1930/5039 6883/1931/5040
f 6884/1932/5041 6883/1931/5040 6882/1930/5039
f 6882/1930/5039 6881/1929/5038 6885/1933/5042
f 6882/1930/5039 6886/1934/5043 6884/1932/5041
f 6886/1934/5043 6887/1935/5044 6884/1932/5041
f 6885/1933/5042 6888/1936/5045 6882/1930/5039
f 6886/1934/5043 6882/1930/5039 6888/1936/5045
f 6885/1933/5042 6889/1937/5046 6888/1936/5045
f 6887/1935/5044 6886/1934/5043 6890/1938/5047
f 6888/1936/5045 6890/1938/5047 6886/1934/5043
f 6890/1938/5047 6888/1936/5045 6889/1937/5046
f 6890/1938/5047 6891/1939/5048 6887/1935/5044
f 6889/1937/5046 6892/1940/5049 6890/1938/5047
f 6890/1938/5047 6892/1940/5049 6891/1939/5048
f 6893/646/5050 6894/1941/5051 6895/644/5052
f 6895/644/5052 6894/1941/5051 6896/1942/5053
f 6895/644/5052 6897/645/5054 6893/646/5050
f 6896/1942/5053 6898/1943/5053 6895/644/5052
f 6899/218/5055 6893/646/5050 6897/645/5054
f 6900/1944/5053 6898/1943/5053 6896/1942/5053
f 6897/645/5054 6901/647/5056 6899/218/5055
f 6896/1942/5053 6902/1945/5053 6900/1944/5053
f 6903/649/5057 6899/218/5055 6901/647/5056
f 6904/653/5058 6900/1944/5053 6902/1945/5053
f 6901/647/5056 6905/648/5059 6903/649/5057
f 6902/1945/5053 6906/652/5060 6904/653/5058
f 6907/651/5061 6903/649/5057 6905/648/5059
f 6908/654/5062 6904/653/5058 6906/652/5060
f 6905/648/5059 6909/650/5063 6907/651/5061
f 6906/652/5060 6910/655/5064 6908/654/5062
f 6911/649/5065 6907/651/5061 6909/650/5063
f 6912/656/5066 6908/654/5062 6910/655/5064
f 6909/650/5063 6913/648/5067 6911/649/5065
f 6910/655/5064 6914/657/5068 6912/656/5066
f 6915/218/5069 6911/649/5065 6913/648/5067
f 6916/658/5070 6912/656/5066 6914/657/5068
f 6913/648/5067 6917/647/5071 6915/218/5069
f 6914/657/5068 6918/659/5072 6916/658/5070
f 6919/646/5073 6915/218/5069 6917/647/5071
f 6920/660/5074 6916/658/5070 6918/659/5072
f 6917/647/5071 6921/645/5075 6919/646/5073
f 6918/659/5072 6922/661/5076 6920/660/5074
f 6923/1941/5077 6919/646/5073 6921/645/5075
f 6924/658/5078 6920/660/5074 6922/661/5076
f 6921/645/5075 6925/644/5079 6923/1941/5077
f 6922/661/5076 6926/659/5080 6924/658/5078
f 6927/1942/5081 6923/1941/5077 6925/644/5079
f 6928/656/5082 6924/658/5078 6926/659/5080
f 6925/644/5079 6929/1943/5083 6927/1942/5081
f 6926/659/5080 6930/657/5084 6928/656/5082
f 6931/1945/5085 6927/1942/5081 6929/1943/5083
f 6932/654/5086 6928/656/5082 6930/657/5084
f 6929/1943/5083 6933/1944/5087 6931/1945/5085
f 6930/657/5084 6934/655/5088 6932/654/5086
f 6931/1945/5085 6933/1944/5087 6935/653/5089
f 6935/653/5089 6932/654/5086 6934/655/5088
f 6935/653/5089 6936/652/5090 6931/1945/5085
f 6934/655/5088 6936/652/5090 6935/653/5089
f 6937/1946/5091 6938/1947/5092 6939/1948/5093
f 6939/1948/5093 6938/1947/5092 6940/1949/5094
f 6939/1948/5093 6941/1950/5095 6937/1946/5091
f 6940/1949/5094 6942/1951/5094 6939/1948/5093
f 6943/1952/5096 6937/1946/5091 6941/1950/5095
f 6944/1953/5094 6942/1951/5094 6940/1949/5094
f 6941/1950/5095 6945/1046/5097 6943/1952/5096
f 6940/1949/5094 6946/1954/5094 6944/1953/5094
f 6947/1955/5098 6943/1952/5096 6945/1046/5097
f 6948/1956/5099 6944/1953/5094 6946/1954/5094
f 6945/1046/5097 6949/1957/5100 6947/1955/5098
f 6946/1954/5094 6950/1958/5101 6948/1956/5099
f 6951/1959/5102 6947/1955/5098 6949/1957/5100
f 6952/1960/5103 6948/1956/5099 6950/1958/5101
f 6949/1957/5100 6953/1961/5104 6951/1959/5102
f 6950/1958/5101 6954/1962/5105 6952/1960/5103
f 6955/1955/5106 6951/1959/5102 6953/1961/5104
f 6956/1042/5107 6952/1960/5103 6954/1962/5105
f 6953/1961/5104 6957/1957/5108 6955/1955/5106
f 6954/1962/5105 6958/1963/5109 6956/1042/5107
f 6959/1952/5110 6955/1955/5106 6957/1957/5108
f 6960/1964/5111 6956/1042/5107 6958/1963/5109
f 6957/1957/5108 6961/1046/5112 6959/1952/5110
f 6958/1963/5109 6962/1965/5113 6960/1964/5111
f 6963/1946/5114 6959/1952/5110 6961/1046/5112
f 6964/1966/5115 6960/1964/5111 6962/1965/5113
f 6961/1046/5112 6965/1950/5116 6963/1946/5114
f 6962/1965/5113 6966/1967/5117 6964/1966/5115
f 6967/1947/5118 6963/1946/5114 6965/1950/5116
f 6968/1964/5119 6964/1966/5115 6966/1967/5117
f 6965/1950/5116 6969/1948/5120 6967/1947/5118
f 6966/1967/5117 6970/1965/5121 6968/1964/5119
f 6971/1949/5122 6967/1947/5118 6969/1948/5120
f 6972/1042/5123 6968/1964/5119 6970/1965/5121
f 6969/1948/5120 6973/1951/5122 6971/1949/5122
f 6970/1965/5121 6974/1963/5124 6972/1042/5123
f 6975/1954/5122 6971/1949/5122 6973/1951/5122
f 6976/1960/5125 6972/1042/5123 6974/1963/5124
f 6973/1951/5122 6977/1953/5122 6975/1954/5122
f 6974/1963/5124 6978/1962/5126 6976/1960/5125
f 6975/1954/5122 6977/1953/5122 6979/1956/5127
f 6979/1956/5127 6976/1960/5125 6978/1962/5126
f 6979/1956/5127 6980/1958/5128 6975/1954/5122
f 6978/1962/5126 6980/1958/5128 6979/1956/5127
f 6981/644/5129 6982/1941/5130 6983/646/5131
f 6984/1942/5132 6982/1941/5130 6981/644/5129
f 6983/646/5131 6985/645/5133 6981/644/5129
f 6981/644/5129 6986/1943/5134 6984/1942/5132
f 6985/645/5133 6983/646/5131 6987/218/5135
f 6984/1942/5132 6986/1943/5134 6988/1944/5136
f 6987/218/5135 6989/647/5137 6985/645/5133
f 6988/1944/5136 6990/1945/5136 6984/1942/5132
f 6989/647/5137 6987/218/5135 6991/649/5138
f 6990/1945/5136 6988/1944/5136 6992/653/5139
f 6991/649/5138 6993/648/5140 6989/647/5137
f 6992/653/5139 6994/652/5141 6990/1945/5136
f 6993/648/5140 6991/649/5138 6995/651/5142
f 6994/652/5141 6992/653/5139 6996/654/5143
f 6995/651/5142 6997/650/5144 6993/648/5140
f 6996/654/5143 6998/655/5145 6994/652/5141
f 6997/650/5144 6995/651/5142 6999/649/5146
f 6998/655/5145 6996/654/5143 7000/656/5147
f 6999/649/5146 7001/648/5148 6997/650/5144
f 7000/656/5147 7002/657/5149 6998/655/5145
f 7001/648/5148 6999/649/5146 7003/218/5150
f 7002/657/5149 7000/656/5147 7004/658/5151
f 7003/218/5150 7005/647/5152 7001/648/5148
f 7004/658/5151 7006/659/5153 7002/657/5149
f 7005/647/5152 7003/218/5150 7007/646/5154
f 7006/659/5153 7004/658/5151 7008/660/5155
f 7007/646/5154 7009/645/5156 7005/647/5152
f 7008/660/5155 7010/661/5157 7006/659/5153
f 7009/645/5156 7007/646/5154 7011/1941/5158
f 7010/661/5157 7008/660/5155 7012/658/5159
f 7011/1941/5158 7013/644/5160 7009/645/5156
f 7012/658/5159 7014/659/5161 7010/661/5157
f 7013/644/5160 7011/1941/5158 7015/1942/5162
f 7014/659/5161 7012/658/5159 7016/656/5163
f 7015/1942/5162 7017/1943/5164 7013/644/5160
f 7016/656/5163 7018/657/5165 7014/659/5161
f 7017/1943/5164 7015/1942/5162 7019/1945/5166
f 7018/657/5165 7016/656/5163 7020/654/5167
f 7019/1945/5166 7021/1944/5166 7017/1943/5164
f 7020/654/5167 7022/655/5168 7018/657/5165
f 7023/653/5169 7021/1944/5166 7019/1945/5166
f 7022/655/5168 7020/654/5167 7023/653/5169
f 7019/1945/5166 7024/652/5170 7023/653/5169
f 7023/653/5169 7024/652/5170 7022/655/5168
f 7025/1948/5171 7026/1947/5172 7027/1946/5173
f 7028/1949/5174 7026/1947/5172 7025/1948/5171
f 7027/1946/5173 7029/1950/5175 7025/1948/5171
f 7025/1948/5171 7030/1951/5174 7028/1949/5174
f 7029/1950/5175 7027/1946/5173 7031/1952/5176
f 7028/1949/5174 7030/1951/5174 7032/1953/5174
f 7031/1952/5176 7033/1046/5177 7029/1950/5175
f 7032/1953/5174 7034/1954/5174 7028/1949/5174
f 7033/1046/5177 7031/1952/5176 7035/1955/5178
f 7034/1954/5174 7032/1953/5174 7036/1956/5179
f 7035/1955/5178 7037/1957/5180 7033/1046/5177
f 7036/1956/5179 7038/1958/5181 7034/1954/5174
f 7037/1957/5180 7035/1955/5178 7039/1959/5182
f 7038/1958/5181 7036/1956/5179 7040/1960/5183
f 7039/1959/5182 7041/1961/5184 7037/1957/5180
f 7040/1960/5183 7042/1962/5185 7038/1958/5181
f 7041/1961/5184 7039/1959/5182 7043/1955/5186
f 7042/1962/5185 7040/1960/5183 7044/1042/5187
f 7043/1955/5186 7045/1957/5188 7041/1961/5184
f 7044/1042/5187 7046/1963/5189 7042/1962/5185
f 7045/1957/5188 7043/1955/5186 7047/1952/5190
f 7046/1963/5189 7044/1042/5187 7048/1964/5191
f 7047/1952/5190 7049/1046/5192 7045/1957/5188
f 7048/1964/5191 7050/1965/5193 7046/1963/5189
f 7049/1046/5192 7047/1952/5190 7051/1946/5194
f 7050/1965/5193 7048/1964/5191 7052/1966/5195
f 7051/1946/5194 7053/1950/5196 7049/1046/5192
f 7052/1966/5195 7054/1967/5197 7050/1965/5193
f 7053/1950/5196 7051/1946/5194 7055/1947/5198
f 7054/1967/5197 7052/1966/5195 7056/1964/5199
f 7055/1947/5198 7057/1948/5200 7053/1950/5196
f 7056/1964/5199 7058/1965/5201 7054/1967/5197
f 7057/1948/5200 7055/1947/5198 7059/1949/5202
f 7058/1965/5201 7056/1964/5199 7060/1042/5203
f 7059/1949/5202 7061/1951/5202 7057/1948/5200
f 7060/1042/5203 7062/1963/5204 7058/1965/5201
f 7061/1951/5202 7059/1949/5202 7063/1954/5202
f 7062/1963/5204 7060/1042/5203 7064/1960/5205
f 7063/1954/5202 7065/1953/5202 7061/1951/5202
f 7064/1960/5205 7066/1962/5206 7062/1963/5204
f 7067/1956/5207 7065/1953/5202 7063/1954/5202
f 7066/1962/5206 7064/1960/5205 7067/1956/5207
f 7063/1954/5202 7068/1958/5208 7067/1956/5207
f 7067/1956/5207 7068/1958/5208 7066/1962/5206
f 7069/1968/5209 7070/1969/5210 7071/1970/5211
f 7072/1970/5212 7070/1969/5210 7069/1968/5209
f 7071/1970/5211 7073/1971/5213 7069/1968/5209
f 7069/1968/5209 7074/1971/5214 7072/1970/5212
f 7073/1971/5213 7071/1970/5211 7075/1972/5215
f 7076/1972/5216 7072/1970/5212 7074/1971/5214
f 7075/1972/5215 7077/1973/5217 7073/1971/5213
f 7074/1971/5214 7078/1973/5218 7076/1972/5216
f 7077/1973/5217 7075/1972/5215 7079/1974/5219
f 7080/1974/5220 7076/1972/5216 7078/1973/5218
f 7079/1974/5219 7081/1975/5221 7077/1973/5217
f 7078/1973/5218 7082/1975/5222 7080/1974/5220
f 7081/1975/5221 7079/1974/5219 7083/1976/5223
f 7084/1976/5224 7080/1974/5220 7082/1975/5222
f 7083/1976/5223 7085/1977/5225 7081/1975/5221
f 7082/1975/5222 7086/1977/5226 7084/1976/5224
f 7085/1977/5225 7083/1976/5223 7087/1978/5227
f 7088/1978/5228 7084/1976/5224 7086/1977/5226
f 7087/1978/5227 7089/1979/5229 7085/1977/5225
f 7086/1977/5226 7090/1979/5230 7088/1978/5228
f 7089/1979/5229 7087/1978/5227 7091/1980/5231
f 7092/1980/5232 7088/1978/5228 7090/1979/5230
f 7091/1980/5231 7093/1981/5233 7089/1979/5229
f 7090/1979/5230 7094/1981/5234 7092/1980/5232
f 7093/1981/5233 7091/1980/5231 7095/1982/5235
f 7096/1982/5236 7092/1980/5232 7094/1981/5234
f 7095/1982/5235 7097/1983/5237 7093/1981/5233
f 7094/1981/5234 7098/1983/5238 7096/1982/5236
f 7099/1984/5239 7097/1983/5237 7095/1982/5235
f 7096/1982/5236 7098/1983/5238 7100/1984/5240
f 7095/1982/5235 7101/1985/5241 7099/1984/5239
f 7100/1984/5240 7102/1985/5242 7096/1982/5236
f 7101/1985/5241 7103/1986/5243 7099/1984/5239
f 7104/1986/5244 7102/1985/5242 7100/1984/5240
f 7103/1986/5243 7101/1985/5241 7105/1987/5245
f 7106/1987/5246 7102/1985/5242 7104/1986/5244
f 7105/1987/5245 7107/1988/5247 7103/1986/5243
f 7104/1986/5244 7108/1988/5248 7106/1987/5246
f 7107/1988/5247 7105/1987/5245 7109/1989/5249
f 7109/1989/5249 7106/1987/5246 7108/1988/5248
f 7109/1989/5249 7110/1990/5250 7107/1988/5247
f 7108/1988/5248 7110/1990/5250 7109/1989/5249
f 7111/1991/5251 7112/1982/5252 7113/1980/5253
f 7114/1985/5254 7112/1982/5252 7111/1991/5251
f 7113/1980/5253 7115/1992/5255 7111/1991/5251
f 7111/1991/5251 7116/1993/5256 7114/1985/5254
f 7115/1992/5255 7113/1980/5253 7117/1978/5257
f 7114/1985/5254 7116/1993/5256 7118/1994/5258
f 7117/1978/5257 7119/1995/5259 7115/1992/5255
f 7118/1994/5258 7120/1987/5260 7114/1985/5254
f 7119/1995/5259 7117/1978/5257 7121/1976/5261
f 7120/1987/5260 7118/1994/5258 7122/1996/5262
f 7121/1976/5261 7123/1997/5263 7119/1995/5259
f 7122/1996/5262 7124/1989/5262 7120/1987/5260
f 7123/1997/5263 7121/1976/5261 7125/1974/5264
f 7126/1987/5265 7124/1989/5262 7122/1996/5262
f 7125/1974/5264 7127/1998/5266 7123/1997/5263
f 7122/1996/5262 7128/1994/5267 7126/1987/5265
f 7127/1998/5266 7125/1974/5264 7129/1972/5268
f 7130/1985/5269 7126/1987/5265 7128/1994/5267
f 7129/1972/5268 7131/1999/5270 7127/1998/5266
f 7128/1994/5267 7132/1993/5271 7130/1985/5269
f 7131/1999/5270 7129/1972/5268 7133/1970/5272
f 7130/1985/5269 7132/1993/5271 7134/1991/5273
f 7133/1970/5272 7135/2000/5274 7131/1999/5270
f 7134/1991/5273 7136/1982/5275 7130/1985/5269
f 7135/2000/5274 7133/1970/5272 7137/1969/5276
f 7138/1980/5277 7136/1982/5275 7134/1991/5273
f 7137/1969/5276 7139/2001/5276 7135/2000/5274
f 7134/1991/5273 7140/1992/5278 7138/1980/5277
f 7141/2000/5279 7139/2001/5276 7137/1969/5276
f 7142/1978/5280 7138/1980/5277 7140/1992/5278
f 7137/1969/5276 7143/1970/5281 7141/2000/5279
f 7140/1992/5278 7144/1995/5282 7142/1978/5280
f 7145/1999/5283 7141/2000/5279 7143/1970/5281
f 7146/1976/5284 7142/1978/5280 7144/1995/5282
f 7143/1970/5281 7147/1972/5285 7145/1999/5283
f 7144/1995/5282 7148/1997/5286 7146/1976/5284
f 7149/1998/5287 7145/1999/5283 7147/1972/5285
f 7150/1974/5288 7146/1976/5284 7148/1997/5286
f 7147/1972/5285 7150/1974/5288 7149/1998/5287
f 7148/1997/5286 7149/1998/5287 7150/1974/5288
f 7151/2002/5289 7152/2003/5290 7153/2004/5291
f 7153/2004/5291 7152/2003/5290 7154/2002/5292
f 7153/2004/5291 7155/2005/5293 7151/2002/5289
f 7154/2002/5292 7156/2005/5294 7153/2004/5291
f 7157/2006/5295 7151/2002/5289 7155/2005/5293
f 7156/2005/5294 7154/2002/5292 7158/2006/5296
f 7155/2005/5293 7159/2007/5297 7157/2006/5295
f 7158/2006/5296 7160/2007/5298 7156/2005/5294
f 7161/2008/5299 7157/2006/5295 7159/2007/5297
f 7160/2007/5298 7158/2006/5296 7162/2008/5300
f 7159/2007/5297 7163/2009/5301 7161/2008/5299
f 7162/2008/5300 7164/2009/5302 7160/2007/5298
f 7165/2010/5303 7161/2008/5299 7163/2009/5301
f 7164/2009/5302 7162/2008/5300 7166/2010/5304
f 7163/2009/5301 7167/2011/5305 7165/2010/5303
f 7166/2010/5304 7168/2011/5306 7164/2009/5302
f 7169/2012/5307 7165/2010/5303 7167/2011/5305
f 7168/2011/5306 7166/2010/5304 7170/2012/5308
f 7167/2011/5305 7171/2013/5309 7169/2012/5307
f 7170/2012/5308 7172/2013/5310 7168/2011/5306
f 7173/2014/5311 7169/2012/5307 7171/2013/5309
f 7172/2013/5310 7170/2012/5308 7174/2014/5312
f 7171/2013/5309 7175/2015/5313 7173/2014/5311
f 7174/2014/5312 7176/2015/5314 7172/2013/5310
f 7177/2016/5315 7173/2014/5311 7175/2015/5313
f 7176/2015/5314 7174/2014/5312 7178/2016/5316
f 7175/2015/5313 7179/2017/5317 7177/2016/5315
f 7178/2016/5316 7180/2017/5318 7176/2015/5314
f 7177/2016/5315 7179/2017/5317 7181/2018/5319
f 7182/2018/5320 7180/2017/5318 7178/2016/5316
f 7181/2018/5319 7183/2019/5321 7177/2016/5315
f 7178/2016/5316 7184/2019/5322 7182/2018/5320
f 7183/2019/5321 7181/2018/5319 7185/2020/5323
f 7186/2020/5324 7182/2018/5320 7184/2019/5322
f 7185/2020/5323 7187/2021/5325 7183/2019/5321
f 7184/2019/5322 7188/2021/5326 7186/2020/5324
f 7187/2021/5325 7185/2020/5323 7189/2022/5327
f 7186/2020/5324 7188/2021/5326 7190/2023/5328
f 7189/2022/5327 7190/2023/5328 7187/2021/5325
f 7190/2023/5328 7189/2022/5327 7186/2020/5324
f 7191/2024/5329 7192/2025/5330 7193/2026/5331
f 7191/2024/5329 7193/2026/5331 7194/2027/5332
f 7192/2025/5330 7191/2024/5329 7195/2028/5333
f 7194/2027/5332 7196/2029/5334 7191/2024/5329
f 7195/2028/5333 7197/2030/5335 7192/2025/5330
f 7196/2029/5334 7194/2027/5332 7198/2031/5336
f 7197/2030/5335 7195/2028/5333 7199/2032/5337
f 7198/2031/5336 7199/2032/5337 7196/2029/5334
f 7199/2032/5337 7200/2033/5338 7197/2030/5335
f 7199/2032/5337 7198/2031/5336 7200/2033/5338
f 7201/2024/5339 7202/2025/5340 7203/2026/5341
f 7201/2024/5339 7203/2026/5341 7204/2027/5342
f 7202/2025/5340 7201/2024/5339 7205/2028/5343
f 7204/2027/5342 7206/2029/5344 7201/2024/5339
f 7205/2028/5343 7207/2030/5345 7202/2025/5340
f 7206/2029/5344 7204/2027/5342 7208/2031/5346
f 7207/2030/5345 7205/2028/5343 7209/2032/5347
f 7208/2031/5346 7209/2032/5347 7206/2029/5344
f 7209/2032/5347 7210/2033/5348 7207/2030/5345
f 7209/2032/5347 7208/2031/5346 7210/2033/5348
f 7211/2024/5349 7212/2025/5350 7213/2026/5351
f 7211/2024/5349 7213/2026/5351 7214/2027/5352
f 7212/2025/5350 7211/2024/5349 7215/2028/5353
f 7214/2027/5352 7216/2029/5354 7211/2024/5349
f 7215/2028/5353 7217/2030/5355 7212/2025/5350
f 7216/2029/5354 7214/2027/5352 7218/2031/5356
f 7217/2030/5355 7215/2028/5353 7219/2032/5357
f 7218/2031/5356 7219/2032/5357 7216/2029/5354
f 7219/2032/5357 7220/2033/5358 7217/2030/5355
f 7219/2032/5357 7218/2031/5356 7220/2033/5358
f 7221/2024/5359 7222/2025/5360 7223/2026/5361
f 7221/2024/5359 7223/2026/5361 7224/2027/5362
f 7222/2025/5360 7221/2024/5359 7225/2028/5363
f 7224/2027/5362 7226/2029/5364 7221/2024/5359
f 7225/2028/5363 7227/2030/5365 7222/2025/5360
f 7226/2029/5364 7224/2027/5362 7228/2031/5366
f 7227/2030/5365 7225/2028/5363 7229/2032/5367
f 7228/2031/5366 7229/2032/5367 7226/2029/5364
f 7229/2032/5367 7230/2033/5368 7227/2030/5365
f 7229/2032/5367 7228/2031/5366 7230/2033/5368
f 7231/2024/5369 7232/2025/5370 7233/2026/5371
f 7231/2024/5369 7233/2026/5371 7234/2027/5372
f 7232/2025/5370 7231/2024/5369 7235/2028/5373
f 7234/2027/5372 7236/2029/5374 7231/2024/5369
f 7235/2028/5373 7237/2030/5375 7232/2025/5370
f 7236/2029/5374 7234/2027/5372 7238/2031/5376
f 7237/2030/5375 7235/2028/5373 7239/2032/5377
f 7238/2031/5376 7239/2032/5377 7236/2029/5374
f 7239/2032/5377 7240/2033/5378 7237/2030/5375
f 7239/2032/5377 7238/2031/5376 7240/2033/5378
f 7241/2024/5379 7242/2025/5380 7243/2026/5381
f 7241/2024/5379 7243/2026/5381 7244/2027/5382
f 7242/2025/5380 7241/2024/5379 7245/2028/5383
f 7244/2027/5382 7246/2029/5384 7241/2024/5379
f 7245/2028/5383 7247/2030/5385 7242/2025/5380
f 7246/2029/5384 7244/2027/5382 7248/2031/5386
f 7247/2030/5385 7245/2028/5383 7249/2032/5387
f 7248/2031/5386 7249/2032/5387 7246/2029/5384
f 7249/2032/5387 7250/2033/5388 7247/2030/5385
f 7249/2032/5387 7248/2031/5386 7250/2033/5388
f 7251/2024/5389 7252/2025/5390 7253/2026/5391
f 7251/2024/5389 7253/2026/5391 7254/2027/5392
f 7252/2025/5390 7251/2024/5389 7255/2028/5393
f 7254/2027/5392 7256/2029/5394 7251/2024/5389
f 7255/2028/5393 7257/2030/5395 7252/2025/5390
f 7256/2029/5394 7254/2027/5392 7258/2031/5396
f 7257/2030/5395 7255/2028/5393 7259/2032/5397
f 7258/2031/5396 7259/2032/5397 7256/2029/5394
f 7259/2032/5397 7260/2033/5398 7257/2030/5395
f 7259/2032/5397 7258/2031/5396 7260/2033/5398
f 7261/2024/5399 7262/2025/5400 7263/2026/5401
f 7261/2024/5399 7263/2026/5401 7264/2027/5402
f 7262/2025/5400 7261/2024/5399 7265/2028/5403
f 7264/2027/5402 7266/2029/5404 7261/2024/5399
f 7265/2028/5403 7267/2030/5405 7262/2025/5400
f 7266/2029/5404 7264/2027/5402 7268/2031/5406
f 7267/2030/5405 7265/2028/5403 7269/2032/5407
f 7268/2031/5406 7269/2032/5407 7266/2029/5404
f 7269/2032/5407 7270/2033/5408 7267/2030/5405
f 7269/2032/5407 7268/2031/5406 7270/2033/5408
f 7271/2024/5409 7272/2025/5410 7273/2026/5411
f 7271/2024/5409 7273/2026/5411 7274/2027/5412
f 7272/2025/5410 7271/2024/5409 7275/2028/5413
f 7274/2027/5412 7276/2029/5414 7271/2024/5409
f 7275/2028/5413 7277/2030/5415 7272/2025/5410
f 7276/2029/5414 7274/2027/5412 7278/2031/5416
f 7277/2030/5415 7275/2028/5413 7279/2032/5417
f 7278/2031/5416 7279/2032/5417 7276/2029/5414
f 7279/2032/5417 7280/2033/5418 7277/2030/5415
f 7279/2032/5417 7278/2031/5416 7280/2033/5418
f 7281/2024/5419 7282/2025/5420 7283/2026/5421
f 7281/2024/5419 7283/2026/5421 7284/2027/5422
f 7282/2025/5420 7281/2024/5419 7285/2028/5423
f 7284/2027/5422 7286/2029/5424 7281/2024/5419
f 7285/2028/5423 7287/2030/5425 7282/2025/5420
f 7286/2029/5424 7284/2027/5422 7288/2031/5426
f 7287/2030/5425 7285/2028/5423 7289/2032/5427
f 7288/2031/5426 7289/2032/5427 7286/2029/5424
f 7289/2032/5427 7290/2033/5428 7287/2030/5425
f 7289/2032/5427 7288/2031/5426 7290/2033/5428
f 7291/1966/5429 7292/2034/5429 7293/2035/5430
f 7292/2034/5429 7291/1966/5429 7294/1964/5431
f 7293/2035/5430 7295/1964/5430 7291/1966/5429
f 7294/1964/5431 7296/2035/5431 7292/2034/5429
f 7295/1964/5430 7293/2035/5430 7297/2036/5432
f 7296/2035/5431 7294/1964/5431 7298/1042/5433
f 7297/2036/5432 7299/1042/5432 7295/1964/5430
f 7298/1042/5433 7300/2036/5433 7296/2035/5431
f 7299/1042/5432 7297/2036/5432 7301/2037/5434
f 7300/2036/5433 7298/1042/5433 7302/1960/5435
f 7301/2037/5434 7303/1960/5434 7299/1042/5432
f 7302/1960/5435 7304/2037/5435 7300/2036/5433
f 7303/1960/5434 7301/2037/5434 7305/2038/5436
f 7304/2037/5435 7302/1960/5435 7306/1956/5437
f 7305/2038/5436 7307/1956/5436 7303/1960/5434
f 7306/1956/5437 7308/2038/5437 7304/2037/5435
f 7307/1956/5436 7305/2038/5436 7309/2039/1635
f 7308/2038/5437 7306/1956/5437 7310/1953/1584
f 7309/2039/1635 7311/1953/1635 7307/1956/5436
f 7310/1953/1584 7312/2039/1584 7308/2038/5437
f 7311/1953/1635 7309/2039/1635 7313/2040/612
f 7312/2039/1584 7310/1953/1584 7314/1951/1584
f 7313/2040/612 7315/1951/612 7311/1953/1635
f 7314/1951/1584 7316/2040/1584 7312/2039/1584
f 7315/1951/612 7313/2040/612 7317/2041/5438
f 7316/2040/1584 7314/1951/1584 7318/1948/5439
f 7317/2041/5438 7319/1948/5438 7315/1951/612
f 7318/1948/5439 7320/2041/5439 7316/2040/1584
f 7319/1948/5438 7317/2041/5438 7321/2042/5440
f 7320/2041/5439 7318/1948/5439 7322/1950/5441
f 7321/2042/5440 7323/1950/5440 7319/1948/5438
f 7322/1950/5441 7324/2042/5441 7320/2041/5439
f 7323/1950/5440 7321/2042/5440 7325/2043/5442
f 7324/2042/5441 7322/1950/5441 7326/1046/3294
f 7325/2043/5442 7327/1046/5442 7323/1950/5440
f 7326/1046/3294 7328/2043/3294 7324/2042/5441
f 7327/1046/5442 7325/2043/5442 7329/2044/5443
f 7328/2043/3294 7326/1046/3294 7330/1957/5444
f 7329/2044/5443 7331/1957/5443 7327/1046/5442
f 7330/1957/5444 7332/2044/5444 7328/2043/3294
f 7331/1957/5443 7329/2044/5443 7333/2045/5445
f 7332/2044/5444 7330/1957/5444 7334/1961/5445
f 7333/2045/5445 7334/1961/5445 7331/1957/5443
f 7334/1961/5445 7333/2045/5445 7332/2044/5444
f 7335/1966/3154 7336/1964/5446 7337/2035/5446
f 7338/2036/5447 7337/2035/5446 7336/1964/5446
f 7337/2035/5446 7339/2034/3154 7335/1966/3154
f 7336/1964/5446 7340/1042/5447 7338/2036/5447
f 7341/1964/5448 7335/1966/3154 7339/2034/3154
f 7342/2037/5449 7338/2036/5447 7340/1042/5447
f 7339/2034/3154 7343/2035/5448 7341/1964/5448
f 7340/1042/5447 7344/1960/5449 7342/2037/5449
f 7345/1042/5450 7341/1964/5448 7343/2035/5448
f 7346/2038/5451 7342/2037/5449 7344/1960/5449
f 7343/2035/5448 7347/2036/5450 7345/1042/5450
f 7344/1960/5449 7348/1956/5451 7346/2038/5451
f 7349/1960/5452 7345/1042/5450 7347/2036/5450
f 7350/2039/1827 7346/2038/5451 7348/1956/5451
f 7347/2036/5450 7351/2037/5452 7349/1960/5452
f 7348/1956/5451 7352/1953/1827 7350/2039/1827
f 7353/1956/5453 7349/1960/5452 7351/2037/5452
f 7354/2040/1827 7350/2039/1827 7352/1953/1827
f 7351/2037/5452 7355/2038/5453 7353/1956/5453
f 7352/1953/1827 7356/1951/1827 7354/2040/1827
f 7357/1953/4548 7353/1956/5453 7355/2038/5453
f 7358/2041/5454 7354/2040/1827 7356/1951/1827
f 7355/2038/5453 7359/2039/4548 7357/1953/4548
f 7356/1951/1827 7360/1948/5454 7358/2041/5454
f 7361/1951/1706 7357/1953/4548 7359/2039/4548
f 7362/2042/5455 7358/2041/5454 7360/1948/5454
f 7359/2039/4548 7363/2040/1706 7361/1951/1706
f 7360/1948/5454 7364/1950/5456 7362/2042/5455
f 7365/1948/4549 7361/1951/1706 7363/2040/1706
f 7366/2043/5457 7362/2042/5455 7364/1950/5456
f 7363/2040/1706 7367/2041/4549 7365/1948/4549
f 7364/1950/5456 7368/1046/5457 7366/2043/5457
f 7369/1950/5458 7365/1948/4549 7367/2041/4549
f 7370/2044/5459 7366/2043/5457 7368/1046/5457
f 7367/2041/4549 7371/2042/5458 7369/1950/5458
f 7368/1046/5457 7372/1957/5459 7370/2044/5459
f 7373/1046/5460 7369/1950/5458 7371/2042/5458
f 7374/2045/5461 7370/2044/5459 7372/1957/5459
f 7371/2042/5458 7375/2043/5460 7373/1046/5460
f 7372/1957/5459 7376/1961/5461 7374/2045/5461
f 7377/1957/5462 7373/1046/5460 7375/2043/5460
f 7378/2044/5462 7374/2045/5461 7376/1961/5461
f 7375/2043/5460 7378/2044/5462 7377/1957/5462
f 7376/1961/5461 7377/1957/5462 7378/2044/5462
f 7379/2046/5463 7380/2047/5464 7381/2048/5465
f 7380/2047/5464 7379/2046/5463 7382/2049/5466
f 7381/2048/5465 7383/2050/5467 7379/2046/5463
f 7382/2049/5466 7384/2051/5468 7380/2047/5464
f 7383/2050/5467 7381/2048/5465 7385/2052/5469
f 7384/2051/5468 7382/2049/5466 7386/2053/5470
f 7385/2052/5469 7387/2054/5471 7383/2050/5467
f 7386/2053/5470 7388/2055/5472 7384/2051/5468
f 7387/2054/5471 7385/2052/5469 7389/2056/5473
f 7388/2055/5472 7386/2053/5470 7390/2057/5474
f 7389/2056/5473 7391/2058/5475 7387/2054/5471
f 7390/2057/5474 7392/2059/5476 7388/2055/5472
f 7391/2058/5475 7389/2056/5473 7393/2060/5477
f 7392/2059/5476 7390/2057/5474 7394/2053/5478
f 7393/2060/5477 7395/2061/5479 7391/2058/5475
f 7394/2053/5478 7396/2055/5480 7392/2059/5476
f 7395/2061/5479 7393/2060/5477 7397/2062/5481
f 7396/2055/5480 7394/2053/5478 7398/2049/5482
f 7397/2062/5481 7399/2063/5483 7395/2061/5479
f 7398/2049/5482 7400/2051/5484 7396/2055/5480
f 7399/2063/5483 7397/2062/5481 7401/2060/5485
f 7400/2051/5484 7398/2049/5482 7402/2046/5486
f 7401/2060/5485 7403/2061/5487 7399/2063/5483
f 7402/2046/5486 7404/2047/5488 7400/2051/5484
f 7403/2061/5487 7401/2060/5485 7405/2056/5489
f 7404/2047/5488 7402/2046/5486 7406/2050/5490
f 7405/2056/5489 7407/2058/5491 7403/2061/5487
f 7406/2050/5490 7408/2048/5492 7404/2047/5488
f 7407/2058/5491 7405/2056/5489 7409/2052/5493
f 7408/2048/5492 7406/2050/5490 7410/2054/5494
f 7409/2052/5493 7410/2054/5494 7407/2058/5491
f 7410/2054/5494 7409/2052/5493 7408/2048/5492
f 7411/2064/5495 7412/2046/5496 7413/2050/5497
f 7412/2046/5496 7411/2064/5495 7414/2065/5498
f 7413/2050/5497 7415/2066/5499 7411/2064/5495
f 7414/2065/5498 7416/2049/5500 7412/2046/5496
f 7415/2066/5499 7413/2050/5497 7417/2054/5501
f 7416/2049/5500 7414/2065/5498 7418/2067/5502
f 7417/2054/5501 7419/2068/5503 7415/2066/5499
f 7418/2067/5502 7420/2053/5504 7416/2049/5500
f 7419/2068/5503 7417/2054/5501 7421/2058/5505
f 7420/2053/5504 7418/2067/5502 7422/1948/5506
f 7421/2058/5505 7423/2069/5507 7419/2068/5503
f 7422/1948/5506 7424/2057/5508 7420/2053/5504
f 7423/2069/5507 7421/2058/5505 7425/2061/5509
f 7424/2057/5508 7422/1948/5506 7426/2067/5510
f 7425/2061/5509 7427/2070/5511 7423/2069/5507
f 7426/2067/5510 7428/2053/5512 7424/2057/5508
f 7427/2070/5511 7425/2061/5509 7429/2063/5513
f 7428/2053/5512 7426/2067/5510 7430/2065/5514
f 7429/2063/5513 7431/2071/5515 7427/2070/5511
f 7430/2065/5514 7432/2049/5516 7428/2053/5512
f 7431/2071/5515 7429/2063/5513 7433/2061/5517
f 7432/2049/5516 7430/2065/5514 7434/2064/5518
f 7433/2061/5517 7435/2070/5519 7431/2071/5515
f 7434/2064/5518 7436/2046/5520 7432/2049/5516
f 7435/2070/5519 7433/2061/5517 7437/2058/5521
f 7436/2046/5520 7434/2064/5518 7438/2066/5522
f 7437/2058/5521 7439/2069/5523 7435/2070/5519
f 7438/2066/5522 7440/2050/5524 7436/2046/5520
f 7439/2069/5523 7437/2058/5521 7441/2054/5525
f 7440/2050/5524 7438/2066/5522 7442/2068/5526
f 7441/2054/5525 7442/2068/5526 7439/2069/5523
f 7442/2068/5526 7441/2054/5525 7440/2050/5524
f 7443/2046/5527 7444/2064/5528 7445/2066/5529
f 7444/2064/5528 7443/2046/5527 7446/2049/5530
f 7445/2066/5529 7447/2050/5531 7443/2046/5527
f 7446/2049/5530 7448/2065/5532 7444/2064/5528
f 7447/2050/5531 7445/2066/5529 7449/2068/5533
f 7448/2065/5532 7446/2049/5530 7450/2053/5534
f 7449/2068/5533 7451/2054/5535 7447/2050/5531
f 7450/2053/5534 7452/2067/5536 7448/2065/5532
f 7451/2054/5535 7449/2068/5533 7453/2069/5537
f 7452/2067/5536 7450/2053/5534 7454/2057/5538
f 7453/2069/5537 7455/2058/5539 7451/2054/5535
f 7454/2057/5538 7456/1948/5540 7452/2067/5536
f 7455/2058/5539 7453/2069/5537 7457/2070/5541
f 7456/1948/5540 7454/2057/5538 7458/2053/5542
f 7457/2070/5541 7459/2061/5543 7455/2058/5539
f 7458/2053/5542 7460/2067/5544 7456/1948/5540
f 7459/2061/5543 7457/2070/5541 7461/2071/5545
f 7460/2067/5544 7458/2053/5542 7462/2049/5546
f 7461/2071/5545 7463/2063/5547 7459/2061/5543
f 7462/2049/5546 7464/2065/5548 7460/2067/5544
f 7463/2063/5547 7461/2071/5545 7465/2070/5549
f 7464/2065/5548 7462/2049/5546 7466/2046/5550
f 7465/2070/5549 7467/2061/5551 7463/2063/5547
f 7466/2046/5550 7468/2064/5552 7464/2065/5548
f 7467/2061/5551 7465/2070/5549 7469/2069/5553
f 7468/2064/5552 7466/2046/5550 7470/2050/5554
f 7469/2069/5553 7471/2058/5555 7467/2061/5551
f 7470/2050/5554 7472/2066/5556 7468/2064/5552
f 7471/2058/5555 7469/2069/5553 7473/2068/5557
f 7472/2066/5556 7470/2050/5554 7474/2054/5558
f 7473/2068/5557 7474/2054/5558 7471/2058/5555
f 7474/2054/5558 7473/2068/5557 7472/2066/5556
f 7475/2047/5559 7476/2046/5560 7477/2050/5561
f 7476/2046/5560 7475/2047/5559 7478/2051/5562
f 7477/2050/5561 7479/2048/5563 7475/2047/5559
f 7478/2051/5562 7480/2049/5564 7476/2046/5560
f 7479/2048/5563 7477/2050/5561 7481/2054/5565
f 7480/2049/5564 7478/2051/5562 7482/2055/5566
f 7481/2054/5565 7483/2052/5567 7479/2048/5563
f 7482/2055/5566 7484/2053/5568 7480/2049/5564
f 7483/2052/5567 7481/2054/5565 7485/2058/5569
f 7484/2053/5568 7482/2055/5566 7486/2059/5570
f 7485/2058/5569 7487/2056/5571 7483/2052/5567
f 7486/2059/5570 7488/2057/5572 7484/2053/5568
f 7487/2056/5571 7485/2058/5569 7489/2061/5573
f 7488/2057/5572 7486/2059/5570 7490/2055/5574
f 7489/2061/5573 7491/2060/5575 7487/2056/5571
f 7490/2055/5574 7492/2053/5576 7488/2057/5572
f 7491/2060/5575 7489/2061/5573 7493/2063/5577
f 7492/2053/5576 7490/2055/5574 7494/2051/5578
f 7493/2063/5577 7495/2062/5579 7491/2060/5575
f 7494/2051/5578 7496/2049/5580 7492/2053/5576
f 7495/2062/5579 7493/2063/5577 7497/2061/5581
f 7496/2049/5580 7494/2051/5578 7498/2047/5582
f 7497/2061/5581 7499/2060/5583 7495/2062/5579
f 7498/2047/5582 7500/2046/5584 7496/2049/5580
f 7499/2060/5583 7497/2061/5581 7501/2058/5585
f 7500/2046/5584 7498/2047/5582 7502/2048/5586
f 7501/2058/5585 7503/2056/5587 7499/2060/5583
f 7502/2048/5586 7504/2050/5588 7500/2046/5584
f 7503/2056/5587 7501/2058/5585 7505/2054/5589
f 7504/2050/5588 7502/2048/5586 7506/2052/5590
f 7505/2054/5589 7506/2052/5590 7503/2056/5587
f 7506/2052/5590 7505/2054/5589 7504/2050/5588
f 7507/2072/5591 7508/2073/5592 7509/2074/5593
f 7509/2074/5593 7508/2073/5592 7510/2072/5594
f 7511/2075/5595 7508/2073/5592 7507/2072/5591
f 7510/2072/5594 7508/2073/5592 7512/2075/5596
f 7513/2076/5597 7508/2073/5592 7511/2075/5595
f 7512/2075/5596 7508/2073/5592 7514/2076/5598
f 7515/2077/5599 7508/2073/5592 7513/2076/5597
f 7514/2076/5598 7508/2073/5592 7516/2077/5600
f 7508/2073/5592 7515/2077/5599 7517/2078/5601
f 7518/2078/5602 7516/2077/5600 7508/2073/5592
f 7508/2073/5592 7519/2079/244 7518/2078/5602
f 7517/2078/5601 7519/2079/244 7508/2073/5592
f 7520/2080/5602 7518/2078/5602 7519/2079/244
f 7521/2081/244 7519/2079/244 7517/2078/5601
f 7519/2079/244 7521/2081/244 7520/2080/5602
f 7517/2078/5601 7522/2080/5601 7521/2081/244
f 7520/2080/5602 7521/2081/244 7523/2082/5603
f 7523/2082/5603 7521/2081/244 7522/2080/5601
f 7523/2082/5603 7524/2083/5604 7520/2080/5602
f 7522/2080/5601 7525/2083/5605 7523/2082/5603
f 7524/2083/5604 7523/2082/5603 7526/2084/5606
f 7527/2084/5607 7523/2082/5603 7525/2083/5605
f 7526/2084/5606 7523/2082/5603 7528/2085/5608
f 7529/2085/5609 7523/2082/5603 7527/2084/5607
f 7528/2085/5608 7523/2082/5603 7530/2086/5610
f 7531/2086/5611 7523/2082/5603 7529/2085/5609
f 7530/2086/5610 7523/2082/5603 7532/2087/5612
f 7532/2087/5612 7523/2082/5603 7531/2086/5611
f 7533/2073/5613 7534/2072/5614 7535/2074/5615
f 7533/2073/5613 7535/2074/5615 7536/2072/5616
f 7533/2073/5613 7537/2075/5617 7534/2072/5614
f 7533/2073/5613 7536/2072/5616 7538/2075/5618
f 7533/2073/5613 7539/2076/5619 7537/2075/5617
f 7533/2073/5613 7538/2075/5618 7540/2076/5620
f 7533/2073/5613 7541/2077/5621 7539/2076/5619
f 7533/2073/5613 7540/2076/5620 7542/2077/5622
f 7543/2078/5623 7541/2077/5621 7533/2073/5613
f 7533/2073/5613 7542/2077/5622 7544/2078/5624
f 7544/2078/5624 7545/2079/244 7533/2073/5613
f 7533/2073/5613 7545/2079/244 7543/2078/5623
f 7545/2079/244 7544/2078/5624 7546/2080/5624
f 7543/2078/5623 7545/2079/244 7547/2081/244
f 7546/2080/5624 7547/2081/244 7545/2079/244
f 7547/2081/244 7548/2080/5623 7543/2078/5623
f 7549/2082/5625 7547/2081/244 7546/2080/5624
f 7548/2080/5623 7547/2081/244 7549/2082/5625
f 7546/2080/5624 7550/2083/5626 7549/2082/5625
f 7549/2082/5625 7551/2083/5627 7548/2080/5623
f 7549/2082/5625 7550/2083/5626 7552/2084/5628
f 7549/2082/5625 7553/2084/5629 7551/2083/5627
f 7549/2082/5625 7552/2084/5628 7554/2085/5630
f 7549/2082/5625 7555/2085/5631 7553/2084/5629
f 7549/2082/5625 7554/2085/5630 7556/2086/5632
f 7549/2082/5625 7557/2086/5633 7555/2085/5631
f 7549/2082/5625 7556/2086/5632 7558/2087/5634
f 7549/2082/5625 7558/2087/5634 7557/2086/5633
f 7559/2088/5635 7560/2089/5636 7561/2090/5637
f 7560/2089/5636 7562/2091/5638 7561/2090/5637
f 7563/2089/5639 7559/2088/5635 7561/2090/5637
f 7562/2091/5638 7564/2092/5640 7561/2090/5637
f 7565/2091/5641 7563/2089/5639 7561/2090/5637
f 7564/2092/5640 7566/2093/5642 7561/2090/5637
f 7567/2092/5643 7565/2091/5641 7561/2090/5637
f 7566/2093/5642 7568/2094/5644 7561/2090/5637
f 7569/2093/5645 7567/2092/5643 7561/2090/5637
f 7568/2094/5644 7570/2095/5646 7561/2090/5637
f 7571/2094/5647 7569/2093/5645 7561/2090/5637
f 7570/2095/5646 7572/2096/5648 7561/2090/5637
f 7573/2095/5649 7571/2094/5647 7561/2090/5637
f 7572/2096/5648 7574/2097/5650 7561/2090/5637
f 7575/2096/5651 7573/2095/5649 7561/2090/5637
f 7574/2097/5650 7576/2098/5652 7561/2090/5637
f 7577/2097/5653 7575/2096/5651 7561/2090/5637
f 7576/2098/5652 7578/2099/5654 7561/2090/5637
f 7579/2098/5655 7577/2097/5653 7561/2090/5637
f 7578/2099/5654 7579/2098/5655 7561/2090/5637
f 7580/2100/5656 7581/2101/5657 7582/2102/5658
f 7583/2103/5659 7582/2102/5658 7581/2101/5657
f 7581/2101/5657 7584/2100/5660 7583/2103/5659
f 7582/2102/5658 7585/2103/5661 7580/2100/5656
f 7586/2104/5662 7580/2100/5656 7585/2103/5661
f 7587/2105/5663 7583/2103/5659 7584/2100/5660
f 7584/2100/5660 7588/2104/5664 7587/2105/5663
f 7585/2103/5661 7589/2105/5665 7586/2104/5662
f 7590/2106/5666 7586/2104/5662 7589/2105/5665
f 7591/2107/5667 7587/2105/5663 7588/2104/5664
f 7588/2104/5664 7592/2106/5668 7591/2107/5667
f 7589/2105/5665 7593/2108/5669 7590/2106/5666
f 7594/2109/5670 7590/2106/5666 7593/2108/5669
f 7595/2110/5671 7591/2107/5667 7592/2106/5668
f 7592/2106/5668 7596/2109/5672 7595/2110/5671
f 7593/2108/5669 7597/2110/5673 7594/2109/5670
f 7598/2111/5674 7594/2109/5670 7597/2110/5673
f 7599/2112/5675 7595/2110/5671 7596/2109/5672
f 7596/2109/5672 7600/2111/5676 7599/2112/5675
f 7597/2110/5673 7601/2112/5677 7598/2111/5674
f 7602/2113/5678 7598/2111/5674 7601/2112/5677
f 7603/2114/5679 7599/2112/5675 7600/2111/5676
f 7600/2111/5676 7604/2113/5680 7603/2114/5679
f 7601/2112/5677 7605/2114/5681 7602/2113/5678
f 7606/2115/5682 7602/2113/5678 7605/2114/5681
f 7607/2116/5683 7603/2114/5679 7604/2113/5680
f 7604/2113/5680 7608/2115/5684 7607/2116/5683
f 7605/2114/5681 7609/2117/5685 7606/2115/5682
f 7610/2118/5686 7606/2115/5682 7609/2117/5685
f 7611/2119/5687 7607/2116/5683 7608/2115/5684
f 7608/2115/5684 7612/2118/5688 7611/2119/5687
f 7609/2117/5685 7613/2119/5689 7610/2118/5686
f 7614/2120/5690 7610/2118/5686 7613/2119/5689
f 7615/2121/5691 7611/2119/5687 7612/2118/5688
f 7612/2118/5688 7616/2120/5692 7615/2121/5691
f 7613/2119/5689 7617/2121/5693 7614/2120/5690
f 7618/2122/5694 7614/2120/5690 7617/2121/5693
f 7616/2120/5692 7618/2122/5694 7619/2123/5695
f 7617/2121/5693 7619/2123/5695 7618/2122/5694
f 7619/2123/5695 7615/2121/5691 7616/2120/5692
f 7617/2121/5693 7613/2119/5689 7620/2124/273
f 7619/2123/5695 7617/2121/5693 7620/2124/273
f 7615/2121/5691 7619/2123/5695 7620/2124/273
f 7613/2119/5689 7609/2117/5685 7620/2124/273
f 7611/2119/5687 7615/2121/5691 7620/2124/273
f 7609/2117/5685 7605/2114/5681 7620/2124/273
f 7607/2116/5683 7611/2119/5687 7620/2124/273
f 7605/2114/5681 7601/2112/5677 7620/2124/273
f 7603/2114/5679 7607/2116/5683 7620/2124/273
f 7601/2112/5677 7597/2110/5673 7620/2124/273
f 7599/2112/5675 7603/2114/5679 7620/2124/273
f 7597/2110/5673 7593/2108/5669 7620/2124/273
f 7595/2110/5671 7599/2112/5675 7620/2124/273
f 7593/2108/5669 7589/2105/5665 7620/2124/273
f 7591/2107/5667 7595/2110/5671 7620/2124/273
f 7589/2105/5665 7585/2103/5661 7620/2124/273
f 7587/2105/5663 7591/2107/5667 7620/2124/273
f 7585/2103/5661 7582/2102/5658 7620/2124/273
f 7583/2103/5659 7587/2105/5663 7620/2124/273
f 7582/2102/5658 7583/2103/5659 7620/2124/273
