# Blender 4.3.2
# www.blender.org
mtllib ORN_Brigand.mtl
o ORN_Brigand
v 25.933300 45.518154 221.507401
v 30.658594 47.722668 219.845490
v 31.319017 44.454651 232.119156
v 2.095996 -99.370674 -162.448990
v 4.252453 -98.528870 -160.463074
v 1.854150 -100.184578 -159.132919
v 4.148584 -64.487534 -47.221924
v 2.173511 -63.816261 -45.294910
v 1.854150 -66.318428 -46.350658
v 67.977242 15.692065 224.029739
v 64.597603 14.129370 220.371048
v 65.016182 22.028112 216.264313
v 51.911560 -1.482080 244.558716
v 53.711449 -0.855762 240.845764
v 57.101940 -1.289844 244.099823
v 67.977242 15.692065 224.029739
v 65.016182 22.028112 216.264313
v 65.409958 23.192383 218.098312
v 51.911560 -1.482080 244.558716
v 57.101940 -1.289844 244.099823
v 55.136169 2.078943 244.676529
v 57.101940 -1.289844 244.099823
v 53.711449 -0.855762 240.845764
v 64.597603 14.129370 220.371048
v 64.597603 14.129370 220.371048
v 67.977242 15.692065 224.029739
v 57.101940 -1.289844 244.099823
v 64.597603 14.129370 220.371048
v 24.798487 37.658165 196.935257
v 28.443224 46.972324 188.176102
v 28.443224 46.972324 188.176102
v 65.016182 22.028112 216.264313
v 64.597603 14.129370 220.371048
v 28.499035 48.090084 207.953201
v 66.016121 19.749182 225.682343
v 65.409958 23.192383 218.098312
v 65.409958 23.192383 218.098312
v 29.071093 48.693150 189.039627
v 28.499035 48.090084 207.953201
v 51.911560 -1.482080 244.558716
v 55.136169 2.078943 244.676529
v 13.924731 8.876977 244.076569
v 13.924731 8.876977 244.076569
v 10.145117 2.530078 245.023804
v 51.911560 -1.482080 244.558716
v 67.977242 15.692065 224.029739
v 66.016121 19.749182 225.682343
v 55.136169 2.078943 244.676529
v 55.136169 2.078943 244.676529
v 57.101940 -1.289844 244.099823
v 67.977242 15.692065 224.029739
v 40.264210 43.338436 191.823944
v 39.062733 47.876144 183.151611
v 40.910679 38.301540 222.409683
v 40.910679 38.301540 222.409683
v 41.780396 38.427109 217.915375
v 40.264210 43.338436 191.823944
v 39.062733 47.876144 183.151611
v 40.264210 43.338436 191.823944
v 42.268738 20.260778 213.746643
v 41.780396 38.427109 217.915375
v 40.910679 38.301540 222.409683
v 47.251377 4.260205 266.686035
v 47.251377 4.260205 266.686035
v 46.880859 1.601453 264.004028
v 41.780396 38.427109 217.915375
v 75.359741 88.020981 -174.921097
v 71.730507 86.118774 -172.880920
v 65.623901 86.118774 -185.695633
v 72.818810 88.030289 -119.445427
v 72.127380 89.312378 -119.563248
v 68.588058 86.118774 -120.104294
v 16.676500 78.251038 -289.648987
v 6.515881 77.100716 -296.975677
v 6.208923 78.875801 -296.735382
v 6.208923 78.875801 -296.735382
v 15.560290 79.835434 -289.679993
v 16.676500 78.251038 -289.648987
v 3.450952 -50.254295 -105.364113
v 38.963512 -47.654453 -105.891212
v 6.381006 -46.265392 -100.175278
v 29.071093 48.693150 189.039627
v 65.409958 23.192383 218.098312
v 65.016182 22.028112 216.264313
v 65.016182 22.028112 216.264313
v 28.443224 46.972324 188.176102
v 29.071093 48.693150 189.039627
v 65.409958 23.192383 218.098312
v 66.016121 19.749182 225.682343
v 67.977242 15.692065 224.029739
v 17.175695 17.078028 -17.329174
v 18.282604 7.137549 -2.054138
v 21.246765 5.457031 -2.751770
v 30.072582 74.449722 108.948387
v 31.613573 72.834312 108.298813
v 30.395044 73.500938 106.973312
v 31.305065 75.021774 72.563019
v 33.625854 73.407913 71.674698
v 31.559313 74.072990 70.392609
v 19.259289 76.334877 111.573036
v 22.962938 68.764793 101.027939
v 9.233544 70.146111 103.618477
v 27.771948 72.270012 109.557655
v 33.636707 66.795921 97.815735
v 22.962938 68.764793 101.027939
v 22.962938 68.764793 101.027939
v 19.259289 76.334877 111.573036
v 27.771948 72.270012 109.557655
v 7.565430 79.809082 113.256653
v 9.233544 70.146111 103.618477
v 0.000000 69.290344 104.340919
v 27.864965 73.045151 74.183075
v 35.373035 67.367973 60.148266
v 22.986193 69.222122 63.952686
v 22.986193 69.222122 63.952686
v 18.555456 76.604622 76.440300
v 27.864965 73.045151 74.183075
v 8.247559 70.487167 66.937004
v 0.000000 69.584892 67.535416
v 0.000000 79.849380 78.567299
v 60.631958 -52.989014 -228.548843
v 62.400841 -51.283691 -231.463394
v 63.416283 -54.398232 -229.494522
v 70.818932 -74.240425 -191.484436
v 70.812729 -73.886963 -187.498627
v 68.169479 -73.139717 -189.676788
v 88.424057 -46.482433 -227.503937
v 87.355904 -50.956581 -228.127151
v 86.579208 -47.614147 -229.985962
v 60.631958 -52.989014 -228.548843
v 59.289402 -46.054554 -229.720856
v 62.400841 -51.283691 -231.463394
v 88.424057 -46.482433 -227.503937
v 91.470383 -67.206749 -187.968369
v 90.016212 -69.095001 -189.879883
v 90.016212 -69.095001 -189.879883
v 87.355904 -50.956581 -228.127151
v 88.424057 -46.482433 -227.503937
v 87.028793 -41.527699 -227.271393
v 88.424057 -46.482433 -227.503937
v 86.579208 -47.614147 -229.985962
v 90.103027 52.665001 -28.359509
v 91.031654 52.517723 -29.161011
v 91.413025 54.985790 -25.821678
v 122.525856 43.918251 -64.454979
v 169.685760 30.855482 -90.782051
v 169.938461 33.253784 -85.756004
v 169.938461 33.253784 -85.756004
v 122.418884 46.425072 -61.473770
v 122.525856 43.918251 -64.454979
v 128.269684 34.692455 -225.683899
v 76.634079 40.237854 -250.795547
v 75.196960 42.963268 -252.018723
v 128.359604 36.850460 -228.217072
v 163.817902 31.362427 -206.550186
v 164.096954 29.151709 -201.052841
v 67.853218 27.832407 -23.207886
v 73.801697 18.446936 -45.319714
v 80.137741 10.089306 -79.909851
v 90.103027 52.665001 -28.359509
v 69.651558 52.358044 -71.287117
v 91.226990 7.647595 -170.834534
v 90.103027 52.665001 -28.359509
v 91.226990 7.647595 -170.834534
v 92.892006 6.415112 -182.329956
v 91.031654 52.517723 -29.161011
v 90.103027 52.665001 -28.359509
v 92.892006 6.415112 -182.329956
v 91.031654 52.517723 -29.161011
v 89.382141 42.251682 -228.496124
v 76.634079 40.237854 -250.795547
v 91.031654 52.517723 -29.161011
v 76.634079 40.237854 -250.795547
v 76.190697 41.126171 -250.576950
v 76.634079 40.237854 -250.795547
v 73.745888 41.081211 -252.835724
v 75.196960 42.963268 -252.018723
v 73.073059 -32.508091 -251.804779
v 75.100838 -38.704617 -225.928848
v 65.766525 -40.405289 -226.679184
v 75.317879 -31.568615 -250.719574
v 77.018555 -36.039661 -227.967484
v 75.100838 -38.704617 -225.928848
v 75.100838 -38.704617 -225.928848
v 73.073059 -32.508091 -251.804779
v 75.317879 -31.568615 -250.719574
v 34.828880 72.716492 42.340054
v 37.700024 71.101082 41.192837
v 35.100182 71.767708 40.005306
v 30.705103 68.947731 43.628345
v 35.100182 71.767708 40.005306
v 48.141247 65.654907 20.056139
v 48.141247 65.654907 20.056139
v 39.606884 65.062691 28.770336
v 30.705103 68.947731 43.628345
v 19.724377 72.507202 46.608009
v 24.714769 66.915291 33.768478
v 8.331274 68.181885 37.455074
v 30.705103 68.947731 43.628345
v 39.606884 65.062691 28.770336
v 24.714769 66.915291 33.768478
v 24.714769 66.915291 33.768478
v 19.724377 72.507202 46.608009
v 30.705103 68.947731 43.628345
v 9.169983 -75.727165 -153.323975
v 9.320361 -75.021782 -156.021484
v 10.692370 -73.521095 -154.148727
v 10.586950 -51.401512 -80.588875
v 9.360669 -51.099205 -77.937874
v 9.103320 -53.376587 -78.975021
v 20.341394 57.517418 216.548019
v 20.249926 56.477169 214.478378
v 19.649963 57.292625 214.348160
v -30.658594 47.722668 219.845490
v -25.934851 45.518154 221.507401
v -31.319017 44.454651 232.119156
v -4.252453 -98.528870 -160.463074
v -2.097546 -99.370674 -162.448990
v -1.855701 -100.184578 -159.132919
v -2.175061 -63.816261 -45.294910
v -4.148584 -64.487534 -47.221924
v -1.855701 -66.318428 -46.350658
v -64.597603 14.129370 220.371048
v -67.977242 15.692065 224.029739
v -65.017738 22.028112 216.264313
v -53.713001 -0.855762 240.845764
v -51.911560 -1.482080 244.558716
v -57.103489 -1.289844 244.099823
v -65.017738 22.028112 216.264313
v -67.977242 15.692065 224.029739
v -65.411507 23.192383 218.098312
v -57.103489 -1.289844 244.099823
v -51.911560 -1.482080 244.558716
v -55.136169 2.078943 244.676529
v -57.103489 -1.289844 244.099823
v -67.977242 15.692065 224.029739
v -64.597603 14.129370 220.371048
v -64.597603 14.129370 220.371048
v -53.713001 -0.855762 240.845764
v -57.103489 -1.289844 244.099823
v -64.597603 14.129370 220.371048
v -65.017738 22.028112 216.264313
v -28.444775 46.972324 188.176102
v -28.444775 46.972324 188.176102
v -24.798487 37.658165 196.935257
v -64.597603 14.129370 220.371048
v -28.499035 48.090084 207.953201
v -29.072643 48.693150 189.039627
v -65.411507 23.192383 218.098312
v -65.411507 23.192383 218.098312
v -66.017677 19.749182 225.682343
v -28.499035 48.090084 207.953201
v -51.911560 -1.482080 244.558716
v -10.146667 2.530078 245.023804
v -13.924731 8.876977 244.076569
v -13.924731 8.876977 244.076569
v -55.136169 2.078943 244.676529
v -51.911560 -1.482080 244.558716
v -67.977242 15.692065 224.029739
v -57.103489 -1.289844 244.099823
v -55.136169 2.078943 244.676529
v -55.136169 2.078943 244.676529
v -66.017677 19.749182 225.682343
v -67.977242 15.692065 224.029739
v -40.265759 43.338436 191.823944
v -41.780396 38.427109 217.915375
v -40.910679 38.301540 222.409683
v -40.910679 38.301540 222.409683
v -39.062733 47.876144 183.151611
v -40.265759 43.338436 191.823944
v -42.270287 20.260778 213.746643
v -40.265759 43.338436 191.823944
v -39.062733 47.876144 183.151611
v -41.780396 38.427109 217.915375
v -46.880859 1.601453 264.004028
v -47.252930 4.260205 266.686035
v -47.252930 4.260205 266.686035
v -40.910679 38.301540 222.409683
v -41.780396 38.427109 217.915375
v -65.623901 86.118774 -185.695633
v -71.732056 86.118774 -172.880920
v -75.359741 88.020981 -174.921097
v -72.128929 89.312378 -119.563248
v -72.818810 88.030289 -119.445427
v -68.588058 86.118774 -120.104294
v -16.678051 78.251038 -289.648987
v -15.560290 79.835434 -289.679993
v -6.210474 78.875801 -296.735382
v -6.210474 78.875801 -296.735382
v -6.517432 77.100716 -296.975677
v -16.678051 78.251038 -289.648987
v -38.963512 -47.654453 -105.891212
v -3.452502 -50.254295 -105.364113
v -6.382556 -46.265392 -100.175278
v -29.072643 48.693150 189.039627
v -28.444775 46.972324 188.176102
v -65.017738 22.028112 216.264313
v -65.017738 22.028112 216.264313
v -65.411507 23.192383 218.098312
v -29.072643 48.693150 189.039627
v -66.017677 19.749182 225.682343
v -65.411507 23.192383 218.098312
v -67.977242 15.692065 224.029739
v -18.282604 7.137549 -2.054138
v -17.175695 17.078028 -17.329174
v -21.248316 5.457031 -2.751770
v -31.613573 72.834312 108.298813
v -30.072582 74.449722 108.948387
v -30.396593 73.500938 106.973312
v -33.625854 73.407913 71.674698
v -31.306616 75.021774 72.563019
v -31.560863 74.072990 70.392609
v -9.235095 70.146111 103.618477
v -22.964489 68.764793 101.027939
v -19.259289 76.334877 111.573036
v -8.249108 70.487167 66.937004
v -22.986193 69.222122 63.952686
v -18.557007 76.604622 76.440300
v -27.773499 72.270012 109.557655
v -19.259289 76.334877 111.573036
v -22.964489 68.764793 101.027939
v -22.964489 68.764793 101.027939
v -33.638256 66.795921 97.815735
v -27.773499 72.270012 109.557655
v -27.866516 73.045151 74.183075
v -18.557007 76.604622 76.440300
v -22.986193 69.222122 63.952686
v -22.986193 69.222122 63.952686
v -35.373035 67.367973 60.148266
v -27.866516 73.045151 74.183075
v 0.000000 79.849380 78.567299
v 0.000000 69.584892 67.535416
v -8.249108 70.487167 66.937004
v -62.400841 -51.283691 -231.463394
v -60.631958 -52.989014 -228.548843
v -63.417835 -54.398232 -229.494522
v -70.814278 -73.886963 -187.498627
v -70.818932 -74.240425 -191.484436
v -68.171028 -73.139717 -189.676788
v -87.357460 -50.956581 -228.127151
v -88.424057 -46.482433 -227.503937
v -86.580757 -47.614147 -229.985962
v -59.289402 -46.054554 -229.720856
v -60.631958 -52.989014 -228.548843
v -62.400841 -51.283691 -231.463394
v -88.424057 -46.482433 -227.503937
v -87.357460 -50.956581 -228.127151
v -90.017761 -69.095001 -189.879883
v -90.017761 -69.095001 -189.879883
v -91.470383 -67.206749 -187.968369
v -88.424057 -46.482433 -227.503937
v -88.424057 -46.482433 -227.503937
v -87.028793 -41.527699 -227.271393
v -86.580757 -47.614147 -229.985962
v -91.031654 52.517723 -29.161011
v -90.103027 52.665001 -28.359509
v -91.414574 54.985790 -25.821678
v -122.527405 43.918251 -64.454979
v -122.418884 46.425072 -61.473770
v -169.940018 33.253784 -85.756004
v -169.940018 33.253784 -85.756004
v -169.687317 30.855482 -90.782051
v -122.527405 43.918251 -64.454979
v -75.198509 42.963268 -252.018723
v -76.634079 40.237854 -250.795547
v -128.269684 34.692455 -225.683899
v -164.096954 29.151709 -201.052841
v -163.817902 31.362427 -206.550186
v -128.361160 36.850460 -228.217072
v -80.139290 10.089306 -79.909851
v -73.803246 18.446936 -45.319714
v -67.853218 27.832407 -23.207886
v -91.226990 7.647595 -170.834534
v -69.651558 52.358044 -71.287117
v -90.103027 52.665001 -28.359509
v -92.893555 6.415112 -182.329956
v -91.226990 7.647595 -170.834534
v -90.103027 52.665001 -28.359509
v -92.893555 6.415112 -182.329956
v -90.103027 52.665001 -28.359509
v -91.031654 52.517723 -29.161011
v -76.634079 40.237854 -250.795547
v -89.383690 42.251682 -228.496124
v -91.031654 52.517723 -29.161011
v -76.634079 40.237854 -250.795547
v -91.031654 52.517723 -29.161011
v -76.192245 41.126171 -250.576950
v -73.745888 41.081211 -252.835724
v -76.634079 40.237854 -250.795547
v -75.198509 42.963268 -252.018723
v -65.766525 -40.405289 -226.679184
v -75.102394 -38.704617 -225.928848
v -73.074608 -32.508091 -251.804779
v -75.317879 -31.568615 -250.719574
v -73.074608 -32.508091 -251.804779
v -75.102394 -38.704617 -225.928848
v -75.102394 -38.704617 -225.928848
v -77.018555 -36.039661 -227.967484
v -75.317879 -31.568615 -250.719574
v -37.700024 71.101082 41.192837
v -34.830433 72.716492 42.340054
v -35.100182 71.767708 40.005306
v -30.706652 68.947731 43.628345
v -39.606884 65.062691 28.770336
v -48.142796 65.654907 20.056139
v -48.142796 65.654907 20.056139
v -35.100182 71.767708 40.005306
v -30.706652 68.947731 43.628345
v -8.332825 68.181885 37.455074
v -24.714769 66.915291 33.768478
v -19.724377 72.507202 46.608009
v -30.706652 68.947731 43.628345
v -19.724377 72.507202 46.608009
v -24.714769 66.915291 33.768478
v -24.714769 66.915291 33.768478
v -39.606884 65.062691 28.770336
v -30.706652 68.947731 43.628345
v -9.321912 -75.021782 -156.021484
v -9.171533 -75.727165 -153.323975
v -10.692370 -73.521095 -154.148727
v -9.362219 -51.099205 -77.937874
v -10.588501 -51.401512 -80.588875
v -9.103320 -53.376587 -78.975021
v -20.251476 56.477169 214.478378
v -20.342943 57.517418 216.548019
v -19.651514 57.292625 214.348160
v 0.479041 -34.337437 131.294312
v 16.862535 -40.488998 131.653976
v 20.048388 -36.183834 131.726837
v 1.727026 -39.676643 131.726837
v 16.862535 -40.488998 131.653976
v 32.069359 -41.121521 123.195580
v 20.048388 -36.183834 131.726837
v 27.311510 -47.663757 123.085510
v 27.709936 -47.663757 115.261177
v 2.514575 -46.421974 124.096298
v 4.695837 -46.406471 109.545250
v 27.001451 -46.694824 24.471375
v 9.692431 -46.332054 22.263756
v 13.152685 -41.296703 22.263756
v 35.889282 -47.460667 25.598436
v 13.152685 -41.296703 22.263756
v 23.744287 -42.022240 22.263756
v 41.924572 -41.194386 25.404650
v 27.429333 -40.127781 22.263756
v 42.527637 -38.780579 25.195360
v 31.833715 -19.498034 22.287012
v 28.978075 -21.776962 22.263758
v 29.089697 -46.670017 -23.869862
v 10.421069 -46.299500 -26.077478
v 14.256494 -41.146324 -26.077478
v 38.639500 -47.454468 -22.741247
v 14.256494 -41.146324 -26.077478
v 25.742615 -41.888916 -26.077478
v 45.561558 -41.040905 -22.936584
v 29.827637 -39.949497 -26.077478
v 46.384766 -38.571289 -23.145874
v 35.780762 -18.840712 -26.054224
v 32.441429 -21.172352 -26.077478
v 12.851929 -41.338562 35.445896
v 9.493994 -46.341358 35.445900
v 26.623180 -46.699474 33.238281
v 12.851929 -41.338562 35.445896
v 35.518761 -47.462219 32.111217
v 23.200134 -42.059448 35.445896
v 41.405224 -41.216087 32.305000
v 26.775110 -40.175842 35.445896
v 41.943176 -38.813137 32.514290
v 30.760912 -19.676317 35.422642
v 28.033947 -21.942846 35.445896
v 13.955737 -41.188183 -12.893785
v 10.222631 -46.307251 -12.893787
v 28.711426 -46.674671 -15.101404
v 13.955737 -41.188183 -12.893785
v 38.268982 -47.454468 -16.230017
v 25.198462 -41.924572 -12.893787
v 45.042210 -41.062611 -16.034679
v 29.173412 -39.999107 -12.893785
v 45.800304 -38.603844 -15.825390
v 34.707958 -19.018993 -12.917041
v 31.497301 -21.336681 -12.893786
v 9.233544 70.146111 103.618477
v 7.565430 79.809082 113.256653
v 19.259289 76.334877 111.573036
v 0.000000 69.290344 104.340919
v 0.000000 80.447807 113.613220
v -7.565430 79.809082 113.256653
v -9.235095 70.146111 103.618477
v -7.565430 79.809082 113.256653
v -19.259289 76.334877 111.573036
v -9.235095 70.146111 103.618477
v 18.555456 76.604622 76.440300
v 22.986193 69.222122 63.952686
v 8.247559 70.487167 66.937004
v 0.000000 79.849380 78.567299
v 6.464722 79.576530 78.305298
v 8.247559 70.487167 66.937004
v 18.555456 76.604622 76.440300
v -8.249108 70.487167 66.937004
v -6.466272 79.576530 78.305298
v -18.557007 76.604622 76.440300
v 92.892006 6.415112 -182.329956
v 93.584984 11.107849 -196.660858
v 93.109047 18.333765 -209.494186
v 93.109047 18.333765 -209.494186
v 89.382141 42.251682 -228.496124
v 91.675026 28.585852 -220.315231
v 91.031654 52.517723 -29.161011
v 92.892006 6.415112 -182.329956
v 65.766525 -40.405289 -226.679184
v 64.526291 -30.646191 -252.627991
v 73.073059 -32.508091 -251.804779
v 62.912437 -38.425564 -228.927109
v 61.986912 -30.222960 -251.634247
v 64.526291 -30.646191 -252.627991
v 65.766525 -40.405289 -226.679184
v 8.331274 68.181885 37.455074
v 0.000000 67.279610 37.994579
v 0.000000 75.751961 49.079174
v -8.332825 68.181885 37.455074
v -6.506579 75.479111 48.886940
v -19.724377 72.507202 46.608009
v -16.864086 -40.488998 131.653976
v -0.479041 -34.337437 131.294312
v -20.048388 -36.183834 131.726837
v -1.727026 -39.676643 131.726837
v -16.864086 -40.488998 131.653976
v -20.048388 -36.183834 131.726837
v -32.070911 -41.121521 123.195580
v -27.313061 -47.663757 123.085510
v -2.514575 -46.421974 124.096298
v -27.711487 -47.663757 115.261177
v -4.695837 -46.406471 109.545250
v -9.693982 -46.332054 22.263756
v -27.001451 -46.694824 24.471375
v -13.154236 -41.296703 22.263756
v -13.154236 -41.296703 22.263756
v -35.890831 -47.460667 25.598436
v -23.745836 -42.022240 22.263756
v -41.924572 -41.194386 25.404650
v -27.430883 -40.127781 22.263756
v -42.527637 -38.780579 25.195360
v -31.833715 -19.498034 22.287012
v -28.979626 -21.776962 22.263758
v -10.421069 -46.299500 -26.077478
v -29.089697 -46.670017 -23.869862
v -14.258044 -41.146324 -26.077478
v -14.258044 -41.146324 -26.077478
v -38.641052 -47.454468 -22.741247
v -25.744165 -41.888916 -26.077478
v -45.561558 -41.040905 -22.936584
v -29.829187 -39.949497 -26.077478
v -46.386314 -38.571289 -23.145874
v -35.782310 -18.840712 -26.054224
v -32.441429 -21.172352 -26.077478
v -9.495544 -46.341358 35.445900
v -12.853478 -41.338562 35.445896
v -26.623180 -46.699474 33.238281
v -35.520313 -47.462219 32.111217
v -12.853478 -41.338562 35.445896
v -23.200134 -42.059448 35.445896
v -41.405224 -41.216087 32.305000
v -26.776659 -40.175842 35.445896
v -41.944725 -38.813137 32.514290
v -30.760912 -19.676317 35.422642
v -28.033947 -21.942846 35.445896
v -10.222631 -46.307251 -12.893787
v -13.955737 -41.188183 -12.893785
v -28.711426 -46.674671 -15.101404
v -38.270531 -47.454468 -16.230017
v -13.955737 -41.188183 -12.893785
v -25.198462 -41.924572 -12.893787
v -45.042210 -41.062611 -16.034679
v -29.174963 -39.999107 -12.893785
v -45.801853 -38.603844 -15.825390
v -34.709507 -19.018993 -12.917041
v -31.497301 -21.336681 -12.893786
v -73.074608 -32.508091 -251.804779
v -64.526291 -30.646191 -252.627991
v -65.766525 -40.405289 -226.679184
v -61.986912 -30.222960 -251.634247
v -62.912437 -38.425564 -228.927109
v -65.766525 -40.405289 -226.679184
v -64.526291 -30.646191 -252.627991
v 0.000000 75.751961 49.079174
v 0.000000 67.279610 37.994579
v -8.332825 68.181885 37.455074
v 6.505029 75.479111 48.886940
v 8.331274 68.181885 37.455074
v 19.724377 72.507202 46.608009
v 32.149975 60.647457 89.687546
v 57.999561 59.780846 24.249683
v 61.197815 61.261375 22.252905
v 67.884224 65.595993 22.248253
v 91.413025 54.985790 -25.821678
v 91.819199 60.543591 -25.483715
v 32.149975 60.647457 89.687546
v 50.307007 67.301315 74.812492
v 38.543385 65.616150 115.264282
v 34.481617 60.244381 115.146461
v 32.058506 61.275330 153.875870
v 32.058506 57.844532 153.697586
v 30.658594 47.722668 219.845490
v 10.769885 47.654457 260.590302
v 11.568286 48.048229 262.312653
v 15.676562 50.809303 249.626617
v 14.895215 50.440334 247.995712
v 10.769885 47.654457 260.590302
v 18.584911 54.227699 233.746964
v 17.822168 53.874233 232.161026
v 20.006531 57.804222 216.991409
v 19.307348 57.590279 214.791534
v 11.568286 48.048229 262.312653
v 5.979480 45.992542 268.169678
v 6.875549 46.445229 269.789734
v -58.001110 59.780846 24.249683
v -32.151524 60.647457 89.687546
v -61.197815 61.261375 22.252905
v -91.414574 54.985790 -25.821678
v -67.884224 65.595993 22.248253
v -91.820747 60.543591 -25.483715
v -32.151524 60.647457 89.687546
v -50.308556 67.301315 74.812492
v -38.544933 65.616150 115.264282
v -34.481617 60.244381 115.146461
v -32.058506 61.275330 153.875870
v -32.058506 57.844532 153.697586
v -30.658594 47.722668 219.845490
v -89.383690 42.251682 -228.496124
v -91.676575 28.585852 -220.315231
v -93.110596 18.333765 -209.494186
v -92.893555 6.415112 -182.329956
v -91.031654 52.517723 -29.161011
v -93.110596 18.333765 -209.494186
v -92.893555 6.415112 -182.329956
v -93.586533 11.107849 -196.660858
v -15.678113 50.809303 249.626617
v -11.569837 48.048229 262.312653
v -10.771436 47.654457 260.590302
v -10.771436 47.654457 260.590302
v -14.896765 50.440334 247.995712
v -18.584911 54.227699 233.746964
v -17.823717 53.874233 232.161026
v -20.008081 57.804222 216.991409
v -19.308899 57.590279 214.791534
v -5.981030 45.992542 268.169678
v -11.569837 48.048229 262.312653
v -6.875549 46.445229 269.789734
v 163.817902 36.929531 -206.550186
v 160.701813 39.957253 -201.851242
v 166.707657 41.785046 -86.571457
v 169.938461 38.794533 -85.659889
v 4.447791 18.113623 310.548492
v 4.356323 22.753649 308.373413
v 1.247986 22.345921 309.331512
v 1.277441 17.690393 311.542206
v 169.938461 33.253784 -85.756004
v 169.938461 38.794533 -85.659889
v 122.418884 51.951866 -61.563686
v 122.418884 46.425072 -61.473770
v 122.418884 46.425072 -61.473770
v 122.418884 51.951866 -61.563686
v 91.819199 60.543591 -25.483715
v 91.413025 54.985790 -25.821678
v 62.400841 -51.283691 -231.463394
v 63.915478 -46.000294 -231.018448
v 82.024452 -43.274879 -229.886734
v 86.579208 -47.614147 -229.985962
v 22.755199 36.000904 166.546417
v 25.491467 50.212437 167.516907
v 25.933300 45.518154 221.507401
v 25.799974 16.346289 219.002136
v 15.847095 20.045288 219.361801
v 25.799974 16.346289 219.002136
v 29.788879 4.914428 232.381165
v 19.834448 8.613428 232.782684
v 19.834448 8.613428 232.782684
v 29.788879 4.914428 232.381165
v 27.220043 -17.288866 244.275009
v 17.267162 -13.589869 244.716843
v 12.800769 39.699902 166.763458
v 22.755199 36.000904 166.546417
v 25.799974 16.346289 219.002136
v 15.847095 20.045288 219.361801
v 8.856824 20.045288 219.361801
v 15.847095 20.045288 219.361801
v 19.834448 8.613428 232.782684
v 10.862903 8.613428 232.782684
v 10.862903 8.613428 232.782684
v 19.834448 8.613428 232.782684
v 17.267162 -13.589869 244.716843
v 13.450341 -13.589869 244.716843
v 5.666321 39.699902 166.763458
v 12.800769 39.699902 166.763458
v 15.847095 20.045288 219.361801
v 8.856824 20.045288 219.361801
v 23.908617 13.893726 -266.624023
v 23.908617 39.551075 -96.195679
v 4.148584 -64.487534 -47.221924
v 4.252453 -98.528870 -160.463074
v 70.818932 -74.240425 -191.484436
v 63.416283 -54.398232 -229.494522
v 87.355904 -50.956581 -228.127151
v 90.016212 -69.095001 -189.879883
v 16.070337 -22.102528 206.646301
v 10.366809 -8.571570 206.646301
v 15.163415 9.738940 196.294998
v 21.407995 -4.649328 197.215866
v 15.163415 9.738940 196.294998
v 17.646984 23.643518 185.597977
v 26.528612 8.475451 189.225662
v 19.325953 41.718388 156.669510
v 28.269592 30.670996 157.984146
v 21.060730 45.167789 141.098358
v 28.378113 35.566822 131.805908
v 22.762951 48.206360 122.981636
v 30.491161 35.411789 95.556953
v 26.655737 49.629528 83.870850
v 33.760731 30.942297 53.367283
v 30.224512 43.067139 0.435632
v 39.523167 7.075537 -0.303857
v 33.101856 37.000843 -13.406934
v 35.979198 24.990723 -33.579346
v 45.377075 -15.216125 -28.294397
v 38.546482 1.654163 -46.914967
v 48.696251 -29.156359 -49.596973
v 43.941502 -10.635010 -59.269249
v 55.226086 -40.490551 -81.204346
v 47.842041 -13.059668 -93.960152
v 58.971592 -45.891769 -113.179138
v 48.871433 -11.645801 -117.800560
v 60.619556 -48.348988 -135.379333
v 49.183044 -10.309447 -135.176239
v 61.990013 -51.869705 -149.697830
v 50.004700 -11.379149 -158.432190
v 64.726280 -60.662960 -170.288834
v 49.198547 -8.678539 -178.872803
v 60.631958 -52.989014 -228.548843
v 68.169479 -73.139717 -189.676788
v 59.289402 -46.054554 -229.720856
v 47.263783 -3.430798 -198.209610
v 53.551769 -31.887978 -241.847244
v 43.924450 5.559350 -216.036423
v 48.147449 -16.313734 -252.076080
v 39.245667 18.533752 -231.314560
v 43.067139 -0.706934 -257.241669
v 33.894054 33.838242 -243.130890
v 37.903111 17.175695 -255.229385
v 31.131433 44.440697 -252.614029
v 4.252453 -98.528870 -160.463074
v 4.148584 -64.487534 -47.221924
v 1.854150 -66.318428 -46.350658
v 1.854150 -100.184578 -159.132919
v 2.095996 -99.370674 -162.448990
v 21.860682 13.715443 -269.236267
v 23.908617 13.893726 -266.624023
v 4.252453 -98.528870 -160.463074
v 21.846727 39.698353 -94.023720
v 2.173511 -63.816261 -45.294910
v 4.148584 -64.487534 -47.221924
v 23.908617 39.551075 -96.195679
v 24.798487 37.658165 196.935257
v 64.597603 14.129370 220.371048
v 53.711449 -0.855762 240.845764
v 11.383801 3.402893 238.281570
v 13.924731 8.876977 244.076569
v 55.136169 2.078943 244.676529
v 66.016121 19.749182 225.682343
v 28.499035 48.090084 207.953201
v 10.145117 2.530078 245.023804
v 11.383801 3.402893 238.281570
v 53.711449 -0.855762 240.845764
v 51.911560 -1.482080 244.558716
v 75.141151 -39.351089 -231.508347
v 118.185036 -47.800179 -202.412445
v 113.312462 -51.124008 -168.935425
v 75.945747 -51.189125 -163.526443
v 78.987427 -43.476418 -162.414886
v 115.192970 -46.603355 -167.775803
v 120.394203 -41.057957 -200.245132
v 77.313110 -25.500769 -227.883759
v 71.032875 47.040539 -236.816544
v 77.114670 42.676464 -234.830627
v 84.847534 35.453648 -237.337448
v 73.136620 43.902744 -241.019394
v 70.302681 46.632809 -236.804153
v 71.032875 47.040539 -236.816544
v 73.136620 43.902744 -241.019394
v 71.697945 43.270226 -240.828705
v 38.315491 40.614574 195.747742
v 40.264210 43.338436 191.823944
v 41.780396 38.427109 217.915375
v 39.546421 36.752792 217.409988
v 41.166477 -18.347717 256.007629
v 42.699718 -19.031395 255.731674
v 43.367893 -17.101280 250.256042
v 41.780396 -16.572632 251.012589
v 40.975792 -18.267101 260.139160
v 42.512135 -18.930626 260.399597
v 42.699718 -19.031395 255.731674
v 41.166477 -18.347717 256.007629
v 41.247093 -16.406752 263.662964
v 42.860950 -16.803625 264.422607
v 42.512135 -18.930626 260.399597
v 40.975792 -18.267101 260.139160
v 41.861012 -13.344922 266.059723
v 43.591137 -13.357325 267.127869
v 42.860950 -16.803625 264.422607
v 41.247093 -16.406752 263.662964
v 42.648560 -9.673828 267.179047
v 44.504261 -9.267652 268.378967
v 43.591137 -13.357325 267.127869
v 41.861012 -13.344922 266.059723
v 43.417503 -6.173266 266.994537
v 45.378624 -5.374865 268.177429
v 44.504261 -9.267652 268.378967
v 42.648560 -9.673828 267.179047
v 44.143040 -2.906799 265.817871
v 46.186329 -1.727026 266.859680
v 45.378624 -5.374865 268.177429
v 43.417503 -6.173266 266.994537
v 28.548645 88.727913 -40.484348
v 27.196789 86.118774 -44.198853
v 37.782188 86.118774 -58.349926
v 39.588280 88.721718 -55.247787
v 17.262512 88.743416 -29.495872
v 16.377295 86.118774 -33.675461
v 27.196789 86.118774 -44.198853
v 28.548645 88.727913 -40.484348
v 5.874060 88.765121 -23.597008
v 5.463233 86.118774 -28.041698
v 16.377295 86.118774 -33.675461
v 17.262512 88.743416 -29.495872
v 22.287012 39.561928 -254.861954
v 19.009691 68.271805 -243.403748
v 0.000000 68.271805 -245.121475
v 3.433899 39.561928 -256.663391
v 27.041759 42.771030 -250.004898
v 23.730333 71.480911 -238.464508
v 19.009691 68.271805 -243.403748
v 22.287012 39.561928 -254.861954
v 16.781921 38.785229 -275.437439
v 17.789612 40.952538 -268.499878
v 11.252027 68.265602 -294.636261
v 10.627258 66.657944 -301.924194
v 11.252027 68.265602 -294.636261
v 10.472229 68.775642 -295.253296
v 9.842810 67.318367 -302.699341
v 10.472229 68.775642 -295.253296
v 0.000000 68.318306 -296.846985
v 0.000000 67.580368 -305.175171
v -9.844360 67.318367 -302.699341
v -10.473779 68.775642 -295.253296
v -10.627258 66.657944 -301.924194
v -10.473779 68.775642 -295.253296
v -11.252027 68.265602 -294.636261
v -16.781921 38.785229 -275.437439
v -11.252027 68.265602 -294.636261
v -17.791162 40.952538 -268.499878
v 20.821985 33.773132 -267.016266
v 19.488733 34.365345 -271.530701
v 26.928589 10.042798 -272.529083
v 28.601355 8.233606 -264.010223
v 86.853615 84.875443 -186.146774
v 78.571945 65.789787 -189.149689
v 70.701111 69.388016 -188.886139
v 79.449409 88.253525 -185.900284
v 119.657814 70.287178 -135.788605
v 112.670639 50.472885 -136.129669
v 112.920235 50.358162 -146.110458
v 119.846947 70.178658 -145.152374
v 86.738892 84.932800 -181.610611
v 86.853615 84.875443 -186.146774
v 79.449409 88.253525 -185.900284
v 80.329979 87.844254 -181.396683
v 115.957260 71.911888 -136.959076
v 119.657814 70.287178 -135.788605
v 119.846947 70.178658 -145.152374
v 116.140198 71.818871 -145.031448
v 70.701111 69.388016 -188.886139
v 69.691872 68.419083 -186.737442
v 78.764183 87.938820 -183.585693
v 79.449409 88.253525 -185.900284
v 78.571945 65.789787 -189.149689
v 78.886658 64.222435 -187.045944
v 69.691872 68.419083 -186.737442
v 70.701111 69.388016 -188.886139
v 86.853615 84.875443 -186.146774
v 87.475281 83.971619 -183.877151
v 78.886658 64.222435 -187.045944
v 78.571945 65.789787 -189.149689
v 86.738892 84.932800 -181.610611
v 87.335754 84.033630 -178.575150
v 87.475281 83.971619 -183.877151
v 86.853615 84.875443 -186.146774
v 80.329979 87.844254 -181.396683
v 79.782722 87.455124 -178.323990
v 87.335754 84.033630 -178.575150
v 86.738892 84.932800 -181.610611
v 79.449409 88.253525 -185.900284
v 78.764183 87.938820 -183.585693
v 79.782722 87.455124 -178.323990
v 80.329979 87.844254 -181.396683
v 112.920235 50.358162 -146.110458
v 110.622704 49.953537 -147.246826
v 117.733894 70.485619 -146.262390
v 119.846947 70.178658 -145.152374
v 112.670639 50.472885 -136.129669
v 110.314194 50.088413 -135.611877
v 110.622704 49.953537 -147.246826
v 112.920235 50.358162 -146.110458
v 119.657814 70.287178 -135.788605
v 117.496704 70.612740 -135.264603
v 110.314194 50.088413 -135.611877
v 112.670639 50.472885 -136.129669
v 115.957260 71.911888 -136.959076
v 113.169838 72.508751 -136.633514
v 117.496704 70.612740 -135.264603
v 119.657814 70.287178 -135.788605
v 116.140198 71.818871 -145.031448
v 113.402382 72.398674 -146.121307
v 113.169838 72.508751 -136.633514
v 115.957260 71.911888 -136.959076
v 119.846947 70.178658 -145.152374
v 117.733894 70.485619 -146.262390
v 113.402382 72.398674 -146.121307
v 116.140198 71.818871 -145.031448
v 93.324532 89.541824 -140.724747
v 94.788010 90.870422 -140.262756
v 90.171242 92.616051 -153.165848
v 89.151146 91.124672 -152.381393
v 86.464485 81.745399 -130.824570
v 87.027245 82.026001 -128.787491
v 92.344749 79.739311 -131.460190
v 91.102966 79.754814 -133.154663
v 84.594833 93.045486 -150.100906
v 84.937447 94.820572 -150.544296
v 89.544922 93.105942 -137.630356
v 88.760475 91.487442 -138.434952
v 81.407433 83.518936 -160.123550
v 81.308212 84.024330 -162.157547
v 76.013962 86.236595 -159.511185
v 76.786011 85.452148 -157.812073
v 81.478745 95.484093 -168.878067
v 82.238388 95.715088 -167.865723
v 83.080200 93.226868 -169.166412
v 82.033752 93.845436 -169.736923
v 79.537781 95.418983 -167.857971
v 79.283531 95.615868 -166.306122
v 82.238388 95.715088 -167.865723
v 81.478745 95.484093 -168.878067
v 78.903709 93.740013 -168.101364
v 78.320801 93.064087 -166.678192
v 79.283531 95.615868 -166.306122
v 79.537781 95.418983 -167.857971
v 80.446251 92.767982 -169.265640
v 80.669495 91.586655 -168.451736
v 78.320801 93.064087 -166.678192
v 78.903709 93.740013 -168.101364
v 82.033752 93.845436 -169.736923
v 83.080200 93.226868 -169.166412
v 80.669495 91.586655 -168.451736
v 80.446251 92.767982 -169.265640
v 82.331406 93.845436 -164.934113
v 81.478745 95.484093 -168.878067
v 82.033752 93.845436 -169.736923
v 82.891060 92.209877 -165.794525
v 80.387337 93.780319 -163.906265
v 79.537781 95.418983 -167.857971
v 81.478745 95.484093 -168.878067
v 82.331406 93.845436 -164.934113
v 79.754822 92.104454 -164.146561
v 78.903709 93.740013 -168.101364
v 79.537781 95.418983 -167.857971
v 80.387337 93.780319 -163.906265
v 81.302010 91.133972 -165.315491
v 80.446251 92.767982 -169.265640
v 78.903709 93.740013 -168.101364
v 79.754822 92.104454 -164.146561
v 82.891060 92.209877 -165.794525
v 82.033752 93.845436 -169.736923
v 80.446251 92.767982 -169.265640
v 81.302010 91.133972 -165.315491
v 20.118151 -40.459545 109.545250
v 22.693188 -40.351025 81.151634
v 23.169128 -22.483896 81.151634
v 20.169312 -22.818762 109.545250
v 22.693188 -40.351025 81.151634
v 20.118151 -40.459545 109.545250
v 16.828430 -42.278042 109.545250
v 19.288744 -42.194324 81.151634
v 9.655225 -41.488941 81.151634
v 19.288744 -42.194324 81.151634
v 16.828430 -42.278042 109.545250
v 7.677051 -41.583508 109.545250
v 31.052368 -47.477722 76.582924
v 32.145325 -47.473072 69.415916
v 37.523289 -41.443981 69.546143
v 36.540405 -41.318409 76.734848
v 7.458459 -46.367714 64.847206
v 32.145325 -47.473072 69.415916
v 31.052368 -47.477722 76.582924
v 6.536035 -46.381664 81.151634
v 24.040392 -40.289013 64.847206
v 26.775110 -40.175842 35.445896
v 28.033947 -21.942846 35.445896
v 24.793835 -22.288563 64.847206
v 20.563086 -42.146267 64.847206
v 23.200134 -42.059448 35.445896
v 26.775110 -40.175842 35.445896
v 24.040392 -40.289013 64.847206
v 12.851929 -41.338562 35.445896
v 23.200134 -42.059448 35.445896
v 20.563086 -42.146267 64.847206
v 10.666016 -41.436230 64.847206
v 23.169128 -22.483896 81.151634
v 25.186060 -20.587889 81.075668
v 21.868433 -21.068480 109.447578
v 20.169312 -22.818762 109.545250
v 7.677051 -41.583508 109.545250
v 4.695837 -46.406471 109.545250
v 6.536035 -46.381664 81.151634
v 9.655225 -41.488941 81.151634
v 20.169312 -22.818762 109.545250
v 21.868433 -21.068480 109.447578
v 32.621265 -41.095165 115.354195
v 20.118151 -40.459545 109.545250
v 10.666016 -41.436230 64.847206
v 7.458459 -46.367714 64.847206
v 9.493994 -46.341358 35.445900
v 12.851929 -41.338562 35.445896
v 28.033947 -21.942846 35.445896
v 30.760912 -19.676317 35.422642
v 27.106873 -20.211170 64.797592
v 24.793835 -22.288563 64.847206
v 36.540405 -41.318409 76.734848
v 37.523289 -41.443981 69.546143
v 37.534142 -39.413097 69.284142
v 36.464439 -39.290623 77.013901
v 23.490038 -42.758633 104.728493
v 25.508520 -42.707470 85.966843
v 25.658899 -27.892872 85.966843
v 23.415625 -28.061853 104.728493
v 25.508520 -42.707470 85.966843
v 23.490038 -42.758633 104.728493
v 20.708813 -44.274818 104.728493
v 22.700939 -44.236061 85.966843
v 14.647168 -43.651600 85.966843
v 22.700939 -44.236061 85.966843
v 20.708813 -44.274818 104.728493
v 12.890686 -43.695007 104.728493
v 27.668077 -42.640808 59.859913
v 29.787329 -42.588097 40.433189
v 30.613634 -27.469641 40.433189
v 28.221533 -27.643274 59.859913
v 24.733374 -44.188000 59.859917
v 26.841772 -44.149242 40.433193
v 29.787329 -42.588097 40.433189
v 27.668077 -42.640808 59.859913
v 18.223694 -43.552380 40.433189
v 26.841772 -44.149242 40.433193
v 24.733374 -44.188000 59.859917
v 16.321484 -43.597340 59.859913
v 19.702673 -25.953455 104.728493
v 23.415625 -28.061853 104.728493
v 25.658899 -27.892872 85.966843
v 21.780066 -25.765869 85.966843
v 21.780066 -25.765869 85.966843
v 25.658899 -27.892872 85.966843
v 25.508520 -42.707470 85.966843
v 21.291723 -40.580471 85.966843
v 23.415625 -28.061853 104.728493
v 19.702673 -25.953455 104.728493
v 19.409668 -40.651783 104.728493
v 23.490038 -42.758633 104.728493
v 19.409668 -40.651783 104.728493
v 16.633093 -42.167969 104.728493
v 20.708813 -44.274818 104.728493
v 21.291723 -40.580471 85.966843
v 25.508520 -42.707470 85.966843
v 22.700939 -44.236061 85.966843
v 18.485693 -42.109058 85.966843
v 18.485693 -42.109058 85.966843
v 22.700939 -44.236061 85.966843
v 14.647168 -43.651600 85.966843
v 10.555944 -41.524597 85.966843
v 10.555944 -41.524597 85.966843
v 14.647168 -43.651600 85.966843
v 12.890686 -43.695007 104.728493
v 8.951391 -41.588161 104.728493
v 8.951391 -41.588161 104.728493
v 12.890686 -43.695007 104.728493
v 20.708813 -44.274818 104.728493
v 16.633093 -42.167969 104.728493
v 24.122559 -25.488367 59.859913
v 28.221533 -27.643274 59.859913
v 30.613634 -27.469641 40.433189
v 26.350328 -25.294580 40.433189
v 28.221533 -27.643274 59.859913
v 24.122559 -25.488367 59.859913
v 23.272997 -40.485897 59.859913
v 27.668077 -42.640808 59.859913
v 23.272997 -40.485897 59.859913
v 20.341394 -42.033092 59.859913
v 24.733374 -44.188000 59.859917
v 26.841772 -44.149242 40.433193
v 22.313366 -41.974182 40.433189
v 25.258923 -40.413040 40.433189
v 29.787329 -42.588097 40.433189
v 25.258923 -40.413040 40.433189
v 26.350328 -25.294580 40.433189
v 30.613634 -27.469641 40.433189
v 22.313366 -41.974182 40.433189
v 26.841772 -44.149242 40.433193
v 18.223694 -43.552380 40.433189
v 13.791406 -41.375767 40.433189
v 13.791406 -41.375767 40.433189
v 18.223694 -43.552380 40.433189
v 16.321484 -43.597340 59.859913
v 12.038025 -41.442432 59.859913
v 12.038025 -41.442432 59.859913
v 16.321484 -43.597340 59.859913
v 24.733374 -44.188000 59.859917
v 20.341394 -42.033092 59.859913
v 27.311510 -47.663757 123.085510
v 27.709936 -47.663757 115.261177
v 32.621265 -41.095165 115.354195
v 32.069359 -41.121521 123.195580
v 35.889282 -47.460667 25.598436
v 41.924572 -41.194386 25.404650
v 41.405224 -41.216087 32.305000
v 35.518761 -47.462219 32.111217
v 0.466638 -43.231468 122.308815
v 0.479041 -43.116749 108.593369
v 4.695837 -46.406471 109.545250
v 2.514575 -46.421974 124.096298
v 1.727026 -39.676643 131.726837
v 2.514575 -46.421974 124.096298
v 27.311510 -47.663757 123.085510
v 16.862535 -40.488998 131.653976
v 0.479041 -37.577549 133.483322
v 0.466638 -43.231468 122.308815
v 2.514575 -46.421974 124.096298
v 1.727026 -39.676643 131.726837
v 26.347229 -40.330872 17.276464
v 23.243542 -41.909069 17.276464
v 27.917675 -44.108936 17.276464
v 31.021362 -42.530735 17.276464
v 32.289501 -27.241747 17.276464
v 27.843262 -25.041882 17.276464
v 26.347229 -40.330872 17.276464
v 23.243542 -41.909069 17.276464
v 14.365014 -41.304455 17.276464
v 18.955431 -43.504322 17.276464
v 27.917675 -44.108936 17.276464
v 42.527637 -38.780579 25.195360
v 41.943176 -38.813137 32.514290
v 41.405224 -41.216087 32.305000
v 41.924572 -41.194386 25.404650
v 31.497301 -21.336681 -12.893786
v 28.978075 -21.776962 22.263758
v 27.429333 -40.127781 22.263756
v 29.173412 -39.999107 -12.893785
v 29.173412 -39.999107 -12.893785
v 27.429333 -40.127781 22.263756
v 23.744287 -42.022240 22.263756
v 25.198462 -41.924572 -12.893787
v 25.198462 -41.924572 -12.893787
v 23.744287 -42.022240 22.263756
v 13.152685 -41.296703 22.263756
v 13.955737 -41.188183 -12.893785
v 34.707958 -19.018993 -12.917041
v 31.833715 -19.498034 22.287012
v 28.978075 -21.776962 22.263758
v 31.497301 -21.336681 -12.893786
v 32.362366 -42.467175 -7.908044
v 31.021362 -42.530735 17.276464
v 27.917675 -44.108936 17.276464
v 29.086596 -44.063976 -7.908044
v 29.086596 -44.063976 -7.908044
v 27.917675 -44.108936 17.276464
v 18.955431 -43.504322 17.276464
v 19.752283 -43.453159 -7.908044
v 29.148607 -39.690598 -100.175278
v 33.480125 -20.189465 -100.175278
v 33.413464 -20.567738 -71.783211
v 29.706713 -39.789822 -71.783211
v 29.706713 -39.789822 -71.783211
v 24.996923 -41.772644 -71.783211
v 24.035742 -41.701328 -100.175278
v 29.148607 -39.690598 -100.175278
v 12.482959 -41.014549 -71.783211
v 10.903211 -40.933933 -100.175278
v 24.035742 -41.701328 -100.175278
v 24.996923 -41.772644 -71.783211
v 38.744923 -47.457565 -67.212952
v 46.952171 -40.859520 -67.364876
v 46.984730 -41.040905 -60.176170
v 39.230164 -47.456017 -60.045944
v 8.934339 -46.285545 -55.477230
v 8.210351 -46.277794 -71.783211
v 38.744923 -47.457565 -67.212952
v 39.230164 -47.456017 -60.045944
v 29.702063 -39.847179 -55.477234
v 33.032093 -20.781677 -55.477234
v 32.441429 -21.172352 -26.077478
v 29.827637 -39.949497 -26.077478
v 25.207764 -41.814499 -55.477234
v 29.702063 -39.847179 -55.477234
v 29.827637 -39.949497 -26.077478
v 25.742615 -41.888916 -26.077478
v 14.256494 -41.146324 -26.077478
v 13.056567 -41.062607 -55.477234
v 25.207764 -41.814499 -55.477234
v 25.742615 -41.888916 -26.077478
v 33.413464 -20.567738 -71.783211
v 33.480125 -20.189465 -100.175278
v 36.848911 -18.256248 -100.079163
v 36.732639 -18.530651 -71.705696
v 10.903211 -40.933933 -100.175278
v 12.482959 -41.014549 -71.783211
v 8.210351 -46.277794 -71.783211
v 6.381006 -46.265392 -100.175278
v 33.480125 -20.189465 -100.175278
v 29.148607 -39.690598 -100.175278
v 48.197056 -40.352573 -105.985779
v 36.848911 -18.256248 -100.079163
v 13.056567 -41.062607 -55.477234
v 14.256494 -41.146324 -26.077478
v 10.421069 -46.299500 -26.077478
v 8.934339 -46.285545 -55.477230
v 32.441429 -21.172352 -26.077478
v 33.032093 -20.781677 -55.477234
v 36.461338 -18.583361 -55.427624
v 35.780762 -18.840712 -26.054224
v 46.952171 -40.859520 -67.364876
v 47.356800 -38.684460 -67.645485
v 47.359898 -38.881348 -59.915722
v 46.984730 -41.040905 -60.176170
v 32.963879 -42.257885 -95.360069
v 36.458241 -26.085228 -95.360069
v 36.700085 -26.288319 -76.598427
v 33.571594 -42.301292 -76.598427
v 33.571594 -42.301292 -76.598427
v 29.619898 -43.952354 -76.598427
v 28.748632 -43.925999 -95.360069
v 32.963879 -42.257885 -95.360069
v 19.115112 -43.321384 -76.598427
v 17.891932 -43.288830 -95.360069
v 28.748632 -43.925999 -95.360069
v 29.619898 -43.952354 -76.598427
v 33.320446 -42.364861 -50.491489
v 35.934238 -26.554968 -50.491489
v 35.786961 -26.765808 -31.063217
v 33.596397 -42.408264 -31.063221
v 29.616796 -43.995766 -50.491486
v 33.320446 -42.364861 -50.491489
v 33.596397 -42.408264 -31.063221
v 30.162500 -44.023670 -31.063221
v 20.485571 -43.405102 -31.063221
v 19.550745 -43.370998 -50.491489
v 29.616796 -43.995766 -50.491486
v 30.162500 -44.023670 -31.063221
v 31.129883 -23.765989 -95.360069
v 31.519007 -23.989235 -76.598427
v 36.700085 -26.288319 -76.598427
v 36.458241 -26.085228 -95.360069
v 31.519007 -23.989235 -76.598427
v 28.314550 -40.002209 -76.598427
v 33.571594 -42.301292 -76.598427
v 36.700085 -26.288319 -76.598427
v 27.589014 -39.938644 -95.360069
v 31.129883 -23.765989 -95.360069
v 36.458241 -26.085228 -95.360069
v 32.963879 -42.257885 -95.360069
v 28.748632 -43.925999 -95.360069
v 23.373766 -41.606762 -95.360069
v 27.589014 -39.938644 -95.360069
v 28.314550 -40.002209 -76.598427
v 24.362854 -41.653271 -76.598427
v 29.619898 -43.952354 -76.598427
v 33.571594 -42.301292 -76.598427
v 24.362854 -41.653271 -76.598427
v 13.887525 -41.022301 -76.598427
v 19.115112 -43.321384 -76.598427
v 29.619898 -43.952354 -76.598427
v 13.887525 -41.022301 -76.598427
v 12.534119 -40.969589 -95.360069
v 17.891932 -43.288830 -95.360069
v 19.115112 -43.321384 -76.598427
v 12.534119 -40.969589 -95.360069
v 23.373766 -41.606762 -95.360069
v 28.748632 -43.925999 -95.360069
v 17.891932 -43.288830 -95.360069
v 30.959351 -24.283789 -50.491489
v 30.959351 -24.514782 -31.063217
v 35.786961 -26.765808 -31.063217
v 35.934238 -26.554968 -50.491489
v 28.226183 -40.092129 -50.491489
v 30.959351 -24.283789 -50.491489
v 35.934238 -26.554968 -50.491489
v 33.320446 -42.364861 -50.491489
v 29.616796 -43.995766 -50.491486
v 24.522533 -41.724586 -50.491489
v 28.226183 -40.092129 -50.491489
v 28.619959 -40.157234 -31.063221
v 25.186060 -41.772644 -31.063221
v 30.162500 -44.023670 -31.063221
v 33.596397 -42.408264 -31.063221
v 35.786961 -26.765808 -31.063217
v 30.959351 -24.514782 -31.063217
v 28.619959 -40.157234 -31.063221
v 25.186060 -41.772644 -31.063221
v 15.563391 -41.154076 -31.063221
v 20.485571 -43.405102 -31.063221
v 30.162500 -44.023670 -31.063221
v 15.563391 -41.154076 -31.063221
v 14.501440 -41.099819 -50.491489
v 19.550745 -43.370998 -50.491489
v 20.485571 -43.405102 -31.063221
v 14.501440 -41.099819 -50.491489
v 24.522533 -41.724586 -50.491489
v 29.616796 -43.995766 -50.491486
v 19.550745 -43.370998 -50.491489
v 38.963512 -47.654453 -105.891212
v 3.450952 -50.254295 -105.364113
v 3.485059 -50.248093 -113.607018
v 39.360386 -47.654453 -113.715538
v 48.748962 -40.326218 -113.827156
v 26.461950 -25.677502 -183.424454
v 32.777843 -23.090063 -187.542038
v 39.360386 -47.654453 -113.715538
v 48.748962 -40.326218 -113.827156
v 48.197056 -40.352573 -105.985779
v 38.963512 -47.654453 -105.891212
v 45.561558 -41.040905 -22.936584
v 45.042210 -41.062611 -16.034679
v 38.268982 -47.454468 -16.230017
v 38.639500 -47.454468 -22.741247
v 0.479041 -21.594030 -189.050476
v 26.461950 -25.677502 -183.424454
v 39.360386 -47.654453 -113.715538
v 3.485059 -50.248093 -113.607018
v 32.777843 -23.090063 -187.542038
v 25.351940 -9.462988 -200.079254
v 8.021215 34.369991 -247.584885
v 48.748962 -40.326218 -113.827156
v 26.461950 -25.677502 -183.424454
v 0.479041 -21.594030 -189.050476
v 32.777843 -23.090063 -187.542038
v 25.351940 -9.462988 -200.079254
v 13.955737 -41.188183 -12.893785
v 13.152685 -41.296703 22.263756
v 9.692431 -46.332054 22.263756
v 10.222631 -46.307251 -12.893787
v 27.843262 -25.041882 17.276464
v 32.289501 -27.241747 17.276464
v 34.111095 -26.993700 -7.908044
v 29.466417 -24.767481 -7.908044
v 29.086596 -44.063976 -7.908044
v 24.255884 -41.837757 -7.908044
v 27.531652 -40.240955 -7.908044
v 32.362366 -42.467175 -7.908044
v 27.531652 -40.240955 -7.908044
v 29.466417 -24.767481 -7.908044
v 34.111095 -26.993700 -7.908044
v 24.255884 -41.837757 -7.908044
v 29.086596 -44.063976 -7.908044
v 19.752283 -43.453159 -7.908044
v 14.989782 -41.226940 -7.908044
v 45.561558 -41.040905 -22.936584
v 46.384766 -38.571289 -23.145874
v 45.800304 -38.603844 -15.825390
v 45.042210 -41.062611 -16.034679
v 34.111095 -26.993700 -7.908044
v 32.289501 -27.241747 17.276464
v 31.021362 -42.530735 17.276464
v 32.362366 -42.467175 -7.908044
v 19.752283 -43.453159 -7.908044
v 18.955431 -43.504322 17.276464
v 14.365014 -41.304455 17.276464
v 14.989782 -41.226940 -7.908044
v 119.481079 -16.681152 -168.738541
v 104.043259 -3.578076 -170.958557
v 108.931335 1.647961 -172.778595
v 124.073044 -11.762073 -170.450058
v 108.686386 -29.894300 -124.566040
v 92.811386 -17.144691 -124.550537
v 90.867317 -18.998840 -131.590408
v 106.872543 -31.598072 -131.179581
v 120.369392 -15.839343 -165.538727
v 119.481079 -16.681152 -168.738541
v 124.073044 -11.762073 -170.450058
v 124.333496 -11.577588 -167.019257
v 110.695564 -27.632421 -126.336472
v 108.686386 -29.894300 -124.566040
v 106.872543 -31.598072 -131.179581
v 109.126671 -29.117603 -132.035355
v 108.931335 1.647961 -172.778595
v 108.686386 3.185852 -171.380234
v 124.359848 -10.695472 -168.923019
v 124.073044 -11.762073 -170.450058
v 104.043259 -3.578076 -170.958557
v 102.982857 -2.920752 -169.254776
v 108.686386 3.185852 -171.380234
v 108.931335 1.647961 -172.778595
v 119.481079 -16.681152 -168.738541
v 118.964828 -16.485815 -166.909195
v 102.982857 -2.920752 -169.254776
v 104.043259 -3.578076 -170.958557
v 120.369392 -15.839343 -165.538727
v 119.998878 -15.495177 -163.169876
v 118.964828 -16.485815 -166.909195
v 119.481079 -16.681152 -168.738541
v 124.333496 -11.577588 -167.019257
v 124.662155 -10.469129 -164.915512
v 119.998878 -15.495177 -163.169876
v 120.369392 -15.839343 -165.538727
v 124.073044 -11.762073 -170.450058
v 124.359848 -10.695472 -168.923019
v 124.662155 -10.469129 -164.915512
v 124.333496 -11.577588 -167.019257
v 90.867317 -18.998840 -131.590408
v 90.805305 -17.160192 -132.855453
v 107.398094 -30.159399 -132.450821
v 106.872543 -31.598072 -131.179581
v 92.811386 -17.144691 -124.550537
v 93.074936 -14.983582 -124.652855
v 90.805305 -17.160192 -132.855453
v 90.867317 -18.998840 -131.590408
v 108.686386 -29.894300 -124.566040
v 109.531296 -28.147120 -124.685410
v 93.074936 -14.983582 -124.652855
v 92.811386 -17.144691 -124.550537
v 110.695564 -27.632421 -126.336472
v 111.875343 -25.500769 -126.756599
v 109.531296 -28.147120 -124.685410
v 108.686386 -29.894300 -124.566040
v 109.126671 -29.117603 -132.035355
v 110.027390 -27.260351 -133.449219
v 111.875343 -25.500769 -126.756599
v 110.695564 -27.632421 -126.336472
v 106.872543 -31.598072 -131.179581
v 107.398094 -30.159399 -132.450821
v 110.027390 -27.260351 -133.449219
v 109.126671 -29.117603 -132.035355
v 130.306778 -15.968017 -135.438248
v 131.235397 -17.566368 -134.912689
v 131.443130 -16.581932 -145.240738
v 130.500565 -15.079700 -144.769455
v 126.744202 -5.875610 -129.171951
v 127.234093 -6.092651 -127.626320
v 123.609505 -10.098609 -128.184418
v 123.586250 -9.369971 -129.658752
v 133.570145 -11.636499 -144.293518
v 134.968506 -12.625587 -144.693497
v 134.791763 -13.611571 -134.362335
v 133.401154 -12.526366 -134.959198
v 124.131958 -7.315833 -151.265182
v 124.231178 -7.760767 -152.779816
v 127.779793 -3.751709 -152.227921
v 127.232544 -3.818372 -150.784592
v 133.008926 -13.126329 -158.542252
v 133.227524 -13.661180 -157.678741
v 130.636978 -13.685986 -158.202744
v 131.302063 -13.143383 -158.889526
v 133.551529 -11.335741 -158.227554
v 134.056931 -10.934216 -157.195053
v 133.227524 -13.661180 -157.678741
v 133.008926 -13.126329 -158.542252
v 132.176422 -10.256738 -158.387222
v 131.967133 -9.295556 -157.440002
v 134.056931 -10.934216 -157.195053
v 133.551529 -11.335741 -158.227554
v 130.785812 -11.374498 -158.798050
v 129.852539 -10.999328 -158.066315
v 131.967133 -9.295556 -157.440002
v 132.176422 -10.256738 -158.387222
v 131.302063 -13.143383 -158.889526
v 130.636978 -13.685986 -158.202744
v 129.852539 -10.999328 -158.066315
v 130.785812 -11.374498 -158.798050
v 132.097366 -12.574426 -155.406021
v 133.008926 -13.126329 -158.542252
v 131.302063 -13.143383 -158.889526
v 130.395142 -12.596129 -155.754837
v 132.644608 -10.780737 -155.086655
v 133.551529 -11.335741 -158.227554
v 133.008926 -13.126329 -158.542252
v 132.097366 -12.574426 -155.406021
v 131.272598 -9.703283 -155.244781
v 132.176422 -10.256738 -158.387222
v 133.551529 -11.335741 -158.227554
v 132.644608 -10.780737 -155.086655
v 129.881989 -10.825695 -155.658707
v 130.785812 -11.374498 -158.798050
v 132.176422 -10.256738 -158.387222
v 131.272598 -9.703283 -155.244781
v 130.395142 -12.596129 -155.754837
v 131.302063 -13.143383 -158.889526
v 130.785812 -11.374498 -158.798050
v 129.881989 -10.825695 -155.658707
v 50.489941 6.439917 290.600861
v 51.423218 6.363952 288.467651
v 48.728809 8.461498 288.494019
v 48.716404 7.822778 290.621002
v 49.902378 4.047815 290.101654
v 50.531799 2.719214 287.697174
v 51.423218 6.363952 288.467651
v 50.489941 6.439917 290.600861
v 47.764526 3.971850 289.831909
v 47.280834 2.604492 287.289429
v 50.531799 2.719214 287.697174
v 49.902378 4.047815 290.101654
v 47.031239 6.306592 290.157471
v 46.166172 6.159314 287.790192
v 47.280834 2.604492 287.289429
v 47.764526 3.971850 289.831909
v 48.716404 7.822778 290.621002
v 48.728809 8.461498 288.494019
v 46.166172 6.159314 287.790192
v 47.031239 6.306592 290.157471
v 50.508545 4.774902 282.029297
v 50.489941 6.439917 290.600861
v 48.716404 7.822778 290.621002
v 48.735008 6.160864 282.054108
v 49.922535 2.373499 281.519257
v 49.902378 4.047815 290.101654
v 50.489941 6.439917 290.600861
v 50.508545 4.774902 282.029297
v 47.783131 2.294434 281.246399
v 47.764526 3.971850 289.831909
v 49.902378 4.047815 290.101654
v 49.922535 2.373499 281.519257
v 47.049839 4.638476 281.581268
v 47.031239 6.306592 290.157471
v 47.764526 3.971850 289.831909
v 47.783131 2.294434 281.246399
v 48.735008 6.160864 282.054108
v 48.716404 7.822778 290.621002
v 47.031239 6.306592 290.157471
v 47.049839 4.638476 281.581268
v 47.682362 -11.518677 303.367523
v 48.615635 -11.217919 301.260681
v 45.921227 -9.168432 301.770721
v 45.908825 -10.168371 303.707031
v 47.094799 -13.774353 302.325714
v 47.724216 -14.653369 299.663879
v 48.615635 -11.217919 301.260681
v 47.682362 -11.518677 303.367523
v 44.955395 -13.802258 302.043579
v 44.471703 -14.693677 299.239105
v 47.724216 -14.653369 299.663879
v 47.094799 -13.774353 302.325714
v 44.223656 -11.571386 302.902435
v 43.358593 -11.300085 300.550629
v 44.471703 -14.693677 299.239105
v 44.955395 -13.802258 302.043579
v 45.908825 -10.168371 303.707031
v 45.921227 -9.168432 301.770721
v 43.358593 -11.300085 300.550629
v 44.223656 -11.571386 302.902435
v 47.700962 -11.645801 294.586670
v 47.682362 -11.518677 303.367523
v 45.908825 -10.168371 303.707031
v 45.927429 -10.290845 294.932373
v 47.113403 -13.906129 293.532471
v 47.094799 -13.774353 302.325714
v 47.682362 -11.518677 303.367523
v 47.700962 -11.645801 294.586670
v 44.975548 -13.935584 293.247223
v 44.955395 -13.802258 302.043579
v 47.094799 -13.774353 302.325714
v 47.113403 -13.906129 293.532471
v 44.242260 -11.700062 294.116913
v 44.223656 -11.571386 302.902435
v 44.955395 -13.802258 302.043579
v 44.975548 -13.935584 293.247223
v 45.927429 -10.290845 294.932373
v 45.908825 -10.168371 303.707031
v 44.223656 -11.571386 302.902435
v 44.242260 -11.700062 294.116913
v 12.036474 -14.323157 126.130287
v 18.095018 -14.061156 120.843788
v 15.152563 -12.191504 119.747726
v 10.731128 -12.281420 123.752136
v 30.395044 73.500938 106.973312
v 31.613573 72.834312 108.298813
v 42.099754 68.045464 92.299789
v 38.698414 67.388138 91.467285
v 33.559193 65.650261 93.591187
v 39.980503 67.612923 74.139664
v 30.515966 72.718033 86.174583
v 27.757996 71.071632 99.897774
v 23.759790 70.082542 113.431831
v 25.305431 68.467140 112.879929
v 25.996862 72.687035 100.534950
v 30.515966 72.718033 86.174583
v 28.497484 74.333443 86.924927
v 33.625854 73.407913 71.674698
v 31.305065 75.021774 72.563019
v 39.980503 67.612923 74.139664
v 48.068382 68.617516 52.843285
v 31.559313 74.072990 70.392609
v 33.625854 73.407913 71.674698
v 48.068382 68.617516 52.843285
v 42.324547 67.960190 52.602989
v 27.771948 72.270012 109.557655
v 30.395044 73.500938 106.973312
v 38.698414 67.388138 91.467285
v 33.636707 66.795921 97.815735
v 19.259289 76.334877 111.573036
v 7.565430 79.809082 113.256653
v 8.464600 81.342316 111.483116
v 21.042126 77.716187 109.450684
v 27.864965 73.045151 74.183075
v 31.559313 74.072990 70.392609
v 42.324547 67.960190 52.602989
v 35.373035 67.367973 60.148266
v 18.555456 76.604622 76.440300
v 6.464722 79.576530 78.305298
v 7.475513 80.928391 75.621742
v 20.843689 77.795242 73.291656
v 0.000000 80.447807 113.613220
v 0.000000 82.109711 111.979210
v 8.464600 81.342316 111.483116
v 7.565430 79.809082 113.256653
v 21.042126 77.716187 109.450684
v 30.395044 73.500938 106.973312
v 27.771948 72.270012 109.557655
v 19.259289 76.334877 111.573036
v 20.843689 77.795242 73.291656
v 31.559313 74.072990 70.392609
v 27.864965 73.045151 74.183075
v 18.555456 76.604622 76.440300
v 25.568981 70.378654 134.946793
v 23.105566 67.712151 147.048386
v 25.392248 62.157448 143.831528
v 22.263758 69.563194 147.620438
v 25.568981 70.378654 134.946793
v 29.731518 65.078201 128.167374
v 28.382763 72.085526 122.046814
v 35.177696 67.040871 111.069191
v 27.757996 71.071632 99.897774
v 25.305431 68.467140 112.879929
v 28.421520 62.729504 111.450562
v 33.559193 65.650261 93.591187
v 23.891565 61.083096 140.822403
v 23.105566 67.712151 147.048386
v 22.263758 69.563194 147.620438
v 22.989294 62.934143 141.408417
v 26.347229 55.528397 137.526489
v 25.392248 62.157448 143.831528
v 23.105566 67.712151 147.048386
v 23.891565 61.083096 140.822403
v 13.713891 100.869812 -247.795731
v 18.978685 98.221909 -241.920120
v 0.000000 98.274620 -245.112167
v 0.000000 100.869812 -249.485550
v -13.713891 100.869812 -247.795731
v 0.000000 98.274620 -245.112167
v -18.978685 98.221909 -241.920120
v 6.208923 78.875801 -296.735382
v 6.515881 77.100716 -296.975677
v 0.000000 77.703781 -297.615936
v 0.000000 79.240120 -297.570984
v 0.000000 -24.283789 -261.019714
v 33.360752 -20.246826 -240.050461
v 0.000000 -22.237400 -140.856522
v -33.362305 -20.246826 -240.050461
v 0.000000 -21.662243 -188.979156
v 0.479041 -21.594030 -189.050476
v 0.000000 -22.812561 -188.132706
v -0.479041 -21.594030 -189.050476
v 0.000000 -21.361486 -189.262863
v 0.479041 -21.594030 -189.050476
v 0.000000 -21.662243 -188.979156
v -0.479041 -21.594030 -189.050476
v 87.355904 -50.956581 -228.127151
v 63.416283 -54.398232 -229.494522
v 62.400841 -51.283691 -231.463394
v 86.579208 -47.614147 -229.985962
v 68.169479 -73.139717 -189.676788
v 60.631958 -52.989014 -228.548843
v 63.416283 -54.398232 -229.494522
v 70.818932 -74.240425 -191.484436
v 89.455002 -69.112061 -186.035156
v 70.812729 -73.886963 -187.498627
v 70.818932 -74.240425 -191.484436
v 90.016212 -69.095001 -189.879883
v 91.031654 52.517723 -29.161011
v 122.525856 43.918251 -64.454979
v 122.418884 46.425072 -61.473770
v 91.413025 54.985790 -25.821678
v 57.999561 59.780846 24.249683
v 90.103027 52.665001 -28.359509
v 91.413025 54.985790 -25.821678
v 61.197815 61.261375 22.252905
v 75.196960 42.963268 -252.018723
v 128.359604 36.850460 -228.217072
v 128.269684 34.692455 -225.683899
v 164.096954 29.151709 -201.052841
v 80.137741 10.089306 -79.909851
v 89.000771 7.208862 -150.060608
v 91.226990 7.647595 -170.834534
v 69.651558 52.358044 -71.287117
v 80.137741 10.089306 -79.909851
v 67.853218 27.832407 -23.207886
v 87.182274 6.793384 -133.906555
v 84.601036 6.128308 -112.089279
v 77.503792 -40.495205 -233.176468
v 82.024452 -43.274879 -229.886734
v 63.915478 -46.000294 -231.018448
v 66.963356 -42.155567 -233.915955
v 37.681419 44.084129 -243.551025
v 37.272144 45.267002 -252.015625
v 38.966614 47.276180 -251.566040
v 39.228611 46.194077 -243.071976
v 77.018555 -36.039661 -227.967484
v 79.892799 -38.030239 -234.985657
v 77.503792 -40.495205 -233.176468
v 75.100838 -38.704617 -225.928848
v 71.395638 -25.356590 -253.167496
v 72.567665 -28.550194 -255.869644
v 63.904625 -27.482042 -256.461853
v 64.623962 -24.679113 -253.702347
v 45.770847 35.331177 -270.943146
v 42.966370 39.740211 -275.536652
v 63.896873 38.740273 -275.437439
v 62.072178 35.120338 -270.853241
v 38.267429 63.344967 64.662727
v 45.925877 65.307640 43.194263
v 34.149853 70.412750 56.968616
v 31.004309 68.766342 71.921196
v 28.819946 70.381744 72.731995
v 34.149853 70.412750 56.968616
v 31.649231 72.028152 57.931347
v 37.700024 71.101082 41.192837
v 34.828880 72.716492 42.340054
v 45.925877 65.307640 43.194263
v 55.556297 66.312233 19.651512
v 35.100182 71.767708 40.005306
v 37.700024 71.101082 41.192837
v 55.556297 66.312233 19.651512
v 48.141247 65.654907 20.056139
v 23.657471 0.648022 -224.186310
v 23.657471 17.389635 -112.972946
v 10.586950 -51.401512 -80.588875
v 10.692370 -73.521095 -154.148727
v 1.872754 -81.249306 -154.708389
v 9.169983 -75.727165 -153.323975
v 9.103320 -53.376587 -78.975021
v 1.796790 -56.257030 -71.569275
v 2.131653 -53.948643 -70.608093
v 9.360669 -51.099205 -77.937874
v 22.595520 18.581810 -110.738976
v 16.884241 23.724134 -107.171753
v 16.884241 4.133081 -237.309540
v 22.606371 0.956531 -227.767487
v 9.320361 -75.021782 -156.021484
v 2.086694 -80.495865 -157.393494
v 9.103320 -53.376587 -78.975021
v 9.169983 -75.727165 -153.323975
v 10.692370 -73.521095 -154.148727
v 10.586950 -51.401512 -80.588875
v 22.595520 18.581810 -110.738976
v 9.360669 -51.099205 -77.937874
v 10.586950 -51.401512 -80.588875
v 23.657471 17.389635 -112.972946
v 9.320361 -75.021782 -156.021484
v 22.606371 0.956531 -227.767487
v 23.657471 0.648022 -224.186310
v 10.692370 -73.521095 -154.148727
v 2.086694 -80.495865 -157.393494
v 9.320361 -75.021782 -156.021484
v 9.169983 -75.727165 -153.323975
v 1.872754 -81.249306 -154.708389
v 1.796790 -56.257030 -71.569275
v 9.103320 -53.376587 -78.975021
v 9.360669 -51.099205 -77.937874
v 2.131653 -53.948643 -70.608093
v 46.701023 47.395554 -247.741470
v 45.750694 57.872433 -244.309113
v 67.059471 57.872433 -235.022858
v 69.677917 47.395554 -237.630447
v 69.677917 47.395554 -237.630447
v 67.059471 57.872433 -235.022858
v 86.400925 57.872433 -222.451538
v 89.062782 47.187817 -224.845184
v 19.009691 68.271805 -243.403748
v 42.997375 68.271805 -237.974625
v 45.750694 57.872433 -244.309113
v 21.794018 57.872433 -249.821960
v 21.794018 57.872433 -249.821960
v 45.750694 57.872433 -244.309113
v 46.701023 47.395554 -247.741470
v 22.744349 47.395554 -253.255859
v 50.590710 -4.736145 295.812958
v 51.122459 -4.564062 294.030121
v 49.587669 -3.396692 294.461090
v 49.579918 -3.965650 296.099762
v 50.255848 -6.021338 294.930817
v 50.613964 -6.522082 292.678253
v 51.122459 -4.564062 294.030121
v 50.590710 -4.736145 295.812958
v 49.037315 -6.036840 294.692078
v 48.761364 -6.545337 292.317047
v 50.613964 -6.522082 292.678253
v 50.255848 -6.021338 294.930817
v 48.620289 -4.765601 295.419159
v 48.127293 -4.610571 293.428589
v 48.761364 -6.545337 292.317047
v 49.037315 -6.036840 294.692078
v 49.579918 -3.965650 296.099762
v 49.587669 -3.396692 294.461090
v 48.127293 -4.610571 293.428589
v 48.620289 -4.765601 295.419159
v 50.601562 -4.809009 288.380829
v 50.590710 -4.736145 295.812958
v 49.579918 -3.965650 296.099762
v 49.590771 -4.036963 288.672302
v 50.266697 -6.097302 287.487885
v 50.255848 -6.021338 294.930817
v 50.590710 -4.736145 295.812958
v 50.601562 -4.809009 288.380829
v 49.048168 -6.114356 287.247589
v 49.037315 -6.036840 294.692078
v 50.255848 -6.021338 294.930817
v 50.266697 -6.097302 287.487885
v 48.631138 -4.840015 287.982422
v 48.620289 -4.765601 295.419159
v 49.037315 -6.036840 294.692078
v 49.048168 -6.114356 287.247589
v 49.590771 -4.036963 288.672302
v 49.579918 -3.965650 296.099762
v 48.620289 -4.765601 295.419159
v 48.631138 -4.840015 287.982422
v 102.968910 42.374157 -240.591507
v 101.435669 41.586605 -239.200897
v 101.057396 43.460911 -238.825729
v 102.866585 42.713669 -240.448883
v 159.340652 35.348232 -211.084793
v 159.067810 35.897034 -208.877167
v 158.987198 33.889404 -208.926773
v 159.322052 34.869190 -211.095642
v 102.866585 42.713669 -240.448883
v 101.057396 43.460911 -238.825729
v 101.262032 43.724461 -238.659851
v 103.037117 42.997372 -240.211685
v 103.283615 42.118359 -240.579117
v 101.731773 41.313755 -239.143539
v 101.435669 41.586605 -239.200897
v 102.968910 42.374157 -240.591507
v 159.322052 34.869190 -211.095642
v 158.987198 33.889404 -208.926773
v 158.742249 33.650661 -209.077164
v 159.075562 34.630447 -211.246017
v 159.120514 35.647438 -211.219666
v 158.847672 36.196243 -209.012039
v 159.067810 35.897034 -208.877167
v 159.340652 35.348232 -211.084793
v 11.337293 47.011086 264.427277
v 11.261328 45.921230 262.912628
v 15.710669 48.564480 250.082413
v 15.800586 49.679138 251.691605
v 7.021277 45.629772 270.957092
v 6.241479 44.343029 270.560211
v 11.261328 45.921230 262.912628
v 11.337293 47.011086 264.427277
v 6.639904 46.063854 270.643951
v 5.743835 45.611172 269.025421
v 5.892663 44.544567 270.591217
v 6.672461 45.829762 270.986542
v 20.341394 57.517418 216.548019
v 19.649963 57.292625 214.348160
v 19.307348 57.590279 214.791534
v 20.006531 57.804222 216.991409
v 20.592541 57.012020 217.113876
v 20.508825 55.960922 215.047333
v 20.249926 56.477169 214.478378
v 20.341394 57.517418 216.548019
v 6.672461 45.829762 270.986542
v 5.892663 44.544567 270.591217
v 6.241479 44.343029 270.560211
v 7.021277 45.629772 270.957092
v 6.875549 46.445229 269.789734
v 5.979480 45.992542 268.169678
v 5.743835 45.611172 269.025421
v 6.639904 46.063854 270.643951
v 31.746899 -43.237667 255.037140
v 29.458666 -42.577244 253.778305
v 30.567125 -40.916882 254.302307
v 32.024403 -42.822189 255.168915
v 31.162439 -44.160091 261.229004
v 28.830797 -43.572533 260.920502
v 29.137756 -43.060936 254.204636
v 31.424438 -43.721359 255.463470
v 30.833776 -43.544628 267.937134
v 28.497484 -42.946213 267.757294
v 28.830797 -43.572533 260.920502
v 31.162439 -44.160091 261.229004
v 30.826025 -41.524593 274.459198
v 28.488184 -40.885876 274.406494
v 28.497484 -42.946213 267.757294
v 30.833776 -43.544628 267.937134
v 30.819824 -38.948009 279.393799
v 28.480433 -37.906212 280.113129
v 28.488184 -40.885876 274.406494
v 30.826025 -41.524593 274.459198
v 31.385681 -37.972878 279.441864
v 29.906702 -35.855175 279.486816
v 28.781189 -37.267494 280.372040
v 31.119030 -38.309288 279.654236
v 32.024403 -42.822189 255.168915
v 30.567125 -40.916882 254.302307
v 30.819824 -40.541710 254.978226
v 32.277100 -42.448570 255.844849
v 31.424438 -43.721359 255.463470
v 29.137756 -43.060936 254.204636
v 29.458666 -42.577244 253.778305
v 31.746899 -43.237667 255.037140
v 31.119030 -38.309288 279.654236
v 28.781189 -37.267494 280.372040
v 28.480433 -37.906212 280.113129
v 30.819824 -38.948009 279.393799
v 31.677135 -37.864357 278.720978
v 30.198156 -35.746655 278.767487
v 29.906702 -35.855175 279.486816
v 31.385681 -37.972878 279.441864
v 167.329315 37.983727 -77.353416
v 168.062607 38.219372 -78.061897
v 165.948013 39.828575 -77.889816
v 165.937149 39.044125 -77.238693
v 166.867325 36.213291 -77.703781
v 167.361877 35.523411 -78.598305
v 168.062607 38.219372 -78.061897
v 167.329315 37.983727 -77.353416
v 165.189911 36.191586 -77.798347
v 164.810089 35.490856 -78.742477
v 167.361877 35.523411 -78.598305
v 166.867325 36.213291 -77.703781
v 164.614761 37.941868 -77.508446
v 163.935730 38.155807 -78.300644
v 164.810089 35.490856 -78.742477
v 165.189911 36.191586 -77.798347
v 165.937149 39.044125 -77.238693
v 165.948013 39.828575 -77.889816
v 163.935730 38.155807 -78.300644
v 164.614761 37.941868 -77.508446
v 167.343277 37.884506 -80.308273
v 167.329315 37.983727 -77.353416
v 165.937149 39.044125 -77.238693
v 165.952652 38.946457 -80.192001
v 166.882828 36.109421 -80.663292
v 166.867325 36.213291 -77.703781
v 167.329315 37.983727 -77.353416
v 167.343277 37.884506 -80.308273
v 165.205414 36.086166 -80.759407
v 165.189911 36.191586 -77.798347
v 166.867325 36.213291 -77.703781
v 166.882828 36.109421 -80.663292
v 164.630264 37.841099 -80.466408
v 164.614761 37.941868 -77.508446
v 165.189911 36.191586 -77.798347
v 165.205414 36.086166 -80.759407
v 165.952652 38.946457 -80.192001
v 165.937149 39.044125 -77.238693
v 164.614761 37.941868 -77.508446
v 164.630264 37.841099 -80.466408
v 161.751358 38.861191 -77.353416
v 162.484650 39.096836 -78.061897
v 160.370056 40.706043 -77.889816
v 160.359207 39.921593 -77.238693
v 161.289383 37.090755 -77.703781
v 161.783920 36.400875 -78.598305
v 162.484650 39.096836 -78.061897
v 161.751358 38.861191 -77.353416
v 159.611954 37.069054 -77.798347
v 159.232132 36.368320 -78.742477
v 161.783920 36.400875 -78.598305
v 161.289383 37.090755 -77.703781
v 159.036804 38.819332 -77.508446
v 158.357773 39.033276 -78.300644
v 159.232132 36.368320 -78.742477
v 159.611954 37.069054 -77.798347
v 160.359207 39.921593 -77.238693
v 160.370056 40.706043 -77.889816
v 158.357773 39.033276 -78.300644
v 159.036804 38.819332 -77.508446
v 161.765320 38.761974 -80.308273
v 161.751358 38.861191 -77.353416
v 160.359207 39.921593 -77.238693
v 160.374710 39.823925 -80.192001
v 161.304886 36.986889 -80.663292
v 161.289383 37.090755 -77.703781
v 161.751358 38.861191 -77.353416
v 161.765320 38.761974 -80.308273
v 159.627457 36.963634 -80.759407
v 159.611954 37.069054 -77.798347
v 161.289383 37.090755 -77.703781
v 161.304886 36.986889 -80.663292
v 159.052307 38.718563 -80.466408
v 159.036804 38.819332 -77.508446
v 159.611954 37.069054 -77.798347
v 159.627457 36.963634 -80.759407
v 160.374710 39.823925 -80.192001
v 160.359207 39.921593 -77.238693
v 159.036804 38.819332 -77.508446
v 159.052307 38.718563 -80.466408
v 122.524300 -45.251499 -197.563126
v 120.577133 -46.110359 -198.299515
v 120.037636 -44.172493 -198.308823
v 122.342918 -44.899582 -197.577087
v 122.648323 -45.499546 -197.426712
v 118.211388 -49.570614 -168.408325
v 116.027023 -50.544197 -168.513748
v 120.651550 -46.377010 -198.170853
v 118.158676 -48.804771 -168.208328
v 115.943306 -48.186203 -168.154068
v 115.985168 -50.279099 -168.361816
v 118.167976 -49.303963 -168.257950
v 118.189682 -48.510216 -168.301346
v 122.184792 -44.589523 -197.453064
v 119.961670 -43.882591 -198.173950
v 115.974312 -47.891647 -168.247086
v 122.342918 -44.899582 -197.577087
v 120.037636 -44.172493 -198.308823
v 119.961670 -43.882591 -198.173950
v 122.184792 -44.589523 -197.453064
v 122.648323 -45.499546 -197.426712
v 120.651550 -46.377010 -198.170853
v 120.577133 -46.110359 -198.299515
v 122.524300 -45.251499 -197.563126
v 118.167976 -49.303963 -168.257950
v 115.985168 -50.279099 -168.361816
v 116.027023 -50.544197 -168.513748
v 118.211388 -49.570614 -168.408325
v 118.189682 -48.510216 -168.301346
v 115.974312 -47.891647 -168.247086
v 115.943306 -48.186203 -168.154068
v 118.158676 -48.804771 -168.208328
v -163.817902 36.929531 -206.550186
v -169.940018 38.794533 -85.659889
v -166.707657 41.785046 -86.571457
v -160.703369 39.957253 -201.851242
v -4.447791 18.113623 310.548492
v -1.277441 17.690393 311.542206
v -1.247986 22.345921 309.331512
v -4.357873 22.753649 308.373413
v -169.940018 33.253784 -85.756004
v -122.418884 46.425072 -61.473770
v -122.418884 51.951866 -61.563686
v -169.940018 38.794533 -85.659889
v -122.418884 46.425072 -61.473770
v -91.414574 54.985790 -25.821678
v -91.820747 60.543591 -25.483715
v -122.418884 51.951866 -61.563686
v -62.400841 -51.283691 -231.463394
v -86.580757 -47.614147 -229.985962
v -82.024452 -43.274879 -229.886734
v -63.917027 -46.000294 -231.018448
v -22.755199 36.000904 166.546417
v -25.799974 16.346289 219.002136
v -25.934851 45.518154 221.507401
v -25.491467 50.212437 167.516907
v -15.847095 20.045288 219.361801
v -19.835999 8.613428 232.782684
v -29.788879 4.914428 232.381165
v -25.799974 16.346289 219.002136
v -19.835999 8.613428 232.782684
v -17.268713 -13.589869 244.716843
v -27.221594 -17.288866 244.275009
v -29.788879 4.914428 232.381165
v -12.802320 39.699902 166.763458
v -15.847095 20.045288 219.361801
v -25.799974 16.346289 219.002136
v -22.755199 36.000904 166.546417
v -8.858374 20.045288 219.361801
v -10.864453 8.613428 232.782684
v -19.835999 8.613428 232.782684
v -15.847095 20.045288 219.361801
v -10.864453 8.613428 232.782684
v -13.451892 -13.589869 244.716843
v -17.268713 -13.589869 244.716843
v -19.835999 8.613428 232.782684
v -5.667871 39.699902 166.763458
v -8.858374 20.045288 219.361801
v -15.847095 20.045288 219.361801
v -12.802320 39.699902 166.763458
v -23.910168 13.893726 -266.624023
v -4.252453 -98.528870 -160.463074
v -4.148584 -64.487534 -47.221924
v -23.910168 39.551075 -96.195679
v -70.818932 -74.240425 -191.484436
v -90.017761 -69.095001 -189.879883
v -87.357460 -50.956581 -228.127151
v -63.417835 -54.398232 -229.494522
v -15.163415 9.738940 196.294998
v -10.366809 -8.571570 206.646301
v -16.070337 -22.102528 206.646301
v -21.407995 -4.649328 197.215866
v -17.648535 23.643518 185.597977
v -15.163415 9.738940 196.294998
v -26.528612 8.475451 189.225662
v -19.327501 41.718388 156.669510
v -28.269592 30.670996 157.984146
v -21.062281 45.167789 141.098358
v -28.379663 35.566822 131.805908
v -22.762951 48.206360 122.981636
v -30.491161 35.411789 95.556953
v -26.655737 49.629528 83.870850
v -33.762280 30.942297 53.367283
v -30.226061 43.067139 0.435632
v -39.523167 7.075537 -0.303857
v -33.103405 37.000843 -13.406934
v -35.980747 24.990723 -33.579346
v -45.378624 -15.216125 -28.294397
v -38.546482 1.654163 -46.914967
v -48.696251 -29.156359 -49.596973
v -43.941502 -10.635010 -59.269249
v -55.226086 -40.490551 -81.204346
v -47.842041 -13.059668 -93.960152
v -58.973145 -45.891769 -113.179138
v -48.872986 -11.645801 -117.800560
v -60.619556 -48.348988 -135.379333
v -49.184593 -10.309447 -135.176239
v -61.991566 -51.869705 -149.697830
v -50.006248 -11.379149 -158.432190
v -64.727829 -60.662960 -170.288834
v -49.200096 -8.678539 -178.872803
v -68.171028 -73.139717 -189.676788
v -60.631958 -52.989014 -228.548843
v -59.289402 -46.054554 -229.720856
v -47.263783 -3.430798 -198.209610
v -53.551769 -31.887978 -241.847244
v -43.924450 5.559350 -216.036423
v -48.148998 -16.313734 -252.076080
v -39.247215 18.533752 -231.314560
v -43.068687 -0.706934 -257.241669
v -33.894054 33.838242 -243.130890
v -37.904663 17.175695 -255.229385
v -31.131433 44.440697 -252.614029
v -4.252453 -98.528870 -160.463074
v -1.855701 -100.184578 -159.132919
v -1.855701 -66.318428 -46.350658
v -4.148584 -64.487534 -47.221924
v -2.097546 -99.370674 -162.448990
v -4.252453 -98.528870 -160.463074
v -23.910168 13.893726 -266.624023
v -21.862230 13.715443 -269.236267
v -21.848278 39.698353 -94.023720
v -23.910168 39.551075 -96.195679
v -4.148584 -64.487534 -47.221924
v -2.175061 -63.816261 -45.294910
v -24.798487 37.658165 196.935257
v -11.383801 3.402893 238.281570
v -53.713001 -0.855762 240.845764
v -64.597603 14.129370 220.371048
v -13.924731 8.876977 244.076569
v -28.499035 48.090084 207.953201
v -66.017677 19.749182 225.682343
v -55.136169 2.078943 244.676529
v -10.146667 2.530078 245.023804
v -51.911560 -1.482080 244.558716
v -53.713001 -0.855762 240.845764
v -11.383801 3.402893 238.281570
v -75.141151 -39.351089 -231.508347
v -75.945747 -51.189125 -163.526443
v -113.314011 -51.124008 -168.935425
v -118.186584 -47.800179 -202.412445
v -78.988976 -43.476418 -162.414886
v -77.313110 -25.500769 -227.883759
v -120.394203 -41.057957 -200.245132
v -115.194519 -46.603355 -167.775803
v -71.034424 47.040539 -236.816544
v -73.138168 43.902744 -241.019394
v -84.847534 35.453648 -237.337448
v -77.116219 42.676464 -234.830627
v -70.302681 46.632809 -236.804153
v -71.697945 43.270226 -240.828705
v -73.138168 43.902744 -241.019394
v -71.034424 47.040539 -236.816544
v -38.317039 40.614574 195.747742
v -39.546421 36.752792 217.409988
v -41.780396 38.427109 217.915375
v -40.265759 43.338436 191.823944
v -41.166477 -18.347717 256.007629
v -41.780396 -16.572632 251.012589
v -43.367893 -17.101280 250.256042
v -42.699718 -19.031395 255.731674
v -40.977345 -18.267101 260.139160
v -41.166477 -18.347717 256.007629
v -42.699718 -19.031395 255.731674
v -42.513683 -18.930626 260.399597
v -41.248646 -16.406752 263.662964
v -40.977345 -18.267101 260.139160
v -42.513683 -18.930626 260.399597
v -42.862499 -16.803625 264.422607
v -41.861012 -13.344922 266.059723
v -41.248646 -16.406752 263.662964
v -42.862499 -16.803625 264.422607
v -43.592686 -13.357325 267.127869
v -42.648560 -9.673828 267.179047
v -41.861012 -13.344922 266.059723
v -43.592686 -13.357325 267.127869
v -44.505810 -9.267652 268.378967
v -43.417503 -6.173266 266.994537
v -42.648560 -9.673828 267.179047
v -44.505810 -9.267652 268.378967
v -45.378624 -5.374865 268.177429
v -44.143040 -2.906799 265.817871
v -43.417503 -6.173266 266.994537
v -45.378624 -5.374865 268.177429
v -46.187878 -1.727026 266.859680
v -28.548645 88.727913 -40.484348
v -39.588280 88.721718 -55.247787
v -37.783741 86.118774 -58.349926
v -27.198339 86.118774 -44.198853
v -17.264063 88.743416 -29.495872
v -28.548645 88.727913 -40.484348
v -27.198339 86.118774 -44.198853
v -16.378845 86.118774 -33.675461
v -5.874060 88.765121 -23.597008
v -17.264063 88.743416 -29.495872
v -16.378845 86.118774 -33.675461
v -5.463233 86.118774 -28.041698
v -22.288561 39.561928 -254.861954
v -3.433899 39.561928 -256.663391
v 0.000000 68.271805 -245.121475
v -19.009691 68.271805 -243.403748
v -27.043310 42.771030 -250.004898
v -22.288561 39.561928 -254.861954
v -19.009691 68.271805 -243.403748
v -23.731884 71.480911 -238.464508
v -20.821985 33.773132 -267.016266
v -28.602905 8.233606 -264.010223
v -26.930140 10.042798 -272.529083
v -19.490282 34.365345 -271.530701
v -86.853615 84.875443 -186.146774
v -79.450966 88.253525 -185.900284
v -70.702660 69.388016 -188.886139
v -78.573494 65.789787 -189.149689
v -119.657814 70.287178 -135.788605
v -119.848495 70.178658 -145.152374
v -112.921791 50.358162 -146.110458
v -112.672188 50.472885 -136.129669
v -86.738892 84.932800 -181.610611
v -80.329979 87.844254 -181.396683
v -79.450966 88.253525 -185.900284
v -86.853615 84.875443 -186.146774
v -115.958809 71.911888 -136.959076
v -116.141747 71.818871 -145.031448
v -119.848495 70.178658 -145.152374
v -119.657814 70.287178 -135.788605
v -70.702660 69.388016 -188.886139
v -79.450966 88.253525 -185.900284
v -78.764183 87.938820 -183.585693
v -69.693420 68.419083 -186.737442
v -78.573494 65.789787 -189.149689
v -70.702660 69.388016 -188.886139
v -69.693420 68.419083 -186.737442
v -78.886658 64.222435 -187.045944
v -86.853615 84.875443 -186.146774
v -78.573494 65.789787 -189.149689
v -78.886658 64.222435 -187.045944
v -87.476830 83.971619 -183.877151
v -86.738892 84.932800 -181.610611
v -86.853615 84.875443 -186.146774
v -87.476830 83.971619 -183.877151
v -87.337303 84.033630 -178.575150
v -80.329979 87.844254 -181.396683
v -86.738892 84.932800 -181.610611
v -87.337303 84.033630 -178.575150
v -79.784279 87.455124 -178.323990
v -79.450966 88.253525 -185.900284
v -80.329979 87.844254 -181.396683
v -79.784279 87.455124 -178.323990
v -78.764183 87.938820 -183.585693
v -112.921791 50.358162 -146.110458
v -119.848495 70.178658 -145.152374
v -117.735451 70.485619 -146.262390
v -110.624252 49.953537 -147.246826
v -112.672188 50.472885 -136.129669
v -112.921791 50.358162 -146.110458
v -110.624252 49.953537 -147.246826
v -110.314194 50.088413 -135.611877
v -119.657814 70.287178 -135.788605
v -112.672188 50.472885 -136.129669
v -110.314194 50.088413 -135.611877
v -117.496704 70.612740 -135.264603
v -115.958809 71.911888 -136.959076
v -119.657814 70.287178 -135.788605
v -117.496704 70.612740 -135.264603
v -113.171387 72.508751 -136.633514
v -116.141747 71.818871 -145.031448
v -115.958809 71.911888 -136.959076
v -113.171387 72.508751 -136.633514
v -113.403931 72.398674 -146.121307
v -119.848495 70.178658 -145.152374
v -116.141747 71.818871 -145.031448
v -113.403931 72.398674 -146.121307
v -117.735451 70.485619 -146.262390
v -93.324532 89.541824 -140.724747
v -89.151146 91.124672 -152.381393
v -90.171242 92.616051 -153.165848
v -94.788010 90.870422 -140.262756
v -86.466042 81.745399 -130.824570
v -91.104515 79.754814 -133.154663
v -92.346298 79.739311 -131.460190
v -87.028793 82.026001 -128.787491
v -84.596382 93.045486 -150.100906
v -88.762024 91.487442 -138.434952
v -89.544922 93.105942 -137.630356
v -84.939003 94.820572 -150.544296
v -81.408981 83.518936 -160.123550
v -76.786011 85.452148 -157.812073
v -76.013962 86.236595 -159.511185
v -81.309761 84.024330 -162.157547
v -81.478745 95.484093 -168.878067
v -82.035301 93.845436 -169.736923
v -83.081749 93.226868 -169.166412
v -82.238388 95.715088 -167.865723
v -79.537781 95.418983 -167.857971
v -81.478745 95.484093 -168.878067
v -82.238388 95.715088 -167.865723
v -79.283531 95.615868 -166.306122
v -78.903709 93.740013 -168.101364
v -79.537781 95.418983 -167.857971
v -79.283531 95.615868 -166.306122
v -78.320801 93.064087 -166.678192
v -80.447800 92.767982 -169.265640
v -78.903709 93.740013 -168.101364
v -78.320801 93.064087 -166.678192
v -80.671043 91.586655 -168.451736
v -82.035301 93.845436 -169.736923
v -80.447800 92.767982 -169.265640
v -80.671043 91.586655 -168.451736
v -83.081749 93.226868 -169.166412
v -82.332954 93.845436 -164.934113
v -82.891060 92.209877 -165.794525
v -82.035301 93.845436 -169.736923
v -81.478745 95.484093 -168.878067
v -80.388893 93.780319 -163.906265
v -82.332954 93.845436 -164.934113
v -81.478745 95.484093 -168.878067
v -79.537781 95.418983 -167.857971
v -79.754822 92.104454 -164.146561
v -80.388893 93.780319 -163.906265
v -79.537781 95.418983 -167.857971
v -78.903709 93.740013 -168.101364
v -81.302010 91.133972 -165.315491
v -79.754822 92.104454 -164.146561
v -78.903709 93.740013 -168.101364
v -80.447800 92.767982 -169.265640
v -82.891060 92.209877 -165.794525
v -81.302010 91.133972 -165.315491
v -80.447800 92.767982 -169.265640
v -82.035301 93.845436 -169.736923
v -20.118151 -40.459545 109.545250
v -20.170862 -22.818762 109.545250
v -23.170679 -22.483896 81.151634
v -22.694738 -40.351025 81.151634
v -22.694738 -40.351025 81.151634
v -19.290295 -42.194324 81.151634
v -16.828430 -42.278042 109.545250
v -20.118151 -40.459545 109.545250
v -9.656775 -41.488941 81.151634
v -7.678601 -41.583508 109.545250
v -16.828430 -42.278042 109.545250
v -19.290295 -42.194324 81.151634
v -31.052368 -47.477722 76.582924
v -36.540405 -41.318409 76.734848
v -37.524841 -41.443981 69.546143
v -32.145325 -47.473072 69.415916
v -7.458459 -46.367714 64.847206
v -6.536035 -46.381664 81.151634
v -31.052368 -47.477722 76.582924
v -32.145325 -47.473072 69.415916
v -24.040392 -40.289013 64.847206
v -24.793835 -22.288563 64.847206
v -28.033947 -21.942846 35.445896
v -26.776659 -40.175842 35.445896
v -20.564636 -42.146267 64.847206
v -24.040392 -40.289013 64.847206
v -26.776659 -40.175842 35.445896
v -23.200134 -42.059448 35.445896
v -12.853478 -41.338562 35.445896
v -10.666016 -41.436230 64.847206
v -20.564636 -42.146267 64.847206
v -23.200134 -42.059448 35.445896
v -23.170679 -22.483896 81.151634
v -20.170862 -22.818762 109.545250
v -21.868433 -21.068480 109.447578
v -25.186060 -20.587889 81.075668
v -7.678601 -41.583508 109.545250
v -9.656775 -41.488941 81.151634
v -6.536035 -46.381664 81.151634
v -4.695837 -46.406471 109.545250
v -20.170862 -22.818762 109.545250
v -20.118151 -40.459545 109.545250
v -32.622814 -41.095165 115.354195
v -21.868433 -21.068480 109.447578
v -10.666016 -41.436230 64.847206
v -12.853478 -41.338562 35.445896
v -9.495544 -46.341358 35.445900
v -7.458459 -46.367714 64.847206
v -28.033947 -21.942846 35.445896
v -24.793835 -22.288563 64.847206
v -27.108423 -20.211170 64.797592
v -30.760912 -19.676317 35.422642
v -36.540405 -41.318409 76.734848
v -36.465992 -39.290623 77.013901
v -37.534142 -39.413097 69.284142
v -37.524841 -41.443981 69.546143
v -23.491589 -42.758633 104.728493
v -23.415625 -28.061853 104.728493
v -25.660448 -27.892872 85.966843
v -25.510071 -42.707470 85.966843
v -25.510071 -42.707470 85.966843
v -22.702490 -44.236061 85.966843
v -20.708813 -44.274818 104.728493
v -23.491589 -42.758633 104.728493
v -14.647168 -43.651600 85.966843
v -12.892236 -43.695007 104.728493
v -20.708813 -44.274818 104.728493
v -22.702490 -44.236061 85.966843
v -27.668077 -42.640808 59.859913
v -28.221533 -27.643274 59.859913
v -30.615185 -27.469641 40.433189
v -29.788879 -42.588097 40.433189
v -24.734924 -44.188000 59.859917
v -27.668077 -42.640808 59.859913
v -29.788879 -42.588097 40.433189
v -26.841772 -44.149242 40.433193
v -18.223694 -43.552380 40.433189
v -16.323034 -43.597340 59.859913
v -24.734924 -44.188000 59.859917
v -26.841772 -44.149242 40.433193
v -19.704224 -25.953455 104.728493
v -21.780066 -25.765869 85.966843
v -25.660448 -27.892872 85.966843
v -23.415625 -28.061853 104.728493
v -21.780066 -25.765869 85.966843
v -21.293274 -40.580471 85.966843
v -25.510071 -42.707470 85.966843
v -25.660448 -27.892872 85.966843
v -19.409668 -40.651783 104.728493
v -19.704224 -25.953455 104.728493
v -23.415625 -28.061853 104.728493
v -23.491589 -42.758633 104.728493
v -20.708813 -44.274818 104.728493
v -16.633093 -42.167969 104.728493
v -19.409668 -40.651783 104.728493
v -21.293274 -40.580471 85.966843
v -18.487244 -42.109058 85.966843
v -22.702490 -44.236061 85.966843
v -25.510071 -42.707470 85.966843
v -18.487244 -42.109058 85.966843
v -10.557495 -41.524597 85.966843
v -14.647168 -43.651600 85.966843
v -22.702490 -44.236061 85.966843
v -10.557495 -41.524597 85.966843
v -8.951391 -41.588161 104.728493
v -12.892236 -43.695007 104.728493
v -14.647168 -43.651600 85.966843
v -8.951391 -41.588161 104.728493
v -16.633093 -42.167969 104.728493
v -20.708813 -44.274818 104.728493
v -12.892236 -43.695007 104.728493
v -24.124109 -25.488367 59.859913
v -26.350328 -25.294580 40.433189
v -30.615185 -27.469641 40.433189
v -28.221533 -27.643274 59.859913
v -23.274548 -40.485897 59.859913
v -24.124109 -25.488367 59.859913
v -28.221533 -27.643274 59.859913
v -27.668077 -42.640808 59.859913
v -24.734924 -44.188000 59.859917
v -20.342943 -42.033092 59.859913
v -23.274548 -40.485897 59.859913
v -25.260473 -40.413040 40.433189
v -22.314917 -41.974182 40.433189
v -26.841772 -44.149242 40.433193
v -29.788879 -42.588097 40.433189
v -30.615185 -27.469641 40.433189
v -26.350328 -25.294580 40.433189
v -25.260473 -40.413040 40.433189
v -22.314917 -41.974182 40.433189
v -13.792956 -41.375767 40.433189
v -18.223694 -43.552380 40.433189
v -26.841772 -44.149242 40.433193
v -13.792956 -41.375767 40.433189
v -12.039575 -41.442432 59.859913
v -16.323034 -43.597340 59.859913
v -18.223694 -43.552380 40.433189
v -12.039575 -41.442432 59.859913
v -20.342943 -42.033092 59.859913
v -24.734924 -44.188000 59.859917
v -16.323034 -43.597340 59.859913
v -27.313061 -47.663757 123.085510
v -32.070911 -41.121521 123.195580
v -32.622814 -41.095165 115.354195
v -27.711487 -47.663757 115.261177
v -35.890831 -47.460667 25.598436
v -35.520313 -47.462219 32.111217
v -41.405224 -41.216087 32.305000
v -41.924572 -41.194386 25.404650
v -0.466638 -43.231468 122.308815
v -2.514575 -46.421974 124.096298
v -4.695837 -46.406471 109.545250
v -0.479041 -43.116749 108.593369
v -1.727026 -39.676643 131.726837
v -16.864086 -40.488998 131.653976
v -27.313061 -47.663757 123.085510
v -2.514575 -46.421974 124.096298
v -0.479041 -37.577549 133.483322
v -1.727026 -39.676643 131.726837
v -2.514575 -46.421974 124.096298
v -0.466638 -43.231468 122.308815
v -27.917675 -44.108936 17.276464
v -23.245092 -41.909069 17.276464
v -26.348780 -40.330872 17.276464
v -31.022913 -42.530735 17.276464
v -26.348780 -40.330872 17.276464
v -27.843262 -25.041882 17.276464
v -32.291050 -27.241747 17.276464
v -23.245092 -41.909069 17.276464
v -27.917675 -44.108936 17.276464
v -18.956982 -43.504322 17.276464
v -14.366565 -41.304455 17.276464
v -42.527637 -38.780579 25.195360
v -41.924572 -41.194386 25.404650
v -41.405224 -41.216087 32.305000
v -41.944725 -38.813137 32.514290
v -31.497301 -21.336681 -12.893786
v -29.174963 -39.999107 -12.893785
v -27.430883 -40.127781 22.263756
v -28.979626 -21.776962 22.263758
v -29.174963 -39.999107 -12.893785
v -25.198462 -41.924572 -12.893787
v -23.745836 -42.022240 22.263756
v -27.430883 -40.127781 22.263756
v -25.198462 -41.924572 -12.893787
v -13.955737 -41.188183 -12.893785
v -13.154236 -41.296703 22.263756
v -23.745836 -42.022240 22.263756
v -34.709507 -19.018993 -12.917041
v -31.497301 -21.336681 -12.893786
v -28.979626 -21.776962 22.263758
v -31.833715 -19.498034 22.287012
v -32.363914 -42.467175 -7.908044
v -29.088146 -44.063976 -7.908044
v -27.917675 -44.108936 17.276464
v -31.022913 -42.530735 17.276464
v -29.088146 -44.063976 -7.908044
v -19.753832 -43.453159 -7.908044
v -18.956982 -43.504322 17.276464
v -27.917675 -44.108936 17.276464
v -29.148607 -39.690598 -100.175278
v -29.708263 -39.789822 -71.783211
v -33.413464 -20.567738 -71.783211
v -33.481678 -20.189465 -100.175278
v -29.708263 -39.789822 -71.783211
v -29.148607 -39.690598 -100.175278
v -24.037292 -41.701328 -100.175278
v -24.998474 -41.772644 -71.783211
v -12.482959 -41.014549 -71.783211
v -24.998474 -41.772644 -71.783211
v -24.037292 -41.701328 -100.175278
v -10.903211 -40.933933 -100.175278
v -38.746471 -47.457565 -67.212952
v -39.231712 -47.456017 -60.045944
v -46.986279 -41.040905 -60.176170
v -46.952171 -40.859520 -67.364876
v -8.934339 -46.285545 -55.477230
v -39.231712 -47.456017 -60.045944
v -38.746471 -47.457565 -67.212952
v -8.211902 -46.277794 -71.783211
v -29.702063 -39.847179 -55.477234
v -29.829187 -39.949497 -26.077478
v -32.441429 -21.172352 -26.077478
v -33.032093 -20.781677 -55.477234
v -25.209314 -41.814499 -55.477234
v -25.744165 -41.888916 -26.077478
v -29.829187 -39.949497 -26.077478
v -29.702063 -39.847179 -55.477234
v -14.258044 -41.146324 -26.077478
v -25.744165 -41.888916 -26.077478
v -25.209314 -41.814499 -55.477234
v -13.056567 -41.062607 -55.477234
v -33.413464 -20.567738 -71.783211
v -36.732639 -18.530651 -71.705696
v -36.848911 -18.256248 -100.079163
v -33.481678 -20.189465 -100.175278
v -10.903211 -40.933933 -100.175278
v -6.382556 -46.265392 -100.175278
v -8.211902 -46.277794 -71.783211
v -12.482959 -41.014549 -71.783211
v -33.481678 -20.189465 -100.175278
v -36.848911 -18.256248 -100.079163
v -48.197056 -40.352573 -105.985779
v -29.148607 -39.690598 -100.175278
v -13.056567 -41.062607 -55.477234
v -8.934339 -46.285545 -55.477230
v -10.421069 -46.299500 -26.077478
v -14.258044 -41.146324 -26.077478
v -32.441429 -21.172352 -26.077478
v -35.782310 -18.840712 -26.054224
v -36.462891 -18.583361 -55.427624
v -33.032093 -20.781677 -55.477234
v -46.952171 -40.859520 -67.364876
v -46.986279 -41.040905 -60.176170
v -47.361450 -38.881348 -59.915722
v -47.356800 -38.684460 -67.645485
v -32.963879 -42.257885 -95.360069
v -33.571594 -42.301292 -76.598427
v -36.700085 -26.288319 -76.598427
v -36.458241 -26.085228 -95.360069
v -33.571594 -42.301292 -76.598427
v -32.963879 -42.257885 -95.360069
v -28.748632 -43.925999 -95.360069
v -29.619898 -43.952354 -76.598427
v -19.116663 -43.321384 -76.598427
v -29.619898 -43.952354 -76.598427
v -28.748632 -43.925999 -95.360069
v -17.891932 -43.288830 -95.360069
v -33.320446 -42.364861 -50.491489
v -33.597950 -42.408264 -31.063221
v -35.788513 -26.765808 -31.063217
v -35.934238 -26.554968 -50.491489
v -29.616796 -43.995766 -50.491486
v -30.162500 -44.023670 -31.063221
v -33.597950 -42.408264 -31.063221
v -33.320446 -42.364861 -50.491489
v -20.485571 -43.405102 -31.063221
v -30.162500 -44.023670 -31.063221
v -29.616796 -43.995766 -50.491486
v -19.552294 -43.370998 -50.491489
v -31.129883 -23.765989 -95.360069
v -36.458241 -26.085228 -95.360069
v -36.700085 -26.288319 -76.598427
v -31.520555 -23.989235 -76.598427
v -31.520555 -23.989235 -76.598427
v -36.700085 -26.288319 -76.598427
v -33.571594 -42.301292 -76.598427
v -28.314550 -40.002209 -76.598427
v -36.458241 -26.085228 -95.360069
v -31.129883 -23.765989 -95.360069
v -27.589014 -39.938644 -95.360069
v -32.963879 -42.257885 -95.360069
v -27.589014 -39.938644 -95.360069
v -23.375317 -41.606762 -95.360069
v -28.748632 -43.925999 -95.360069
v -28.314550 -40.002209 -76.598427
v -33.571594 -42.301292 -76.598427
v -29.619898 -43.952354 -76.598427
v -24.364405 -41.653271 -76.598427
v -24.364405 -41.653271 -76.598427
v -29.619898 -43.952354 -76.598427
v -19.116663 -43.321384 -76.598427
v -13.887525 -41.022301 -76.598427
v -13.887525 -41.022301 -76.598427
v -19.116663 -43.321384 -76.598427
v -17.891932 -43.288830 -95.360069
v -12.535668 -40.969589 -95.360069
v -12.535668 -40.969589 -95.360069
v -17.891932 -43.288830 -95.360069
v -28.748632 -43.925999 -95.360069
v -23.375317 -41.606762 -95.360069
v -30.959351 -24.283789 -50.491489
v -35.934238 -26.554968 -50.491489
v -35.788513 -26.765808 -31.063217
v -30.960901 -24.514782 -31.063217
v -35.934238 -26.554968 -50.491489
v -30.959351 -24.283789 -50.491489
v -28.226183 -40.092129 -50.491489
v -33.320446 -42.364861 -50.491489
v -28.226183 -40.092129 -50.491489
v -24.524084 -41.724586 -50.491489
v -29.616796 -43.995766 -50.491486
v -30.162500 -44.023670 -31.063221
v -25.186060 -41.772644 -31.063221
v -28.619959 -40.157234 -31.063221
v -33.597950 -42.408264 -31.063221
v -28.619959 -40.157234 -31.063221
v -30.960901 -24.514782 -31.063217
v -35.788513 -26.765808 -31.063217
v -25.186060 -41.772644 -31.063221
v -30.162500 -44.023670 -31.063221
v -20.485571 -43.405102 -31.063221
v -15.563391 -41.154076 -31.063221
v -15.563391 -41.154076 -31.063221
v -20.485571 -43.405102 -31.063221
v -19.552294 -43.370998 -50.491489
v -14.501440 -41.099819 -50.491489
v -14.501440 -41.099819 -50.491489
v -19.552294 -43.370998 -50.491489
v -29.616796 -43.995766 -50.491486
v -24.524084 -41.724586 -50.491489
v -3.485059 -50.248093 -113.607018
v -3.452502 -50.254295 -105.364113
v -38.963512 -47.654453 -105.891212
v -39.361938 -47.654453 -113.715538
v -26.463501 -25.677502 -183.424454
v -48.748962 -40.326218 -113.827156
v -32.777843 -23.090063 -187.542038
v -39.361938 -47.654453 -113.715538
v -38.963512 -47.654453 -105.891212
v -48.197056 -40.352573 -105.985779
v -48.748962 -40.326218 -113.827156
v -45.561558 -41.040905 -22.936584
v -38.641052 -47.454468 -22.741247
v -38.270531 -47.454468 -16.230017
v -45.042210 -41.062611 -16.034679
v -0.479041 -21.594030 -189.050476
v -3.485059 -50.248093 -113.607018
v -39.361938 -47.654453 -113.715538
v -26.463501 -25.677502 -183.424454
v -32.777843 -23.090063 -187.542038
v -48.748962 -40.326218 -113.827156
v -8.021215 34.369991 -247.584885
v -25.353491 -9.462988 -200.079254
v -0.479041 -21.594030 -189.050476
v -26.463501 -25.677502 -183.424454
v -32.777843 -23.090063 -187.542038
v -25.353491 -9.462988 -200.079254
v -13.955737 -41.188183 -12.893785
v -10.222631 -46.307251 -12.893787
v -9.693982 -46.332054 22.263756
v -13.154236 -41.296703 22.263756
v -27.843262 -25.041882 17.276464
v -29.467968 -24.767481 -7.908044
v -34.112644 -26.993700 -7.908044
v -32.291050 -27.241747 17.276464
v -27.531652 -40.240955 -7.908044
v -24.255884 -41.837757 -7.908044
v -29.088146 -44.063976 -7.908044
v -32.363914 -42.467175 -7.908044
v -34.112644 -26.993700 -7.908044
v -29.467968 -24.767481 -7.908044
v -27.531652 -40.240955 -7.908044
v -24.255884 -41.837757 -7.908044
v -14.989782 -41.226940 -7.908044
v -19.753832 -43.453159 -7.908044
v -29.088146 -44.063976 -7.908044
v -45.561558 -41.040905 -22.936584
v -45.042210 -41.062611 -16.034679
v -45.801853 -38.603844 -15.825390
v -46.386314 -38.571289 -23.145874
v -34.112644 -26.993700 -7.908044
v -32.363914 -42.467175 -7.908044
v -31.022913 -42.530735 17.276464
v -32.291050 -27.241747 17.276464
v -19.753832 -43.453159 -7.908044
v -14.989782 -41.226940 -7.908044
v -14.366565 -41.304455 17.276464
v -18.956982 -43.504322 17.276464
v -119.482628 -16.681152 -168.738541
v -124.074593 -11.762073 -170.450058
v -108.932884 1.647961 -172.778595
v -104.043259 -3.578076 -170.958557
v -108.687935 -29.894300 -124.566040
v -106.874092 -31.598072 -131.179581
v -90.868874 -18.998840 -131.590408
v -92.811386 -17.144691 -124.550537
v -120.369392 -15.839343 -165.538727
v -124.333496 -11.577588 -167.019257
v -124.074593 -11.762073 -170.450058
v -119.482628 -16.681152 -168.738541
v -110.695564 -27.632421 -126.336472
v -109.128220 -29.117603 -132.035355
v -106.874092 -31.598072 -131.179581
v -108.687935 -29.894300 -124.566040
v -108.932884 1.647961 -172.778595
v -124.074593 -11.762073 -170.450058
v -124.361397 -10.695472 -168.923019
v -108.687935 3.185852 -171.380234
v -104.043259 -3.578076 -170.958557
v -108.932884 1.647961 -172.778595
v -108.687935 3.185852 -171.380234
v -102.984413 -2.920752 -169.254776
v -119.482628 -16.681152 -168.738541
v -104.043259 -3.578076 -170.958557
v -102.984413 -2.920752 -169.254776
v -118.964828 -16.485815 -166.909195
v -120.369392 -15.839343 -165.538727
v -119.482628 -16.681152 -168.738541
v -118.964828 -16.485815 -166.909195
v -119.998878 -15.495177 -163.169876
v -124.333496 -11.577588 -167.019257
v -120.369392 -15.839343 -165.538727
v -119.998878 -15.495177 -163.169876
v -124.662155 -10.469129 -164.915512
v -124.074593 -11.762073 -170.450058
v -124.333496 -11.577588 -167.019257
v -124.662155 -10.469129 -164.915512
v -124.361397 -10.695472 -168.923019
v -90.868874 -18.998840 -131.590408
v -106.874092 -31.598072 -131.179581
v -107.399643 -30.159399 -132.450821
v -90.806862 -17.160192 -132.855453
v -92.811386 -17.144691 -124.550537
v -90.868874 -18.998840 -131.590408
v -90.806862 -17.160192 -132.855453
v -93.076485 -14.983582 -124.652855
v -108.687935 -29.894300 -124.566040
v -92.811386 -17.144691 -124.550537
v -93.076485 -14.983582 -124.652855
v -109.532845 -28.147120 -124.685410
v -110.695564 -27.632421 -126.336472
v -108.687935 -29.894300 -124.566040
v -109.532845 -28.147120 -124.685410
v -111.875343 -25.500769 -126.756599
v -109.128220 -29.117603 -132.035355
v -110.695564 -27.632421 -126.336472
v -111.875343 -25.500769 -126.756599
v -110.028938 -27.260351 -133.449219
v -106.874092 -31.598072 -131.179581
v -109.128220 -29.117603 -132.035355
v -110.028938 -27.260351 -133.449219
v -107.399643 -30.159399 -132.450821
v -130.308319 -15.968017 -135.438248
v -130.502106 -15.079700 -144.769455
v -131.444687 -16.581932 -145.240738
v -131.236954 -17.566368 -134.912689
v -126.744202 -5.875610 -129.171951
v -123.587807 -9.369971 -129.658752
v -123.611061 -10.098609 -128.184418
v -127.234093 -6.092651 -127.626320
v -133.571686 -11.636499 -144.293518
v -133.401154 -12.526366 -134.959198
v -134.793320 -13.611571 -134.362335
v -134.970047 -12.625587 -144.693497
v -124.133507 -7.315833 -151.265182
v -127.234093 -3.818372 -150.784592
v -127.781349 -3.751709 -152.227921
v -124.231178 -7.760767 -152.779816
v -133.008926 -13.126329 -158.542252
v -131.303604 -13.143383 -158.889526
v -130.638535 -13.685986 -158.202744
v -133.229080 -13.661180 -157.678741
v -133.553085 -11.335741 -158.227554
v -133.008926 -13.126329 -158.542252
v -133.229080 -13.661180 -157.678741
v -134.058487 -10.934216 -157.195053
v -132.177979 -10.256738 -158.387222
v -133.553085 -11.335741 -158.227554
v -134.058487 -10.934216 -157.195053
v -131.967133 -9.295556 -157.440002
v -130.785812 -11.374498 -158.798050
v -132.177979 -10.256738 -158.387222
v -131.967133 -9.295556 -157.440002
v -129.852539 -10.999328 -158.066315
v -131.303604 -13.143383 -158.889526
v -130.785812 -11.374498 -158.798050
v -129.852539 -10.999328 -158.066315
v -130.638535 -13.685986 -158.202744
v -132.098907 -12.574426 -155.406021
v -130.395142 -12.596129 -155.754837
v -131.303604 -13.143383 -158.889526
v -133.008926 -13.126329 -158.542252
v -132.644608 -10.780737 -155.086655
v -132.098907 -12.574426 -155.406021
v -133.008926 -13.126329 -158.542252
v -133.553085 -11.335741 -158.227554
v -131.274155 -9.703283 -155.244781
v -132.644608 -10.780737 -155.086655
v -133.553085 -11.335741 -158.227554
v -132.177979 -10.256738 -158.387222
v -129.883545 -10.825695 -155.658707
v -131.274155 -9.703283 -155.244781
v -132.177979 -10.256738 -158.387222
v -130.785812 -11.374498 -158.798050
v -130.395142 -12.596129 -155.754837
v -129.883545 -10.825695 -155.658707
v -130.785812 -11.374498 -158.798050
v -131.303604 -13.143383 -158.889526
v -50.489941 6.439917 290.600861
v -48.717957 7.822778 290.621002
v -48.730358 8.461498 288.494019
v -51.424767 6.363952 288.467651
v -49.903931 4.047815 290.101654
v -50.489941 6.439917 290.600861
v -51.424767 6.363952 288.467651
v -50.533348 2.719214 287.697174
v -47.764526 3.971850 289.831909
v -49.903931 4.047815 290.101654
v -50.533348 2.719214 287.697174
v -47.280834 2.604492 287.289429
v -47.031239 6.306592 290.157471
v -47.764526 3.971850 289.831909
v -47.280834 2.604492 287.289429
v -46.166172 6.159314 287.790192
v -48.717957 7.822778 290.621002
v -47.031239 6.306592 290.157471
v -46.166172 6.159314 287.790192
v -48.730358 8.461498 288.494019
v -50.508545 4.774902 282.029297
v -48.736561 6.160864 282.054108
v -48.717957 7.822778 290.621002
v -50.489941 6.439917 290.600861
v -49.922535 2.373499 281.519257
v -50.508545 4.774902 282.029297
v -50.489941 6.439917 290.600861
v -49.903931 4.047815 290.101654
v -47.784679 2.294434 281.246399
v -49.922535 2.373499 281.519257
v -49.903931 4.047815 290.101654
v -47.764526 3.971850 289.831909
v -47.051392 4.638476 281.581268
v -47.784679 2.294434 281.246399
v -47.764526 3.971850 289.831909
v -47.031239 6.306592 290.157471
v -48.736561 6.160864 282.054108
v -47.051392 4.638476 281.581268
v -47.031239 6.306592 290.157471
v -48.717957 7.822778 290.621002
v -47.682362 -11.518677 303.367523
v -45.910374 -10.168371 303.707031
v -45.922779 -9.168432 301.770721
v -48.615635 -11.217919 301.260681
v -47.094799 -13.774353 302.325714
v -47.682362 -11.518677 303.367523
v -48.615635 -11.217919 301.260681
v -47.724216 -14.653369 299.663879
v -44.956944 -13.802258 302.043579
v -47.094799 -13.774353 302.325714
v -47.724216 -14.653369 299.663879
v -44.473255 -14.693677 299.239105
v -44.223656 -11.571386 302.902435
v -44.956944 -13.802258 302.043579
v -44.473255 -14.693677 299.239105
v -43.358593 -11.300085 300.550629
v -45.910374 -10.168371 303.707031
v -44.223656 -11.571386 302.902435
v -43.358593 -11.300085 300.550629
v -45.922779 -9.168432 301.770721
v -47.700962 -11.645801 294.586670
v -45.928978 -10.290845 294.932373
v -45.910374 -10.168371 303.707031
v -47.682362 -11.518677 303.367523
v -47.114952 -13.906129 293.532471
v -47.700962 -11.645801 294.586670
v -47.682362 -11.518677 303.367523
v -47.094799 -13.774353 302.325714
v -44.977100 -13.935584 293.247223
v -47.114952 -13.906129 293.532471
v -47.094799 -13.774353 302.325714
v -44.956944 -13.802258 302.043579
v -44.243809 -11.700062 294.116913
v -44.977100 -13.935584 293.247223
v -44.956944 -13.802258 302.043579
v -44.223656 -11.571386 302.902435
v -45.928978 -10.290845 294.932373
v -44.243809 -11.700062 294.116913
v -44.223656 -11.571386 302.902435
v -45.910374 -10.168371 303.707031
v -12.038025 -14.323157 126.130287
v -10.732678 -12.281420 123.752136
v -15.154114 -12.191504 119.747726
v -18.095018 -14.061156 120.843788
v -30.396593 73.500938 106.973312
v -38.699963 67.388138 91.467285
v -42.099754 68.045464 92.299789
v -31.613573 72.834312 108.298813
v -31.560863 74.072990 70.392609
v -42.326099 67.960190 52.602989
v -48.068382 68.617516 52.843285
v -33.625854 73.407913 71.674698
v -27.773499 72.270012 109.557655
v -33.638256 66.795921 97.815735
v -38.699963 67.388138 91.467285
v -30.396593 73.500938 106.973312
v -19.259289 76.334877 111.573036
v -21.042126 77.716187 109.450684
v -8.464600 81.342316 111.483116
v -7.565430 79.809082 113.256653
v -27.866516 73.045151 74.183075
v -35.373035 67.367973 60.148266
v -42.326099 67.960190 52.602989
v -31.560863 74.072990 70.392609
v -18.557007 76.604622 76.440300
v -20.843689 77.795242 73.291656
v -7.475513 80.928391 75.621742
v -6.466272 79.576530 78.305298
v 0.000000 80.447807 113.613220
v -7.565430 79.809082 113.256653
v -8.464600 81.342316 111.483116
v 0.000000 82.109711 111.979210
v -21.042126 77.716187 109.450684
v -19.259289 76.334877 111.573036
v -27.773499 72.270012 109.557655
v -30.396593 73.500938 106.973312
v -20.843689 77.795242 73.291656
v -18.557007 76.604622 76.440300
v -27.866516 73.045151 74.183075
v -31.560863 74.072990 70.392609
v -25.393799 62.157448 143.831528
v -23.107117 67.712151 147.048386
v -25.570532 70.378654 134.946793
v -25.570532 70.378654 134.946793
v -22.263758 69.563194 147.620438
v -29.731518 65.078201 128.167374
v -28.384314 72.085526 122.046814
v -28.384314 72.085526 122.046814
v -35.179249 67.040871 111.069191
v -25.570532 70.378654 134.946793
v -24.798487 72.150635 133.610443
v -22.263758 69.563194 147.620438
v -27.271204 73.779991 121.642189
v -31.613573 72.834312 108.298813
v -30.072582 74.449722 108.948387
v -35.179249 67.040871 111.069191
v -42.099754 68.045464 92.299789
v -28.423071 62.729504 111.450562
v -25.305431 68.467140 112.879929
v -27.759546 71.071632 99.897774
v -33.560741 65.650261 93.591187
v -30.517517 72.718033 86.174583
v -39.982056 67.612923 74.139664
v -27.759546 71.071632 99.897774
v -25.305431 68.467140 112.879929
v -23.759790 70.082542 113.431831
v -25.996862 72.687035 100.534950
v -28.497484 74.333443 86.924927
v -33.625854 73.407913 71.674698
v -31.306616 75.021774 72.563019
v -39.982056 67.612923 74.139664
v -48.068382 68.617516 52.843285
v -23.891565 61.083096 140.822403
v -22.989294 62.934143 141.408417
v -22.263758 69.563194 147.620438
v -23.107117 67.712151 147.048386
v -26.347229 55.528397 137.526489
v -23.891565 61.083096 140.822403
v -23.107117 67.712151 147.048386
v -25.393799 62.157448 143.831528
v -6.210474 78.875801 -296.735382
v 0.000000 79.240120 -297.570984
v 0.000000 77.703781 -297.615936
v -6.517432 77.100716 -296.975677
v -87.357460 -50.956581 -228.127151
v -86.580757 -47.614147 -229.985962
v -62.400841 -51.283691 -231.463394
v -63.417835 -54.398232 -229.494522
v -68.171028 -73.139717 -189.676788
v -70.818932 -74.240425 -191.484436
v -63.417835 -54.398232 -229.494522
v -60.631958 -52.989014 -228.548843
v -89.455002 -69.112061 -186.035156
v -90.017761 -69.095001 -189.879883
v -70.818932 -74.240425 -191.484436
v -70.814278 -73.886963 -187.498627
v -91.031654 52.517723 -29.161011
v -91.414574 54.985790 -25.821678
v -122.418884 46.425072 -61.473770
v -122.527405 43.918251 -64.454979
v -58.001110 59.780846 24.249683
v -61.197815 61.261375 22.252905
v -91.414574 54.985790 -25.821678
v -90.103027 52.665001 -28.359509
v -128.269684 34.692455 -225.683899
v -128.361160 36.850460 -228.217072
v -75.198509 42.963268 -252.018723
v -164.096954 29.151709 -201.052841
v -77.505348 -40.495205 -233.176468
v -66.964905 -42.155567 -233.915955
v -63.917027 -46.000294 -231.018448
v -82.024452 -43.274879 -229.886734
v -37.681419 44.084129 -243.551025
v -39.228611 46.194077 -243.071976
v -38.966614 47.276180 -251.566040
v -37.273693 45.267002 -252.015625
v -77.018555 -36.039661 -227.967484
v -75.102394 -38.704617 -225.928848
v -77.505348 -40.495205 -233.176468
v -79.894348 -38.030239 -234.985657
v -71.395638 -25.356590 -253.167496
v -64.623962 -24.679113 -253.702347
v -63.904625 -27.482042 -256.461853
v -72.567665 -28.550194 -255.869644
v -45.772400 35.331177 -270.943146
v -62.072178 35.120338 -270.853241
v -63.898426 38.740273 -275.437439
v -42.967918 39.740211 -275.536652
v -35.100182 71.767708 40.005306
v -48.142796 65.654907 20.056139
v -55.556297 66.312233 19.651512
v -37.700024 71.101082 41.192837
v -23.657471 0.648022 -224.186310
v -10.692370 -73.521095 -154.148727
v -10.588501 -51.401512 -80.588875
v -23.657471 17.389635 -112.972946
v -1.874304 -81.249306 -154.708389
v -1.798340 -56.257030 -71.569275
v -9.103320 -53.376587 -78.975021
v -9.171533 -75.727165 -153.323975
v -2.133203 -53.948643 -70.608093
v -16.885790 23.724134 -107.171753
v -22.597071 18.581810 -110.738976
v -9.362219 -51.099205 -77.937874
v -16.885790 4.133081 -237.309540
v -2.088245 -80.495865 -157.393494
v -9.321912 -75.021782 -156.021484
v -22.606371 0.956531 -227.767487
v -9.103320 -53.376587 -78.975021
v -10.588501 -51.401512 -80.588875
v -10.692370 -73.521095 -154.148727
v -9.171533 -75.727165 -153.323975
v -22.597071 18.581810 -110.738976
v -23.657471 17.389635 -112.972946
v -10.588501 -51.401512 -80.588875
v -9.362219 -51.099205 -77.937874
v -9.321912 -75.021782 -156.021484
v -10.692370 -73.521095 -154.148727
v -23.657471 0.648022 -224.186310
v -22.606371 0.956531 -227.767487
v -2.088245 -80.495865 -157.393494
v -1.874304 -81.249306 -154.708389
v -9.171533 -75.727165 -153.323975
v -9.321912 -75.021782 -156.021484
v -1.798340 -56.257030 -71.569275
v -2.133203 -53.948643 -70.608093
v -9.362219 -51.099205 -77.937874
v -9.103320 -53.376587 -78.975021
v -46.702576 47.395554 -247.741470
v -69.677917 47.395554 -237.630447
v -67.059471 57.872433 -235.022858
v -45.750694 57.872433 -244.309113
v -69.677917 47.395554 -237.630447
v -89.062782 47.187817 -224.845184
v -86.402473 57.872433 -222.451538
v -67.059471 57.872433 -235.022858
v -19.009691 68.271805 -243.403748
v -21.795568 57.872433 -249.821960
v -45.750694 57.872433 -244.309113
v -42.998924 68.271805 -237.974625
v -21.795568 57.872433 -249.821960
v -22.745897 47.395554 -253.255859
v -46.702576 47.395554 -247.741470
v -45.750694 57.872433 -244.309113
v -50.590710 -4.736145 295.812958
v -49.581470 -3.965650 296.099762
v -49.587669 -3.396692 294.461090
v -51.124012 -4.564062 294.030121
v -50.255848 -6.021338 294.930817
v -50.590710 -4.736145 295.812958
v -51.124012 -4.564062 294.030121
v -50.615513 -6.522082 292.678253
v -49.037315 -6.036840 294.692078
v -50.255848 -6.021338 294.930817
v -50.615513 -6.522082 292.678253
v -48.761364 -6.545337 292.317047
v -48.620289 -4.765601 295.419159
v -49.037315 -6.036840 294.692078
v -48.761364 -6.545337 292.317047
v -48.127293 -4.610571 293.428589
v -49.581470 -3.965650 296.099762
v -48.620289 -4.765601 295.419159
v -48.127293 -4.610571 293.428589
v -49.587669 -3.396692 294.461090
v -50.601562 -4.809009 288.380829
v -49.592319 -4.036963 288.672302
v -49.581470 -3.965650 296.099762
v -50.590710 -4.736145 295.812958
v -50.268250 -6.097302 287.487885
v -50.601562 -4.809009 288.380829
v -50.590710 -4.736145 295.812958
v -50.255848 -6.021338 294.930817
v -49.049717 -6.114356 287.247589
v -50.268250 -6.097302 287.487885
v -50.255848 -6.021338 294.930817
v -49.037315 -6.036840 294.692078
v -48.631138 -4.840015 287.982422
v -49.049717 -6.114356 287.247589
v -49.037315 -6.036840 294.692078
v -48.620289 -4.765601 295.419159
v -49.592319 -4.036963 288.672302
v -48.631138 -4.840015 287.982422
v -48.620289 -4.765601 295.419159
v -49.581470 -3.965650 296.099762
v -102.968910 42.374157 -240.591507
v -102.868141 42.713669 -240.448883
v -101.057396 43.460911 -238.825729
v -101.435669 41.586605 -239.200897
v -159.340652 35.348232 -211.084793
v -159.322052 34.869190 -211.095642
v -158.988739 33.889404 -208.926773
v -159.069351 35.897034 -208.877167
v -102.868141 42.713669 -240.448883
v -103.037117 42.997372 -240.211685
v -101.262032 43.724461 -238.659851
v -101.057396 43.460911 -238.825729
v -103.283615 42.118359 -240.579117
v -102.968910 42.374157 -240.591507
v -101.435669 41.586605 -239.200897
v -101.731773 41.313755 -239.143539
v -159.322052 34.869190 -211.095642
v -159.077103 34.630447 -211.246017
v -158.742249 33.650661 -209.077164
v -158.988739 33.889404 -208.926773
v -159.120514 35.647438 -211.219666
v -159.340652 35.348232 -211.084793
v -159.069351 35.897034 -208.877167
v -158.849213 36.196243 -209.012039
v -11.338842 47.011086 264.427277
v -15.802136 49.679138 251.691605
v -15.710669 48.564480 250.082413
v -11.261328 45.921230 262.912628
v -7.022827 45.629772 270.957092
v -11.338842 47.011086 264.427277
v -11.261328 45.921230 262.912628
v -6.241479 44.343029 270.560211
v -6.641455 46.063854 270.643951
v -6.672461 45.829762 270.986542
v -5.894214 44.544567 270.591217
v -5.745386 45.611172 269.025421
v -20.342943 57.517418 216.548019
v -20.008081 57.804222 216.991409
v -19.308899 57.590279 214.791534
v -19.651514 57.292625 214.348160
v -20.592541 57.012020 217.113876
v -20.342943 57.517418 216.548019
v -20.251476 56.477169 214.478378
v -20.508825 55.960922 215.047333
v -6.672461 45.829762 270.986542
v -7.022827 45.629772 270.957092
v -6.241479 44.343029 270.560211
v -5.894214 44.544567 270.591217
v -6.875549 46.445229 269.789734
v -6.641455 46.063854 270.643951
v -5.745386 45.611172 269.025421
v -5.981030 45.992542 268.169678
v -31.746899 -43.237667 255.037140
v -32.024403 -42.822189 255.168915
v -30.568676 -40.916882 254.302307
v -29.458666 -42.577244 253.778305
v -31.162439 -44.160091 261.229004
v -31.425989 -43.721359 255.463470
v -29.139307 -43.060936 254.204636
v -28.832348 -43.572533 260.920502
v -30.833776 -43.544628 267.937134
v -31.162439 -44.160091 261.229004
v -28.832348 -43.572533 260.920502
v -28.499035 -42.946213 267.757294
v -30.827576 -41.524593 274.459198
v -30.833776 -43.544628 267.937134
v -28.499035 -42.946213 267.757294
v -28.489733 -40.885876 274.406494
v -30.819824 -38.948009 279.393799
v -30.827576 -41.524593 274.459198
v -28.489733 -40.885876 274.406494
v -28.480433 -37.906212 280.113129
v -31.385681 -37.972878 279.441864
v -31.119030 -38.309288 279.654236
v -28.781189 -37.267494 280.372040
v -29.906702 -35.855175 279.486816
v -32.024403 -42.822189 255.168915
v -32.278648 -42.448570 255.844849
v -30.821375 -40.541710 254.978226
v -30.568676 -40.916882 254.302307
v -31.425989 -43.721359 255.463470
v -31.746899 -43.237667 255.037140
v -29.458666 -42.577244 253.778305
v -29.139307 -43.060936 254.204636
v -31.119030 -38.309288 279.654236
v -30.819824 -38.948009 279.393799
v -28.480433 -37.906212 280.113129
v -28.781189 -37.267494 280.372040
v -31.677135 -37.864357 278.720978
v -31.385681 -37.972878 279.441864
v -29.906702 -35.855175 279.486816
v -30.199707 -35.746655 278.767487
v -167.329315 37.983727 -77.353416
v -165.938705 39.044125 -77.238693
v -165.948013 39.828575 -77.889816
v -168.062607 38.219372 -78.061897
v -166.868881 36.213291 -77.703781
v -167.329315 37.983727 -77.353416
v -168.062607 38.219372 -78.061897
v -167.363419 35.523411 -78.598305
v -165.189911 36.191586 -77.798347
v -166.868881 36.213291 -77.703781
v -167.363419 35.523411 -78.598305
v -164.810089 35.490856 -78.742477
v -164.614761 37.941868 -77.508446
v -165.189911 36.191586 -77.798347
v -164.810089 35.490856 -78.742477
v -163.935730 38.155807 -78.300644
v -165.938705 39.044125 -77.238693
v -164.614761 37.941868 -77.508446
v -163.935730 38.155807 -78.300644
v -165.948013 39.828575 -77.889816
v -167.344818 37.884506 -80.308273
v -165.952652 38.946457 -80.192001
v -165.938705 39.044125 -77.238693
v -167.329315 37.983727 -77.353416
v -166.884384 36.109421 -80.663292
v -167.344818 37.884506 -80.308273
v -167.329315 37.983727 -77.353416
v -166.868881 36.213291 -77.703781
v -165.205414 36.086166 -80.759407
v -166.884384 36.109421 -80.663292
v -166.868881 36.213291 -77.703781
v -165.189911 36.191586 -77.798347
v -164.630264 37.841099 -80.466408
v -165.205414 36.086166 -80.759407
v -165.189911 36.191586 -77.798347
v -164.614761 37.941868 -77.508446
v -165.952652 38.946457 -80.192001
v -164.630264 37.841099 -80.466408
v -164.614761 37.941868 -77.508446
v -165.938705 39.044125 -77.238693
v -161.751358 38.861191 -77.353416
v -160.360748 39.921593 -77.238693
v -160.370056 40.706043 -77.889816
v -162.484650 39.096836 -78.061897
v -161.290924 37.090755 -77.703781
v -161.751358 38.861191 -77.353416
v -162.484650 39.096836 -78.061897
v -161.785477 36.400875 -78.598305
v -159.611954 37.069054 -77.798347
v -161.290924 37.090755 -77.703781
v -161.785477 36.400875 -78.598305
v -159.232132 36.368320 -78.742477
v -159.036804 38.819332 -77.508446
v -159.611954 37.069054 -77.798347
v -159.232132 36.368320 -78.742477
v -158.357773 39.033276 -78.300644
v -160.360748 39.921593 -77.238693
v -159.036804 38.819332 -77.508446
v -158.357773 39.033276 -78.300644
v -160.370056 40.706043 -77.889816
v -161.766861 38.761974 -80.308273
v -160.374710 39.823925 -80.192001
v -160.360748 39.921593 -77.238693
v -161.751358 38.861191 -77.353416
v -161.306427 36.986889 -80.663292
v -161.766861 38.761974 -80.308273
v -161.751358 38.861191 -77.353416
v -161.290924 37.090755 -77.703781
v -159.627457 36.963634 -80.759407
v -161.306427 36.986889 -80.663292
v -161.290924 37.090755 -77.703781
v -159.611954 37.069054 -77.798347
v -159.052307 38.718563 -80.466408
v -159.627457 36.963634 -80.759407
v -159.611954 37.069054 -77.798347
v -159.036804 38.819332 -77.508446
v -160.374710 39.823925 -80.192001
v -159.052307 38.718563 -80.466408
v -159.036804 38.819332 -77.508446
v -160.360748 39.921593 -77.238693
v -122.525856 -45.251499 -197.563126
v -122.344467 -44.899582 -197.577087
v -120.037636 -44.172493 -198.308823
v -120.578682 -46.110359 -198.299515
v -122.649879 -45.499546 -197.426712
v -120.651550 -46.377010 -198.170853
v -116.028572 -50.544197 -168.513748
v -118.211388 -49.570614 -168.408325
v -118.158676 -48.804771 -168.208328
v -118.167976 -49.303963 -168.257950
v -115.985168 -50.279099 -168.361816
v -115.943306 -48.186203 -168.154068
v -118.191231 -48.510216 -168.301346
v -115.975868 -47.891647 -168.247086
v -119.963219 -43.882591 -198.173950
v -122.186340 -44.589523 -197.453064
v -122.344467 -44.899582 -197.577087
v -122.186340 -44.589523 -197.453064
v -119.963219 -43.882591 -198.173950
v -120.037636 -44.172493 -198.308823
v -122.649879 -45.499546 -197.426712
v -122.525856 -45.251499 -197.563126
v -120.578682 -46.110359 -198.299515
v -120.651550 -46.377010 -198.170853
v -118.167976 -49.303963 -168.257950
v -118.211388 -49.570614 -168.408325
v -116.028572 -50.544197 -168.513748
v -115.985168 -50.279099 -168.361816
v -118.191231 -48.510216 -168.301346
v -118.158676 -48.804771 -168.208328
v -115.943306 -48.186203 -168.154068
v -115.975868 -47.891647 -168.247086
v 169.938461 38.794533 -85.659889
v 166.707657 41.785046 -86.571457
v 120.088791 54.689686 -64.062752
v 122.418884 51.951866 -61.563686
v 90.070473 63.120178 -28.108360
v 91.819199 60.543591 -25.483715
v 66.589729 68.070259 18.324461
v 67.884224 65.595993 22.248253
v 49.347374 69.774033 73.229645
v 50.307007 67.301315 74.812492
v 37.806995 68.078018 113.960487
v 38.543385 65.616150 115.264282
v 31.443041 63.822464 152.345734
v 32.058506 61.275330 153.875870
v 30.071032 50.519394 217.222397
v 30.658594 47.722668 219.845490
v 31.365526 44.105835 241.320145
v 31.319017 44.454651 232.119156
v 31.979443 41.185085 244.350967
v 32.638317 37.915512 256.536285
v 33.308044 34.484715 277.145874
v 33.959167 31.377928 280.775116
v 160.701813 39.957253 -201.851242
v 163.817902 36.929531 -206.550186
v 128.359604 42.409813 -228.217072
v 125.917892 45.333664 -223.105759
v 73.048256 47.962963 -249.883972
v 71.656090 50.781395 -244.361832
v 31.131433 52.303783 -252.614029
v 51.094555 53.336277 -244.247101
v 30.534571 55.038498 -244.171143
v 10.171472 53.170395 -252.573730
v 9.973035 55.889610 -244.133926
v 33.959167 31.377928 280.775116
v 33.308044 34.484715 277.145874
v 10.576098 24.789185 303.581451
v 10.786939 20.225122 305.579803
v 7.466211 23.567553 306.455719
v 7.616589 18.958532 308.559448
v 4.356323 22.753649 308.373413
v 4.447791 18.113623 310.548492
v 8.332825 -84.126640 267.039520
v 32.638317 37.915512 256.536285
v 33.959167 31.377928 280.775116
v 10.786939 20.225122 305.579803
v 2.526978 -83.393356 282.709869
v 7.616589 18.958532 308.559448
v 1.719275 -83.359245 282.908295
v 4.447791 18.113623 310.548492
v 0.910022 -83.335991 283.040070
v 1.277441 17.690393 311.542206
v 0.000000 -82.205826 283.421448
v 0.000000 17.690393 311.542206
v 0.000000 -83.325142 283.105194
v -1.277441 17.690393 311.542206
v -0.910022 -83.335991 283.040070
v -4.447791 18.113623 310.548492
v -1.719275 -83.359245 282.908295
v -7.618140 18.958532 308.559448
v -2.526978 -83.393356 282.709869
v -10.786939 20.225122 305.579803
v -8.332825 -84.126640 267.039520
v -33.959167 31.377928 280.775116
v -32.639866 37.915512 256.536285
v 163.817902 36.929531 -206.550186
v 163.817902 31.362427 -206.550186
v 128.359604 36.850460 -228.217072
v 128.359604 42.409813 -228.217072
v 75.196960 42.963268 -252.018723
v 73.048256 47.962963 -249.883972
v 73.745888 41.081211 -252.835724
v 69.183372 42.932262 -251.446671
v 66.633141 45.358471 -250.955215
v 38.966614 47.276180 -251.566040
v 31.131433 52.303783 -252.614029
v 37.272144 45.267002 -252.015625
v 32.994884 42.360203 -253.094620
v 31.131433 44.440697 -252.614029
v 10.171472 45.307308 -252.573730
v 10.171472 53.170395 -252.573730
v 45.770847 35.331177 -270.943146
v 62.072178 35.120338 -270.853241
v 65.755676 12.983704 -268.102997
v 53.390537 13.191443 -268.237885
v 67.826866 -0.508496 -264.030396
v 57.354637 0.514697 -264.492371
v 69.967819 -15.185120 -258.085022
v 61.737316 -14.375867 -258.587311
v 71.395638 -25.356590 -253.167496
v 64.623962 -24.679113 -253.702347
v 85.940491 9.872265 -131.463287
v 85.940491 34.680050 -131.463287
v 82.827499 49.730297 -108.548409
v 82.827499 16.110645 -108.548409
v 79.378098 51.975121 -94.370979
v 78.790535 22.428089 -94.370979
v 69.651558 52.358044 -71.287117
v 71.525864 33.508030 -78.483582
v 3.886585 -37.503139 109.734383
v 12.269018 -13.031763 43.020630
v 12.269018 -16.008324 113.755844
v 3.886585 -40.028564 147.811127
v 12.269018 -18.766296 156.967163
v 3.886585 -44.874783 183.181061
v 12.269018 -22.581568 200.059097
v 3.886585 -54.209095 214.980667
v 12.269018 38.977463 250.114960
v 3.886585 -65.811485 242.668900
v 12.269018 32.021301 292.185272
v 3.886585 -77.767342 266.571320
v 28.869555 11.545031 292.504608
v 30.419847 23.398571 282.550201
v 10.321851 21.073132 281.278961
v 9.078515 9.214941 291.228729
v 26.634033 -2.095996 297.924438
v 7.934399 -4.422986 296.651642
v 24.573694 -17.000513 300.646759
v 7.523571 -19.294947 299.327454
v 23.426477 -32.714283 295.885803
v 7.759216 -34.973061 294.523102
v 22.738146 -45.606522 285.019806
v 8.015015 -47.835842 283.646240
v 23.643518 -51.358105 268.172760
v 7.859985 -53.602928 266.808502
v 24.693066 -50.514744 250.504089
v 5.768640 -52.813828 249.150681
v 27.838610 -44.467052 231.123871
v 8.056872 -46.781639 229.837128
v 30.368689 -34.833534 217.596024
v 12.571325 -37.115566 216.420898
v 33.481678 -22.155237 207.852432
v 19.670116 -24.352001 206.830780
v 34.706409 -4.922180 198.428192
v 25.102343 -6.963916 197.608093
v 38.163563 8.644434 189.376038
v 30.424500 6.622851 189.715546
v 42.177269 30.981054 158.038406
v 32.091064 29.157909 158.181046
v 31.990295 34.185509 129.771927
v 42.395863 35.932690 128.268143
v 34.216515 33.371605 90.315414
v 44.250011 35.115685 90.196045
v 37.603905 27.190588 46.518089
v 47.449818 29.285032 46.739780
v 42.414463 5.026050 -0.168982
v 52.232471 7.873938 0.685229
v 48.158298 -17.085779 -27.706835
v 57.915844 -14.124719 -26.570471
v 62.168297 -26.841772 -48.049778
v 51.674366 -30.898888 -49.521008
v 67.121483 -38.822437 -81.895775
v 58.384033 -42.411362 -82.988731
v 70.432907 -44.426743 -113.557411
v 61.943504 -47.561436 -114.405418
v 63.424034 -49.812466 -134.822769
v 73.252892 -46.738235 -134.610382
v 64.813095 -53.379688 -149.000198
v 76.390686 -50.012455 -148.232803
v 67.600525 -62.320225 -169.609802
v 82.650764 -58.473946 -168.738541
v 89.455002 -69.112061 -186.035156
v 70.812729 -73.886963 -187.498627
v 72.228149 -42.372604 -113.366722
v 74.668312 -43.893448 -134.819672
v 73.873009 -41.690479 -135.080124
v 77.892921 -47.280838 -148.745956
v 75.272926 -39.430153 -151.223328
v 84.162300 -55.748531 -169.271835
v 77.900673 -36.993092 -175.040482
v 77.027855 -35.324974 -173.440567
v 91.470383 -67.206749 -187.968369
v 77.550301 -33.481678 -179.105347
v 88.424057 -46.482433 -227.503937
v 87.028793 -41.527699 -227.271393
v 78.945564 -27.709936 -192.932404
v 85.058372 -28.379663 -240.264404
v 80.412148 -17.536913 -210.818130
v 82.404274 -14.090612 -250.683914
v 80.703598 -4.280359 -227.620209
v 79.761024 0.581360 -256.339386
v 93.584984 11.107849 -196.660858
v 92.892006 6.415112 -182.329956
v 93.109047 18.333765 -209.494186
v 78.945564 -27.709936 -192.932404
v 91.226990 7.647595 -170.834534
v 79.778076 11.493873 -240.972885
v 77.530151 18.507397 -255.133255
v 91.675026 28.585852 -220.315231
v 76.634079 40.237854 -250.795547
v 89.382141 42.251682 -228.496124
v 77.916176 -32.751488 -175.435806
v 77.550301 -33.481678 -179.105347
v 77.027855 -35.324974 -173.440567
v 89.000771 7.208862 -150.060608
v 75.272926 -39.430153 -151.223328
v 87.182274 6.793384 -133.906555
v 73.873009 -41.690479 -135.080124
v 84.601036 6.128308 -112.089279
v 88.038033 -1.365808 -112.286171
v 81.030708 -28.835449 -113.010155
v 72.228149 -42.372604 -113.366722
v 68.912071 -36.752796 -81.681831
v 83.751472 2.850989 -80.182701
v 80.137741 10.089306 -79.909851
v 77.395271 -23.677626 -81.187294
v 63.983692 -24.714769 -47.792431
v 77.634018 11.777576 -45.702637
v 73.801697 18.446936 -45.319714
v 72.073120 -12.667443 -47.102551
v 59.745190 -11.851990 -26.258862
v 71.949097 21.699448 -23.679174
v 67.357124 -0.775146 -25.407751
v 53.809116 10.270691 1.102258
v 67.853218 27.832407 -23.207886
v 59.769993 20.860743 2.668054
v 48.693150 31.004309 46.950623
v 69.651558 52.358044 -71.287117
v 57.483311 57.035278 -18.809704
v 51.314697 57.506565 11.566735
v 61.129601 42.093555 5.835302
v 52.700657 38.616249 47.924206
v 45.268555 36.431885 90.137131
v 49.810913 53.951748 49.938034
v 43.408203 58.111183 50.499245
v 47.366100 43.202011 89.916992
v 43.433006 37.216331 127.956528
v 40.067322 56.912804 89.698402
v 32.149975 60.647457 89.687546
v 34.481617 60.244381 115.146461
v 45.764648 43.352390 127.550354
v 38.690662 55.653965 127.186035
v 32.058506 57.844532 153.697586
v 45.155384 39.763466 157.018326
v 43.186512 32.408875 157.860123
v 37.245789 54.306767 156.298981
v 30.636889 54.809055 183.049286
v 30.658594 47.722668 219.845490
v 40.910679 38.301540 222.409683
v 39.062733 47.876144 183.151611
v 42.803589 23.539648 185.965393
v 39.309227 10.974524 188.797775
v 42.309044 17.740002 210.960770
v 42.566395 10.569898 206.967209
v 36.030357 -3.198254 199.353714
v 35.185448 -21.510315 209.367065
v 44.987949 -9.942029 243.471954
v 44.656189 -12.408545 240.619415
v 42.268738 20.260778 213.746643
v 39.062733 47.876144 183.151611
v 44.656189 -12.408545 240.619415
v 38.168213 -18.476391 219.785034
v 31.998047 -33.844444 218.861053
v 41.318409 -15.442468 230.201447
v 35.828819 -30.323730 227.747330
v 29.424561 -43.163254 232.012192
v 39.726257 -24.522533 236.157669
v 43.809727 -16.440857 244.092072
v 33.695618 -37.886059 238.633499
v 26.271265 -49.009411 250.789337
v 38.188366 -30.274118 244.034714
v 42.887302 -20.324339 248.215851
v 31.523657 -41.795895 254.220139
v 25.217066 -49.840366 267.912323
v 36.879917 -33.035194 255.668106
v 42.110607 -22.725744 255.136368
v 30.852381 -41.661022 267.727844
v 24.345800 -44.302723 284.275665
v 36.531101 -32.567005 265.560516
v 41.921471 -22.559864 261.411957
v 30.857031 -36.566761 280.015472
v 25.161255 -31.802708 294.854858
v 37.030296 -28.344007 274.235962
v 42.437717 -19.632910 266.934082
v 32.176331 -26.878979 287.996368
v 26.534815 -16.529222 299.471649
v 38.369751 -21.290174 279.899200
v 43.414402 -15.034741 270.560211
v 34.033581 -15.191321 291.188416
v 28.827698 -2.054138 296.802032
v 40.065769 -12.910839 282.102142
v 44.569370 -9.684681 272.211273
v 36.165234 -4.271057 289.627289
v 31.263208 11.180712 291.537231
v 41.681175 -5.123718 281.344055
v 45.620472 -4.613672 271.952393
v 38.104649 5.416723 285.137634
v 32.984032 22.680784 281.891327
v 43.028381 1.747180 278.031097
v 46.541344 0.172083 270.216064
v 38.320141 16.540075 276.823395
v 43.064037 10.400915 271.753937
v 47.251377 4.260205 266.686035
v 40.910679 38.301540 222.409683
v 32.638317 37.915512 256.536285
v 30.658594 47.722668 219.845490
v 76.703842 -48.352089 -157.272568
v 75.945747 -51.189125 -163.526443
v 113.312462 -51.124008 -168.935425
v 112.690796 -49.685341 -165.067444
v 78.987427 -43.476418 -162.414886
v 115.192970 -46.603355 -167.775803
v 118.185036 -47.800179 -202.412445
v 75.141151 -39.351089 -231.508347
v 75.517868 -31.446142 -235.405777
v 120.625191 -44.059322 -204.640213
v 77.313110 -25.500769 -227.883759
v 120.394203 -41.057957 -200.245132
v 56.294239 53.447899 -5.266345
v 51.125561 61.867542 -3.502112
v 52.920799 58.766956 0.985986
v 61.669102 44.546116 -2.861841
v 60.712574 47.744373 -7.157702
v 72.156837 36.687683 -17.240808
v 74.110207 33.134411 -13.459644
v 83.945259 25.468212 -33.548340
v 86.134277 21.775415 -30.334581
v 94.950790 13.244152 -56.038441
v 97.133606 9.276954 -53.381237
v 104.221542 1.767334 -84.321983
v 106.373352 -2.581238 -82.281799
v 111.275375 -5.593457 -115.845642
v 113.234947 -10.267591 -114.450378
v 116.327782 -6.892602 -147.115051
v 117.924583 -11.789978 -146.434464
v 119.020638 -2.420007 -175.852829
v 120.220566 -7.397998 -176.291565
v 116.888985 6.281787 -199.976944
v 117.557167 1.571997 -202.010925
v 108.692589 18.057812 -217.935532
v 108.598022 14.082861 -221.481049
v 98.593979 33.211926 -229.520874
v 97.535133 29.931505 -234.165543
v 77.114670 42.676464 -234.830627
v 84.847534 35.453648 -237.337448
v 89.537170 42.082699 -233.461716
v 72.187843 48.744308 -237.056839
v 75.353539 47.104099 -241.523239
v 105.024597 35.786961 -234.478714
v 102.765816 36.238094 -230.145645
v 113.262856 21.637440 -218.129318
v 105.024597 35.786961 -234.478714
v 117.013008 20.615795 -221.890335
v 121.429794 10.131165 -200.502487
v 125.711708 8.539014 -202.934891
v 123.451378 1.723926 -176.640381
v 128.234024 0.010852 -177.716278
v 120.477913 -2.602942 -147.846786
v 125.514816 -4.077271 -147.753769
v 114.997627 -1.117761 -116.264221
v 120.056236 -2.122351 -115.203819
v 107.562424 6.534484 -84.566933
v 112.458252 6.123657 -82.734482
v 97.941307 18.304310 -56.247730
v 102.548775 18.508947 -53.785862
v 86.459839 30.849279 -33.587093
v 90.684387 31.667835 -30.464806
v 74.096252 42.501282 -16.916796
v 77.627815 43.913597 -12.957348
v 62.163647 53.995152 -6.579443
v 64.388313 56.008984 -1.644861
v 57.066284 60.467625 -4.920630
v 52.954906 64.358864 -3.475757
v 56.413609 63.510853 1.051099
v 77.114670 42.676464 -234.830627
v 71.032875 47.040539 -236.816544
v 70.302681 46.632809 -236.804153
v 89.537170 42.082699 -233.461716
v 72.187843 48.744308 -237.056839
v 98.593979 33.211926 -229.520874
v 77.114670 42.676464 -234.830627
v 89.537170 42.082699 -233.461716
v 102.765816 36.238094 -230.145645
v 108.692589 18.057812 -217.935532
v 113.262856 21.637440 -218.129318
v 116.888985 6.281787 -199.976944
v 121.429794 10.131165 -200.502487
v 119.020638 -2.420007 -175.852829
v 123.451378 1.723926 -176.640381
v 116.327782 -6.892602 -147.115051
v 120.477913 -2.602942 -147.846786
v 111.275375 -5.593457 -115.845642
v 114.997627 -1.117761 -116.264221
v 104.221542 1.767334 -84.321983
v 107.562424 6.534484 -84.566933
v 94.950790 13.244152 -56.038441
v 97.941307 18.304310 -56.247730
v 83.945259 25.468212 -33.548340
v 86.459839 30.849279 -33.587093
v 72.156837 36.687683 -17.240808
v 74.096252 42.501282 -16.916796
v 60.712574 47.744373 -7.157702
v 62.163647 53.995152 -6.579443
v 56.294239 53.447899 -5.266345
v 57.066284 60.467625 -4.920630
v 52.954906 64.358864 -3.475757
v 51.125561 61.867542 -3.502112
v 30.419847 23.398571 282.550201
v 32.984032 22.680784 281.891327
v 32.638317 37.915512 256.536285
v 31.263208 11.180712 291.537231
v 28.869555 11.545031 292.504608
v 28.827698 -2.054138 296.802032
v 26.634033 -2.095996 297.924438
v 26.534815 -16.529222 299.471649
v 24.573694 -17.000513 300.646759
v 25.161255 -31.802708 294.854858
v 23.426477 -32.714283 295.885803
v 24.345800 -44.302723 284.275665
v 22.738146 -45.606522 285.019806
v 25.217066 -49.840366 267.912323
v 23.643518 -51.358105 268.172760
v 26.271265 -49.009411 250.789337
v 24.693066 -50.514744 250.504089
v 29.424561 -43.163254 232.012192
v 27.838610 -44.467052 231.123871
v 31.998047 -33.844444 218.861053
v 30.368689 -34.833534 217.596024
v 35.185448 -21.510315 209.367065
v 33.481678 -22.155237 207.852432
v 36.030357 -3.198254 199.353714
v 34.706409 -4.922180 198.428192
v 39.309227 10.974524 188.797775
v 38.163563 8.644434 189.376038
v 43.186512 32.408875 157.860123
v 42.177269 30.981054 158.038406
v 43.433006 37.216331 127.956528
v 42.395863 35.932690 128.268143
v 45.268555 36.431885 90.137131
v 44.250011 35.115685 90.196045
v 48.693150 31.004309 46.950623
v 47.449818 29.285032 46.739780
v 53.809116 10.270691 1.102258
v 52.232471 7.873938 0.685229
v 59.745190 -11.851990 -26.258862
v 57.915844 -14.124719 -26.570471
v 63.983692 -24.714769 -47.792431
v 62.168297 -26.841772 -48.049778
v 68.912071 -36.752796 -81.681831
v 67.121483 -38.822437 -81.895775
v 72.228149 -42.372604 -113.366722
v 70.432907 -44.426743 -113.557411
v 74.668312 -43.893448 -134.819672
v 73.252892 -46.738235 -134.610382
v 77.892921 -47.280838 -148.745956
v 76.390686 -50.012455 -148.232803
v 84.162300 -55.748531 -169.271835
v 82.650764 -58.473946 -168.738541
v 91.470383 -67.206749 -187.968369
v 89.455002 -69.112061 -186.035156
v 90.016212 -69.095001 -189.879883
v 44.656189 -12.408545 240.619415
v 44.987949 -9.942029 243.471954
v 44.175598 -13.890625 246.871750
v 43.809727 -16.440857 244.092072
v 43.367893 -17.101280 250.256042
v 42.887302 -20.324339 248.215851
v 42.699718 -19.031395 255.731674
v 42.110607 -22.725744 255.136368
v 42.512135 -18.930626 260.399597
v 41.921471 -22.559864 261.411957
v 42.860950 -16.803625 264.422607
v 42.437717 -19.632910 266.934082
v 43.591137 -13.357325 267.127869
v 43.414402 -15.034741 270.560211
v 44.504261 -9.267652 268.378967
v 44.569370 -9.684681 272.211273
v 45.378624 -5.374865 268.177429
v 45.620472 -4.613672 271.952393
v 46.186329 -1.727026 266.859680
v 46.541344 0.172083 270.216064
v 46.880859 1.601453 264.004028
v 47.251377 4.260205 266.686035
v 40.264210 43.338436 191.823944
v 38.315491 40.614574 195.747742
v 40.109180 20.552233 214.751236
v 42.268738 20.260778 213.746643
v 43.267124 -9.666077 244.498245
v 44.987949 -9.942029 243.471954
v 44.987949 -9.942029 243.471954
v 43.267124 -9.666077 244.498245
v 42.515232 -13.588318 247.873245
v 44.175598 -13.890625 246.871750
v 41.780396 -16.572632 251.012589
v 43.367893 -17.101280 250.256042
v 46.186329 -1.727026 266.859680
v 44.143040 -2.906799 265.817871
v 44.787964 0.168982 263.185486
v 46.880859 1.601453 264.004028
v 39.546421 36.752792 217.409988
v 41.780396 38.427109 217.915375
v 44.682545 86.118774 -205.595200
v 46.725830 88.744972 -208.801208
v 59.004150 88.740318 -199.521149
v 56.461670 86.118774 -196.701172
v 68.560158 88.734116 -188.041229
v 65.623901 86.118774 -185.695633
v 75.359741 88.020981 -174.921097
v 72.127380 89.312378 -119.563248
v 67.907478 88.717056 -108.677094
v 68.588058 86.118774 -120.104294
v 64.949524 86.118767 -109.590210
v 59.738987 88.718605 -90.434799
v 57.111240 86.118767 -92.093605
v 50.120972 88.718613 -72.322716
v 47.883900 86.118774 -74.724113
v 39.588280 88.721718 -55.247787
v 37.782188 86.118774 -58.349926
v 46.725830 88.744972 -208.801208
v 28.140917 88.748070 -216.730957
v 28.226183 89.684448 -216.244156
v 46.367710 89.679794 -208.444641
v 59.004150 88.740318 -199.521149
v 58.549915 89.676697 -199.212646
v 68.560158 88.734116 -188.041229
v 68.019104 89.679794 -187.780777
v 75.359741 88.020981 -174.921097
v 73.868355 88.979065 -175.443558
v 67.907478 88.717056 -108.677094
v 72.127380 89.312378 -119.563248
v 69.818993 89.723206 -116.313835
v 67.206749 89.729401 -108.754608
v 59.738987 88.718605 -90.434799
v 59.106468 89.735596 -90.637886
v 50.120972 88.718613 -72.322716
v 49.587669 89.738708 -72.674637
v 39.588280 88.721718 -55.247787
v 39.177452 89.732506 -55.753185
v 28.548645 88.727913 -40.484348
v 28.277344 89.712349 -41.095165
v 17.262512 88.743416 -29.495872
v 17.127636 89.667397 -30.092735
v 5.874060 88.765121 -23.597008
v 5.838403 89.619331 -24.100853
v 0.000000 88.765121 -23.597008
v 0.000000 89.619331 -24.100853
v -5.838403 89.619331 -24.100853
v -5.874060 88.765121 -23.597008
v -17.129187 89.667397 -30.092735
v -17.264063 88.743416 -29.495872
v -28.277344 89.712349 -41.095165
v -28.548645 88.727913 -40.484348
v -39.179005 89.732506 -55.753185
v -39.588280 88.721718 -55.247787
v -49.587669 89.738708 -72.674637
v -50.120972 88.718613 -72.322716
v -59.108021 89.735596 -90.637886
v -59.740540 88.718605 -90.434799
v -67.208298 89.729401 -108.754608
v -67.907478 88.717056 -108.677094
v -69.818993 89.723206 -116.313835
v -72.128929 89.312378 -119.563248
v 18.978685 98.221909 -241.920120
v 13.713891 100.869812 -247.795731
v 22.032763 100.869812 -244.594376
v 23.880713 100.148926 -242.368149
v 20.935156 97.417313 -239.441193
v 25.623241 86.098625 -212.799408
v 28.140917 88.748070 -216.730957
v 46.725830 88.744972 -208.801208
v 44.682545 86.118774 -205.595200
v 20.935156 97.417313 -239.441193
v 25.623241 86.098625 -212.799408
v 24.587646 77.803001 -231.052567
v 18.733740 88.484512 -265.436493
v 23.730333 71.480911 -238.464508
v 16.676500 85.041313 -274.442169
v 16.676500 78.251038 -289.648987
v 27.041759 42.771030 -250.004898
v 24.088451 101.669762 -240.865921
v 24.510132 104.544006 -225.976898
v 28.226183 89.684448 -216.244156
v 24.703918 107.363991 -208.539200
v 28.626160 96.181725 -197.916595
v 24.586096 109.763840 -187.617996
v 28.914515 98.879234 -185.042969
v 24.452770 111.954407 -168.523041
v 29.481920 101.032593 -172.139877
v 29.481920 101.032593 -172.139877
v 24.452770 111.954407 -168.523041
v 27.278955 112.303223 -160.529724
v 33.432068 101.274437 -164.479874
v 29.198217 112.343529 -153.458832
v 36.397778 101.274437 -156.537735
v 29.675707 112.379189 -146.062393
v 37.763584 101.274437 -147.649902
v 28.826147 112.422592 -138.543472
v 37.579102 101.274437 -138.044281
v 26.609228 112.472206 -131.032303
v 35.673790 101.274437 -127.985992
v 23.761339 112.521812 -123.606407
v 32.867760 101.274437 -117.777313
v 20.549133 112.484604 -116.168098
v 28.838549 101.274429 -106.609001
v 19.143017 111.084686 -106.991913
v 20.670055 109.156120 -104.838570
v 17.577221 108.884819 -92.102913
v 27.926977 99.987686 -94.601982
v 19.229834 106.767120 -89.180611
v 26.399939 101.917801 -96.755341
v 13.673584 107.322128 -75.187660
v 24.555090 99.941185 -79.761024
v 15.428515 104.705238 -71.558426
v 26.207703 97.823486 -76.837173
v 7.619690 107.357788 -66.693604
v 19.386414 98.798622 -63.369774
v 8.929688 104.542458 -62.963596
v 21.141344 96.181725 -59.740536
v 1.742529 107.332985 -61.976059
v 11.509375 98.997055 -55.616760
v 2.392102 104.599815 -58.487900
v 12.819372 96.181725 -51.886753
v 0.000000 104.590515 -58.475498
v 3.740857 98.916443 -51.234081
v 0.000000 107.342285 -61.986912
v 4.390429 96.181725 -47.744370
v -1.744080 107.332985 -61.976059
v 0.000000 96.181725 -47.744370
v -2.392102 104.599815 -58.487900
v 0.000000 98.942795 -51.266636
v -8.931237 104.542458 -62.963596
v -3.742407 98.916443 -51.234081
v -7.621240 107.357788 -66.693604
v -4.390429 96.181725 -47.744370
v -15.428515 104.705238 -71.558426
v -12.819372 96.181725 -51.886753
v -13.675134 107.322128 -75.187660
v -11.510925 98.997055 -55.616760
v -19.231384 106.767120 -89.180611
v -21.141344 96.181725 -59.740536
v -17.578772 108.884819 -92.102913
v -19.387964 98.798622 -63.369774
v -20.671606 109.156120 -104.838570
v -26.209253 97.823486 -76.837173
v -24.556641 99.941185 -79.761024
v -19.144567 111.084686 -106.991913
v -27.928528 99.987686 -94.601982
v -26.401489 101.917801 -96.755341
v -28.840099 101.274429 -106.609001
v -20.550684 112.484604 -116.168098
v -32.869312 101.274437 -117.777313
v -23.762890 112.521812 -123.606407
v -35.673790 101.274437 -127.985992
v -26.609228 112.472206 -131.032303
v -37.579102 101.274437 -138.044281
v -28.826147 112.422592 -138.543472
v -37.765137 101.274437 -147.649902
v -29.677258 112.379189 -146.062393
v -36.397778 101.274437 -156.537735
v -29.199768 112.343529 -153.458832
v -33.432068 101.274437 -164.479874
v -27.280504 112.303223 -160.529724
v -29.483471 101.032593 -172.139877
v -24.452770 111.954407 -168.523041
v 20.935156 97.417313 -239.441193
v 18.733740 88.484512 -265.436493
v 16.938501 89.721649 -266.699982
v 18.978685 98.221909 -241.920120
v 15.560290 86.625710 -274.473175
v 18.733740 88.484512 -265.436493
v 16.676500 85.041313 -274.442169
v 15.560290 79.835434 -289.679993
v 16.676500 78.251038 -289.648987
v 24.510132 104.544006 -225.976898
v 24.088451 101.669762 -240.865921
v 22.231201 102.479019 -243.140198
v 22.671484 106.987267 -220.536926
v 24.703918 107.363991 -208.539200
v 22.697840 108.574768 -210.887894
v 24.586096 109.763840 -187.617996
v 22.438940 111.810226 -183.072540
v 24.452770 111.954407 -168.523041
v 22.283911 113.338821 -169.291992
v 25.452709 113.769798 -158.422882
v 27.278955 112.303223 -160.529724
v 29.198217 112.343529 -153.458832
v 27.058813 113.819412 -151.620193
v 29.675707 112.379189 -146.062393
v 27.207642 113.887619 -144.553955
v 28.826147 112.422592 -138.543472
v 26.114685 113.962036 -137.540436
v 26.609228 112.472206 -131.032303
v 23.886913 114.016296 -130.759445
v 23.761339 112.521812 -123.606407
v 21.260717 114.036453 -124.203270
v 20.549133 112.484604 -116.168098
v 18.296556 114.059708 -117.595917
v 19.143017 111.084686 -106.991913
v 16.912146 113.047356 -109.484787
v 17.577221 108.884819 -92.102913
v 15.578894 110.897095 -96.172424
v 13.673584 107.322128 -75.187660
v 12.430249 108.956139 -79.175011
v 7.619690 107.357788 -66.693604
v 6.956164 108.722046 -70.023636
v 1.742529 107.332985 -61.976059
v 1.457275 108.611977 -64.944878
v 0.000000 107.342285 -61.986912
v 0.000000 108.604225 -64.901466
v -1.457275 108.611977 -64.944878
v -1.744080 107.332985 -61.976059
v -6.957715 108.722046 -70.023636
v -7.621240 107.357788 -66.693604
v -12.430249 108.956139 -79.175011
v -13.675134 107.322128 -75.187660
v -15.578894 110.897095 -96.172424
v -17.578772 108.884819 -92.102913
v -16.912146 113.047356 -109.484787
v -19.144567 111.084686 -106.991913
v -18.296556 114.059708 -117.595917
v -20.550684 112.484604 -116.168098
v -21.260717 114.036453 -124.203270
v -23.762890 112.521812 -123.606407
v -23.886913 114.016296 -130.759445
v -26.609228 112.472206 -131.032303
v -26.116236 113.962036 -137.540436
v -28.826147 112.422592 -138.543472
v -27.209192 113.887619 -144.553955
v -29.677258 112.379189 -146.062393
v -27.060364 113.819412 -151.620193
v -29.199768 112.343529 -153.458832
v -25.452709 113.769798 -158.422882
v -27.280504 112.303223 -160.529724
v -24.452770 111.954407 -168.523041
v -22.283911 113.338821 -169.291992
v -22.438940 111.810226 -183.072540
v -24.587646 109.763840 -187.617996
v -22.699389 108.574768 -210.887894
v -24.705469 107.363991 -208.539200
v -22.673035 106.987267 -220.536926
v -24.510132 104.544006 -225.976898
v -22.231201 102.479019 -243.140198
v -24.090002 101.669762 -240.865921
v 22.696289 99.941185 -79.761024
v 24.541138 101.917801 -96.755341
v 18.811255 109.156120 -104.838570
v 17.371033 106.767120 -89.180611
v 17.527613 98.798622 -64.468933
v 13.569715 104.705238 -72.659134
v 9.650574 98.997055 -58.210400
v 7.070886 104.542458 -65.557243
v 1.882056 98.916443 -53.827721
v 0.533301 104.599815 -61.081539
v 0.000000 98.928841 -53.843224
v 0.000000 104.598267 -61.079990
v -0.533301 104.599815 -61.081539
v -1.883606 98.916443 -53.827721
v -7.072436 104.542458 -65.557243
v -9.652123 98.997055 -58.210400
v -13.569715 104.705238 -72.659134
v -17.529161 98.798622 -64.468933
v -17.372583 106.767120 -89.180611
v -22.697840 99.941185 -79.761024
v -18.812805 109.156120 -104.838570
v -24.542688 101.917801 -96.755341
v 18.811255 109.156120 -104.838570
v 20.670055 109.156120 -104.838570
v 19.229834 106.767120 -89.180611
v 17.371033 106.767120 -89.180611
v 15.428515 104.705238 -71.558426
v 13.569715 104.705238 -72.659134
v 8.929688 104.542458 -62.963596
v 7.070886 104.542458 -65.557243
v 2.392102 104.599815 -58.487900
v 0.533301 104.599815 -61.081539
v 0.000000 104.590515 -58.475498
v 0.000000 104.598267 -61.079990
v -0.533301 104.599815 -61.081539
v -2.392102 104.599815 -58.487900
v -7.072436 104.542458 -65.557243
v -8.931237 104.542458 -62.963596
v -13.569715 104.705238 -72.659134
v -15.428515 104.705238 -71.558426
v -17.372583 106.767120 -89.180611
v -19.231384 106.767120 -89.180611
v -18.812805 109.156120 -104.838570
v -20.671606 109.156120 -104.838570
v 20.670055 109.156120 -104.838570
v 18.811255 109.156120 -104.838570
v 24.541138 101.917801 -96.755341
v 26.399939 101.917801 -96.755341
v 22.696289 99.941185 -79.761024
v 24.555090 99.941185 -79.761024
v 17.527613 98.798622 -64.468933
v 19.386414 98.798622 -63.369774
v 9.650574 98.997055 -58.210400
v 11.509375 98.997055 -55.616760
v 1.882056 98.916443 -53.827721
v 3.740857 98.916443 -51.234081
v 0.000000 98.942795 -51.266636
v 0.000000 98.928841 -53.843224
v -1.883606 98.916443 -53.827721
v -3.742407 98.916443 -51.234081
v -11.510925 98.997055 -55.616760
v -9.652123 98.997055 -58.210400
v -19.387964 98.798622 -63.369774
v -17.529161 98.798622 -64.468933
v -24.556641 99.941185 -79.761024
v -22.697840 99.941185 -79.761024
v -26.401489 101.917801 -96.755341
v -24.542688 101.917801 -96.755341
v -20.671606 109.156120 -104.838570
v -18.812805 109.156120 -104.838570
v 17.789612 40.952538 -268.499878
v 10.472229 68.775642 -295.253296
v 11.252027 68.265602 -294.636261
v 0.000000 40.887424 -269.698273
v 0.000000 68.318306 -296.846985
v -10.473779 68.775642 -295.253296
v -17.791162 40.952538 -268.499878
v -11.252027 68.265602 -294.636261
v 44.791065 36.005554 -164.982178
v 46.457630 11.163660 -140.472046
v 34.213413 -19.632910 -240.039612
v 31.300415 7.184057 -267.853424
v 31.587219 59.903320 -188.642746
v 21.893236 37.624062 -267.969696
v 12.284521 71.652992 -301.812592
v 27.454138 76.683693 -202.342682
v 16.205212 93.899696 -220.512115
v 11.496972 72.145981 -302.468353
v 15.281238 94.481056 -221.188049
v 0.000000 97.398705 -225.761414
v 0.000000 72.445190 -305.643341
v -11.496972 72.145981 -302.468353
v -15.281238 94.481056 -221.188049
v -16.206762 93.899696 -220.512115
v -12.286072 71.652992 -301.812592
v -27.454138 76.683693 -202.342682
v -31.587219 59.903320 -188.642746
v -21.894787 37.624062 -267.969696
v -31.301966 7.184057 -267.853424
v -44.792614 36.005554 -164.982178
v -34.214966 -19.632910 -240.039612
v -46.459179 11.163660 -140.472046
v 78.764183 87.938820 -183.585693
v 69.691872 68.419083 -186.737442
v 61.078442 72.313416 -183.142303
v 70.625145 91.619217 -180.188995
v 53.671143 75.590736 -176.552017
v 63.653477 94.716698 -173.959915
v 48.031178 77.985939 -167.499847
v 58.380932 96.980125 -165.403854
v 44.623631 79.303680 -156.719116
v 55.238487 98.225014 -155.213776
v 43.775623 79.438560 -145.082611
v 54.523804 98.353683 -144.217545
v 45.620472 78.379707 -133.534485
v 56.351597 97.352196 -133.301941
v 50.077564 76.210846 -123.009544
v 60.636608 95.302711 -123.355270
v 56.825989 73.110260 -114.360458
v 67.070320 92.371109 -115.180573
v 65.332443 69.327545 -108.287964
v 75.142700 88.796120 -109.441391
v 74.888451 65.169662 -105.285042
v 84.185555 84.867676 -106.602791
v 78.886658 64.222435 -187.045944
v 87.475281 83.971619 -183.877151
v 96.127464 80.043175 -181.038559
v 87.996178 60.064552 -184.041473
v 104.069618 76.468201 -175.299377
v 96.342957 56.281837 -177.968979
v 110.672310 73.536598 -167.124680
v 103.271217 53.181252 -169.319901
v 115.374352 71.487106 -157.176453
v 108.184090 51.013935 -158.794952
v 117.733894 70.485619 -146.262390
v 110.622704 49.953537 -147.246826
v 110.314194 50.088413 -135.611877
v 117.496704 70.612740 -135.264603
v 114.625557 71.859177 -125.076088
v 107.222908 51.406166 -124.831139
v 109.334412 74.122604 -116.520020
v 101.573647 53.801369 -115.777428
v 102.057335 77.220085 -110.290939
v 93.834579 57.078686 -109.187134
v 93.423752 80.900482 -106.892700
v 84.673897 60.973022 -105.592003
v 84.185555 84.867676 -106.602791
v 74.888451 65.169662 -105.285042
v 79.782722 87.455124 -178.323990
v 78.764183 87.938820 -183.585693
v 70.625145 91.619217 -180.188995
v 72.728889 90.631676 -175.392395
v 63.653477 94.716698 -173.959915
v 66.695152 93.302834 -170.017532
v 58.380932 96.980125 -165.403854
v 62.148144 95.256203 -162.636581
v 55.238487 98.225014 -155.213776
v 59.455284 96.330551 -153.844864
v 54.523804 98.353683 -144.217545
v 58.866173 96.440628 -144.357071
v 56.351597 97.352196 -133.301941
v 60.475376 95.577110 -134.940598
v 60.636608 95.302711 -123.355270
v 64.192978 93.809776 -126.358185
v 67.070320 92.371109 -115.180573
v 69.750778 91.279701 -119.305901
v 75.142700 88.796120 -109.441391
v 76.708496 88.196167 -114.354263
v 84.185555 84.867676 -106.602791
v 84.490967 84.805679 -111.904793
v 87.475281 83.971619 -183.877151
v 87.335754 84.033630 -178.575150
v 94.826767 80.643143 -176.125687
v 96.127464 80.043175 -181.038559
v 101.686813 77.559608 -171.174042
v 104.069618 76.468201 -175.299377
v 107.371742 75.029526 -164.121765
v 110.672310 73.536598 -167.124680
v 111.399399 73.262192 -155.539337
v 115.374352 71.487106 -157.176453
v 113.402382 72.398674 -146.121307
v 117.733894 70.485619 -146.262390
v 117.496704 70.612740 -135.264603
v 113.169838 72.508751 -136.633514
v 110.680061 73.583099 -127.843361
v 114.625557 71.859177 -125.076088
v 106.117554 75.536469 -120.460861
v 109.334412 74.122604 -116.520020
v 99.857468 78.207626 -115.087547
v 102.057335 77.220085 -110.290939
v 92.434669 81.384178 -112.155945
v 93.423752 80.900482 -106.892700
v 84.490967 84.805679 -111.904793
v 84.185555 84.867676 -106.602791
v 84.253769 84.025879 -113.943428
v 84.490967 84.805679 -111.904793
v 92.434669 81.384178 -112.155945
v 91.710678 80.809013 -114.179077
v 99.857468 78.207626 -115.087547
v 98.677696 77.824699 -116.933945
v 106.117554 75.536469 -120.460861
v 104.556404 75.313225 -121.986351
v 110.680061 73.583099 -127.843361
v 108.846069 73.477684 -128.923904
v 113.169838 72.508751 -136.633514
v 111.193214 72.466888 -137.186966
v 113.402382 72.398674 -146.121307
v 111.422653 72.364571 -146.104263
v 111.399399 73.262192 -155.539337
v 109.554550 73.175377 -154.954880
v 107.371742 75.029526 -164.121765
v 105.779587 74.837288 -163.022598
v 101.686813 77.559608 -171.174042
v 100.443481 77.213890 -169.650101
v 94.826767 80.643143 -176.125687
v 93.992714 80.112938 -174.304092
v 87.335754 84.033630 -178.575150
v 86.945076 83.300346 -176.607819
v 79.782722 87.455124 -178.323990
v 79.833885 86.515648 -176.370621
v 72.728889 90.631676 -175.392395
v 73.190880 89.501511 -173.615753
v 66.695152 93.302834 -170.017532
v 67.512154 92.012985 -168.564896
v 62.148144 95.256203 -162.636581
v 63.236450 93.848534 -161.625793
v 59.455284 96.330551 -153.844864
v 60.709473 94.857773 -153.364273
v 58.866173 96.440628 -144.357071
v 60.165318 94.961647 -144.445450
v 60.475376 95.577110 -134.940598
v 61.684605 94.149292 -135.594818
v 64.192978 93.809776 -126.358185
v 65.185165 92.487381 -127.528656
v 69.750778 91.279701 -119.305901
v 70.411201 90.110779 -120.899605
v 76.708496 88.196167 -114.354263
v 76.947243 87.211731 -116.245613
v 84.490967 84.805679 -111.904793
v 84.253769 84.025879 -113.943428
v 83.379402 80.784210 -124.459068
v 84.253769 84.025879 -113.943428
v 91.710678 80.809013 -114.179077
v 88.332588 78.632408 -124.617195
v 98.677696 77.824699 -116.933945
v 92.963318 76.635628 -126.460495
v 104.556404 75.313225 -121.986351
v 96.877808 74.953560 -129.840134
v 108.846069 73.477684 -128.923904
v 99.748947 73.725731 -134.481705
v 111.193214 72.466888 -137.186966
v 101.341103 73.049797 -140.010056
v 111.422653 72.364571 -146.104263
v 101.534889 72.981590 -145.977127
v 109.554550 73.175377 -154.954880
v 100.330307 73.524193 -151.897705
v 105.779587 74.837288 -163.022598
v 97.845192 74.635750 -157.295822
v 100.443481 77.213890 -169.650101
v 94.293465 76.226349 -161.729660
v 93.992714 80.112938 -174.304092
v 89.972801 78.165764 -164.844193
v 86.945076 83.300346 -176.607819
v 85.227356 80.298973 -166.385193
v 79.833885 86.515648 -176.370621
v 80.427650 82.449234 -166.227066
v 73.190880 89.501511 -173.615753
v 75.942650 84.447563 -164.383759
v 67.512154 92.012985 -168.564896
v 72.118080 86.128075 -161.004120
v 63.236450 93.848534 -161.625793
v 69.251587 87.355911 -156.360992
v 60.709473 94.857773 -153.364273
v 67.578819 88.031837 -150.832657
v 60.165318 94.961647 -144.445450
v 67.243958 88.100052 -144.867126
v 61.684605 94.149292 -135.594818
v 68.291954 87.557449 -138.945007
v 65.185165 92.487381 -127.528656
v 70.656151 86.445885 -133.548431
v 70.411201 90.110779 -120.899605
v 74.158264 84.855286 -129.113052
v 76.947243 87.211731 -116.245613
v 78.517685 82.915871 -125.998512
v 84.253769 84.025879 -113.943428
v 83.379402 80.784210 -124.459068
v 85.435097 88.281433 -157.312881
v 81.407433 83.518936 -160.123550
v 76.786011 85.452148 -157.812073
v 80.773361 90.236351 -154.981232
v 89.151146 91.124672 -152.381393
v 84.594833 93.045486 -150.100906
v 88.760475 91.487442 -138.434952
v 93.324532 89.541824 -140.724747
v 93.110596 85.340530 -135.906433
v 88.436462 87.343506 -133.557739
v 91.102966 79.754814 -133.154663
v 86.464485 81.745399 -130.824570
v 89.151146 91.124672 -152.381393
v 90.171242 92.616051 -153.165848
v 85.845924 89.355789 -158.946884
v 85.435097 88.281433 -157.312881
v 81.308212 84.024330 -162.157547
v 81.407433 83.518936 -160.123550
v 94.788010 90.870422 -140.262756
v 93.324532 89.541824 -140.724747
v 93.110596 85.340530 -135.906433
v 94.572517 86.019554 -134.602631
v 91.102966 79.754814 -133.154663
v 92.344749 79.739311 -131.460190
v 87.027245 82.026001 -128.787491
v 86.464485 81.745399 -130.824570
v 88.436462 87.343506 -133.557739
v 89.217812 88.315536 -131.912872
v 88.760475 91.487442 -138.434952
v 89.544922 93.105942 -137.630356
v 84.937447 94.820572 -150.544296
v 84.594833 93.045486 -150.100906
v 80.773361 90.236351 -154.981232
v 80.508263 91.592857 -156.277283
v 76.786011 85.452148 -157.812073
v 76.013962 86.236595 -159.511185
v 82.238388 95.715088 -167.865723
v 86.205589 87.856651 -149.180038
v 87.069099 85.397888 -150.493134
v 83.080200 93.226868 -169.166412
v 84.645996 83.777832 -149.728836
v 80.669495 91.586655 -168.451736
v 82.270943 85.236656 -147.916550
v 78.320801 93.064087 -166.678192
v 83.227478 87.757431 -147.567734
v 79.283531 95.615868 -166.306122
v 86.205589 87.856651 -149.180038
v 82.238388 95.715088 -167.865723
v 81.302010 91.133972 -165.315491
v 79.754822 92.104454 -164.146561
v 82.891060 92.209877 -165.794525
v 82.331406 93.845436 -164.934113
v 80.387337 93.780319 -163.906265
v 6.536035 -46.381664 81.151634
v 4.695837 -46.406471 109.545250
v 0.479041 -43.116749 108.593369
v 0.479041 -41.840858 85.132790
v 7.458459 -46.367714 64.847206
v 0.479041 -41.794350 68.970985
v 9.493994 -46.341358 35.445900
v 0.479041 -42.895054 35.264511
v 9.692431 -46.332054 22.263756
v 0.479041 -42.864048 22.445141
v 10.222631 -46.307251 -12.893787
v 0.479041 -42.781883 -13.075171
v 0.479041 -42.750877 -25.896093
v 10.421069 -46.299500 -26.077478
v 0.479041 -42.699722 -54.979588
v 8.934339 -46.285545 -55.477230
v 0.479041 -42.670261 -71.141396
v 8.210351 -46.277794 -71.783211
v 0.479041 -42.633057 -99.223396
v 6.381006 -46.265392 -100.175278
v 9.655225 -41.488941 81.151634
v 6.536035 -46.381664 81.151634
v 31.052368 -47.477722 76.582924
v 19.288744 -42.194324 81.151634
v 36.540405 -41.318409 76.734848
v 22.693188 -40.351025 81.151634
v 36.464439 -39.290623 77.013901
v 25.186060 -20.587889 81.075668
v 23.169128 -22.483896 81.151634
v 4.695837 -46.406471 109.545250
v 7.677051 -41.583508 109.545250
v 16.828430 -42.278042 109.545250
v 27.709936 -47.663757 115.261177
v 20.118151 -40.459545 109.545250
v 32.621265 -41.095165 115.354195
v 7.458459 -46.367714 64.847206
v 10.666016 -41.436230 64.847206
v 20.563086 -42.146267 64.847206
v 32.145325 -47.473072 69.415916
v 24.040392 -40.289013 64.847206
v 37.523289 -41.443981 69.546143
v 37.534142 -39.413097 69.284142
v 24.793835 -22.288563 64.847206
v 27.106873 -20.211170 64.797592
v 18.095018 -14.061156 120.843788
v 32.069359 -41.121521 123.195580
v 32.621265 -41.095165 115.354195
v 18.451586 -13.684436 110.311096
v 21.868433 -21.068480 109.447578
v 25.186060 -20.587889 81.075668
v 20.933605 -11.847339 81.339218
v 22.144384 -10.064502 64.599159
v 27.106873 -20.211170 64.797592
v 36.464439 -39.290623 77.013901
v 37.534142 -39.413097 69.284142
v 23.052856 -8.081677 49.451244
v 30.760912 -19.676317 35.422642
v 23.488489 -4.159436 28.855602
v 41.943176 -38.813137 32.514290
v 42.527637 -38.780579 25.195360
v 31.833715 -19.498034 22.287012
v 34.707958 -19.018993 -12.917041
v 21.246765 5.457031 -2.751770
v 17.175695 17.078028 -17.329174
v 45.800304 -38.603844 -15.825390
v 35.780762 -18.840712 -26.054224
v 46.384766 -38.571289 -23.145874
v 14.264245 25.124048 -21.470009
v 36.461338 -18.583361 -55.427624
v 47.359898 -38.881348 -59.915722
v 47.356800 -38.684460 -67.645485
v 36.732639 -18.530651 -71.705696
v 7.213513 44.973995 -54.264908
v 7.546826 45.632874 -73.442024
v 6.532935 43.615940 -19.485632
v 8.021215 34.369991 -247.584885
v 11.636498 30.839977 -19.426722
v 36.848911 -18.256248 -100.079163
v 48.748962 -40.326218 -113.827156
v 48.197056 -40.352573 -105.985779
v 11.148156 31.939135 -18.262451
v 8.929688 36.580711 -12.793018
v 6.255432 41.595909 -2.054138
v 5.720581 42.623753 1.435571
v 27.001451 -46.694824 24.471375
v 35.889282 -47.460667 25.598436
v 35.518761 -47.462219 32.111217
v 26.623180 -46.699474 33.238281
v 9.692431 -46.332054 22.263756
v 9.493994 -46.341358 35.445900
v 38.744923 -47.457565 -67.212952
v 8.210351 -46.277794 -71.783211
v 12.482959 -41.014549 -71.783211
v 24.996923 -41.772644 -71.783211
v 46.952171 -40.859520 -67.364876
v 29.706713 -39.789822 -71.783211
v 47.356800 -38.684460 -67.645485
v 36.732639 -18.530651 -71.705696
v 33.413464 -20.567738 -71.783211
v 24.035742 -41.701328 -100.175278
v 10.903211 -40.933933 -100.175278
v 6.381006 -46.265392 -100.175278
v 38.963512 -47.654453 -105.891212
v 29.148607 -39.690598 -100.175278
v 48.197056 -40.352573 -105.985779
v 25.207764 -41.814499 -55.477234
v 13.056567 -41.062607 -55.477234
v 8.934339 -46.285545 -55.477230
v 39.230164 -47.456017 -60.045944
v 29.702063 -39.847179 -55.477234
v 46.984730 -41.040905 -60.176170
v 47.359898 -38.881348 -59.915722
v 33.032093 -20.781677 -55.477234
v 36.461338 -18.583361 -55.427624
v 38.639500 -47.454468 -22.741247
v 38.268982 -47.454468 -16.230017
v 28.711426 -46.674671 -15.101404
v 29.089697 -46.670017 -23.869862
v 10.222631 -46.307251 -12.893787
v 10.421069 -46.299500 -26.077478
v 0.479041 -42.676464 -116.484360
v 0.479041 -21.594030 -189.050476
v 3.485059 -50.248093 -113.607018
v 3.450952 -50.254295 -105.364113
v 0.479041 -42.695068 -108.241455
v 0.479041 -42.633057 -99.223396
v 6.381006 -46.265392 -100.175278
v 6.255432 41.595909 -2.054138
v 5.720581 42.623753 1.435571
v 0.479041 42.629955 1.454175
v 0.000000 41.595909 -2.054138
v 0.000000 42.628407 1.452624
v -0.479041 42.629955 1.454175
v -6.256982 41.595909 -2.054138
v -5.720581 42.623753 1.435571
v 124.359848 -10.695472 -168.923019
v 108.686386 3.185852 -171.380234
v 114.591454 9.481591 -171.015915
v 129.940903 -4.746997 -168.577301
v 120.232971 15.513782 -168.206787
v 135.266159 0.928625 -165.915451
v 125.164452 20.825085 -163.186935
v 139.913940 5.900415 -161.157608
v 128.982819 24.978319 -156.362549
v 143.505966 9.763745 -154.691330
v 131.368729 27.598316 -148.274673
v 145.743042 12.168249 -147.029785
v 132.114410 28.416872 -139.566666
v 146.429825 12.872083 -138.780670
v 131.145477 27.311510 -130.928436
v 145.498093 11.768274 -130.601334
v 128.531693 24.339598 -123.049850
v 143.016068 8.914185 -123.142868
v 124.480774 19.729027 -116.566528
v 139.179092 4.529956 -117.008362
v 119.326050 13.872022 -112.010216
v 134.304977 -1.015442 -112.700096
v 102.982857 -2.920752 -169.254776
v 118.964828 -16.485815 -166.909195
v 114.174423 -21.710302 -162.683090
v 97.924255 -8.411890 -164.793045
v 110.366905 -25.986012 -156.578033
v 93.907448 -12.890685 -158.345367
v 107.847679 -28.979624 -149.082367
v 91.254890 -16.009874 -150.428024
v 106.826035 -30.426048 -140.813110
v 90.186745 -17.490404 -141.692123
v 107.398094 -30.159399 -132.450821
v 90.805305 -17.160192 -132.855453
v 93.074936 -14.983582 -124.652855
v 109.531296 -28.147120 -124.685410
v 113.065964 -24.508581 -118.161781
v 96.825096 -11.087695 -117.761803
v 117.718391 -19.519739 -113.408577
v 101.758125 -5.770190 -112.743507
v 123.108765 -13.592969 -110.811836
v 107.472511 0.533301 -110.004135
v 128.795242 -7.238317 -110.573097
v 113.493843 7.278625 -109.757637
v 134.304977 -1.015442 -112.700096
v 119.326050 13.872022 -112.010216
v 124.662155 -10.469129 -164.915512
v 124.359848 -10.695472 -168.923019
v 129.940903 -4.746997 -168.577301
v 129.483566 -5.311304 -164.625610
v 135.266159 0.928625 -165.915451
v 134.081741 -0.398425 -162.332718
v 139.913940 5.900415 -161.157608
v 138.092346 3.891235 -158.227554
v 143.505966 9.763745 -154.691330
v 141.186722 7.207312 -152.644943
v 145.743042 12.168249 -147.029785
v 143.110641 9.258349 -146.028290
v 146.429825 12.872083 -138.780670
v 143.696655 9.841260 -138.904694
v 145.498093 11.768274 -130.601334
v 142.888947 8.870776 -131.843109
v 143.016068 8.914185 -123.142868
v 140.744888 6.401160 -125.406296
v 139.179092 4.529956 -117.008362
v 137.436569 2.624646 -120.115150
v 134.304977 -1.015442 -112.700096
v 133.235275 -2.140954 -116.402199
v 118.964828 -16.485815 -166.909195
v 119.998878 -15.495177 -163.169876
v 115.859596 -20.023584 -159.518936
v 114.174423 -21.710302 -162.683090
v 112.572975 -23.719482 -154.249496
v 110.366905 -25.986012 -156.578033
v 110.402565 -26.292967 -147.786331
v 107.847679 -28.979624 -149.082367
v 109.526649 -27.517698 -140.658081
v 106.826035 -30.426048 -140.813110
v 110.027390 -27.260351 -133.449219
v 107.398094 -30.159399 -132.450821
v 109.531296 -28.147120 -124.685410
v 111.875343 -25.500769 -126.756599
v 114.926315 -22.350574 -121.129036
v 113.065964 -24.508581 -118.161781
v 118.940025 -18.048512 -117.028511
v 117.718391 -19.519739 -113.408577
v 123.587807 -12.949597 -114.785240
v 123.108765 -13.592969 -110.811836
v 128.488281 -7.489466 -114.572853
v 128.795242 -7.238317 -110.573097
v 133.235275 -2.140954 -116.402199
v 134.304977 -1.015442 -112.700096
v 132.239990 -2.013831 -117.834663
v 133.235275 -2.140954 -116.402199
v 128.488281 -7.489466 -114.572853
v 127.779793 -7.032129 -116.116943
v 123.587807 -12.949597 -114.785240
v 123.175423 -12.157397 -116.318481
v 118.940025 -18.048512 -117.028511
v 118.808250 -16.944702 -118.428429
v 114.926315 -22.350574 -121.129036
v 115.034836 -20.989416 -122.284004
v 111.875343 -25.500769 -126.756599
v 112.165245 -23.955128 -127.570503
v 110.027390 -27.260351 -133.449219
v 110.427368 -25.618591 -133.858490
v 109.526649 -27.517698 -140.658081
v 109.954529 -25.871286 -140.630173
v 110.402565 -26.292967 -147.786331
v 110.774635 -24.730272 -147.328995
v 112.572975 -23.719482 -154.249496
v 112.813271 -22.316467 -153.403030
v 115.859596 -20.023584 -159.518936
v 115.903000 -18.842260 -158.354675
v 119.998878 -15.495177 -163.169876
v 119.794235 -14.578955 -161.788574
v 124.662155 -10.469129 -164.915512
v 124.180016 -9.844359 -163.431885
v 129.483566 -5.311304 -164.625610
v 128.714615 -4.985742 -163.162125
v 134.081741 -0.398425 -162.332718
v 133.038391 -0.362769 -161.007217
v 138.092346 3.891235 -158.227554
v 136.807144 3.669544 -157.150101
v 141.186722 7.207312 -152.644943
v 139.715500 6.784082 -151.902359
v 143.110641 9.258349 -146.028290
v 141.521591 8.704895 -145.681030
v 143.696655 9.841260 -138.904694
v 142.070389 9.244397 -138.983765
v 142.888947 8.870776 -131.843109
v 141.309204 8.328174 -132.345413
v 140.744888 6.401160 -125.406296
v 139.295364 6.007385 -126.296165
v 137.436569 2.624646 -120.115150
v 136.187027 2.460315 -121.322823
v 133.235275 -2.140954 -116.402199
v 132.239990 -2.013831 -117.834663
v 127.708481 -1.919263 -125.218712
v 132.239990 -2.013831 -117.834663
v 127.779793 -7.032129 -116.116943
v 124.731918 -5.247741 -124.077698
v 123.175423 -12.157397 -116.318481
v 121.659241 -8.652185 -124.218773
v 118.808250 -16.944702 -118.428429
v 118.741585 -11.839587 -125.634193
v 115.034836 -20.989416 -122.284004
v 116.217712 -14.546398 -128.212326
v 112.165245 -23.955128 -127.570503
v 114.292244 -16.549377 -131.745438
v 110.427368 -25.618591 -133.858490
v 113.120224 -17.695044 -135.943634
v 109.954529 -25.871286 -140.630173
v 112.793114 -17.902782 -140.464294
v 110.774635 -24.730272 -147.328995
v 113.334167 -17.171043 -144.938431
v 112.813271 -22.316467 -153.403030
v 114.693771 -15.571143 -148.997101
v 115.903000 -18.842260 -158.354675
v 116.761864 -13.241053 -152.313187
v 119.794235 -14.578955 -161.788574
v 119.372559 -10.365258 -154.616913
v 124.180016 -9.844359 -163.431885
v 122.315010 -7.163904 -155.723831
v 128.714615 -4.985742 -163.162125
v 125.358238 -3.880383 -155.551743
v 133.038391 -0.362769 -161.007217
v 128.257278 -0.764294 -154.116165
v 136.807144 3.669544 -157.150101
v 130.779617 1.936316 -151.536484
v 139.715500 6.784082 -151.902359
v 132.722122 4.005957 -148.021973
v 141.521591 8.704895 -145.681030
v 133.923599 5.266345 -143.853226
v 142.070389 9.244397 -138.983765
v 134.284821 5.602758 -139.366684
v 141.309204 8.328174 -132.345413
v 133.770126 4.971789 -134.918900
v 139.295364 6.007385 -126.296165
v 132.421371 3.413745 -130.871078
v 136.187027 2.460315 -121.322823
v 130.343979 1.051099 -127.547249
v 132.239990 -2.013831 -117.834663
v 127.708481 -1.919263 -125.218712
v 127.931725 -11.847340 -148.823471
v 124.131958 -7.315833 -151.265182
v 127.232544 -3.818372 -150.784592
v 131.063309 -8.320422 -148.338226
v 130.500565 -15.079700 -144.769455
v 133.570145 -11.636499 -144.293518
v 133.401154 -12.526366 -134.959198
v 130.306778 -15.968017 -135.438248
v 127.544151 -13.478247 -131.681885
v 130.722244 -9.954432 -131.190445
v 123.586250 -9.369971 -129.658752
v 126.744202 -5.875610 -129.171951
v 130.500565 -15.079700 -144.769455
v 131.443130 -16.581932 -145.240738
v 128.489822 -12.845728 -149.993942
v 127.931725 -11.847340 -148.823471
v 124.231178 -7.760767 -152.779816
v 124.131958 -7.315833 -151.265182
v 131.235397 -17.566368 -134.912689
v 130.306778 -15.968017 -135.438248
v 127.544151 -13.478247 -131.681885
v 128.057297 -14.701427 -130.500565
v 123.586250 -9.369971 -129.658752
v 123.609505 -10.098609 -128.184418
v 127.234093 -6.092651 -127.626320
v 126.744202 -5.875610 -129.171951
v 130.722244 -9.954432 -131.190445
v 131.700485 -10.664465 -129.937805
v 133.401154 -12.526366 -134.959198
v 134.791763 -13.611571 -134.362335
v 134.968506 -12.625587 -144.693497
v 133.570145 -11.636499 -144.293518
v 131.063309 -8.320422 -148.338226
v 132.074112 -8.807214 -149.437393
v 127.232544 -3.818372 -150.784592
v 127.779793 -3.751709 -152.227921
v 133.227524 -13.661180 -157.678741
v 128.852600 -10.951270 -142.833145
v 126.282211 -11.007080 -143.363342
v 130.636978 -13.685986 -158.202744
v 125.524117 -8.309571 -143.195908
v 129.852539 -10.999328 -158.066315
v 127.635620 -6.571692 -142.546341
v 131.967133 -9.295556 -157.440002
v 129.695953 -8.196400 -142.315338
v 134.056931 -10.934216 -157.195053
v 128.852600 -10.951270 -142.833145
v 133.227524 -13.661180 -157.678741
v 129.881989 -10.825695 -155.658707
v 131.272598 -9.703283 -155.244781
v 130.395142 -12.596129 -155.754837
v 132.097366 -12.574426 -155.406021
v 132.644608 -10.780737 -155.086655
v 53.120789 -3.030823 267.544891
v 30.514416 -2.674255 268.259583
v 29.278833 -6.627502 269.307587
v 51.891407 -6.993371 268.591339
v 28.406017 -10.729578 268.819244
v 51.032543 -11.104749 268.096802
v 28.018444 -14.471985 266.910828
v 50.662022 -14.854908 266.182190
v 28.164171 -17.394287 263.858307
v 50.824802 -17.780310 263.123474
v 28.815294 -19.143017 260.021332
v 51.494530 -19.532141 259.281830
v 29.875696 -19.522839 255.815384
v 52.571983 -19.910412 255.071243
v 31.198095 -18.498095 251.691605
v 53.911438 -18.882568 250.942825
v 32.618164 -16.199011 248.119736
v 55.343906 -16.580383 247.361649
v 33.973118 -12.903089 245.535400
v 56.705067 -13.276710 244.771103
v 35.114136 -8.999451 244.282761
v 57.844532 -9.365320 243.512268
v 35.920288 -4.951636 244.541656
v 58.639832 -5.309754 243.771164
v 36.301659 -1.243335 246.302795
v 59.002598 -1.595251 245.535400
v 36.213291 1.680518 249.364624
v 58.890980 1.333252 248.603424
v 35.656738 3.469555 253.359726
v 58.309620 3.125391 252.609390
v 34.683155 3.905188 257.796661
v 57.314331 3.561023 257.058716
v 33.397961 2.926953 262.115784
v 56.012085 2.581238 261.390228
v 31.949987 0.644922 265.760529
v 54.556358 0.294556 265.042725
v 30.514416 -2.674255 268.259583
v 53.120789 -3.030823 267.544891
v 57.063183 -7.956103 266.603882
v 58.084827 -4.605920 265.707794
v 53.509911 -2.158008 269.800568
v 52.043335 -6.869348 271.009796
v 56.365551 -11.431861 266.200806
v 51.018589 -11.762074 270.378845
v 56.084949 -14.603760 264.590057
v 50.582958 -16.222265 268.075104
v 56.258579 -17.079576 261.996399
v 50.792248 -19.696472 264.444305
v 56.856995 -18.566307 258.726837
v 51.607700 -21.769215 259.914368
v 57.796471 -18.890320 255.142563
v 52.905296 -22.207947 254.954971
v 58.952991 -18.023705 251.635803
v 54.503651 -20.981665 250.077759
v 60.180820 -16.073437 248.603424
v 56.204319 -18.246948 245.831497
v 61.335789 -13.276710 246.417511
v 57.811974 -14.327807 242.743317
v 62.292320 -9.965283 245.360214
v 59.151428 -9.689331 241.231781
v 62.943443 -6.531384 245.585007
v 60.084705 -4.877222 241.524796
v 63.217846 -3.385840 247.084137
v 60.509483 -0.466638 243.614578
v 63.081421 -0.905371 249.687088
v 60.374607 3.012219 247.259323
v 59.683178 5.143872 252.024918
v 62.546570 0.610815 253.080673
v 61.666004 0.978235 256.844788
v 58.501854 5.664770 257.325378
v 60.538940 0.145728 260.505035
v 56.954662 4.505151 262.489410
v 59.294056 -1.790588 263.590118
v 55.221436 1.792139 266.839508
v 58.084827 -4.605920 265.707794
v 53.509911 -2.158008 269.800568
v 53.120789 -3.030823 267.544891
v 53.509911 -2.158008 269.800568
v 55.221436 1.792139 266.839508
v 54.556358 0.294556 265.042725
v 56.954662 4.505151 262.489410
v 56.012085 2.581238 261.390228
v 58.501854 5.664770 257.325378
v 57.314331 3.561023 257.058716
v 59.683178 5.143872 252.024918
v 58.309620 3.125391 252.609390
v 60.374607 3.012219 247.259323
v 58.890980 1.333252 248.603424
v 60.509483 -0.466638 243.614578
v 59.002598 -1.595251 245.535400
v 60.084705 -4.877222 241.524796
v 58.639832 -5.309754 243.771164
v 59.151428 -9.689331 241.231781
v 57.844532 -9.365320 243.512268
v 57.811974 -14.327807 242.743317
v 56.705067 -13.276710 244.771103
v 56.204319 -18.246948 245.831497
v 55.343906 -16.580383 247.361649
v 54.503651 -20.981665 250.077759
v 53.911438 -18.882568 250.942825
v 52.905296 -22.207947 254.954971
v 52.571983 -19.910412 255.071243
v 51.607700 -21.769215 259.914368
v 51.494530 -19.532141 259.281830
v 50.792248 -19.696472 264.444305
v 50.824802 -17.780310 263.123474
v 50.582958 -16.222265 268.075104
v 50.662022 -14.854908 266.182190
v 51.018589 -11.762074 270.378845
v 51.032543 -11.104749 268.096802
v 52.043335 -6.869348 271.009796
v 51.891407 -6.993371 268.591339
v 53.509911 -2.158008 269.800568
v 53.120789 -3.030823 267.544891
v 51.423218 6.363952 288.467651
v 51.463524 -1.571997 247.862381
v 48.769115 0.544153 247.915100
v 48.728809 8.461498 288.494019
v 46.211132 -1.804541 247.147705
v 46.166172 6.159314 287.790192
v 47.328892 -5.405871 246.583389
v 47.280834 2.604492 287.289429
v 50.576756 -5.275647 247.014374
v 50.531799 2.719214 287.697174
v 51.463524 -1.571997 247.862381
v 51.423218 6.363952 288.467651
v 47.049839 4.638476 281.581268
v 47.783131 2.294434 281.246399
v 48.735008 6.160864 282.054108
v 50.508545 4.774902 282.029297
v 49.922535 2.373499 281.519257
v 48.615635 -11.217919 301.260681
v 48.655945 -11.862841 259.655457
v 45.963085 -9.797852 260.194977
v 45.921227 -9.168432 301.770721
v 43.403553 -11.963610 258.900482
v 43.358593 -11.300085 300.550629
v 44.519764 -15.392859 257.517609
v 44.471703 -14.693677 299.239105
v 47.767628 -15.341699 257.967194
v 47.724216 -14.653369 299.663879
v 48.655945 -11.862841 259.655457
v 48.615635 -11.217919 301.260681
v 44.242260 -11.700062 294.116913
v 44.975548 -13.935584 293.247223
v 45.927429 -10.290845 294.932373
v 47.700962 -11.645801 294.586670
v 47.113403 -13.906129 293.532471
v 13.623975 -20.178614 127.127121
v 20.048388 -36.183834 131.726837
v 32.069359 -41.121521 123.195580
v 18.095018 -14.061156 120.843788
v 12.036474 -14.323157 126.130287
v 23.488489 -4.159436 28.855602
v 21.246765 5.457031 -2.751770
v 18.282604 7.137549 -2.054138
v 19.998779 -6.548438 51.305393
v 23.052856 -8.081677 49.451244
v 22.144384 -10.064502 64.599159
v 19.218981 -8.215002 64.442574
v 20.933605 -11.847339 81.339218
v 18.006653 -10.021093 81.391930
v 18.451586 -13.684436 110.311096
v 15.560290 -11.841138 110.525032
v 18.095018 -14.061156 120.843788
v 15.152563 -12.191504 119.747726
v 30.072582 74.449722 108.948387
v 30.395044 73.500938 106.973312
v 21.042126 77.716187 109.450684
v 20.876245 78.610710 111.365295
v 8.464600 81.342316 111.483116
v 8.427392 82.182579 113.349670
v 0.000000 82.109711 111.979210
v 0.000000 82.912766 113.831810
v -8.428943 82.182579 113.349670
v -8.464600 81.342316 111.483116
v -20.877794 78.610710 111.365295
v -21.042126 77.716187 109.450684
v -30.072582 74.449722 108.948387
v -30.396593 73.500938 106.973312
v 31.305065 75.021774 72.563019
v 31.559313 74.072990 70.392609
v 20.843689 77.795242 73.291656
v 20.727417 78.700615 75.395401
v 7.475513 80.928391 75.621742
v 7.464661 81.790352 77.678986
v 0.000000 82.156227 78.075859
v 0.000000 81.323715 76.021721
v -7.475513 80.928391 75.621742
v -7.466211 81.790352 77.678986
v -20.727417 78.700615 75.395401
v -20.843689 77.795242 73.291656
v -31.306616 75.021774 72.563019
v -31.560863 74.072990 70.392609
v 25.568981 70.378654 134.946793
v 24.796936 72.150635 133.610443
v 22.263758 69.563194 147.620438
v 28.382763 72.085526 122.046814
v 27.271204 73.779991 121.642189
v 31.613573 72.834312 108.298813
v 30.072582 74.449722 108.948387
v 35.177696 67.040871 111.069191
v 42.099754 68.045464 92.299789
v 22.989294 62.934143 141.408417
v 22.263758 69.563194 147.620438
v 16.113745 73.590858 149.784653
v 16.502869 66.961807 143.631546
v 6.667810 77.029411 151.615555
v 6.768579 70.400352 145.539948
v 0.000000 71.003418 146.226730
v 0.000000 77.632469 152.249619
v -6.667810 77.029411 151.615555
v -6.768579 70.400352 145.539948
v -16.502869 66.961807 143.631546
v -16.115295 73.590858 149.784653
v -22.989294 62.934143 141.408417
v -22.263758 69.563194 147.620438
v 9.078515 9.214941 291.228729
v 10.321851 21.073132 281.278961
v 8.036718 20.809582 281.134766
v 6.788733 8.945190 291.081451
v 7.934399 -4.422986 296.651642
v 5.644617 -4.708240 296.496613
v 7.523571 -19.294947 299.327454
v 5.241540 -19.601904 299.150726
v 7.759216 -34.973061 294.523102
v 5.478735 -35.301720 294.324677
v 8.015015 -47.835842 283.646240
v 5.737634 -48.181557 283.433868
v 7.859985 -53.602928 266.808502
v 5.573303 -53.926937 266.610077
v 5.768640 -52.813828 249.150681
v 3.481958 -53.091331 248.987900
v 8.056872 -46.781639 229.837128
v 5.743835 -47.052940 229.686752
v 12.571325 -37.115566 216.420898
v 10.126513 -37.428726 216.259659
v 19.670116 -24.352001 206.830780
v 16.070337 -22.102528 206.646301
v 25.102343 -6.963916 197.608093
v 21.407995 -4.649328 197.215866
v 30.424500 6.622851 189.715546
v 26.528612 8.475451 189.225662
v 32.091064 29.157909 158.181046
v 28.269592 30.670996 157.984146
v 31.990295 34.185509 129.771927
v 28.378113 35.566822 131.805908
v 34.216515 33.371605 90.315414
v 30.491161 35.411789 95.556953
v 37.603905 27.190588 46.518089
v 33.760731 30.942297 53.367283
v 42.414463 5.026050 -0.168982
v 39.523167 7.075537 -0.303857
v 48.158298 -17.085779 -27.706835
v 45.377075 -15.216125 -28.294397
v 51.674366 -30.898888 -49.521008
v 48.696251 -29.156359 -49.596973
v 58.384033 -42.411362 -82.988731
v 55.226086 -40.490551 -81.204346
v 61.943504 -47.561436 -114.405418
v 58.971592 -45.891769 -113.179138
v 63.424034 -49.812466 -134.822769
v 60.619556 -48.348988 -135.379333
v 64.813095 -53.379688 -149.000198
v 61.990013 -51.869705 -149.697830
v 67.600525 -62.320225 -169.609802
v 64.726280 -60.662960 -170.288834
v 70.812729 -73.886963 -187.498627
v 68.169479 -73.139717 -189.676788
v 37.903111 17.175695 -255.229385
v 31.131433 44.440697 -252.614029
v 32.994884 42.360203 -253.094620
v 41.540100 12.127941 -258.199738
v 43.067139 -0.706934 -257.241669
v 45.711937 -2.136304 -259.337646
v 48.147449 -16.313734 -252.076080
v 50.604664 -17.009815 -254.122467
v 53.551769 -31.887978 -241.847244
v 55.977978 -32.416626 -243.995956
v 59.289402 -46.054554 -229.720856
v 60.230431 -44.321327 -233.136154
v 63.915478 -46.000294 -231.018448
v 62.400841 -51.283691 -231.463394
v 75.150452 13.406933 -257.916046
v 73.745888 41.081211 -252.835724
v 76.634079 40.237854 -250.795547
v 77.530151 18.507397 -255.133255
v 77.452637 -0.995288 -258.503601
v 79.761024 0.581360 -256.339386
v 80.260216 -15.138611 -252.900833
v 82.404274 -14.090612 -250.683914
v 83.132912 -29.454018 -242.620850
v 85.058372 -28.379663 -240.264404
v 87.028793 -41.527699 -227.271393
v 84.914192 -40.419239 -231.976532
v 82.024452 -43.274879 -229.886734
v 86.579208 -47.614147 -229.985962
v 32.994884 42.360203 -253.094620
v 37.272144 45.267002 -252.015625
v 45.938282 13.365075 -258.016815
v 41.540100 12.127941 -258.199738
v 50.096165 -0.826306 -259.395020
v 45.711937 -2.136304 -259.337646
v 54.973389 -15.702918 -254.448029
v 50.604664 -17.009815 -254.122467
v 60.359104 -31.160891 -244.371124
v 55.977978 -32.416626 -243.995956
v 63.720142 -40.595974 -235.861572
v 60.230431 -44.321327 -233.136154
v 66.963356 -42.155567 -233.915955
v 63.915478 -46.000294 -231.018448
v 69.183372 42.932262 -251.446671
v 73.745888 41.081211 -252.835724
v 75.150452 13.406933 -257.916046
v 70.595688 12.934093 -257.992004
v 77.452637 -0.995288 -258.503601
v 72.947487 -1.784387 -258.520660
v 80.260216 -15.138611 -252.900833
v 75.767464 -15.985071 -252.815567
v 83.132912 -29.454018 -242.620850
v 78.633957 -30.267921 -242.606888
v 84.914192 -40.419239 -231.976532
v 79.892799 -38.030239 -234.985657
v 82.024452 -43.274879 -229.886734
v 77.503792 -40.495205 -233.176468
v 39.228611 46.194077 -243.071976
v 38.966614 47.276180 -251.566040
v 66.633141 45.358471 -250.955215
v 63.543407 44.733700 -242.926254
v 69.183372 42.932262 -251.446671
v 66.197510 42.248581 -243.434753
v 70.595688 12.934093 -257.992004
v 69.769386 13.898376 -249.744446
v 72.947487 -1.784387 -258.520660
v 71.727402 -0.984436 -250.231232
v 75.767464 -15.985071 -252.815567
v 73.792397 -15.304492 -244.462601
v 78.633957 -30.267921 -242.606888
v 75.990707 -29.664856 -234.261673
v 79.892799 -38.030239 -234.985657
v 77.018555 -36.039661 -227.967484
v 37.272144 45.267002 -252.015625
v 37.681419 44.084129 -243.551025
v 47.429661 14.867310 -249.592514
v 45.938282 13.365075 -258.016815
v 52.001476 0.843359 -251.032730
v 50.096165 -0.826306 -259.395020
v 56.438416 -14.172778 -246.215973
v 54.973389 -15.702918 -254.448029
v 60.752880 -29.988867 -236.230545
v 60.359104 -31.160891 -244.371124
v 62.912437 -38.425564 -228.927109
v 63.720142 -40.595974 -235.861572
v 65.766525 -40.405289 -226.679184
v 66.963356 -42.155567 -233.915955
v 75.100838 -38.704617 -225.928848
v 77.503792 -40.495205 -233.176468
v 61.986912 -30.222960 -251.634247
v 62.912437 -38.425564 -228.927109
v 60.752880 -29.988867 -236.230545
v 56.438416 -14.172778 -246.215973
v 58.011963 -15.287439 -259.928314
v 52.001476 0.843359 -251.032730
v 53.154896 1.465027 -266.403900
v 47.429661 14.867310 -249.592514
v 48.800121 15.467274 -270.414490
v 37.681419 44.084129 -243.551025
v 40.161888 40.366528 -273.234467
v 39.228611 46.194077 -243.071976
v 41.760242 42.135410 -273.205017
v 63.543407 44.733700 -242.926254
v 63.631775 41.116867 -273.153870
v 66.197510 42.248581 -243.434753
v 66.220764 39.037926 -273.149200
v 69.769386 13.898376 -249.744446
v 69.744576 14.434778 -270.225372
v 71.727402 -0.984436 -250.231232
v 71.690193 -0.723987 -265.721771
v 73.792397 -15.304492 -244.462601
v 73.649765 -17.113684 -259.140778
v 75.990707 -29.664856 -234.261673
v 75.317879 -31.568615 -250.719574
v 77.018555 -36.039661 -227.967484
v 72.567665 -28.550194 -255.869644
v 71.395638 -25.356590 -253.167496
v 69.967819 -15.185120 -258.085022
v 71.288673 -17.239258 -261.311188
v 67.826866 -0.508496 -264.030396
v 69.341499 -0.914673 -267.889069
v 65.755676 12.983704 -268.102997
v 67.417587 14.096814 -272.394226
v 62.072178 35.120338 -270.853241
v 63.896873 38.740273 -275.437439
v 42.966370 39.740211 -275.536652
v 45.770847 35.331177 -270.943146
v 53.390537 13.191443 -268.237885
v 51.544140 14.909168 -272.543060
v 57.354637 0.514697 -264.492371
v 55.943871 0.710034 -268.399109
v 61.737316 -14.375867 -258.587311
v 60.759083 -15.957166 -261.866180
v 64.623962 -24.679113 -253.702347
v 63.904625 -27.482042 -256.461853
v 19.724377 72.507202 46.608009
v 6.505029 75.479111 48.886940
v 7.549927 78.621559 46.707226
v 22.307165 75.488411 43.832985
v 30.705103 68.947731 43.628345
v 35.100182 71.767708 40.005306
v 34.828880 72.716492 42.340054
v 35.100182 71.767708 40.005306
v 22.307165 75.488411 43.832985
v 22.190893 76.395332 46.085560
v 7.549927 78.621559 46.707226
v 7.546826 79.485069 48.907093
v 0.000000 79.850937 49.245056
v 0.000000 79.018433 47.045189
v -7.549927 78.621559 46.707226
v -7.546826 79.485069 48.907093
v -22.190893 76.395332 46.085560
v -22.307165 75.488411 43.832985
v -34.830433 72.716492 42.340054
v -35.100182 71.767708 40.005306
v 51.122459 -4.564062 294.030121
v 51.145714 -4.933032 258.812103
v 49.610924 -3.754809 259.269440
v 49.587669 -3.396692 294.461090
v 48.152100 -4.990393 258.174927
v 48.127293 -4.610571 293.428589
v 48.789268 -6.945312 257.002899
v 48.761364 -6.545337 292.317047
v 50.640320 -6.914307 257.384277
v 50.613964 -6.522082 292.678253
v 51.145714 -4.933032 258.812103
v 51.122459 -4.564062 294.030121
v 48.631138 -4.840015 287.982422
v 49.048168 -6.114356 287.247589
v 49.590771 -4.036963 288.672302
v 50.601562 -4.809009 288.380829
v 50.266697 -6.097302 287.487885
v 23.184631 37.915512 252.018723
v 32.638317 37.915512 256.536285
v 8.332825 -84.126640 267.039520
v 0.000000 -84.126640 263.056793
v 0.000000 -78.500626 262.038269
v 103.037117 42.997372 -240.211685
v 101.262032 43.724461 -238.659851
v 128.359604 40.909130 -227.641922
v 129.252579 40.267307 -229.519318
v 158.847672 36.196243 -209.012039
v 159.120514 35.647438 -211.219666
v 101.731773 41.313755 -239.143539
v 103.283615 42.118359 -240.579117
v 129.368851 39.222408 -229.348785
v 128.359604 38.351147 -227.641922
v 159.075562 34.630447 -211.246017
v 158.742249 33.650661 -209.077164
v 20.508825 55.960922 215.047333
v 20.592541 57.012020 217.113876
v 19.003490 53.179699 235.157730
v 18.894970 52.049538 233.497375
v 15.800586 49.679138 251.691605
v 15.710669 48.564480 250.082413
v 32.277100 -42.448570 255.844849
v 30.819824 -40.541710 254.978226
v 30.517517 -41.026951 261.151489
v 32.002697 -42.885754 261.430542
v 30.187304 -40.372730 267.420868
v 31.669384 -42.222225 267.828613
v 30.198156 -35.746655 278.767487
v 31.677135 -37.864357 278.720978
v 31.672485 -40.329323 274.096436
v 30.193506 -38.520130 273.561584
v 31.669384 -42.222225 267.828613
v 30.187304 -40.372730 267.420868
v 168.062607 38.219372 -78.061897
v 168.093613 37.713978 -92.065697
v 165.980560 39.334034 -91.884315
v 165.948013 39.828575 -77.889816
v 163.971390 37.633362 -92.318398
v 163.935730 38.155807 -78.300644
v 164.847305 34.942055 -92.785034
v 164.810089 35.490856 -78.742477
v 167.397537 34.982361 -92.633102
v 167.361877 35.523411 -78.598305
v 168.093613 37.713978 -92.065697
v 168.062607 38.219372 -78.061897
v 164.630264 37.841099 -80.466408
v 165.205414 36.086166 -80.759407
v 165.952652 38.946457 -80.192001
v 167.343277 37.884506 -80.308273
v 166.882828 36.109421 -80.663292
v 162.484650 39.096836 -78.061897
v 162.515656 38.591442 -92.065697
v 160.402603 40.211498 -91.884315
v 160.370056 40.706043 -77.889816
v 158.393433 38.510830 -92.318398
v 158.357773 39.033276 -78.300644
v 159.269348 35.819519 -92.785034
v 159.232132 36.368320 -78.742477
v 161.819580 35.859829 -92.633102
v 161.783920 36.400875 -78.598305
v 162.515656 38.591442 -92.065697
v 162.484650 39.096836 -78.061897
v 159.052307 38.718563 -80.466408
v 159.627457 36.963634 -80.759407
v 160.374710 39.823925 -80.192001
v 161.765320 38.761974 -80.308273
v 161.304886 36.986889 -80.663292
v -120.090340 54.689686 -64.062752
v -166.707657 41.785046 -86.571457
v -169.940018 38.794533 -85.659889
v -122.418884 51.951866 -61.563686
v -90.070473 63.120178 -28.108360
v -91.820747 60.543591 -25.483715
v -66.589729 68.070259 18.324461
v -67.884224 65.595993 22.248253
v -49.347374 69.774033 73.229645
v -50.308556 67.301315 74.812492
v -37.806995 68.078018 113.960487
v -38.544933 65.616150 115.264282
v -31.444592 63.822464 152.345734
v -32.058506 61.275330 153.875870
v -30.071032 50.519394 217.222397
v -30.658594 47.722668 219.845490
v -31.367077 44.105835 241.320145
v -31.319017 44.454651 232.119156
v -31.979443 41.185085 244.350967
v -32.639866 37.915512 256.536285
v -33.309593 34.484715 277.145874
v -33.959167 31.377928 280.775116
v -128.361160 42.409813 -228.217072
v -163.817902 36.929531 -206.550186
v -160.703369 39.957253 -201.851242
v -125.917892 45.333664 -223.105759
v -73.049805 47.962963 -249.883972
v -71.656090 50.781395 -244.361832
v -31.131433 52.303783 -252.614029
v -51.096104 53.336277 -244.247101
v -30.534571 55.038498 -244.171143
v -10.173022 53.170395 -252.573730
v -9.973035 55.889610 -244.133926
v -10.577649 24.789185 303.581451
v -33.309593 34.484715 277.145874
v -33.959167 31.377928 280.775116
v -10.786939 20.225122 305.579803
v -7.467761 23.567553 306.455719
v -7.618140 18.958532 308.559448
v -4.357873 22.753649 308.373413
v -4.447791 18.113623 310.548492
v -128.361160 36.850460 -228.217072
v -163.817902 31.362427 -206.550186
v -163.817902 36.929531 -206.550186
v -128.361160 42.409813 -228.217072
v -75.198509 42.963268 -252.018723
v -73.049805 47.962963 -249.883972
v -73.745888 41.081211 -252.835724
v -69.184921 42.932262 -251.446671
v -66.633141 45.358471 -250.955215
v -38.966614 47.276180 -251.566040
v -31.131433 52.303783 -252.614029
v -37.273693 45.267002 -252.015625
v -32.994884 42.360203 -253.094620
v -31.131433 44.440697 -252.614029
v -10.173022 45.307308 -252.573730
v -10.173022 53.170395 -252.573730
v -65.755676 12.983704 -268.102997
v -62.072178 35.120338 -270.853241
v -45.772400 35.331177 -270.943146
v -53.390537 13.191443 -268.237885
v -67.826866 -0.508496 -264.030396
v -57.356190 0.514697 -264.492371
v -69.969368 -15.185120 -258.085022
v -61.737316 -14.375867 -258.587311
v -71.395638 -25.356590 -253.167496
v -64.623962 -24.679113 -253.702347
v -82.827499 49.730297 -108.548409
v -85.942039 34.680050 -131.463287
v -85.942039 9.872265 -131.463287
v -82.827499 16.110645 -108.548409
v -79.379646 51.975121 -94.370979
v -78.792091 22.428089 -94.370979
v -69.651558 52.358044 -71.287117
v -71.525864 33.508030 -78.483582
v -12.270569 -16.008324 113.755844
v -12.270569 -13.031763 43.020630
v -3.886585 -37.503139 109.734383
v -3.886585 -40.028564 147.811127
v -12.270569 -18.766296 156.967163
v -3.886585 -44.874783 183.181061
v -12.270569 -22.581568 200.059097
v -3.886585 -54.209095 214.980667
v -12.270569 38.977463 250.114960
v -3.886585 -65.811485 242.668900
v -12.270569 32.021301 292.185272
v -3.886585 -77.767342 266.571320
v -10.321851 21.073132 281.278961
v -30.421398 23.398571 282.550201
v -28.871105 11.545031 292.504608
v -9.080066 9.214941 291.228729
v -26.634033 -2.095996 297.924438
v -7.935950 -4.422986 296.651642
v -24.573694 -17.000513 300.646759
v -7.523571 -19.294947 299.327454
v -23.428026 -32.714283 295.885803
v -7.759216 -34.973061 294.523102
v -22.738146 -45.606522 285.019806
v -8.015015 -47.835842 283.646240
v -23.645067 -51.358105 268.172760
v -7.861536 -53.602928 266.808502
v -24.694616 -50.514744 250.504089
v -5.768640 -52.813828 249.150681
v -27.840160 -44.467052 231.123871
v -8.056872 -46.781639 229.837128
v -30.370239 -34.833534 217.596024
v -12.571325 -37.115566 216.420898
v -33.483227 -22.155237 207.852432
v -19.670116 -24.352001 206.830780
v -34.707958 -4.922180 198.428192
v -25.102343 -6.963916 197.608093
v -38.163563 8.644434 189.376038
v -30.424500 6.622851 189.715546
v -42.177269 30.981054 158.038406
v -32.091064 29.157909 158.181046
v -31.991846 34.185509 129.771927
v -42.397411 35.932690 128.268143
v -34.218067 33.371605 90.315414
v -44.251560 35.115685 90.196045
v -37.605457 27.190588 46.518089
v -47.449818 29.285032 46.739780
v -42.416016 5.026050 -0.168982
v -52.234020 7.873938 0.685229
v -48.158298 -17.085779 -27.706835
v -57.915844 -14.124719 -26.570471
v -62.169849 -26.841772 -48.049778
v -51.674366 -30.898888 -49.521008
v -67.123032 -38.822437 -81.895775
v -58.384033 -42.411362 -82.988731
v -70.432907 -44.426743 -113.557411
v -61.945057 -47.561436 -114.405418
v -63.425587 -49.812466 -134.822769
v -73.252892 -46.738235 -134.610382
v -64.813095 -53.379688 -149.000198
v -76.390686 -50.012455 -148.232803
v -67.602074 -62.320225 -169.609802
v -82.652321 -58.473946 -168.738541
v -89.455002 -69.112061 -186.035156
v -70.814278 -73.886963 -187.498627
v -74.669861 -43.893448 -134.819672
v -72.229698 -42.372604 -113.366722
v -73.874557 -41.690479 -135.080124
v -77.892921 -47.280838 -148.745956
v -75.272926 -39.430153 -151.223328
v -84.162300 -55.748531 -169.271835
v -77.900673 -36.993092 -175.040482
v -77.027855 -35.324974 -173.440567
v -91.470383 -67.206749 -187.968369
v -77.550301 -33.481678 -179.105347
v -88.424057 -46.482433 -227.503937
v -87.028793 -41.527699 -227.271393
v -78.945564 -27.709936 -192.932404
v -85.058372 -28.379663 -240.264404
v -80.413696 -17.536913 -210.818130
v -82.404274 -14.090612 -250.683914
v -80.705147 -4.280359 -227.620209
v -79.762573 0.581360 -256.339386
v -93.586533 11.107849 -196.660858
v -92.893555 6.415112 -182.329956
v -93.110596 18.333765 -209.494186
v -78.945564 -27.709936 -192.932404
v -91.226990 7.647595 -170.834534
v -79.778076 11.493873 -240.972885
v -77.530151 18.507397 -255.133255
v -91.676575 28.585852 -220.315231
v -76.634079 40.237854 -250.795547
v -89.383690 42.251682 -228.496124
v -77.916176 -32.751488 -175.435806
v -77.550301 -33.481678 -179.105347
v -77.027855 -35.324974 -173.440567
v -89.002319 7.208862 -150.060608
v -75.272926 -39.430153 -151.223328
v -87.183823 6.793384 -133.906555
v -73.874557 -41.690479 -135.080124
v -84.601036 6.128308 -112.089279
v -88.038033 -1.365808 -112.286171
v -81.030708 -28.835449 -113.010155
v -72.229698 -42.372604 -113.366722
v -68.913620 -36.752796 -81.681831
v -83.753029 2.850989 -80.182701
v -80.139290 10.089306 -79.909851
v -77.395271 -23.677626 -81.187294
v -63.983692 -24.714769 -47.792431
v -72.073120 -12.667443 -47.102551
v -59.745190 -11.851990 -26.258862
v -77.634018 11.777576 -45.702637
v -73.803246 18.446936 -45.319714
v -67.357124 -0.775146 -25.407751
v -53.809116 10.270691 1.102258
v -71.949097 21.699448 -23.679174
v -67.853218 27.832407 -23.207886
v -59.771545 20.860743 2.668054
v -48.693150 31.004309 46.950623
v -57.484863 57.035278 -18.809704
v -69.651558 52.358044 -71.287117
v -51.314697 57.506565 11.566735
v -52.700657 38.616249 47.924206
v -45.270103 36.431885 90.137131
v -61.131153 42.093555 5.835302
v -47.366100 43.202011 89.916992
v -49.812462 53.951748 49.938034
v -43.408203 58.111183 50.499245
v -43.434559 37.216331 127.956528
v -40.068871 56.912804 89.698402
v -32.151524 60.647457 89.687546
v -34.481617 60.244381 115.146461
v -45.766197 43.352390 127.550354
v -38.690662 55.653965 127.186035
v -32.058506 57.844532 153.697586
v -45.156933 39.763466 157.018326
v -43.186512 32.408875 157.860123
v -37.245789 54.306767 156.298981
v -30.638439 54.809055 183.049286
v -40.910679 38.301540 222.409683
v -30.658594 47.722668 219.845490
v -39.062733 47.876144 183.151611
v -42.805138 23.539648 185.965393
v -39.309227 10.974524 188.797775
v -42.310596 17.740002 210.960770
v -42.567944 10.569898 206.967209
v -36.031910 -3.198254 199.353714
v -35.187000 -21.510315 209.367065
v -44.657738 -12.408545 240.619415
v -44.989502 -9.942029 243.471954
v -42.270287 20.260778 213.746643
v -39.062733 47.876144 183.151611
v -44.657738 -12.408545 240.619415
v -38.168213 -18.476391 219.785034
v -31.998047 -33.844444 218.861053
v -41.318409 -15.442468 230.201447
v -35.828819 -30.323730 227.747330
v -29.426111 -43.163254 232.012192
v -39.726257 -24.522533 236.157669
v -43.809727 -16.440857 244.092072
v -33.697166 -37.886059 238.633499
v -26.272814 -49.009411 250.789337
v -38.188366 -30.274118 244.034714
v -42.887302 -20.324339 248.215851
v -31.523657 -41.795895 254.220139
v -25.218615 -49.840366 267.912323
v -36.881470 -33.035194 255.668106
v -42.110607 -22.725744 255.136368
v -30.853930 -41.661022 267.727844
v -24.347351 -44.302723 284.275665
v -36.531101 -32.567005 265.560516
v -41.923023 -22.559864 261.411957
v -30.858582 -36.566761 280.015472
v -25.162806 -31.802708 294.854858
v -37.031849 -28.344007 274.235962
v -42.439270 -19.632910 266.934082
v -32.177879 -26.878979 287.996368
v -26.536364 -16.529222 299.471649
v -38.371300 -21.290174 279.899200
v -43.415955 -15.034741 270.560211
v -34.035130 -15.191321 291.188416
v -28.827698 -2.054138 296.802032
v -40.065769 -12.910839 282.102142
v -44.570923 -9.684681 272.211273
v -36.165234 -4.271057 289.627289
v -31.264757 11.180712 291.537231
v -41.681175 -5.123718 281.344055
v -45.622021 -4.613672 271.952393
v -38.104649 5.416723 285.137634
v -32.984032 22.680784 281.891327
v -43.029930 1.747180 278.031097
v -46.541344 0.172083 270.216064
v -38.320141 16.540075 276.823395
v -43.065586 10.400915 271.753937
v -47.252930 4.260205 266.686035
v -40.910679 38.301540 222.409683
v -32.639866 37.915512 256.536285
v -30.658594 47.722668 219.845490
v -113.314011 -51.124008 -168.935425
v -75.945747 -51.189125 -163.526443
v -76.703842 -48.352089 -157.272568
v -112.690796 -49.685341 -165.067444
v -78.988976 -43.476418 -162.414886
v -115.194519 -46.603355 -167.775803
v -75.519417 -31.446142 -235.405777
v -75.141151 -39.351089 -231.508347
v -118.186584 -47.800179 -202.412445
v -120.625191 -44.059322 -204.640213
v -77.313110 -25.500769 -227.883759
v -120.394203 -41.057957 -200.245132
v -52.922352 58.766956 0.985986
v -51.127110 61.867542 -3.502112
v -56.295788 53.447899 -5.266345
v -61.670654 44.546116 -2.861841
v -60.712574 47.744373 -7.157702
v -72.156837 36.687683 -17.240808
v -74.110207 33.134411 -13.459644
v -83.946815 25.468212 -33.548340
v -86.134277 21.775415 -30.334581
v -94.950790 13.244152 -56.038441
v -97.135155 9.276954 -53.381237
v -104.223091 1.767334 -84.321983
v -106.373352 -2.581238 -82.281799
v -111.275375 -5.593457 -115.845642
v -113.234947 -10.267591 -114.450378
v -116.327782 -6.892602 -147.115051
v -117.924583 -11.789978 -146.434464
v -119.020638 -2.420007 -175.852829
v -120.222115 -7.397998 -176.291565
v -116.888985 6.281787 -199.976944
v -117.558716 1.571997 -202.010925
v -108.692589 18.057812 -217.935532
v -108.599571 14.082861 -221.481049
v -98.593979 33.211926 -229.520874
v -97.536682 29.931505 -234.165543
v -77.116219 42.676464 -234.830627
v -84.847534 35.453648 -237.337448
v -75.355087 47.104099 -241.523239
v -72.187843 48.744308 -237.056839
v -89.538719 42.082699 -233.461716
v -105.026146 35.786961 -234.478714
v -102.765816 36.238094 -230.145645
v -105.026146 35.786961 -234.478714
v -113.262856 21.637440 -218.129318
v -117.013008 20.615795 -221.890335
v -121.429794 10.131165 -200.502487
v -125.713257 8.539014 -202.934891
v -123.452927 1.723926 -176.640381
v -128.234024 0.010852 -177.716278
v -120.477913 -2.602942 -147.846786
v -125.516365 -4.077271 -147.753769
v -114.999184 -1.117761 -116.264221
v -120.056236 -2.122351 -115.203819
v -107.563972 6.534484 -84.566933
v -112.458252 6.123657 -82.734482
v -97.941307 18.304310 -56.247730
v -102.550331 18.508947 -53.785862
v -86.461388 30.849279 -33.587093
v -90.684387 31.667835 -30.464806
v -74.097801 42.501282 -16.916796
v -77.627815 43.913597 -12.957348
v -62.165195 53.995152 -6.579443
v -64.388313 56.008984 -1.644861
v -57.067833 60.467625 -4.920630
v -52.954906 64.358864 -3.475757
v -56.413609 63.510853 1.051099
v -89.538719 42.082699 -233.461716
v -72.187843 48.744308 -237.056839
v -70.302681 46.632809 -236.804153
v -77.116219 42.676464 -234.830627
v -71.034424 47.040539 -236.816544
v -89.538719 42.082699 -233.461716
v -77.116219 42.676464 -234.830627
v -98.593979 33.211926 -229.520874
v -102.765816 36.238094 -230.145645
v -108.692589 18.057812 -217.935532
v -113.262856 21.637440 -218.129318
v -116.888985 6.281787 -199.976944
v -121.429794 10.131165 -200.502487
v -119.020638 -2.420007 -175.852829
v -123.452927 1.723926 -176.640381
v -116.327782 -6.892602 -147.115051
v -120.477913 -2.602942 -147.846786
v -111.275375 -5.593457 -115.845642
v -114.999184 -1.117761 -116.264221
v -104.223091 1.767334 -84.321983
v -107.563972 6.534484 -84.566933
v -94.950790 13.244152 -56.038441
v -97.941307 18.304310 -56.247730
v -83.946815 25.468212 -33.548340
v -86.461388 30.849279 -33.587093
v -72.156837 36.687683 -17.240808
v -74.097801 42.501282 -16.916796
v -60.712574 47.744373 -7.157702
v -62.165195 53.995152 -6.579443
v -56.295788 53.447899 -5.266345
v -57.067833 60.467625 -4.920630
v -52.954906 64.358864 -3.475757
v -51.127110 61.867542 -3.502112
v -32.984032 22.680784 281.891327
v -30.421398 23.398571 282.550201
v -32.639866 37.915512 256.536285
v -31.264757 11.180712 291.537231
v -28.871105 11.545031 292.504608
v -28.827698 -2.054138 296.802032
v -26.634033 -2.095996 297.924438
v -26.536364 -16.529222 299.471649
v -24.573694 -17.000513 300.646759
v -25.162806 -31.802708 294.854858
v -23.428026 -32.714283 295.885803
v -24.347351 -44.302723 284.275665
v -22.738146 -45.606522 285.019806
v -25.218615 -49.840366 267.912323
v -23.645067 -51.358105 268.172760
v -26.272814 -49.009411 250.789337
v -24.694616 -50.514744 250.504089
v -29.426111 -43.163254 232.012192
v -27.840160 -44.467052 231.123871
v -31.998047 -33.844444 218.861053
v -30.370239 -34.833534 217.596024
v -35.187000 -21.510315 209.367065
v -33.483227 -22.155237 207.852432
v -36.031910 -3.198254 199.353714
v -34.707958 -4.922180 198.428192
v -39.309227 10.974524 188.797775
v -38.163563 8.644434 189.376038
v -43.186512 32.408875 157.860123
v -42.177269 30.981054 158.038406
v -43.434559 37.216331 127.956528
v -42.397411 35.932690 128.268143
v -45.270103 36.431885 90.137131
v -44.251560 35.115685 90.196045
v -48.693150 31.004309 46.950623
v -47.449818 29.285032 46.739780
v -53.809116 10.270691 1.102258
v -52.234020 7.873938 0.685229
v -59.745190 -11.851990 -26.258862
v -57.915844 -14.124719 -26.570471
v -63.983692 -24.714769 -47.792431
v -62.169849 -26.841772 -48.049778
v -68.913620 -36.752796 -81.681831
v -67.123032 -38.822437 -81.895775
v -72.229698 -42.372604 -113.366722
v -70.432907 -44.426743 -113.557411
v -74.669861 -43.893448 -134.819672
v -73.252892 -46.738235 -134.610382
v -77.892921 -47.280838 -148.745956
v -76.390686 -50.012455 -148.232803
v -84.162300 -55.748531 -169.271835
v -82.652321 -58.473946 -168.738541
v -91.470383 -67.206749 -187.968369
v -89.455002 -69.112061 -186.035156
v -90.017761 -69.095001 -189.879883
v -44.177147 -13.890625 246.871750
v -44.989502 -9.942029 243.471954
v -44.657738 -12.408545 240.619415
v -43.809727 -16.440857 244.092072
v -43.367893 -17.101280 250.256042
v -42.887302 -20.324339 248.215851
v -42.699718 -19.031395 255.731674
v -42.110607 -22.725744 255.136368
v -42.513683 -18.930626 260.399597
v -41.923023 -22.559864 261.411957
v -42.862499 -16.803625 264.422607
v -42.439270 -19.632910 266.934082
v -43.592686 -13.357325 267.127869
v -43.415955 -15.034741 270.560211
v -44.505810 -9.267652 268.378967
v -44.570923 -9.684681 272.211273
v -45.378624 -5.374865 268.177429
v -45.622021 -4.613672 271.952393
v -46.187878 -1.727026 266.859680
v -46.541344 0.172083 270.216064
v -46.880859 1.601453 264.004028
v -47.252930 4.260205 266.686035
v -40.109180 20.552233 214.751236
v -38.317039 40.614574 195.747742
v -40.265759 43.338436 191.823944
v -42.270287 20.260778 213.746643
v -43.267124 -9.666077 244.498245
v -44.989502 -9.942029 243.471954
v -42.516785 -13.588318 247.873245
v -43.267124 -9.666077 244.498245
v -44.989502 -9.942029 243.471954
v -44.177147 -13.890625 246.871750
v -41.780396 -16.572632 251.012589
v -43.367893 -17.101280 250.256042
v -44.787964 0.168982 263.185486
v -44.143040 -2.906799 265.817871
v -46.187878 -1.727026 266.859680
v -46.880859 1.601453 264.004028
v -39.546421 36.752792 217.409988
v -41.780396 38.427109 217.915375
v -59.005699 88.740318 -199.521149
v -46.725830 88.744972 -208.801208
v -44.682545 86.118774 -205.595200
v -56.461670 86.118774 -196.701172
v -68.561707 88.734116 -188.041229
v -65.623901 86.118774 -185.695633
v -75.359741 88.020981 -174.921097
v -67.907478 88.717056 -108.677094
v -72.128929 89.312378 -119.563248
v -68.588058 86.118774 -120.104294
v -64.951073 86.118767 -109.590210
v -59.740540 88.718605 -90.434799
v -57.111240 86.118767 -92.093605
v -50.120972 88.718613 -72.322716
v -47.883900 86.118774 -74.724113
v -39.588280 88.721718 -55.247787
v -37.783741 86.118774 -58.349926
v -28.226183 89.684448 -216.244156
v -28.140917 88.748070 -216.730957
v -46.725830 88.744972 -208.801208
v -46.369263 89.679794 -208.444641
v -59.005699 88.740318 -199.521149
v -58.551464 89.676697 -199.212646
v -68.561707 88.734116 -188.041229
v -68.020653 89.679794 -187.780777
v -75.359741 88.020981 -174.921097
v -73.869911 88.979065 -175.443558
v -13.713891 100.869812 -247.795731
v -18.978685 98.221909 -241.920120
v -22.032763 100.869812 -244.594376
v -23.882263 100.148926 -242.368149
v -20.936707 97.417313 -239.441193
v -25.623241 86.098625 -212.799408
v -28.140917 88.748070 -216.730957
v -46.725830 88.744972 -208.801208
v -44.682545 86.118774 -205.595200
v -24.587646 77.803001 -231.052567
v -25.623241 86.098625 -212.799408
v -20.936707 97.417313 -239.441193
v -18.735291 88.484512 -265.436493
v -23.731884 71.480911 -238.464508
v -16.678051 85.041313 -274.442169
v -16.678051 78.251038 -289.648987
v -27.043310 42.771030 -250.004898
v -24.510132 104.544006 -225.976898
v -24.090002 101.669762 -240.865921
v -28.226183 89.684448 -216.244156
v -24.705469 107.363991 -208.539200
v -28.627710 96.181725 -197.916595
v -24.587646 109.763840 -187.617996
v -28.916063 98.879234 -185.042969
v -24.452770 111.954407 -168.523041
v -29.483471 101.032593 -172.139877
v -20.936707 97.417313 -239.441193
v -18.978685 98.221909 -241.920120
v -16.938501 89.721649 -266.699982
v -18.735291 88.484512 -265.436493
v -15.560290 86.625710 -274.473175
v -16.678051 85.041313 -274.442169
v -15.560290 86.625710 -274.473175
v -15.560290 79.835434 -289.679993
v -16.678051 78.251038 -289.648987
v -61.079990 72.313416 -183.142303
v -69.693420 68.419083 -186.737442
v -78.764183 87.938820 -183.585693
v -70.625145 91.619217 -180.188995
v -53.671143 75.590736 -176.552017
v -63.655029 94.716698 -173.959915
v -48.031178 77.985939 -167.499847
v -58.382481 96.980125 -165.403854
v -44.625183 79.303680 -156.719116
v -55.240040 98.225014 -155.213776
v -43.775623 79.438560 -145.082611
v -54.523804 98.353683 -144.217545
v -45.622021 78.379707 -133.534485
v -56.353149 97.352196 -133.301941
v -50.077564 76.210846 -123.009544
v -60.638157 95.302711 -123.355270
v -56.825989 73.110260 -114.360458
v -67.070320 92.371109 -115.180573
v -65.333992 69.327545 -108.287964
v -75.144249 88.796120 -109.441391
v -74.889999 65.169662 -105.285042
v -84.187111 84.867676 -106.602791
v -96.127464 80.043175 -181.038559
v -87.476830 83.971619 -183.877151
v -78.886658 64.222435 -187.045944
v -87.996178 60.064552 -184.041473
v -104.069618 76.468201 -175.299377
v -96.344505 56.281837 -177.968979
v -110.673866 73.536598 -167.124680
v -103.271217 53.181252 -169.319901
v -115.374352 71.487106 -157.176453
v -108.185646 51.013935 -158.794952
v -117.735451 70.485619 -146.262390
v -110.624252 49.953537 -147.246826
v -114.627113 71.859177 -125.076088
v -117.496704 70.612740 -135.264603
v -110.314194 50.088413 -135.611877
v -107.224464 51.406166 -124.831139
v -109.334412 74.122604 -116.520020
v -101.575195 53.801369 -115.777428
v -102.058884 77.220085 -110.290939
v -93.836128 57.078686 -109.187134
v -93.425301 80.900482 -106.892700
v -84.673897 60.973022 -105.592003
v -84.187111 84.867676 -106.602791
v -74.889999 65.169662 -105.285042
v -70.625145 91.619217 -180.188995
v -78.764183 87.938820 -183.585693
v -79.784279 87.455124 -178.323990
v -72.730446 90.631676 -175.392395
v -63.655029 94.716698 -173.959915
v -66.696701 93.302834 -170.017532
v -58.382481 96.980125 -165.403854
v -62.148144 95.256203 -162.636581
v -55.240040 98.225014 -155.213776
v -59.455284 96.330551 -153.844864
v -54.523804 98.353683 -144.217545
v -58.867725 96.440628 -144.357071
v -56.353149 97.352196 -133.301941
v -60.475376 95.577110 -134.940598
v -60.638157 95.302711 -123.355270
v -64.194527 93.809776 -126.358185
v -67.070320 92.371109 -115.180573
v -69.752327 91.279701 -119.305901
v -75.144249 88.796120 -109.441391
v -76.710045 88.196167 -114.354263
v -84.187111 84.867676 -106.602791
v -84.490967 84.805679 -111.904793
v -94.826767 80.643143 -176.125687
v -87.337303 84.033630 -178.575150
v -87.476830 83.971619 -183.877151
v -96.127464 80.043175 -181.038559
v -101.686813 77.559608 -171.174042
v -104.069618 76.468201 -175.299377
v -107.371742 75.029526 -164.121765
v -110.673866 73.536598 -167.124680
v -111.400948 73.262192 -155.539337
v -115.374352 71.487106 -157.176453
v -113.403931 72.398674 -146.121307
v -117.735451 70.485619 -146.262390
v -110.681618 73.583099 -127.843361
v -113.171387 72.508751 -136.633514
v -117.496704 70.612740 -135.264603
v -114.627113 71.859177 -125.076088
v -106.119102 75.536469 -120.460861
v -109.334412 74.122604 -116.520020
v -99.857468 78.207626 -115.087547
v -102.058884 77.220085 -110.290939
v -92.436218 81.384178 -112.155945
v -93.425301 80.900482 -106.892700
v -84.490967 84.805679 -111.904793
v -84.187111 84.867676 -106.602791
v -92.436218 81.384178 -112.155945
v -84.490967 84.805679 -111.904793
v -84.253769 84.025879 -113.943428
v -91.710678 80.809013 -114.179077
v -99.857468 78.207626 -115.087547
v -98.679245 77.824699 -116.933945
v -106.119102 75.536469 -120.460861
v -104.557961 75.313225 -121.986351
v -110.681618 73.583099 -127.843361
v -108.846069 73.477684 -128.923904
v -113.171387 72.508751 -136.633514
v -111.193214 72.466888 -137.186966
v -113.403931 72.398674 -146.121307
v -111.424202 72.364571 -146.104263
v -111.400948 73.262192 -155.539337
v -109.554550 73.175377 -154.954880
v -107.371742 75.029526 -164.121765
v -105.781136 74.837288 -163.022598
v -101.686813 77.559608 -171.174042
v -100.443481 77.213890 -169.650101
v -94.826767 80.643143 -176.125687
v -93.994263 80.112938 -174.304092
v -87.337303 84.033630 -178.575150
v -86.945076 83.300346 -176.607819
v -79.784279 87.455124 -178.323990
v -79.833885 86.515648 -176.370621
v -72.730446 90.631676 -175.392395
v -73.192429 89.501511 -173.615753
v -66.696701 93.302834 -170.017532
v -67.513710 92.012985 -168.564896
v -62.148144 95.256203 -162.636581
v -63.236450 93.848534 -161.625793
v -59.455284 96.330551 -153.844864
v -60.711021 94.857773 -153.364273
v -58.867725 96.440628 -144.357071
v -60.165318 94.961647 -144.445450
v -60.475376 95.577110 -134.940598
v -61.686157 94.149292 -135.594818
v -64.194527 93.809776 -126.358185
v -65.186714 92.487381 -127.528656
v -69.752327 91.279701 -119.305901
v -70.412758 90.110779 -120.899605
v -76.710045 88.196167 -114.354263
v -76.947243 87.211731 -116.245613
v -84.490967 84.805679 -111.904793
v -84.253769 84.025879 -113.943428
v -91.710678 80.809013 -114.179077
v -84.253769 84.025879 -113.943428
v -83.379402 80.784210 -124.459068
v -88.334145 78.632408 -124.617195
v -98.679245 77.824699 -116.933945
v -92.963318 76.635628 -126.460495
v -104.557961 75.313225 -121.986351
v -96.877808 74.953560 -129.840134
v -108.846069 73.477684 -128.923904
v -99.748947 73.725731 -134.481705
v -111.193214 72.466888 -137.186966
v -101.342651 73.049797 -140.010056
v -111.424202 72.364571 -146.104263
v -101.536438 72.981590 -145.977127
v -109.554550 73.175377 -154.954880
v -100.331856 73.524193 -151.897705
v -105.781136 74.837288 -163.022598
v -97.845192 74.635750 -157.295822
v -100.443481 77.213890 -169.650101
v -94.293465 76.226349 -161.729660
v -93.994263 80.112938 -174.304092
v -89.972801 78.165764 -164.844193
v -86.945076 83.300346 -176.607819
v -85.227356 80.298973 -166.385193
v -79.833885 86.515648 -176.370621
v -80.429199 82.449234 -166.227066
v -73.192429 89.501511 -173.615753
v -75.944199 84.447563 -164.383759
v -67.513710 92.012985 -168.564896
v -72.118080 86.128075 -161.004120
v -63.236450 93.848534 -161.625793
v -69.253136 87.355911 -156.360992
v -60.711021 94.857773 -153.364273
v -67.578819 88.031837 -150.832657
v -60.165318 94.961647 -144.445450
v -67.243958 88.100052 -144.867126
v -61.686157 94.149292 -135.594818
v -68.291954 87.557449 -138.945007
v -65.186714 92.487381 -127.528656
v -70.656151 86.445885 -133.548431
v -70.412758 90.110779 -120.899605
v -74.158264 84.855286 -129.113052
v -76.947243 87.211731 -116.245613
v -78.519234 82.915871 -125.998512
v -84.253769 84.025879 -113.943428
v -83.379402 80.784210 -124.459068
v -76.786011 85.452148 -157.812073
v -81.408981 83.518936 -160.123550
v -85.435097 88.281433 -157.312881
v -80.773361 90.236351 -154.981232
v -89.151146 91.124672 -152.381393
v -84.596382 93.045486 -150.100906
v -88.762024 91.487442 -138.434952
v -93.324532 89.541824 -140.724747
v -93.112144 85.340530 -135.906433
v -88.436462 87.343506 -133.557739
v -91.104515 79.754814 -133.154663
v -86.466042 81.745399 -130.824570
v -85.847473 89.355789 -158.946884
v -90.171242 92.616051 -153.165848
v -89.151146 91.124672 -152.381393
v -85.435097 88.281433 -157.312881
v -81.309761 84.024330 -162.157547
v -81.408981 83.518936 -160.123550
v -93.112144 85.340530 -135.906433
v -93.324532 89.541824 -140.724747
v -94.788010 90.870422 -140.262756
v -94.574074 86.019554 -134.602631
v -91.104515 79.754814 -133.154663
v -92.346298 79.739311 -131.460190
v -88.436462 87.343506 -133.557739
v -86.466042 81.745399 -130.824570
v -87.028793 82.026001 -128.787491
v -89.217812 88.315536 -131.912872
v -88.762024 91.487442 -138.434952
v -89.544922 93.105942 -137.630356
v -80.773361 90.236351 -154.981232
v -84.596382 93.045486 -150.100906
v -84.939003 94.820572 -150.544296
v -80.508263 91.592857 -156.277283
v -76.786011 85.452148 -157.812073
v -76.013962 86.236595 -159.511185
v -87.069099 85.397888 -150.493134
v -86.205589 87.856651 -149.180038
v -82.238388 95.715088 -167.865723
v -83.081749 93.226868 -169.166412
v -84.647545 83.777832 -149.728836
v -80.671043 91.586655 -168.451736
v -82.270943 85.236656 -147.916550
v -78.320801 93.064087 -166.678192
v -83.227478 87.757431 -147.567734
v -79.283531 95.615868 -166.306122
v -86.205589 87.856651 -149.180038
v -82.238388 95.715088 -167.865723
v -79.754822 92.104454 -164.146561
v -81.302010 91.133972 -165.315491
v -82.891060 92.209877 -165.794525
v -82.332954 93.845436 -164.934113
v -80.388893 93.780319 -163.906265
v -0.479041 -43.116749 108.593369
v -4.695837 -46.406471 109.545250
v -6.536035 -46.381664 81.151634
v -0.479041 -41.840858 85.132790
v -7.458459 -46.367714 64.847206
v -0.479041 -41.794350 68.970985
v -9.495544 -46.341358 35.445900
v -0.479041 -42.895054 35.264511
v -9.693982 -46.332054 22.263756
v -0.479041 -42.864048 22.445141
v -10.222631 -46.307251 -12.893787
v -0.479041 -42.781883 -13.075171
v -0.479041 -42.750877 -25.896093
v -10.421069 -46.299500 -26.077478
v -0.479041 -42.699722 -54.979588
v -8.934339 -46.285545 -55.477230
v -0.479041 -42.670261 -71.141396
v -8.211902 -46.277794 -71.783211
v -0.479041 -42.633057 -99.223396
v -6.382556 -46.265392 -100.175278
v -31.052368 -47.477722 76.582924
v -6.536035 -46.381664 81.151634
v -9.656775 -41.488941 81.151634
v -19.290295 -42.194324 81.151634
v -36.540405 -41.318409 76.734848
v -22.694738 -40.351025 81.151634
v -36.465992 -39.290623 77.013901
v -25.186060 -20.587889 81.075668
v -23.170679 -22.483896 81.151634
v -16.828430 -42.278042 109.545250
v -7.678601 -41.583508 109.545250
v -4.695837 -46.406471 109.545250
v -27.711487 -47.663757 115.261177
v -20.118151 -40.459545 109.545250
v -32.622814 -41.095165 115.354195
v -20.564636 -42.146267 64.847206
v -10.666016 -41.436230 64.847206
v -7.458459 -46.367714 64.847206
v -32.145325 -47.473072 69.415916
v -24.040392 -40.289013 64.847206
v -37.524841 -41.443981 69.546143
v -37.534142 -39.413097 69.284142
v -24.793835 -22.288563 64.847206
v -27.108423 -20.211170 64.797592
v -32.622814 -41.095165 115.354195
v -32.070911 -41.121521 123.195580
v -18.095018 -14.061156 120.843788
v -18.451586 -13.684436 110.311096
v -21.868433 -21.068480 109.447578
v -25.186060 -20.587889 81.075668
v -20.935156 -11.847339 81.339218
v -22.144384 -10.064502 64.599159
v -27.108423 -20.211170 64.797592
v -36.465992 -39.290623 77.013901
v -37.534142 -39.413097 69.284142
v -23.052856 -8.081677 49.451244
v -30.760912 -19.676317 35.422642
v -23.488489 -4.159436 28.855602
v -42.527637 -38.780579 25.195360
v -41.944725 -38.813137 32.514290
v -31.833715 -19.498034 22.287012
v -34.709507 -19.018993 -12.917041
v -21.248316 5.457031 -2.751770
v -17.175695 17.078028 -17.329174
v -45.801853 -38.603844 -15.825390
v -35.782310 -18.840712 -26.054224
v -46.386314 -38.571289 -23.145874
v -14.265796 25.124048 -21.470009
v -36.462891 -18.583361 -55.427624
v -47.356800 -38.684460 -67.645485
v -47.361450 -38.881348 -59.915722
v -36.732639 -18.530651 -71.705696
v -7.215064 44.973995 -54.264908
v -7.548377 45.632874 -73.442024
v -6.532935 43.615940 -19.485632
v -8.021215 34.369991 -247.584885
v -11.636498 30.839977 -19.426722
v -36.848911 -18.256248 -100.079163
v -11.148156 31.939135 -18.262451
v -48.748962 -40.326218 -113.827156
v -48.197056 -40.352573 -105.985779
v -8.931237 36.580711 -12.793018
v -6.256982 41.595909 -2.054138
v -5.720581 42.623753 1.435571
v -35.520313 -47.462219 32.111217
v -35.890831 -47.460667 25.598436
v -27.001451 -46.694824 24.471375
v -26.623180 -46.699474 33.238281
v -9.693982 -46.332054 22.263756
v -9.495544 -46.341358 35.445900
v -12.482959 -41.014549 -71.783211
v -8.211902 -46.277794 -71.783211
v -38.746471 -47.457565 -67.212952
v -24.998474 -41.772644 -71.783211
v -46.952171 -40.859520 -67.364876
v -29.708263 -39.789822 -71.783211
v -47.356800 -38.684460 -67.645485
v -36.732639 -18.530651 -71.705696
v -33.413464 -20.567738 -71.783211
v -6.382556 -46.265392 -100.175278
v -10.903211 -40.933933 -100.175278
v -24.037292 -41.701328 -100.175278
v -38.963512 -47.654453 -105.891212
v -29.148607 -39.690598 -100.175278
v -48.197056 -40.352573 -105.985779
v -8.934339 -46.285545 -55.477230
v -13.056567 -41.062607 -55.477234
v -25.209314 -41.814499 -55.477234
v -39.231712 -47.456017 -60.045944
v -29.702063 -39.847179 -55.477234
v -46.986279 -41.040905 -60.176170
v -47.361450 -38.881348 -59.915722
v -33.032093 -20.781677 -55.477234
v -36.462891 -18.583361 -55.427624
v -28.711426 -46.674671 -15.101404
v -38.270531 -47.454468 -16.230017
v -38.641052 -47.454468 -22.741247
v -29.089697 -46.670017 -23.869862
v -10.222631 -46.307251 -12.893787
v -10.421069 -46.299500 -26.077478
v -0.479041 -21.594030 -189.050476
v -0.479041 -42.676464 -116.484360
v -3.485059 -50.248093 -113.607018
v -3.452502 -50.254295 -105.364113
v -0.479041 -42.695068 -108.241455
v -0.479041 -42.633057 -99.223396
v -6.382556 -46.265392 -100.175278
v -114.591454 9.481591 -171.015915
v -108.687935 3.185852 -171.380234
v -124.361397 -10.695472 -168.923019
v -129.940903 -4.746997 -168.577301
v -120.234520 15.513782 -168.206787
v -135.267715 0.928625 -165.915451
v -125.166000 20.825085 -163.186935
v -139.915482 5.900415 -161.157608
v -128.984375 24.978319 -156.362549
v -143.507523 9.763745 -154.691330
v -131.370270 27.598316 -148.274673
v -145.743042 12.168249 -147.029785
v -132.115967 28.416872 -139.566666
v -146.429825 12.872083 -138.780670
v -131.147034 27.311510 -130.928436
v -145.499649 11.768274 -130.601334
v -128.531693 24.339598 -123.049850
v -143.016068 8.914185 -123.142868
v -124.480774 19.729027 -116.566528
v -139.180649 4.529956 -117.008362
v -119.326050 13.872022 -112.010216
v -134.306534 -1.015442 -112.700096
v -114.174423 -21.710302 -162.683090
v -118.964828 -16.485815 -166.909195
v -102.984413 -2.920752 -169.254776
v -97.925804 -8.411890 -164.793045
v -110.366905 -25.986012 -156.578033
v -93.908997 -12.890685 -158.345367
v -107.847679 -28.979624 -149.082367
v -91.254890 -16.009874 -150.428024
v -106.827583 -30.426048 -140.813110
v -90.188293 -17.490404 -141.692123
v -107.399643 -30.159399 -132.450821
v -90.806862 -17.160192 -132.855453
v -113.065964 -24.508581 -118.161781
v -109.532845 -28.147120 -124.685410
v -93.076485 -14.983582 -124.652855
v -96.826645 -11.087695 -117.761803
v -117.718391 -19.519739 -113.408577
v -101.759682 -5.770190 -112.743507
v -123.110313 -13.592969 -110.811836
v -107.472511 0.533301 -110.004135
v -128.796783 -7.238317 -110.573097
v -113.495399 7.278625 -109.757637
v -134.306534 -1.015442 -112.700096
v -119.326050 13.872022 -112.010216
v -129.940903 -4.746997 -168.577301
v -124.361397 -10.695472 -168.923019
v -124.662155 -10.469129 -164.915512
v -129.483566 -5.311304 -164.625610
v -135.267715 0.928625 -165.915451
v -134.083282 -0.398425 -162.332718
v -139.915482 5.900415 -161.157608
v -138.092346 3.891235 -158.227554
v -143.507523 9.763745 -154.691330
v -141.188278 7.207312 -152.644943
v -145.743042 12.168249 -147.029785
v -143.110641 9.258349 -146.028290
v -146.429825 12.872083 -138.780670
v -143.696655 9.841260 -138.904694
v -145.499649 11.768274 -130.601334
v -142.888947 8.870776 -131.843109
v -143.016068 8.914185 -123.142868
v -140.744888 6.401160 -125.406296
v -139.180649 4.529956 -117.008362
v -137.438126 2.624646 -120.115150
v -134.306534 -1.015442 -112.700096
v -133.236832 -2.140954 -116.402199
v -115.861145 -20.023584 -159.518936
v -119.998878 -15.495177 -163.169876
v -118.964828 -16.485815 -166.909195
v -114.174423 -21.710302 -162.683090
v -112.574524 -23.719482 -154.249496
v -110.366905 -25.986012 -156.578033
v -110.402565 -26.292967 -147.786331
v -107.847679 -28.979624 -149.082367
v -109.528198 -27.517698 -140.658081
v -106.827583 -30.426048 -140.813110
v -110.028938 -27.260351 -133.449219
v -107.399643 -30.159399 -132.450821
v -114.927864 -22.350574 -121.129036
v -111.875343 -25.500769 -126.756599
v -109.532845 -28.147120 -124.685410
v -113.065964 -24.508581 -118.161781
v -118.940025 -18.048512 -117.028511
v -117.718391 -19.519739 -113.408577
v -123.587807 -12.949597 -114.785240
v -123.110313 -13.592969 -110.811836
v -128.488281 -7.489466 -114.572853
v -128.796783 -7.238317 -110.573097
v -133.236832 -2.140954 -116.402199
v -134.306534 -1.015442 -112.700096
v -128.488281 -7.489466 -114.572853
v -133.236832 -2.140954 -116.402199
v -132.239990 -2.013831 -117.834663
v -127.779793 -7.032129 -116.116943
v -123.587807 -12.949597 -114.785240
v -123.175423 -12.157397 -116.318481
v -118.940025 -18.048512 -117.028511
v -118.808250 -16.944702 -118.428429
v -114.927864 -22.350574 -121.129036
v -115.036385 -20.989416 -122.284004
v -111.875343 -25.500769 -126.756599
v -112.166794 -23.955128 -127.570503
v -110.028938 -27.260351 -133.449219
v -110.428917 -25.618591 -133.858490
v -109.528198 -27.517698 -140.658081
v -109.954529 -25.871286 -140.630173
v -110.402565 -26.292967 -147.786331
v -110.774635 -24.730272 -147.328995
v -112.574524 -23.719482 -154.249496
v -112.813271 -22.316467 -153.403030
v -115.861145 -20.023584 -159.518936
v -115.903000 -18.842260 -158.354675
v -119.998878 -15.495177 -163.169876
v -119.794235 -14.578955 -161.788574
v -124.662155 -10.469129 -164.915512
v -124.180016 -9.844359 -163.431885
v -129.483566 -5.311304 -164.625610
v -128.714615 -4.985742 -163.162125
v -134.083282 -0.398425 -162.332718
v -133.038391 -0.362769 -161.007217
v -138.092346 3.891235 -158.227554
v -136.808701 3.669544 -157.150101
v -141.188278 7.207312 -152.644943
v -139.717056 6.784082 -151.902359
v -143.110641 9.258349 -146.028290
v -141.523148 8.704895 -145.681030
v -143.696655 9.841260 -138.904694
v -142.071945 9.244397 -138.983765
v -142.888947 8.870776 -131.843109
v -141.310745 8.328174 -132.345413
v -140.744888 6.401160 -125.406296
v -139.295364 6.007385 -126.296165
v -137.438126 2.624646 -120.115150
v -136.187027 2.460315 -121.322823
v -133.236832 -2.140954 -116.402199
v -132.239990 -2.013831 -117.834663
v -127.779793 -7.032129 -116.116943
v -132.239990 -2.013831 -117.834663
v -127.710030 -1.919263 -125.218712
v -124.733467 -5.247741 -124.077698
v -123.175423 -12.157397 -116.318481
v -121.659241 -8.652185 -124.218773
v -118.808250 -16.944702 -118.428429
v -118.741585 -11.839587 -125.634193
v -115.036385 -20.989416 -122.284004
v -116.217712 -14.546398 -128.212326
v -112.166794 -23.955128 -127.570503
v -114.292244 -16.549377 -131.745438
v -110.428917 -25.618591 -133.858490
v -113.121773 -17.695044 -135.943634
v -109.954529 -25.871286 -140.630173
v -112.794662 -17.902782 -140.464294
v -110.774635 -24.730272 -147.328995
v -113.334167 -17.171043 -144.938431
v -112.813271 -22.316467 -153.403030
v -114.695320 -15.571143 -148.997101
v -115.903000 -18.842260 -158.354675
v -116.763412 -13.241053 -152.313187
v -119.794235 -14.578955 -161.788574
v -119.372559 -10.365258 -154.616913
v -124.180016 -9.844359 -163.431885
v -122.316566 -7.163904 -155.723831
v -128.714615 -4.985742 -163.162125
v -125.358238 -3.880383 -155.551743
v -133.038391 -0.362769 -161.007217
v -128.257278 -0.764294 -154.116165
v -136.808701 3.669544 -157.150101
v -130.781158 1.936316 -151.536484
v -139.717056 6.784082 -151.902359
v -132.722122 4.005957 -148.021973
v -141.523148 8.704895 -145.681030
v -133.925156 5.266345 -143.853226
v -142.071945 9.244397 -138.983765
v -134.284821 5.602758 -139.366684
v -141.310745 8.328174 -132.345413
v -133.771683 4.971789 -134.918900
v -139.295364 6.007385 -126.296165
v -132.421371 3.413745 -130.871078
v -136.187027 2.460315 -121.322823
v -130.345535 1.051099 -127.547249
v -132.239990 -2.013831 -117.834663
v -127.710030 -1.919263 -125.218712
v -127.234093 -3.818372 -150.784592
v -124.133507 -7.315833 -151.265182
v -127.931725 -11.847340 -148.823471
v -131.064865 -8.320422 -148.338226
v -130.502106 -15.079700 -144.769455
v -133.571686 -11.636499 -144.293518
v -133.401154 -12.526366 -134.959198
v -130.308319 -15.968017 -135.438248
v -127.545700 -13.478247 -131.681885
v -130.723801 -9.954432 -131.190445
v -123.587807 -9.369971 -129.658752
v -126.744202 -5.875610 -129.171951
v -128.491379 -12.845728 -149.993942
v -131.444687 -16.581932 -145.240738
v -130.502106 -15.079700 -144.769455
v -127.931725 -11.847340 -148.823471
v -124.231178 -7.760767 -152.779816
v -124.133507 -7.315833 -151.265182
v -127.545700 -13.478247 -131.681885
v -130.308319 -15.968017 -135.438248
v -131.236954 -17.566368 -134.912689
v -128.057297 -14.701427 -130.500565
v -123.587807 -9.369971 -129.658752
v -123.611061 -10.098609 -128.184418
v -130.723801 -9.954432 -131.190445
v -126.744202 -5.875610 -129.171951
v -127.234093 -6.092651 -127.626320
v -131.700485 -10.664465 -129.937805
v -133.401154 -12.526366 -134.959198
v -134.793320 -13.611571 -134.362335
v -131.064865 -8.320422 -148.338226
v -133.571686 -11.636499 -144.293518
v -134.970047 -12.625587 -144.693497
v -132.074112 -8.807214 -149.437393
v -127.234093 -3.818372 -150.784592
v -127.781349 -3.751709 -152.227921
v -126.282211 -11.007080 -143.363342
v -128.852600 -10.951270 -142.833145
v -133.229080 -13.661180 -157.678741
v -130.638535 -13.685986 -158.202744
v -125.525673 -8.309571 -143.195908
v -129.852539 -10.999328 -158.066315
v -127.637169 -6.571692 -142.546341
v -131.967133 -9.295556 -157.440002
v -129.697510 -8.196400 -142.315338
v -134.058487 -10.934216 -157.195053
v -128.852600 -10.951270 -142.833145
v -133.229080 -13.661180 -157.678741
v -131.274155 -9.703283 -155.244781
v -129.883545 -10.825695 -155.658707
v -130.395142 -12.596129 -155.754837
v -132.098907 -12.574426 -155.406021
v -132.644608 -10.780737 -155.086655
v -29.278833 -6.627502 269.307587
v -30.515966 -2.674255 268.259583
v -53.122337 -3.030823 267.544891
v -51.892956 -6.993371 268.591339
v -28.407568 -10.729578 268.819244
v -51.034092 -11.104749 268.096802
v -28.019995 -14.471985 266.910828
v -50.662022 -14.854908 266.182190
v -28.165722 -17.394287 263.858307
v -50.826355 -17.780310 263.123474
v -28.816845 -19.143017 260.021332
v -51.496082 -19.532141 259.281830
v -29.875696 -19.522839 255.815384
v -52.573536 -19.910412 255.071243
v -31.198095 -18.498095 251.691605
v -53.912987 -18.882568 250.942825
v -32.619713 -16.199011 248.119736
v -55.345459 -16.580383 247.361649
v -33.974670 -12.903089 245.535400
v -56.706615 -13.276710 244.771103
v -35.115685 -8.999451 244.282761
v -57.846081 -9.365320 243.512268
v -35.920288 -4.951636 244.541656
v -58.639832 -5.309754 243.771164
v -36.303211 -1.243335 246.302795
v -59.004150 -1.595251 245.535400
v -36.214844 1.680518 249.364624
v -58.892529 1.333252 248.603424
v -35.656738 3.469555 253.359726
v -58.309620 3.125391 252.609390
v -34.684704 3.905188 257.796661
v -57.314331 3.561023 257.058716
v -33.399509 2.926953 262.115784
v -56.013634 2.581238 261.390228
v -31.949987 0.644922 265.760529
v -54.556358 0.294556 265.042725
v -30.515966 -2.674255 268.259583
v -53.122337 -3.030823 267.544891
v -53.511463 -2.158008 269.800568
v -58.084827 -4.605920 265.707794
v -57.064732 -7.956103 266.603882
v -52.043335 -6.869348 271.009796
v -56.367100 -11.431861 266.200806
v -51.020142 -11.762074 270.378845
v -56.086498 -14.603760 264.590057
v -50.582958 -16.222265 268.075104
v -56.258579 -17.079576 261.996399
v -50.792248 -19.696472 264.444305
v -56.858543 -18.566307 258.726837
v -51.607700 -21.769215 259.914368
v -57.798023 -18.890320 255.142563
v -52.905296 -22.207947 254.954971
v -58.952991 -18.023705 251.635803
v -54.505199 -20.981665 250.077759
v -60.180820 -16.073437 248.603424
v -56.205872 -18.246948 245.831497
v -61.337341 -13.276710 246.417511
v -57.811974 -14.327807 242.743317
v -62.292320 -9.965283 245.360214
v -59.152977 -9.689331 241.231781
v -62.943443 -6.531384 245.585007
v -60.086254 -4.877222 241.524796
v -63.217846 -3.385840 247.084137
v -60.511036 -0.466638 243.614578
v -63.082970 -0.905371 249.687088
v -60.376160 3.012219 247.259323
v -59.684727 5.143872 252.024918
v -62.548119 0.610815 253.080673
v -61.667553 0.978235 256.844788
v -58.501854 5.664770 257.325378
v -60.540489 0.145728 260.505035
v -56.956211 4.505151 262.489410
v -59.295605 -1.790588 263.590118
v -55.221436 1.792139 266.839508
v -58.084827 -4.605920 265.707794
v -53.511463 -2.158008 269.800568
v -55.221436 1.792139 266.839508
v -53.511463 -2.158008 269.800568
v -53.122337 -3.030823 267.544891
v -54.556358 0.294556 265.042725
v -56.956211 4.505151 262.489410
v -56.013634 2.581238 261.390228
v -58.501854 5.664770 257.325378
v -57.314331 3.561023 257.058716
v -59.684727 5.143872 252.024918
v -58.309620 3.125391 252.609390
v -60.376160 3.012219 247.259323
v -58.892529 1.333252 248.603424
v -60.511036 -0.466638 243.614578
v -59.004150 -1.595251 245.535400
v -60.086254 -4.877222 241.524796
v -58.639832 -5.309754 243.771164
v -59.152977 -9.689331 241.231781
v -57.846081 -9.365320 243.512268
v -57.811974 -14.327807 242.743317
v -56.706615 -13.276710 244.771103
v -56.205872 -18.246948 245.831497
v -55.345459 -16.580383 247.361649
v -54.505199 -20.981665 250.077759
v -53.912987 -18.882568 250.942825
v -52.905296 -22.207947 254.954971
v -52.573536 -19.910412 255.071243
v -51.607700 -21.769215 259.914368
v -51.496082 -19.532141 259.281830
v -50.792248 -19.696472 264.444305
v -50.826355 -17.780310 263.123474
v -50.582958 -16.222265 268.075104
v -50.662022 -14.854908 266.182190
v -51.020142 -11.762074 270.378845
v -51.034092 -11.104749 268.096802
v -52.043335 -6.869348 271.009796
v -51.892956 -6.993371 268.591339
v -53.511463 -2.158008 269.800568
v -53.122337 -3.030823 267.544891
v -48.770664 0.544153 247.915100
v -51.465076 -1.571997 247.862381
v -51.424767 6.363952 288.467651
v -48.730358 8.461498 288.494019
v -46.212681 -1.804541 247.147705
v -46.166172 6.159314 287.790192
v -47.328892 -5.405871 246.583389
v -47.280834 2.604492 287.289429
v -50.578308 -5.275647 247.014374
v -50.533348 2.719214 287.697174
v -51.465076 -1.571997 247.862381
v -51.424767 6.363952 288.467651
v -47.784679 2.294434 281.246399
v -47.051392 4.638476 281.581268
v -48.736561 6.160864 282.054108
v -50.508545 4.774902 282.029297
v -49.922535 2.373499 281.519257
v -45.964634 -9.797852 260.194977
v -48.657494 -11.862841 259.655457
v -48.615635 -11.217919 301.260681
v -45.922779 -9.168432 301.770721
v -43.405102 -11.963610 258.900482
v -43.358593 -11.300085 300.550629
v -44.521313 -15.392859 257.517609
v -44.473255 -14.693677 299.239105
v -47.769176 -15.341699 257.967194
v -47.724216 -14.653369 299.663879
v -48.657494 -11.862841 259.655457
v -48.615635 -11.217919 301.260681
v -44.977100 -13.935584 293.247223
v -44.243809 -11.700062 294.116913
v -45.928978 -10.290845 294.932373
v -47.700962 -11.645801 294.586670
v -47.114952 -13.906129 293.532471
v -13.623975 -20.178614 127.127121
v -12.038025 -14.323157 126.130287
v -18.095018 -14.061156 120.843788
v -32.070911 -41.121521 123.195580
v -20.048388 -36.183834 131.726837
v -18.282604 7.137549 -2.054138
v -21.248316 5.457031 -2.751770
v -23.488489 -4.159436 28.855602
v -20.000330 -6.548438 51.305393
v -23.052856 -8.081677 49.451244
v -22.144384 -10.064502 64.599159
v -19.218981 -8.215002 64.442574
v -20.935156 -11.847339 81.339218
v -18.008204 -10.021093 81.391930
v -18.451586 -13.684436 110.311096
v -15.561841 -11.841138 110.525032
v -18.095018 -14.061156 120.843788
v -15.154114 -12.191504 119.747726
v -8.036718 20.809582 281.134766
v -10.321851 21.073132 281.278961
v -9.080066 9.214941 291.228729
v -6.790283 8.945190 291.081451
v -7.935950 -4.422986 296.651642
v -5.646167 -4.708240 296.496613
v -7.523571 -19.294947 299.327454
v -5.243091 -19.601904 299.150726
v -7.759216 -34.973061 294.523102
v -5.480286 -35.301720 294.324677
v -8.015015 -47.835842 283.646240
v -5.739184 -48.181557 283.433868
v -7.861536 -53.602928 266.808502
v -5.574853 -53.926937 266.610077
v -5.768640 -52.813828 249.150681
v -3.483508 -53.091331 248.987900
v -8.056872 -46.781639 229.837128
v -5.745386 -47.052940 229.686752
v -12.571325 -37.115566 216.420898
v -10.126513 -37.428726 216.259659
v -19.670116 -24.352001 206.830780
v -16.070337 -22.102528 206.646301
v -25.102343 -6.963916 197.608093
v -21.407995 -4.649328 197.215866
v -30.424500 6.622851 189.715546
v -26.528612 8.475451 189.225662
v -32.091064 29.157909 158.181046
v -28.269592 30.670996 157.984146
v -31.991846 34.185509 129.771927
v -28.379663 35.566822 131.805908
v -34.218067 33.371605 90.315414
v -30.491161 35.411789 95.556953
v -37.605457 27.190588 46.518089
v -33.762280 30.942297 53.367283
v -42.416016 5.026050 -0.168982
v -39.523167 7.075537 -0.303857
v -48.158298 -17.085779 -27.706835
v -45.378624 -15.216125 -28.294397
v -51.674366 -30.898888 -49.521008
v -48.696251 -29.156359 -49.596973
v -58.384033 -42.411362 -82.988731
v -55.226086 -40.490551 -81.204346
v -61.945057 -47.561436 -114.405418
v -58.973145 -45.891769 -113.179138
v -63.425587 -49.812466 -134.822769
v -60.619556 -48.348988 -135.379333
v -64.813095 -53.379688 -149.000198
v -61.991566 -51.869705 -149.697830
v -67.602074 -62.320225 -169.609802
v -64.727829 -60.662960 -170.288834
v -70.814278 -73.886963 -187.498627
v -68.171028 -73.139717 -189.676788
v -32.994884 42.360203 -253.094620
v -31.131433 44.440697 -252.614029
v -37.904663 17.175695 -255.229385
v -41.541649 12.127941 -258.199738
v -43.068687 -0.706934 -257.241669
v -45.711937 -2.136304 -259.337646
v -48.148998 -16.313734 -252.076080
v -50.604664 -17.009815 -254.122467
v -53.551769 -31.887978 -241.847244
v -55.979527 -32.416626 -243.995956
v -59.289402 -46.054554 -229.720856
v -60.230431 -44.321327 -233.136154
v -63.917027 -46.000294 -231.018448
v -62.400841 -51.283691 -231.463394
v -76.634079 40.237854 -250.795547
v -73.745888 41.081211 -252.835724
v -75.150452 13.406933 -257.916046
v -77.530151 18.507397 -255.133255
v -77.452637 -0.995288 -258.503601
v -79.762573 0.581360 -256.339386
v -80.260216 -15.138611 -252.900833
v -82.404274 -14.090612 -250.683914
v -83.132912 -29.454018 -242.620850
v -85.058372 -28.379663 -240.264404
v -87.028793 -41.527699 -227.271393
v -84.915749 -40.419239 -231.976532
v -82.024452 -43.274879 -229.886734
v -86.580757 -47.614147 -229.985962
v -45.939831 13.365075 -258.016815
v -37.273693 45.267002 -252.015625
v -32.994884 42.360203 -253.094620
v -41.541649 12.127941 -258.199738
v -50.096165 -0.826306 -259.395020
v -45.711937 -2.136304 -259.337646
v -54.974937 -15.702918 -254.448029
v -50.604664 -17.009815 -254.122467
v -60.359104 -31.160891 -244.371124
v -55.979527 -32.416626 -243.995956
v -63.720142 -40.595974 -235.861572
v -60.230431 -44.321327 -233.136154
v -66.964905 -42.155567 -233.915955
v -63.917027 -46.000294 -231.018448
v -75.150452 13.406933 -257.916046
v -73.745888 41.081211 -252.835724
v -69.184921 42.932262 -251.446671
v -70.597237 12.934093 -257.992004
v -77.452637 -0.995288 -258.503601
v -72.947487 -1.784387 -258.520660
v -80.260216 -15.138611 -252.900833
v -75.769020 -15.985071 -252.815567
v -83.132912 -29.454018 -242.620850
v -78.633957 -30.267921 -242.606888
v -84.915749 -40.419239 -231.976532
v -79.894348 -38.030239 -234.985657
v -82.024452 -43.274879 -229.886734
v -77.505348 -40.495205 -233.176468
v -66.633141 45.358471 -250.955215
v -38.966614 47.276180 -251.566040
v -39.228611 46.194077 -243.071976
v -63.543407 44.733700 -242.926254
v -69.184921 42.932262 -251.446671
v -66.197510 42.248581 -243.434753
v -70.597237 12.934093 -257.992004
v -69.770935 13.898376 -249.744446
v -72.947487 -1.784387 -258.520660
v -71.727402 -0.984436 -250.231232
v -75.769020 -15.985071 -252.815567
v -73.792397 -15.304492 -244.462601
v -78.633957 -30.267921 -242.606888
v -75.992256 -29.664856 -234.261673
v -79.894348 -38.030239 -234.985657
v -77.018555 -36.039661 -227.967484
v -47.429661 14.867310 -249.592514
v -37.681419 44.084129 -243.551025
v -37.273693 45.267002 -252.015625
v -45.939831 13.365075 -258.016815
v -52.003025 0.843359 -251.032730
v -50.096165 -0.826306 -259.395020
v -56.438416 -14.172778 -246.215973
v -54.974937 -15.702918 -254.448029
v -60.754429 -29.988867 -236.230545
v -60.359104 -31.160891 -244.371124
v -62.912437 -38.425564 -228.927109
v -63.720142 -40.595974 -235.861572
v -65.766525 -40.405289 -226.679184
v -66.964905 -42.155567 -233.915955
v -75.102394 -38.704617 -225.928848
v -77.505348 -40.495205 -233.176468
v -62.912437 -38.425564 -228.927109
v -61.986912 -30.222960 -251.634247
v -60.754429 -29.988867 -236.230545
v -56.438416 -14.172778 -246.215973
v -58.013512 -15.287439 -259.928314
v -52.003025 0.843359 -251.032730
v -53.156445 1.465027 -266.403900
v -47.429661 14.867310 -249.592514
v -48.800121 15.467274 -270.414490
v -37.681419 44.084129 -243.551025
v -40.161888 40.366528 -273.234467
v -39.228611 46.194077 -243.071976
v -41.760242 42.135410 -273.205017
v -63.543407 44.733700 -242.926254
v -63.631775 41.116867 -273.153870
v -66.197510 42.248581 -243.434753
v -66.220764 39.037926 -273.149200
v -69.770935 13.898376 -249.744446
v -69.746132 14.434778 -270.225372
v -71.727402 -0.984436 -250.231232
v -71.691750 -0.723987 -265.721771
v -73.792397 -15.304492 -244.462601
v -73.649765 -17.113684 -259.140778
v -75.992256 -29.664856 -234.261673
v -75.317879 -31.568615 -250.719574
v -77.018555 -36.039661 -227.967484
v -69.969368 -15.185120 -258.085022
v -71.395638 -25.356590 -253.167496
v -72.567665 -28.550194 -255.869644
v -71.290222 -17.239258 -261.311188
v -67.826866 -0.508496 -264.030396
v -69.341499 -0.914673 -267.889069
v -65.755676 12.983704 -268.102997
v -67.417587 14.096814 -272.394226
v -62.072178 35.120338 -270.853241
v -63.898426 38.740273 -275.437439
v -53.390537 13.191443 -268.237885
v -45.772400 35.331177 -270.943146
v -42.967918 39.740211 -275.536652
v -51.545689 14.909168 -272.543060
v -57.356190 0.514697 -264.492371
v -55.945423 0.710034 -268.399109
v -61.737316 -14.375867 -258.587311
v -60.760632 -15.957166 -261.866180
v -64.623962 -24.679113 -253.702347
v -63.904625 -27.482042 -256.461853
v -7.549927 78.621559 46.707226
v -6.506579 75.479111 48.886940
v -19.724377 72.507202 46.608009
v -22.307165 75.488411 43.832985
v -30.706652 68.947731 43.628345
v -35.100182 71.767708 40.005306
v -49.612476 -3.754809 259.269440
v -51.147266 -4.933032 258.812103
v -51.124012 -4.564062 294.030121
v -49.587669 -3.396692 294.461090
v -48.153648 -4.990393 258.174927
v -48.127293 -4.610571 293.428589
v -48.789268 -6.945312 257.002899
v -48.761364 -6.545337 292.317047
v -50.640320 -6.914307 257.384277
v -50.615513 -6.522082 292.678253
v -51.147266 -4.933032 258.812103
v -51.124012 -4.564062 294.030121
v -49.049717 -6.114356 287.247589
v -48.631138 -4.840015 287.982422
v -49.592319 -4.036963 288.672302
v -50.601562 -4.809009 288.380829
v -50.268250 -6.097302 287.487885
v -23.186182 37.915512 252.018723
v 0.000000 -78.500626 262.038269
v 0.000000 -84.126640 263.056793
v -8.332825 -84.126640 267.039520
v -32.639866 37.915512 256.536285
v -128.361160 40.909130 -227.641922
v -101.262032 43.724461 -238.659851
v -103.037117 42.997372 -240.211685
v -129.252579 40.267307 -229.519318
v -158.849213 36.196243 -209.012039
v -159.120514 35.647438 -211.219666
v -129.368851 39.222408 -229.348785
v -103.283615 42.118359 -240.579117
v -101.731773 41.313755 -239.143539
v -128.361160 38.351147 -227.641922
v -159.077103 34.630447 -211.246017
v -158.742249 33.650661 -209.077164
v -19.005041 53.179699 235.157730
v -20.592541 57.012020 217.113876
v -20.508825 55.960922 215.047333
v -18.894970 52.049538 233.497375
v -15.802136 49.679138 251.691605
v -15.710669 48.564480 250.082413
v -30.517517 -41.026951 261.151489
v -30.821375 -40.541710 254.978226
v -32.278648 -42.448570 255.844849
v -32.002697 -42.885754 261.430542
v -30.188854 -40.372730 267.420868
v -31.670935 -42.222225 267.828613
v -31.674036 -40.329323 274.096436
v -31.677135 -37.864357 278.720978
v -30.199707 -35.746655 278.767487
v -30.193506 -38.520130 273.561584
v -31.670935 -42.222225 267.828613
v -30.188854 -40.372730 267.420868
v -165.980560 39.334034 -91.884315
v -168.095169 37.713978 -92.065697
v -168.062607 38.219372 -78.061897
v -165.948013 39.828575 -77.889816
v -163.972931 37.633362 -92.318398
v -163.935730 38.155807 -78.300644
v -164.847305 34.942055 -92.785034
v -164.810089 35.490856 -78.742477
v -167.397537 34.982361 -92.633102
v -167.363419 35.523411 -78.598305
v -168.095169 37.713978 -92.065697
v -168.062607 38.219372 -78.061897
v -165.205414 36.086166 -80.759407
v -164.630264 37.841099 -80.466408
v -165.952652 38.946457 -80.192001
v -167.344818 37.884506 -80.308273
v -166.884384 36.109421 -80.663292
v -160.402603 40.211498 -91.884315
v -162.517212 38.591442 -92.065697
v -162.484650 39.096836 -78.061897
v -160.370056 40.706043 -77.889816
v -158.394974 38.510830 -92.318398
v -158.357773 39.033276 -78.300644
v -159.269348 35.819519 -92.785034
v -159.232132 36.368320 -78.742477
v -161.819580 35.859829 -92.633102
v -161.785477 36.400875 -78.598305
v -162.517212 38.591442 -92.065697
v -162.484650 39.096836 -78.061897
v -159.627457 36.963634 -80.759407
v -159.052307 38.718563 -80.466408
v -160.374710 39.823925 -80.192001
v -161.766861 38.761974 -80.308273
v -161.306427 36.986889 -80.663292
v 85.169991 82.275597 -145.339966
v 69.251587 87.355911 -156.360992
v 67.578819 88.031837 -150.832657
v 68.291954 87.557449 -138.945007
v 70.656151 86.445885 -133.548431
v 70.656151 86.445885 -133.548431
v 74.158264 84.855286 -129.113052
v 74.158264 84.855286 -129.113052
v 78.517685 82.915871 -125.998512
v 78.517685 82.915871 -125.998512
v 83.379402 80.784210 -124.459068
v 92.963318 76.635628 -126.460495
v 96.877808 74.953560 -129.840134
v 96.877808 74.953560 -129.840134
v 99.748947 73.725731 -134.481705
v 99.748947 73.725731 -134.481705
v 101.341103 73.049797 -140.010056
v 100.330307 73.524193 -151.897705
v 97.845192 74.635750 -157.295822
v 97.845192 74.635750 -157.295822
v 94.293465 76.226349 -161.729660
v 94.293465 76.226349 -161.729660
v 89.972801 78.165764 -164.844193
v 80.427650 82.449234 -166.227066
v 75.942650 84.447563 -164.383759
v 75.942650 84.447563 -164.383759
v 72.118080 86.128075 -161.004120
v 72.118080 86.128075 -161.004120
v 69.251587 87.355911 -156.360992
v 67.243958 88.100052 -144.867126
v 68.291954 87.557449 -138.945007
v 67.578819 88.031837 -150.832657
v 83.379402 80.784210 -124.459068
v 88.332588 78.632408 -124.617195
v 92.963318 76.635628 -126.460495
v 101.341103 73.049797 -140.010056
v 101.534889 72.981590 -145.977127
v 100.330307 73.524193 -151.897705
v 89.972801 78.165764 -164.844193
v 85.227356 80.298973 -166.385193
v 80.427650 82.449234 -166.227066
v 124.885399 -7.460010 -139.827118
v 130.779617 1.936316 -151.536484
v 132.722122 4.005957 -148.021973
v 134.284821 5.602758 -139.366684
v 133.770126 4.971789 -134.918900
v 133.770126 4.971789 -134.918900
v 132.421371 3.413745 -130.871078
v 132.421371 3.413745 -130.871078
v 130.343979 1.051099 -127.547249
v 130.343979 1.051099 -127.547249
v 127.708481 -1.919263 -125.218712
v 121.659241 -8.652185 -124.218773
v 118.741585 -11.839587 -125.634193
v 118.741585 -11.839587 -125.634193
v 116.217712 -14.546398 -128.212326
v 116.217712 -14.546398 -128.212326
v 114.292244 -16.549377 -131.745438
v 112.793114 -17.902782 -140.464294
v 113.334167 -17.171043 -144.938431
v 113.334167 -17.171043 -144.938431
v 114.693771 -15.571143 -148.997101
v 114.693771 -15.571143 -148.997101
v 116.761864 -13.241053 -152.313187
v 122.315010 -7.163904 -155.723831
v 125.358238 -3.880383 -155.551743
v 125.358238 -3.880383 -155.551743
v 128.257278 -0.764294 -154.116165
v 128.257278 -0.764294 -154.116165
v 130.779617 1.936316 -151.536484
v 133.923599 5.266345 -143.853226
v 134.284821 5.602758 -139.366684
v 132.722122 4.005957 -148.021973
v 127.708481 -1.919263 -125.218712
v 124.731918 -5.247741 -124.077698
v 121.659241 -8.652185 -124.218773
v 114.292244 -16.549377 -131.745438
v 113.120224 -17.695044 -135.943634
v 112.793114 -17.902782 -140.464294
v 116.761864 -13.241053 -152.313187
v 119.372559 -10.365258 -154.616913
v 122.315010 -7.163904 -155.723831
v -69.253136 87.355911 -156.360992
v -85.169991 82.275597 -145.339966
v -67.578819 88.031837 -150.832657
v -68.291954 87.557449 -138.945007
v -70.656151 86.445885 -133.548431
v -70.656151 86.445885 -133.548431
v -74.158264 84.855286 -129.113052
v -74.158264 84.855286 -129.113052
v -78.519234 82.915871 -125.998512
v -78.519234 82.915871 -125.998512
v -83.379402 80.784210 -124.459068
v -92.963318 76.635628 -126.460495
v -96.877808 74.953560 -129.840134
v -96.877808 74.953560 -129.840134
v -99.748947 73.725731 -134.481705
v -99.748947 73.725731 -134.481705
v -101.342651 73.049797 -140.010056
v -100.331856 73.524193 -151.897705
v -97.845192 74.635750 -157.295822
v -97.845192 74.635750 -157.295822
v -94.293465 76.226349 -161.729660
v -94.293465 76.226349 -161.729660
v -89.972801 78.165764 -164.844193
v -80.429199 82.449234 -166.227066
v -75.944199 84.447563 -164.383759
v -75.944199 84.447563 -164.383759
v -72.118080 86.128075 -161.004120
v -72.118080 86.128075 -161.004120
v -69.253136 87.355911 -156.360992
v -67.243958 88.100052 -144.867126
v -68.291954 87.557449 -138.945007
v -67.578819 88.031837 -150.832657
v -83.379402 80.784210 -124.459068
v -88.334145 78.632408 -124.617195
v -92.963318 76.635628 -126.460495
v -101.342651 73.049797 -140.010056
v -101.536438 72.981590 -145.977127
v -100.331856 73.524193 -151.897705
v -89.972801 78.165764 -164.844193
v -85.227356 80.298973 -166.385193
v -80.429199 82.449234 -166.227066
v -130.781158 1.936316 -151.536484
v -124.886948 -7.460010 -139.827118
v -132.722122 4.005957 -148.021973
v -134.284821 5.602758 -139.366684
v -133.771683 4.971789 -134.918900
v -133.771683 4.971789 -134.918900
v -132.421371 3.413745 -130.871078
v -132.421371 3.413745 -130.871078
v -130.345535 1.051099 -127.547249
v -130.345535 1.051099 -127.547249
v -127.710030 -1.919263 -125.218712
v -121.659241 -8.652185 -124.218773
v -118.741585 -11.839587 -125.634193
v -118.741585 -11.839587 -125.634193
v -116.217712 -14.546398 -128.212326
v -116.217712 -14.546398 -128.212326
v -114.292244 -16.549377 -131.745438
v -112.794662 -17.902782 -140.464294
v -113.334167 -17.171043 -144.938431
v -113.334167 -17.171043 -144.938431
v -114.695320 -15.571143 -148.997101
v -114.695320 -15.571143 -148.997101
v -116.763412 -13.241053 -152.313187
v -122.316566 -7.163904 -155.723831
v -125.358238 -3.880383 -155.551743
v -125.358238 -3.880383 -155.551743
v -128.257278 -0.764294 -154.116165
v -128.257278 -0.764294 -154.116165
v -130.781158 1.936316 -151.536484
v -133.925156 5.266345 -143.853226
v -134.284821 5.602758 -139.366684
v -132.722122 4.005957 -148.021973
v -127.710030 -1.919263 -125.218712
v -124.733467 -5.247741 -124.077698
v -121.659241 -8.652185 -124.218773
v -114.292244 -16.549377 -131.745438
v -113.121773 -17.695044 -135.943634
v -112.794662 -17.902782 -140.464294
v -116.763412 -13.241053 -152.313187
v -119.372559 -10.365258 -154.616913
v -122.316566 -7.163904 -155.723831
v 163.817902 31.362427 -206.550186
v 163.817902 36.929531 -206.550186
v 169.938461 38.794533 -85.659889
v 169.938461 33.253784 -85.756004
v 169.685760 30.855482 -90.782051
v 164.096954 29.151709 -201.052841
v 0.000000 53.170395 -249.651428
v 10.171472 53.170395 -252.573730
v 10.171472 45.307308 -252.573730
v 0.000000 45.307308 -249.651428
v -10.173022 45.307308 -252.573730
v -10.173022 53.170395 -252.573730
v 128.269684 34.692455 -225.683899
v 164.096954 29.151709 -201.052841
v 169.685760 30.855482 -90.782051
v 122.525856 43.918251 -64.454979
v 76.190697 41.126171 -250.576950
v 76.634079 40.237854 -250.795547
v 91.031654 52.517723 -29.161011
v 8.856824 20.045288 219.361801
v 10.862903 8.613428 232.782684
v 0.000000 20.063890 234.016724
v 0.000000 31.168640 220.442352
v -8.858374 20.045288 219.361801
v -10.864453 8.613428 232.782684
v 10.862903 8.613428 232.782684
v 13.450341 -13.589869 244.716843
v 0.000000 -1.846399 246.116760
v 0.000000 20.063890 234.016724
v -10.864453 8.613428 232.782684
v -13.451892 -13.589869 244.716843
v 5.666321 39.699902 166.763458
v 8.856824 20.045288 219.361801
v 0.000000 31.168640 220.442352
v 0.000000 49.933384 167.358780
v -5.667871 39.699902 166.763458
v -8.858374 20.045288 219.361801
v 17.109034 33.453770 -243.380493
v 17.589624 17.051672 -232.181168
v 0.000000 29.111401 -232.181168
v 0.000000 45.484043 -243.380493
v -17.109034 33.453770 -243.380493
v -17.591173 17.051672 -232.181168
v 17.589624 17.051672 -232.181168
v 18.062464 4.522204 -216.636383
v 0.000000 16.608288 -216.636383
v 0.000000 29.111401 -232.181168
v -17.591173 17.051672 -232.181168
v -18.064013 4.522204 -216.636383
v 75.353539 47.104099 -241.523239
v 107.160896 41.071911 -234.763962
v 105.024597 35.786961 -234.478714
v 127.617012 36.603966 -222.192642
v 123.561447 26.927038 -222.180237
v 117.013008 20.615795 -221.890335
v 141.228592 33.021240 -203.378281
v 134.618134 18.112072 -203.725540
v 125.711708 8.539014 -202.934891
v 146.911957 31.650780 -178.203079
v 137.847397 11.244274 -178.948761
v 128.234024 0.010852 -177.716278
v 145.357010 33.779331 -147.684006
v 135.556061 8.921936 -148.936646
v 125.514816 -4.077271 -147.753769
v 137.574539 39.248768 -114.382164
v 129.737808 12.709302 -115.909203
v 120.056236 -2.122351 -115.203819
v 124.786179 46.118114 -81.754700
v 112.458252 6.123657 -82.734482
v 120.409706 21.251417 -83.163918
v 109.239845 52.387497 -52.657253
v 102.548775 18.508947 -53.785862
v 107.664742 30.993458 -54.064915
v 93.293526 57.365490 -28.717627
v 90.684387 31.667835 -30.464806
v 93.127647 39.741760 -30.396593
v 78.233986 61.072239 -11.042737
v 77.627815 43.913597 -12.957348
v 78.440170 47.837391 -12.713952
v 64.321655 63.253502 -0.596863
v 64.388313 56.008984 -1.644861
v 56.413609 63.510853 1.051099
v 77.435585 24.558191 -233.880295
v 71.697945 43.270226 -240.828705
v 73.136620 43.902744 -241.019394
v 86.121872 25.297680 -233.909744
v 73.136620 43.902744 -241.019394
v 84.847534 35.453648 -237.337448
v 93.994263 27.559557 -234.038422
v 97.535133 29.931505 -234.165543
v 84.847534 35.453648 -237.337448
v 108.598022 14.082861 -221.481049
v 104.881966 11.791529 -221.287262
v 117.557167 1.571997 -202.010925
v 92.662560 7.745264 -220.797379
v 79.658699 6.477124 -220.656296
v 109.185585 -4.041614 -200.893158
v 120.220566 -7.397998 -176.291565
v 94.561668 -9.286255 -199.242096
v 79.495918 -10.762134 -198.755310
v 108.495705 -15.941663 -173.738235
v 117.924583 -11.789978 -146.434464
v 93.584984 -20.832836 -170.797318
v 78.198326 -22.001759 -169.974121
v 105.612160 -21.643639 -143.761765
v 113.234947 -10.267591 -114.450378
v 91.422325 -25.799974 -140.912323
v 76.524010 -26.646433 -140.146484
v 101.728676 -21.093287 -112.853577
v 106.373352 -2.581238 -82.281799
v 88.270576 -26.243361 -111.245918
v 74.336548 -27.371973 -110.819588
v 97.206467 -12.668994 -81.470993
v 84.754517 -19.352306 -80.706703
v 72.000252 -21.212660 -80.534615
v 90.885925 1.483630 -52.837086
v 97.133606 9.276954 -53.381237
v 80.357887 -5.216736 -52.263477
v 69.270187 -7.597986 -52.159607
v 82.181030 15.676562 -30.094286
v 86.134277 21.775415 -30.334581
v 74.241982 9.818006 -29.729967
v 65.538635 7.291028 -29.680359
v 72.158386 28.936218 -13.577465
v 74.110207 33.134411 -13.459644
v 61.669102 44.546116 -2.861841
v 66.975754 23.823351 -13.625525
v 61.059837 21.243664 -13.740246
v 59.199486 40.898277 -3.202905
v 52.920799 58.766956 0.985986
v 56.253929 38.741821 -3.466455
v 2.173511 -63.816261 -45.294910
v 21.846727 39.698353 -94.023720
v 0.000000 39.698353 -94.023720
v 0.000000 -63.816261 -45.294910
v -2.175061 -63.816261 -45.294910
v -21.848278 39.698353 -94.023720
v 0.000000 -99.370674 -162.448990
v 2.095996 -99.370674 -162.448990
v 1.854150 -100.184578 -159.132919
v 0.000000 -100.184578 -159.132919
v -1.855701 -100.184578 -159.132919
v -2.097546 -99.370674 -162.448990
v 28.626160 96.181725 -197.916595
v 46.367710 89.679794 -208.444641
v 28.226183 89.684448 -216.244156
v 58.549915 89.676697 -199.212646
v 48.093189 96.181725 -182.139267
v 28.914515 98.879234 -185.042969
v 29.481920 101.032593 -172.139877
v 68.019104 89.679794 -187.780777
v 33.432068 101.274437 -164.479874
v 58.799511 96.181725 -159.607315
v 73.868355 88.979065 -175.443558
v 36.397778 101.274437 -156.537735
v 37.763584 101.274437 -147.649902
v 56.046192 92.826889 -134.187149
v 37.579102 101.274437 -138.044281
v 35.673790 101.274437 -127.985992
v 47.015736 96.181717 -104.863373
v 32.867760 101.274437 -117.777313
v 61.955906 93.651649 -126.632584
v 28.838549 101.274429 -106.609001
v 67.206749 89.729401 -108.754608
v 69.818993 89.723206 -116.313835
v 59.106468 89.735596 -90.637886
v 49.587669 89.738708 -72.674637
v 33.095654 96.181725 -77.004601
v 27.926977 99.987686 -94.601982
v 39.177452 89.732506 -55.753185
v 26.207703 97.823486 -76.837173
v 28.277344 89.712349 -41.095165
v 21.141344 96.181725 -59.740536
v 17.127636 89.667397 -30.092735
v 12.819372 96.181725 -51.886753
v 5.838403 89.619331 -24.100853
v 4.390429 96.181725 -47.744370
v 0.000000 89.619331 -24.100853
v 0.000000 96.181725 -47.744370
v -4.390429 96.181725 -47.744370
v -5.838403 89.619331 -24.100853
v -12.819372 96.181725 -51.886753
v -17.129187 89.667397 -30.092735
v -21.141344 96.181725 -59.740536
v -28.277344 89.712349 -41.095165
v -33.095654 96.181725 -77.004601
v -26.209253 97.823486 -76.837173
v -39.179005 89.732506 -55.753185
v -27.928528 99.987686 -94.601982
v -49.587669 89.738708 -72.674637
v -28.840099 101.274429 -106.609001
v -47.017284 96.181717 -104.863373
v -59.108021 89.735596 -90.637886
v -32.869312 101.274437 -117.777313
v -67.208298 89.729401 -108.754608
v -35.673790 101.274437 -127.985992
v -61.955906 93.651649 -126.632584
v -69.818993 89.723206 -116.313835
v -56.047741 92.826889 -134.187149
v -37.579102 101.274437 -138.044281
v -37.765137 101.274437 -147.649902
v -58.801060 96.181725 -159.607315
v -36.397778 101.274437 -156.537735
v -33.432068 101.274437 -164.479874
v -68.020653 89.679794 -187.780777
v -73.869911 88.979065 -175.443558
v -48.093189 96.181725 -182.139267
v -29.483471 101.032593 -172.139877
v -28.916063 98.879234 -185.042969
v -58.551464 89.676697 -199.212646
v -28.627710 96.181725 -197.916595
v -46.369263 89.679794 -208.444641
v -28.226183 89.684448 -216.244156
v 5.463233 86.118774 -28.041698
v 5.874060 88.765121 -23.597008
v 0.000000 88.765121 -23.597008
v 0.000000 86.118774 -28.041698
v -5.463233 86.118774 -28.041698
v -5.874060 88.765121 -23.597008
v 16.676500 78.251038 -289.648987
v 27.041759 42.771030 -250.004898
v 22.287012 39.561928 -254.861954
v 6.515881 77.100716 -296.975677
v 0.000000 68.538452 -287.774689
v 3.433899 39.561928 -256.663391
v 0.000000 77.703781 -297.615936
v -6.517432 77.100716 -296.975677
v -22.288561 39.561928 -254.861954
v -3.433899 39.561928 -256.663391
v -16.678051 78.251038 -289.648987
v -27.043310 42.771030 -250.004898
v 24.088451 101.669762 -240.865921
v 28.226183 89.684448 -216.244156
v 28.140917 88.748070 -216.730957
v 23.880713 100.148926 -242.368149
v 22.032763 100.869812 -244.594376
v 22.231201 102.479019 -243.140198
v 13.690637 102.479019 -246.462479
v 13.713891 100.869812 -247.795731
v 0.000000 102.480568 -248.166245
v 0.000000 100.869812 -249.485550
v -13.713891 100.869812 -247.795731
v -13.690637 102.479019 -246.462479
v -22.032763 100.869812 -244.594376
v -22.231201 102.479019 -243.140198
v -24.090002 101.669762 -240.865921
v -23.882263 100.148926 -242.368149
v -28.140917 88.748070 -216.730957
v -28.226183 89.684448 -216.244156
v 20.821985 33.773132 -267.016266
v 28.601355 8.233606 -264.010223
v 0.000000 6.001184 -284.664795
v 0.000000 32.002697 -279.421692
v -20.821985 33.773132 -267.016266
v -28.602905 8.233606 -264.010223
v 19.488733 34.365345 -271.530701
v 20.821985 33.773132 -267.016266
v 0.000000 32.002697 -279.421692
v 0.000000 33.002636 -285.909668
v -19.490282 34.365345 -271.530701
v -20.821985 33.773132 -267.016266
v 0.000000 -43.490368 108.700340
v 0.479041 -43.116749 108.593369
v 0.466638 -43.231468 122.308815
v 0.000000 -43.961658 122.308815
v -0.466638 -43.231468 122.308815
v -0.479041 -43.116749 108.593369
v 7.213513 44.973995 -54.264908
v 7.546826 45.632874 -73.442024
v 0.479041 45.632874 -73.442024
v 0.479041 44.973995 -54.264908
v 0.000000 44.973995 -54.264908
v 0.000000 45.632874 -73.442024
v -0.479041 45.632874 -73.442024
v -0.479041 44.973995 -54.264908
v -7.215064 44.973995 -54.264908
v -7.548377 45.632874 -73.442024
v 7.546826 45.632874 -73.442024
v 8.021215 34.369991 -247.584885
v 0.479041 34.369991 -247.584885
v 0.479041 45.632874 -73.442024
v 0.000000 45.632874 -73.442024
v 0.000000 34.369991 -247.584885
v -0.479041 34.369991 -247.584885
v -0.479041 45.632874 -73.442024
v -7.548377 45.632874 -73.442024
v -8.021215 34.369991 -247.584885
v 0.000000 16.701307 -16.927647
v 17.175695 17.078028 -17.329174
v 14.264245 25.124048 -21.470009
v 0.000000 25.079088 -21.479311
v -14.265796 25.124048 -21.470009
v -17.175695 17.078028 -17.329174
v 0.000000 36.580711 -12.793018
v 8.929688 36.580711 -12.793018
v 6.255432 41.595909 -2.054138
v 0.000000 41.595909 -2.054138
v -6.256982 41.595909 -2.054138
v -8.931237 36.580711 -12.793018
v 12.036474 -14.323157 126.130287
v 10.731128 -12.281420 123.752136
v 0.000000 -12.317077 123.683922
v 0.000000 -14.261146 125.914795
v -12.038025 -14.323157 126.130287
v -10.732678 -12.281420 123.752136
v 0.000000 81.323715 76.021721
v 7.475513 80.928391 75.621742
v 6.464722 79.576530 78.305298
v 0.000000 79.849380 78.567299
v -6.466272 79.576530 78.305298
v -7.475513 80.928391 75.621742
v 0.000000 38.977463 250.114960
v 12.269018 38.977463 250.114960
v 12.269018 -22.581568 200.059097
v 0.000000 -22.581568 200.059097
v -12.270569 -22.581568 200.059097
v -12.270569 38.977463 250.114960
v 0.000000 17.690393 311.542206
v 1.277441 17.690393 311.542206
v 1.247986 22.345921 309.331512
v 0.000000 22.345921 309.331512
v -1.247986 22.345921 309.331512
v -1.277441 17.690393 311.542206
v 0.000000 13.715443 -269.236267
v 21.860682 13.715443 -269.236267
v 2.095996 -99.370674 -162.448990
v 0.000000 -99.370674 -162.448990
v -2.097546 -99.370674 -162.448990
v -21.862230 13.715443 -269.236267
v 0.000000 -100.184578 -159.132919
v 1.854150 -100.184578 -159.132919
v 1.854150 -66.318428 -46.350658
v 0.000000 -66.318428 -46.350658
v -1.855701 -66.318428 -46.350658
v -1.855701 -100.184578 -159.132919
v 1.854150 -66.318428 -46.350658
v 2.173511 -63.816261 -45.294910
v 0.000000 -63.816261 -45.294910
v 0.000000 -66.318428 -46.350658
v -1.855701 -66.318428 -46.350658
v -2.175061 -63.816261 -45.294910
v 0.000000 40.887424 -269.698273
v 17.789612 40.952538 -268.499878
v 16.781921 38.785229 -275.437439
v 0.000000 37.576000 -287.773132
v -16.781921 38.785229 -275.437439
v -17.791162 40.952538 -268.499878
v 0.000000 6.001184 -284.664795
v 28.601355 8.233606 -264.010223
v 26.928589 10.042798 -272.529083
v 0.000000 6.656958 -291.103149
v -26.930140 10.042798 -272.529083
v -28.602905 8.233606 -264.010223
v 0.000000 25.079088 -21.479311
v 14.264245 25.124048 -21.470009
v 11.636498 30.839977 -19.426722
v 0.000000 30.847729 -19.425171
v -11.636498 30.839977 -19.426722
v -14.265796 25.124048 -21.470009
v 0.000000 79.018433 47.045189
v 7.549927 78.621559 46.707226
v 6.505029 75.479111 48.886940
v 0.000000 75.751961 49.079174
v -6.506579 75.479111 48.886940
v -7.549927 78.621559 46.707226
v 10.171472 45.307308 -252.573730
v 31.131433 44.440697 -252.614029
v 17.109034 33.453770 -243.380493
v 33.894054 33.838242 -243.130890
v 39.245667 18.533752 -231.314560
v 17.589624 17.051672 -232.181168
v 43.924450 5.559350 -216.036423
v 18.062464 4.522204 -216.636383
v 47.263783 -3.430798 -198.209610
v 18.369421 -4.007507 -198.535172
v 49.198547 -8.678539 -178.872803
v 18.457788 -8.842871 -178.947220
v 50.004700 -11.379149 -158.432190
v 18.310511 -11.374498 -158.396530
v 0.000000 1.372009 -158.396530
v 49.183044 -10.309447 -135.176239
v 48.871433 -11.645801 -117.800560
v 0.000000 -11.028784 -125.967506
v -48.872986 -11.645801 -117.800560
v -49.184593 -10.309447 -135.176239
v -50.006248 -11.379149 -158.432190
v 0.000000 -12.020971 -93.290428
v -47.842041 -13.059668 -93.960152
v 47.842041 -13.059668 -93.960152
v -43.941502 -10.635010 -59.269249
v 43.941502 -10.635010 -59.269249
v -18.457788 -8.842871 -178.947220
v -18.312059 -11.374498 -158.396530
v -49.200096 -8.678539 -178.872803
v -18.369421 -4.007507 -198.535172
v -47.263783 -3.430798 -198.209610
v -18.064013 4.522204 -216.636383
v -43.924450 5.559350 -216.036423
v -17.591173 17.051672 -232.181168
v -39.247215 18.533752 -231.314560
v -17.109034 33.453770 -243.380493
v -33.894054 33.838242 -243.130890
v -31.131433 44.440697 -252.614029
v -10.173022 45.307308 -252.573730
v 0.000000 -9.307960 -58.644482
v 0.258899 3.503662 -46.043701
v 38.546482 1.654163 -46.914967
v 0.000000 2.295984 -47.229675
v -0.260449 3.503662 -46.043701
v -38.546482 1.654163 -46.914967
v 0.000000 24.990723 -33.579346
v 35.979198 24.990723 -33.579346
v 0.000000 5.455481 -44.910435
v -35.980747 24.990723 -33.579346
v 33.101856 37.000843 -13.406934
v -33.103405 37.000843 -13.406934
v 0.000000 37.000843 -13.406934
v 30.224512 43.067139 0.435632
v -30.226061 43.067139 0.435632
v 0.000000 43.067139 0.435632
v 26.655737 49.629528 83.870850
v -26.655737 49.629528 83.870850
v 0.000000 49.629528 83.870850
v 22.762951 48.206360 122.981636
v -22.762951 48.206360 122.981636
v 0.000000 48.206360 122.981636
v 21.060730 45.167789 141.098358
v -21.062281 45.167789 141.098358
v 0.000000 45.167789 141.098358
v 19.325953 41.718388 156.669510
v -19.327501 41.718388 156.669510
v 0.000000 41.718388 156.669510
v 17.646984 23.643518 185.597977
v -17.648535 23.643518 185.597977
v 0.000000 23.643518 185.597977
v 15.163415 9.738940 196.294998
v -15.163415 9.738940 196.294998
v 0.000000 9.738940 196.294998
v 10.366809 -8.571570 206.646301
v -10.366809 -8.571570 206.646301
v 0.000000 -8.571570 206.646301
v 8.332825 -84.126640 267.039520
v 2.526978 -83.393356 282.709869
v 1.719275 -83.359245 282.908295
v 0.910022 -83.335991 283.040070
v 0.000000 -83.325142 283.105194
v 0.000000 -84.126640 263.056793
v -8.332825 -84.126640 267.039520
v -0.910022 -83.335991 283.040070
v -1.719275 -83.359245 282.908295
v -2.526978 -83.393356 282.709869
v 6.875549 46.445229 269.789734
v 6.639904 46.063854 270.643951
v 6.672461 45.829762 270.986542
v 11.568286 48.048229 262.312653
v 11.337293 47.011086 264.427277
v 7.021277 45.629772 270.957092
v 15.676562 50.809303 249.626617
v 15.800586 49.679138 251.691605
v 18.584911 54.227699 233.746964
v 19.003490 53.179699 235.157730
v 20.341394 57.517418 216.548019
v 20.592541 57.012020 217.113876
v 20.006531 57.804222 216.991409
v 31.424438 -43.721359 255.463470
v 31.746899 -43.237667 255.037140
v 32.024403 -42.822189 255.168915
v 31.162439 -44.160091 261.229004
v 32.002697 -42.885754 261.430542
v 32.277100 -42.448570 255.844849
v 31.669384 -42.222225 267.828613
v 30.833776 -43.544628 267.937134
v 30.826025 -41.524593 274.459198
v 31.672485 -40.329323 274.096436
v 31.677135 -37.864357 278.720978
v 31.119030 -38.309288 279.654236
v 30.819824 -38.948009 279.393799
v 31.385681 -37.972878 279.441864
v -169.940018 38.794533 -85.659889
v -163.817902 36.929531 -206.550186
v -163.817902 31.362427 -206.550186
v -169.940018 33.253784 -85.756004
v -169.687317 30.855482 -90.782051
v -164.096954 29.151709 -201.052841
v -169.687317 30.855482 -90.782051
v -164.096954 29.151709 -201.052841
v -128.269684 34.692455 -225.683899
v -122.527405 43.918251 -64.454979
v -76.192245 41.126171 -250.576950
v -76.634079 40.237854 -250.795547
v -91.031654 52.517723 -29.161011
v -107.162453 41.071911 -234.763962
v -75.355087 47.104099 -241.523239
v -105.026146 35.786961 -234.478714
v -127.618568 36.603966 -222.192642
v -123.562996 26.927038 -222.180237
v -141.230133 33.021240 -203.378281
v -117.013008 20.615795 -221.890335
v -134.618134 18.112072 -203.725540
v -146.913513 31.650780 -178.203079
v -125.713257 8.539014 -202.934891
v -137.847397 11.244274 -178.948761
v -145.357010 33.779331 -147.684006
v -128.234024 0.010852 -177.716278
v -135.557617 8.921936 -148.936646
v -137.574539 39.248768 -114.382164
v -125.516365 -4.077271 -147.753769
v -129.737808 12.709302 -115.909203
v -120.056236 -2.122351 -115.203819
v -124.786179 46.118114 -81.754700
v -112.458252 6.123657 -82.734482
v -120.411255 21.251417 -83.163918
v -109.241394 52.387497 -52.657253
v -102.550331 18.508947 -53.785862
v -107.664742 30.993458 -54.064915
v -93.293526 57.365490 -28.717627
v -90.684387 31.667835 -30.464806
v -93.129196 39.741760 -30.396593
v -78.235535 61.072239 -11.042737
v -77.627815 43.913597 -12.957348
v -78.441719 47.837391 -12.713952
v -64.321655 63.253502 -0.596863
v -64.388313 56.008984 -1.644861
v -56.413609 63.510853 1.051099
v -73.138168 43.902744 -241.019394
v -71.697945 43.270226 -240.828705
v -77.435585 24.558191 -233.880295
v -86.121872 25.297680 -233.909744
v -84.847534 35.453648 -237.337448
v -73.138168 43.902744 -241.019394
v -93.994263 27.559557 -234.038422
v -97.536682 29.931505 -234.165543
v -84.847534 35.453648 -237.337448
v -108.599571 14.082861 -221.481049
v -104.881966 11.791529 -221.287262
v -117.558716 1.571997 -202.010925
v -92.662560 7.745264 -220.797379
v -79.658699 6.477124 -220.656296
v -109.185585 -4.041614 -200.893158
v -120.222115 -7.397998 -176.291565
v -94.563217 -9.286255 -199.242096
v -79.495918 -10.762134 -198.755310
v -108.495705 -15.941663 -173.738235
v -117.924583 -11.789978 -146.434464
v -93.586533 -20.832836 -170.797318
v -78.199875 -22.001759 -169.974121
v -105.613708 -21.643639 -143.761765
v -113.234947 -10.267591 -114.450378
v -91.422325 -25.799974 -140.912323
v -76.525558 -26.646433 -140.146484
v -101.728676 -21.093287 -112.853577
v -106.373352 -2.581238 -82.281799
v -88.272133 -26.243361 -111.245918
v -74.338097 -27.371973 -110.819588
v -97.206467 -12.668994 -81.470993
v -84.754517 -19.352306 -80.706703
v -72.000252 -21.212660 -80.534615
v -90.887474 1.483630 -52.837086
v -97.135155 9.276954 -53.381237
v -80.357887 -5.216736 -52.263477
v -69.271736 -7.597986 -52.159607
v -82.182579 15.676562 -30.094286
v -86.134277 21.775415 -30.334581
v -74.243530 9.818006 -29.729967
v -65.540184 7.291028 -29.680359
v -72.159935 28.936218 -13.577465
v -74.110207 33.134411 -13.459644
v -61.670654 44.546116 -2.861841
v -66.977303 23.823351 -13.625525
v -61.061390 21.243664 -13.740246
v -59.199486 40.898277 -3.202905
v -52.922352 58.766956 0.985986
v -56.253929 38.741821 -3.466455
v -37.700024 71.101082 41.192837
v -55.556297 66.312233 19.651512
v -45.925877 65.307640 43.194263
v -34.151402 70.412750 56.968616
v -31.649231 72.028152 57.931347
v -34.830433 72.716492 42.340054
v -28.821497 70.381744 72.731995
v -31.004309 68.766342 71.921196
v -38.267429 63.344967 64.662727
v -45.925877 65.307640 43.194263
v -6.672461 45.829762 270.986542
v -6.641455 46.063854 270.643951
v -6.875549 46.445229 269.789734
v -11.569837 48.048229 262.312653
v -11.338842 47.011086 264.427277
v -7.022827 45.629772 270.957092
v -15.678113 50.809303 249.626617
v -15.802136 49.679138 251.691605
v -18.584911 54.227699 233.746964
v -19.005041 53.179699 235.157730
v -20.342943 57.517418 216.548019
v -20.008081 57.804222 216.991409
v -20.592541 57.012020 217.113876
v -32.024403 -42.822189 255.168915
v -31.746899 -43.237667 255.037140
v -31.425989 -43.721359 255.463470
v -31.162439 -44.160091 261.229004
v -32.002697 -42.885754 261.430542
v -32.278648 -42.448570 255.844849
v -31.670935 -42.222225 267.828613
v -30.833776 -43.544628 267.937134
v -30.827576 -41.524593 274.459198
v -31.674036 -40.329323 274.096436
v -31.677135 -37.864357 278.720978
v -31.119030 -38.309288 279.654236
v -30.819824 -38.948009 279.393799
v -31.385681 -37.972878 279.441864
v 125.917892 45.333664 -223.105759
v 71.656090 50.781395 -244.361832
v 51.094555 53.336277 -244.247101
v 89.853432 53.193649 -222.755386
v 160.701813 39.957253 -201.851242
v 30.534571 55.038498 -244.171143
v 114.699974 52.745621 -201.279190
v 166.707657 41.785046 -86.571457
v 53.788963 58.433640 -222.521301
v 9.973035 55.889610 -244.133926
v 118.988083 56.856991 -139.566666
v 120.088791 54.689686 -64.062752
v 68.696579 61.272228 -200.897812
v 85.690895 63.983692 -106.440010
v 90.070473 63.120178 -28.108360
v 71.270065 66.926147 -139.110886
v 64.248787 68.575661 -64.239487
v 66.589729 68.070259 18.324461
v 51.291443 70.259270 -106.147011
v 47.476170 70.846840 -12.969750
v 49.347374 69.774033 73.229645
v 38.425560 72.423492 -64.058098
v 35.159092 70.550728 47.356800
v 37.806995 68.078018 113.960487
v 28.362610 73.147469 -12.859679
v 26.916185 67.185051 115.651855
v 31.443041 63.822464 152.345734
v 20.972363 71.921188 47.421913
v 22.372278 61.438110 164.007034
v 30.071032 50.519394 217.222397
v 16.026928 68.034607 115.695259
v 9.249047 74.297791 -12.805419
v 6.785632 72.606422 47.454468
v 13.299963 62.027222 164.056656
v 12.603882 74.347404 -63.968185
v 21.390942 51.272835 217.315414
v 16.891993 73.397064 -106.001282
v 22.316467 44.803467 241.417816
v 31.365526 44.105835 241.320145
v 23.552050 71.961494 -138.881439
v 23.703979 35.097080 277.246643
v 33.308044 34.484715 277.145874
v 10.576098 24.789185 303.581451
v 7.466211 23.567553 306.455719
v 14.099915 35.504807 277.313293
v 4.356323 22.753649 308.373413
v 13.267407 45.267006 241.481384
v 4.494299 35.707897 277.345856
v 1.247986 22.345921 309.331512
v 12.712402 51.775131 217.375870
v 4.216797 45.499550 241.513931
v 0.000000 35.707897 277.345856
v 0.000000 22.345921 309.331512
v -1.247986 22.345921 309.331512
v 0.000000 45.499550 241.513931
v -4.495850 35.707897 277.345856
v -4.357873 22.753649 308.373413
v 4.032312 52.026279 217.406876
v -14.099915 35.504807 277.313293
v -7.467761 23.567553 306.455719
v 4.229199 62.321777 164.081451
v 0.000000 52.026279 217.406876
v 5.137671 68.457840 115.716965
v 0.000000 62.321777 164.081451
v 0.000000 68.457840 115.716965
v 0.000000 72.606422 47.454468
v 0.000000 74.297791 -12.805419
v -6.787182 72.606422 47.454468
v -5.137671 68.457840 115.716965
v 0.000000 74.347404 -63.968185
v -9.250598 74.297791 -12.805419
v 0.000000 73.397064 -106.001282
v -12.603882 74.347404 -63.968185
v 0.000000 71.961494 -138.881439
v -16.893541 73.397064 -106.001282
v 0.000000 70.615837 -154.264999
v -23.552050 71.961494 -138.881439
v 0.000000 65.533989 -200.707123
v -51.291443 70.259270 -106.147011
v 22.693188 65.533989 -200.707123
v 17.724499 61.053635 -222.403473
v 0.000000 61.053635 -222.403473
v 10.171472 53.170395 -252.573730
v 0.000000 53.170395 -249.651428
v 0.000000 55.889610 -244.133926
v -9.973035 55.889610 -244.133926
v -10.173022 53.170395 -252.573730
v -17.726049 61.053635 -222.403473
v -53.788963 58.433640 -222.521301
v -30.534571 55.038498 -244.171143
v -22.694738 65.533989 -200.707123
v -89.853432 53.193649 -222.755386
v -51.096104 53.336277 -244.247101
v -71.656090 50.781395 -244.361832
v -125.917892 45.333664 -223.105759
v -160.703369 39.957253 -201.851242
v -114.699974 52.745621 -201.279190
v -166.707657 41.785046 -86.571457
v -68.698128 61.272228 -200.897812
v -118.989632 56.856991 -139.566666
v -120.090340 54.689686 -64.062752
v -71.271614 66.926147 -139.110886
v -85.690895 63.983692 -106.440010
v -90.070473 63.120178 -28.108360
v -64.248787 68.575661 -64.239487
v -66.589729 68.070259 18.324461
v -38.427113 72.423492 -64.058098
v -47.476170 70.846840 -12.969750
v -49.347374 69.774033 73.229645
v -28.364161 73.147469 -12.859679
v -35.160645 70.550728 47.356800
v -37.806995 68.078018 113.960487
v -20.973913 71.921188 47.421913
v -26.917736 67.185051 115.651855
v -31.444592 63.822464 152.345734
v -16.028479 68.034607 115.695259
v -22.372278 61.438110 164.007034
v -30.071032 50.519394 217.222397
v -13.301514 62.027222 164.056656
v -21.392492 51.272835 217.315414
v -4.229199 62.321777 164.081451
v -12.712402 51.775131 217.375870
v -4.033862 52.026279 217.406876
v -4.218347 45.499550 241.513931
v -13.267407 45.267006 241.481384
v -22.316467 44.803467 241.417816
v -31.367077 44.105835 241.320145
v -23.703979 35.097080 277.246643
v -33.309593 34.484715 277.145874
v -10.577649 24.789185 303.581451
v 69.651558 52.358044 -71.287117
v 90.103027 52.665001 -28.359509
v 57.999561 59.780846 24.249683
v 57.483311 57.035278 -18.809704
v 51.314697 57.506565 11.566735
v 43.408203 58.111183 50.499245
v 32.149975 60.647457 89.687546
v 37.100060 64.828598 -15.045593
v 37.100060 64.828598 -38.934059
v 35.501709 72.817261 -36.027260
v 35.501709 72.817261 -17.953943
v 36.298557 64.913864 7.872388
v 31.208948 77.187538 -30.359388
v 34.895542 72.880821 -0.612366
v 34.757568 65.075096 27.968836
v 31.208948 77.187538 -23.621815
v 28.468029 77.996788 -26.990602
v 33.729725 73.003296 14.591358
v 32.605762 65.301437 43.611290
v 30.982605 77.212341 -17.157093
v 28.468029 77.996788 -26.990602
v 32.100365 73.173828 26.426292
v 30.013672 65.574287 53.534718
v 30.548523 77.257301 -11.489222
v 28.468029 77.996788 -26.990602
v 30.140795 73.380013 33.934361
v 27.320812 67.081169 56.171764
v 29.940807 77.320862 -7.077087
v 28.468029 77.996788 -26.990602
v 28.007593 73.604805 36.506298
v 24.373705 66.166504 53.534718
v 29.209070 77.398376 -4.278809
v 28.468029 77.996788 -26.990602
v 25.872839 73.829597 33.934361
v 21.783167 66.439354 43.611290
v 28.413769 77.482094 -3.319177
v 28.468029 77.996788 -26.990602
v 23.913269 74.035789 26.426292
v 19.629808 66.665695 27.968834
v 27.618469 77.565804 -4.278809
v 28.468029 77.996788 -26.990602
v 22.283911 74.206322 14.591358
v 18.090368 66.826927 7.872388
v 26.888281 77.641769 -7.077087
v 28.468029 77.996788 -26.990602
v 26.280565 77.706886 -11.489222
v 28.468029 77.996788 -26.990602
v 21.118090 74.328796 -0.612366
v 20.511927 74.392357 -17.953943
v 17.287317 66.910645 -15.045593
v 25.620142 77.775093 -23.621815
v 25.846483 77.751839 -17.157093
v 28.468029 77.996788 -26.990602
v 28.468029 77.996788 -26.990602
v 51.446472 73.048256 -1.747180
v 50.499241 73.149025 -1.296045
v 51.474377 73.310249 9.387024
v 51.240284 71.085579 -20.479372
v 48.700901 71.352234 -19.270142
v 50.827904 67.167992 -30.089638
v 47.471519 67.519905 -28.489735
v 49.629528 73.240486 0.020154
v 51.474377 73.310249 9.387024
v 46.366161 71.597176 -15.738573
v 44.387989 67.843918 -23.821802
v 48.907093 73.316452 2.095996
v 51.474377 73.310249 9.387024
v 44.428295 71.800270 -10.171472
v 41.825352 68.113670 -16.464113
v 48.389294 73.370712 4.760950
v 51.474377 73.310249 9.387024
v 43.040783 71.947548 -3.019971
v 39.991356 68.305908 -7.011975
v 48.121094 73.398621 7.802624
v 51.474377 73.310249 9.387024
v 42.318348 72.023506 5.136120
v 39.036377 68.406677 3.768762
v 48.121094 73.398621 10.971424
v 51.474377 73.310249 9.387024
v 42.318348 72.023506 13.637928
v 39.036377 68.406677 15.005285
v 48.389294 73.370712 14.011548
v 51.474377 73.310249 9.387024
v 43.040783 71.947548 21.794016
v 39.991356 68.305908 25.786020
v 48.907093 73.316452 16.678051
v 51.474377 73.310249 9.387024
v 44.428295 71.800270 28.945518
v 41.825352 68.113670 35.238155
v 49.629528 73.240486 18.753893
v 51.474377 73.310249 9.387024
v 46.366161 71.597176 34.512619
v 44.387989 67.843918 42.595852
v 50.499241 73.149025 20.070093
v 51.474377 73.310249 9.387024
v 48.700901 71.352234 38.044186
v 47.471519 67.519905 47.263783
v 51.446472 73.048256 20.521227
v 51.474377 73.310249 9.387024
v 51.240284 71.085579 39.254967
v 50.827904 67.167992 48.863686
v 52.393700 72.949036 20.070093
v 51.474377 73.310249 9.387024
v 53.779663 70.817383 38.044186
v 54.184288 66.814522 47.263783
v 53.263416 72.857567 18.753893
v 51.474377 73.310249 9.387024
v 56.112854 70.572433 34.512619
v 57.269371 66.490517 42.595852
v 53.985851 72.781601 16.678051
v 51.474377 73.310249 9.387024
v 58.052269 70.369347 28.945518
v 59.832005 66.220764 35.238155
v 54.503651 72.727341 14.011548
v 51.474377 73.310249 9.387024
v 59.439781 70.223618 21.794016
v 61.666004 66.028526 25.786020
v 54.771851 72.699440 10.971424
v 51.474377 73.310249 9.387024
v 60.162220 70.147652 13.637928
v 62.620983 65.927757 15.005285
v 54.771851 72.699440 7.802624
v 51.474377 73.310249 9.387024
v 60.162220 70.147652 5.136121
v 62.620983 65.927757 3.768762
v 54.503651 72.727341 4.760949
v 51.474377 73.310249 9.387024
v 59.439781 70.223618 -3.019971
v 61.666004 66.028526 -7.011975
v 53.985851 72.781601 2.095996
v 51.474377 73.310249 9.387024
v 58.052269 70.369347 -10.171472
v 59.832005 66.220764 -16.464113
v 53.263416 72.857567 0.020154
v 51.474377 73.310249 9.387024
v 56.112854 70.572433 -15.738573
v 57.269371 66.490517 -23.821802
v 52.393700 72.949036 -1.296045
v 51.474377 73.310249 9.387024
v 53.779663 70.817383 -19.270142
v 54.184288 66.814522 -28.489735
v 51.446472 73.048256 -1.747180
v 51.474377 73.310249 9.387024
v 51.240284 71.085579 -20.479372
v 50.827904 67.167992 -30.089638
v 63.143433 84.680092 -105.278847
v 61.644299 84.836670 -104.229294
v 63.262806 85.822670 -79.385849
v 62.791515 81.340775 -129.072739
v 59.917271 81.643082 -127.060463
v 60.269188 84.980850 -101.167465
v 63.262806 85.822670 -79.385849
v 57.275574 81.920586 -121.184853
v 59.125072 85.101776 -96.341408
v 63.262806 85.822670 -79.385849
v 55.081909 82.151573 -111.923401
v 58.306519 85.187042 -90.141785
v 63.262806 85.822670 -79.385849
v 53.511463 82.317444 -100.026451
v 57.880188 85.232002 -83.070900
v 63.262806 85.822670 -79.385849
v 52.692905 82.402718 -86.456734
v 57.880188 85.232002 -75.700798
v 63.262806 85.822670 -79.385849
v 52.692905 82.402718 -72.314957
v 58.306519 85.187050 -68.629913
v 63.262806 85.822670 -79.385849
v 48.121094 77.562714 -69.501175
v 49.265209 77.443336 -50.533348
v 59.125072 85.101784 -62.430294
v 63.262806 85.822670 -79.385849
v 51.460423 77.212341 -33.901806
v 48.555176 70.682503 -24.640358
v 60.269188 84.980858 -57.604233
v 63.262806 85.822670 -79.385849
v 54.528454 76.889877 -20.955311
v 46.189426 60.419567 -19.268591
v 50.243443 59.993237 -2.158008
v 61.644299 84.836678 -54.542404
v 63.262806 85.822670 -79.385849
v 55.125317 59.480091 8.695593
v 55.455528 62.162098 7.897192
v 58.221252 76.502304 -12.743408
v 62.239613 76.079079 -9.929626
v 60.718773 61.610191 11.580688
v 63.143433 84.680099 -53.494408
v 63.262806 85.822670 -79.385849
v 66.257973 75.657394 -12.743407
v 64.641014 84.521973 -54.542404
v 63.262806 85.822670 -79.385849
v 65.980469 61.056736 7.897192
v 66.017677 84.377792 -57.604233
v 63.262806 85.822670 -79.385849
v 65.746376 58.363880 8.695593
v 70.626694 57.850731 -2.158008
v 69.949219 75.268272 -20.955311
v 73.017250 74.945808 -33.901806
v 74.682259 57.424400 -19.268591
v 67.161789 84.256874 -62.430294
v 63.262806 85.822670 -79.385849
v 75.212463 74.716370 -50.533348
v 67.978798 84.171608 -68.629913
v 63.262806 85.822670 -79.385849
v 77.582863 57.118992 -41.250195
v 68.405128 84.126648 -75.700798
v 63.262806 85.822670 -79.385849
v 79.094398 56.960865 -66.321526
v 78.520790 67.533867 -67.488899
v 76.356575 74.595451 -69.501175
v 76.356575 74.595444 -89.270515
v 68.405128 84.126648 -83.070900
v 63.262806 85.822670 -79.385849
v 67.978798 84.171600 -90.141785
v 63.262806 85.822670 -79.385849
v 75.212463 74.716362 -108.239906
v 72.073120 80.365631 -100.026451
v 67.161789 84.256866 -96.341408
v 63.262806 85.822670 -79.385849
v 70.502670 80.531517 -111.923401
v 66.017677 84.377785 -101.167465
v 63.262806 85.822670 -79.385849
v 68.309006 80.760956 -121.184853
v 64.641014 84.521965 -104.229294
v 63.262806 85.822670 -79.385849
v 65.667305 81.040009 -127.060463
v 63.143433 84.680092 -105.278847
v 62.791515 81.340775 -129.072739
v 63.262806 85.822670 -79.385849
v 144.870224 55.812092 -147.639053
v 143.467209 56.208969 -147.035980
v 145.005096 56.852341 -132.450821
v 143.857880 51.130215 -173.090210
v 140.093765 52.196815 -171.473251
v 141.837845 43.130703 -185.946793
v 136.861404 44.539917 -183.810486
v 142.177368 56.618244 -145.250046
v 145.005096 56.852341 -132.450821
v 136.633514 53.292873 -166.682846
v 132.289597 45.990993 -177.479080
v 141.106110 57.005817 -142.426956
v 145.005096 56.852341 -132.450821
v 133.760818 54.331562 -159.106567
v 128.491379 47.363003 -167.465744
v 140.338715 57.339130 -138.793076
v 145.005096 56.852341 -132.450821
v 131.703583 55.227634 -149.359879
v 125.773720 48.547421 -154.581253
v 139.940292 57.593380 -134.642944
v 145.005096 56.852341 -132.450821
v 130.632339 55.909763 -138.228775
v 124.358299 49.448139 -139.870529
v 139.940292 57.746864 -130.314529
v 145.005096 56.852341 -132.450821
v 130.632339 56.320595 -126.618629
v 124.358299 49.990746 -124.525734
v 140.338715 57.787170 -126.158188
v 145.005096 56.852341 -132.450821
v 131.703583 56.427563 -115.468918
v 125.773720 50.131824 -109.787094
v 141.106110 57.709656 -122.510353
v 145.005096 56.852341 -132.450821
v 133.760818 56.221375 -105.681923
v 128.491379 49.862072 -96.853004
v 142.177368 57.523621 -119.665565
v 145.005096 56.852341 -132.450821
v 136.633514 55.722179 -98.051376
v 132.289597 49.200096 -86.766792
v 143.467209 57.241467 -117.854820
v 145.005096 56.852341 -132.450821
v 140.093765 54.965637 -93.195862
v 136.861404 48.200157 -80.348579
v 144.870224 56.888000 -117.226952
v 145.005096 56.852341 -132.450821
v 143.857880 54.016857 -91.507591
v 141.837845 46.945972 -78.117714
v 146.273239 56.489574 -117.828468
v 145.005096 56.852341 -132.450821
v 147.621994 52.950256 -93.124550
v 146.812744 45.536755 -80.254013
v 147.563080 56.081848 -119.614403
v 145.005096 56.852341 -132.450821
v 151.080704 51.852650 -97.914955
v 151.384552 44.087231 -86.586960
v 148.634338 55.694275 -122.439034
v 145.005096 56.852341 -132.450821
v 153.954941 50.813953 -105.491234
v 155.182770 42.713673 -96.600304
v 149.400177 55.359413 -126.072922
v 145.005096 56.852341 -132.450821
v 156.010635 49.917885 -115.237923
v 157.900436 41.529247 -109.483238
v 149.800156 55.106712 -130.221512
v 145.005096 56.852341 -132.450821
v 157.081879 49.237305 -126.369026
v 159.315857 40.628529 -124.193970
v 149.800156 54.953232 -134.549927
v 145.005096 56.852341 -132.450821
v 157.081879 48.826473 -137.979172
v 159.315857 40.085926 -139.540314
v 149.400177 54.912922 -138.706253
v 145.005096 56.852341 -132.450821
v 156.010635 48.719501 -149.128876
v 157.900436 39.944847 -154.277405
v 148.634338 54.988888 -142.355652
v 145.005096 56.852341 -132.450821
v 153.954941 48.924141 -158.915878
v 155.182770 40.216148 -167.213043
v 147.563080 55.176472 -145.200439
v 145.005096 56.852341 -132.450821
v 151.080704 49.424892 -166.546417
v 151.384552 40.878128 -177.297699
v 146.273239 55.458626 -147.009628
v 145.005096 56.852341 -132.450821
v 147.621994 50.179886 -171.401932
v 146.812744 41.876514 -183.715912
v 144.870224 55.812092 -147.639053
v 145.005096 56.852341 -132.450821
v 143.857880 51.130215 -173.090210
v 141.837845 43.130703 -185.946793
v 41.780396 -16.572632 251.012589
v 42.515232 -13.588318 247.873245
v 43.267124 -9.666077 244.498245
v 40.109180 20.552233 214.751236
v 38.315491 40.614574 195.747742
v 39.546421 36.752792 217.409988
v 44.787964 0.168982 263.185486
v 40.975792 -18.267101 260.139160
v 41.166477 -18.347717 256.007629
v 43.417503 -6.173266 266.994537
v 44.143040 -2.906799 265.817871
v 41.861012 -13.344922 266.059723
v 42.648560 -9.673828 267.179047
v 41.247093 -16.406752 263.662964
v 0.479041 -34.337437 131.294312
v 20.048388 -36.183834 131.726837
v 13.623975 -20.178614 127.127121
v 0.000000 -20.178614 127.127121
v 12.036474 -14.323157 126.130287
v 0.000000 -33.821190 131.142380
v 0.000000 -14.261146 125.914795
v -12.038025 -14.323157 126.130287
v -0.479041 -34.337437 131.294312
v -13.623975 -20.178614 127.127121
v -20.048388 -36.183834 131.726837
v 0.479041 34.369991 -247.584885
v 8.021215 34.369991 -247.584885
v 25.351940 -9.462988 -200.079254
v 0.479041 -9.462988 -200.079254
v 0.479041 -21.594030 -189.050476
v 0.000000 34.369991 -247.584885
v 0.000000 -9.462988 -200.079254
v 0.000000 -21.361486 -189.262863
v -0.479041 -21.594030 -189.050476
v -0.479041 -9.462988 -200.079254
v -0.479041 34.369991 -247.584885
v -25.353491 -9.462988 -200.079254
v -8.021215 34.369991 -247.584885
v 16.490465 73.691628 114.989876
v 23.759790 70.082542 113.431831
v 25.996862 72.687035 100.534950
v 17.795813 76.319374 102.421654
v 6.148462 76.713150 116.354134
v 28.497484 74.333443 86.924927
v 6.587195 79.364151 104.040161
v 0.000000 77.015457 116.628540
v 19.201929 77.989037 89.228661
v 31.305065 75.021774 72.563019
v 20.727417 78.700615 75.395401
v 7.025928 81.055519 91.149475
v 7.464661 81.790352 77.678986
v 0.000000 79.686607 104.364174
v 0.000000 81.401237 91.513794
v 0.000000 82.156227 78.075859
v -7.466211 81.790352 77.678986
v -6.587195 79.364151 104.040161
v -6.150012 76.713150 116.354134
v -7.025928 81.055519 91.149475
v -20.727417 78.700615 75.395401
v -19.203478 77.989037 89.228661
v -31.306616 75.021774 72.563019
v -28.497484 74.333443 86.924927
v -17.795813 76.319374 102.421654
v -25.996862 72.687035 100.534950
v -16.490465 73.691628 114.989876
v -23.759790 70.082542 113.431831
v 19.048449 74.014084 75.209366
v 28.819946 70.381744 72.731995
v 31.649231 72.028152 57.931347
v 20.552233 75.683746 60.976124
v 34.828880 72.716492 42.340054
v 6.720520 77.057304 77.206146
v 22.190893 76.395332 46.085560
v 7.132898 78.750229 63.348072
v 0.000000 77.381317 77.525505
v 7.546826 79.485069 48.907093
v 0.000000 79.094391 63.681385
v 0.000000 79.850937 49.245056
v -7.546826 79.485069 48.907093
v -7.134448 78.750229 63.348072
v -6.722070 77.057304 77.206146
v -22.190893 76.395332 46.085560
v -20.552233 75.683746 60.976124
v -34.830433 72.716492 42.340054
v -19.049999 74.014084 75.209366
v -31.649231 72.028152 57.931347
v -28.821497 70.381744 72.731995
v 102.866585 42.713669 -240.448883
v 103.283615 42.118359 -240.579117
v 102.968910 42.374157 -240.591507
v 129.252579 40.267307 -229.519318
v 103.037117 42.997372 -240.211685
v 129.368851 39.222408 -229.348785
v 159.120514 35.647438 -211.219666
v 159.322052 34.869190 -211.095642
v 159.340652 35.348232 -211.084793
v 159.075562 34.630447 -211.246017
v -58.001110 59.780846 24.249683
v -90.103027 52.665001 -28.359509
v -69.651558 52.358044 -71.287117
v -57.484863 57.035278 -18.809704
v -51.314697 57.506565 11.566735
v -43.408203 58.111183 50.499245
v -32.151524 60.647457 89.687546
v -35.503258 72.817261 -36.027260
v -37.101612 64.828598 -38.934059
v -37.101612 64.828598 -15.045593
v -35.503258 72.817261 -17.953943
v -31.208948 77.187538 -30.359388
v -36.298557 64.913864 7.872388
v -31.208948 77.187538 -23.621815
v -28.469580 77.996788 -26.990602
v -34.895542 72.880821 -0.612366
v -34.759117 65.075096 27.968836
v -30.982605 77.212341 -17.157093
v -28.469580 77.996788 -26.990602
v -33.731274 73.003296 14.591358
v -32.605762 65.301437 43.611290
v -30.548523 77.257301 -11.489222
v -28.469580 77.996788 -26.990602
v -32.101917 73.173828 26.426292
v -30.015223 65.574287 53.534718
v -29.940807 77.320862 -7.077087
v -28.469580 77.996788 -26.990602
v -30.140795 73.380013 33.934361
v -27.322363 67.081169 56.171764
v -29.210619 77.398376 -4.278809
v -28.469580 77.996788 -26.990602
v -28.007593 73.604805 36.506298
v -24.375256 66.166504 53.534718
v -28.415319 77.482094 -3.319177
v -28.469580 77.996788 -26.990602
v -25.874390 73.829597 33.934361
v -21.783167 66.439354 43.611290
v -27.620020 77.565804 -4.278809
v -28.469580 77.996788 -26.990602
v -23.913269 74.035789 26.426292
v -19.631359 66.665695 27.968834
v -26.888281 77.641769 -7.077087
v -28.469580 77.996788 -26.990602
v -22.285461 74.206322 14.591358
v -18.090368 66.826927 7.872388
v -26.282116 77.706886 -11.489222
v -28.469580 77.996788 -26.990602
v -17.287317 66.910645 -15.045593
v -20.511927 74.392357 -17.953943
v -21.119640 74.328796 -0.612366
v -25.621691 77.775093 -23.621815
v -25.848034 77.751839 -17.157093
v -28.469580 77.996788 -26.990602
v -28.469580 77.996788 -26.990602
v -50.500793 73.149025 -1.296045
v -51.448021 73.048256 -1.747180
v -51.474377 73.310249 9.387024
v -51.240284 71.085579 -20.479372
v -48.700901 71.352234 -19.270142
v -50.829456 67.167992 -30.089638
v -47.473072 67.519905 -28.489735
v -49.631077 73.240486 0.020154
v -51.474377 73.310249 9.387024
v -46.367710 71.597176 -15.738573
v -44.387989 67.843918 -23.821802
v -48.907093 73.316452 2.095996
v -51.474377 73.310249 9.387024
v -44.428295 71.800270 -10.171472
v -41.825352 68.113670 -16.464113
v -48.390842 73.370712 4.760950
v -51.474377 73.310249 9.387024
v -43.042332 71.947548 -3.019971
v -39.991356 68.305908 -7.011975
v -48.121094 73.398621 7.802624
v -51.474377 73.310249 9.387024
v -42.318348 72.023506 5.136120
v -39.036377 68.406677 3.768762
v -48.121094 73.398621 10.971424
v -51.474377 73.310249 9.387024
v -42.318348 72.023506 13.637928
v -39.036377 68.406677 15.005285
v -48.390842 73.370712 14.011548
v -51.474377 73.310249 9.387024
v -43.042332 71.947548 21.794016
v -39.991356 68.305908 25.786020
v -48.907093 73.316452 16.678051
v -51.474377 73.310249 9.387024
v -44.428295 71.800270 28.945518
v -41.825352 68.113670 35.238155
v -49.631077 73.240486 18.753893
v -51.474377 73.310249 9.387024
v -46.367710 71.597176 34.512619
v -44.387989 67.843918 42.595852
v -50.500793 73.149025 20.070093
v -51.474377 73.310249 9.387024
v -48.700901 71.352234 38.044186
v -47.473072 67.519905 47.263783
v -51.448021 73.048256 20.521227
v -51.474377 73.310249 9.387024
v -51.240284 71.085579 39.254967
v -50.829456 67.167992 48.863686
v -52.393700 72.949036 20.070093
v -51.474377 73.310249 9.387024
v -53.779663 70.817383 38.044186
v -54.185841 66.814522 47.263783
v -53.263416 72.857567 18.753893
v -51.474377 73.310249 9.387024
v -56.114403 70.572433 34.512619
v -57.269371 66.490517 42.595852
v -53.987400 72.781601 16.678051
v -51.474377 73.310249 9.387024
v -58.052269 70.369347 28.945518
v -59.833557 66.220764 35.238155
v -54.503651 72.727341 14.011548
v -51.474377 73.310249 9.387024
v -59.439781 70.223618 21.794016
v -61.666004 66.028526 25.786020
v -54.773399 72.699440 10.971424
v -51.474377 73.310249 9.387024
v -60.162220 70.147652 13.637928
v -62.620983 65.927757 15.005285
v -54.773399 72.699440 7.802624
v -51.474377 73.310249 9.387024
v -60.162220 70.147652 5.136121
v -62.620983 65.927757 3.768762
v -54.503651 72.727341 4.760949
v -51.474377 73.310249 9.387024
v -59.439781 70.223618 -3.019971
v -61.666004 66.028526 -7.011975
v -53.987400 72.781601 2.095996
v -51.474377 73.310249 9.387024
v -58.052269 70.369347 -10.171472
v -59.833557 66.220764 -16.464113
v -53.263416 72.857567 0.020154
v -51.474377 73.310249 9.387024
v -56.114403 70.572433 -15.738573
v -57.269371 66.490517 -23.821802
v -52.393700 72.949036 -1.296045
v -51.474377 73.310249 9.387024
v -53.779663 70.817383 -19.270142
v -54.185841 66.814522 -28.489735
v -51.448021 73.048256 -1.747180
v -51.474377 73.310249 9.387024
v -51.240284 71.085579 -20.479372
v -50.829456 67.167992 -30.089638
v -61.645847 84.836670 -104.229294
v -63.143433 84.680092 -105.278847
v -63.264355 85.822670 -79.385849
v -62.793064 81.340775 -129.072739
v -59.918823 81.643082 -127.060463
v -60.269188 84.980850 -101.167465
v -63.264355 85.822670 -79.385849
v -57.277122 81.920586 -121.184853
v -59.125072 85.101776 -96.341408
v -63.264355 85.822670 -79.385849
v -55.081909 82.151573 -111.923401
v -58.308067 85.187042 -90.141785
v -63.264355 85.822670 -79.385849
v -53.511463 82.317444 -100.026451
v -57.881737 85.232002 -83.070900
v -63.264355 85.822670 -79.385849
v -52.694458 82.402718 -86.456734
v -57.881737 85.232002 -75.700798
v -63.264355 85.822670 -79.385849
v -52.694458 82.402718 -72.314957
v -58.308067 85.187050 -68.629913
v -63.264355 85.822670 -79.385849
v -49.266758 77.443336 -50.533348
v -48.122643 77.562714 -69.501175
v -59.125072 85.101784 -62.430294
v -63.264355 85.822670 -79.385849
v -51.460423 77.212341 -33.901806
v -48.555176 70.682503 -24.640358
v -60.269188 84.980858 -57.604233
v -63.264355 85.822670 -79.385849
v -54.528454 76.889877 -20.955311
v -50.244995 59.993237 -2.158008
v -46.189426 60.419567 -19.268591
v -61.645847 84.836678 -54.542404
v -63.264355 85.822670 -79.385849
v -55.457081 62.162098 7.897192
v -55.125317 59.480091 8.695593
v -58.221252 76.502304 -12.743408
v -62.239613 76.079079 -9.929626
v -60.718773 61.610191 11.580688
v -63.143433 84.680099 -53.494408
v -63.264355 85.822670 -79.385849
v -64.641014 84.521973 -54.542404
v -63.264355 85.822670 -79.385849
v -66.257973 75.657394 -12.743407
v -65.982018 61.056736 7.897192
v -66.017677 84.377792 -57.604233
v -63.264355 85.822670 -79.385849
v -70.628242 57.850731 -2.158008
v -65.747925 58.363880 8.695593
v -69.950768 75.268272 -20.955311
v -73.018799 74.945808 -33.901806
v -74.683815 57.424400 -19.268591
v -67.161789 84.256874 -62.430294
v -63.264355 85.822670 -79.385849
v -67.980347 84.171608 -68.629913
v -63.264355 85.822670 -79.385849
v -75.214012 74.716370 -50.533348
v -77.584412 57.118992 -41.250195
v -68.406677 84.126648 -75.700798
v -63.264355 85.822670 -79.385849
v -78.520790 67.533867 -67.488899
v -79.095947 56.960865 -66.321526
v -76.356575 74.595451 -69.501175
v -76.356575 74.595444 -89.270515
v -68.406677 84.126648 -83.070900
v -63.264355 85.822670 -79.385849
v -67.980347 84.171600 -90.141785
v -63.264355 85.822670 -79.385849
v -72.073120 80.365631 -100.026451
v -75.214012 74.716362 -108.239906
v -67.161789 84.256866 -96.341408
v -63.264355 85.822670 -79.385849
v -70.504219 80.531517 -111.923401
v -66.017677 84.377785 -101.167465
v -63.264355 85.822670 -79.385849
v -68.309006 80.760956 -121.184853
v -64.641014 84.521965 -104.229294
v -63.264355 85.822670 -79.385849
v -65.667305 81.040009 -127.060463
v -63.143433 84.680092 -105.278847
v -63.264355 85.822670 -79.385849
v -62.793064 81.340775 -129.072739
v -143.467209 56.208969 -147.035980
v -144.870224 55.812092 -147.639053
v -145.005096 56.852341 -132.450821
v -143.857880 51.130215 -173.090210
v -140.093765 52.196815 -171.473251
v -141.837845 43.130703 -185.946793
v -136.862961 44.539917 -183.810486
v -142.177368 56.618244 -145.250046
v -145.005096 56.852341 -132.450821
v -136.635071 53.292873 -166.682846
v -132.291153 45.990993 -177.479080
v -141.106110 57.005817 -142.426956
v -145.005096 56.852341 -132.450821
v -133.760818 54.331562 -159.106567
v -128.492935 47.363003 -167.465744
v -140.340271 57.339130 -138.793076
v -145.005096 56.852341 -132.450821
v -131.705139 55.227634 -149.359879
v -125.775269 48.547421 -154.581253
v -139.940292 57.593380 -134.642944
v -145.005096 56.852341 -132.450821
v -130.633881 55.909763 -138.228775
v -124.358299 49.448139 -139.870529
v -139.940292 57.746864 -130.314529
v -145.005096 56.852341 -132.450821
v -130.633881 56.320595 -126.618629
v -124.358299 49.990746 -124.525734
v -140.340271 57.787170 -126.158188
v -145.005096 56.852341 -132.450821
v -131.705139 56.427563 -115.468918
v -125.775269 50.131824 -109.787094
v -141.106110 57.709656 -122.510353
v -145.005096 56.852341 -132.450821
v -133.760818 56.221375 -105.681923
v -128.492935 49.862072 -96.853004
v -142.177368 57.523621 -119.665565
v -145.005096 56.852341 -132.450821
v -136.635071 55.722179 -98.051376
v -132.291153 49.200096 -86.766792
v -143.467209 57.241467 -117.854820
v -145.005096 56.852341 -132.450821
v -140.093765 54.965637 -93.195862
v -136.862961 48.200157 -80.348579
v -144.870224 56.888000 -117.226952
v -145.005096 56.852341 -132.450821
v -143.857880 54.016857 -91.507591
v -141.837845 46.945972 -78.117714
v -146.274796 56.489574 -117.828468
v -145.005096 56.852341 -132.450821
v -147.621994 52.950256 -93.124550
v -146.812744 45.536755 -80.254013
v -147.563080 56.081848 -119.614403
v -145.005096 56.852341 -132.450821
v -151.082245 51.852650 -97.914955
v -151.384552 44.087231 -86.586960
v -148.634338 55.694275 -122.439034
v -145.005096 56.852341 -132.450821
v -153.954941 50.813953 -105.491234
v -155.184326 42.713673 -96.600304
v -149.401733 55.359413 -126.072922
v -145.005096 56.852341 -132.450821
v -156.012177 49.917885 -115.237923
v -157.901993 41.529247 -109.483238
v -149.800156 55.106712 -130.221512
v -145.005096 56.852341 -132.450821
v -157.083435 49.237305 -126.369026
v -159.317398 40.628529 -124.193970
v -149.800156 54.953232 -134.549927
v -145.005096 56.852341 -132.450821
v -157.083435 48.826473 -137.979172
v -159.317398 40.085926 -139.540314
v -149.401733 54.912922 -138.706253
v -145.005096 56.852341 -132.450821
v -156.012177 48.719501 -149.128876
v -157.901993 39.944847 -154.277405
v -148.634338 54.988888 -142.355652
v -145.005096 56.852341 -132.450821
v -153.954941 48.924141 -158.915878
v -155.184326 40.216148 -167.213043
v -147.563080 55.176472 -145.200439
v -145.005096 56.852341 -132.450821
v -151.082245 49.424892 -166.546417
v -151.384552 40.878128 -177.297699
v -146.274796 55.458626 -147.009628
v -145.005096 56.852341 -132.450821
v -147.621994 50.179886 -171.401932
v -146.812744 41.876514 -183.715912
v -144.870224 55.812092 -147.639053
v -145.005096 56.852341 -132.450821
v -143.857880 51.130215 -173.090210
v -141.837845 43.130703 -185.946793
v -43.267124 -9.666077 244.498245
v -42.516785 -13.588318 247.873245
v -41.780396 -16.572632 251.012589
v -40.109180 20.552233 214.751236
v -41.166477 -18.347717 256.007629
v -40.977345 -18.267101 260.139160
v -39.546421 36.752792 217.409988
v -38.317039 40.614574 195.747742
v -44.787964 0.168982 263.185486
v -41.861012 -13.344922 266.059723
v -41.248646 -16.406752 263.662964
v -43.417503 -6.173266 266.994537
v -44.143040 -2.906799 265.817871
v -42.648560 -9.673828 267.179047
v -80.139290 10.089306 -79.909851
v -67.853218 27.832407 -23.207886
v -69.651558 52.358044 -71.287117
v -91.226990 7.647595 -170.834534
v -89.002319 7.208862 -150.060608
v -87.183823 6.793384 -133.906555
v -84.601036 6.128308 -112.089279
v -103.283615 42.118359 -240.579117
v -102.868141 42.713669 -240.448883
v -102.968910 42.374157 -240.591507
v -129.252579 40.267307 -229.519318
v -103.037117 42.997372 -240.211685
v -129.368851 39.222408 -229.348785
v -159.120514 35.647438 -211.219666
v -159.322052 34.869190 -211.095642
v -159.077103 34.630447 -211.246017
v -159.340652 35.348232 -211.084793
v 0.000000 63.393028 111.875343
v 7.508069 62.619431 115.512329
v 0.000000 44.307369 201.668304
v -7.508069 62.619431 115.512329
v 0.000000 44.307369 201.668304
v 14.409973 60.363754 126.128731
v -14.409973 60.363754 126.128731
v 20.144506 56.805836 142.865692
v 0.000000 44.307369 201.668304
v -20.144506 56.805836 142.865692
v 0.000000 44.307369 201.668304
v 24.246582 52.235573 164.366714
v -24.246582 52.235573 164.366714
v 26.384436 47.023483 188.890793
v 0.000000 44.307369 201.668304
v -26.384436 47.023483 188.890793
v 0.000000 44.307369 201.668304
v 26.384436 41.589706 214.448929
v -26.384436 41.589706 214.448929
v 24.246582 36.377625 238.971451
v 0.000000 44.307369 201.668304
v -24.246582 36.377625 238.971451
v 0.000000 44.307369 201.668304
v 20.144506 31.807360 260.474030
v -20.144506 31.807360 260.474030
v 14.409973 28.249437 277.210968
v 0.000000 44.307369 201.668304
v -14.409973 28.249437 277.210968
v 0.000000 44.307369 201.668304
v 7.508069 25.993763 287.827393
v -7.508069 25.993763 287.827393
v 0.000000 44.307369 201.668304
v 0.000000 25.220167 291.465912
v 18.457788 -8.842871 -178.947220
v 18.310511 -11.374498 -158.396530
v 0.000000 0.725537 -158.396530
v -18.312059 -11.374498 -158.396530
v -18.457788 -8.842871 -178.947220
v 0.000000 3.263367 -178.947220
v 18.369421 -4.007507 -198.535172
v -18.369421 -4.007507 -198.535172
v 0.000000 8.094079 -198.535172
v 18.062464 4.522204 -216.636383
v -18.064013 4.522204 -216.636383
v 0.000000 16.608288 -216.636383
v 15.560290 86.625710 -274.473175
v 15.560290 79.835434 -289.679993
v 6.208923 78.875801 -296.735382
v 6.208923 85.666084 -281.528534
v 16.938501 89.721649 -266.699982
v 0.000000 86.031952 -282.364166
v 0.000000 79.240120 -297.570984
v -6.210474 78.875801 -296.735382
v 0.000000 90.061165 -273.770874
v 0.000000 98.274620 -245.112167
v 18.978685 98.221909 -241.920120
v -6.210474 85.666084 -281.528534
v -15.560290 79.835434 -289.679993
v -15.560290 86.625710 -274.473175
v -16.938501 89.721649 -266.699982
v -18.978685 98.221909 -241.920120
v 0.000000 -22.237400 -140.856522
v 33.360752 -20.246826 -240.050461
v 34.213413 -19.632910 -240.039612
v 0.000000 -21.727354 -139.112442
v 46.457630 11.163660 -140.472046
v -34.214966 -19.632910 -240.039612
v -46.459179 11.163660 -140.472046
v -33.362305 -20.246826 -240.050461
v 15.152563 -12.191504 119.747726
v 0.000000 -12.317077 123.683922
v 10.731128 -12.281420 123.752136
v -15.154114 -12.191504 119.747726
v -10.732678 -12.281420 123.752136
v 0.000000 -11.841138 110.523483
v 15.560290 -11.841138 110.525032
v -15.561841 -11.841138 110.525032
v 0.000000 -10.019543 81.382629
v 18.006653 -10.021093 81.391930
v -18.008204 -10.021093 81.391930
v 0.000000 -8.221204 64.498390
v 19.218981 -8.215002 64.442574
v -19.218981 -8.215002 64.442574
v 0.000000 -6.548438 51.305393
v 19.998779 -6.548438 51.305393
v -20.000330 -6.548438 51.305393
v 18.282604 7.137549 -2.054138
v -18.282604 7.137549 -2.054138
v 0.000000 7.137549 -2.054138
v 17.175695 17.078028 -17.329174
v -17.175695 17.078028 -17.329174
v 0.000000 16.701307 -16.927647
v 6.532935 43.615940 -19.485632
v 7.213513 44.973995 -54.264908
v 0.479041 44.973995 -54.264908
v 0.479041 43.615940 -19.485632
v 5.720581 42.623753 1.435571
v 0.479041 42.629955 1.454175
v 0.000000 42.628407 1.452624
v 0.000000 43.615940 -19.485632
v 0.000000 44.973995 -54.264908
v -0.479041 44.973995 -54.264908
v -0.479041 43.615940 -19.485632
v -0.479041 42.629955 1.454175
v -5.720581 42.623753 1.435571
v -6.532935 43.615940 -19.485632
v -7.215064 44.973995 -54.264908
v 0.000000 -22.812561 -188.132706
v 0.479041 -21.594030 -189.050476
v 0.479041 -42.676464 -116.484360
v -0.479041 -42.676464 -116.484360
v -0.479041 -21.594030 -189.050476
v 0.000000 -43.881042 -116.025475
v 0.479041 -42.695068 -108.241455
v -0.479041 -42.695068 -108.241455
v 0.000000 -43.912048 -107.777916
v 0.479041 -42.633057 -99.223396
v -0.479041 -42.633057 -99.223396
v 0.000000 -42.927612 -99.300911
v 0.000000 30.847729 -19.425171
v 11.636498 30.839977 -19.426722
v 11.148156 31.939135 -18.262451
v 8.929688 36.580711 -12.793018
v 0.000000 36.580711 -12.793018
v -11.148156 31.939135 -18.262451
v -8.931237 36.580711 -12.793018
v -11.636498 30.839977 -19.426722
v 0.000000 -22.581568 200.059097
v 12.269018 -22.581568 200.059097
v 12.269018 -18.766296 156.967163
v -12.270569 -18.766296 156.967163
v -12.270569 -22.581568 200.059097
v 0.000000 -18.766296 156.967163
v 12.269018 -16.008324 113.755844
v -12.270569 -16.008324 113.755844
v 0.000000 -16.008324 113.755844
v 0.000000 -37.503139 109.734383
v 3.886585 -37.503139 109.734383
v 3.886585 -40.028564 147.811127
v -3.886585 -40.028564 147.811127
v -3.886585 -37.503139 109.734383
v 0.000000 -40.028564 147.811127
v 3.886585 -44.874783 183.181061
v -3.886585 -44.874783 183.181061
v 0.000000 -44.874783 183.181061
v 3.886585 -54.209095 214.980667
v -3.886585 -54.209095 214.980667
v 0.000000 -54.209095 214.980667
v 3.886585 -65.811485 242.668900
v -3.886585 -65.811485 242.668900
v 0.000000 -65.811485 242.668900
v 3.886585 -77.767342 266.571320
v -3.886585 -77.767342 266.571320
v 0.000000 -77.767342 266.571320
v 0.000000 -42.927612 -99.300911
v 0.479041 -42.633057 -99.223396
v 0.479041 -42.670261 -71.141396
v -0.479041 -42.670261 -71.141396
v -0.479041 -42.633057 -99.223396
v 0.000000 -42.893505 -71.180153
v 0.479041 -42.699722 -54.979588
v -0.479041 -42.699722 -54.979588
v 0.000000 -42.902809 -55.007496
v 0.479041 -42.750877 -25.896093
v -0.479041 -42.750877 -25.896093
v 0.000000 -42.921410 -25.903845
v 0.479041 -42.781883 -13.075171
v -0.479041 -42.781883 -13.075171
v 0.000000 -42.953968 -13.067420
v 0.479041 -42.864048 22.445141
v -0.479041 -42.864048 22.445141
v 0.000000 -43.045433 22.435839
v 0.479041 -42.895054 35.264511
v -0.479041 -42.895054 35.264511
v 0.000000 -43.077991 35.273811
v 0.479041 -41.794350 68.970985
v -0.479041 -41.794350 68.970985
v 0.000000 -42.026894 69.005089
v 0.479041 -41.840858 85.132790
v -0.479041 -41.840858 85.132790
v 0.000000 -42.105957 85.183945
v 0.479041 -43.116749 108.593369
v -0.479041 -43.116749 108.593369
v 0.000000 -43.490368 108.700340
v 118.167976 -49.303963 -168.257950
v 118.211388 -49.570614 -168.408325
v 122.648323 -45.499546 -197.426712
v 118.189682 -48.510216 -168.301346
v 118.158676 -48.804771 -168.208328
v 122.342918 -44.899582 -197.577087
v 122.524300 -45.251499 -197.563126
v 122.184792 -44.589523 -197.453064
v -118.191231 -48.510216 -168.301346
v -122.186340 -44.589523 -197.453064
v -122.344467 -44.899582 -197.577087
v -122.649879 -45.499546 -197.426712
v -122.525856 -45.251499 -197.563126
v -118.167976 -49.303963 -168.257950
v -118.158676 -48.804771 -168.208328
v -118.211388 -49.570614 -168.408325
v 42.997375 68.271805 -237.974625
v 19.009691 68.271805 -243.403748
v 23.730333 71.480911 -238.464508
v 67.059471 57.872433 -235.022858
v 45.750694 57.872433 -244.309113
v 38.520130 77.803001 -228.231033
v 24.587646 77.803001 -231.052567
v 25.623241 86.098625 -212.799408
v 62.786865 68.271805 -229.252670
v 86.400925 57.872433 -222.451538
v 55.950073 77.803001 -220.355545
v 44.682545 86.118774 -205.595200
v 80.435402 68.271805 -217.430130
v 71.158447 77.803001 -209.660065
v 56.461670 86.118774 -196.701172
v 106.928352 46.978531 -208.826004
v 89.062782 47.187817 -224.845184
v 83.394905 77.803001 -196.473282
v 65.623901 86.118774 -185.695633
v 103.066574 57.872437 -207.027664
v 121.778610 46.978531 -190.715485
v 95.163185 68.271805 -202.893036
v 116.417702 57.872437 -189.318680
v 132.906616 46.978531 -171.008163
v 106.312889 68.271805 -186.143677
v 125.795418 57.872437 -169.983414
v 139.250412 46.978523 -150.352066
v 92.062599 77.803001 -181.199783
v 71.730507 86.118774 -172.880920
v 93.000526 77.803001 -177.834106
v 107.202759 71.814224 -166.459610
v 113.349670 68.271805 -167.744797
v 113.433388 69.508934 -147.921204
v 130.401337 57.872433 -149.615677
v 139.594574 46.978527 -129.105301
v 115.820839 68.271797 -148.189407
v 129.424652 57.872437 -128.520828
v 133.097305 46.978527 -107.213608
v 113.414780 68.271797 -127.745689
v 110.286293 69.811241 -127.621666
v 122.409584 57.872437 -106.627602
v 119.873299 46.978527 -84.387093
v 88.493820 77.803001 -111.062988
v 109.678574 57.872437 -83.666206
v 106.145454 68.271797 -106.404358
v 94.530663 68.271805 -84.055336
v 92.437767 57.872437 -59.666122
v 87.022591 77.803001 -106.939209
v 68.588058 86.118774 -120.104294
v 64.949524 86.118767 -109.590210
v 76.975143 77.803009 -86.135826
v 57.111240 86.118767 -92.093605
v 79.595139 68.271805 -60.901707
v 72.451393 57.872437 -35.528065
v 64.704575 77.803009 -64.972771
v 47.883900 86.118774 -74.724113
v 62.619434 68.271797 -37.917065
v 51.446472 57.872437 -13.318567
v 51.048046 77.803001 -44.437595
v 37.782188 86.118774 -58.349926
v 44.767811 68.271797 -17.037722
v 30.581079 57.872437 4.038513
v 36.701633 77.803001 -26.193750
v 27.196789 86.118774 -44.198853
v 26.809216 68.271797 -0.889868
v 10.233483 57.872437 13.628625
v 22.114929 77.803001 -12.326380
v 16.377295 86.118774 -33.675461
v 9.025805 68.271797 7.973157
v 0.000000 57.872437 13.628625
v 7.491015 77.803001 -4.795056
v 5.463233 86.118774 -28.041698
v 0.000000 68.271797 7.973157
v 0.000000 77.803001 -4.795056
v 0.000000 86.118774 -28.041698
v -5.463233 86.118774 -28.041698
v -7.492566 77.803001 -4.795056
v -16.378845 86.118774 -33.675461
v -9.025805 68.271797 7.973157
v -10.233483 57.872437 13.628625
v -22.114929 77.803001 -12.326380
v -27.198339 86.118774 -44.198853
v -26.809216 68.271797 -0.889868
v -30.582628 57.872437 4.038513
v -36.701633 77.803001 -26.193750
v -37.783741 86.118774 -58.349926
v -44.769360 68.271797 -17.037722
v -51.446472 57.872437 -13.318567
v -51.048046 77.803001 -44.437595
v -47.883900 86.118774 -74.724113
v -62.619434 68.271797 -37.917065
v -72.452942 57.872437 -35.528065
v -64.704575 77.803009 -64.972771
v -57.111240 86.118767 -92.093605
v -79.595139 68.271805 -60.901707
v -92.439316 57.872437 -59.666122
v -76.976692 77.803009 -86.135826
v -64.951073 86.118767 -109.590210
v -94.530663 68.271805 -84.055336
v -109.680122 57.872437 -83.666206
v -87.024147 77.803001 -106.939209
v -68.588058 86.118774 -120.104294
v -88.493820 77.803001 -111.062988
v -106.145454 68.271797 -106.404358
v -113.416328 68.271797 -127.745689
v -110.287842 69.811241 -127.621666
v -122.411133 57.872437 -106.627602
v -119.874855 46.978527 -84.387093
v -113.434937 69.508934 -147.921204
v -133.098846 46.978527 -107.213608
v -129.426208 57.872437 -128.520828
v -139.594574 46.978527 -129.105301
v -115.820839 68.271797 -148.189407
v -130.402893 57.872433 -149.615677
v -139.250412 46.978523 -150.352066
v -113.349670 68.271805 -167.744797
v -107.204308 71.814224 -166.459610
v -125.795418 57.872437 -169.983414
v -132.908157 46.978531 -171.008163
v -92.062599 77.803001 -181.199783
v -93.002075 77.803001 -177.834106
v -71.732056 86.118774 -172.880920
v -65.623901 86.118774 -185.695633
v -106.312889 68.271805 -186.143677
v -116.419250 57.872437 -189.318680
v -121.780159 46.978531 -190.715485
v -83.394905 77.803001 -196.473282
v -56.461670 86.118774 -196.701172
v -95.163185 68.271805 -202.893036
v -103.068123 57.872437 -207.027664
v -106.928352 46.978531 -208.826004
v -71.159996 77.803001 -209.660065
v -44.682545 86.118774 -205.595200
v -86.402473 57.872433 -222.451538
v -89.062782 47.187817 -224.845184
v -55.951622 77.803001 -220.355545
v -25.623241 86.098625 -212.799408
v -80.435402 68.271805 -217.430130
v -38.520130 77.803001 -228.231033
v -24.587646 77.803001 -231.052567
v -23.731884 71.480911 -238.464508
v -62.788414 68.271805 -229.252670
v -67.059471 57.872433 -235.022858
v -42.998924 68.271805 -237.974625
v -19.009691 68.271805 -243.403748
v -45.750694 57.872433 -244.309113
v 95.742989 90.365028 -148.349075
v 90.171242 92.616051 -153.165848
v 94.788010 90.870422 -140.262756
v 96.422020 85.219604 -136.185486
v 94.572517 86.019554 -134.602631
v 92.344749 79.739311 -131.460190
v 98.924194 84.106499 -141.659561
v 95.267052 78.474274 -133.959259
v 90.495247 76.213951 -131.077271
v 87.027245 82.026001 -128.787491
v 93.558632 74.888451 -133.697266
v 85.188599 78.495979 -128.409210
v 81.463242 80.086578 -127.617012
v 98.383141 77.099167 -140.782104
v 96.752235 73.483879 -140.692184
v 83.475525 83.540642 -128.032486
v 74.970619 82.805801 -129.753311
v 89.217812 88.315536 -131.912872
v 98.677696 76.919334 -148.525818
v 97.049889 73.310249 -148.629684
v 99.164490 83.943718 -147.876236
v 96.096458 77.951828 -155.663361
v 94.400436 74.381500 -155.947067
v 97.101051 84.751419 -153.607681
v 93.147804 86.352867 -157.725250
v 90.171242 92.616051 -153.165848
v 91.158775 79.967209 -160.790176
v 89.334084 76.457344 -161.201004
v 88.086098 88.425613 -159.413528
v 85.845924 89.355789 -158.946884
v 84.847534 82.557755 -162.895477
v 82.858505 79.120750 -163.355911
v 81.308212 84.024330 -162.157547
v 79.148659 80.658638 -162.583878
v 73.865257 82.864708 -159.943726
v 76.013962 86.236595 -159.511185
v 73.100960 87.469078 -157.022964
v 70.811180 84.156105 -157.334579
v 78.663414 92.377304 -154.700638
v 80.508263 91.592857 -156.277283
v 84.937447 94.820572 -150.544296
v 69.980225 88.861244 -150.193924
v 67.612923 85.577721 -150.333450
v 76.158142 93.501266 -149.221893
v 83.973167 95.355423 -142.448669
v 89.544922 93.105942 -137.630356
v 75.900795 93.716759 -142.986618
v 69.662415 89.123245 -142.422318
v 67.288918 85.836624 -142.366501
v 77.948730 92.964867 -137.235031
v 89.544922 93.105942 -137.630356
v 72.217293 88.176010 -135.253754
v 69.913559 84.856834 -135.016556
v 81.897324 91.378922 -133.112808
v 77.147224 86.185440 -130.117630
v 86.969887 89.270523 -131.435379
v 129.139404 -19.539892 -140.416229
v 131.443130 -16.581932 -145.240738
v 131.235397 -17.566368 -134.912689
v 126.675987 -16.203661 -131.157883
v 128.057297 -14.701427 -130.500565
v 123.609505 -10.098609 -128.184418
v 124.181564 -18.788000 -134.419693
v 121.426697 -12.470556 -129.224670
v 120.995712 -7.255371 -127.996834
v 127.234093 -6.092651 -127.626320
v 118.707481 -9.743591 -129.086685
v 124.611000 -3.258716 -127.438728
v 126.945740 -0.632520 -127.815453
v 118.329208 -15.695166 -133.289536
v 115.537132 -13.050365 -133.253876
v 129.458755 -3.587378 -127.985985
v 130.339325 3.367236 -130.970291
v 131.700485 -10.664465 -129.937805
v 116.721558 -17.183447 -138.721756
v 113.898476 -14.577404 -138.824081
v 122.874672 -19.981726 -138.777573
v 116.901390 -16.640844 -144.445450
v 114.095360 -14.020850 -144.695038
v 122.997139 -19.544542 -143.371094
v 124.510231 -17.564819 -147.290237
v 131.443130 -16.581932 -145.240738
v 118.808250 -14.172779 -149.333511
v 116.059578 -11.490772 -149.705582
v 127.110069 -14.433228 -149.762955
v 128.489822 -12.845728 -149.993942
v 122.054565 -10.267590 -152.415497
v 119.397362 -7.486365 -152.865082
v 124.231178 -7.760767 -152.779816
v 121.677841 -4.857068 -153.248001
v 125.218712 -0.857312 -152.697647
v 127.779793 -3.751709 -152.227921
v 129.931595 -1.376660 -151.192322
v 127.471291 1.632458 -151.610901
v 133.439911 -7.303430 -148.780060
v 132.074112 -8.807214 -149.437393
v 134.968506 -12.625587 -144.693497
v 133.044586 1.844849 -147.125900
v 130.658691 4.937683 -147.440613
v 135.943634 -4.719091 -145.518250
v 137.093948 -10.653613 -139.186844
v 134.791763 -13.611571 -134.362335
v 137.304794 -3.528467 -141.155716
v 134.734406 3.330029 -141.685928
v 132.382614 6.460071 -141.862656
v 137.238129 -3.968750 -136.556000
v 134.791763 -13.611571 -134.362335
v 134.641388 2.782776 -135.951385
v 132.277191 5.900415 -135.983948
v 135.738998 -5.948474 -132.633759
v 132.760880 0.313159 -131.061768
v 133.103500 -9.078516 -130.165695
v -90.171242 92.616051 -153.165848
v -95.744545 90.365028 -148.349075
v -94.788010 90.870422 -140.262756
v -96.423569 85.219604 -136.185486
v -94.574074 86.019554 -134.602631
v -92.346298 79.739311 -131.460190
v -98.925743 84.106499 -141.659561
v -95.268600 78.474274 -133.959259
v -90.495247 76.213951 -131.077271
v -87.028793 82.026001 -128.787491
v -93.558632 74.888451 -133.697266
v -85.190147 78.495979 -128.409210
v -81.464790 80.086578 -127.617012
v -98.384689 77.099167 -140.782104
v -96.753784 73.483879 -140.692184
v -83.475525 83.540642 -128.032486
v -89.217812 88.315536 -131.912872
v -74.972168 82.805801 -129.753311
v -86.969887 89.270523 -131.435379
v -89.544922 93.105942 -137.630356
v -77.147224 86.185440 -130.117630
v -69.913559 84.856834 -135.016556
v -81.898872 91.378922 -133.112808
v -72.217293 88.176010 -135.253754
v -67.290466 85.836624 -142.366501
v -77.948730 92.964867 -137.235031
v -83.974716 95.355423 -142.448669
v -69.662415 89.123245 -142.422318
v -67.614479 85.577721 -150.333450
v -75.902344 93.716759 -142.986618
v -69.980225 88.861244 -150.193924
v -70.812729 84.156105 -157.334579
v -76.158142 93.501266 -149.221893
v -89.544922 93.105942 -137.630356
v -84.939003 94.820572 -150.544296
v -73.100960 87.469078 -157.022964
v -73.865257 82.864708 -159.943726
v -78.663414 92.377304 -154.700638
v -80.508263 91.592857 -156.277283
v -76.013962 86.236595 -159.511185
v -81.309761 84.024330 -162.157547
v -79.148659 80.658638 -162.583878
v -82.858505 79.120750 -163.355911
v -84.847534 82.557755 -162.895477
v -85.847473 89.355789 -158.946884
v -89.334084 76.457344 -161.201004
v -88.087646 88.425613 -159.413528
v -90.171242 92.616051 -153.165848
v -91.160324 79.967209 -160.790176
v -94.400436 74.381500 -155.947067
v -93.147804 86.352867 -157.725250
v -96.096458 77.951828 -155.663361
v -97.051437 73.310249 -148.629684
v -97.102600 84.751419 -153.607681
v -98.677696 76.919334 -148.525818
v -99.166039 83.943718 -147.876236
v -131.444687 -16.581932 -145.240738
v -129.139404 -19.539892 -140.416229
v -131.236954 -17.566368 -134.912689
v -126.675987 -16.203661 -131.157883
v -128.057297 -14.701427 -130.500565
v -123.611061 -10.098609 -128.184418
v -124.183113 -18.788000 -134.419693
v -121.428246 -12.470556 -129.224670
v -120.995712 -7.255371 -127.996834
v -127.234093 -6.092651 -127.626320
v -118.707481 -9.743591 -129.086685
v -124.612549 -3.258716 -127.438728
v -126.947289 -0.632520 -127.815453
v -118.330757 -15.695166 -133.289536
v -115.538681 -13.050365 -133.253876
v -129.458755 -3.587378 -127.985985
v -131.700485 -10.664465 -129.937805
v -130.340881 3.367236 -130.970291
v -133.105057 -9.078516 -130.165695
v -134.793320 -13.611571 -134.362335
v -132.760880 0.313159 -131.061768
v -132.278748 5.900415 -135.983948
v -135.740555 -5.948474 -132.633759
v -134.641388 2.782776 -135.951385
v -132.384171 6.460071 -141.862656
v -137.238129 -3.968750 -136.556000
v -137.095505 -10.653613 -139.186844
v -134.734406 3.330029 -141.685928
v -130.658691 4.937683 -147.440613
v -137.306351 -3.528467 -141.155716
v -133.046143 1.844849 -147.125900
v -127.472839 1.632458 -151.610901
v -135.945190 -4.719091 -145.518250
v -134.793320 -13.611571 -134.362335
v -134.970047 -12.625587 -144.693497
v -129.931595 -1.376660 -151.192322
v -125.218712 -0.857312 -152.697647
v -133.439911 -7.303430 -148.780060
v -132.074112 -8.807214 -149.437393
v -127.781349 -3.751709 -152.227921
v -124.231178 -7.760767 -152.779816
v -121.679390 -4.857068 -153.248001
v -119.397362 -7.486365 -152.865082
v -122.056114 -10.267590 -152.415497
v -128.491379 -12.845728 -149.993942
v -116.061134 -11.490772 -149.705582
v -127.111618 -14.433228 -149.762955
v -131.444687 -16.581932 -145.240738
v -118.808250 -14.172779 -149.333511
v -114.095360 -14.020850 -144.695038
v -124.511780 -17.564819 -147.290237
v -116.902939 -16.640844 -144.445450
v -113.900024 -14.577404 -138.824081
v -122.997139 -19.544542 -143.371094
v -116.723106 -17.183447 -138.721756
v -122.874672 -19.981726 -138.777573
v 29.951660 6.501929 -270.541626
v 32.771641 -19.259291 -243.783569
v 0.000000 -23.226488 -264.385406
v -32.773193 -19.259291 -243.783569
v -29.951660 6.501929 -270.541626
v 0.000000 2.745569 -290.845795
v 26.928589 10.042798 -272.529083
v 0.000000 6.656958 -291.103149
v 19.488733 34.365345 -271.530701
v -26.930140 10.042798 -272.529083
v 20.612696 36.470642 -270.803619
v -19.490282 34.365345 -271.530701
v -20.612696 36.470642 -270.803619
v 0.000000 35.019569 -288.053741
v 0.000000 33.002636 -285.909668
v -16.781921 38.785229 -275.437439
v -11.706262 69.707375 -303.139618
v 0.000000 37.576000 -287.773132
v -10.627258 66.657944 -301.924194
v 16.781921 38.785229 -275.437439
v -9.844360 67.318367 -302.699341
v 11.704712 69.707375 -303.139618
v -10.909411 70.284081 -303.869812
v 10.627258 66.657944 -301.924194
v 0.000000 70.527473 -306.919250
v 9.842810 67.318367 -302.699341
v 0.000000 67.580368 -305.175171
v 10.909411 70.284081 -303.869812
v 112.690796 -49.685341 -165.067444
v 113.312462 -51.124008 -168.935425
v 117.467247 -49.764400 -167.158783
v 118.185036 -47.800179 -202.412445
v 115.192970 -46.603355 -167.775803
v 122.491745 -45.372421 -200.144363
v 120.625191 -44.059322 -204.640213
v 120.394203 -41.057957 -200.245132
v 34.213413 -19.632910 -240.039612
v 33.360752 -20.246826 -240.050461
v 32.771641 -19.259291 -243.783569
v 31.300415 7.184057 -267.853424
v 0.000000 -24.283789 -261.019714
v 29.951660 6.501929 -270.541626
v 0.000000 -23.226488 -264.385406
v 21.893236 37.624062 -267.969696
v -32.773193 -19.259291 -243.783569
v 20.612696 36.470642 -270.803619
v -33.362305 -20.246826 -240.050461
v 12.284521 71.652992 -301.812592
v -34.214966 -19.632910 -240.039612
v 11.704712 69.707375 -303.139618
v -31.301966 7.184057 -267.853424
v 10.909411 70.284081 -303.869812
v -29.951660 6.501929 -270.541626
v 11.496972 72.145981 -302.468353
v -21.894787 37.624062 -267.969696
v 0.000000 72.445190 -305.643341
v -20.612696 36.470642 -270.803619
v 0.000000 70.527473 -306.919250
v -12.286072 71.652992 -301.812592
v -10.909411 70.284081 -303.869812
v -11.706262 69.707375 -303.139618
v -11.496972 72.145981 -302.468353
v -113.314011 -51.124008 -168.935425
v -112.690796 -49.685341 -165.067444
v -117.467247 -49.764400 -167.158783
v -115.194519 -46.603355 -167.775803
v -118.186584 -47.800179 -202.412445
v -122.491745 -45.372421 -200.144363
v -120.394203 -41.057957 -200.245132
v -120.625191 -44.059322 -204.640213
v 22.263758 69.563194 147.620438
v 24.796936 72.150635 133.610443
v 17.702795 76.221703 135.805664
v 27.271204 73.779991 121.642189
v 16.113745 73.590858 149.784653
v 19.223633 77.896019 123.905617
v 30.072582 74.449722 108.948387
v 20.876245 78.610710 111.365295
v 7.278625 79.705215 137.681519
v 6.667810 77.029411 151.615555
v 7.849133 81.422935 125.817123
v 8.427392 82.182579 113.349670
v 0.000000 80.350136 138.309387
v 0.000000 77.632469 152.249619
v -6.667810 77.029411 151.615555
v 0.000000 82.109711 126.384529
v 0.000000 82.912766 113.831810
v -8.428943 82.182579 113.349670
v -7.850684 81.422935 125.817123
v -20.877794 78.610710 111.365295
v -7.280176 79.705215 137.681519
v -16.115295 73.590858 149.784653
v -19.223633 77.896019 123.905617
v -30.072582 74.449722 108.948387
v -27.271204 73.779991 121.642189
v -17.704346 76.221703 135.805664
v -22.263758 69.563194 147.620438
v -24.798487 72.150635 133.610443
v 0.000000 108.604225 -64.901466
v 1.457275 108.611977 -64.944878
v 0.000000 111.166855 -85.717247
v -1.457275 108.611977 -64.944878
v 6.956164 108.722046 -70.023636
v -6.957715 108.722046 -70.023636
v 0.000000 115.146461 -118.831505
v 4.140832 115.202271 -120.577133
v 12.430249 108.956139 -79.175011
v 15.578894 110.897095 -96.172424
v -4.142383 115.202271 -120.577133
v -12.430249 108.956139 -79.175011
v -15.578894 110.897095 -96.172424
v 0.000000 115.809982 -134.495651
v 8.075476 115.261185 -126.403130
v 16.912146 113.047356 -109.484787
v 18.296556 114.059708 -117.595917
v 21.260717 114.036453 -124.203270
v 23.886913 114.016296 -130.759445
v -8.075476 115.261185 -126.403130
v -16.912146 113.047356 -109.484787
v -18.296556 114.059708 -117.595917
v -21.260717 114.036453 -124.203270
v -23.886913 114.016296 -130.759445
v 0.000000 115.865799 -136.304840
v -12.084534 115.169716 -138.515564
v -26.116236 113.962036 -137.540436
v -27.209192 113.887619 -144.553955
v 12.084534 115.169716 -138.515564
v 26.114685 113.962036 -137.540436
v 27.207642 113.887619 -144.553955
v 0.000000 115.882851 -137.709412
v 0.000000 115.882851 -139.208542
v -11.628747 115.194519 -156.078827
v -27.060364 113.819412 -151.620193
v -25.452709 113.769798 -158.422882
v -22.283911 113.338821 -169.291992
v 11.627197 115.194519 -156.078827
v 27.058813 113.819412 -151.620193
v 25.452709 113.769798 -158.422882
v 22.283911 113.338821 -169.291992
v 0.000000 114.814697 -168.088959
v 0.000000 114.768188 -168.563354
v 22.438940 111.810226 -183.072540
v -22.438940 111.810226 -183.072540
v 0.000000 114.721680 -168.961777
v 20.953760 108.573219 -212.210297
v 22.697840 108.574768 -210.887894
v 22.671484 106.987267 -220.536926
v 22.231201 102.479019 -243.140198
v -20.955309 108.573219 -212.210297
v -22.699389 108.574768 -210.887894
v -22.673035 106.987267 -220.536926
v -22.231201 102.479019 -243.140198
v 0.000000 114.644165 -169.628403
v 10.600904 108.568565 -216.541824
v 13.690637 102.479019 -246.462479
v -10.602453 108.568565 -216.541824
v -13.690637 102.479019 -246.462479
v 0.000000 108.567017 -217.951035
v 0.000000 102.480568 -248.166245
v 66.220764 39.037926 -273.149200
v 63.896873 38.740273 -275.437439
v 63.631775 41.116867 -273.153870
v 41.760242 42.135410 -273.205017
v 67.417587 14.096814 -272.394226
v 42.966370 39.740211 -275.536652
v 69.744576 14.434778 -270.225372
v 40.161888 40.366528 -273.234467
v 69.341499 -0.914673 -267.889069
v 48.800121 15.467274 -270.414490
v 71.690193 -0.723987 -265.721771
v 51.544140 14.909168 -272.543060
v 71.288673 -17.239258 -261.311188
v 53.154896 1.465027 -266.403900
v 73.649765 -17.113684 -259.140778
v 55.943871 0.710034 -268.399109
v 72.567665 -28.550194 -255.869644
v 58.011963 -15.287439 -259.928314
v 75.317879 -31.568615 -250.719574
v 60.759083 -15.957166 -261.866180
v 73.073059 -32.508091 -251.804779
v 61.986912 -30.222960 -251.634247
v 63.904625 -27.482042 -256.461853
v 64.526291 -30.646191 -252.627991
v -63.898426 38.740273 -275.437439
v -66.220764 39.037926 -273.149200
v -63.631775 41.116867 -273.153870
v -41.760242 42.135410 -273.205017
v -67.417587 14.096814 -272.394226
v -42.967918 39.740211 -275.536652
v -69.746132 14.434778 -270.225372
v -40.161888 40.366528 -273.234467
v -69.341499 -0.914673 -267.889069
v -48.800121 15.467274 -270.414490
v -71.691750 -0.723987 -265.721771
v -51.545689 14.909168 -272.543060
v -71.290222 -17.239258 -261.311188
v -53.156445 1.465027 -266.403900
v -73.649765 -17.113684 -259.140778
v -55.945423 0.710034 -268.399109
v -72.567665 -28.550194 -255.869644
v -58.013512 -15.287439 -259.928314
v -75.317879 -31.568615 -250.719574
v -60.760632 -15.957166 -261.866180
v -73.074608 -32.508091 -251.804779
v -61.986912 -30.222960 -251.634247
v -63.904625 -27.482042 -256.461853
v -64.526291 -30.646191 -252.627991
v 7.508069 62.619431 115.512329
v 0.000000 63.393028 111.875343
v 0.000000 65.566544 113.189987
v -7.508069 62.619431 115.512329
v 7.439856 64.800697 116.792870
v 14.409973 60.363754 126.128731
v -7.439856 64.800697 116.792870
v -14.409973 60.363754 126.128731
v 0.000000 73.727287 136.917221
v 14.278198 62.563622 127.313156
v 20.144506 56.805836 142.865692
v -14.279748 62.563622 127.313156
v -20.144506 56.805836 142.865692
v 19.961573 59.038258 143.898193
v 24.246582 52.235573 164.366714
v 5.680274 73.141273 139.667435
v 10.901660 71.434402 147.701065
v 24.026440 54.509853 165.205414
v 26.384436 47.023483 188.890793
v 15.240930 68.743095 160.363846
v 26.144140 49.344273 189.504715
v 26.384436 41.589706 214.448929
v 18.343065 65.284386 176.631073
v 26.144140 43.961655 214.831848
v 24.246582 36.377625 238.971451
v 19.961573 61.341988 195.184982
v 24.026440 38.796082 239.132690
v 20.144506 31.807360 260.474030
v 19.961573 57.230614 214.521790
v 19.961573 34.267673 260.438354
v 14.409973 28.249437 277.210968
v 18.343065 53.286671 233.075699
v 14.279748 30.742308 277.023407
v 7.508069 25.993763 287.827393
v 15.240930 49.829517 249.344467
v 7.439856 28.505238 287.545227
v 0.000000 25.220167 291.465912
v 10.901660 47.138210 262.007263
v 13.121679 59.588612 226.020309
v 10.901660 57.115894 237.656815
v 5.680274 45.429787 270.040863
v 14.278198 62.410141 212.746704
v 0.000000 27.739393 291.149658
v 14.278198 65.351044 198.913437
v -7.441406 28.505238 287.545227
v -7.508069 25.993763 287.827393
v 13.121679 68.171028 185.641373
v -14.279748 30.742308 277.023407
v -14.409973 28.249437 277.210968
v 10.901660 70.645294 174.003326
v -19.961573 34.267673 260.438354
v -20.144506 31.807360 260.474030
v 7.797974 72.570763 164.944962
v -24.026440 38.796082 239.132690
v -24.246582 36.377625 238.971451
v 4.063318 73.792397 159.198029
v -26.145691 43.961655 214.831848
v -26.384436 41.589706 214.448929
v 0.000000 74.210976 157.230713
v -26.145691 49.344273 189.504715
v -26.384436 47.023483 188.890793
v -5.680274 73.141273 139.667435
v -24.026440 54.509853 165.205414
v -24.246582 52.235573 164.366714
v -10.903211 71.434402 147.701065
v -19.961573 59.038258 143.898193
v -15.240930 68.743095 160.363846
v -18.344616 65.284386 176.631073
v -4.063318 73.792397 159.198029
v -7.799524 72.570763 164.944962
v 0.000000 72.176987 181.123825
v -2.116150 71.959946 182.148575
v 0.000000 67.792755 206.661804
v 2.116150 71.959946 182.148575
v 4.063318 71.322777 185.143738
v 0.000000 67.792755 206.661804
v -4.063318 71.322777 185.143738
v 5.680274 70.319733 189.864380
v 0.000000 67.792755 206.661804
v -5.680274 70.319733 189.864380
v 6.836792 69.031441 195.929123
v 0.000000 67.792755 206.661804
v -6.838342 69.031441 195.929123
v 7.439856 67.560211 202.844986
v 0.000000 67.792755 206.661804
v -7.439856 67.560211 202.844986
v 7.439856 66.028526 210.053848
v 0.000000 67.792755 206.661804
v -7.439856 66.028526 210.053848
v 6.836792 64.558846 216.971252
v 0.000000 67.792755 206.661804
v -6.838342 64.558846 216.971252
v 5.680274 63.269009 223.034439
v 0.000000 67.792755 206.661804
v -5.680274 63.269009 223.034439
v 7.797974 55.190430 246.716721
v 4.063318 62.265968 227.755081
v 0.000000 67.792755 206.661804
v -4.063318 62.265968 227.755081
v 4.063318 53.968800 252.462112
v 2.116150 61.628796 230.750259
v 0.000000 67.792755 206.661804
v -2.116150 61.628796 230.750259
v 0.000000 44.845325 272.792633
v 0.000000 53.550220 254.430984
v 0.000000 61.411755 231.776550
v 0.000000 67.792755 206.661804
v -4.063318 53.968800 252.462112
v -5.680274 45.429787 270.040863
v -7.799524 55.190430 246.716721
v -10.903211 47.138210 262.007263
v -10.903211 57.115894 237.656815
v -15.240930 49.829517 249.344467
v -13.123230 59.588612 226.020309
v -18.344616 53.286671 233.075699
v -14.279748 62.410141 212.746704
v -19.961573 57.230614 214.521790
v -14.279748 65.351044 198.913437
v -19.961573 61.341988 195.184982
v -13.123230 68.171028 185.641373
v -10.903211 70.645294 174.003326
v 63.081421 -0.905371 249.687088
v 62.682995 -9.656775 255.889801
v 63.217846 -3.385840 247.084137
v 62.943443 -6.531384 245.585007
v 62.546570 0.610815 253.080673
v 62.292320 -9.965283 245.360214
v 61.666004 0.978235 256.844788
v 61.335789 -13.276710 246.417511
v 60.538940 0.145728 260.505035
v 60.180820 -16.073437 248.603424
v 59.294056 -1.790588 263.590118
v 58.952991 -18.023705 251.635803
v 58.084827 -4.605920 265.707794
v 57.796471 -18.890320 255.142563
v 57.063183 -7.956103 266.603882
v 56.856995 -18.566307 258.726837
v 56.365551 -11.431861 266.200806
v 56.258579 -17.079576 261.996399
v 56.084949 -14.603760 264.590057
v -62.682995 -9.656775 255.889801
v -63.082970 -0.905371 249.687088
v -63.217846 -3.385840 247.084137
v -62.548119 0.610815 253.080673
v -62.943443 -6.531384 245.585007
v -61.667553 0.978235 256.844788
v -62.292320 -9.965283 245.360214
v -60.540489 0.145728 260.505035
v -61.337341 -13.276710 246.417511
v -59.295605 -1.790588 263.590118
v -60.180820 -16.073437 248.603424
v -58.084827 -4.605920 265.707794
v -58.952991 -18.023705 251.635803
v -57.064732 -7.956103 266.603882
v -57.798023 -18.890320 255.142563
v -56.367100 -11.431861 266.200806
v -56.858543 -18.566307 258.726837
v -56.086498 -14.603760 264.590057
v -56.258579 -17.079576 261.996399
vn 0.3319 -0.9070 -0.2593
vn 0.4926 -0.8528 -0.1734
vn 0.5771 -0.3789 0.7235
vn 0.7594 -0.3314 -0.5599
vn 0.0228 -0.9876 -0.1555
vn 0.9552 0.1097 -0.2747
vn 0.0917 -0.1158 0.9890
vn 0.3186 -0.8376 -0.4437
vn 0.6310 -0.7263 -0.2726
vn 0.0194 -0.6890 -0.7245
vn 0.3311 -0.4490 -0.8299
vn 0.4615 0.8211 0.3359
vn 0.5505 0.8337 0.0432
vn -0.0174 -0.0173 0.9997
vn 0.0239 0.1336 0.9907
vn 0.7949 0.1441 0.5894
vn 0.7068 0.3030 0.6393
vn 0.9499 0.3110 0.0311
vn 0.5330 0.8366 0.1265
vn 0.9796 -0.0872 -0.1813
vn 0.8948 0.4066 0.1845
vn 0.9924 -0.0152 -0.1220
vn 0.3759 -0.9092 -0.1791
vn -0.1566 0.0063 0.9876
vn 0.5570 0.2053 -0.8047
vn 0.5370 0.3634 -0.7612
vn 0.0679 -0.8091 0.5837
vn 0.7272 0.4981 -0.4723
vn 0.6587 0.1315 -0.7409
vn 0.9116 0.3969 0.1073
vn 0.5191 0.7331 0.4395
vn 0.6529 0.7188 -0.2387
vn 0.4600 0.8321 -0.3099
vn -0.0301 0.8069 -0.5899
vn 0.0475 0.9142 -0.4025
vn 0.2764 0.8241 -0.4945
vn -0.1198 0.6907 -0.7132
vn 0.0284 0.9318 -0.3618
vn 0.2279 0.8714 -0.4343
vn -0.1284 0.7260 -0.6755
vn -0.5083 -0.5724 -0.6434
vn -0.3337 -0.9391 0.0828
vn 0.8221 -0.1187 -0.5569
vn -0.7566 -0.2487 -0.6047
vn 0.8760 -0.3961 -0.2751
vn 0.9642 -0.2072 -0.1653
vn 0.7259 0.2347 -0.6466
vn 0.3381 -0.7749 0.5341
vn -0.0093 -0.9023 0.4310
vn 0.1178 -0.7580 0.6416
vn 0.4142 -0.1819 -0.8918
vn 0.0866 -0.9228 -0.3755
vn 0.9034 0.4242 0.0630
vn -0.5201 -0.8156 0.2536
vn 0.8229 -0.5399 0.1771
vn 0.0974 -0.9527 0.2879
vn -0.0686 0.9964 -0.0507
vn 0.8834 0.4613 -0.0829
vn 0.5608 -0.0744 -0.8246
vn 0.1927 -0.9507 -0.2428
vn 0.7254 -0.6632 -0.1845
vn 0.4713 -0.8487 -0.2402
vn 0.3676 0.8757 -0.3131
vn -0.7208 0.3717 -0.5851
vn -0.5640 0.6510 -0.5081
vn -0.0207 0.9137 -0.4060
vn 0.0446 0.9727 -0.2276
vn 0.2126 0.9234 -0.3195
vn 0.7983 -0.5921 -0.1103
vn 0.8550 -0.2919 0.4288
vn 0.7901 0.5330 -0.3028
vn -0.3320 -0.9069 -0.2593
vn -0.4928 -0.8527 -0.1733
vn -0.5774 -0.3789 0.7233
vn -0.7594 -0.3315 -0.5599
vn -0.0228 -0.9876 -0.1555
vn -0.9553 0.1096 -0.2747
vn -0.0917 -0.1158 0.9890
vn -0.6310 -0.7263 -0.2727
vn -0.3186 -0.8376 -0.4437
vn -0.3311 -0.4491 -0.8299
vn -0.0194 -0.6890 -0.7245
vn -0.5505 0.8337 0.0433
vn -0.4615 0.8211 0.3359
vn -0.0239 0.1337 0.9907
vn 0.0174 -0.0173 0.9997
vn -0.7066 0.3032 0.6394
vn -0.7950 0.1439 0.5893
vn -0.5330 0.8366 0.1265
vn -0.9497 0.3116 0.0313
vn -0.9795 -0.0875 -0.1816
vn -0.9924 -0.0156 -0.1223
vn -0.8947 0.4067 0.1845
vn -0.3759 -0.9092 -0.1792
vn 0.1567 0.0064 0.9876
vn -0.5370 0.3639 -0.7611
vn -0.5570 0.2053 -0.8047
vn -0.0679 -0.8091 0.5837
vn -0.6587 0.1315 -0.7409
vn -0.7272 0.4981 -0.4723
vn -0.9117 0.3967 0.1072
vn -0.5189 0.7332 0.4395
vn -0.6531 0.7188 -0.2382
vn -0.4603 0.8320 -0.3098
vn 0.0301 0.8069 -0.5899
vn 0.0312 0.8555 -0.5168
vn -0.2764 0.8241 -0.4945
vn -0.0475 0.9142 -0.4025
vn -0.2279 0.8714 -0.4344
vn -0.0284 0.9318 -0.3618
vn 0.1284 0.7260 -0.6755
vn 0.5081 -0.5726 -0.6434
vn 0.3338 -0.9390 0.0829
vn -0.8223 -0.1185 -0.5566
vn 0.7566 -0.2487 -0.6047
vn -0.9643 -0.2069 -0.1652
vn -0.8762 -0.3957 -0.2750
vn -0.7261 0.2348 -0.6463
vn -0.3380 -0.7750 0.5340
vn -0.1178 -0.7579 0.6416
vn 0.0093 -0.9023 0.4310
vn -0.4142 -0.1821 -0.8918
vn -0.0866 -0.9228 -0.3755
vn -0.9033 0.4244 0.0629
vn 0.5201 -0.8156 0.2536
vn -0.8226 -0.5402 0.1772
vn -0.0974 -0.9527 0.2879
vn 0.0686 0.9964 -0.0507
vn -0.8840 0.4601 -0.0829
vn -0.5607 -0.0748 -0.8246
vn -0.1927 -0.9507 -0.2428
vn -0.4715 -0.8485 -0.2401
vn -0.7256 -0.6629 -0.1845
vn -0.3676 0.8756 -0.3133
vn 0.5638 0.6512 -0.5080
vn 0.7209 0.3714 -0.5851
vn 0.0207 0.9137 -0.4060
vn -0.2126 0.9234 -0.3195
vn -0.0446 0.9727 -0.2276
vn -0.7986 -0.5917 -0.1102
vn -0.8548 -0.2924 0.4287
vn -0.7901 0.5330 -0.3028
vn 0.0026 0.0652 0.9979
vn -0.0221 -0.0005 0.9998
vn 0.0092 0.0829 0.9965
vn 0.3845 -0.2797 0.8797
vn 0.4463 -0.3398 0.8278
vn 0.4455 -0.3437 0.8267
vn 0.2373 -0.8346 0.4971
vn -0.0509 -0.9987 -0.0046
vn 0.2373 -0.8346 0.4972
vn -0.0519 -0.9986 -0.0075
vn -0.0523 -0.9986 -0.0089
vn 0.1170 -0.1038 -0.9877
vn 0.1243 -0.0854 -0.9886
vn 0.1546 -0.2254 -0.9619
vn 0.0078 -0.4533 -0.8913
vn 0.0148 -0.5141 -0.8576
vn 0.1921 -0.1634 -0.9677
vn 0.1788 -0.2317 -0.9562
vn 0.1976 -0.0898 -0.9762
vn 0.1044 -0.0212 -0.9943
vn 0.0087 -0.0007 -1.0000
vn 0.1090 -0.1024 -0.9887
vn 0.1153 -0.0858 -0.9896
vn 0.1433 -0.2277 -0.9631
vn 0.1090 -0.1025 -0.9887
vn 0.0079 -0.4433 -0.8963
vn 0.0113 -0.5090 -0.8607
vn 0.1772 -0.1692 -0.9695
vn 0.1638 -0.2375 -0.9575
vn 0.1814 -0.0974 -0.9786
vn 0.0986 -0.0267 -0.9948
vn 0.0077 -0.0011 -1.0000
vn 0.1256 -0.0843 0.9885
vn 0.1168 -0.1066 0.9874
vn 0.0073 -0.4572 0.8893
vn 0.1550 -0.2219 0.9627
vn 0.0139 -0.5173 0.8557
vn 0.1913 -0.1589 0.9686
vn 0.1787 -0.2245 0.9580
vn 0.1965 -0.0861 0.9767
vn 0.1043 -0.0192 0.9944
vn 0.0090 -0.0006 1.0000
vn 0.1165 -0.0849 0.9896
vn 0.1088 -0.1050 0.9885
vn 0.0076 -0.4469 0.8946
vn 0.1437 -0.2246 0.9638
vn 0.0105 -0.5121 0.8588
vn 0.1765 -0.1651 0.9703
vn 0.1637 -0.2315 0.9590
vn 0.1805 -0.0943 0.9790
vn 0.0984 -0.0248 0.9948
vn 0.0080 -0.0010 1.0000
vn 0.1114 0.7114 -0.6939
vn 0.0644 0.6767 -0.7335
vn 0.0615 0.6672 -0.7423
vn -0.0000 0.6391 -0.7691
vn 0.0644 0.6766 -0.7335
vn -0.0644 0.6766 -0.7335
vn 0.1198 0.6907 -0.7132
vn -0.1114 0.7114 -0.6939
vn -0.0645 0.6767 -0.7335
vn -0.0312 0.8555 -0.5168
vn -0.0208 0.8372 -0.5465
vn -0.0000 0.7816 -0.6237
vn 0.0443 0.7837 -0.6196
vn 0.0985 0.7847 -0.6120
vn 0.0444 0.7837 -0.6196
vn -0.0707 0.7845 -0.6161
vn -0.0444 0.7837 -0.6196
vn -0.0985 0.7847 -0.6120
vn 0.9551 0.2685 0.1254
vn 0.9287 0.3368 0.1552
vn 0.9551 0.2684 0.1254
vn 0.9650 0.2380 0.1103
vn 0.9909 0.1322 0.0247
vn 0.9780 0.1999 0.0597
vn 0.9966 0.0816 -0.0124
vn -0.1688 -0.9252 -0.3399
vn -0.2192 -0.9184 -0.3295
vn -0.3586 -0.8794 -0.3131
vn -0.2752 -0.9077 -0.3167
vn -0.3625 -0.8779 -0.3128
vn -0.1244 0.7883 -0.6025
vn -0.0571 0.8260 -0.5608
vn -0.0764 0.8459 -0.5278
vn -0.0519 0.8455 -0.5314
vn -0.0998 0.8459 -0.5240
vn 0.0221 -0.0005 0.9998
vn -0.0026 0.0652 0.9979
vn -0.0092 0.0829 0.9965
vn -0.3845 -0.2797 0.8797
vn -0.4456 -0.3435 0.8267
vn -0.4463 -0.3398 0.8279
vn -0.2373 -0.8346 0.4971
vn 0.0519 -0.9986 -0.0075
vn -0.2373 -0.8346 0.4972
vn 0.0508 -0.9987 -0.0046
vn 0.0523 -0.9986 -0.0089
vn -0.1243 -0.0854 -0.9886
vn -0.1170 -0.1039 -0.9877
vn -0.0078 -0.4533 -0.8913
vn -0.1546 -0.2254 -0.9619
vn -0.0148 -0.5141 -0.8576
vn -0.1921 -0.1634 -0.9677
vn -0.1789 -0.2317 -0.9562
vn -0.1976 -0.0898 -0.9762
vn -0.1044 -0.0212 -0.9943
vn -0.0087 -0.0007 -1.0000
vn -0.1153 -0.0859 -0.9896
vn -0.1090 -0.1026 -0.9887
vn -0.0079 -0.4433 -0.8963
vn -0.1433 -0.2277 -0.9631
vn -0.0113 -0.5090 -0.8607
vn -0.1772 -0.1692 -0.9695
vn -0.1638 -0.2376 -0.9575
vn -0.1814 -0.0975 -0.9786
vn -0.0985 -0.0267 -0.9948
vn -0.0077 -0.0011 -1.0000
vn -0.1256 -0.0843 0.9885
vn -0.1168 -0.1067 0.9874
vn -0.1550 -0.2219 0.9627
vn -0.0073 -0.4572 0.8893
vn -0.0139 -0.5174 0.8556
vn -0.1913 -0.1590 0.9686
vn -0.1787 -0.2246 0.9579
vn -0.1965 -0.0862 0.9767
vn -0.1043 -0.0191 0.9944
vn -0.0090 -0.0006 1.0000
vn -0.1165 -0.0849 0.9896
vn -0.1088 -0.1051 0.9885
vn -0.1437 -0.2245 0.9638
vn -0.1088 -0.1050 0.9885
vn -0.0076 -0.4469 0.8946
vn -0.0105 -0.5122 0.8588
vn -0.1765 -0.1652 0.9703
vn -0.1637 -0.2315 0.9590
vn -0.1805 -0.0944 0.9790
vn -0.0984 -0.0248 0.9948
vn -0.0080 -0.0010 1.0000
vn 0.1688 -0.9252 -0.3399
vn 0.2191 -0.9184 -0.3295
vn 0.2192 -0.9184 -0.3295
vn 0.2752 -0.9077 -0.3167
vn 0.3586 -0.8794 -0.3131
vn 0.3625 -0.8779 -0.3128
vn 0.0571 0.8260 -0.5608
vn 0.1244 0.7883 -0.6025
vn 0.0519 0.8455 -0.5314
vn 0.0764 0.8459 -0.5278
vn 0.0998 0.8459 -0.5240
vn 0.5178 -0.8279 0.2155
vn 0.5198 -0.8069 0.2805
vn 0.5265 -0.7798 0.3386
vn 0.8728 -0.1574 0.4620
vn 0.8861 -0.0924 0.4541
vn 0.4576 -0.8849 0.0867
vn 0.4545 -0.8757 0.1631
vn 0.7412 -0.6712 0.0105
vn 0.8074 -0.5899 -0.0078
vn 0.9984 -0.0360 0.0441
vn 0.9992 -0.0021 0.0411
vn 0.9998 -0.0011 0.0210
vn -0.4929 0.8696 0.0297
vn -0.5451 0.8354 0.0708
vn -0.4848 0.8740 0.0345
vn -0.5353 0.8421 0.0661
vn -0.3887 0.9209 -0.0294
vn -0.5353 0.8420 0.0661
vn -0.5451 0.8354 0.0709
vn -0.5623 0.8224 0.0870
vn -0.5936 0.7975 0.1078
vn -0.6067 0.7864 0.1164
vn -0.3789 0.9247 -0.0370
vn -0.3847 0.9220 -0.0435
vn -0.3855 0.9217 -0.0443
vn -0.5180 -0.8277 0.2156
vn -0.5198 -0.8069 0.2805
vn -0.8728 -0.1574 0.4620
vn -0.5265 -0.7798 0.3386
vn -0.8861 -0.0924 0.4541
vn -0.4576 -0.8849 0.0867
vn -0.4545 -0.8757 0.1631
vn -0.7411 -0.6713 0.0105
vn -0.8073 -0.5901 -0.0078
vn -0.9984 -0.0360 0.0441
vn -0.9992 -0.0021 0.0411
vn -0.9998 -0.0011 0.0210
vn -0.9909 0.1322 0.0247
vn -0.9780 0.1999 0.0597
vn -0.9966 0.0816 -0.0124
vn -0.9909 0.1322 0.0248
vn -0.9630 0.2438 0.1147
vn -0.9551 0.2684 0.1254
vn -0.9287 0.3368 0.1552
vn 0.5023 0.8635 0.0449
vn 0.4929 0.8696 0.0297
vn 0.3887 0.9209 -0.0294
vn 0.5354 0.8420 0.0661
vn 0.5023 0.8635 0.0450
vn 0.5628 0.8220 0.0869
vn 0.5942 0.7971 0.1076
vn 0.6067 0.7863 0.1164
vn 0.6067 0.7864 0.1164
vn 0.3849 0.9219 -0.0437
vn 0.3789 0.9247 -0.0370
vn 0.3857 0.9216 -0.0446
vn 0.6606 0.7493 -0.0462
vn 0.6594 0.7504 -0.0462
vn 0.6850 0.7271 -0.0459
vn 0.6855 0.7266 -0.0459
vn 0.2190 0.4190 0.8812
vn 0.2171 0.4178 0.8822
vn 0.2181 0.4184 0.8817
vn 0.2200 0.4196 0.8806
vn 0.4495 -0.0133 0.8932
vn 0.4488 -0.0155 0.8935
vn 0.4575 0.0123 0.8891
vn 0.4582 0.0145 0.8888
vn 0.7623 0.0021 0.6473
vn 0.7638 0.0105 0.6453
vn 0.7421 -0.0863 0.6648
vn 0.7398 -0.0946 0.6661
vn 0.0514 0.0702 -0.9962
vn 0.0519 0.0690 -0.9963
vn 0.0498 0.0741 -0.9960
vn 0.0495 0.0747 -0.9960
vn 0.9904 -0.1343 -0.0340
vn 0.9820 -0.1874 -0.0243
vn 0.9981 -0.0310 -0.0524
vn 0.9983 0.0004 -0.0578
vn -0.3063 -0.7672 -0.5636
vn -0.3054 -0.7670 -0.5643
vn -0.3070 -0.7673 -0.5630
vn -0.3079 -0.7675 -0.5623
vn -0.2014 -0.4447 -0.8728
vn -0.2004 -0.4445 -0.8731
vn -0.2031 -0.4449 -0.8722
vn -0.2041 -0.4451 -0.8719
vn -0.3373 -0.8878 -0.3130
vn -0.3368 -0.8880 -0.3132
vn -0.3404 -0.8871 -0.3119
vn -0.3409 -0.8869 -0.3117
vn -0.0000 -0.7613 -0.6484
vn -0.0000 -0.4734 -0.8808
vn -0.0000 -0.9367 -0.3500
vn 0.9873 -0.1550 0.0335
vn 0.9843 -0.1746 0.0263
vn 0.9871 -0.1565 0.0330
vn 0.9901 -0.1342 0.0412
vn 0.2306 -0.8650 -0.4456
vn 0.1516 -0.8638 -0.4805
vn 0.1834 -0.8651 -0.4669
vn 0.2672 -0.8634 -0.4280
vn -0.5769 -0.2673 -0.7718
vn -0.6155 -0.2595 -0.7442
vn -0.5606 -0.2704 -0.7827
vn -0.5209 -0.3063 -0.7968
vn -0.7081 -0.3467 -0.6151
vn -0.7110 -0.5056 -0.4886
vn -0.4588 -0.4589 -0.7608
vn -0.7287 -0.6127 -0.3060
vn -0.7213 -0.5982 -0.3491
vn -0.8261 -0.5438 -0.1478
vn -0.8646 -0.4903 -0.1097
vn -0.8942 -0.4379 -0.0930
vn -0.9376 -0.3387 -0.0780
vn -0.9479 -0.3135 -0.0567
vn -0.9494 -0.3137 -0.0137
vn -0.9652 -0.2593 -0.0347
vn -0.9716 -0.2360 -0.0185
vn -0.9712 -0.2322 -0.0543
vn -0.9755 -0.2180 0.0303
vn -0.9628 -0.2638 0.0582
vn -0.9633 -0.2546 0.0853
vn -0.9519 -0.3025 -0.0495
vn -0.9492 -0.2980 -0.1011
vn -0.9536 -0.2912 -0.0770
vn -0.9540 -0.2914 -0.0704
vn -0.9564 -0.2878 -0.0501
vn -0.9563 -0.2885 -0.0477
vn -0.9573 -0.2877 -0.0290
vn -0.9573 -0.2877 -0.0300
vn -0.9581 -0.2863 -0.0126
vn -0.9580 -0.2868 -0.0095
vn -0.9583 -0.2855 0.0122
vn -0.9585 -0.2848 0.0112
vn -0.9784 -0.2023 0.0421
vn -0.9522 -0.3044 0.0268
vn -0.9631 -0.2652 0.0461
vn -0.9579 -0.2854 0.0318
vn -0.9508 -0.3028 0.0652
vn -0.9592 -0.2784 0.0500
vn -0.9557 -0.2870 0.0650
vn -0.9575 -0.2813 0.0641
vn -0.9556 -0.2858 0.0717
vn -0.9653 -0.2587 0.0354
vn -0.9585 -0.2775 0.0646
vn -0.9702 -0.2421 0.0120
vn 0.6349 -0.7400 0.2222
vn 0.6579 -0.7210 0.2174
vn 0.6575 -0.7214 0.2174
vn 0.6344 -0.7403 0.2223
vn 0.6657 -0.5706 -0.4810
vn 0.6644 -0.5712 -0.4819
vn 0.6645 -0.5712 -0.4819
vn 0.7195 0.1792 0.6710
vn 0.7176 0.1803 0.6727
vn 0.7195 0.1792 0.6709
vn -0.0591 -0.7695 -0.6360
vn -0.0950 -0.7786 -0.6203
vn -0.0644 -0.7709 -0.6337
vn -0.0378 -0.7634 -0.6448
vn 0.1221 0.6637 0.7380
vn 0.1047 0.6975 0.7089
vn 0.1201 0.6676 0.7348
vn 0.1313 0.6448 0.7530
vn -0.0908 -0.9848 -0.1483
vn -0.0904 -0.9854 -0.1442
vn -0.0951 -0.9748 -0.2019
vn -0.0958 -0.9729 -0.2105
vn -0.0645 -0.9871 -0.1464
vn -0.1160 -0.9866 -0.1148
vn -0.0576 -0.9869 -0.1506
vn -0.0231 -0.9850 -0.1712
vn 0.1514 0.9620 0.2272
vn 0.1117 0.9764 0.1847
vn 0.1563 0.9600 0.2324
vn 0.1786 0.9500 0.2563
vn 0.6169 0.7467 -0.2486
vn 0.6170 0.7468 -0.2484
vn 0.6169 0.7467 -0.2487
vn -0.3716 0.6451 -0.6677
vn -0.3716 0.6451 -0.6676
vn -0.3720 0.6448 -0.6677
vn 0.6611 -0.7295 -0.1753
vn 0.6634 -0.7274 -0.1755
vn 0.6198 -0.7656 -0.1724
vn 0.6154 -0.7692 -0.1721
vn 0.4348 0.8311 0.3466
vn 0.4333 0.8321 0.3462
vn 0.4395 0.8282 0.3477
vn 0.4413 0.8271 0.3482
vn 0.3992 0.9168 -0.0028
vn 0.3970 0.9178 -0.0039
vn 0.4047 0.9145 -0.0003
vn 0.4074 0.9133 0.0010
vn 0.4103 0.7914 -0.4530
vn 0.4085 0.7918 -0.4541
vn 0.4150 0.7905 -0.4505
vn 0.4173 0.7900 -0.4492
vn 0.4631 0.4850 -0.7418
vn 0.4619 0.4850 -0.7426
vn 0.4658 0.4850 -0.7401
vn 0.4672 0.4850 -0.7392
vn 0.5164 0.1439 -0.8442
vn 0.5150 0.1435 -0.8451
vn 0.5190 0.1445 -0.8425
vn 0.5205 0.1449 -0.8415
vn 0.5591 -0.1670 -0.8121
vn 0.5583 -0.1675 -0.8126
vn 0.5600 -0.1665 -0.8116
vn 0.5608 -0.1659 -0.8111
vn 0.5864 -0.3868 -0.7117
vn 0.5863 -0.3869 -0.7117
vn 0.5865 -0.3867 -0.7117
vn 0.5866 -0.3866 -0.7116
vn 0.4958 -0.7852 0.3709
vn 0.4960 -0.7851 0.3710
vn 0.4955 -0.7855 0.3708
vn 0.4954 -0.7856 0.3708
vn 0.4094 -0.8093 0.4211
vn 0.4098 -0.8091 0.4213
vn 0.4086 -0.8100 0.4207
vn 0.4083 -0.8102 0.4205
vn 0.2468 -0.8427 0.4784
vn 0.2471 -0.8425 0.4788
vn 0.2461 -0.8432 0.4779
vn 0.2458 -0.8435 0.4776
vn -0.0863 -0.3795 0.9211
vn -0.0833 -0.3776 0.9222
vn -0.0850 -0.3786 0.9216
vn -0.0880 -0.3806 0.9205
vn -0.5339 -0.3655 0.7624
vn -0.5421 -0.3665 0.7562
vn -0.5411 -0.3664 0.7569
vn -0.5330 -0.3654 0.7632
vn -0.9837 -0.0793 0.1615
vn -0.9831 -0.0760 0.1665
vn -0.9872 -0.1105 0.1147
vn -0.8484 -0.5007 0.1719
vn -0.8483 -0.5008 0.1719
vn -0.6486 -0.7297 0.2166
vn -0.6553 -0.7242 0.2147
vn -0.2831 -0.9428 0.1760
vn -0.2830 -0.9428 0.1760
vn 0.0138 -0.9815 0.1909
vn -0.0000 -0.9915 0.1300
vn -0.0000 -0.9961 0.0883
vn 0.2833 -0.9427 0.1760
vn -0.0138 -0.9815 0.1909
vn 0.8487 -0.5001 0.1719
vn 0.2834 -0.9427 0.1760
vn 0.6561 -0.7235 0.2146
vn 0.6494 -0.7290 0.2165
vn 0.9837 -0.0792 0.1617
vn 0.9872 -0.1105 0.1147
vn 0.9831 -0.0758 0.1667
vn -0.9322 -0.2902 0.2164
vn -0.9267 -0.2931 0.2352
vn -0.9506 -0.2771 0.1399
vn -0.9528 -0.2751 0.1287
vn 0.0318 0.1419 -0.9894
vn 0.0317 0.1419 -0.9894
vn 0.9432 -0.3314 0.0242
vn 0.9426 -0.3329 0.0274
vn 0.9428 -0.3323 0.0262
vn 0.9434 -0.3308 0.0229
vn 0.4146 0.9100 -0.0001
vn 0.4151 0.9098 -0.0010
vn 0.4142 0.9102 0.0008
vn 0.4137 0.9104 0.0019
vn 0.4031 0.9151 -0.0022
vn 0.4027 0.9153 -0.0025
vn 0.4040 0.9147 -0.0017
vn 0.4046 0.9145 -0.0014
vn -0.8730 0.4397 -0.2109
vn -0.8728 0.4398 -0.2116
vn -0.8762 0.4382 -0.2007
vn -0.8764 0.4381 -0.1999
vn -0.3693 -0.7707 -0.5193
vn -0.3692 -0.7709 -0.5191
vn -0.3693 -0.7700 -0.5203
vn -0.3693 -0.7698 -0.5206
vn 0.8731 -0.3208 -0.3671
vn 0.8732 -0.3208 -0.3669
vn 0.8724 -0.3205 -0.3690
vn 0.8723 -0.3204 -0.3692
vn 0.8096 0.5868 0.0142
vn 0.8099 0.5864 0.0145
vn 0.8086 0.5882 0.0133
vn 0.8083 0.5886 0.0130
vn 0.4108 0.8926 0.1856
vn 0.4105 0.8926 0.1862
vn 0.4113 0.8927 0.1843
vn 0.4117 0.8927 0.1835
vn -0.0908 0.9900 0.1083
vn -0.0891 0.9901 0.1083
vn -0.0924 0.9898 0.1084
vn -0.0947 0.9896 0.1085
vn 0.4562 -0.1158 -0.8823
vn 0.4567 -0.1159 -0.8821
vn 0.4495 -0.1142 -0.8860
vn 0.4490 -0.1141 -0.8862
vn 0.1646 -0.9862 0.0158
vn 0.1644 -0.9863 0.0158
vn 0.1657 -0.9861 0.0155
vn 0.1660 -0.9860 0.0155
vn 0.2218 -0.0941 0.9706
vn 0.2212 -0.0938 0.9707
vn 0.2280 -0.0970 0.9688
vn 0.2287 -0.0973 0.9686
vn 0.2371 0.8629 0.4462
vn 0.2369 0.8629 0.4464
vn 0.2378 0.8630 0.4456
vn 0.2380 0.8631 0.4455
vn 0.2094 0.9778 -0.0063
vn 0.2095 0.9778 -0.0062
vn 0.2088 0.9779 -0.0065
vn 0.2086 0.9780 -0.0065
vn 0.3509 0.8265 -0.4403
vn 0.3509 0.8269 -0.4393
vn 0.3509 0.8261 -0.4410
vn 0.3508 0.8255 -0.4422
vn -0.6891 0.6433 0.3336
vn -0.6892 0.6432 0.3336
vn -0.6873 0.6452 0.3336
vn -0.6871 0.6454 0.3336
vn 0.2953 0.9321 -0.2096
vn 0.2953 0.9321 -0.2100
vn 0.2955 0.9323 -0.2085
vn 0.2956 0.9324 -0.2081
vn 0.8975 -0.2617 -0.3550
vn 0.8974 -0.2619 -0.3550
vn 0.8981 -0.2591 -0.3553
vn 0.8982 -0.2587 -0.3553
vn 0.4589 0.8673 0.1929
vn 0.4589 0.8672 0.1931
vn 0.4589 0.8674 0.1922
vn 0.4589 0.8675 0.1920
vn 0.6239 0.5175 -0.5856
vn 0.6237 0.5173 -0.5860
vn 0.6243 0.5177 -0.5850
vn 0.6247 0.5179 -0.5844
vn -0.1083 0.9838 -0.1427
vn -0.1083 0.9838 -0.1426
vn -0.1083 0.9838 -0.1430
vn -0.1083 0.9837 -0.1432
vn -0.9078 0.3711 -0.1957
vn -0.9078 0.3710 -0.1956
vn -0.9077 0.3711 -0.1957
vn -0.9077 0.3712 -0.1958
vn -0.7003 -0.4899 -0.5192
vn -0.7003 -0.4900 -0.5192
vn -0.7004 -0.4897 -0.5193
vn -0.7005 -0.4895 -0.5194
vn 0.1268 -0.5473 -0.8273
vn 0.1273 -0.5475 -0.8271
vn 0.1261 -0.5470 -0.8276
vn 0.1253 -0.5467 -0.8279
vn -0.9351 -0.3496 0.0580
vn -0.9359 -0.3474 0.0580
vn -0.9356 -0.3482 0.0580
vn -0.9348 -0.3504 0.0579
vn -0.1540 -0.9239 -0.3504
vn -0.1531 -0.9241 -0.3503
vn -0.1535 -0.9240 -0.3503
vn -0.1543 -0.9238 -0.3504
vn 0.9017 -0.2949 -0.3161
vn 0.9018 -0.2948 -0.3160
vn 0.9017 -0.2950 -0.3162
vn 0.6182 0.7644 0.1829
vn 0.6189 0.7641 0.1820
vn 0.6186 0.7642 0.1823
vn 0.6180 0.7646 0.1832
vn -0.4176 0.8040 0.4234
vn -0.4190 0.8028 0.4242
vn -0.4185 0.8032 0.4239
vn -0.4171 0.8044 0.4231
vn 0.9949 -0.0113 0.0998
vn 0.9956 -0.0265 0.0902
vn 0.9953 -0.0182 0.0954
vn 0.9945 -0.0029 0.1050
vn 0.4764 -0.8784 0.0388
vn 0.4834 -0.8745 0.0405
vn 0.4827 -0.8749 0.0403
vn 0.4758 -0.8787 0.0386
vn -0.0735 -0.9973 -0.0091
vn -0.0730 -0.9973 -0.0093
vn -0.0751 -0.9971 -0.0087
vn -0.0757 -0.9971 -0.0086
vn 0.7404 -0.6627 0.1126
vn 0.7403 -0.6628 0.1125
vn 0.7404 -0.6627 0.1127
vn 0.7405 -0.6626 0.1128
vn -0.0449 -0.9990 -0.0042
vn -0.0434 -0.9990 -0.0073
vn -0.0440 -0.9990 -0.0060
vn -0.0453 -0.9990 -0.0034
vn 0.9934 -0.0511 0.1030
vn 0.9934 -0.0686 0.0921
vn 0.9934 -0.0591 0.0980
vn 0.9932 -0.0416 0.1090
vn 0.4703 -0.8816 0.0403
vn 0.4658 -0.8840 0.0392
vn 0.4662 -0.8838 0.0393
vn 0.4707 -0.8813 0.0404
vn -0.0699 -0.9975 -0.0091
vn -0.0695 -0.9975 -0.0092
vn -0.0711 -0.9974 -0.0087
vn -0.0716 -0.9974 -0.0086
vn 0.6864 -0.7240 0.0678
vn 0.6847 -0.7257 0.0678
vn 0.7159 -0.6949 0.0677
vn 0.7178 -0.6930 0.0677
vn 0.8484 -0.5265 0.0549
vn 0.8493 -0.5250 0.0546
vn 0.8428 -0.5353 0.0566
vn 0.8419 -0.5367 0.0569
vn 0.2275 -0.1507 -0.9620
vn 0.1534 -0.2029 -0.9671
vn 0.3956 -0.0223 -0.9181
vn 0.4213 -0.0012 -0.9069
vn 0.8359 -0.5459 0.0577
vn 0.8369 -0.5443 0.0575
vn 0.8298 -0.5548 0.0595
vn 0.8288 -0.5563 0.0598
vn 0.6400 -0.7656 0.0654
vn 0.6382 -0.7671 0.0654
vn 0.6655 -0.7436 0.0649
vn 0.6676 -0.7417 0.0648
vn 0.9905 0.0173 0.1365
vn 0.9907 0.0122 0.1352
vn 0.9907 0.0133 0.1355
vn 0.9904 0.0183 0.1368
vn 0.9935 -0.0014 0.1138
vn 0.9942 -0.0101 0.1069
vn 0.9937 -0.0037 0.1119
vn 0.9929 0.0050 0.1188
vn 0.4777 -0.8772 0.0489
vn 0.4781 -0.8770 0.0490
vn 0.4780 -0.8770 0.0490
vn 0.4776 -0.8772 0.0489
vn -0.0728 -0.9973 -0.0096
vn -0.0724 -0.9973 -0.0097
vn -0.0736 -0.9972 -0.0094
vn -0.0740 -0.9972 -0.0092
vn 0.9923 -0.0440 0.1161
vn 0.9927 -0.0543 0.1081
vn 0.9924 -0.0469 0.1139
vn 0.9919 -0.0366 0.1218
vn 0.4673 -0.8828 0.0489
vn 0.4677 -0.8825 0.0490
vn 0.4663 -0.8833 0.0486
vn 0.4658 -0.8836 0.0484
vn -0.0693 -0.9975 -0.0094
vn -0.0691 -0.9976 -0.0095
vn -0.0698 -0.9975 -0.0092
vn -0.0700 -0.9975 -0.0092
vn 0.4908 0.8688 0.0660
vn 0.4927 0.8676 0.0667
vn 0.4818 0.8741 0.0626
vn 0.4799 0.8751 0.0619
vn -0.0000 -0.0000 -1.0000
vn -0.0000 -0.0000 1.0000
vn -0.4623 -0.8856 -0.0449
vn -0.4608 -0.8863 -0.0452
vn -0.4696 -0.8818 -0.0436
vn -0.4712 -0.8810 -0.0433
vn 0.4627 0.8842 0.0644
vn 0.4643 0.8833 0.0651
vn 0.4553 0.8882 0.0615
vn 0.4536 0.8891 0.0609
vn -0.4416 -0.8961 -0.0450
vn -0.4403 -0.8967 -0.0452
vn -0.4477 -0.8931 -0.0438
vn -0.4490 -0.8925 -0.0436
vn 0.8035 -0.5935 0.0476
vn 0.7999 -0.5987 0.0407
vn 0.8036 -0.5932 0.0479
vn 0.8071 -0.5879 0.0548
vn 0.7238 -0.6885 0.0458
vn 0.7201 -0.6919 0.0520
vn 0.7227 -0.6895 0.0476
vn 0.7265 -0.6859 0.0412
vn -0.7718 -0.6280 -0.0995
vn -0.6141 -0.7892 -0.0072
vn -0.6516 -0.7581 -0.0273
vn -0.8032 -0.5833 -0.1210
vn -0.0184 -0.7608 0.6488
vn -0.0106 -0.7497 0.6617
vn -0.0254 -0.7705 0.6369
vn -0.0394 -0.7892 0.6128
vn -0.6738 -0.6051 0.4241
vn -0.8723 -0.4358 0.2215
vn -0.8526 -0.4597 0.2483
vn -0.3665 -0.7155 0.5947
vn 0.9697 -0.2332 0.0732
vn 0.9715 -0.2242 0.0766
vn 0.9711 -0.2266 0.0757
vn 0.9691 -0.2359 0.0722
vn 0.9922 -0.1113 0.0553
vn 0.9940 -0.0839 0.0702
vn 0.9933 -0.0963 0.0635
vn 0.9912 -0.1234 0.0487
vn 0.4375 -0.8991 0.0158
vn 0.4571 -0.8892 0.0194
vn 0.4554 -0.8901 0.0191
vn 0.4359 -0.8999 0.0155
vn -0.0659 -0.9978 -0.0048
vn -0.0683 -0.9976 -0.0056
vn -0.0677 -0.9977 -0.0054
vn -0.0654 -0.9979 -0.0046
vn 0.5878 -0.8084 0.0324
vn 0.6231 -0.7811 0.0402
vn 0.6203 -0.7833 0.0396
vn 0.5852 -0.8103 0.0318
vn 0.4394 -0.8981 0.0190
vn 0.4531 -0.8912 0.0219
vn 0.4518 -0.8919 0.0216
vn 0.4381 -0.8987 0.0187
vn -0.0657 -0.9978 -0.0043
vn -0.0673 -0.9977 -0.0049
vn -0.0668 -0.9978 -0.0047
vn -0.0653 -0.9979 -0.0041
vn 0.9785 -0.2063 -0.0080
vn 0.9762 -0.2168 -0.0006
vn 0.9797 -0.2001 -0.0124
vn 0.9817 -0.1893 -0.0200
vn 0.3853 -0.9227 -0.0148
vn 0.3880 -0.9215 -0.0154
vn 0.3685 -0.9296 -0.0110
vn 0.3660 -0.9306 -0.0104
vn -0.0599 -0.9982 -0.0002
vn -0.0583 -0.9983 0.0004
vn -0.0589 -0.9983 0.0002
vn -0.0605 -0.9982 -0.0005
vn 0.6324 -0.7739 -0.0348
vn 0.6261 -0.7794 -0.0225
vn 0.6301 -0.7759 -0.0303
vn 0.6364 -0.7702 -0.0429
vn -0.0387 -0.9992 0.0015
vn -0.0388 -0.9992 0.0012
vn -0.0384 -0.9993 0.0023
vn -0.0382 -0.9993 0.0028
vn 0.9871 -0.1596 0.0094
vn 0.9849 -0.1720 0.0175
vn 0.9886 -0.1505 0.0035
vn 0.9904 -0.1379 -0.0047
vn 0.4037 -0.9149 -0.0054
vn 0.4010 -0.9161 -0.0049
vn 0.4259 -0.9047 -0.0095
vn 0.4289 -0.9033 -0.0101
vn -0.0638 -0.9980 -0.0011
vn -0.0618 -0.9981 -0.0003
vn -0.0624 -0.9981 -0.0006
vn -0.0645 -0.9979 -0.0014
vn 0.5210 -0.8535 -0.0065
vn 0.4979 -0.8672 -0.0104
vn 0.5001 -0.8659 -0.0100
vn 0.5232 -0.8522 -0.0061
vn 0.7638 -0.6437 -0.0487
vn 0.7756 -0.6296 -0.0449
vn 0.7735 -0.6321 -0.0456
vn 0.7617 -0.6461 -0.0494
vn 0.1677 -0.1580 0.9731
vn 0.2891 -0.0642 0.9551
vn 0.2612 -0.0864 0.9614
vn 0.0938 -0.2119 0.9728
vn 0.7867 -0.6160 -0.0392
vn 0.8017 -0.5967 -0.0344
vn 0.7993 -0.5999 -0.0352
vn 0.7843 -0.6190 -0.0400
vn 0.5696 -0.8219 0.0055
vn 0.5397 -0.8419 -0.0003
vn 0.5426 -0.8400 0.0002
vn 0.5725 -0.8199 0.0061
vn 0.9834 -0.1813 -0.0057
vn 0.9830 -0.1835 -0.0051
vn 0.9849 -0.1728 -0.0080
vn 0.9854 -0.1701 -0.0088
vn 0.9791 -0.2023 -0.0228
vn 0.9773 -0.2112 -0.0149
vn 0.9794 -0.2006 -0.0242
vn 0.9809 -0.1916 -0.0322
vn 0.3828 -0.9237 -0.0184
vn 0.3854 -0.9225 -0.0192
vn 0.3705 -0.9287 -0.0148
vn 0.3679 -0.9297 -0.0141
vn -0.0595 -0.9982 0.0016
vn -0.0586 -0.9983 0.0021
vn -0.0590 -0.9983 0.0019
vn -0.0600 -0.9982 0.0014
vn 0.9883 -0.1525 -0.0030
vn 0.9866 -0.1631 0.0057
vn 0.9888 -0.1494 -0.0056
vn 0.9902 -0.1387 -0.0144
vn 0.4058 -0.9139 -0.0084
vn 0.4030 -0.9152 -0.0078
vn 0.4227 -0.9062 -0.0125
vn 0.4256 -0.9048 -0.0133
vn -0.0632 -0.9980 0.0006
vn -0.0619 -0.9981 0.0012
vn -0.0625 -0.9980 0.0010
vn -0.0638 -0.9980 0.0004
vn 0.4003 0.9164 0.0043
vn 0.4056 0.9140 0.0025
vn 0.4044 0.9146 0.0029
vn 0.3991 0.9169 0.0048
vn -0.4015 -0.9155 0.0249
vn -0.3971 -0.9174 0.0261
vn -0.3981 -0.9170 0.0258
vn -0.4025 -0.9151 0.0247
vn 0.4165 0.9090 0.0126
vn 0.4226 0.9063 0.0108
vn 0.4213 0.9069 0.0112
vn 0.4153 0.9096 0.0130
vn -0.4148 -0.9097 0.0187
vn -0.4101 -0.9118 0.0199
vn -0.4111 -0.9114 0.0196
vn -0.4158 -0.9093 0.0184
vn 0.0722 -0.9974 0.0031
vn 0.0730 -0.9973 -0.0004
vn 0.0729 -0.9973 0.0001
vn 0.3433 -0.9221 -0.1786
vn 0.5560 -0.7594 -0.3379
vn 0.2420 -0.9309 -0.2734
vn 0.2120 -0.9404 -0.2658
vn 0.6183 -0.7852 0.0349
vn 0.6151 -0.7874 0.0406
vn 0.6170 -0.7861 0.0373
vn 0.6202 -0.7838 0.0315
vn 0.6828 -0.7292 0.0451
vn 0.6848 -0.7271 0.0492
vn 0.6818 -0.7303 0.0429
vn 0.6797 -0.7324 0.0387
vn -0.0383 -0.9503 -0.3090
vn -0.0884 -0.9546 -0.2846
vn 0.0359 -0.9386 -0.3432
vn 0.0663 -0.9319 -0.3566
vn 0.9571 0.2342 -0.1705
vn -0.5162 -0.7150 -0.4714
vn 0.9580 0.1768 -0.2258
vn 0.9549 0.2583 -0.1465
vn -0.0133 -0.8373 -0.5465
vn -0.0007 -0.7177 -0.6964
vn -0.0033 -0.7447 -0.6674
vn 0.0031 -0.6761 -0.7368
vn 0.8097 -0.5867 0.0124
vn 0.8240 -0.5663 0.0171
vn 0.8222 -0.5689 0.0165
vn 0.8079 -0.5892 0.0118
vn 0.4416 0.8963 0.0404
vn 0.4431 0.8955 0.0409
vn 0.4333 0.9004 0.0381
vn 0.4319 0.9011 0.0377
vn 0.9487 -0.3075 0.0735
vn 0.9479 -0.3097 0.0743
vn 0.9507 -0.3018 0.0715
vn 0.9515 -0.2994 0.0707
vn 0.9931 -0.1018 0.0590
vn 0.9941 -0.0825 0.0711
vn 0.9936 -0.0929 0.0646
vn 0.9923 -0.1121 0.0526
vn -0.4245 -0.9053 -0.0136
vn -0.4321 -0.9017 -0.0155
vn -0.4310 -0.9022 -0.0152
vn -0.4234 -0.9058 -0.0133
vn -0.0814 -0.2590 -0.9625
vn -0.0814 -0.2590 -0.9624
vn -0.0813 -0.2590 -0.9625
vn -0.5852 -0.7314 0.3501
vn -0.5855 -0.7294 0.3538
vn -0.5854 -0.7300 0.3528
vn -0.5852 -0.7320 0.3491
vn 0.7276 -0.6857 -0.0205
vn 0.7271 -0.6862 -0.0213
vn 0.7283 -0.6850 -0.0195
vn 0.7289 -0.6844 -0.0185
vn 0.7361 -0.6763 -0.0273
vn 0.7364 -0.6759 -0.0278
vn 0.7357 -0.6768 -0.0266
vn 0.7353 -0.6772 -0.0260
vn 0.6042 0.5869 -0.5389
vn 0.6041 0.5866 -0.5394
vn 0.6068 0.5932 -0.5291
vn 0.6069 0.5935 -0.5286
vn -0.6818 0.4312 -0.5910
vn -0.6819 0.4313 -0.5908
vn -0.6810 0.4306 -0.5923
vn -0.6808 0.4304 -0.5926
vn -0.6356 -0.7658 -0.0978
vn -0.6356 -0.7658 -0.0976
vn -0.6355 -0.7656 -0.0999
vn -0.6354 -0.7656 -0.1001
vn 0.2626 -0.9483 0.1782
vn 0.2621 -0.9483 0.1788
vn 0.2642 -0.9482 0.1765
vn 0.2647 -0.9481 0.1759
vn 0.7519 -0.6247 0.2109
vn 0.7520 -0.6243 0.2115
vn 0.7514 -0.6258 0.2093
vn 0.7512 -0.6263 0.2085
vn 0.9832 -0.1705 -0.0648
vn 0.9830 -0.1721 -0.0644
vn 0.9834 -0.1691 -0.0652
vn 0.9838 -0.1670 -0.0657
vn -0.3963 -0.5292 -0.7503
vn -0.3965 -0.5294 -0.7500
vn -0.3933 -0.5243 -0.7553
vn -0.3931 -0.5240 -0.7556
vn -0.9640 0.1284 0.2326
vn -0.9640 0.1286 0.2326
vn -0.9641 0.1278 0.2327
vn -0.9642 0.1276 0.2327
vn 0.0404 0.0481 0.9980
vn 0.0408 0.0485 0.9980
vn 0.0359 0.0434 0.9984
vn 0.0355 0.0430 0.9984
vn 0.8118 -0.3590 0.4606
vn 0.8119 -0.3585 0.4608
vn 0.8115 -0.3605 0.4599
vn 0.8114 -0.3610 0.4597
vn 0.8605 -0.4982 -0.1067
vn 0.8604 -0.4984 -0.1065
vn 0.8607 -0.4978 -0.1071
vn 0.8608 -0.4975 -0.1073
vn 0.5275 -0.6622 -0.5322
vn 0.5286 -0.6623 -0.5310
vn 0.5267 -0.6620 -0.5332
vn 0.5253 -0.6619 -0.5348
vn 0.8532 0.5173 0.0665
vn 0.8531 0.5175 0.0665
vn 0.8543 0.5155 0.0668
vn 0.8545 0.5152 0.0668
vn 0.7252 -0.6121 -0.3154
vn 0.7251 -0.6120 -0.3157
vn 0.7256 -0.6121 -0.3144
vn 0.7257 -0.6121 -0.3140
vn -0.5915 -0.8017 -0.0867
vn -0.5917 -0.8015 -0.0866
vn -0.5897 -0.8029 -0.0871
vn -0.5893 -0.8032 -0.0872
vn 0.7101 -0.6618 0.2405
vn 0.7101 -0.6617 0.2409
vn 0.7101 -0.6622 0.2391
vn 0.7101 -0.6624 0.2387
vn 0.1182 -0.8308 -0.5439
vn 0.1181 -0.8305 -0.5443
vn 0.1184 -0.8313 -0.5430
vn 0.1186 -0.8318 -0.5423
vn 0.9079 -0.2119 -0.3618
vn 0.9078 -0.2119 -0.3620
vn 0.9081 -0.2118 -0.3614
vn 0.9082 -0.2118 -0.3611
vn 0.5626 0.6393 -0.5242
vn 0.5626 0.6392 -0.5243
vn 0.5626 0.6393 -0.5241
vn 0.5626 0.6394 -0.5240
vn -0.3014 0.6356 -0.7108
vn -0.3017 0.6356 -0.7106
vn -0.3011 0.6355 -0.7110
vn -0.3006 0.6354 -0.7112
vn -0.6475 -0.1510 -0.7470
vn -0.6477 -0.1512 -0.7467
vn -0.6471 -0.1505 -0.7474
vn -0.6467 -0.1501 -0.7478
vn 0.0222 0.9859 -0.1661
vn 0.0240 0.9858 -0.1665
vn 0.0232 0.9858 -0.1663
vn 0.0214 0.9859 -0.1659
vn -0.8906 0.3271 -0.3159
vn -0.8915 0.3255 -0.3149
vn -0.8911 0.3263 -0.3155
vn -0.8901 0.3279 -0.3164
vn -0.6144 -0.7881 -0.0381
vn -0.6141 -0.7883 -0.0378
vn -0.6142 -0.7882 -0.0379
vn -0.6145 -0.7880 -0.0382
vn 0.5451 -0.7848 0.2947
vn 0.5445 -0.7855 0.2941
vn 0.5448 -0.7852 0.2944
vn 0.5454 -0.7845 0.2950
vn 0.9388 0.2606 0.2251
vn 0.9383 0.2622 0.2257
vn 0.9385 0.2615 0.2254
vn 0.9391 0.2600 0.2249
vn 0.5989 0.7658 0.2342
vn 0.5986 0.7659 0.2346
vn 0.5991 0.7657 0.2340
vn 0.5996 0.7655 0.2334
vn 0.8713 -0.2958 0.3916
vn 0.8713 -0.2959 0.3916
vn 0.8713 -0.2957 0.3917
vn -0.0290 -0.8781 0.4777
vn -0.0289 -0.8780 0.4777
vn -0.0291 -0.8781 0.4776
vn -0.8817 -0.3247 0.3424
vn -0.8817 -0.3247 0.3423
vn -0.6849 0.6989 0.2063
vn -0.6847 0.6992 0.2060
vn -0.6849 0.6988 0.2064
vn -0.6852 0.6983 0.2070
vn -0.6074 -0.7801 0.1501
vn -0.6068 -0.7805 0.1503
vn -0.6070 -0.7804 0.1502
vn -0.6075 -0.7800 0.1500
vn -0.9677 0.2471 -0.0502
vn -0.9674 0.2482 -0.0507
vn -0.9675 0.2479 -0.0506
vn -0.9678 0.2468 -0.0500
vn -0.0117 0.9814 -0.1915
vn -0.0107 0.9814 -0.1918
vn -0.0109 0.9814 -0.1917
vn -0.0118 0.9814 -0.1915
vn 0.9504 0.3057 -0.0576
vn 0.9501 0.3064 -0.0575
vn 0.9502 0.3063 -0.0576
vn 0.9504 0.3056 -0.0576
vn 0.6396 -0.7543 0.1480
vn 0.6387 -0.7551 0.1479
vn 0.6389 -0.7550 0.1479
vn 0.6398 -0.7542 0.1481
vn 0.6063 0.7047 0.3686
vn 0.6059 0.7048 0.3690
vn 0.6064 0.7047 0.3684
vn 0.6069 0.7046 0.3678
vn 0.8654 -0.3776 0.3294
vn 0.8654 -0.3776 0.3293
vn -0.0282 -0.9512 0.3073
vn -0.0283 -0.9512 0.3072
vn -0.0283 -0.9512 0.3073
vn -0.0281 -0.9512 0.3074
vn -0.8764 -0.3942 0.2767
vn -0.8763 -0.3944 0.2768
vn -0.8764 -0.3942 0.2766
vn -0.8766 -0.3939 0.2764
vn -0.6917 0.6433 0.3282
vn -0.6915 0.6436 0.3279
vn -0.6918 0.6432 0.3283
vn -0.6920 0.6427 0.3287
vn -0.6056 -0.7957 0.0099
vn -0.6045 -0.7965 0.0103
vn -0.6047 -0.7964 0.0102
vn -0.6059 -0.7955 0.0098
vn -0.9671 0.2542 -0.0058
vn -0.9670 0.2546 -0.0059
vn -0.9671 0.2545 -0.0058
vn -0.9672 0.2541 -0.0057
vn -0.0117 0.9998 -0.0150
vn -0.0110 0.9998 -0.0152
vn -0.0112 0.9998 -0.0152
vn -0.0118 0.9998 -0.0150
vn 0.9499 0.3126 -0.0026
vn 0.6376 -0.7702 0.0126
vn 0.6364 -0.7713 0.0121
vn 0.6366 -0.7711 0.0122
vn 0.6378 -0.7701 0.0126
vn 0.3852 0.8023 0.4560
vn 0.3549 0.8209 0.4474
vn 0.3658 0.8143 0.4506
vn 0.4007 0.7922 0.4602
vn 0.4090 0.9125 -0.0130
vn 0.4537 0.8906 0.0308
vn -0.0393 0.9259 -0.3756
vn -0.0781 0.9125 -0.4015
vn 0.7618 0.5955 0.2549
vn 0.7199 0.6256 0.3008
vn 0.7416 0.6107 0.2776
vn 0.7219 0.6509 0.2348
vn 0.7357 0.6241 0.2630
vn 0.7404 0.6182 0.2639
vn 0.6996 0.6725 0.2414
vn 0.6530 0.7342 0.1859
vn 0.6534 0.7315 0.1948
vn 0.6118 0.7662 0.1966
vn 0.6034 0.7821 0.1554
vn 0.6083 0.7618 0.2228
vn 0.5932 0.7615 0.2612
vn 0.2583 0.9644 -0.0569
vn 0.3091 0.9510 -0.0049
vn -0.0512 0.9390 -0.3400
vn -0.0902 0.9238 -0.3720
vn -0.7326 0.4003 -0.5505
vn -0.7313 0.4028 -0.5504
vn -0.7353 0.3950 -0.5507
vn -0.7367 0.3922 -0.5508
vn -0.3010 -0.6612 -0.6871
vn -0.2932 -0.6447 -0.7060
vn -0.2942 -0.6469 -0.7035
vn -0.3018 -0.6630 -0.6851
vn -0.6883 0.4517 -0.5676
vn -0.7036 0.4229 -0.5711
vn -0.6637 0.4946 -0.5612
vn -0.6486 0.5188 -0.5569
vn -0.2795 -0.8129 -0.5110
vn -0.2787 -0.8114 -0.5137
vn -0.2788 -0.8117 -0.5133
vn -0.2796 -0.8131 -0.5106
vn -0.1029 -0.7028 -0.7039
vn -0.1048 -0.6972 -0.7091
vn -0.0960 -0.7223 -0.6848
vn -0.0935 -0.7292 -0.6778
vn -0.4321 -0.5480 -0.7162
vn -0.4374 -0.5544 -0.7080
vn -0.4365 -0.5533 -0.7095
vn -0.4310 -0.5467 -0.7179
vn -0.4090 -0.7117 -0.5712
vn -0.4028 -0.7050 -0.5838
vn -0.4041 -0.7064 -0.5811
vn -0.4105 -0.7133 -0.5680
vn 0.9382 0.2444 0.2449
vn 0.9210 0.2965 0.2528
vn 0.9271 0.2658 0.2644
vn 0.9070 0.3328 0.2580
vn 0.8974 0.3356 0.2863
vn 0.8804 0.3822 0.2806
vn 0.8567 0.4229 0.2954
vn 0.8401 0.4395 0.3180
vn 0.8237 0.4811 0.3001
vn 0.8758 0.4138 0.2485
vn 0.8558 0.4415 0.2696
vn 0.8077 0.4990 0.3140
vn -0.7450 -0.4984 0.4433
vn -0.7741 -0.4797 0.4130
vn -0.7676 -0.4841 0.4201
vn -0.7384 -0.5024 0.4498
vn -0.6258 -0.5768 0.5251
vn -0.6737 -0.5580 0.4846
vn -0.6379 -0.5724 0.5153
vn -0.5903 -0.5887 0.5522
vn 0.0738 -0.8784 -0.4722
vn 0.0758 -0.8819 -0.4654
vn 0.0658 -0.8640 -0.4991
vn -0.0000 -0.8600 -0.5103
vn -0.0738 -0.8784 -0.4722
vn -0.0658 -0.8640 -0.4991
vn -0.0758 -0.8819 -0.4654
vn 0.1140 0.1354 -0.9842
vn 0.1106 0.1521 -0.9822
vn 0.1310 0.0498 -0.9901
vn 0.1350 0.0290 -0.9904
vn -0.0000 -0.9999 0.0170
vn 0.1096 -0.9938 0.0169
vn -0.1096 -0.9938 0.0169
vn -0.0000 -0.5927 -0.8054
vn -0.0355 -0.5923 -0.8049
vn 0.0355 -0.5923 -0.8049
vn -0.0000 -0.6862 -0.7274
vn -0.0106 -0.6862 -0.7274
vn 0.0106 -0.6862 -0.7274
vn 0.1233 -0.4645 -0.8769
vn 0.1211 -0.5019 -0.8564
vn 0.1214 -0.4973 -0.8590
vn 0.1236 -0.4602 -0.8792
vn -0.5346 -0.7874 -0.3068
vn -0.5116 -0.7993 -0.3152
vn -0.5127 -0.7988 -0.3148
vn -0.5359 -0.7868 -0.3063
vn 0.2543 -0.9663 0.0396
vn 0.2409 -0.9667 0.0861
vn 0.2429 -0.9668 0.0791
vn 0.2562 -0.9661 0.0331
vn 0.3888 -0.7599 0.5210
vn 0.4663 -0.6687 0.5791
vn 0.4641 -0.6717 0.5774
vn 0.3866 -0.7622 0.5192
vn 0.5871 -0.6689 0.4559
vn 0.5172 -0.7476 0.4167
vn 0.5188 -0.7460 0.4176
vn 0.5929 -0.6617 0.4590
vn 0.1966 -0.7498 -0.6318
vn 0.2346 -0.7441 -0.6256
vn 0.2680 -0.7381 -0.6192
vn 0.3071 -0.7298 -0.6108
vn 0.9500 0.2930 0.1080
vn 0.9506 0.2911 0.1081
vn 0.9676 0.2261 0.1119
vn 0.9682 0.2135 0.1307
vn 0.9692 0.2132 0.1236
vn 0.9677 0.2261 0.1119
vn 0.9670 0.2106 0.1436
vn 0.9733 0.1986 0.1149
vn 0.9506 0.2910 0.1081
vn 0.9841 0.1306 0.1204
vn 0.1460 -0.6521 -0.7440
vn 0.1444 -0.6491 -0.7469
vn 0.1524 -0.6634 -0.7326
vn 0.1565 -0.6706 -0.7252
vn 0.8057 -0.5833 -0.1031
vn 0.7720 -0.6233 -0.1244
vn 0.7799 -0.6143 -0.1196
vn 0.8130 -0.5739 -0.0982
vn -0.8463 0.3633 -0.3896
vn -0.7839 0.4338 -0.4441
vn -0.8056 0.4110 -0.4266
vn -0.8648 0.3389 -0.3705
vn 0.1305 0.6711 -0.7298
vn 0.1324 0.6681 -0.7322
vn 0.1277 0.6755 -0.7262
vn 0.1251 0.6796 -0.7229
vn -0.0278 -0.7393 -0.6728
vn -0.0317 -0.7307 -0.6820
vn -0.0132 -0.7704 -0.6374
vn -0.0067 -0.7835 -0.6214
vn 0.6911 0.6773 0.2523
vn 0.6496 0.7004 0.2958
vn 0.6730 0.6879 0.2717
vn 0.6572 0.7216 0.2177
vn 0.6245 0.7515 0.2126
vn 0.5775 0.7973 0.1752
vn 0.5801 0.7931 0.1859
vn 0.5337 0.8260 0.1816
vn 0.5285 0.8365 0.1447
vn 0.5274 0.8225 0.2130
vn 0.5172 0.8196 0.2465
vn 0.2005 0.9778 -0.0606
vn 0.2513 0.9679 -0.0069
vn -0.0636 0.9461 -0.3175
vn -0.1017 0.9306 -0.3516
vn 0.9873 -0.1550 0.0337
vn 0.9872 -0.1562 0.0332
vn 0.9901 -0.1338 0.0416
vn 0.5565 -0.7955 0.2396
vn 0.6509 0.2186 0.7270
vn 0.6510 0.2186 0.7270
vn 0.5690 -0.6150 -0.5459
vn 0.8462 -0.5099 0.1545
vn 0.8393 -0.5204 0.1572
vn 0.8395 -0.5202 0.1571
vn 0.8464 -0.5096 0.1545
vn 0.9079 0.0245 0.4185
vn 0.9084 0.0240 0.4175
vn 0.8584 -0.4235 -0.2895
vn 0.8591 -0.4227 -0.2886
vn 0.6149 -0.7707 -0.1672
vn 0.6149 -0.7707 -0.1673
vn 0.7314 -0.3498 0.5854
vn 0.7314 -0.3494 0.5857
vn 0.7314 -0.3494 0.5856
vn 0.3798 0.3170 -0.8691
vn 0.3786 0.3190 -0.8688
vn 0.3816 0.3139 -0.8694
vn 0.3827 0.3121 -0.8696
vn 0.5183 0.3211 -0.7926
vn 0.5152 0.3260 -0.7926
vn 0.5230 0.3135 -0.7926
vn 0.5260 0.3086 -0.7925
vn 0.1864 0.5501 -0.8140
vn 0.1849 0.5465 -0.8168
vn 0.1855 0.5481 -0.8156
vn 0.1870 0.5517 -0.8128
vn 0.2124 0.3217 -0.9227
vn 0.2123 0.3216 -0.9228
vn 0.2124 0.3216 -0.9228
vn 0.6303 0.7323 0.2579
vn 0.6297 0.7325 0.2585
vn 0.6302 0.7323 0.2580
vn 0.6309 0.7320 0.2571
vn 0.8923 -0.3894 0.2285
vn 0.8923 -0.3894 0.2284
vn 0.8923 -0.3894 0.2286
vn -0.0292 -0.9767 0.2125
vn -0.8953 -0.4027 0.1903
vn -0.8953 -0.4028 0.1904
vn -0.8954 -0.4025 0.1902
vn -0.7131 0.6631 0.2277
vn -0.7125 0.6639 0.2271
vn -0.7130 0.6632 0.2276
vn -0.7138 0.6620 0.2284
vn -0.6057 -0.7957 0.0068
vn -0.6050 -0.7962 0.0069
vn -0.6051 -0.7961 0.0069
vn -0.6058 -0.7956 0.0068
vn -0.9671 0.2542 -0.0039
vn -0.9670 0.2547 -0.0040
vn -0.9670 0.2546 -0.0040
vn -0.9672 0.2541 -0.0039
vn -0.0118 0.9999 -0.0102
vn -0.0107 0.9999 -0.0104
vn -0.0108 0.9999 -0.0104
vn -0.0120 0.9999 -0.0102
vn 0.9501 0.3120 -0.0019
vn 0.9499 0.3126 -0.0017
vn 0.9499 0.3125 -0.0018
vn 0.6380 -0.7700 0.0086
vn 0.6368 -0.7710 0.0083
vn 0.6369 -0.7709 0.0084
vn 0.6381 -0.7699 0.0086
vn -0.6554 0.0693 -0.7521
vn -0.6750 0.0115 -0.7377
vn -0.6712 0.0232 -0.7409
vn -0.6316 0.1307 -0.7642
vn 0.9901 -0.0422 0.1336
vn 0.9902 -0.0430 0.1331
vn 0.9902 -0.0428 0.1332
vn 0.9901 -0.0415 0.1341
vn -0.2819 0.7048 -0.6510
vn -0.3223 0.6707 -0.6680
vn -0.3177 0.6747 -0.6662
vn -0.2768 0.7088 -0.6488
vn -0.3999 -0.5364 -0.7432
vn -0.3812 -0.5672 -0.7300
vn -0.3838 -0.5630 -0.7319
vn -0.4027 -0.5316 -0.7451
vn 0.7390 -0.6493 -0.1797
vn 0.7408 -0.6477 -0.1782
vn 0.7406 -0.6479 -0.1784
vn 0.7388 -0.6495 -0.1799
vn 0.8140 0.5793 -0.0434
vn 0.8935 -0.3853 0.2307
vn 0.8942 -0.3835 0.2311
vn 0.8886 -0.3981 0.2278
vn 0.8879 -0.3999 0.2274
vn 0.7397 -0.5625 0.3695
vn 0.7398 -0.5623 0.3695
vn 0.7389 -0.5638 0.3690
vn 0.7387 -0.5642 0.3689
vn -0.8437 0.4027 0.3549
vn -0.8439 0.4027 0.3545
vn -0.8438 0.4027 0.3547
vn -0.8436 0.4026 0.3552
vn 0.4450 0.8665 -0.2260
vn 0.4514 0.8622 -0.2300
vn 0.4505 0.8628 -0.2294
vn 0.4441 0.8671 -0.2255
vn 0.9456 0.2722 -0.1782
vn 0.9442 0.2764 -0.1789
vn 0.9447 0.2751 -0.1786
vn 0.9460 0.2709 -0.1780
vn -0.0657 -0.2574 0.9641
vn -0.0634 -0.2581 0.9640
vn -0.0638 -0.2579 0.9640
vn -0.0661 -0.2573 0.9641
vn -0.6510 0.7437 0.1524
vn -0.6509 0.7437 0.1522
vn -0.6509 0.7437 0.1523
vn -0.6510 0.7436 0.1524
vn 0.4737 -0.0378 -0.8799
vn 0.4732 -0.0381 -0.8801
vn 0.4733 -0.0381 -0.8801
vn 0.4740 -0.0376 -0.8797
vn -0.2331 -0.9688 -0.0844
vn -0.2330 -0.9688 -0.0844
vn -0.2332 -0.9688 -0.0844
vn -0.2334 -0.9687 -0.0843
vn -0.2529 -0.9645 0.0760
vn -0.2531 -0.9645 0.0761
vn -0.2531 -0.9644 0.0761
vn -0.2585 -0.9228 0.2856
vn -0.2586 -0.9228 0.2856
vn -0.2584 -0.9229 0.2855
vn -0.2449 -0.8596 0.4485
vn -0.2450 -0.8596 0.4485
vn 0.3854 0.2525 0.8875
vn 0.3850 0.2500 0.8884
vn 0.3851 0.2506 0.8882
vn 0.3856 0.2543 0.8869
vn 0.7831 0.3719 -0.4985
vn 0.7828 0.3718 -0.4990
vn 0.7829 0.3718 -0.4989
vn 0.7831 0.3720 -0.4984
vn 0.1689 -0.7127 -0.6809
vn 0.1691 -0.7125 -0.6810
vn 0.1689 -0.7127 -0.6808
vn 0.0944 -0.4132 0.9057
vn 0.0947 -0.4119 0.9063
vn 0.0946 -0.4122 0.9062
vn 0.0943 -0.4135 0.9056
vn 0.7601 0.5226 0.3862
vn 0.7600 0.5223 0.3867
vn 0.7600 0.5224 0.3866
vn 0.7601 0.5227 0.3860
vn 0.4786 0.5559 0.6796
vn 0.4783 0.5558 0.6799
vn 0.4792 0.5562 0.6789
vn 0.4798 0.5564 0.6784
vn 0.7102 -0.3103 0.6319
vn 0.7102 -0.3104 0.6319
vn -0.0238 -0.7981 0.6021
vn -0.0238 -0.7982 0.6020
vn -0.0237 -0.7980 0.6022
vn -0.0236 -0.7979 0.6023
vn -0.7572 -0.3409 0.5572
vn -0.7573 -0.3408 0.5571
vn -0.7570 -0.3410 0.5574
vn -0.7568 -0.3410 0.5576
vn -0.5689 0.5296 0.6292
vn -0.5689 0.5299 0.6289
vn -0.5689 0.5289 0.6298
vn -0.5689 0.5283 0.6303
vn -0.6052 -0.7957 0.0234
vn -0.6045 -0.7962 0.0239
vn -0.6049 -0.7960 0.0236
vn -0.6055 -0.7955 0.0231
vn -0.9671 0.2541 -0.0134
vn -0.9668 0.2551 -0.0140
vn -0.9670 0.2545 -0.0137
vn -0.9672 0.2535 -0.0131
vn -0.0115 0.9993 -0.0353
vn -0.0109 0.9993 -0.0356
vn -0.0112 0.9993 -0.0355
vn -0.0118 0.9993 -0.0351
vn 0.9499 0.3126 -0.0060
vn 0.9497 0.3130 -0.0057
vn 0.9498 0.3128 -0.0058
vn 0.9499 0.3124 -0.0061
vn 0.6371 -0.7702 0.0293
vn 0.6365 -0.7707 0.0288
vn 0.6368 -0.7705 0.0291
vn 0.6374 -0.7699 0.0296
vn -0.7568 -0.3411 0.5576
vn 0.3289 0.1099 -0.9379
vn 0.3197 0.0845 -0.9438
vn 0.3216 0.0899 -0.9426
vn 0.3389 0.1377 -0.9307
vn 0.4201 -0.9054 -0.0617
vn 0.4089 -0.9103 -0.0652
vn 0.4095 -0.9100 -0.0650
vn 0.4207 -0.9051 -0.0616
vn -0.0032 -0.0989 0.9951
vn -0.0032 -0.0988 0.9951
vn -0.0031 -0.0990 0.9951
vn 0.2682 0.9495 0.1630
vn 0.2507 0.9543 0.1627
vn 0.2517 0.9540 0.1627
vn 0.2690 0.9492 0.1630
vn 0.4068 0.5061 -0.7605
vn 0.3983 0.4707 -0.7873
vn 0.3993 0.4746 -0.7844
vn 0.4078 0.5107 -0.7569
vn 0.4388 -0.2579 -0.8608
vn 0.4426 -0.2865 -0.8497
vn 0.4422 -0.2839 -0.8508
vn 0.4384 -0.2549 -0.8619
vn 0.1652 -0.4646 0.8700
vn 0.1687 -0.4699 0.8664
vn 0.1683 -0.4694 0.8668
vn 0.1648 -0.4640 0.8704
vn 0.1041 0.2895 0.9515
vn -0.6608 0.7492 -0.0462
vn -0.6853 0.7268 -0.0459
vn -0.6848 0.7273 -0.0459
vn -0.6596 0.7502 -0.0462
vn -0.2190 0.4189 0.8812
vn -0.2200 0.4196 0.8806
vn -0.2181 0.4184 0.8817
vn -0.2170 0.4178 0.8823
vn -0.4495 -0.0133 0.8932
vn -0.4581 0.0145 0.8888
vn -0.4575 0.0123 0.8891
vn -0.4488 -0.0155 0.8935
vn -0.7398 -0.0946 0.6661
vn -0.7639 0.0105 0.6453
vn -0.0514 0.0702 -0.9962
vn -0.0495 0.0748 -0.9960
vn -0.0498 0.0741 -0.9960
vn -0.0519 0.0690 -0.9963
vn -0.9904 -0.1343 -0.0340
vn -0.9983 0.0003 -0.0578
vn -0.9981 -0.0310 -0.0524
vn -0.9820 -0.1874 -0.0244
vn 0.3063 -0.7672 -0.5636
vn 0.3079 -0.7675 -0.5622
vn 0.3070 -0.7673 -0.5630
vn 0.3054 -0.7670 -0.5643
vn 0.2014 -0.4447 -0.8728
vn 0.2041 -0.4451 -0.8719
vn 0.2031 -0.4449 -0.8722
vn 0.2004 -0.4445 -0.8731
vn 0.3374 -0.8878 -0.3130
vn 0.3409 -0.8869 -0.3117
vn 0.3404 -0.8871 -0.3119
vn 0.3368 -0.8880 -0.3132
vn -0.9873 -0.1550 0.0335
vn -0.9901 -0.1342 0.0412
vn -0.9871 -0.1565 0.0330
vn -0.9843 -0.1746 0.0263
vn -0.2306 -0.8650 -0.4456
vn -0.2672 -0.8634 -0.4280
vn -0.1834 -0.8651 -0.4669
vn -0.1516 -0.8638 -0.4805
vn 0.5606 -0.2704 -0.7827
vn 0.6155 -0.2595 -0.7442
vn 0.5769 -0.2673 -0.7718
vn 0.5209 -0.3063 -0.7968
vn 0.7111 -0.5056 -0.4886
vn 0.7081 -0.3467 -0.6151
vn 0.4589 -0.4589 -0.7608
vn 0.7287 -0.6126 -0.3060
vn 0.7214 -0.5981 -0.3491
vn 0.8261 -0.5438 -0.1478
vn 0.8646 -0.4904 -0.1097
vn 0.8942 -0.4379 -0.0930
vn 0.9376 -0.3388 -0.0780
vn 0.9479 -0.3136 -0.0567
vn 0.9494 -0.3137 -0.0137
vn 0.9652 -0.2593 -0.0347
vn 0.9716 -0.2360 -0.0185
vn 0.9712 -0.2321 -0.0543
vn 0.9755 -0.2180 0.0303
vn 0.9628 -0.2638 0.0583
vn 0.9633 -0.2546 0.0854
vn 0.9519 -0.3025 -0.0495
vn 0.9492 -0.2980 -0.1011
vn 0.9536 -0.2912 -0.0771
vn 0.9540 -0.2914 -0.0705
vn 0.9564 -0.2878 -0.0501
vn 0.9563 -0.2885 -0.0477
vn 0.9573 -0.2876 -0.0290
vn 0.9573 -0.2877 -0.0300
vn 0.9581 -0.2863 -0.0127
vn 0.9580 -0.2868 -0.0095
vn 0.9583 -0.2855 0.0122
vn 0.9585 -0.2848 0.0113
vn 0.9521 -0.3045 0.0268
vn 0.9784 -0.2023 0.0421
vn 0.9631 -0.2652 0.0461
vn 0.9579 -0.2854 0.0319
vn 0.9508 -0.3028 0.0652
vn 0.9592 -0.2784 0.0499
vn 0.9557 -0.2869 0.0650
vn 0.9575 -0.2813 0.0641
vn 0.9556 -0.2858 0.0717
vn 0.9653 -0.2588 0.0354
vn 0.9585 -0.2775 0.0645
vn 0.9702 -0.2422 0.0119
vn -0.6351 -0.7398 0.2222
vn -0.6347 -0.7401 0.2223
vn -0.6578 -0.7212 0.2174
vn -0.6582 -0.7208 0.2173
vn -0.6659 -0.5704 -0.4808
vn -0.6645 -0.5712 -0.4819
vn -0.6644 -0.5712 -0.4819
vn -0.7195 0.1792 0.6710
vn -0.7195 0.1792 0.6709
vn -0.7179 0.1801 0.6724
vn -0.7179 0.1801 0.6725
vn 0.0591 -0.7695 -0.6360
vn 0.0378 -0.7634 -0.6448
vn 0.0644 -0.7709 -0.6337
vn 0.0950 -0.7786 -0.6203
vn -0.1221 0.6637 0.7380
vn -0.1313 0.6448 0.7530
vn -0.1201 0.6676 0.7348
vn -0.1047 0.6975 0.7089
vn 0.0908 -0.9848 -0.1483
vn 0.0958 -0.9729 -0.2106
vn 0.0951 -0.9748 -0.2020
vn 0.0904 -0.9854 -0.1442
vn 0.0645 -0.9871 -0.1464
vn 0.0231 -0.9850 -0.1712
vn 0.0576 -0.9869 -0.1506
vn 0.1160 -0.9866 -0.1148
vn -0.1514 0.9620 0.2272
vn -0.1786 0.9500 0.2563
vn -0.1563 0.9600 0.2324
vn -0.1117 0.9764 0.1846
vn -0.6170 0.7467 -0.2486
vn 0.3711 0.6454 -0.6676
vn 0.3717 0.6450 -0.6677
vn 0.3716 0.6450 -0.6677
vn 0.3710 0.6455 -0.6676
vn -0.6611 -0.7295 -0.1753
vn -0.6154 -0.7692 -0.1721
vn -0.6198 -0.7656 -0.1724
vn -0.6635 -0.7274 -0.1754
vn -0.4348 0.8311 0.3466
vn -0.4413 0.8271 0.3482
vn -0.4395 0.8282 0.3477
vn -0.4333 0.8321 0.3462
vn -0.3992 0.9168 -0.0030
vn -0.4074 0.9133 0.0008
vn -0.4047 0.9145 -0.0004
vn -0.3971 0.9178 -0.0040
vn -0.4103 0.7914 -0.4530
vn -0.4173 0.7900 -0.4492
vn -0.4150 0.7905 -0.4505
vn -0.4085 0.7918 -0.4541
vn -0.4629 0.4852 -0.7419
vn -0.4672 0.4852 -0.7391
vn -0.4657 0.4852 -0.7401
vn -0.4616 0.4852 -0.7427
vn -0.5161 0.1440 -0.8443
vn -0.5202 0.1450 -0.8416
vn -0.5186 0.1446 -0.8427
vn -0.5147 0.1437 -0.8453
vn -0.5589 -0.1668 -0.8123
vn -0.5605 -0.1659 -0.8114
vn -0.5597 -0.1663 -0.8118
vn -0.5582 -0.1672 -0.8126
vn -0.5862 -0.3870 -0.7118
vn -0.5866 -0.3866 -0.7116
vn -0.5864 -0.3868 -0.7117
vn -0.5860 -0.3871 -0.7118
vn -0.4960 -0.7851 0.3710
vn -0.4955 -0.7855 0.3708
vn -0.4956 -0.7854 0.3709
vn -0.4961 -0.7850 0.3711
vn -0.4095 -0.8093 0.4211
vn -0.4084 -0.8101 0.4206
vn -0.4087 -0.8099 0.4207
vn -0.4098 -0.8091 0.4213
vn -0.2467 -0.8427 0.4785
vn -0.2458 -0.8435 0.4776
vn -0.2461 -0.8432 0.4779
vn -0.2471 -0.8425 0.4788
vn 0.0863 -0.3795 0.9211
vn 0.0880 -0.3806 0.9205
vn 0.0850 -0.3786 0.9216
vn 0.0833 -0.3776 0.9222
vn 0.5339 -0.3656 0.7624
vn 0.5329 -0.3654 0.7632
vn 0.5410 -0.3664 0.7570
vn 0.5420 -0.3665 0.7563
vn 0.9322 -0.2902 0.2162
vn 0.9528 -0.2751 0.1287
vn 0.9506 -0.2772 0.1399
vn 0.9268 -0.2931 0.2349
vn -0.0318 0.1419 -0.9894
vn -0.0317 0.1419 -0.9894
vn -0.9432 -0.3314 0.0243
vn -0.9434 -0.3308 0.0230
vn -0.9428 -0.3323 0.0262
vn -0.9426 -0.3328 0.0274
vn -0.4147 0.9100 -0.0000
vn -0.4137 0.9104 0.0020
vn -0.4142 0.9102 0.0009
vn -0.4151 0.9098 -0.0010
vn -0.4032 0.9151 -0.0021
vn -0.4046 0.9145 -0.0014
vn -0.4041 0.9147 -0.0017
vn -0.4028 0.9153 -0.0024
vn 0.8730 0.4397 -0.2110
vn 0.8763 0.4381 -0.2004
vn 0.8761 0.4382 -0.2012
vn 0.8728 0.4398 -0.2117
vn 0.3693 -0.7706 -0.5194
vn 0.3693 -0.7698 -0.5206
vn 0.3693 -0.7700 -0.5203
vn 0.3693 -0.7707 -0.5192
vn -0.8729 -0.3207 -0.3675
vn -0.8725 -0.3205 -0.3687
vn -0.8726 -0.3206 -0.3686
vn -0.8730 -0.3208 -0.3674
vn -0.8090 0.5877 0.0142
vn -0.8077 0.5895 0.0130
vn -0.8079 0.5891 0.0132
vn -0.8093 0.5873 0.0144
vn -0.4108 0.8927 0.1854
vn -0.4117 0.8927 0.1833
vn -0.4113 0.8927 0.1841
vn -0.4106 0.8927 0.1860
vn 0.0908 0.9900 0.1083
vn 0.0949 0.9896 0.1085
vn 0.0925 0.9898 0.1084
vn 0.0889 0.9901 0.1083
vn -0.4562 -0.1158 -0.8823
vn -0.4490 -0.1141 -0.8862
vn -0.4495 -0.1142 -0.8860
vn -0.4567 -0.1159 -0.8821
vn -0.1645 -0.9863 0.0158
vn -0.1660 -0.9860 0.0155
vn -0.1657 -0.9861 0.0155
vn -0.1643 -0.9863 0.0158
vn -0.2217 -0.0941 0.9706
vn -0.2286 -0.0973 0.9687
vn -0.2279 -0.0969 0.9688
vn -0.2212 -0.0938 0.9707
vn -0.2371 0.8629 0.4464
vn -0.2381 0.8630 0.4456
vn -0.2378 0.8630 0.4458
vn -0.2369 0.8628 0.4465
vn -0.2094 0.9778 -0.0063
vn -0.2086 0.9780 -0.0065
vn -0.2088 0.9779 -0.0065
vn -0.2095 0.9778 -0.0062
vn -0.3509 0.8265 -0.4403
vn -0.3508 0.8255 -0.4422
vn -0.3509 0.8261 -0.4410
vn -0.3509 0.8269 -0.4393
vn 0.6891 0.6433 0.3336
vn 0.6871 0.6454 0.3336
vn 0.6873 0.6452 0.3336
vn 0.6892 0.6432 0.3336
vn -0.2953 0.9321 -0.2096
vn -0.2956 0.9324 -0.2081
vn -0.2955 0.9323 -0.2085
vn -0.2953 0.9321 -0.2100
vn -0.8976 -0.2616 -0.3549
vn -0.8985 -0.2580 -0.3553
vn -0.8983 -0.2584 -0.3552
vn -0.8975 -0.2619 -0.3549
vn -0.4588 0.8673 0.1929
vn -0.4588 0.8675 0.1920
vn -0.4588 0.8675 0.1923
vn -0.4588 0.8673 0.1931
vn -0.6238 0.5178 -0.5855
vn -0.6248 0.5183 -0.5840
vn -0.6242 0.5180 -0.5848
vn -0.6235 0.5176 -0.5860
vn 0.1083 0.9838 -0.1427
vn 0.1083 0.9837 -0.1432
vn 0.1083 0.9838 -0.1430
vn 0.1083 0.9838 -0.1426
vn 0.9078 0.3711 -0.1957
vn 0.9077 0.3712 -0.1958
vn 0.9077 0.3711 -0.1957
vn 0.9078 0.3710 -0.1956
vn 0.7000 -0.4901 -0.5194
vn 0.7001 -0.4899 -0.5194
vn 0.7001 -0.4900 -0.5194
vn -0.1268 -0.5473 -0.8273
vn -0.1253 -0.5467 -0.8279
vn -0.1261 -0.5470 -0.8276
vn -0.1273 -0.5475 -0.8271
vn 0.9353 -0.3492 0.0580
vn 0.9351 -0.3496 0.0580
vn 0.9355 -0.3485 0.0580
vn 0.9356 -0.3482 0.0580
vn 0.1539 -0.9239 -0.3503
vn 0.1543 -0.9238 -0.3504
vn 0.1535 -0.9240 -0.3503
vn 0.1531 -0.9241 -0.3502
vn -0.9014 -0.2954 -0.3165
vn -0.9013 -0.2956 -0.3167
vn -0.9017 -0.2950 -0.3162
vn -0.9018 -0.2948 -0.3160
vn -0.6182 0.7645 0.1830
vn -0.6180 0.7646 0.1832
vn -0.6184 0.7643 0.1826
vn -0.6186 0.7642 0.1824
vn 0.4176 0.8040 0.4232
vn 0.4171 0.8044 0.4230
vn 0.4186 0.8033 0.4238
vn 0.4190 0.8029 0.4240
vn -0.9949 -0.0114 0.0998
vn -0.9945 -0.0030 0.1050
vn -0.9953 -0.0182 0.0955
vn -0.9956 -0.0265 0.0902
vn -0.4764 -0.8784 0.0388
vn -0.4758 -0.8787 0.0387
vn -0.4827 -0.8748 0.0404
vn -0.4834 -0.8745 0.0405
vn 0.0735 -0.9973 -0.0091
vn 0.0757 -0.9971 -0.0086
vn 0.0751 -0.9971 -0.0087
vn 0.0730 -0.9973 -0.0093
vn -0.7403 -0.6627 0.1127
vn -0.7405 -0.6625 0.1130
vn -0.7402 -0.6629 0.1125
vn 0.0449 -0.9990 -0.0042
vn 0.0453 -0.9990 -0.0034
vn 0.0440 -0.9990 -0.0060
vn 0.0434 -0.9990 -0.0073
vn -0.9934 -0.0511 0.1031
vn -0.9932 -0.0416 0.1090
vn -0.9934 -0.0591 0.0981
vn -0.9934 -0.0685 0.0922
vn -0.4704 -0.8815 0.0403
vn -0.4709 -0.8813 0.0404
vn -0.4661 -0.8839 0.0392
vn -0.4656 -0.8841 0.0391
vn 0.0699 -0.9975 -0.0091
vn 0.0715 -0.9974 -0.0086
vn 0.0711 -0.9974 -0.0087
vn 0.0695 -0.9975 -0.0092
vn -0.6867 -0.7238 0.0678
vn -0.7181 -0.6927 0.0677
vn -0.7162 -0.6946 0.0677
vn -0.6850 -0.7254 0.0678
vn -0.8483 -0.5267 0.0549
vn -0.8417 -0.5369 0.0569
vn -0.8427 -0.5355 0.0566
vn -0.8492 -0.5252 0.0546
vn -0.2276 -0.1507 -0.9620
vn -0.4212 -0.0013 -0.9069
vn -0.3956 -0.0223 -0.9181
vn -0.1535 -0.2028 -0.9671
vn -0.8359 -0.5459 0.0578
vn -0.8288 -0.5563 0.0598
vn -0.8298 -0.5548 0.0595
vn -0.8369 -0.5443 0.0575
vn -0.6400 -0.7656 0.0653
vn -0.6673 -0.7420 0.0648
vn -0.6653 -0.7438 0.0649
vn -0.6382 -0.7671 0.0654
vn -0.9905 0.0168 0.1364
vn -0.9905 0.0176 0.1366
vn -0.9907 0.0138 0.1357
vn -0.9907 0.0129 0.1354
vn -0.9935 -0.0013 0.1138
vn -0.9929 0.0051 0.1188
vn -0.9937 -0.0037 0.1120
vn -0.9942 -0.0101 0.1069
vn -0.4776 -0.8772 0.0489
vn -0.4778 -0.8771 0.0490
vn -0.4779 -0.8771 0.0490
vn 0.0728 -0.9973 -0.0096
vn 0.0740 -0.9972 -0.0092
vn 0.0736 -0.9972 -0.0094
vn 0.0724 -0.9973 -0.0097
vn -0.9923 -0.0440 0.1162
vn -0.9919 -0.0366 0.1219
vn -0.9924 -0.0469 0.1139
vn -0.9926 -0.0543 0.1082
vn -0.4662 -0.8834 0.0485
vn -0.4660 -0.8835 0.0485
vn -0.4674 -0.8827 0.0489
vn -0.4675 -0.8826 0.0489
vn 0.0693 -0.9975 -0.0094
vn 0.0700 -0.9975 -0.0092
vn 0.0698 -0.9975 -0.0092
vn 0.0691 -0.9976 -0.0095
vn -0.4909 0.8687 0.0660
vn -0.4797 0.8752 0.0618
vn -0.4817 0.8741 0.0626
vn -0.4928 0.8676 0.0668
vn 0.4624 -0.8855 -0.0449
vn 0.4710 -0.8811 -0.0433
vn 0.4695 -0.8818 -0.0436
vn 0.4609 -0.8863 -0.0452
vn -0.4627 0.8841 0.0644
vn -0.4535 0.8892 0.0608
vn -0.4552 0.8883 0.0615
vn -0.4645 0.8832 0.0651
vn 0.4417 -0.8960 -0.0449
vn 0.4490 -0.8925 -0.0436
vn 0.4477 -0.8931 -0.0438
vn 0.4405 -0.8966 -0.0452
vn -0.8035 -0.5935 0.0476
vn -0.8071 -0.5879 0.0548
vn -0.8036 -0.5932 0.0479
vn -0.7999 -0.5987 0.0407
vn -0.7238 -0.6884 0.0458
vn -0.7266 -0.6858 0.0412
vn -0.7228 -0.6894 0.0476
vn -0.7202 -0.6918 0.0520
vn 0.7718 -0.6280 -0.0995
vn 0.8032 -0.5833 -0.1210
vn 0.6516 -0.7581 -0.0273
vn 0.6141 -0.7892 -0.0072
vn 0.0184 -0.7607 0.6488
vn 0.0394 -0.7892 0.6128
vn 0.0254 -0.7705 0.6369
vn 0.0106 -0.7497 0.6617
vn 0.6738 -0.6051 0.4241
vn 0.3665 -0.7155 0.5947
vn 0.8526 -0.4597 0.2483
vn 0.8723 -0.4358 0.2215
vn -0.9696 -0.2334 0.0731
vn -0.9691 -0.2359 0.0722
vn -0.9710 -0.2270 0.0755
vn -0.9714 -0.2248 0.0764
vn -0.9923 -0.1112 0.0553
vn -0.9912 -0.1233 0.0487
vn -0.9933 -0.0962 0.0635
vn -0.9940 -0.0839 0.0701
vn -0.4374 -0.8991 0.0158
vn -0.4358 -0.8999 0.0155
vn -0.4554 -0.8901 0.0191
vn -0.4571 -0.8892 0.0194
vn 0.0659 -0.9978 -0.0048
vn 0.0654 -0.9979 -0.0046
vn 0.0677 -0.9977 -0.0054
vn 0.0683 -0.9976 -0.0056
vn -0.5876 -0.8085 0.0323
vn -0.5850 -0.8104 0.0317
vn -0.6205 -0.7832 0.0397
vn -0.6233 -0.7810 0.0403
vn -0.4394 -0.8981 0.0190
vn -0.4381 -0.8987 0.0188
vn -0.4516 -0.8920 0.0216
vn -0.4530 -0.8913 0.0219
vn 0.0657 -0.9978 -0.0043
vn 0.0653 -0.9979 -0.0041
vn 0.0669 -0.9978 -0.0047
vn 0.0673 -0.9977 -0.0049
vn -0.9785 -0.2063 -0.0080
vn -0.9817 -0.1892 -0.0200
vn -0.9797 -0.2000 -0.0124
vn -0.9762 -0.2169 -0.0005
vn -0.3853 -0.9227 -0.0148
vn -0.3661 -0.9305 -0.0105
vn -0.3686 -0.9295 -0.0110
vn -0.3880 -0.9215 -0.0154
vn 0.0599 -0.9982 -0.0002
vn 0.0605 -0.9982 -0.0005
vn 0.0589 -0.9983 0.0002
vn 0.0583 -0.9983 0.0004
vn -0.6324 -0.7738 -0.0349
vn -0.6364 -0.7702 -0.0429
vn -0.6301 -0.7759 -0.0303
vn -0.6262 -0.7793 -0.0226
vn 0.0387 -0.9992 0.0015
vn 0.0382 -0.9993 0.0028
vn 0.0384 -0.9993 0.0023
vn 0.0388 -0.9992 0.0012
vn -0.9871 -0.1596 0.0094
vn -0.9905 -0.1378 -0.0048
vn -0.9886 -0.1505 0.0035
vn -0.9849 -0.1720 0.0175
vn -0.4038 -0.9148 -0.0054
vn -0.4289 -0.9033 -0.0101
vn -0.4260 -0.9047 -0.0095
vn -0.4011 -0.9160 -0.0049
vn 0.0638 -0.9980 -0.0011
vn 0.0645 -0.9979 -0.0014
vn 0.0624 -0.9981 -0.0006
vn 0.0618 -0.9981 -0.0003
vn -0.5210 -0.8535 -0.0065
vn -0.5232 -0.8522 -0.0061
vn -0.5003 -0.8658 -0.0100
vn -0.4981 -0.8671 -0.0104
vn -0.7639 -0.6435 -0.0487
vn -0.7618 -0.6459 -0.0494
vn -0.7736 -0.6320 -0.0456
vn -0.7757 -0.6295 -0.0449
vn -0.1677 -0.1580 0.9731
vn -0.0939 -0.2118 0.9728
vn -0.2612 -0.0864 0.9614
vn -0.2891 -0.0642 0.9551
vn -0.7867 -0.6161 -0.0392
vn -0.7843 -0.6190 -0.0400
vn -0.7992 -0.6000 -0.0352
vn -0.8016 -0.5969 -0.0345
vn -0.5694 -0.8220 0.0055
vn -0.5723 -0.8200 0.0061
vn -0.5424 -0.8401 0.0002
vn -0.5395 -0.8420 -0.0003
vn -0.9834 -0.1813 -0.0059
vn -0.9854 -0.1701 -0.0090
vn -0.9849 -0.1727 -0.0082
vn -0.9830 -0.1835 -0.0053
vn -0.9791 -0.2023 -0.0228
vn -0.9809 -0.1916 -0.0322
vn -0.9794 -0.2006 -0.0242
vn -0.9773 -0.2112 -0.0149
vn -0.3828 -0.9237 -0.0184
vn -0.3679 -0.9297 -0.0141
vn -0.3705 -0.9287 -0.0148
vn -0.3854 -0.9225 -0.0192
vn 0.0595 -0.9982 0.0016
vn 0.0600 -0.9982 0.0014
vn 0.0590 -0.9983 0.0019
vn 0.0586 -0.9983 0.0021
vn -0.9883 -0.1525 -0.0031
vn -0.9902 -0.1387 -0.0145
vn -0.9888 -0.1494 -0.0056
vn -0.9866 -0.1631 0.0056
vn -0.4058 -0.9139 -0.0085
vn -0.4255 -0.9049 -0.0133
vn -0.4225 -0.9063 -0.0125
vn -0.4030 -0.9152 -0.0078
vn 0.0632 -0.9980 0.0006
vn 0.0638 -0.9980 0.0004
vn 0.0625 -0.9980 0.0010
vn 0.0620 -0.9981 0.0012
vn -0.4003 0.9164 0.0043
vn -0.3991 0.9169 0.0048
vn -0.4044 0.9146 0.0029
vn -0.4057 0.9140 0.0024
vn 0.4014 -0.9156 0.0249
vn 0.4024 -0.9151 0.0247
vn 0.3982 -0.9170 0.0258
vn 0.3972 -0.9174 0.0260
vn -0.4165 0.9090 0.0126
vn -0.4153 0.9096 0.0130
vn -0.4213 0.9069 0.0111
vn -0.4226 0.9063 0.0107
vn 0.4148 -0.9097 0.0186
vn 0.4158 -0.9093 0.0184
vn 0.4110 -0.9114 0.0196
vn 0.4100 -0.9119 0.0199
vn -0.0729 -0.9973 0.0001
vn -0.0730 -0.9973 -0.0005
vn -0.0722 -0.9974 0.0031
vn -0.3433 -0.9221 -0.1786
vn -0.2421 -0.9309 -0.2735
vn -0.3434 -0.9221 -0.1787
vn -0.5561 -0.7594 -0.3379
vn -0.2120 -0.9404 -0.2658
vn -0.6183 -0.7852 0.0350
vn -0.6202 -0.7838 0.0316
vn -0.6170 -0.7861 0.0373
vn -0.6152 -0.7874 0.0407
vn -0.6829 -0.7291 0.0451
vn -0.6798 -0.7324 0.0387
vn -0.6819 -0.7302 0.0430
vn -0.6848 -0.7270 0.0492
vn 0.0383 -0.9503 -0.3090
vn -0.0663 -0.9319 -0.3566
vn -0.0359 -0.9386 -0.3432
vn 0.0884 -0.9546 -0.2846
vn -0.9571 0.2342 -0.1705
vn -0.9549 0.2583 -0.1465
vn -0.9580 0.1768 -0.2258
vn 0.5165 -0.7150 -0.4712
vn 0.0007 -0.7177 -0.6964
vn 0.0133 -0.8373 -0.5465
vn 0.0033 -0.7447 -0.6674
vn -0.0031 -0.6762 -0.7368
vn -0.8097 -0.5867 0.0123
vn -0.8079 -0.5892 0.0117
vn -0.8222 -0.5689 0.0164
vn -0.8240 -0.5663 0.0170
vn -0.4415 0.8963 0.0404
vn -0.4319 0.9011 0.0377
vn -0.4333 0.9004 0.0381
vn -0.4430 0.8956 0.0409
vn -0.9485 -0.3081 0.0735
vn -0.9513 -0.2999 0.0706
vn -0.9505 -0.3023 0.0715
vn -0.9478 -0.3102 0.0743
vn -0.9931 -0.1018 0.0590
vn -0.9923 -0.1121 0.0526
vn -0.9936 -0.0929 0.0646
vn -0.9941 -0.0825 0.0711
vn 0.4244 -0.9054 -0.0136
vn 0.4233 -0.9059 -0.0133
vn 0.4310 -0.9022 -0.0152
vn 0.4321 -0.9017 -0.0155
vn 0.0813 -0.2590 -0.9625
vn 0.0814 -0.2590 -0.9624
vn 0.5852 -0.7314 0.3501
vn 0.5852 -0.7320 0.3490
vn 0.5854 -0.7300 0.3527
vn 0.5855 -0.7295 0.3537
vn -0.7277 -0.6856 -0.0202
vn -0.7289 -0.6843 -0.0182
vn -0.7283 -0.6850 -0.0192
vn -0.7272 -0.6861 -0.0210
vn -0.7363 -0.6761 -0.0273
vn -0.7354 -0.6772 -0.0258
vn -0.7358 -0.6767 -0.0265
vn -0.7366 -0.6757 -0.0280
vn -0.6042 0.5869 -0.5389
vn -0.6069 0.5935 -0.5286
vn -0.6068 0.5932 -0.5291
vn -0.6041 0.5866 -0.5394
vn 0.6819 0.4314 -0.5907
vn 0.6807 0.4305 -0.5927
vn 0.6810 0.4307 -0.5922
vn 0.6821 0.4316 -0.5904
vn 0.6356 -0.7657 -0.0982
vn 0.6355 -0.7657 -0.0995
vn 0.6355 -0.7657 -0.0994
vn 0.6356 -0.7658 -0.0981
vn -0.2625 -0.9483 0.1783
vn -0.2646 -0.9482 0.1761
vn -0.2641 -0.9482 0.1766
vn -0.2621 -0.9483 0.1788
vn -0.7519 -0.6247 0.2109
vn -0.7512 -0.6263 0.2085
vn -0.7514 -0.6258 0.2093
vn -0.7520 -0.6243 0.2115
vn -0.9831 -0.1711 -0.0644
vn -0.9836 -0.1679 -0.0652
vn -0.9833 -0.1698 -0.0647
vn -0.9829 -0.1727 -0.0640
vn 0.3963 -0.5292 -0.7503
vn 0.3931 -0.5240 -0.7556
vn 0.3933 -0.5243 -0.7553
vn 0.3965 -0.5294 -0.7500
vn 0.9640 0.1290 0.2324
vn 0.9642 0.1274 0.2325
vn 0.9642 0.1278 0.2325
vn 0.9640 0.1293 0.2324
vn -0.0404 0.0481 0.9980
vn -0.0354 0.0429 0.9984
vn -0.0359 0.0434 0.9984
vn -0.0408 0.0485 0.9980
vn -0.8121 -0.3592 0.4599
vn -0.8117 -0.3612 0.4590
vn -0.8118 -0.3607 0.4592
vn -0.8121 -0.3588 0.4601
vn -0.8605 -0.4981 -0.1065
vn -0.8608 -0.4975 -0.1071
vn -0.8607 -0.4977 -0.1069
vn -0.8605 -0.4983 -0.1064
vn -0.5275 -0.6622 -0.5322
vn -0.5253 -0.6619 -0.5348
vn -0.5267 -0.6620 -0.5332
vn -0.5286 -0.6623 -0.5310
vn -0.8532 0.5173 0.0665
vn -0.8545 0.5152 0.0668
vn -0.8543 0.5155 0.0668
vn -0.8531 0.5175 0.0665
vn -0.7253 -0.6119 -0.3154
vn -0.7259 -0.6120 -0.3139
vn -0.7258 -0.6120 -0.3143
vn -0.7252 -0.6119 -0.3158
vn 0.5914 -0.8017 -0.0867
vn 0.5889 -0.8035 -0.0874
vn 0.5893 -0.8032 -0.0873
vn 0.5917 -0.8015 -0.0866
vn -0.7101 -0.6620 0.2400
vn -0.7101 -0.6624 0.2387
vn -0.7101 -0.6623 0.2390
vn -0.7101 -0.6619 0.2402
vn -0.1182 -0.8307 -0.5440
vn -0.1187 -0.8318 -0.5422
vn -0.1185 -0.8313 -0.5431
vn -0.1181 -0.8304 -0.5445
vn -0.9077 -0.2119 -0.3621
vn -0.9075 -0.2120 -0.3627
vn -0.9076 -0.2120 -0.3624
vn -0.9078 -0.2119 -0.3619
vn -0.5626 0.6396 -0.5239
vn -0.5626 0.6394 -0.5240
vn -0.5626 0.6395 -0.5240
vn -0.5625 0.6396 -0.5239
vn 0.3013 0.6356 -0.7108
vn 0.3001 0.6353 -0.7115
vn 0.3008 0.6355 -0.7111
vn 0.3017 0.6356 -0.7106
vn 0.6474 -0.1513 -0.7470
vn 0.6468 -0.1507 -0.7477
vn 0.6471 -0.1510 -0.7473
vn 0.6476 -0.1515 -0.7468
vn -0.0222 0.9859 -0.1661
vn -0.0214 0.9859 -0.1659
vn -0.0232 0.9858 -0.1663
vn -0.0240 0.9857 -0.1665
vn 0.8907 0.3269 -0.3158
vn 0.8906 0.3272 -0.3160
vn 0.8909 0.3266 -0.3156
vn 0.8911 0.3262 -0.3154
vn 0.6146 -0.7879 -0.0384
vn 0.6148 -0.7877 -0.0386
vn 0.6144 -0.7881 -0.0381
vn 0.6141 -0.7883 -0.0378
vn -0.5450 -0.7849 0.2946
vn -0.5454 -0.7845 0.2950
vn -0.5446 -0.7854 0.2942
vn -0.5442 -0.7858 0.2938
vn -0.9389 0.2603 0.2250
vn -0.9393 0.2592 0.2247
vn -0.9384 0.2618 0.2256
vn -0.9380 0.2629 0.2259
vn -0.5990 0.7657 0.2344
vn -0.5999 0.7653 0.2333
vn -0.5992 0.7656 0.2342
vn -0.5985 0.7659 0.2350
vn -0.8712 -0.2957 0.3918
vn -0.8712 -0.2953 0.3923
vn -0.8712 -0.2956 0.3919
vn -0.8713 -0.2959 0.3916
vn 0.0290 -0.8781 0.4777
vn 0.0290 -0.8781 0.4776
vn 0.0289 -0.8780 0.4777
vn 0.8817 -0.3247 0.3424
vn 0.8817 -0.3247 0.3423
vn 0.6846 0.6991 0.2063
vn 0.6849 0.6987 0.2068
vn 0.6846 0.6990 0.2064
vn 0.6844 0.6994 0.2060
vn 0.6077 -0.7799 0.1500
vn 0.6078 -0.7798 0.1500
vn 0.6073 -0.7802 0.1502
vn 0.6072 -0.7802 0.1502
vn 0.9677 0.2469 -0.0501
vn 0.9678 0.2468 -0.0500
vn 0.9676 0.2474 -0.0503
vn 0.9676 0.2475 -0.0504
vn 0.0117 0.9814 -0.1915
vn 0.0119 0.9814 -0.1915
vn 0.0109 0.9814 -0.1917
vn 0.0107 0.9814 -0.1918
vn -0.9504 0.3057 -0.0574
vn -0.9504 0.3055 -0.0575
vn -0.9502 0.3063 -0.0574
vn -0.9502 0.3064 -0.0574
vn -0.6395 -0.7543 0.1482
vn -0.6397 -0.7542 0.1482
vn -0.6386 -0.7552 0.1480
vn -0.6384 -0.7554 0.1479
vn -0.6065 0.7045 0.3686
vn -0.6072 0.7044 0.3676
vn -0.6067 0.7045 0.3683
vn -0.6061 0.7046 0.3691
vn -0.8654 -0.3776 0.3294
vn -0.8654 -0.3776 0.3293
vn 0.0283 -0.9512 0.3073
vn 0.0282 -0.9512 0.3074
vn 0.0284 -0.9512 0.3072
vn 0.8762 -0.3946 0.2767
vn 0.8763 -0.3945 0.2765
vn 0.8762 -0.3946 0.2766
vn 0.8761 -0.3947 0.2767
vn 0.6914 0.6436 0.3282
vn 0.6917 0.6431 0.3286
vn 0.6915 0.6435 0.3283
vn 0.6913 0.6438 0.3280
vn 0.6060 -0.7954 0.0099
vn 0.6062 -0.7953 0.0098
vn 0.6051 -0.7961 0.0102
vn 0.6048 -0.7963 0.0102
vn 0.9673 0.2537 -0.0058
vn 0.9673 0.2535 -0.0057
vn 0.9671 0.2544 -0.0060
vn 0.9670 0.2547 -0.0060
vn 0.0117 0.9998 -0.0150
vn 0.0118 0.9998 -0.0150
vn 0.0112 0.9998 -0.0152
vn 0.0110 0.9998 -0.0152
vn -0.9499 0.3127 -0.0025
vn -0.9499 0.3126 -0.0026
vn -0.9497 0.3130 -0.0024
vn -0.9497 0.3131 -0.0024
vn -0.6376 -0.7703 0.0127
vn -0.6378 -0.7701 0.0127
vn -0.6363 -0.7714 0.0122
vn -0.6360 -0.7716 0.0121
vn -0.3853 0.8022 0.4560
vn -0.4007 0.7922 0.4602
vn -0.3659 0.8143 0.4506
vn -0.3550 0.8208 0.4475
vn -0.4092 0.9123 -0.0128
vn 0.0781 0.9125 -0.4015
vn 0.0394 0.9259 -0.3757
vn -0.4540 0.8905 0.0310
vn -0.2584 0.9644 -0.0567
vn 0.0902 0.9238 -0.3720
vn 0.0512 0.9390 -0.3401
vn -0.3092 0.9510 -0.0048
vn 0.7326 0.4003 -0.5505
vn 0.7367 0.3922 -0.5508
vn 0.7353 0.3950 -0.5507
vn 0.7313 0.4028 -0.5504
vn 0.3010 -0.6612 -0.6871
vn 0.3018 -0.6630 -0.6851
vn 0.2942 -0.6469 -0.7035
vn 0.2932 -0.6447 -0.7060
vn 0.6883 0.4518 -0.5676
vn 0.6484 0.5191 -0.5568
vn 0.6635 0.4948 -0.5612
vn 0.7036 0.4229 -0.5711
vn 0.2795 -0.8130 -0.5109
vn 0.2796 -0.8132 -0.5105
vn 0.2788 -0.8117 -0.5132
vn 0.2787 -0.8115 -0.5136
vn 0.1029 -0.7028 -0.7039
vn 0.0935 -0.7292 -0.6778
vn 0.0960 -0.7223 -0.6848
vn 0.1048 -0.6972 -0.7091
vn 0.4321 -0.5481 -0.7162
vn 0.4310 -0.5468 -0.7179
vn 0.4364 -0.5534 -0.7095
vn 0.4374 -0.5545 -0.7080
vn 0.4090 -0.7118 -0.5710
vn 0.4105 -0.7134 -0.5679
vn 0.4041 -0.7065 -0.5811
vn 0.4028 -0.7050 -0.5837
vn -0.9271 0.2658 0.2644
vn -0.9208 0.2969 0.2529
vn -0.9382 0.2444 0.2449
vn -0.8975 0.3355 0.2862
vn -0.9068 0.3334 0.2580
vn -0.8805 0.3820 0.2806
vn -0.8898 0.3851 0.2450
vn -0.8069 0.5317 0.2574
vn -0.8401 0.4394 0.3181
vn -0.8069 0.5317 0.2573
vn -0.8070 0.5370 0.2457
vn -0.8054 0.5392 0.2461
vn -0.8074 0.5367 0.2452
vn -0.7861 0.5752 0.2264
vn -0.7587 0.6039 0.2443
vn -0.7478 0.6336 0.1985
vn -0.7617 0.5933 0.2605
vn -0.7392 0.6006 0.3047
vn -0.8557 0.4416 0.2697
vn -0.8757 0.4139 0.2486
vn -0.8237 0.4812 0.3001
vn -0.7750 0.5710 0.2708
vn -0.6908 0.6877 0.2233
vn -0.7199 0.6256 0.3008
vn -0.7217 0.6512 0.2348
vn -0.7404 0.6182 0.2640
vn -0.7357 0.6242 0.2630
vn -0.6993 0.6728 0.2414
vn -0.6532 0.7317 0.1947
vn -0.6118 0.7662 0.1966
vn -0.6037 0.7819 0.1556
vn -0.6082 0.7619 0.2228
vn -0.5931 0.7616 0.2611
vn 0.7449 -0.4985 0.4435
vn 0.7384 -0.5024 0.4498
vn 0.7669 -0.4845 0.4208
vn 0.7733 -0.4803 0.4139
vn 0.6255 -0.5769 0.5253
vn 0.5901 -0.5887 0.5524
vn 0.6376 -0.5724 0.5155
vn 0.6734 -0.5580 0.4849
vn -0.1140 0.1354 -0.9842
vn -0.1350 0.0290 -0.9904
vn -0.1310 0.0498 -0.9901
vn -0.1106 0.1521 -0.9822
vn -0.1233 -0.4645 -0.8769
vn -0.1236 -0.4602 -0.8792
vn -0.1214 -0.4973 -0.8590
vn -0.1211 -0.5019 -0.8564
vn 0.5348 -0.7873 -0.3068
vn 0.5361 -0.7866 -0.3063
vn 0.5125 -0.7989 -0.3148
vn 0.5114 -0.7994 -0.3152
vn -0.2543 -0.9663 0.0397
vn -0.2561 -0.9661 0.0332
vn -0.2429 -0.9668 0.0790
vn -0.2409 -0.9667 0.0860
vn -0.3887 -0.7600 0.5209
vn -0.3865 -0.7623 0.5191
vn -0.4642 -0.6716 0.5775
vn -0.4665 -0.6686 0.5792
vn -0.5873 -0.6687 0.4560
vn -0.5931 -0.6614 0.4591
vn -0.5186 -0.7461 0.4175
vn -0.5170 -0.7478 0.4166
vn -0.2679 -0.7382 -0.6192
vn -0.2346 -0.7442 -0.6255
vn -0.1966 -0.7499 -0.6317
vn -0.3070 -0.7299 -0.6107
vn -0.1460 -0.6521 -0.7440
vn -0.1565 -0.6706 -0.7252
vn -0.1524 -0.6634 -0.7325
vn -0.1444 -0.6491 -0.7468
vn -0.8058 -0.5832 -0.1031
vn -0.8130 -0.5739 -0.0982
vn -0.7802 -0.6141 -0.1195
vn -0.7723 -0.6230 -0.1243
vn 0.8464 0.3630 -0.3896
vn 0.8650 0.3386 -0.3704
vn 0.8057 0.4109 -0.4267
vn 0.7839 0.4337 -0.4442
vn -0.1305 0.6711 -0.7298
vn -0.1251 0.6796 -0.7229
vn -0.1277 0.6755 -0.7262
vn -0.1324 0.6681 -0.7322
vn 0.0278 -0.7393 -0.6728
vn 0.0067 -0.7835 -0.6214
vn 0.0132 -0.7704 -0.6374
vn 0.0317 -0.7307 -0.6820
vn -0.2005 0.9778 -0.0606
vn 0.1017 0.9306 -0.3516
vn 0.0637 0.9461 -0.3176
vn -0.2513 0.9679 -0.0069
vn -0.9873 -0.1550 0.0337
vn -0.9901 -0.1338 0.0416
vn -0.9872 -0.1562 0.0332
vn -0.5565 -0.7955 0.2397
vn -0.5566 -0.7955 0.2396
vn -0.6509 0.2186 0.7270
vn -0.6510 0.2186 0.7270
vn -0.5690 -0.6150 -0.5459
vn -0.5691 -0.6150 -0.5459
vn -0.8460 -0.5103 0.1546
vn -0.8462 -0.5100 0.1546
vn -0.8397 -0.5198 0.1570
vn -0.8396 -0.5201 0.1571
vn -0.9081 0.0243 0.4181
vn -0.9084 0.0240 0.4175
vn -0.8586 -0.4232 -0.2892
vn -0.8591 -0.4227 -0.2886
vn -0.6149 -0.7707 -0.1672
vn -0.6149 -0.7707 -0.1673
vn -0.7314 -0.3498 0.5854
vn -0.3798 0.3171 -0.8690
vn -0.3827 0.3121 -0.8696
vn -0.3816 0.3139 -0.8694
vn -0.3786 0.3190 -0.8688
vn -0.5183 0.3211 -0.7927
vn -0.5260 0.3085 -0.7925
vn -0.5230 0.3134 -0.7926
vn -0.5152 0.3260 -0.7927
vn -0.1864 0.5501 -0.8140
vn -0.1870 0.5517 -0.8128
vn -0.1855 0.5481 -0.8156
vn -0.1849 0.5465 -0.8168
vn -0.2124 0.3217 -0.9227
vn -0.2124 0.3216 -0.9227
vn -0.2124 0.3216 -0.9228
vn -0.6304 0.7322 0.2578
vn -0.6315 0.7317 0.2565
vn -0.6302 0.7323 0.2579
vn -0.6294 0.7327 0.2590
vn -0.8920 -0.3898 0.2291
vn -0.8920 -0.3897 0.2292
vn 0.0292 -0.9767 0.2125
vn 0.0291 -0.9767 0.2125
vn 0.8953 -0.4027 0.1903
vn 0.8954 -0.4025 0.1902
vn 0.8953 -0.4028 0.1904
vn 0.7129 0.6632 0.2279
vn 0.7132 0.6627 0.2283
vn 0.7128 0.6633 0.2279
vn 0.7126 0.6636 0.2277
vn 0.6062 -0.7952 0.0068
vn 0.6063 -0.7952 0.0067
vn 0.6057 -0.7957 0.0069
vn 0.6056 -0.7958 0.0069
vn 0.9674 0.2533 -0.0039
vn 0.9675 0.2530 -0.0039
vn 0.9671 0.2545 -0.0042
vn 0.9670 0.2548 -0.0042
vn 0.0118 0.9999 -0.0102
vn 0.0120 0.9999 -0.0102
vn 0.0108 0.9999 -0.0104
vn 0.0107 0.9999 -0.0104
vn -0.9498 0.3129 -0.0017
vn -0.9499 0.3126 -0.0017
vn -0.6374 -0.7705 0.0086
vn -0.6375 -0.7704 0.0086
vn -0.6363 -0.7714 0.0084
vn -0.6362 -0.7715 0.0083
vn 0.6547 0.0711 -0.7525
vn 0.6302 0.1341 -0.7648
vn 0.6711 0.0236 -0.7410
vn 0.6750 0.0115 -0.7377
vn -0.9902 -0.0422 0.1330
vn -0.9902 -0.0415 0.1334
vn -0.9903 -0.0428 0.1325
vn -0.9903 -0.0430 0.1324
vn 0.2825 0.7041 -0.6515
vn 0.2775 0.7081 -0.6492
vn 0.3177 0.6746 -0.6663
vn 0.3221 0.6707 -0.6681
vn 0.3999 -0.5364 -0.7432
vn 0.4027 -0.5316 -0.7451
vn 0.3838 -0.5630 -0.7319
vn 0.3812 -0.5672 -0.7300
vn -0.7405 -0.6479 -0.1784
vn -0.7407 -0.6477 -0.1782
vn -0.7390 -0.6493 -0.1797
vn -0.7388 -0.6495 -0.1799
vn -0.8141 0.5791 -0.0439
vn -0.8140 0.5791 -0.0439
vn -0.8932 -0.3862 0.2304
vn -0.8876 -0.4007 0.2271
vn -0.8883 -0.3989 0.2275
vn -0.8939 -0.3843 0.2308
vn -0.7394 -0.5631 0.3692
vn -0.7384 -0.5648 0.3686
vn -0.7386 -0.5644 0.3687
vn -0.7395 -0.5629 0.3692
vn 0.8443 0.4030 0.3533
vn 0.8447 0.4032 0.3520
vn 0.8440 0.4028 0.3541
vn 0.8439 0.4027 0.3546
vn -0.4450 0.8665 -0.2260
vn -0.4441 0.8671 -0.2255
vn -0.4505 0.8628 -0.2294
vn -0.4514 0.8622 -0.2300
vn -0.9462 0.2705 -0.1774
vn -0.9467 0.2692 -0.1771
vn -0.9453 0.2735 -0.1778
vn -0.9449 0.2748 -0.1780
vn 0.0655 -0.2574 0.9641
vn 0.0658 -0.2573 0.9641
vn 0.0640 -0.2579 0.9641
vn 0.0637 -0.2580 0.9641
vn 0.6516 0.7430 0.1528
vn 0.6517 0.7429 0.1531
vn 0.6515 0.7433 0.1522
vn 0.6514 0.7434 0.1519
vn -0.4738 -0.0380 -0.8798
vn -0.4742 -0.0377 -0.8796
vn -0.4733 -0.0384 -0.8801
vn -0.4731 -0.0385 -0.8802
vn 0.2332 -0.9688 -0.0844
vn 0.2333 -0.9687 -0.0844
vn 0.2331 -0.9688 -0.0845
vn 0.2531 -0.9644 0.0760
vn 0.2533 -0.9644 0.0761
vn 0.2532 -0.9644 0.0761
vn 0.2531 -0.9645 0.0760
vn 0.2586 -0.9228 0.2856
vn 0.2585 -0.9228 0.2856
vn 0.2449 -0.8596 0.4484
vn 0.2450 -0.8596 0.4484
vn -0.3854 0.2525 0.8875
vn -0.3856 0.2543 0.8869
vn -0.3851 0.2506 0.8882
vn -0.3850 0.2500 0.8884
vn -0.7828 0.3712 -0.4994
vn -0.7827 0.3711 -0.4996
vn -0.7830 0.3713 -0.4990
vn -0.7831 0.3714 -0.4989
vn -0.1691 -0.7124 -0.6811
vn -0.1690 -0.7125 -0.6810
vn -0.1693 -0.7123 -0.6812
vn -0.1693 -0.7122 -0.6812
vn -0.0944 -0.4132 0.9057
vn -0.0943 -0.4135 0.9056
vn -0.0946 -0.4122 0.9062
vn -0.0947 -0.4119 0.9063
vn -0.7601 0.5224 0.3864
vn -0.7602 0.5227 0.3860
vn -0.7599 0.5218 0.3877
vn -0.7598 0.5216 0.3882
vn -0.4787 0.5560 0.6795
vn -0.4805 0.5568 0.6776
vn -0.4797 0.5564 0.6784
vn -0.4783 0.5558 0.6799
vn -0.7104 -0.3099 0.6319
vn -0.7103 -0.3098 0.6321
vn -0.7103 -0.3099 0.6320
vn -0.7104 -0.3100 0.6318
vn 0.0238 -0.7981 0.6021
vn 0.0236 -0.7979 0.6023
vn 0.0237 -0.7980 0.6022
vn 0.0238 -0.7982 0.6020
vn 0.7572 -0.3409 0.5572
vn 0.7568 -0.3410 0.5576
vn 0.7570 -0.3410 0.5574
vn 0.7573 -0.3408 0.5571
vn 0.5686 0.5292 0.6297
vn 0.5686 0.5287 0.6302
vn 0.5686 0.5290 0.6300
vn 0.5686 0.5294 0.6296
vn 0.6050 -0.7958 0.0235
vn 0.6051 -0.7958 0.0235
vn 0.6050 -0.7959 0.0235
vn 0.6050 -0.7959 0.0236
vn 0.9671 0.2538 -0.0137
vn 0.9672 0.2536 -0.0136
vn 0.9671 0.2540 -0.0138
vn 0.9670 0.2543 -0.0140
vn 0.0115 0.9993 -0.0353
vn 0.0118 0.9993 -0.0351
vn 0.0112 0.9993 -0.0355
vn 0.0109 0.9993 -0.0356
vn -0.9499 0.3126 -0.0060
vn -0.9499 0.3124 -0.0061
vn -0.9498 0.3128 -0.0058
vn -0.9497 0.3130 -0.0057
vn -0.6370 -0.7703 0.0292
vn -0.6374 -0.7699 0.0296
vn -0.6366 -0.7707 0.0289
vn -0.6361 -0.7711 0.0285
vn 0.7568 -0.3411 0.5576
vn 0.5686 0.5293 0.6297
vn -0.3288 0.1099 -0.9380
vn -0.3386 0.1376 -0.9308
vn -0.3215 0.0900 -0.9426
vn -0.3196 0.0847 -0.9438
vn -0.4199 -0.9055 -0.0618
vn -0.4204 -0.9052 -0.0617
vn -0.4097 -0.9099 -0.0649
vn -0.4091 -0.9102 -0.0651
vn 0.0032 -0.0989 0.9951
vn 0.0031 -0.0990 0.9951
vn 0.0032 -0.0988 0.9951
vn -0.2682 0.9495 0.1630
vn -0.2690 0.9492 0.1630
vn -0.2517 0.9540 0.1627
vn -0.2507 0.9543 0.1627
vn -0.4068 0.5059 -0.7606
vn -0.4079 0.5107 -0.7569
vn -0.3990 0.4729 -0.7856
vn -0.3980 0.4687 -0.7886
vn -0.4388 -0.2581 -0.8607
vn -0.4384 -0.2549 -0.8619
vn -0.4425 -0.2858 -0.8500
vn -0.4428 -0.2886 -0.8489
vn -0.1652 -0.4644 0.8701
vn -0.1649 -0.4639 0.8704
vn -0.1681 -0.4688 0.8672
vn -0.1684 -0.4692 0.8669
vn -0.1040 0.2890 0.9516
vn 0.4622 0.6858 0.5621
vn 0.4637 0.6757 0.5731
vn 0.5200 0.7718 0.3661
vn 0.5027 0.7753 0.3824
vn 0.6206 0.7258 0.2969
vn 0.6297 0.7215 0.2879
vn 0.6600 0.7141 0.2332
vn 0.6875 0.6938 0.2144
vn 0.8301 0.4939 0.2589
vn 0.8340 0.4873 0.2590
vn 0.8854 0.3960 0.2434
vn 0.8966 0.3841 0.2203
vn 0.9329 0.3226 0.1603
vn 0.9484 0.2965 0.1121
vn 0.9631 0.2615 0.0630
vn 0.9751 0.2212 0.0175
vn 0.9780 0.2086 0.0030
vn 0.9780 0.2088 0.0030
vn 0.9780 0.2088 0.0031
vn 0.9781 0.2082 0.0029
vn 0.9780 0.2084 0.0029
vn 0.3421 0.8767 -0.3381
vn 0.2941 0.8834 -0.3649
vn 0.2917 0.8837 -0.3662
vn 0.1849 0.8934 -0.4094
vn 0.1778 0.8954 -0.4083
vn 0.0634 0.9468 -0.3155
vn 0.1074 0.9228 -0.3700
vn 0.0571 0.9510 -0.3040
vn 0.0388 0.9514 -0.3056
vn 0.3658 0.7244 0.5844
vn 0.3493 0.7419 0.5724
vn 0.5819 0.3624 0.7281
vn 0.5730 0.3527 0.7398
vn 0.5049 0.3701 0.7798
vn 0.4627 0.3822 0.7999
vn 0.4087 0.3915 0.8244
vn 0.4112 0.3935 0.8222
vn 0.9206 -0.1767 0.3482
vn 0.9732 -0.2031 -0.1078
vn 0.9512 -0.2348 0.2000
vn 0.7501 -0.2216 0.6231
vn 0.6785 -0.2207 0.7007
vn 0.6456 -0.2183 0.7318
vn 0.1900 -0.2563 0.9477
vn 0.4504 -0.2465 0.8581
vn 0.1097 -0.2676 0.9573
vn 0.1649 -0.2681 0.9492
vn -0.0000 -0.2718 0.9624
vn -0.0000 -0.2710 0.9626
vn -0.0000 -0.2719 0.9623
vn -0.1649 -0.2681 0.9492
vn -0.1097 -0.2676 0.9573
vn -0.4503 -0.2465 0.8581
vn -0.1900 -0.2563 0.9477
vn -0.6456 -0.2183 0.7318
vn -0.6785 -0.2207 0.7007
vn -0.7502 -0.2216 0.6230
vn -0.9206 -0.1767 0.3482
vn -0.9512 -0.2348 0.2000
vn -0.9732 -0.2031 -0.1078
vn 0.5214 -0.0000 -0.8533
vn 0.4702 -0.0000 -0.8826
vn 0.4620 0.0153 -0.8868
vn 0.1748 0.4380 -0.8818
vn 0.1312 0.3882 -0.9122
vn -0.0716 0.3870 -0.9193
vn -0.0322 0.3190 -0.9472
vn 0.0462 0.2805 -0.9587
vn 0.0958 -0.0481 -0.9942
vn 0.0414 0.0020 -0.9991
vn 0.1836 0.0768 -0.9800
vn 0.0488 0.0573 -0.9972
vn -0.1543 -0.0000 -0.9880
vn -0.0019 -0.0000 -1.0000
vn 0.0055 -0.1212 -0.9926
vn 0.0039 -0.1227 -0.9924
vn 0.0062 -0.2142 -0.9768
vn 0.0091 -0.1849 -0.9827
vn 0.0069 -0.3368 -0.9416
vn 0.0130 -0.3142 -0.9493
vn 0.0133 -0.4062 -0.9137
vn 0.0201 -0.3888 -0.9211
vn 0.0224 -0.4266 -0.9042
vn 0.0294 -0.4215 -0.9064
vn 0.9909 -0.0000 0.1346
vn 0.9799 -0.0000 0.1994
vn 0.9825 -0.0050 0.1864
vn 0.9463 -0.0122 0.3232
vn 0.9446 -0.0265 0.3270
vn 0.9113 -0.0379 0.4099
vn 0.8805 -0.0902 0.4655
vn 0.9327 -0.3601 -0.0196
vn 0.9325 -0.3608 -0.0152
vn 0.9328 -0.3598 -0.0197
vn 0.9345 -0.3544 -0.0333
vn 0.9367 -0.3486 -0.0335
vn 0.9455 -0.3211 -0.0543
vn 0.9679 -0.2416 0.0690
vn 0.9876 -0.1569 0.0103
vn 0.9956 -0.0921 0.0180
vn 0.9968 -0.0731 -0.0309
vn 0.9969 -0.0771 -0.0164
vn 0.9971 -0.0682 -0.0341
vn -0.1164 0.5374 0.8353
vn -0.1225 0.6476 0.7521
vn -0.1237 0.6463 0.7530
vn -0.1165 0.5057 0.8548
vn -0.1000 0.3011 0.9483
vn -0.1023 0.2718 0.9569
vn -0.0713 -0.0161 0.9973
vn -0.0681 -0.0790 0.9946
vn -0.0104 -0.4526 0.8917
vn -0.0040 -0.4961 0.8683
vn 0.0676 -0.8074 0.5861
vn 0.0745 -0.8370 0.5421
vn 0.1279 -0.9803 0.1505
vn 0.1236 -0.9852 0.1190
vn 0.1354 -0.9766 -0.1673
vn 0.1295 -0.9763 -0.1736
vn 0.1338 -0.8897 -0.4364
vn 0.1344 -0.9045 -0.4048
vn 0.1348 -0.7177 -0.6832
vn 0.1436 -0.7618 -0.6318
vn 0.1425 -0.5504 -0.8226
vn 0.1567 -0.5922 -0.7904
vn 0.1795 -0.5442 -0.8195
vn 0.1745 -0.5263 -0.8322
vn 0.1710 -0.7244 -0.6679
vn 0.1338 -0.6510 -0.7472
vn 0.1601 -0.9192 -0.3597
vn 0.1582 -0.9058 -0.3930
vn 0.1579 -0.9843 -0.0784
vn 0.1577 -0.9859 -0.0551
vn 0.1715 -0.9813 0.0878
vn 0.1739 -0.9805 0.0921
vn 0.1902 -0.9365 0.2945
vn 0.1949 -0.9356 0.2942
vn 0.1872 -0.8173 0.5449
vn 0.1921 -0.8245 0.5322
vn 0.1805 -0.7917 0.5836
vn 0.1712 -0.7901 0.5886
vn 0.2572 -0.8501 0.4595
vn 0.2692 -0.8527 0.4476
vn 0.3307 -0.8990 0.2869
vn 0.3323 -0.9011 0.2784
vn 0.3248 -0.9318 0.1618
vn 0.3283 -0.9315 0.1569
vn 0.2936 -0.9349 0.1996
vn 0.2808 -0.9365 0.2103
vn 0.2466 -0.9053 0.3458
vn 0.2343 -0.9053 0.3542
vn 0.1898 -0.8484 0.4942
vn 0.1867 -0.8442 0.5024
vn 0.1684 -0.8115 0.5596
vn 0.1649 -0.8145 0.5563
vn 0.9343 0.3470 0.0817
vn 0.9311 0.3488 0.1070
vn 0.9309 0.3489 0.1081
vn 0.9266 0.3514 0.1337
vn 0.9265 0.3514 0.1347
vn 0.9250 0.3526 0.1419
vn 0.9321 0.3300 0.1493
vn 0.9286 0.3373 0.1548
vn 0.9240 0.3608 0.1267
vn 0.9559 0.2506 0.1535
vn 0.9448 0.2982 0.1356
vn 0.9573 0.2566 0.1335
vn 0.9753 0.1586 0.1537
vn 0.9708 0.2226 0.0895
vn 0.9932 -0.1143 -0.0240
vn 0.9848 0.1711 0.0286
vn 0.9880 -0.0974 -0.1203
vn 0.9919 0.1205 -0.0392
vn 0.9229 -0.3543 -0.1507
vn 0.9151 -0.3999 0.0516
vn 0.9188 -0.2816 -0.2766
vn 0.9407 -0.3350 -0.0538
vn 0.9310 -0.3505 0.1016
vn 0.9754 -0.0295 -0.2185
vn 0.9896 0.0904 -0.1123
vn 0.9000 -0.1639 -0.4039
vn 0.9261 -0.0434 -0.3748
vn 0.8647 -0.1431 -0.4814
vn 0.9466 -0.3223 -0.0116
vn 0.9484 -0.3154 -0.0318
vn 0.9512 -0.3077 0.0222
vn 0.9513 -0.2957 0.0868
vn 0.9605 -0.2752 0.0417
vn 0.9572 -0.2728 0.0971
vn 0.9506 -0.3102 -0.0130
vn 0.9748 0.1931 -0.1118
vn 0.9373 0.1348 -0.3214
vn 0.9250 -0.3788 0.0314
vn 0.8316 -0.5437 0.1128
vn 0.8113 -0.5351 0.2354
vn 0.9856 0.0973 0.1382
vn 0.8925 0.4478 0.0541
vn 0.8903 -0.3987 0.2202
vn 0.7663 -0.5317 0.3607
vn 0.9761 0.1263 0.1769
vn 0.8643 0.5028 0.0130
vn 0.8562 -0.3943 0.3338
vn 0.7046 -0.5175 0.4855
vn 0.9629 0.1752 0.2055
vn 0.8132 -0.3766 0.4437
vn 0.7338 -0.4881 0.4726
vn 0.8805 0.4732 0.0292
vn 0.8744 -0.3050 0.3774
vn 0.8450 -0.4781 0.2395
vn 0.9339 0.3031 0.1895
vn 0.9343 0.3036 0.1869
vn 0.8610 0.5023 0.0801
vn 0.9524 0.2868 0.1034
vn 0.9690 -0.1527 0.1944
vn 0.9475 -0.3032 0.1015
vn 0.8239 0.5522 0.1276
vn 0.5402 0.8375 0.0824
vn 0.9899 0.0891 0.1100
vn 0.9388 -0.3444 0.0057
vn 0.6806 0.7295 0.0676
vn 0.4265 0.9043 0.0166
vn 0.6370 0.7694 0.0476
vn 0.9949 0.0932 0.0391
vn 0.7530 0.6543 0.0698
vn 0.5380 0.8387 0.0849
vn 0.9927 0.1160 0.0333
vn 0.9623 -0.2658 -0.0579
vn 0.7175 0.6912 0.0862
vn 0.6221 0.7694 0.1450
vn 0.6500 0.7463 0.1433
vn 0.6452 0.7499 0.1461
vn 0.8186 0.5563 0.1429
vn 0.9976 -0.0688 -0.0057
vn 0.9387 -0.3087 -0.1533
vn 0.9981 0.0591 -0.0159
vn 0.9858 -0.1248 -0.1121
vn 0.9164 -0.2734 -0.2924
vn 0.9347 -0.2879 -0.2083
vn 0.9954 -0.0153 -0.0950
vn 0.9949 -0.0197 -0.0987
vn 0.9974 0.0602 -0.0400
vn 0.9968 0.0658 -0.0451
vn 0.9443 -0.2728 -0.1841
vn 0.9364 -0.2874 -0.2015
vn 0.8919 -0.4056 -0.2002
vn 0.9368 -0.2759 -0.2151
vn 0.8964 -0.4010 -0.1888
vn 0.8400 -0.5283 -0.1235
vn 0.9200 -0.3590 -0.1575
vn 0.9276 -0.3480 -0.1361
vn 0.8553 -0.5112 -0.0846
vn 0.8087 -0.5882 -0.0113
vn 0.8946 -0.4425 -0.0629
vn 0.9104 -0.4033 -0.0924
vn 0.8323 -0.5543 0.0083
vn 0.8140 -0.5663 0.1289
vn 0.8734 -0.4867 0.0161
vn 0.8901 -0.4555 -0.0126
vn 0.8334 -0.5353 0.1376
vn 0.8040 -0.4942 0.3306
vn 0.8717 -0.4756 0.1177
vn 0.8907 -0.4455 0.0904
vn 0.8221 -0.4756 0.3129
vn 0.7754 -0.3624 0.5170
vn 0.8710 -0.4293 0.2389
vn 0.8962 -0.4000 0.1916
vn 0.8034 -0.3550 0.4780
vn 0.7510 -0.1487 0.6433
vn 0.8726 -0.3377 0.3529
vn 0.9038 -0.3247 0.2788
vn 0.7872 -0.1635 0.5946
vn 0.7175 0.0589 0.6941
vn 0.8748 -0.2048 0.4391
vn 0.9114 -0.2194 0.3483
vn 0.7750 0.0236 0.6315
vn 0.7593 0.2451 0.6029
vn 0.8789 -0.0441 0.4750
vn 0.9167 -0.0773 0.3921
vn 0.8110 0.2165 0.5435
vn 0.8309 0.4131 0.3728
vn 0.8873 0.1537 0.4349
vn 0.9037 0.1381 0.4053
vn 0.8428 0.4117 0.3466
vn 0.8739 0.3688 0.3165
vn 0.8842 0.3302 0.3304
vn 0.7270 0.6608 0.1865
vn 0.8717 0.4397 0.2163
vn 0.6447 0.7464 0.1647
vn 0.1882 -0.3746 0.9079
vn 0.0604 -0.9117 0.4063
vn 0.0447 -0.9313 0.3616
vn 0.1795 -0.2034 0.9625
vn 0.1797 0.6666 0.7234
vn 0.1683 0.5700 0.8042
vn 0.3251 -0.6099 -0.7227
vn 0.4536 -0.4114 -0.7906
vn 0.4438 -0.4292 -0.7867
vn 0.5961 0.0843 -0.7985
vn 0.5642 0.5769 -0.5906
vn 0.5637 0.5839 -0.5842
vn 0.5637 0.5840 -0.5841
vn 0.5453 0.7053 -0.4530
vn 0.5961 0.0842 -0.7985
vn 0.8489 0.5262 0.0505
vn 0.8538 0.5203 0.0180
vn 0.7983 0.5665 0.2045
vn 0.7933 0.5595 0.2399
vn 0.7698 0.6106 0.1860
vn 0.7698 0.6130 0.1781
vn 0.8020 0.5841 0.1252
vn 0.8041 0.5813 0.1243
vn 0.8447 0.5277 0.0893
vn 0.8472 0.5234 0.0907
vn 0.8754 0.4760 0.0849
vn 0.8782 0.4705 0.0862
vn 0.9026 0.4156 0.1123
vn 0.9065 0.4074 0.1110
vn 0.9355 0.3282 0.1312
vn 0.9395 0.3180 0.1277
vn 0.9707 0.2350 0.0496
vn 0.9729 0.2243 0.0559
vn 0.9645 0.2106 -0.1590
vn 0.9676 0.2012 -0.1524
vn 0.9071 0.2691 -0.3237
vn 0.9064 0.2665 -0.3279
vn 0.7072 0.4937 -0.5061
vn 0.6706 0.5248 -0.5243
vn 0.4428 0.6789 -0.5857
vn 0.4418 0.6772 -0.5883
vn -0.3725 -0.9261 0.0605
vn -0.3712 -0.9254 0.0767
vn -0.3794 -0.9230 -0.0645
vn -0.5294 -0.8268 -0.1899
vn -0.5438 -0.7761 -0.3193
vn -0.5295 -0.8268 -0.1899
vn -0.6456 -0.7076 -0.2871
vn -0.5368 -0.7773 -0.3280
vn -0.4727 -0.8355 -0.2801
vn -0.4659 -0.8380 -0.2840
vn -0.3767 -0.9009 -0.2156
vn -0.3675 -0.9032 -0.2217
vn -0.2836 -0.9560 -0.0757
vn -0.2743 -0.9581 -0.0825
vn -0.2184 -0.9706 0.1014
vn -0.2107 -0.9722 0.1024
vn -0.1809 -0.9484 0.2605
vn -0.1761 -0.9474 0.2671
vn -0.1625 -0.9132 0.3738
vn -0.1600 -0.9109 0.3804
vn -0.1627 -0.8796 0.4470
vn -0.1642 -0.8768 0.4520
vn -0.2292 -0.8339 0.5020
vn -0.2484 -0.8257 0.5065
vn -0.4438 -0.7378 0.5086
vn -0.5008 -0.7295 0.4659
vn -0.5973 -0.7174 0.3586
vn -0.5923 -0.7422 0.3135
vn -0.5923 -0.7423 0.3135
vn 0.0874 -0.3201 -0.9433
vn -0.1277 0.2578 0.9577
vn 0.0570 -0.1875 -0.9806
vn 0.1003 -0.2779 -0.9554
vn 0.1163 -0.2198 -0.9686
vn 0.1550 -0.4013 -0.9028
vn 0.0880 -0.3280 -0.9406
vn 0.0887 -0.3274 -0.9407
vn 0.1826 -0.4193 -0.8893
vn 0.3944 -0.5545 -0.7328
vn 0.3947 -0.5445 -0.7401
vn 0.5421 -0.7020 -0.4618
vn 0.5288 -0.6879 -0.4971
vn 0.6580 -0.7365 -0.1568
vn 0.6514 -0.7309 -0.2038
vn 0.7208 -0.6896 0.0705
vn 0.7242 -0.6882 0.0444
vn 0.7552 -0.6110 0.2375
vn 0.7609 -0.6064 0.2308
vn 0.7651 -0.5215 0.3777
vn 0.7677 -0.5137 0.3830
vn 0.7505 -0.4272 0.5042
vn 0.7491 -0.4165 0.5151
vn 0.7098 -0.3319 0.6213
vn 0.7008 -0.3190 0.6380
vn 0.6187 -0.2517 0.7442
vn 0.5828 -0.2354 0.7778
vn 0.4407 -0.1860 0.8782
vn 0.3272 -0.1418 0.9343
vn 0.2250 -0.0993 0.9693
vn 0.2546 -0.0755 0.9641
vn 0.1879 -0.1028 0.9768
vn 0.1450 -0.1169 0.9825
vn 0.3569 0.6907 0.6289
vn 0.3551 0.7036 0.6156
vn 0.3486 0.8055 0.4792
vn 0.3913 0.4442 0.8060
vn 0.3969 0.4076 0.8224
vn 0.4414 0.1980 0.8752
vn 0.4489 0.1658 0.8781
vn 0.5231 -0.0704 0.8494
vn 0.5355 -0.1353 0.8336
vn 0.6112 -0.3922 0.6875
vn 0.6187 -0.4214 0.6631
vn 0.6793 -0.6003 0.4221
vn 0.6820 -0.6048 0.4113
vn 0.6989 -0.7026 0.1336
vn 0.6990 -0.7005 0.1437
vn 0.6943 -0.7178 -0.0512
vn 0.6929 -0.7195 -0.0470
vn 0.6909 -0.6888 -0.2195
vn 0.6882 -0.6915 -0.2195
vn 0.6859 -0.6015 -0.4096
vn 0.6824 -0.6050 -0.4104
vn 0.6814 -0.4660 -0.5645
vn 0.6838 -0.4618 -0.5650
vn 0.8143 -0.4124 -0.4084
vn 0.8059 -0.3752 -0.4580
vn 0.8426 -0.4754 -0.2529
vn 0.7846 -0.4834 -0.3883
vn 0.7973 -0.5812 -0.1627
vn 0.7804 -0.5816 -0.2296
vn 0.7772 -0.6291 -0.0119
vn 0.7730 -0.6333 -0.0372
vn 0.7892 -0.6067 0.0954
vn 0.7895 -0.6064 0.0946
vn 0.7764 -0.5892 0.2237
vn 0.7676 -0.5863 0.2589
vn 0.7247 -0.5495 0.4158
vn 0.6872 -0.5385 0.4876
vn 0.6182 -0.5701 0.5411
vn 0.6314 -0.5797 0.5150
vn 0.6646 -0.6174 0.4209
vn 0.6762 -0.6245 0.3908
vn 0.7146 -0.6459 0.2686
vn 0.7186 -0.6480 0.2524
vn 0.7353 -0.6577 0.1635
vn 0.7442 -0.6481 0.1617
vn 0.8727 -0.4296 0.2320
vn 0.8770 -0.4199 0.2333
vn 0.8460 -0.3978 0.3549
vn 0.8459 -0.3987 0.3543
vn 0.8116 -0.3601 0.4600
vn 0.8096 -0.3571 0.4658
vn 0.7927 -0.5242 0.3112
vn 0.8024 -0.4430 0.3999
vn 0.7342 -0.6709 0.1042
vn 0.9840 -0.1746 0.0343
vn 0.9844 -0.1726 0.0348
vn 0.9818 -0.1851 0.0417
vn 0.9823 -0.1827 0.0418
vn 0.9816 -0.1832 0.0532
vn 0.9827 -0.1773 0.0530
vn 0.9847 -0.1672 0.0485
vn 0.9857 -0.1621 0.0460
vn 0.9872 -0.1582 0.0183
vn 0.9878 -0.1551 0.0144
vn 0.9855 -0.1686 -0.0214
vn 0.9855 -0.1681 -0.0234
vn 0.9806 -0.1913 -0.0429
vn 0.9808 -0.1907 -0.0407
vn 0.9766 -0.2109 -0.0414
vn 0.9779 -0.2062 -0.0348
vn 0.9760 -0.2165 -0.0235
vn 0.9787 -0.2047 -0.0146
vn 0.9798 -0.1997 0.0012
vn 0.9830 -0.1833 0.0076
vn 0.9850 -0.1720 0.0142
vn 0.9876 -0.1559 0.0181
vn 0.3963 0.6499 0.6486
vn 0.3973 0.6496 0.6482
vn 0.3884 0.6601 0.6429
vn 0.3898 0.6584 0.6439
vn 0.4630 0.6427 0.6104
vn 0.4662 0.6415 0.6092
vn 0.5031 0.5052 0.7012
vn 0.4999 0.5079 0.7016
vn 0.5032 0.5417 0.6733
vn 0.5081 0.5236 0.6839
vn 0.5002 0.5656 0.6557
vn 0.5007 0.5652 0.6557
vn 0.6100 -0.5853 -0.5342
vn 0.6102 -0.5851 -0.5342
vn 0.6097 -0.5847 -0.5352
vn 0.6090 -0.5850 -0.5356
vn 0.5784 -0.6048 -0.5473
vn 0.5776 -0.6054 -0.5476
vn 0.3432 -0.8219 -0.4546
vn 0.3432 -0.8219 -0.4545
vn 0.3914 -0.8228 -0.4120
vn 0.3928 -0.8228 -0.4106
vn 0.4637 -0.8204 -0.3344
vn 0.4640 -0.8205 -0.3340
vn 0.4905 -0.8186 -0.2987
vn 0.6378 -0.7419 0.2067
vn 0.6033 -0.7620 0.2352
vn 0.6317 -0.7469 0.2075
vn 0.5984 -0.7650 0.2382
vn 0.5779 -0.7652 0.2837
vn 0.5790 -0.7651 0.2818
vn 0.5518 -0.7702 0.3198
vn 0.5558 -0.7693 0.3151
vn 0.5405 -0.7725 0.3334
vn 0.5405 -0.7724 0.3335
vn 0.4524 0.4631 -0.7622
vn 0.3590 0.4046 -0.8411
vn 0.3588 0.4058 -0.8406
vn 0.4382 0.4623 -0.7709
vn 0.6038 0.4977 -0.6227
vn 0.5944 0.4972 -0.6321
vn 0.7156 0.5331 -0.4514
vn 0.7053 0.5412 -0.4580
vn 0.6000 0.7618 -0.2442
vn 0.5819 0.7796 -0.2316
vn 0.7615 0.5739 0.3014
vn 0.4761 0.8485 0.2310
vn 0.4949 0.8368 0.2341
vn 0.7709 0.5571 0.3088
vn 0.7551 0.5432 0.3671
vn 0.7542 0.5426 0.3698
vn 0.7355 0.5303 0.4217
vn 0.7363 0.5298 0.4208
vn 0.7014 0.5259 0.4811
vn 0.7066 0.5243 0.4753
vn 0.6330 0.5269 0.5672
vn 0.6491 0.5213 0.5539
vn 0.4870 0.5240 0.6987
vn 0.5196 0.5145 0.6821
vn 0.1974 0.5060 0.8397
vn 0.2209 0.5023 0.8360
vn -0.0000 0.5080 0.8613
vn -0.2209 0.5023 0.8360
vn -0.1974 0.5060 0.8397
vn -0.5196 0.5145 0.6821
vn -0.4870 0.5240 0.6987
vn -0.6491 0.5213 0.5539
vn -0.6330 0.5269 0.5672
vn -0.7070 0.5235 0.4755
vn -0.7018 0.5251 0.4813
vn -0.7363 0.5298 0.4208
vn -0.7355 0.5303 0.4217
vn -0.7542 0.5426 0.3699
vn -0.7551 0.5432 0.3672
vn -0.7715 0.5563 0.3089
vn -0.7620 0.5732 0.3015
vn -0.4946 0.8370 0.2341
vn -0.4758 0.8487 0.2309
vn 0.2500 -0.8168 -0.5199
vn 0.2131 -0.8050 -0.5537
vn 0.2488 -0.8152 -0.5231
vn 0.3006 -0.8296 -0.4705
vn 0.3301 -0.8326 -0.4448
vn 0.2199 -0.8619 -0.4570
vn 0.2261 -0.8687 -0.4406
vn 0.2032 -0.8262 -0.5255
vn 0.2046 -0.8171 -0.5390
vn 0.9837 0.1301 -0.1240
vn 0.9842 0.1335 -0.1165
vn 0.9857 0.1068 -0.1303
vn 0.9823 0.0001 -0.1873
vn 0.9857 0.0947 -0.1393
vn 0.9774 0.1683 -0.1282
vn 0.9750 0.1940 -0.1087
vn 0.9807 0.1590 -0.1141
vn 0.9774 0.2009 -0.0665
vn 0.9768 0.2059 -0.0587
vn 0.9729 0.2199 -0.0718
vn 0.9658 0.2514 -0.0628
vn 0.9537 0.2921 -0.0715
vn 0.9377 0.3438 -0.0496
vn 0.9255 0.3709 -0.0773
vn 0.9113 0.4050 -0.0745
vn 0.8876 0.4463 -0.1135
vn 0.7671 0.5269 -0.3659
vn 0.8200 0.4805 -0.3109
vn 0.8044 0.5246 -0.2788
vn 0.7582 0.5588 -0.3360
vn 0.8186 0.5559 -0.1441
vn 0.7878 0.5827 -0.1996
vn 0.8167 0.5770 0.0104
vn 0.7968 0.6025 -0.0460
vn 0.7837 0.6038 0.1454
vn 0.7730 0.6280 0.0899
vn 0.7356 0.6373 0.2295
vn 0.7306 0.6583 0.1816
vn 0.6904 0.6736 0.2637
vn 0.6876 0.6890 0.2293
vn 0.6753 0.6932 0.2519
vn 0.6904 0.7000 0.1828
vn 0.6876 0.7025 0.1839
vn 0.6867 0.7115 0.1490
vn 0.6379 0.7481 0.1829
vn 0.6864 0.7117 0.1494
vn 0.6191 0.7585 0.2032
vn 0.8780 0.3979 -0.2660
vn 0.5885 0.7642 0.2638
vn 0.6435 0.7447 0.1769
vn 0.5350 0.7816 0.3208
vn 0.6032 0.7671 0.2184
vn 0.4548 0.7854 0.4200
vn 0.5361 0.7869 0.3055
vn 0.4257 0.7811 0.4568
vn 0.4766 0.8015 0.3611
vn 0.2013 0.7959 0.5710
vn 0.3615 0.8053 0.4700
vn 0.1753 0.7905 0.5868
vn 0.3413 0.7993 0.4947
vn -0.0000 0.7871 0.6168
vn 0.1444 0.7966 0.5870
vn 0.1357 0.7919 0.5953
vn -0.2013 0.7958 0.5711
vn -0.0000 0.7871 0.6169
vn -0.1753 0.7905 0.5868
vn -0.0000 0.7870 0.6169
vn -0.4258 0.7811 0.4568
vn -0.1444 0.7966 0.5870
vn -0.4549 0.7853 0.4199
vn -0.1356 0.7919 0.5954
vn -0.5351 0.7815 0.3209
vn -0.3413 0.7992 0.4948
vn -0.5886 0.7641 0.2639
vn -0.3616 0.8052 0.4700
vn -0.6191 0.7585 0.2032
vn -0.4767 0.8014 0.3611
vn -0.6379 0.7481 0.1829
vn -0.5363 0.7868 0.3056
vn -0.6867 0.7115 0.1490
vn -0.6032 0.7671 0.2184
vn -0.6435 0.7447 0.1769
vn -0.6876 0.7025 0.1839
vn -0.6864 0.7117 0.1494
vn -0.8780 0.3979 -0.2660
vn -0.6904 0.7000 0.1828
vn -0.6753 0.6932 0.2519
vn -0.6876 0.6889 0.2293
vn -0.6905 0.6736 0.2636
vn -0.7306 0.6583 0.1815
vn -0.7357 0.6373 0.2295
vn -0.7730 0.6280 0.0900
vn -0.7837 0.6038 0.1454
vn -0.7968 0.6025 -0.0461
vn -0.8167 0.5770 0.0105
vn -0.7878 0.5826 -0.1997
vn -0.8187 0.5559 -0.1441
vn -0.7583 0.5587 -0.3360
vn -0.8044 0.5245 -0.2788
vn -0.7672 0.5269 -0.3659
vn -0.8199 0.4807 -0.3110
vn 0.6582 0.6937 -0.2924
vn 0.6732 0.6800 -0.2907
vn 0.6837 0.6453 -0.3407
vn 0.6566 0.6952 -0.2925
vn 0.7712 0.5484 -0.3233
vn 0.7028 0.6066 -0.3716
vn 0.7818 0.5448 -0.3033
vn 0.7943 0.5547 -0.2477
vn 0.5728 0.8026 -0.1668
vn 0.5629 0.8084 -0.1720
vn 0.5631 0.8083 -0.1720
vn 0.6215 0.7716 -0.1358
vn 0.5980 0.7952 -0.1001
vn 0.6106 0.7831 -0.1181
vn 0.5828 0.8078 -0.0886
vn 0.5811 0.8090 -0.0884
vn 0.5625 0.8120 -0.1557
vn 0.5655 0.8147 -0.1282
vn 0.5016 0.8502 -0.1598
vn 0.4796 0.8584 -0.1818
vn 0.5127 0.8530 -0.0974
vn 0.5218 0.8506 -0.0650
vn 0.5289 0.8487 0.0031
vn 0.5303 0.8472 0.0334
vn 0.5235 0.8466 0.0958
vn 0.5199 0.8451 0.1244
vn 0.5033 0.8478 0.1671
vn 0.4960 0.8505 0.1752
vn 0.4762 0.8571 0.1965
vn 0.4725 0.8587 0.1985
vn 0.4705 0.8583 0.2049
vn 0.4747 0.8561 0.2046
vn 0.5230 0.8324 0.1832
vn 0.5191 0.8336 0.1889
vn 0.4814 0.8560 0.1885
vn 0.4820 0.8559 0.1872
vn 0.3914 0.8880 0.2411
vn 0.4705 0.8577 0.2074
vn 0.3002 0.9033 0.3063
vn 0.3724 0.8813 0.2910
vn 0.1226 0.9179 0.3773
vn 0.1797 0.9093 0.3753
vn -0.0000 0.9183 0.3960
vn -0.0000 0.9177 0.3973
vn -0.1795 0.9094 0.3752
vn -0.1226 0.9180 0.3773
vn -0.3724 0.8813 0.2910
vn -0.3002 0.9034 0.3063
vn -0.4702 0.8578 0.2074
vn -0.3913 0.8881 0.2410
vn -0.4818 0.8561 0.1872
vn -0.4812 0.8561 0.1885
vn -0.5189 0.8337 0.1889
vn -0.5228 0.8325 0.1832
vn -0.4745 0.8562 0.2045
vn -0.4703 0.8584 0.2049
vn -0.4723 0.8588 0.1984
vn -0.4760 0.8572 0.1964
vn -0.4959 0.8505 0.1752
vn -0.5034 0.8478 0.1671
vn -0.5201 0.8450 0.1245
vn -0.5237 0.8465 0.0959
vn -0.5304 0.8471 0.0335
vn -0.5289 0.8487 0.0032
vn -0.5218 0.8506 -0.0650
vn -0.5126 0.8531 -0.0975
vn -0.5014 0.8503 -0.1598
vn -0.4794 0.8586 -0.1818
vn -0.5625 0.8120 -0.1557
vn -0.5655 0.8147 -0.1282
vn -0.5809 0.8092 -0.0884
vn -0.5825 0.8080 -0.0886
vn -0.6106 0.7831 -0.1181
vn -0.5981 0.7952 -0.1001
vn -0.6217 0.7714 -0.1359
vn -0.5730 0.8024 -0.1669
vn -0.5628 0.8085 -0.1720
vn -0.5625 0.8087 -0.1720
vn 0.5909 0.7735 0.2293
vn 0.6814 0.7149 0.1571
vn 0.6682 0.7259 0.1632
vn 0.6322 0.7509 0.1911
vn 0.4437 0.8171 0.3681
vn 0.5528 0.7752 0.3058
vn 0.3338 0.8125 0.4779
vn 0.4014 0.7864 0.4696
vn 0.1557 0.8004 0.5789
vn 0.1973 0.7892 0.5816
vn -0.0000 0.7872 0.6167
vn -0.1972 0.7892 0.5816
vn -0.1557 0.8004 0.5789
vn -0.4014 0.7864 0.4696
vn -0.3338 0.8125 0.4779
vn -0.5527 0.7752 0.3058
vn -0.4436 0.8171 0.3680
vn -0.6322 0.7509 0.1911
vn -0.5909 0.7735 0.2293
vn -0.6682 0.7259 0.1632
vn -0.6814 0.7149 0.1571
vn -0.0000 -0.9886 -0.1508
vn -0.0000 -0.9908 -0.1353
vn 0.0023 -0.9913 -0.1316
vn 0.0316 -0.9978 -0.0577
vn 0.0375 -0.9974 -0.0622
vn 0.0026 -1.0000 -0.0024
vn 0.0046 -1.0000 -0.0033
vn -0.0022 -1.0000 0.0016
vn -0.0005 -1.0000 -0.0000
vn -0.0000 -1.0000 -0.0028
vn -0.0000 -1.0000 -0.0030
vn 0.0005 -1.0000 -0.0000
vn 0.0022 -1.0000 0.0016
vn -0.0046 -1.0000 -0.0033
vn -0.0026 -1.0000 -0.0024
vn -0.0375 -0.9974 -0.0622
vn -0.0316 -0.9978 -0.0577
vn -0.0023 -0.9913 -0.1316
vn -0.0000 0.7450 0.6671
vn -0.0000 0.8982 0.4396
vn -0.0000 0.9302 0.3672
vn -0.0000 0.9957 0.0924
vn -0.0015 0.9953 0.0972
vn -0.0100 0.9998 0.0191
vn -0.0118 0.9997 0.0215
vn 0.0033 1.0000 -0.0029
vn 0.0035 1.0000 -0.0025
vn 0.0012 1.0000 -0.0010
vn -0.0022 1.0000 0.0016
vn -0.0000 1.0000 -0.0052
vn -0.0000 1.0000 -0.0054
vn -0.0012 1.0000 -0.0010
vn 0.0022 1.0000 0.0016
vn -0.0035 1.0000 -0.0025
vn -0.0033 1.0000 -0.0029
vn 0.0118 0.9997 0.0215
vn 0.0100 0.9998 0.0191
vn 0.0015 0.9953 0.0972
vn 0.0526 -0.6849 -0.7267
vn 0.1228 -0.6876 -0.7156
vn 0.1435 -0.6661 -0.7319
vn -0.0000 -0.6890 -0.7248
vn -0.0000 -0.7034 -0.7108
vn -0.1229 -0.6876 -0.7156
vn -0.0526 -0.6849 -0.7267
vn -0.1438 -0.6660 -0.7320
vn 0.9860 0.0795 -0.1464
vn 0.9931 -0.0413 -0.1094
vn 0.9923 -0.0243 -0.1218
vn 0.9727 0.1593 -0.1687
vn 0.9525 0.2392 -0.1888
vn 0.9641 0.2004 -0.1741
vn 0.7921 0.5712 -0.2150
vn 0.9674 0.1984 -0.1576
vn 0.8193 0.5418 -0.1877
vn 0.3270 0.9022 -0.2814
vn 0.4964 0.8309 -0.2514
vn -0.0000 0.9605 -0.2782
vn -0.0000 0.9545 -0.2982
vn -0.3267 0.9023 -0.2814
vn -0.4960 0.8311 -0.2515
vn -0.8191 0.5420 -0.1877
vn -0.7917 0.5717 -0.2152
vn -0.9674 0.1984 -0.1575
vn -0.9525 0.2392 -0.1888
vn -0.9641 0.2004 -0.1741
vn -0.9727 0.1593 -0.1686
vn -0.9860 0.0795 -0.1464
vn -0.9923 -0.0243 -0.1218
vn -0.9931 -0.0413 -0.1094
vn -0.2634 0.2718 -0.9256
vn -0.2634 0.2719 -0.9256
vn -0.3931 0.3259 -0.8598
vn -0.3992 0.3286 -0.8560
vn -0.6154 0.4120 -0.6720
vn -0.6211 0.4151 -0.6648
vn -0.7663 0.4656 -0.4427
vn -0.7698 0.4686 -0.4334
vn -0.8490 0.4906 -0.1963
vn -0.8498 0.4930 -0.1865
vn -0.8698 0.4903 0.0555
vn -0.8683 0.4919 0.0645
vn -0.8311 0.4650 0.3050
vn -0.8279 0.4656 0.3126
vn -0.7319 0.4135 0.5417
vn -0.7277 0.4131 0.5475
vn -0.5714 0.3351 0.7491
vn -0.5669 0.3339 0.7531
vn -0.3538 0.2317 0.9061
vn -0.3492 0.2298 0.9084
vn -0.2268 0.1711 0.9588
vn -0.2266 0.1711 0.9588
vn 0.3182 0.0132 -0.9479
vn 0.3175 0.0141 -0.9482
vn 0.4415 -0.0447 -0.8961
vn 0.4391 -0.0443 -0.8974
vn 0.6485 -0.1490 -0.7465
vn 0.6454 -0.1487 -0.7492
vn 0.7979 -0.2293 -0.5575
vn 0.7953 -0.2295 -0.5611
vn 0.8954 -0.2867 -0.3406
vn 0.8938 -0.2875 -0.3442
vn 0.9242 -0.3075 -0.2265
vn 0.9243 -0.3094 -0.2236
vn 0.8995 -0.3213 0.2959
vn 0.9009 -0.3202 0.2930
vn 0.8501 -0.3017 0.4317
vn 0.8496 -0.3030 0.4318
vn 0.6934 -0.2393 0.6796
vn 0.6918 -0.2397 0.6811
vn 0.4674 -0.1426 0.8725
vn 0.4644 -0.1418 0.8742
vn 0.1958 -0.0218 0.9804
vn 0.1917 -0.0202 0.9812
vn 0.0499 0.0432 0.9978
vn 0.0498 0.0432 0.9978
vn 0.4132 0.9106 0.0046
vn 0.4133 0.9106 0.0037
vn 0.4122 0.9111 0.0063
vn 0.4121 0.9111 0.0072
vn 0.4107 0.9117 0.0097
vn 0.4105 0.9118 0.0102
vn 0.4086 0.9126 0.0124
vn 0.4082 0.9128 0.0124
vn 0.4061 0.9137 0.0144
vn 0.4056 0.9139 0.0142
vn 0.4038 0.9147 0.0156
vn 0.4032 0.9150 0.0153
vn 0.4011 0.9159 0.0160
vn 0.4004 0.9162 0.0158
vn 0.3987 0.9170 0.0158
vn 0.3983 0.9171 0.0159
vn 0.3970 0.9177 0.0151
vn 0.3971 0.9177 0.0151
vn 0.3956 0.9183 0.0140
vn 0.3959 0.9182 0.0138
vn 0.3957 0.9183 0.0126
vn 0.3962 0.9181 0.0121
vn 0.4129 0.9108 -0.0005
vn 0.4123 0.9111 0.0002
vn 0.4123 0.9110 -0.0018
vn 0.4129 0.9108 -0.0020
vn 0.4113 0.9115 -0.0034
vn 0.4114 0.9115 -0.0033
vn 0.4094 0.9123 -0.0039
vn 0.4089 0.9126 -0.0038
vn 0.4069 0.9135 -0.0033
vn 0.4062 0.9138 -0.0034
vn 0.4046 0.9145 -0.0032
vn 0.4039 0.9148 -0.0034
vn 0.4006 0.9162 0.0013
vn 0.4009 0.9161 0.0016
vn 0.3994 0.9168 0.0021
vn 0.3991 0.9169 0.0022
vn 0.3975 0.9176 0.0046
vn 0.3975 0.9176 0.0050
vn 0.3963 0.9181 0.0070
vn 0.3962 0.9181 0.0077
vn 0.3957 0.9183 0.0096
vn 0.3955 0.9184 0.0104
vn 0.3952 0.9185 0.0114
vn 0.3949 0.9187 0.0120
vn 0.3577 0.8574 -0.3699
vn 0.3577 0.8576 -0.3696
vn 0.3036 0.8824 -0.3593
vn 0.3052 0.8817 -0.3599
vn 0.2024 0.9251 -0.3211
vn 0.2000 0.9261 -0.3199
vn 0.1136 0.9598 -0.2567
vn 0.1088 0.9616 -0.2520
vn 0.0439 0.9844 -0.1706
vn 0.0392 0.9859 -0.1628
vn -0.0016 0.9976 -0.0697
vn -0.0039 0.9981 -0.0613
vn -0.0169 0.9991 0.0384
vn -0.0169 0.9989 0.0440
vn -0.0007 0.9895 0.1446
vn -0.0005 0.9894 0.1452
vn 0.0485 0.9696 0.2398
vn 0.0458 0.9707 0.2361
vn 0.1260 0.9403 0.3161
vn 0.1189 0.9430 0.3109
vn 0.2257 0.9028 0.3661
vn 0.2164 0.9063 0.3630
vn 0.3369 0.8584 0.3868
vn 0.3297 0.8613 0.3867
vn 0.4488 0.8100 0.3776
vn 0.4472 0.8105 0.3784
vn 0.5521 0.7612 0.3403
vn 0.5557 0.7593 0.3387
vn 0.6395 0.7172 0.2769
vn 0.6447 0.7145 0.2719
vn 0.7045 0.6831 0.1926
vn 0.7081 0.6811 0.1860
vn 0.7428 0.6629 0.0934
vn 0.7438 0.6625 0.0882
vn 0.7510 0.6601 -0.0137
vn 0.7507 0.6605 -0.0152
vn 0.7301 0.6728 -0.1195
vn 0.7307 0.6726 -0.1168
vn 0.6802 0.7007 -0.2152
vn 0.6836 0.6990 -0.2101
vn 0.6056 0.7402 -0.2921
vn 0.6116 0.7371 -0.2873
vn 0.5131 0.7862 -0.3443
vn 0.5201 0.7827 -0.3419
vn 0.4661 0.8070 -0.3626
vn 0.4661 0.8069 -0.3629
vn 0.3708 0.8781 -0.3026
vn 0.3696 0.8789 -0.3017
vn 0.3254 0.8992 -0.2924
vn 0.3276 0.8980 -0.2937
vn 0.2425 0.9342 -0.2617
vn 0.2408 0.9347 -0.2614
vn 0.1697 0.9629 -0.2097
vn 0.1656 0.9644 -0.2061
vn 0.1122 0.9838 -0.1398
vn 0.1083 0.9852 -0.1332
vn 0.0752 0.9955 -0.0571
vn 0.0734 0.9960 -0.0500
vn 0.0626 0.9975 0.0317
vn 0.0628 0.9974 0.0363
vn 0.0768 0.9899 0.1190
vn 0.0772 0.9898 0.1194
vn 0.1177 0.9732 0.1975
vn 0.1156 0.9741 0.1943
vn 0.1822 0.9483 0.2598
vn 0.1765 0.9505 0.2556
vn 0.2641 0.9164 0.3008
vn 0.2559 0.9195 0.2984
vn 0.3549 0.8793 0.3175
vn 0.3477 0.8820 0.3181
vn 0.4461 0.8396 0.3099
vn 0.4430 0.8405 0.3119
vn 0.5305 0.8004 0.2793
vn 0.5322 0.7991 0.2796
vn 0.6021 0.7652 0.2281
vn 0.6061 0.7630 0.2249
vn 0.6560 0.7376 0.1599
vn 0.6591 0.7362 0.1537
vn 0.6883 0.7212 0.0787
vn 0.6888 0.7213 0.0724
vn 0.6962 0.7178 -0.0093
vn 0.6949 0.7190 -0.0126
vn 0.6785 0.7282 -0.0967
vn 0.6777 0.7290 -0.0960
vn 0.6367 0.7508 -0.1756
vn 0.6387 0.7500 -0.1720
vn 0.5747 0.7828 -0.2388
vn 0.5800 0.7800 -0.2349
vn 0.4977 0.8205 -0.2810
vn 0.5047 0.8169 -0.2791
vn 0.4592 0.8377 -0.2956
vn 0.4607 0.8367 -0.2962
vn -0.0318 0.7338 -0.6786
vn -0.1481 0.5926 -0.7918
vn -0.1481 0.5923 -0.7920
vn -0.0383 0.7264 -0.6862
vn 0.2405 0.9238 -0.2979
vn 0.2455 0.9253 -0.2889
vn 0.5004 0.8080 0.3110
vn 0.4904 0.8270 0.2748
vn 0.5470 0.4495 0.7062
vn 0.5445 0.4178 0.7273
vn 0.5126 0.2241 0.8289
vn -0.7527 0.6237 0.2109
vn -0.7519 0.6249 0.2102
vn -0.7793 0.5957 0.1947
vn -0.7784 0.5961 0.1968
vn -0.8007 0.5714 0.1800
vn -0.8010 0.5707 0.1809
vn -0.6717 0.5734 0.4692
vn -0.6698 0.5741 0.4708
vn -0.6858 0.5377 0.4904
vn -0.6867 0.5372 0.4898
vn -0.6945 0.5034 0.5140
vn -0.6947 0.5035 0.5137
vn 0.8935 -0.4070 -0.1897
vn 0.8930 -0.4076 -0.1906
vn 0.9039 -0.3731 -0.2095
vn 0.9040 -0.3740 -0.2071
vn 0.9152 -0.3334 -0.2263
vn 0.9160 -0.3318 -0.2256
vn 0.8278 -0.2834 -0.4842
vn 0.8274 -0.2811 -0.4861
vn 0.8071 -0.3168 -0.4982
vn 0.8051 -0.3203 -0.4992
vn 0.7834 -0.3458 -0.5164
vn 0.7837 -0.3461 -0.5159
vn 0.9365 0.3465 -0.0546
vn 0.9338 0.3543 -0.0493
vn 0.8701 -0.3606 -0.3361
vn 0.9256 -0.2364 -0.2956
vn -0.2138 -0.9166 -0.3379
vn -0.0316 -0.9247 -0.3795
vn -0.9543 -0.2873 0.0817
vn -0.9520 -0.2961 0.0773
vn -0.5660 0.7112 0.4170
vn -0.3819 0.8206 0.4251
vn 0.1600 0.9218 0.3530
vn 0.1562 0.9219 0.3546
vn -0.4524 0.2932 -0.8422
vn -0.4535 0.2914 -0.8423
vn -0.4527 0.2903 -0.8431
vn -0.4534 0.2897 -0.8429
vn -0.4546 0.2922 -0.8414
vn -0.6147 -0.7879 -0.0377
vn -0.6090 -0.7922 -0.0402
vn -0.6102 -0.7912 -0.0406
vn -0.6082 -0.7930 -0.0360
vn -0.5663 -0.8237 -0.0308
vn -0.5371 -0.8435 -0.0093
vn -0.3736 -0.9276 0.0067
vn -0.3563 -0.9343 0.0128
vn -0.3533 -0.9355 -0.0049
vn -0.3512 -0.9363 -0.0038
vn -0.3404 -0.9403 -0.0033
vn -0.3402 -0.9404 -0.0022
vn -0.3371 -0.9415 -0.0029
vn -0.3415 -0.9399 -0.0016
vn -0.3841 -0.9233 0.0068
vn -0.3948 -0.9187 0.0118
vn -0.4170 -0.9089 0.0056
vn -0.4301 -0.9027 0.0111
vn -0.5033 -0.8637 0.0271
vn -0.5200 -0.8535 0.0331
vn 0.1511 -0.1987 0.9683
vn 0.1771 -0.1129 0.9777
vn 0.2217 -0.2801 0.9340
vn 0.0282 -0.6379 0.7696
vn 0.2779 -0.1826 0.9431
vn 0.2614 -0.2945 0.9192
vn 0.2927 -0.0844 0.9525
vn 0.1656 -0.0171 0.9861
vn 0.0386 -0.0010 0.9993
vn 0.0734 -0.2157 -0.9737
vn 0.1791 -0.4493 -0.8753
vn 0.3344 -0.3515 -0.8744
vn 0.2807 -0.3974 -0.8737
vn 0.3926 -0.2811 -0.8757
vn 0.0544 -0.1690 -0.9841
vn 0.1432 -0.3816 -0.9132
vn 0.2601 -0.2987 -0.9182
vn 0.2598 -0.2153 -0.9414
vn 0.3109 -0.1730 -0.9346
vn 0.3063 -0.0852 -0.9481
vn 0.1815 -0.1179 -0.9763
vn 0.1240 -0.1614 -0.9791
vn 0.8840 0.4650 0.0492
vn 0.8844 0.4623 0.0638
vn 0.8856 0.4618 0.0490
vn 0.8967 0.4386 0.0594
vn 0.9036 0.4247 -0.0566
vn 0.8858 0.4507 0.1104
vn 0.8953 0.4323 0.1075
vn 0.8923 0.4373 0.1122
vn 0.8820 0.4572 0.1142
vn 0.8619 0.4945 0.1121
vn 0.8622 0.4942 0.1115
vn 0.8866 0.4484 0.1134
vn 0.8781 0.4632 0.1204
vn 0.8840 0.4594 0.0870
vn 0.8659 0.4951 0.0713
vn 0.8697 0.4882 0.0725
vn 0.8825 0.4697 0.0243
vn 0.8714 0.4506 0.1941
vn 0.8882 0.4501 0.0924
vn 0.8905 0.4268 0.1576
vn 0.8779 0.4730 0.0748
vn 0.8922 0.4508 0.0256
vn 0.8741 0.4804 0.0719
vn 0.9105 0.4077 0.0694
vn 0.8993 0.4366 0.0240
vn 0.8820 0.4710 0.0116
vn 0.8825 0.4702 0.0134
vn 0.8993 0.4372 0.0049
vn 0.9107 0.4112 0.0394
vn 0.9097 0.4153 0.0018
vn 0.9256 0.3755 0.0488
vn 0.8982 0.4393 -0.0150
vn 0.9208 0.3684 0.1284
vn 0.8729 0.4878 0.0083
vn 0.8864 0.4623 0.0250
vn 0.8946 0.4422 0.0645
vn 0.9274 0.3713 0.0450
vn 0.9266 0.3715 0.0586
vn 0.9437 0.3265 0.0529
vn 0.9470 0.3169 0.0518
vn -0.0515 -0.9987 -0.0029
vn -0.0852 -0.9964 -0.0051
vn -0.0856 -0.9963 -0.0047
vn -0.0499 -0.9987 -0.0026
vn -0.0210 -0.9998 -0.0011
vn -0.0210 -0.9998 -0.0010
vn 0.1785 -0.2954 -0.9385
vn 0.1427 -0.1158 -0.9830
vn 0.1252 -0.1816 -0.9754
vn 0.0153 -0.6204 -0.7842
vn 0.2243 -0.2099 -0.9516
vn 0.2048 -0.3291 -0.9218
vn 0.2339 -0.1249 -0.9642
vn 0.1381 -0.0420 -0.9895
vn 0.0265 -0.0051 -0.9996
vn 0.1283 -0.4445 0.8865
vn 0.0477 -0.1845 0.9817
vn 0.2344 -0.3645 0.9012
vn 0.1916 -0.4054 0.8938
vn 0.2657 -0.3242 0.9079
vn 0.1173 -0.3774 0.9186
vn 0.0423 -0.1540 0.9872
vn 0.2094 -0.3025 0.9299
vn 0.2023 -0.2368 0.9503
vn 0.2449 -0.1938 0.9500
vn 0.2374 -0.1160 0.9645
vn 0.1498 -0.1220 0.9812
vn 0.0929 -0.1671 0.9815
vn -0.0816 -0.9967 -0.0044
vn -0.0819 -0.9966 -0.0047
vn -0.0477 -0.9989 -0.0027
vn -0.0492 -0.9988 -0.0026
vn -0.0198 -0.9998 -0.0010
vn -0.0197 -0.9998 -0.0009
vn -0.9167 -0.3922 -0.0761
vn -0.9069 -0.4047 -0.1176
vn -0.9234 -0.3818 -0.0401
vn -0.8511 -0.4891 0.1907
vn -0.9307 -0.3657 0.0005
vn -0.7350 -0.5755 0.3585
vn -0.3003 -0.6667 0.6821
vn -0.0001 -0.9592 0.2826
vn -0.0001 -0.9593 0.2825
vn 0.0010 -0.9593 0.2826
vn -0.0000 -0.9592 0.2827
vn -0.0000 -0.9593 0.2824
vn -0.0010 -0.9593 0.2826
vn 0.0001 -0.9592 0.2826
vn 0.0001 -0.9593 0.2825
vn 0.1129 -0.0483 -0.9924
vn 0.1128 -0.0483 -0.9924
vn 0.2058 0.0546 -0.9771
vn 0.2095 0.0584 -0.9761
vn 0.3811 0.2535 -0.8891
vn 0.3863 0.2581 -0.8855
vn 0.5297 0.4245 -0.7343
vn 0.5354 0.4288 -0.7276
vn 0.6437 0.5582 -0.5235
vn 0.6488 0.5612 -0.5139
vn 0.7149 0.6460 -0.2674
vn 0.7184 0.6470 -0.2554
vn 0.7342 0.6787 0.0180
vn 0.7351 0.6772 0.0309
vn 0.6954 0.6498 0.3069
vn 0.6934 0.6462 0.3189
vn 0.6008 0.5615 0.5689
vn 0.5966 0.5564 0.5784
vn 0.4617 0.4242 0.7790
vn 0.4565 0.4186 0.7851
vn 0.3766 0.3391 0.8621
vn 0.3765 0.3389 0.8622
vn -0.2599 -0.4530 -0.8528
vn -0.2590 -0.4527 -0.8532
vn -0.3385 -0.5366 -0.7730
vn -0.3376 -0.5348 -0.7746
vn -0.4712 -0.6703 -0.5733
vn -0.4701 -0.6678 -0.5771
vn -0.5631 -0.7560 -0.3337
vn -0.5626 -0.7538 -0.3395
vn -0.6097 -0.7899 -0.0656
vn -0.6103 -0.7888 -0.0728
vn -0.6150 -0.7855 0.0685
vn -0.6162 -0.7843 0.0724
vn -0.4929 -0.6156 0.6149
vn -0.4933 -0.6182 0.6120
vn -0.4263 -0.5386 0.7268
vn -0.4289 -0.5399 0.7243
vn -0.2679 -0.3552 0.8956
vn -0.2689 -0.3550 0.8953
vn -0.0858 -0.1518 0.9847
vn -0.0845 -0.1497 0.9851
vn 0.1036 0.0532 0.9932
vn 0.1070 0.0571 0.9926
vn 0.1986 0.1550 0.9678
vn 0.7300 -0.6833 -0.0154
vn 0.7297 -0.6836 -0.0164
vn 0.7313 -0.6819 -0.0133
vn 0.7315 -0.6817 -0.0124
vn 0.7334 -0.6797 -0.0097
vn 0.7335 -0.6797 -0.0093
vn 0.7357 -0.6773 -0.0070
vn 0.7358 -0.6772 -0.0073
vn 0.7381 -0.6746 -0.0056
vn 0.7384 -0.6743 -0.0064
vn 0.7404 -0.6722 -0.0052
vn 0.7409 -0.6716 -0.0059
vn 0.7424 -0.6699 -0.0057
vn 0.7430 -0.6693 -0.0062
vn 0.7443 -0.6678 -0.0069
vn 0.7447 -0.6674 -0.0071
vn 0.7455 -0.6664 -0.0084
vn 0.7456 -0.6664 -0.0085
vn 0.7462 -0.6656 -0.0102
vn 0.7460 -0.6659 -0.0105
vn 0.7457 -0.6662 -0.0121
vn 0.7452 -0.6668 -0.0126
vn 0.7290 -0.6842 -0.0212
vn 0.7296 -0.6836 -0.0207
vn 0.7290 -0.6841 -0.0231
vn 0.7286 -0.6845 -0.0233
vn 0.7295 -0.6835 -0.0257
vn 0.7296 -0.6834 -0.0257
vn 0.7308 -0.6821 -0.0271
vn 0.7313 -0.6816 -0.0272
vn 0.7329 -0.6797 -0.0274
vn 0.7336 -0.6790 -0.0278
vn 0.7349 -0.6776 -0.0282
vn 0.7355 -0.6769 -0.0287
vn 0.7392 -0.6730 -0.0244
vn 0.7390 -0.6732 -0.0238
vn 0.7405 -0.6716 -0.0238
vn 0.7406 -0.6715 -0.0240
vn 0.7425 -0.6695 -0.0216
vn 0.7426 -0.6695 -0.0211
vn 0.7440 -0.6679 -0.0187
vn 0.7442 -0.6677 -0.0180
vn 0.7452 -0.6667 -0.0157
vn 0.7455 -0.6663 -0.0150
vn 0.7461 -0.6657 -0.0139
vn 0.7464 -0.6654 -0.0134
vn 0.5788 -0.6719 -0.4622
vn 0.5790 -0.6719 -0.4619
vn 0.6227 -0.6251 -0.4706
vn 0.6212 -0.6265 -0.4707
vn 0.7085 -0.5310 -0.4648
vn 0.7071 -0.5324 -0.4653
vn 0.7910 -0.4421 -0.4230
vn 0.7903 -0.4428 -0.4235
vn 0.8636 -0.3645 -0.3484
vn 0.8642 -0.3638 -0.3477
vn 0.9204 -0.3029 -0.2472
vn 0.9216 -0.3016 -0.2443
vn 0.9562 -0.2642 -0.1257
vn 0.9571 -0.2633 -0.1210
vn 0.9678 -0.2516 0.0060
vn 0.9678 -0.2517 0.0107
vn 0.9537 -0.2674 0.1376
vn 0.9531 -0.2680 0.1404
vn 0.9142 -0.3124 0.2583
vn 0.9139 -0.3127 0.2588
vn 0.8517 -0.3833 0.3572
vn 0.8524 -0.3825 0.3566
vn 0.7718 -0.4714 0.4268
vn 0.7729 -0.4698 0.4264
vn 0.6811 -0.5690 0.4607
vn 0.6820 -0.5677 0.4610
vn 0.5882 -0.6671 0.4571
vn 0.5886 -0.6664 0.4577
vn 0.5022 -0.7584 0.4155
vn 0.5025 -0.7580 0.4160
vn 0.4299 -0.8362 0.3406
vn 0.4306 -0.8354 0.3415
vn 0.3772 -0.8952 0.2374
vn 0.3782 -0.8943 0.2390
vn 0.3485 -0.9305 0.1132
vn 0.3494 -0.9299 0.1152
vn 0.3451 -0.9383 -0.0215
vn 0.3454 -0.9382 -0.0198
vn 0.3644 -0.9183 -0.1547
vn 0.3644 -0.9184 -0.1538
vn 0.4057 -0.8715 -0.2753
vn 0.4056 -0.8717 -0.2751
vn 0.4658 -0.8026 -0.3726
vn 0.4655 -0.8029 -0.3725
vn 0.4983 -0.7620 -0.4136
vn 0.4981 -0.7620 -0.4137
vn 0.6173 -0.6838 -0.3890
vn 0.6187 -0.6829 -0.3884
vn 0.6553 -0.6440 -0.3947
vn 0.6532 -0.6459 -0.3952
vn 0.7266 -0.5656 -0.3901
vn 0.7250 -0.5671 -0.3909
vn 0.7949 -0.4917 -0.3555
vn 0.7942 -0.4923 -0.3561
vn 0.8550 -0.4273 -0.2938
vn 0.8554 -0.4270 -0.2932
vn 0.9021 -0.3772 -0.2096
vn 0.9030 -0.3763 -0.2073
vn 0.9321 -0.3454 -0.1090
vn 0.9327 -0.3448 -0.1054
vn 0.9420 -0.3355 0.0004
vn 0.9419 -0.3358 0.0042
vn 0.9304 -0.3496 0.1100
vn 0.9298 -0.3505 0.1123
vn 0.8975 -0.3876 0.2105
vn 0.8973 -0.3878 0.2110
vn 0.8456 -0.4461 0.2933
vn 0.8463 -0.4450 0.2928
vn 0.7791 -0.5196 0.3508
vn 0.7807 -0.5172 0.3507
vn 0.7042 -0.6006 0.3786
vn 0.7061 -0.5977 0.3797
vn 0.6279 -0.6819 0.3752
vn 0.6293 -0.6796 0.3771
vn 0.5568 -0.7572 0.3415
vn 0.5576 -0.7560 0.3429
vn 0.4970 -0.8214 0.2799
vn 0.4976 -0.8210 0.2799
vn 0.4530 -0.8700 0.1946
vn 0.4540 -0.8698 0.1933
vn 0.4281 -0.8991 0.0917
vn 0.4295 -0.8986 0.0901
vn 0.4237 -0.9056 -0.0200
vn 0.4251 -0.9049 -0.0212
vn 0.4397 -0.8885 -0.1310
vn 0.4405 -0.8881 -0.1316
vn 0.4744 -0.8493 -0.2315
vn 0.4742 -0.8494 -0.2315
vn 0.5245 -0.7919 -0.3127
vn 0.5232 -0.7928 -0.3125
vn 0.5516 -0.7585 -0.3470
vn 0.5497 -0.7598 -0.3471
vn 0.4826 -0.3160 -0.8168
vn 0.3582 -0.1920 -0.9137
vn 0.3581 -0.1920 -0.9137
vn 0.4713 -0.3050 -0.8276
vn 0.7112 -0.5796 -0.3979
vn 0.7091 -0.5759 -0.4069
vn 0.6642 -0.6485 0.3718
vn 0.6736 -0.6536 0.3451
vn 0.3453 -0.4276 0.8354
vn 0.3274 -0.4138 0.8495
vn 0.1779 -0.2916 0.9399
vn 0.1778 -0.2917 0.9398
vn 0.8311 0.5497 -0.0848
vn 0.8317 0.5487 -0.0855
vn 0.8134 0.5726 -0.1020
vn 0.8091 0.5779 -0.1066
vn 0.7924 0.5971 -0.1244
vn 0.7922 0.5976 -0.1237
vn 0.8056 0.5463 0.2292
vn 0.8060 0.5445 0.2319
vn 0.7783 0.5730 0.2567
vn 0.7851 0.5681 0.2469
vn 0.7568 0.5905 0.2803
vn 0.7569 0.5906 0.2799
vn -0.6817 -0.7225 0.1157
vn -0.6822 -0.7221 0.1148
vn -0.6627 -0.7427 0.0959
vn -0.6568 -0.7486 0.0903
vn -0.6338 -0.7702 0.0709
vn -0.6326 -0.7712 0.0717
vn -0.6077 -0.7563 -0.2423
vn -0.6056 -0.7570 -0.2453
vn -0.6332 -0.7287 -0.2611
vn -0.6306 -0.7331 -0.2547
vn -0.6501 -0.7065 -0.2797
vn -0.6503 -0.7065 -0.2792
vn -0.0239 -0.9850 0.1710
vn -0.0148 -0.9844 0.1753
vn -0.6756 -0.7344 -0.0647
vn -0.5347 -0.8450 -0.0032
vn -0.8566 0.4024 -0.3231
vn -0.9200 0.2378 -0.3115
vn 0.0106 0.9843 -0.1761
vn 0.0714 0.9847 -0.1590
vn 0.9006 0.3901 0.1918
vn 0.9525 0.1781 0.2470
vn 0.8872 -0.3314 0.3211
vn 0.8885 -0.3273 0.3216
vn 0.2003 0.1109 -0.9734
vn 0.1996 0.1116 -0.9735
vn 0.1988 0.1114 -0.9737
vn 0.1988 0.1118 -0.9736
vn 0.2003 0.1122 -0.9733
vn 0.0346 0.2452 0.9688
vn 0.0345 0.2460 0.9687
vn 0.0321 0.0325 0.9990
vn 0.0330 0.0882 0.9956
vn 0.0252 -0.3086 0.9509
vn 0.0260 -0.2828 0.9588
vn 0.0157 -0.5970 0.8021
vn 0.0157 -0.5982 0.8012
vn 0.0046 -0.8195 0.5730
vn 0.0036 -0.8356 0.5494
vn -0.0073 -0.9601 0.2796
vn -0.0092 -0.9733 0.2292
vn -0.0187 -0.9986 -0.0488
vn -0.0207 -0.9931 -0.1155
vn -0.0280 -0.9279 -0.3719
vn -0.0297 -0.8989 -0.4372
vn -0.0345 -0.7548 -0.6551
vn -0.0354 -0.7062 -0.7071
vn -0.0373 -0.4873 -0.8724
vn -0.0375 -0.4286 -0.9027
vn -0.0357 -0.1402 -0.9895
vn -0.0352 -0.0882 -0.9955
vn -0.0291 0.2414 -0.9700
vn -0.0284 0.2691 -0.9627
vn -0.0183 0.5862 -0.8100
vn -0.0183 0.5865 -0.8098
vn -0.0056 0.8364 -0.5481
vn -0.0065 0.8227 -0.5684
vn 0.0070 0.9720 -0.2349
vn 0.0055 0.9609 -0.2768
vn 0.0182 0.9953 0.0954
vn 0.0164 0.9992 0.0370
vn 0.0274 0.9066 0.4210
vn 0.0257 0.9346 0.3548
vn 0.0335 0.7006 0.7127
vn 0.0325 0.7559 0.6539
vn 0.0348 0.5915 0.8056
vn 0.0348 0.5913 0.8057
vn 0.6450 -0.1058 0.7568
vn 0.6657 -0.0034 0.7462
vn 0.6606 -0.0090 0.7507
vn 0.6374 -0.1222 0.7607
vn 0.5987 -0.3163 0.7359
vn 0.5939 -0.3215 0.7375
vn 0.5643 -0.5076 0.6510
vn 0.5632 -0.5006 0.6575
vn 0.5467 -0.6670 0.5063
vn 0.5472 -0.6523 0.5245
vn 0.5453 -0.7789 0.3099
vn 0.5444 -0.7665 0.3408
vn 0.5576 -0.8261 0.0815
vn 0.5539 -0.8244 0.1162
vn 0.5843 -0.7973 -0.1514
vn 0.5786 -0.8062 -0.1234
vn 0.6285 -0.6895 -0.3599
vn 0.6236 -0.7021 -0.3438
vn 0.6904 -0.5051 -0.5179
vn 0.6884 -0.5134 -0.5124
vn 0.7609 -0.2543 -0.5970
vn 0.7618 -0.2559 -0.5951
vn 0.8218 0.0281 -0.5691
vn 0.8240 0.0294 -0.5659
vn 0.8558 0.2829 -0.4332
vn 0.8582 0.2838 -0.4278
vn 0.8612 0.4553 -0.2259
vn 0.8609 0.4593 -0.2187
vn 0.8427 0.5378 0.0248
vn 0.8440 0.5361 0.0127
vn 0.8151 0.5292 0.2356
vn 0.8140 0.5211 0.2564
vn 0.7810 0.4459 0.4374
vn 0.7777 0.4287 0.4597
vn 0.7412 0.2998 0.6006
vn 0.7354 0.2759 0.6189
vn 0.7116 0.1993 0.6737
vn 0.7103 0.1984 0.6753
vn -0.9166 0.3998 0.0041
vn -0.9166 0.3997 0.0035
vn -0.9012 0.4326 -0.0274
vn -0.9004 0.4341 -0.0282
vn -0.8692 0.4839 -0.1021
vn -0.8692 0.4839 -0.1016
vn -0.8441 0.5008 -0.1916
vn -0.8451 0.5006 -0.1877
vn -0.8287 0.4815 -0.2854
vn -0.8296 0.4838 -0.2787
vn -0.8229 0.4291 -0.3724
vn -0.8230 0.4341 -0.3664
vn -0.8259 0.3490 -0.4427
vn -0.8253 0.3532 -0.4405
vn -0.8357 0.2505 -0.4887
vn -0.8351 0.2498 -0.4901
vn -0.8501 0.1441 -0.5065
vn -0.8503 0.1375 -0.5081
vn -0.8686 0.0408 -0.4938
vn -0.8698 0.0322 -0.4924
vn -0.8918 -0.0460 -0.4501
vn -0.8935 -0.0515 -0.4461
vn -0.9196 -0.1035 -0.3789
vn -0.9211 -0.1043 -0.3750
vn -0.9495 -0.1241 -0.2882
vn -0.9504 -0.1218 -0.2862
vn -0.9767 -0.1041 -0.1875
vn -0.9771 -0.1009 -0.1871
vn -0.9948 -0.0473 -0.0906
vn -0.9948 -0.0449 -0.0913
vn -0.9992 0.0393 -0.0122
vn -0.9991 0.0398 -0.0134
vn -0.9889 0.1442 0.0358
vn -0.9891 0.1432 0.0352
vn -0.9662 0.2535 0.0477
vn -0.9663 0.2531 0.0479
vn -0.9507 0.3070 0.0448
vn -0.9507 0.3069 0.0453
vn 0.6064 0.7806 -0.1517
vn 0.6087 0.7788 -0.1516
vn -0.0697 0.9791 -0.1912
vn 0.0388 0.9807 -0.1917
vn -0.9912 0.1299 -0.0262
vn -0.9132 0.3997 -0.0792
vn -0.5366 -0.8281 0.1622
vn -0.6135 -0.7750 0.1516
vn 0.4995 -0.8499 0.1678
vn 0.7028 -0.6979 0.1377
vn 0.9687 -0.2433 0.0489
vn 0.9677 -0.2471 0.0493
vn -0.1155 -0.1758 0.9776
vn -0.1186 -0.1763 0.9772
vn -0.1200 -0.1746 0.9773
vn -0.1210 -0.1754 0.9770
vn -0.1180 -0.1787 0.9768
vn 0.6041 0.7968 -0.0115
vn 0.6070 0.7946 -0.0117
vn -0.0681 0.9976 -0.0153
vn 0.0398 0.9991 -0.0154
vn -0.9932 0.1165 -0.0027
vn -0.9051 0.4252 -0.0077
vn -0.5241 -0.8515 0.0136
vn -0.6202 -0.7843 0.0123
vn 0.4855 -0.8741 0.0151
vn 0.7086 -0.7055 0.0122
vn 0.9683 -0.2499 0.0051
vn 0.9674 -0.2533 0.0049
vn -0.1136 -0.3924 0.9128
vn -0.1168 -0.3927 0.9122
vn -0.1182 -0.3911 0.9127
vn -0.1192 -0.3918 0.9123
vn -0.1162 -0.3949 0.9114
vn 0.5939 0.3507 0.7241
vn 0.6330 0.4376 0.6386
vn 0.6101 0.4101 0.6780
vn 0.5847 0.3326 0.7399
vn 0.6216 0.2922 0.7268
vn 0.6070 0.7744 0.1784
vn 0.5195 0.8271 0.2148
vn 0.5292 0.8218 0.2112
vn 0.5235 0.8382 0.1526
vn 0.5188 0.8398 0.1601
vn 0.5236 0.8416 0.1328
vn 0.5247 0.8409 0.1328
vn 0.5273 0.8421 0.1134
vn 0.5279 0.8418 0.1126
vn 0.5395 0.8387 0.0744
vn 0.5380 0.8398 0.0723
vn 0.5255 0.8491 0.0536
vn 0.5207 0.8519 0.0554
vn 0.2969 0.8784 -0.3745
vn 0.2971 0.8787 -0.3736
vn 0.2572 0.8841 -0.3901
vn 0.2310 0.8891 -0.3952
vn 0.1341 0.9046 -0.4047
vn 0.1176 0.9068 -0.4047
vn -0.0000 0.9168 -0.3994
vn -0.0000 0.9175 -0.3977
vn -0.1176 0.9068 -0.4048
vn -0.1340 0.9046 -0.4048
vn -0.2310 0.8890 -0.3954
vn -0.2571 0.8841 -0.3903
vn -0.2969 0.8785 -0.3744
vn -0.2971 0.8788 -0.3734
vn 0.2138 0.9038 -0.3707
vn 0.2139 0.9040 -0.3701
vn 0.1871 0.9062 -0.3792
vn 0.1722 0.9083 -0.3812
vn 0.0923 0.9189 -0.3836
vn 0.0794 0.9196 -0.3849
vn -0.0000 0.9260 -0.3776
vn -0.0000 0.9268 -0.3756
vn -0.0922 0.9189 -0.3837
vn -0.0794 0.9195 -0.3849
vn -0.1722 0.9083 -0.3812
vn -0.1871 0.9062 -0.3792
vn -0.2138 0.9038 -0.3707
vn -0.2139 0.9040 -0.3701
vn 0.8071 0.5369 0.2457
vn 0.8054 0.5392 0.2461
vn 0.8074 0.5366 0.2451
vn 0.7879 0.5720 0.2280
vn 0.7864 0.5747 0.2265
vn 0.7588 0.6038 0.2444
vn 0.7478 0.6336 0.1985
vn 0.7617 0.5932 0.2606
vn 0.7392 0.6005 0.3048
vn -0.1848 -0.6783 0.7112
vn -0.1986 -0.6816 0.7042
vn -0.1321 -0.6799 0.7213
vn -0.1488 -0.6763 0.7214
vn -0.0340 -0.6758 0.7363
vn -0.0483 -0.6753 0.7360
vn -0.0000 -0.6743 0.7385
vn -0.0000 -0.6725 0.7401
vn 0.0340 -0.6758 0.7363
vn 0.0483 -0.6753 0.7360
vn 0.1488 -0.6763 0.7214
vn 0.1321 -0.6799 0.7213
vn 0.1848 -0.6782 0.7112
vn 0.1986 -0.6816 0.7042
vn -0.1163 0.5294 0.8404
vn -0.1220 0.6454 0.7540
vn -0.1222 0.6454 0.7540
vn -0.1147 0.5040 0.8560
vn -0.1000 0.2875 0.9526
vn -0.0989 0.2683 0.9582
vn -0.0715 -0.0381 0.9967
vn -0.0664 -0.0814 0.9945
vn -0.0102 -0.4625 0.8865
vn -0.0040 -0.4964 0.8681
vn 0.0681 -0.8082 0.5850
vn 0.0764 -0.8378 0.5406
vn 0.1259 -0.9802 0.1530
vn 0.1290 -0.9853 0.1119
vn 0.1314 -0.9768 -0.1690
vn 0.1307 -0.9756 -0.1763
vn 0.1329 -0.8905 -0.4352
vn 0.1329 -0.9051 -0.4040
vn 0.1367 -0.7192 -0.6813
vn 0.1129 -0.7530 -0.6483
vn -0.2102 -0.4394 -0.8733
vn -0.2183 -0.4264 -0.8778
vn -0.1792 -0.4309 -0.8844
vn -0.1729 -0.4380 -0.8822
vn -0.2059 -0.6174 -0.7592
vn -0.2237 -0.6611 -0.7162
vn -0.3213 -0.8611 -0.3940
vn -0.3327 -0.8751 -0.3513
vn -0.3825 -0.9220 -0.0599
vn -0.4136 -0.9036 -0.1117
vn -0.3879 -0.9183 0.0787
vn -0.4918 -0.8707 -0.0044
vn -0.2267 -0.9037 0.3633
vn -0.6298 -0.7732 0.0736
vn -0.5374 -0.7434 0.3982
vn -0.5531 -0.7553 0.3515
vn -0.5671 -0.7201 0.3998
vn -0.5628 -0.7151 0.4146
vn -0.4934 -0.8218 0.2850
vn -0.4789 -0.8085 0.3421
vn -0.4646 -0.8765 0.1262
vn -0.4277 -0.8832 0.1926
vn -0.4657 -0.8818 0.0740
vn -0.4614 -0.8831 0.0845
vn -0.4773 -0.8711 0.1154
vn -0.4786 -0.8704 0.1160
vn -0.5013 -0.8352 0.2260
vn -0.5031 -0.8353 0.2219
vn -0.5278 -0.7782 0.3403
vn -0.5291 -0.7831 0.3268
vn -0.5325 -0.7516 0.3892
vn -0.5329 -0.7515 0.3889
vn -0.6908 -0.0814 -0.7185
vn -0.2041 0.0431 -0.9780
vn -0.2258 0.0385 -0.9734
vn -0.7227 -0.1279 -0.6793
vn -0.6838 -0.2340 -0.6912
vn -0.6864 -0.3344 -0.6457
vn -0.6370 -0.4969 -0.5894
vn -0.6309 -0.5099 -0.5847
vn -0.5939 -0.6148 -0.5189
vn -0.5948 -0.6121 -0.5211
vn -0.3405 -0.5287 -0.7775
vn -0.4438 -0.7438 -0.4998
vn -0.2541 -0.3032 -0.9184
vn -0.2684 0.1570 -0.9504
vn 0.6121 0.1403 -0.7783
vn 0.6015 0.1737 -0.7798
vn 0.5984 0.1744 -0.7820
vn 0.5681 0.1741 -0.8044
vn 0.6898 -0.0177 -0.7238
vn 0.6774 0.0210 -0.7353
vn 0.7479 -0.1920 -0.6355
vn 0.7531 -0.2052 -0.6250
vn 0.8010 -0.2921 -0.5226
vn 0.8002 -0.3150 -0.5103
vn 0.6195 -0.2297 -0.7507
vn 0.7517 -0.4810 -0.4512
vn 0.5113 -0.2217 -0.8303
vn 0.3282 0.3644 -0.8715
vn 0.0942 0.2073 -0.9737
vn 0.1021 0.2106 -0.9722
vn 0.0091 0.1352 -0.9908
vn -0.0006 0.1299 -0.9915
vn 0.0257 -0.1116 -0.9934
vn 0.0163 -0.1152 -0.9932
vn 0.0641 -0.4224 -0.9041
vn 0.0587 -0.4253 -0.9032
vn 0.1002 -0.5858 -0.8042
vn 0.0978 -0.5873 -0.8035
vn 0.1153 -0.6533 -0.7483
vn 0.1184 -0.6557 -0.7456
vn 0.1264 -0.6596 -0.7409
vn 0.1260 -0.6588 -0.7417
vn -0.1965 0.1718 -0.9653
vn -0.2255 0.1648 -0.9602
vn -0.0069 0.1263 -0.9920
vn 0.0018 0.1275 -0.9918
vn 0.0339 -0.1635 -0.9860
vn 0.0309 -0.1639 -0.9860
vn 0.0731 -0.4688 -0.8803
vn 0.0724 -0.4691 -0.8802
vn 0.1100 -0.6253 -0.7726
vn 0.1090 -0.6258 -0.7723
vn 0.1194 -0.6723 -0.7305
vn 0.1124 -0.6788 -0.7257
vn 0.1258 -0.6648 -0.7364
vn 0.1276 -0.6642 -0.7366
vn -0.0647 -0.9907 -0.1198
vn -0.0659 -0.9901 -0.1241
vn -0.4725 -0.8452 -0.2499
vn -0.3228 -0.9261 -0.1953
vn -0.8918 -0.2777 -0.3572
vn -0.8527 -0.4053 -0.3297
vn -0.9867 -0.1225 -0.1063
vn -0.9883 -0.1221 -0.0917
vn -0.9757 -0.1853 -0.1173
vn -0.9734 -0.1815 -0.1397
vn -0.9466 -0.2635 -0.1856
vn -0.9355 -0.2845 -0.2097
vn -0.9044 -0.3469 -0.2483
vn -0.8932 -0.3697 -0.2560
vn -0.8852 -0.3911 -0.2518
vn -0.8853 -0.3912 -0.2516
vn 0.9487 0.3141 -0.0367
vn 0.9485 0.3168 -0.0016
vn 0.9298 0.3084 -0.2011
vn 0.9245 0.3054 -0.2282
vn 0.9338 0.2519 -0.2542
vn 0.9333 0.2527 -0.2551
vn 0.9617 0.1756 -0.2105
vn 0.9568 0.2155 -0.1954
vn 0.9747 0.2047 -0.0900
vn 0.9607 0.2681 -0.0718
vn 0.7982 0.5922 -0.1106
vn 0.8232 0.5650 -0.0565
vn 0.2003 0.9536 -0.2249
vn 0.2024 0.9578 -0.2039
vn -0.1393 0.9528 -0.2697
vn -0.1304 0.9516 -0.2783
vn -0.9500 -0.3029 -0.0759
vn -0.9497 -0.3049 -0.0714
vn -0.9498 -0.3047 -0.0715
vn -0.9493 -0.3039 -0.0810
vn -0.9489 -0.3042 -0.0841
vn -0.9489 -0.3043 -0.0836
vn -0.9479 -0.3085 -0.0790
vn -0.9495 -0.3049 -0.0742
vn -0.9468 -0.3159 -0.0619
vn -0.9584 0.2597 -0.1184
vn -0.9786 0.1757 -0.1073
vn -0.3798 0.9125 -0.1518
vn -0.3714 0.9161 -0.1510
vn 0.3602 0.9260 -0.1132
vn 0.3624 0.9260 -0.1059
vn 0.8532 0.5182 -0.0595
vn 0.8737 0.4842 -0.0479
vn 0.9912 0.1325 -0.0021
vn 0.9906 0.1365 0.0019
vn 0.9906 0.1366 0.0006
vn 0.9919 0.1268 -0.0046
vn 0.9913 0.1298 -0.0209
vn 0.9936 0.1096 -0.0290
vn 0.9930 0.1075 -0.0486
vn 0.9948 0.0884 -0.0509
vn 0.9928 0.1077 -0.0530
vn -0.9585 -0.2171 -0.1848
vn -0.9628 -0.2145 -0.1641
vn -0.9452 -0.2286 -0.2330
vn -0.9412 -0.2290 -0.2483
vn -0.9142 -0.2410 -0.3258
vn -0.9092 -0.2408 -0.3395
vn -0.8916 -0.2211 -0.3953
vn -0.8889 -0.2108 -0.4067
vn -0.8598 -0.1837 -0.4765
vn -0.8557 -0.1821 -0.4844
vn 0.9156 0.2803 -0.2883
vn 0.9152 0.2795 -0.2905
vn 0.9249 0.2221 -0.3085
vn 0.9209 0.2580 -0.2923
vn 0.9309 0.1616 -0.3277
vn 0.9286 0.1744 -0.3275
vn 0.9342 0.1205 -0.3357
vn 0.9337 0.1194 -0.3377
vn 0.9357 0.0972 -0.3392
vn 0.9353 0.0955 -0.3408
vn -0.3016 -0.4928 -0.8162
vn -0.2542 -0.4927 -0.8322
vn -0.2568 -0.4978 -0.8284
vn -0.3350 -0.4725 -0.8152
vn -0.3726 -0.4531 -0.8098
vn -0.3741 -0.4551 -0.8080
vn 0.1613 0.9205 -0.3559
vn 0.1614 0.9207 -0.3554
vn 0.1465 0.9204 -0.3626
vn 0.1384 0.9212 -0.3636
vn 0.0819 0.9281 -0.3632
vn 0.0719 0.9285 -0.3644
vn -0.0000 0.9344 -0.3562
vn -0.0000 0.9353 -0.3539
vn -0.0819 0.9281 -0.3632
vn -0.0719 0.9285 -0.3644
vn -0.1384 0.9212 -0.3636
vn -0.1465 0.9204 -0.3626
vn -0.1613 0.9205 -0.3560
vn -0.1614 0.9206 -0.3555
vn 0.6041 0.7969 -0.0077
vn 0.6074 0.7943 -0.0079
vn -0.0814 0.9966 -0.0103
vn 0.0703 0.9975 -0.0104
vn -0.9985 0.0550 -0.0011
vn -0.8776 0.4793 -0.0057
vn -0.4973 -0.8675 0.0094
vn -0.6301 -0.7765 0.0082
vn 0.4257 -0.9048 0.0105
vn 0.7387 -0.6740 0.0079
vn 0.9683 -0.2496 0.0035
vn 0.9673 -0.2535 0.0033
vn -0.1546 -0.5310 0.8331
vn -0.1580 -0.5319 0.8320
vn -0.1606 -0.5294 0.8331
vn -0.1616 -0.5302 0.8323
vn -0.1563 -0.5349 0.8303
vn 0.4255 -0.1614 -0.8904
vn 0.4256 -0.1614 -0.8904
vn 0.4255 -0.1614 -0.8905
vn 0.4248 -0.1613 -0.8908
vn 0.1919 0.9545 -0.2281
vn 0.1918 0.9546 -0.2279
vn 0.2300 0.9492 -0.2149
vn 0.2306 0.9490 -0.2149
vn 0.2687 0.9421 -0.2007
vn 0.2688 0.9420 -0.2009
vn 0.0803 -0.9042 -0.4196
vn 0.0804 -0.9040 -0.4198
vn 0.0918 -0.9078 -0.4092
vn 0.0916 -0.9079 -0.4091
vn 0.1013 -0.9123 -0.3968
vn 0.1012 -0.9124 -0.3966
vn 0.9834 -0.1746 0.0495
vn 0.9833 -0.1753 0.0494
vn 0.9627 -0.2489 0.1063
vn 0.9778 -0.1971 0.0706
vn 0.9560 -0.2639 0.1282
vn 0.9563 -0.2626 0.1284
vn 0.7719 0.6297 0.0873
vn 0.7720 0.6296 0.0873
vn 0.7783 0.6270 0.0344
vn 0.7788 0.6266 0.0290
vn 0.7827 0.6219 -0.0237
vn 0.7827 0.6220 -0.0237
vn 0.7805 0.5514 -0.2946
vn 0.7804 0.5515 -0.2947
vn 0.7855 0.5730 -0.2339
vn 0.7851 0.5710 -0.2399
vn 0.7867 0.5908 -0.1790
vn 0.7866 0.5909 -0.1791
vn 0.6043 0.7963 -0.0268
vn 0.6067 0.7944 -0.0273
vn -0.0447 0.9984 -0.0358
vn 0.0039 0.9993 -0.0362
vn -0.9807 0.1952 -0.0090
vn -0.9349 0.3546 -0.0154
vn -0.5511 -0.8339 0.0309
vn -0.6058 -0.7951 0.0292
vn 0.5567 -0.8300 0.0337
vn 0.6648 -0.7464 0.0299
vn 0.9682 -0.2498 0.0120
vn 0.9672 -0.2536 0.0113
vn -0.0524 -0.1811 0.9821
vn -0.0539 -0.1813 0.9819
vn -0.0545 -0.1806 0.9820
vn -0.0550 -0.1809 0.9820
vn -0.0537 -0.1824 0.9818
vn -0.5200 0.7716 0.3662
vn -0.4637 0.6758 0.5729
vn -0.4622 0.6860 0.5620
vn -0.5028 0.7752 0.3825
vn -0.6204 0.7259 0.2968
vn -0.6295 0.7217 0.2878
vn -0.6600 0.7141 0.2333
vn -0.6875 0.6939 0.2144
vn -0.8299 0.4943 0.2588
vn -0.8337 0.4877 0.2589
vn -0.8852 0.3965 0.2434
vn -0.8964 0.3846 0.2203
vn -0.9331 0.3220 0.1603
vn -0.9486 0.2959 0.1121
vn -0.9632 0.2615 0.0630
vn -0.9751 0.2212 0.0174
vn -0.9781 0.2080 0.0028
vn -0.9781 0.2081 0.0028
vn -0.9781 0.2081 0.0029
vn -0.9782 0.2078 0.0028
vn -0.2941 0.8834 -0.3648
vn -0.3421 0.8767 -0.3381
vn -0.2916 0.8837 -0.3661
vn -0.1849 0.8935 -0.4093
vn -0.1777 0.8954 -0.4083
vn -0.0634 0.9468 -0.3155
vn -0.1074 0.9228 -0.3701
vn -0.0571 0.9510 -0.3040
vn -0.0388 0.9514 -0.3056
vn -0.5820 0.3622 0.7281
vn -0.3494 0.7418 0.5725
vn -0.3659 0.7243 0.5844
vn -0.5731 0.3526 0.7398
vn -0.5050 0.3701 0.7798
vn -0.4627 0.3821 0.8000
vn -0.4087 0.3915 0.8245
vn -0.4111 0.3934 0.8223
vn -0.4702 -0.0000 -0.8826
vn -0.5214 -0.0000 -0.8533
vn -0.4620 0.0153 -0.8868
vn -0.1748 0.4380 -0.8818
vn -0.1312 0.3882 -0.9122
vn 0.0716 0.3871 -0.9193
vn 0.0323 0.3190 -0.9472
vn -0.0462 0.2805 -0.9587
vn -0.0958 -0.0481 -0.9942
vn -0.0414 0.0020 -0.9991
vn -0.1836 0.0769 -0.9800
vn -0.0488 0.0573 -0.9972
vn 0.1543 -0.0000 -0.9880
vn 0.0019 -0.0000 -1.0000
vn -0.0062 -0.2142 -0.9768
vn -0.0039 -0.1227 -0.9924
vn -0.0055 -0.1212 -0.9926
vn -0.0091 -0.1848 -0.9827
vn -0.0069 -0.3368 -0.9416
vn -0.0130 -0.3142 -0.9493
vn -0.0133 -0.4062 -0.9137
vn -0.0201 -0.3888 -0.9211
vn -0.0224 -0.4266 -0.9042
vn -0.0294 -0.4215 -0.9064
vn -0.9799 -0.0000 0.1994
vn -0.9909 -0.0000 0.1347
vn -0.9825 -0.0050 0.1864
vn -0.9463 -0.0122 0.3232
vn -0.9447 -0.0265 0.3270
vn -0.9113 -0.0379 0.4100
vn -0.8804 -0.0902 0.4656
vn -0.9328 -0.3599 -0.0197
vn -0.9325 -0.3609 -0.0152
vn -0.9327 -0.3601 -0.0196
vn -0.9345 -0.3545 -0.0333
vn -0.9366 -0.3487 -0.0335
vn -0.9455 -0.3212 -0.0543
vn -0.9679 -0.2416 0.0690
vn -0.9876 -0.1569 0.0103
vn -0.9956 -0.0922 0.0180
vn -0.9968 -0.0731 -0.0309
vn -0.9969 -0.0771 -0.0164
vn -0.9971 -0.0682 -0.0341
vn 0.1237 0.6463 0.7530
vn 0.1225 0.6476 0.7521
vn 0.1164 0.5374 0.8352
vn 0.1165 0.5057 0.8548
vn 0.1000 0.3011 0.9483
vn 0.1023 0.2718 0.9569
vn 0.0713 -0.0161 0.9973
vn 0.0681 -0.0790 0.9945
vn 0.0104 -0.4526 0.8917
vn 0.0040 -0.4961 0.8683
vn -0.0676 -0.8074 0.5861
vn -0.0745 -0.8370 0.5421
vn -0.1279 -0.9803 0.1505
vn -0.1236 -0.9852 0.1190
vn -0.1354 -0.9766 -0.1673
vn -0.1295 -0.9763 -0.1736
vn -0.1338 -0.8897 -0.4364
vn -0.1344 -0.9045 -0.4048
vn -0.1348 -0.7177 -0.6832
vn -0.1436 -0.7618 -0.6318
vn -0.1425 -0.5504 -0.8226
vn -0.1566 -0.5922 -0.7904
vn -0.1795 -0.5442 -0.8195
vn -0.1745 -0.5263 -0.8322
vn -0.1710 -0.7244 -0.6679
vn -0.1338 -0.6510 -0.7472
vn -0.1601 -0.9192 -0.3597
vn -0.1582 -0.9058 -0.3930
vn -0.1579 -0.9843 -0.0784
vn -0.1577 -0.9859 -0.0551
vn -0.1715 -0.9813 0.0878
vn -0.1739 -0.9805 0.0921
vn -0.1902 -0.9365 0.2945
vn -0.1950 -0.9356 0.2942
vn -0.1872 -0.8173 0.5449
vn -0.1921 -0.8245 0.5322
vn -0.1805 -0.7917 0.5836
vn -0.1712 -0.7901 0.5886
vn -0.2571 -0.8501 0.4595
vn -0.2692 -0.8527 0.4476
vn -0.3307 -0.8991 0.2869
vn -0.3323 -0.9011 0.2784
vn -0.3249 -0.9318 0.1618
vn -0.3283 -0.9314 0.1569
vn -0.2936 -0.9348 0.1996
vn -0.2808 -0.9365 0.2103
vn -0.2466 -0.9053 0.3458
vn -0.2343 -0.9053 0.3543
vn -0.1898 -0.8484 0.4942
vn -0.1867 -0.8443 0.5024
vn -0.1684 -0.8115 0.5596
vn -0.1650 -0.8145 0.5563
vn -0.9311 0.3488 0.1069
vn -0.9343 0.3470 0.0817
vn -0.9309 0.3489 0.1080
vn -0.9266 0.3514 0.1336
vn -0.9265 0.3514 0.1347
vn -0.9250 0.3526 0.1419
vn -0.9321 0.3300 0.1493
vn -0.9286 0.3373 0.1548
vn -0.9240 0.3608 0.1267
vn -0.9559 0.2506 0.1535
vn -0.9448 0.2982 0.1356
vn -0.9573 0.2566 0.1335
vn -0.9753 0.1586 0.1537
vn -0.9708 0.2226 0.0895
vn -0.9931 -0.1144 -0.0240
vn -0.9848 0.1711 0.0286
vn -0.9879 -0.0974 -0.1203
vn -0.9919 0.1205 -0.0392
vn -0.9229 -0.3543 -0.1507
vn -0.9151 -0.4000 0.0517
vn -0.9188 -0.2816 -0.2766
vn -0.9407 -0.3351 -0.0538
vn -0.9310 -0.3505 0.1016
vn -0.9754 -0.0294 -0.2185
vn -0.9896 0.0904 -0.1123
vn -0.9000 -0.1639 -0.4039
vn -0.9261 -0.0435 -0.3748
vn -0.8647 -0.1431 -0.4815
vn -0.9466 -0.3223 -0.0116
vn -0.9484 -0.3154 -0.0318
vn -0.9512 -0.3077 0.0222
vn -0.9513 -0.2957 0.0867
vn -0.9605 -0.2753 0.0417
vn -0.9571 -0.2728 0.0971
vn -0.9506 -0.3102 -0.0130
vn -0.9748 0.1931 -0.1118
vn -0.9373 0.1348 -0.3214
vn -0.9250 -0.3787 0.0315
vn -0.8317 -0.5437 0.1128
vn -0.8114 -0.5351 0.2354
vn -0.9856 0.0973 0.1382
vn -0.8925 0.4478 0.0541
vn -0.8903 -0.3986 0.2202
vn -0.7663 -0.5317 0.3607
vn -0.8562 -0.3943 0.3338
vn -0.7046 -0.5175 0.4855
vn -0.9761 0.1262 0.1770
vn -0.8644 0.5027 0.0131
vn -0.8132 -0.3766 0.4437
vn -0.7337 -0.4882 0.4726
vn -0.9629 0.1751 0.2055
vn -0.8805 0.4732 0.0292
vn -0.8744 -0.3050 0.3774
vn -0.8450 -0.4781 0.2395
vn -0.9343 0.3036 0.1869
vn -0.9339 0.3030 0.1895
vn -0.8609 0.5024 0.0801
vn -0.9689 -0.1528 0.1944
vn -0.9476 -0.3030 0.1015
vn -0.9524 0.2868 0.1033
vn -0.9899 0.0892 0.1099
vn -0.8239 0.5522 0.1276
vn -0.5401 0.8375 0.0824
vn -0.9388 -0.3444 0.0057
vn -0.6806 0.7295 0.0676
vn -0.4265 0.9043 0.0166
vn -0.6370 0.7694 0.0476
vn -0.9949 0.0932 0.0391
vn -0.7530 0.6543 0.0698
vn -0.5380 0.8387 0.0849
vn -0.9927 0.1160 0.0333
vn -0.9622 -0.2660 -0.0580
vn -0.7175 0.6912 0.0862
vn -0.6222 0.7693 0.1450
vn -0.6452 0.7499 0.1461
vn -0.6500 0.7463 0.1434
vn -0.8186 0.5563 0.1429
vn -0.9976 -0.0688 -0.0058
vn -0.9387 -0.3088 -0.1534
vn -0.9981 0.0591 -0.0159
vn -0.9858 -0.1249 -0.1121
vn -0.9164 -0.2734 -0.2924
vn -0.9348 -0.2879 -0.2082
vn -0.9949 -0.0197 -0.0987
vn -0.9954 -0.0153 -0.0950
vn -0.9974 0.0602 -0.0400
vn -0.9968 0.0658 -0.0451
vn -0.9443 -0.2729 -0.1841
vn -0.9364 -0.2874 -0.2015
vn -0.8919 -0.4056 -0.2002
vn -0.9368 -0.2760 -0.2151
vn -0.8964 -0.4009 -0.1888
vn -0.8401 -0.5283 -0.1235
vn -0.9200 -0.3590 -0.1575
vn -0.9275 -0.3481 -0.1360
vn -0.8553 -0.5111 -0.0846
vn -0.8087 -0.5881 -0.0113
vn -0.8946 -0.4424 -0.0629
vn -0.9104 -0.4033 -0.0924
vn -0.8323 -0.5543 0.0083
vn -0.8141 -0.5663 0.1289
vn -0.8734 -0.4867 0.0161
vn -0.8902 -0.4555 -0.0126
vn -0.8334 -0.5353 0.1376
vn -0.8040 -0.4942 0.3306
vn -0.8717 -0.4756 0.1177
vn -0.8907 -0.4456 0.0903
vn -0.8221 -0.4756 0.3129
vn -0.7754 -0.3624 0.5170
vn -0.8710 -0.4293 0.2389
vn -0.8962 -0.4000 0.1916
vn -0.8034 -0.3550 0.4780
vn -0.7510 -0.1486 0.6433
vn -0.8726 -0.3377 0.3529
vn -0.9038 -0.3247 0.2788
vn -0.7873 -0.1635 0.5945
vn -0.7175 0.0589 0.6941
vn -0.8748 -0.2047 0.4391
vn -0.9113 -0.2194 0.3484
vn -0.7750 0.0237 0.6315
vn -0.7593 0.2451 0.6028
vn -0.8788 -0.0441 0.4751
vn -0.9167 -0.0772 0.3922
vn -0.8110 0.2165 0.5435
vn -0.8309 0.4131 0.3728
vn -0.8873 0.1537 0.4349
vn -0.9037 0.1381 0.4052
vn -0.8428 0.4118 0.3466
vn -0.8739 0.3689 0.3165
vn -0.8842 0.3302 0.3305
vn -0.7270 0.6608 0.1865
vn -0.8718 0.4396 0.2163
vn -0.6447 0.7464 0.1647
vn -0.0447 -0.9313 0.3616
vn -0.0604 -0.9117 0.4063
vn -0.1882 -0.3747 0.9078
vn -0.1795 -0.2035 0.9625
vn -0.1797 0.6666 0.7234
vn -0.1683 0.5700 0.8042
vn -0.5875 0.0792 -0.8053
vn -0.4536 -0.4115 -0.7905
vn -0.3251 -0.6098 -0.7228
vn -0.5993 0.1177 -0.7918
vn -0.5637 0.5840 -0.5841
vn -0.5453 0.7053 -0.4530
vn -0.8538 0.5203 0.0180
vn -0.8489 0.5262 0.0504
vn -0.7983 0.5666 0.2043
vn -0.7934 0.5596 0.2397
vn -0.7698 0.6106 0.1860
vn -0.7698 0.6130 0.1781
vn -0.8021 0.5839 0.1253
vn -0.8042 0.5812 0.1244
vn -0.8446 0.5279 0.0892
vn -0.8471 0.5236 0.0906
vn -0.8755 0.4758 0.0849
vn -0.8783 0.4703 0.0862
vn -0.9026 0.4156 0.1123
vn -0.9065 0.4074 0.1110
vn -0.9355 0.3282 0.1312
vn -0.9394 0.3180 0.1277
vn -0.9707 0.2353 0.0497
vn -0.9728 0.2246 0.0560
vn -0.9645 0.2109 -0.1589
vn -0.9676 0.2015 -0.1522
vn -0.9071 0.2693 -0.3235
vn -0.9064 0.2666 -0.3277
vn -0.7072 0.4939 -0.5059
vn -0.6706 0.5249 -0.5242
vn -0.4428 0.6788 -0.5858
vn -0.4418 0.6771 -0.5885
vn 0.3712 -0.9254 0.0766
vn 0.3725 -0.9261 0.0604
vn 0.3794 -0.9230 -0.0646
vn 0.5293 -0.8269 -0.1900
vn 0.6455 -0.7077 -0.2873
vn 0.5294 -0.8268 -0.1901
vn 0.5438 -0.7761 -0.3193
vn 0.5368 -0.7773 -0.3280
vn 0.4726 -0.8356 -0.2801
vn 0.4658 -0.8381 -0.2840
vn 0.3768 -0.9009 -0.2156
vn 0.3676 -0.9032 -0.2217
vn 0.2835 -0.9560 -0.0757
vn 0.2742 -0.9581 -0.0824
vn 0.2185 -0.9706 0.1014
vn 0.2107 -0.9722 0.1024
vn 0.1810 -0.9484 0.2605
vn 0.1762 -0.9474 0.2671
vn 0.1625 -0.9132 0.3738
vn 0.1600 -0.9109 0.3804
vn 0.1628 -0.8796 0.4469
vn 0.1643 -0.8768 0.4519
vn 0.2293 -0.8339 0.5020
vn 0.2485 -0.8257 0.5064
vn 0.4439 -0.7378 0.5085
vn 0.5009 -0.7295 0.4658
vn 0.5973 -0.7175 0.3583
vn 0.5923 -0.7423 0.3134
vn 0.5923 -0.7423 0.3135
vn -0.1003 -0.2778 -0.9554
vn -0.1163 -0.2198 -0.9686
vn -0.0577 -0.1869 -0.9807
vn -0.0874 -0.3201 -0.9434
vn 0.1276 0.2580 0.9577
vn -0.0887 -0.3274 -0.9407
vn -0.0880 -0.3281 -0.9406
vn -0.1550 -0.4013 -0.9027
vn -0.1826 -0.4193 -0.8893
vn -0.3944 -0.5545 -0.7328
vn -0.3947 -0.5445 -0.7401
vn -0.5421 -0.7020 -0.4618
vn -0.5288 -0.6879 -0.4971
vn -0.6578 -0.7367 -0.1568
vn -0.6512 -0.7310 -0.2039
vn -0.7208 -0.6896 0.0705
vn -0.7242 -0.6882 0.0444
vn -0.7551 -0.6111 0.2374
vn -0.7608 -0.6066 0.2308
vn -0.7650 -0.5216 0.3777
vn -0.7677 -0.5137 0.3830
vn -0.7505 -0.4272 0.5042
vn -0.7491 -0.4165 0.5151
vn -0.7098 -0.3319 0.6212
vn -0.7008 -0.3190 0.6381
vn -0.6186 -0.2518 0.7442
vn -0.5827 -0.2355 0.7778
vn -0.4406 -0.1861 0.8782
vn -0.3272 -0.1418 0.9342
vn -0.2250 -0.0993 0.9693
vn -0.2545 -0.0755 0.9641
vn -0.1880 -0.1027 0.9768
vn -0.1451 -0.1168 0.9825
vn -0.3553 0.7035 0.6155
vn -0.3571 0.6907 0.6288
vn -0.3488 0.8054 0.4792
vn -0.3913 0.4442 0.8060
vn -0.3969 0.4076 0.8224
vn -0.4414 0.1980 0.8752
vn -0.4488 0.1658 0.8781
vn -0.5228 -0.0703 0.8496
vn -0.5352 -0.1352 0.8338
vn -0.6112 -0.3921 0.6875
vn -0.6187 -0.4213 0.6631
vn -0.6790 -0.6006 0.4222
vn -0.6816 -0.6050 0.4115
vn -0.6989 -0.7026 0.1337
vn -0.6990 -0.7005 0.1437
vn -0.6943 -0.7178 -0.0512
vn -0.6929 -0.7195 -0.0470
vn -0.6909 -0.6888 -0.2195
vn -0.6883 -0.6915 -0.2195
vn -0.6862 -0.6013 -0.4094
vn -0.6827 -0.6048 -0.4101
vn -0.6814 -0.4659 -0.5645
vn -0.6838 -0.4618 -0.5650
vn -0.8143 -0.4124 -0.4085
vn -0.8059 -0.3752 -0.4580
vn -0.8426 -0.4754 -0.2530
vn -0.7845 -0.4834 -0.3884
vn -0.7973 -0.5812 -0.1626
vn -0.7804 -0.5816 -0.2296
vn -0.7772 -0.6291 -0.0118
vn -0.7730 -0.6333 -0.0371
vn -0.7892 -0.6067 0.0954
vn -0.7895 -0.6064 0.0946
vn -0.7764 -0.5892 0.2237
vn -0.7676 -0.5863 0.2589
vn -0.7250 -0.5492 0.4157
vn -0.6875 -0.5382 0.4875
vn -0.6182 -0.5701 0.5411
vn -0.6314 -0.5797 0.5150
vn -0.6649 -0.6171 0.4208
vn -0.6765 -0.6242 0.3907
vn -0.7146 -0.6459 0.2686
vn -0.7186 -0.6480 0.2524
vn -0.7351 -0.6580 0.1635
vn -0.7439 -0.6484 0.1617
vn -0.8725 -0.4300 0.2320
vn -0.8769 -0.4203 0.2333
vn -0.8460 -0.3979 0.3549
vn -0.8459 -0.3987 0.3542
vn -0.8118 -0.3598 0.4599
vn -0.8098 -0.3568 0.4657
vn -0.7927 -0.5241 0.3113
vn -0.8024 -0.4429 0.4000
vn -0.7343 -0.6707 0.1045
vn -0.9818 -0.1855 0.0416
vn -0.9844 -0.1726 0.0348
vn -0.9840 -0.1748 0.0342
vn -0.9822 -0.1831 0.0417
vn -0.9816 -0.1833 0.0532
vn -0.9827 -0.1773 0.0530
vn -0.9847 -0.1672 0.0484
vn -0.9857 -0.1621 0.0459
vn -0.9872 -0.1582 0.0182
vn -0.9878 -0.1551 0.0143
vn -0.9855 -0.1686 -0.0214
vn -0.9855 -0.1681 -0.0234
vn -0.9806 -0.1913 -0.0429
vn -0.9808 -0.1907 -0.0407
vn -0.9767 -0.2107 -0.0414
vn -0.9779 -0.2061 -0.0349
vn -0.9760 -0.2167 -0.0237
vn -0.9787 -0.2048 -0.0148
vn -0.9799 -0.1995 0.0013
vn -0.9831 -0.1831 0.0077
vn -0.9850 -0.1721 0.0142
vn -0.9875 -0.1564 0.0180
vn -0.3881 0.6602 0.6430
vn -0.3974 0.6495 0.6482
vn -0.3963 0.6499 0.6486
vn -0.3896 0.6585 0.6439
vn -0.4627 0.6428 0.6105
vn -0.4659 0.6416 0.6093
vn -0.5032 0.5416 0.6734
vn -0.4995 0.5082 0.7016
vn -0.5028 0.5054 0.7012
vn -0.5081 0.5235 0.6839
vn -0.5002 0.5655 0.6558
vn -0.5007 0.5650 0.6558
vn -0.6096 -0.5847 -0.5353
vn -0.6099 -0.5852 -0.5344
vn -0.6098 -0.5853 -0.5344
vn -0.6090 -0.5849 -0.5357
vn -0.5784 -0.6048 -0.5473
vn -0.5776 -0.6054 -0.5476
vn -0.3914 -0.8229 -0.4119
vn -0.3432 -0.8219 -0.4546
vn -0.3927 -0.8229 -0.4106
vn -0.4637 -0.8205 -0.3344
vn -0.4639 -0.8206 -0.3339
vn -0.4904 -0.8187 -0.2986
vn -0.6035 -0.7619 0.2352
vn -0.6377 -0.7420 0.2067
vn -0.6316 -0.7470 0.2075
vn -0.5986 -0.7648 0.2382
vn -0.5778 -0.7653 0.2837
vn -0.5789 -0.7652 0.2817
vn -0.5518 -0.7702 0.3198
vn -0.5558 -0.7693 0.3151
vn -0.5406 -0.7724 0.3335
vn -0.5407 -0.7723 0.3335
vn -0.3588 0.4058 -0.8406
vn -0.3590 0.4046 -0.8411
vn -0.4525 0.4625 -0.7625
vn -0.4383 0.4617 -0.7711
vn -0.6038 0.4976 -0.6227
vn -0.5944 0.4972 -0.6321
vn -0.7156 0.5331 -0.4514
vn -0.7053 0.5412 -0.4579
vn -0.6004 0.7615 -0.2444
vn -0.5824 0.7792 -0.2319
vn -0.2131 -0.8050 -0.5537
vn -0.2500 -0.8168 -0.5200
vn -0.2487 -0.8152 -0.5231
vn -0.3006 -0.8296 -0.4705
vn -0.3301 -0.8326 -0.4448
vn -0.2199 -0.8619 -0.4570
vn -0.2262 -0.8687 -0.4406
vn -0.2032 -0.8262 -0.5255
vn -0.2046 -0.8171 -0.5390
vn -0.9857 0.1068 -0.1302
vn -0.9842 0.1334 -0.1165
vn -0.9837 0.1301 -0.1240
vn -0.9823 0.0001 -0.1872
vn -0.9857 0.0947 -0.1393
vn -0.9774 0.1683 -0.1282
vn -0.9750 0.1940 -0.1087
vn -0.9807 0.1590 -0.1141
vn -0.9768 0.2059 -0.0586
vn -0.9774 0.2009 -0.0664
vn -0.9729 0.2199 -0.0718
vn -0.9659 0.2514 -0.0629
vn -0.9537 0.2921 -0.0715
vn -0.9377 0.3438 -0.0495
vn -0.9254 0.3709 -0.0773
vn -0.9112 0.4051 -0.0744
vn -0.8876 0.4464 -0.1135
vn -0.6579 0.6940 -0.2924
vn -0.6562 0.6955 -0.2926
vn -0.6834 0.6456 -0.3408
vn -0.6847 0.6545 -0.3207
vn -0.7515 0.5424 -0.3756
vn -0.7814 0.5453 -0.3035
vn -0.7939 0.5552 -0.2479
vn 0.3931 0.3259 -0.8598
vn 0.2634 0.2719 -0.9256
vn 0.2634 0.2718 -0.9256
vn 0.3992 0.3286 -0.8559
vn 0.6154 0.4120 -0.6720
vn 0.6211 0.4152 -0.6647
vn 0.7663 0.4657 -0.4427
vn 0.7698 0.4686 -0.4334
vn 0.8490 0.4907 -0.1963
vn 0.8498 0.4930 -0.1866
vn 0.8698 0.4903 0.0555
vn 0.8683 0.4919 0.0645
vn 0.8311 0.4650 0.3050
vn 0.8279 0.4656 0.3127
vn 0.7319 0.4135 0.5416
vn 0.7277 0.4132 0.5475
vn 0.5714 0.3351 0.7491
vn 0.5669 0.3339 0.7531
vn 0.3538 0.2317 0.9062
vn 0.3492 0.2298 0.9084
vn 0.2268 0.1711 0.9588
vn 0.2266 0.1711 0.9588
vn -0.4415 -0.0447 -0.8961
vn -0.3175 0.0140 -0.9482
vn -0.3182 0.0132 -0.9479
vn -0.4390 -0.0443 -0.8974
vn -0.6485 -0.1489 -0.7465
vn -0.6454 -0.1486 -0.7492
vn -0.7979 -0.2293 -0.5575
vn -0.7953 -0.2295 -0.5611
vn -0.8954 -0.2867 -0.3406
vn -0.8938 -0.2875 -0.3443
vn -0.9242 -0.3074 -0.2266
vn -0.9243 -0.3094 -0.2236
vn -0.8501 -0.3017 0.4317
vn -0.9009 -0.3202 0.2929
vn -0.8996 -0.3214 0.2958
vn -0.8496 -0.3030 0.4317
vn -0.6934 -0.2393 0.6796
vn -0.6918 -0.2397 0.6811
vn -0.4674 -0.1426 0.8725
vn -0.4644 -0.1418 0.8742
vn -0.1958 -0.0218 0.9804
vn -0.1917 -0.0202 0.9812
vn -0.0499 0.0432 0.9978
vn -0.0498 0.0432 0.9978
vn -0.4122 0.9111 0.0062
vn -0.4133 0.9106 0.0036
vn -0.4131 0.9107 0.0045
vn -0.4121 0.9111 0.0071
vn -0.4107 0.9117 0.0097
vn -0.4105 0.9118 0.0102
vn -0.4087 0.9126 0.0124
vn -0.4083 0.9127 0.0125
vn -0.4062 0.9136 0.0144
vn -0.4057 0.9139 0.0142
vn -0.4038 0.9147 0.0155
vn -0.4031 0.9150 0.0153
vn -0.4012 0.9159 0.0159
vn -0.4005 0.9162 0.0158
vn -0.3987 0.9169 0.0158
vn -0.3983 0.9171 0.0159
vn -0.3969 0.9177 0.0151
vn -0.3970 0.9177 0.0152
vn -0.3956 0.9183 0.0140
vn -0.3960 0.9182 0.0138
vn -0.3958 0.9183 0.0126
vn -0.3963 0.9181 0.0120
vn -0.4123 0.9110 -0.0018
vn -0.4124 0.9110 0.0002
vn -0.4129 0.9108 -0.0004
vn -0.4129 0.9108 -0.0020
vn -0.4113 0.9115 -0.0034
vn -0.4113 0.9115 -0.0033
vn -0.4093 0.9124 -0.0038
vn -0.4088 0.9126 -0.0037
vn -0.4070 0.9134 -0.0034
vn -0.4063 0.9137 -0.0034
vn -0.4046 0.9145 -0.0033
vn -0.4039 0.9148 -0.0034
vn -0.3994 0.9168 0.0021
vn -0.4010 0.9161 0.0016
vn -0.4007 0.9162 0.0013
vn -0.3992 0.9169 0.0022
vn -0.3976 0.9176 0.0047
vn -0.3975 0.9176 0.0051
vn -0.3963 0.9181 0.0069
vn -0.3962 0.9181 0.0076
vn -0.3957 0.9183 0.0096
vn -0.3955 0.9184 0.0104
vn -0.3951 0.9185 0.0113
vn -0.3949 0.9187 0.0119
vn -0.3035 0.8824 -0.3595
vn -0.3576 0.8576 -0.3696
vn -0.3576 0.8574 -0.3700
vn -0.3052 0.8816 -0.3601
vn -0.2025 0.9252 -0.3210
vn -0.2001 0.9261 -0.3198
vn -0.1136 0.9598 -0.2567
vn -0.1088 0.9616 -0.2520
vn -0.0434 0.9843 -0.1709
vn -0.0412 0.9852 -0.1661
vn 0.0130 0.9995 -0.0279
vn -0.0439 0.9844 -0.1706
vn -0.0120 0.9929 -0.1180
vn 0.0039 0.9981 -0.0613
vn 0.0169 0.9991 0.0384
vn 0.0133 0.9995 -0.0279
vn 0.0169 0.9989 0.0440
vn 0.0007 0.9895 0.1446
vn 0.0005 0.9894 0.1452
vn -0.0485 0.9696 0.2398
vn -0.0458 0.9707 0.2360
vn -0.1260 0.9403 0.3161
vn -0.1189 0.9430 0.3109
vn -0.2259 0.9028 0.3660
vn -0.2165 0.9064 0.3628
vn -0.3368 0.8584 0.3870
vn -0.3296 0.8612 0.3869
vn -0.4488 0.8098 0.3779
vn -0.4472 0.8103 0.3786
vn -0.5522 0.7611 0.3403
vn -0.5558 0.7592 0.3386
vn -0.6394 0.7172 0.2770
vn -0.6447 0.7145 0.2719
vn -0.7045 0.6831 0.1927
vn -0.7081 0.6812 0.1860
vn -0.7425 0.6633 0.0932
vn -0.7435 0.6629 0.0880
vn -0.7514 0.6598 -0.0136
vn -0.7510 0.6601 -0.0151
vn -0.7297 0.6732 -0.1194
vn -0.7304 0.6730 -0.1168
vn -0.6802 0.7007 -0.2152
vn -0.6836 0.6990 -0.2101
vn -0.6056 0.7402 -0.2921
vn -0.6116 0.7371 -0.2873
vn -0.5133 0.7860 -0.3446
vn -0.5203 0.7825 -0.3421
vn -0.4661 0.8070 -0.3627
vn -0.4662 0.8069 -0.3629
vn -0.3254 0.8992 -0.2924
vn -0.3696 0.8789 -0.3017
vn -0.3707 0.8781 -0.3026
vn -0.3276 0.8980 -0.2936
vn -0.2425 0.9342 -0.2617
vn -0.2408 0.9347 -0.2614
vn -0.1697 0.9629 -0.2097
vn -0.1656 0.9644 -0.2061
vn -0.1122 0.9838 -0.1398
vn -0.1083 0.9852 -0.1332
vn -0.0752 0.9955 -0.0570
vn -0.0734 0.9960 -0.0500
vn -0.0626 0.9975 0.0317
vn -0.0628 0.9974 0.0363
vn -0.0768 0.9899 0.1190
vn -0.0772 0.9898 0.1194
vn -0.1177 0.9732 0.1975
vn -0.1156 0.9741 0.1943
vn -0.1822 0.9483 0.2598
vn -0.1765 0.9505 0.2556
vn -0.2640 0.9164 0.3008
vn -0.2558 0.9195 0.2984
vn -0.3549 0.8793 0.3175
vn -0.3477 0.8820 0.3181
vn -0.4462 0.8396 0.3098
vn -0.4431 0.8405 0.3118
vn -0.5305 0.8004 0.2792
vn -0.5322 0.7991 0.2796
vn -0.6020 0.7652 0.2282
vn -0.6060 0.7630 0.2249
vn -0.6560 0.7376 0.1598
vn -0.6591 0.7362 0.1537
vn -0.6883 0.7211 0.0787
vn -0.6889 0.7212 0.0725
vn -0.6962 0.7178 -0.0093
vn -0.6949 0.7190 -0.0126
vn -0.6786 0.7281 -0.0968
vn -0.6778 0.7289 -0.0961
vn -0.6368 0.7508 -0.1757
vn -0.6388 0.7499 -0.1720
vn -0.5747 0.7827 -0.2389
vn -0.5800 0.7800 -0.2349
vn -0.4977 0.8205 -0.2810
vn -0.5046 0.8170 -0.2791
vn -0.4592 0.8377 -0.2956
vn -0.4608 0.8366 -0.2962
vn 0.1480 0.5923 -0.7920
vn 0.1481 0.5925 -0.7918
vn 0.0318 0.7338 -0.6786
vn 0.0383 0.7264 -0.6863
vn -0.2406 0.9238 -0.2980
vn -0.2455 0.9253 -0.2890
vn -0.5004 0.8080 0.3110
vn -0.4905 0.8270 0.2747
vn -0.5470 0.4495 0.7063
vn -0.5444 0.4178 0.7274
vn -0.5125 0.2242 0.8289
vn -0.5126 0.2242 0.8288
vn 0.7792 0.5960 0.1942
vn 0.7520 0.6248 0.2100
vn 0.7527 0.6238 0.2107
vn 0.7783 0.5964 0.1963
vn 0.8008 0.5713 0.1799
vn 0.8011 0.5705 0.1808
vn 0.6858 0.5377 0.4904
vn 0.6698 0.5740 0.4710
vn 0.6716 0.5733 0.4693
vn 0.6867 0.5371 0.4899
vn 0.6945 0.5034 0.5140
vn 0.6947 0.5035 0.5137
vn -0.9038 -0.3731 -0.2094
vn -0.8931 -0.4074 -0.1906
vn -0.8936 -0.4068 -0.1897
vn -0.9040 -0.3740 -0.2070
vn -0.9155 -0.3330 -0.2259
vn -0.9163 -0.3313 -0.2251
vn -0.8071 -0.3169 -0.4982
vn -0.8273 -0.2812 -0.4863
vn -0.8277 -0.2834 -0.4843
vn -0.8051 -0.3203 -0.4993
vn -0.7834 -0.3458 -0.5164
vn -0.7837 -0.3461 -0.5159
vn -0.8701 -0.3605 -0.3360
vn -0.9338 0.3543 -0.0493
vn -0.9363 0.3469 -0.0544
vn -0.9257 -0.2361 -0.2954
vn 0.2136 -0.9166 -0.3379
vn 0.0315 -0.9247 -0.3795
vn 0.9543 -0.2875 0.0817
vn 0.9520 -0.2962 0.0772
vn 0.5660 0.7112 0.4170
vn 0.3819 0.8206 0.4251
vn -0.1600 0.9218 0.3530
vn -0.1562 0.9219 0.3546
vn 0.4534 0.2917 -0.8422
vn 0.4524 0.2932 -0.8422
vn 0.4527 0.2905 -0.8430
vn 0.4534 0.2901 -0.8428
vn 0.4546 0.2926 -0.8413
vn 0.6102 -0.7912 -0.0406
vn 0.6090 -0.7922 -0.0402
vn 0.6147 -0.7879 -0.0377
vn 0.6082 -0.7930 -0.0360
vn 0.5663 -0.8237 -0.0308
vn 0.5371 -0.8435 -0.0093
vn 0.3735 -0.9276 0.0067
vn 0.3563 -0.9343 0.0128
vn 0.3532 -0.9355 -0.0049
vn 0.3512 -0.9363 -0.0037
vn 0.3404 -0.9403 -0.0033
vn 0.3402 -0.9404 -0.0022
vn 0.3371 -0.9415 -0.0029
vn 0.3415 -0.9399 -0.0016
vn 0.3841 -0.9233 0.0068
vn 0.3948 -0.9187 0.0118
vn 0.4170 -0.9089 0.0056
vn 0.4300 -0.9028 0.0111
vn 0.5032 -0.8637 0.0271
vn 0.5199 -0.8536 0.0331
vn -0.2217 -0.2801 0.9340
vn -0.1771 -0.1130 0.9777
vn -0.1511 -0.1988 0.9683
vn -0.0283 -0.6379 0.7696
vn -0.2779 -0.1828 0.9430
vn -0.2614 -0.2945 0.9192
vn -0.2927 -0.0845 0.9525
vn -0.1656 -0.0171 0.9860
vn -0.0386 -0.0010 0.9993
vn -0.1790 -0.4493 -0.8753
vn -0.0734 -0.2158 -0.9737
vn -0.3343 -0.3515 -0.8744
vn -0.2807 -0.3974 -0.8737
vn -0.3925 -0.2811 -0.8757
vn -0.1433 -0.3816 -0.9132
vn -0.0544 -0.1690 -0.9841
vn -0.2601 -0.2988 -0.9182
vn -0.2598 -0.2152 -0.9414
vn -0.3109 -0.1729 -0.9346
vn -0.3063 -0.0851 -0.9481
vn -0.1815 -0.1180 -0.9763
vn -0.1239 -0.1615 -0.9791
vn -0.8856 0.4618 0.0490
vn -0.8844 0.4623 0.0638
vn -0.8839 0.4650 0.0492
vn -0.8967 0.4386 0.0594
vn -0.9035 0.4247 -0.0567
vn -0.8858 0.4506 0.1105
vn -0.8953 0.4322 0.1075
vn -0.8922 0.4374 0.1122
vn -0.8820 0.4573 0.1143
vn -0.8619 0.4945 0.1120
vn -0.8622 0.4942 0.1113
vn -0.8866 0.4484 0.1134
vn -0.8780 0.4632 0.1203
vn -0.8840 0.4594 0.0870
vn -0.8697 0.4883 0.0724
vn -0.8659 0.4952 0.0712
vn -0.8825 0.4697 0.0243
vn -0.8714 0.4506 0.1940
vn -0.8882 0.4501 0.0923
vn -0.8905 0.4268 0.1577
vn -0.8779 0.4730 0.0748
vn -0.8922 0.4509 0.0256
vn -0.8741 0.4804 0.0719
vn -0.9105 0.4077 0.0695
vn -0.8993 0.4366 0.0239
vn -0.8825 0.4702 0.0132
vn -0.8820 0.4711 0.0115
vn -0.8993 0.4372 0.0048
vn -0.9107 0.4112 0.0394
vn -0.9097 0.4153 0.0018
vn -0.9255 0.3755 0.0488
vn -0.8982 0.4393 -0.0150
vn -0.9207 0.3684 0.1289
vn -0.8729 0.4878 0.0083
vn -0.9274 0.3713 0.0449
vn -0.8864 0.4623 0.0250
vn -0.8946 0.4422 0.0645
vn -0.9266 0.3715 0.0585
vn -0.9434 0.3274 0.0529
vn -0.9467 0.3180 0.0518
vn 0.0856 -0.9963 -0.0047
vn 0.0852 -0.9964 -0.0051
vn 0.0515 -0.9987 -0.0029
vn 0.0499 -0.9987 -0.0026
vn 0.0210 -0.9998 -0.0011
vn 0.0210 -0.9998 -0.0010
vn -0.1252 -0.1816 -0.9754
vn -0.1427 -0.1158 -0.9830
vn -0.1785 -0.2954 -0.9385
vn -0.0153 -0.6204 -0.7842
vn -0.2243 -0.2099 -0.9516
vn -0.2048 -0.3291 -0.9218
vn -0.2339 -0.1249 -0.9642
vn -0.1381 -0.0420 -0.9895
vn -0.0265 -0.0051 -0.9996
vn -0.0477 -0.1844 0.9817
vn -0.1283 -0.4445 0.8865
vn -0.2344 -0.3645 0.9012
vn -0.1917 -0.4053 0.8938
vn -0.2657 -0.3242 0.9079
vn -0.0423 -0.1540 0.9872
vn -0.1173 -0.3774 0.9186
vn -0.2093 -0.3024 0.9299
vn -0.2023 -0.2367 0.9503
vn -0.2449 -0.1937 0.9500
vn -0.2374 -0.1160 0.9645
vn -0.1498 -0.1220 0.9812
vn -0.0929 -0.1671 0.9815
vn 0.0477 -0.9989 -0.0027
vn 0.0819 -0.9966 -0.0047
vn 0.0816 -0.9967 -0.0044
vn 0.0492 -0.9988 -0.0026
vn 0.0198 -0.9998 -0.0010
vn 0.0197 -0.9998 -0.0009
vn 0.9069 -0.4047 -0.1176
vn 0.9167 -0.3922 -0.0760
vn 0.9234 -0.3818 -0.0399
vn 0.8510 -0.4892 0.1908
vn 0.9307 -0.3659 0.0005
vn 0.7350 -0.5756 0.3585
vn 0.3003 -0.6668 0.6821
vn -0.2058 0.0546 -0.9771
vn -0.1128 -0.0483 -0.9924
vn -0.1129 -0.0483 -0.9924
vn -0.2095 0.0584 -0.9761
vn -0.3811 0.2534 -0.8891
vn -0.3863 0.2581 -0.8855
vn -0.5297 0.4245 -0.7343
vn -0.5354 0.4288 -0.7276
vn -0.6437 0.5582 -0.5235
vn -0.6489 0.5612 -0.5138
vn -0.7150 0.6460 -0.2674
vn -0.7185 0.6470 -0.2553
vn -0.7343 0.6786 0.0180
vn -0.7351 0.6772 0.0309
vn -0.6954 0.6498 0.3070
vn -0.6934 0.6462 0.3189
vn -0.6008 0.5615 0.5690
vn -0.5966 0.5564 0.5784
vn -0.4617 0.4242 0.7790
vn -0.4565 0.4187 0.7851
vn -0.3766 0.3391 0.8621
vn -0.3765 0.3389 0.8622
vn 0.3385 -0.5366 -0.7730
vn 0.2590 -0.4527 -0.8532
vn 0.2599 -0.4530 -0.8528
vn 0.3376 -0.5347 -0.7746
vn 0.4712 -0.6703 -0.5733
vn 0.4701 -0.6678 -0.5772
vn 0.5631 -0.7560 -0.3336
vn 0.5626 -0.7538 -0.3395
vn 0.6097 -0.7899 -0.0656
vn 0.6103 -0.7888 -0.0727
vn 0.6150 -0.7855 0.0685
vn 0.6162 -0.7843 0.0724
vn 0.4263 -0.5386 0.7268
vn 0.4933 -0.6182 0.6120
vn 0.4930 -0.6156 0.6149
vn 0.4290 -0.5398 0.7243
vn 0.2679 -0.3551 0.8956
vn 0.2690 -0.3550 0.8953
vn 0.0858 -0.1517 0.9847
vn 0.0845 -0.1497 0.9851
vn -0.1036 0.0532 0.9932
vn -0.1070 0.0571 0.9926
vn -0.1986 0.1550 0.9678
vn -0.1986 0.1550 0.9677
vn -0.7312 -0.6820 -0.0133
vn -0.7297 -0.6835 -0.0162
vn -0.7300 -0.6832 -0.0152
vn -0.7315 -0.6818 -0.0124
vn -0.7334 -0.6798 -0.0097
vn -0.7334 -0.6797 -0.0093
vn -0.7356 -0.6774 -0.0068
vn -0.7357 -0.6772 -0.0071
vn -0.7381 -0.6747 -0.0056
vn -0.7384 -0.6743 -0.0064
vn -0.7404 -0.6722 -0.0051
vn -0.7409 -0.6716 -0.0058
vn -0.7424 -0.6699 -0.0058
vn -0.7430 -0.6693 -0.0062
vn -0.7441 -0.6680 -0.0070
vn -0.7445 -0.6676 -0.0071
vn -0.7455 -0.6664 -0.0085
vn -0.7456 -0.6663 -0.0085
vn -0.7463 -0.6656 -0.0103
vn -0.7460 -0.6659 -0.0105
vn -0.7457 -0.6662 -0.0121
vn -0.7452 -0.6668 -0.0126
vn -0.7289 -0.6842 -0.0233
vn -0.7297 -0.6835 -0.0207
vn -0.7290 -0.6841 -0.0213
vn -0.7285 -0.6847 -0.0235
vn -0.7293 -0.6837 -0.0258
vn -0.7294 -0.6836 -0.0258
vn -0.7307 -0.6821 -0.0271
vn -0.7313 -0.6815 -0.0273
vn -0.7329 -0.6797 -0.0274
vn -0.7336 -0.6790 -0.0279
vn -0.7349 -0.6776 -0.0282
vn -0.7355 -0.6769 -0.0287
vn -0.7405 -0.6716 -0.0236
vn -0.7391 -0.6731 -0.0241
vn -0.7392 -0.6730 -0.0245
vn -0.7405 -0.6716 -0.0238
vn -0.7425 -0.6695 -0.0215
vn -0.7425 -0.6695 -0.0212
vn -0.7440 -0.6679 -0.0190
vn -0.7442 -0.6677 -0.0182
vn -0.7451 -0.6668 -0.0160
vn -0.7454 -0.6664 -0.0153
vn -0.7460 -0.6658 -0.0140
vn -0.7464 -0.6654 -0.0134
vn -0.6227 -0.6251 -0.4707
vn -0.5787 -0.6719 -0.4623
vn -0.5785 -0.6719 -0.4625
vn -0.6212 -0.6265 -0.4707
vn -0.7085 -0.5310 -0.4648
vn -0.7071 -0.5324 -0.4653
vn -0.7910 -0.4420 -0.4229
vn -0.7904 -0.4427 -0.4235
vn -0.8636 -0.3645 -0.3484
vn -0.8641 -0.3639 -0.3476
vn -0.9203 -0.3035 -0.2469
vn -0.9215 -0.3022 -0.2439
vn -0.9562 -0.2643 -0.1257
vn -0.9571 -0.2633 -0.1210
vn -0.9680 -0.2508 0.0059
vn -0.9680 -0.2509 0.0105
vn -0.9537 -0.2673 0.1377
vn -0.9531 -0.2680 0.1405
vn -0.9143 -0.3117 0.2587
vn -0.9140 -0.3120 0.2592
vn -0.8518 -0.3827 0.3577
vn -0.8525 -0.3819 0.3570
vn -0.7718 -0.4713 0.4268
vn -0.7729 -0.4698 0.4264
vn -0.6811 -0.5690 0.4607
vn -0.6820 -0.5677 0.4610
vn -0.5882 -0.6671 0.4571
vn -0.5885 -0.6664 0.4577
vn -0.5019 -0.7584 0.4158
vn -0.5023 -0.7579 0.4163
vn -0.4301 -0.8362 0.3404
vn -0.4308 -0.8355 0.3412
vn -0.3773 -0.8951 0.2374
vn -0.3782 -0.8943 0.2390
vn -0.3488 -0.9304 0.1131
vn -0.3497 -0.9298 0.1151
vn -0.3453 -0.9382 -0.0215
vn -0.3457 -0.9381 -0.0197
vn -0.3647 -0.9182 -0.1546
vn -0.3647 -0.9184 -0.1538
vn -0.4058 -0.8715 -0.2753
vn -0.4056 -0.8717 -0.2751
vn -0.4655 -0.8027 -0.3729
vn -0.4652 -0.8029 -0.3728
vn -0.4980 -0.7620 -0.4139
vn -0.4979 -0.7620 -0.4141
vn -0.6553 -0.6440 -0.3946
vn -0.6188 -0.6829 -0.3883
vn -0.6173 -0.6839 -0.3889
vn -0.6531 -0.6459 -0.3952
vn -0.7266 -0.5656 -0.3901
vn -0.7249 -0.5671 -0.3910
vn -0.7950 -0.4916 -0.3555
vn -0.7943 -0.4923 -0.3561
vn -0.8551 -0.4272 -0.2939
vn -0.8554 -0.4269 -0.2933
vn -0.9021 -0.3770 -0.2097
vn -0.9031 -0.3762 -0.2073
vn -0.9321 -0.3453 -0.1091
vn -0.9327 -0.3449 -0.1052
vn -0.9420 -0.3356 0.0003
vn -0.9419 -0.3359 0.0041
vn -0.9304 -0.3497 0.1099
vn -0.9298 -0.3505 0.1123
vn -0.8974 -0.3877 0.2105
vn -0.8972 -0.3880 0.2110
vn -0.8455 -0.4462 0.2932
vn -0.8464 -0.4450 0.2926
vn -0.7791 -0.5196 0.3507
vn -0.7808 -0.5171 0.3506
vn -0.7042 -0.6007 0.3785
vn -0.7061 -0.5978 0.3796
vn -0.6279 -0.6819 0.3751
vn -0.6293 -0.6795 0.3771
vn -0.5568 -0.7572 0.3415
vn -0.5576 -0.7560 0.3429
vn -0.4969 -0.8214 0.2799
vn -0.4975 -0.8211 0.2799
vn -0.4530 -0.8700 0.1946
vn -0.4540 -0.8698 0.1934
vn -0.4280 -0.8991 0.0917
vn -0.4294 -0.8986 0.0901
vn -0.4236 -0.9056 -0.0200
vn -0.4250 -0.9049 -0.0211
vn -0.4397 -0.8886 -0.1310
vn -0.4405 -0.8881 -0.1316
vn -0.4743 -0.8494 -0.2315
vn -0.4742 -0.8494 -0.2315
vn -0.5246 -0.7919 -0.3127
vn -0.5233 -0.7928 -0.3125
vn -0.5516 -0.7585 -0.3470
vn -0.5498 -0.7598 -0.3470
vn -0.3581 -0.1921 -0.9137
vn -0.3582 -0.1920 -0.9137
vn -0.4824 -0.3161 -0.8169
vn -0.4712 -0.3050 -0.8276
vn -0.7112 -0.5796 -0.3979
vn -0.7091 -0.5759 -0.4069
vn -0.6643 -0.6484 0.3718
vn -0.6737 -0.6535 0.3451
vn -0.3454 -0.4276 0.8354
vn -0.3274 -0.4138 0.8495
vn -0.1779 -0.2915 0.9399
vn -0.1779 -0.2916 0.9399
vn -0.8132 0.5731 -0.1015
vn -0.8317 0.5487 -0.0855
vn -0.8310 0.5498 -0.0848
vn -0.8088 0.5784 -0.1062
vn -0.7926 0.5968 -0.1249
vn -0.7924 0.5972 -0.1243
vn -0.7783 0.5727 0.2572
vn -0.8060 0.5445 0.2319
vn -0.8057 0.5462 0.2294
vn -0.7851 0.5677 0.2475
vn -0.7569 0.5903 0.2803
vn -0.7570 0.5904 0.2799
vn 0.6630 -0.7426 0.0954
vn 0.6820 -0.7222 0.1148
vn 0.6816 -0.7225 0.1155
vn 0.6571 -0.7484 0.0899
vn 0.6336 -0.7704 0.0711
vn 0.6322 -0.7715 0.0719
vn 0.6335 -0.7286 -0.2605
vn 0.6056 -0.7570 -0.2453
vn 0.6077 -0.7563 -0.2422
vn 0.6309 -0.7330 -0.2542
vn 0.6502 -0.7064 -0.2797
vn 0.6504 -0.7064 -0.2792
vn 0.6758 -0.7342 -0.0649
vn 0.0148 -0.9844 0.1753
vn 0.0239 -0.9850 0.1710
vn 0.5345 -0.8451 -0.0031
vn 0.8565 0.4025 -0.3231
vn 0.9201 0.2375 -0.3114
vn -0.0106 0.9843 -0.1761
vn -0.0712 0.9847 -0.1591
vn -0.9006 0.3899 0.1918
vn -0.9525 0.1782 0.2470
vn -0.8870 -0.3318 0.3211
vn -0.8885 -0.3273 0.3217
vn -0.1997 0.1115 -0.9735
vn -0.2004 0.1107 -0.9734
vn -0.1987 0.1113 -0.9737
vn -0.1988 0.1118 -0.9737
vn -0.2006 0.1123 -0.9732
vn -0.0321 0.0325 0.9990
vn -0.0345 0.2460 0.9687
vn -0.0346 0.2452 0.9688
vn -0.0330 0.0882 0.9956
vn -0.0252 -0.3086 0.9509
vn -0.0260 -0.2828 0.9588
vn -0.0157 -0.5970 0.8021
vn -0.0157 -0.5982 0.8012
vn -0.0046 -0.8195 0.5730
vn -0.0036 -0.8356 0.5493
vn 0.0073 -0.9601 0.2796
vn 0.0092 -0.9733 0.2292
vn 0.0187 -0.9986 -0.0488
vn 0.0207 -0.9931 -0.1155
vn 0.0280 -0.9279 -0.3718
vn 0.0297 -0.8989 -0.4372
vn 0.0345 -0.7548 -0.6551
vn 0.0354 -0.7062 -0.7071
vn 0.0373 -0.4873 -0.8725
vn 0.0375 -0.4286 -0.9027
vn 0.0357 -0.1402 -0.9895
vn 0.0352 -0.0882 -0.9955
vn 0.0291 0.2414 -0.9700
vn 0.0284 0.2691 -0.9627
vn 0.0183 0.5862 -0.8100
vn 0.0183 0.5865 -0.8097
vn 0.0056 0.8364 -0.5481
vn 0.0065 0.8227 -0.5685
vn -0.0070 0.9720 -0.2349
vn -0.0055 0.9609 -0.2768
vn -0.0182 0.9953 0.0954
vn -0.0164 0.9992 0.0370
vn -0.0274 0.9066 0.4210
vn -0.0257 0.9346 0.3548
vn -0.0335 0.7006 0.7127
vn -0.0325 0.7558 0.6539
vn -0.0348 0.5915 0.8056
vn -0.0348 0.5913 0.8057
vn -0.6606 -0.0091 0.7507
vn -0.6659 -0.0032 0.7460
vn -0.6450 -0.1057 0.7569
vn -0.6374 -0.1222 0.7608
vn -0.5987 -0.3163 0.7359
vn -0.5938 -0.3215 0.7376
vn -0.5642 -0.5078 0.6510
vn -0.5631 -0.5007 0.6575
vn -0.5466 -0.6669 0.5063
vn -0.5472 -0.6523 0.5245
vn -0.5452 -0.7789 0.3099
vn -0.5443 -0.7666 0.3408
vn -0.5575 -0.8262 0.0813
vn -0.5538 -0.8245 0.1163
vn -0.5843 -0.7973 -0.1513
vn -0.5787 -0.8062 -0.1232
vn -0.6286 -0.6896 -0.3596
vn -0.6237 -0.7020 -0.3438
vn -0.6904 -0.5050 -0.5181
vn -0.6884 -0.5134 -0.5125
vn -0.7609 -0.2544 -0.5969
vn -0.7619 -0.2561 -0.5949
vn -0.8219 0.0280 -0.5689
vn -0.8241 0.0294 -0.5657
vn -0.8559 0.2826 -0.4331
vn -0.8583 0.2836 -0.4277
vn -0.8612 0.4552 -0.2259
vn -0.8609 0.4593 -0.2187
vn -0.8427 0.5379 0.0249
vn -0.8440 0.5361 0.0127
vn -0.8150 0.5294 0.2357
vn -0.8140 0.5213 0.2564
vn -0.7809 0.4460 0.4373
vn -0.7777 0.4288 0.4597
vn -0.7411 0.2997 0.6008
vn -0.7353 0.2759 0.6190
vn -0.7115 0.1993 0.6738
vn -0.7105 0.1985 0.6751
vn 0.9012 0.4326 -0.0274
vn 0.9167 0.3995 0.0036
vn 0.9167 0.3996 0.0042
vn 0.9004 0.4341 -0.0282
vn 0.8692 0.4839 -0.1021
vn 0.8692 0.4839 -0.1016
vn 0.8441 0.5008 -0.1916
vn 0.8450 0.5007 -0.1876
vn 0.8285 0.4818 -0.2855
vn 0.8294 0.4842 -0.2787
vn 0.8229 0.4291 -0.3725
vn 0.8230 0.4340 -0.3665
vn 0.8259 0.3490 -0.4427
vn 0.8253 0.3533 -0.4406
vn 0.8355 0.2507 -0.4890
vn 0.8349 0.2500 -0.4904
vn 0.8501 0.1441 -0.5066
vn 0.8503 0.1375 -0.5080
vn 0.8688 0.0409 -0.4934
vn 0.8700 0.0324 -0.4920
vn 0.8919 -0.0460 -0.4500
vn 0.8935 -0.0515 -0.4461
vn 0.9196 -0.1034 -0.3790
vn 0.9211 -0.1042 -0.3751
vn 0.9495 -0.1236 -0.2883
vn 0.9505 -0.1212 -0.2862
vn 0.9768 -0.1035 -0.1877
vn 0.9772 -0.1003 -0.1873
vn 0.9948 -0.0468 -0.0910
vn 0.9948 -0.0445 -0.0916
vn 0.9991 0.0394 -0.0122
vn 0.9991 0.0398 -0.0134
vn 0.9889 0.1443 0.0359
vn 0.9891 0.1433 0.0352
vn 0.9662 0.2535 0.0471
vn 0.9663 0.2532 0.0474
vn 0.9506 0.3070 0.0446
vn 0.9507 0.3069 0.0452
vn 0.0697 0.9791 -0.1912
vn -0.6087 0.7788 -0.1516
vn -0.6064 0.7806 -0.1517
vn -0.0389 0.9807 -0.1917
vn 0.9911 0.1302 -0.0263
vn 0.9131 0.3999 -0.0793
vn 0.5367 -0.8281 0.1622
vn 0.6135 -0.7750 0.1516
vn -0.4995 -0.8499 0.1678
vn -0.7028 -0.6979 0.1377
vn -0.9687 -0.2433 0.0489
vn -0.9677 -0.2471 0.0493
vn 0.1187 -0.1763 0.9772
vn 0.1155 -0.1758 0.9776
vn 0.1201 -0.1746 0.9773
vn 0.1211 -0.1754 0.9770
vn 0.1181 -0.1787 0.9768
vn 0.0681 0.9976 -0.0153
vn -0.6070 0.7946 -0.0117
vn -0.6043 0.7966 -0.0115
vn -0.0400 0.9991 -0.0155
vn 0.9932 0.1165 -0.0027
vn 0.9050 0.4252 -0.0077
vn 0.5241 -0.8515 0.0135
vn 0.6200 -0.7845 0.0123
vn -0.4855 -0.8741 0.0151
vn -0.7086 -0.7055 0.0122
vn -0.9683 -0.2499 0.0052
vn -0.9674 -0.2533 0.0049
vn 0.1168 -0.3928 0.9122
vn 0.1136 -0.3924 0.9128
vn 0.1182 -0.3911 0.9127
vn 0.1193 -0.3918 0.9123
vn 0.1162 -0.3949 0.9113
vn -0.5939 0.3507 0.7241
vn -0.6217 0.2921 0.7268
vn -0.5847 0.3326 0.7399
vn -0.6100 0.4101 0.6780
vn -0.6329 0.4376 0.6387
vn -0.5290 0.8219 0.2113
vn -0.5193 0.8272 0.2149
vn -0.6071 0.7744 0.1783
vn -0.5237 0.8381 0.1526
vn -0.5190 0.8396 0.1601
vn -0.5236 0.8415 0.1328
vn -0.5247 0.8409 0.1328
vn -0.5273 0.8421 0.1133
vn -0.5279 0.8418 0.1126
vn -0.5397 0.8385 0.0744
vn -0.5382 0.8397 0.0723
vn -0.5257 0.8490 0.0536
vn -0.5209 0.8518 0.0554
vn 0.1222 0.6454 0.7540
vn 0.1220 0.6454 0.7540
vn 0.1163 0.5294 0.8404
vn 0.1147 0.5040 0.8560
vn 0.1000 0.2875 0.9526
vn 0.0989 0.2683 0.9582
vn 0.0715 -0.0381 0.9967
vn 0.0664 -0.0814 0.9945
vn 0.0102 -0.4625 0.8865
vn 0.0040 -0.4964 0.8681
vn -0.0682 -0.8081 0.5850
vn -0.0765 -0.8378 0.5406
vn -0.1259 -0.9802 0.1529
vn -0.1290 -0.9853 0.1119
vn -0.1315 -0.9768 -0.1690
vn -0.1308 -0.9756 -0.1763
vn -0.1330 -0.8905 -0.4352
vn -0.1329 -0.9051 -0.4040
vn -0.1367 -0.7192 -0.6813
vn -0.1129 -0.7530 -0.6483
vn 0.2102 -0.4394 -0.8733
vn 0.2183 -0.4264 -0.8778
vn 0.1792 -0.4309 -0.8844
vn 0.1729 -0.4380 -0.8822
vn 0.2059 -0.6174 -0.7592
vn 0.2237 -0.6611 -0.7162
vn 0.3213 -0.8611 -0.3940
vn 0.3327 -0.8751 -0.3513
vn 0.3825 -0.9220 -0.0599
vn 0.4136 -0.9036 -0.1117
vn 0.3878 -0.9184 0.0787
vn 0.4916 -0.8708 -0.0043
vn 0.2267 -0.9037 0.3633
vn 0.6299 -0.7732 0.0735
vn 0.5372 -0.7435 0.3983
vn 0.5529 -0.7554 0.3516
vn 0.5674 -0.7200 0.3997
vn 0.5631 -0.7150 0.4145
vn 0.4934 -0.8218 0.2850
vn 0.4789 -0.8085 0.3421
vn 0.4646 -0.8765 0.1262
vn 0.4277 -0.8832 0.1926
vn 0.4657 -0.8818 0.0740
vn 0.4614 -0.8831 0.0845
vn 0.4771 -0.8712 0.1154
vn 0.4784 -0.8704 0.1161
vn 0.5015 -0.8352 0.2259
vn 0.5033 -0.8352 0.2218
vn 0.5278 -0.7782 0.3403
vn 0.5291 -0.7831 0.3268
vn 0.5325 -0.7516 0.3892
vn 0.5329 -0.7515 0.3889
vn 0.2258 0.0385 -0.9734
vn 0.2041 0.0431 -0.9780
vn 0.6908 -0.0814 -0.7184
vn 0.7227 -0.1279 -0.6792
vn 0.6840 -0.2340 -0.6910
vn 0.6866 -0.3344 -0.6455
vn 0.6372 -0.4969 -0.5892
vn 0.6311 -0.5099 -0.5845
vn 0.5937 -0.6149 -0.5190
vn 0.5946 -0.6122 -0.5212
vn 0.3405 -0.5287 -0.7775
vn 0.4438 -0.7438 -0.4998
vn 0.2540 -0.3032 -0.9185
vn 0.2683 0.1570 -0.9504
vn -0.5984 0.1744 -0.7820
vn -0.6015 0.1737 -0.7798
vn -0.6121 0.1403 -0.7783
vn -0.5681 0.1741 -0.8044
vn -0.6896 -0.0177 -0.7240
vn -0.6772 0.0209 -0.7355
vn -0.7478 -0.1920 -0.6355
vn -0.7531 -0.2052 -0.6250
vn -0.8010 -0.2921 -0.5226
vn -0.8002 -0.3150 -0.5103
vn -0.6195 -0.2296 -0.7506
vn -0.7520 -0.4808 -0.4510
vn -0.5113 -0.2217 -0.8303
vn -0.3282 0.3645 -0.8715
vn -0.0091 0.1352 -0.9908
vn -0.1021 0.2106 -0.9722
vn -0.0941 0.2073 -0.9737
vn 0.0006 0.1299 -0.9915
vn -0.0257 -0.1116 -0.9934
vn -0.0163 -0.1152 -0.9932
vn -0.0640 -0.4224 -0.9041
vn -0.0587 -0.4253 -0.9032
vn -0.1003 -0.5858 -0.8042
vn -0.0978 -0.5873 -0.8035
vn -0.1153 -0.6533 -0.7483
vn -0.1184 -0.6557 -0.7456
vn -0.1263 -0.6596 -0.7409
vn -0.1260 -0.6588 -0.7417
vn 0.0069 0.1263 -0.9920
vn 0.2255 0.1648 -0.9602
vn 0.1965 0.1718 -0.9653
vn -0.0018 0.1275 -0.9918
vn -0.0339 -0.1635 -0.9860
vn -0.0309 -0.1639 -0.9860
vn -0.0732 -0.4688 -0.8803
vn -0.0724 -0.4691 -0.8802
vn -0.1100 -0.6253 -0.7726
vn -0.1090 -0.6258 -0.7723
vn -0.1194 -0.6724 -0.7305
vn -0.1125 -0.6788 -0.7257
vn -0.1258 -0.6648 -0.7364
vn -0.1276 -0.6643 -0.7365
vn 0.4724 -0.8453 -0.2498
vn 0.0659 -0.9901 -0.1241
vn 0.0647 -0.9907 -0.1198
vn 0.3228 -0.9261 -0.1953
vn 0.8917 -0.2778 -0.3573
vn 0.8526 -0.4052 -0.3298
vn 0.9868 -0.1225 -0.1064
vn 0.9883 -0.1221 -0.0917
vn 0.9757 -0.1853 -0.1173
vn 0.9734 -0.1815 -0.1397
vn 0.9466 -0.2635 -0.1857
vn 0.9354 -0.2846 -0.2098
vn 0.9045 -0.3469 -0.2482
vn 0.8932 -0.3697 -0.2560
vn 0.8852 -0.3911 -0.2519
vn 0.8852 -0.3911 -0.2518
vn -0.9298 0.3085 -0.2009
vn -0.9485 0.3168 -0.0014
vn -0.9487 0.3140 -0.0365
vn -0.9245 0.3054 -0.2281
vn -0.9338 0.2518 -0.2543
vn -0.9333 0.2526 -0.2552
vn -0.9617 0.1758 -0.2103
vn -0.9568 0.2156 -0.1953
vn -0.9747 0.2045 -0.0901
vn -0.9608 0.2679 -0.0720
vn -0.7982 0.5922 -0.1107
vn -0.8231 0.5651 -0.0565
vn -0.2003 0.9536 -0.2249
vn -0.2022 0.9579 -0.2039
vn 0.1393 0.9528 -0.2697
vn 0.1304 0.9516 -0.2783
vn 0.9498 -0.3047 -0.0714
vn 0.9500 -0.3029 -0.0759
vn 0.9498 -0.3046 -0.0714
vn 0.9493 -0.3039 -0.0810
vn 0.9489 -0.3042 -0.0842
vn 0.9489 -0.3043 -0.0836
vn 0.9479 -0.3086 -0.0790
vn 0.9495 -0.3049 -0.0742
vn 0.9468 -0.3159 -0.0619
vn 0.9584 0.2597 -0.1184
vn 0.9786 0.1757 -0.1073
vn 0.3798 0.9125 -0.1518
vn 0.3714 0.9161 -0.1510
vn -0.3602 0.9260 -0.1132
vn -0.3624 0.9260 -0.1059
vn -0.8532 0.5182 -0.0595
vn -0.8737 0.4842 -0.0479
vn -0.9912 0.1324 -0.0021
vn -0.9906 0.1365 0.0019
vn -0.9906 0.1366 0.0006
vn -0.9919 0.1268 -0.0045
vn -0.9913 0.1298 -0.0209
vn -0.9936 0.1096 -0.0290
vn -0.9930 0.1073 -0.0487
vn -0.9948 0.0883 -0.0510
vn -0.9928 0.1074 -0.0531
vn 0.9452 -0.2286 -0.2330
vn 0.9628 -0.2144 -0.1642
vn 0.9585 -0.2170 -0.1849
vn 0.9412 -0.2290 -0.2483
vn 0.9142 -0.2411 -0.3257
vn 0.9092 -0.2409 -0.3395
vn 0.8916 -0.2211 -0.3953
vn 0.8889 -0.2108 -0.4068
vn 0.8597 -0.1836 -0.4767
vn 0.8556 -0.1820 -0.4846
vn -0.9250 0.2223 -0.3081
vn -0.9152 0.2794 -0.2906
vn -0.9156 0.2802 -0.2882
vn -0.9209 0.2581 -0.2920
vn -0.9309 0.1615 -0.3277
vn -0.9286 0.1744 -0.3275
vn -0.9343 0.1207 -0.3354
vn -0.9337 0.1195 -0.3374
vn -0.9357 0.0971 -0.3390
vn -0.9353 0.0954 -0.3407
vn 0.2568 -0.4979 -0.8283
vn 0.2543 -0.4928 -0.8322
vn 0.3015 -0.4929 -0.8162
vn 0.3349 -0.4726 -0.8152
vn 0.3726 -0.4532 -0.8098
vn 0.3741 -0.4552 -0.8080
vn 0.0814 0.9966 -0.0104
vn -0.6074 0.7943 -0.0079
vn -0.6037 0.7971 -0.0077
vn -0.0701 0.9975 -0.0104
vn 0.9985 0.0555 -0.0012
vn 0.8776 0.4793 -0.0058
vn 0.4975 -0.8674 0.0094
vn 0.6301 -0.7765 0.0082
vn -0.4256 -0.9049 0.0105
vn -0.7387 -0.6740 0.0079
vn -0.9682 -0.2503 0.0035
vn -0.9673 -0.2535 0.0033
vn 0.1580 -0.5319 0.8319
vn 0.1543 -0.5311 0.8331
vn 0.1607 -0.5293 0.8330
vn 0.1618 -0.5302 0.8323
vn 0.1562 -0.5351 0.8302
vn -0.4255 -0.1614 -0.8904
vn -0.4248 -0.1613 -0.8908
vn -0.4255 -0.1614 -0.8905
vn -0.4256 -0.1614 -0.8904
vn -0.2300 0.9491 -0.2151
vn -0.1918 0.9546 -0.2279
vn -0.1919 0.9545 -0.2281
vn -0.2306 0.9490 -0.2150
vn -0.2688 0.9420 -0.2009
vn -0.2689 0.9419 -0.2011
vn -0.0918 -0.9078 -0.4093
vn -0.0804 -0.9040 -0.4198
vn -0.0803 -0.9042 -0.4196
vn -0.0917 -0.9079 -0.4091
vn -0.1013 -0.9123 -0.3967
vn -0.1012 -0.9124 -0.3966
vn -0.9625 -0.2498 0.1061
vn -0.9833 -0.1752 0.0493
vn -0.9834 -0.1746 0.0494
vn -0.9777 -0.1981 0.0703
vn -0.9558 -0.2649 0.1280
vn -0.9561 -0.2635 0.1282
vn -0.7783 0.6270 0.0344
vn -0.7719 0.6297 0.0875
vn -0.7788 0.6266 0.0290
vn -0.7827 0.6219 -0.0239
vn -0.7852 0.5733 -0.2340
vn -0.7808 0.5512 -0.2943
vn -0.7806 0.5513 -0.2944
vn -0.7848 0.5713 -0.2401
vn -0.7866 0.5909 -0.1789
vn 0.0450 0.9983 -0.0357
vn -0.6065 0.7946 -0.0273
vn -0.6043 0.7963 -0.0268
vn -0.0038 0.9993 -0.0362
vn 0.9807 0.1953 -0.0091
vn 0.9349 0.3547 -0.0154
vn 0.5512 -0.8338 0.0308
vn 0.6058 -0.7951 0.0292
vn -0.5565 -0.8301 0.0337
vn -0.6650 -0.7462 0.0299
vn -0.9681 -0.2501 0.0119
vn -0.9674 -0.2531 0.0114
vn 0.0539 -0.1813 0.9819
vn 0.0524 -0.1811 0.9821
vn 0.0544 -0.1806 0.9821
vn 0.0550 -0.1810 0.9820
vn 0.0537 -0.1824 0.9818
vn 0.9807 0.1954 -0.0091
vn 0.4038 0.9148 0.0072
vn 0.3166 0.9483 -0.0201
vn 0.3174 0.9466 0.0559
vn 0.3315 0.9404 0.0755
vn 0.4037 0.9148 0.0072
vn 0.3506 0.9322 0.0897
vn 0.3735 0.9225 0.0979
vn 0.4507 0.8891 0.0795
vn 0.4718 0.8797 0.0592
vn 0.4869 0.8728 0.0335
vn 0.4853 0.8733 -0.0436
vn 0.4038 0.9148 0.0071
vn 0.4716 0.8796 -0.0622
vn 0.4532 0.8882 -0.0756
vn 0.3787 0.9222 -0.0783
vn 0.3530 0.9334 -0.0646
vn 0.3316 0.9424 -0.0445
vn 0.3094 0.9507 0.0190
vn 0.3096 0.9503 0.0323
vn 0.3092 0.9510 0.0065
vn 0.3991 0.9115 0.0993
vn 0.4124 0.9059 0.0963
vn 0.4253 0.9002 0.0934
vn 0.4940 0.8694 0.0061
vn 0.4936 0.8696 -0.0067
vn 0.4931 0.8697 -0.0206
vn 0.4309 0.8985 -0.0832
vn 0.4172 0.9049 -0.0839
vn 0.4051 0.9104 -0.0844
vn 0.7382 -0.6744 -0.0153
vn 0.7937 -0.6025 -0.0839
vn 0.7382 -0.6744 -0.0152
vn 0.8115 -0.5843 0.0110
vn 0.8053 -0.5915 0.0406
vn 0.7937 -0.6047 0.0663
vn 0.7777 -0.6227 0.0859
vn 0.7131 -0.6947 0.0943
vn 0.6913 -0.7184 0.0776
vn 0.7382 -0.6745 -0.0152
vn 0.6728 -0.7380 0.0518
vn 0.6543 -0.7549 -0.0443
vn 0.6606 -0.7472 -0.0733
vn 0.6718 -0.7344 -0.0971
vn 0.7306 -0.6702 -0.1306
vn 0.7543 -0.6446 -0.1241
vn 0.7760 -0.6215 -0.1081
vn 0.8090 -0.5865 -0.0379
vn 0.8119 -0.5834 -0.0216
vn 0.8060 -0.5895 -0.0541
vn 0.7583 -0.6445 0.0979
vn 0.7474 -0.6569 0.0996
vn 0.7365 -0.6689 0.1011
vn 0.6601 -0.7509 0.0206
vn 0.6571 -0.7538 0.0042
vn 0.6539 -0.7565 -0.0126
vn 0.6876 -0.7168 -0.1155
vn 0.6980 -0.7057 -0.1215
vn 0.7079 -0.6947 -0.1274
vn -0.3166 0.9484 -0.0201
vn -0.4038 0.9148 0.0072
vn -0.3174 0.9466 0.0559
vn -0.4037 0.9149 0.0072
vn -0.3315 0.9404 0.0755
vn -0.3505 0.9322 0.0897
vn -0.4037 0.9148 0.0072
vn -0.3736 0.9224 0.0979
vn -0.4507 0.8891 0.0795
vn -0.4718 0.8797 0.0592
vn -0.4868 0.8728 0.0336
vn -0.4852 0.8733 -0.0437
vn -0.4716 0.8796 -0.0622
vn -0.4038 0.9148 0.0071
vn -0.4532 0.8882 -0.0756
vn -0.3787 0.9222 -0.0783
vn -0.3530 0.9334 -0.0645
vn -0.3316 0.9424 -0.0446
vn -0.3094 0.9507 0.0190
vn -0.3096 0.9503 0.0323
vn -0.3092 0.9510 0.0065
vn -0.3990 0.9115 0.0993
vn -0.4124 0.9059 0.0963
vn -0.4254 0.9002 0.0933
vn -0.4940 0.8695 0.0061
vn -0.4936 0.8697 -0.0067
vn -0.4931 0.8697 -0.0206
vn -0.4309 0.8985 -0.0832
vn -0.4173 0.9049 -0.0839
vn -0.4052 0.9103 -0.0844
vn -0.7939 -0.6023 -0.0837
vn -0.7382 -0.6744 -0.0153
vn -0.8115 -0.5842 0.0107
vn -0.7382 -0.6744 -0.0152
vn -0.8052 -0.5916 0.0409
vn -0.7939 -0.6045 0.0661
vn -0.7777 -0.6227 0.0859
vn -0.7131 -0.6947 0.0944
vn -0.6912 -0.7184 0.0776
vn -0.6727 -0.7381 0.0518
vn -0.7382 -0.6745 -0.0152
vn -0.6543 -0.7549 -0.0446
vn -0.6605 -0.7473 -0.0731
vn -0.6718 -0.7344 -0.0971
vn -0.7307 -0.6701 -0.1306
vn -0.7544 -0.6446 -0.1241
vn -0.7758 -0.6216 -0.1083
vn -0.8090 -0.5865 -0.0379
vn -0.8119 -0.5834 -0.0213
vn -0.8059 -0.5895 -0.0543
vn -0.7583 -0.6445 0.0979
vn -0.7473 -0.6570 0.0996
vn -0.7363 -0.6691 0.1012
vn -0.6601 -0.7509 0.0209
vn -0.6572 -0.7537 0.0043
vn -0.6539 -0.7565 -0.0126
vn -0.6878 -0.7167 -0.1157
vn -0.6979 -0.7057 -0.1216
vn -0.7077 -0.6949 -0.1274
vn 0.9987 0.0001 -0.0506
vn 0.9987 -0.0000 -0.0506
vn 0.9987 0.0009 -0.0506
vn 0.9987 0.0008 -0.0506
vn 0.9987 0.0002 -0.0506
vn -0.2761 -0.0000 -0.9611
vn 0.2761 -0.0000 -0.9611
vn -0.1646 -0.9852 0.0488
vn -0.1687 -0.9854 0.0238
vn -0.2332 -0.9714 0.0440
vn -0.2058 -0.9769 0.0576
vn -0.3446 -0.7892 0.5083
vn -0.4337 -0.4135 0.8006
vn -0.1960 -0.9785 0.0635
vn -0.7062 -0.5654 -0.4261
vn -0.6828 -0.6034 -0.4119
vn -0.0000 -0.8052 -0.5930
vn -0.0000 -0.7740 -0.6332
vn 0.7062 -0.5654 -0.4261
vn 0.6828 -0.6034 -0.4119
vn -0.5062 -0.4284 -0.7485
vn -0.4782 -0.4584 -0.7491
vn -0.0000 -0.5100 -0.8602
vn -0.0000 -0.4834 -0.8754
vn 0.5061 -0.4285 -0.7485
vn 0.4781 -0.4584 -0.7492
vn -0.8559 -0.4892 -0.1681
vn -0.7782 -0.6023 -0.1779
vn -0.0000 -0.9576 -0.2881
vn -0.0000 -0.9428 -0.3333
vn 0.8558 -0.4892 -0.1681
vn 0.7781 -0.6024 -0.1779
vn -0.3668 -0.5287 -0.7654
vn -0.3649 -0.5323 -0.7639
vn -0.0000 -0.5680 -0.8230
vn -0.0000 -0.5646 -0.8254
vn 0.3668 -0.5287 -0.7654
vn 0.3649 -0.5323 -0.7639
vn -0.4683 -0.6919 -0.5496
vn -0.4656 -0.6959 -0.5467
vn -0.0000 -0.7826 -0.6225
vn -0.0000 -0.7792 -0.6267
vn 0.4682 -0.6919 -0.5496
vn 0.4656 -0.6959 -0.5467
vn 0.1832 -0.1266 -0.9749
vn 0.3458 -0.1894 -0.9190
vn 0.3387 -0.2060 -0.9181
vn 0.6293 -0.2675 -0.7297
vn 0.5581 -0.3883 -0.7333
vn 0.4643 -0.5088 -0.7250
vn 0.8388 -0.3620 -0.4067
vn 0.7496 -0.4985 -0.4355
vn 0.6459 -0.6287 -0.4331
vn 0.9125 -0.4033 -0.0682
vn 0.8373 -0.5340 -0.1175
vn 0.7534 -0.6464 -0.1208
vn 0.9108 -0.3762 0.1698
vn 0.8634 -0.4911 0.1160
vn 0.7990 -0.5922 0.1045
vn 0.8972 -0.3006 0.3236
vn 0.8765 -0.4007 0.2667
vn 0.8171 -0.5217 0.2453
vn 0.8797 -0.1997 0.4316
vn 0.8135 -0.4318 0.3895
vn 0.8715 -0.2907 0.3949
vn 0.8475 -0.1122 0.5187
vn 0.7969 -0.3300 0.5060
vn 0.8409 -0.2003 0.5028
vn 0.7876 -0.0723 0.6120
vn 0.7518 -0.2424 0.6133
vn 0.7788 -0.1467 0.6098
vn 0.6614 -0.0835 0.7453
vn 0.6567 -0.1848 0.7312
vn 0.6596 -0.1294 0.7404
vn 0.3788 -0.1255 0.9169
vn 0.4826 -0.1241 0.8670
vn 0.1977 -0.1386 0.9704
vn 0.0363 -0.4597 -0.8873
vn 0.0254 -0.3411 -0.9397
vn 0.0255 -0.3411 -0.9397
vn 0.0769 -0.4596 -0.8848
vn 0.0739 -0.3106 -0.9477
vn 0.0738 -0.3106 -0.9477
vn 0.1669 -0.4113 -0.8961
vn 0.2268 -0.3865 -0.8940
vn 0.1319 -0.2483 -0.9597
vn 0.3308 -0.5947 -0.7327
vn 0.2671 -0.6315 -0.7279
vn 0.4386 -0.7512 -0.4933
vn 0.1274 -0.6806 -0.7215
vn 0.0576 -0.6918 -0.7198
vn 0.3533 -0.7977 -0.4887
vn 0.5378 -0.8105 -0.2321
vn 0.1560 -0.8545 -0.4954
vn 0.0649 -0.8690 -0.4905
vn 0.4138 -0.8798 -0.2338
vn 0.6195 -0.7850 0.0022
vn 0.1601 -0.9537 -0.2545
vn 0.0570 -0.9659 -0.2526
vn 0.4628 -0.8863 -0.0159
vn 0.6781 -0.7074 0.1994
vn 0.1726 -0.9832 -0.0593
vn 0.0562 -0.9955 -0.0762
vn 0.5298 -0.8288 0.1798
vn 0.7013 -0.6132 0.3637
vn 0.2324 -0.9634 0.1336
vn 0.0912 -0.9896 0.1109
vn 0.5809 -0.7275 0.3651
vn 0.3010 -0.8867 0.3509
vn 0.1467 -0.9298 0.3375
vn 0.5868 -0.6233 0.5169
vn 0.6919 -0.5117 0.5093
vn 0.3378 -0.7849 0.5195
vn 0.1908 -0.8387 0.5100
vn 0.5732 -0.5148 0.6375
vn 0.6636 -0.4006 0.6318
vn 0.3542 -0.6823 0.6395
vn 0.2267 -0.7434 0.6293
vn 0.5066 -0.3782 0.7748
vn 0.5600 -0.2822 0.7789
vn 0.2447 -0.2476 0.9374
vn 0.3378 -0.5230 0.7825
vn 0.2417 -0.5809 0.7773
vn 0.2892 -0.3437 0.8935
vn 0.1335 -0.1815 0.9743
vn 0.2448 -0.4400 0.8640
vn -0.0000 0.4259 0.9048
vn -0.0000 -0.9712 -0.2384
vn 0.1710 0.9493 -0.2637
vn 0.1778 0.9426 -0.2826
vn 0.1436 0.9318 -0.3335
vn 0.2190 0.9480 -0.2308
vn 0.2170 0.9612 -0.1702
vn 0.1648 0.9680 -0.1894
vn 0.1764 0.9737 -0.1441
vn 0.2817 0.9469 -0.1549
vn 0.2031 0.9737 -0.1035
vn 0.2688 0.9626 -0.0328
vn 0.3359 0.9359 -0.1061
vn 0.2138 0.9752 -0.0576
vn 0.3118 0.9492 0.0432
vn 0.2822 0.9589 0.0284
vn 0.4087 0.9118 0.0401
vn 0.3668 0.9289 0.0499
vn 0.2945 0.9501 0.1031
vn 0.2700 0.9593 0.0825
vn 0.1369 0.9904 -0.0213
vn 0.2600 0.9591 0.1117
vn 0.3238 0.9381 0.1226
vn 0.3237 0.9396 0.1111
vn 0.3149 0.9361 0.1565
vn 0.3155 0.9327 0.1748
vn 0.2768 0.9467 0.1644
vn 0.2751 0.9532 0.1254
vn 0.2861 0.9366 0.2024
vn 0.2327 0.9607 0.1516
vn 0.2511 0.9408 0.2278
vn 0.2707 0.9386 0.2139
vn 0.1677 0.9530 0.2523
vn 0.1880 0.9508 0.2462
vn 0.0574 0.9627 0.2644
vn 0.0692 0.9623 0.2629
vn -0.0000 0.9636 0.2674
vn -0.0692 0.9623 0.2629
vn -0.0574 0.9627 0.2644
vn -0.1880 0.9508 0.2462
vn -0.1677 0.9530 0.2523
vn -0.2707 0.9386 0.2139
vn -0.2511 0.9408 0.2278
vn -0.2768 0.9467 0.1644
vn -0.2327 0.9607 0.1516
vn -0.2860 0.9366 0.2024
vn -0.2752 0.9532 0.1254
vn -0.3155 0.9327 0.1748
vn -0.2601 0.9591 0.1117
vn -0.2945 0.9501 0.1031
vn -0.3149 0.9361 0.1566
vn -0.2700 0.9593 0.0825
vn -0.3239 0.9381 0.1226
vn -0.3668 0.9290 0.0498
vn -0.1369 0.9904 -0.0214
vn -0.3237 0.9396 0.1110
vn -0.2822 0.9589 0.0284
vn -0.4087 0.9118 0.0401
vn -0.3118 0.9492 0.0432
vn -0.2688 0.9626 -0.0328
vn -0.2138 0.9752 -0.0576
vn -0.2031 0.9737 -0.1035
vn -0.2817 0.9469 -0.1549
vn -0.3359 0.9359 -0.1061
vn -0.2170 0.9612 -0.1702
vn -0.1764 0.9737 -0.1441
vn -0.1648 0.9680 -0.1894
vn -0.2190 0.9480 -0.2308
vn -0.1710 0.9493 -0.2637
vn -0.1778 0.9426 -0.2826
vn -0.1436 0.9318 -0.3335
vn -0.0000 -0.8592 0.5116
vn 0.5547 -0.5104 -0.6571
vn 0.7745 -0.3572 -0.5222
vn 0.5257 -0.5554 -0.6444
vn 0.1885 -0.6902 -0.6986
vn -0.0000 -0.7383 -0.6745
vn 0.0654 -0.7266 -0.6840
vn -0.0000 -0.7318 -0.6815
vn -0.1886 -0.6902 -0.6986
vn -0.5256 -0.5554 -0.6444
vn -0.0653 -0.7266 -0.6840
vn -0.5547 -0.5104 -0.6571
vn -0.7745 -0.3572 -0.5222
vn 0.9399 0.1625 -0.3004
vn 0.9859 -0.0029 -0.1671
vn 0.9860 -0.0019 -0.1666
vn 0.8822 0.2645 -0.3897
vn 0.4930 0.5513 -0.6731
vn 0.6140 0.4862 -0.6218
vn 0.1986 0.6277 -0.7527
vn 0.1811 0.6287 -0.7562
vn -0.0000 0.6341 -0.7732
vn -0.0000 0.6337 -0.7736
vn -0.1811 0.6287 -0.7562
vn -0.1986 0.6277 -0.7527
vn -0.4929 0.5513 -0.6731
vn -0.6138 0.4863 -0.6219
vn -0.9398 0.1626 -0.3005
vn -0.8820 0.2646 -0.3899
vn -0.9860 -0.0020 -0.1666
vn -0.9859 -0.0029 -0.1671
vn 0.5456 0.1181 -0.8296
vn 0.5794 0.0810 -0.8110
vn -0.0000 0.1478 -0.9890
vn -0.0000 0.1977 -0.9803
vn -0.5456 0.1181 -0.8297
vn -0.5793 0.0810 -0.8110
vn 0.1897 -0.9653 -0.1795
vn 0.1910 -0.9644 -0.1829
vn -0.0000 -0.9879 -0.1549
vn -0.0000 -0.9883 -0.1523
vn -0.1897 -0.9653 -0.1794
vn -0.1909 -0.9644 -0.1828
vn -0.0000 -1.0000 -0.0083
vn 0.6142 -0.7892 -0.0060
vn 0.8374 -0.5463 -0.0183
vn -0.0000 -0.9994 -0.0346
vn -0.8374 -0.5463 -0.0183
vn -0.6142 -0.7892 -0.0060
vn -0.0000 0.9994 0.0343
vn -0.0000 0.9979 -0.0645
vn -0.0000 0.4713 0.8820
vn 0.0106 0.4606 0.8875
vn 0.0067 0.4659 0.8848
vn -0.0000 0.4774 0.8787
vn -0.0067 0.4659 0.8848
vn -0.0106 0.4606 0.8875
vn -0.0000 -0.9061 0.4231
vn -0.0069 0.7563 0.6542
vn -0.0067 0.7569 0.6535
vn -0.0000 0.7544 0.6564
vn -0.0000 0.7539 0.6570
vn 0.0069 0.7563 0.6542
vn 0.0067 0.7569 0.6535
vn -0.0000 -0.8700 -0.4931
vn -0.0717 -0.8797 -0.4701
vn -0.0683 -0.8763 -0.4770
vn -0.0000 -0.8653 -0.5012
vn 0.0683 -0.8763 -0.4770
vn 0.0717 -0.8797 -0.4701
vn -0.0000 0.6309 -0.7759
vn -0.0000 0.4290 0.9033
vn -0.0000 -0.6866 -0.7271
vn -0.0000 -0.9578 0.2876
vn -0.0000 -0.3887 0.9213
vn -0.0000 0.9775 -0.2109
vn 0.0167 0.9537 -0.3004
vn 0.0355 0.9675 -0.2505
vn -0.0000 0.9836 -0.1802
vn -0.0355 0.9675 -0.2505
vn -0.0167 0.9537 -0.3004
vn -0.0000 0.9932 0.1164
vn -0.2522 0.9353 0.2482
vn -0.2477 0.9395 0.2367
vn -0.0000 0.9949 0.1013
vn 0.2477 0.9395 0.2367
vn 0.2522 0.9353 0.2482
vn -0.0000 -0.3358 0.9419
vn 0.0004 -0.3364 0.9417
vn 0.0003 -0.3362 0.9418
vn -0.0000 -0.3355 0.9421
vn -0.0003 -0.3362 0.9418
vn -0.0004 -0.3364 0.9417
vn -0.0000 -0.5376 -0.8432
vn -0.0663 -0.5537 -0.8301
vn -0.0607 -0.5463 -0.8354
vn -0.0000 -0.5286 -0.8489
vn 0.0607 -0.5463 -0.8354
vn 0.0663 -0.5537 -0.8300
vn -0.0272 -0.6225 -0.7821
vn 0.0016 -0.6446 -0.7645
vn 0.0186 -0.6145 -0.7887
vn 0.0260 -0.6304 -0.7758
vn 0.0668 -0.6810 -0.7292
vn 0.0659 -0.6694 -0.7400
vn 0.0536 -0.8386 -0.5421
vn 0.0391 -0.8424 -0.5375
vn 0.0288 -0.9372 -0.3477
vn 0.0175 -0.9403 -0.3399
vn 0.0105 -0.9816 -0.1904
vn 0.0038 -0.9831 -0.1829
vn -0.1228 -0.9913 -0.0468
vn -0.0003 -0.9925 -0.1223
vn -0.0000 -0.9782 -0.2075
vn -0.1229 -0.9913 -0.0467
vn -0.2147 -0.9760 -0.0361
vn -0.0567 -0.9919 -0.1132
vn -0.0000 -0.9769 -0.2136
vn 0.0567 -0.9919 -0.1132
vn 0.2147 -0.9760 -0.0361
vn 0.1228 -0.9913 -0.0467
vn -0.0000 -0.9998 0.0178
vn 0.0217 -0.9998 -0.0002
vn -0.0217 -0.9998 -0.0002
vn 0.0220 -0.9324 0.3606
vn -0.0220 -0.9324 0.3606
vn -0.0038 -0.9831 -0.1829
vn 0.0003 -0.9925 -0.1223
vn 0.1228 -0.9913 -0.0468
vn -0.0105 -0.9816 -0.1904
vn -0.0175 -0.9403 -0.3399
vn -0.0288 -0.9372 -0.3477
vn -0.0391 -0.8424 -0.5375
vn -0.0536 -0.8386 -0.5421
vn -0.0659 -0.6694 -0.7400
vn -0.0668 -0.6810 -0.7292
vn -0.0186 -0.6145 -0.7887
vn -0.0260 -0.6304 -0.7758
vn -0.0016 -0.6446 -0.7645
vn 0.0272 -0.6225 -0.7821
vn -0.0000 -0.9040 0.4275
vn -0.0077 -0.6057 0.7956
vn -0.0115 -0.6273 0.7787
vn -0.0000 -0.7013 0.7129
vn 0.0077 -0.6057 0.7956
vn 0.0115 -0.6273 0.7787
vn -0.0000 -0.7022 0.7120
vn -0.0000 -0.6876 0.7261
vn -0.0000 -0.5017 0.8650
vn -0.0000 -0.8864 0.4629
vn -0.0000 -0.8893 0.4574
vn -0.0000 -0.9670 0.2548
vn -0.0000 -0.9700 0.2433
vn -0.0000 -0.9997 0.0237
vn -0.0000 -0.9998 0.0211
vn -0.0000 -0.9953 -0.0972
vn -0.0000 -0.9949 -0.1011
vn -0.0000 -0.9819 -0.1893
vn -0.0000 -0.9816 -0.1909
vn -0.0000 -0.9287 -0.3707
vn -0.0000 -0.9256 -0.3786
vn -0.0000 -0.7481 -0.6635
vn -0.0000 -0.7406 -0.6719
vn -0.0000 -0.5593 -0.8289
vn -0.0000 -0.5523 -0.8336
vn -0.0000 -0.4921 -0.8705
vn -0.0192 -0.9990 0.0399
vn -0.0338 -0.9988 0.0342
vn -0.0258 -0.9990 0.0375
vn -0.0130 -0.9990 0.0433
vn -0.0000 -0.9990 0.0436
vn -0.0000 -0.9992 0.0399
vn 0.0192 -0.9990 0.0399
vn 0.0130 -0.9990 0.0433
vn 0.0258 -0.9990 0.0375
vn 0.0338 -0.9988 0.0342
vn 0.4851 0.7415 0.4636
vn 0.4765 0.7464 0.4647
vn 0.4699 0.7505 0.4648
vn 0.6918 0.6151 0.3781
vn 0.4495 0.7819 0.4320
vn 0.4689 0.7488 0.4684
vn 0.7565 0.5913 0.2795
vn 0.6168 0.7058 0.3485
vn 0.7810 0.5893 0.2069
vn 0.7227 0.6401 0.2608
vn 0.7740 0.6024 0.1950
vn 0.7727 0.6037 0.1963
vn 0.7738 0.6029 0.1943
vn 0.8312 -0.5559 -0.0040
vn 0.8317 -0.5552 -0.0008
vn 0.8315 -0.5555 -0.0031
vn 0.8322 -0.5528 0.0443
vn 0.8297 -0.5557 0.0527
vn 0.8307 -0.5568 -0.0028
vn 0.8409 -0.5258 0.1282
vn 0.8434 -0.5228 0.1236
vn 0.8283 -0.5190 0.2111
vn 0.8265 -0.5194 0.2171
vn 0.8285 -0.4956 0.2607
vn 0.8295 -0.4944 0.2599
vn 0.8297 -0.4944 0.2592
vn 0.8299 -0.4928 0.2614
vn -0.9987 0.0009 -0.0506
vn -0.9987 -0.0000 -0.0506
vn -0.9987 0.0001 -0.0506
vn -0.9987 0.0002 -0.0506
vn 0.2332 -0.9714 0.0440
vn 0.1687 -0.9854 0.0238
vn 0.1646 -0.9852 0.0488
vn 0.2058 -0.9769 0.0576
vn 0.3448 -0.7888 0.5088
vn 0.4338 -0.4128 0.8009
vn 0.1960 -0.9785 0.0635
vn -0.3458 -0.1894 -0.9190
vn -0.1832 -0.1267 -0.9749
vn -0.3387 -0.2060 -0.9181
vn -0.6293 -0.2675 -0.7297
vn -0.5581 -0.3884 -0.7333
vn -0.8388 -0.3621 -0.4067
vn -0.4643 -0.5088 -0.7249
vn -0.7496 -0.4985 -0.4355
vn -0.9125 -0.4033 -0.0681
vn -0.6460 -0.6286 -0.4331
vn -0.8373 -0.5340 -0.1175
vn -0.9109 -0.3762 0.1697
vn -0.7534 -0.6464 -0.1208
vn -0.8634 -0.4910 0.1160
vn -0.8972 -0.3006 0.3237
vn -0.7990 -0.5922 0.1045
vn -0.8765 -0.4007 0.2667
vn -0.8171 -0.5217 0.2453
vn -0.8797 -0.1997 0.4316
vn -0.8135 -0.4319 0.3895
vn -0.8716 -0.2907 0.3948
vn -0.8475 -0.1122 0.5188
vn -0.7969 -0.3299 0.5060
vn -0.8409 -0.2003 0.5028
vn -0.7876 -0.0722 0.6120
vn -0.7517 -0.2425 0.6133
vn -0.7788 -0.1468 0.6098
vn -0.6614 -0.0835 0.7453
vn -0.6566 -0.1850 0.7312
vn -0.6596 -0.1295 0.7404
vn -0.3788 -0.1255 0.9169
vn -0.4826 -0.1241 0.8670
vn -0.1977 -0.1386 0.9704
vn -0.0255 -0.3411 -0.9397
vn -0.0254 -0.3411 -0.9397
vn -0.0363 -0.4597 -0.8873
vn -0.0769 -0.4596 -0.8848
vn -0.0739 -0.3106 -0.9477
vn -0.1668 -0.4114 -0.8961
vn -0.2267 -0.3865 -0.8940
vn -0.1318 -0.2483 -0.9597
vn -0.3307 -0.5948 -0.7327
vn -0.2671 -0.6315 -0.7279
vn -0.4386 -0.7512 -0.4933
vn -0.1274 -0.6806 -0.7215
vn -0.0576 -0.6918 -0.7198
vn -0.3533 -0.7977 -0.4887
vn -0.5377 -0.8105 -0.2321
vn -0.1560 -0.8545 -0.4954
vn -0.0649 -0.8690 -0.4905
vn -0.4138 -0.8799 -0.2338
vn -0.6196 -0.7849 0.0022
vn -0.1601 -0.9537 -0.2545
vn -0.0570 -0.9659 -0.2526
vn -0.4628 -0.8863 -0.0159
vn -0.6782 -0.7074 0.1994
vn -0.1726 -0.9832 -0.0593
vn -0.0562 -0.9955 -0.0762
vn -0.5298 -0.8288 0.1798
vn -0.7013 -0.6132 0.3637
vn -0.2324 -0.9634 0.1336
vn -0.0912 -0.9896 0.1109
vn -0.5809 -0.7275 0.3651
vn -0.3010 -0.8867 0.3509
vn -0.1467 -0.9298 0.3375
vn -0.5868 -0.6233 0.5169
vn -0.6919 -0.5117 0.5093
vn -0.3378 -0.7849 0.5195
vn -0.1908 -0.8387 0.5100
vn -0.5733 -0.5148 0.6375
vn -0.6637 -0.4004 0.6318
vn -0.3542 -0.6823 0.6395
vn -0.2267 -0.7434 0.6293
vn -0.5066 -0.3781 0.7748
vn -0.5601 -0.2821 0.7789
vn -0.2447 -0.2476 0.9374
vn -0.3378 -0.5230 0.7825
vn -0.2417 -0.5809 0.7773
vn -0.2890 -0.3437 0.8935
vn -0.1335 -0.1815 0.9743
vn -0.2448 -0.4400 0.8640
vn -0.5337 0.8259 0.1816
vn -0.5172 0.8196 0.2465
vn -0.5274 0.8225 0.2130
vn -0.6180 0.7563 0.2147
vn -0.5798 0.7933 0.1858
vn -0.5287 0.8364 0.1448
vn -0.6247 0.7514 0.2127
vn -0.6574 0.7214 0.2178
vn -0.6912 0.6772 0.2524
vn -0.6497 0.7003 0.2958
vn -0.4698 0.7508 0.4643
vn -0.4825 0.7429 0.4639
vn -0.4851 0.7414 0.4636
vn -0.6918 0.6152 0.3781
vn -0.4494 0.7819 0.4320
vn -0.4675 0.7502 0.4677
vn -0.7566 0.5912 0.2794
vn -0.6168 0.7058 0.3485
vn -0.7802 0.5903 0.2070
vn -0.7220 0.6409 0.2609
vn -0.7747 0.6016 0.1949
vn -0.7738 0.6029 0.1944
vn -0.7743 0.6017 0.1959
vn -0.8315 -0.5555 -0.0035
vn -0.8320 -0.5548 -0.0031
vn -0.8319 -0.5550 -0.0040
vn -0.8322 -0.5528 0.0443
vn -0.8297 -0.5557 0.0526
vn -0.8291 -0.5591 -0.0028
vn -0.8405 -0.5264 0.1282
vn -0.8430 -0.5235 0.1236
vn -0.8282 -0.5191 0.2112
vn -0.8265 -0.5194 0.2172
vn -0.8285 -0.4955 0.2608
vn -0.8294 -0.4944 0.2600
vn -0.8296 -0.4944 0.2595
vn -0.8299 -0.4928 0.2614
vn 0.2073 0.9704 -0.1236
vn 0.1228 0.9907 -0.0595
vn 0.0943 0.9842 -0.1497
vn 0.1746 0.9536 -0.2454
vn 0.2597 0.9629 -0.0726
vn 0.0577 0.9773 -0.2038
vn 0.2389 0.9575 -0.1619
vn 0.2942 0.9557 -0.0055
vn 0.1085 0.9663 -0.2336
vn -0.0041 0.9617 -0.2739
vn 0.2894 0.9560 -0.0480
vn 0.2632 0.9647 0.0103
vn 0.1402 0.9766 -0.1630
vn 0.2099 0.9777 0.0043
vn 0.2203 0.9754 -0.0010
vn 0.1536 0.9867 -0.0536
vn 0.1763 0.9843 -0.0024
vn 0.1423 0.9898 0.0069
vn 0.1314 0.9912 -0.0179
vn 0.1270 0.9918 0.0108
vn 0.0080 0.9995 0.0308
vn 0.1100 0.9939 -0.0050
vn 0.0606 0.9977 0.0313
vn -0.0659 0.9959 0.0625
vn 0.0894 0.9958 0.0175
vn 0.0032 0.9965 0.0836
vn -0.0948 0.9878 0.1236
vn 0.0720 0.9964 0.0456
vn 0.0251 0.9852 0.1696
vn 0.0813 0.9715 0.2227
vn 0.0582 0.9939 0.0936
vn 0.0294 0.9994 0.0155
vn 0.0238 0.9987 0.0448
vn 0.0485 0.9863 0.1576
vn 0.0359 0.9993 -0.0089
vn 0.0718 0.9722 0.2229
vn 0.0425 0.9987 -0.0285
vn 0.0643 0.9642 0.2573
vn 0.0760 0.9639 0.2552
vn 0.0607 0.9949 -0.0807
vn 0.0544 0.9445 0.3240
vn 0.0638 0.9496 0.3069
vn -0.0447 0.9376 0.3447
vn -0.0097 0.9273 0.3743
vn 0.0325 0.9454 0.3242
vn -0.0019 0.9236 0.3833
vn 0.0386 0.9647 0.2605
vn 0.0107 0.9457 0.3248
vn -0.0009 0.9228 0.3854
vn 0.0432 0.9735 0.2248
vn 0.0130 0.9649 0.2621
vn -0.0000 0.9456 0.3252
vn -0.0000 0.9227 0.3855
vn 0.0009 0.9228 0.3854
vn -0.0000 0.9649 0.2625
vn -0.0107 0.9457 0.3248
vn 0.0019 0.9236 0.3833
vn 0.0144 0.9741 0.2255
vn -0.0325 0.9454 0.3242
vn 0.0097 0.9273 0.3743
vn 0.0161 0.9873 0.1578
vn -0.0000 0.9742 0.2256
vn 0.0192 0.9954 0.0934
vn -0.0000 0.9875 0.1578
vn -0.0000 0.9956 0.0933
vn -0.0000 0.9990 0.0444
vn -0.0000 0.9999 0.0145
vn -0.0238 0.9987 0.0448
vn -0.0192 0.9954 0.0934
vn -0.0000 0.9999 -0.0108
vn -0.0294 0.9994 0.0155
vn -0.0000 0.9995 -0.0331
vn -0.0359 0.9993 -0.0089
vn -0.0000 0.9979 -0.0654
vn -0.0425 0.9987 -0.0285
vn -0.0000 0.9948 -0.1020
vn -0.0607 0.9949 -0.0807
vn -0.0000 0.9899 -0.1416
vn -0.1314 0.9912 -0.0179
vn 0.0386 0.9910 -0.1283
vn 0.0390 0.9736 -0.2249
vn -0.0000 0.9762 -0.2167
vn -0.0883 0.9475 -0.3073
vn -0.0000 0.9234 -0.3839
vn -0.0000 0.9409 -0.3388
vn 0.0041 0.9617 -0.2740
vn 0.0883 0.9475 -0.3074
vn -0.0390 0.9736 -0.2249
vn -0.1085 0.9663 -0.2336
vn -0.0577 0.9773 -0.2038
vn -0.0386 0.9910 -0.1283
vn -0.1746 0.9536 -0.2454
vn -0.0943 0.9842 -0.1497
vn -0.1228 0.9906 -0.0595
vn -0.2073 0.9704 -0.1236
vn -0.2597 0.9629 -0.0726
vn -0.2389 0.9575 -0.1619
vn -0.2943 0.9557 -0.0055
vn -0.1402 0.9766 -0.1630
vn -0.2894 0.9560 -0.0480
vn -0.2632 0.9647 0.0103
vn -0.1536 0.9867 -0.0536
vn -0.2099 0.9777 0.0043
vn -0.2203 0.9754 -0.0010
vn -0.1763 0.9843 -0.0024
vn -0.1423 0.9898 0.0069
vn -0.1100 0.9939 -0.0050
vn -0.1270 0.9918 0.0108
vn -0.0080 0.9995 0.0308
vn -0.0894 0.9958 0.0175
vn -0.0606 0.9977 0.0313
vn 0.0659 0.9959 0.0625
vn -0.0720 0.9964 0.0456
vn -0.0032 0.9965 0.0836
vn 0.0948 0.9878 0.1236
vn -0.0581 0.9939 0.0936
vn -0.0251 0.9852 0.1696
vn -0.0814 0.9715 0.2227
vn -0.0485 0.9863 0.1576
vn -0.0718 0.9722 0.2229
vn -0.0161 0.9873 0.1578
vn -0.0432 0.9735 0.2248
vn -0.0144 0.9741 0.2255
vn -0.0130 0.9649 0.2621
vn -0.0386 0.9647 0.2605
vn -0.0643 0.9642 0.2573
vn -0.0760 0.9639 0.2552
vn -0.0544 0.9445 0.3240
vn -0.0638 0.9496 0.3069
vn 0.0447 0.9376 0.3447
vn -0.1147 -0.9914 0.0630
vn -0.1169 -0.9912 0.0628
vn 0.1733 -0.9827 0.0661
vn -0.0811 -0.9946 0.0644
vn 0.2185 -0.9740 0.0595
vn 0.4050 -0.8987 0.1680
vn 0.4241 -0.8877 0.1793
vn 0.9789 0.2033 0.0203
vn 0.9806 0.1962 -0.0000
vn 0.9327 0.3607 -0.0000
vn 0.8799 0.4749 0.0152
vn 0.9694 0.2374 0.0626
vn 0.6275 0.7786 -0.0000
vn 0.8602 0.5080 0.0444
vn 0.9419 0.3157 0.1147
vn 0.5123 0.8588 0.0054
vn 0.2832 0.9591 -0.0000
vn 0.8171 0.5713 0.0775
vn 0.8570 0.4776 0.1936
vn 0.4936 0.8695 0.0186
vn 0.2764 0.9610 0.0060
vn 0.7342 0.6683 0.1196
vn 0.7000 0.6619 0.2681
vn 0.4506 0.8921 0.0323
vn 0.2552 0.9668 0.0119
vn 0.5711 0.8006 0.1812
vn 0.0938 0.9393 0.3299
vn 0.3800 0.9238 0.0456
vn 0.2226 0.9748 0.0166
vn 0.0791 0.9570 0.2792
vn -0.5270 0.8109 0.2545
vn 0.2769 0.9590 0.0596
vn 0.1807 0.9833 0.0200
vn -0.3911 0.9014 0.1859
vn -0.7391 0.6452 0.1936
vn 0.1043 0.9913 0.0806
vn 0.1307 0.9912 0.0219
vn -0.5792 0.8063 0.1196
vn -0.8556 0.5047 0.1147
vn -0.0716 0.9957 0.0596
vn 0.0786 0.9967 0.0219
vn -0.6806 0.7286 0.0775
vn -0.8989 0.4336 0.0626
vn -0.1796 0.9827 0.0456
vn 0.0274 0.9994 0.0200
vn -0.2550 0.9664 0.0323
vn -0.0141 0.9998 0.0167
vn -0.7359 0.6756 0.0444
vn -0.6948 0.7187 0.0269
vn -0.9130 0.4065 0.0335
vn -0.1966 0.9804 0.0104
vn -0.3024 0.9530 0.0185
vn -0.0494 0.9987 0.0117
vn -0.0705 0.9975 0.0061
vn 0.0698 0.9947 -0.0756
vn 0.0320 0.9972 -0.0675
vn 0.0946 0.9952 -0.0237
vn -0.0319 0.9599 -0.2787
vn -0.1525 0.9581 -0.2426
vn -0.0810 0.9242 -0.3733
vn -0.1690 0.9179 -0.3590
vn -0.0234 0.9983 -0.0542
vn 0.0721 0.9972 -0.0216
vn -0.3160 0.9309 -0.1832
vn -0.4255 0.8561 -0.2934
vn -0.0642 0.9971 -0.0398
vn 0.0534 0.9984 -0.0180
vn -0.4177 0.8996 -0.1277
vn -0.5958 0.7757 -0.2080
vn -0.0910 0.9956 -0.0237
vn 0.0388 0.9992 -0.0128
vn -0.4782 0.8750 -0.0755
vn -0.6902 0.7130 -0.1232
vn -0.1031 0.9946 -0.0076
vn 0.0294 0.9995 -0.0066
vn -0.5069 0.8616 -0.0251
vn -0.7322 0.6799 -0.0410
vn -0.1031 0.9946 0.0076
vn 0.0263 0.9997 -0.0000
vn -0.5070 0.8616 0.0250
vn -0.7322 0.6799 0.0410
vn -0.0909 0.9956 0.0237
vn 0.0295 0.9995 0.0066
vn -0.4782 0.8750 0.0755
vn -0.6901 0.7131 0.1232
vn -0.0641 0.9971 0.0397
vn 0.0388 0.9992 0.0128
vn -0.4178 0.8995 0.1277
vn -0.5960 0.7756 0.2080
vn -0.0234 0.9983 0.0542
vn 0.0534 0.9984 0.0180
vn -0.3158 0.9310 0.1832
vn -0.4254 0.8561 0.2934
vn 0.0320 0.9972 0.0675
vn 0.0721 0.9972 0.0216
vn -0.1525 0.9581 0.2426
vn -0.1690 0.9179 0.3590
vn 0.1046 0.9916 0.0757
vn 0.0946 0.9952 0.0237
vn 0.1005 0.9544 0.2812
vn 0.0967 0.9202 0.3793
vn 0.1765 0.9820 0.0675
vn 0.1153 0.9930 0.0237
vn 0.3485 0.9053 0.2426
vn 0.3560 0.8628 0.3590
vn 0.2306 0.9715 0.0543
vn 0.1370 0.9903 0.0217
vn 0.5022 0.8451 0.1832
vn 0.5939 0.7491 0.2933
vn 0.2700 0.9620 0.0398
vn 0.1556 0.9877 0.0180
vn 0.5955 0.7932 0.1277
vn 0.7442 0.6348 0.2080
vn 0.2958 0.9549 0.0238
vn 0.1699 0.9854 0.0129
vn 0.6496 0.7565 0.0754
vn 0.8233 0.5541 0.1232
vn 0.3077 0.9515 0.0077
vn 0.1790 0.9838 0.0068
vn 0.6750 0.7374 0.0250
vn 0.8575 0.5129 0.0410
vn 0.3076 0.9515 -0.0077
vn 0.1821 0.9833 -0.0000
vn 0.6750 0.7374 -0.0250
vn 0.8575 0.5129 -0.0410
vn 0.2958 0.9549 -0.0239
vn 0.1790 0.9838 -0.0068
vn 0.6496 0.7565 -0.0754
vn 0.8233 0.5541 -0.1232
vn 0.2701 0.9620 -0.0398
vn 0.1699 0.9854 -0.0129
vn 0.5955 0.7932 -0.1277
vn 0.7441 0.6348 -0.2080
vn 0.2305 0.9716 -0.0542
vn 0.1556 0.9877 -0.0180
vn 0.5023 0.8451 -0.1832
vn 0.5940 0.7491 -0.2933
vn 0.1765 0.9820 -0.0675
vn 0.1370 0.9903 -0.0217
vn 0.3485 0.9054 -0.2426
vn 0.3561 0.8628 -0.3590
vn 0.1395 0.9873 -0.0757
vn 0.1153 0.9931 -0.0237
vn 0.2311 0.9322 -0.2786
vn 0.2714 0.8871 -0.3733
vn 0.0267 0.9936 -0.1101
vn -0.0462 0.9945 -0.0936
vn 0.0731 0.9963 -0.0443
vn 0.0068 0.9903 -0.1390
vn -0.0278 0.9903 -0.1364
vn -0.1506 0.9858 -0.0737
vn 0.0144 0.9991 -0.0406
vn -0.1915 0.9741 -0.1203
vn -0.2264 0.9726 -0.0534
vn -0.0362 0.9988 -0.0336
vn -0.3261 0.9407 -0.0935
vn -0.2747 0.9610 -0.0317
vn -0.0762 0.9968 -0.0238
vn -0.4178 0.9065 -0.0605
vn -0.2970 0.9548 -0.0102
vn -0.1007 0.9948 -0.0124
vn -0.4676 0.8837 -0.0221
vn -0.2970 0.9548 0.0102
vn -0.1091 0.9940 -0.0000
vn -0.5350 0.8432 0.0533
vn -0.3015 0.9519 0.0549
vn -0.1007 0.9948 0.0124
vn -0.7123 0.7003 0.0474
vn -0.5864 0.8053 0.0872
vn -0.3024 0.9510 0.0647
vn -0.0762 0.9968 0.0238
vn -0.6618 0.7378 0.1326
vn -0.8077 0.5381 0.2410
vn -0.2191 0.9714 0.0920
vn -0.0362 0.9988 0.0336
vn -0.5634 0.7905 0.2401
vn -0.9169 0.3294 0.2254
vn -0.8085 0.5064 0.3000
vn -0.0946 0.9881 0.1216
vn 0.0144 0.9991 0.0406
vn -0.8834 0.2303 0.4082
vn -0.6477 0.6008 0.4685
vn -0.4028 0.8522 0.3338
vn 0.0936 0.8902 0.4458
vn 0.0865 0.8238 0.5602
vn 0.1034 0.9835 0.1485
vn 0.0731 0.9963 0.0443
vn 0.5516 0.7659 0.3305
vn 0.2976 0.9469 0.1216
vn 0.1355 0.9898 0.0443
vn 0.7566 0.4512 0.4733
vn 0.4162 0.9046 0.0920
vn 0.1930 0.9804 0.0406
vn 0.9120 0.0417 0.4081
vn 0.9070 0.3095 0.2855
vn 0.7572 0.6149 0.2201
vn 0.8451 0.5147 0.1445
vn 0.9499 0.2486 0.1896
vn 0.4939 0.8671 0.0647
vn 0.2437 0.9693 0.0335
vn 0.8890 0.4505 0.0823
vn 0.5397 0.8410 0.0379
vn 0.2814 0.9593 0.0239
vn 0.9771 0.1832 0.1086
vn 0.5605 0.8280 0.0122
vn 0.3052 0.9522 0.0123
vn 0.9964 0.0606 0.0597
vn 0.9614 0.2559 0.1010
vn 0.8796 0.4741 0.0396
vn 0.7973 0.6036 0.0010
vn 0.5605 0.8280 -0.0122
vn 0.3132 0.9497 -0.0000
vn 0.5264 0.8501 -0.0176
vn 0.3052 0.9522 -0.0123
vn 0.8423 0.5369 -0.0474
vn 0.7183 0.6948 -0.0360
vn 0.4239 0.9042 -0.0533
vn 0.2814 0.9593 -0.0239
vn 0.5145 0.8523 -0.0935
vn 0.3522 0.9330 -0.0737
vn 0.2437 0.9693 -0.0335
vn 0.3901 0.9129 -0.1202
vn 0.2516 0.9633 -0.0936
vn 0.1930 0.9804 -0.0406
vn 0.2328 0.9629 -0.1364
vn 0.1803 0.9774 -0.1100
vn 0.1988 0.9701 -0.1391
vn 0.1356 0.9898 -0.0443
vn 0.2125 0.9668 -0.1418
vn 0.1667 0.9772 -0.1316
vn 0.2442 0.9673 -0.0684
vn 0.0832 0.9098 -0.4065
vn -0.0533 0.9312 -0.3605
vn 0.0128 0.8481 -0.5297
vn -0.1020 0.8570 -0.5051
vn 0.0974 0.9888 -0.1133
vn 0.2177 0.9738 -0.0659
vn -0.2432 0.9296 -0.2769
vn -0.3925 0.8274 -0.4017
vn 0.0458 0.9947 -0.0923
vn 0.1941 0.9791 -0.0608
vn -0.3591 0.9116 -0.2003
vn -0.5723 0.7703 -0.2814
vn 0.0122 0.9975 -0.0696
vn 0.1749 0.9831 -0.0532
vn -0.4278 0.8944 -0.1304
vn -0.6661 0.7257 -0.1720
vn -0.0032 0.9989 -0.0467
vn 0.1635 0.9855 -0.0447
vn -0.4606 0.8853 -0.0642
vn -0.7063 0.7042 -0.0727
vn -0.0033 0.9997 -0.0242
vn 0.1595 0.9866 -0.0350
vn -0.4607 0.8876 0.0014
vn -0.7063 0.7076 0.0228
vn 0.0125 0.9999 -0.0009
vn 0.1635 0.9862 -0.0252
vn -0.4277 0.9014 0.0669
vn -0.6661 0.7361 0.1203
vn 0.0458 0.9987 0.0219
vn 0.1756 0.9843 -0.0160
vn -0.3592 0.9234 0.1353
vn -0.5723 0.7882 0.2262
vn 0.0971 0.9943 0.0430
vn 0.1935 0.9811 -0.0087
vn -0.2430 0.9469 0.2106
vn -0.3925 0.8537 0.3423
vn 0.1668 0.9840 0.0622
vn 0.2178 0.9760 -0.0031
vn -0.0532 0.9544 0.2938
vn -0.1021 0.8905 0.4433
vn 0.2575 0.9635 0.0735
vn 0.2443 0.9697 -0.0001
vn 0.2395 0.9068 0.3471
vn 0.2224 0.8479 0.4813
vn 0.3461 0.9360 0.0640
vn 0.2732 0.9619 0.0002
vn 0.5179 0.8014 0.2992
vn 0.5255 0.7226 0.4492
vn 0.4117 0.9101 0.0461
vn 0.2986 0.9544 -0.0022
vn 0.6800 0.6997 0.2193
vn 0.7606 0.5449 0.3531
vn 0.4593 0.8879 0.0256
vn 0.3227 0.9465 -0.0075
vn 0.7701 0.6210 0.1460
vn 0.8855 0.3978 0.2401
vn 0.4890 0.8723 0.0035
vn 0.3408 0.9400 -0.0148
vn 0.8197 0.5674 0.0787
vn 0.9426 0.3053 0.1355
vn 0.5028 0.8642 -0.0192
vn 0.3515 0.9359 -0.0231
vn 0.8424 0.5386 0.0138
vn 0.9648 0.2601 0.0386
vn 0.5028 0.8634 -0.0419
vn 0.3555 0.9341 -0.0331
vn 0.8424 0.5363 -0.0518
vn 0.9648 0.2568 -0.0569
vn 0.4889 0.8699 -0.0652
vn 0.3516 0.9352 -0.0429
vn 0.8197 0.5604 -0.1186
vn 0.9426 0.2950 -0.1567
vn 0.4592 0.8839 -0.0884
vn 0.3404 0.9388 -0.0519
vn 0.7701 0.6091 -0.1895
vn 0.8855 0.3799 -0.2676
vn 0.4122 0.9044 -0.1101
vn 0.3230 0.9445 -0.0594
vn 0.6799 0.6825 -0.2682
vn 0.7605 0.5186 -0.3908
vn 0.3461 0.9292 -0.1299
vn 0.2995 0.9519 -0.0650
vn 0.5179 0.7783 -0.3551
vn 0.5254 0.6890 -0.4992
vn 0.3009 0.9432 -0.1410
vn 0.2724 0.9598 -0.0682
vn 0.3899 0.8277 -0.4036
vn 0.4220 0.7385 -0.5258
vn 0.9981 0.0292 0.0546
vn 0.9605 0.0513 0.2736
vn -0.0765 0.6928 0.7171
vn 0.9975 0.0359 -0.0616
vn 0.9979 0.0427 -0.0491
vn 0.9972 0.0445 -0.0600
vn 0.9332 -0.2952 -0.2049
vn 0.9732 -0.2256 0.0443
vn 0.9785 -0.2003 0.0491
vn 0.9620 -0.2251 -0.1542
vn 0.9740 -0.2252 -0.0244
vn 0.9887 -0.1392 -0.0560
vn 0.9768 -0.2138 0.0140
vn 0.9715 -0.2322 0.0478
vn 0.0020 0.2807 0.9598
vn 0.0050 0.2781 0.9606
vn 0.0017 0.2351 0.9720
vn -0.0000 0.2370 0.9715
vn -0.0042 0.1762 0.9843
vn -0.0000 0.2823 0.9593
vn -0.0000 0.2007 0.9797
vn 0.0042 0.1762 0.9843
vn -0.0020 0.2807 0.9598
vn -0.0017 0.2351 0.9720
vn -0.0050 0.2781 0.9606
vn -0.0000 -0.7349 -0.6781
vn -0.0000 -0.7164 -0.6977
vn -0.0000 -0.7045 -0.7097
vn 0.0007 -0.6727 -0.7399
vn -0.0000 -0.6727 -0.7400
vn -0.0007 -0.6727 -0.7399
vn 0.3725 0.8981 0.2338
vn 0.4732 0.8440 0.2525
vn 0.4407 0.8735 0.2069
vn 0.3575 0.9138 0.1927
vn 0.1702 0.9613 0.2167
vn 0.3972 0.9072 0.1385
vn 0.1681 0.9699 0.1761
vn -0.0000 0.9772 0.2125
vn 0.3236 0.9385 0.1205
vn 0.3648 0.9257 0.1001
vn 0.3065 0.9486 0.0793
vn 0.1547 0.9830 0.0991
vn 0.1524 0.9866 0.0588
vn -0.0000 0.9848 0.1736
vn -0.0000 0.9954 0.0954
vn -0.0000 0.9984 0.0561
vn -0.1524 0.9866 0.0588
vn -0.1680 0.9699 0.1761
vn -0.1702 0.9613 0.2167
vn -0.1547 0.9830 0.0991
vn -0.3064 0.9486 0.0793
vn -0.3237 0.9385 0.1206
vn -0.3648 0.9257 0.1001
vn -0.3972 0.9072 0.1385
vn -0.3575 0.9138 0.1927
vn -0.4407 0.8735 0.2069
vn -0.3725 0.8981 0.2338
vn -0.4732 0.8440 0.2525
vn 0.3037 0.9411 0.1488
vn 0.3816 0.9078 0.1739
vn 0.3465 0.9293 0.1276
vn 0.2883 0.9510 0.1114
vn 0.3166 0.9441 0.0922
vn 0.1455 0.9811 0.1277
vn 0.2703 0.9600 0.0726
vn 0.1437 0.9853 0.0922
vn -0.0000 0.9924 0.1228
vn 0.1410 0.9885 0.0544
vn -0.0000 0.9961 0.0885
vn -0.0000 0.9986 0.0523
vn -0.1410 0.9885 0.0543
vn -0.1437 0.9853 0.0922
vn -0.1455 0.9811 0.1277
vn -0.2703 0.9600 0.0726
vn -0.2883 0.9510 0.1114
vn -0.3166 0.9441 0.0922
vn -0.3037 0.9411 0.1488
vn -0.3465 0.9293 0.1276
vn -0.3816 0.9078 0.1739
vn 0.3811 0.4477 -0.8089
vn 0.3821 0.4373 -0.8141
vn 0.4011 0.4549 -0.7951
vn 0.4371 -0.0914 -0.8947
vn 0.3770 0.4501 -0.8095
vn 0.4600 -0.0922 -0.8831
vn 0.5204 -0.0023 -0.8539
vn 0.5205 -0.0007 -0.8539
vn 0.5215 -0.0009 -0.8533
vn 0.5204 0.0005 -0.8539
vn -0.1732 -0.9827 0.0661
vn 0.1169 -0.9912 0.0628
vn 0.1147 -0.9914 0.0630
vn 0.0811 -0.9946 0.0644
vn -0.2185 -0.9740 0.0595
vn -0.4049 -0.8988 0.1679
vn -0.4240 -0.8877 0.1792
vn -0.9327 0.3607 -0.0000
vn -0.9806 0.1962 -0.0000
vn -0.9789 0.2033 0.0204
vn -0.8799 0.4750 0.0153
vn -0.6274 0.7787 -0.0000
vn -0.9694 0.2373 0.0625
vn -0.5123 0.8588 0.0054
vn -0.2833 0.9590 -0.0000
vn -0.8603 0.5079 0.0444
vn -0.9419 0.3157 0.1148
vn -0.4937 0.8695 0.0186
vn -0.2765 0.9610 0.0060
vn -0.8171 0.5712 0.0775
vn -0.8571 0.4774 0.1936
vn -0.4506 0.8922 0.0323
vn -0.2553 0.9668 0.0119
vn -0.7342 0.6684 0.1197
vn -0.7000 0.6619 0.2681
vn -0.3801 0.9238 0.0456
vn -0.2227 0.9747 0.0166
vn -0.5709 0.8007 0.1812
vn -0.0938 0.9393 0.3299
vn -0.2773 0.9589 0.0596
vn -0.1810 0.9833 0.0200
vn -0.0790 0.9570 0.2792
vn 0.5270 0.8109 0.2545
vn -0.1044 0.9913 0.0806
vn -0.1307 0.9912 0.0219
vn 0.3909 0.9014 0.1860
vn 0.7390 0.6453 0.1936
vn 0.0714 0.9957 0.0596
vn -0.0786 0.9967 0.0219
vn 0.5792 0.8063 0.1196
vn 0.8557 0.5046 0.1147
vn 0.1798 0.9826 0.0456
vn -0.0273 0.9994 0.0200
vn 0.6806 0.7285 0.0775
vn 0.8989 0.4338 0.0626
vn 0.2550 0.9664 0.0323
vn 0.0142 0.9998 0.0167
vn 0.9130 0.4065 0.0335
vn 0.6947 0.7188 0.0270
vn 0.7358 0.6757 0.0444
vn 0.1966 0.9804 0.0104
vn 0.3024 0.9530 0.0185
vn 0.0494 0.9987 0.0117
vn 0.0705 0.9975 0.0061
vn -0.0320 0.9972 -0.0674
vn -0.0698 0.9947 -0.0756
vn -0.0946 0.9952 -0.0236
vn 0.0319 0.9599 -0.2787
vn 0.1526 0.9580 -0.2427
vn 0.0810 0.9242 -0.3733
vn 0.1690 0.9179 -0.3590
vn 0.0233 0.9983 -0.0542
vn -0.0721 0.9972 -0.0216
vn 0.3158 0.9310 -0.1832
vn 0.4253 0.8562 -0.2934
vn 0.0643 0.9971 -0.0397
vn -0.0533 0.9984 -0.0179
vn 0.4178 0.8995 -0.1277
vn 0.5958 0.7757 -0.2080
vn 0.0909 0.9956 -0.0238
vn -0.0388 0.9992 -0.0128
vn 0.4781 0.8751 -0.0755
vn 0.6901 0.7132 -0.1232
vn 0.1031 0.9946 -0.0077
vn -0.0294 0.9995 -0.0066
vn 0.5069 0.8616 -0.0251
vn 0.7322 0.6799 -0.0410
vn 0.1031 0.9946 0.0076
vn -0.0263 0.9997 -0.0000
vn 0.5070 0.8616 0.0251
vn 0.7321 0.6799 0.0410
vn 0.0908 0.9956 0.0238
vn -0.0294 0.9995 0.0066
vn 0.4781 0.8750 0.0755
vn 0.6901 0.7132 0.1232
vn 0.0642 0.9971 0.0397
vn -0.0388 0.9992 0.0128
vn 0.4178 0.8995 0.1277
vn 0.5959 0.7757 0.2080
vn 0.0234 0.9983 0.0543
vn -0.0533 0.9984 0.0179
vn 0.3157 0.9310 0.1832
vn 0.4254 0.8561 0.2934
vn -0.0320 0.9972 0.0675
vn -0.0722 0.9972 0.0216
vn 0.1526 0.9580 0.2426
vn 0.1690 0.9179 0.3590
vn -0.1047 0.9916 0.0757
vn -0.0946 0.9952 0.0236
vn -0.1005 0.9544 0.2812
vn -0.0967 0.9202 0.3793
vn -0.1766 0.9820 0.0674
vn -0.1155 0.9930 0.0236
vn -0.3484 0.9054 0.2426
vn -0.3561 0.8628 0.3589
vn -0.2303 0.9716 0.0543
vn -0.1370 0.9903 0.0217
vn -0.5023 0.8451 0.1832
vn -0.5941 0.7490 0.2933
vn -0.2701 0.9620 0.0398
vn -0.1554 0.9877 0.0181
vn -0.5954 0.7932 0.1277
vn -0.7440 0.6350 0.2080
vn -0.2958 0.9550 0.0239
vn -0.1700 0.9854 0.0129
vn -0.6496 0.7565 0.0754
vn -0.8233 0.5541 0.1231
vn -0.3076 0.9515 0.0078
vn -0.1789 0.9838 0.0068
vn -0.6750 0.7374 0.0251
vn -0.8575 0.5129 0.0410
vn -0.3077 0.9515 -0.0078
vn -0.1821 0.9833 -0.0000
vn -0.6750 0.7374 -0.0251
vn -0.8575 0.5129 -0.0410
vn -0.2959 0.9549 -0.0239
vn -0.1789 0.9838 -0.0068
vn -0.6497 0.7565 -0.0754
vn -0.8233 0.5541 -0.1231
vn -0.2701 0.9620 -0.0398
vn -0.1700 0.9854 -0.0129
vn -0.5955 0.7932 -0.1276
vn -0.7441 0.6349 -0.2080
vn -0.2304 0.9716 -0.0543
vn -0.1554 0.9877 -0.0181
vn -0.5022 0.8451 -0.1832
vn -0.5940 0.7491 -0.2933
vn -0.1766 0.9820 -0.0674
vn -0.1370 0.9903 -0.0217
vn -0.3484 0.9054 -0.2426
vn -0.3561 0.8628 -0.3589
vn -0.1397 0.9873 -0.0757
vn -0.1155 0.9930 -0.0236
vn -0.2311 0.9322 -0.2786
vn -0.2713 0.8872 -0.3732
vn 0.0461 0.9945 -0.0936
vn -0.0267 0.9936 -0.1101
vn -0.0731 0.9963 -0.0443
vn -0.0068 0.9903 -0.1390
vn 0.0278 0.9903 -0.1364
vn 0.1506 0.9858 -0.0738
vn -0.0144 0.9991 -0.0406
vn 0.1915 0.9741 -0.1203
vn 0.2265 0.9725 -0.0534
vn 0.0362 0.9988 -0.0336
vn 0.3261 0.9407 -0.0935
vn 0.2747 0.9610 -0.0317
vn 0.0763 0.9968 -0.0238
vn 0.4177 0.9066 -0.0605
vn 0.2970 0.9548 -0.0102
vn 0.1007 0.9948 -0.0124
vn 0.4676 0.8837 -0.0220
vn 0.2970 0.9548 0.0102
vn 0.1091 0.9940 -0.0000
vn 0.5350 0.8432 0.0533
vn 0.3016 0.9519 0.0549
vn 0.1007 0.9948 0.0124
vn 0.5864 0.8053 0.0872
vn 0.7123 0.7003 0.0474
vn 0.3025 0.9509 0.0647
vn 0.0763 0.9968 0.0238
vn 0.6619 0.7378 0.1325
vn 0.8077 0.5381 0.2411
vn 0.2191 0.9714 0.0920
vn 0.0362 0.9988 0.0336
vn 0.5634 0.7905 0.2401
vn 0.8085 0.5064 0.3000
vn 0.9169 0.3294 0.2255
vn 0.0945 0.9881 0.1216
vn -0.0144 0.9991 0.0406
vn 0.6477 0.6009 0.4684
vn 0.8833 0.2307 0.4081
vn 0.4028 0.8522 0.3338
vn -0.0936 0.8902 0.4458
vn -0.0865 0.8238 0.5602
vn -0.1034 0.9835 0.1485
vn -0.0732 0.9963 0.0443
vn -0.2976 0.9469 0.1216
vn -0.1355 0.9898 0.0443
vn -0.5515 0.7659 0.3305
vn -0.7566 0.4512 0.4733
vn -0.4162 0.9046 0.0920
vn -0.1930 0.9804 0.0406
vn -0.9070 0.3095 0.2855
vn -0.9120 0.0417 0.4081
vn -0.7572 0.6150 0.2201
vn -0.8451 0.5147 0.1445
vn -0.9499 0.2486 0.1896
vn -0.4937 0.8672 0.0648
vn -0.2437 0.9693 0.0335
vn -0.5397 0.8410 0.0379
vn -0.2813 0.9593 0.0239
vn -0.8890 0.4505 0.0823
vn -0.9771 0.1832 0.1086
vn -0.5606 0.8280 0.0122
vn -0.3052 0.9522 0.0123
vn -0.9614 0.2559 0.1009
vn -0.9964 0.0608 0.0597
vn -0.8796 0.4741 0.0395
vn -0.7973 0.6036 0.0009
vn -0.5606 0.8280 -0.0122
vn -0.3132 0.9497 -0.0000
vn -0.5264 0.8501 -0.0176
vn -0.3052 0.9522 -0.0123
vn -0.7183 0.6948 -0.0360
vn -0.8422 0.5370 -0.0473
vn -0.4238 0.9042 -0.0534
vn -0.2813 0.9593 -0.0239
vn -0.5144 0.8524 -0.0935
vn -0.3522 0.9330 -0.0737
vn -0.2437 0.9693 -0.0335
vn -0.3901 0.9129 -0.1202
vn -0.2516 0.9633 -0.0936
vn -0.1930 0.9803 -0.0406
vn -0.2329 0.9629 -0.1364
vn -0.1803 0.9774 -0.1100
vn -0.1356 0.9898 -0.0443
vn -0.1989 0.9701 -0.1391
vn -0.1667 0.9772 -0.1316
vn -0.2125 0.9668 -0.1418
vn -0.2442 0.9673 -0.0684
vn -0.0832 0.9098 -0.4065
vn 0.0533 0.9312 -0.3605
vn -0.0128 0.8481 -0.5297
vn 0.1020 0.8570 -0.5051
vn -0.0974 0.9888 -0.1133
vn -0.2177 0.9738 -0.0659
vn 0.2431 0.9296 -0.2769
vn 0.3925 0.8274 -0.4017
vn -0.0457 0.9947 -0.0923
vn -0.1941 0.9791 -0.0608
vn 0.3592 0.9115 -0.2002
vn 0.5723 0.7702 -0.2814
vn -0.0123 0.9975 -0.0696
vn -0.1750 0.9831 -0.0533
vn 0.4278 0.8944 -0.1304
vn 0.6661 0.7258 -0.1720
vn 0.0033 0.9989 -0.0467
vn -0.1635 0.9855 -0.0446
vn 0.4606 0.8853 -0.0642
vn 0.7062 0.7043 -0.0728
vn 0.0033 0.9997 -0.0242
vn -0.1595 0.9866 -0.0350
vn 0.4606 0.8876 0.0014
vn 0.7062 0.7077 0.0228
vn -0.0126 0.9999 -0.0009
vn -0.1635 0.9862 -0.0253
vn 0.4277 0.9014 0.0669
vn 0.6661 0.7361 0.1203
vn -0.0458 0.9987 0.0219
vn -0.1757 0.9843 -0.0160
vn 0.3593 0.9234 0.1353
vn 0.5723 0.7882 0.2263
vn -0.0971 0.9943 0.0430
vn -0.1935 0.9811 -0.0087
vn 0.2430 0.9469 0.2106
vn 0.3925 0.8537 0.3423
vn -0.1668 0.9840 0.0622
vn -0.2178 0.9760 -0.0031
vn 0.0533 0.9544 0.2938
vn 0.1021 0.8905 0.4433
vn -0.2573 0.9635 0.0735
vn -0.2443 0.9697 -0.0001
vn -0.2395 0.9068 0.3471
vn -0.2224 0.8479 0.4813
vn -0.3461 0.9360 0.0640
vn -0.2730 0.9620 0.0002
vn -0.5178 0.8015 0.2992
vn -0.5255 0.7225 0.4492
vn -0.4118 0.9101 0.0460
vn -0.2989 0.9543 -0.0023
vn -0.6800 0.6996 0.2193
vn -0.7606 0.5448 0.3531
vn -0.4591 0.8880 0.0257
vn -0.3227 0.9465 -0.0075
vn -0.7700 0.6211 0.1460
vn -0.8854 0.3980 0.2402
vn -0.4890 0.8723 0.0035
vn -0.3406 0.9401 -0.0147
vn -0.8197 0.5674 0.0787
vn -0.9426 0.3053 0.1355
vn -0.5028 0.8642 -0.0193
vn -0.3515 0.9359 -0.0232
vn -0.8424 0.5387 0.0138
vn -0.9648 0.2601 0.0386
vn -0.5028 0.8634 -0.0418
vn -0.3555 0.9341 -0.0331
vn -0.8424 0.5363 -0.0518
vn -0.9648 0.2568 -0.0569
vn -0.4889 0.8699 -0.0652
vn -0.3516 0.9352 -0.0428
vn -0.8197 0.5604 -0.1186
vn -0.9425 0.2950 -0.1568
vn -0.4591 0.8840 -0.0884
vn -0.3402 0.9389 -0.0520
vn -0.7701 0.6092 -0.1895
vn -0.8855 0.3799 -0.2676
vn -0.4123 0.9044 -0.1101
vn -0.3230 0.9445 -0.0594
vn -0.6799 0.6825 -0.2683
vn -0.7605 0.5186 -0.3908
vn -0.3461 0.9292 -0.1299
vn -0.2997 0.9518 -0.0650
vn -0.5178 0.7783 -0.3551
vn -0.5254 0.6890 -0.4992
vn -0.3006 0.9433 -0.1410
vn -0.2721 0.9599 -0.0682
vn -0.3899 0.8277 -0.4036
vn -0.4220 0.7385 -0.5258
vn 0.0765 0.6928 0.7171
vn -0.9591 0.0555 0.2777
vn -0.9981 0.0293 0.0547
vn -0.9975 0.0359 -0.0616
vn -0.9783 -0.2013 0.0487
vn -0.9733 -0.2253 0.0442
vn -0.9972 0.0445 -0.0600
vn -0.9979 0.0427 -0.0490
vn -0.9332 -0.2952 -0.2049
vn -0.9887 -0.1390 -0.0561
vn -0.9717 -0.2314 0.0474
vn -0.9620 -0.2251 -0.1542
vn -0.9740 -0.2252 -0.0245
vn -0.9768 -0.2138 0.0140
vn -0.9691 0.2137 0.1235
vn -0.9670 0.2106 0.1436
vn -0.9681 0.2135 0.1307
vn -0.9676 0.2262 0.1119
vn -0.9503 0.2921 0.1081
vn -0.9733 0.1986 0.1149
vn -0.9842 0.1299 0.1205
vn -0.3820 0.4364 -0.8146
vn -0.3809 0.4477 -0.8090
vn -0.3999 0.4533 -0.7966
vn -0.4371 -0.0914 -0.8947
vn -0.3769 0.4516 -0.8087
vn -0.4600 -0.0922 -0.8831
vn -0.5204 -0.0023 -0.8539
vn -0.5206 0.0004 -0.8538
vn -0.5207 0.0035 -0.8537
vn -0.5215 -0.0009 -0.8533
vn -0.0000 -0.9781 -0.2079
vn -0.0001 -0.9781 -0.2079
vn 0.0001 -0.9781 -0.2079
vn 0.0001 -0.9782 -0.2079
vn -0.0001 -0.9782 -0.2079
vn -0.0000 -0.9782 -0.2079
vn -0.0000 -0.9781 -0.2080
vn -0.0003 -0.9782 -0.2079
vn 0.0003 -0.9782 -0.2079
vn -0.5431 -0.8263 -0.1493
vn -0.5482 -0.8296 -0.1061
vn -0.0000 -0.9922 -0.1246
vn 0.5482 -0.8296 -0.1061
vn 0.5431 -0.8263 -0.1493
vn -0.0000 -0.9828 -0.1845
vn -0.5291 -0.8043 -0.2705
vn 0.5291 -0.8043 -0.2705
vn -0.0000 -0.9392 -0.3434
vn -0.5156 -0.7770 -0.3612
vn 0.5156 -0.7770 -0.3612
vn -0.0000 -0.9049 -0.4256
vn 0.2060 0.8953 -0.3949
vn 0.2092 0.8929 -0.3987
vn 0.1448 0.9035 -0.4035
vn 0.1620 0.9022 -0.3998
vn 0.1348 0.9363 -0.3244
vn -0.0000 0.9095 -0.4156
vn -0.0000 0.9131 -0.4078
vn -0.1448 0.9035 -0.4035
vn -0.0000 0.9368 -0.3499
vn -0.0000 0.9509 -0.3094
vn 0.0578 0.9428 -0.3282
vn -0.1620 0.9022 -0.3998
vn -0.2092 0.8929 -0.3987
vn -0.2061 0.8953 -0.3949
vn -0.1348 0.9363 -0.3244
vn -0.0578 0.9428 -0.3282
vn -0.0000 -0.9599 0.2804
vn 0.5736 -0.7998 0.1769
vn 0.5735 -0.7998 0.1771
vn -0.0000 -0.9727 0.2319
vn 0.5721 -0.8008 0.1773
vn -0.5735 -0.7998 0.1771
vn -0.5721 -0.8008 0.1773
vn -0.5736 -0.7998 0.1769
vn -0.0003 0.9994 0.0334
vn -0.0000 0.9994 0.0333
vn -0.0034 0.9998 0.0187
vn 0.0003 0.9994 0.0334
vn 0.0034 0.9998 0.0187
vn -0.0000 0.9988 0.0496
vn -0.0000 0.9987 0.0507
vn -0.0000 0.9965 0.0842
vn -0.0000 0.9964 0.0852
vn -0.0000 0.9933 0.1158
vn -0.0000 0.9932 0.1163
vn -0.0000 0.9823 0.1875
vn -0.0000 0.9822 0.1881
vn -0.0000 0.9175 0.3978
vn -0.0000 0.9160 0.4011
vn -0.0028 0.8396 0.5432
vn 0.0028 0.8396 0.5432
vn -0.0000 0.8411 0.5408
vn -0.0000 0.9991 0.0431
vn -0.0000 0.9992 0.0390
vn 0.0011 0.9989 0.0471
vn -0.0010 0.9989 0.0470
vn -0.0000 0.9989 0.0470
vn 0.0010 0.9989 0.0470
vn -0.0011 0.9989 0.0471
vn -0.0000 -0.9603 -0.2790
vn 0.8857 -0.4457 -0.1295
vn 0.9161 -0.3935 -0.0762
vn -0.9161 -0.3935 -0.0762
vn -0.8857 -0.4457 -0.1295
vn -0.0000 -0.9944 -0.1053
vn 0.9305 -0.3664 0.0002
vn -0.9305 -0.3664 0.0002
vn -0.0000 -1.0000 0.0079
vn 0.5646 -0.8203 0.0910
vn -0.5646 -0.8203 0.0910
vn -0.0000 -0.9933 0.1154
vn -0.0000 -0.7539 0.6570
vn -0.0004 -0.7272 0.6864
vn 0.0011 -0.7420 0.6704
vn -0.0000 -0.7625 0.6470
vn -0.0000 -0.7587 0.6514
vn -0.0011 -0.7420 0.6704
vn 0.0004 -0.7272 0.6864
vn -0.0000 0.9961 0.0882
vn -0.0000 0.9971 0.0759
vn -0.0000 0.9971 0.0760
vn -0.0000 0.9980 0.0637
vn -0.0000 -0.9978 -0.0662
vn -0.0000 -0.9949 -0.1010
vn -0.0000 -0.9779 -0.2093
vn -0.0000 -0.9424 -0.3346
vn -0.0000 -0.9088 -0.4171
vn -0.0000 -0.8944 -0.4474
vn -0.0000 -1.0000 -0.0013
vn 0.5239 -0.8518 -0.0011
vn 0.4231 -0.9061 -0.0004
vn -0.4231 -0.9061 -0.0004
vn -0.5239 -0.8518 -0.0011
vn -0.0000 -1.0000 -0.0002
vn 0.3907 -0.9205 -0.0011
vn -0.3907 -0.9205 -0.0011
vn -0.0000 -1.0000 -0.0011
vn 0.3357 -0.9420 -0.0015
vn -0.3357 -0.9420 -0.0015
vn -0.0000 -1.0000 -0.0015
vn 0.3380 -0.9411 -0.0023
vn -0.3380 -0.9411 -0.0023
vn -0.0000 -1.0000 -0.0024
vn 0.3541 -0.9352 -0.0023
vn -0.3541 -0.9352 -0.0023
vn -0.0000 -1.0000 -0.0025
vn 0.3569 -0.9340 0.0139
vn -0.3569 -0.9340 0.0139
vn -0.0000 -0.9999 0.0152
vn 0.4370 -0.8993 0.0133
vn -0.4370 -0.8993 0.0133
vn -0.0000 -0.9999 0.0135
vn 0.4816 -0.8761 -0.0245
vn -0.4816 -0.8761 -0.0245
vn -0.0000 -0.9995 -0.0313
vn 0.6062 -0.7939 -0.0467
vn -0.6062 -0.7939 -0.0467
vn -0.0000 -0.9983 -0.0588
vn 0.9865 0.0199 0.1624
vn 0.9846 0.0699 0.1603
vn 0.8660 0.4725 0.1635
vn 0.9857 -0.0099 0.1680
vn 0.9582 -0.0106 0.2860
vn 0.8825 0.4390 0.1689
vn 0.8882 0.4588 0.0269
vn 0.9036 0.3903 0.1763
vn -0.9855 -0.0117 0.1693
vn -0.9036 0.3903 0.1763
vn -0.8825 0.4390 0.1689
vn -0.8660 0.4725 0.1635
vn -0.8882 0.4588 0.0269
vn -0.9864 0.0189 0.1630
vn -0.9548 -0.0117 0.2970
vn -0.9846 0.0698 0.1604
vn 0.2534 0.6864 -0.6817
vn 0.1430 0.7619 -0.6317
vn 0.1400 0.7541 -0.6417
vn 0.3953 0.5637 -0.7253
vn 0.3328 0.5533 -0.7636
vn 0.1705 0.8363 -0.5211
vn 0.1129 0.8224 -0.5575
vn 0.1304 0.9107 -0.3920
vn 0.3590 0.6643 -0.6556
vn 0.5536 0.5052 -0.6620
vn 0.2620 0.8422 -0.4712
vn 0.1901 0.9117 -0.3643
vn 0.4553 0.6899 -0.5628
vn 0.3373 0.8553 -0.3933
vn 0.2626 0.9215 -0.2860
vn 0.6853 0.3452 -0.6412
vn 0.6354 0.3161 -0.7045
vn 0.3880 0.8742 -0.2920
vn 0.3048 0.9305 -0.2032
vn 0.6406 0.4994 -0.5832
vn 0.7571 0.4249 -0.4962
vn 0.5240 0.7297 -0.4392
vn 0.6955 0.5753 -0.4306
vn 0.7892 0.5276 -0.3142
vn 0.5548 0.7783 -0.2939
vn 0.7080 0.6593 -0.2532
vn 0.7790 0.6184 -0.1032
vn 0.4127 0.8932 -0.1787
vn 0.3220 0.9351 -0.1477
vn 0.4241 0.8979 -0.1182
vn 0.4801 0.8710 -0.1041
vn 0.5493 0.8234 -0.1424
vn 0.4625 0.8866 -0.0012
vn 0.6864 0.7245 -0.0628
vn 0.7391 0.6651 0.1068
vn 0.5199 0.8542 -0.0085
vn 0.6493 0.7509 0.1207
vn 0.6950 0.6590 0.2875
vn 0.4962 0.8608 0.1133
vn 0.4422 0.8890 0.1192
vn 0.6175 0.7368 0.2755
vn 0.6817 0.6233 0.3831
vn 0.3985 0.9063 0.1404
vn 0.5755 0.7457 0.3358
vn 0.4853 0.8479 0.2133
vn 0.4889 0.8221 0.2916
vn 0.5456 0.7388 0.3956
vn 0.3884 0.9063 0.1669
vn 0.3372 0.9342 0.1167
vn 0.3370 0.9311 0.1398
vn 0.3917 0.8950 0.2134
vn 0.3399 0.9245 0.1724
vn 0.5071 0.7840 0.3580
vn 0.5714 0.6686 0.4759
vn 0.4001 0.8804 0.2547
vn 0.3421 0.9180 0.2005
vn 0.5267 0.7351 0.4268
vn 0.5690 0.5874 0.5755
vn 0.4033 0.8653 0.2978
vn 0.3362 0.9136 0.2288
vn 0.5169 0.6846 0.5139
vn 0.4706 0.5202 0.7127
vn 0.3802 0.8558 0.3507
vn 0.3073 0.9150 0.2614
vn 0.4210 0.6515 0.6311
vn 0.1953 0.4909 0.8490
vn 0.2967 0.8593 0.4165
vn 0.2316 0.9259 0.2985
vn 0.1737 0.6444 0.7447
vn -0.0000 0.4778 0.8785
vn 0.1188 0.8713 0.4762
vn 0.0893 0.9403 0.3286
vn -0.0000 0.6547 0.7559
vn -0.0000 0.8812 0.4727
vn -0.0000 0.9416 0.3368
vn -0.0893 0.9403 0.3286
vn -0.1188 0.8713 0.4762
vn -0.2316 0.9259 0.2985
vn -0.1737 0.6444 0.7447
vn -0.1953 0.4909 0.8490
vn -0.2967 0.8593 0.4165
vn -0.3073 0.9150 0.2615
vn -0.4210 0.6515 0.6311
vn -0.4705 0.5202 0.7127
vn -0.3802 0.8558 0.3507
vn -0.3362 0.9136 0.2288
vn -0.5169 0.6846 0.5139
vn -0.5691 0.5874 0.5755
vn -0.4033 0.8653 0.2978
vn -0.3421 0.9180 0.2005
vn -0.5267 0.7351 0.4268
vn -0.5714 0.6686 0.4759
vn -0.4001 0.8804 0.2547
vn -0.3398 0.9245 0.1724
vn -0.5071 0.7840 0.3580
vn -0.5455 0.7388 0.3956
vn -0.3918 0.8950 0.2134
vn -0.3370 0.9311 0.1398
vn -0.4889 0.8221 0.2916
vn -0.5755 0.7457 0.3357
vn -0.3884 0.9063 0.1669
vn -0.3373 0.9342 0.1167
vn -0.3986 0.9064 0.1403
vn -0.4853 0.8479 0.2133
vn -0.4962 0.8608 0.1133
vn -0.4422 0.8890 0.1192
vn -0.6175 0.7368 0.2755
vn -0.6817 0.6233 0.3831
vn -0.4628 0.8865 -0.0013
vn -0.6950 0.6590 0.2875
vn -0.6493 0.7509 0.1206
vn -0.7392 0.6650 0.1068
vn -0.5200 0.8541 -0.0085
vn -0.6864 0.7245 -0.0628
vn -0.7791 0.6184 -0.1033
vn -0.5494 0.8234 -0.1425
vn -0.4802 0.8709 -0.1042
vn -0.7079 0.6593 -0.2532
vn -0.7892 0.5277 -0.3142
vn -0.4127 0.8932 -0.1787
vn -0.4242 0.8978 -0.1184
vn -0.3220 0.9351 -0.1478
vn -0.3048 0.9305 -0.2032
vn -0.5548 0.7783 -0.2939
vn -0.6954 0.5753 -0.4305
vn -0.7571 0.4249 -0.4962
vn -0.3880 0.8742 -0.2920
vn -0.2626 0.9216 -0.2860
vn -0.5240 0.7298 -0.4392
vn -0.6406 0.4994 -0.5832
vn -0.6853 0.3451 -0.6412
vn -0.3373 0.8553 -0.3933
vn -0.1901 0.9117 -0.3643
vn -0.5536 0.5052 -0.6620
vn -0.6354 0.3160 -0.7045
vn -0.2620 0.8422 -0.4712
vn -0.1303 0.9107 -0.3920
vn -0.4553 0.6899 -0.5628
vn -0.1705 0.8363 -0.5211
vn -0.1129 0.8225 -0.5575
vn -0.1400 0.7541 -0.6417
vn -0.3590 0.6643 -0.6556
vn -0.3953 0.5636 -0.7253
vn -0.2534 0.6864 -0.6817
vn -0.1430 0.7619 -0.6317
vn -0.3328 0.5532 -0.7637
vn 0.6949 0.7073 -0.1301
vn 0.3838 0.9234 -0.0124
vn 0.8619 0.4904 0.1289
vn 0.8225 0.2869 0.4911
vn 0.6920 0.3121 0.6509
vn 0.5622 -0.0831 0.8228
vn 0.9435 0.2568 0.2093
vn 0.7740 -0.1263 0.6205
vn 0.4893 -0.1637 0.8566
vn 0.3251 0.0696 0.9431
vn 0.7110 -0.2921 0.6397
vn 0.3024 -0.0556 0.9515
vn -0.0193 0.1304 0.9913
vn 0.9421 -0.2264 0.2471
vn 0.8840 -0.3928 0.2534
vn 0.0683 0.2784 0.9580
vn -0.4083 0.3535 0.8416
vn 0.3826 0.5179 0.7651
vn 0.9584 -0.2351 -0.1621
vn 0.9003 -0.4015 -0.1680
vn 0.9727 0.1930 -0.1292
vn 0.8233 -0.1512 -0.5471
vn 0.7613 -0.3170 -0.5657
vn 0.8468 0.2688 -0.4590
vn 0.6152 0.4026 -0.6778
vn 0.5405 0.6650 -0.5153
vn 0.5430 0.0170 -0.8395
vn 0.4712 -0.1433 -0.8703
vn 0.2858 0.5612 -0.7767
vn 0.1052 0.6369 -0.7638
vn 0.1588 0.2377 -0.9583
vn 0.0734 0.0907 -0.9932
vn -0.1408 0.3332 -0.9323
vn -0.2275 0.2647 -0.9371
vn -0.4084 0.3674 -0.8356
vn -0.3726 0.4671 -0.8019
vn -0.5264 0.6074 -0.5950
vn -0.6223 0.4875 -0.6125
vn -0.2786 0.8309 -0.4817
vn -0.1790 0.7812 -0.5981
vn -0.0588 0.9835 -0.1709
vn -0.6848 0.6874 -0.2421
vn -0.7808 0.5731 -0.2489
vn -0.3974 0.8974 -0.1918
vn 0.0659 0.9906 0.1195
vn 0.3855 0.9226 -0.0150
vn -0.4169 0.9035 0.0994
vn -0.7045 0.6957 0.1405
vn -0.8012 0.5807 0.1443
vn -0.3006 0.8620 0.4082
vn 0.1057 0.8698 0.4819
vn -0.5817 0.6308 0.5135
vn -0.6794 0.5090 0.5285
vn -0.0916 0.7718 0.6293
vn -0.3123 0.4871 0.8156
vn 0.2158 0.5983 0.7717
vn 0.3923 -0.9186 -0.0479
vn 0.7486 -0.6613 -0.0480
vn 0.2076 -0.9208 0.3302
vn 0.0884 -0.6928 0.7157
vn 0.1845 -0.5314 0.8268
vn -0.0748 -0.2563 0.9637
vn -0.0380 -0.8800 0.4735
vn -0.2199 -0.4732 0.8531
vn -0.1122 -0.1679 0.9794
vn 0.1334 -0.0767 0.9881
vn -0.3284 -0.3713 0.8685
vn 0.0422 -0.0271 0.9987
vn 0.2885 0.1913 0.9382
vn -0.4434 -0.6991 0.5609
vn -0.5614 -0.6000 0.5700
vn 0.3801 0.0791 0.9216
vn 0.5760 0.4361 0.6914
vn 0.4675 -0.2940 0.8336
vn -0.5514 -0.8228 0.1381
vn -0.6750 -0.7253 0.1357
vn -0.1827 -0.9763 0.1161
vn -0.5058 -0.7997 -0.3234
vn -0.6259 -0.7023 -0.3392
vn -0.1410 -0.9445 -0.2967
vn 0.0122 -0.7963 -0.6048
vn 0.2952 -0.7984 -0.5248
vn -0.3170 -0.6353 -0.7042
vn -0.4256 -0.5369 -0.7284
vn 0.2237 -0.5561 -0.8004
vn 0.3383 -0.4168 -0.8437
vn -0.0407 -0.3822 -0.9232
vn -0.1355 -0.2830 -0.9495
vn 0.1242 -0.1607 -0.9791
vn 0.0950 -0.0765 -0.9925
vn 0.2462 0.0611 -0.9673
vn 0.3243 0.0144 -0.9458
vn 0.5365 0.1548 -0.8296
vn 0.4595 0.2576 -0.8500
vn 0.6953 -0.0886 -0.7132
vn 0.5884 -0.1910 -0.7856
vn 0.8878 -0.2847 -0.3616
vn 0.7522 0.3584 -0.5529
vn 0.6781 0.4657 -0.5686
vn 0.8811 0.0649 -0.4684
vn 0.9451 -0.3266 0.0035
vn 0.7465 -0.6635 -0.0505
vn 0.9758 0.1548 -0.1546
vn 0.8668 0.4729 -0.1584
vn 0.7925 0.5864 -0.1678
vn 0.9634 0.1324 0.2332
vn 0.8596 -0.2267 0.4578
vn 0.8382 0.4621 0.2896
vn 0.7612 0.5806 0.2890
vn 0.8404 0.0108 0.5419
vn 0.6594 0.3180 0.6813
vn 0.5957 -0.1736 0.7842
vn -0.3836 0.9234 -0.0123
vn -0.6948 0.7073 -0.1301
vn -0.8617 0.4907 0.1290
vn -0.8225 0.2870 0.4911
vn -0.6920 0.3122 0.6508
vn -0.5621 -0.0833 0.8228
vn -0.9435 0.2568 0.2093
vn -0.7739 -0.1264 0.6205
vn -0.4893 -0.1638 0.8566
vn -0.3251 0.0697 0.9431
vn -0.7108 -0.2923 0.6398
vn -0.3025 -0.0556 0.9515
vn 0.0192 0.1304 0.9913
vn -0.9421 -0.2265 0.2471
vn -0.8840 -0.3928 0.2534
vn -0.0683 0.2785 0.9580
vn -0.3826 0.5179 0.7651
vn 0.4084 0.3533 0.8417
vn -0.2158 0.5983 0.7717
vn -0.1057 0.8698 0.4819
vn 0.3124 0.4870 0.8156
vn 0.6795 0.5090 0.5284
vn 0.0916 0.7718 0.6293
vn 0.5817 0.6308 0.5135
vn 0.8014 0.5805 0.1443
vn 0.3006 0.8620 0.4082
vn -0.0659 0.9906 0.1195
vn 0.7045 0.6956 0.1405
vn 0.7809 0.5729 -0.2489
vn 0.4168 0.9035 0.0993
vn 0.6849 0.6873 -0.2421
vn 0.6224 0.4873 -0.6124
vn 0.3975 0.8974 -0.1917
vn -0.3856 0.9226 -0.0150
vn 0.0588 0.9835 -0.1709
vn 0.5265 0.6073 -0.5949
vn 0.4085 0.3674 -0.8356
vn 0.2786 0.8309 -0.4817
vn 0.1790 0.7812 -0.5981
vn 0.3726 0.4671 -0.8019
vn 0.1408 0.3332 -0.9323
vn 0.2275 0.2648 -0.9371
vn -0.0734 0.0907 -0.9932
vn -0.1588 0.2377 -0.9583
vn -0.1053 0.6369 -0.7637
vn -0.4711 -0.1435 -0.8703
vn -0.2859 0.5612 -0.7767
vn -0.5405 0.6650 -0.5154
vn -0.5431 0.0169 -0.8395
vn -0.7612 -0.3170 -0.5657
vn -0.6152 0.4027 -0.6778
vn -0.8233 -0.1513 -0.5471
vn -0.9004 -0.4013 -0.1680
vn -0.8468 0.2687 -0.4591
vn -0.9584 -0.2351 -0.1622
vn -0.9727 0.1929 -0.1292
vn -0.7484 -0.6615 -0.0480
vn -0.3921 -0.9187 -0.0479
vn -0.2076 -0.9208 0.3301
vn -0.0883 -0.6928 0.7157
vn -0.1844 -0.5314 0.8268
vn 0.0748 -0.2563 0.9637
vn 0.0379 -0.8800 0.4735
vn 0.2198 -0.4732 0.8531
vn 0.1122 -0.1680 0.9794
vn -0.1334 -0.0767 0.9881
vn 0.3284 -0.3714 0.8685
vn -0.0422 -0.0271 0.9987
vn -0.2886 0.1912 0.9382
vn 0.4434 -0.6991 0.5609
vn 0.5614 -0.6000 0.5699
vn -0.3801 0.0790 0.9216
vn -0.4672 -0.2941 0.8338
vn -0.5762 0.4360 0.6913
vn -0.5956 -0.1737 0.7843
vn -0.8596 -0.2267 0.4579
vn -0.6594 0.3179 0.6813
vn -0.7614 0.5804 0.2889
vn -0.8404 0.0108 0.5418
vn -0.8383 0.4620 0.2895
vn -0.7926 0.5861 -0.1679
vn -0.9634 0.1325 0.2332
vn -0.9452 -0.3266 0.0036
vn -0.8668 0.4729 -0.1583
vn -0.6781 0.4658 -0.5685
vn -0.9758 0.1549 -0.1545
vn -0.7522 0.3586 -0.5529
vn -0.4595 0.2575 -0.8500
vn -0.8811 0.0648 -0.4685
vn -0.7465 -0.6635 -0.0505
vn -0.8878 -0.2847 -0.3617
vn -0.5365 0.1548 -0.8296
vn -0.2462 0.0611 -0.9673
vn -0.6953 -0.0886 -0.7133
vn -0.5884 -0.1910 -0.7857
vn -0.3244 0.0145 -0.9458
vn -0.1242 -0.1607 -0.9792
vn -0.0950 -0.0765 -0.9925
vn 0.1355 -0.2831 -0.9495
vn 0.0407 -0.3822 -0.9232
vn -0.3383 -0.4168 -0.8437
vn 0.4256 -0.5368 -0.7285
vn -0.2237 -0.5561 -0.8004
vn -0.2952 -0.7984 -0.5248
vn 0.3171 -0.6353 -0.7042
vn 0.6258 -0.7024 -0.3390
vn -0.0123 -0.7963 -0.6048
vn 0.5058 -0.7998 -0.3233
vn 0.6749 -0.7253 0.1357
vn 0.1410 -0.9445 -0.2967
vn 0.5514 -0.8227 0.1381
vn 0.1827 -0.9763 0.1162
vn 0.5785 -0.3397 -0.7416
vn 0.4737 -0.6090 -0.6362
vn -0.0000 -0.7026 -0.7116
vn -0.4737 -0.6090 -0.6362
vn -0.5786 -0.3397 -0.7415
vn -0.0000 -0.3903 -0.9207
vn 0.6525 0.1367 -0.7454
vn -0.0000 -0.0657 -0.9978
vn 0.5251 0.0084 -0.8510
vn -0.6527 0.1366 -0.7452
vn 0.5556 -0.1658 -0.8148
vn -0.5252 0.0086 -0.8510
vn -0.5557 -0.1657 -0.8147
vn -0.0000 -0.3142 -0.9493
vn -0.0000 -0.7284 -0.6852
vn -0.5627 -0.4465 -0.6957
vn -0.4495 -0.4648 -0.7629
vn -0.0000 0.1091 -0.9940
vn -0.5523 -0.4699 -0.6886
vn 0.5627 -0.4465 -0.6957
vn -0.3218 -0.4520 -0.8320
vn 0.4497 -0.4648 -0.7627
vn -0.3099 -0.4432 -0.8411
vn 0.5525 -0.4697 -0.6886
vn -0.0000 -0.4952 -0.8688
vn 0.3216 -0.4520 -0.8320
vn -0.0000 -0.5093 -0.8606
vn 0.3100 -0.4434 -0.8410
vn 0.3472 -0.4712 0.8108
vn 0.2593 -0.9575 0.1262
vn 0.7900 -0.2964 0.5368
vn 0.5551 -0.8020 -0.2206
vn 0.6616 0.5608 0.4979
vn 0.9639 -0.2444 -0.1058
vn 0.8820 -0.2027 -0.4254
vn 0.8988 0.4376 0.0265
vn 0.7023 -0.6291 -0.3332
vn 0.4659 -0.8345 -0.2943
vn 0.6607 -0.6575 -0.3621
vn 0.8977 -0.0503 -0.4376
vn -0.0000 -0.9540 -0.2997
vn 0.8897 0.0348 -0.4551
vn 0.8929 0.0917 -0.4409
vn -0.6607 -0.6575 -0.3621
vn 0.8996 0.0651 -0.4319
vn -0.4658 -0.8345 -0.2943
vn 0.8591 0.0967 -0.5025
vn -0.7023 -0.6291 -0.3332
vn 0.8674 0.0769 -0.4917
vn -0.8976 -0.0505 -0.4380
vn 0.4678 0.4256 -0.7746
vn -0.8896 0.0346 -0.4555
vn 0.5394 0.3911 -0.7457
vn -0.8927 0.0915 -0.4412
vn -0.0000 0.5536 -0.8328
vn -0.8994 0.0648 -0.4322
vn -0.0000 0.5539 -0.8326
vn -0.8589 0.0969 -0.5028
vn -0.4674 0.4258 -0.7747
vn -0.8672 0.0772 -0.4920
vn -0.5389 0.3914 -0.7459
vn -0.2594 -0.9575 0.1263
vn -0.3472 -0.4712 0.8108
vn -0.7899 -0.2965 0.5368
vn -0.6617 0.5606 0.4979
vn -0.5552 -0.8019 -0.2206
vn -0.9639 -0.2444 -0.1058
vn -0.8988 0.4376 0.0264
vn -0.8821 -0.2025 -0.4254
vn 0.5718 0.7892 0.2240
vn 0.5371 0.8112 0.2314
vn 0.4417 0.8727 0.2079
vn 0.4927 0.8535 0.1696
vn 0.4582 0.8643 0.2071
vn 0.3981 0.9061 0.1431
vn 0.4540 0.8820 0.1261
vn 0.3787 0.9203 0.0980
vn 0.2229 0.9585 0.1778
vn 0.2274 0.9546 0.1926
vn 0.2018 0.9730 0.1123
vn 0.1974 0.9779 0.0684
vn -0.0000 0.9853 0.1709
vn -0.0000 0.9815 0.1913
vn -0.2274 0.9546 0.1926
vn -0.0000 0.9943 0.1070
vn -0.0000 0.9980 0.0638
vn -0.1974 0.9779 0.0684
vn -0.2018 0.9730 0.1123
vn -0.3788 0.9203 0.0980
vn -0.2229 0.9585 0.1778
vn -0.4583 0.8643 0.2072
vn -0.3981 0.9061 0.1431
vn -0.4540 0.8820 0.1261
vn -0.4927 0.8535 0.1696
vn -0.4417 0.8727 0.2079
vn -0.5719 0.7891 0.2240
vn -0.5371 0.8112 0.2313
vn -0.0000 0.9925 0.1222
vn 0.0312 0.9923 0.1199
vn -0.0000 0.9929 0.1190
vn -0.0312 0.9923 0.1199
vn 0.0990 0.9882 0.1166
vn -0.0990 0.9882 0.1166
vn -0.0000 0.9956 0.0939
vn 0.0689 0.9941 0.0840
vn 0.1458 0.9821 0.1190
vn 0.0813 0.9880 0.1315
vn -0.0689 0.9941 0.0840
vn -0.1458 0.9821 0.1190
vn -0.0813 0.9880 0.1315
vn -0.0000 0.9995 0.0323
vn 0.0644 0.9968 0.0480
vn -0.0371 0.9882 0.1487
vn 0.0381 0.9951 0.0915
vn 0.0869 0.9957 0.0333
vn 0.0851 0.9961 0.0235
vn -0.0644 0.9968 0.0480
vn 0.0371 0.9882 0.1487
vn -0.0381 0.9951 0.0915
vn -0.0869 0.9957 0.0333
vn -0.0851 0.9961 0.0235
vn -0.0000 0.9999 0.0163
vn -0.0732 0.9973 0.0082
vn -0.0850 0.9963 0.0103
vn -0.0871 0.9962 -0.0029
vn 0.0732 0.9973 0.0082
vn 0.0850 0.9963 0.0103
vn 0.0871 0.9962 -0.0029
vn -0.0000 1.0000 0.0063
vn -0.0000 1.0000 -0.0071
vn -0.0564 0.9975 -0.0419
vn -0.0940 0.9954 -0.0183
vn -0.0945 0.9944 -0.0471
vn -0.0690 0.9933 -0.0926
vn 0.0564 0.9975 -0.0419
vn 0.0940 0.9954 -0.0183
vn 0.0945 0.9944 -0.0471
vn 0.0690 0.9933 -0.0926
vn -0.0000 0.9966 -0.0827
vn -0.0000 0.9946 -0.1036
vn 0.0589 0.9920 -0.1120
vn -0.0589 0.9920 -0.1120
vn -0.0000 0.9933 -0.1154
vn 0.0816 0.9858 -0.1469
vn 0.0964 0.9870 -0.1283
vn -0.0285 0.9808 -0.1927
vn 0.0719 0.9789 -0.1913
vn -0.0816 0.9858 -0.1469
vn -0.0964 0.9870 -0.1283
vn 0.0285 0.9808 -0.1927
vn -0.0719 0.9789 -0.1913
vn -0.0000 0.9932 -0.1163
vn 0.0443 0.9861 -0.1602
vn 0.0473 0.9797 -0.1947
vn -0.0443 0.9861 -0.1602
vn -0.0473 0.9797 -0.1947
vn -0.0000 0.9865 -0.1640
vn -0.0000 0.9803 -0.1975
vn 0.6584 0.2638 -0.7049
vn 0.4498 0.4716 -0.7585
vn 0.2194 0.6886 -0.6912
vn -0.2521 0.6061 -0.7544
vn 0.6858 -0.0524 -0.7259
vn -0.4018 0.2981 -0.8658
vn 0.6849 -0.0640 -0.7258
vn -0.6217 0.0802 -0.7791
vn 0.6769 -0.1607 -0.7183
vn -0.6197 -0.3380 -0.7083
vn 0.6752 -0.1734 -0.7170
vn -0.6165 -0.3532 -0.7037
vn 0.6655 -0.2296 -0.7102
vn -0.6023 -0.4086 -0.6858
vn 0.6776 -0.2392 -0.6954
vn -0.6003 -0.4156 -0.6834
vn 0.4999 -0.5065 -0.7025
vn -0.5831 -0.4700 -0.6626
vn 0.6448 -0.4573 -0.6124
vn -0.5933 -0.4725 -0.6518
vn 0.2952 -0.6752 -0.6760
vn -0.5036 -0.6420 -0.5782
vn -0.4964 -0.6163 -0.6114
vn -0.2199 -0.7696 -0.5995
vn -0.4500 0.4716 -0.7583
vn -0.6586 0.2639 -0.7047
vn -0.2193 0.6887 -0.6911
vn 0.2521 0.6060 -0.7545
vn -0.6856 -0.0524 -0.7261
vn 0.4016 0.2982 -0.8659
vn -0.6846 -0.0640 -0.7261
vn 0.6215 0.0801 -0.7793
vn -0.6766 -0.1608 -0.7186
vn 0.6195 -0.3380 -0.7085
vn -0.6750 -0.1735 -0.7171
vn 0.6163 -0.3532 -0.7038
vn -0.6657 -0.2296 -0.7100
vn 0.6023 -0.4086 -0.6858
vn -0.6778 -0.2392 -0.6952
vn 0.6003 -0.4156 -0.6834
vn -0.4999 -0.5065 -0.7025
vn 0.5831 -0.4700 -0.6627
vn -0.6450 -0.4572 -0.6124
vn 0.5933 -0.4724 -0.6518
vn -0.2955 -0.6750 -0.6760
vn 0.5036 -0.6420 -0.5782
vn 0.4964 -0.6162 -0.6114
vn 0.2199 -0.7696 -0.5995
vn 0.6224 0.4107 -0.6663
vn -0.0000 0.5175 -0.8557
vn -0.0000 0.7423 -0.6700
vn -0.6224 0.4107 -0.6663
vn 0.5628 0.6542 -0.5053
vn 0.8809 0.2642 -0.3928
vn -0.5628 0.6542 -0.5053
vn -0.8809 0.2637 -0.3930
vn -0.0000 0.9764 -0.2160
vn 0.8117 0.5009 -0.3003
vn 0.9573 0.1822 -0.2243
vn -0.8118 0.5007 -0.3005
vn -0.9573 0.1822 -0.2243
vn 0.9069 0.3871 -0.1667
vn 0.9843 0.1364 -0.1116
vn 0.3597 0.9185 -0.1640
vn 0.5713 0.8159 -0.0896
vn 0.9460 0.3168 -0.0688
vn 0.9939 0.1086 -0.0214
vn 0.6900 0.7234 -0.0247
vn 0.9609 0.2765 0.0152
vn 0.9939 0.0904 0.0637
vn 0.7546 0.6552 0.0354
vn 0.9609 0.2588 0.0985
vn 0.9844 0.0791 0.1574
vn 0.7838 0.6136 0.0960
vn 0.9460 0.2614 0.1917
vn 0.9573 0.0752 0.2790
vn 0.7838 0.5996 0.1619
vn 0.9069 0.2858 0.3097
vn 0.8809 0.0811 0.4662
vn 0.7546 0.6129 0.2341
vn 0.8118 0.3352 0.4781
vn 0.6225 0.1041 0.7757
vn 0.6901 0.6507 0.3167
vn 0.5629 0.3921 0.7276
vn -0.0000 0.1245 0.9922
vn 0.5712 0.7089 0.4137
vn 0.4888 0.8381 0.2423
vn 0.4261 0.8575 0.2883
vn 0.3597 0.7724 0.5235
vn 0.5186 0.8317 0.1983
vn -0.0000 0.4055 0.9141
vn 0.5186 0.8405 0.1572
vn -0.5630 0.3919 0.7276
vn -0.6225 0.1037 0.7757
vn 0.4887 0.8643 0.1195
vn -0.8119 0.3351 0.4781
vn -0.8809 0.0811 0.4662
vn 0.4261 0.9006 0.0854
vn -0.9069 0.2858 0.3097
vn -0.9573 0.0752 0.2790
vn 0.3265 0.9436 0.0554
vn -0.9460 0.2613 0.1917
vn -0.9844 0.0791 0.1574
vn 0.1857 0.9822 0.0297
vn -0.9610 0.2585 0.0985
vn -0.9939 0.0898 0.0636
vn -0.0000 0.9999 0.0150
vn -0.9610 0.2763 0.0152
vn -0.9939 0.1080 -0.0215
vn -0.3596 0.9186 -0.1641
vn -0.9460 0.3167 -0.0688
vn -0.9843 0.1364 -0.1116
vn -0.5713 0.8159 -0.0896
vn -0.9069 0.3871 -0.1666
vn -0.6901 0.7233 -0.0247
vn -0.7546 0.6552 0.0354
vn -0.1856 0.9822 0.0297
vn -0.3265 0.9436 0.0554
vn -0.0000 0.9934 0.1148
vn -0.0938 0.9879 0.1237
vn -0.0000 0.9856 0.1692
vn 0.0938 0.9879 0.1237
vn 0.1652 0.9766 0.1377
vn -0.0000 0.9850 0.1724
vn -0.1652 0.9766 0.1377
vn 0.2181 0.9638 0.1533
vn -0.0000 0.9840 0.1784
vn -0.2181 0.9638 0.1533
vn 0.2528 0.9522 0.1713
vn -0.0000 0.9824 0.1867
vn -0.2528 0.9522 0.1713
vn 0.2692 0.9440 0.1906
vn -0.0000 0.9804 0.1971
vn -0.2692 0.9440 0.1906
vn 0.2692 0.9399 0.2099
vn -0.0000 0.9782 0.2078
vn -0.2692 0.9399 0.2099
vn 0.2528 0.9396 0.2308
vn 0.0001 0.9758 0.2188
vn -0.2528 0.9396 0.2308
vn -0.0000 0.9758 0.2188
vn 0.2181 0.9429 0.2519
vn 0.0001 0.9734 0.2290
vn -0.2179 0.9429 0.2520
vn -0.0000 0.9734 0.2290
vn 0.3265 0.8845 0.3332
vn 0.1651 0.9482 0.2714
vn -0.0000 0.9715 0.2372
vn -0.1651 0.9482 0.2714
vn 0.1856 0.9093 0.3723
vn 0.0940 0.9528 0.2888
vn -0.0000 0.9700 0.2432
vn -0.0940 0.9528 0.2888
vn -0.0000 0.8041 0.5945
vn -0.0000 0.9195 0.3930
vn -0.0000 0.9542 0.2992
vn -0.0000 0.9692 0.2463
vn -0.1856 0.9094 0.3723
vn -0.3596 0.7724 0.5235
vn -0.3265 0.8845 0.3332
vn -0.5713 0.7089 0.4136
vn -0.4261 0.8575 0.2883
vn -0.6901 0.6507 0.3167
vn -0.4888 0.8381 0.2423
vn -0.7547 0.6129 0.2341
vn -0.5186 0.8317 0.1983
vn -0.7838 0.5996 0.1618
vn -0.5186 0.8404 0.1572
vn -0.7838 0.6136 0.0960
vn -0.4887 0.8643 0.1195
vn -0.4261 0.9007 0.0854
vn 0.9953 0.0218 0.0948
vn 0.9496 -0.2101 0.2326
vn 0.9986 -0.0460 0.0279
vn 0.9908 -0.1341 -0.0156
vn 0.9823 0.0615 0.1771
vn 0.9722 -0.2322 -0.0293
vn 0.9617 0.0681 0.2654
vn 0.9447 -0.3279 -0.0091
vn 0.9361 0.0403 0.3493
vn 0.9124 -0.4069 0.0450
vn 0.9083 -0.0178 0.4180
vn 0.8806 -0.4568 0.1263
vn 0.8813 -0.0967 0.4625
vn 0.8546 -0.4701 0.2206
vn 0.8584 -0.1829 0.4793
vn 0.8378 -0.4488 0.3111
vn 0.8418 -0.2655 0.4700
vn 0.8307 -0.4020 0.3853
vn 0.8323 -0.3393 0.4383
vn -0.9496 -0.2102 0.2325
vn -0.9953 0.0216 0.0947
vn -0.9985 -0.0462 0.0278
vn -0.9823 0.0614 0.1772
vn -0.9908 -0.1341 -0.0156
vn -0.9617 0.0680 0.2654
vn -0.9723 -0.2320 -0.0293
vn -0.9362 0.0402 0.3492
vn -0.9447 -0.3278 -0.0089
vn -0.9083 -0.0181 0.4180
vn -0.9123 -0.4070 0.0451
vn -0.8813 -0.0966 0.4625
vn -0.8806 -0.4567 0.1262
vn -0.8585 -0.1827 0.4792
vn -0.8547 -0.4700 0.2205
vn -0.8418 -0.2655 0.4700
vn -0.8378 -0.4486 0.3113
vn -0.8324 -0.3394 0.4381
vn -0.8307 -0.4020 0.3853
vt 0.664551 0.990723
vt 0.657715 0.996094
vt 0.700195 0.998535
vt -0.191895 0.304688
vt -0.184082 0.305664
vt -0.181152 0.298828
vt 0.241699 0.311035
vt 0.249023 0.311523
vt 0.242676 0.304199
vt 0.131836 1.031738
vt 0.117676 0.976562
vt 0.150391 0.977051
vt -0.110840 0.977051
vt -0.071289 0.976074
vt -0.083984 1.031738
vt 0.132324 1.031738
vt -0.243652 0.547363
vt 0.148438 0.977051
vt -0.223633 0.513184
vt 0.115723 0.513184
vt 0.085938 0.551758
vt 0.115234 0.513184
vt -0.224609 0.513184
vt -0.242188 0.545410
vt 0.084473 0.553711
vt 0.024414 0.559082
vt 0.027344 0.513672
vt -0.218750 0.512695
vt -0.228027 0.558594
vt 0.788574 -0.068359
vt 0.741699 -0.050781
vt 0.928223 -0.074219
vt 0.924316 -0.095703
vt 0.786133 -0.065430
vt 0.923340 -0.096680
vt 1.848633 -0.055664
vt 1.832031 -0.098633
vt 1.564453 -0.098633
vt 1.564453 -0.055664
vt -0.335938 0.087402
vt -0.335938 0.078613
vt -0.588379 0.078613
vt 1.721680 0.065430
vt 1.721680 0.074219
vt 0.269043 -0.465820
vt 0.154297 -0.465820
vt 0.180664 -0.440430
vt 0.291504 -0.440430
vt 1.030273 0.818848
vt 1.198242 0.834961
vt 1.047852 0.808105
vt 0.791504 0.322266
vt 0.850586 0.322266
vt 0.847656 0.301270
vt 1.297852 0.520020
vt 1.335938 0.520020
vt 1.315430 0.493652
vt 1.333984 0.520020
vt 1.316406 0.493652
vt 0.807129 0.247559
vt 0.781250 0.215332
vt 0.811035 0.201660
vt 0.773926 0.248047
vt 0.751465 0.228516
vt 0.839844 0.247070
vt 0.832520 0.191895
vt 0.787598 0.247070
vt 0.765137 0.228027
vt 0.790039 0.216797
vt 0.814453 0.247070
vt 0.814941 0.205566
vt 0.832031 0.197754
vt 0.858887 0.246582
vt -1.946289 0.540039
vt -1.963867 0.516113
vt -1.952148 0.516113
vt -1.722656 0.516113
vt -1.698242 0.516113
vt -1.711914 0.540039
vt -1.939453 0.516113
vt -1.943359 0.540039
vt -1.955078 0.540039
vt -1.441406 1.509277
vt -1.474609 1.509277
vt -1.451172 1.532715
vt -1.701172 0.516113
vt -1.712891 0.540039
vt -1.860352 1.508789
vt -1.882812 1.508789
vt -1.881836 1.509277
vt 0.327637 0.858398
vt 0.326172 0.858398
vt 0.331543 0.862305
vt 0.111816 1.489746
vt -0.022461 1.489746
vt 0.002930 1.510742
vt 0.126953 1.510742
vt -0.711914 1.489746
vt -0.824707 1.490234
vt -0.829590 1.511230
vt -0.724609 1.510742
vt -0.614258 1.510742
vt -0.585938 1.489746
vt 0.335449 0.820312
vt 0.301270 0.805664
vt 0.247559 0.792480
vt 0.261230 0.857910
vt 0.106934 0.789062
vt 0.089355 0.787109
vt 0.018066 0.842285
vt -0.016113 0.839355
vt -0.016113 0.840820
vt -0.843750 1.494141
vt 1.663086 0.541992
vt 1.716797 0.679199
vt 1.682617 0.673828
vt 1.659180 0.541992
vt 1.702148 0.672363
vt 1.428711 -0.446289
vt 1.429688 -0.496094
vt 1.655273 -0.496094
vt 1.597656 -0.446289
vt -0.118652 0.352051
vt -0.125000 0.351074
vt -0.122559 0.355957
vt 0.007324 0.480469
vt 0.012695 0.483887
vt 0.012695 0.478027
vt 0.333496 0.226562
vt 0.376953 0.231445
vt 0.369141 0.229980
vt 1.200195 0.665039
vt 1.201172 0.637207
vt 1.202148 0.656738
vt 1.202148 0.640625
vt 1.165039 0.634277
vt 1.165039 0.604492
vt 1.131836 0.604492
vt 1.168945 0.609863
vt 1.107422 0.497070
vt -0.749023 -0.174805
vt -0.656250 -0.172852
vt -0.676270 -0.149414
vt -0.796387 -0.178711
vt -0.733398 -0.152344
vt -0.833984 -0.148438
vt -0.754395 -0.143555
vt -0.839355 -0.137695
vt -0.793457 -0.047852
vt -0.774902 -0.057617
vt 0.862793 0.246582
vt 0.841309 0.246582
vt 0.067383 0.794434
vt 0.047363 0.805664
vt 0.030762 0.821289
vt 1.612305 0.541992
vt 1.670898 0.665527
vt 1.611328 0.541992
vt 0.899414 1.510742
vt 0.564941 1.489746
vt 0.554688 1.510742
vt 0.554688 1.537109
vt 0.309082 1.510742
vt 0.310547 1.537598
vt 0.823242 1.537109
vt 1.030273 1.537109
vt 1.029297 1.510742
vt 1.227539 1.537109
vt 1.226562 1.510742
vt 1.564453 1.511230
vt 0.367188 0.273438
vt 0.331055 0.269531
vt 0.330566 0.257324
vt 0.366211 0.261230
vt 0.330078 0.242188
vt 0.365234 0.246094
vt 0.329590 0.226562
vt 0.365234 0.229980
vt 0.367676 0.280762
vt 0.331543 0.276367
vt -0.614258 1.537109
vt -0.590332 1.563477
vt -0.000977 1.563477
vt 0.003418 1.537598
vt 2.027344 1.511719
vt 2.017578 1.563477
vt 2.021484 1.563477
vt 2.033203 1.511719
vt 0.126465 1.537598
vt -1.678711 1.508789
vt -1.667969 1.532715
vt -1.581055 1.532715
vt -1.562500 1.508789
vt 1.354492 -0.391602
vt 1.350586 -0.463867
vt 0.000000 0.250000
vt 0.000000 0.208008
vt 0.000000 0.166504
vt -0.439941 0.800781
vt 0.175293 0.720215
vt -2.720703 -0.490234
vt -3.046875 -0.490234
vt -3.035156 -0.691406
vt -2.707031 -0.691406
vt 1.557617 0.538086
vt 1.479492 0.534668
vt 1.387695 0.534668
vt 1.462891 0.583984
vt 1.305664 0.534668
vt 1.381836 0.598633
vt 1.153320 0.534668
vt 1.183594 0.601074
vt 1.089844 0.534668
vt 1.047852 0.606445
vt 1.008789 0.534668
vt 0.859863 0.620117
vt 0.820801 0.534668
vt 0.636719 0.634277
vt 0.411621 0.534668
vt 0.326660 0.690918
vt 0.276855 0.534668
vt 0.166504 0.534668
vt 0.135254 0.729004
vt 0.059082 0.534668
vt 0.006836 0.721191
vt -0.002930 0.534668
vt -0.152832 0.710938
vt -0.178223 0.534668
vt -0.298340 0.713867
vt -0.298828 0.534668
vt -0.385254 0.731934
vt -0.386719 0.535156
vt -0.424805 0.764648
vt -0.503906 0.534668
vt -0.500977 0.833496
vt -0.607422 0.534668
vt -0.813965 0.863770
vt -0.583496 0.926270
vt -0.823242 0.823730
vt -0.705078 0.535156
vt -0.884766 0.772461
vt -0.794922 0.535156
vt -0.940430 0.731445
vt -0.872070 0.535156
vt -0.979980 0.692383
vt -0.931641 0.535156
vt -0.986816 0.627930
vt -0.979492 0.535645
vt -0.449219 0.802734
vt 0.183105 0.718750
vt -0.035156 0.564941
vt 0.119141 0.867188
vt 0.294434 0.796387
vt 0.334961 0.553223
vt 0.294434 0.796875
vt 0.118652 0.868164
vt 0.026855 0.513672
vt -0.662598 1.534180
vt -0.625977 1.541992
vt -0.577637 1.541992
vt -0.648438 1.526855
vt -0.532715 0.577637
vt -0.534668 0.586426
vt -0.520996 0.586426
vt -0.517090 0.569824
vt 1.870117 -0.486328
vt 1.904297 -0.461914
vt 2.056641 -0.460938
vt 2.056641 -0.486328
vt 1.204102 -0.487305
vt 1.201172 -0.460938
vt 1.242188 -0.460938
vt 1.241211 -0.487305
vt 1.171875 -0.487305
vt 1.171875 -0.460938
vt 1.140625 -0.487305
vt 1.139648 -0.460938
vt 1.093750 -0.487305
vt 1.093750 -0.460938
vt 1.051758 -0.487305
vt 1.044922 -0.460938
vt 1.012695 -0.487305
vt 1.015625 -0.459961
vt 0.981934 -0.487305
vt 0.982422 -0.459961
vt 1.867188 0.074219
vt 1.867188 0.065430
vt 1.793945 0.065430
vt 1.793945 0.074219
vt 1.873047 0.074219
vt 1.873047 0.065430
vt 1.800781 0.065430
vt 1.800781 0.074219
vt 1.945312 0.074219
vt 1.945312 0.065430
vt -0.459473 0.648926
vt -0.357422 0.648926
vt -0.569336 0.648926
vt -0.431152 0.628906
vt -0.328613 0.628906
vt -3.626953 -0.622070
vt -3.626953 -0.575195
vt -3.716797 -0.576172
vt -3.714844 -0.622070
vt -1.416016 -0.929688
vt -1.417969 -0.931641
vt -3.726562 -0.622070
vt -3.726562 -0.576172
vt -3.863281 -0.577148
vt -3.859375 -0.622070
vt -0.675293 -0.434570
vt -0.675293 -0.481445
vt -0.602051 -0.481445
vt -0.602051 -0.434570
vt 4.218750 5.519531
vt 4.257812 4.873047
vt 3.984375 4.863281
vt 3.939453 5.511719
vt 6.796875 5.519531
vt 6.734375 4.867188
vt 6.390625 4.876953
vt 6.457031 5.527344
vt 4.207031 5.515625
vt 3.933594 5.507812
vt 6.804688 5.515625
vt 6.472656 5.523438
vt 3.955078 4.820312
vt 3.902344 5.492188
vt 4.289062 4.832031
vt 4.250000 5.500000
vt 4.242188 5.496094
vt 3.890625 5.484375
vt 6.347656 4.835938
vt 6.417969 5.507812
vt 6.773438 4.824219
vt 6.839844 5.496094
vt 6.859375 5.492188
vt 6.433594 5.500000
vt 0.136719 1.590820
vt 0.123047 1.590820
vt 0.064941 1.572754
vt 0.251953 1.505371
vt 0.226074 1.505371
vt 0.338379 1.592285
vt 0.383789 1.572754
vt 0.325684 1.592285
vt 0.268066 1.572754
vt 0.049316 1.505371
vt 0.428711 1.505371
vt 0.708984 0.139648
vt 0.721191 0.123047
vt 0.653809 0.123047
vt 0.665039 0.139648
vt 0.710938 0.138672
vt 0.721191 0.122070
vt 0.654297 0.123047
vt 0.666504 0.139160
vt 0.710449 0.138184
vt 0.720703 0.122559
vt 0.653320 0.124512
vt 0.666016 0.139648
vt 0.709473 0.138184
vt 0.721680 0.123535
vt 0.654297 0.122559
vt 0.665527 0.137695
vt 0.722168 0.122559
vt 0.654785 0.122070
vt 0.665039 0.137695
vt 0.480469 0.001953
vt 0.480469 -0.069336
vt 0.408691 -0.069336
vt 0.408691 0.001953
vt 0.551758 0.001953
vt 0.551758 -0.069336
vt 0.623535 0.001953
vt 0.623535 -0.069336
vt 0.695312 0.001953
vt 0.695312 -0.069336
vt 0.336914 -0.069336
vt 0.336914 0.001953
vt -0.733398 1.054688
vt -0.857422 1.054688
vt -0.857422 1.126465
vt -0.733398 1.126953
vt -0.733398 1.032715
vt -0.857422 1.032715
vt -0.857422 0.999023
vt -0.733398 0.999023
vt 0.966797 0.604980
vt 0.936523 0.604980
vt 0.937012 0.632812
vt 0.967285 0.633301
vt 0.916992 0.496094
vt 0.986328 0.496094
vt -0.733887 1.054688
vt -0.856934 1.054688
vt -0.856934 1.126465
vt -0.733887 1.126465
vt -0.733887 1.032715
vt -0.856934 1.032715
vt -0.856934 0.999023
vt -0.733887 0.999023
vt 1.414062 1.129883
vt 1.398438 1.129883
vt 1.398438 1.204102
vt 1.414062 1.204102
vt 1.337891 0.533691
vt 1.337891 0.497559
vt 1.149414 0.497559
vt 1.149414 0.533691
vt -0.778320 -0.054688
vt -0.793457 -0.046875
vt -0.840820 -0.144531
vt -0.757812 -0.141602
vt 1.336914 0.533691
vt 1.336914 0.497559
vt 1.142578 0.497559
vt 1.142578 0.533691
vt 0.935547 0.642090
vt 0.968750 0.642578
vt 0.345215 0.210449
vt 0.345215 0.294434
vt 0.414062 0.294434
vt 0.414062 0.210449
vt 0.328125 0.210449
vt 0.328125 0.294434
vt 0.290039 0.294434
vt 0.290039 0.210449
vt 0.345215 0.211426
vt 0.345215 0.298340
vt 0.414062 0.298340
vt 0.414062 0.211426
vt 0.328125 0.211426
vt 0.328125 0.298340
vt 0.290039 0.298340
vt 0.290039 0.211426
vt 0.197754 0.554199
vt 0.192383 0.508789
vt -0.045898 0.507812
vt -0.040527 0.553223
vt -0.012207 0.554199
vt 0.000977 0.511719
vt 0.120605 0.511230
vt 0.106934 0.553711
vt 0.000488 0.511719
vt -0.012695 0.554199
vt 0.106445 0.553711
vt 0.120117 0.511230
vt 0.127441 0.554199
vt 0.148438 0.554199
vt 0.140625 0.511230
vt 0.119629 0.511230
vt 0.140137 0.511230
vt 0.147949 0.554199
vt 0.168945 0.552734
vt 0.145508 0.511719
vt 0.189453 0.511230
vt 0.212891 0.552734
vt 0.296875 0.294434
vt 0.296875 0.210449
vt 0.213867 0.552734
vt 0.190430 0.511230
vt 0.145996 0.511719
vt 0.169922 0.553223
vt 0.207031 0.551270
vt 0.201660 0.506348
vt -0.044922 0.507324
vt -0.039062 0.552246
vt 0.000000 0.511719
vt -0.013184 0.554199
vt 0.105957 0.553711
vt 0.126953 0.554199
vt 0.147461 0.554199
vt 0.139648 0.511230
vt 0.138672 0.511230
vt 0.146484 0.554199
vt 0.126465 0.554199
vt 0.119141 0.511230
vt 0.105469 0.553711
vt -0.013672 0.554199
vt 0.168457 0.553223
vt 0.144531 0.511719
vt 0.187988 0.511719
vt 0.211914 0.553223
vt 0.296875 0.298340
vt 0.296875 0.211426
vt 0.188965 0.511719
vt 0.168945 0.553223
vt 1.131836 0.634277
vt 0.750000 0.605469
vt 0.749023 0.633789
vt 0.778320 0.633789
vt 0.777344 0.605469
vt 1.325195 0.655273
vt 1.325195 0.631348
vt 0.748047 0.645020
vt 0.779297 0.644531
vt -0.857910 1.127441
vt -0.732422 1.124512
vt -0.732422 1.065430
vt -0.857422 1.064453
vt -0.731445 1.044922
vt -0.856934 1.042480
vt -0.729004 1.003906
vt -0.854492 0.998535
vt 1.398438 1.127930
vt 1.398438 1.203125
vt 1.413086 1.203613
vt 1.412109 1.128418
vt 0.354492 0.212402
vt 0.354980 0.294434
vt 0.339355 0.294434
vt 0.339355 0.212402
vt 0.302734 0.294434
vt 0.302246 0.212402
vt 0.354492 0.605469
vt 0.354004 0.635254
vt 0.384766 0.634766
vt 0.385254 0.605469
vt 0.404785 0.496582
vt 0.335449 0.496582
vt 0.353027 0.645508
vt 0.385742 0.644531
vt 0.189941 0.604492
vt 0.192383 0.497070
vt 0.157227 0.592773
vt 0.156738 0.604492
vt 0.156250 0.637695
vt -0.139648 0.704590
vt -0.157227 0.716309
vt 0.189453 0.637695
vt 0.542969 0.634766
vt 0.572754 0.634277
vt 0.571777 0.605469
vt 0.543945 0.605469
vt -0.163574 0.723145
vt -0.210449 0.778809
vt -0.412598 0.978516
vt 1.630859 0.709961
vt 1.524414 0.750488
vt 1.656250 0.737305
vt 1.626953 0.842773
vt 0.542480 0.645996
vt 0.573242 0.645508
vt 0.411621 0.212402
vt 0.412109 0.294434
vt 0.286133 0.294434
vt 0.286133 0.212402
vt 1.352539 0.301270
vt 1.327148 0.301270
vt 1.322266 0.323242
vt 1.357422 0.322754
vt 1.578125 0.519531
vt 1.612305 0.493164
vt 0.333008 0.473145
vt 0.218750 0.472656
vt 0.270020 0.528320
vt 0.357422 0.526855
vt 0.443848 0.540527
vt 0.444336 0.525879
vt 0.356445 0.541504
vt 0.269531 0.542969
vt 0.183105 0.529297
vt 0.182129 0.543945
vt 0.104980 0.472656
vt 1.576172 0.520020
vt 1.611328 0.493164
vt 1.431641 -0.446289
vt 1.432617 -0.496094
vt 1.658203 -0.496094
vt 1.600586 -0.446289
vt 1.399414 -0.446289
vt 1.367188 -0.446289
vt 1.335938 -0.497070
vt 1.383789 -0.496094
vt 1.405273 -0.446289
vt 1.380859 -0.446289
vt 1.349609 -0.496094
vt 1.389648 -0.496094
vt 1.344727 -0.446289
vt 1.300781 -0.497070
vt 0.368164 0.519531
vt 0.460449 0.518555
vt 0.447754 0.465332
vt 0.439453 0.532715
vt 0.333496 0.465332
vt 0.275879 0.520508
vt 0.219238 0.464844
vt 0.447266 0.473145
vt -1.597656 0.087402
vt -1.597656 0.078613
vt -1.839844 0.078613
vt -1.839844 0.079102
vt -0.006836 -0.465820
vt 0.015137 -0.440430
vt 0.430176 0.538574
vt 0.484375 0.703613
vt 1.008789 0.537598
vt 0.956543 1.048828
vt 0.958984 1.049316
vt 0.957031 1.045898
vt -0.811035 -0.121094
vt -0.811035 -0.122070
vt -0.811523 -0.123047
vt -2.673828 -0.691406
vt -2.685547 -0.490234
vt 0.291992 1.489746
vt 0.295898 1.489746
vt 0.139160 0.788086
vt 0.164062 0.787598
vt 0.197754 0.786621
vt -1.601562 1.552734
vt -1.652344 1.552734
vt 0.604980 -0.483398
vt 0.611816 -0.439453
vt 0.590332 -0.439453
vt 0.582031 -0.483398
vt 1.581055 -0.483398
vt 1.546875 -0.440430
vt 1.579102 -0.439453
vt 1.616211 -0.483398
vt 0.336426 0.233398
vt 0.364746 0.234863
vt 0.364746 0.226562
vt 0.336426 0.227539
vt 0.336426 0.274414
vt 0.364746 0.276855
vt 0.364746 0.254883
vt 0.336426 0.257324
vt -0.270996 0.513672
vt -0.041016 0.632812
vt -0.809570 1.305664
vt -0.801270 1.320312
vt -0.572266 1.320801
vt -0.553711 1.306152
vt -0.546387 1.306152
vt -0.529785 1.321289
vt -0.302734 1.320801
vt -0.293945 1.305664
vt -1.170898 1.305664
vt -1.144531 1.320312
vt -0.836426 1.320312
vt -0.827637 1.305664
vt -0.037598 0.637695
vt -0.278809 0.510254
vt -0.247559 0.709473
vt -0.137695 0.709473
vt -0.028320 0.709473
vt -0.247559 0.648926
vt 0.377441 0.225098
vt 0.384277 0.224609
vt 0.365234 0.224121
vt 0.373535 0.225098
vt 0.371094 0.278809
vt 0.362793 0.279297
vt 0.382812 0.279297
vt 0.375977 0.278809
vt 0.348633 0.224609
vt 0.356934 0.225098
vt 0.379395 0.225586
vt 0.386719 0.225098
vt 0.385742 0.279297
vt 0.378906 0.278809
vt 0.354980 0.278320
vt 0.346680 0.279297
vt 0.337402 0.272461
vt 0.379883 0.277344
vt 0.380859 0.265625
vt 0.337402 0.260254
vt 0.337402 0.278320
vt 0.379395 0.284668
vt 0.333496 0.277344
vt 0.370117 0.281738
vt 0.377441 0.284180
vt 0.334961 0.278320
vt 0.337402 0.227539
vt 0.381348 0.232422
vt 0.355957 0.237305
vt 0.359863 0.235352
vt 0.338379 0.236328
vt 0.350586 0.237305
vt 0.363281 0.248047
vt 0.372070 0.248047
vt 0.370605 0.236328
vt 0.362305 0.237793
vt 0.361328 0.257812
vt 0.370605 0.257812
vt 0.360840 0.269043
vt 0.369629 0.269043
vt 0.359863 0.278320
vt 0.368652 0.280273
vt 0.349121 0.279297
vt 0.336426 0.280762
vt 0.357910 0.281250
vt 0.354004 0.279297
vt 0.333008 0.237305
vt 0.345703 0.238281
vt 0.343262 0.278320
vt 0.331055 0.279785
vt 0.354004 0.533691
vt 0.268066 0.535156
vt 0.183105 0.521484
vt 0.182617 0.536621
vt 0.104980 0.464844
vt 0.113770 1.563477
vt 0.297363 1.563477
vt 0.534668 1.563477
vt 0.814941 1.563477
vt 1.023438 1.563477
vt 1.219727 1.563477
vt 1.550781 1.563477
vt 1.673828 1.563477
vt 1.626953 1.511719
vt 1.689453 1.511719
vt 1.751953 1.511719
vt 1.857422 1.563477
vt 1.875977 1.511719
vt -0.724609 1.537598
vt -0.698730 1.563477
vt -0.835449 1.538086
vt -0.807617 1.563965
vt -1.124023 1.532227
vt -0.998047 1.565430
vt -1.129883 1.564941
vt -1.258789 1.532715
vt -1.260742 1.565430
vt 1.992188 1.563477
vt 2.001953 1.511719
vt 2.007812 1.563477
vt 2.017578 1.511719
vt 0.906250 0.635254
vt 0.805664 1.000488
vt 0.890137 1.000488
vt 0.978516 1.000000
vt 0.958008 0.653809
vt 1.000977 1.000000
vt 0.969727 0.654297
vt 1.022461 1.000000
vt 0.985352 0.654297
vt 1.042969 1.000000
vt 1.002930 0.658203
vt 1.058594 1.000000
vt 1.002930 0.654297
vt -0.880859 1.503418
vt -0.897461 1.513184
vt -1.074219 1.512695
vt -1.084961 1.497559
vt -1.112305 1.479004
vt -1.124023 1.489746
vt -1.258789 1.493164
vt 0.880859 0.181641
vt 0.893555 0.231934
vt 0.928711 0.228516
vt 0.918945 0.190430
vt 0.951660 0.225586
vt 0.941895 0.193848
vt 0.976562 0.221680
vt 0.969238 0.196777
vt 0.994629 0.218750
vt 0.988281 0.198242
vt 0.703613 -0.463867
vt 0.784668 -0.464844
vt 0.877930 -0.464844
vt 0.971680 -0.463867
vt 0.102051 1.315918
vt -0.177246 1.438965
vt 0.120605 1.421387
vt 0.262207 1.314453
vt 0.291992 1.406250
vt 0.422852 1.314941
vt 0.485352 1.428223
vt 0.574707 1.313965
vt 0.637695 1.742188
vt 0.698730 1.313477
vt 0.817383 1.775391
vt 0.807617 1.312988
vt 2.517578 -0.691406
vt 2.777344 -0.691406
vt 2.767578 -0.490234
vt 2.507812 -0.490234
vt 2.244141 -0.691406
vt 2.232422 -0.490234
vt 1.960938 -0.691406
vt 1.950195 -0.490234
vt 1.682617 -0.691406
vt 1.670898 -0.490234
vt 1.533203 -0.691406
vt 1.521484 -0.490234
vt 1.388672 -0.691406
vt 1.376953 -0.490234
vt 1.237305 -0.691406
vt 1.225586 -0.490234
vt 1.071289 -0.691406
vt 1.060547 -0.490234
vt 0.955078 -0.691406
vt 0.944824 -0.490234
vt 0.871582 -0.691406
vt 0.862793 -0.490234
vt 0.790527 -0.691406
vt 0.783691 -0.490234
vt 0.712891 -0.691406
vt 0.715820 -0.490234
vt 0.277832 -0.691406
vt 0.278809 -0.490234
vt 0.035156 -0.490234
vt 0.022461 -0.691406
vt -0.302734 -0.490234
vt -0.303711 -0.691406
vt -0.678711 -0.490234
vt -0.676758 -0.691406
vt -1.079102 -0.490234
vt -1.072266 -0.691406
vt -1.315430 -0.490234
vt -1.305664 -0.691406
vt -1.490234 -0.691406
vt -1.502930 -0.490234
vt -1.780273 -0.691406
vt -1.789062 -0.490234
vt -2.050781 -0.691406
vt -2.058594 -0.490234
vt -2.234375 -0.490234
vt -2.232422 -0.691406
vt -2.355469 -0.490234
vt -2.349609 -0.691406
vt -2.533203 -0.490234
vt -2.525391 -0.691406
vt -0.696289 -0.389648
vt -0.801758 -0.392578
vt -0.802734 -0.381836
vt -0.871094 -0.406250
vt -0.881836 -0.367188
vt -0.980469 -0.442383
vt -1.004883 -0.350586
vt -0.996582 -0.343750
vt -1.075195 -0.493164
vt -1.024414 -0.333008
vt -1.265625 -0.385742
vt -1.262695 -0.361328
vt -1.090820 -0.302734
vt -1.324219 -0.295898
vt -1.176758 -0.250000
vt -1.372070 -0.225586
vt -1.256836 -0.183594
vt -1.396484 -0.154297
vt -1.100586 -0.116211
vt -1.031250 -0.141602
vt -1.162109 -0.078125
vt -0.974609 -0.137695
vt -1.319336 -0.104492
vt -1.386719 -0.068359
vt -1.213867 -0.027344
vt -1.361328 0.035156
vt -1.250977 0.040039
vt -1.005859 -0.330078
vt -0.866211 -0.144531
vt -0.786621 -0.149414
vt -0.679199 -0.157227
vt -0.682129 -0.193359
vt -0.691406 -0.325195
vt -0.539062 -0.381836
vt -0.522949 -0.192383
vt -0.520020 -0.157227
vt -0.533691 -0.319336
vt -0.369629 -0.364258
vt -0.351562 -0.189453
vt -0.348145 -0.157227
vt -0.363770 -0.306641
vt -0.260742 -0.352539
vt -0.240723 -0.192383
vt -0.254395 -0.298828
vt -0.121582 -0.251953
vt -0.237305 -0.163086
vt -0.111328 -0.201172
vt 0.108398 -0.162109
vt -0.468750 -0.027344
vt -0.209473 -0.027344
vt -0.059570 -0.027344
vt -0.091309 -0.100586
vt 0.114746 -0.125977
vt 0.314941 -0.142578
vt 0.127930 -0.047852
vt 0.131836 -0.027344
vt 0.314453 -0.110352
vt 0.501465 -0.140625
vt 0.313965 -0.047852
vt 0.313965 -0.027344
vt 0.448242 -0.027344
vt 0.499512 -0.110352
vt 0.498535 -0.047852
vt 0.590820 -0.027344
vt 0.617676 -0.110352
vt 0.626465 -0.145508
vt 0.605469 -0.047852
vt 0.735840 -0.023438
vt 0.883789 -0.032227
vt 0.769531 -0.163086
vt 0.790527 -0.221680
vt 0.916504 -0.113281
vt 0.913574 -0.152344
vt 0.906250 -0.231445
vt 1.002930 -0.226562
vt 1.085938 -0.055664
vt 1.082031 -0.098633
vt 1.027344 -0.188477
vt 1.090820 -0.226562
vt 1.051758 -0.144531
vt 1.101562 -0.188477
vt 1.153320 -0.226562
vt 1.118164 -0.144531
vt 1.126953 -0.098633
vt 1.158203 -0.188477
vt 1.217773 -0.226562
vt 1.160156 -0.144531
vt 1.160156 -0.098633
vt 1.218750 -0.188477
vt 1.269531 -0.226562
vt 1.217773 -0.144531
vt 1.216797 -0.098633
vt 1.269531 -0.188477
vt 1.336914 -0.226562
vt 1.268555 -0.144531
vt 1.267578 -0.098633
vt 1.336914 -0.188477
vt 1.385742 -0.226562
vt 1.336914 -0.144531
vt 1.336914 -0.098633
vt 1.385742 -0.188477
vt 1.433594 -0.226562
vt 1.386719 -0.144531
vt 1.386719 -0.098633
vt 1.432617 -0.188477
vt 1.473633 -0.226562
vt 1.432617 -0.144531
vt 1.432617 -0.098633
vt 1.473633 -0.188477
vt 1.516602 -0.226562
vt 1.473633 -0.144531
vt 1.473633 -0.098633
vt 1.515625 -0.188477
vt 1.563477 -0.226562
vt 1.515625 -0.144531
vt 1.516602 -0.098633
vt 1.564453 -0.188477
vt 1.564453 -0.144531
vt 1.711914 -0.245117
vt 1.857422 -0.137695
vt 0.080078 0.559082
vt -0.250000 0.559082
vt 1.311523 1.541992
vt 1.378906 1.541992
vt 1.376953 1.512695
vt 1.241211 1.512695
vt 1.241211 1.541992
vt 1.078125 1.541992
vt 1.078125 1.512695
vt 0.914062 1.541992
vt 0.914062 1.513184
vt 0.750488 1.542480
vt 0.750488 1.513184
vt 0.586914 1.542480
vt 0.586914 1.513672
vt 0.423340 1.542480
vt 0.423340 1.513672
vt 0.259766 1.542480
vt 0.259766 1.513672
vt 0.096680 1.542480
vt 0.096680 1.513672
vt -0.066895 1.542480
vt -0.066895 1.513184
vt -0.230469 1.542480
vt -0.230469 1.513184
vt -0.394043 1.542480
vt -0.394043 1.513184
vt -0.504883 1.542480
vt -0.456543 1.513184
vt -0.460449 1.512695
vt -0.550293 1.512695
vt -0.550293 1.543457
vt -0.389648 1.543457
vt -0.387695 1.512695
vt -0.223633 1.512695
vt -0.387207 1.543457
vt -0.223633 1.543457
vt -0.060059 1.512695
vt -0.060059 1.543457
vt 0.103027 1.512695
vt 0.103027 1.543457
vt 0.266602 1.512695
vt 0.266602 1.543457
vt 0.430176 1.512695
vt 0.430176 1.543457
vt 0.593750 1.512695
vt 0.593750 1.543457
vt 0.757324 1.512695
vt 0.757324 1.543457
vt 0.920898 1.512695
vt 0.920898 1.543457
vt 1.084961 1.512695
vt 1.084961 1.543457
vt 1.248047 1.512695
vt 1.248047 1.543457
vt 1.326172 1.513184
vt 1.377930 1.513184
vt 1.346680 1.543945
vt -0.725586 1.575195
vt -0.762207 1.511719
vt -0.760254 1.429199
vt -0.684082 1.718262
vt -0.766113 1.765137
vt 0.372070 1.232910
vt 0.372070 1.229492
vt 0.343750 1.230957
vt 0.344238 1.232910
vt 0.372070 1.237305
vt 0.344238 1.237305
vt 0.372070 1.242188
vt 0.344238 1.242188
vt 0.372070 1.247070
vt 0.344238 1.247070
vt 0.372070 1.251465
vt 0.344238 1.251465
vt 0.372070 1.256348
vt 0.344238 1.256348
vt 0.372070 1.261230
vt 0.344238 1.261230
vt 0.372070 1.266113
vt 0.344238 1.266113
vt 0.372070 1.270508
vt 0.344238 1.270508
vt 0.372070 1.275391
vt 0.344238 1.275391
vt 0.372070 1.280273
vt 0.344238 1.280273
vt 0.372070 1.282227
vt 0.343750 1.282227
vt 0.343750 1.283691
vt 0.372559 1.284180
vt 1.986328 0.540039
vt 1.982422 0.516113
vt 2.230469 0.516113
vt 1.806641 0.516113
vt 1.812500 0.540039
vt 1.626953 0.516113
vt 1.633789 0.540039
vt 1.477539 0.516113
vt 1.485352 0.540039
vt 1.326172 0.516113
vt 1.333008 0.540039
vt 1.179688 0.516113
vt 1.184570 0.540039
vt 1.067383 0.516113
vt 1.069336 0.540039
vt 0.944824 0.516113
vt 0.943359 0.540039
vt 0.831543 0.516113
vt 0.826172 0.540039
vt 0.752441 0.516113
vt 0.744629 0.540039
vt 0.694824 0.516113
vt 0.686035 0.540039
vt 0.634766 0.516113
vt 0.628906 0.540039
vt 0.570801 0.516113
vt 0.574707 0.540039
vt 0.384277 0.516113
vt 0.385254 0.540039
vt 0.204102 0.516113
vt 0.206055 0.540039
vt -0.023926 0.516113
vt -0.023438 0.540039
vt -0.284180 0.516113
vt -0.285645 0.540039
vt -0.561035 0.516113
vt -0.563477 0.540039
vt -0.726074 0.516113
vt -0.727539 0.540039
vt -0.855957 0.516113
vt -0.857422 0.540039
vt -1.060547 0.516113
vt -1.061523 0.540039
vt -1.251953 0.516113
vt -1.252930 0.540039
vt -1.380859 0.516113
vt -1.379883 0.540039
vt -1.464844 0.516113
vt -1.461914 0.540039
vt -1.588867 0.516113
vt -1.585938 0.540039
vt -1.689453 0.540039
vt 1.132812 -0.055664
vt 1.161133 -0.055664
vt 1.216797 -0.055664
vt 1.267578 -0.055664
vt 1.336914 -0.054688
vt 1.386719 -0.054688
vt 1.432617 -0.055664
vt 1.473633 -0.055664
vt 1.515625 -0.055664
vt 1.650391 -0.487305
vt 1.654297 -0.460938
vt 1.316406 -0.487305
vt 1.320312 -0.460938
vt 1.275391 -0.487305
vt 1.279297 -0.460938
vt 0.950684 -0.487305
vt 0.948242 -0.459961
vt 0.488281 -0.488281
vt 0.482910 -0.460938
vt -1.092773 0.078613
vt -1.092773 0.087402
vt -0.840820 0.087402
vt -0.840820 0.078613
vt -0.588379 0.087402
vt 1.765625 0.074219
vt 1.765625 0.065430
vt 1.837891 0.074219
vt 1.837891 0.065430
vt 1.911133 0.074219
vt 1.911133 0.065430
vt 1.983398 0.074219
vt 1.983398 0.065430
vt -0.444824 -0.465820
vt -0.598633 -0.465820
vt -0.566406 -0.439453
vt -0.444824 -0.440430
vt -0.323242 -0.465820
vt -0.323242 -0.440430
vt -0.201660 -0.465820
vt -0.201660 -0.439453
vt -0.080078 -0.465820
vt -0.088867 -0.440430
vt -1.009766 -0.464844
vt -1.165039 -0.464844
vt -1.119141 -0.438477
vt -1.009766 -0.438477
vt -0.755859 -0.464844
vt -0.755859 -0.438477
vt -0.502441 -0.464844
vt -0.502441 -0.438477
vt -0.249023 -0.464844
vt -0.249023 -0.438477
vt 0.003906 -0.464844
vt 0.003906 -0.438477
vt 0.257812 -0.464844
vt 0.257812 -0.439453
vt 0.511230 -0.464844
vt 0.511230 -0.439453
vt 0.639160 -0.464844
vt 0.639160 -0.439453
vt -1.442383 0.087402
vt -1.413086 0.087402
vt -1.385742 0.078613
vt -1.345703 0.078613
vt 0.270996 0.537109
vt 0.180664 0.640625
vt 0.270996 0.643555
vt 0.394043 0.536621
vt 0.312988 0.656738
vt 0.437500 0.536621
vt 0.512695 0.536621
vt 0.411621 0.756836
vt 0.478516 -0.481445
vt 0.560059 -0.481445
vt 0.601562 -0.641602
vt 0.678711 -0.481445
vt 0.724121 -0.602539
vt 0.768066 -0.481445
vt 0.779297 -0.597656
vt 0.849609 -0.481445
vt 0.834473 -0.599609
vt 0.884277 -0.481445
vt 0.867188 -0.600586
vt 0.914062 -0.481445
vt 0.900879 -0.600586
vt 0.945801 -0.481445
vt 0.938965 -0.600586
vt 0.978027 -0.481445
vt 0.980469 -0.600586
vt 1.010742 -0.481445
vt 1.023438 -0.600586
vt 1.041992 -0.481445
vt 1.067383 -0.600586
vt 1.074219 -0.481445
vt 1.115234 -0.600586
vt 1.113281 -0.481445
vt 1.123047 -0.501953
vt 1.176758 -0.481445
vt 1.166016 -0.599609
vt 1.189453 -0.504883
vt 1.157227 -0.579102
vt 1.249023 -0.481445
vt 1.229492 -0.578125
vt 1.264648 -0.510742
vt 1.242188 -0.600586
vt 1.286133 -0.481445
vt 1.299805 -0.574219
vt 1.301758 -0.511719
vt 1.315430 -0.601562
vt 1.305664 -0.481445
vt 1.333008 -0.571289
vt 1.321289 -0.511719
vt 1.349609 -0.601562
vt 1.351562 -0.572266
vt 1.367188 -0.601562
vt 0.823730 -0.464844
vt 0.550781 -0.464844
vt 0.561035 -0.440430
vt 0.821289 -0.439453
vt 0.473145 -0.440430
vt 0.451172 -0.464844
vt 1.641602 0.921387
vt 1.708008 0.926270
vt 1.718750 0.920410
vt 1.618164 0.912109
vt 1.563477 0.914551
vt 1.575195 0.908203
vt 1.470703 0.904785
vt 1.451172 0.895508
vt 1.385742 0.896484
vt 1.389648 0.889160
vt 1.339844 0.895508
vt 1.348633 0.902832
vt 1.316406 0.906738
vt 1.309570 0.898438
vt 1.283203 0.905273
vt 1.277344 0.895996
vt 1.250000 0.898926
vt 1.247070 0.888672
vt 1.217773 0.887695
vt 1.217773 0.877930
vt 1.185547 0.874512
vt 1.189453 0.866211
vt 1.153320 0.859863
vt 1.160156 0.852539
vt 1.113281 0.851074
vt 1.125000 0.844238
vt 1.046875 0.839355
vt 1.066406 0.833984
vt 0.972656 0.818359
vt 0.991211 0.815430
vt 0.937012 0.792969
vt 0.952148 0.792480
vt 0.917969 0.770508
vt 0.931641 0.770508
vt 0.918457 0.764648
vt 0.931641 0.765625
vt 0.630371 0.500000
vt 0.389648 0.500488
vt 0.265137 0.570801
vt 0.487793 0.563965
vt 0.840820 0.496582
vt 0.726074 0.562500
vt 0.929199 0.499023
vt 0.825684 0.561035
vt 0.990723 0.498047
vt 0.888672 0.561523
vt 0.990234 0.498047
vt -1.277344 0.000000
vt -1.280273 -0.029297
vt -0.995117 -0.029297
vt -0.988770 0.000000
vt -0.711426 -0.029297
vt -0.714355 0.000000
vt -0.418945 -0.029297
vt -0.442383 0.000000
vt -0.206055 -0.029297
vt -0.218750 0.000000
vt -0.122070 -0.029297
vt -0.168945 0.000000
vt -1.023438 0.000000
vt -1.025391 -0.029297
vt -0.721191 0.000000
vt -0.724121 -0.029297
vt -0.438965 0.000000
vt -0.429199 -0.029297
vt -0.233398 0.000000
vt -0.207520 -0.029297
vt 0.010742 0.000000
vt 0.027832 -0.029297
vt 0.085449 -0.029297
vt 0.078613 0.000000
vt -0.003906 -0.767578
vt -0.118652 -0.791992
vt -0.116211 -0.790039
vt -0.002930 -0.814453
vt -0.118652 -0.813477
vt 1.404297 0.821289
vt 1.300781 0.819824
vt 1.445312 0.535156
vt 1.560547 0.535156
vt 1.515625 0.757324
vt 1.634766 0.535156
vt 1.784180 0.535156
vt 1.582031 0.763184
vt 1.666992 0.757324
vt 1.791016 0.535156
vt 1.673828 0.758789
vt 1.738281 0.766113
vt 1.842773 0.535156
vt 1.269531 1.538574
vt 1.277344 1.499512
vt 1.227539 1.499512
vt 1.217773 1.538574
vt 1.174805 1.499512
vt 1.165039 1.538574
vt 1.119141 1.499512
vt 1.108398 1.538574
vt 1.059570 1.499512
vt 1.049805 1.538574
vt 0.997070 1.499512
vt 0.988281 1.538574
vt 0.934570 1.499512
vt 0.927734 1.538574
vt 0.874023 1.499512
vt 0.869141 1.538574
vt 0.815918 1.499512
vt 0.813965 1.538574
vt 0.761230 1.499512
vt 0.761719 1.538574
vt 0.709473 1.499512
vt 0.711914 1.538574
vt 1.327148 1.499512
vt 1.322266 1.538574
vt 1.377930 1.538574
vt 1.380859 1.499512
vt 1.439453 1.538574
vt 1.438477 1.499512
vt 1.506836 1.538574
vt 1.502930 1.499512
vt 1.578125 1.538574
vt 1.570312 1.499512
vt 1.647461 1.538574
vt 1.637695 1.499512
vt 1.701172 1.499512
vt 1.711914 1.538574
vt 1.769531 1.538574
vt 1.759766 1.499512
vt 1.822266 1.538574
vt 1.814453 1.499512
vt 1.872070 1.538574
vt 1.865234 1.499512
vt 1.919922 1.538574
vt 1.916016 1.499512
vt 1.968750 1.538574
vt 1.968750 1.499512
vt 1.267578 1.553223
vt 1.215820 1.553223
vt 1.162109 1.553223
vt 1.106445 1.553223
vt 1.046875 1.553223
vt 0.986328 1.553223
vt 0.926270 1.553223
vt 0.868164 1.553223
vt 0.813477 1.553223
vt 0.761719 1.553223
vt 0.712402 1.553223
vt 1.320312 1.553223
vt 1.376953 1.553223
vt 1.440430 1.553223
vt 1.508789 1.553223
vt 1.580078 1.553223
vt 1.650391 1.553223
vt 1.714844 1.553223
vt 1.772461 1.553223
vt 1.824219 1.553223
vt 1.874023 1.553223
vt 1.921875 1.553223
vt 1.968750 1.553223
vt 1.968750 2.003906
vt 1.968750 1.972656
vt 1.921875 1.972656
vt 1.921875 1.999023
vt 1.874023 1.972656
vt 1.874023 1.999512
vt 1.824219 1.972656
vt 1.825195 1.999512
vt 1.772461 1.972656
vt 1.772461 1.999512
vt 1.714844 1.972656
vt 1.714844 1.999512
vt 1.650391 1.972656
vt 1.651367 1.999512
vt 1.580078 1.972656
vt 1.581055 1.999512
vt 1.508789 1.972656
vt 1.508789 1.999512
vt 1.440430 1.972656
vt 1.440430 1.999512
vt 1.376953 1.972656
vt 1.376953 1.999512
vt 1.320312 1.972656
vt 1.320312 1.999512
vt 1.267578 1.972656
vt 1.266602 1.999512
vt 1.215820 1.972656
vt 1.214844 1.999512
vt 1.162109 1.972656
vt 1.161133 1.999512
vt 1.106445 1.972656
vt 1.105469 1.999512
vt 1.046875 1.972656
vt 1.045898 1.999023
vt 0.986328 1.972656
vt 0.985840 1.999023
vt 0.926270 1.972656
vt 0.925781 1.999023
vt 0.868164 1.972656
vt 0.868164 1.999023
vt 0.813477 1.972656
vt 0.813477 1.999023
vt 0.761719 1.972656
vt 0.761719 1.999023
vt 0.712402 1.972656
vt 0.712891 1.999023
vt 1.712891 1.086914
vt 1.712891 1.028320
vt 1.685547 1.026367
vt 1.687500 1.086914
vt 1.657227 1.026367
vt 1.660156 1.086914
vt 1.627930 1.026367
vt 1.631836 1.086914
vt 1.596680 1.026367
vt 1.601562 1.086914
vt 1.562500 1.026367
vt 1.567383 1.086914
vt 1.524414 1.026367
vt 1.529297 1.086914
vt 1.483398 1.026367
vt 1.486328 1.086914
vt 1.440430 1.026367
vt 1.442383 1.086914
vt 1.399414 1.026367
vt 1.400391 1.086914
vt 1.362305 1.026367
vt 1.361328 1.086914
vt 1.328125 1.026367
vt 1.326172 1.086914
vt 1.296875 1.026367
vt 1.293945 1.086914
vt 1.265625 1.026367
vt 1.261719 1.086914
vt 1.234375 1.026367
vt 1.229492 1.086914
vt 1.201172 1.026367
vt 1.196289 1.086914
vt 1.166016 1.026367
vt 1.162109 1.086914
vt 1.129883 1.026367
vt 1.126953 1.086914
vt 1.094727 1.026367
vt 1.091797 1.086914
vt 1.060547 1.026367
vt 1.058594 1.086914
vt 1.028320 1.026367
vt 1.027344 1.086914
vt 0.997070 1.026367
vt 0.998047 1.086914
vt 0.968262 1.026367
vt 0.969727 1.086914
vt -0.635254 1.231445
vt -0.635254 1.225098
vt -0.660645 1.225586
vt -0.660645 1.231934
vt -0.635254 1.242188
vt -0.660645 1.242676
vt -0.660645 1.268066
vt -0.635254 1.267090
vt -0.635254 1.277344
vt -0.660645 1.277832
vt -0.635254 1.283203
vt -0.660645 1.283691
vt 0.052734 1.539062
vt 0.222656 1.539062
vt 0.255371 1.539062
vt 0.296875 1.572754
vt 0.425293 1.539062
vt 1.208008 -0.509766
vt 1.210938 -0.245117
vt 1.163086 -0.244141
vt 1.159180 -0.509766
vt 1.115234 -0.244141
vt 1.111328 -0.509766
vt 1.066406 -0.244141
vt 1.063477 -0.509766
vt 1.018555 -0.244141
vt 1.015625 -0.509766
vt 0.970703 -0.244141
vt 0.967285 -0.509766
vt 0.311035 0.155273
vt 0.318848 0.156250
vt 0.309570 0.147461
vt 0.316895 0.143555
vt 0.322266 0.149414
vt 2.041016 0.534180
vt 2.144531 0.540039
vt 2.140625 0.553223
vt 2.054688 0.553223
vt 1.980469 0.530762
vt 1.996094 0.553223
vt 1.872070 0.524414
vt 1.872070 0.553223
vt 1.824219 0.523926
vt 1.824219 0.553223
vt 1.694336 0.521973
vt 1.694336 0.553223
vt 1.646484 0.553223
vt 1.646484 0.521484
vt 1.540039 0.553223
vt 1.538086 0.526367
vt 1.480469 0.553223
vt 1.478516 0.528809
vt 1.376953 0.553223
vt 1.374023 0.534668
vt -0.675293 -0.149414
vt -0.654785 -0.172852
vt -0.796875 -0.178711
vt -0.732910 -0.153320
vt -0.836914 -0.148438
vt -0.755371 -0.143555
vt -0.839355 -0.138672
vt -0.792480 -0.048828
vt -0.775879 -0.057617
vt -0.656250 -0.169922
vt -0.676270 -0.146484
vt -0.734863 -0.150391
vt -0.799316 -0.176758
vt -0.655762 -0.171875
vt -0.675781 -0.148438
vt -0.733398 -0.151367
vt -0.797363 -0.176758
vt -0.755371 -0.142578
vt -0.835938 -0.148438
vt -0.838379 -0.138672
vt -0.775879 -0.056641
vt 1.155273 0.757812
vt 1.110352 0.759277
vt 1.107422 0.725586
vt 0.985840 0.728027
vt 0.987305 0.767578
vt 0.916016 0.775879
vt 0.916504 0.729492
vt 0.851562 0.785156
vt 0.791504 0.731934
vt 0.763672 0.802734
vt 0.735840 0.732910
vt 0.585938 0.734863
vt 0.628906 0.846680
vt 0.566895 0.899902
vt 0.529785 0.735840
vt 0.549316 0.936523
vt 0.404785 0.736816
vt 0.335449 0.737305
vt 0.409668 1.026855
vt 0.328125 1.030273
vt 0.558105 1.020996
vt 0.558105 0.962402
vt 0.214844 0.738281
vt 0.562988 0.967773
vt 0.586426 0.988770
vt 0.632324 1.011719
vt 0.646973 1.016113
vt 0.745117 0.547363
vt 0.782227 0.547363
vt 0.735840 0.496094
vt 0.791504 0.496094
vt 0.576660 0.547852
vt 0.539062 0.547852
vt 0.585938 0.496094
vt 0.529785 0.496094
vt 1.325195 0.643555
vt 1.264648 0.655762
vt 1.271484 0.631348
vt 0.166504 0.297852
vt 0.159668 0.296875
vt 0.159668 0.283203
vt 0.166504 0.281738
vt 0.159668 0.281738
vt 0.070801 1.026367
vt 0.070801 1.085449
vt 0.098633 1.086914
vt 0.096191 1.026367
vt 0.126953 1.086914
vt 0.123535 1.026367
vt 0.156250 1.086914
vt 0.152344 1.026367
vt 0.187012 1.086914
vt 0.182617 1.026367
vt 0.221191 1.086914
vt 0.216797 1.026367
vt 0.259277 1.086914
vt 0.254883 1.026367
vt 0.300781 1.086914
vt 0.297363 1.026367
vt 0.343262 1.086914
vt 0.341309 1.026367
vt 0.384277 1.086914
vt 0.383789 1.026367
vt 0.421387 1.086914
vt 0.422363 1.026367
vt 0.455566 1.086914
vt 0.457520 1.026367
vt 0.486816 1.086914
vt 0.490234 1.026367
vt 0.518066 1.086914
vt 0.521973 1.026367
vt 0.549805 1.086914
vt 0.554199 1.026367
vt 0.583008 1.086914
vt 0.587402 1.026367
vt 0.617676 1.086914
vt 0.622070 1.026367
vt 0.653809 1.086914
vt 0.656738 1.026367
vt 0.688965 1.086914
vt 0.691406 1.026367
vt 0.723145 1.086914
vt 0.724609 1.026367
vt 0.755859 1.086914
vt 0.755859 1.026367
vt 0.786133 1.086914
vt 0.785645 1.026367
vt 0.815430 1.086914
vt 0.813965 1.026367
vt 1.387695 1.280273
vt 1.349609 1.280273
vt 1.349609 1.277832
vt 1.386719 1.277344
vt 1.349609 1.275391
vt 1.386719 1.275391
vt 1.349609 1.273926
vt 1.386719 1.273438
vt 1.349609 1.271973
vt 1.386719 1.271973
vt 1.349609 1.270508
vt 1.386719 1.270508
vt 1.349609 1.268555
vt 1.386719 1.269043
vt 1.350586 1.266113
vt 1.386719 1.266602
vt 1.350586 1.262695
vt 1.386719 1.263184
vt 1.350586 1.258789
vt 1.386719 1.259277
vt 1.350586 1.255859
vt 1.386719 1.256348
vt 1.350586 1.253906
vt 1.386719 1.253906
vt 1.350586 1.252441
vt 1.386719 1.252441
vt 1.350586 1.250977
vt 1.386719 1.250977
vt 1.350586 1.249512
vt 1.386719 1.249512
vt 1.350586 1.248047
vt 1.386719 1.247559
vt 1.350586 1.245605
vt 1.386719 1.245117
vt 1.349609 1.242188
vt 1.386719 1.241699
vt 1.349609 1.238281
vt 1.386719 1.238281
vt 1.726562 1.534180
vt 1.792969 1.534180
vt 1.792969 1.565430
vt 1.735352 1.567383
vt 1.688477 1.534180
vt 1.693359 1.567383
vt 1.658203 1.534180
vt 1.659180 1.567383
vt 1.630859 1.534180
vt 1.630859 1.567383
vt 1.604492 1.534180
vt 1.601562 1.567383
vt 1.573242 1.534180
vt 1.567383 1.567383
vt 1.530273 1.533691
vt 1.520508 1.567383
vt 1.469727 1.533691
vt 1.453125 1.567383
vt 1.393555 1.533691
vt 1.375977 1.567383
vt 1.327148 1.533691
vt 1.315430 1.567383
vt 1.279297 1.533691
vt 1.273438 1.567383
vt 1.243164 1.533691
vt 1.241211 1.567383
vt 1.211914 1.533691
vt 1.211914 1.567383
vt 1.181641 1.567383
vt 1.178711 1.533691
vt 1.137695 1.533691
vt 1.144531 1.567383
vt 1.082031 1.533691
vt 1.093750 1.567383
vt 1.009766 1.534180
vt 1.026367 1.567383
vt 0.939453 1.534180
vt 0.954102 1.567383
vt 0.957031 1.578613
vt 1.030273 1.578613
vt 1.096680 1.578613
vt 1.146484 1.578613
vt 1.182617 1.578613
vt 1.211914 1.578613
vt 1.241211 1.578613
vt 1.272461 1.578613
vt 1.314453 1.578613
vt 1.373047 1.578613
vt 1.449219 1.578613
vt 1.517578 1.578613
vt 1.566406 1.578613
vt 1.601562 1.578613
vt 1.630859 1.578613
vt 1.660156 1.578613
vt 1.693359 1.578613
vt 1.737305 1.578613
vt 1.792969 1.578613
vt 1.182617 0.729980
vt 1.177734 0.756348
vt 0.970215 0.300781
vt 1.057617 0.321777
vt 1.049805 0.300781
vt 1.108398 0.300781
vt 1.108398 0.321777
vt 1.173828 0.300781
vt 1.173828 0.322266
vt 1.286133 0.301270
vt 1.287109 0.322754
vt 1.255859 0.493652
vt 1.238281 0.520020
vt 1.195312 0.493652
vt 1.179688 0.520020
vt 1.152344 0.493652
vt 1.136719 0.520020
vt 1.265625 0.493652
vt 1.249023 0.520020
vt 1.215820 0.493652
vt 1.199219 0.520020
vt 1.166016 0.520020
vt 1.181641 0.493652
vt 0.440918 0.558594
vt 0.442383 0.584473
vt 0.442871 0.602051
vt 1.804688 0.516113
vt 1.978516 0.516113
vt 1.977539 0.540039
vt 1.803711 0.540039
vt 1.625977 0.516113
vt 1.625000 0.540039
vt 1.475586 0.540039
vt 1.324219 0.516113
vt 1.323242 0.540039
vt 1.176758 0.516113
vt 1.174805 0.540039
vt 1.060547 0.516113
vt 1.059570 0.540039
vt 0.935059 0.516113
vt 0.934082 0.540039
vt 0.818359 0.516113
vt 0.817383 0.540039
vt 0.737793 0.516113
vt 0.736816 0.540039
vt 0.679688 0.516113
vt 0.678711 0.540039
vt 0.624023 0.516113
vt 0.621582 0.540039
vt 0.576660 0.516113
vt 0.573730 0.540039
vt 0.386230 0.516113
vt 0.214844 0.516113
vt 0.227051 0.540039
vt -0.022949 0.516113
vt 0.008789 0.540039
vt -0.287109 0.516113
vt -0.245605 0.540039
vt -0.568359 0.516113
vt -0.569336 0.540039
vt -0.734375 0.516113
vt -0.738281 0.540039
vt -0.866211 0.516113
vt -0.866699 0.540039
vt -1.068359 0.516113
vt -1.057617 0.540039
vt -1.257812 0.516113
vt -1.250000 0.540039
vt -1.383789 0.540039
vt -1.466797 0.516113
vt -1.470703 0.540039
vt -1.590820 0.516113
vt -1.594727 0.540039
vt -1.812500 1.508789
vt -1.934570 1.509277
vt -1.923828 1.532715
vt -1.791016 1.532715
vt -1.732422 1.508789
vt -1.726562 1.532715
vt -1.651367 1.508789
vt -1.648438 1.532715
vt -1.561523 1.509277
vt -1.559570 1.532715
vt -1.486328 1.532715
vt -1.470703 1.552734
vt -1.560547 1.532715
vt -1.444336 1.532715
vt -1.451172 1.509277
vt -1.541992 1.509277
vt -1.625000 1.532715
vt -1.623047 1.509277
vt -1.698242 1.532715
vt -1.698242 1.509277
vt -1.780273 1.532715
vt -1.780273 1.508789
vt -1.846680 1.532715
vt -1.860352 1.552734
vt -1.928711 1.552734
vt -1.790039 1.552734
vt -1.726562 1.552734
vt -1.648438 1.552734
vt -1.559570 1.552734
vt -1.501953 1.552734
vt -1.487305 1.553223
vt -1.438477 1.552734
vt -1.563477 1.552734
vt -1.625977 1.552734
vt -1.699219 1.552734
vt -1.780273 1.552734
vt -1.827148 1.552734
vt -1.839844 1.552734
vt 0.608887 -0.439453
vt 0.596680 -0.483398
vt 0.634766 -0.439453
vt 0.623535 -0.483398
vt 0.958496 -0.439453
vt 0.929688 -0.483398
vt 1.111328 -0.439453
vt 1.131836 -0.483398
vt 1.272461 -0.439453
vt 1.293945 -0.483398
vt 1.432617 -0.439453
vt 1.487305 -0.483398
vt 0.919434 -0.483398
vt 0.954102 -0.439453
vt 1.110352 -0.483398
vt 1.099609 -0.439453
vt 1.276367 -0.483398
vt 1.264648 -0.439453
vt 1.475586 -0.483398
vt 1.426758 -0.439453
vt 1.592773 -0.483398
vt 1.560547 -0.439453
vt 1.624023 -0.483398
vt 1.586914 -0.439453
vt 1.625000 0.639160
vt 1.541016 0.607422
vt 1.533203 0.541992
vt 1.465820 0.599121
vt 1.448242 0.541504
vt 1.402344 0.619629
vt 1.378906 0.541504
vt 1.270508 0.675293
vt 1.259766 0.541504
vt 1.245117 0.679688
vt 1.233398 0.541504
vt 1.306641 0.679199
vt 1.291992 0.541504
vt 1.320312 0.674316
vt 1.307617 0.541504
vt 1.447266 0.617676
vt 1.425781 0.541504
vt 1.516602 0.601074
vt 1.500977 0.541504
vt 1.588867 0.614746
vt 1.583984 0.541992
vt 1.666016 0.648926
vt 0.364746 0.224609
vt 0.336426 0.227051
vt 0.336426 0.235840
vt 0.364746 0.234375
vt 0.336426 0.249023
vt 0.364746 0.248535
vt 0.336426 0.260742
vt 0.364746 0.261230
vt 0.336426 0.278809
vt 0.364746 0.281738
vt 0.336426 0.283691
vt 0.364746 0.277832
vt 0.364746 0.259766
vt 0.336426 0.263184
vt 0.364746 0.249023
vt 0.336426 0.250977
vt 0.364746 0.236328
vt 0.336426 0.236328
vt 0.364746 0.227051
vt 0.336426 0.226074
vt 0.787598 0.555176
vt 0.863281 0.499512
vt 0.525879 0.500000
vt 0.458984 0.549316
vt 0.465820 0.555664
vt 0.346680 0.249023
vt 0.354980 0.249023
vt 0.378906 0.249023
vt 0.385742 0.249023
vt 0.337402 0.244629
vt 0.381348 0.250000
vt 0.334473 0.247559
vt 0.346680 0.248047
vt 0.332520 0.258301
vt 0.344727 0.258301
vt 0.344727 0.269531
vt 0.332520 0.269531
vt -0.041992 1.441406
vt -0.087402 1.301758
vt 0.004883 1.302246
vt 0.004395 1.302246
vt 0.610352 1.494141
vt 0.618652 1.521973
vt 0.022461 0.830566
vt 0.060547 0.822266
vt 0.230957 0.824707
vt 0.271484 0.845215
vt -0.661621 1.599121
vt -0.630859 1.614258
vt -0.630859 1.678223
vt -0.661621 1.661133
vt -0.587891 1.628418
vt -0.587891 1.694336
vt -0.527832 0.913574
vt -0.387207 0.913574
vt -0.387207 0.832031
vt -0.223633 0.913574
vt -0.223633 0.832031
vt -0.223633 0.780762
vt -0.060059 0.913574
vt -0.060059 0.832031
vt -0.060059 0.774414
vt 0.103027 0.913574
vt 0.103027 0.832031
vt 0.103027 0.772461
vt 0.266602 0.913574
vt 0.266602 0.832031
vt 0.266602 0.770508
vt 0.430176 0.913574
vt 0.430176 0.832031
vt 0.430176 0.769043
vt 0.593750 0.913574
vt 0.593750 0.769531
vt 0.593750 0.832031
vt 0.757324 0.913574
vt 0.757324 0.773926
vt 0.757324 0.832031
vt 0.920898 0.913574
vt 0.920898 0.782715
vt 0.920898 0.832031
vt 1.084961 0.913574
vt 1.084961 0.798828
vt 1.084961 0.832031
vt 1.248047 0.913574
vt 1.248047 0.832031
vt 1.346680 0.913574
vt -0.387207 0.504883
vt -0.387207 0.586426
vt -0.520996 0.653320
vt -0.450195 0.668457
vt -0.387207 0.668457
vt -0.387207 0.703125
vt -0.450195 0.699707
vt -0.223633 0.705078
vt -0.223633 0.668457
vt -0.060059 0.721680
vt -0.223633 0.586426
vt -0.223633 0.504883
vt -0.060059 0.668457
vt 0.103027 0.727539
vt -0.060059 0.586426
vt -0.060059 0.504883
vt 0.103027 0.668457
vt 0.266602 0.729004
vt 0.103027 0.586426
vt 0.103027 0.504883
vt 0.266602 0.668457
vt 0.430176 0.729492
vt 0.266602 0.586426
vt 0.266602 0.504883
vt 0.430176 0.668457
vt 0.593750 0.727051
vt 0.430176 0.586426
vt 0.430176 0.504883
vt 0.593750 0.668457
vt 0.593750 0.586426
vt 0.593750 0.504883
vt 0.757324 0.668457
vt 0.757324 0.721680
vt 0.757324 0.586426
vt 0.757324 0.504883
vt 0.920898 0.668457
vt 0.920898 0.715332
vt 0.920898 0.586426
vt 0.920898 0.504883
vt 1.084961 0.668457
vt 1.084961 0.705566
vt 1.248047 0.668457
vt 1.084961 0.586426
vt 1.084961 0.504883
vt 1.248047 0.586426
vt 1.375977 0.650879
vt 1.248047 0.504883
vt 1.024414 0.972656
vt 0.636230 0.762695
vt 0.636230 0.996094
vt 1.024414 0.996094
vt 0.746094 0.996094
vt 0.746094 0.973633
vt 0.753906 0.976074
vt 0.753906 0.996094
vt -1.260742 0.873047
vt -1.229492 0.966797
vt -1.279297 0.966797
vt -1.180664 0.966797
vt -1.155273 0.873047
vt -1.229492 0.820801
vt -1.178711 0.770020
vt -1.130859 0.966797
vt -1.130859 0.774902
vt -1.056641 0.873047
vt -1.084961 0.966797
vt -1.082031 0.774902
vt -1.032227 0.774902
vt -0.958008 0.873047
vt -0.982910 0.774902
vt -0.933594 0.774902
vt -0.859375 0.873047
vt -0.884277 0.774902
vt -0.933594 0.909668
vt -0.834961 0.774902
vt -0.884277 0.965820
vt -0.905273 0.965820
vt -0.834961 0.965820
vt -0.785645 0.965820
vt -0.760742 0.873047
vt -0.785645 0.799805
vt -0.736328 0.965820
vt -0.736328 0.841309
vt -0.687012 0.966309
vt -0.687012 0.873047
vt -0.637695 0.966797
vt -0.637695 0.873047
vt -0.588379 0.967285
vt -0.588379 0.873047
vt -0.563477 0.967285
vt -0.562988 0.873047
vt 1.982422 0.074219
vt 1.980469 0.065430
vt 0.482422 0.761719
vt 0.590332 0.536133
vt 0.612305 0.582520
vt 0.535156 0.758301
vt 0.634766 0.536133
vt -0.533691 -0.438477
vt -0.025879 -0.439453
vt -0.030762 -0.466797
vt -0.549805 -0.466797
vt -0.588867 -0.466797
vt -0.573242 -0.438477
vt -0.739258 -0.438477
vt -0.753418 -0.467773
vt -0.878418 -0.438477
vt -0.892578 -0.467773
vt -0.137695 -0.772461
vt -0.137207 -0.825195
vt -0.230469 -0.825195
vt -0.228027 -0.773438
vt -1.030273 -0.435547
vt -1.026367 -0.482422
vt 1.325195 0.649902
vt 1.132812 0.643555
vt 1.217773 0.644531
vt -0.302734 0.014648
vt -0.304688 0.105957
vt -0.276367 0.091309
vt -0.273926 0.016113
vt -0.199219 0.018066
vt -0.200684 0.065430
vt -0.150879 0.052734
vt -0.149414 0.020020
vt 1.398438 0.322754
vt 1.398438 0.301270
vt 1.322266 -0.495117
vt 1.365234 -0.446289
vt 1.991211 1.575195
vt 1.991211 1.495605
vt 1.665039 1.495605
vt 1.665039 1.575195
vt 0.271484 0.996094
vt 0.271484 0.762695
vt 1.021484 0.976074
vt 1.021484 0.996094
vt -3.351562 -0.555664
vt -3.355469 -0.622070
vt -0.128906 -0.435547
vt -0.132812 -0.483398
vt -0.244141 0.078613
vt -0.242188 0.017090
vt -0.687012 1.614258
vt -0.687012 1.537598
vt -0.661133 1.537598
vt -0.628418 1.537598
vt -0.586426 1.537598
vt -0.537109 1.537598
vt -0.538086 1.639648
vt -0.483887 1.537598
vt -0.484375 1.645508
vt -0.427734 1.537598
vt -0.427734 1.647461
vt -0.427734 1.713867
vt -0.363770 1.537598
vt -0.315918 1.537598
vt -0.338379 1.713867
vt -0.248535 1.709961
vt -0.250488 1.537598
vt -0.154785 1.537598
vt -0.152832 1.695312
vt -0.118164 1.674805
vt -0.120605 1.537598
vt -0.121582 1.675781
vt -0.083984 1.667480
vt -0.083984 1.537598
vt -0.115234 1.675781
vt -0.028320 1.537598
vt -0.028320 1.660156
vt 0.009277 1.537598
vt 0.009277 1.648926
vt 0.239258 1.537598
vt 0.239258 1.637695
vt 0.346680 1.537598
vt 0.346680 1.622070
vt 0.396484 1.537598
vt 0.396484 1.614746
vt 0.439453 1.537598
vt 0.439453 1.609863
vt 0.519043 1.537598
vt 0.519043 1.604980
vt 0.548340 1.537598
vt 0.548340 1.597656
vt 0.577148 1.537598
vt 0.577148 1.579102
vt 0.769043 0.426270
vt 0.840820 0.370117
vt 0.835938 0.364746
vt 0.830078 0.358887
vt 0.823242 0.353027
vt 0.730957 0.356934
vt 0.537598 1.839355
vt 0.596191 1.690918
vt 0.595703 1.634277
vt 0.536621 1.740723
vt 0.479492 1.934570
vt 0.595703 1.578125
vt 0.478027 1.808594
vt 0.163574 1.951172
vt 0.536133 1.641602
vt 0.595215 1.521484
vt 0.308594 1.820312
vt 0.102051 1.823242
vt 0.477051 1.682617
vt 0.217773 1.729004
vt 0.003418 1.741211
vt 0.307617 1.689453
vt 0.102539 1.670410
vt -0.123535 1.676758
vt 0.217285 1.634766
vt -0.038086 1.624512
vt -0.273926 1.629395
vt 0.102051 1.599609
vt -0.203125 1.590820
vt -0.385742 1.598145
vt -0.038086 1.572266
vt -0.390625 1.567871
vt -0.491211 1.580566
vt -0.203613 1.551758
vt -0.522949 1.555664
vt -0.668945 1.576660
vt -0.390625 1.538086
vt -0.038574 1.519531
vt -0.203613 1.512695
vt -0.522949 1.530762
vt 0.101562 1.528809
vt -0.668945 1.552734
vt 0.216797 1.540527
vt -0.734863 1.555664
vt -0.734863 1.580078
vt 0.307129 1.559082
vt -0.833496 1.559082
vt -0.833008 1.585449
vt -0.905273 1.523438
vt -0.913086 1.514648
vt -0.833496 1.532715
vt -0.918457 1.506348
vt -0.735352 1.530762
vt -0.833496 1.506836
vt -0.921387 1.497559
vt -0.668945 1.529297
vt -0.735352 1.505859
vt -0.833496 1.494141
vt -0.921387 1.494141
vt -0.735352 1.494141
vt -0.669434 1.505371
vt -0.522949 1.505859
vt -0.669434 1.494141
vt -0.390625 1.508301
vt -0.522949 1.494141
vt -0.390625 1.494141
vt -0.203613 1.494141
vt -0.038574 1.494141
vt 0.101562 1.494141
vt 0.216797 1.494141
vt 0.307129 1.494141
vt 0.349121 1.494141
vt 0.476562 1.494141
vt 0.476562 1.556641
vt 0.535645 1.542969
vt 0.535645 1.494141
vt 0.595215 1.494141
vt 0.408691 0.869629
vt 0.342285 0.865234
vt 0.389160 0.866211
vt 0.449707 0.867188
vt 0.506348 0.871582
vt 0.272461 0.417480
vt 0.227051 0.417480
vt 0.227051 0.537109
vt 0.272461 0.537109
vt 0.317871 0.417480
vt 0.227051 0.616699
vt 0.317871 0.537109
vt 0.363281 0.417480
vt 0.272461 0.616699
vt 0.227051 0.656738
vt 0.363281 0.537109
vt 0.408691 0.417480
vt 0.317871 0.616699
vt 0.272461 0.656738
vt 0.408691 0.537109
vt 0.454102 0.417480
vt 0.363281 0.616699
vt 0.317871 0.656738
vt 0.454102 0.537109
vt 0.499512 0.457031
vt 0.408691 0.616699
vt 0.363281 0.656738
vt 0.499512 0.537109
vt 0.545410 0.457031
vt 0.454102 0.616699
vt 0.408691 0.656738
vt 0.545410 0.537109
vt 0.590820 0.417480
vt 0.499512 0.616699
vt 0.454102 0.656738
vt 0.590820 0.537109
vt 0.636230 0.417480
vt 0.545410 0.616699
vt 0.499512 0.656738
vt 0.636230 0.537109
vt 0.681641 0.417480
vt 0.590820 0.616699
vt 0.545410 0.656738
vt 0.636230 0.616699
vt 0.590820 0.656738
vt 0.681641 0.537109
vt 0.727051 0.537109
vt 0.727051 0.417480
vt 0.727051 0.616699
vt 0.681641 0.616699
vt 0.636230 0.656738
vt 0.681641 0.656738
vt 0.999512 0.616699
vt 0.954102 0.616699
vt 0.954102 0.656738
vt 0.999512 0.537109
vt 0.954102 0.537109
vt 0.999512 0.417480
vt 0.954102 0.417480
vt 0.908691 0.616699
vt 0.908691 0.656738
vt 0.908691 0.537109
vt 0.908691 0.417480
vt 0.863281 0.616699
vt 0.863281 0.656738
vt 0.863281 0.537109
vt 0.863281 0.417480
vt 0.817871 0.616699
vt 0.817871 0.656738
vt 0.817871 0.537109
vt 0.817871 0.417480
vt 0.772461 0.616699
vt 0.772461 0.656738
vt 0.772461 0.537109
vt 0.772461 0.417480
vt 0.727051 0.656738
vt 0.545410 0.417480
vt 0.499512 0.417480
vt 0.181641 0.616699
vt 0.181641 0.656738
vt 0.181641 0.537109
vt 0.181641 0.417480
vt 0.136230 0.616699
vt 0.136230 0.656738
vt 0.136230 0.537109
vt 0.136230 0.417480
vt 0.090820 0.616699
vt 0.090820 0.656738
vt 0.090820 0.537109
vt 0.090820 0.417480
vt 0.045410 0.616699
vt 0.045410 0.656738
vt 0.045410 0.537109
vt 0.045410 0.417480
vt 0.000000 0.616699
vt 0.000000 0.656738
vt 0.000000 0.537109
vt 0.000000 0.417480
vt 0.999512 0.576660
vt 0.954102 0.576660
vt 0.908691 0.576660
vt 0.863281 0.576660
vt 0.817871 0.576660
vt 0.772461 0.576660
vt 0.727051 0.576660
vt 0.636230 0.497070
vt 0.454102 0.457031
vt 0.272461 0.497070
vt 0.181641 0.576660
vt 0.136230 0.576660
vt 0.090820 0.576660
vt 0.045410 0.576660
vt 0.000000 0.576660
vt 0.451172 0.323242
vt 0.421387 0.322266
vt 0.385742 0.324219
vt 0.092285 0.321289
vt -0.098633 0.323242
vt 0.024414 0.412598
vt 0.426270 0.464355
vt 0.503418 0.360840
vt 0.484375 0.339844
vt 0.476562 0.453125
vt 0.454590 0.462891
vt 0.507324 0.413574
vt 0.494629 0.437012
vt 0.511230 0.387207
vt 1.199219 0.667480
vt 1.176758 0.756836
vt 0.440430 0.561523
vt 0.353027 0.562988
vt 0.437012 0.583008
vt 0.349609 0.584473
vt 0.434570 0.596680
vt 0.266113 0.564453
vt 0.178711 0.565918
vt 0.262207 0.586426
vt 0.175293 0.587891
vt 0.347168 0.598633
vt 0.259766 0.600586
vt 0.172852 0.603027
vt 0.000000 0.377441
vt 0.045410 0.377441
vt 0.090820 0.377441
vt 0.136230 0.377441
vt 0.181641 0.377441
vt 0.227051 0.377441
vt 0.272461 0.377441
vt 0.317871 0.377441
vt 0.363281 0.377441
vt 0.408691 0.377441
vt 0.454102 0.377441
vt -0.484375 1.712402
vt -0.538086 1.706543
vt 0.350098 0.622070
vt 0.323242 0.620117
vt 0.314453 0.570801
vt 0.341309 0.573242
vt 0.363281 0.630371
vt 0.342285 0.541504
vt 0.315430 0.539551
vt 0.357422 0.542969
vt 0.408203 0.546875
vt 0.406250 0.644043
vt 1.280273 0.726074
vt 1.278320 0.730469
vt 0.441406 0.095703
vt 0.462891 0.014160
vt 0.463379 0.071777
vt 0.391113 0.014160
vt 0.391113 0.097656
vt 0.232422 0.014160
vt 0.232422 0.110840
vt 0.140625 0.014160
vt 0.140137 0.117188
vt 0.068848 0.014160
vt 0.068848 0.121582
vt -0.221680 0.112305
vt -0.221680 0.014160
vt 1.398438 1.174316
vt 1.325195 0.640625
vt 1.325195 0.651367
vt 1.265625 0.653809
vt -0.235840 0.076172
vt 1.384766 1.495605
vt 1.384766 1.575195
vt 1.103516 1.495605
vt 1.103516 1.575195
vt 1.078125 1.560059
vt 1.078125 1.534668
vt 1.325195 1.534668
vt 1.325195 1.560059
vt 1.555664 1.534668
vt 1.555664 1.560059
vt 1.762695 1.534668
vt 1.762695 1.560059
vt 1.942383 1.534668
vt 1.942383 1.560059
vt 2.097656 1.534668
vt 2.097656 1.560059
vt 1.376953 0.555176
vt 1.480469 0.555176
vt 1.540039 0.555176
vt 1.646484 0.555176
vt 1.694336 0.555176
vt 1.824219 0.555176
vt 1.872070 0.555176
vt 1.996094 0.555176
vt 2.054688 0.555176
vt 2.142578 0.555176
vt -0.247559 0.588379
vt -0.311523 0.588379
vt -0.247559 0.527832
vt -0.137695 0.648926
vt -0.137695 0.588379
vt -0.137695 0.527832
vt -0.028320 0.648926
vt -0.028320 0.588379
vt -0.028320 0.527832
vt 0.081543 0.770508
vt -0.028320 0.770508
vt 0.081543 0.588379
vt 0.081543 0.527832
vt 0.081543 0.709473
vt 0.190918 0.770508
vt 0.081543 0.648926
vt 0.190918 0.709473
vt 0.300781 0.770508
vt 0.190918 0.648926
vt 0.300781 0.709473
vt 0.410156 0.770508
vt 0.190918 0.588379
vt 0.190918 0.527832
vt 0.212891 0.588379
vt 0.300781 0.626465
vt 0.300781 0.648926
vt 0.410156 0.641113
vt 0.410156 0.709473
vt 0.520020 0.770508
vt 0.410156 0.648926
vt 0.520020 0.709473
vt 0.629883 0.770508
vt 0.520020 0.648926
vt 0.520020 0.639160
vt 0.629883 0.709473
vt 0.739258 0.770508
vt 0.607422 0.588379
vt 0.739258 0.709473
vt 0.629883 0.648926
vt 0.739258 0.648926
vt 0.849121 0.709473
vt 0.629883 0.588379
vt 0.562500 0.527832
vt 0.629883 0.527832
vt 0.739258 0.588379
vt 0.739258 0.527832
vt 0.849121 0.648926
vt 0.958984 0.709473
vt 0.849121 0.588379
vt 0.849121 0.527832
vt 0.958984 0.648926
vt 1.068359 0.709473
vt 0.958984 0.588379
vt 0.958984 0.527832
vt 1.068359 0.648926
vt 1.178711 0.709473
vt 1.068359 0.588379
vt 1.068359 0.527832
vt 1.178711 0.648926
vt 1.288086 0.709473
vt 1.178711 0.588379
vt 1.178711 0.527832
vt 1.288086 0.648926
vt 1.343750 0.709473
vt 1.288086 0.588379
vt 1.288086 0.527832
vt 1.343750 0.648926
vt 1.343750 0.588379
vt 1.341797 0.527832
vt 0.123047 1.572754
vt 0.209961 1.539062
vt 0.181152 1.539062
vt 0.209961 1.505371
vt 0.226074 1.471191
vt 0.209961 1.471191
vt 0.251465 1.471191
vt 0.268066 1.471191
vt 0.181152 1.505371
vt 0.181152 1.471191
vt 0.268066 1.505371
vt 0.296875 1.471191
vt 0.151855 1.505371
vt 0.151855 1.471191
vt 0.151855 1.539062
vt 0.123047 1.505371
vt 0.123047 1.471191
vt 0.123047 1.539062
vt 0.094238 1.539062
vt 0.094238 1.505371
vt 0.094238 1.471191
vt 0.064941 1.539062
vt 0.064941 1.505371
vt 0.064941 1.471191
vt 0.048828 1.471191
vt 0.429199 1.471191
vt 0.412598 1.505371
vt 0.412598 1.471191
vt 0.412598 1.539062
vt 0.383789 1.505371
vt 0.383789 1.471191
vt 0.383789 1.539062
vt 0.340332 1.572754
vt 0.354980 1.539062
vt 0.354980 1.505371
vt 0.354980 1.471191
vt 0.325684 1.539062
vt 0.325684 1.505371
vt 0.325684 1.471191
vt 0.296875 1.539062
vt 0.296875 1.505371
vt 0.268066 1.539062
vt 0.308594 0.694336
vt 0.474121 0.705566
vt 0.417969 0.536133
vt 0.254395 0.536621
vt 0.288086 0.685059
vt 0.238770 0.536621
vt 0.190918 0.684082
vt 0.185547 0.693359
vt 0.135742 0.539551
vt 0.148926 0.539551
vt 0.162598 0.674316
vt -0.025879 0.661621
vt 0.126465 0.541016
vt -0.012207 0.654297
vt -0.017090 0.650879
vt -0.030273 0.658203
vt -0.046387 0.545410
vt -0.030762 0.543457
vt 0.161621 0.977539
vt -0.807129 0.534180
vt -0.830078 0.534180
vt -0.820801 0.561523
vt -0.659180 0.534180
vt -1.021484 0.534180
vt -0.657227 0.561523
vt -1.034180 0.561523
vt -0.546875 0.534180
vt -0.546387 0.561523
vt -0.308105 0.534180
vt -0.312988 0.561035
vt -0.293457 0.561035
vt -0.301758 0.534180
vt -0.253418 0.534180
vt -0.247559 0.561035
vt 0.353516 0.560059
vt 0.265625 0.561035
vt 0.178223 0.562500
vt 0.353027 0.585938
vt 0.263184 0.587402
vt 0.173828 0.588867
vt 0.352539 0.604004
vt 0.261719 0.605957
vt 0.170898 0.607422
vt 1.024414 0.774414
vt 1.171875 0.789062
vt 1.178711 0.804199
vt 1.242188 0.795410
vt 1.203125 0.820312
vt 1.250000 0.796387
vt 1.255859 0.839844
vt 1.256836 0.796875
vt 1.262695 0.797852
vt 1.333984 0.845703
vt 1.390625 0.810059
vt 1.392578 0.810059
vt 1.394531 0.810547
vt 1.581055 0.902832
vt 1.397461 0.810547
vt 1.604492 0.868164
vt 1.736328 0.891602
vt 1.614258 0.831543
vt 1.749023 0.844238
vt 0.373535 0.558594
vt 0.376953 0.534180
vt 0.351562 0.558594
vt 0.251953 0.558594
vt 0.634766 0.533691
vt 0.277832 0.533691
vt 0.638184 0.558105
vt 0.270996 0.558105
vt 0.802734 0.533691
vt 0.538086 0.558105
vt 0.807129 0.558105
vt 0.537598 0.533691
vt 0.985840 0.534668
vt 0.694336 0.558105
vt 0.995117 0.558105
vt 0.695801 0.533691
vt 1.120117 0.534180
vt 0.885254 0.558594
vt 1.173828 0.559570
vt 0.882324 0.534668
vt 1.177734 0.558105
vt 1.068359 0.559570
vt 1.018555 0.533691
vt 1.067383 0.558105
vt 0.000000 0.457031
vt 0.045410 0.457031
vt 0.090820 0.457031
vt 0.136230 0.457031
vt 0.181641 0.457031
vt 0.227051 0.457031
vt 0.272461 0.457031
vt 0.317871 0.457031
vt 0.363281 0.457031
vt 0.408691 0.457031
vt 0.317871 0.576660
vt 0.363281 0.576660
vt 0.272461 0.576660
vt 0.227051 0.576660
vt 0.408691 0.576660
vt 0.454102 0.576660
vt 0.499512 0.576660
vt 0.876465 0.475586
vt 0.875000 0.429688
vt 0.860840 0.474121
vt 0.847656 0.467285
vt 0.891602 0.472168
vt 0.837891 0.456055
vt 0.905273 0.463867
vt 0.832520 0.442383
vt 0.915527 0.451660
vt 0.832031 0.427246
vt 0.920410 0.437500
vt 0.836914 0.413086
vt 0.919922 0.422852
vt 0.846680 0.401367
vt 0.914062 0.409180
vt 0.859375 0.393555
vt 0.903320 0.398438
vt 0.874023 0.390137
vt 0.889648 0.392090
s 1
usemtl ORN_Brigand
f 1/1/1 2/2/1 3/3/1
f 4/4/2 5/5/2 6/6/2
f 7/7/3 8/8/3 9/9/3
f 10/10/4 11/11/4 12/12/4
f 13/13/5 14/14/5 15/15/5
f 16/16/6 17/17/6 18/18/6
f 19/13/7 20/15/7 21/14/7
f 22/15/8 23/14/8 24/11/8
f 25/11/9 26/10/9 27/15/9
f 28/19/10 29/20/10 30/21/10
f 31/21/11 32/17/11 33/19/11
f 34/22/12 35/23/12 36/24/12
f 37/24/13 38/25/13 39/22/13
f 40/26/14 41/27/14 42/28/14
f 43/28/15 44/29/15 45/26/15
f 46/16/16 47/11/16 48/14/16
f 49/14/17 50/15/17 51/16/17
f 52/30/18 53/31/18 54/32/18
f 55/32/19 56/33/19 57/30/19
f 58/31/20 59/34/20 60/35/20
f 61/36/21 62/37/21 63/38/21
f 64/38/22 65/39/22 66/36/22
f 67/40/23 68/41/23 69/42/23
f 70/43/24 71/44/24 72/43/24
f 73/45/25 74/46/25 75/47/25
f 76/47/26 77/48/26 78/45/26
f 79/49/27 80/50/27 81/51/27
f 82/25/28 83/24/28 84/17/28
f 85/17/29 86/21/29 87/25/29
f 88/18/30 89/11/30 90/16/30
f 91/52/31 92/53/31 93/54/31
f 94/55/32 95/56/32 96/57/32
f 97/55/33 98/58/33 99/59/33
f 100/60/34 101/61/34 102/62/34
f 103/63/35 104/64/35 105/61/35
f 106/61/36 107/60/36 108/63/36
f 109/65/37 110/62/37 111/66/37
f 112/67/38 113/68/38 114/69/38
f 115/69/39 116/70/39 117/67/39
f 118/71/40 119/72/40 120/73/40
f 121/74/41 122/75/41 123/76/41
f 124/77/42 125/78/42 126/79/42
f 127/80/43 128/81/43 129/82/43
f 130/83/44 131/84/44 132/85/44
f 133/80/45 134/86/45 135/87/45
f 136/87/46 137/81/46 138/80/46
f 139/88/47 140/89/47 141/90/47
f 142/91/48 143/92/48 144/93/48
f 145/94/49 146/95/49 147/96/49
f 148/96/50 149/97/50 150/94/50
f 151/98/51 152/99/51 153/100/51
f 154/101/52 155/102/52 156/103/52
f 157/104/53 158/105/53 159/106/53
f 160/91/54 161/107/54 162/108/54
f 163/91/55 164/108/55 165/109/55
f 166/92/56 167/91/56 168/109/56
f 169/92/57 170/110/57 171/111/57
f 172/92/58 173/111/58 174/112/58
f 175/99/59 176/113/59 177/100/59
f 178/114/60 179/115/60 180/116/60
f 181/117/61 182/118/61 183/115/61
f 184/115/62 185/114/62 186/117/62
f 187/55/63 188/58/63 189/59/63
f 190/119/64 191/120/64 192/121/64
f 193/121/65 194/122/65 195/119/65
f 196/70/66 197/69/66 198/71/66
f 199/67/67 200/68/67 201/69/67
f 202/69/68 203/70/68 204/67/68
f 205/123/69 206/124/69 207/125/69
f 208/126/70 209/127/70 210/128/70
f 211/129/71 212/130/71 213/131/71
f 214/2/72 215/1/72 216/3/72
f 217/5/73 218/4/73 219/6/73
f 220/8/74 221/7/74 222/9/74
f 223/11/75 224/10/75 225/12/75
f 226/14/76 227/13/76 228/15/76
f 229/17/77 230/16/77 231/18/77
f 232/15/78 233/13/78 234/14/78
f 235/15/79 236/10/79 237/11/79
f 238/11/80 239/14/80 240/15/80
f 241/19/81 242/17/81 243/21/81
f 244/21/82 245/20/82 246/19/82
f 247/22/83 248/25/83 249/24/83
f 250/24/84 251/23/84 252/22/84
f 253/26/85 254/29/85 255/28/85
f 256/28/86 257/27/86 258/26/86
f 259/16/87 260/15/87 261/14/87
f 262/14/88 263/11/88 264/16/88
f 265/30/89 266/33/89 267/32/89
f 268/32/90 269/31/90 270/30/90
f 271/35/91 272/34/91 273/31/91
f 274/36/92 275/39/92 276/38/92
f 277/38/93 278/37/93 279/36/93
f 280/42/94 281/41/94 282/40/94
f 283/44/95 284/43/95 285/43/95
f 286/45/96 287/48/96 288/47/96
f 289/47/97 290/46/97 291/45/97
f 292/50/98 293/49/98 294/51/98
f 295/25/99 296/21/99 297/17/99
f 298/17/100 299/24/100 300/25/100
f 301/11/101 302/18/101 303/16/101
f 304/53/102 305/52/102 306/54/102
f 307/56/103 308/55/103 309/57/103
f 310/58/104 311/55/104 312/59/104
f 313/62/105 314/61/105 315/60/105
f 316/71/106 317/69/106 318/70/106
f 319/63/107 320/60/107 321/61/107
f 322/61/108 323/64/108 324/63/108
f 325/67/109 326/70/109 327/69/109
f 328/69/110 329/68/110 330/67/110
f 331/73/111 332/72/111 333/71/111
f 334/75/112 335/74/112 336/76/112
f 337/78/113 338/77/113 339/79/113
f 340/81/114 341/80/114 342/82/114
f 343/84/115 344/83/115 345/85/115
f 346/80/116 347/81/116 348/87/116
f 349/87/117 350/86/117 351/80/117
f 352/89/118 353/88/118 354/90/118
f 355/92/119 356/91/119 357/93/119
f 358/94/120 359/97/120 360/96/120
f 361/96/121 362/95/121 363/94/121
f 364/100/122 365/99/122 366/98/122
f 367/103/123 368/102/123 369/101/123
f 370/106/124 371/105/124 372/104/124
f 373/108/125 374/107/125 375/91/125
f 376/109/126 377/108/126 378/91/126
f 379/109/127 380/91/127 381/92/127
f 382/111/128 383/110/128 384/92/128
f 385/111/129 386/92/129 387/112/129
f 388/113/130 389/99/130 390/100/130
f 391/116/131 392/115/131 393/114/131
f 394/117/132 395/114/132 396/115/132
f 397/115/133 398/118/133 399/117/133
f 400/58/134 401/55/134 402/59/134
f 403/119/135 404/122/135 405/121/135
f 406/121/136 407/120/136 408/119/136
f 409/71/137 410/69/137 411/70/137
f 412/67/138 413/70/138 414/69/138
f 415/69/139 416/68/139 417/67/139
f 418/124/140 419/123/140 420/125/140
f 421/127/141 422/126/141 423/128/141
f 424/130/142 425/129/142 426/131/142
f 427/132/143 428/133/144 429/134/144
f 427/132/143 430/135/145 431/133/146
f 432/136/147 433/134/148 431/133/146
f 431/133/146 434/137/149 432/136/147
f 435/138/150 434/137/151 436/139/152
f 436/139/152 437/140/153 435/138/150
f 438/141/154 439/142/155 440/143/155
f 441/144/156 438/141/154 442/143/157
f 442/143/157 443/145/158 441/144/156
f 444/146/159 441/144/156 443/145/158
f 443/145/158 445/147/160 444/146/159
f 445/147/160 446/148/161 444/146/159
f 447/149/162 446/148/161 445/147/160
f 445/147/160 448/150/163 447/149/162
f 449/141/164 450/142/165 451/143/165
f 452/144/166 449/141/167 453/143/168
f 453/143/168 454/145/169 452/144/166
f 455/146/170 452/144/166 454/145/169
f 454/145/169 456/147/171 455/146/170
f 456/147/171 457/148/172 455/146/170
f 458/149/173 457/148/172 456/147/171
f 456/147/171 459/150/174 458/149/173
f 460/143/175 461/142/175 462/141/176
f 463/143/177 462/141/176 464/144/178
f 464/144/178 465/145/179 463/143/177
f 465/145/179 464/144/178 466/146/180
f 466/146/180 467/147/181 465/145/179
f 468/148/182 467/147/181 466/146/180
f 467/147/181 468/148/182 469/149/183
f 469/149/183 470/150/184 467/147/181
f 471/143/185 472/142/185 473/141/186
f 474/143/187 473/141/186 475/144/188
f 475/144/188 476/145/189 474/143/187
f 476/145/189 475/144/188 477/146/190
f 477/146/190 478/147/191 476/145/189
f 479/148/192 478/147/191 477/146/190
f 478/147/191 479/148/192 480/149/193
f 480/149/193 481/150/194 478/147/191
f 482/62/195 483/65/196 484/60/195
f 485/66/197 486/151/198 483/65/199
f 487/65/200 486/151/198 485/66/197
f 485/66/197 488/62/201 489/65/201
f 490/60/202 487/65/203 491/62/202
f 492/70/204 493/69/204 494/71/205
f 495/73/206 496/152/207 494/71/205
f 497/71/208 496/152/209 498/70/208
f 499/71/210 500/152/211 495/73/206
f 501/70/212 500/152/211 499/71/210
f 502/109/213 503/153/214 504/154/214
f 502/109/215 505/154/216 506/110/217
f 505/154/216 507/155/218 506/110/217
f 508/92/219 509/109/219 506/110/217
f 510/116/220 511/156/221 512/114/220
f 513/157/222 514/158/223 511/156/221
f 515/156/224 516/116/224 513/157/222
f 517/71/225 518/72/225 519/73/226
f 520/71/227 521/152/228 519/73/226
f 522/70/229 521/152/228 520/71/227
f 523/133/230 524/132/231 525/134/230
f 526/135/232 524/132/231 527/133/233
f 527/133/233 528/134/234 529/136/235
f 529/136/235 530/137/236 527/133/233
f 531/139/237 530/137/238 532/138/239
f 532/138/239 533/140/240 531/139/237
f 534/142/241 535/141/242 536/143/241
f 537/143/243 535/141/242 538/144/244
f 538/144/244 539/145/245 537/143/243
f 539/145/245 538/144/244 540/146/246
f 540/146/246 541/147/247 539/145/245
f 542/148/248 541/147/247 540/146/246
f 541/147/247 542/148/248 543/149/249
f 543/149/249 544/150/250 541/147/247
f 545/142/251 546/141/252 547/143/251
f 548/143/253 546/141/252 549/144/254
f 549/144/254 550/145/255 548/143/253
f 550/145/255 549/144/254 551/146/256
f 551/146/256 552/147/257 550/145/255
f 553/148/258 552/147/257 551/146/256
f 552/147/257 553/148/258 554/149/259
f 554/149/259 555/150/260 552/147/257
f 556/142/261 557/143/261 558/141/262
f 559/144/263 558/141/262 560/143/264
f 560/143/264 561/145/265 559/144/263
f 562/146/266 559/144/263 561/145/265
f 561/145/265 563/147/267 562/146/266
f 563/147/267 564/148/268 562/146/266
f 565/149/269 564/148/268 563/147/267
f 563/147/267 566/150/270 565/149/269
f 567/142/271 568/143/271 569/141/272
f 570/144/273 569/141/274 571/143/275
f 571/143/275 572/145/276 570/144/273
f 573/146/277 570/144/273 572/145/276
f 572/145/276 574/147/278 573/146/277
f 574/147/278 575/148/279 573/146/277
f 576/149/280 575/148/279 574/147/278
f 574/147/278 577/150/281 576/149/280
f 578/114/282 579/156/283 580/116/282
f 579/156/284 581/158/285 582/157/286
f 582/157/286 583/116/287 584/156/287
f 585/73/288 586/72/289 587/71/289
f 585/73/288 588/152/290 589/71/291
f 589/71/291 588/152/290 590/70/292
f 591/159/293 592/160/293 593/161/294
f 594/162/295 593/161/294 595/163/296
f 595/163/296 596/164/297 594/162/295
f 597/159/298 593/161/294 594/162/295
f 594/162/295 598/165/299 597/159/298
f 597/159/298 598/165/299 599/166/300
f 599/166/300 600/167/301 597/159/298
f 600/167/301 599/166/300 601/168/302
f 601/168/302 602/169/303 600/167/301
f 603/170/304 602/169/303 601/168/302
f 604/171/305 605/172/305 606/173/306
f 606/173/307 607/174/308 608/171/309
f 607/174/310 606/173/311 609/175/312
f 609/175/312 610/176/313 607/174/310
f 610/176/313 609/175/312 611/177/314
f 611/177/314 612/178/314 610/176/313
f 613/172/315 608/171/309 614/179/316
f 614/179/316 615/180/317 613/172/315
f 616/160/318 617/159/318 618/161/319
f 619/163/320 618/161/319 620/162/321
f 620/162/321 621/164/322 619/163/320
f 620/162/321 618/161/319 622/159/323
f 622/159/323 623/165/324 620/162/321
f 624/166/325 623/165/324 622/159/323
f 622/159/323 625/167/326 624/166/325
f 626/168/327 624/166/325 625/167/326
f 625/167/326 627/169/328 626/168/327
f 627/169/328 628/170/329 626/168/327
f 629/110/330 630/155/331 631/154/331
f 629/110/330 632/109/332 633/92/332
f 629/110/333 634/154/334 635/109/335
f 634/154/334 636/153/336 635/109/335
f 637/173/337 638/172/338 639/171/338
f 640/171/339 641/174/340 637/173/341
f 642/175/342 637/173/341 641/174/340
f 641/174/340 643/176/343 642/175/342
f 644/177/344 642/175/342 643/176/343
f 643/176/343 645/178/345 644/177/344
f 646/179/346 640/171/339 647/172/347
f 647/172/347 648/180/348 646/179/346
f 649/181/349 650/182/350 651/183/351
f 651/183/351 652/184/352 649/181/349
f 653/185/353 654/186/354 655/187/355
f 655/187/355 656/188/356 653/185/353
f 657/96/357 658/184/358 659/189/359
f 659/189/359 660/97/360 657/96/357
f 661/97/361 662/189/362 663/164/363
f 663/164/363 664/163/364 661/97/361
f 665/190/365 666/191/366 667/192/367
f 667/192/367 668/193/368 665/190/365
f 669/194/369 670/195/370 671/195/371
f 671/195/371 672/194/372 669/194/369
f 673/196/373 674/196/374 675/197/375
f 675/197/375 676/197/376 673/196/373
f 677/197/377 678/197/378 679/198/379
f 679/198/379 680/198/380 677/197/377
f 681/194/381 682/194/382 683/194/383
f 683/194/383 684/194/384 681/194/381
f 685/196/385 686/196/385 687/197/385
f 687/197/385 688/197/385 685/196/385
f 689/197/386 690/197/386 691/198/386
f 691/198/386 692/198/386 689/197/386
f 693/194/387 694/194/387 695/194/387
f 695/194/387 696/194/387 693/194/387
f 697/199/388 698/200/389 699/7/390
f 699/7/390 700/5/391 697/199/388
f 701/201/392 702/202/393 703/203/394
f 703/203/394 704/204/395 701/201/392
f 705/205/396 706/206/397 707/207/398
f 707/207/398 708/208/399 705/205/396
f 708/208/399 709/207/400 710/209/401
f 710/209/401 711/210/402 708/208/399
f 711/210/402 710/209/401 712/211/403
f 712/211/403 713/212/404 711/210/402
f 713/212/404 712/211/403 714/213/405
f 714/213/405 715/214/406 713/212/404
f 715/214/406 714/213/405 716/215/407
f 716/215/407 717/216/408 715/214/406
f 717/216/408 716/215/407 718/217/409
f 718/217/409 719/218/410 717/216/408
f 719/218/410 718/217/409 720/219/411
f 720/219/411 721/220/412 719/218/410
f 720/219/411 722/221/413 721/220/412
f 722/221/413 723/222/414 721/220/412
f 723/222/414 724/223/415 721/220/412
f 724/223/415 723/222/414 725/224/416
f 725/224/416 726/225/417 724/223/415
f 726/225/417 725/224/416 727/226/418
f 727/226/418 728/227/419 726/225/417
f 728/227/419 727/226/418 729/228/420
f 729/228/420 730/229/421 728/227/419
f 730/229/421 729/228/420 731/230/422
f 731/230/422 732/231/423 730/229/421
f 732/231/423 731/230/422 733/232/424
f 733/232/424 734/233/425 732/231/423
f 734/233/425 733/232/424 735/234/426
f 735/234/426 736/235/427 734/233/425
f 736/235/427 735/234/426 737/236/428
f 738/237/429 739/238/430 736/235/427
f 738/237/429 736/235/427 740/239/431
f 737/236/428 740/239/431 736/235/427
f 740/239/431 737/236/428 741/240/432
f 741/240/432 742/241/433 740/239/431
f 742/241/433 741/240/432 743/242/434
f 743/242/434 744/243/435 742/241/433
f 744/243/435 743/242/434 745/244/436
f 745/244/436 746/245/437 744/243/435
f 746/245/437 745/244/436 747/246/438
f 747/246/438 748/247/439 746/245/437
f 748/247/439 747/246/438 749/248/440
f 750/5/441 751/7/442 752/9/443
f 752/9/443 753/6/444 750/5/441
f 754/4/445 755/249/446 756/199/447
f 756/199/447 757/5/445 754/4/445
f 758/250/448 759/8/449 760/7/449
f 760/7/449 761/200/450 758/250/448
f 762/251/451 763/252/452 764/253/453
f 764/253/453 765/254/454 762/251/451
f 766/254/455 767/255/456 768/256/457
f 768/256/457 769/251/458 766/254/455
f 770/29/459 771/28/460 772/257/461
f 772/257/461 773/26/462 770/29/459
f 774/251/463 775/252/464 776/253/465
f 776/253/465 777/254/466 774/251/463
f 778/254/467 779/255/468 780/256/469
f 780/256/469 781/251/470 778/254/467
f 782/258/471 783/259/472 784/260/471
f 784/260/471 785/261/473 782/258/471
f 786/262/474 787/263/475 788/264/476
f 788/264/476 789/265/476 786/262/474
f 790/266/477 791/267/478 792/268/479
f 792/268/479 793/269/480 790/266/477
f 794/270/481 795/271/482 796/272/483
f 796/272/483 797/273/484 794/270/481
f 798/274/485 799/275/486 800/271/487
f 800/271/487 801/270/488 798/274/485
f 802/276/489 803/277/490 804/275/491
f 804/275/491 805/274/492 802/276/489
f 806/278/493 807/279/494 808/277/495
f 808/277/495 809/276/496 806/278/493
f 810/280/497 811/281/498 812/279/499
f 812/279/499 813/278/500 810/280/497
f 814/282/501 815/283/502 816/281/503
f 816/281/503 817/280/504 814/282/501
f 818/284/505 819/285/506 820/283/507
f 820/283/507 821/282/508 818/284/505
f 822/286/509 823/287/510 824/288/511
f 824/288/511 825/289/512 822/286/509
f 826/290/513 827/291/514 828/292/515
f 828/292/515 829/293/516 826/290/513
f 830/294/517 831/295/518 832/291/519
f 832/291/519 833/290/520 830/294/517
f 834/296/521 835/297/522 836/298/523
f 836/298/523 837/298/524 834/296/521
f 838/299/525 839/300/526 840/297/527
f 840/297/527 841/296/528 838/299/525
f 842/301/529 843/302/530 844/303/531
f 844/303/531 845/304/532 842/301/529
f 845/304/533 846/305/534 847/306/535
f 847/306/535 848/307/536 845/304/533
f 848/307/537 849/308/538 850/309/539
f 850/309/539 851/310/540 848/307/537
f 852/307/541 851/310/540 850/309/539
f 850/309/539 853/308/542 852/307/541
f 854/304/543 852/307/544 855/306/545
f 855/306/545 856/305/546 854/304/543
f 857/301/547 854/304/543 858/303/548
f 858/303/548 859/302/549 857/301/547
f 860/311/550 861/312/551 862/313/552
f 862/313/552 863/314/553 860/311/550
f 864/315/554 865/316/555 866/317/555
f 866/317/555 867/318/554 864/315/554
f 868/319/556 869/320/557 870/321/558
f 870/321/558 871/322/559 868/319/556
f 872/323/560 873/315/561 874/318/562
f 874/318/562 875/324/563 872/323/560
f 876/325/564 877/319/565 878/322/566
f 878/322/566 879/326/567 876/325/564
f 880/317/568 881/327/569 882/328/570
f 882/328/570 883/318/571 880/317/568
f 884/316/572 885/329/573 886/327/574
f 886/327/574 887/317/575 884/316/572
f 888/315/576 889/330/577 890/329/578
f 890/329/578 891/316/579 888/315/576
f 892/323/580 893/331/581 894/330/582
f 894/330/582 895/315/583 892/323/580
f 896/324/584 897/332/585 898/331/586
f 898/331/586 899/323/587 896/324/584
f 900/318/588 901/328/589 902/332/590
f 902/332/590 903/324/591 900/318/588
f 904/321/592 905/333/593 906/334/594
f 906/334/594 907/322/595 904/321/592
f 908/320/596 909/335/597 910/333/598
f 910/333/598 911/321/599 908/320/596
f 912/319/600 913/336/601 914/335/602
f 914/335/602 915/320/603 912/319/600
f 916/325/604 917/337/605 918/336/606
f 918/336/606 919/319/607 916/325/604
f 920/326/608 921/338/609 922/337/610
f 922/337/610 923/325/611 920/326/608
f 924/322/612 925/334/613 926/338/614
f 926/338/614 927/326/615 924/322/612
f 928/339/616 929/339/617 930/340/618
f 930/340/618 931/341/619 928/339/616
f 932/342/620 933/342/621 934/343/622
f 934/343/622 935/343/623 932/342/620
f 936/344/624 937/345/625 938/346/626
f 938/346/626 939/347/627 936/344/624
f 940/348/628 941/348/629 942/349/630
f 942/349/630 943/349/631 940/348/628
f 944/350/632 945/351/633 946/352/634
f 946/352/634 947/353/635 944/350/632
f 948/354/636 949/355/637 950/356/638
f 950/356/638 951/357/639 948/354/636
f 952/358/640 953/359/641 954/360/642
f 954/360/642 955/361/643 952/358/640
f 956/362/644 957/363/645 958/364/646
f 958/364/646 959/365/647 956/362/644
f 960/362/648 961/366/649 962/367/650
f 962/367/650 963/368/651 960/362/648
f 964/369/652 965/370/653 966/371/654
f 966/371/654 967/372/655 964/369/652
f 968/373/656 969/374/657 970/370/658
f 970/370/658 971/369/659 968/373/656
f 972/375/660 973/376/661 974/374/661
f 974/374/661 975/373/662 972/375/660
f 976/377/663 977/378/664 978/376/665
f 978/376/665 979/375/666 976/377/663
f 980/372/667 981/371/668 982/379/669
f 982/379/669 983/380/670 980/372/667
f 984/381/671 985/382/672 986/383/673
f 986/383/673 987/384/674 984/381/671
f 988/382/675 989/381/676 990/385/677
f 990/385/677 991/386/678 988/382/675
f 992/387/679 993/386/680 994/385/681
f 994/385/681 995/388/682 992/387/679
f 996/389/683 997/390/684 998/391/685
f 998/391/685 999/392/686 996/389/683
f 1000/393/687 1001/390/688 1002/389/689
f 1002/389/689 1003/394/690 1000/393/687
f 1004/395/691 1005/396/692 1006/397/693
f 1006/397/693 1007/398/694 1004/395/691
f 1008/399/695 1009/400/696 1010/396/697
f 1010/396/697 1011/395/698 1008/399/695
f 1012/401/699 1013/400/700 1014/399/701
f 1014/399/701 1015/402/702 1012/401/699
f 1016/403/703 1017/404/704 1018/405/705
f 1018/405/705 1019/406/706 1016/403/703
f 1020/407/707 1021/408/708 1022/409/709
f 1022/409/709 1023/410/710 1020/407/707
f 1024/411/711 1025/412/712 1026/413/713
f 1026/413/713 1027/414/714 1024/411/711
f 1028/415/715 1029/416/716 1030/417/717
f 1030/417/717 1031/418/718 1028/415/715
f 1032/403/719 1033/404/720 1034/405/721
f 1034/405/721 1035/406/722 1032/403/719
f 1036/392/723 1037/391/724 1038/419/725
f 1038/419/725 1039/420/726 1036/392/723
f 1040/421/727 1041/422/728 1042/423/729
f 1042/423/729 1043/424/730 1040/421/727
f 1044/422/731 1045/421/732 1046/425/733
f 1046/425/733 1047/426/734 1044/422/731
f 1048/427/735 1049/426/736 1050/425/737
f 1050/425/737 1051/428/738 1048/427/735
f 1052/429/739 1053/430/740 1054/431/741
f 1054/431/741 1055/432/742 1052/429/739
f 1056/433/743 1057/434/744 1058/430/745
f 1058/430/745 1059/429/746 1056/433/743
f 1060/435/747 1061/434/748 1062/433/749
f 1062/433/749 1063/436/750 1060/435/747
f 1064/437/751 1065/438/752 1066/439/753
f 1066/439/753 1067/440/754 1064/437/751
f 1068/441/755 1069/442/755 1070/443/755
f 1070/443/755 1071/444/755 1068/441/755
f 1072/445/756 1073/446/756 1074/447/756
f 1074/447/756 1075/448/756 1072/445/756
f 1075/448/756 1076/449/756 1077/450/756
f 1077/450/756 1078/451/756 1075/448/756
f 1079/449/755 1080/452/755 1081/453/755
f 1081/453/755 1082/454/755 1079/449/755
f 1083/455/755 1084/456/755 1085/457/755
f 1085/457/755 1086/458/755 1083/455/755
f 1087/459/757 1088/427/758 1089/428/759
f 1089/428/759 1090/460/760 1087/459/757
f 1091/461/756 1092/462/756 1093/463/756
f 1093/463/756 1094/464/756 1091/461/756
f 1095/465/761 1096/466/762 1097/467/763
f 1097/467/763 1098/468/764 1095/465/761
f 1099/469/756 1100/470/756 1101/471/756
f 1101/471/756 1102/452/756 1099/469/756
f 1102/452/756 1103/472/756 1104/473/756
f 1104/473/756 1105/474/756 1102/452/756
f 1106/475/755 1107/476/755 1108/477/755
f 1108/477/755 1109/478/755 1106/475/755
f 1109/478/755 1110/479/755 1111/480/755
f 1111/480/755 1112/469/755 1109/478/755
f 1113/481/755 1114/482/755 1115/483/755
f 1115/483/755 1116/484/755 1113/481/755
f 1117/485/765 1118/435/766 1119/436/767
f 1119/436/767 1120/486/768 1117/485/765
f 1121/458/756 1122/487/756 1123/456/756
f 1123/456/756 1124/488/756 1121/458/756
f 1125/137/769 1126/138/770 1127/489/771
f 1127/489/771 1128/136/772 1125/137/769
f 1129/490/773 1130/491/774 1131/492/775
f 1131/492/775 1132/493/776 1129/490/773
f 1133/494/777 1134/494/778 1135/495/779
f 1135/495/779 1136/495/780 1133/494/777
f 1137/135/781 1138/139/782 1139/137/783
f 1139/137/783 1140/133/784 1137/135/781
f 1141/494/785 1142/494/786 1143/495/787
f 1143/495/787 1144/495/788 1141/494/785
f 1145/477/756 1146/476/756 1147/475/756
f 1147/475/756 1148/478/756 1145/477/756
f 1148/478/756 1149/469/756 1150/480/756
f 1150/480/756 1151/479/756 1148/478/756
f 1152/481/756 1153/484/756 1154/483/756
f 1154/483/756 1155/482/756 1152/481/756
f 1156/496/789 1157/497/790 1158/492/791
f 1158/492/791 1159/491/792 1156/496/789
f 1160/498/793 1161/499/794 1162/500/795
f 1162/500/795 1163/501/796 1160/498/793
f 1164/501/797 1165/500/798 1166/502/799
f 1166/502/799 1167/503/800 1164/501/797
f 1168/503/801 1169/502/802 1170/504/803
f 1170/504/803 1171/505/804 1168/503/801
f 1172/506/805 1173/507/806 1174/508/807
f 1174/508/807 1175/509/808 1172/506/805
f 1176/510/809 1177/511/810 1178/512/811
f 1178/512/811 1179/513/812 1176/510/809
f 1180/513/813 1181/512/814 1182/514/815
f 1182/514/815 1183/515/816 1180/513/813
f 1184/381/817 1185/384/818 1186/383/819
f 1186/383/819 1187/382/820 1184/381/817
f 1188/382/821 1189/386/822 1190/385/823
f 1190/385/823 1191/381/824 1188/382/821
f 1192/387/825 1193/388/826 1194/385/827
f 1194/385/827 1195/386/828 1192/387/825
f 1196/516/829 1197/517/830 1198/518/831
f 1198/518/831 1199/519/832 1196/516/829
f 1200/520/833 1201/521/834 1202/516/835
f 1202/516/835 1203/519/836 1200/520/833
f 1204/395/837 1205/398/838 1206/397/839
f 1206/397/839 1207/396/840 1204/395/837
f 1208/399/841 1209/395/842 1210/396/843
f 1210/396/843 1211/400/844 1208/399/841
f 1212/401/845 1213/402/846 1214/399/847
f 1214/399/847 1215/400/848 1212/401/845
f 1216/403/849 1217/406/850 1218/405/851
f 1218/405/851 1219/404/852 1216/403/849
f 1220/407/853 1221/410/854 1222/409/855
f 1222/409/855 1223/408/856 1220/407/853
f 1224/411/857 1225/414/858 1226/413/859
f 1226/413/859 1227/412/860 1224/411/857
f 1228/415/861 1229/418/862 1230/417/863
f 1230/417/863 1231/416/864 1228/415/861
f 1232/403/865 1233/406/866 1234/405/867
f 1234/405/867 1235/404/868 1232/403/865
f 1236/517/869 1237/522/870 1238/523/871
f 1238/523/871 1239/518/872 1236/517/869
f 1240/421/873 1241/424/874 1242/423/875
f 1242/423/875 1243/422/876 1240/421/873
f 1244/422/877 1245/426/878 1246/425/879
f 1246/425/879 1247/421/880 1244/422/877
f 1248/427/881 1249/428/882 1250/425/883
f 1250/425/883 1251/426/884 1248/427/881
f 1252/429/885 1253/432/886 1254/431/887
f 1254/431/887 1255/430/888 1252/429/885
f 1256/433/889 1257/429/890 1258/430/891
f 1258/430/891 1259/434/892 1256/433/889
f 1260/435/893 1261/436/894 1262/433/895
f 1262/433/895 1263/434/896 1260/435/893
f 1264/437/897 1265/440/898 1266/439/899
f 1266/439/899 1267/438/900 1264/437/897
f 1268/441/756 1269/444/756 1270/443/756
f 1270/443/756 1271/442/756 1268/441/756
f 1272/447/755 1273/446/755 1274/445/755
f 1274/445/755 1275/448/755 1272/447/755
f 1275/448/755 1276/451/755 1277/450/755
f 1277/450/755 1278/449/755 1275/448/755
f 1279/449/756 1280/454/756 1281/453/756
f 1281/453/756 1282/452/756 1279/449/756
f 1283/455/756 1284/458/756 1285/457/756
f 1285/457/756 1286/456/756 1283/455/756
f 1287/459/901 1288/460/902 1289/428/903
f 1289/428/903 1290/427/904 1287/459/901
f 1291/461/755 1292/464/755 1293/463/755
f 1293/463/755 1294/462/755 1291/461/755
f 1295/465/905 1296/468/906 1297/467/907
f 1297/467/907 1298/466/908 1295/465/905
f 1299/471/755 1300/470/755 1301/469/755
f 1301/469/755 1302/452/755 1299/471/755
f 1302/452/755 1303/474/755 1304/473/755
f 1304/473/755 1305/472/755 1302/452/755
f 1306/477/756 1307/476/756 1308/475/756
f 1308/475/756 1309/478/756 1306/477/756
f 1309/478/756 1310/469/756 1311/480/756
f 1311/480/756 1312/479/756 1309/478/756
f 1313/481/756 1314/484/756 1315/483/756
f 1315/483/756 1316/482/756 1313/481/756
f 1317/485/909 1318/486/910 1319/436/911
f 1319/436/911 1320/435/912 1317/485/909
f 1321/458/755 1322/488/755 1323/456/755
f 1323/456/755 1324/487/755 1321/458/755
f 1325/524/913 1326/525/914 1327/526/915
f 1327/526/915 1328/527/916 1325/524/913
f 1329/528/917 1328/527/916 1330/529/918
f 1330/529/918 1331/530/919 1329/528/917
f 1332/527/920 1333/528/921 1334/531/922
f 1334/531/922 1335/524/923 1332/527/920
f 1336/532/924 1337/533/925 1338/534/926
f 1338/534/926 1339/535/927 1336/532/924
f 1340/536/928 1341/529/929 1342/527/930
f 1342/527/930 1343/526/931 1340/536/928
f 1344/530/932 1345/537/933 1346/538/934
f 1346/538/934 1347/528/935 1344/530/932
f 1348/539/936 1349/540/937 1350/541/938
f 1350/541/938 1349/540/937 1351/542/939
f 1352/418/940 1353/418/941 1354/417/942
f 1354/417/942 1355/417/943 1352/418/940
f 1356/468/944 1357/467/945 1358/467/946
f 1358/467/946 1359/468/947 1356/468/944
f 1360/475/755 1361/476/755 1362/477/755
f 1362/477/755 1363/478/755 1360/475/755
f 1363/478/755 1364/479/755 1365/480/755
f 1365/480/755 1366/469/755 1363/478/755
f 1367/481/755 1368/482/755 1369/483/755
f 1369/483/755 1370/484/755 1367/481/755
f 1371/532/948 1372/543/949 1373/544/950
f 1373/544/950 1374/533/951 1371/532/948
f 1375/545/952 1376/546/953 1377/511/954
f 1377/511/954 1378/510/955 1375/545/952
f 1379/515/956 1380/514/957 1381/547/958
f 1381/547/958 1382/548/959 1379/515/956
f 1383/315/960 1384/316/961 1385/317/961
f 1385/317/961 1386/318/962 1383/315/960
f 1387/319/963 1388/320/964 1389/321/965
f 1389/321/965 1390/322/966 1387/319/963
f 1391/323/967 1392/315/968 1393/318/969
f 1393/318/969 1394/324/970 1391/323/967
f 1395/325/971 1396/319/972 1397/322/973
f 1397/322/973 1398/326/974 1395/325/971
f 1399/317/975 1400/327/976 1401/328/977
f 1401/328/977 1402/318/978 1399/317/975
f 1403/316/979 1404/329/980 1405/327/981
f 1405/327/981 1406/317/982 1403/316/979
f 1407/315/983 1408/330/984 1409/329/985
f 1409/329/985 1410/316/986 1407/315/983
f 1411/323/987 1412/331/988 1413/330/989
f 1413/330/989 1414/315/990 1411/323/987
f 1415/324/991 1416/332/992 1417/331/993
f 1417/331/993 1418/323/994 1415/324/991
f 1419/318/995 1420/328/996 1421/332/997
f 1421/332/997 1422/324/998 1419/318/995
f 1423/321/999 1424/333/1000 1425/334/1001
f 1425/334/1001 1426/322/1002 1423/321/999
f 1427/320/1003 1428/335/1004 1429/333/1005
f 1429/333/1005 1430/321/1006 1427/320/1003
f 1431/319/1007 1432/336/1008 1433/335/1009
f 1433/335/1009 1434/320/1010 1431/319/1007
f 1435/325/1011 1436/337/1012 1437/336/1013
f 1437/336/1013 1438/319/1014 1435/325/1011
f 1439/326/1015 1440/338/1016 1441/337/1017
f 1441/337/1017 1442/325/1018 1439/326/1015
f 1443/322/1019 1444/334/1020 1445/338/1021
f 1445/338/1021 1446/326/1022 1443/322/1019
f 1447/339/1023 1448/339/1024 1449/340/1025
f 1449/340/1025 1450/341/1026 1447/339/1023
f 1451/342/1027 1452/342/1028 1453/343/1029
f 1453/343/1029 1454/343/1030 1451/342/1027
f 1455/344/1031 1456/345/1032 1457/346/1033
f 1457/346/1033 1458/347/1034 1455/344/1031
f 1459/348/1035 1460/348/1036 1461/349/1037
f 1461/349/1037 1462/349/1038 1459/348/1035
f 1463/350/1039 1464/351/1040 1465/352/1041
f 1465/352/1041 1466/353/1042 1463/350/1039
f 1467/354/1043 1468/355/1044 1469/356/1045
f 1469/356/1045 1470/357/1046 1467/354/1043
f 1471/358/1047 1472/359/1048 1473/360/1049
f 1473/360/1049 1474/361/1050 1471/358/1047
f 1475/362/1051 1476/363/1052 1477/364/1053
f 1477/364/1053 1478/365/1054 1475/362/1051
f 1479/362/1055 1480/366/1056 1481/367/1057
f 1481/367/1057 1482/368/1058 1479/362/1055
f 1483/369/1059 1484/370/1060 1485/371/1061
f 1485/371/1061 1486/372/1062 1483/369/1059
f 1487/373/1063 1488/374/1064 1489/370/1065
f 1489/370/1065 1490/369/1066 1487/373/1063
f 1491/375/1067 1492/376/1068 1493/374/1069
f 1493/374/1069 1494/373/1070 1491/375/1067
f 1495/377/1071 1496/378/1072 1497/376/1073
f 1497/376/1073 1498/375/1074 1495/377/1071
f 1499/372/1075 1500/371/1076 1501/379/1077
f 1501/379/1077 1502/380/1078 1499/372/1075
f 1503/350/1079 1504/351/1080 1505/352/1081
f 1505/352/1081 1506/353/1082 1503/350/1079
f 1507/354/1083 1508/355/1084 1509/356/1083
f 1509/356/1083 1510/357/1085 1507/354/1083
f 1511/358/1086 1512/359/1087 1513/360/1086
f 1513/360/1086 1514/361/1088 1511/358/1086
f 1515/362/1089 1516/363/1089 1517/364/1089
f 1517/364/1089 1518/365/1090 1515/362/1089
f 1519/362/1091 1520/366/1092 1521/367/1093
f 1521/367/1093 1522/368/1094 1519/362/1091
f 1523/369/1095 1524/370/1096 1525/371/1097
f 1525/371/1097 1526/372/1098 1523/369/1095
f 1527/373/1099 1528/374/1100 1529/370/1101
f 1529/370/1101 1530/369/1102 1527/373/1099
f 1531/375/1103 1532/376/1104 1533/374/1105
f 1533/374/1105 1534/373/1106 1531/375/1103
f 1535/377/1107 1536/378/1108 1537/376/1109
f 1537/376/1109 1538/375/1110 1535/377/1107
f 1539/372/1111 1540/371/1112 1541/379/1113
f 1541/379/1113 1542/380/1114 1539/372/1111
f 1543/350/1115 1544/351/1116 1545/352/1117
f 1545/352/1117 1546/353/1118 1543/350/1115
f 1547/354/1119 1548/355/1120 1549/356/1119
f 1549/356/1119 1550/357/1119 1547/354/1119
f 1551/358/1121 1552/359/1122 1553/360/1123
f 1553/360/1123 1554/361/1124 1551/358/1121
f 1555/362/1125 1556/363/1126 1557/364/1127
f 1557/364/1127 1558/365/1128 1555/362/1125
f 1559/362/1129 1560/366/1130 1561/367/1131
f 1561/367/1131 1562/368/1132 1559/362/1129
f 1563/369/1133 1564/370/1134 1565/371/1135
f 1565/371/1135 1566/372/1136 1563/369/1133
f 1567/373/1137 1568/374/1138 1569/370/1139
f 1569/370/1139 1570/369/1140 1567/373/1137
f 1571/375/1141 1572/376/1142 1573/374/1143
f 1573/374/1143 1574/373/1144 1571/375/1141
f 1575/377/1145 1576/378/1145 1577/376/1145
f 1577/376/1145 1578/375/1145 1575/377/1145
f 1579/372/1146 1580/371/1147 1581/379/1148
f 1581/379/1148 1582/380/1149 1579/372/1146
f 1583/549/1150 1584/550/1151 1585/551/1152
f 1585/551/1152 1586/552/1153 1583/549/1150
f 1587/57/1154 1588/56/1155 1589/553/1156
f 1589/553/1156 1590/554/1157 1587/57/1154
f 1591/555/1158 1592/556/1159 1593/557/1160
f 1593/557/1160 1594/558/1161 1591/555/1158
f 1595/559/1162 1596/560/1163 1594/558/1161
f 1594/558/1161 1597/561/1164 1595/559/1162
f 1597/561/1164 1594/558/1161 1598/557/1165
f 1598/557/1165 1599/562/1166 1597/561/1164
f 1599/562/1166 1598/557/1165 1600/563/1167
f 1600/563/1167 1601/564/1168 1599/562/1166
f 1600/563/1167 1598/557/1165 1602/556/1169
f 1602/556/1169 1603/565/1170 1600/563/1167
f 1604/59/1171 1605/58/1172 1606/566/1173
f 1606/566/1173 1607/567/1174 1604/59/1171
f 1608/568/1175 1609/569/1176 1610/570/1177
f 1610/570/1177 1611/571/1178 1608/568/1175
f 1612/572/1179 1613/573/1180 1614/574/1181
f 1614/574/1181 1615/575/1182 1612/572/1179
f 1616/119/1183 1617/120/1184 1618/121/1185
f 1618/121/1185 1619/122/1186 1616/119/1183
f 1620/576/1187 1621/577/1188 1622/578/1189
f 1622/578/1189 1623/579/1190 1620/576/1187
f 1624/580/1191 1625/581/1192 1626/574/1193
f 1626/574/1193 1627/573/1194 1624/580/1191
f 1628/575/1195 1629/569/1196 1630/568/1197
f 1630/568/1197 1631/572/1198 1628/575/1195
f 1632/579/1199 1633/120/1200 1634/119/1201
f 1634/119/1201 1635/576/1202 1632/579/1199
f 1636/582/1203 1637/583/1204 1638/584/1205
f 1639/585/1206 1637/583/1204 1640/582/1207
f 1638/584/1205 1641/586/1208 1640/582/1207
f 1642/587/1209 1640/582/1207 1641/586/1208
f 1641/586/1208 1643/588/1210 1642/587/1209
f 1644/558/1211 1645/560/1212 1646/589/1213
f 1646/589/1213 1647/555/1214 1644/558/1211
f 1648/583/1215 1649/583/1216 1650/585/1217
f 1650/585/1217 1651/585/1218 1648/583/1215
f 1652/584/1219 1653/584/1220 1654/583/1221
f 1654/583/1221 1655/583/1222 1652/584/1219
f 1656/590/1223 1657/591/1224 1658/592/1225
f 1658/592/1225 1659/593/1226 1656/590/1223
f 1660/590/1227 1659/593/1226 1661/592/1228
f 1661/592/1228 1662/591/1229 1660/590/1227
f 1663/47/1230 1664/46/1231 1665/594/1232
f 1665/594/1232 1666/595/1233 1663/47/1230
f 1667/596/1234 1668/597/1235 1669/598/1234
f 1670/597/1236 1667/596/1234 1669/598/1234
f 1671/599/1237 1672/600/1238 1673/601/1237
f 1674/600/1239 1671/599/1237 1673/601/1237
f 1675/602/1240 1676/603/1241 1677/604/1240
f 1678/603/1242 1675/602/1240 1677/604/1240
f 1679/81/1243 1680/76/1244 1681/75/1245
f 1681/75/1245 1682/82/1246 1679/81/1243
f 1683/79/1247 1684/74/1248 1685/76/1249
f 1685/76/1249 1686/77/1250 1683/79/1247
f 1687/605/1251 1688/606/1252 1689/201/1253
f 1689/201/1253 1690/204/1254 1687/605/1251
f 1691/607/1255 1692/94/1256 1693/97/1257
f 1693/97/1257 1694/163/1258 1691/607/1255
f 1695/160/1259 1696/608/1260 1697/163/1261
f 1697/163/1261 1698/161/1262 1695/160/1259
f 1699/100/1263 1700/101/1264 1701/98/1265
f 1702/103/1266 1701/98/1265 1700/101/1264
f 1703/106/1267 1704/609/1268 1705/108/1269
f 1706/107/1270 1707/106/1271 1705/108/1272
f 1706/107/1270 1708/104/1273 1707/106/1271
f 1707/106/1271 1709/610/1274 1704/609/1275
f 1707/106/1271 1710/611/1276 1709/610/1274
f 1711/612/1277 1712/192/1278 1713/191/1279
f 1713/191/1279 1714/613/1280 1711/612/1277
f 1715/614/1281 1716/615/1282 1717/616/1283
f 1717/616/1283 1718/617/1284 1715/614/1281
f 1719/618/1285 1720/619/1286 1721/620/1287
f 1721/620/1287 1722/621/1288 1719/618/1285
f 1723/622/1289 1724/623/1290 1725/624/1291
f 1725/624/1291 1726/625/1292 1723/622/1289
f 1727/626/1293 1728/627/1294 1729/628/1295
f 1729/628/1295 1730/629/1296 1727/626/1293
f 1731/555/1297 1732/556/1298 1733/557/1299
f 1733/557/1299 1734/558/1300 1731/555/1297
f 1735/561/1301 1734/558/1300 1736/557/1302
f 1736/557/1302 1737/562/1303 1735/561/1301
f 1737/562/1303 1736/557/1302 1738/563/1304
f 1738/563/1304 1739/564/1305 1737/562/1303
f 1738/563/1304 1736/557/1302 1740/556/1306
f 1740/556/1306 1741/565/1307 1738/563/1304
f 1742/59/1308 1743/58/1309 1744/566/1310
f 1744/566/1310 1745/567/1311 1742/59/1308
f 1746/630/1312 1747/631/389 1748/126/1313
f 1748/126/1313 1749/125/1314 1746/630/1312
f 1750/632/1315 1751/633/1315 1752/634/1315
f 1752/634/1315 1753/635/1315 1750/632/1315
f 1754/636/1316 1755/637/1317 1756/638/1316
f 1756/638/1316 1757/639/1316 1754/636/1316
f 1758/640/1318 1759/641/1318 1760/642/1318
f 1760/642/1318 1761/643/1318 1758/640/1318
f 1762/128/1319 1763/123/1320 1764/125/1321
f 1764/125/1321 1765/126/1322 1762/128/1319
f 1766/644/1323 1767/127/1324 1768/126/1324
f 1768/126/1324 1769/631/1323 1766/644/1323
f 1770/124/1325 1771/645/1326 1772/630/1326
f 1772/630/1326 1773/125/1325 1770/124/1325
f 1774/643/1327 1775/642/1327 1776/633/1327
f 1776/633/1327 1777/632/1328 1774/643/1327
f 1778/635/1329 1779/634/1330 1780/637/1331
f 1780/637/1331 1781/636/1329 1778/635/1329
f 1782/646/1332 1783/646/1333 1784/647/1334
f 1784/647/1334 1785/647/1335 1782/646/1332
f 1786/647/1336 1787/647/1337 1788/648/1338
f 1788/648/1338 1789/648/1339 1786/647/1336
f 1790/649/1340 1791/649/1341 1792/646/1342
f 1792/646/1342 1793/646/1343 1790/649/1340
f 1794/646/1344 1795/646/1345 1796/646/1346
f 1796/646/1346 1797/646/1344 1794/646/1344
f 1798/350/1347 1799/351/1348 1800/352/1349
f 1800/352/1349 1801/353/1350 1798/350/1347
f 1802/354/1351 1803/355/1352 1804/356/1351
f 1804/356/1351 1805/357/1353 1802/354/1351
f 1806/358/1354 1807/359/1354 1808/360/1354
f 1808/360/1354 1809/361/1354 1806/358/1354
f 1810/362/1355 1811/363/1356 1812/364/1355
f 1812/364/1355 1813/365/1357 1810/362/1355
f 1814/362/1358 1815/366/1359 1816/367/1360
f 1816/367/1360 1817/368/1361 1814/362/1358
f 1818/369/1362 1819/370/1363 1820/371/1364
f 1820/371/1364 1821/372/1365 1818/369/1362
f 1822/373/1366 1823/374/1367 1824/370/1368
f 1824/370/1368 1825/369/1369 1822/373/1366
f 1826/375/1370 1827/376/1371 1828/374/1372
f 1828/374/1372 1829/373/1373 1826/375/1370
f 1830/377/1374 1831/378/1375 1832/376/1376
f 1832/376/1376 1833/375/1374 1830/377/1374
f 1834/372/1377 1835/371/1378 1836/379/1379
f 1836/379/1379 1837/380/1380 1834/372/1377
f 1838/650/1381 1839/651/1382 1840/652/1383
f 1840/652/1383 1841/653/1384 1838/650/1381
f 1842/654/1385 1843/655/1386 1844/656/1387
f 1844/656/1387 1845/657/1388 1842/654/1385
f 1846/653/1389 1847/652/1390 1848/658/1391
f 1848/658/1391 1849/659/1392 1846/653/1389
f 1850/660/1393 1851/661/1394 1852/651/1395
f 1852/651/1395 1853/650/1396 1850/660/1393
f 1854/657/1397 1855/656/1398 1856/662/1399
f 1856/662/1399 1857/663/1400 1854/657/1397
f 1858/664/1401 1859/665/1401 1860/655/1401
f 1860/655/1401 1861/654/1401 1858/664/1401
f 1862/666/1402 1863/667/1403 1864/668/1404
f 1864/668/1404 1865/669/1405 1862/666/1402
f 1866/670/1406 1867/671/1407 1868/667/1408
f 1868/667/1408 1869/666/1409 1866/670/1406
f 1870/672/1410 1871/673/1411 1872/674/1412
f 1872/674/1412 1873/675/1413 1870/672/1410
f 1874/129/1414 1875/131/1415 1876/178/1416
f 1876/178/1416 1877/177/1417 1874/129/1414
f 1878/676/1418 1879/677/1419 1880/130/1420
f 1880/130/1420 1881/129/1421 1878/676/1418
f 1882/675/1422 1883/674/1423 1884/671/1424
f 1884/671/1424 1885/670/1425 1882/675/1422
f 1886/180/1426 1887/179/1427 1888/673/1428
f 1888/673/1428 1889/672/1429 1886/180/1426
f 1890/678/1430 1891/679/1431 1892/680/1432
f 1892/680/1432 1893/681/1433 1890/678/1430
f 1894/682/1434 1895/683/1435 1896/684/1436
f 1896/684/1436 1897/685/1437 1894/682/1434
f 1898/686/1438 1899/687/1438 1900/683/1439
f 1900/683/1439 1901/682/1440 1898/686/1438
f 1902/688/1441 1903/689/1442 1904/687/1443
f 1904/687/1443 1905/686/1443 1902/688/1441
f 1906/690/1444 1907/691/1444 1908/689/1444
f 1908/689/1444 1909/688/1445 1906/690/1444
f 1910/692/1446 1911/693/1447 1912/694/1448
f 1912/694/1448 1913/695/1449 1910/692/1446
f 1914/681/1450 1915/680/1451 1916/696/1452
f 1916/696/1452 1917/697/1453 1914/681/1450
f 1918/685/1454 1919/684/1455 1920/679/1455
f 1920/679/1455 1921/678/1456 1918/685/1454
f 1922/695/1457 1923/694/1458 1924/691/1459
f 1924/691/1459 1925/690/1460 1922/695/1457
f 1926/698/1461 1927/699/1462 1928/693/1463
f 1928/693/1463 1929/692/1464 1926/698/1461
f 1930/350/1465 1931/351/1466 1932/352/1467
f 1932/352/1467 1933/353/1468 1930/350/1465
f 1934/354/1469 1935/355/1469 1936/356/1470
f 1936/356/1470 1937/357/1470 1934/354/1469
f 1938/358/1471 1939/359/1472 1940/360/1473
f 1940/360/1473 1941/361/1474 1938/358/1471
f 1942/362/1475 1943/363/1476 1944/364/1477
f 1944/364/1477 1945/365/1478 1942/362/1475
f 1946/362/1479 1947/366/1480 1948/367/1481
f 1948/367/1481 1949/368/1482 1946/362/1479
f 1950/369/1483 1951/370/1484 1952/371/1485
f 1952/371/1485 1953/372/1486 1950/369/1483
f 1954/373/1487 1955/374/1488 1956/370/1489
f 1956/370/1489 1957/369/1490 1954/373/1487
f 1958/375/1491 1959/376/1492 1960/374/1493
f 1960/374/1493 1961/373/1494 1958/375/1491
f 1962/377/1495 1963/378/1496 1964/376/1497
f 1964/376/1497 1965/375/1498 1962/377/1495
f 1966/372/1499 1967/371/1500 1968/379/1501
f 1968/379/1501 1969/380/1502 1966/372/1499
f 1970/350/1465 1971/351/1466 1972/352/1467
f 1972/352/1467 1973/353/1468 1970/350/1465
f 1974/354/1469 1975/355/1469 1976/356/1470
f 1976/356/1470 1977/357/1470 1974/354/1469
f 1978/358/1471 1979/359/1472 1980/360/1473
f 1980/360/1473 1981/361/1474 1978/358/1471
f 1982/362/1475 1983/363/1476 1984/364/1477
f 1984/364/1477 1985/365/1503 1982/362/1475
f 1986/362/1479 1987/366/1480 1988/367/1481
f 1988/367/1481 1989/368/1482 1986/362/1479
f 1990/369/1483 1991/370/1484 1992/371/1485
f 1992/371/1485 1993/372/1486 1990/369/1483
f 1994/373/1487 1995/374/1488 1996/370/1489
f 1996/370/1489 1997/369/1490 1994/373/1487
f 1998/375/1491 1999/376/1492 2000/374/1493
f 2000/374/1493 2001/373/1494 1998/375/1491
f 2002/377/1495 2003/378/1496 2004/376/1497
f 2004/376/1497 2005/375/1498 2002/377/1495
f 2006/372/1499 2007/371/1500 2008/379/1501
f 2008/379/1501 2009/380/1502 2006/372/1499
f 2010/650/1504 2011/651/1505 2012/652/1506
f 2012/652/1506 2013/653/1507 2010/650/1504
f 2014/660/1508 2015/663/1509 2016/662/1510
f 2016/662/1510 2017/661/1511 2014/660/1508
f 2018/654/1512 2019/655/1513 2020/656/1512
f 2020/656/1512 2021/657/1514 2018/654/1512
f 2022/664/1515 2023/659/1516 2024/658/1517
f 2024/658/1517 2025/665/1518 2022/664/1515
f 2026/653/1519 2027/652/1520 2028/658/1521
f 2028/658/1521 2029/659/1522 2026/653/1519
f 2030/660/1523 2031/661/1524 2032/651/1525
f 2032/651/1525 2033/650/1526 2030/660/1523
f 2034/657/1527 2035/656/1528 2036/662/1529
f 2036/662/1529 2037/663/1530 2034/657/1527
f 2038/664/1531 2039/665/1531 2040/655/1531
f 2040/655/1531 2041/654/1531 2038/664/1531
f 2042/181/1532 2043/184/1533 2044/183/1534
f 2044/183/1534 2045/182/1535 2042/181/1532
f 2046/185/1536 2047/188/1537 2048/187/1538
f 2048/187/1538 2049/186/1539 2046/185/1536
f 2050/96/1540 2051/97/1541 2052/189/1542
f 2052/189/1542 2053/184/1543 2050/96/1540
f 2054/97/1544 2055/163/1544 2056/164/1544
f 2056/164/1545 2057/189/1545 2054/97/1545
f 2058/190/1546 2059/193/1547 2060/192/1548
f 2060/192/1548 2061/191/1549 2058/190/1546
f 2062/194/1550 2063/194/1551 2064/195/1552
f 2064/195/1552 2065/195/1553 2062/194/1550
f 2066/196/1554 2067/197/1555 2068/197/1556
f 2068/197/1556 2069/196/1557 2066/196/1554
f 2070/197/1558 2071/198/1559 2072/198/1560
f 2072/198/1560 2073/197/1561 2070/197/1558
f 2074/194/1562 2075/194/1563 2076/194/1564
f 2076/194/1564 2077/194/1565 2074/194/1562
f 2078/196/385 2079/197/385 2080/197/385
f 2080/197/385 2081/196/385 2078/196/385
f 2082/197/386 2083/198/386 2084/198/386
f 2084/198/386 2085/197/386 2082/197/386
f 2086/194/387 2087/194/387 2088/194/387
f 2088/194/387 2089/194/387 2086/194/387
f 2090/199/1566 2091/5/1567 2092/7/1568
f 2092/7/1568 2093/200/1569 2090/199/1566
f 2094/201/1570 2095/204/1571 2096/203/1572
f 2096/203/1572 2097/202/1573 2094/201/1570
f 2098/207/1574 2099/206/1575 2100/205/1576
f 2100/205/1576 2101/208/1577 2098/207/1574
f 2102/209/1578 2103/207/1579 2101/208/1577
f 2101/208/1577 2104/210/1580 2102/209/1578
f 2105/211/1581 2102/209/1578 2104/210/1580
f 2104/210/1580 2106/212/1582 2105/211/1581
f 2107/213/1583 2105/211/1581 2106/212/1582
f 2106/212/1582 2108/214/1584 2107/213/1583
f 2109/215/1585 2107/213/1583 2108/214/1584
f 2108/214/1584 2110/216/1586 2109/215/1585
f 2111/217/1587 2109/215/1585 2110/216/1586
f 2110/216/1586 2112/218/1588 2111/217/1587
f 2113/219/1589 2111/217/1587 2112/218/1588
f 2112/218/1588 2114/220/1590 2113/219/1589
f 2115/221/1591 2113/219/1589 2114/220/1590
f 2116/222/1592 2115/221/1591 2114/220/1590
f 2117/223/1593 2116/222/1592 2114/220/1590
f 2118/224/1594 2116/222/1592 2117/223/1593
f 2117/223/1593 2119/225/1595 2118/224/1594
f 2120/226/1596 2118/224/1594 2119/225/1595
f 2119/225/1595 2121/227/1597 2120/226/1596
f 2122/228/1598 2120/226/1596 2121/227/1597
f 2121/227/1597 2123/229/1599 2122/228/1598
f 2124/230/1600 2122/228/1598 2123/229/1599
f 2123/229/1599 2125/231/1601 2124/230/1600
f 2126/232/1602 2124/230/1600 2125/231/1601
f 2125/231/1601 2127/233/1603 2126/232/1602
f 2128/234/1604 2126/232/1602 2127/233/1603
f 2127/233/1603 2129/235/1605 2128/234/1604
f 2130/236/1606 2128/234/1604 2129/235/1605
f 2131/238/1607 2132/237/1608 2129/235/1605
f 2129/235/1605 2132/237/1608 2133/239/1609
f 2129/235/1605 2133/239/1609 2130/236/1606
f 2134/240/1610 2130/236/1606 2133/239/1609
f 2133/239/1609 2135/241/1611 2134/240/1610
f 2136/242/1612 2134/240/1610 2135/241/1611
f 2135/241/1611 2137/243/1613 2136/242/1612
f 2138/244/1614 2136/242/1612 2137/243/1613
f 2137/243/1613 2139/245/1615 2138/244/1614
f 2140/246/1616 2138/244/1614 2139/245/1615
f 2139/245/1615 2141/247/1617 2140/246/1616
f 2140/246/1616 2141/247/1617 2142/248/1618
f 2143/5/1619 2144/6/1620 2145/9/1621
f 2145/9/1621 2146/7/1622 2143/5/1619
f 2147/4/1623 2148/5/1623 2149/199/1624
f 2149/199/1624 2150/249/1625 2147/4/1623
f 2151/250/1626 2152/200/1627 2153/7/1628
f 2153/7/1628 2154/8/1629 2151/250/1626
f 2155/251/1630 2156/254/1631 2157/253/1632
f 2157/253/1632 2158/252/1633 2155/251/1630
f 2159/254/1634 2160/251/1635 2161/256/1636
f 2161/256/1636 2162/255/1637 2159/254/1634
f 2163/29/1638 2164/26/1639 2165/257/1640
f 2165/257/1640 2166/28/1641 2163/29/1638
f 2167/251/1642 2168/254/1643 2169/253/1644
f 2169/253/1644 2170/252/1645 2167/251/1642
f 2171/254/1646 2172/251/1647 2173/256/1648
f 2173/256/1648 2174/255/1649 2171/254/1646
f 2175/258/1650 2176/261/1650 2177/260/1650
f 2177/260/1650 2178/259/1650 2175/258/1650
f 2179/262/1651 2180/265/1652 2181/264/1653
f 2181/264/1653 2182/263/1654 2179/262/1651
f 2183/266/1655 2184/269/1656 2185/268/1657
f 2185/268/1657 2186/267/1658 2183/266/1655
f 2187/270/1659 2188/273/1660 2189/272/1661
f 2189/272/1661 2190/271/1662 2187/270/1659
f 2191/274/1663 2192/270/1664 2193/271/1665
f 2193/271/1665 2194/275/1666 2191/274/1663
f 2195/276/1667 2196/274/1668 2197/275/1669
f 2197/275/1669 2198/277/1670 2195/276/1667
f 2199/278/1671 2200/276/1672 2201/277/1673
f 2201/277/1673 2202/279/1674 2199/278/1671
f 2203/280/1675 2204/278/1676 2205/279/1677
f 2205/279/1677 2206/281/1678 2203/280/1675
f 2207/282/1679 2208/280/1680 2209/281/1681
f 2209/281/1681 2210/283/1682 2207/282/1679
f 2211/284/1683 2212/282/1684 2213/283/1685
f 2213/283/1685 2214/285/1686 2211/284/1683
f 2215/286/1687 2216/289/1688 2217/288/1689
f 2217/288/1689 2218/287/1690 2215/286/1687
f 2219/290/1691 2220/293/1692 2221/292/1693
f 2221/292/1693 2222/291/1694 2219/290/1691
f 2223/294/1695 2224/290/1696 2225/291/1697
f 2225/291/1697 2226/295/1698 2223/294/1695
f 2227/296/1699 2228/298/1700 2229/298/1701
f 2229/298/1701 2230/297/1702 2227/296/1699
f 2231/299/1703 2232/296/1704 2233/297/1705
f 2233/297/1705 2234/300/1706 2231/299/1703
f 2235/311/1707 2236/314/1708 2237/313/1709
f 2237/313/1709 2238/312/1710 2235/311/1707
f 2239/315/1711 2240/318/1711 2241/317/1711
f 2241/317/1711 2242/316/1712 2239/315/1711
f 2243/319/1713 2244/322/1714 2245/321/1715
f 2245/321/1715 2246/320/1716 2243/319/1713
f 2247/323/1717 2248/324/1718 2249/318/1719
f 2249/318/1719 2250/315/1720 2247/323/1717
f 2251/325/1721 2252/326/1722 2253/322/1723
f 2253/322/1723 2254/319/1724 2251/325/1721
f 2255/317/1725 2256/318/1726 2257/328/1727
f 2257/328/1727 2258/327/1728 2255/317/1725
f 2259/316/1729 2260/317/1730 2261/327/1731
f 2261/327/1731 2262/329/1732 2259/316/1729
f 2263/315/1733 2264/316/1734 2265/329/1735
f 2265/329/1735 2266/330/1736 2263/315/1733
f 2267/323/1737 2268/315/1738 2269/330/1739
f 2269/330/1739 2270/331/1740 2267/323/1737
f 2271/324/1741 2272/323/1742 2273/331/1743
f 2273/331/1743 2274/332/1744 2271/324/1741
f 2275/318/1745 2276/324/1746 2277/332/1747
f 2277/332/1747 2278/328/1748 2275/318/1745
f 2279/321/1749 2280/322/1750 2281/334/1751
f 2281/334/1751 2282/333/1752 2279/321/1749
f 2283/320/1753 2284/321/1754 2285/333/1755
f 2285/333/1755 2286/335/1756 2283/320/1753
f 2287/319/1757 2288/320/1758 2289/335/1759
f 2289/335/1759 2290/336/1760 2287/319/1757
f 2291/325/1761 2292/319/1762 2293/336/1763
f 2293/336/1763 2294/337/1764 2291/325/1761
f 2295/326/1765 2296/325/1766 2297/337/1767
f 2297/337/1767 2298/338/1768 2295/326/1765
f 2299/322/1769 2300/326/1770 2301/338/1771
f 2301/338/1771 2302/334/1772 2299/322/1769
f 2303/339/1773 2304/341/1774 2305/340/1775
f 2305/340/1775 2306/339/1776 2303/339/1773
f 2307/342/1777 2308/343/1778 2309/343/1779
f 2309/343/1779 2310/342/1780 2307/342/1777
f 2311/344/1781 2312/347/1782 2313/346/1783
f 2313/346/1783 2314/345/1784 2311/344/1781
f 2315/348/1785 2316/349/1786 2317/349/1787
f 2317/349/1787 2318/348/1788 2315/348/1785
f 2319/350/1789 2320/353/1790 2321/352/1791
f 2321/352/1791 2322/351/1792 2319/350/1789
f 2323/354/1793 2324/357/1794 2325/356/1795
f 2325/356/1795 2326/355/1796 2323/354/1793
f 2327/358/1797 2328/361/1798 2329/360/1799
f 2329/360/1799 2330/359/1800 2327/358/1797
f 2331/362/1801 2332/365/1802 2333/364/1803
f 2333/364/1803 2334/363/1801 2331/362/1801
f 2335/362/1804 2336/368/1805 2337/367/1806
f 2337/367/1806 2338/366/1807 2335/362/1804
f 2339/369/1808 2340/372/1809 2341/371/1810
f 2341/371/1810 2342/370/1811 2339/369/1808
f 2343/373/1812 2344/369/1813 2345/370/1814
f 2345/370/1814 2346/374/1815 2343/373/1812
f 2347/375/1816 2348/373/1817 2349/374/1818
f 2349/374/1818 2350/376/1819 2347/375/1816
f 2351/377/1820 2352/375/1821 2353/376/1822
f 2353/376/1822 2354/378/1823 2351/377/1820
f 2355/372/1824 2356/380/1825 2357/379/1826
f 2357/379/1826 2358/371/1827 2355/372/1824
f 2359/381/1828 2360/384/1829 2361/383/1830
f 2361/383/1830 2362/382/1831 2359/381/1828
f 2363/382/1832 2364/386/1833 2365/385/1834
f 2365/385/1834 2366/381/1835 2363/382/1832
f 2367/387/1836 2368/388/1837 2369/385/1838
f 2369/385/1838 2370/386/1839 2367/387/1836
f 2371/389/1840 2372/392/1841 2373/391/1840
f 2373/391/1840 2374/390/1842 2371/389/1840
f 2375/393/1843 2376/394/1844 2377/389/1845
f 2377/389/1845 2378/390/1846 2375/393/1843
f 2379/395/1847 2380/398/1848 2381/397/1849
f 2381/397/1849 2382/396/1850 2379/395/1847
f 2383/399/1851 2384/395/1852 2385/396/1853
f 2385/396/1853 2386/400/1854 2383/399/1851
f 2387/401/1855 2388/402/1856 2389/399/1857
f 2389/399/1857 2390/400/1858 2387/401/1855
f 2391/403/1859 2392/406/1860 2393/405/1861
f 2393/405/1861 2394/404/1862 2391/403/1859
f 2395/407/1863 2396/410/1864 2397/409/1865
f 2397/409/1865 2398/408/1866 2395/407/1863
f 2399/411/1867 2400/414/1868 2401/413/1869
f 2401/413/1869 2402/412/1870 2399/411/1867
f 2403/415/1871 2404/418/1872 2405/417/1873
f 2405/417/1873 2406/416/1874 2403/415/1871
f 2407/403/1875 2408/406/1876 2409/405/1877
f 2409/405/1877 2410/404/1878 2407/403/1875
f 2411/392/1879 2412/420/1880 2413/419/1881
f 2413/419/1881 2414/391/1882 2411/392/1879
f 2415/421/1883 2416/424/1884 2417/423/1885
f 2417/423/1885 2418/422/1886 2415/421/1883
f 2419/422/1887 2420/426/1887 2421/425/1888
f 2421/425/1888 2422/421/1889 2419/422/1887
f 2423/427/1890 2424/428/1891 2425/425/1892
f 2425/425/1892 2426/426/1893 2423/427/1890
f 2427/429/1894 2428/432/1895 2429/431/1896
f 2429/431/1896 2430/430/1897 2427/429/1894
f 2431/433/1898 2432/429/1899 2433/430/1900
f 2433/430/1900 2434/434/1901 2431/433/1898
f 2435/435/1902 2436/436/1903 2437/433/1904
f 2437/433/1904 2438/434/1905 2435/435/1902
f 2439/437/1906 2440/440/1907 2441/439/1908
f 2441/439/1908 2442/438/1909 2439/437/1906
f 2443/441/755 2444/444/755 2445/443/755
f 2445/443/755 2446/442/755 2443/441/755
f 2447/447/756 2448/446/756 2449/445/756
f 2449/445/756 2450/448/756 2447/447/756
f 2450/448/756 2451/451/756 2452/450/756
f 2452/450/756 2453/449/756 2450/448/756
f 2454/449/755 2455/454/755 2456/453/755
f 2456/453/755 2457/452/755 2454/449/755
f 2458/455/755 2459/458/755 2460/457/755
f 2460/457/755 2461/456/755 2458/455/755
f 2462/459/1910 2463/460/1911 2464/428/1912
f 2464/428/1912 2465/427/1913 2462/459/1910
f 2466/461/756 2467/464/756 2468/463/756
f 2468/463/756 2469/462/756 2466/461/756
f 2470/465/1914 2471/468/1915 2472/467/1916
f 2472/467/1916 2473/466/1917 2470/465/1914
f 2474/471/756 2475/470/756 2476/469/756
f 2476/469/756 2477/452/756 2474/471/756
f 2477/452/756 2478/474/756 2479/473/756
f 2479/473/756 2480/472/756 2477/452/756
f 2481/477/755 2482/476/755 2483/475/755
f 2483/475/755 2484/478/755 2481/477/755
f 2484/478/755 2485/469/755 2486/480/755
f 2486/480/755 2487/479/755 2484/478/755
f 2488/481/755 2489/484/755 2490/483/755
f 2490/483/755 2491/482/755 2488/481/755
f 2492/485/1918 2493/486/1919 2494/436/1920
f 2494/436/1920 2495/435/1921 2492/485/1918
f 2496/458/756 2497/488/756 2498/456/756
f 2498/456/756 2499/487/756 2496/458/756
f 2500/137/1922 2501/136/1923 2502/489/1924
f 2502/489/1924 2503/138/1925 2500/137/1922
f 2504/490/1926 2505/493/1927 2506/492/1928
f 2506/492/1928 2507/491/1929 2504/490/1926
f 2508/494/1930 2509/495/1931 2510/495/1932
f 2510/495/1932 2511/494/1933 2508/494/1930
f 2512/135/1934 2513/133/1935 2514/137/1936
f 2514/137/1936 2515/139/1937 2512/135/1934
f 2516/494/1938 2517/495/1939 2518/495/1940
f 2518/495/1940 2519/494/1941 2516/494/1938
f 2520/475/756 2521/476/756 2522/477/756
f 2522/477/756 2523/478/756 2520/475/756
f 2523/478/756 2524/479/756 2525/480/756
f 2525/480/756 2526/469/756 2523/478/756
f 2527/481/756 2528/482/756 2529/483/756
f 2529/483/756 2530/484/756 2527/481/756
f 2531/496/1942 2532/491/1943 2533/492/1944
f 2533/492/1944 2534/497/1945 2531/496/1942
f 2535/498/1946 2536/501/1947 2537/500/1948
f 2537/500/1948 2538/499/1949 2535/498/1946
f 2539/501/1950 2540/503/1951 2541/502/1952
f 2541/502/1952 2542/500/1953 2539/501/1950
f 2543/503/1954 2544/505/1955 2545/504/1956
f 2545/504/1956 2546/502/1957 2543/503/1954
f 2547/506/1958 2548/509/1959 2549/508/1960
f 2549/508/1960 2550/507/1961 2547/506/1958
f 2551/510/1962 2552/513/1963 2553/512/1964
f 2553/512/1964 2554/511/1965 2551/510/1962
f 2555/513/1966 2556/515/1967 2557/514/1968
f 2557/514/1968 2558/512/1969 2555/513/1966
f 2559/381/1970 2560/382/1971 2561/383/1972
f 2561/383/1972 2562/384/1973 2559/381/1970
f 2563/382/1974 2564/381/1975 2565/385/1976
f 2565/385/1976 2566/386/1977 2563/382/1974
f 2567/387/1978 2568/386/1979 2569/385/1980
f 2569/385/1980 2570/388/1981 2567/387/1978
f 2571/516/1982 2572/519/1983 2573/518/1984
f 2573/518/1984 2574/517/1985 2571/516/1982
f 2575/520/1986 2576/519/1987 2577/516/1988
f 2577/516/1988 2578/521/1989 2575/520/1986
f 2579/395/1990 2580/396/1991 2581/397/1992
f 2581/397/1992 2582/398/1993 2579/395/1990
f 2583/399/1994 2584/400/1995 2585/396/1996
f 2585/396/1996 2586/395/1997 2583/399/1994
f 2587/401/1998 2588/400/1999 2589/399/2000
f 2589/399/2000 2590/402/2001 2587/401/1998
f 2591/403/2002 2592/404/2003 2593/405/2004
f 2593/405/2004 2594/406/2005 2591/403/2002
f 2595/407/2006 2596/408/2007 2597/409/2008
f 2597/409/2008 2598/410/2009 2595/407/2006
f 2599/411/2010 2600/412/2011 2601/413/2012
f 2601/413/2012 2602/414/2013 2599/411/2010
f 2603/415/2014 2604/416/2015 2605/417/2016
f 2605/417/2016 2606/418/2017 2603/415/2014
f 2607/403/2018 2608/404/2019 2609/405/2020
f 2609/405/2020 2610/406/2021 2607/403/2018
f 2611/517/2022 2612/518/2023 2613/523/2024
f 2613/523/2024 2614/522/2025 2611/517/2022
f 2615/421/2026 2616/422/2027 2617/423/2028
f 2617/423/2028 2618/424/2029 2615/421/2026
f 2619/422/2030 2620/421/2031 2621/425/2032
f 2621/425/2032 2622/426/2033 2619/422/2030
f 2623/427/2034 2624/426/2035 2625/425/2036
f 2625/425/2036 2626/428/2037 2623/427/2034
f 2627/429/2038 2628/430/2039 2629/431/2040
f 2629/431/2040 2630/432/2041 2627/429/2038
f 2631/433/2042 2632/434/2043 2633/430/2044
f 2633/430/2044 2634/429/2045 2631/433/2042
f 2635/435/2046 2636/434/2047 2637/433/2048
f 2637/433/2048 2638/436/2049 2635/435/2046
f 2639/437/2050 2640/438/2051 2641/439/2052
f 2641/439/2052 2642/440/2053 2639/437/2050
f 2643/441/756 2644/442/756 2645/443/756
f 2645/443/756 2646/444/756 2643/441/756
f 2647/445/755 2648/446/755 2649/447/755
f 2649/447/755 2650/448/755 2647/445/755
f 2650/448/755 2651/449/755 2652/450/755
f 2652/450/755 2653/451/755 2650/448/755
f 2654/449/756 2655/452/756 2656/453/756
f 2656/453/756 2657/454/756 2654/449/756
f 2658/455/756 2659/456/756 2660/457/756
f 2660/457/756 2661/458/756 2658/455/756
f 2662/459/2054 2663/427/2055 2664/428/2056
f 2664/428/2056 2665/460/2057 2662/459/2054
f 2666/461/755 2667/462/755 2668/463/755
f 2668/463/755 2669/464/755 2666/461/755
f 2670/465/2058 2671/466/2059 2672/467/2060
f 2672/467/2060 2673/468/2061 2670/465/2058
f 2674/469/755 2675/470/755 2676/471/755
f 2676/471/755 2677/452/755 2674/469/755
f 2677/452/755 2678/472/755 2679/473/755
f 2679/473/755 2680/474/755 2677/452/755
f 2681/475/756 2682/476/756 2683/477/756
f 2683/477/756 2684/478/756 2681/475/756
f 2684/478/756 2685/479/756 2686/480/756
f 2686/480/756 2687/469/756 2684/478/756
f 2688/481/756 2689/482/756 2690/483/756
f 2690/483/756 2691/484/756 2688/481/756
f 2692/485/2062 2693/435/2063 2694/436/2064
f 2694/436/2064 2695/486/2065 2692/485/2062
f 2696/458/755 2697/487/755 2698/456/755
f 2698/456/755 2699/488/755 2696/458/755
f 2700/526/2066 2701/525/2067 2702/524/2068
f 2702/524/2068 2703/527/2069 2700/526/2066
f 2704/529/2070 2703/527/2071 2705/528/2072
f 2705/528/2072 2706/530/2073 2704/529/2070
f 2707/527/2074 2708/524/2075 2709/531/2076
f 2709/531/2076 2710/528/2077 2707/527/2074
f 2711/532/2078 2712/535/2079 2713/534/2080
f 2713/534/2080 2714/533/2081 2711/532/2078
f 2715/536/2082 2716/526/2083 2717/527/2084
f 2717/527/2084 2718/529/2085 2715/536/2082
f 2719/530/2086 2720/528/2087 2721/538/2088
f 2721/538/2088 2722/537/2089 2719/530/2086
f 2723/540/2090 2724/539/2091 2725/541/2092
f 2723/540/2090 2725/541/2092 2726/542/2093
f 2727/418/2094 2728/417/2095 2729/417/2096
f 2729/417/2096 2730/418/2097 2727/418/2094
f 2731/468/2098 2732/468/2099 2733/467/2100
f 2733/467/2100 2734/467/2101 2731/468/2098
f 2735/477/755 2736/476/755 2737/475/755
f 2737/475/755 2738/478/755 2735/477/755
f 2738/478/755 2739/469/755 2740/480/755
f 2740/480/755 2741/479/755 2738/478/755
f 2742/481/755 2743/484/755 2744/483/755
f 2744/483/755 2745/482/755 2742/481/755
f 2746/532/2102 2747/533/2103 2748/544/2104
f 2748/544/2104 2749/543/2105 2746/532/2102
f 2750/545/2106 2751/510/2107 2752/511/2108
f 2752/511/2108 2753/546/2109 2750/545/2106
f 2754/515/2110 2755/548/2111 2756/547/2112
f 2756/547/2112 2757/514/2113 2754/515/2110
f 2758/315/2114 2759/318/2114 2760/317/2115
f 2760/317/2115 2761/316/2115 2758/315/2114
f 2762/319/2116 2763/322/2117 2764/321/2118
f 2764/321/2118 2765/320/2119 2762/319/2116
f 2766/323/2120 2767/324/2121 2768/318/2122
f 2768/318/2122 2769/315/2123 2766/323/2120
f 2770/325/2124 2771/326/2125 2772/322/2126
f 2772/322/2126 2773/319/2127 2770/325/2124
f 2774/317/2128 2775/318/2129 2776/328/2130
f 2776/328/2130 2777/327/2131 2774/317/2128
f 2778/316/2132 2779/317/2133 2780/327/2134
f 2780/327/2134 2781/329/2135 2778/316/2132
f 2782/315/2136 2783/316/2137 2784/329/2138
f 2784/329/2138 2785/330/2139 2782/315/2136
f 2786/323/2140 2787/315/2141 2788/330/2142
f 2788/330/2142 2789/331/2143 2786/323/2140
f 2790/324/2144 2791/323/2145 2792/331/2146
f 2792/331/2146 2793/332/2147 2790/324/2144
f 2794/318/2148 2795/324/2149 2796/332/2150
f 2796/332/2150 2797/328/2151 2794/318/2148
f 2798/321/2152 2799/322/2153 2800/334/2154
f 2800/334/2154 2801/333/2155 2798/321/2152
f 2802/320/2156 2803/321/2157 2804/333/2158
f 2804/333/2158 2805/335/2159 2802/320/2156
f 2806/319/2160 2807/320/2161 2808/335/2162
f 2808/335/2162 2809/336/2163 2806/319/2160
f 2810/325/2164 2811/319/2165 2812/336/2166
f 2812/336/2166 2813/337/2167 2810/325/2164
f 2814/326/2168 2815/325/2169 2816/337/2170
f 2816/337/2170 2817/338/2171 2814/326/2168
f 2818/322/2172 2819/326/2173 2820/338/2174
f 2820/338/2174 2821/334/2175 2818/322/2172
f 2822/339/2176 2823/341/2177 2824/340/2178
f 2824/340/2178 2825/339/2179 2822/339/2176
f 2826/342/2180 2827/343/2181 2828/343/2182
f 2828/343/2182 2829/342/2183 2826/342/2180
f 2830/344/2184 2831/347/2185 2832/346/2186
f 2832/346/2186 2833/345/2187 2830/344/2184
f 2834/348/2188 2835/349/2189 2836/349/2190
f 2836/349/2190 2837/348/2191 2834/348/2188
f 2838/350/2192 2839/353/2193 2840/352/2194
f 2840/352/2194 2841/351/2195 2838/350/2192
f 2842/354/2196 2843/357/2197 2844/356/2198
f 2844/356/2198 2845/355/2199 2842/354/2196
f 2846/358/2200 2847/361/2201 2848/360/2202
f 2848/360/2202 2849/359/2203 2846/358/2200
f 2850/362/2204 2851/365/2205 2852/364/2206
f 2852/364/2206 2853/363/2207 2850/362/2204
f 2854/362/2208 2855/368/2209 2856/367/2210
f 2856/367/2210 2857/366/2211 2854/362/2208
f 2858/369/2212 2859/372/2213 2860/371/2214
f 2860/371/2214 2861/370/2215 2858/369/2212
f 2862/373/2216 2863/369/2217 2864/370/2218
f 2864/370/2218 2865/374/2219 2862/373/2216
f 2866/375/2220 2867/373/2221 2868/374/2222
f 2868/374/2222 2869/376/2223 2866/375/2220
f 2870/377/2224 2871/375/2225 2872/376/2226
f 2872/376/2226 2873/378/2227 2870/377/2224
f 2874/372/2228 2875/380/2229 2876/379/2230
f 2876/379/2230 2877/371/2231 2874/372/2228
f 2878/350/2232 2879/353/2233 2880/352/2234
f 2880/352/2234 2881/351/2235 2878/350/2232
f 2882/354/2236 2883/357/2237 2884/356/2238
f 2884/356/2238 2885/355/2239 2882/354/2236
f 2886/358/2240 2887/361/2241 2888/360/2240
f 2888/360/2240 2889/359/2242 2886/358/2240
f 2890/362/2243 2891/365/2244 2892/364/2243
f 2892/364/2243 2893/363/2243 2890/362/2243
f 2894/362/2245 2895/368/2246 2896/367/2247
f 2896/367/2247 2897/366/2248 2894/362/2245
f 2898/369/2249 2899/372/2250 2900/371/2251
f 2900/371/2251 2901/370/2252 2898/369/2249
f 2902/373/2253 2903/369/2254 2904/370/2255
f 2904/370/2255 2905/374/2256 2902/373/2253
f 2906/375/2257 2907/373/2258 2908/374/2259
f 2908/374/2259 2909/376/2260 2906/375/2257
f 2910/377/2261 2911/375/2262 2912/376/2263
f 2912/376/2263 2913/378/2264 2910/377/2261
f 2914/372/2265 2915/380/2266 2916/379/2267
f 2916/379/2267 2917/371/2268 2914/372/2265
f 2918/350/2269 2919/353/2270 2920/352/2271
f 2920/352/2271 2921/351/2272 2918/350/2269
f 2922/354/2273 2923/357/2273 2924/356/2273
f 2924/356/2273 2925/355/2274 2922/354/2273
f 2926/358/2275 2927/361/2276 2928/360/2275
f 2928/360/2275 2929/359/2277 2926/358/2275
f 2930/362/2278 2931/365/2279 2932/364/2280
f 2932/364/2280 2933/363/2281 2930/362/2278
f 2934/362/2282 2935/368/2283 2936/367/2284
f 2936/367/2284 2937/366/2285 2934/362/2282
f 2938/369/2286 2939/372/2287 2940/371/2288
f 2940/371/2288 2941/370/2289 2938/369/2286
f 2942/373/2290 2943/369/2291 2944/370/2292
f 2944/370/2292 2945/374/2293 2942/373/2290
f 2946/375/2294 2947/373/2295 2948/374/2296
f 2948/374/2296 2949/376/2297 2946/375/2294
f 2950/377/2298 2951/375/2299 2952/376/2300
f 2952/376/2300 2953/378/2301 2950/377/2298
f 2954/372/2302 2955/380/2303 2956/379/2304
f 2956/379/2304 2957/371/2305 2954/372/2302
f 2958/549/2306 2959/552/2307 2960/551/2308
f 2960/551/2308 2961/550/2309 2958/549/2306
f 2962/57/2310 2963/554/2311 2964/553/2312
f 2964/553/2312 2965/56/2313 2962/57/2310
f 2966/59/2314 2967/567/2315 2968/566/2316
f 2968/566/2316 2969/58/2317 2966/59/2314
f 2970/568/2318 2971/571/2319 2972/570/2320
f 2972/570/2320 2973/569/2321 2970/568/2318
f 2974/572/2322 2975/575/2323 2976/574/2324
f 2976/574/2324 2977/573/2325 2974/572/2322
f 2978/119/2326 2979/122/2327 2980/121/2328
f 2980/121/2328 2981/120/2329 2978/119/2326
f 2982/576/2330 2983/579/2331 2984/578/2332
f 2984/578/2332 2985/577/2333 2982/576/2330
f 2986/580/2334 2987/573/2335 2988/574/2336
f 2988/574/2336 2989/581/2337 2986/580/2334
f 2990/575/2338 2991/572/2339 2992/568/2340
f 2992/568/2340 2993/569/2341 2990/575/2338
f 2994/579/2342 2995/576/2343 2996/119/2344
f 2996/119/2344 2997/120/2345 2994/579/2342
f 2998/584/2346 2999/583/2347 3000/582/2348
f 3001/582/2349 2999/583/2347 3002/585/2350
f 3001/582/2349 3003/586/2351 2998/584/2346
f 3003/586/2351 3001/582/2349 3004/587/2352
f 3005/587/2353 3006/588/2354 3003/586/2351
f 3005/587/2355 3007/582/2356 3008/700/2357
f 3009/585/2358 3008/700/2357 3007/582/2356
f 3008/700/2357 3010/701/2359 3005/587/2355
f 3011/702/2360 3005/587/2355 3010/701/2359
f 3010/701/2359 3012/703/2361 3011/702/2360
f 3013/588/2362 3005/587/2355 3011/702/2360
f 3011/702/2360 3014/704/2363 3013/588/2362
f 3015/589/2364 3016/560/2365 3017/558/2366
f 3017/558/2366 3018/555/2367 3015/589/2364
f 3019/557/2368 3020/556/2369 3018/555/2367
f 3018/555/2367 3021/558/2370 3019/557/2368
f 3021/558/2370 3022/560/2371 3023/559/2372
f 3023/559/2372 3024/561/2373 3021/558/2370
f 3019/557/2368 3021/558/2370 3024/561/2373
f 3024/561/2373 3025/562/2374 3019/557/2368
f 3026/563/2375 3019/557/2368 3025/562/2374
f 3025/562/2374 3027/564/2376 3026/563/2375
f 3028/556/2377 3019/557/2368 3026/563/2375
f 3026/563/2375 3029/565/2378 3028/556/2377
f 3030/583/2379 3031/585/2380 3032/585/2381
f 3032/585/2381 3033/583/2382 3030/583/2379
f 3034/584/2383 3035/583/2384 3036/583/2385
f 3036/583/2385 3037/584/2386 3034/584/2383
f 3038/47/2387 3039/595/2388 3040/594/2389
f 3040/594/2389 3041/46/2390 3038/47/2387
f 3042/81/2391 3043/82/2392 3044/75/2393
f 3044/75/2393 3045/76/2394 3042/81/2391
f 3046/79/2395 3047/77/2396 3048/76/2397
f 3048/76/2397 3049/74/2398 3046/79/2395
f 3050/605/2399 3051/204/2400 3052/201/2401
f 3052/201/2401 3053/606/2402 3050/605/2399
f 3054/607/2403 3055/163/2404 3056/97/2405
f 3056/97/2405 3057/94/2406 3054/607/2403
f 3058/160/2407 3059/161/2408 3060/163/2409
f 3060/163/2409 3061/608/2410 3058/160/2407
f 3062/98/2411 3063/101/2412 3064/100/2413
f 3063/101/2412 3062/98/2411 3065/103/2414
f 3066/612/2415 3067/613/2416 3068/191/2417
f 3068/191/2417 3069/192/2418 3066/612/2415
f 3070/614/2419 3071/617/2420 3072/616/2421
f 3072/616/2421 3073/615/2422 3070/614/2419
f 3074/618/2423 3075/621/2424 3076/620/2425
f 3076/620/2425 3077/619/2426 3074/618/2423
f 3078/622/2427 3079/625/2428 3080/624/2429
f 3080/624/2429 3081/623/2430 3078/622/2427
f 3082/626/2431 3083/629/2432 3084/628/2433
f 3084/628/2433 3085/627/2434 3082/626/2431
f 3086/59/2435 3087/567/2436 3088/566/2437
f 3088/566/2437 3089/58/2438 3086/59/2435
f 3090/630/2439 3091/125/2440 3092/126/2441
f 3092/126/2441 3093/631/1569 3090/630/2439
f 3094/632/2442 3095/635/2443 3096/634/2443
f 3096/634/2443 3097/633/2442 3094/632/2442
f 3098/636/2444 3099/639/2444 3100/638/2444
f 3100/638/2444 3101/637/2445 3098/636/2444
f 3102/640/2446 3103/643/2446 3104/642/2446
f 3104/642/2446 3105/641/2447 3102/640/2446
f 3106/128/2448 3107/126/2449 3108/125/2450
f 3108/125/2450 3109/123/2451 3106/128/2448
f 3110/644/2452 3111/631/2452 3112/126/2453
f 3112/126/2453 3113/127/2453 3110/644/2452
f 3114/124/2454 3115/125/2454 3116/630/2455
f 3116/630/2455 3117/645/2455 3114/124/2454
f 3118/643/2456 3119/632/2457 3120/633/2456
f 3120/633/2456 3121/642/2456 3118/643/2456
f 3122/635/2458 3123/636/2458 3124/637/2458
f 3124/637/2458 3125/634/2458 3122/635/2458
f 3126/646/2459 3127/647/2460 3128/647/2461
f 3128/647/2461 3129/646/2462 3126/646/2459
f 3130/647/2463 3131/648/2464 3132/648/2465
f 3132/648/2465 3133/647/2466 3130/647/2463
f 3134/649/2467 3135/646/2468 3136/646/2469
f 3136/646/2469 3137/649/2470 3134/649/2467
f 3138/646/2471 3139/646/2471 3140/646/2472
f 3140/646/2472 3141/646/2473 3138/646/2471
f 3142/350/2474 3143/353/2475 3144/352/2476
f 3144/352/2476 3145/351/2477 3142/350/2474
f 3146/354/2478 3147/357/2479 3148/356/2478
f 3148/356/2478 3149/355/2478 3146/354/2478
f 3150/358/2480 3151/361/2480 3152/360/2480
f 3152/360/2480 3153/359/2481 3150/358/2480
f 3154/362/2482 3155/365/2483 3156/364/2482
f 3156/364/2482 3157/363/2484 3154/362/2482
f 3158/362/2485 3159/368/2486 3160/367/2487
f 3160/367/2487 3161/366/2488 3158/362/2485
f 3162/369/2489 3163/372/2490 3164/371/2491
f 3164/371/2491 3165/370/2492 3162/369/2489
f 3166/373/2493 3167/369/2494 3168/370/2495
f 3168/370/2495 3169/374/2496 3166/373/2493
f 3170/375/2497 3171/373/2498 3172/374/2499
f 3172/374/2499 3173/376/2500 3170/375/2497
f 3174/377/2501 3175/375/2501 3176/376/2502
f 3176/376/2502 3177/378/2502 3174/377/2501
f 3178/372/2503 3179/380/2504 3180/379/2505
f 3180/379/2505 3181/371/2506 3178/372/2503
f 3182/650/2507 3183/653/2508 3184/652/2509
f 3184/652/2509 3185/651/2510 3182/650/2507
f 3186/654/2511 3187/657/2512 3188/656/2513
f 3188/656/2513 3189/655/2514 3186/654/2511
f 3190/653/2515 3191/659/2516 3192/658/2517
f 3192/658/2517 3193/652/2518 3190/653/2515
f 3194/660/2519 3195/650/2520 3196/651/2521
f 3196/651/2521 3197/661/2522 3194/660/2519
f 3198/657/2523 3199/663/2524 3200/662/2525
f 3200/662/2525 3201/656/2526 3198/657/2523
f 3202/664/2527 3203/654/2527 3204/655/2528
f 3204/655/2528 3205/665/2528 3202/664/2527
f 3206/666/2529 3207/669/2530 3208/668/2531
f 3208/668/2531 3209/667/2532 3206/666/2529
f 3210/670/2533 3211/666/2534 3212/667/2535
f 3212/667/2535 3213/671/2536 3210/670/2533
f 3214/672/2537 3215/675/2538 3216/674/2539
f 3216/674/2539 3217/673/2540 3214/672/2537
f 3218/129/2541 3219/177/2542 3220/178/2543
f 3220/178/2543 3221/131/2544 3218/129/2541
f 3222/676/2545 3223/129/2546 3224/130/2547
f 3224/130/2547 3225/677/2548 3222/676/2545
f 3226/675/2549 3227/670/2550 3228/671/2551
f 3228/671/2551 3229/674/2552 3226/675/2549
f 3230/180/2553 3231/672/2554 3232/673/2555
f 3232/673/2555 3233/179/2556 3230/180/2553
f 3234/678/2557 3235/681/2558 3236/680/2559
f 3236/680/2559 3237/679/2560 3234/678/2557
f 3238/682/2561 3239/685/2562 3240/684/2562
f 3240/684/2562 3241/683/2563 3238/682/2561
f 3242/686/2564 3243/682/2565 3244/683/2566
f 3244/683/2566 3245/687/2567 3242/686/2564
f 3246/688/2568 3247/686/2569 3248/687/2569
f 3248/687/2569 3249/689/2568 3246/688/2568
f 3250/690/2570 3251/688/2571 3252/689/2570
f 3252/689/2570 3253/691/2570 3250/690/2570
f 3254/692/2572 3255/695/2573 3256/694/2574
f 3256/694/2574 3257/693/2575 3254/692/2572
f 3258/681/2576 3259/697/2577 3260/696/2578
f 3260/696/2578 3261/680/2579 3258/681/2576
f 3262/685/2580 3263/678/2581 3264/679/2582
f 3264/679/2582 3265/684/2583 3262/685/2580
f 3266/695/2584 3267/690/2585 3268/691/2586
f 3268/691/2586 3269/694/2587 3266/695/2584
f 3270/698/2588 3271/692/2589 3272/693/2590
f 3272/693/2590 3273/699/2591 3270/698/2588
f 3274/350/2592 3275/353/2593 3276/352/2594
f 3276/352/2594 3277/351/2595 3274/350/2592
f 3278/354/2596 3279/357/2597 3280/356/2598
f 3280/356/2598 3281/355/2599 3278/354/2596
f 3282/358/2600 3283/361/2601 3284/360/2602
f 3284/360/2602 3285/359/2603 3282/358/2600
f 3286/362/2604 3287/365/2605 3288/364/2606
f 3288/364/2606 3289/363/2607 3286/362/2604
f 3290/362/2608 3291/368/2609 3292/367/2610
f 3292/367/2610 3293/366/2611 3290/362/2608
f 3294/369/2612 3295/372/2613 3296/371/2614
f 3296/371/2614 3297/370/2615 3294/369/2612
f 3298/373/2616 3299/369/2617 3300/370/2618
f 3300/370/2618 3301/374/2619 3298/373/2616
f 3302/375/2620 3303/373/2621 3304/374/2622
f 3304/374/2622 3305/376/2623 3302/375/2620
f 3306/377/2624 3307/375/2625 3308/376/2626
f 3308/376/2626 3309/378/2627 3306/377/2624
f 3310/372/2628 3311/380/2629 3312/379/2630
f 3312/379/2630 3313/371/2631 3310/372/2628
f 3314/350/2592 3315/353/2593 3316/352/2594
f 3316/352/2594 3317/351/2595 3314/350/2592
f 3318/354/2596 3319/357/2597 3320/356/2598
f 3320/356/2598 3321/355/2599 3318/354/2596
f 3322/358/2600 3323/361/2601 3324/360/2602
f 3324/360/2602 3325/359/2603 3322/358/2600
f 3326/362/2604 3327/365/2632 3328/364/2606
f 3328/364/2606 3329/363/2607 3326/362/2604
f 3330/362/2633 3331/368/2609 3332/367/2610
f 3332/367/2610 3333/366/2611 3330/362/2633
f 3334/369/2612 3335/372/2613 3336/371/2614
f 3336/371/2614 3337/370/2615 3334/369/2612
f 3338/373/2616 3339/369/2617 3340/370/2618
f 3340/370/2618 3341/374/2619 3338/373/2616
f 3342/375/2620 3343/373/2621 3344/374/2622
f 3344/374/2622 3345/376/2623 3342/375/2620
f 3346/377/2624 3347/375/2625 3348/376/2626
f 3348/376/2626 3349/378/2627 3346/377/2624
f 3350/372/2628 3351/380/2629 3352/379/2630
f 3352/379/2630 3353/371/2631 3350/372/2628
f 3354/650/2634 3355/653/2635 3356/652/2636
f 3356/652/2636 3357/651/2637 3354/650/2634
f 3358/660/2638 3359/661/2639 3360/662/2640
f 3360/662/2640 3361/663/2641 3358/660/2638
f 3362/654/2642 3363/657/2643 3364/656/2642
f 3364/656/2642 3365/655/2644 3362/654/2642
f 3366/664/2645 3367/665/2646 3368/658/2647
f 3368/658/2647 3369/659/2648 3366/664/2645
f 3370/653/2649 3371/659/2650 3372/658/2651
f 3372/658/2651 3373/652/2652 3370/653/2649
f 3374/660/2653 3375/650/2654 3376/651/2655
f 3376/651/2655 3377/661/2656 3374/660/2653
f 3378/657/2657 3379/663/2658 3380/662/2659
f 3380/662/2659 3381/656/2660 3378/657/2657
f 3382/664/2661 3383/654/2661 3384/655/2661
f 3384/655/2661 3385/665/2661 3382/664/2661
f 3386/184/2662 3387/183/2663 3388/705/2664
f 3388/705/2664 3389/189/2665 3386/184/2662
f 3389/189/2665 3388/705/2664 3390/706/2666
f 3390/706/2666 3391/164/2667 3389/189/2665
f 3391/164/2667 3390/706/2666 3392/707/2668
f 3392/707/2668 3393/162/2669 3391/164/2667
f 3393/162/2669 3392/707/2668 3394/708/2670
f 3394/708/2670 3395/165/2671 3393/162/2669
f 3395/165/2671 3394/708/2670 3396/709/2672
f 3396/709/2672 3397/166/2673 3395/165/2671
f 3397/166/2673 3396/709/2672 3398/710/2674
f 3398/710/2674 3399/168/2675 3397/166/2673
f 3399/168/2675 3398/710/2674 3400/711/2676
f 3400/711/2676 3401/170/2677 3399/168/2675
f 3401/170/2677 3400/711/2676 3402/712/2678
f 3403/713/2679 3401/170/2677 3402/712/2678
f 3404/714/2680 3403/713/2679 3402/712/2678
f 3405/715/2681 3404/714/2680 3402/712/2678
f 3405/715/2681 3402/712/2678 3406/716/2682
f 3407/717/2682 3405/715/2681 3406/716/2682
f 3408/182/2683 3409/181/2683 3410/718/2684
f 3410/718/2684 3411/719/2685 3408/182/2683
f 3411/719/2685 3410/718/2684 3412/720/2686
f 3412/720/2686 3413/721/2687 3411/719/2685
f 3413/721/2687 3412/720/2686 3414/722/2688
f 3414/722/2688 3415/723/2689 3413/721/2687
f 3414/722/2688 3416/724/2690 3415/723/2689
f 3416/724/2690 3414/722/2688 3417/725/2691
f 3417/725/2691 3418/726/2691 3416/724/2690
f 3419/717/2692 3420/716/2693 3421/727/2694
f 3421/727/2694 3422/728/2695 3419/717/2692
f 3422/728/2695 3421/727/2694 3423/729/2696
f 3423/729/2696 3424/730/2697 3422/728/2695
f 3424/730/2697 3423/729/2696 3425/186/2698
f 3425/186/2698 3426/185/2699 3424/730/2697
f 3427/731/2700 3428/732/2701 3429/733/2702
f 3427/731/2700 3429/733/2702 3430/734/2703
f 3430/734/2703 3431/735/2704 3427/731/2700
f 3431/735/2704 3430/734/2703 3432/736/2705
f 3432/736/2705 3433/737/2706 3431/735/2704
f 3433/737/2706 3432/736/2705 3434/738/2707
f 3434/738/2707 3435/739/2708 3433/737/2706
f 3435/739/2708 3434/738/2707 3436/740/2709
f 3437/741/2710 3435/739/2708 3436/740/2709
f 3437/741/2710 3436/740/2709 3438/742/2711
f 3437/741/2710 3439/743/2712 3435/739/2708
f 3440/740/2713 3437/741/2710 3438/742/2711
f 3441/739/2714 3439/743/2712 3437/741/2710
f 3441/739/2714 3437/741/2710 3440/740/2713
f 3442/738/2715 3441/739/2714 3440/740/2713
f 3443/737/2716 3441/739/2714 3442/738/2715
f 3442/738/2715 3444/736/2717 3443/737/2716
f 3445/735/2718 3443/737/2716 3444/736/2717
f 3444/736/2717 3446/734/2719 3445/735/2718
f 3447/731/2720 3445/735/2718 3446/734/2719
f 3446/734/2719 3448/733/2721 3447/731/2720
f 3449/732/2722 3447/731/2720 3448/733/2721
f 3450/181/2723 3451/102/2723 3452/101/2724
f 3452/101/2724 3453/718/2725 3450/181/2723
f 3453/718/2725 3452/101/2724 3454/100/2726
f 3454/100/2726 3455/720/2727 3453/718/2725
f 3455/720/2727 3454/100/2726 3456/113/2728
f 3455/720/2727 3456/113/2728 3457/744/2729
f 3457/744/2729 3458/745/2730 3455/720/2727
f 3455/720/2727 3458/745/2730 3459/746/2731
f 3459/746/2731 3460/722/2732 3455/720/2727
f 3460/722/2732 3459/746/2731 3461/747/2733
f 3461/747/2733 3462/748/2734 3460/722/2732
f 3462/748/2734 3463/749/2735 3460/722/2732
f 3460/722/2732 3463/749/2735 3464/750/2736
f 3464/750/2736 3465/725/2736 3460/722/2732
f 3466/751/2737 3467/752/2738 3468/753/2739
f 3468/753/2739 3469/754/2740 3466/751/2737
f 3469/754/2740 3468/753/2739 3470/755/2741
f 3470/755/2741 3471/756/2742 3469/754/2740
f 3471/756/2742 3470/755/2741 3472/757/2743
f 3472/757/2743 3473/758/2744 3471/756/2742
f 3473/758/2744 3472/757/2743 3474/759/2745
f 3474/759/2745 3475/760/2746 3473/758/2744
f 3476/761/2747 3477/761/2747 3478/762/2748
f 3478/762/2748 3479/762/2749 3476/761/2747
f 3479/762/2749 3478/762/2748 3480/763/2750
f 3480/763/2750 3481/763/2751 3479/762/2749
f 3481/763/2751 3480/763/2750 3482/764/2752
f 3482/764/2752 3483/764/2753 3481/763/2751
f 3484/765/2754 3485/766/2755 3486/767/2756
f 3486/767/2756 3487/768/2757 3484/765/2754
f 3487/768/2757 3486/767/2756 3488/769/2758
f 3488/769/2758 3489/770/2759 3487/768/2757
f 3489/770/2759 3488/769/2758 3490/771/2760
f 3490/771/2760 3491/772/2761 3489/770/2759
f 3491/772/2761 3490/771/2760 3492/773/2762
f 3492/773/2762 3493/774/2763 3491/772/2761
f 3493/774/2763 3492/773/2762 3494/775/2764
f 3494/775/2764 3495/776/2765 3493/774/2763
f 3496/777/2766 3497/778/2767 3498/779/2768
f 3498/779/2768 3499/780/2769 3496/777/2766
f 3500/781/2770 3496/777/2766 3499/780/2769
f 3499/780/2769 3501/782/2771 3500/781/2770
f 3502/783/2772 3500/781/2770 3501/782/2771
f 3501/782/2771 3503/784/2773 3502/783/2772
f 3504/785/2774 3502/783/2772 3503/784/2773
f 3503/784/2773 3505/786/2775 3504/785/2774
f 3506/787/2776 3504/785/2774 3505/786/2775
f 3505/786/2775 3507/788/2777 3506/787/2776
f 3508/789/2778 3506/787/2776 3507/788/2777
f 3507/788/2777 3509/790/2779 3508/789/2778
f 3510/791/2780 3508/789/2778 3509/790/2779
f 3509/790/2779 3511/792/2781 3510/791/2780
f 3512/793/2782 3510/791/2780 3511/792/2781
f 3511/792/2781 3513/794/2783 3512/793/2782
f 3514/795/2784 3512/793/2782 3513/794/2783
f 3513/794/2783 3515/796/2785 3514/795/2784
f 3516/797/2786 3514/795/2784 3515/796/2785
f 3515/796/2785 3517/798/2787 3516/797/2786
f 3518/799/2788 3516/797/2786 3517/798/2787
f 3517/798/2787 3519/800/2789 3518/799/2788
f 3520/801/2790 3518/799/2788 3519/800/2789
f 3519/800/2789 3521/802/2791 3520/801/2790
f 3522/803/2792 3520/801/2790 3521/802/2791
f 3521/802/2791 3523/804/2793 3522/803/2792
f 3522/803/2792 3523/804/2793 3524/805/2794
f 3524/805/2794 3525/806/2795 3522/803/2792
f 3525/806/2795 3524/805/2794 3526/807/2796
f 3526/807/2796 3527/808/2797 3525/806/2795
f 3527/808/2797 3526/807/2796 3528/809/2798
f 3528/809/2798 3529/810/2799 3527/808/2797
f 3529/810/2799 3528/809/2798 3530/811/2800
f 3530/811/2800 3531/812/2801 3529/810/2799
f 3531/812/2801 3530/811/2800 3532/813/2802
f 3532/813/2802 3533/814/2803 3531/812/2801
f 3534/815/2804 3533/814/2803 3532/813/2802
f 3532/813/2802 3535/816/2805 3534/815/2804
f 3536/817/2806 3534/815/2804 3535/816/2805
f 3535/816/2805 3537/818/2807 3536/817/2806
f 3538/819/2808 3536/817/2806 3537/818/2807
f 3537/818/2807 3539/820/2809 3538/819/2808
f 3538/819/2808 3539/820/2809 3540/821/2810
f 3540/821/2810 3541/822/2811 3538/819/2808
f 3541/822/2811 3540/821/2810 3542/823/2812
f 3542/823/2812 3543/824/2813 3541/822/2811
f 3543/824/2813 3542/823/2812 3544/825/2814
f 3544/825/2814 3545/826/2815 3543/824/2813
f 3546/605/2816 3545/826/2815 3544/825/2814
f 3544/825/2814 3547/606/2817 3546/605/2816
f 3548/827/2818 3549/828/2819 3550/829/2820
f 3550/829/2820 3549/828/2819 3551/830/2821
f 3551/830/2821 3552/831/2822 3550/829/2820
f 3551/830/2821 3553/832/2823 3552/831/2822
f 3553/832/2823 3554/833/2824 3552/831/2822
f 3554/833/2824 3555/834/2825 3552/831/2822
f 3554/833/2824 3553/832/2823 3556/835/2826
f 3555/834/2825 3554/833/2824 3557/836/2827
f 3556/835/2826 3558/837/2828 3554/833/2824
f 3558/837/2828 3557/836/2827 3554/833/2824
f 3557/836/2827 3558/837/2828 3559/838/2829
f 3559/838/2829 3560/839/2830 3557/836/2827
f 3560/839/2830 3559/838/2829 3561/840/2831
f 3561/840/2831 3562/841/2832 3560/839/2830
f 3562/841/2832 3561/840/2831 3563/842/2833
f 3563/842/2833 3564/843/2834 3562/841/2832
f 3564/843/2834 3563/842/2833 3565/844/2835
f 3566/845/2836 3562/841/2832 3564/843/2834
f 3562/841/2832 3566/845/2836 3567/846/2837
f 3564/843/2834 3568/847/2838 3566/845/2836
f 3567/846/2837 3569/839/2839 3562/841/2832
f 3567/846/2837 3570/848/2840 3569/839/2839
f 3568/847/2838 3564/843/2834 3571/849/2841
f 3565/844/2835 3571/849/2841 3564/843/2834
f 3571/849/2841 3565/844/2835 3572/850/2842
f 3571/849/2841 3573/851/2843 3568/847/2838
f 3572/850/2842 3574/852/2844 3571/849/2841
f 3573/851/2843 3571/849/2841 3574/852/2844
f 3574/852/2844 3575/853/2845 3573/851/2843
f 3570/848/2840 3576/854/2846 3569/839/2839
f 3576/854/2846 3577/836/2847 3569/839/2839
f 3577/836/2847 3576/854/2846 3578/834/2848
f 3570/848/2840 3578/834/2848 3576/854/2846
f 3570/848/2840 3579/855/2849 3578/834/2848
f 3579/855/2849 3580/831/2850 3578/834/2848
f 3580/831/2850 3579/855/2849 3581/856/2851
f 3581/856/2851 3582/829/2852 3580/831/2850
f 3581/856/2851 3583/857/2853 3582/829/2852
f 3583/857/2853 3584/858/2854 3582/829/2852
f 3584/858/2854 3585/859/2855 3582/829/2852
f 3585/859/2855 3586/827/2856 3582/829/2852
f 3587/860/2857 3586/827/2856 3585/859/2855
f 3588/861/2858 3584/858/2854 3583/857/2853
f 3583/857/2853 3589/862/2859 3588/861/2858
f 3590/863/2860 3585/859/2855 3584/858/2854
f 3585/859/2855 3590/863/2860 3587/860/2857
f 3584/858/2854 3588/861/2858 3590/863/2860
f 3591/864/2861 3587/860/2857 3590/863/2860
f 3592/865/2862 3588/861/2858 3589/862/2859
f 3589/862/2859 3593/866/2863 3592/865/2862
f 3594/867/2864 3590/863/2860 3588/861/2858
f 3590/863/2860 3594/867/2864 3591/864/2861
f 3588/861/2858 3592/865/2862 3594/867/2864
f 3595/868/2865 3591/864/2861 3594/867/2864
f 3596/869/2866 3592/865/2862 3593/866/2863
f 3594/867/2864 3597/870/2867 3595/868/2865
f 3597/870/2867 3594/867/2864 3592/865/2862
f 3592/865/2862 3596/869/2866 3597/870/2867
f 3598/871/2868 3595/868/2865 3597/870/2867
f 3593/866/2863 3599/872/2869 3596/869/2866
f 3597/870/2867 3600/873/2870 3598/871/2868
f 3600/873/2870 3597/870/2867 3596/869/2866
f 3601/874/2871 3598/871/2868 3600/873/2870
f 3599/872/2869 3602/875/2872 3603/876/2873
f 3599/872/2869 3603/876/2873 3604/877/2874
f 3596/869/2866 3599/872/2869 3605/878/2875
f 3599/872/2869 3604/877/2874 3605/878/2875
f 3596/869/2866 3605/878/2875 3600/873/2870
f 3600/873/2870 3606/879/2876 3601/874/2871
f 3606/879/2876 3600/873/2870 3605/878/2875
f 3607/880/2877 3601/874/2871 3606/879/2876
f 3608/881/2878 3605/878/2875 3604/877/2874
f 3605/878/2875 3608/881/2878 3606/879/2876
f 3604/877/2874 3609/882/2879 3608/881/2878
f 3606/879/2876 3610/883/2880 3607/880/2877
f 3610/883/2880 3606/879/2876 3608/881/2878
f 3611/884/2881 3607/880/2877 3610/883/2880
f 3612/885/2882 3608/881/2878 3609/882/2879
f 3608/881/2878 3612/885/2882 3610/883/2880
f 3609/882/2879 3613/886/2883 3612/885/2882
f 3612/885/2882 3613/886/2883 3614/887/2884
f 3610/883/2880 3615/888/2885 3611/884/2881
f 3615/888/2885 3610/883/2880 3612/885/2882
f 3614/887/2884 3616/889/2886 3612/885/2882
f 3612/885/2882 3616/889/2886 3615/888/2885
f 3616/889/2886 3614/887/2884 3617/890/2887
f 3611/884/2881 3615/888/2885 3618/891/2888
f 3618/891/2888 3619/892/2889 3611/884/2881
f 3615/888/2885 3616/889/2886 3620/893/2890
f 3617/890/2887 3620/893/2890 3616/889/2886
f 3620/893/2890 3618/891/2888 3615/888/2885
f 3620/893/2890 3617/890/2887 3621/894/2891
f 3621/894/2891 3622/895/2892 3623/32/2893
f 3623/32/2893 3624/31/2894 3621/894/2891
f 3621/894/2891 3624/31/2894 3620/893/2890
f 3618/891/2888 3620/893/2890 3624/31/2894
f 3624/31/2894 3625/896/2895 3618/891/2888
f 3619/892/2889 3618/891/2888 3625/896/2895
f 3625/896/2895 3626/897/2896 3619/892/2889
f 3625/896/2895 3624/31/2894 3627/898/2897
f 3626/897/2896 3625/896/2895 3628/899/2898
f 3627/898/2897 3628/899/2898 3625/896/2895
f 3628/899/2898 3629/900/2899 3626/897/2896
f 3630/901/2900 3629/900/2899 3628/899/2898
f 3631/902/2901 3632/903/2902 3627/898/2897
f 3627/898/2897 3633/35/2903 3631/902/2901
f 3633/35/2903 3627/898/2897 3634/31/2904
f 3635/903/2905 3628/899/2898 3627/898/2897
f 3636/904/2906 3630/901/2900 3628/899/2898
f 3637/905/2907 3630/901/2900 3636/904/2906
f 3635/903/2905 3638/906/2908 3628/899/2898
f 3638/906/2908 3636/904/2906 3628/899/2898
f 3636/904/2906 3639/907/2909 3637/905/2907
f 3639/907/2909 3636/904/2906 3638/906/2908
f 3640/908/2910 3637/905/2907 3639/907/2909
f 3641/909/2911 3638/906/2908 3635/903/2905
f 3638/906/2908 3641/909/2911 3639/907/2909
f 3635/903/2905 3642/910/2912 3641/909/2911
f 3639/907/2909 3643/911/2913 3640/908/2910
f 3643/911/2913 3639/907/2909 3641/909/2911
f 3644/912/2914 3640/908/2910 3643/911/2913
f 3645/913/2915 3641/909/2911 3642/910/2912
f 3641/909/2911 3645/913/2915 3643/911/2913
f 3642/910/2912 3646/914/2916 3645/913/2915
f 3643/911/2913 3647/915/2917 3644/912/2914
f 3647/915/2917 3643/911/2913 3645/913/2915
f 3648/916/2918 3644/912/2914 3647/915/2917
f 3649/917/2919 3645/913/2915 3646/914/2916
f 3645/913/2915 3649/917/2919 3647/915/2917
f 3646/914/2916 3650/918/2920 3649/917/2919
f 3647/915/2917 3651/919/2921 3648/916/2918
f 3651/919/2921 3647/915/2917 3649/917/2919
f 3652/920/2922 3648/916/2918 3651/919/2921
f 3653/921/2923 3649/917/2919 3650/918/2920
f 3649/917/2919 3653/921/2923 3651/919/2921
f 3650/918/2920 3654/922/2924 3653/921/2923
f 3651/919/2921 3655/923/2925 3652/920/2922
f 3655/923/2925 3651/919/2921 3653/921/2923
f 3656/924/2926 3652/920/2922 3655/923/2925
f 3657/925/2927 3653/921/2923 3654/922/2924
f 3653/921/2923 3657/925/2927 3655/923/2925
f 3654/922/2924 3658/926/2928 3657/925/2927
f 3655/923/2925 3659/927/2929 3656/924/2926
f 3659/927/2929 3655/923/2925 3657/925/2927
f 3660/928/2930 3656/924/2926 3659/927/2929
f 3661/929/2931 3657/925/2927 3658/926/2928
f 3657/925/2927 3661/929/2931 3659/927/2929
f 3658/926/2928 3662/930/2932 3661/929/2931
f 3659/927/2929 3663/931/2933 3660/928/2930
f 3663/931/2933 3659/927/2929 3661/929/2931
f 3664/932/2934 3660/928/2930 3663/931/2933
f 3665/933/2935 3661/929/2931 3662/930/2932
f 3661/929/2931 3665/933/2935 3663/931/2933
f 3662/930/2932 3666/934/2936 3665/933/2935
f 3663/931/2933 3667/935/2937 3664/932/2934
f 3667/935/2937 3663/931/2933 3665/933/2935
f 3668/936/2938 3664/932/2934 3667/935/2937
f 3669/937/2939 3665/933/2935 3666/934/2936
f 3665/933/2935 3669/937/2939 3667/935/2937
f 3666/934/2936 3670/938/2940 3669/937/2939
f 3667/935/2937 3671/939/2941 3668/936/2938
f 3671/939/2941 3667/935/2937 3669/937/2939
f 3672/940/2942 3668/936/2938 3671/939/2941
f 3673/941/2943 3669/937/2939 3670/938/2940
f 3669/937/2939 3673/941/2943 3671/939/2941
f 3670/938/2940 3674/942/2944 3673/941/2943
f 3671/939/2941 3675/943/2945 3672/940/2942
f 3675/943/2945 3671/939/2941 3673/941/2943
f 3676/944/2946 3673/941/2943 3674/942/2944
f 3673/941/2943 3676/944/2946 3675/943/2945
f 3674/942/2944 3677/38/2947 3676/944/2946
f 3676/944/2946 3677/38/2947 3678/37/2948
f 3675/943/2945 3676/944/2946 3678/37/2948
f 3672/940/2942 3675/943/2945 3678/37/2948
f 3679/945/2949 3672/940/2942 3678/37/2948
f 3678/37/2948 3680/946/2950 3679/945/2949
f 3681/29/2951 3682/28/2952 3683/257/2953
f 3683/257/2953 3684/26/2954 3681/29/2951
f 3685/28/2955 3681/29/2951 3684/26/2954
f 3684/26/2954 3686/27/2956 3685/28/2955
f 3687/19/2957 3688/20/2958 3689/947/2959
f 3689/947/2959 3690/948/2960 3687/19/2957
f 3690/948/2961 3689/947/2961 3691/22/2962
f 3691/22/2963 3692/23/2964 3690/948/2965
f 3693/949/2966 3694/950/2967 3695/951/2967
f 3695/951/2967 3696/952/2968 3693/949/2966
f 3696/952/2968 3697/953/2969 3693/949/2966
f 3698/954/2970 3697/953/2969 3696/952/2968
f 3696/952/2968 3699/955/2971 3698/954/2970
f 3700/956/2972 3698/954/2970 3699/955/2971
f 3699/955/2971 3701/957/2973 3700/956/2972
f 3702/958/2974 3700/956/2972 3701/957/2973
f 3701/957/2973 3703/959/2975 3702/958/2974
f 3704/960/2976 3702/958/2974 3703/959/2975
f 3703/959/2975 3705/961/2977 3704/960/2976
f 3706/962/2978 3704/960/2976 3705/961/2977
f 3705/961/2977 3707/963/2979 3706/962/2978
f 3708/964/2980 3706/962/2978 3707/963/2979
f 3707/963/2979 3709/965/2981 3708/964/2980
f 3710/966/2982 3708/964/2980 3709/965/2981
f 3709/965/2981 3711/967/2983 3710/966/2982
f 3712/968/2984 3710/966/2982 3711/967/2983
f 3711/967/2983 3713/969/2985 3712/968/2984
f 3714/970/2986 3712/968/2984 3713/969/2985
f 3713/969/2985 3715/971/2987 3714/970/2986
f 3716/972/2988 3714/970/2986 3715/971/2987
f 3715/971/2987 3717/973/2989 3716/972/2988
f 3718/974/2990 3716/972/2988 3717/973/2989
f 3717/973/2989 3719/975/2991 3718/974/2990
f 3720/976/2992 3721/977/2993 3722/978/2993
f 3722/978/2993 3723/979/2994 3720/976/2992
f 3724/980/2995 3720/976/2992 3723/979/2994
f 3725/981/2996 3724/980/2997 3726/982/2998
f 3726/982/2998 3727/983/2999 3725/981/2996
f 3728/984/3000 3725/981/2996 3727/983/2999
f 3727/983/2999 3729/985/3001 3728/984/3000
f 3730/986/3002 3728/984/3000 3729/985/3001
f 3729/985/3001 3731/987/3003 3730/986/3002
f 3732/988/3004 3730/986/3002 3731/987/3003
f 3731/987/3003 3733/989/3005 3732/988/3004
f 3734/990/3006 3732/988/3004 3733/989/3005
f 3733/989/3005 3735/991/3007 3734/990/3006
f 3736/992/3008 3734/990/3006 3735/991/3007
f 3735/991/3007 3737/993/3009 3736/992/3008
f 3738/994/3010 3736/992/3008 3737/993/3009
f 3737/993/3009 3739/995/3011 3738/994/3010
f 3740/996/3012 3738/994/3010 3739/995/3011
f 3739/995/3011 3741/997/3013 3740/996/3012
f 3742/998/3014 3740/996/3012 3741/997/3013
f 3741/997/3013 3743/999/3015 3742/998/3014
f 3744/1000/3016 3742/998/3014 3743/999/3015
f 3743/999/3015 3745/1001/3017 3744/1000/3016
f 3746/1002/3018 3744/1000/3016 3745/1001/3017
f 3747/1003/3019 3746/1002/3018 3745/1001/3017
f 3745/1001/3017 3748/1004/3020 3747/1003/3019
f 3749/1005/3021 3750/1006/3022 3751/1007/3023
f 3752/1008/3024 3749/1005/3021 3751/1007/3023
f 3753/1009/3025 3752/1008/3024 3751/1007/3023
f 3754/1010/3026 3755/1011/3027 3756/1012/3028
f 3756/1012/3028 3757/1013/3029 3754/1010/3026
f 3758/1014/3030 3754/1010/3026 3757/1013/3029
f 3757/1013/3029 3759/1015/3031 3758/1014/3030
f 3760/1016/3032 3758/1014/3030 3759/1015/3031
f 3759/1015/3031 3761/1017/3033 3760/1016/3032
f 3762/1018/3034 3760/1016/3032 3761/1017/3033
f 3761/1017/3033 3763/1019/3035 3762/1018/3034
f 3764/1020/3036 3762/1018/3034 3763/1019/3035
f 3763/1019/3035 3765/1021/3037 3764/1020/3036
f 3766/1022/3038 3764/1020/3036 3765/1021/3037
f 3765/1021/3037 3767/1023/3039 3766/1022/3038
f 3768/1024/3040 3766/1022/3038 3767/1023/3039
f 3767/1023/3039 3769/1025/3041 3768/1024/3040
f 3770/1026/3042 3768/1024/3040 3769/1025/3041
f 3769/1025/3041 3771/1027/3043 3770/1026/3042
f 3772/1028/3044 3770/1026/3042 3771/1027/3043
f 3771/1027/3043 3773/1029/3045 3772/1028/3044
f 3774/1030/3046 3772/1028/3044 3773/1029/3045
f 3773/1029/3045 3775/1031/3047 3774/1030/3046
f 3776/1032/3048 3774/1030/3046 3775/1031/3047
f 3775/1031/3047 3777/1033/3049 3776/1032/3048
f 3778/1034/3050 3776/1032/3048 3777/1033/3049
f 3777/1033/3049 3779/1035/3051 3778/1034/3050
f 3778/1034/3050 3779/1035/3051 3780/1036/3052
f 3780/1036/3052 3781/1037/3053 3778/1034/3050
f 3782/1038/3054 3783/1039/3055 3784/1040/3056
f 3785/1041/3057 3783/1039/3055 3782/1038/3054
f 3782/1038/3054 3786/1042/3058 3785/1041/3057
f 3787/1043/3059 3785/1041/3057 3786/1042/3058
f 3786/1042/3058 3788/1044/3060 3787/1043/3059
f 3789/1045/3061 3787/1043/3059 3788/1044/3060
f 3788/1044/3060 3790/1046/3062 3789/1045/3061
f 3791/1047/3063 3789/1045/3061 3790/1046/3062
f 3790/1046/3062 3792/1048/3064 3791/1047/3063
f 3793/1049/3065 3791/1047/3063 3792/1048/3064
f 3792/1048/3064 3794/1050/3066 3793/1049/3065
f 3795/1051/3067 3793/1049/3065 3794/1050/3066
f 3794/1050/3066 3796/1052/3068 3795/1051/3067
f 3797/1053/3069 3795/1051/3067 3796/1052/3068
f 3796/1052/3068 3798/1054/3070 3797/1053/3069
f 3799/1055/3071 3797/1053/3069 3798/1054/3070
f 3798/1054/3070 3800/1056/3072 3799/1055/3071
f 3801/1057/3073 3799/1055/3071 3800/1056/3072
f 3800/1056/3072 3802/1058/3074 3801/1057/3073
f 3803/1059/3075 3801/1057/3073 3802/1058/3074
f 3802/1058/3074 3804/1060/3076 3803/1059/3075
f 3805/1061/3077 3803/1059/3075 3804/1060/3076
f 3804/1060/3076 3806/1062/3078 3805/1061/3077
f 3807/1063/3079 3805/1061/3077 3806/1062/3078
f 3806/1062/3078 3808/1064/3080 3807/1063/3079
f 3809/1065/3081 3807/1063/3079 3808/1064/3080
f 3808/1064/3080 3810/1066/3082 3809/1065/3081
f 3811/1067/3083 3809/1065/3081 3810/1066/3082
f 3810/1066/3082 3812/1068/3084 3811/1067/3083
f 3813/1069/3085 3811/1067/3083 3812/1068/3084
f 3812/1068/3084 3814/1070/3086 3813/1069/3085
f 3815/1071/3087 3813/1069/3085 3814/1070/3086
f 3814/1070/3086 3816/1072/3088 3815/1071/3087
f 3817/1073/3089 3815/1071/3087 3816/1072/3088
f 3816/1072/3088 3818/1074/3090 3817/1073/3089
f 3819/1075/3091 3817/1073/3089 3818/1074/3090
f 3818/1074/3090 3820/1076/3092 3819/1075/3091
f 3821/1077/3093 3819/1075/3091 3820/1076/3092
f 3820/1076/3092 3822/1078/3094 3821/1077/3093
f 3823/1079/3095 3821/1077/3093 3822/1078/3094
f 3822/1078/3094 3824/1080/3096 3823/1079/3095
f 3825/1081/3097 3823/1079/3095 3824/1080/3096
f 3824/1080/3096 3826/1082/3098 3825/1081/3097
f 3827/1083/3099 3825/1081/3097 3826/1082/3098
f 3826/1082/3098 3828/1084/3100 3827/1083/3099
f 3829/1085/3101 3827/1083/3099 3828/1084/3100
f 3828/1084/3100 3830/1086/3102 3829/1085/3101
f 3831/1087/3103 3829/1085/3101 3830/1086/3102
f 3830/1086/3102 3832/1088/3104 3831/1087/3103
f 3833/86/3105 3831/1087/3103 3832/1088/3104
f 3832/1088/3104 3834/1089/3106 3833/86/3105
f 3835/87/3107 3833/86/3105 3834/1089/3106
f 3836/903/3108 3837/902/3109 3838/1090/3110
f 3838/1090/3110 3839/910/3111 3836/903/3108
f 3839/910/3111 3838/1090/3110 3840/1091/3112
f 3840/1091/3112 3841/914/3113 3839/910/3111
f 3841/914/3113 3840/1091/3112 3842/1092/3114
f 3842/1092/3114 3843/918/3115 3841/914/3113
f 3843/918/3115 3842/1092/3114 3844/1093/3116
f 3844/1093/3116 3845/922/3117 3843/918/3115
f 3845/922/3117 3844/1093/3116 3846/1094/3118
f 3846/1094/3118 3847/926/3119 3845/922/3117
f 3847/926/3119 3846/1094/3118 3848/1095/3120
f 3848/1095/3120 3849/930/3121 3847/926/3119
f 3849/930/3121 3848/1095/3120 3850/1096/3122
f 3850/1096/3122 3851/934/3123 3849/930/3121
f 3851/934/3123 3850/1096/3122 3852/1097/3124
f 3852/1097/3124 3853/938/3125 3851/934/3123
f 3853/938/3125 3852/1097/3124 3854/1098/3126
f 3854/1098/3126 3855/942/3127 3853/938/3125
f 3855/942/3127 3854/1098/3126 3856/39/3128
f 3856/39/3128 3857/38/3129 3855/942/3127
f 3858/267/3130 3859/266/3131 3860/1099/3132
f 3860/1099/3132 3861/1100/3133 3858/267/3130
f 3861/1100/3133 3860/1099/3132 3862/1101/3134
f 3862/1101/3134 3863/1102/3135 3861/1100/3133
f 3864/1102/3136 3865/1101/3137 3866/1103/3138
f 3866/1103/3138 3867/1104/3139 3864/1102/3136
f 3867/1104/3139 3866/1103/3138 3868/273/3140
f 3868/273/3140 3869/272/3141 3867/1104/3139
f 3870/285/3142 3871/284/3143 3872/1105/3144
f 3872/1105/3144 3873/1106/3145 3870/285/3142
f 3873/1106/3145 3872/1105/3144 3874/1107/3146
f 3874/1107/3146 3875/1108/3147 3873/1106/3145
f 3876/1109/3148 3877/1110/3149 3878/1111/3150
f 3878/1111/3150 3879/1112/3151 3876/1109/3148
f 3879/1112/3151 3878/1111/3150 3880/1113/3152
f 3880/1113/3152 3881/42/3153 3879/1112/3151
f 3881/42/3153 3880/1113/3152 3882/40/3154
f 3883/44/3155 3884/1114/3156 3885/43/3157
f 3884/1114/3156 3886/1115/3158 3885/43/3157
f 3886/1115/3158 3884/1114/3156 3887/1116/3159
f 3887/1116/3159 3888/1117/3160 3886/1115/3158
f 3888/1117/3160 3887/1116/3159 3889/1118/3161
f 3889/1118/3161 3890/1119/3162 3888/1117/3160
f 3890/1119/3162 3889/1118/3161 3891/1120/3163
f 3891/1120/3163 3892/1121/3164 3890/1119/3162
f 3893/1122/3165 3894/1123/3166 3895/1124/3167
f 3895/1124/3167 3896/1125/3168 3893/1122/3165
f 3897/1126/3169 3893/1122/3165 3896/1125/3168
f 3896/1125/3168 3898/1127/3170 3897/1126/3169
f 3899/1128/3171 3897/1126/3169 3898/1127/3170
f 3898/1127/3170 3900/1129/3172 3899/1128/3171
f 3901/1130/3173 3899/1128/3171 3900/1129/3172
f 3900/1129/3172 3902/1131/3174 3901/1130/3173
f 3903/1132/3175 3904/1133/3176 3905/1134/3177
f 3905/1134/3177 3906/1135/3178 3903/1132/3175
f 3907/1136/3179 3903/1132/3175 3906/1135/3178
f 3906/1135/3178 3908/1137/3180 3907/1136/3179
f 3909/1138/3181 3907/1136/3179 3908/1137/3180
f 3908/1137/3180 3910/1139/3182 3909/1138/3181
f 3911/1140/3183 3909/1138/3181 3910/1139/3182
f 3910/1139/3182 3912/1141/3184 3911/1140/3183
f 3913/1142/3185 3911/1140/3183 3912/1141/3184
f 3912/1141/3184 3914/1143/3186 3913/1142/3185
f 3915/1144/3187 3913/1142/3185 3914/1143/3186
f 3914/1143/3186 3916/1145/3188 3915/1144/3187
f 3917/1146/3189 3915/1144/3187 3916/1145/3188
f 3916/1145/3188 3918/1147/3190 3917/1146/3189
f 3919/1148/3191 3917/1146/3189 3918/1147/3190
f 3918/1147/3190 3920/1149/3191 3919/1148/3191
f 3919/1148/3191 3920/1149/3191 3921/1147/3192
f 3921/1147/3192 3922/1146/3193 3919/1148/3191
f 3922/1146/3193 3921/1147/3192 3923/1145/3194
f 3923/1145/3194 3924/1144/3195 3922/1146/3193
f 3924/1144/3195 3923/1145/3194 3925/1143/3196
f 3925/1143/3196 3926/1142/3197 3924/1144/3195
f 3926/1142/3197 3925/1143/3196 3927/1141/3198
f 3927/1141/3198 3928/1140/3199 3926/1142/3197
f 3928/1140/3199 3927/1141/3198 3929/1139/3200
f 3929/1139/3200 3930/1138/3201 3928/1140/3199
f 3930/1138/3201 3929/1139/3200 3931/1137/3202
f 3931/1137/3202 3932/1136/3203 3930/1138/3201
f 3932/1136/3203 3931/1137/3202 3933/1135/3204
f 3933/1135/3204 3934/1132/3205 3932/1136/3203
f 3934/1132/3205 3933/1135/3204 3935/1134/3206
f 3935/1134/3206 3936/1133/3207 3934/1132/3205
f 3937/591/3208 3938/590/3209 3939/1150/3210
f 3937/591/3208 3939/1150/3210 3940/1151/3211
f 3940/1151/3211 3941/1152/3212 3937/591/3208
f 3942/1153/3213 3941/1152/3212 3940/1151/3211
f 3940/1151/3211 3943/1151/3214 3942/1153/3213
f 3942/1153/3213 3943/1151/3214 3944/1110/3215
f 3944/1110/3215 3945/1109/3216 3942/1153/3213
f 3946/1154/3217 3947/1155/3218 3948/1156/3219
f 3948/1156/3219 3949/1157/3220 3946/1154/3217
f 3949/1157/3220 3948/1156/3219 3950/1158/3221
f 3950/1158/3221 3951/1159/3222 3949/1157/3220
f 3952/1160/3223 3951/1159/3222 3950/1158/3221
f 3950/1158/3221 3953/1161/3224 3952/1160/3223
f 3954/1162/3225 3955/1163/3226 3956/1164/3227
f 3956/1164/3227 3955/1163/3226 3957/1165/3228
f 3957/1165/3228 3958/1166/3229 3956/1164/3227
f 3958/1166/3229 3957/1165/3228 3959/1167/3230
f 3959/1167/3230 3960/1168/3231 3958/1166/3229
f 3960/1168/3231 3959/1167/3230 3961/1169/3232
f 3961/1169/3232 3962/1170/3233 3960/1168/3231
f 3963/1170/3234 3964/1169/3235 3965/1171/3236
f 3965/1171/3236 3966/1172/3237 3963/1170/3234
f 3966/1172/3237 3965/1171/3236 3967/1173/3238
f 3967/1173/3238 3968/1174/3239 3966/1172/3237
f 3968/1174/3239 3967/1173/3238 3969/1175/3240
f 3969/1175/3240 3970/1176/3241 3968/1174/3239
f 3970/1176/3241 3969/1175/3240 3971/1177/3242
f 3971/1177/3242 3972/1178/3243 3970/1176/3241
f 3972/1178/3243 3971/1177/3242 3973/1179/3244
f 3973/1179/3244 3974/1180/3245 3972/1178/3243
f 3974/1180/3245 3973/1179/3244 3975/1181/3246
f 3975/1181/3246 3976/1182/3247 3974/1180/3245
f 3976/1182/3247 3975/1181/3246 3977/1183/3248
f 3977/1183/3248 3978/1184/3249 3976/1182/3247
f 3977/1183/3248 3979/1185/3250 3978/1184/3249
f 3979/1185/3250 3980/1186/3251 3978/1184/3249
f 3980/1186/3251 3979/1185/3250 3981/1187/3252
f 3980/1186/3251 3982/1188/3253 3978/1184/3249
f 3981/1187/3252 3983/1189/3254 3980/1186/3251
f 3980/1186/3251 3984/1190/3255 3982/1188/3253
f 3983/1189/3254 3981/1187/3252 3985/1191/3256
f 3982/1188/3253 3984/1190/3255 3986/1192/3257
f 3985/1191/3256 3987/1193/3258 3983/1189/3254
f 3986/1192/3257 3988/1194/3259 3982/1188/3253
f 3987/1193/3258 3985/1191/3256 3989/1195/3260
f 3988/1194/3259 3986/1192/3257 3990/1196/3261
f 3989/1195/3260 3991/1197/3262 3987/1193/3258
f 3990/1196/3261 3992/1198/3263 3988/1194/3259
f 3991/1197/3262 3989/1195/3260 3993/1199/3264
f 3992/1198/3263 3990/1196/3261 3994/1200/3265
f 3993/1199/3264 3995/1201/3266 3991/1197/3262
f 3994/1200/3265 3996/1202/3267 3992/1198/3263
f 3997/1201/3268 3995/1201/3266 3993/1199/3264
f 3996/1202/3267 3994/1200/3265 3998/1203/3269
f 3993/1199/3264 3999/1199/3268 3997/1201/3268
f 3998/1203/3269 4000/1204/3270 3996/1202/3267
f 3997/1201/3268 3999/1199/3268 4001/1199/3271
f 4002/1204/3272 4000/1204/3270 3998/1203/3269
f 4001/1199/3271 4003/1201/3273 3997/1201/3268
f 3998/1203/3269 4004/1203/3274 4002/1204/3272
f 4005/1197/3275 4003/1201/3273 4001/1199/3271
f 4002/1204/3272 4004/1203/3274 4006/1203/3276
f 4001/1199/3271 4007/1195/3277 4005/1197/3275
f 4006/1203/3276 4008/1204/3278 4002/1204/3272
f 4009/1193/3279 4005/1197/3275 4007/1195/3277
f 4010/1202/3280 4008/1204/3278 4006/1203/3276
f 4007/1195/3277 4011/1191/3281 4009/1193/3279
f 4006/1203/3276 4012/1200/3282 4010/1202/3280
f 4013/1189/3283 4009/1193/3279 4011/1191/3281
f 4014/1198/3284 4010/1202/3280 4012/1200/3282
f 4011/1191/3281 4015/1187/3285 4013/1189/3283
f 4012/1200/3282 4016/1196/3286 4014/1198/3284
f 4017/1186/3287 4013/1189/3283 4015/1187/3285
f 4018/1194/3288 4014/1198/3284 4016/1196/3286
f 4016/1196/3286 4019/1192/3289 4018/1194/3288
f 4015/1187/3285 4020/1185/3290 4017/1186/3287
f 4021/1188/3291 4018/1194/3288 4019/1192/3289
f 4019/1192/3289 4022/1190/3292 4021/1188/3291
f 4021/1188/3291 4022/1190/3292 4017/1186/3287
f 4021/1188/3291 4017/1186/3287 4023/1184/3293
f 4017/1186/3287 4020/1185/3290 4023/1184/3293
f 4020/1185/3290 4024/1183/3294 4023/1184/3293
f 4025/1182/3295 4023/1184/3293 4024/1183/3294
f 4024/1183/3294 4026/1181/3296 4025/1182/3295
f 4027/1180/3297 4025/1182/3295 4026/1181/3296
f 4026/1181/3296 4028/1179/3298 4027/1180/3297
f 4029/1178/3299 4027/1180/3297 4028/1179/3298
f 4028/1179/3298 4030/1177/3300 4029/1178/3299
f 4031/1176/3301 4029/1178/3299 4030/1177/3300
f 4030/1177/3300 4032/1175/3302 4031/1176/3301
f 4033/1174/3303 4031/1176/3301 4032/1175/3302
f 4032/1175/3302 4034/1173/3304 4033/1174/3303
f 4035/1172/3305 4033/1174/3303 4034/1173/3304
f 4034/1173/3304 4036/1171/3306 4035/1172/3305
f 4037/1170/3307 4035/1172/3305 4036/1171/3306
f 4036/1171/3306 4038/1169/3308 4037/1170/3307
f 4039/1205/3309 4040/1206/3310 4041/1207/3311
f 4041/1207/3311 4042/1208/3312 4039/1205/3309
f 4043/1209/3313 4041/1207/3311 4044/1206/3314
f 4044/1206/3314 4045/1210/3315 4043/1209/3313
f 4046/48/3316 4043/1209/3313 4045/1210/3315
f 4045/1210/3315 4047/45/3316 4046/48/3316
f 4048/1211/3317 4049/1212/3318 4050/1213/3319
f 4050/1213/3319 4051/1214/3320 4048/1211/3317
f 4052/1215/3321 4048/1211/3317 4051/1214/3320
f 4051/1214/3320 4053/1216/3322 4052/1215/3321
f 4054/1217/3323 4052/1215/3321 4053/1216/3322
f 4053/1216/3322 4055/1218/3324 4054/1217/3323
f 4056/1219/3325 4054/1217/3323 4055/1218/3324
f 4055/1218/3324 4057/1220/3326 4056/1219/3325
f 4056/1219/3325 4057/1220/3326 4058/1221/3327
f 4058/1221/3327 4059/1222/3328 4056/1219/3325
f 4060/1223/3329 4059/1222/3328 4058/1221/3327
f 4058/1221/3327 4061/1224/3330 4060/1223/3329
f 4062/1225/3331 4060/1223/3329 4061/1224/3330
f 4061/1224/3330 4063/1226/3332 4062/1225/3331
f 4064/1227/3333 4062/1225/3331 4063/1226/3332
f 4063/1226/3332 4065/1228/3334 4064/1227/3333
f 4066/1229/3335 4064/1227/3333 4065/1228/3334
f 4065/1228/3334 4067/1230/3336 4066/1229/3335
f 4068/1231/3337 4066/1229/3335 4067/1230/3336
f 4067/1230/3336 4069/1232/3338 4068/1231/3337
f 4070/1233/3339 4068/1231/3337 4069/1232/3338
f 4069/1232/3338 4071/1234/3340 4070/1233/3339
f 4072/1235/3341 4070/1233/3339 4071/1234/3340
f 4071/1234/3340 4073/1236/3342 4072/1235/3341
f 4074/1237/3343 4072/1235/3341 4073/1236/3342
f 4073/1236/3342 4075/1238/3344 4074/1237/3343
f 4076/1239/3345 4074/1237/3343 4075/1238/3344
f 4075/1238/3344 4077/1240/3346 4076/1239/3345
f 4078/1241/3347 4076/1239/3345 4077/1240/3346
f 4077/1240/3346 4079/1242/3348 4078/1241/3347
f 4080/1243/3349 4078/1241/3347 4079/1242/3348
f 4079/1242/3348 4081/1244/3350 4080/1243/3349
f 4082/1245/3351 4080/1243/3349 4081/1244/3350
f 4081/1244/3350 4083/1246/3352 4082/1245/3351
f 4082/1245/3351 4083/1246/3352 4084/1244/3353
f 4084/1244/3353 4085/1243/3354 4082/1245/3351
f 4085/1243/3354 4084/1244/3353 4086/1242/3355
f 4086/1242/3355 4087/1241/3356 4085/1243/3354
f 4087/1241/3356 4086/1242/3355 4088/1240/3357
f 4088/1240/3357 4089/1239/3358 4087/1241/3356
f 4089/1239/3358 4088/1240/3357 4090/1238/3359
f 4090/1238/3359 4091/1237/3360 4089/1239/3358
f 4091/1237/3360 4090/1238/3359 4092/1236/3361
f 4092/1236/3361 4093/1235/3362 4091/1237/3360
f 4093/1235/3362 4092/1236/3361 4094/1234/3363
f 4094/1234/3363 4095/1233/3364 4093/1235/3362
f 4095/1233/3364 4094/1234/3363 4096/1232/3365
f 4096/1232/3365 4097/1231/3366 4095/1233/3364
f 4097/1231/3366 4096/1232/3365 4098/1230/3367
f 4098/1230/3367 4099/1229/3368 4097/1231/3366
f 4099/1229/3368 4098/1230/3367 4100/1228/3369
f 4100/1228/3369 4101/1227/3370 4099/1229/3368
f 4101/1227/3370 4100/1228/3369 4102/1226/3371
f 4102/1226/3371 4103/1225/3372 4101/1227/3370
f 4103/1225/3372 4102/1226/3371 4104/1224/3373
f 4104/1224/3373 4105/1223/3374 4103/1225/3372
f 4105/1223/3374 4104/1224/3373 4106/1221/3375
f 4106/1221/3375 4107/1222/3376 4105/1223/3374
f 4108/1219/3377 4107/1222/3376 4106/1221/3375
f 4106/1221/3375 4109/1220/3378 4108/1219/3377
f 4108/1219/3377 4109/1220/3378 4110/1218/3379
f 4110/1218/3379 4111/1217/3380 4108/1219/3377
f 4111/1217/3380 4110/1218/3379 4112/1216/3381
f 4112/1216/3381 4113/1215/3382 4111/1217/3380
f 4113/1215/3382 4112/1216/3381 4114/1214/3383
f 4114/1214/3383 4115/1211/3384 4113/1215/3382
f 4115/1211/3384 4114/1214/3383 4116/1213/3385
f 4116/1213/3385 4117/1212/3386 4115/1211/3384
f 4118/1247/3387 4119/1248/3388 4120/1249/3389
f 4120/1249/3389 4121/1250/3390 4118/1247/3387
f 4122/1251/3391 4118/1247/3387 4121/1250/3390
f 4121/1250/3390 4123/1252/3392 4122/1251/3391
f 4124/1253/3393 4122/1251/3391 4123/1252/3392
f 4123/1252/3392 4125/1254/3394 4124/1253/3393
f 4126/1255/3395 4124/1253/3393 4125/1254/3394
f 4125/1254/3394 4127/1256/3396 4126/1255/3395
f 4128/1257/3397 4126/1255/3395 4127/1256/3396
f 4127/1256/3396 4129/1256/3397 4128/1257/3397
f 4128/1257/3397 4129/1256/3397 4130/1256/3398
f 4130/1256/3398 4131/1255/3399 4128/1257/3397
f 4131/1255/3399 4130/1256/3398 4132/1254/3400
f 4132/1254/3400 4133/1253/3401 4131/1255/3399
f 4133/1253/3401 4132/1254/3400 4134/1252/3402
f 4134/1252/3402 4135/1251/3403 4133/1253/3401
f 4135/1251/3403 4134/1252/3402 4136/1250/3404
f 4136/1250/3404 4137/1247/3405 4135/1251/3403
f 4137/1247/3405 4136/1250/3404 4138/1249/3406
f 4138/1249/3406 4139/1248/3407 4137/1247/3405
f 4140/1258/3408 4141/1259/3408 4142/1260/3409
f 4142/1260/3409 4143/1261/3410 4140/1258/3408
f 4143/1261/3410 4142/1260/3409 4144/1262/3411
f 4144/1262/3411 4145/1263/3412 4143/1261/3410
f 4145/1263/3412 4144/1262/3411 4146/1264/3413
f 4146/1264/3413 4147/1265/3414 4145/1263/3412
f 4147/1265/3414 4146/1264/3413 4148/1266/3415
f 4148/1266/3415 4149/1267/3416 4147/1265/3414
f 4149/1267/3416 4148/1266/3415 4150/1268/3417
f 4150/1268/3417 4151/1269/3418 4149/1267/3416
f 4152/1267/3419 4151/1269/3418 4150/1268/3417
f 4150/1268/3417 4153/1266/3420 4152/1267/3419
f 4154/1265/3421 4152/1267/3419 4153/1266/3420
f 4153/1266/3420 4155/1264/3422 4154/1265/3421
f 4156/1263/3423 4154/1265/3421 4155/1264/3422
f 4155/1264/3422 4157/1262/3424 4156/1263/3423
f 4158/1261/3425 4156/1263/3423 4157/1262/3424
f 4157/1262/3424 4159/1260/3409 4158/1261/3425
f 4160/1258/3408 4158/1261/3425 4159/1260/3409
f 4159/1260/3409 4161/1259/3408 4160/1258/3408
f 4162/1259/3426 4163/1258/3426 4164/1270/3427
f 4164/1270/3427 4165/1271/3428 4162/1259/3426
f 4165/1271/3428 4164/1270/3427 4166/1272/3429
f 4166/1272/3429 4167/1273/3430 4165/1271/3428
f 4167/1273/3430 4166/1272/3429 4168/1274/3431
f 4168/1274/3431 4169/1275/3432 4167/1273/3430
f 4169/1275/3432 4168/1274/3431 4170/1276/3433
f 4170/1276/3433 4171/1277/3434 4169/1275/3432
f 4171/1277/3434 4170/1276/3433 4172/1278/3435
f 4172/1278/3435 4173/1279/3436 4171/1277/3434
f 4174/1280/3437 4173/1279/3436 4172/1278/3435
f 4172/1278/3435 4175/1281/3438 4174/1280/3437
f 4174/1280/3437 4175/1281/3438 4176/1278/3439
f 4176/1278/3439 4177/1279/3440 4174/1280/3437
f 4178/1277/3441 4177/1279/3440 4176/1278/3439
f 4176/1278/3439 4179/1276/3442 4178/1277/3441
f 4180/1275/3443 4178/1277/3441 4179/1276/3442
f 4179/1276/3442 4181/1274/3444 4180/1275/3443
f 4182/1273/3445 4180/1275/3443 4181/1274/3444
f 4181/1274/3444 4183/1272/3429 4182/1273/3445
f 4184/1271/3428 4182/1273/3445 4183/1272/3429
f 4183/1272/3429 4185/1270/3427 4184/1271/3428
f 4186/1259/3426 4184/1271/3428 4185/1270/3427
f 4185/1270/3427 4187/1258/3426 4186/1259/3426
f 4188/1282/3446 4189/1283/3447 4190/1284/3448
f 4188/1282/3446 4191/1285/3449 4189/1283/3447
f 4191/1285/3449 4192/1286/3450 4189/1283/3447
f 4193/1283/3451 4192/1286/3450 4191/1285/3449
f 4193/1283/3451 4191/1285/3449 4194/1282/3452
f 4193/1283/3451 4194/1282/3452 4195/1284/3453
f 4196/1287/3454 4197/1288/3455 4198/1289/3456
f 4198/1289/3456 4199/1290/3457 4196/1287/3454
f 4200/1291/3458 4196/1287/3454 4199/1290/3457
f 4199/1290/3457 4201/1292/3459 4200/1291/3458
f 4201/1292/3459 4202/1293/3460 4200/1291/3458
f 4202/1293/3460 4203/1294/3461 4200/1291/3458
f 4202/1293/3460 4204/1295/3462 4203/1294/3461
f 4204/1295/3462 4202/1293/3460 4205/1296/3463
f 4205/1296/3463 4206/1297/3464 4204/1295/3462
f 4207/1298/3465 4206/1297/3464 4205/1296/3463
f 4205/1296/3463 4208/1299/3466 4207/1298/3465
f 4207/1298/3465 4208/1299/3466 4209/1296/3467
f 4209/1296/3467 4210/1297/3468 4207/1298/3465
f 4211/1295/3469 4210/1297/3468 4209/1296/3467
f 4209/1296/3467 4212/1293/3470 4211/1295/3469
f 4213/1294/3471 4211/1295/3469 4212/1293/3470
f 4213/1294/3471 4212/1293/3470 4214/1291/3472
f 4212/1293/3470 4215/1292/3473 4214/1291/3472
f 4214/1291/3472 4215/1292/3473 4216/1290/3474
f 4216/1290/3474 4217/1287/3475 4214/1291/3472
f 4217/1287/3475 4216/1290/3474 4218/1289/3476
f 4218/1289/3476 4219/1288/3477 4217/1287/3475
f 4220/1300/3478 4221/1301/3479 4222/1302/3480
f 4222/1302/3480 4223/1303/3481 4220/1300/3478
f 4223/1303/3481 4222/1302/3480 4224/1304/3482
f 4224/1304/3482 4225/1305/3483 4223/1303/3481
f 4225/1305/3483 4224/1304/3482 4226/1306/3484
f 4226/1306/3484 4227/1307/3485 4225/1305/3483
f 4227/1307/3485 4226/1306/3484 4228/1308/3486
f 4228/1308/3486 4229/1309/3487 4227/1307/3485
f 4229/1309/3487 4228/1308/3486 4230/1310/3488
f 4230/1310/3488 4231/1311/3489 4229/1309/3487
f 4231/1311/3489 4230/1310/3488 4232/1312/3490
f 4232/1312/3490 4233/1313/3491 4231/1311/3489
f 4233/1313/3491 4232/1312/3490 4234/1314/3492
f 4234/1314/3492 4235/1315/3493 4233/1313/3491
f 4235/1315/3493 4234/1314/3492 4236/1316/3494
f 4236/1316/3494 4237/1317/3495 4235/1315/3493
f 4237/1317/3495 4236/1316/3494 4238/1318/3496
f 4238/1318/3496 4239/1319/3497 4237/1317/3495
f 4239/1319/3497 4238/1318/3496 4240/1320/3498
f 4240/1320/3498 4241/1321/3499 4239/1319/3497
f 4242/1322/3500 4243/1323/3501 4244/1324/3502
f 4244/1324/3502 4245/1325/3503 4242/1322/3500
f 4245/1325/3503 4244/1324/3502 4246/1326/3504
f 4246/1326/3504 4247/1327/3505 4245/1325/3503
f 4247/1327/3505 4246/1326/3504 4248/1328/3506
f 4248/1328/3506 4249/1329/3507 4247/1327/3505
f 4249/1329/3507 4248/1328/3506 4250/1330/3508
f 4250/1330/3508 4251/1331/3509 4249/1329/3507
f 4251/1331/3509 4250/1330/3508 4252/1332/3510
f 4252/1332/3510 4253/1333/3511 4251/1331/3509
f 4254/1334/3512 4255/1335/3513 4256/1336/3514
f 4256/1336/3514 4257/1337/3515 4254/1334/3512
f 4257/1337/3515 4256/1336/3514 4258/1338/3516
f 4258/1338/3516 4259/1339/3517 4257/1337/3515
f 4259/1339/3517 4258/1338/3516 4260/1340/3518
f 4260/1340/3518 4261/1341/3519 4259/1339/3517
f 4261/1341/3519 4260/1340/3518 4262/1342/3520
f 4262/1342/3520 4263/1343/3521 4261/1341/3519
f 4263/1343/3521 4262/1342/3520 4264/1344/3522
f 4264/1344/3522 4265/1345/3523 4263/1343/3521
f 4266/1346/3524 4267/1300/3525 4268/1303/3526
f 4268/1303/3526 4269/1347/3527 4266/1346/3524
f 4269/1347/3527 4268/1303/3526 4270/1305/3528
f 4270/1305/3528 4271/1348/3529 4269/1347/3527
f 4271/1348/3529 4270/1305/3528 4272/1307/3530
f 4272/1307/3530 4273/1349/3531 4271/1348/3529
f 4273/1349/3531 4272/1307/3530 4274/1309/3532
f 4274/1309/3532 4275/1350/3533 4273/1349/3531
f 4275/1350/3533 4274/1309/3532 4276/1311/3534
f 4276/1311/3534 4277/1351/3535 4275/1350/3533
f 4277/1351/3535 4276/1311/3534 4278/1313/3536
f 4278/1313/3536 4279/1352/3537 4277/1351/3535
f 4279/1352/3537 4278/1313/3536 4280/1315/3538
f 4280/1315/3538 4281/1353/3539 4279/1352/3537
f 4281/1353/3539 4280/1315/3538 4282/1317/3540
f 4282/1317/3540 4283/1354/3541 4281/1353/3539
f 4283/1354/3541 4282/1317/3540 4284/1319/3542
f 4284/1319/3542 4285/1355/3543 4283/1354/3541
f 4285/1355/3543 4284/1319/3542 4286/1321/3544
f 4286/1321/3544 4287/1356/3545 4285/1355/3543
f 4288/1323/3546 4289/1357/3547 4290/1358/3548
f 4290/1358/3548 4291/1324/3549 4288/1323/3546
f 4291/1324/3549 4290/1358/3548 4292/1359/3550
f 4292/1359/3550 4293/1326/3551 4291/1324/3549
f 4293/1326/3551 4292/1359/3550 4294/1360/3552
f 4294/1360/3552 4295/1328/3553 4293/1326/3551
f 4295/1328/3553 4294/1360/3552 4296/1361/3554
f 4296/1361/3554 4297/1330/3555 4295/1328/3553
f 4297/1330/3555 4296/1361/3554 4298/1362/3556
f 4298/1362/3556 4299/1332/3557 4297/1330/3555
f 4300/1335/3558 4301/1363/3559 4302/1364/3560
f 4302/1364/3560 4303/1336/3561 4300/1335/3558
f 4303/1336/3561 4302/1364/3560 4304/1365/3562
f 4304/1365/3562 4305/1338/3563 4303/1336/3561
f 4305/1338/3563 4304/1365/3562 4306/1366/3564
f 4306/1366/3564 4307/1340/3565 4305/1338/3563
f 4307/1340/3565 4306/1366/3564 4308/1367/3566
f 4308/1367/3566 4309/1342/3567 4307/1340/3565
f 4309/1342/3567 4308/1367/3566 4310/1368/3568
f 4310/1368/3568 4311/1344/3569 4309/1342/3567
f 4312/1369/3570 4313/1370/3571 4314/1371/3572
f 4314/1371/3572 4315/1372/3573 4312/1369/3570
f 4315/1372/3573 4314/1371/3572 4316/1373/3574
f 4316/1373/3574 4317/1374/3575 4315/1372/3573
f 4317/1374/3575 4316/1373/3574 4318/1375/3576
f 4318/1375/3576 4319/1376/3577 4317/1374/3575
f 4319/1376/3577 4318/1375/3576 4320/1377/3578
f 4320/1377/3578 4321/1378/3579 4319/1376/3577
f 4321/1378/3579 4320/1377/3578 4322/1379/3580
f 4322/1379/3580 4323/1380/3581 4321/1378/3579
f 4323/1380/3581 4322/1379/3580 4324/1381/3582
f 4324/1381/3582 4325/1382/3583 4323/1380/3581
f 4325/1382/3583 4324/1381/3582 4326/1383/3584
f 4326/1383/3584 4327/1384/3585 4325/1382/3583
f 4327/1384/3585 4326/1383/3584 4328/1385/3586
f 4328/1385/3586 4329/1386/3587 4327/1384/3585
f 4329/1386/3587 4328/1385/3586 4330/1387/3588
f 4330/1387/3588 4331/1388/3589 4329/1386/3587
f 4331/1388/3589 4330/1387/3588 4332/1389/3590
f 4332/1389/3590 4333/1390/3591 4331/1388/3589
f 4333/1390/3591 4332/1389/3590 4334/1391/3592
f 4334/1391/3592 4335/1392/3593 4333/1390/3591
f 4335/1392/3593 4334/1391/3592 4336/1393/3594
f 4336/1393/3594 4337/1394/3595 4335/1392/3593
f 4337/1394/3595 4336/1393/3594 4338/1395/3596
f 4338/1395/3596 4339/1396/3597 4337/1394/3595
f 4339/1396/3597 4338/1395/3596 4340/1397/3598
f 4340/1397/3598 4341/1398/3599 4339/1396/3597
f 4341/1398/3599 4340/1397/3598 4342/1399/3600
f 4342/1399/3600 4343/1400/3601 4341/1398/3599
f 4343/1400/3601 4342/1399/3600 4344/1401/3602
f 4344/1401/3602 4345/1402/3603 4343/1400/3601
f 4345/1402/3603 4344/1401/3602 4346/1403/3604
f 4346/1403/3604 4347/1404/3605 4345/1402/3603
f 4347/1404/3605 4346/1403/3604 4348/1405/3606
f 4348/1405/3606 4349/1406/3607 4347/1404/3605
f 4349/1406/3607 4348/1405/3606 4350/1407/3608
f 4350/1407/3608 4351/1408/3609 4349/1406/3607
f 4351/1408/3609 4350/1407/3608 4352/1409/3610
f 4352/1409/3610 4353/1410/3611 4351/1408/3609
f 4353/1410/3611 4352/1409/3610 4354/1411/3612
f 4354/1411/3612 4355/1412/3613 4353/1410/3611
f 4355/1412/3613 4354/1411/3612 4356/1413/3614
f 4356/1413/3614 4357/1414/3615 4355/1412/3613
f 4358/1415/3616 4359/1416/3617 4360/1417/3618
f 4360/1417/3618 4361/1418/3619 4358/1415/3616
f 4361/1418/3619 4360/1417/3618 4362/1419/3620
f 4362/1419/3620 4363/1420/3621 4361/1418/3619
f 4363/1420/3621 4362/1419/3620 4364/1421/3622
f 4364/1421/3622 4365/1422/3623 4363/1420/3621
f 4365/1422/3623 4364/1421/3622 4366/1423/3624
f 4366/1423/3624 4367/1424/3625 4365/1422/3623
f 4367/1424/3625 4366/1423/3624 4368/1425/3626
f 4368/1425/3626 4369/1426/3627 4367/1424/3625
f 4369/1426/3627 4368/1425/3626 4370/1427/3628
f 4370/1427/3628 4371/1428/3629 4369/1426/3627
f 4371/1428/3629 4370/1427/3628 4372/1429/3630
f 4372/1429/3630 4373/1430/3631 4371/1428/3629
f 4373/1430/3631 4372/1429/3630 4374/1431/3632
f 4374/1431/3632 4375/1432/3633 4373/1430/3631
f 4375/1432/3633 4374/1431/3632 4376/1433/3634
f 4376/1433/3634 4377/1434/3635 4375/1432/3633
f 4377/1434/3635 4376/1433/3634 4378/1435/3636
f 4378/1435/3636 4379/1436/3637 4377/1434/3635
f 4379/1436/3637 4378/1435/3636 4380/1437/3638
f 4380/1437/3638 4381/1438/3639 4379/1436/3637
f 4381/1438/3639 4380/1437/3638 4382/1439/3640
f 4382/1439/3640 4383/1440/3641 4381/1438/3639
f 4383/1440/3641 4382/1439/3640 4384/1441/3642
f 4384/1441/3642 4385/1442/3643 4383/1440/3641
f 4385/1442/3643 4384/1441/3642 4386/1443/3644
f 4386/1443/3644 4387/1444/3645 4385/1442/3643
f 4387/1444/3645 4386/1443/3644 4388/1445/3646
f 4388/1445/3646 4389/1446/3647 4387/1444/3645
f 4389/1446/3647 4388/1445/3646 4390/1447/3648
f 4390/1447/3648 4391/1448/3649 4389/1446/3647
f 4391/1448/3649 4390/1447/3648 4392/1449/3650
f 4392/1449/3650 4393/1450/3651 4391/1448/3649
f 4393/1450/3651 4392/1449/3650 4394/1451/3652
f 4394/1451/3652 4395/1452/3653 4393/1450/3651
f 4395/1452/3653 4394/1451/3652 4396/1453/3654
f 4396/1453/3654 4397/1454/3655 4395/1452/3653
f 4397/1454/3655 4396/1453/3654 4398/1455/3656
f 4398/1455/3656 4399/1456/3657 4397/1454/3655
f 4399/1456/3657 4398/1455/3656 4400/1457/3658
f 4400/1457/3658 4401/1458/3659 4399/1456/3657
f 4401/1458/3659 4400/1457/3658 4402/1459/3660
f 4402/1459/3660 4403/1460/3661 4401/1458/3659
f 4404/1461/3662 4405/1462/3663 4406/1463/3664
f 4406/1463/3664 4407/1464/3665 4404/1461/3662
f 4408/1465/3666 4404/1461/3662 4407/1464/3665
f 4407/1464/3665 4409/1466/3667 4408/1465/3666
f 4408/1465/3666 4409/1466/3667 4410/1467/3668
f 4410/1467/3668 4411/1468/3669 4408/1465/3666
f 4412/1469/3670 4411/1468/3669 4410/1467/3668
f 4410/1467/3668 4413/1470/3671 4412/1469/3670
f 4414/1471/3672 4412/1469/3670 4413/1470/3671
f 4413/1470/3671 4415/1472/3672 4414/1471/3672
f 4416/341/3673 4417/341/3674 4418/1473/3675
f 4418/1473/3675 4419/1473/3676 4416/341/3673
f 4419/1473/3676 4418/1473/3675 4420/348/3677
f 4420/348/3677 4421/348/3678 4419/1473/3676
f 4422/339/3679 4423/339/3680 4424/1474/3681
f 4424/1474/3681 4425/1474/3682 4422/339/3679
f 4425/1474/3682 4424/1474/3681 4426/343/3683
f 4426/343/3683 4427/343/3684 4425/1474/3682
f 4428/342/3685 4429/342/3686 4430/1475/3687
f 4430/1475/3687 4431/1475/3688 4428/342/3685
f 4431/1475/3688 4430/1475/3687 4432/347/3689
f 4432/347/3689 4433/1476/3690 4431/1475/3688
f 4434/345/3691 4435/344/3692 4436/1477/3693
f 4436/1477/3693 4437/1477/3694 4434/345/3691
f 4437/1477/3694 4436/1477/3693 4438/349/3695
f 4438/349/3695 4439/349/3696 4437/1477/3694
f 4440/1478/3697 4441/1479/3698 4442/1480/3699
f 4442/1480/3699 4443/1481/3700 4440/1478/3697
f 4443/1481/3700 4442/1480/3699 4444/1482/3701
f 4444/1482/3701 4445/1483/3702 4443/1481/3700
f 4445/1483/3702 4444/1482/3701 4446/1484/3703
f 4446/1484/3703 4447/1485/3704 4445/1483/3702
f 4447/1485/3704 4446/1484/3703 4448/1486/3705
f 4448/1486/3705 4449/1487/3706 4447/1485/3704
f 4449/1487/3706 4448/1486/3705 4450/1488/3707
f 4450/1488/3707 4451/1489/3708 4449/1487/3706
f 4452/1490/3709 4453/1491/3710 4454/1492/3711
f 4455/1493/3712 4454/1492/3711 4453/1491/3710
f 4453/1491/3710 4456/1494/3713 4455/1493/3712
f 4457/1495/3714 4458/1496/3715 4459/1497/3716
f 4459/1497/3716 4460/1498/3717 4457/1495/3714
f 4461/1499/3718 4457/1495/3714 4460/1498/3717
f 4460/1498/3717 4462/1500/3719 4461/1499/3718
f 4463/1501/3720 4461/1499/3718 4462/1500/3719
f 4462/1500/3719 4464/1502/3721 4463/1501/3720
f 4465/1503/3722 4463/1501/3720 4464/1502/3721
f 4464/1502/3721 4466/1504/3723 4465/1503/3722
f 4467/1505/3724 4465/1503/3722 4466/1504/3723
f 4466/1504/3723 4468/1506/3725 4467/1505/3724
f 4467/1505/3724 4468/1506/3725 4469/1507/3726
f 4469/1507/3726 4470/1508/3727 4467/1505/3724
f 4470/1508/3727 4469/1507/3726 4471/1509/3728
f 4471/1509/3728 4472/1510/3729 4470/1508/3727
f 4472/1510/3729 4471/1509/3728 4473/1511/3730
f 4473/1511/3730 4474/1512/3731 4472/1510/3729
f 4474/1512/3731 4473/1511/3730 4475/1513/3732
f 4475/1513/3732 4476/1514/3733 4474/1512/3731
f 4477/1515/3734 4478/1516/3735 4479/1517/3736
f 4479/1517/3736 4480/1518/3737 4477/1515/3734
f 4480/1518/3737 4479/1517/3736 4481/1519/3738
f 4481/1519/3738 4482/1520/3739 4480/1518/3737
f 4483/1521/3740 4482/1520/3739 4481/1519/3738
f 4482/1520/3739 4483/1521/3740 4484/1522/3741
f 4484/1522/3741 4485/1523/3742 4482/1520/3739
f 4486/1524/3743 4487/1525/755 4488/1526/3744
f 4488/1526/3744 4489/1527/3745 4486/1524/3743
f 4489/1527/3745 4488/1526/3744 4490/414/3746
f 4490/414/3746 4491/413/3747 4489/1527/3745
f 4492/1528/3748 4493/1529/755 4494/1530/3749
f 4494/1530/3749 4495/1531/3750 4492/1528/3748
f 4495/1531/3750 4494/1530/3749 4496/1532/3751
f 4496/1532/3751 4497/1533/3752 4495/1531/3750
f 4497/1533/3752 4496/1532/3751 4498/1534/3753
f 4498/1534/3753 4496/1532/3751 4499/1535/3754
f 4499/1535/3754 4500/412/3755 4498/1534/3753
f 4501/1536/3756 4502/136/3757 4503/489/3758
f 4504/1537/3759 4501/1536/3756 4503/489/3758
f 4504/1537/3759 4503/489/3758 4505/1538/3760
f 4504/1537/3759 4505/1538/3760 4506/1539/3761
f 4506/1539/3761 4507/1540/3762 4504/1537/3759
f 4508/1541/3763 4507/1540/3762 4506/1539/3761
f 4506/1539/3761 4509/1542/3764 4508/1541/3763
f 4509/1542/3764 4506/1539/3761 4510/420/3765
f 4510/420/3765 4511/419/3766 4509/1542/3764
f 4512/1543/3767 4508/1541/3763 4509/1542/3764
f 4509/1542/3764 4513/1544/3768 4512/1543/3767
f 4514/1545/3769 4512/1543/3767 4513/1544/3768
f 4513/1544/3768 4515/497/3770 4516/496/3771
f 4513/1544/3768 4516/496/3771 4514/1545/3769
f 4516/496/3771 4517/1546/3772 4514/1545/3769
f 4514/1545/3769 4517/1546/3772 4518/1547/3773
f 4518/1547/3773 4519/1548/3774 4514/1545/3769
f 4518/1547/3773 4520/1549/3775 4519/1548/3774
f 4520/1549/3775 4518/1547/3773 4521/544/3776
f 4520/1549/3775 4521/544/3776 4522/1550/3777
f 4521/544/3776 4523/543/3778 4522/1550/3777
f 4520/1549/3775 4522/1550/3777 4524/1551/3779
f 4522/1550/3777 4525/1552/3780 4524/1551/3779
f 4525/1552/3780 4526/523/3781 4527/522/3782
f 4527/522/3782 4528/1553/3783 4525/1552/3780
f 4525/1552/3780 4529/1554/3784 4524/1551/3779
f 4530/1555/3785 4529/1554/3784 4525/1552/3780
f 4525/1552/3780 4528/1553/3783 4530/1555/3785
f 4529/1554/3784 4531/1556/3786 4524/1551/3779
f 4532/538/3787 4530/1555/3785 4528/1553/3783
f 4533/1557/3788 4524/1551/3779 4531/1556/3786
f 4528/1553/3783 4534/1558/3789 4532/538/3787
f 4535/528/3790 4532/538/3787 4534/1558/3789
f 4534/1558/3789 4536/531/3791 4535/528/3790
f 4531/1556/3786 4537/1559/3792 4533/1557/3788
f 4538/1560/3793 4537/1559/3792 4531/1556/3786
f 4531/1556/3786 4539/1561/3794 4538/1560/3793
f 4531/1556/3786 4540/1562/3795 4539/1561/3794
f 4541/1563/3796 4542/490/3797 4543/493/3798
f 4543/493/3798 4544/1564/3799 4541/1563/3796
f 4545/1565/3800 4541/1563/3796 4544/1564/3799
f 4544/1564/3799 4546/1566/3801 4545/1565/3800
f 4547/1517/3802 4548/1516/3803 4549/1515/3804
f 4549/1515/3804 4550/1518/3805 4547/1517/3802
f 4551/1519/3806 4547/1517/3802 4550/1518/3805
f 4550/1518/3805 4552/1520/3807 4551/1519/3806
f 4552/1520/3807 4553/1521/3808 4551/1519/3806
f 4554/1522/3809 4553/1521/3808 4552/1520/3807
f 4552/1520/3807 4555/1523/3810 4554/1522/3809
f 4556/1526/3811 4557/1525/756 4558/1524/3812
f 4558/1524/3812 4559/1527/3813 4556/1526/3811
f 4560/414/3814 4556/1526/3811 4559/1527/3813
f 4559/1527/3813 4561/413/3815 4560/414/3814
f 4562/1530/3816 4563/1529/756 4564/1528/3817
f 4564/1528/3817 4565/1531/3818 4562/1530/3816
f 4566/1532/3819 4562/1530/3816 4565/1531/3818
f 4565/1531/3818 4567/1533/3820 4566/1532/3819
f 4566/1532/3819 4567/1533/3820 4568/1534/3821
f 4569/1535/3822 4566/1532/3819 4568/1534/3821
f 4568/1534/3821 4570/412/3823 4569/1535/3822
f 4571/535/3824 4572/534/3825 4573/1567/3826
f 4573/1567/3826 4574/1568/3827 4571/535/3824
f 4574/1568/3827 4573/1567/3826 4575/1569/3828
f 4575/1569/3828 4576/1570/3829 4574/1568/3827
f 4577/494/3830 4578/1571/3831 4579/495/3832
f 4577/494/3830 4579/495/3832 4580/495/3833
f 4580/495/3833 4581/494/3834 4577/494/3830
f 4582/1572/3835 4581/494/3834 4580/495/3833
f 4580/495/3833 4583/1573/3836 4582/1572/3835
f 4584/1574/3837 4585/1575/3838 4586/1576/3839
f 4587/1577/3840 4584/1574/3837 4586/1576/3839
f 4588/1578/3841 4587/1577/3840 4586/1576/3839
f 4587/1577/3840 4588/1578/3841 4589/1576/3842
f 4590/1574/3843 4587/1577/3840 4589/1576/3842
f 4591/1575/3844 4590/1574/3843 4589/1576/3842
f 4592/1300/3845 4593/1301/3846 4594/1302/3847
f 4594/1302/3847 4595/1303/3848 4592/1300/3845
f 4595/1303/3848 4594/1302/3847 4596/1304/3849
f 4596/1304/3849 4597/1305/3850 4595/1303/3848
f 4597/1305/3850 4596/1304/3849 4598/1306/3851
f 4598/1306/3851 4599/1307/3852 4597/1305/3850
f 4599/1307/3852 4598/1306/3851 4600/1308/3853
f 4600/1308/3853 4601/1309/3854 4599/1307/3852
f 4601/1309/3854 4600/1308/3853 4602/1310/3855
f 4602/1310/3855 4603/1311/3856 4601/1309/3854
f 4603/1311/3856 4602/1310/3855 4604/1312/3857
f 4604/1312/3857 4605/1313/3858 4603/1311/3856
f 4605/1313/3858 4604/1312/3857 4606/1314/3859
f 4606/1314/3859 4607/1315/3860 4605/1313/3858
f 4607/1315/3860 4606/1314/3859 4608/1316/3861
f 4608/1316/3861 4609/1317/3862 4607/1315/3860
f 4609/1317/3862 4608/1316/3861 4610/1318/3863
f 4610/1318/3863 4611/1319/3864 4609/1317/3862
f 4611/1319/3864 4610/1318/3863 4612/1320/3865
f 4612/1320/3865 4613/1321/3866 4611/1319/3864
f 4614/1322/3867 4615/1323/3868 4616/1324/3869
f 4616/1324/3869 4617/1325/3870 4614/1322/3867
f 4617/1325/3870 4616/1324/3869 4618/1326/3871
f 4618/1326/3871 4619/1327/3872 4617/1325/3870
f 4619/1327/3872 4618/1326/3871 4620/1328/3873
f 4620/1328/3873 4621/1329/3874 4619/1327/3872
f 4621/1329/3874 4620/1328/3873 4622/1330/3875
f 4622/1330/3875 4623/1331/3876 4621/1329/3874
f 4623/1331/3876 4622/1330/3875 4624/1332/3877
f 4624/1332/3877 4625/1333/3878 4623/1331/3876
f 4626/1334/3879 4627/1335/3880 4628/1336/3881
f 4628/1336/3881 4629/1337/3882 4626/1334/3879
f 4629/1337/3882 4628/1336/3881 4630/1338/3883
f 4630/1338/3883 4631/1339/3884 4629/1337/3882
f 4631/1339/3884 4630/1338/3883 4632/1340/3885
f 4632/1340/3885 4633/1341/3886 4631/1339/3884
f 4633/1341/3886 4632/1340/3885 4634/1342/3887
f 4634/1342/3887 4635/1343/3888 4633/1341/3886
f 4635/1343/3888 4634/1342/3887 4636/1344/3889
f 4636/1344/3889 4637/1345/3889 4635/1343/3888
f 4638/1346/3890 4639/1300/3891 4640/1303/3892
f 4640/1303/3892 4641/1347/3893 4638/1346/3890
f 4641/1347/3893 4640/1303/3892 4642/1305/3894
f 4642/1305/3894 4643/1348/3895 4641/1347/3893
f 4643/1348/3895 4642/1305/3894 4644/1307/3896
f 4644/1307/3896 4645/1349/3897 4643/1348/3895
f 4645/1349/3897 4644/1307/3896 4646/1309/3898
f 4646/1309/3898 4647/1350/3899 4645/1349/3897
f 4647/1350/3899 4646/1309/3898 4648/1311/3900
f 4648/1311/3900 4649/1351/3901 4647/1350/3899
f 4649/1351/3901 4648/1311/3900 4650/1313/3902
f 4650/1313/3902 4651/1352/3903 4649/1351/3901
f 4651/1352/3903 4650/1313/3902 4652/1315/3904
f 4652/1315/3904 4653/1353/3905 4651/1352/3903
f 4653/1353/3905 4652/1315/3904 4654/1317/3906
f 4654/1317/3906 4655/1354/3907 4653/1353/3905
f 4655/1354/3907 4654/1317/3906 4656/1319/3908
f 4656/1319/3908 4657/1355/3909 4655/1354/3907
f 4657/1355/3909 4656/1319/3908 4658/1321/3910
f 4658/1321/3910 4659/1356/3911 4657/1355/3909
f 4660/1323/3912 4661/1357/3913 4662/1358/3914
f 4662/1358/3914 4663/1324/3915 4660/1323/3912
f 4663/1324/3915 4662/1358/3914 4664/1359/3916
f 4664/1359/3916 4665/1326/3917 4663/1324/3915
f 4665/1326/3917 4664/1359/3916 4666/1360/3918
f 4666/1360/3918 4667/1328/3919 4665/1326/3917
f 4667/1328/3919 4666/1360/3918 4668/1361/3920
f 4668/1361/3920 4669/1330/3921 4667/1328/3919
f 4669/1330/3921 4668/1361/3920 4670/1362/3922
f 4670/1362/3922 4671/1332/3923 4669/1330/3921
f 4672/1335/3924 4673/1363/3925 4674/1364/3926
f 4674/1364/3926 4675/1336/3927 4672/1335/3924
f 4675/1336/3927 4674/1364/3926 4676/1365/3928
f 4676/1365/3928 4677/1338/3929 4675/1336/3927
f 4677/1338/3929 4676/1365/3928 4678/1366/3930
f 4678/1366/3930 4679/1340/3931 4677/1338/3929
f 4679/1340/3931 4678/1366/3930 4680/1367/3932
f 4680/1367/3932 4681/1342/3933 4679/1340/3931
f 4681/1342/3933 4680/1367/3932 4682/1368/3934
f 4682/1368/3934 4683/1344/3935 4681/1342/3933
f 4684/1369/3936 4685/1370/3937 4686/1371/3938
f 4686/1371/3938 4687/1372/3939 4684/1369/3936
f 4687/1372/3939 4686/1371/3938 4688/1373/3940
f 4688/1373/3940 4689/1374/3941 4687/1372/3939
f 4689/1374/3941 4688/1373/3940 4690/1375/3942
f 4690/1375/3942 4691/1376/3943 4689/1374/3941
f 4691/1376/3943 4690/1375/3942 4692/1377/3944
f 4692/1377/3944 4693/1378/3945 4691/1376/3943
f 4693/1378/3945 4692/1377/3944 4694/1379/3946
f 4694/1379/3946 4695/1380/3947 4693/1378/3945
f 4695/1380/3947 4694/1379/3946 4696/1381/3948
f 4696/1381/3948 4697/1382/3949 4695/1380/3947
f 4697/1382/3949 4696/1381/3948 4698/1383/3950
f 4698/1383/3950 4699/1384/3951 4697/1382/3949
f 4699/1384/3951 4698/1383/3950 4700/1385/3952
f 4700/1385/3952 4701/1386/3953 4699/1384/3951
f 4701/1386/3953 4700/1385/3952 4702/1387/3954
f 4702/1387/3954 4703/1388/3955 4701/1386/3953
f 4703/1388/3955 4702/1387/3954 4704/1389/3956
f 4704/1389/3956 4705/1390/3957 4703/1388/3955
f 4705/1390/3957 4704/1389/3956 4706/1391/3958
f 4706/1391/3958 4707/1392/3959 4705/1390/3957
f 4707/1392/3959 4706/1391/3958 4708/1393/3960
f 4708/1393/3960 4709/1394/3961 4707/1392/3959
f 4709/1394/3961 4708/1393/3960 4710/1395/3962
f 4710/1395/3962 4711/1396/3963 4709/1394/3961
f 4711/1396/3963 4710/1395/3962 4712/1397/3964
f 4712/1397/3964 4713/1398/3965 4711/1396/3963
f 4713/1398/3965 4712/1397/3964 4714/1399/3966
f 4714/1399/3966 4715/1400/3967 4713/1398/3965
f 4715/1400/3967 4714/1399/3966 4716/1401/3968
f 4716/1401/3968 4717/1402/3969 4715/1400/3967
f 4717/1402/3969 4716/1401/3968 4718/1403/3970
f 4718/1403/3970 4719/1404/3971 4717/1402/3969
f 4719/1404/3971 4718/1403/3970 4720/1405/3972
f 4720/1405/3972 4721/1406/3973 4719/1404/3971
f 4721/1406/3973 4720/1405/3972 4722/1407/3974
f 4722/1407/3974 4723/1408/3975 4721/1406/3973
f 4723/1408/3975 4722/1407/3974 4724/1409/3976
f 4724/1409/3976 4725/1410/3977 4723/1408/3975
f 4725/1410/3977 4724/1409/3976 4726/1411/3978
f 4726/1411/3978 4727/1412/3979 4725/1410/3977
f 4727/1412/3979 4726/1411/3978 4728/1413/3980
f 4728/1413/3980 4729/1414/3981 4727/1412/3979
f 4730/1579/3982 4731/1580/3983 4732/1581/3984
f 4732/1581/3984 4733/1582/3985 4730/1579/3982
f 4733/1582/3985 4732/1581/3984 4734/1583/3986
f 4734/1583/3986 4735/1584/3987 4733/1582/3985
f 4735/1584/3987 4734/1583/3986 4736/1585/3988
f 4736/1585/3988 4737/1586/3989 4735/1584/3987
f 4737/1586/3989 4736/1585/3988 4738/1587/3990
f 4738/1587/3990 4739/1588/3991 4737/1586/3989
f 4739/1588/3991 4738/1587/3990 4740/1589/3992
f 4740/1589/3992 4741/1590/3993 4739/1588/3991
f 4741/1590/3993 4740/1589/3992 4742/1591/3994
f 4742/1591/3994 4743/1592/3995 4741/1590/3993
f 4743/1592/3995 4742/1591/3994 4744/1593/3996
f 4744/1593/3996 4745/1594/3997 4743/1592/3995
f 4745/1594/3997 4744/1593/3996 4746/1595/3998
f 4746/1595/3998 4747/1596/3999 4745/1594/3997
f 4747/1596/3999 4746/1595/3998 4748/1597/4000
f 4748/1597/4000 4749/1598/4001 4747/1596/3999
f 4749/1598/4001 4748/1597/4000 4750/1599/4002
f 4750/1599/4002 4751/1600/4003 4749/1598/4001
f 4751/1600/4003 4750/1599/4002 4752/1601/4004
f 4752/1601/4004 4753/1602/4005 4751/1600/4003
f 4753/1602/4005 4752/1601/4004 4754/1603/4006
f 4754/1603/4006 4755/1604/4007 4753/1602/4005
f 4755/1604/4007 4754/1603/4006 4756/1605/4008
f 4756/1605/4008 4757/1606/4009 4755/1604/4007
f 4757/1606/4009 4756/1605/4008 4758/1607/4010
f 4758/1607/4010 4759/1608/4011 4757/1606/4009
f 4759/1608/4011 4758/1607/4010 4760/1609/4012
f 4760/1609/4012 4761/1610/4013 4759/1608/4011
f 4761/1610/4013 4760/1609/4012 4762/1611/4014
f 4762/1611/4014 4763/1612/4015 4761/1610/4013
f 4763/1612/4015 4762/1611/4014 4764/1613/4016
f 4764/1613/4016 4765/1614/4017 4763/1612/4015
f 4765/1614/4017 4764/1613/4016 4766/1615/4018
f 4766/1615/4018 4767/1616/4019 4765/1614/4017
f 4767/1616/4019 4766/1615/4018 4768/1617/4020
f 4768/1617/4020 4769/1618/4021 4767/1616/4019
f 4769/1618/4021 4768/1617/4020 4770/1619/4022
f 4770/1619/4022 4771/1620/4023 4769/1618/4021
f 4771/1620/4023 4770/1619/4022 4772/1621/4024
f 4772/1621/4024 4773/1622/4025 4771/1620/4023
f 4773/1622/4025 4772/1621/4024 4774/1623/4026
f 4774/1623/4026 4775/1624/4027 4773/1622/4025
f 4776/1461/4028 4777/1462/4029 4778/1463/4030
f 4778/1463/4030 4779/1464/4031 4776/1461/4028
f 4780/1465/4032 4776/1461/4028 4779/1464/4031
f 4779/1464/4031 4781/1466/4033 4780/1465/4032
f 4780/1465/4032 4781/1466/4033 4782/1467/4034
f 4782/1467/4034 4783/1468/4035 4780/1465/4032
f 4784/1469/4036 4783/1468/4035 4782/1467/4034
f 4782/1467/4034 4785/1470/4037 4784/1469/4036
f 4786/1471/4038 4784/1469/4036 4785/1470/4037
f 4785/1470/4037 4787/1472/4039 4786/1471/4038
f 4788/341/4040 4789/341/4041 4790/1473/4042
f 4790/1473/4042 4791/1473/4043 4788/341/4040
f 4791/1473/4043 4790/1473/4042 4792/348/4044
f 4792/348/4044 4793/348/4045 4791/1473/4043
f 4794/339/4046 4795/339/4047 4796/1474/4048
f 4796/1474/4048 4797/1474/4049 4794/339/4046
f 4797/1474/4049 4796/1474/4048 4798/343/4050
f 4798/343/4050 4799/343/4051 4797/1474/4049
f 4800/342/4052 4801/342/4053 4802/1475/4054
f 4802/1475/4054 4803/1475/4055 4800/342/4052
f 4803/1475/4055 4802/1475/4054 4804/347/4056
f 4804/347/4056 4805/1476/4057 4803/1475/4055
f 4806/345/4058 4807/344/4059 4808/1477/4060
f 4808/1477/4060 4809/1477/4061 4806/345/4058
f 4809/1477/4061 4808/1477/4060 4810/349/4062
f 4810/349/4062 4811/349/4063 4809/1477/4061
f 4812/1478/4064 4813/1479/4065 4814/1480/4066
f 4814/1480/4066 4815/1481/4067 4812/1478/4064
f 4815/1481/4067 4814/1480/4066 4816/1482/4068
f 4816/1482/4068 4817/1483/4069 4815/1481/4067
f 4817/1483/4069 4816/1482/4068 4818/1484/4070
f 4818/1484/4070 4819/1485/4071 4817/1483/4069
f 4819/1485/4071 4818/1484/4070 4820/1486/4072
f 4820/1486/4072 4821/1487/4073 4819/1485/4071
f 4821/1487/4073 4820/1486/4072 4822/1488/4074
f 4822/1488/4074 4823/1489/4075 4821/1487/4073
f 4824/1490/4076 4825/1491/4077 4826/1492/4078
f 4827/1493/4079 4826/1492/4078 4825/1491/4077
f 4825/1491/4077 4828/1494/4080 4827/1493/4079
f 4829/1625/4081 4830/1626/4082 4831/1627/4083
f 4831/1627/4083 4832/1628/4084 4829/1625/4081
f 4832/1628/4084 4831/1627/4083 4833/1629/4085
f 4833/1629/4085 4834/1630/4086 4832/1628/4084
f 4834/1630/4086 4833/1629/4085 4835/1631/4087
f 4835/1631/4087 4836/1632/4088 4834/1630/4086
f 4836/1632/4088 4835/1631/4087 4837/1633/4089
f 4837/1633/4089 4838/1634/4090 4836/1632/4088
f 4838/1634/4090 4837/1633/4089 4839/1635/4091
f 4839/1635/4091 4840/1636/4092 4838/1634/4090
f 4840/1636/4092 4839/1635/4091 4841/1637/4093
f 4841/1637/4093 4842/1638/4094 4840/1636/4092
f 4842/1638/4094 4841/1637/4093 4843/1639/4095
f 4843/1639/4095 4844/1640/4096 4842/1638/4094
f 4844/1640/4096 4843/1639/4095 4845/1641/4097
f 4845/1641/4097 4846/1642/4098 4844/1640/4096
f 4846/1642/4098 4845/1641/4097 4847/1643/4099
f 4847/1643/4099 4848/1644/4100 4846/1642/4098
f 4848/1644/4100 4847/1643/4099 4849/1645/4101
f 4849/1645/4101 4850/1646/4102 4848/1644/4100
f 4850/1646/4102 4849/1645/4101 4851/1647/4103
f 4851/1647/4103 4852/1648/4104 4850/1646/4102
f 4852/1648/4104 4851/1647/4103 4853/1649/4105
f 4853/1649/4105 4854/1650/4106 4852/1648/4104
f 4854/1650/4106 4853/1649/4105 4855/1651/4107
f 4855/1651/4107 4856/1652/4108 4854/1650/4106
f 4856/1652/4108 4855/1651/4107 4857/1653/4109
f 4857/1653/4109 4858/1654/4110 4856/1652/4108
f 4858/1654/4110 4857/1653/4109 4859/1655/4111
f 4859/1655/4111 4860/1656/4112 4858/1654/4110
f 4860/1656/4112 4859/1655/4111 4861/1657/4113
f 4861/1657/4113 4862/1658/4114 4860/1656/4112
f 4862/1658/4114 4861/1657/4113 4863/1659/4115
f 4863/1659/4115 4864/1660/4116 4862/1658/4114
f 4864/1660/4116 4863/1659/4115 4865/1661/4117
f 4865/1661/4117 4866/1662/4118 4864/1660/4116
f 4867/1663/4119 4868/1664/4120 4869/1665/4121
f 4869/1665/4121 4870/1666/4122 4867/1663/4119
f 4871/1667/4123 4867/1663/4119 4870/1666/4122
f 4870/1666/4122 4872/1668/4124 4871/1667/4123
f 4873/1669/4125 4871/1667/4123 4872/1668/4124
f 4872/1668/4124 4874/1670/4126 4873/1669/4125
f 4875/1671/4127 4873/1669/4125 4874/1670/4126
f 4874/1670/4126 4876/1672/4128 4875/1671/4127
f 4877/1673/4129 4875/1671/4127 4876/1672/4128
f 4876/1672/4128 4878/1674/4130 4877/1673/4129
f 4879/1675/4131 4877/1673/4129 4878/1674/4130
f 4878/1674/4130 4880/1676/4132 4879/1675/4131
f 4881/1677/4133 4879/1675/4131 4880/1676/4132
f 4880/1676/4132 4882/1678/4134 4881/1677/4133
f 4883/1679/4135 4881/1677/4133 4882/1678/4134
f 4882/1678/4134 4884/1680/4136 4883/1679/4135
f 4885/1681/4137 4883/1679/4135 4884/1680/4136
f 4884/1680/4136 4886/1682/4138 4885/1681/4137
f 4887/1683/4139 4885/1681/4137 4886/1682/4138
f 4886/1682/4138 4888/1684/4140 4887/1683/4139
f 4889/1685/4141 4887/1683/4139 4888/1684/4140
f 4888/1684/4140 4890/1686/4142 4889/1685/4141
f 4891/1687/4143 4889/1685/4141 4890/1686/4142
f 4890/1686/4142 4892/1688/4144 4891/1687/4143
f 4893/1689/4145 4891/1687/4143 4892/1688/4144
f 4892/1688/4144 4894/1690/4146 4893/1689/4145
f 4893/1689/4145 4894/1690/4146 4895/1691/4147
f 4895/1691/4147 4896/1692/4148 4893/1689/4145
f 4897/1693/4149 4896/1692/4148 4895/1691/4147
f 4895/1691/4147 4898/1694/4150 4897/1693/4149
f 4899/1695/4151 4897/1693/4149 4898/1694/4150
f 4898/1694/4150 4900/1696/4152 4899/1695/4151
f 4901/1697/4153 4899/1695/4151 4900/1696/4152
f 4900/1696/4152 4902/1698/4154 4901/1697/4153
f 4903/1699/4155 4901/1697/4153 4902/1698/4154
f 4902/1698/4154 4904/1700/4156 4903/1699/4155
f 4905/1701/4157 4906/1700/4158 4907/1698/4159
f 4907/1698/4159 4908/1702/4160 4905/1701/4157
f 4908/1702/4160 4907/1698/4159 4909/1696/4161
f 4909/1696/4161 4910/1703/4162 4908/1702/4160
f 4910/1703/4162 4909/1696/4161 4911/1694/4163
f 4911/1694/4163 4912/1704/4164 4910/1703/4162
f 4912/1704/4164 4911/1694/4163 4913/1691/4165
f 4913/1691/4165 4914/1705/4166 4912/1704/4164
f 4914/1705/4166 4913/1691/4165 4915/1690/4167
f 4915/1690/4167 4916/1706/4168 4914/1705/4166
f 4916/1706/4168 4915/1690/4167 4917/1688/4169
f 4917/1688/4169 4918/1707/4170 4916/1706/4168
f 4918/1707/4170 4917/1688/4169 4919/1686/4171
f 4919/1686/4171 4920/1708/4172 4918/1707/4170
f 4920/1708/4172 4919/1686/4171 4921/1684/4173
f 4921/1684/4173 4922/1709/4174 4920/1708/4172
f 4922/1709/4174 4921/1684/4173 4923/1682/4175
f 4923/1682/4175 4924/1710/4176 4922/1709/4174
f 4924/1710/4176 4923/1682/4175 4925/1680/4177
f 4925/1680/4177 4926/1711/4178 4924/1710/4176
f 4926/1711/4178 4925/1680/4177 4927/1678/4179
f 4927/1678/4179 4928/1712/4180 4926/1711/4178
f 4928/1712/4180 4927/1678/4179 4929/1676/4181
f 4929/1676/4181 4930/1713/4182 4928/1712/4180
f 4930/1713/4182 4929/1676/4181 4931/1674/4183
f 4931/1674/4183 4932/1714/4184 4930/1713/4182
f 4932/1714/4184 4931/1674/4183 4933/1672/4185
f 4933/1672/4185 4934/1715/4186 4932/1714/4184
f 4934/1715/4186 4933/1672/4185 4935/1670/4187
f 4935/1670/4187 4936/1716/4188 4934/1715/4186
f 4936/1716/4188 4935/1670/4187 4937/1668/4189
f 4937/1668/4189 4938/1717/4190 4936/1716/4188
f 4938/1717/4190 4937/1668/4189 4939/1666/4191
f 4939/1666/4191 4940/1718/4192 4938/1717/4190
f 4940/1718/4192 4939/1666/4191 4941/1665/4193
f 4941/1665/4193 4942/1719/4194 4940/1718/4192
f 4943/1478/4195 4944/1479/4196 4945/1480/4197
f 4945/1480/4197 4946/1481/4198 4943/1478/4195
f 4946/1481/4198 4945/1480/4197 4947/1482/4199
f 4947/1482/4199 4948/1483/4200 4946/1481/4198
f 4948/1483/4200 4947/1482/4199 4949/1484/4201
f 4949/1484/4201 4950/1485/4202 4948/1483/4200
f 4950/1485/4202 4949/1484/4201 4951/1486/4203
f 4951/1486/4203 4952/1487/4204 4950/1485/4202
f 4952/1487/4204 4951/1486/4203 4953/1488/4205
f 4953/1488/4205 4954/1489/4206 4952/1487/4204
f 4955/1490/4207 4956/1491/4208 4957/1492/4209
f 4958/1493/4210 4957/1492/4209 4956/1491/4208
f 4956/1491/4208 4959/1494/4211 4958/1493/4210
f 4960/1478/4212 4961/1479/4213 4962/1480/4214
f 4962/1480/4214 4963/1481/4215 4960/1478/4212
f 4963/1481/4215 4962/1480/4214 4964/1482/4216
f 4964/1482/4216 4965/1483/4217 4963/1481/4215
f 4965/1483/4217 4964/1482/4216 4966/1484/4218
f 4966/1484/4218 4967/1485/4219 4965/1483/4217
f 4967/1485/4219 4966/1484/4218 4968/1486/4220
f 4968/1486/4220 4969/1487/4221 4967/1485/4219
f 4969/1487/4221 4968/1486/4220 4970/1488/4222
f 4970/1488/4222 4971/1489/4223 4969/1487/4221
f 4972/1490/4224 4973/1491/4225 4974/1492/4226
f 4975/1493/4227 4974/1492/4226 4973/1491/4225
f 4973/1491/4225 4976/1494/4228 4975/1493/4227
f 4977/1720/4229 4978/134/4230 4979/136/4231
f 4977/1720/4229 4979/136/4231 4980/1536/4232
f 4981/1721/4233 4977/1720/4229 4980/1536/4232
f 4982/1722/4234 4983/54/4235 4984/53/4236
f 4982/1722/4234 4984/53/4236 4985/1723/4237
f 4982/1722/4234 4985/1723/4237 4986/1724/4238
f 4987/1725/4239 4986/1724/4238 4985/1723/4237
f 4985/1723/4237 4988/1726/4240 4987/1725/4239
f 4989/1727/4241 4987/1725/4239 4988/1726/4240
f 4988/1726/4240 4990/1728/4242 4989/1727/4241
f 4991/1729/4243 4989/1727/4241 4990/1728/4242
f 4990/1728/4242 4992/1730/4244 4991/1729/4243
f 4993/550/4245 4991/1729/4243 4992/1730/4244
f 4992/1730/4244 4994/551/4246 4993/550/4245
f 4995/55/4247 4996/57/4248 4997/1731/4249
f 4997/1731/4249 4998/1732/4250 4995/55/4247
f 4998/1732/4250 4997/1731/4249 4999/1733/4251
f 4999/1733/4251 5000/1734/4252 4998/1732/4250
f 5000/1734/4252 4999/1733/4251 5001/1735/4253
f 5001/1735/4253 5002/1736/4254 5000/1734/4252
f 5003/1734/4255 5002/1736/4254 5001/1735/4253
f 5001/1735/4253 5004/1733/4256 5003/1734/4255
f 5005/1732/4257 5003/1734/4255 5004/1733/4256
f 5004/1733/4256 5006/1731/4258 5005/1732/4257
f 5007/55/4259 5005/1732/4257 5006/1731/4258
f 5006/1731/4258 5008/57/4260 5007/55/4259
f 5009/55/4261 5010/59/4262 5011/1737/4263
f 5011/1737/4263 5012/1738/4264 5009/55/4261
f 5012/1738/4264 5011/1737/4263 5013/1739/4265
f 5013/1739/4265 5014/1740/4266 5012/1738/4264
f 5015/1741/4267 5014/1740/4266 5013/1739/4265
f 5013/1739/4265 5016/1742/4268 5015/1741/4267
f 5015/1741/4267 5016/1742/4268 5017/1739/4269
f 5017/1739/4269 5018/1740/4270 5015/1741/4267
f 5019/1738/4271 5018/1740/4270 5017/1739/4269
f 5017/1739/4269 5020/1737/4272 5019/1738/4271
f 5021/55/4273 5019/1738/4271 5020/1737/4272
f 5020/1737/4272 5022/59/4274 5021/55/4273
f 5023/582/4275 5024/700/4276 5025/585/4277
f 5024/700/4276 5023/582/4275 5026/587/4278
f 5026/587/4278 5027/701/4279 5024/700/4276
f 5027/701/4279 5026/587/4278 5028/702/4280
f 5028/702/4280 5029/703/4281 5027/701/4279
f 5028/702/4280 5026/587/4278 5030/588/4282
f 5030/588/4282 5031/704/4283 5028/702/4280
f 5032/585/4284 5033/585/4285 5034/1743/4286
f 5034/1743/4286 5035/1743/4287 5032/585/4284
f 5035/1743/4287 5034/1743/4286 5036/1744/4288
f 5036/1744/4288 5037/1744/4289 5035/1743/4287
f 5038/1745/4290 5037/1744/4289 5036/1744/4288
f 5036/1744/4288 5039/1745/4291 5038/1745/4290
f 5038/1745/4290 5039/1745/4291 5040/1744/4292
f 5040/1744/4292 5041/1744/4293 5038/1745/4290
f 5042/1743/4294 5041/1744/4293 5040/1744/4292
f 5040/1744/4292 5043/1743/4295 5042/1743/4294
f 5044/585/4296 5042/1743/4294 5043/1743/4295
f 5043/1743/4295 5045/585/4297 5044/585/4296
f 5046/1746/4298 5047/1747/4299 5048/1748/4300
f 5048/1748/4300 5049/1749/4301 5046/1746/4298
f 5050/1750/4302 5046/1746/4298 5049/1749/4301
f 5049/1749/4301 5051/1751/4303 5050/1750/4302
f 5052/1045/4304 5050/1750/4302 5051/1751/4303
f 5051/1751/4303 5053/1752/4305 5052/1045/4304
f 5054/1753/4306 5052/1045/4304 5053/1752/4305
f 5053/1752/4305 5055/1754/4307 5054/1753/4306
f 5056/1755/4308 5054/1753/4306 5055/1754/4307
f 5055/1754/4307 5057/1756/4309 5056/1755/4308
f 5058/1757/4310 5056/1755/4308 5057/1756/4309
f 5057/1756/4309 5059/1758/4311 5058/1757/4310
f 5060/1759/4312 5058/1757/4310 5059/1758/4311
f 5059/1758/4311 5061/1760/4313 5060/1759/4312
f 5062/1761/4314 5060/1759/4312 5061/1760/4313
f 5061/1760/4313 5063/1762/4315 5062/1761/4314
f 5064/1763/4316 5062/1761/4314 5063/1762/4315
f 5063/1762/4315 5065/1764/4317 5064/1763/4316
f 5066/1765/4318 5064/1763/4316 5065/1764/4317
f 5065/1764/4317 5067/1766/4319 5066/1765/4318
f 5068/1767/4320 5066/1765/4318 5067/1766/4319
f 5067/1766/4319 5069/1768/4321 5068/1767/4320
f 5070/1769/4322 5068/1767/4320 5069/1768/4321
f 5069/1768/4321 5071/1770/4323 5070/1769/4322
f 5072/1771/4324 5070/1769/4322 5071/1770/4323
f 5071/1770/4323 5073/1066/4325 5072/1771/4324
f 5074/1772/4326 5072/1771/4324 5073/1066/4325
f 5073/1066/4325 5075/1773/4327 5074/1772/4326
f 5076/1774/4328 5074/1772/4326 5075/1773/4327
f 5075/1773/4327 5077/1775/4329 5076/1774/4328
f 5078/1776/4330 5076/1774/4328 5077/1775/4329
f 5077/1775/4329 5079/1777/4331 5078/1776/4330
f 5080/1778/4332 5078/1776/4330 5079/1777/4331
f 5079/1777/4331 5081/1779/4333 5080/1778/4332
f 5082/1780/4334 5080/1778/4332 5081/1779/4333
f 5081/1779/4333 5083/1781/4335 5082/1780/4334
f 5084/1782/4336 5082/1780/4334 5083/1781/4335
f 5083/1781/4335 5085/1783/4337 5084/1782/4336
f 5086/1784/4338 5084/1782/4336 5085/1783/4337
f 5085/1783/4337 5087/1785/4339 5086/1784/4338
f 5088/1786/4340 5086/1784/4338 5087/1785/4339
f 5087/1785/4339 5089/1787/4341 5088/1786/4340
f 5090/1083/4342 5088/1786/4340 5089/1787/4341
f 5089/1787/4341 5091/1788/4343 5090/1083/4342
f 5092/1789/4344 5090/1083/4342 5091/1788/4343
f 5091/1788/4343 5093/1790/4345 5092/1789/4344
f 5094/1791/4346 5092/1789/4344 5093/1790/4345
f 5093/1790/4345 5095/1792/4347 5094/1791/4346
f 5096/78/4348 5094/1791/4346 5095/1792/4347
f 5095/1792/4347 5097/79/4349 5096/78/4348
f 5098/1793/4350 5099/1794/4351 5100/1795/4352
f 5100/1795/4352 5101/1796/4353 5098/1793/4350
f 5102/1797/4354 5098/1793/4350 5101/1796/4353
f 5101/1796/4353 5103/1798/4355 5102/1797/4354
f 5104/1799/4356 5102/1797/4354 5103/1798/4355
f 5103/1798/4355 5105/1800/4357 5104/1799/4356
f 5106/1801/4358 5104/1799/4356 5105/1800/4357
f 5105/1800/4357 5107/1802/4359 5106/1801/4358
f 5108/84/4360 5106/1801/4358 5107/1802/4359
f 5107/1802/4359 5109/1803/4361 5108/84/4360
f 5108/84/4360 5109/1803/4361 5110/1804/4362
f 5110/1804/4362 5111/85/4363 5108/84/4360
f 5112/1805/4364 5113/1806/4365 5114/1807/4366
f 5114/1807/4366 5115/1808/4367 5112/1805/4364
f 5116/1809/4368 5112/1805/4364 5115/1808/4367
f 5115/1808/4367 5117/1810/4369 5116/1809/4368
f 5118/1811/4370 5116/1809/4368 5117/1810/4369
f 5117/1810/4369 5119/1812/4371 5118/1811/4370
f 5120/1813/4372 5118/1811/4370 5119/1812/4371
f 5119/1812/4371 5121/1814/4373 5120/1813/4372
f 5120/1813/4372 5121/1814/4373 5122/88/4374
f 5122/88/4374 5123/1815/4375 5120/1813/4372
f 5124/1816/4376 5123/1815/4375 5122/88/4374
f 5122/88/4374 5125/90/4377 5124/1816/4376
f 5126/1795/4378 5127/1817/4379 5128/1818/4380
f 5128/1818/4380 5129/1796/4381 5126/1795/4378
f 5129/1796/4381 5128/1818/4380 5130/1819/4382
f 5130/1819/4382 5131/1798/4383 5129/1796/4381
f 5131/1798/4383 5130/1819/4382 5132/1820/4384
f 5132/1820/4384 5133/1800/4385 5131/1798/4383
f 5133/1800/4385 5132/1820/4384 5134/1821/4386
f 5134/1821/4386 5135/1802/4387 5133/1800/4385
f 5135/1802/4387 5134/1821/4386 5136/1822/4388
f 5136/1822/4388 5137/1803/4389 5135/1802/4387
f 5137/1803/4389 5136/1822/4388 5138/1823/4390
f 5138/1823/4390 5139/1804/4391 5137/1803/4389
f 5140/1824/4392 5141/1806/4393 5142/1805/4394
f 5142/1805/4394 5143/1825/4395 5140/1824/4392
f 5143/1825/4395 5142/1805/4394 5144/1809/4396
f 5144/1809/4396 5145/1826/4397 5143/1825/4395
f 5145/1826/4397 5144/1809/4396 5146/1811/4398
f 5146/1811/4398 5147/1827/4399 5145/1826/4397
f 5147/1827/4399 5146/1811/4398 5148/1813/4400
f 5148/1813/4400 5149/1828/4401 5147/1827/4399
f 5149/1828/4401 5148/1813/4400 5150/1815/4402
f 5150/1815/4402 5151/1829/4403 5149/1828/4401
f 5151/1829/4403 5150/1815/4402 5152/1816/4404
f 5152/1816/4404 5153/1830/4405 5151/1829/4403
f 5154/617/4406 5155/616/4407 5156/1831/4408
f 5156/1831/4408 5157/1832/4409 5154/617/4406
f 5157/1832/4409 5156/1831/4408 5158/1833/4410
f 5158/1833/4410 5159/1834/4411 5157/1832/4409
f 5159/1834/4411 5158/1833/4410 5160/1835/4412
f 5160/1835/4412 5161/1836/4413 5159/1834/4411
f 5161/1836/4413 5160/1835/4412 5162/1837/4414
f 5162/1837/4414 5163/1838/4415 5161/1836/4413
f 5163/1838/4415 5162/1837/4414 5164/1839/4416
f 5164/1839/4416 5165/1840/4417 5163/1838/4415
f 5165/1840/4417 5164/1839/4416 5166/1841/4418
f 5166/1841/4418 5167/1842/4419 5165/1840/4417
f 5167/1842/4419 5166/1841/4418 5168/619/4420
f 5168/619/4420 5169/618/4421 5167/1842/4419
f 5170/615/4422 5171/614/4423 5172/1843/4424
f 5172/1843/4424 5173/1844/4425 5170/615/4422
f 5173/1844/4425 5172/1843/4424 5174/1845/4426
f 5174/1845/4426 5175/1846/4427 5173/1844/4425
f 5175/1846/4427 5174/1845/4426 5176/1847/4428
f 5176/1847/4428 5177/1848/4429 5175/1846/4427
f 5177/1848/4429 5176/1847/4428 5178/1849/4430
f 5178/1849/4430 5179/1850/4431 5177/1848/4429
f 5179/1850/4431 5178/1849/4430 5180/1851/4432
f 5180/1851/4432 5181/1852/4433 5179/1850/4431
f 5181/1852/4433 5180/1851/4432 5182/1853/4434
f 5182/1853/4434 5183/1854/4435 5181/1852/4433
f 5183/1854/4435 5182/1853/4434 5184/621/4436
f 5184/621/4436 5185/620/4437 5183/1854/4435
f 5186/158/4438 5187/157/4439 5188/1855/4440
f 5186/158/4438 5188/1855/4440 5189/1856/4441
f 5189/1856/4441 5190/1857/4442 5186/158/4438
f 5190/1857/4442 5189/1856/4441 5191/1858/4443
f 5191/1858/4443 5192/1859/4444 5190/1857/4442
f 5192/1859/4444 5191/1858/4443 5193/1860/4445
f 5193/1860/4445 5194/1861/4446 5192/1859/4444
f 5194/1861/4446 5193/1860/4445 5195/1862/4447
f 5195/1862/4447 5196/1863/4448 5194/1861/4446
f 5196/1863/4448 5195/1862/4447 5197/1864/4449
f 5197/1864/4449 5198/1865/4450 5196/1863/4448
f 5198/1865/4450 5197/1864/4449 5199/1866/4451
f 5199/1866/4451 5200/1867/4452 5198/1865/4450
f 5200/1867/4452 5199/1866/4451 5201/1868/4453
f 5201/1868/4453 5202/1869/4454 5200/1867/4452
f 5202/1869/4454 5201/1868/4453 5203/1870/4455
f 5203/1870/4455 5204/1871/4456 5202/1869/4454
f 5204/1871/4456 5203/1870/4455 5205/1872/4457
f 5205/1872/4457 5206/1873/4458 5204/1871/4456
f 5206/1873/4458 5205/1872/4457 5207/1874/4459
f 5207/1874/4459 5208/1875/4460 5206/1873/4458
f 5208/1875/4460 5207/1874/4459 5209/1876/4461
f 5209/1876/4461 5210/117/4462 5208/1875/4460
f 5210/117/4462 5209/1876/4461 5211/118/4463
f 5212/1877/4464 5213/1878/4465 5214/1879/4466
f 5214/1879/4466 5215/1880/4467 5212/1877/4464
f 5215/1880/4467 5214/1879/4466 5216/1881/4468
f 5216/1881/4468 5217/1882/4469 5215/1880/4467
f 5217/1882/4469 5216/1881/4468 5218/1883/4470
f 5218/1883/4470 5219/1884/4471 5217/1882/4469
f 5219/1884/4471 5218/1883/4470 5220/1885/4472
f 5220/1885/4472 5221/1886/4473 5219/1884/4471
f 5222/1887/4474 5223/1888/4475 5224/1889/4476
f 5224/1889/4476 5225/1890/4477 5222/1887/4474
f 5225/1890/4477 5224/1889/4476 5226/1891/4478
f 5226/1891/4478 5227/1892/4479 5225/1890/4477
f 5227/1892/4479 5226/1891/4478 5228/1893/4480
f 5228/1893/4480 5229/1894/4481 5227/1892/4479
f 5229/1894/4481 5228/1893/4480 5230/1895/4482
f 5230/1895/4482 5231/1896/4483 5229/1894/4481
f 5232/576/4484 5233/577/4485 5234/578/4486
f 5234/578/4486 5235/579/4487 5232/576/4484
f 5236/119/4488 5232/576/4484 5235/579/4487
f 5235/579/4487 5237/120/4489 5236/119/4488
f 5238/55/4490 5239/59/4491 5240/1737/4492
f 5240/1737/4492 5241/1738/4493 5238/55/4490
f 5241/1738/4493 5240/1737/4492 5242/1739/4494
f 5242/1739/4494 5243/1740/4495 5241/1738/4493
f 5244/1741/4496 5243/1740/4495 5242/1739/4494
f 5242/1739/4494 5245/1742/4497 5244/1741/4496
f 5244/1741/4496 5245/1742/4497 5246/1739/4498
f 5246/1739/4498 5247/1740/4499 5244/1741/4496
f 5248/1738/4500 5247/1740/4499 5246/1739/4498
f 5246/1739/4498 5249/1737/4501 5248/1738/4500
f 5250/55/4502 5248/1738/4500 5249/1737/4501
f 5249/1737/4501 5251/59/4503 5250/55/4502
f 5252/1478/4504 5253/1479/4505 5254/1480/4506
f 5254/1480/4506 5255/1481/4507 5252/1478/4504
f 5255/1481/4507 5254/1480/4506 5256/1482/4508
f 5256/1482/4508 5257/1483/4509 5255/1481/4507
f 5257/1483/4509 5256/1482/4508 5258/1484/4510
f 5258/1484/4510 5259/1485/4511 5257/1483/4509
f 5259/1485/4511 5258/1484/4510 5260/1486/4512
f 5260/1486/4512 5261/1487/4513 5259/1485/4511
f 5261/1487/4513 5260/1486/4512 5262/1488/4514
f 5262/1488/4514 5263/1489/4515 5261/1487/4513
f 5264/1490/4516 5265/1491/4517 5266/1492/4518
f 5267/1493/4519 5266/1492/4518 5265/1491/4517
f 5265/1491/4517 5268/1494/4520 5267/1493/4519
f 5269/1897/4521 5270/1898/4521 5271/1899/4522
f 5272/1900/4523 5269/1897/4521 5271/1899/4522
f 5272/1900/4523 5273/1901/4524 5269/1897/4521
f 5274/659/4525 5275/658/4526 5276/1902/4527
f 5276/1902/4527 5277/1903/4528 5274/659/4525
f 5277/1903/4528 5276/1902/4527 5278/665/4529
f 5278/665/4529 5279/664/4530 5277/1903/4528
f 5280/661/4531 5281/660/4532 5282/1904/4533
f 5282/1904/4533 5283/1905/4534 5280/661/4531
f 5283/1905/4534 5282/1904/4533 5284/663/4535
f 5284/663/4535 5285/662/4536 5283/1905/4534
f 5286/677/4537 5287/676/4538 5288/1906/4539
f 5288/1906/4539 5289/1907/4540 5286/677/4537
f 5289/1907/4540 5288/1906/4539 5290/669/4541
f 5290/669/4541 5291/668/4542 5289/1907/4540
f 5292/697/4543 5293/696/4544 5294/1908/4545
f 5294/1908/4545 5295/1909/4546 5292/697/4543
f 5295/1909/4546 5294/1908/4545 5296/1910/4547
f 5296/1910/4547 5297/1911/4548 5295/1909/4546
f 5298/699/4549 5299/698/4550 5300/1912/4551
f 5300/1912/4551 5301/1913/4552 5298/699/4549
f 5301/1913/4552 5300/1912/4551 5302/1911/4553
f 5302/1911/4553 5303/1910/4554 5301/1913/4552
f 5304/1478/4555 5305/1479/4556 5306/1480/4557
f 5306/1480/4557 5307/1481/4558 5304/1478/4555
f 5307/1481/4558 5306/1480/4557 5308/1482/4559
f 5308/1482/4559 5309/1483/4560 5307/1481/4558
f 5309/1483/4560 5308/1482/4559 5310/1484/4561
f 5310/1484/4561 5311/1485/4562 5309/1483/4560
f 5311/1485/4562 5310/1484/4561 5312/1486/4563
f 5312/1486/4563 5313/1487/4564 5311/1485/4562
f 5313/1487/4564 5312/1486/4563 5314/1488/4565
f 5314/1488/4565 5315/1489/4566 5313/1487/4564
f 5316/1490/4567 5317/1491/4568 5318/1492/4569
f 5319/1493/4570 5318/1492/4569 5317/1491/4568
f 5317/1491/4568 5320/1494/4571 5319/1493/4570
f 5321/1478/4555 5322/1479/4556 5323/1480/4557
f 5323/1480/4557 5324/1481/4558 5321/1478/4555
f 5324/1481/4558 5323/1480/4557 5325/1482/4559
f 5325/1482/4559 5326/1483/4560 5324/1481/4558
f 5326/1483/4560 5325/1482/4559 5327/1484/4561
f 5327/1484/4561 5328/1485/4562 5326/1483/4560
f 5328/1485/4562 5327/1484/4561 5329/1486/4563
f 5329/1486/4563 5330/1487/4564 5328/1485/4562
f 5330/1487/4564 5329/1486/4563 5331/1488/4565
f 5331/1488/4565 5332/1489/4566 5330/1487/4564
f 5333/1490/4567 5334/1491/4568 5335/1492/4569
f 5336/1493/4570 5335/1492/4569 5334/1491/4568
f 5334/1491/4568 5337/1494/4571 5336/1493/4570
f 5338/705/4572 5339/183/4573 5340/184/4574
f 5340/184/4574 5341/189/4575 5338/705/4572
f 5342/706/4576 5338/705/4572 5341/189/4575
f 5341/189/4575 5343/164/4577 5342/706/4576
f 5344/707/4578 5342/706/4576 5343/164/4577
f 5343/164/4577 5345/162/4579 5344/707/4578
f 5346/708/4580 5344/707/4578 5345/162/4579
f 5345/162/4579 5347/165/4581 5346/708/4580
f 5348/709/4582 5346/708/4580 5347/165/4581
f 5347/165/4581 5349/166/4583 5348/709/4582
f 5350/710/4584 5348/709/4582 5349/166/4583
f 5349/166/4583 5351/168/4585 5350/710/4584
f 5352/711/4586 5350/710/4584 5351/168/4585
f 5351/168/4585 5353/170/4587 5352/711/4586
f 5352/711/4586 5353/170/4587 5354/712/4588
f 5353/170/4587 5355/713/4589 5354/712/4588
f 5355/713/4589 5356/714/4588 5354/712/4588
f 5354/712/4588 5356/714/4588 5357/715/4590
f 5354/712/4588 5357/715/4590 5358/716/4591
f 5357/715/4590 5359/717/4591 5358/716/4591
f 5360/718/4592 5361/181/4593 5362/182/4593
f 5362/182/4593 5363/719/4594 5360/718/4592
f 5364/720/4595 5360/718/4592 5363/719/4594
f 5363/719/4594 5365/721/4596 5364/720/4595
f 5366/722/4597 5364/720/4595 5365/721/4596
f 5365/721/4596 5367/723/4598 5366/722/4597
f 5368/724/4599 5366/722/4597 5367/723/4598
f 5369/725/4600 5366/722/4597 5368/724/4599
f 5368/724/4599 5370/726/4600 5369/725/4600
f 5371/727/4601 5372/716/4602 5373/717/4603
f 5373/717/4603 5374/728/4604 5371/727/4601
f 5375/729/4605 5371/727/4601 5374/728/4604
f 5374/728/4604 5376/730/4606 5375/729/4605
f 5377/186/4607 5375/729/4605 5376/730/4606
f 5376/730/4606 5378/185/4608 5377/186/4607
f 5379/101/4609 5380/102/4610 5381/181/4610
f 5381/181/4610 5382/718/4611 5379/101/4609
f 5383/100/4612 5379/101/4609 5382/718/4611
f 5382/718/4611 5384/720/4613 5383/100/4612
f 5383/100/4612 5384/720/4613 5385/113/4614
f 5386/744/4615 5385/113/4614 5384/720/4613
f 5384/720/4613 5387/745/4616 5386/744/4615
f 5388/746/4617 5387/745/4616 5384/720/4613
f 5384/720/4613 5389/722/4618 5388/746/4617
f 5390/747/4619 5388/746/4617 5389/722/4618
f 5389/722/4618 5391/748/4620 5390/747/4619
f 5392/749/4621 5391/748/4620 5389/722/4618
f 5393/750/4622 5392/749/4621 5389/722/4618
f 5389/722/4618 5394/725/4622 5393/750/4622
f 5395/753/4623 5396/752/4624 5397/751/4625
f 5397/751/4625 5398/754/4626 5395/753/4623
f 5399/755/4627 5395/753/4623 5398/754/4626
f 5398/754/4626 5400/756/4628 5399/755/4627
f 5401/757/4629 5399/755/4627 5400/756/4628
f 5400/756/4628 5402/758/4630 5401/757/4629
f 5403/759/4631 5401/757/4629 5402/758/4630
f 5402/758/4630 5404/760/4632 5403/759/4631
f 5405/762/4633 5406/761/4634 5407/761/4634
f 5407/761/4634 5408/762/4635 5405/762/4633
f 5409/763/4636 5405/762/4633 5408/762/4635
f 5408/762/4635 5410/763/4637 5409/763/4636
f 5411/764/4638 5409/763/4636 5410/763/4637
f 5410/763/4637 5412/764/4639 5411/764/4638
f 5413/767/4640 5414/766/4641 5415/765/4642
f 5415/765/4642 5416/768/4643 5413/767/4640
f 5417/769/4644 5413/767/4640 5416/768/4643
f 5416/768/4643 5418/770/4645 5417/769/4644
f 5419/771/4646 5417/769/4644 5418/770/4645
f 5418/770/4645 5420/772/4647 5419/771/4646
f 5421/773/4648 5419/771/4646 5420/772/4647
f 5420/772/4647 5422/774/4649 5421/773/4648
f 5423/775/4650 5421/773/4648 5422/774/4649
f 5422/774/4649 5424/776/4651 5423/775/4650
f 5425/779/4652 5426/778/4653 5427/777/4654
f 5427/777/4654 5428/780/4655 5425/779/4652
f 5428/780/4655 5427/777/4654 5429/781/4656
f 5429/781/4656 5430/782/4657 5428/780/4655
f 5430/782/4657 5429/781/4656 5431/783/4658
f 5431/783/4658 5432/784/4659 5430/782/4657
f 5432/784/4659 5431/783/4658 5433/785/4660
f 5433/785/4660 5434/786/4661 5432/784/4659
f 5434/786/4661 5433/785/4660 5435/787/4662
f 5435/787/4662 5436/788/4663 5434/786/4661
f 5436/788/4663 5435/787/4662 5437/789/4664
f 5437/789/4664 5438/790/4665 5436/788/4663
f 5438/790/4665 5437/789/4664 5439/791/4666
f 5439/791/4666 5440/792/4667 5438/790/4665
f 5440/792/4667 5439/791/4666 5441/793/4668
f 5441/793/4668 5442/794/4669 5440/792/4667
f 5442/794/4669 5441/793/4668 5443/795/4670
f 5443/795/4670 5444/796/4671 5442/794/4669
f 5444/796/4671 5443/795/4670 5445/797/4672
f 5445/797/4672 5446/798/4673 5444/796/4671
f 5446/798/4673 5445/797/4672 5447/799/4674
f 5447/799/4674 5448/800/4675 5446/798/4673
f 5448/800/4675 5447/799/4674 5449/801/4676
f 5449/801/4676 5450/802/4677 5448/800/4675
f 5450/802/4677 5449/801/4676 5451/803/4678
f 5451/803/4678 5452/804/4679 5450/802/4677
f 5453/805/4680 5452/804/4679 5451/803/4678
f 5451/803/4678 5454/806/4681 5453/805/4680
f 5455/807/4682 5453/805/4680 5454/806/4681
f 5454/806/4681 5456/808/4683 5455/807/4682
f 5457/809/4684 5455/807/4682 5456/808/4683
f 5456/808/4683 5458/810/4685 5457/809/4684
f 5459/811/4686 5457/809/4684 5458/810/4685
f 5458/810/4685 5460/812/4687 5459/811/4686
f 5461/813/4688 5459/811/4686 5460/812/4687
f 5460/812/4687 5462/814/4689 5461/813/4688
f 5461/813/4688 5462/814/4689 5463/815/4690
f 5463/815/4690 5464/816/4691 5461/813/4688
f 5464/816/4691 5463/815/4690 5465/817/4692
f 5465/817/4692 5466/818/4693 5464/816/4691
f 5466/818/4693 5465/817/4692 5467/819/4694
f 5467/819/4694 5468/820/4695 5466/818/4693
f 5469/821/4696 5468/820/4695 5467/819/4694
f 5467/819/4694 5470/822/4697 5469/821/4696
f 5471/823/4698 5469/821/4696 5470/822/4697
f 5470/822/4697 5472/824/4699 5471/823/4698
f 5473/825/4700 5471/823/4698 5472/824/4699
f 5472/824/4699 5474/826/4701 5473/825/4700
f 5473/825/4700 5474/826/4701 5475/605/4702
f 5475/605/4702 5476/606/4703 5473/825/4700
f 5477/828/4704 5478/827/4705 5479/829/4706
f 5480/830/4707 5477/828/4704 5479/829/4706
f 5479/829/4706 5481/831/4708 5480/830/4707
f 5482/832/4709 5480/830/4707 5481/831/4708
f 5483/833/4710 5482/832/4709 5481/831/4708
f 5484/834/4711 5483/833/4710 5481/831/4708
f 5485/835/4712 5482/832/4709 5483/833/4710
f 5486/836/4713 5483/833/4710 5484/834/4711
f 5483/833/4710 5487/837/4714 5485/835/4712
f 5486/836/4713 5487/837/4714 5483/833/4710
f 5488/838/4715 5487/837/4714 5486/836/4713
f 5486/836/4713 5489/839/4716 5488/838/4715
f 5490/840/4717 5488/838/4715 5489/839/4716
f 5489/839/4716 5491/841/4718 5490/840/4717
f 5492/842/4719 5490/840/4717 5491/841/4718
f 5491/841/4718 5493/843/4720 5492/842/4719
f 5494/844/4721 5492/842/4719 5493/843/4720
f 5493/843/4720 5491/841/4718 5495/845/4722
f 5496/846/4723 5495/845/4722 5491/841/4718
f 5495/845/4722 5497/847/4724 5493/843/4720
f 5491/841/4718 5498/839/4725 5496/846/4723
f 5499/848/4726 5496/846/4723 5498/839/4725
f 5500/849/4727 5493/843/4720 5497/847/4724
f 5493/843/4720 5500/849/4727 5494/844/4721
f 5501/850/4728 5494/844/4721 5500/849/4727
f 5497/847/4724 5502/851/4729 5500/849/4727
f 5500/849/4727 5503/852/4730 5501/850/4728
f 5503/852/4730 5500/849/4727 5502/851/4729
f 5502/851/4729 5504/853/4731 5503/852/4730
f 5505/854/4732 5499/848/4726 5498/839/4725
f 5506/836/4733 5505/854/4732 5498/839/4725
f 5507/834/4734 5505/854/4732 5506/836/4733
f 5507/834/4734 5499/848/4726 5505/854/4732
f 5507/834/4734 5508/855/4735 5499/848/4726
f 5507/834/4734 5509/831/4736 5508/855/4735
f 5510/856/4737 5508/855/4735 5509/831/4736
f 5509/831/4736 5511/829/4738 5510/856/4737
f 5512/857/4739 5510/856/4737 5511/829/4738
f 5513/858/4740 5512/857/4739 5511/829/4738
f 5514/859/4741 5513/858/4740 5511/829/4738
f 5515/827/4742 5514/859/4741 5511/829/4738
f 5514/859/4741 5515/827/4742 5516/860/4743
f 5512/857/4739 5513/858/4740 5517/861/4744
f 5517/861/4744 5518/862/4745 5512/857/4739
f 5513/858/4740 5514/859/4741 5519/863/4746
f 5516/860/4743 5519/863/4746 5514/859/4741
f 5519/863/4746 5517/861/4744 5513/858/4740
f 5519/863/4746 5516/860/4743 5520/864/4747
f 5520/864/4747 5521/867/4748 5519/863/4746
f 5517/861/4744 5519/863/4746 5521/867/4748
f 5521/867/4748 5520/864/4747 5522/868/4749
f 5518/862/4745 5517/861/4744 5523/865/4750
f 5521/867/4748 5523/865/4750 5517/861/4744
f 5523/865/4750 5524/866/4751 5518/862/4745
f 5522/868/4749 5525/870/4752 5521/867/4748
f 5523/865/4750 5521/867/4748 5525/870/4752
f 5525/870/4752 5522/868/4749 5526/871/4753
f 5524/866/4751 5523/865/4750 5527/869/4754
f 5525/870/4752 5527/869/4754 5523/865/4750
f 5527/869/4754 5528/872/4755 5524/866/4751
f 5526/871/4753 5529/873/4756 5525/870/4752
f 5527/869/4754 5525/870/4752 5529/873/4756
f 5529/873/4756 5526/871/4753 5530/874/4757
f 5531/876/4758 5532/875/4759 5528/872/4755
f 5533/877/4760 5531/876/4758 5528/872/4755
f 5530/874/4757 5534/879/4761 5529/873/4756
f 5534/879/4761 5530/874/4757 5535/880/4762
f 5529/873/4756 5536/878/4763 5527/869/4754
f 5528/872/4755 5527/869/4754 5536/878/4763
f 5536/878/4763 5529/873/4756 5534/879/4761
f 5533/877/4760 5528/872/4755 5536/878/4763
f 5535/880/4762 5537/883/4764 5534/879/4761
f 5533/877/4760 5536/878/4763 5538/881/4765
f 5534/879/4761 5538/881/4765 5536/878/4763
f 5538/881/4765 5534/879/4761 5537/883/4764
f 5538/881/4765 5539/882/4766 5533/877/4760
f 5537/883/4764 5535/880/4762 5540/884/4767
f 5539/882/4766 5538/881/4765 5541/885/4768
f 5537/883/4764 5541/885/4768 5538/881/4765
f 5541/885/4768 5542/886/4769 5539/882/4766
f 5543/887/4770 5542/886/4769 5541/885/4768
f 5540/884/4767 5544/888/4771 5537/883/4764
f 5541/885/4768 5537/883/4764 5544/888/4771
f 5541/885/4768 5545/889/4772 5543/887/4770
f 5544/888/4771 5545/889/4772 5541/885/4768
f 5546/890/4773 5543/887/4770 5545/889/4772
f 5547/891/4774 5544/888/4771 5540/884/4767
f 5540/884/4767 5548/892/4775 5547/891/4774
f 5549/893/4776 5545/889/4772 5544/888/4771
f 5545/889/4772 5549/893/4776 5546/890/4773
f 5544/888/4771 5547/891/4774 5549/893/4776
f 5550/894/4777 5546/890/4773 5549/893/4776
f 5551/32/4778 5552/895/4779 5550/894/4777
f 5550/894/4777 5553/31/4780 5551/32/4778
f 5549/893/4776 5553/31/4780 5550/894/4777
f 5553/31/4780 5549/893/4776 5547/891/4774
f 5547/891/4774 5554/896/4781 5553/31/4780
f 5554/896/4781 5547/891/4774 5548/892/4775
f 5548/892/4775 5555/897/4782 5554/896/4781
f 5556/898/4783 5553/31/4780 5554/896/4781
f 5557/899/4784 5554/896/4781 5555/897/4782
f 5554/896/4781 5557/899/4784 5556/898/4783
f 5555/897/4782 5558/900/4785 5557/899/4784
f 5558/900/4785 5559/901/4786 5557/899/4784
f 5556/898/4783 5560/903/4787 5561/902/4788
f 5561/902/4788 5562/35/4789 5556/898/4783
f 5563/31/4790 5556/898/4783 5562/35/4789
f 5557/899/4784 5564/903/4791 5556/898/4783
f 5559/901/4786 5565/904/4792 5557/899/4784
f 5565/904/4792 5559/901/4786 5566/905/4793
f 5567/906/4794 5564/903/4791 5557/899/4784
f 5565/904/4792 5567/906/4794 5557/899/4784
f 5566/905/4793 5568/907/4795 5565/904/4792
f 5567/906/4794 5565/904/4792 5568/907/4795
f 5568/907/4795 5566/905/4793 5569/908/4796
f 5564/903/4791 5567/906/4794 5570/909/4797
f 5568/907/4795 5570/909/4797 5567/906/4794
f 5570/909/4797 5571/910/4798 5564/903/4791
f 5569/908/4796 5572/911/4799 5568/907/4795
f 5570/909/4797 5568/907/4795 5572/911/4799
f 5572/911/4799 5569/908/4796 5573/912/4800
f 5571/910/4798 5570/909/4797 5574/913/4801
f 5572/911/4799 5574/913/4801 5570/909/4797
f 5574/913/4801 5575/914/4802 5571/910/4798
f 5573/912/4800 5576/915/4803 5572/911/4799
f 5574/913/4801 5572/911/4799 5576/915/4803
f 5576/915/4803 5573/912/4800 5577/916/4804
f 5575/914/4802 5574/913/4801 5578/917/4805
f 5576/915/4803 5578/917/4805 5574/913/4801
f 5578/917/4805 5579/918/4806 5575/914/4802
f 5577/916/4804 5580/919/4807 5576/915/4803
f 5578/917/4805 5576/915/4803 5580/919/4807
f 5580/919/4807 5577/916/4804 5581/920/4808
f 5579/918/4806 5578/917/4805 5582/921/4809
f 5580/919/4807 5582/921/4809 5578/917/4805
f 5582/921/4809 5583/922/4810 5579/918/4806
f 5581/920/4808 5584/923/4811 5580/919/4807
f 5582/921/4809 5580/919/4807 5584/923/4811
f 5584/923/4811 5581/920/4808 5585/924/4812
f 5583/922/4810 5582/921/4809 5586/925/4813
f 5584/923/4811 5586/925/4813 5582/921/4809
f 5586/925/4813 5587/926/4814 5583/922/4810
f 5585/924/4812 5588/927/4815 5584/923/4811
f 5586/925/4813 5584/923/4811 5588/927/4815
f 5588/927/4815 5585/924/4812 5589/928/4816
f 5587/926/4814 5586/925/4813 5590/929/4817
f 5588/927/4815 5590/929/4817 5586/925/4813
f 5590/929/4817 5591/930/4818 5587/926/4814
f 5589/928/4816 5592/931/4819 5588/927/4815
f 5590/929/4817 5588/927/4815 5592/931/4819
f 5592/931/4819 5589/928/4816 5593/932/4820
f 5591/930/4818 5590/929/4817 5594/933/4821
f 5592/931/4819 5594/933/4821 5590/929/4817
f 5594/933/4821 5595/934/4822 5591/930/4818
f 5593/932/4820 5596/935/4823 5592/931/4819
f 5594/933/4821 5592/931/4819 5596/935/4823
f 5596/935/4823 5593/932/4820 5597/936/4824
f 5595/934/4822 5594/933/4821 5598/937/4825
f 5596/935/4823 5598/937/4825 5594/933/4821
f 5598/937/4825 5599/938/4826 5595/934/4822
f 5597/936/4824 5600/939/4827 5596/935/4823
f 5598/937/4825 5596/935/4823 5600/939/4827
f 5600/939/4827 5597/936/4824 5601/940/4828
f 5599/938/4826 5598/937/4825 5602/941/4829
f 5600/939/4827 5602/941/4829 5598/937/4825
f 5602/941/4829 5603/942/4830 5599/938/4826
f 5601/940/4828 5604/943/4831 5600/939/4827
f 5602/941/4829 5600/939/4827 5604/943/4831
f 5603/942/4830 5602/941/4829 5605/944/4832
f 5604/943/4831 5605/944/4832 5602/941/4829
f 5605/944/4832 5606/38/4833 5603/942/4830
f 5606/38/4833 5605/944/4832 5607/37/4834
f 5605/944/4832 5604/943/4831 5607/37/4834
f 5604/943/4831 5601/940/4828 5607/37/4834
f 5607/37/4834 5601/940/4828 5608/945/4835
f 5608/945/4835 5609/946/4836 5607/37/4834
f 5610/257/4837 5611/28/4838 5612/29/4839
f 5612/29/4839 5613/26/4840 5610/257/4837
f 5613/26/4840 5612/29/4839 5614/28/4841
f 5614/28/4841 5615/27/4842 5613/26/4840
f 5616/947/4843 5617/20/4844 5618/19/4845
f 5618/19/4845 5619/948/4846 5616/947/4843
f 5620/22/4847 5616/947/4843 5619/948/4846
f 5619/948/4846 5621/23/4848 5620/22/4847
f 5622/951/4849 5623/950/4849 5624/949/4850
f 5624/949/4850 5625/952/4851 5622/951/4849
f 5626/953/4852 5625/952/4851 5624/949/4850
f 5625/952/4851 5626/953/4852 5627/954/4853
f 5627/954/4853 5628/955/4854 5625/952/4851
f 5628/955/4854 5627/954/4853 5629/956/4855
f 5629/956/4855 5630/957/4856 5628/955/4854
f 5630/957/4856 5629/956/4855 5631/958/4857
f 5631/958/4857 5632/959/4858 5630/957/4856
f 5632/959/4858 5631/958/4857 5633/960/4859
f 5633/960/4859 5634/961/4860 5632/959/4858
f 5634/961/4860 5633/960/4859 5635/962/4861
f 5635/962/4861 5636/963/4862 5634/961/4860
f 5636/963/4862 5635/962/4861 5637/964/4863
f 5637/964/4863 5638/965/4864 5636/963/4862
f 5638/965/4864 5637/964/4863 5639/966/4865
f 5639/966/4865 5640/967/4866 5638/965/4864
f 5640/967/4866 5639/966/4865 5641/968/4867
f 5641/968/4867 5642/969/4868 5640/967/4866
f 5642/969/4868 5641/968/4867 5643/970/4869
f 5643/970/4869 5644/971/4870 5642/969/4868
f 5644/971/4870 5643/970/4869 5645/972/4871
f 5645/972/4871 5646/973/4872 5644/971/4870
f 5646/973/4872 5645/972/4871 5647/974/4873
f 5647/974/4873 5648/975/4874 5646/973/4872
f 5649/978/4875 5650/977/4875 5651/976/4876
f 5651/976/4876 5652/979/4877 5649/978/4875
f 5651/976/4876 5653/980/4878 5652/979/4877
f 5654/982/4879 5653/980/4880 5655/981/4881
f 5655/981/4881 5656/983/4882 5654/982/4879
f 5656/983/4882 5655/981/4881 5657/984/4883
f 5657/984/4883 5658/985/4884 5656/983/4882
f 5658/985/4884 5657/984/4883 5659/986/4885
f 5659/986/4885 5660/987/4886 5658/985/4884
f 5660/987/4886 5659/986/4885 5661/988/4887
f 5661/988/4887 5662/989/4888 5660/987/4886
f 5662/989/4888 5661/988/4887 5663/990/4889
f 5663/990/4889 5664/991/4890 5662/989/4888
f 5664/991/4890 5663/990/4889 5665/992/4891
f 5665/992/4891 5666/993/4892 5664/991/4890
f 5666/993/4892 5665/992/4891 5667/994/4893
f 5667/994/4893 5668/995/4894 5666/993/4892
f 5668/995/4894 5667/994/4893 5669/996/4895
f 5669/996/4895 5670/997/4896 5668/995/4894
f 5670/997/4896 5669/996/4895 5671/998/4897
f 5671/998/4897 5672/999/4898 5670/997/4896
f 5672/999/4898 5671/998/4897 5673/1000/4899
f 5673/1000/4899 5674/1001/4900 5672/999/4898
f 5673/1000/4899 5675/1002/4901 5674/1001/4900
f 5674/1001/4900 5675/1002/4901 5676/1003/4902
f 5676/1003/4902 5677/1004/4903 5674/1001/4900
f 5678/1008/4904 5679/1009/4905 5680/1007/4906
f 5681/1005/4907 5678/1008/4904 5680/1007/4906
f 5682/1006/4908 5681/1005/4907 5680/1007/4906
f 5683/1012/4909 5684/1011/4910 5685/1010/4911
f 5685/1010/4911 5686/1013/4912 5683/1012/4909
f 5686/1013/4912 5685/1010/4911 5687/1014/4913
f 5687/1014/4913 5688/1015/4914 5686/1013/4912
f 5688/1015/4914 5687/1014/4913 5689/1016/4915
f 5689/1016/4915 5690/1017/4916 5688/1015/4914
f 5690/1017/4916 5689/1016/4915 5691/1018/4917
f 5691/1018/4917 5692/1019/4918 5690/1017/4916
f 5692/1019/4918 5691/1018/4917 5693/1020/4919
f 5693/1020/4919 5694/1021/4920 5692/1019/4918
f 5694/1021/4920 5693/1020/4919 5695/1022/4921
f 5695/1022/4921 5696/1023/4922 5694/1021/4920
f 5696/1023/4922 5695/1022/4921 5697/1024/4923
f 5697/1024/4923 5698/1025/4924 5696/1023/4922
f 5698/1025/4924 5697/1024/4923 5699/1026/4925
f 5699/1026/4925 5700/1027/4926 5698/1025/4924
f 5700/1027/4926 5699/1026/4925 5701/1028/4927
f 5701/1028/4927 5702/1029/4928 5700/1027/4926
f 5702/1029/4928 5701/1028/4927 5703/1030/4929
f 5703/1030/4929 5704/1031/4930 5702/1029/4928
f 5704/1031/4930 5703/1030/4929 5705/1032/4931
f 5705/1032/4931 5706/1033/4932 5704/1031/4930
f 5706/1033/4932 5705/1032/4931 5707/1034/4933
f 5707/1034/4933 5708/1035/4934 5706/1033/4932
f 5709/1036/4935 5708/1035/4934 5707/1034/4933
f 5707/1034/4933 5710/1037/4936 5709/1036/4935
f 5711/1039/4937 5712/1038/4938 5713/1040/4939
f 5712/1038/4938 5711/1039/4937 5714/1041/4940
f 5714/1041/4940 5715/1042/4941 5712/1038/4938
f 5715/1042/4941 5714/1041/4940 5716/1043/4942
f 5716/1043/4942 5717/1044/4943 5715/1042/4941
f 5717/1044/4943 5716/1043/4942 5718/1045/4944
f 5718/1045/4944 5719/1046/4945 5717/1044/4943
f 5719/1046/4945 5718/1045/4944 5720/1047/4946
f 5720/1047/4946 5721/1048/4947 5719/1046/4945
f 5721/1048/4947 5720/1047/4946 5722/1049/4948
f 5722/1049/4948 5723/1050/4949 5721/1048/4947
f 5723/1050/4949 5722/1049/4948 5724/1051/4950
f 5724/1051/4950 5725/1052/4951 5723/1050/4949
f 5725/1052/4951 5724/1051/4950 5726/1053/4952
f 5726/1053/4952 5727/1054/4953 5725/1052/4951
f 5727/1054/4953 5726/1053/4952 5728/1055/4954
f 5728/1055/4954 5729/1056/4955 5727/1054/4953
f 5729/1056/4955 5728/1055/4954 5730/1057/4956
f 5730/1057/4956 5731/1058/4957 5729/1056/4955
f 5731/1058/4957 5730/1057/4956 5732/1059/4958
f 5732/1059/4958 5733/1060/4959 5731/1058/4957
f 5733/1060/4959 5732/1059/4958 5734/1061/4960
f 5734/1061/4960 5735/1062/4961 5733/1060/4959
f 5735/1062/4961 5734/1061/4960 5736/1063/4962
f 5736/1063/4962 5737/1064/4963 5735/1062/4961
f 5737/1064/4963 5736/1063/4962 5738/1065/4964
f 5738/1065/4964 5739/1066/4965 5737/1064/4963
f 5739/1066/4965 5738/1065/4964 5740/1067/4966
f 5740/1067/4966 5741/1068/4967 5739/1066/4965
f 5741/1068/4967 5740/1067/4966 5742/1069/4968
f 5742/1069/4968 5743/1070/4969 5741/1068/4967
f 5743/1070/4969 5742/1069/4968 5744/1071/4970
f 5744/1071/4970 5745/1072/4971 5743/1070/4969
f 5745/1072/4971 5744/1071/4970 5746/1073/4972
f 5746/1073/4972 5747/1074/4973 5745/1072/4971
f 5747/1074/4973 5746/1073/4972 5748/1075/4974
f 5748/1075/4974 5749/1076/4975 5747/1074/4973
f 5749/1076/4975 5748/1075/4974 5750/1077/4976
f 5750/1077/4976 5751/1078/4977 5749/1076/4975
f 5751/1078/4977 5750/1077/4976 5752/1079/4978
f 5752/1079/4978 5753/1080/4979 5751/1078/4977
f 5753/1080/4979 5752/1079/4978 5754/1081/4980
f 5754/1081/4980 5755/1082/4981 5753/1080/4979
f 5755/1082/4981 5754/1081/4980 5756/1083/4982
f 5756/1083/4982 5757/1084/4983 5755/1082/4981
f 5757/1084/4983 5756/1083/4982 5758/1085/4984
f 5758/1085/4984 5759/1086/4985 5757/1084/4983
f 5759/1086/4985 5758/1085/4984 5760/1087/4986
f 5760/1087/4986 5761/1088/4987 5759/1086/4985
f 5761/1088/4987 5760/1087/4986 5762/86/4988
f 5762/86/4988 5763/1089/4989 5761/1088/4987
f 5762/86/4988 5764/87/4990 5763/1089/4989
f 5765/1090/4991 5766/902/4992 5767/903/4993
f 5767/903/4993 5768/910/4994 5765/1090/4991
f 5769/1091/4995 5765/1090/4991 5768/910/4994
f 5768/910/4994 5770/914/4996 5769/1091/4995
f 5771/1092/4997 5769/1091/4995 5770/914/4996
f 5770/914/4996 5772/918/4998 5771/1092/4997
f 5773/1093/4999 5771/1092/4997 5772/918/4998
f 5772/918/4998 5774/922/5000 5773/1093/4999
f 5775/1094/5001 5773/1093/4999 5774/922/5000
f 5774/922/5000 5776/926/5002 5775/1094/5001
f 5777/1095/5003 5775/1094/5001 5776/926/5002
f 5776/926/5002 5778/930/5004 5777/1095/5003
f 5779/1096/5005 5777/1095/5003 5778/930/5004
f 5778/930/5004 5780/934/5006 5779/1096/5005
f 5781/1097/5007 5779/1096/5005 5780/934/5006
f 5780/934/5006 5782/938/5008 5781/1097/5007
f 5783/1098/5009 5781/1097/5007 5782/938/5008
f 5782/938/5008 5784/942/5010 5783/1098/5009
f 5785/39/5011 5783/1098/5009 5784/942/5010
f 5784/942/5010 5786/38/5012 5785/39/5011
f 5787/1099/5013 5788/266/5014 5789/267/5015
f 5789/267/5015 5790/1100/5016 5787/1099/5013
f 5791/1101/5017 5787/1099/5013 5790/1100/5016
f 5790/1100/5016 5792/1102/5018 5791/1101/5017
f 5793/1103/5019 5794/1101/5020 5795/1102/5021
f 5795/1102/5021 5796/1104/5022 5793/1103/5019
f 5797/273/5023 5793/1103/5019 5796/1104/5022
f 5796/1104/5022 5798/272/5024 5797/273/5023
f 5799/1105/5025 5800/284/5026 5801/285/5027
f 5801/285/5027 5802/1106/5028 5799/1105/5025
f 5803/1107/5029 5799/1105/5025 5802/1106/5028
f 5802/1106/5028 5804/1108/5030 5803/1107/5029
f 5805/1111/5031 5806/1110/5032 5807/1109/5032
f 5807/1109/5032 5808/1112/5033 5805/1111/5031
f 5809/1113/5034 5805/1111/5031 5808/1112/5033
f 5808/1112/5033 5810/42/5035 5809/1113/5034
f 5811/40/5036 5809/1113/5034 5810/42/5035
f 5812/1114/5037 5813/44/5038 5814/43/5039
f 5815/1115/5040 5812/1114/5037 5814/43/5039
f 5816/1116/5041 5812/1114/5037 5815/1115/5040
f 5815/1115/5040 5817/1117/5042 5816/1116/5041
f 5818/1118/5043 5816/1116/5041 5817/1117/5042
f 5817/1117/5042 5819/1119/5044 5818/1118/5043
f 5820/1120/5045 5818/1118/5043 5819/1119/5044
f 5819/1119/5044 5821/1121/5046 5820/1120/5045
f 5822/1124/5047 5823/1123/5048 5824/1122/5049
f 5824/1122/5049 5825/1125/5050 5822/1124/5047
f 5825/1125/5050 5824/1122/5049 5826/1126/5051
f 5826/1126/5051 5827/1127/5052 5825/1125/5050
f 5827/1127/5052 5826/1126/5051 5828/1128/5053
f 5828/1128/5053 5829/1129/5054 5827/1127/5052
f 5829/1129/5054 5828/1128/5053 5830/1130/5055
f 5830/1130/5055 5831/1131/5056 5829/1129/5054
f 5832/590/5057 5833/591/5058 5834/1150/5059
f 5835/1151/5060 5834/1150/5059 5833/591/5058
f 5833/591/5058 5836/1152/5061 5835/1151/5060
f 5835/1151/5060 5836/1152/5061 5837/1153/5062
f 5837/1153/5062 5838/1151/5063 5835/1151/5060
f 5839/1110/5064 5838/1151/5063 5837/1153/5062
f 5837/1153/5062 5840/1109/5065 5839/1110/5064
f 5841/1156/5066 5842/1155/5067 5843/1154/5068
f 5843/1154/5068 5844/1157/5069 5841/1156/5066
f 5845/1158/5070 5841/1156/5066 5844/1157/5069
f 5844/1157/5069 5846/1159/5071 5845/1158/5070
f 5845/1158/5070 5846/1159/5071 5847/1160/5072
f 5847/1160/5072 5848/1161/5073 5845/1158/5070
f 5849/1163/5074 5850/1162/5075 5851/1164/5076
f 5852/1165/5077 5849/1163/5074 5851/1164/5076
f 5851/1164/5076 5853/1166/5078 5852/1165/5077
f 5854/1167/5079 5852/1165/5077 5853/1166/5078
f 5853/1166/5078 5855/1168/5080 5854/1167/5079
f 5856/1169/5081 5854/1167/5079 5855/1168/5080
f 5855/1168/5080 5857/1170/5082 5856/1169/5081
f 5858/1205/5083 5859/1208/5084 5860/1207/5085
f 5860/1207/5085 5861/1206/5086 5858/1205/5083
f 5861/1206/5086 5860/1207/5085 5862/1209/5087
f 5862/1209/5087 5863/1210/5088 5861/1206/5086
f 5863/1210/5088 5864/1209/5089 5865/48/5089
f 5865/48/5089 5866/45/5089 5863/1210/5088
f 5867/1302/5090 5868/1301/5091 5869/1300/5092
f 5869/1300/5092 5870/1303/5093 5867/1302/5090
f 5871/1304/5094 5867/1302/5090 5870/1303/5093
f 5870/1303/5093 5872/1305/5095 5871/1304/5094
f 5873/1306/5096 5871/1304/5094 5872/1305/5095
f 5872/1305/5095 5874/1307/5097 5873/1306/5096
f 5875/1308/5098 5873/1306/5096 5874/1307/5097
f 5874/1307/5097 5876/1309/5099 5875/1308/5098
f 5877/1310/5100 5875/1308/5098 5876/1309/5099
f 5876/1309/5099 5878/1311/5101 5877/1310/5100
f 5879/1312/5102 5877/1310/5100 5878/1311/5101
f 5878/1311/5101 5880/1313/5103 5879/1312/5102
f 5881/1314/5104 5879/1312/5102 5880/1313/5103
f 5880/1313/5103 5882/1315/5105 5881/1314/5104
f 5883/1316/5106 5881/1314/5104 5882/1315/5105
f 5882/1315/5105 5884/1317/5107 5883/1316/5106
f 5885/1318/5108 5883/1316/5106 5884/1317/5107
f 5884/1317/5107 5886/1319/5109 5885/1318/5108
f 5887/1320/5110 5885/1318/5108 5886/1319/5109
f 5886/1319/5109 5888/1321/5111 5887/1320/5110
f 5889/1324/5112 5890/1323/5113 5891/1322/5114
f 5891/1322/5114 5892/1325/5115 5889/1324/5112
f 5893/1326/5116 5889/1324/5112 5892/1325/5115
f 5892/1325/5115 5894/1327/5117 5893/1326/5116
f 5895/1328/5118 5893/1326/5116 5894/1327/5117
f 5894/1327/5117 5896/1329/5119 5895/1328/5118
f 5897/1330/5120 5895/1328/5118 5896/1329/5119
f 5896/1329/5119 5898/1331/5121 5897/1330/5120
f 5899/1332/5122 5897/1330/5120 5898/1331/5121
f 5898/1331/5121 5900/1333/5123 5899/1332/5122
f 5901/1336/5124 5902/1335/5125 5903/1334/5126
f 5903/1334/5126 5904/1337/5127 5901/1336/5124
f 5905/1338/5128 5901/1336/5124 5904/1337/5127
f 5904/1337/5127 5906/1339/5129 5905/1338/5128
f 5907/1340/5130 5905/1338/5128 5906/1339/5129
f 5906/1339/5129 5908/1341/5131 5907/1340/5130
f 5909/1342/5132 5907/1340/5130 5908/1341/5131
f 5908/1341/5131 5910/1343/5133 5909/1342/5132
f 5911/1344/5134 5909/1342/5132 5910/1343/5133
f 5910/1343/5133 5912/1345/5135 5911/1344/5134
f 5913/1303/5136 5914/1300/5137 5915/1346/5138
f 5915/1346/5138 5916/1347/5139 5913/1303/5136
f 5917/1305/5140 5913/1303/5136 5916/1347/5139
f 5916/1347/5139 5918/1348/5141 5917/1305/5140
f 5919/1307/5142 5917/1305/5140 5918/1348/5141
f 5918/1348/5141 5920/1349/5143 5919/1307/5142
f 5921/1309/5144 5919/1307/5142 5920/1349/5143
f 5920/1349/5143 5922/1350/5145 5921/1309/5144
f 5923/1311/5146 5921/1309/5144 5922/1350/5145
f 5922/1350/5145 5924/1351/5147 5923/1311/5146
f 5925/1313/5148 5923/1311/5146 5924/1351/5147
f 5924/1351/5147 5926/1352/5149 5925/1313/5148
f 5927/1315/5150 5925/1313/5148 5926/1352/5149
f 5926/1352/5149 5928/1353/5151 5927/1315/5150
f 5929/1317/5152 5927/1315/5150 5928/1353/5151
f 5928/1353/5151 5930/1354/5153 5929/1317/5152
f 5931/1319/5154 5929/1317/5152 5930/1354/5153
f 5930/1354/5153 5932/1355/5155 5931/1319/5154
f 5933/1321/5156 5931/1319/5154 5932/1355/5155
f 5932/1355/5155 5934/1356/5157 5933/1321/5156
f 5935/1358/5158 5936/1357/5159 5937/1323/5160
f 5937/1323/5160 5938/1324/5161 5935/1358/5158
f 5939/1359/5162 5935/1358/5158 5938/1324/5161
f 5938/1324/5161 5940/1326/5163 5939/1359/5162
f 5941/1360/5164 5939/1359/5162 5940/1326/5163
f 5940/1326/5163 5942/1328/5165 5941/1360/5164
f 5943/1361/5166 5941/1360/5164 5942/1328/5165
f 5942/1328/5165 5944/1330/5167 5943/1361/5166
f 5945/1362/5168 5943/1361/5166 5944/1330/5167
f 5944/1330/5167 5946/1332/5169 5945/1362/5168
f 5947/1364/5170 5948/1363/5171 5949/1335/5172
f 5949/1335/5172 5950/1336/5173 5947/1364/5170
f 5951/1365/5174 5947/1364/5170 5950/1336/5173
f 5950/1336/5173 5952/1338/5175 5951/1365/5174
f 5953/1366/5176 5951/1365/5174 5952/1338/5175
f 5952/1338/5175 5954/1340/5177 5953/1366/5176
f 5955/1367/5178 5953/1366/5176 5954/1340/5177
f 5954/1340/5177 5956/1342/5179 5955/1367/5178
f 5957/1368/5180 5955/1367/5178 5956/1342/5179
f 5956/1342/5179 5958/1344/5181 5957/1368/5180
f 5959/1371/5182 5960/1370/5183 5961/1369/5184
f 5961/1369/5184 5962/1372/5185 5959/1371/5182
f 5963/1373/5186 5959/1371/5182 5962/1372/5185
f 5962/1372/5185 5964/1374/5187 5963/1373/5186
f 5965/1375/5188 5963/1373/5186 5964/1374/5187
f 5964/1374/5187 5966/1376/5189 5965/1375/5188
f 5967/1377/5190 5965/1375/5188 5966/1376/5189
f 5966/1376/5189 5968/1378/5191 5967/1377/5190
f 5969/1379/5192 5967/1377/5193 5968/1378/5191
f 5968/1378/5194 5970/1380/5195 5969/1379/5194
f 5971/1381/5196 5969/1379/5197 5970/1380/5195
f 5970/1380/5195 5972/1382/5198 5971/1381/5196
f 5973/1383/5199 5971/1381/5196 5972/1382/5198
f 5972/1382/5198 5974/1384/5200 5973/1383/5199
f 5975/1385/5201 5973/1383/5199 5974/1384/5200
f 5974/1384/5200 5976/1386/5202 5975/1385/5201
f 5977/1387/5203 5975/1385/5201 5976/1386/5202
f 5976/1386/5202 5978/1388/5204 5977/1387/5203
f 5979/1389/5205 5977/1387/5203 5978/1388/5204
f 5978/1388/5204 5980/1390/5206 5979/1389/5205
f 5981/1391/5207 5979/1389/5205 5980/1390/5206
f 5980/1390/5206 5982/1392/5208 5981/1391/5207
f 5983/1393/5209 5981/1391/5207 5982/1392/5208
f 5982/1392/5208 5984/1394/5210 5983/1393/5209
f 5985/1395/5211 5983/1393/5209 5984/1394/5210
f 5984/1394/5210 5986/1396/5212 5985/1395/5211
f 5987/1397/5213 5985/1395/5211 5986/1396/5212
f 5986/1396/5212 5988/1398/5214 5987/1397/5213
f 5989/1399/5215 5987/1397/5213 5988/1398/5214
f 5988/1398/5214 5990/1400/5216 5989/1399/5215
f 5991/1401/5217 5989/1399/5215 5990/1400/5216
f 5990/1400/5216 5992/1402/5218 5991/1401/5217
f 5993/1403/5219 5991/1401/5217 5992/1402/5218
f 5992/1402/5218 5994/1404/5220 5993/1403/5219
f 5995/1405/5221 5993/1403/5219 5994/1404/5220
f 5994/1404/5220 5996/1406/5222 5995/1405/5221
f 5997/1407/5223 5995/1405/5221 5996/1406/5222
f 5996/1406/5222 5998/1408/5224 5997/1407/5223
f 5999/1409/5225 5997/1407/5223 5998/1408/5224
f 5998/1408/5224 6000/1410/5226 5999/1409/5225
f 6001/1411/5227 5999/1409/5225 6000/1410/5226
f 6000/1410/5226 6002/1412/5228 6001/1411/5227
f 6003/1413/5229 6001/1411/5227 6002/1412/5228
f 6002/1412/5228 6004/1414/5230 6003/1413/5229
f 6005/1417/5231 6006/1416/5232 6007/1415/5233
f 6007/1415/5233 6008/1418/5234 6005/1417/5231
f 6009/1419/5235 6005/1417/5231 6008/1418/5234
f 6008/1418/5234 6010/1420/5236 6009/1419/5235
f 6011/1421/5237 6009/1419/5235 6010/1420/5236
f 6010/1420/5236 6012/1422/5238 6011/1421/5237
f 6013/1423/5239 6011/1421/5237 6012/1422/5238
f 6012/1422/5238 6014/1424/5240 6013/1423/5239
f 6015/1425/5241 6013/1423/5239 6014/1424/5240
f 6014/1424/5240 6016/1426/5242 6015/1425/5241
f 6017/1427/5243 6015/1425/5241 6016/1426/5242
f 6016/1426/5242 6018/1428/5244 6017/1427/5243
f 6019/1429/5245 6017/1427/5243 6018/1428/5244
f 6018/1428/5244 6020/1430/5246 6019/1429/5245
f 6021/1431/5247 6019/1429/5245 6020/1430/5246
f 6020/1430/5246 6022/1432/5248 6021/1431/5247
f 6023/1433/5249 6021/1431/5247 6022/1432/5248
f 6022/1432/5248 6024/1434/5250 6023/1433/5249
f 6025/1435/5251 6023/1433/5249 6024/1434/5250
f 6024/1434/5250 6026/1436/5252 6025/1435/5251
f 6027/1437/5253 6025/1435/5251 6026/1436/5252
f 6026/1436/5252 6028/1438/5254 6027/1437/5253
f 6029/1439/5255 6027/1437/5253 6028/1438/5254
f 6028/1438/5254 6030/1440/5256 6029/1439/5255
f 6031/1441/5257 6029/1439/5255 6030/1440/5256
f 6030/1440/5256 6032/1442/5258 6031/1441/5257
f 6033/1443/5259 6031/1441/5257 6032/1442/5258
f 6032/1442/5258 6034/1444/5260 6033/1443/5259
f 6035/1445/5261 6033/1443/5259 6034/1444/5260
f 6034/1444/5260 6036/1446/5262 6035/1445/5261
f 6037/1447/5263 6035/1445/5261 6036/1446/5262
f 6036/1446/5262 6038/1448/5264 6037/1447/5263
f 6039/1449/5265 6037/1447/5263 6038/1448/5264
f 6038/1448/5264 6040/1450/5266 6039/1449/5265
f 6041/1451/5267 6039/1449/5265 6040/1450/5266
f 6040/1450/5266 6042/1452/5268 6041/1451/5267
f 6043/1453/5269 6041/1451/5267 6042/1452/5268
f 6042/1452/5268 6044/1454/5270 6043/1453/5269
f 6045/1455/5271 6043/1453/5269 6044/1454/5270
f 6044/1454/5270 6046/1456/5272 6045/1455/5271
f 6047/1457/5273 6045/1455/5271 6046/1456/5272
f 6046/1456/5272 6048/1458/5274 6047/1457/5273
f 6049/1459/5275 6047/1457/5273 6048/1458/5274
f 6048/1458/5274 6050/1460/5276 6049/1459/5275
f 6051/1463/5277 6052/1462/5278 6053/1461/5279
f 6053/1461/5279 6054/1464/5280 6051/1463/5277
f 6054/1464/5280 6053/1461/5279 6055/1465/5281
f 6055/1465/5281 6056/1466/5282 6054/1464/5280
f 6057/1467/5283 6056/1466/5282 6055/1465/5281
f 6055/1465/5281 6058/1468/5284 6057/1467/5283
f 6057/1467/5283 6058/1468/5284 6059/1469/5285
f 6059/1469/5285 6060/1470/5286 6057/1467/5283
f 6060/1470/5286 6059/1469/5285 6061/1471/5287
f 6061/1471/5287 6062/1472/5288 6060/1470/5286
f 6063/1473/5289 6064/341/5290 6065/341/5291
f 6065/341/5291 6066/1473/5292 6063/1473/5289
f 6067/348/5293 6063/1473/5289 6066/1473/5292
f 6066/1473/5292 6068/348/5294 6067/348/5293
f 6069/1474/5295 6070/339/5296 6071/339/5297
f 6071/339/5297 6072/1474/5298 6069/1474/5295
f 6073/343/5299 6069/1474/5295 6072/1474/5298
f 6072/1474/5298 6074/343/5300 6073/343/5299
f 6075/1475/5301 6076/342/5302 6077/342/5303
f 6077/342/5303 6078/1475/5304 6075/1475/5301
f 6079/347/5305 6075/1475/5301 6078/1475/5304
f 6078/1475/5304 6080/1476/5306 6079/347/5305
f 6081/1477/5307 6082/344/5308 6083/345/5309
f 6083/345/5309 6084/1477/5310 6081/1477/5307
f 6085/349/5311 6081/1477/5307 6084/1477/5310
f 6084/1477/5310 6086/349/5312 6085/349/5311
f 6087/1480/5313 6088/1479/5314 6089/1478/5315
f 6089/1478/5315 6090/1481/5316 6087/1480/5313
f 6091/1482/5317 6087/1480/5313 6090/1481/5316
f 6090/1481/5316 6092/1483/5318 6091/1482/5317
f 6093/1484/5319 6091/1482/5317 6092/1483/5318
f 6092/1483/5318 6094/1485/5320 6093/1484/5319
f 6095/1486/5321 6093/1484/5319 6094/1485/5320
f 6094/1485/5320 6096/1487/5322 6095/1486/5321
f 6097/1488/5323 6095/1486/5321 6096/1487/5322
f 6096/1487/5322 6098/1489/5324 6097/1488/5323
f 6099/1491/5325 6100/1490/5326 6101/1492/5327
f 6099/1491/5325 6101/1492/5327 6102/1493/5328
f 6102/1493/5328 6103/1494/5329 6099/1491/5325
f 6104/1497/5330 6105/1496/5331 6106/1495/5332
f 6106/1495/5332 6107/1498/5333 6104/1497/5330
f 6107/1498/5333 6106/1495/5332 6108/1499/5334
f 6108/1499/5334 6109/1500/5335 6107/1498/5333
f 6109/1500/5335 6108/1499/5334 6110/1501/5336
f 6110/1501/5336 6111/1502/5337 6109/1500/5335
f 6111/1502/5337 6110/1501/5336 6112/1503/5338
f 6112/1503/5338 6113/1504/5339 6111/1502/5337
f 6113/1504/5339 6112/1503/5338 6114/1505/5340
f 6114/1505/5340 6115/1506/5341 6113/1504/5339
f 6116/1507/5342 6115/1506/5341 6114/1505/5340
f 6114/1505/5340 6117/1508/5343 6116/1507/5342
f 6118/1509/5344 6116/1507/5342 6117/1508/5343
f 6117/1508/5343 6119/1510/5345 6118/1509/5344
f 6120/1511/5346 6118/1509/5344 6119/1510/5345
f 6119/1510/5345 6121/1512/5347 6120/1511/5346
f 6122/1513/5348 6120/1511/5346 6121/1512/5347
f 6121/1512/5347 6123/1514/5349 6122/1513/5348
f 6124/1517/5350 6125/1516/5351 6126/1515/5352
f 6126/1515/5352 6127/1518/5353 6124/1517/5350
f 6128/1519/5354 6124/1517/5350 6127/1518/5353
f 6127/1518/5353 6129/1520/5355 6128/1519/5354
f 6129/1520/5355 6130/1521/5356 6128/1519/5354
f 6131/1522/5357 6130/1521/5356 6129/1520/5355
f 6129/1520/5355 6132/1523/5358 6131/1522/5357
f 6133/1526/5359 6134/1525/755 6135/1524/5360
f 6135/1524/5360 6136/1527/5361 6133/1526/5359
f 6137/414/5362 6133/1526/5359 6136/1527/5361
f 6136/1527/5361 6138/413/5363 6137/414/5362
f 6139/1530/5364 6140/1529/755 6141/1528/5365
f 6141/1528/5365 6142/1531/5366 6139/1530/5364
f 6143/1532/5367 6139/1530/5364 6142/1531/5366
f 6142/1531/5366 6144/1533/5368 6143/1532/5367
f 6143/1532/5367 6144/1533/5368 6145/1534/5369
f 6146/1535/5370 6143/1532/5367 6145/1534/5369
f 6145/1534/5369 6147/412/5371 6146/1535/5370
f 6148/489/5372 6149/136/5373 6150/1536/5374
f 6148/489/5372 6150/1536/5374 6151/1537/5375
f 6148/489/5372 6151/1537/5375 6152/1538/5376
f 6153/1539/5377 6152/1538/5376 6151/1537/5375
f 6151/1537/5375 6154/1540/5378 6153/1539/5377
f 6153/1539/5377 6154/1540/5378 6155/1541/5379
f 6155/1541/5379 6156/1542/5380 6153/1539/5377
f 6157/420/5381 6153/1539/5377 6156/1542/5380
f 6156/1542/5380 6158/419/5382 6157/420/5381
f 6156/1542/5380 6155/1541/5379 6159/1543/5383
f 6159/1543/5383 6160/1544/5384 6156/1542/5380
f 6159/1543/5383 6161/1545/5385 6160/1544/5384
f 6162/496/5386 6163/497/5387 6160/1544/5384
f 6162/496/5386 6160/1544/5384 6161/1545/5385
f 6164/1546/5388 6162/496/5386 6161/1545/5385
f 6165/1547/5389 6164/1546/5388 6161/1545/5385
f 6161/1545/5385 6166/1548/5390 6165/1547/5389
f 6167/1549/5391 6165/1547/5389 6166/1548/5390
f 6168/544/5392 6165/1547/5389 6167/1549/5391
f 6168/544/5392 6167/1549/5391 6169/1550/5393
f 6170/543/5394 6168/544/5392 6169/1550/5393
f 6169/1550/5393 6167/1549/5391 6171/1551/5395
f 6172/1552/5396 6169/1550/5393 6171/1551/5395
f 6173/522/5397 6174/523/5398 6172/1552/5396
f 6172/1552/5396 6175/1553/5399 6173/522/5397
f 6176/1554/5400 6172/1552/5396 6171/1551/5395
f 6172/1552/5396 6176/1554/5400 6177/1555/5401
f 6177/1555/5401 6175/1553/5399 6172/1552/5396
f 6178/1556/5402 6176/1554/5400 6171/1551/5395
f 6175/1553/5399 6177/1555/5401 6179/538/5403
f 6171/1551/5395 6180/1557/5404 6178/1556/5402
f 6179/538/5403 6181/1558/5405 6175/1553/5399
f 6182/1559/5406 6178/1556/5402 6180/1557/5404
f 6181/1558/5405 6179/538/5403 6183/528/5407
f 6183/528/5407 6184/531/5408 6181/1558/5405
f 6182/1559/5406 6185/1560/5409 6178/1556/5402
f 6186/1561/5410 6178/1556/5402 6185/1560/5409
f 6187/1562/5411 6178/1556/5402 6186/1561/5410
f 6188/493/5412 6189/490/5413 6190/1563/5414
f 6190/1563/5414 6191/1564/5415 6188/493/5412
f 6191/1564/5415 6190/1563/5414 6192/1565/5416
f 6192/1565/5416 6193/1566/5417 6191/1564/5415
f 6194/1515/5418 6195/1516/5419 6196/1517/5420
f 6196/1517/5420 6197/1518/5421 6194/1515/5418
f 6197/1518/5421 6196/1517/5420 6198/1519/5422
f 6198/1519/5422 6199/1520/5423 6197/1518/5421
f 6200/1521/5424 6199/1520/5423 6198/1519/5422
f 6199/1520/5423 6200/1521/5424 6201/1522/5425
f 6201/1522/5425 6202/1523/5426 6199/1520/5423
f 6203/1524/5427 6204/1525/756 6205/1526/5428
f 6205/1526/5428 6206/1527/5429 6203/1524/5427
f 6206/1527/5429 6205/1526/5428 6207/414/5430
f 6207/414/5430 6208/413/5431 6206/1527/5429
f 6209/1528/5432 6210/1529/756 6211/1530/5433
f 6211/1530/5433 6212/1531/5434 6209/1528/5432
f 6212/1531/5434 6211/1530/5433 6213/1532/5435
f 6213/1532/5435 6214/1533/5436 6212/1531/5434
f 6214/1533/5436 6213/1532/5435 6215/1534/5437
f 6215/1534/5437 6213/1532/5435 6216/1535/5438
f 6216/1535/5438 6217/412/5439 6215/1534/5437
f 6218/1567/5440 6219/534/5441 6220/535/5442
f 6220/535/5442 6221/1568/5443 6218/1567/5440
f 6222/1569/5444 6218/1567/5440 6221/1568/5443
f 6221/1568/5443 6223/1570/5445 6222/1569/5444
f 6224/1571/5446 6225/494/5447 6226/495/5448
f 6227/495/5449 6226/495/5448 6225/494/5447
f 6225/494/5447 6228/494/5450 6227/495/5449
f 6227/495/5449 6228/494/5450 6229/1572/5451
f 6229/1572/5451 6230/1573/5452 6227/495/5449
f 6231/1302/5453 6232/1301/5454 6233/1300/5455
f 6233/1300/5455 6234/1303/5456 6231/1302/5453
f 6235/1304/5457 6231/1302/5453 6234/1303/5456
f 6234/1303/5456 6236/1305/5458 6235/1304/5457
f 6237/1306/5459 6235/1304/5457 6236/1305/5458
f 6236/1305/5458 6238/1307/5460 6237/1306/5459
f 6239/1308/5461 6237/1306/5459 6238/1307/5460
f 6238/1307/5460 6240/1309/5462 6239/1308/5461
f 6241/1310/5463 6239/1308/5461 6240/1309/5462
f 6240/1309/5462 6242/1311/5464 6241/1310/5463
f 6243/1312/5465 6241/1310/5463 6242/1311/5464
f 6242/1311/5464 6244/1313/5466 6243/1312/5465
f 6245/1314/5467 6243/1312/5465 6244/1313/5466
f 6244/1313/5466 6246/1315/5468 6245/1314/5467
f 6247/1316/5469 6245/1314/5467 6246/1315/5468
f 6246/1315/5468 6248/1317/5470 6247/1316/5469
f 6249/1318/5471 6247/1316/5469 6248/1317/5470
f 6248/1317/5470 6250/1319/5472 6249/1318/5471
f 6251/1320/5473 6249/1318/5471 6250/1319/5472
f 6250/1319/5472 6252/1321/5474 6251/1320/5473
f 6253/1324/5475 6254/1323/5476 6255/1322/5477
f 6255/1322/5477 6256/1325/5478 6253/1324/5475
f 6257/1326/5479 6253/1324/5475 6256/1325/5478
f 6256/1325/5478 6258/1327/5480 6257/1326/5479
f 6259/1328/5481 6257/1326/5479 6258/1327/5480
f 6258/1327/5480 6260/1329/5482 6259/1328/5481
f 6261/1330/5483 6259/1328/5481 6260/1329/5482
f 6260/1329/5482 6262/1331/5484 6261/1330/5483
f 6263/1332/5485 6261/1330/5483 6262/1331/5484
f 6262/1331/5484 6264/1333/5486 6263/1332/5485
f 6265/1336/5487 6266/1335/5488 6267/1334/5489
f 6267/1334/5489 6268/1337/5490 6265/1336/5487
f 6269/1338/5491 6265/1336/5487 6268/1337/5490
f 6268/1337/5490 6270/1339/5492 6269/1338/5491
f 6271/1340/5493 6269/1338/5491 6270/1339/5492
f 6270/1339/5492 6272/1341/5494 6271/1340/5493
f 6273/1342/5495 6271/1340/5493 6272/1341/5494
f 6272/1341/5494 6274/1343/5496 6273/1342/5495
f 6275/1344/5497 6273/1342/5495 6274/1343/5496
f 6274/1343/5496 6276/1345/5498 6275/1344/5497
f 6277/1303/5499 6278/1300/5500 6279/1346/5501
f 6279/1346/5501 6280/1347/5502 6277/1303/5499
f 6281/1305/5503 6277/1303/5499 6280/1347/5502
f 6280/1347/5502 6282/1348/5504 6281/1305/5503
f 6283/1307/5505 6281/1305/5503 6282/1348/5504
f 6282/1348/5504 6284/1349/5506 6283/1307/5505
f 6285/1309/5507 6283/1307/5505 6284/1349/5506
f 6284/1349/5506 6286/1350/5508 6285/1309/5507
f 6287/1311/5509 6285/1309/5507 6286/1350/5508
f 6286/1350/5508 6288/1351/5510 6287/1311/5509
f 6289/1313/5511 6287/1311/5509 6288/1351/5510
f 6288/1351/5510 6290/1352/5512 6289/1313/5511
f 6291/1315/5513 6289/1313/5511 6290/1352/5512
f 6290/1352/5512 6292/1353/5514 6291/1315/5513
f 6293/1317/5515 6291/1315/5513 6292/1353/5514
f 6292/1353/5514 6294/1354/5516 6293/1317/5515
f 6295/1319/5517 6293/1317/5515 6294/1354/5516
f 6294/1354/5516 6296/1355/5518 6295/1319/5517
f 6297/1321/5519 6295/1319/5517 6296/1355/5518
f 6296/1355/5518 6298/1356/5520 6297/1321/5519
f 6299/1358/5521 6300/1357/5522 6301/1323/5523
f 6301/1323/5523 6302/1324/5524 6299/1358/5521
f 6303/1359/5525 6299/1358/5521 6302/1324/5524
f 6302/1324/5524 6304/1326/5526 6303/1359/5525
f 6305/1360/5527 6303/1359/5525 6304/1326/5526
f 6304/1326/5526 6306/1328/5528 6305/1360/5527
f 6307/1361/5529 6305/1360/5527 6306/1328/5528
f 6306/1328/5528 6308/1330/5530 6307/1361/5529
f 6309/1362/5531 6307/1361/5529 6308/1330/5530
f 6308/1330/5530 6310/1332/5532 6309/1362/5531
f 6311/1364/5533 6312/1363/5534 6313/1335/5535
f 6313/1335/5535 6314/1336/5536 6311/1364/5533
f 6315/1365/5537 6311/1364/5533 6314/1336/5536
f 6314/1336/5536 6316/1338/5538 6315/1365/5537
f 6317/1366/5539 6315/1365/5537 6316/1338/5538
f 6316/1338/5538 6318/1340/5540 6317/1366/5539
f 6319/1367/5541 6317/1366/5539 6318/1340/5540
f 6318/1340/5540 6320/1342/5542 6319/1367/5541
f 6321/1368/5543 6319/1367/5541 6320/1342/5542
f 6320/1342/5542 6322/1344/5544 6321/1368/5543
f 6323/1371/5545 6324/1370/5546 6325/1369/5547
f 6325/1369/5547 6326/1372/5548 6323/1371/5545
f 6327/1373/5549 6323/1371/5545 6326/1372/5548
f 6326/1372/5548 6328/1374/5550 6327/1373/5549
f 6329/1375/5551 6327/1373/5549 6328/1374/5550
f 6328/1374/5550 6330/1376/5552 6329/1375/5551
f 6331/1377/5553 6329/1375/5551 6330/1376/5552
f 6330/1376/5552 6332/1378/5554 6331/1377/5553
f 6333/1379/5555 6331/1377/5553 6332/1378/5554
f 6332/1378/5554 6334/1380/5556 6333/1379/5555
f 6335/1381/5557 6333/1379/5555 6334/1380/5556
f 6334/1380/5556 6336/1382/5558 6335/1381/5557
f 6337/1383/5559 6335/1381/5557 6336/1382/5558
f 6336/1382/5558 6338/1384/5560 6337/1383/5559
f 6339/1385/5561 6337/1383/5559 6338/1384/5560
f 6338/1384/5560 6340/1386/5562 6339/1385/5561
f 6341/1387/5563 6339/1385/5561 6340/1386/5562
f 6340/1386/5562 6342/1388/5564 6341/1387/5563
f 6343/1389/5565 6341/1387/5563 6342/1388/5564
f 6342/1388/5564 6344/1390/5566 6343/1389/5565
f 6345/1391/5567 6343/1389/5565 6344/1390/5566
f 6344/1390/5566 6346/1392/5568 6345/1391/5567
f 6347/1393/5569 6345/1391/5567 6346/1392/5568
f 6346/1392/5568 6348/1394/5570 6347/1393/5569
f 6349/1395/5571 6347/1393/5569 6348/1394/5570
f 6348/1394/5570 6350/1396/5572 6349/1395/5571
f 6351/1397/5573 6349/1395/5571 6350/1396/5572
f 6350/1396/5572 6352/1398/5574 6351/1397/5573
f 6353/1399/5575 6351/1397/5573 6352/1398/5574
f 6352/1398/5574 6354/1400/5576 6353/1399/5575
f 6355/1401/5577 6353/1399/5575 6354/1400/5576
f 6354/1400/5576 6356/1402/5578 6355/1401/5577
f 6357/1403/5579 6355/1401/5577 6356/1402/5578
f 6356/1402/5578 6358/1404/5580 6357/1403/5579
f 6359/1405/5581 6357/1403/5579 6358/1404/5580
f 6358/1404/5580 6360/1406/5582 6359/1405/5581
f 6361/1407/5583 6359/1405/5581 6360/1406/5582
f 6360/1406/5582 6362/1408/5584 6361/1407/5583
f 6363/1409/5585 6361/1407/5583 6362/1408/5584
f 6362/1408/5584 6364/1410/5586 6363/1409/5585
f 6365/1411/5587 6363/1409/5585 6364/1410/5586
f 6364/1410/5586 6366/1412/5588 6365/1411/5587
f 6367/1413/5589 6365/1411/5587 6366/1412/5588
f 6366/1412/5588 6368/1414/5590 6367/1413/5589
f 6369/1581/5591 6370/1580/5592 6371/1579/5593
f 6371/1579/5593 6372/1582/5594 6369/1581/5591
f 6373/1583/5595 6369/1581/5591 6372/1582/5594
f 6372/1582/5594 6374/1584/5596 6373/1583/5595
f 6375/1585/5597 6373/1583/5595 6374/1584/5596
f 6374/1584/5596 6376/1586/5598 6375/1585/5597
f 6377/1587/5599 6375/1585/5597 6376/1586/5598
f 6376/1586/5598 6378/1588/5600 6377/1587/5599
f 6379/1589/5601 6377/1587/5599 6378/1588/5600
f 6378/1588/5600 6380/1590/5602 6379/1589/5601
f 6381/1591/5603 6379/1589/5601 6380/1590/5602
f 6380/1590/5602 6382/1592/5604 6381/1591/5603
f 6383/1593/5605 6381/1591/5603 6382/1592/5604
f 6382/1592/5604 6384/1594/5606 6383/1593/5605
f 6385/1595/5607 6383/1593/5605 6384/1594/5606
f 6384/1594/5606 6386/1596/5608 6385/1595/5607
f 6387/1597/5609 6385/1595/5607 6386/1596/5608
f 6386/1596/5608 6388/1598/5610 6387/1597/5609
f 6389/1599/5611 6387/1597/5609 6388/1598/5610
f 6388/1598/5610 6390/1600/5612 6389/1599/5611
f 6391/1601/5613 6389/1599/5611 6390/1600/5612
f 6390/1600/5612 6392/1602/5614 6391/1601/5613
f 6393/1603/5615 6391/1601/5613 6392/1602/5614
f 6392/1602/5614 6394/1604/5616 6393/1603/5615
f 6395/1605/5617 6393/1603/5615 6394/1604/5616
f 6394/1604/5616 6396/1606/5618 6395/1605/5617
f 6397/1607/5619 6395/1605/5617 6396/1606/5618
f 6396/1606/5618 6398/1608/5620 6397/1607/5619
f 6399/1609/5621 6397/1607/5619 6398/1608/5620
f 6398/1608/5620 6400/1610/5622 6399/1609/5621
f 6401/1611/5623 6399/1609/5621 6400/1610/5622
f 6400/1610/5622 6402/1612/5624 6401/1611/5623
f 6403/1613/5625 6401/1611/5623 6402/1612/5624
f 6402/1612/5624 6404/1614/5626 6403/1613/5625
f 6405/1615/5627 6403/1613/5625 6404/1614/5626
f 6404/1614/5626 6406/1616/5628 6405/1615/5627
f 6407/1617/5629 6405/1615/5627 6406/1616/5628
f 6406/1616/5628 6408/1618/5630 6407/1617/5629
f 6409/1619/5631 6407/1617/5629 6408/1618/5630
f 6408/1618/5630 6410/1620/5632 6409/1619/5631
f 6411/1621/5633 6409/1619/5631 6410/1620/5632
f 6410/1620/5632 6412/1622/5634 6411/1621/5633
f 6413/1623/5635 6411/1621/5633 6412/1622/5634
f 6412/1622/5634 6414/1624/5636 6413/1623/5635
f 6415/1463/5637 6416/1462/5638 6417/1461/5639
f 6417/1461/5639 6418/1464/5640 6415/1463/5637
f 6418/1464/5640 6417/1461/5639 6419/1465/5641
f 6419/1465/5641 6420/1466/5642 6418/1464/5640
f 6421/1467/5643 6420/1466/5642 6419/1465/5641
f 6419/1465/5641 6422/1468/5644 6421/1467/5643
f 6421/1467/5643 6422/1468/5644 6423/1469/5645
f 6423/1469/5645 6424/1470/5646 6421/1467/5643
f 6424/1470/5646 6423/1469/5645 6425/1471/5647
f 6425/1471/5647 6426/1472/5648 6424/1470/5646
f 6427/1473/5649 6428/341/5650 6429/341/5651
f 6429/341/5651 6430/1473/5652 6427/1473/5649
f 6431/348/5653 6427/1473/5649 6430/1473/5652
f 6430/1473/5652 6432/348/5654 6431/348/5653
f 6433/1474/5655 6434/339/5656 6435/339/5657
f 6435/339/5657 6436/1474/5658 6433/1474/5655
f 6437/343/5659 6433/1474/5655 6436/1474/5658
f 6436/1474/5658 6438/343/5660 6437/343/5659
f 6439/1475/5661 6440/342/5662 6441/342/5663
f 6441/342/5663 6442/1475/5664 6439/1475/5661
f 6443/347/5665 6439/1475/5661 6442/1475/5664
f 6442/1475/5664 6444/1476/5666 6443/347/5665
f 6445/1477/5667 6446/344/5668 6447/345/5669
f 6447/345/5669 6448/1477/5670 6445/1477/5667
f 6449/349/5671 6445/1477/5667 6448/1477/5670
f 6448/1477/5670 6450/349/5672 6449/349/5671
f 6451/1480/5673 6452/1479/5674 6453/1478/5675
f 6453/1478/5675 6454/1481/5676 6451/1480/5673
f 6455/1482/5677 6451/1480/5673 6454/1481/5676
f 6454/1481/5676 6456/1483/5678 6455/1482/5677
f 6457/1484/5679 6455/1482/5677 6456/1483/5678
f 6456/1483/5678 6458/1485/5680 6457/1484/5679
f 6459/1486/5681 6457/1484/5679 6458/1485/5680
f 6458/1485/5680 6460/1487/5682 6459/1486/5681
f 6461/1488/5683 6459/1486/5681 6460/1487/5682
f 6460/1487/5682 6462/1489/5684 6461/1488/5683
f 6463/1491/5685 6464/1490/5686 6465/1492/5687
f 6463/1491/5685 6465/1492/5687 6466/1493/5688
f 6466/1493/5688 6467/1494/5689 6463/1491/5685
f 6468/1627/5690 6469/1626/5691 6470/1625/5692
f 6470/1625/5692 6471/1628/5693 6468/1627/5690
f 6472/1629/5694 6468/1627/5690 6471/1628/5693
f 6471/1628/5693 6473/1630/5695 6472/1629/5694
f 6474/1631/5696 6472/1629/5694 6473/1630/5695
f 6473/1630/5695 6475/1632/5697 6474/1631/5696
f 6476/1633/5698 6474/1631/5696 6475/1632/5697
f 6475/1632/5697 6477/1634/5699 6476/1633/5698
f 6478/1635/5700 6476/1633/5698 6477/1634/5699
f 6477/1634/5699 6479/1636/5701 6478/1635/5700
f 6480/1637/5702 6478/1635/5700 6479/1636/5701
f 6479/1636/5701 6481/1638/5703 6480/1637/5702
f 6482/1639/5704 6480/1637/5702 6481/1638/5703
f 6481/1638/5703 6483/1640/5705 6482/1639/5704
f 6484/1641/5706 6482/1639/5704 6483/1640/5705
f 6483/1640/5705 6485/1642/5707 6484/1641/5706
f 6486/1643/5708 6484/1641/5706 6485/1642/5707
f 6485/1642/5707 6487/1644/5709 6486/1643/5708
f 6488/1645/5710 6486/1643/5708 6487/1644/5709
f 6487/1644/5709 6489/1646/5711 6488/1645/5710
f 6490/1647/5712 6488/1645/5710 6489/1646/5711
f 6489/1646/5711 6491/1648/5713 6490/1647/5712
f 6492/1649/5714 6490/1647/5712 6491/1648/5713
f 6491/1648/5713 6493/1650/5715 6492/1649/5714
f 6494/1651/5716 6492/1649/5714 6493/1650/5715
f 6493/1650/5715 6495/1652/5717 6494/1651/5716
f 6496/1653/5718 6494/1651/5716 6495/1652/5717
f 6495/1652/5717 6497/1654/5719 6496/1653/5718
f 6498/1655/5720 6496/1653/5718 6497/1654/5719
f 6497/1654/5719 6499/1656/5721 6498/1655/5720
f 6500/1657/5722 6498/1655/5720 6499/1656/5721
f 6499/1656/5721 6501/1658/5723 6500/1657/5722
f 6502/1659/5724 6500/1657/5722 6501/1658/5723
f 6501/1658/5723 6503/1660/5725 6502/1659/5724
f 6504/1661/5726 6502/1659/5724 6503/1660/5725
f 6503/1660/5725 6505/1662/5727 6504/1661/5726
f 6506/1665/5728 6507/1664/5729 6508/1663/5730
f 6508/1663/5730 6509/1666/5731 6506/1665/5728
f 6509/1666/5731 6508/1663/5730 6510/1667/5732
f 6510/1667/5732 6511/1668/5733 6509/1666/5731
f 6511/1668/5733 6510/1667/5732 6512/1669/5734
f 6512/1669/5734 6513/1670/5735 6511/1668/5733
f 6513/1670/5735 6512/1669/5734 6514/1671/5736
f 6514/1671/5736 6515/1672/5737 6513/1670/5735
f 6515/1672/5737 6514/1671/5736 6516/1673/5738
f 6516/1673/5738 6517/1674/5739 6515/1672/5737
f 6517/1674/5739 6516/1673/5738 6518/1675/5740
f 6518/1675/5740 6519/1676/5741 6517/1674/5739
f 6519/1676/5741 6518/1675/5740 6520/1677/5742
f 6520/1677/5742 6521/1678/5743 6519/1676/5741
f 6521/1678/5743 6520/1677/5742 6522/1679/5744
f 6522/1679/5744 6523/1680/5745 6521/1678/5743
f 6523/1680/5745 6522/1679/5744 6524/1681/5746
f 6524/1681/5746 6525/1682/5747 6523/1680/5745
f 6525/1682/5747 6524/1681/5746 6526/1683/5748
f 6526/1683/5748 6527/1684/5749 6525/1682/5747
f 6527/1684/5749 6526/1683/5748 6528/1685/5750
f 6528/1685/5750 6529/1686/5751 6527/1684/5749
f 6529/1686/5751 6528/1685/5750 6530/1687/5752
f 6530/1687/5752 6531/1688/5753 6529/1686/5751
f 6531/1688/5753 6530/1687/5752 6532/1689/5754
f 6532/1689/5754 6533/1690/5755 6531/1688/5753
f 6534/1691/5756 6533/1690/5755 6532/1689/5754
f 6532/1689/5754 6535/1692/5757 6534/1691/5756
f 6534/1691/5756 6535/1692/5757 6536/1693/5758
f 6536/1693/5758 6537/1694/5759 6534/1691/5756
f 6537/1694/5759 6536/1693/5758 6538/1695/5760
f 6538/1695/5760 6539/1696/5761 6537/1694/5759
f 6539/1696/5761 6538/1695/5760 6540/1697/5762
f 6540/1697/5762 6541/1698/5763 6539/1696/5761
f 6541/1698/5763 6540/1697/5762 6542/1699/5764
f 6542/1699/5764 6543/1700/5765 6541/1698/5763
f 6544/1698/5766 6545/1700/5767 6546/1701/5768
f 6546/1701/5768 6547/1702/5769 6544/1698/5766
f 6548/1696/5770 6544/1698/5766 6547/1702/5769
f 6547/1702/5769 6549/1703/5771 6548/1696/5770
f 6550/1694/5772 6548/1696/5770 6549/1703/5771
f 6549/1703/5771 6551/1704/5773 6550/1694/5772
f 6552/1691/5774 6550/1694/5772 6551/1704/5773
f 6551/1704/5773 6553/1705/5775 6552/1691/5774
f 6554/1690/5776 6552/1691/5774 6553/1705/5775
f 6553/1705/5775 6555/1706/5777 6554/1690/5776
f 6556/1688/5778 6554/1690/5776 6555/1706/5777
f 6555/1706/5777 6557/1707/5779 6556/1688/5778
f 6558/1686/5780 6556/1688/5778 6557/1707/5779
f 6557/1707/5779 6559/1708/5781 6558/1686/5780
f 6560/1684/5782 6558/1686/5780 6559/1708/5781
f 6559/1708/5781 6561/1709/5783 6560/1684/5782
f 6562/1682/5784 6560/1684/5782 6561/1709/5783
f 6561/1709/5783 6563/1710/5785 6562/1682/5784
f 6564/1680/5786 6562/1682/5784 6563/1710/5785
f 6563/1710/5785 6565/1711/5787 6564/1680/5786
f 6566/1678/5788 6564/1680/5786 6565/1711/5787
f 6565/1711/5787 6567/1712/5789 6566/1678/5788
f 6568/1676/5790 6566/1678/5788 6567/1712/5789
f 6567/1712/5789 6569/1713/5791 6568/1676/5790
f 6570/1674/5792 6568/1676/5790 6569/1713/5791
f 6569/1713/5791 6571/1714/5793 6570/1674/5792
f 6572/1672/5794 6570/1674/5792 6571/1714/5793
f 6571/1714/5793 6573/1715/5795 6572/1672/5794
f 6574/1670/5796 6572/1672/5794 6573/1715/5795
f 6573/1715/5795 6575/1716/5797 6574/1670/5796
f 6576/1668/5798 6574/1670/5796 6575/1716/5797
f 6575/1716/5797 6577/1717/5799 6576/1668/5798
f 6578/1666/5800 6576/1668/5798 6577/1717/5799
f 6577/1717/5799 6579/1718/5801 6578/1666/5800
f 6580/1665/5802 6578/1666/5800 6579/1718/5801
f 6579/1718/5801 6581/1719/5803 6580/1665/5802
f 6582/1480/5804 6583/1479/5805 6584/1478/5806
f 6584/1478/5806 6585/1481/5807 6582/1480/5804
f 6586/1482/5808 6582/1480/5804 6585/1481/5807
f 6585/1481/5807 6587/1483/5809 6586/1482/5808
f 6588/1484/5810 6586/1482/5808 6587/1483/5809
f 6587/1483/5809 6589/1485/5811 6588/1484/5810
f 6590/1486/5812 6588/1484/5810 6589/1485/5811
f 6589/1485/5811 6591/1487/5813 6590/1486/5812
f 6592/1488/5814 6590/1486/5812 6591/1487/5813
f 6591/1487/5813 6593/1489/5815 6592/1488/5814
f 6594/1491/5816 6595/1490/5817 6596/1492/5818
f 6594/1491/5816 6596/1492/5818 6597/1493/5819
f 6597/1493/5819 6598/1494/5820 6594/1491/5816
f 6599/1480/5821 6600/1479/5822 6601/1478/5823
f 6601/1478/5823 6602/1481/5824 6599/1480/5821
f 6603/1482/5825 6599/1480/5821 6602/1481/5824
f 6602/1481/5824 6604/1483/5826 6603/1482/5825
f 6605/1484/5827 6603/1482/5825 6604/1483/5826
f 6604/1483/5826 6606/1485/5828 6605/1484/5827
f 6607/1486/5829 6605/1484/5827 6606/1485/5828
f 6606/1485/5828 6608/1487/5830 6607/1486/5829
f 6609/1488/5831 6607/1486/5829 6608/1487/5830
f 6608/1487/5830 6610/1489/5832 6609/1488/5831
f 6611/1491/5833 6612/1490/5834 6613/1492/5835
f 6611/1491/5833 6613/1492/5835 6614/1493/5836
f 6614/1493/5836 6615/1494/5837 6611/1491/5833
f 6616/1720/5838 6617/1721/5839 6618/1536/5840
f 6619/136/5841 6616/1720/5838 6618/1536/5840
f 6619/136/5841 6620/134/5842 6616/1720/5838
f 6621/53/5843 6622/54/5844 6623/1722/5845
f 6624/1723/5846 6621/53/5843 6623/1722/5845
f 6624/1723/5846 6623/1722/5845 6625/1724/5847
f 6624/1723/5846 6625/1724/5847 6626/1725/5848
f 6626/1725/5848 6627/1726/5849 6624/1723/5846
f 6627/1726/5849 6626/1725/5848 6628/1727/5850
f 6628/1727/5850 6629/1728/5851 6627/1726/5849
f 6629/1728/5851 6628/1727/5850 6630/1729/5852
f 6630/1729/5852 6631/1730/5853 6629/1728/5851
f 6631/1730/5853 6630/1729/5852 6632/550/5854
f 6632/550/5854 6633/551/5855 6631/1730/5853
f 6634/1748/5856 6635/1747/5857 6636/1746/5858
f 6636/1746/5858 6637/1749/5859 6634/1748/5856
f 6637/1749/5859 6636/1746/5858 6638/1750/5860
f 6638/1750/5860 6639/1751/5861 6637/1749/5859
f 6639/1751/5861 6638/1750/5860 6640/1045/5862
f 6640/1045/5862 6641/1752/5863 6639/1751/5861
f 6641/1752/5863 6640/1045/5862 6642/1753/5864
f 6642/1753/5864 6643/1754/5865 6641/1752/5863
f 6643/1754/5865 6642/1753/5864 6644/1755/5866
f 6644/1755/5866 6645/1756/5867 6643/1754/5865
f 6645/1756/5867 6644/1755/5866 6646/1757/5868
f 6646/1757/5868 6647/1758/5869 6645/1756/5867
f 6647/1758/5869 6646/1757/5868 6648/1759/5870
f 6648/1759/5870 6649/1760/5871 6647/1758/5869
f 6649/1760/5871 6648/1759/5870 6650/1761/5872
f 6650/1761/5872 6651/1762/5873 6649/1760/5871
f 6651/1762/5873 6650/1761/5872 6652/1763/5874
f 6652/1763/5874 6653/1764/5875 6651/1762/5873
f 6653/1764/5875 6652/1763/5874 6654/1765/5876
f 6654/1765/5876 6655/1766/5877 6653/1764/5875
f 6655/1766/5877 6654/1765/5876 6656/1767/5878
f 6656/1767/5878 6657/1768/5879 6655/1766/5877
f 6657/1768/5879 6656/1767/5878 6658/1769/5880
f 6658/1769/5880 6659/1770/5881 6657/1768/5879
f 6659/1770/5881 6658/1769/5880 6660/1771/5882
f 6660/1771/5882 6661/1066/5883 6659/1770/5881
f 6661/1066/5883 6660/1771/5882 6662/1772/5884
f 6662/1772/5884 6663/1773/5885 6661/1066/5883
f 6663/1773/5885 6662/1772/5884 6664/1774/5886
f 6664/1774/5886 6665/1775/5887 6663/1773/5885
f 6665/1775/5887 6664/1774/5886 6666/1776/5888
f 6666/1776/5888 6667/1777/5889 6665/1775/5887
f 6667/1777/5889 6666/1776/5888 6668/1778/5890
f 6668/1778/5890 6669/1779/5891 6667/1777/5889
f 6669/1779/5891 6668/1778/5890 6670/1780/5892
f 6670/1780/5892 6671/1781/5893 6669/1779/5891
f 6671/1781/5893 6670/1780/5892 6672/1782/5894
f 6672/1782/5894 6673/1783/5895 6671/1781/5893
f 6673/1783/5895 6672/1782/5894 6674/1784/5896
f 6674/1784/5896 6675/1785/5897 6673/1783/5895
f 6675/1785/5897 6674/1784/5896 6676/1786/5898
f 6676/1786/5898 6677/1787/5899 6675/1785/5897
f 6677/1787/5899 6676/1786/5898 6678/1083/5900
f 6678/1083/5900 6679/1788/5901 6677/1787/5899
f 6679/1788/5901 6678/1083/5900 6680/1789/5902
f 6680/1789/5902 6681/1790/5903 6679/1788/5901
f 6681/1790/5903 6680/1789/5902 6682/1791/5904
f 6682/1791/5904 6683/1792/5905 6681/1790/5903
f 6683/1792/5905 6682/1791/5904 6684/78/5906
f 6684/78/5906 6685/79/5907 6683/1792/5905
f 6686/1795/5908 6687/1794/5909 6688/1793/5910
f 6688/1793/5910 6689/1796/5911 6686/1795/5908
f 6689/1796/5911 6688/1793/5910 6690/1797/5912
f 6690/1797/5912 6691/1798/5913 6689/1796/5911
f 6691/1798/5913 6690/1797/5912 6692/1799/5914
f 6692/1799/5914 6693/1800/5915 6691/1798/5913
f 6693/1800/5915 6692/1799/5914 6694/1801/5916
f 6694/1801/5916 6695/1802/5917 6693/1800/5915
f 6695/1802/5917 6694/1801/5916 6696/84/5918
f 6696/84/5918 6697/1803/5919 6695/1802/5917
f 6698/1804/5920 6697/1803/5919 6696/84/5918
f 6696/84/5918 6699/85/5921 6698/1804/5920
f 6700/1807/5922 6701/1806/5923 6702/1805/5924
f 6702/1805/5924 6703/1808/5925 6700/1807/5922
f 6703/1808/5925 6702/1805/5924 6704/1809/5926
f 6704/1809/5926 6705/1810/5927 6703/1808/5925
f 6705/1810/5927 6704/1809/5926 6706/1811/5928
f 6706/1811/5928 6707/1812/5929 6705/1810/5927
f 6707/1812/5929 6706/1811/5928 6708/1813/5930
f 6708/1813/5930 6709/1814/5931 6707/1812/5929
f 6710/88/5932 6709/1814/5931 6708/1813/5930
f 6708/1813/5930 6711/1815/5933 6710/88/5932
f 6710/88/5932 6711/1815/5933 6712/1816/5934
f 6712/1816/5934 6713/90/5935 6710/88/5932
f 6714/1818/5936 6715/1817/5937 6716/1795/5938
f 6716/1795/5938 6717/1796/5939 6714/1818/5936
f 6718/1819/5940 6714/1818/5936 6717/1796/5939
f 6717/1796/5939 6719/1798/5941 6718/1819/5940
f 6720/1820/5942 6718/1819/5940 6719/1798/5941
f 6719/1798/5941 6721/1800/5943 6720/1820/5942
f 6722/1821/5944 6720/1820/5942 6721/1800/5943
f 6721/1800/5943 6723/1802/5945 6722/1821/5944
f 6724/1822/5946 6722/1821/5944 6723/1802/5945
f 6723/1802/5945 6725/1803/5947 6724/1822/5946
f 6726/1823/5948 6724/1822/5946 6725/1803/5947
f 6725/1803/5947 6727/1804/5949 6726/1823/5948
f 6728/1805/5950 6729/1806/5951 6730/1824/5952
f 6730/1824/5952 6731/1825/5953 6728/1805/5950
f 6732/1809/5954 6728/1805/5950 6731/1825/5953
f 6731/1825/5953 6733/1826/5955 6732/1809/5954
f 6734/1811/5956 6732/1809/5954 6733/1826/5955
f 6733/1826/5955 6735/1827/5957 6734/1811/5956
f 6736/1813/5958 6734/1811/5956 6735/1827/5957
f 6735/1827/5957 6737/1828/5959 6736/1813/5958
f 6738/1815/5960 6736/1813/5958 6737/1828/5959
f 6737/1828/5959 6739/1829/5961 6738/1815/5960
f 6740/1816/5962 6738/1815/5960 6739/1829/5961
f 6739/1829/5961 6741/1830/5963 6740/1816/5962
f 6742/1831/5964 6743/616/5965 6744/617/5966
f 6744/617/5966 6745/1832/5967 6742/1831/5964
f 6746/1833/5968 6742/1831/5964 6745/1832/5967
f 6745/1832/5967 6747/1834/5969 6746/1833/5968
f 6748/1835/5970 6746/1833/5968 6747/1834/5969
f 6747/1834/5969 6749/1836/5971 6748/1835/5970
f 6750/1837/5972 6748/1835/5970 6749/1836/5971
f 6749/1836/5971 6751/1838/5973 6750/1837/5972
f 6752/1839/5974 6750/1837/5972 6751/1838/5973
f 6751/1838/5973 6753/1840/5975 6752/1839/5974
f 6754/1841/5976 6752/1839/5974 6753/1840/5975
f 6753/1840/5975 6755/1842/5977 6754/1841/5976
f 6756/619/5978 6754/1841/5976 6755/1842/5977
f 6755/1842/5977 6757/618/5979 6756/619/5978
f 6758/1843/5980 6759/614/5981 6760/615/5982
f 6760/615/5982 6761/1844/5983 6758/1843/5980
f 6762/1845/5984 6758/1843/5980 6761/1844/5983
f 6761/1844/5983 6763/1846/5985 6762/1845/5984
f 6764/1847/5986 6762/1845/5984 6763/1846/5985
f 6763/1846/5985 6765/1848/5987 6764/1847/5986
f 6766/1849/5988 6764/1847/5986 6765/1848/5987
f 6765/1848/5987 6767/1850/5989 6766/1849/5988
f 6768/1851/5990 6766/1849/5988 6767/1850/5989
f 6767/1850/5989 6769/1852/5991 6768/1851/5990
f 6770/1853/5992 6768/1851/5990 6769/1852/5991
f 6769/1852/5991 6771/1854/5993 6770/1853/5992
f 6772/621/5994 6770/1853/5992 6771/1854/5993
f 6771/1854/5993 6773/620/5995 6772/621/5994
f 6774/157/5996 6775/158/5997 6776/1855/5998
f 6777/1856/5999 6776/1855/5998 6775/158/5997
f 6775/158/5997 6778/1857/6000 6777/1856/5999
f 6779/1858/6001 6777/1856/5999 6778/1857/6000
f 6778/1857/6000 6780/1859/6002 6779/1858/6001
f 6781/1860/6003 6779/1858/6001 6780/1859/6002
f 6780/1859/6002 6782/1861/6004 6781/1860/6003
f 6783/1862/6005 6781/1860/6003 6782/1861/6004
f 6782/1861/6004 6784/1863/6006 6783/1862/6005
f 6785/1864/6007 6783/1862/6005 6784/1863/6006
f 6784/1863/6006 6786/1865/6008 6785/1864/6007
f 6787/1866/6009 6785/1864/6007 6786/1865/6008
f 6786/1865/6008 6788/1867/6010 6787/1866/6009
f 6789/1868/6011 6787/1866/6009 6788/1867/6010
f 6788/1867/6010 6790/1869/6012 6789/1868/6011
f 6791/1870/6013 6789/1868/6011 6790/1869/6012
f 6790/1869/6012 6792/1871/6014 6791/1870/6013
f 6793/1872/6015 6791/1870/6013 6792/1871/6014
f 6792/1871/6014 6794/1873/6016 6793/1872/6015
f 6795/1874/6017 6793/1872/6015 6794/1873/6016
f 6794/1873/6016 6796/1875/6018 6795/1874/6017
f 6797/1876/6019 6795/1874/6017 6796/1875/6018
f 6796/1875/6018 6798/117/6020 6797/1876/6019
f 6797/1876/6019 6798/117/6020 6799/118/6021
f 6800/1879/6022 6801/1878/6023 6802/1877/6024
f 6802/1877/6024 6803/1880/6025 6800/1879/6022
f 6804/1881/6026 6800/1879/6022 6803/1880/6025
f 6803/1880/6025 6805/1882/6027 6804/1881/6026
f 6806/1883/6028 6804/1881/6026 6805/1882/6027
f 6805/1882/6027 6807/1884/6029 6806/1883/6028
f 6808/1885/6030 6806/1883/6028 6807/1884/6029
f 6807/1884/6029 6809/1886/6031 6808/1885/6030
f 6810/1889/6032 6811/1888/6033 6812/1887/6034
f 6812/1887/6034 6813/1890/6035 6810/1889/6032
f 6814/1891/6036 6810/1889/6032 6813/1890/6035
f 6813/1890/6035 6815/1892/6037 6814/1891/6036
f 6816/1893/6038 6814/1891/6036 6815/1892/6037
f 6815/1892/6037 6817/1894/6039 6816/1893/6038
f 6818/1895/6040 6816/1893/6038 6817/1894/6039
f 6817/1894/6039 6819/1896/6041 6818/1895/6040
f 6820/578/6042 6821/577/6043 6822/576/6044
f 6822/576/6044 6823/579/6045 6820/578/6042
f 6823/579/6045 6822/576/6044 6824/119/6046
f 6824/119/6046 6825/120/6047 6823/579/6045
f 6826/1480/6048 6827/1479/6049 6828/1478/6050
f 6828/1478/6050 6829/1481/6051 6826/1480/6048
f 6830/1482/6052 6826/1480/6048 6829/1481/6051
f 6829/1481/6051 6831/1483/6053 6830/1482/6052
f 6832/1484/6054 6830/1482/6052 6831/1483/6053
f 6831/1483/6053 6833/1485/6055 6832/1484/6054
f 6834/1486/6056 6832/1484/6054 6833/1485/6055
f 6833/1485/6055 6835/1487/6057 6834/1486/6056
f 6836/1488/6058 6834/1486/6056 6835/1487/6057
f 6835/1487/6057 6837/1489/6059 6836/1488/6058
f 6838/1491/6060 6839/1490/6061 6840/1492/6062
f 6838/1491/6060 6840/1492/6062 6841/1493/6063
f 6841/1493/6063 6842/1494/6064 6838/1491/6060
f 6843/1897/6065 6844/1901/6066 6845/1900/6067
f 6843/1897/6065 6845/1900/6067 6846/1899/6068
f 6847/1898/6065 6843/1897/6065 6846/1899/6068
f 6848/1902/6069 6849/658/6070 6850/659/6071
f 6850/659/6071 6851/1903/6072 6848/1902/6069
f 6852/665/6073 6848/1902/6069 6851/1903/6072
f 6851/1903/6072 6853/664/6074 6852/665/6073
f 6854/1904/6075 6855/660/6076 6856/661/6077
f 6856/661/6077 6857/1905/6078 6854/1904/6075
f 6858/663/6079 6854/1904/6075 6857/1905/6078
f 6857/1905/6078 6859/662/6080 6858/663/6079
f 6860/1906/6081 6861/676/6082 6862/677/6083
f 6862/677/6083 6863/1907/6084 6860/1906/6081
f 6864/669/6085 6860/1906/6081 6863/1907/6084
f 6863/1907/6084 6865/668/6086 6864/669/6085
f 6866/1908/6087 6867/696/6088 6868/697/6088
f 6868/697/6088 6869/1909/6089 6866/1908/6087
f 6870/1910/6090 6866/1908/6087 6869/1909/6089
f 6869/1909/6089 6871/1911/6090 6870/1910/6090
f 6872/1912/6091 6873/698/6092 6874/699/6093
f 6874/699/6093 6875/1913/6094 6872/1912/6091
f 6876/1911/6095 6872/1912/6091 6875/1913/6094
f 6875/1913/6094 6877/1910/6095 6876/1911/6095
f 6878/1480/6096 6879/1479/6097 6880/1478/6098
f 6880/1478/6098 6881/1481/6099 6878/1480/6096
f 6882/1482/6100 6878/1480/6096 6881/1481/6099
f 6881/1481/6099 6883/1483/6101 6882/1482/6100
f 6884/1484/6102 6882/1482/6100 6883/1483/6101
f 6883/1483/6101 6885/1485/6103 6884/1484/6102
f 6886/1486/6104 6884/1484/6102 6885/1485/6103
f 6885/1485/6103 6887/1487/6105 6886/1486/6104
f 6888/1488/6106 6886/1486/6104 6887/1487/6105
f 6887/1487/6105 6889/1489/6107 6888/1488/6106
f 6890/1491/6108 6891/1490/6109 6892/1492/6110
f 6890/1491/6108 6892/1492/6110 6893/1493/6111
f 6893/1493/6111 6894/1494/6112 6890/1491/6108
f 6895/1480/6096 6896/1479/6097 6897/1478/6098
f 6897/1478/6098 6898/1481/6099 6895/1480/6096
f 6899/1482/6113 6895/1480/6096 6898/1481/6099
f 6898/1481/6099 6900/1483/6101 6899/1482/6113
f 6901/1484/6102 6899/1482/6113 6900/1483/6101
f 6900/1483/6101 6902/1485/6103 6901/1484/6102
f 6903/1486/6104 6901/1484/6102 6902/1485/6103
f 6902/1485/6103 6904/1487/6105 6903/1486/6104
f 6905/1488/6106 6903/1486/6104 6904/1487/6105
f 6904/1487/6105 6906/1489/6107 6905/1488/6106
f 6907/1491/6108 6908/1490/6109 6909/1492/6110
f 6907/1491/6108 6909/1492/6110 6910/1493/6111
f 6910/1493/6111 6911/1494/6112 6907/1491/6108
f 6912/1914/6114 6913/1915/6115 6914/1916/6115
f 6912/1914/6114 6915/1916/6116 6916/1915/6116
f 6912/1914/6114 6917/1916/6117 6918/1915/6117
f 6912/1914/6118 6919/1916/6119 6920/1915/6119
f 6912/1914/6114 6921/1917/6120 6922/1915/6120
f 6912/1914/6114 6923/1915/6121 6924/1917/6121
f 6912/1914/6114 6925/1915/6122 6926/1917/6122
f 6912/1914/6114 6927/1915/6123 6928/1917/6123
f 6912/1914/6114 6929/1917/6124 6930/1915/6124
f 6912/1914/6125 6931/1917/6126 6932/1915/6126
f 6912/1914/6114 6933/1917/6127 6934/1915/6127
f 6912/1914/6114 6935/1915/6128 6936/1916/6128
f 6912/1914/6114 6937/1915/6129 6938/1916/6129
f 6912/1914/6114 6939/1915/6130 6940/1916/6130
f 6912/1914/6118 6941/1916/6131 6942/1915/6132
f 6912/1914/6118 6943/1915/6133 6941/1916/6131
f 6912/1914/6114 6944/1917/6134 6945/1915/6135
f 6912/1914/6114 6945/1915/6135 6946/1917/6136
f 6912/1914/6114 6947/1915/6137 6948/1917/6138
f 6912/1914/6114 6948/1917/6138 6949/1915/6139
f 6912/1914/6114 6950/1916/6140 6951/1915/6141
f 6912/1914/6114 6951/1915/6141 6952/1916/6142
f 6953/1914/6143 6954/1915/6144 6955/1916/6144
f 6953/1914/6145 6956/1916/6146 6957/1915/6146
f 6953/1914/6145 6958/1916/6147 6959/1915/6147
f 6953/1914/6145 6960/1916/6148 6961/1915/6148
f 6953/1914/6145 6962/1917/6149 6963/1915/6149
f 6953/1914/6145 6964/1915/6150 6965/1917/6150
f 6953/1914/6145 6966/1915/6151 6967/1917/6151
f 6953/1914/6152 6968/1915/6153 6969/1917/6153
f 6953/1914/6152 6970/1917/6154 6971/1915/6154
f 6953/1914/6145 6972/1917/6155 6973/1915/6155
f 6953/1914/6145 6974/1917/6156 6975/1915/6156
f 6953/1914/6143 6976/1915/6157 6977/1916/6157
f 6953/1914/6145 6978/1915/6158 6979/1916/6158
f 6953/1914/6143 6980/1915/6159 6981/1916/6159
f 6953/1914/6145 6982/1916/6160 6983/1915/6161
f 6953/1914/6145 6984/1915/6162 6982/1916/6160
f 6953/1914/6145 6985/1917/6163 6986/1915/6164
f 6953/1914/6145 6986/1915/6164 6987/1917/6165
f 6953/1914/6145 6988/1915/6166 6989/1917/6167
f 6953/1914/6145 6989/1917/6167 6990/1915/6168
f 6953/1914/6145 6991/1916/6169 6992/1915/6170
f 6953/1914/6145 6992/1915/6170 6993/1916/6171
f 6994/1915/6172 6995/1914/6173 6996/1916/6172
f 6997/1916/6174 6995/1914/6175 6998/1915/6174
f 6999/1916/6176 6995/1914/6173 7000/1915/6176
f 7001/1916/6177 6995/1914/6178 7002/1915/6177
f 7003/1917/6179 6995/1914/6173 7004/1915/6179
f 7005/1915/6180 6995/1914/6173 7006/1917/6180
f 7007/1915/6181 6995/1914/6173 7008/1917/6181
f 7009/1915/6182 6995/1914/6173 7010/1917/6182
f 7011/1917/6183 6995/1914/6173 7012/1915/6183
f 7013/1917/6184 6995/1914/6185 7014/1915/6184
f 7015/1917/6186 6995/1914/6173 7016/1915/6186
f 7017/1915/6187 6995/1914/6185 7018/1916/6187
f 7019/1915/6188 6995/1914/6173 7020/1916/6188
f 7021/1915/6189 6995/1914/6173 7022/1916/6189
f 7023/1916/6190 6995/1914/6178 7024/1915/6191
f 7025/1915/6192 6995/1914/6178 7023/1916/6190
f 7026/1917/6193 6995/1914/6173 7027/1915/6194
f 7027/1915/6194 6995/1914/6173 7028/1917/6195
f 7029/1915/6196 6995/1914/6173 7030/1917/6197
f 7030/1917/6197 6995/1914/6173 7031/1915/6198
f 7032/1916/6199 6995/1914/6173 7033/1915/6200
f 7033/1915/6200 6995/1914/6173 7034/1916/6201
f 7035/1915/6202 7036/1914/6203 7037/1916/6202
f 7038/1916/6204 7036/1914/6205 7039/1915/6204
f 7040/1916/6206 7036/1914/6205 7041/1915/6206
f 7042/1916/6207 7036/1914/6205 7043/1915/6207
f 7044/1917/6208 7036/1914/6205 7045/1915/6208
f 7046/1915/6209 7036/1914/6205 7047/1917/6209
f 7048/1915/6210 7036/1914/6205 7049/1917/6210
f 7050/1915/6211 7036/1914/6212 7051/1917/6211
f 7052/1917/6213 7036/1914/6212 7053/1915/6213
f 7054/1917/6214 7036/1914/6212 7055/1915/6214
f 7056/1917/6215 7036/1914/6205 7057/1915/6215
f 7058/1915/6216 7036/1914/6205 7059/1916/6216
f 7060/1915/6217 7036/1914/6203 7061/1916/6217
f 7062/1915/6218 7036/1914/6203 7063/1916/6218
f 7064/1916/6219 7036/1914/6205 7065/1915/6220
f 7066/1915/6221 7036/1914/6205 7064/1916/6219
f 7067/1917/6222 7036/1914/6205 7068/1915/6223
f 7068/1915/6223 7036/1914/6205 7069/1917/6224
f 7070/1915/6225 7036/1914/6205 7071/1917/6226
f 7071/1917/6226 7036/1914/6205 7072/1915/6227
f 7073/1916/6228 7036/1914/6203 7074/1915/6229
f 7074/1915/6229 7036/1914/6203 7075/1916/6230
f 7076/102/6231 7077/181/6232 7078/184/6233
f 7078/184/6233 7079/96/6233 7076/102/6231
f 7076/102/6231 7079/96/6233 7080/95/6234
f 7080/95/6234 7081/103/6235 7076/102/6231
f 7082/1918/755 7083/1919/6236 7084/1919/6236
f 7084/1919/6236 7085/1918/755 7082/1918/755
f 7082/1918/755 7085/1918/755 7086/1919/6237
f 7086/1919/6237 7087/1919/6237 7082/1918/755
f 7088/1920/6238 7089/1921/6239 7090/1922/6240
f 7090/1922/6240 7091/1923/6241 7088/1920/6238
f 7091/1923/6241 7092/112/6242 7088/1920/6238
f 7092/112/6242 7093/111/6243 7088/1920/6238
f 7091/1923/6241 7094/92/6244 7092/112/6242
f 7095/196/6245 7096/197/6246 7097/197/6247
f 7097/197/6247 7098/196/6248 7095/196/6245
f 7099/196/6249 7098/196/6248 7097/197/6247
f 7097/197/6247 7100/197/6250 7099/196/6249
f 7101/197/6251 7102/198/6252 7103/198/6253
f 7103/198/6253 7104/197/6254 7101/197/6251
f 7105/197/6255 7104/197/6254 7103/198/6253
f 7103/198/6253 7106/198/6256 7105/197/6255
f 7107/194/6257 7108/194/6258 7109/194/6259
f 7109/194/6259 7110/194/6260 7107/194/6257
f 7111/194/6261 7110/194/6260 7109/194/6259
f 7109/194/6259 7112/194/6262 7111/194/6261
f 7113/1924/6263 7114/1925/6264 7115/1926/6265
f 7115/1926/6265 7116/1927/6266 7113/1924/6263
f 7117/1924/6267 7116/1927/6266 7115/1926/6265
f 7115/1926/6265 7118/1925/6268 7117/1924/6267
f 7119/1925/6269 7120/1928/6270 7121/1929/6271
f 7121/1929/6271 7122/1926/6272 7119/1925/6269
f 7123/1925/6273 7122/1926/6272 7121/1929/6271
f 7121/1929/6271 7124/1928/6274 7123/1925/6273
f 7125/1930/6275 7126/1931/6276 7127/1932/6277
f 7127/1932/6277 7126/1931/6276 7128/1933/6278
f 7128/1933/6278 7129/1934/6279 7127/1932/6277
f 7130/1935/6280 7127/1932/6277 7129/1934/6279
f 7129/1934/6279 7128/1933/6278 7131/1936/6281
f 7130/1935/6280 7129/1934/6279 7132/1937/6282
f 7131/1936/6281 7132/1937/6282 7129/1934/6279
f 7132/1937/6282 7133/1938/6283 7130/1935/6280
f 7132/1937/6282 7131/1936/6281 7134/1939/6284
f 7133/1938/6283 7132/1937/6282 7135/1940/6285
f 7134/1939/6284 7135/1940/6285 7132/1937/6282
f 7135/1940/6285 7136/1941/6286 7133/1938/6283
f 7135/1940/6285 7134/1939/6284 7137/1942/6287
f 7136/1941/6286 7135/1940/6285 7138/1943/6288
f 7137/1942/6287 7138/1943/6288 7135/1940/6285
f 7138/1943/6288 7139/1944/6289 7136/1941/6286
f 7138/1943/6288 7137/1942/6287 7140/1945/6290
f 7139/1944/6289 7138/1943/6288 7141/1946/6291
f 7140/1945/6290 7141/1946/6291 7138/1943/6288
f 7141/1946/6291 7142/1947/6292 7139/1944/6289
f 7141/1946/6291 7140/1945/6290 7143/1948/6293
f 7144/1949/6294 7142/1947/6292 7141/1946/6291
f 7143/1948/6293 7145/1950/6295 7141/1946/6291
f 7141/1946/6291 7145/1950/6295 7144/1949/6294
f 7145/1950/6295 7143/1948/6293 7146/1951/6296
f 7147/1952/6297 7144/1949/6294 7145/1950/6295
f 7146/1951/6296 7148/1953/6298 7145/1950/6295
f 7145/1950/6295 7148/1953/6298 7147/1952/6297
f 7148/1953/6298 7146/1951/6296 7149/1954/6299
f 7150/1955/6300 7147/1952/6297 7148/1953/6298
f 7149/1954/6299 7151/1956/6301 7148/1953/6298
f 7148/1953/6298 7151/1956/6301 7150/1955/6300
f 7151/1956/6301 7149/1954/6299 7152/1957/6302
f 7153/1958/6303 7150/1955/6300 7151/1956/6301
f 7152/1957/6302 7154/1959/6304 7151/1956/6301
f 7151/1956/6301 7154/1959/6304 7153/1958/6303
f 7154/1959/6304 7152/1957/6302 7155/1960/6305
f 7156/1961/6306 7153/1958/6303 7154/1959/6304
f 7155/1960/6305 7156/1961/6306 7154/1959/6304
f 7156/1961/6306 7155/1960/6305 7157/1962/6307
f 7158/1963/6308 7159/265/6309 7160/264/6310
f 7160/264/6310 7161/1964/6311 7158/1963/6308
f 7161/1964/6311 7162/1965/6312 7163/1966/6313
f 7163/1966/6313 7164/1967/6314 7161/1964/6311
f 7165/1968/6315 7164/1967/6314 7166/1969/6316
f 7164/1967/6314 7165/1968/6315 7167/1970/6317
f 7167/1970/6317 7168/1971/6318 7164/1967/6314
f 7161/1964/6311 7164/1967/6314 7168/1971/6318
f 7168/1971/6318 7167/1970/6317 7169/1972/6319
f 7158/1963/6308 7161/1964/6311 7170/1973/6320
f 7168/1971/6318 7170/1973/6320 7161/1964/6311
f 7170/1973/6320 7171/1974/6321 7158/1963/6308
f 7169/1972/6319 7172/1975/6322 7168/1971/6318
f 7170/1973/6320 7168/1971/6318 7172/1975/6322
f 7172/1975/6322 7169/1972/6319 7173/1976/6323
f 7171/1974/6321 7170/1973/6320 7174/1977/6324
f 7172/1975/6322 7174/1977/6324 7170/1973/6320
f 7174/1977/6324 7175/1978/6325 7171/1974/6321
f 7173/1976/6323 7176/1979/6326 7172/1975/6322
f 7174/1977/6324 7172/1975/6322 7176/1979/6326
f 7176/1979/6326 7173/1976/6323 7177/1980/6327
f 7175/1978/6325 7174/1977/6324 7178/1981/6328
f 7176/1979/6326 7178/1981/6328 7174/1977/6324
f 7178/1981/6328 7179/1982/6329 7175/1978/6325
f 7177/1980/6327 7180/1983/6330 7176/1979/6326
f 7178/1981/6328 7176/1979/6326 7180/1983/6330
f 7180/1983/6330 7177/1980/6327 7181/1984/6331
f 7179/1982/6329 7178/1981/6328 7182/1985/6332
f 7180/1983/6330 7182/1985/6332 7178/1981/6328
f 7182/1985/6332 7183/1986/6333 7179/1982/6329
f 7181/1984/6331 7184/1987/6334 7180/1983/6330
f 7182/1985/6332 7180/1983/6330 7184/1987/6334
f 7184/1987/6334 7181/1984/6331 7185/1988/6335
f 7183/1986/6333 7182/1985/6332 7186/1989/6336
f 7184/1987/6334 7186/1989/6336 7182/1985/6332
f 7186/1989/6336 7187/1990/6337 7183/1986/6333
f 7185/1988/6335 7188/1991/6338 7184/1987/6334
f 7186/1989/6336 7184/1987/6334 7188/1991/6338
f 7187/1990/6337 7186/1989/6336 7189/1992/6339
f 7188/1991/6338 7189/1992/6339 7186/1989/6336
f 7189/1992/6339 7190/1993/6340 7187/1990/6337
f 7191/1994/6341 7188/1991/6338 7185/1988/6335
f 7189/1992/6339 7188/1991/6338 7191/1994/6341
f 7185/1988/6335 7192/1995/6342 7191/1994/6341
f 7190/1993/6340 7189/1992/6339 7193/1996/6343
f 7191/1994/6341 7193/1996/6343 7189/1992/6339
f 7193/1996/6343 7194/1997/6344 7190/1993/6340
f 7195/1998/6345 7191/1994/6341 7192/1995/6342
f 7193/1996/6343 7191/1994/6341 7195/1998/6345
f 7192/1995/6342 7196/1999/6346 7195/1998/6345
f 7194/1997/6344 7193/1996/6343 7197/2000/6347
f 7195/1998/6345 7197/2000/6347 7193/1996/6343
f 7197/2000/6347 7198/2001/6348 7194/1997/6344
f 7199/2002/6349 7195/1998/6345 7196/1999/6346
f 7197/2000/6347 7195/1998/6345 7199/2002/6349
f 7196/1999/6346 7200/2003/6350 7199/2002/6349
f 7201/2004/6351 7199/2002/6349 7200/2003/6350
f 7198/2001/6348 7197/2000/6347 7202/2005/6352
f 7199/2002/6349 7202/2005/6352 7197/2000/6347
f 7202/2005/6352 7199/2002/6349 7201/2004/6351
f 7202/2005/6352 7203/2006/6353 7198/2001/6348
f 7201/2004/6351 7204/2007/6354 7202/2005/6352
f 7203/2006/6353 7202/2005/6352 7204/2007/6354
f 7205/2008/6355 7204/2007/6354 7201/2004/6351
f 7204/2007/6354 7206/2009/6356 7203/2006/6353
f 7207/2010/6357 7208/2011/6357 7209/2012/6357
f 7209/2012/6357 7210/2013/6357 7207/2010/6357
f 7211/2010/6357 7210/2013/6357 7209/2012/6357
f 7209/2012/6357 7212/2011/6357 7211/2010/6357
f 7213/2014/6358 7214/2015/6358 7215/2016/6358
f 7215/2016/6358 7216/2017/6358 7213/2014/6358
f 7213/2014/6358 7216/2017/6358 7217/2016/6358
f 7217/2016/6358 7218/2015/6358 7213/2014/6358
f 7219/2018/6359 7220/2019/6360 7221/2020/6361
f 7222/2021/6362 7220/2019/6360 7219/2018/6359
f 7219/2018/6359 7223/2022/6363 7222/2021/6362
f 7223/2022/6363 7219/2018/6359 7224/2023/6364
f 7224/2023/6364 7225/2024/6365 7223/2022/6363
f 7226/2025/6366 7222/2021/6362 7223/2022/6363
f 7225/2024/6365 7227/2026/6367 7223/2022/6363
f 7226/2025/6366 7223/2022/6363 7228/2027/6368
f 7228/2027/6368 7223/2022/6363 7227/2026/6367
f 7228/2027/6368 7229/2028/6369 7226/2025/6366
f 7227/2026/6367 7230/2029/6370 7228/2027/6368
f 7231/2030/6371 7228/2027/6368 7230/2029/6370
f 7232/2031/6372 7228/2027/6368 7231/2030/6371
f 7231/2030/6371 7233/2032/6373 7232/2031/6372
f 7234/2033/6374 7232/2031/6372 7233/2032/6373
f 7235/2034/6375 7232/2031/6372 7234/2033/6374
f 7234/2033/6374 7236/2035/6376 7235/2034/6375
f 7235/2034/6375 7237/2036/6377 7232/2031/6372
f 7238/2037/6378 7235/2034/6375 7236/2035/6376
f 7239/2038/6379 7240/2039/6380 7237/2036/6377
f 7235/2034/6375 7239/2038/6379 7237/2036/6377
f 7241/2040/6381 7239/2038/6379 7235/2034/6375
f 7242/2041/6382 7241/2040/6381 7235/2034/6375
f 7243/2042/6383 7235/2034/6375 7238/2037/6378
f 7235/2034/6375 7243/2042/6383 7242/2041/6382
f 7238/2037/6378 7244/2043/6384 7243/2042/6383
f 7245/2044/6385 7242/2041/6382 7243/2042/6383
f 7246/2045/6386 7243/2042/6383 7244/2043/6384
f 7247/2046/6387 7245/2044/6385 7243/2042/6383
f 7248/2047/6388 7243/2042/6383 7246/2045/6386
f 7243/2042/6383 7248/2047/6388 7247/2046/6387
f 7249/2048/6389 7247/2046/6387 7248/2047/6388
f 7248/2047/6388 7250/2049/6390 7249/2048/6389
f 7251/2050/6391 7249/2048/6389 7250/2049/6390
f 7250/2049/6390 7252/2051/6392 7251/2050/6391
f 7253/2052/6393 7251/2050/6391 7252/2051/6392
f 7252/2051/6392 7254/2053/6393 7253/2052/6393
f 7253/2052/6393 7254/2053/6393 7255/2051/6394
f 7255/2051/6394 7256/2050/6395 7253/2052/6393
f 7256/2050/6395 7255/2051/6394 7257/2049/6396
f 7257/2049/6396 7258/2048/6397 7256/2050/6395
f 7258/2048/6397 7257/2049/6396 7259/2047/6398
f 7259/2047/6398 7260/2046/6399 7258/2048/6397
f 7260/2046/6399 7259/2047/6398 7261/2042/6400
f 7261/2042/6400 7259/2047/6398 7262/2045/6401
f 7261/2042/6400 7263/2044/6402 7260/2046/6399
f 7261/2042/6400 7262/2045/6401 7264/2043/6403
f 7265/2041/6404 7263/2044/6402 7261/2042/6400
f 7261/2042/6400 7264/2043/6403 7266/2037/6405
f 7265/2041/6404 7261/2042/6400 7267/2034/6406
f 7266/2037/6405 7267/2034/6406 7261/2042/6400
f 7267/2034/6406 7268/2040/6407 7265/2041/6404
f 7267/2034/6406 7266/2037/6405 7269/2035/6408
f 7270/2038/6409 7268/2040/6407 7267/2034/6406
f 7267/2034/6406 7269/2035/6408 7271/2033/6410
f 7272/2036/6411 7273/2039/6412 7270/2038/6409
f 7272/2036/6411 7270/2038/6409 7267/2034/6406
f 7272/2036/6411 7267/2034/6406 7274/2031/6413
f 7271/2033/6410 7274/2031/6413 7267/2034/6406
f 7274/2031/6413 7271/2033/6410 7275/2032/6414
f 7274/2031/6413 7275/2032/6414 7276/2030/6415
f 7276/2030/6415 7277/2027/6416 7274/2031/6413
f 7277/2027/6416 7276/2030/6415 7278/2029/6417
f 7277/2027/6416 7278/2029/6417 7279/2026/6418
f 7280/2025/6419 7281/2028/6420 7277/2027/6416
f 7279/2026/6418 7282/2022/6421 7277/2027/6416
f 7277/2027/6416 7282/2022/6421 7280/2025/6419
f 7279/2026/6418 7283/2024/6422 7282/2022/6421
f 7282/2022/6421 7283/2024/6422 7284/2023/6423
f 7285/2021/6424 7280/2025/6419 7282/2022/6421
f 7284/2023/6423 7286/2018/6425 7282/2022/6421
f 7285/2021/6424 7282/2022/6421 7286/2018/6425
f 7286/2018/6425 7287/2019/6426 7285/2021/6424
f 7287/2019/6426 7286/2018/6425 7288/2020/6427
f 7289/295/6428 7290/294/6428 7291/2054/6428
f 7291/2054/6428 7292/2055/6428 7289/295/6428
f 7293/295/6428 7292/2055/6428 7291/2054/6428
f 7291/2054/6428 7294/294/6428 7293/295/6428
f 7295/1160/6429 7296/1161/6430 7297/2056/6431
f 7297/2056/6431 7298/2057/6432 7295/1160/6429
f 7299/2058/6433 7298/2057/6432 7297/2056/6431
f 7299/2058/6433 7297/2056/6431 7300/2059/6434
f 7299/2058/6433 7301/2060/6435 7298/2057/6432
f 7302/2057/6436 7301/2060/6435 7299/2058/6433
f 7303/2056/6437 7302/2057/6436 7299/2058/6433
f 7303/2056/6437 7299/2058/6433 7304/2059/6438
f 7305/1160/6439 7302/2057/6436 7303/2056/6437
f 7303/2056/6437 7306/1161/6440 7305/1160/6439
f 7307/2061/6441 7308/2062/6442 7309/2063/6443
f 7309/2063/6443 7310/2064/6444 7307/2061/6441
f 7307/2061/6441 7310/2064/6444 7311/2065/6445
f 7311/2065/6445 7312/2066/6446 7307/2061/6441
f 7313/2067/6447 7312/2066/6446 7311/2065/6445
f 7311/2065/6445 7314/2068/6448 7313/2067/6447
f 7315/2069/6449 7313/2067/6447 7314/2068/6448
f 7314/2068/6448 7316/2070/6450 7315/2069/6449
f 7315/2069/6449 7316/2070/6450 7317/2068/6451
f 7317/2068/6451 7318/2067/6452 7315/2069/6449
f 7318/2067/6452 7317/2068/6451 7319/2065/6453
f 7319/2065/6453 7320/2066/6454 7318/2067/6452
f 7321/2061/6455 7320/2066/6454 7319/2065/6453
f 7319/2065/6453 7322/2064/6456 7321/2061/6455
f 7321/2061/6455 7322/2064/6456 7323/2063/6457
f 7323/2063/6457 7324/2062/6458 7321/2061/6455
f 7325/2071/6459 7326/2072/6460 7327/2073/6461
f 7327/2073/6461 7328/2074/6462 7325/2071/6459
f 7329/2071/6463 7328/2074/6462 7327/2073/6461
f 7327/2073/6461 7330/2072/6464 7329/2071/6463
f 7331/312/6465 7332/311/6466 7333/2075/6467
f 7333/2075/6467 7334/2076/6468 7331/312/6465
f 7335/312/6469 7334/2076/6468 7333/2075/6467
f 7333/2075/6467 7336/311/6470 7335/312/6469
f 7337/2077/6471 7338/494/6472 7339/494/6473
f 7339/494/6473 7340/2077/6474 7337/2077/6471
f 7337/2077/6471 7340/2077/6474 7341/494/6475
f 7341/494/6475 7342/494/6476 7337/2077/6471
f 7343/2078/6477 7344/2079/6477 7345/2079/6477
f 7345/2079/6477 7346/2078/6477 7343/2078/6477
f 7347/2078/6477 7346/2078/6477 7345/2079/6477
f 7345/2079/6477 7348/2079/6477 7347/2078/6477
f 7347/2078/6477 7348/2079/6477 7349/2079/6477
f 7349/2079/6477 7350/2078/6477 7347/2078/6477
f 7351/2078/6477 7350/2078/6477 7349/2079/6477
f 7349/2079/6477 7352/2079/6477 7351/2078/6477
f 7353/404/6478 7354/405/6478 7355/405/6478
f 7355/405/6478 7356/404/6478 7353/404/6478
f 7357/404/6478 7356/404/6478 7355/405/6478
f 7355/405/6478 7358/405/6478 7357/404/6478
f 7357/404/6478 7358/405/6478 7359/405/6478
f 7359/405/6478 7360/404/6478 7357/404/6478
f 7361/404/6478 7360/404/6478 7359/405/6478
f 7359/405/6478 7362/405/6478 7361/404/6478
f 7363/2080/6479 7364/2081/6480 7365/2082/6481
f 7365/2082/6481 7366/2083/6482 7363/2080/6479
f 7363/2080/6479 7366/2083/6482 7367/2082/6483
f 7367/2082/6483 7368/2081/6484 7363/2080/6479
f 7369/2084/6485 7370/2085/6485 7371/2086/6485
f 7371/2086/6485 7372/2087/6485 7369/2084/6485
f 7369/2084/6485 7372/2087/6485 7373/2086/6485
f 7373/2086/6485 7374/2085/6485 7369/2084/6485
f 7375/549/6486 7376/552/6487 7377/2088/6488
f 7377/2088/6488 7378/2089/6489 7375/549/6486
f 7379/549/6490 7378/2089/6489 7377/2088/6488
f 7377/2088/6488 7380/552/6491 7379/549/6490
f 7381/2090/6492 7382/578/6493 7383/577/6494
f 7383/577/6494 7384/2091/6495 7381/2090/6492
f 7381/2090/6492 7384/2091/6495 7385/577/6496
f 7385/577/6496 7386/578/6497 7381/2090/6492
f 7387/2092/6498 7388/2093/6498 7389/2094/6498
f 7389/2094/6498 7390/2095/6498 7387/2092/6498
f 7387/2092/6498 7390/2095/6498 7391/2094/6498
f 7391/2094/6498 7392/2093/6498 7387/2092/6498
f 7393/188/6499 7394/188/6499 7395/187/6499
f 7395/187/6499 7396/187/6499 7393/188/6499
f 7393/188/6499 7396/187/6499 7397/187/6499
f 7397/187/6499 7398/188/6499 7393/188/6499
f 7399/2096/6500 7400/2097/6500 7401/2015/6500
f 7401/2015/6500 7402/2014/6500 7399/2096/6500
f 7399/2096/6500 7402/2014/6500 7403/2015/6500
f 7403/2015/6500 7404/2097/6500 7399/2096/6500
f 7405/2017/6501 7406/2016/6501 7407/2098/6501
f 7407/2098/6501 7408/2099/6501 7405/2017/6501
f 7405/2017/6501 7408/2099/6501 7409/2098/6501
f 7409/2098/6501 7410/2016/6501 7405/2017/6501
f 7411/2098/6502 7412/2010/6502 7413/2013/6502
f 7413/2013/6502 7414/2099/6502 7411/2098/6502
f 7415/2098/6502 7414/2099/6502 7413/2013/6502
f 7413/2013/6502 7416/2010/6502 7415/2098/6502
f 7417/2100/6503 7418/302/6504 7419/301/6505
f 7419/301/6505 7420/2101/6506 7417/2100/6503
f 7417/2100/6503 7420/2101/6506 7421/301/6507
f 7421/301/6507 7422/302/6508 7417/2100/6503
f 7423/2102/6509 7424/314/6510 7425/313/6511
f 7425/313/6511 7426/2103/6512 7423/2102/6509
f 7423/2102/6509 7426/2103/6512 7427/313/6513
f 7427/313/6513 7428/314/6514 7423/2102/6509
f 7429/2083/6515 7430/2082/6516 7431/2104/6517
f 7431/2104/6517 7432/2105/6518 7429/2083/6515
f 7429/2083/6515 7432/2105/6518 7433/2104/6519
f 7433/2104/6519 7434/2082/6520 7429/2083/6515
f 7435/2090/6521 7436/578/6522 7437/577/6523
f 7437/577/6523 7438/2091/6524 7435/2090/6521
f 7435/2090/6521 7438/2091/6524 7439/577/6525
f 7439/577/6525 7440/578/6526 7435/2090/6521
f 7441/2106/6527 7442/2107/6528 7443/1924/6529
f 7442/2107/6528 7444/2108/6530 7443/1924/6529
f 7443/1924/6529 7444/2108/6530 7445/2109/6531
f 7445/2109/6531 7446/1925/6532 7443/1924/6529
f 7446/1925/6532 7445/2109/6531 7447/2110/6533
f 7447/2110/6533 7448/1928/6534 7446/1925/6532
f 7448/1928/6534 7447/2110/6533 7449/2111/6535
f 7449/2111/6535 7450/2112/6536 7448/1928/6534
f 7450/2112/6536 7449/2111/6535 7451/2113/6537
f 7451/2113/6537 7452/2114/6538 7450/2112/6536
f 7452/2114/6538 7451/2113/6537 7453/2115/6539
f 7453/2115/6539 7454/2116/6540 7452/2114/6538
f 7455/2117/6541 7453/2115/6542 7456/2118/6543
f 7455/2117/6541 7456/2118/6543 7457/2119/6544
f 7458/2120/6545 7455/2117/6541 7457/2119/6544
f 7455/2117/6541 7458/2120/6545 7459/2119/6546
f 7460/2118/6547 7455/2117/6541 7459/2119/6546
f 7460/2118/6547 7461/2115/6548 7455/2117/6541
f 7459/2119/6546 7458/2120/6545 7462/2121/6549
f 7462/2121/6549 7458/2120/6545 7457/2119/6544
f 7462/2121/6549 7463/2122/6550 7459/2119/6546
f 7457/2119/6544 7464/2122/6551 7462/2121/6549
f 7465/2123/6552 7463/2122/6550 7462/2121/6549
f 7462/2121/6549 7464/2122/6551 7466/2123/6553
f 7467/2114/6554 7468/2116/6555 7461/2115/6556
f 7461/2115/6556 7469/2113/6557 7467/2114/6554
f 7470/2112/6558 7467/2114/6554 7469/2113/6557
f 7469/2113/6557 7471/2111/6559 7470/2112/6558
f 7472/1928/6560 7470/2112/6558 7471/2111/6559
f 7471/2111/6559 7473/2110/6561 7472/1928/6560
f 7474/1925/6562 7472/1928/6560 7473/2110/6561
f 7473/2110/6561 7475/2109/6563 7474/1925/6562
f 7476/1924/6564 7474/1925/6562 7475/2109/6563
f 7475/2109/6563 7477/2108/6565 7476/1924/6564
f 7477/2108/6565 7478/2107/6566 7476/1924/6564
f 7478/2107/6566 7479/2106/6567 7476/1924/6564
f 7466/2123/6553 7480/2124/6568 7462/2121/6549
f 7462/2121/6549 7480/2124/6568 7465/2123/6552
f 7481/2125/6569 7480/2124/6568 7466/2123/6553
f 7481/2125/6569 7466/2123/6553 7482/2126/6570
f 7481/2125/6569 7483/2127/6571 7480/2124/6568
f 7480/2124/6568 7483/2127/6571 7484/2125/6572
f 7465/2123/6552 7480/2124/6568 7484/2125/6572
f 7465/2123/6552 7484/2125/6572 7485/2126/6573
f 7486/2128/6574 7481/2125/6569 7482/2126/6570
f 7485/2126/6573 7484/2125/6572 7486/2128/6574
f 7486/2128/6574 7482/2126/6570 7487/2129/6575
f 7484/2125/6572 7488/2130/6576 7486/2128/6574
f 7486/2128/6574 7488/2130/6576 7481/2125/6569
f 7485/2126/6573 7486/2128/6574 7489/2129/6575
f 7486/2128/6574 7487/2129/6575 7490/2131/6577
f 7491/2131/6577 7489/2129/6575 7486/2128/6574
f 7490/2131/6577 7492/2132/6578 7486/2128/6574
f 7486/2128/6574 7492/2132/6578 7491/2131/6577
f 7492/2132/6578 7490/2131/6577 7493/2133/6579
f 7494/2133/6579 7491/2131/6577 7492/2132/6578
f 7493/2133/6579 7495/2134/6580 7492/2132/6578
f 7492/2132/6578 7495/2134/6580 7494/2133/6579
f 7495/2134/6580 7493/2133/6579 7496/2135/6581
f 7497/2135/6581 7494/2133/6579 7495/2134/6580
f 7496/2135/6581 7498/2136/6582 7495/2134/6580
f 7495/2134/6580 7498/2136/6582 7497/2135/6581
f 7498/2136/6582 7496/2135/6581 7499/2137/6583
f 7500/2137/6583 7497/2135/6581 7498/2136/6582
f 7499/2137/6583 7501/2138/6584 7498/2136/6582
f 7498/2136/6582 7501/2138/6584 7500/2137/6583
f 7501/2138/6584 7499/2137/6583 7502/2139/6585
f 7503/2139/6585 7500/2137/6583 7501/2138/6584
f 7502/2139/6585 7504/2140/6586 7501/2138/6584
f 7501/2138/6584 7504/2140/6586 7503/2139/6585
f 7504/2140/6586 7502/2139/6585 7505/2141/6587
f 7506/2141/6587 7503/2139/6585 7504/2140/6586
f 7505/2141/6587 7507/2142/6588 7504/2140/6586
f 7504/2140/6586 7507/2142/6588 7506/2141/6587
f 7507/2142/6588 7505/2141/6587 7508/2143/6589
f 7509/2143/6589 7506/2141/6587 7507/2142/6588
f 7508/2143/6589 7510/2144/6590 7507/2142/6588
f 7507/2142/6588 7510/2144/6590 7509/2143/6589
f 7510/2144/6590 7508/2143/6589 7511/2145/6591
f 7512/2145/6591 7509/2143/6589 7510/2144/6590
f 7511/2145/6591 7513/2146/6592 7510/2144/6590
f 7510/2144/6590 7513/2146/6592 7512/2145/6591
f 7513/2146/6592 7511/2145/6591 7514/2147/6593
f 7515/2147/6593 7512/2145/6591 7513/2146/6592
f 7514/2147/6593 7516/2148/6593 7513/2146/6592
f 7513/2146/6592 7516/2148/6593 7515/2147/6593
f 7517/2149/6594 7518/2150/6595 7519/2151/6596
f 7519/2151/6596 7520/2152/6597 7517/2149/6594
f 7517/2149/6594 7520/2152/6597 7521/2153/6598
f 7521/2153/6598 7522/2154/6599 7517/2149/6594
f 7523/2149/6600 7522/2154/6599 7521/2153/6598
f 7521/2153/6598 7524/2152/6601 7523/2149/6600
f 7523/2149/6600 7524/2152/6601 7525/2151/6602
f 7525/2151/6602 7526/2150/6603 7523/2149/6600
f 7527/180/6604 7528/672/6605 7529/675/6606
f 7527/180/6604 7529/675/6606 7530/172/6607
f 7529/675/6606 7531/666/6608 7530/172/6607
f 7529/675/6606 7532/670/6609 7531/666/6608
f 7533/173/6610 7530/172/6607 7531/666/6608
f 7531/666/6608 7534/669/6611 7533/173/6610
f 7535/175/6612 7533/173/6610 7534/669/6611
f 7534/669/6611 7536/1906/6613 7535/175/6612
f 7535/175/6612 7536/1906/6613 7537/129/6614
f 7536/1906/6613 7538/676/6615 7537/129/6614
f 7535/175/6612 7537/129/6614 7539/177/6616
f 7540/685/6617 7541/678/6618 7542/681/6619
f 7543/682/6620 7540/685/6617 7542/681/6619
f 7544/1909/6621 7542/681/6619 7545/697/6622
f 7544/1909/6621 7543/682/6620 7542/681/6619
f 7543/682/6620 7544/1909/6621 7546/1911/6623
f 7546/1911/6623 7547/686/6624 7543/682/6620
f 7548/688/6625 7547/686/6624 7546/1911/6623
f 7546/1911/6623 7549/1912/6626 7548/688/6625
f 7549/1912/6626 7550/698/6627 7548/688/6625
f 7550/698/6627 7551/695/6628 7548/688/6625
f 7551/695/6628 7552/690/6629 7548/688/6625
f 7550/698/6627 7553/692/6630 7551/695/6628
f 7554/184/6631 7555/181/6632 7556/102/6633
f 7556/102/6633 7557/96/6631 7554/184/6631
f 7558/95/6631 7557/96/6631 7556/102/6633
f 7556/102/6633 7559/103/6634 7558/95/6631
f 7560/1922/6635 7561/1921/6636 7562/1920/6637
f 7562/1920/6637 7563/1923/6638 7560/1922/6635
f 7564/112/6639 7563/1923/6638 7562/1920/6637
f 7565/111/6640 7564/112/6639 7562/1920/6637
f 7564/112/6639 7566/92/6641 7563/1923/6638
f 7567/1931/6642 7568/1930/6643 7569/1932/6644
f 7570/1933/6645 7567/1931/6642 7569/1932/6644
f 7569/1932/6644 7571/1934/6646 7570/1933/6645
f 7572/1936/6647 7570/1933/6645 7571/1934/6646
f 7569/1932/6644 7573/1935/6648 7571/1934/6646
f 7571/1934/6646 7574/1937/6649 7572/1936/6647
f 7574/1937/6649 7571/1934/6646 7573/1935/6648
f 7575/1939/6650 7572/1936/6647 7574/1937/6649
f 7573/1935/6648 7576/1938/6651 7574/1937/6649
f 7574/1937/6649 7577/1940/6652 7575/1939/6650
f 7577/1940/6652 7574/1937/6649 7576/1938/6651
f 7578/1942/6653 7575/1939/6650 7577/1940/6652
f 7576/1938/6651 7579/1941/6654 7577/1940/6652
f 7577/1940/6652 7580/1943/6655 7578/1942/6653
f 7580/1943/6655 7577/1940/6652 7579/1941/6654
f 7581/1945/6656 7578/1942/6653 7580/1943/6655
f 7579/1941/6654 7582/1944/6657 7580/1943/6655
f 7580/1943/6655 7583/1946/6658 7581/1945/6656
f 7583/1946/6658 7580/1943/6655 7582/1944/6657
f 7582/1944/6657 7584/1947/6659 7583/1946/6658
f 7585/1948/6660 7581/1945/6656 7583/1946/6658
f 7583/1946/6658 7584/1947/6659 7586/1949/6661
f 7583/1946/6658 7587/1950/6662 7585/1948/6660
f 7586/1949/6661 7587/1950/6662 7583/1946/6658
f 7588/1951/6663 7585/1948/6660 7587/1950/6662
f 7587/1950/6662 7586/1949/6661 7589/1952/6664
f 7587/1950/6662 7590/1953/6665 7588/1951/6663
f 7589/1952/6664 7590/1953/6665 7587/1950/6662
f 7591/1954/6666 7588/1951/6663 7590/1953/6665
f 7590/1953/6665 7589/1952/6664 7592/1955/6667
f 7590/1953/6665 7593/1956/6668 7591/1954/6666
f 7592/1955/6667 7593/1956/6668 7590/1953/6665
f 7594/1957/6669 7591/1954/6666 7593/1956/6668
f 7593/1956/6668 7592/1955/6667 7595/1958/6670
f 7593/1956/6668 7596/1959/6671 7594/1957/6669
f 7595/1958/6670 7596/1959/6671 7593/1956/6668
f 7597/1960/6672 7594/1957/6669 7596/1959/6671
f 7595/1958/6670 7598/1961/6673 7596/1959/6671
f 7596/1959/6671 7598/1961/6673 7597/1960/6672
f 7597/1960/6672 7598/1961/6673 7599/1962/6674
f 7600/264/6675 7601/265/6676 7602/1963/6677
f 7602/1963/6677 7603/1964/6678 7600/264/6675
f 7604/1966/6679 7605/1965/6679 7603/1964/6678
f 7603/1964/6678 7606/1967/6680 7604/1966/6679
f 7606/1967/6680 7607/1968/6681 7608/1969/6682
f 7609/1970/6683 7607/1968/6681 7606/1967/6680
f 7606/1967/6680 7610/1971/6684 7609/1970/6683
f 7610/1971/6684 7606/1967/6680 7603/1964/6678
f 7611/1972/6685 7609/1970/6683 7610/1971/6684
f 7612/1973/6686 7603/1964/6678 7602/1963/6677
f 7603/1964/6678 7612/1973/6686 7610/1971/6684
f 7602/1963/6677 7613/1974/6687 7612/1973/6686
f 7610/1971/6684 7614/1975/6688 7611/1972/6685
f 7614/1975/6688 7610/1971/6684 7612/1973/6686
f 7615/1976/6689 7611/1972/6685 7614/1975/6688
f 7616/1977/6690 7612/1973/6686 7613/1974/6687
f 7612/1973/6686 7616/1977/6690 7614/1975/6688
f 7613/1974/6687 7617/1978/6691 7616/1977/6690
f 7614/1975/6688 7618/1979/6692 7615/1976/6689
f 7618/1979/6692 7614/1975/6688 7616/1977/6690
f 7619/1980/6693 7615/1976/6689 7618/1979/6692
f 7620/1981/6694 7616/1977/6690 7617/1978/6691
f 7616/1977/6690 7620/1981/6694 7618/1979/6692
f 7617/1978/6691 7621/1982/6695 7620/1981/6694
f 7618/1979/6692 7622/1983/6696 7619/1980/6693
f 7622/1983/6696 7618/1979/6692 7620/1981/6694
f 7623/1984/6697 7619/1980/6693 7622/1983/6696
f 7624/1985/6698 7620/1981/6694 7621/1982/6695
f 7620/1981/6694 7624/1985/6698 7622/1983/6696
f 7621/1982/6695 7625/1986/6699 7624/1985/6698
f 7622/1983/6696 7626/1987/6700 7623/1984/6697
f 7626/1987/6700 7622/1983/6696 7624/1985/6698
f 7627/1988/6701 7623/1984/6697 7626/1987/6700
f 7628/1989/6702 7624/1985/6698 7625/1986/6699
f 7624/1985/6698 7628/1989/6702 7626/1987/6700
f 7625/1986/6699 7629/1990/6703 7628/1989/6702
f 7626/1987/6700 7630/1991/6704 7627/1988/6701
f 7630/1991/6704 7626/1987/6700 7628/1989/6702
f 7631/1992/6705 7628/1989/6702 7629/1990/6703
f 7628/1989/6702 7631/1992/6705 7630/1991/6704
f 7629/1990/6703 7632/1993/6706 7631/1992/6705
f 7627/1988/6701 7630/1991/6704 7633/1994/6707
f 7633/1994/6707 7630/1991/6704 7631/1992/6705
f 7633/1994/6707 7634/1995/6708 7627/1988/6701
f 7635/1996/6709 7631/1992/6705 7632/1993/6706
f 7631/1992/6705 7635/1996/6709 7633/1994/6707
f 7632/1993/6706 7636/1997/6710 7635/1996/6709
f 7634/1995/6708 7633/1994/6707 7637/1998/6711
f 7637/1998/6711 7633/1994/6707 7635/1996/6709
f 7637/1998/6711 7638/1999/6712 7634/1995/6708
f 7639/2000/6713 7635/1996/6709 7636/1997/6710
f 7635/1996/6709 7639/2000/6713 7637/1998/6711
f 7636/1997/6710 7640/2001/6714 7639/2000/6713
f 7638/1999/6712 7637/1998/6711 7641/2002/6715
f 7641/2002/6715 7637/1998/6711 7639/2000/6713
f 7641/2002/6715 7642/2003/6716 7638/1999/6712
f 7641/2002/6715 7643/2004/6717 7642/2003/6716
f 7644/2005/6718 7639/2000/6713 7640/2001/6714
f 7639/2000/6713 7644/2005/6718 7641/2002/6715
f 7643/2004/6717 7641/2002/6715 7644/2005/6718
f 7640/2001/6714 7645/2006/6719 7644/2005/6718
f 7644/2005/6718 7646/2007/6720 7643/2004/6717
f 7646/2007/6720 7644/2005/6718 7645/2006/6719
f 7646/2007/6720 7647/2008/6721 7643/2004/6717
f 7645/2006/6719 7648/2009/6722 7646/2007/6720
f 7649/563/6723 7650/565/6724 7651/556/6725
f 7651/556/6725 7652/557/6726 7649/563/6723
f 7653/562/6727 7654/564/6728 7649/563/6723
f 7649/563/6723 7652/557/6726 7653/562/6727
f 7655/561/6729 7653/562/6727 7652/557/6726
f 7652/557/6726 7656/558/6730 7655/561/6729
f 7657/555/6731 7656/558/6730 7652/557/6726
f 7652/557/6726 7658/556/6732 7657/555/6731
f 7659/675/6733 7660/672/6734 7661/180/6735
f 7659/675/6733 7661/180/6735 7662/172/6736
f 7663/666/6737 7659/675/6733 7662/172/6736
f 7663/666/6737 7664/670/6738 7659/675/6733
f 7663/666/6737 7662/172/6736 7665/173/6739
f 7665/173/6739 7666/669/6740 7663/666/6737
f 7666/669/6740 7665/173/6739 7667/175/6741
f 7667/175/6741 7668/1906/6742 7666/669/6740
f 7669/129/6743 7668/1906/6742 7667/175/6741
f 7669/129/6743 7667/175/6741 7670/177/6744
f 7669/129/6743 7671/676/6745 7668/1906/6742
f 7672/681/6746 7673/678/6747 7674/685/6748
f 7672/681/6746 7674/685/6748 7675/682/6749
f 7672/681/6746 7676/1909/6750 7677/697/6751
f 7672/681/6746 7675/682/6749 7676/1909/6750
f 7678/1911/6752 7676/1909/6750 7675/682/6749
f 7675/682/6749 7679/686/6753 7678/1911/6752
f 7678/1911/6752 7679/686/6753 7680/688/6754
f 7680/688/6754 7681/1912/6755 7678/1911/6752
f 7682/698/6756 7681/1912/6755 7680/688/6754
f 7683/695/6757 7682/698/6756 7680/688/6754
f 7684/690/6758 7683/695/6757 7680/688/6754
f 7683/695/6757 7685/692/6759 7682/698/6756
f 7686/2155/6760 7687/2156/6761 7688/2157/6762
f 7688/2157/6762 7689/2158/6763 7686/2155/6760
f 7690/2159/6764 7686/2155/6760 7689/2158/6763
f 7689/2158/6763 7688/2157/6762 7691/2160/6765
f 7689/2158/6763 7692/2161/6766 7690/2159/6764
f 7693/2162/6767 7690/2159/6764 7692/2161/6766
f 7691/2160/6765 7694/2163/6768 7689/2158/6763
f 7692/2161/6766 7689/2158/6763 7694/2163/6768
f 7694/2163/6768 7691/2160/6765 7695/2164/6769
f 7692/2161/6766 7696/2165/6770 7693/2162/6767
f 7697/2166/6771 7693/2162/6767 7696/2165/6770
f 7694/2163/6768 7698/2167/6772 7692/2161/6766
f 7696/2165/6770 7699/2168/6773 7697/2166/6771
f 7700/2169/6774 7697/2166/6771 7699/2168/6773
f 7701/2170/6775 7696/2165/6770 7692/2161/6766
f 7699/2168/6773 7696/2165/6770 7701/2170/6775
f 7692/2161/6766 7698/2167/6772 7701/2170/6775
f 7699/2168/6773 7702/2171/6776 7700/2169/6774
f 7703/2172/6777 7700/2169/6774 7702/2171/6776
f 7701/2170/6775 7704/2173/6778 7699/2168/6773
f 7702/2171/6776 7699/2168/6773 7704/2173/6778
f 7702/2171/6776 7705/2174/6779 7703/2172/6777
f 7706/2175/6780 7703/2172/6777 7705/2174/6779
f 7704/2173/6778 7707/2176/6781 7702/2171/6776
f 7705/2174/6779 7702/2171/6776 7707/2176/6781
f 7705/2174/6779 7708/2177/6782 7706/2175/6780
f 7709/2178/6783 7706/2175/6780 7708/2177/6782
f 7707/2176/6781 7710/2179/6784 7705/2174/6779
f 7708/2177/6782 7705/2174/6779 7710/2179/6784
f 7708/2177/6782 7711/2180/6785 7709/2178/6783
f 7712/2181/6786 7709/2178/6783 7711/2180/6785
f 7710/2179/6784 7713/2182/6787 7708/2177/6782
f 7711/2180/6785 7708/2177/6782 7713/2182/6787
f 7711/2180/6785 7714/2183/6788 7712/2181/6786
f 7715/2184/6789 7712/2181/6786 7714/2183/6788
f 7713/2182/6787 7716/2185/6790 7711/2180/6785
f 7714/2183/6788 7711/2180/6785 7716/2185/6790
f 7713/2182/6787 7710/2179/6784 7717/2186/6791
f 7716/2185/6790 7713/2182/6787 7718/2187/6792
f 7717/2186/6791 7718/2187/6792 7713/2182/6787
f 7716/2185/6790 7719/2188/6793 7714/2183/6788
f 7720/2189/6794 7717/2186/6791 7710/2179/6784
f 7710/2179/6784 7707/2176/6781 7720/2189/6794
f 7721/2190/6795 7714/2183/6788 7719/2188/6793
f 7714/2183/6788 7721/2190/6795 7715/2184/6789
f 7722/2191/6796 7720/2189/6794 7707/2176/6781
f 7707/2176/6781 7704/2173/6778 7722/2191/6796
f 7715/2184/6789 7721/2190/6795 7723/2192/6797
f 7723/2192/6797 7724/2193/6798 7715/2184/6789
f 7725/2194/6799 7722/2191/6796 7704/2173/6778
f 7704/2173/6778 7701/2170/6775 7725/2194/6799
f 7724/2193/6798 7723/2192/6797 7726/2195/6800
f 7726/2195/6800 7727/2196/6801 7724/2193/6798
f 7728/2197/6802 7727/2196/6801 7726/2195/6800
f 7726/2195/6800 7729/2198/6803 7728/2197/6802
f 7729/2198/6803 7726/2195/6800 7730/2199/6804
f 7730/2199/6804 7726/2195/6800 7723/2192/6797
f 7730/2199/6804 7731/2200/6805 7729/2198/6803
f 7723/2192/6797 7732/2201/6806 7730/2199/6804
f 7732/2201/6806 7723/2192/6797 7721/2190/6795
f 7731/2200/6805 7730/2199/6804 7733/2202/6807
f 7733/2202/6807 7730/2199/6804 7732/2201/6806
f 7733/2202/6807 7734/2203/6808 7731/2200/6805
f 7721/2190/6795 7735/2204/6809 7732/2201/6806
f 7719/2188/6793 7735/2204/6809 7721/2190/6795
f 7732/2201/6806 7736/2205/6810 7733/2202/6807
f 7736/2205/6810 7732/2201/6806 7735/2204/6809
f 7734/2203/6808 7733/2202/6807 7737/2206/6811
f 7737/2206/6811 7738/2207/6812 7734/2203/6808
f 7739/2203/6813 7738/2207/6812 7737/2206/6811
f 7740/2208/6814 7737/2206/6811 7733/2202/6807
f 7733/2202/6807 7736/2205/6810 7740/2208/6814
f 7737/2206/6811 7741/2202/6815 7739/2203/6813
f 7741/2202/6815 7737/2206/6811 7740/2208/6814
f 7742/2200/6816 7739/2203/6813 7741/2202/6815
f 7735/2204/6809 7743/2209/6817 7736/2205/6810
f 7741/2202/6815 7744/2199/6818 7742/2200/6816
f 7745/2198/6819 7742/2200/6816 7744/2199/6818
f 7746/2210/6820 7743/2209/6817 7735/2204/6809
f 7735/2204/6809 7719/2188/6793 7746/2210/6820
f 7736/2205/6810 7743/2209/6817 7747/2211/6821
f 7747/2211/6821 7743/2209/6817 7746/2210/6820
f 7747/2211/6821 7740/2208/6814 7736/2205/6810
f 7748/2212/6822 7746/2210/6820 7719/2188/6793
f 7719/2188/6793 7716/2185/6790 7748/2212/6822
f 7718/2187/6792 7748/2212/6822 7716/2185/6790
f 7749/2213/6823 7746/2210/6820 7748/2212/6822
f 7746/2210/6820 7749/2213/6823 7747/2211/6821
f 7750/2214/6824 7748/2212/6822 7718/2187/6792
f 7748/2212/6822 7750/2214/6824 7749/2213/6823
f 7718/2187/6792 7751/2215/6825 7750/2214/6824
f 7752/2216/6826 7751/2215/6825 7718/2187/6792
f 7718/2187/6792 7717/2186/6791 7752/2216/6826
f 7750/2214/6824 7751/2215/6825 7753/2187/6827
f 7753/2187/6827 7751/2215/6825 7752/2216/6826
f 7749/2213/6823 7750/2214/6824 7754/2212/6828
f 7753/2187/6827 7754/2212/6828 7750/2214/6824
f 7755/2217/6829 7752/2216/6826 7717/2186/6791
f 7717/2186/6791 7720/2189/6794 7755/2217/6829
f 7752/2216/6826 7756/2186/6830 7753/2187/6827
f 7756/2186/6830 7752/2216/6826 7755/2217/6829
f 7757/2218/6831 7755/2217/6829 7720/2189/6794
f 7720/2189/6794 7722/2191/6796 7757/2218/6831
f 7755/2217/6829 7758/2189/6832 7756/2186/6830
f 7758/2189/6832 7755/2217/6829 7757/2218/6831
f 7759/2219/6833 7757/2218/6831 7722/2191/6796
f 7722/2191/6796 7725/2194/6799 7759/2219/6833
f 7757/2218/6831 7760/2191/6834 7758/2189/6832
f 7760/2191/6834 7757/2218/6831 7759/2219/6833
f 7761/2220/6835 7759/2219/6833 7725/2194/6799
f 7759/2219/6833 7762/2194/6836 7760/2191/6834
f 7759/2219/6833 7761/2220/6835 7762/2194/6836
f 7761/2220/6835 7725/2194/6799 7763/2221/6837
f 7762/2194/6836 7761/2220/6835 7763/2221/6837
f 7725/2194/6799 7701/2170/6775 7763/2221/6837
f 7764/2173/6838 7760/2191/6834 7762/2194/6836
f 7701/2170/6775 7765/2222/6839 7763/2221/6837
f 7701/2170/6775 7698/2167/6772 7765/2222/6839
f 7766/2223/6840 7765/2222/6839 7698/2167/6772
f 7763/2221/6837 7765/2222/6839 7766/2223/6840
f 7698/2167/6772 7694/2163/6768 7766/2223/6840
f 7695/2164/6769 7766/2223/6840 7694/2163/6768
f 7766/2223/6840 7767/2224/6841 7763/2221/6837
f 7767/2224/6841 7766/2223/6840 7695/2164/6769
f 7695/2164/6769 7768/1919/6842 7769/1918/6843
f 7695/2164/6769 7770/2225/6844 7767/2224/6841
f 7769/1918/6843 7770/2225/6844 7695/2164/6769
f 7771/2164/6845 7770/2225/6844 7769/1918/6843
f 7767/2224/6841 7770/2225/6844 7771/2164/6845
f 7769/1918/6843 7772/1919/6846 7771/2164/6845
f 7771/2164/6845 7773/2223/6847 7767/2224/6841
f 7763/2221/6837 7767/2224/6841 7773/2223/6847
f 7774/2163/6848 7773/2223/6847 7771/2164/6845
f 7771/2164/6845 7775/2160/6849 7774/2163/6848
f 7773/2223/6847 7776/2222/6850 7763/2221/6837
f 7777/2158/6851 7774/2163/6848 7775/2160/6849
f 7775/2160/6849 7778/2157/6852 7777/2158/6851
f 7778/2157/6852 7779/2156/6853 7780/2155/6854
f 7780/2155/6854 7777/2158/6851 7778/2157/6852
f 7777/2158/6851 7780/2155/6854 7781/2159/6855
f 7781/2159/6855 7782/2161/6856 7777/2158/6851
f 7774/2163/6848 7777/2158/6851 7782/2161/6856
f 7782/2161/6856 7781/2159/6855 7783/2162/6857
f 7773/2223/6847 7774/2163/6848 7784/2167/6858
f 7782/2161/6856 7784/2167/6858 7774/2163/6848
f 7784/2167/6858 7776/2222/6850 7773/2223/6847
f 7783/2162/6857 7785/2165/6859 7782/2161/6856
f 7785/2165/6859 7783/2162/6857 7786/2166/6860
f 7787/2170/6861 7784/2167/6858 7782/2161/6856
f 7776/2222/6850 7784/2167/6858 7787/2170/6861
f 7782/2161/6856 7785/2165/6859 7787/2170/6861
f 7776/2222/6850 7787/2170/6861 7763/2221/6837
f 7787/2170/6861 7762/2194/6836 7763/2221/6837
f 7762/2194/6836 7787/2170/6861 7764/2173/6838
f 7786/2166/6860 7788/2168/6862 7785/2165/6859
f 7787/2170/6861 7785/2165/6859 7788/2168/6862
f 7788/2168/6862 7764/2173/6838 7787/2170/6861
f 7788/2168/6862 7786/2166/6860 7789/2169/6863
f 7789/2169/6863 7790/2171/6864 7788/2168/6862
f 7764/2173/6838 7788/2168/6862 7790/2171/6864
f 7790/2171/6864 7789/2169/6863 7791/2172/6865
f 7790/2171/6864 7792/2176/6866 7764/2173/6838
f 7760/2191/6834 7764/2173/6838 7792/2176/6866
f 7792/2176/6866 7758/2189/6832 7760/2191/6834
f 7791/2172/6865 7793/2174/6867 7790/2171/6864
f 7792/2176/6866 7790/2171/6864 7793/2174/6867
f 7793/2174/6867 7791/2172/6865 7794/2175/6868
f 7758/2189/6832 7792/2176/6866 7795/2179/6869
f 7793/2174/6867 7795/2179/6869 7792/2176/6866
f 7795/2179/6869 7756/2186/6830 7758/2189/6832
f 7794/2175/6868 7796/2177/6870 7793/2174/6867
f 7795/2179/6869 7793/2174/6867 7796/2177/6870
f 7796/2177/6870 7794/2175/6868 7797/2178/6871
f 7756/2186/6830 7795/2179/6869 7798/2182/6872
f 7796/2177/6870 7798/2182/6872 7795/2179/6869
f 7798/2182/6872 7753/2187/6827 7756/2186/6830
f 7797/2178/6871 7799/2180/6873 7796/2177/6870
f 7798/2182/6872 7796/2177/6870 7799/2180/6873
f 7799/2180/6873 7797/2178/6871 7800/2181/6874
f 7753/2187/6827 7798/2182/6872 7801/2185/6875
f 7799/2180/6873 7801/2185/6875 7798/2182/6872
f 7801/2185/6875 7754/2212/6828 7753/2187/6827
f 7800/2181/6874 7802/2183/6876 7799/2180/6873
f 7801/2185/6875 7799/2180/6873 7802/2183/6876
f 7802/2183/6876 7800/2181/6874 7803/2184/6877
f 7754/2212/6828 7801/2185/6875 7804/2188/6878
f 7802/2183/6876 7804/2188/6878 7801/2185/6875
f 7803/2184/6877 7805/2190/6879 7802/2183/6876
f 7804/2188/6878 7802/2183/6876 7805/2190/6879
f 7804/2188/6878 7806/2210/6880 7754/2212/6828
f 7754/2212/6828 7806/2210/6880 7749/2213/6823
f 7747/2211/6821 7749/2213/6823 7806/2210/6880
f 7806/2210/6880 7804/2188/6878 7807/2204/6881
f 7805/2190/6879 7807/2204/6881 7804/2188/6878
f 7806/2210/6880 7808/2209/6882 7747/2211/6821
f 7807/2204/6881 7808/2209/6882 7806/2210/6880
f 7747/2211/6821 7808/2209/6882 7809/2205/6883
f 7809/2205/6883 7808/2209/6882 7807/2204/6881
f 7809/2205/6883 7740/2208/6814 7747/2211/6821
f 7740/2208/6814 7809/2205/6883 7741/2202/6815
f 7807/2204/6881 7810/2201/6884 7809/2205/6883
f 7741/2202/6815 7809/2205/6883 7810/2201/6884
f 7810/2201/6884 7807/2204/6881 7805/2190/6879
f 7810/2201/6884 7744/2199/6818 7741/2202/6815
f 7805/2190/6879 7811/2192/6885 7810/2201/6884
f 7744/2199/6818 7810/2201/6884 7811/2192/6885
f 7811/2192/6885 7805/2190/6879 7803/2184/6877
f 7803/2184/6877 7812/2193/6886 7811/2192/6885
f 7811/2192/6885 7813/2195/6887 7744/2199/6818
f 7813/2195/6887 7811/2192/6885 7812/2193/6886
f 7744/2199/6818 7813/2195/6887 7745/2198/6819
f 7812/2193/6886 7814/2196/6888 7813/2195/6887
f 7815/2197/6889 7745/2198/6819 7813/2195/6887
f 7813/2195/6887 7814/2196/6888 7815/2197/6889
f 7816/107/6890 7817/91/6891 7818/2226/6892
f 7818/2226/6892 7819/2227/6893 7816/107/6890
f 7820/2228/6894 7819/2227/6893 7818/2226/6892
f 7818/2226/6892 7821/2229/6895 7820/2228/6894
f 7818/2226/6892 7822/2230/6896 7821/2229/6895
f 7823/2231/6897 7824/2232/6898 7825/2233/6899
f 7825/2233/6899 7826/2234/6900 7823/2231/6897
f 7827/2235/6901 7823/2231/6897 7826/2234/6900
f 7826/2234/6900 7825/2233/6899 7828/2236/6902
f 7826/2234/6900 7829/2237/6903 7827/2235/6901
f 7830/2238/6904 7827/2235/6901 7829/2237/6903
f 7828/2236/6902 7831/2239/6905 7826/2234/6900
f 7829/2237/6903 7826/2234/6900 7831/2239/6905
f 7831/2239/6905 7828/2236/6902 7832/2240/6906
f 7829/2237/6903 7833/2241/6907 7830/2238/6904
f 7834/2242/6908 7830/2238/6904 7833/2241/6907
f 7831/2239/6905 7835/2243/6909 7829/2237/6903
f 7833/2241/6907 7829/2237/6903 7835/2243/6909
f 7835/2243/6909 7831/2239/6905 7836/2244/6910
f 7833/2241/6907 7837/2245/6911 7834/2242/6908
f 7838/2246/6912 7834/2242/6908 7837/2245/6911
f 7835/2243/6909 7839/2247/6913 7833/2241/6907
f 7837/2245/6911 7833/2241/6907 7839/2247/6913
f 7839/2247/6913 7835/2243/6909 7840/2248/6914
f 7837/2245/6911 7841/2249/6915 7838/2246/6912
f 7842/2250/6916 7838/2246/6912 7841/2249/6915
f 7839/2247/6913 7843/2251/6917 7837/2245/6911
f 7841/2249/6915 7837/2245/6911 7843/2251/6917
f 7843/2251/6917 7839/2247/6913 7844/2252/6918
f 7841/2249/6915 7845/2253/6919 7842/2250/6916
f 7846/2254/6920 7842/2250/6916 7845/2253/6919
f 7843/2251/6917 7847/2255/6921 7841/2249/6915
f 7845/2253/6919 7841/2249/6915 7847/2255/6921
f 7847/2255/6921 7843/2251/6917 7848/2256/6922
f 7845/2253/6919 7849/2257/6923 7846/2254/6920
f 7850/2258/6924 7846/2254/6920 7849/2257/6923
f 7847/2255/6921 7851/2259/6925 7845/2253/6919
f 7849/2257/6923 7845/2253/6919 7851/2259/6925
f 7851/2259/6925 7847/2255/6921 7852/2260/6926
f 7849/2257/6923 7853/2261/6927 7850/2258/6924
f 7854/2262/6928 7850/2258/6924 7853/2261/6927
f 7851/2259/6925 7855/2263/6929 7849/2257/6923
f 7853/2261/6927 7849/2257/6923 7855/2263/6929
f 7855/2263/6929 7851/2259/6925 7856/2264/6930
f 7853/2261/6927 7857/2265/6931 7854/2262/6928
f 7858/2266/6932 7854/2262/6928 7857/2265/6931
f 7855/2263/6929 7859/2267/6933 7853/2261/6927
f 7857/2265/6931 7853/2261/6927 7859/2267/6933
f 7859/2267/6933 7855/2263/6929 7860/2268/6934
f 7859/2267/6933 7861/2269/6935 7857/2265/6931
f 7861/2269/6935 7859/2267/6933 7862/2270/6936
f 7857/2265/6931 7863/2271/6937 7858/2266/6932
f 7863/2271/6937 7857/2265/6931 7861/2269/6935
f 7864/2272/6938 7865/2273/6939 7858/2266/6932
f 7858/2266/6932 7863/2271/6937 7864/2272/6938
f 7866/2274/6940 7864/2272/6938 7863/2271/6937
f 7861/2269/6935 7867/2275/6941 7863/2271/6937
f 7863/2271/6937 7867/2275/6941 7866/2274/6940
f 7867/2275/6941 7861/2269/6935 7868/2276/6942
f 7866/2274/6940 7867/2275/6941 7869/2277/6943
f 7870/2278/6944 7871/2279/6945 7872/2280/6946
f 7871/2279/6945 7870/2278/6944 7873/2281/6947
f 7873/2281/6947 7874/2282/6948 7871/2279/6945
f 7874/2282/6948 7873/2281/6947 7875/2283/6949
f 7875/2283/6949 7876/2284/6950 7874/2282/6948
f 7871/2279/6945 7877/2285/6951 7878/2286/6952
f 7877/2285/6951 7871/2279/6945 7874/2282/6948
f 7879/2287/6953 7874/2282/6948 7876/2284/6950
f 7874/2282/6948 7879/2287/6953 7877/2285/6951
f 7876/2284/6950 7880/2288/6954 7879/2287/6953
f 7877/2285/6951 7881/2289/6955 7882/2290/6956
f 7881/2289/6955 7877/2285/6951 7879/2287/6953
f 7883/2291/6957 7879/2287/6953 7880/2288/6954
f 7879/2287/6953 7883/2291/6957 7881/2289/6955
f 7880/2288/6954 7884/2292/6958 7883/2291/6957
f 7881/2289/6955 7885/2293/6959 7886/2294/6960
f 7885/2293/6959 7881/2289/6955 7883/2291/6957
f 7887/2295/6961 7883/2291/6957 7884/2292/6958
f 7883/2291/6957 7887/2295/6961 7885/2293/6959
f 7884/2292/6958 7888/2296/6962 7887/2295/6961
f 7885/2293/6959 7889/2297/6963 7890/2298/6964
f 7889/2297/6963 7885/2293/6959 7887/2295/6961
f 7891/2299/6965 7887/2295/6961 7888/2296/6962
f 7887/2295/6961 7891/2299/6965 7889/2297/6963
f 7888/2296/6962 7892/2300/6966 7891/2299/6965
f 7889/2297/6963 7893/2274/6967 7894/2301/6968
f 7893/2274/6967 7889/2297/6963 7891/2299/6965
f 7895/2272/6969 7891/2299/6965 7892/2300/6966
f 7891/2299/6965 7895/2272/6969 7893/2274/6967
f 7892/2300/6966 7896/2273/6970 7895/2272/6969
f 7893/2274/6967 7897/2275/6971 7898/2277/6972
f 7897/2275/6971 7893/2274/6967 7895/2272/6969
f 7899/2271/6973 7895/2272/6969 7896/2273/6970
f 7895/2272/6969 7899/2271/6973 7897/2275/6971
f 7896/2273/6970 7900/2266/6974 7899/2271/6973
f 7897/2275/6971 7901/2269/6975 7902/2276/6976
f 7901/2269/6975 7897/2275/6971 7899/2271/6973
f 7903/2265/6977 7899/2271/6973 7900/2266/6974
f 7899/2271/6973 7903/2265/6977 7901/2269/6975
f 7900/2266/6974 7904/2262/6978 7903/2265/6977
f 7901/2269/6975 7905/2267/6979 7906/2270/6980
f 7905/2267/6979 7901/2269/6975 7903/2265/6977
f 7907/2261/6981 7903/2265/6977 7904/2262/6978
f 7903/2265/6977 7907/2261/6981 7905/2267/6979
f 7904/2262/6978 7908/2258/6982 7907/2261/6981
f 7905/2267/6979 7909/2263/6983 7910/2268/6984
f 7909/2263/6983 7905/2267/6979 7907/2261/6981
f 7911/2257/6985 7907/2261/6981 7908/2258/6982
f 7907/2261/6981 7911/2257/6985 7909/2263/6983
f 7908/2258/6982 7912/2302/6986 7911/2257/6985
f 7909/2263/6983 7913/2259/6987 7914/2264/6988
f 7913/2259/6987 7909/2263/6983 7911/2257/6985
f 7915/2253/6989 7911/2257/6985 7912/2302/6986
f 7911/2257/6985 7915/2253/6989 7913/2259/6987
f 7912/2302/6986 7916/2303/6990 7915/2253/6989
f 7913/2259/6987 7917/2255/6991 7918/2260/6992
f 7917/2255/6991 7913/2259/6987 7915/2253/6989
f 7919/2249/6993 7915/2253/6989 7916/2303/6990
f 7915/2253/6989 7919/2249/6993 7917/2255/6991
f 7916/2303/6990 7920/2246/6994 7919/2249/6993
f 7917/2255/6991 7921/2251/6995 7922/2256/6996
f 7921/2251/6995 7917/2255/6991 7919/2249/6993
f 7923/2245/6997 7919/2249/6993 7920/2246/6994
f 7919/2249/6993 7923/2245/6997 7921/2251/6995
f 7920/2246/6994 7924/2242/6998 7923/2245/6997
f 7921/2251/6995 7925/2247/6999 7926/2252/7000
f 7925/2247/6999 7921/2251/6995 7923/2245/6997
f 7927/2241/7001 7923/2245/6997 7924/2242/6998
f 7923/2245/6997 7927/2241/7001 7925/2247/6999
f 7924/2242/6998 7928/2238/7002 7927/2241/7001
f 7925/2247/6999 7929/2243/7003 7930/2248/7004
f 7929/2243/7003 7925/2247/6999 7927/2241/7001
f 7931/2237/7005 7927/2241/7001 7928/2238/7002
f 7927/2241/7001 7931/2237/7005 7929/2243/7003
f 7928/2238/7002 7932/2235/7006 7931/2237/7005
f 7929/2243/7003 7933/2239/7007 7934/2244/7008
f 7933/2239/7007 7929/2243/7003 7931/2237/7005
f 7935/2234/7009 7931/2237/7005 7932/2235/7006
f 7931/2237/7005 7935/2234/7009 7933/2239/7007
f 7932/2235/7006 7936/2231/7010 7935/2234/7009
f 7933/2239/7007 7937/2236/7011 7938/2240/7012
f 7937/2236/7011 7933/2239/7007 7935/2234/7009
f 7939/2233/7013 7935/2234/7009 7936/2231/7010
f 7935/2234/7009 7939/2233/7013 7937/2236/7011
f 7936/2231/7010 7940/2232/7014 7939/2233/7013
f 7937/2236/7011 7941/2304/7015 7942/2305/7016
f 7941/2304/7015 7937/2236/7011 7939/2233/7013
f 7943/2306/7017 7939/2233/7013 7940/2232/7014
f 7939/2233/7013 7943/2306/7017 7941/2304/7015
f 7940/2232/7014 7944/2307/7018 7943/2306/7017
f 7941/2304/7015 7945/2308/7019 7946/2309/7020
f 7945/2308/7019 7941/2304/7015 7943/2306/7017
f 7947/2310/7021 7943/2306/7017 7944/2307/7018
f 7943/2306/7017 7947/2310/7021 7945/2308/7019
f 7944/2307/7018 7948/2311/7022 7947/2310/7021
f 7945/2308/7019 7949/2312/7023 7950/2313/7024
f 7949/2312/7023 7945/2308/7019 7947/2310/7021
f 7951/2314/7025 7947/2310/7021 7948/2311/7022
f 7947/2310/7021 7951/2314/7025 7949/2312/7023
f 7948/2311/7022 7952/2315/7026 7951/2314/7025
f 7949/2312/7023 7953/2316/7027 7954/2317/7028
f 7953/2316/7027 7949/2312/7023 7951/2314/7025
f 7955/2318/7029 7951/2314/7025 7952/2315/7026
f 7951/2314/7025 7955/2318/7029 7953/2316/7027
f 7952/2315/7026 7956/2319/7030 7955/2318/7029
f 7953/2316/7027 7957/2320/7031 7958/2321/7032
f 7957/2320/7031 7953/2316/7027 7955/2318/7029
f 7955/2318/7029 7959/2322/7033 7957/2320/7031
f 7959/2322/7033 7955/2318/7029 7956/2319/7030
f 7956/2319/7030 7960/2323/7034 7959/2322/7033
f 7961/2278/7035 7962/2279/7036 7963/2280/7037
f 7962/2279/7036 7961/2278/7035 7964/2324/7038
f 7964/2324/7038 7965/2325/7039 7962/2279/7036
f 7966/2285/7040 7962/2279/7036 7965/2325/7039
f 7962/2279/7036 7966/2285/7040 7967/2286/7041
f 7965/2325/7039 7968/2326/7042 7966/2285/7040
f 7969/2289/7043 7966/2285/7040 7968/2326/7042
f 7966/2285/7040 7969/2289/7043 7970/2290/7044
f 7968/2326/7042 7971/2327/7045 7969/2289/7043
f 7972/2293/7046 7969/2289/7043 7971/2327/7045
f 7969/2289/7043 7972/2293/7046 7973/2294/7047
f 7971/2327/7045 7974/2328/7048 7972/2293/7046
f 7975/2297/7049 7972/2293/7046 7974/2328/7048
f 7972/2293/7046 7975/2297/7049 7976/2298/7050
f 7974/2328/7048 7977/2329/7051 7975/2297/7049
f 7978/2274/7052 7975/2297/7049 7977/2329/7051
f 7975/2297/7049 7978/2274/7052 7979/2301/7053
f 7977/2329/7051 7980/2330/7054 7978/2274/7052
f 7978/2274/7052 7981/2275/7055 7982/2277/7056
f 7978/2274/7052 7980/2330/7054 7981/2275/7055
f 7980/2330/7054 7983/2272/7057 7984/2271/7058
f 7980/2330/7054 7984/2271/7058 7981/2275/7055
f 7981/2275/7055 7985/2269/7059 7986/2276/7060
f 7985/2269/7059 7981/2275/7055 7984/2271/7058
f 7984/2271/7058 7987/2265/7061 7985/2269/7059
f 7984/2271/7058 7988/2331/7062 7987/2265/7061
f 7985/2269/7059 7989/2267/7063 7990/2270/7064
f 7989/2267/7063 7985/2269/7059 7987/2265/7061
f 7987/2265/7061 7988/2331/7062 7991/2261/7065
f 7987/2265/7061 7991/2261/7065 7989/2267/7063
f 7988/2331/7062 7992/2262/7066 7993/2258/7067
f 7988/2331/7062 7993/2258/7067 7991/2261/7065
f 7989/2267/7063 7994/2263/7068 7995/2268/7069
f 7994/2263/7068 7989/2267/7063 7991/2261/7065
f 7993/2258/7067 7996/2302/7070 7997/2254/7071
f 7991/2261/7065 7993/2258/7067 7998/2257/7072
f 7993/2258/7067 7997/2254/7071 7998/2257/7072
f 7991/2261/7065 7998/2257/7072 7994/2263/7068
f 7999/2253/7073 7998/2257/7072 7997/2254/7071
f 7997/2254/7071 8000/2250/7074 7999/2253/7073
f 8001/2259/7075 7994/2263/7068 7998/2257/7072
f 7998/2257/7072 7999/2253/7073 8001/2259/7075
f 7994/2263/7068 8001/2259/7075 8002/2264/7076
f 8003/2249/7077 7999/2253/7073 8000/2250/7074
f 8004/2255/7078 8001/2259/7075 7999/2253/7073
f 8001/2259/7075 8004/2255/7078 8005/2260/7079
f 7999/2253/7073 8003/2249/7077 8004/2255/7078
f 8000/2250/7074 8006/2332/7080 8003/2249/7077
f 8004/2255/7078 8007/2251/7081 8008/2256/7082
f 8007/2251/7081 8004/2255/7078 8003/2249/7077
f 8006/2332/7080 8009/2246/7083 8010/2242/7084
f 8003/2249/7077 8006/2332/7080 8011/2245/7085
f 8006/2332/7080 8010/2242/7084 8011/2245/7085
f 8003/2249/7077 8011/2245/7085 8007/2251/7081
f 8012/2241/7086 8011/2245/7085 8010/2242/7084
f 8010/2242/7084 8013/2238/7087 8012/2241/7086
f 8014/2247/7088 8007/2251/7081 8011/2245/7085
f 8011/2245/7085 8012/2241/7086 8014/2247/7088
f 8007/2251/7081 8014/2247/7088 8015/2252/7089
f 8016/2237/7090 8012/2241/7086 8013/2238/7087
f 8017/2243/7091 8014/2247/7088 8012/2241/7086
f 8014/2247/7088 8017/2243/7091 8018/2248/7092
f 8012/2241/7086 8016/2237/7090 8017/2243/7091
f 8013/2238/7087 8019/2235/7093 8016/2237/7090
f 8017/2243/7091 8020/2239/7094 8021/2244/7095
f 8020/2239/7094 8017/2243/7091 8016/2237/7090
f 8019/2235/7093 8022/2231/7096 8023/2333/7097
f 8016/2237/7090 8019/2235/7093 8024/2234/7098
f 8019/2235/7093 8023/2333/7097 8024/2234/7098
f 8016/2237/7090 8024/2234/7098 8020/2239/7094
f 8024/2234/7098 8023/2333/7097 8025/2233/7099
f 8026/2236/7100 8020/2239/7094 8024/2234/7098
f 8024/2234/7098 8025/2233/7099 8026/2236/7100
f 8020/2239/7094 8026/2236/7100 8027/2240/7101
f 8026/2236/7100 8025/2233/7099 8028/2304/7102
f 8026/2236/7100 8028/2304/7102 8029/2305/7103
f 8025/2233/7099 8030/2306/7104 8031/2334/7105
f 8025/2233/7099 8031/2334/7105 8028/2304/7102
f 8032/2308/7106 8028/2304/7102 8031/2334/7105
f 8028/2304/7102 8032/2308/7106 8033/2309/7107
f 8031/2334/7105 8034/2335/7108 8032/2308/7106
f 8035/2312/7109 8032/2308/7106 8034/2335/7108
f 8032/2308/7106 8035/2312/7109 8036/2313/7110
f 8034/2335/7108 8037/2336/7111 8035/2312/7109
f 8038/2316/7112 8035/2312/7109 8037/2336/7111
f 8035/2312/7109 8038/2316/7112 8039/2317/7113
f 8037/2336/7111 8040/2337/7114 8038/2316/7112
f 8041/2320/7115 8038/2316/7112 8040/2337/7114
f 8040/2337/7114 8042/2338/7116 8041/2320/7115
f 8038/2316/7112 8041/2320/7115 8043/2321/7117
f 8044/2278/7118 8045/2279/7119 8046/2280/7120
f 8045/2279/7119 8044/2278/7118 8047/2281/7121
f 8047/2281/7121 8048/2282/7122 8045/2279/7119
f 8048/2282/7122 8047/2281/7121 8049/2283/7123
f 8049/2283/7123 8050/2284/7124 8048/2282/7122
f 8045/2279/7119 8051/2285/7125 8052/2286/7126
f 8051/2285/7125 8045/2279/7119 8048/2282/7122
f 8053/2287/7127 8048/2282/7122 8050/2284/7124
f 8048/2282/7122 8053/2287/7127 8051/2285/7125
f 8050/2284/7124 8054/2288/7128 8053/2287/7127
f 8051/2285/7125 8055/2289/7129 8056/2290/7130
f 8055/2289/7129 8051/2285/7125 8053/2287/7127
f 8057/2291/7131 8053/2287/7127 8054/2288/7128
f 8053/2287/7127 8057/2291/7131 8055/2289/7129
f 8054/2288/7128 8058/2292/7132 8057/2291/7131
f 8055/2289/7129 8059/2293/7133 8060/2294/7134
f 8059/2293/7133 8055/2289/7129 8057/2291/7131
f 8061/2295/7135 8057/2291/7131 8058/2292/7132
f 8057/2291/7131 8061/2295/7135 8059/2293/7133
f 8058/2292/7132 8062/2296/7136 8061/2295/7135
f 8059/2293/7133 8063/2297/7137 8064/2298/7138
f 8063/2297/7137 8059/2293/7133 8061/2295/7135
f 8065/2299/7139 8061/2295/7135 8062/2296/7136
f 8061/2295/7135 8065/2299/7139 8063/2297/7137
f 8062/2296/7136 8066/2300/7140 8065/2299/7139
f 8063/2297/7137 8067/2274/7141 8068/2301/7142
f 8067/2274/7141 8063/2297/7137 8065/2299/7139
f 8069/2272/7143 8065/2299/7139 8066/2300/7140
f 8065/2299/7139 8069/2272/7143 8067/2274/7141
f 8066/2300/7140 8070/2273/7144 8069/2272/7143
f 8067/2274/7141 8071/2275/7145 8072/2277/7146
f 8071/2275/7145 8067/2274/7141 8069/2272/7143
f 8073/2271/7147 8069/2272/7143 8070/2273/7144
f 8069/2272/7143 8073/2271/7147 8071/2275/7145
f 8070/2273/7144 8074/2266/7148 8073/2271/7147
f 8071/2275/7145 8075/2269/7149 8076/2276/7150
f 8075/2269/7149 8071/2275/7145 8073/2271/7147
f 8077/2265/7151 8073/2271/7147 8074/2266/7148
f 8073/2271/7147 8077/2265/7151 8075/2269/7149
f 8074/2266/7148 8078/2262/7152 8077/2265/7151
f 8075/2269/7149 8079/2267/7153 8080/2270/7154
f 8079/2267/7153 8075/2269/7149 8077/2265/7151
f 8081/2261/7155 8077/2265/7151 8078/2262/7152
f 8077/2265/7151 8081/2261/7155 8079/2267/7153
f 8078/2262/7152 8082/2258/7156 8081/2261/7155
f 8079/2267/7153 8083/2263/7157 8084/2268/7158
f 8083/2263/7157 8079/2267/7153 8081/2261/7155
f 8085/2257/7159 8081/2261/7155 8082/2258/7156
f 8081/2261/7155 8085/2257/7159 8083/2263/7157
f 8082/2258/7156 8086/2302/7160 8085/2257/7159
f 8083/2263/7157 8087/2259/7161 8088/2264/7162
f 8087/2259/7161 8083/2263/7157 8085/2257/7159
f 8089/2253/7163 8085/2257/7159 8086/2302/7160
f 8085/2257/7159 8089/2253/7163 8087/2259/7161
f 8086/2302/7160 8090/2303/7164 8089/2253/7163
f 8087/2259/7161 8091/2255/7165 8092/2260/7166
f 8091/2255/7165 8087/2259/7161 8089/2253/7163
f 8093/2249/7167 8089/2253/7163 8090/2303/7164
f 8089/2253/7163 8093/2249/7167 8091/2255/7165
f 8090/2303/7164 8094/2246/7168 8093/2249/7167
f 8091/2255/7165 8095/2251/7169 8096/2256/7170
f 8095/2251/7169 8091/2255/7165 8093/2249/7167
f 8097/2245/7171 8093/2249/7167 8094/2246/7168
f 8093/2249/7167 8097/2245/7171 8095/2251/7169
f 8094/2246/7168 8098/2242/7172 8097/2245/7171
f 8095/2251/7169 8099/2247/7173 8100/2252/7174
f 8099/2247/7173 8095/2251/7169 8097/2245/7171
f 8101/2241/7175 8097/2245/7171 8098/2242/7172
f 8097/2245/7171 8101/2241/7175 8099/2247/7173
f 8098/2242/7172 8102/2238/7176 8101/2241/7175
f 8099/2247/7173 8103/2243/7177 8104/2248/7178
f 8103/2243/7177 8099/2247/7173 8101/2241/7175
f 8105/2237/7179 8101/2241/7175 8102/2238/7176
f 8101/2241/7175 8105/2237/7179 8103/2243/7177
f 8102/2238/7176 8106/2235/7180 8105/2237/7179
f 8103/2243/7177 8107/2239/7181 8108/2244/7182
f 8107/2239/7181 8103/2243/7177 8105/2237/7179
f 8109/2234/7183 8105/2237/7179 8106/2235/7180
f 8105/2237/7179 8109/2234/7183 8107/2239/7181
f 8106/2235/7180 8110/2231/7184 8109/2234/7183
f 8107/2239/7181 8111/2236/7185 8112/2240/7186
f 8111/2236/7185 8107/2239/7181 8109/2234/7183
f 8113/2233/7187 8109/2234/7183 8110/2231/7184
f 8109/2234/7183 8113/2233/7187 8111/2236/7185
f 8110/2231/7184 8114/2232/7188 8113/2233/7187
f 8111/2236/7185 8115/2304/7189 8116/2305/7190
f 8115/2304/7189 8111/2236/7185 8113/2233/7187
f 8117/2306/7191 8113/2233/7187 8114/2232/7188
f 8113/2233/7187 8117/2306/7191 8115/2304/7189
f 8114/2232/7188 8118/2307/7192 8117/2306/7191
f 8115/2304/7189 8119/2308/7193 8120/2309/7194
f 8119/2308/7193 8115/2304/7189 8117/2306/7191
f 8121/2310/7195 8117/2306/7191 8118/2307/7192
f 8117/2306/7191 8121/2310/7195 8119/2308/7193
f 8118/2307/7192 8122/2311/7196 8121/2310/7195
f 8119/2308/7193 8123/2312/7197 8124/2313/7198
f 8123/2312/7197 8119/2308/7193 8121/2310/7195
f 8125/2314/7199 8121/2310/7195 8122/2311/7196
f 8121/2310/7195 8125/2314/7199 8123/2312/7197
f 8122/2311/7196 8126/2315/7200 8125/2314/7199
f 8123/2312/7197 8127/2316/7201 8128/2317/7202
f 8127/2316/7201 8123/2312/7197 8125/2314/7199
f 8129/2318/7203 8125/2314/7199 8126/2315/7200
f 8125/2314/7199 8129/2318/7203 8127/2316/7201
f 8126/2315/7200 8130/2319/7204 8129/2318/7203
f 8127/2316/7201 8131/2320/7205 8132/2321/7206
f 8131/2320/7205 8127/2316/7201 8129/2318/7203
f 8129/2318/7203 8133/2322/7207 8131/2320/7205
f 8133/2322/7207 8129/2318/7203 8130/2319/7204
f 8130/2319/7204 8134/2323/7208 8133/2322/7207
f 8135/2339/7209 8136/2340/7210 8137/2341/7211
f 8135/2339/7209 8137/2341/7211 8138/2342/7212
f 8139/2343/7213 8140/2344/7214 8138/2342/7212
f 8138/2342/7212 8140/2344/7214 8141/2345/7215
f 8142/2346/7216 8143/2347/7217 8135/2339/7209
f 8144/2348/7218 8138/2342/7212 8141/2345/7215
f 8145/2349/7219 8144/2348/7218 8141/2345/7215
f 8146/2350/7220 8135/2339/7209 8138/2342/7212
f 8144/2348/7218 8146/2350/7220 8138/2342/7212
f 8146/2350/7220 8142/2346/7216 8135/2339/7209
f 8144/2348/7218 8147/2351/7221 8146/2350/7220
f 8146/2350/7220 8148/2352/7222 8142/2346/7216
f 8149/132/7223 8150/134/7224 8151/1720/7225
f 8149/132/7223 8151/1720/7225 8152/1720/7226
f 8152/1720/7226 8151/1720/7225 8153/1721/7227
f 8152/1720/7226 8154/2353/7228 8149/132/7223
f 8153/1721/7227 8155/2354/7229 8152/1720/7226
f 8152/1720/7226 8155/2354/7229 8156/1721/7230
f 8157/132/7231 8154/2353/7228 8152/1720/7226
f 8156/1721/7230 8158/1720/7232 8152/1720/7226
f 8152/1720/7226 8158/1720/7232 8157/132/7231
f 8159/134/7233 8157/132/7231 8158/1720/7232
f 8160/405/7234 8161/405/7234 8162/405/7235
f 8162/405/7235 8163/405/7236 8160/405/7234
f 8162/405/7235 8164/405/7237 8163/405/7236
f 8165/405/7234 8160/405/7234 8163/405/7236
f 8166/405/7236 8163/405/7236 8164/405/7237
f 8163/405/7236 8166/405/7236 8165/405/7234
f 8164/405/7237 8167/405/7238 8166/405/7236
f 8166/405/7236 8167/405/7238 8168/405/7239
f 8165/405/7234 8166/405/7236 8169/405/7236
f 8168/405/7239 8169/405/7236 8166/405/7236
f 8169/405/7236 8170/405/7234 8165/405/7234
f 8168/405/7239 8171/405/7235 8169/405/7236
f 8170/405/7234 8169/405/7236 8171/405/7235
f 8171/405/7235 8172/405/7234 8170/405/7234
f 8173/2355/7240 8174/559/7241 8175/561/7242
f 8175/561/7242 8176/2356/7243 8173/2355/7240
f 8177/2357/7244 8173/2355/7240 8176/2356/7243
f 8176/2356/7243 8175/561/7242 8178/562/7245
f 8176/2356/7243 8179/2358/7246 8177/2357/7244
f 8180/2359/7247 8177/2357/7244 8179/2358/7246
f 8178/562/7245 8181/2360/7248 8176/2356/7243
f 8179/2358/7246 8176/2356/7243 8181/2360/7248
f 8181/2360/7248 8178/562/7245 8182/564/7249
f 8182/564/7249 8183/2361/7250 8181/2360/7248
f 8184/2362/7251 8181/2360/7248 8183/2361/7250
f 8181/2360/7248 8184/2362/7251 8179/2358/7246
f 8183/2361/7250 8185/2363/7252 8184/2362/7251
f 8186/2364/7253 8179/2358/7246 8184/2362/7251
f 8179/2358/7246 8186/2364/7253 8180/2359/7247
f 8187/2365/7254 8184/2362/7251 8185/2363/7252
f 8184/2362/7251 8187/2365/7254 8186/2364/7253
f 8185/2363/7252 8188/2366/7255 8187/2365/7254
f 8187/2365/7254 8188/2366/7255 8189/2363/7256
f 8180/2359/7247 8186/2364/7253 8190/2358/7257
f 8190/2358/7257 8191/2357/7258 8180/2359/7247
f 8186/2364/7253 8187/2365/7254 8192/2362/7259
f 8189/2363/7256 8192/2362/7259 8187/2365/7254
f 8192/2362/7259 8190/2358/7257 8186/2364/7253
f 8192/2362/7259 8189/2363/7256 8193/2361/7260
f 8193/2361/7260 8194/2360/7261 8192/2362/7259
f 8190/2358/7257 8192/2362/7259 8194/2360/7261
f 8194/2360/7261 8193/2361/7260 8195/564/7262
f 8195/564/7262 8196/562/7263 8194/2360/7261
f 8194/2360/7261 8197/2356/7264 8190/2358/7257
f 8197/2356/7264 8194/2360/7261 8196/562/7263
f 8191/2357/7258 8190/2358/7257 8197/2356/7264
f 8196/562/7263 8198/561/7265 8197/2356/7264
f 8197/2356/7264 8199/2355/7266 8191/2357/7258
f 8199/2355/7266 8197/2356/7264 8198/561/7265
f 8198/561/7265 8200/559/7267 8199/2355/7266
f 8201/2356/7268 8202/561/7269 8203/562/7270
f 8203/562/7270 8204/2360/7271 8201/2356/7268
f 8204/2360/7271 8203/562/7270 8205/564/7272
f 8206/2358/7273 8201/2356/7268 8204/2360/7271
f 8205/564/7272 8207/2361/7274 8204/2360/7271
f 8204/2360/7271 8208/2362/7275 8206/2358/7273
f 8208/2362/7275 8204/2360/7271 8207/2361/7274
f 8209/2364/7276 8206/2358/7273 8208/2362/7275
f 8207/2361/7274 8210/2363/7277 8208/2362/7275
f 8211/2365/7278 8208/2362/7275 8210/2363/7277
f 8208/2362/7275 8211/2365/7278 8209/2364/7276
f 8210/2363/7277 8212/2366/7279 8211/2365/7278
f 8211/2365/7278 8212/2366/7279 8213/2363/7280
f 8209/2364/7276 8211/2365/7278 8214/2362/7281
f 8213/2363/7280 8214/2362/7281 8211/2365/7278
f 8214/2362/7281 8215/2358/7282 8209/2364/7276
f 8214/2362/7281 8213/2363/7280 8216/2361/7283
f 8215/2358/7282 8214/2362/7281 8217/2360/7284
f 8216/2361/7283 8217/2360/7284 8214/2362/7281
f 8217/2360/7284 8216/2361/7283 8218/564/7285
f 8217/2360/7284 8219/2356/7286 8215/2358/7282
f 8218/564/7285 8220/562/7287 8217/2360/7284
f 8219/2356/7286 8217/2360/7284 8220/562/7287
f 8220/562/7287 8221/561/7288 8219/2356/7286
f 8222/653/7289 8223/660/7290 8224/650/7291
f 8222/653/7289 8225/1903/7292 8223/660/7290
f 8222/653/7289 8226/659/7293 8225/1903/7292
f 8225/1903/7292 8227/1904/7294 8223/660/7290
f 8227/1904/7294 8225/1903/7292 8228/664/7295
f 8229/657/7296 8227/1904/7294 8228/664/7295
f 8229/657/7296 8228/664/7295 8230/654/7297
f 8229/657/7296 8231/663/7298 8227/1904/7294
f 8232/2226/7299 8233/91/7300 8234/107/7301
f 8234/107/7301 8235/2227/7302 8232/2226/7299
f 8235/2227/7302 8236/2228/7303 8232/2226/7299
f 8237/2229/7304 8232/2226/7299 8236/2228/7303
f 8238/2230/7305 8232/2226/7299 8237/2229/7304
f 8239/2233/7306 8240/2232/7307 8241/2231/7308
f 8241/2231/7308 8242/2234/7309 8239/2233/7306
f 8243/2236/7310 8239/2233/7306 8242/2234/7309
f 8242/2234/7309 8241/2231/7308 8244/2235/7311
f 8243/2236/7310 8245/2239/7312 8246/2240/7313
f 8242/2234/7309 8245/2239/7312 8243/2236/7310
f 8244/2235/7311 8247/2237/7314 8242/2234/7309
f 8245/2239/7312 8242/2234/7309 8247/2237/7314
f 8247/2237/7314 8244/2235/7311 8248/2238/7315
f 8245/2239/7312 8249/2243/7316 8250/2244/7317
f 8247/2237/7314 8249/2243/7316 8245/2239/7312
f 8248/2238/7315 8251/2241/7318 8247/2237/7314
f 8249/2243/7316 8247/2237/7314 8251/2241/7318
f 8251/2241/7318 8248/2238/7315 8252/2242/7319
f 8249/2243/7316 8253/2247/7320 8254/2248/7321
f 8251/2241/7318 8253/2247/7320 8249/2243/7316
f 8252/2242/7319 8255/2245/7322 8251/2241/7318
f 8253/2247/7320 8251/2241/7318 8255/2245/7322
f 8255/2245/7322 8252/2242/7319 8256/2246/7323
f 8253/2247/7320 8257/2251/7324 8258/2252/7325
f 8255/2245/7322 8257/2251/7324 8253/2247/7320
f 8256/2246/7323 8259/2249/7326 8255/2245/7322
f 8257/2251/7324 8255/2245/7322 8259/2249/7326
f 8259/2249/7326 8256/2246/7323 8260/2250/7327
f 8257/2251/7324 8261/2255/7328 8262/2256/7329
f 8259/2249/7326 8261/2255/7328 8257/2251/7324
f 8260/2250/7327 8263/2253/7330 8259/2249/7326
f 8261/2255/7328 8259/2249/7326 8263/2253/7330
f 8263/2253/7330 8260/2250/7327 8264/2254/7331
f 8261/2255/7328 8265/2259/7332 8266/2260/7333
f 8263/2253/7330 8265/2259/7332 8261/2255/7328
f 8264/2254/7331 8267/2257/7334 8263/2253/7330
f 8265/2259/7332 8263/2253/7330 8267/2257/7334
f 8267/2257/7334 8264/2254/7331 8268/2258/7335
f 8265/2259/7332 8269/2263/7336 8270/2264/7337
f 8267/2257/7334 8269/2263/7336 8265/2259/7332
f 8268/2258/7335 8271/2261/7338 8267/2257/7334
f 8269/2263/7336 8267/2257/7334 8271/2261/7338
f 8271/2261/7338 8268/2258/7335 8272/2262/7339
f 8269/2263/7336 8273/2267/7340 8274/2268/7341
f 8271/2261/7338 8273/2267/7340 8269/2263/7336
f 8272/2262/7339 8275/2265/7342 8271/2261/7338
f 8273/2267/7340 8271/2261/7338 8275/2265/7342
f 8275/2265/7342 8272/2262/7339 8276/2266/7343
f 8273/2267/7340 8277/2269/7344 8278/2270/7345
f 8275/2265/7342 8277/2269/7344 8273/2267/7340
f 8276/2266/7343 8279/2273/7346 8280/2272/7347
f 8276/2266/7343 8281/2271/7348 8275/2265/7342
f 8280/2272/7347 8281/2271/7348 8276/2266/7343
f 8277/2269/7344 8275/2265/7342 8281/2271/7348
f 8281/2271/7348 8280/2272/7347 8282/2274/7349
f 8281/2271/7348 8283/2275/7350 8277/2269/7344
f 8282/2274/7349 8283/2275/7350 8281/2271/7348
f 8277/2269/7344 8283/2275/7350 8284/2276/7351
f 8283/2275/7350 8282/2274/7349 8285/2277/7352
f 8286/2279/7353 8287/2278/7354 8288/2280/7355
f 8289/2281/7356 8287/2278/7354 8286/2279/7353
f 8286/2279/7353 8290/2282/7357 8289/2281/7356
f 8291/2283/7358 8289/2281/7356 8290/2282/7357
f 8290/2282/7357 8292/2284/7359 8291/2283/7358
f 8293/2285/7360 8286/2279/7353 8294/2286/7361
f 8290/2282/7357 8286/2279/7353 8293/2285/7360
f 8292/2284/7359 8290/2282/7357 8295/2287/7362
f 8293/2285/7360 8295/2287/7362 8290/2282/7357
f 8295/2287/7362 8296/2288/7363 8292/2284/7359
f 8297/2289/7364 8293/2285/7360 8298/2290/7365
f 8295/2287/7362 8293/2285/7360 8297/2289/7364
f 8296/2288/7363 8295/2287/7362 8299/2291/7366
f 8297/2289/7364 8299/2291/7366 8295/2287/7362
f 8299/2291/7366 8300/2292/7367 8296/2288/7363
f 8301/2293/7368 8297/2289/7364 8302/2294/7369
f 8299/2291/7366 8297/2289/7364 8301/2293/7368
f 8300/2292/7367 8299/2291/7366 8303/2295/7370
f 8301/2293/7368 8303/2295/7370 8299/2291/7366
f 8303/2295/7370 8304/2296/7371 8300/2292/7367
f 8305/2297/7372 8301/2293/7368 8306/2298/7373
f 8303/2295/7370 8301/2293/7368 8305/2297/7372
f 8304/2296/7371 8303/2295/7370 8307/2299/7374
f 8305/2297/7372 8307/2299/7374 8303/2295/7370
f 8307/2299/7374 8308/2300/7375 8304/2296/7371
f 8309/2274/7376 8305/2297/7372 8310/2301/7377
f 8307/2299/7374 8305/2297/7372 8309/2274/7376
f 8308/2300/7375 8307/2299/7374 8311/2272/7378
f 8309/2274/7376 8311/2272/7378 8307/2299/7374
f 8311/2272/7378 8312/2273/7379 8308/2300/7375
f 8313/2275/7380 8309/2274/7376 8314/2277/7381
f 8311/2272/7378 8309/2274/7376 8313/2275/7380
f 8312/2273/7379 8311/2272/7378 8315/2271/7382
f 8313/2275/7380 8315/2271/7382 8311/2272/7378
f 8315/2271/7382 8316/2266/7383 8312/2273/7379
f 8317/2269/7384 8313/2275/7380 8318/2276/7385
f 8315/2271/7382 8313/2275/7380 8317/2269/7384
f 8316/2266/7383 8315/2271/7382 8319/2265/7386
f 8317/2269/7384 8319/2265/7386 8315/2271/7382
f 8319/2265/7386 8320/2262/7387 8316/2266/7383
f 8321/2267/7388 8317/2269/7384 8322/2270/7389
f 8319/2265/7386 8317/2269/7384 8321/2267/7388
f 8320/2262/7387 8319/2265/7386 8323/2261/7390
f 8321/2267/7388 8323/2261/7390 8319/2265/7386
f 8323/2261/7390 8324/2258/7391 8320/2262/7387
f 8325/2263/7392 8321/2267/7388 8326/2268/7393
f 8323/2261/7390 8321/2267/7388 8325/2263/7392
f 8324/2258/7391 8323/2261/7390 8327/2257/7394
f 8325/2263/7392 8327/2257/7394 8323/2261/7390
f 8327/2257/7394 8328/2302/7395 8324/2258/7391
f 8329/2259/7396 8325/2263/7392 8330/2264/7397
f 8327/2257/7394 8325/2263/7392 8329/2259/7396
f 8328/2302/7395 8327/2257/7394 8331/2253/7398
f 8329/2259/7396 8331/2253/7398 8327/2257/7394
f 8331/2253/7398 8332/2303/7399 8328/2302/7395
f 8333/2255/7400 8329/2259/7396 8334/2260/7401
f 8331/2253/7398 8329/2259/7396 8333/2255/7400
f 8332/2303/7399 8331/2253/7398 8335/2249/7402
f 8333/2255/7400 8335/2249/7402 8331/2253/7398
f 8335/2249/7402 8336/2246/7403 8332/2303/7399
f 8337/2251/7404 8333/2255/7400 8338/2256/7405
f 8335/2249/7402 8333/2255/7400 8337/2251/7404
f 8336/2246/7403 8335/2249/7402 8339/2245/7406
f 8337/2251/7404 8339/2245/7406 8335/2249/7402
f 8339/2245/7406 8340/2242/7407 8336/2246/7403
f 8341/2247/7408 8337/2251/7404 8342/2252/7409
f 8339/2245/7406 8337/2251/7404 8341/2247/7408
f 8340/2242/7407 8339/2245/7406 8343/2241/7410
f 8341/2247/7408 8343/2241/7410 8339/2245/7406
f 8343/2241/7410 8344/2238/7411 8340/2242/7407
f 8345/2243/7412 8341/2247/7408 8346/2248/7413
f 8343/2241/7410 8341/2247/7408 8345/2243/7412
f 8344/2238/7411 8343/2241/7410 8347/2237/7414
f 8345/2243/7412 8347/2237/7414 8343/2241/7410
f 8347/2237/7414 8348/2235/7415 8344/2238/7411
f 8349/2239/7416 8345/2243/7412 8350/2244/7417
f 8347/2237/7414 8345/2243/7412 8349/2239/7416
f 8348/2235/7415 8347/2237/7414 8351/2234/7418
f 8349/2239/7416 8351/2234/7418 8347/2237/7414
f 8351/2234/7418 8352/2231/7419 8348/2235/7415
f 8353/2236/7420 8349/2239/7416 8354/2240/7421
f 8351/2234/7418 8349/2239/7416 8353/2236/7420
f 8352/2231/7419 8351/2234/7418 8355/2233/7422
f 8353/2236/7420 8355/2233/7422 8351/2234/7418
f 8355/2233/7422 8356/2232/7423 8352/2231/7419
f 8357/2304/7424 8353/2236/7420 8358/2305/7425
f 8355/2233/7422 8353/2236/7420 8357/2304/7424
f 8356/2232/7423 8355/2233/7422 8359/2306/7426
f 8357/2304/7424 8359/2306/7426 8355/2233/7422
f 8359/2306/7426 8360/2307/7427 8356/2232/7423
f 8361/2308/7428 8357/2304/7424 8362/2309/7429
f 8359/2306/7426 8357/2304/7424 8361/2308/7428
f 8360/2307/7427 8359/2306/7426 8363/2310/7430
f 8361/2308/7428 8363/2310/7430 8359/2306/7426
f 8363/2310/7430 8364/2311/7431 8360/2307/7427
f 8365/2312/7432 8361/2308/7428 8366/2313/7433
f 8363/2310/7430 8361/2308/7428 8365/2312/7432
f 8364/2311/7431 8363/2310/7430 8367/2314/7434
f 8365/2312/7432 8367/2314/7434 8363/2310/7430
f 8367/2314/7434 8368/2315/7435 8364/2311/7431
f 8369/2316/7436 8365/2312/7432 8370/2317/7437
f 8367/2314/7434 8365/2312/7432 8369/2316/7436
f 8368/2315/7435 8367/2314/7434 8371/2318/7438
f 8369/2316/7436 8371/2318/7438 8367/2314/7434
f 8371/2318/7438 8372/2319/7439 8368/2315/7435
f 8373/2320/7440 8369/2316/7436 8374/2321/7441
f 8371/2318/7438 8369/2316/7436 8373/2320/7440
f 8373/2320/7440 8375/2322/7442 8371/2318/7438
f 8372/2319/7439 8371/2318/7438 8375/2322/7442
f 8375/2322/7442 8376/2323/7443 8372/2319/7439
f 8377/2279/7444 8378/2278/7445 8379/2280/7446
f 8380/2324/7447 8378/2278/7445 8377/2279/7444
f 8377/2279/7444 8381/2325/7448 8380/2324/7447
f 8381/2325/7448 8377/2279/7444 8382/2285/7449
f 8382/2285/7449 8377/2279/7444 8383/2286/7450
f 8382/2285/7449 8384/2326/7451 8381/2325/7448
f 8384/2326/7451 8382/2285/7449 8385/2289/7452
f 8385/2289/7452 8382/2285/7449 8386/2290/7453
f 8385/2289/7452 8387/2327/7454 8384/2326/7451
f 8387/2327/7454 8385/2289/7452 8388/2293/7455
f 8388/2293/7455 8385/2289/7452 8389/2294/7456
f 8388/2293/7455 8390/2328/7457 8387/2327/7454
f 8390/2328/7457 8388/2293/7455 8391/2297/7458
f 8391/2297/7458 8388/2293/7455 8392/2298/7459
f 8391/2297/7458 8393/2329/7460 8390/2328/7457
f 8393/2329/7460 8391/2297/7458 8394/2274/7461
f 8394/2274/7461 8391/2297/7458 8395/2301/7462
f 8394/2274/7461 8396/2330/7463 8393/2329/7460
f 8397/2275/7464 8394/2274/7461 8398/2277/7465
f 8396/2330/7463 8394/2274/7461 8397/2275/7464
f 8399/2271/7466 8400/2272/7467 8396/2330/7463
f 8399/2271/7466 8396/2330/7463 8397/2275/7464
f 8401/2269/7468 8397/2275/7464 8402/2276/7469
f 8399/2271/7466 8397/2275/7464 8401/2269/7468
f 8401/2269/7468 8403/2265/7470 8399/2271/7466
f 8404/2331/7471 8399/2271/7466 8403/2265/7470
f 8405/2267/7472 8401/2269/7468 8406/2270/7473
f 8403/2265/7470 8401/2269/7468 8405/2267/7472
f 8404/2331/7471 8403/2265/7470 8407/2261/7474
f 8405/2267/7472 8407/2261/7474 8403/2265/7470
f 8408/2258/7475 8409/2262/7476 8404/2331/7471
f 8408/2258/7475 8404/2331/7471 8407/2261/7474
f 8410/2263/7477 8405/2267/7472 8411/2268/7478
f 8407/2261/7474 8405/2267/7472 8410/2263/7477
f 8412/2254/7479 8413/2302/7480 8408/2258/7475
f 8408/2258/7475 8407/2261/7474 8414/2257/7481
f 8412/2254/7479 8408/2258/7475 8414/2257/7481
f 8410/2263/7477 8414/2257/7481 8407/2261/7474
f 8412/2254/7479 8414/2257/7481 8415/2253/7482
f 8415/2253/7482 8416/2250/7483 8412/2254/7479
f 8414/2257/7481 8410/2263/7477 8417/2259/7484
f 8417/2259/7484 8410/2263/7477 8418/2264/7485
f 8417/2259/7484 8415/2253/7482 8414/2257/7481
f 8419/2255/7486 8417/2259/7484 8420/2260/7487
f 8415/2253/7482 8417/2259/7484 8419/2255/7486
f 8416/2250/7483 8415/2253/7482 8421/2249/7488
f 8419/2255/7486 8421/2249/7488 8415/2253/7482
f 8421/2249/7488 8422/2332/7489 8416/2250/7483
f 8423/2251/7490 8419/2255/7486 8424/2256/7491
f 8421/2249/7488 8419/2255/7486 8423/2251/7490
f 8425/2242/7492 8426/2246/7493 8422/2332/7489
f 8422/2332/7489 8421/2249/7488 8427/2245/7494
f 8425/2242/7492 8422/2332/7489 8427/2245/7494
f 8423/2251/7490 8427/2245/7494 8421/2249/7488
f 8425/2242/7492 8427/2245/7494 8428/2241/7495
f 8428/2241/7495 8429/2238/7496 8425/2242/7492
f 8427/2245/7494 8423/2251/7490 8430/2247/7497
f 8430/2247/7497 8423/2251/7490 8431/2252/7498
f 8430/2247/7497 8428/2241/7495 8427/2245/7494
f 8432/2243/7499 8430/2247/7497 8433/2248/7500
f 8428/2241/7495 8430/2247/7497 8432/2243/7499
f 8429/2238/7496 8428/2241/7495 8434/2237/7501
f 8432/2243/7499 8434/2237/7501 8428/2241/7495
f 8434/2237/7501 8435/2235/7502 8429/2238/7496
f 8436/2239/7503 8432/2243/7499 8437/2244/7504
f 8434/2237/7501 8432/2243/7499 8436/2239/7503
f 8438/2333/7505 8439/2231/7506 8435/2235/7502
f 8435/2235/7502 8434/2237/7501 8440/2234/7507
f 8438/2333/7505 8435/2235/7502 8440/2234/7507
f 8436/2239/7503 8440/2234/7507 8434/2237/7501
f 8438/2333/7505 8440/2234/7507 8441/2233/7508
f 8440/2234/7507 8436/2239/7503 8442/2236/7509
f 8442/2236/7509 8436/2239/7503 8443/2240/7510
f 8442/2236/7509 8441/2233/7508 8440/2234/7507
f 8444/2304/7511 8442/2236/7509 8445/2305/7512
f 8441/2233/7508 8442/2236/7509 8444/2304/7511
f 8446/2334/7513 8447/2306/7514 8441/2233/7508
f 8446/2334/7513 8441/2233/7508 8444/2304/7511
f 8446/2334/7513 8444/2304/7511 8448/2308/7515
f 8448/2308/7515 8444/2304/7511 8449/2309/7516
f 8448/2308/7515 8450/2335/7517 8446/2334/7513
f 8450/2335/7517 8448/2308/7515 8451/2312/7518
f 8451/2312/7518 8448/2308/7515 8452/2313/7519
f 8451/2312/7518 8453/2336/7520 8450/2335/7517
f 8453/2336/7520 8451/2312/7518 8454/2316/7521
f 8454/2316/7521 8451/2312/7518 8455/2317/7522
f 8454/2316/7521 8456/2337/7523 8453/2336/7520
f 8456/2337/7523 8454/2316/7521 8457/2320/7524
f 8457/2320/7524 8454/2316/7521 8458/2321/7525
f 8457/2320/7524 8459/2338/7526 8456/2337/7523
f 8460/2279/7527 8461/2278/7528 8462/2280/7529
f 8463/2281/7530 8461/2278/7528 8460/2279/7527
f 8460/2279/7527 8464/2282/7531 8463/2281/7530
f 8465/2283/7532 8463/2281/7530 8464/2282/7531
f 8464/2282/7531 8466/2284/7533 8465/2283/7532
f 8467/2285/7534 8460/2279/7527 8468/2286/7535
f 8464/2282/7531 8460/2279/7527 8467/2285/7534
f 8466/2284/7533 8464/2282/7531 8469/2287/7536
f 8467/2285/7534 8469/2287/7536 8464/2282/7531
f 8469/2287/7536 8470/2288/7537 8466/2284/7533
f 8471/2289/7538 8467/2285/7534 8472/2290/7539
f 8469/2287/7536 8467/2285/7534 8471/2289/7538
f 8470/2288/7537 8469/2287/7536 8473/2291/7540
f 8471/2289/7538 8473/2291/7540 8469/2287/7536
f 8473/2291/7540 8474/2292/7541 8470/2288/7537
f 8475/2293/7542 8471/2289/7538 8476/2294/7543
f 8473/2291/7540 8471/2289/7538 8475/2293/7542
f 8474/2292/7541 8473/2291/7540 8477/2295/7544
f 8475/2293/7542 8477/2295/7544 8473/2291/7540
f 8477/2295/7544 8478/2296/7545 8474/2292/7541
f 8479/2297/7546 8475/2293/7542 8480/2298/7547
f 8477/2295/7544 8475/2293/7542 8479/2297/7546
f 8478/2296/7545 8477/2295/7544 8481/2299/7548
f 8479/2297/7546 8481/2299/7548 8477/2295/7544
f 8481/2299/7548 8482/2300/7549 8478/2296/7545
f 8483/2274/7550 8479/2297/7546 8484/2301/7551
f 8481/2299/7548 8479/2297/7546 8483/2274/7550
f 8482/2300/7549 8481/2299/7548 8485/2272/7552
f 8483/2274/7550 8485/2272/7552 8481/2299/7548
f 8485/2272/7552 8486/2273/7553 8482/2300/7549
f 8487/2275/7554 8483/2274/7550 8488/2277/7555
f 8485/2272/7552 8483/2274/7550 8487/2275/7554
f 8486/2273/7553 8485/2272/7552 8489/2271/7556
f 8487/2275/7554 8489/2271/7556 8485/2272/7552
f 8489/2271/7556 8490/2266/7557 8486/2273/7553
f 8491/2269/7558 8487/2275/7554 8492/2276/7559
f 8489/2271/7556 8487/2275/7554 8491/2269/7558
f 8490/2266/7557 8489/2271/7556 8493/2265/7560
f 8491/2269/7558 8493/2265/7560 8489/2271/7556
f 8493/2265/7560 8494/2262/7561 8490/2266/7557
f 8495/2267/7562 8491/2269/7558 8496/2270/7563
f 8493/2265/7560 8491/2269/7558 8495/2267/7562
f 8494/2262/7561 8493/2265/7560 8497/2261/7564
f 8495/2267/7562 8497/2261/7564 8493/2265/7560
f 8497/2261/7564 8498/2258/7565 8494/2262/7561
f 8499/2263/7566 8495/2267/7562 8500/2268/7567
f 8497/2261/7564 8495/2267/7562 8499/2263/7566
f 8498/2258/7565 8497/2261/7564 8501/2257/7568
f 8499/2263/7566 8501/2257/7568 8497/2261/7564
f 8501/2257/7568 8502/2302/7569 8498/2258/7565
f 8503/2259/7570 8499/2263/7566 8504/2264/7571
f 8501/2257/7568 8499/2263/7566 8503/2259/7570
f 8502/2302/7569 8501/2257/7568 8505/2253/7572
f 8503/2259/7570 8505/2253/7572 8501/2257/7568
f 8505/2253/7572 8506/2303/7573 8502/2302/7569
f 8507/2255/7574 8503/2259/7570 8508/2260/7575
f 8505/2253/7572 8503/2259/7570 8507/2255/7574
f 8506/2303/7573 8505/2253/7572 8509/2249/7576
f 8507/2255/7574 8509/2249/7576 8505/2253/7572
f 8509/2249/7576 8510/2246/7577 8506/2303/7573
f 8511/2251/7578 8507/2255/7574 8512/2256/7579
f 8509/2249/7576 8507/2255/7574 8511/2251/7578
f 8510/2246/7577 8509/2249/7576 8513/2245/7580
f 8511/2251/7578 8513/2245/7580 8509/2249/7576
f 8513/2245/7580 8514/2242/7581 8510/2246/7577
f 8515/2247/7582 8511/2251/7578 8516/2252/7583
f 8513/2245/7580 8511/2251/7578 8515/2247/7582
f 8514/2242/7581 8513/2245/7580 8517/2241/7584
f 8515/2247/7582 8517/2241/7584 8513/2245/7580
f 8517/2241/7584 8518/2238/7585 8514/2242/7581
f 8519/2243/7586 8515/2247/7582 8520/2248/7587
f 8517/2241/7584 8515/2247/7582 8519/2243/7586
f 8518/2238/7585 8517/2241/7584 8521/2237/7588
f 8519/2243/7586 8521/2237/7588 8517/2241/7584
f 8521/2237/7588 8522/2235/7589 8518/2238/7585
f 8523/2239/7590 8519/2243/7586 8524/2244/7591
f 8521/2237/7588 8519/2243/7586 8523/2239/7590
f 8522/2235/7589 8521/2237/7588 8525/2234/7592
f 8523/2239/7590 8525/2234/7592 8521/2237/7588
f 8525/2234/7592 8526/2231/7593 8522/2235/7589
f 8527/2236/7594 8523/2239/7590 8528/2240/7595
f 8525/2234/7592 8523/2239/7590 8527/2236/7594
f 8526/2231/7593 8525/2234/7592 8529/2233/7596
f 8527/2236/7594 8529/2233/7596 8525/2234/7592
f 8529/2233/7596 8530/2232/7597 8526/2231/7593
f 8531/2304/7598 8527/2236/7594 8532/2305/7599
f 8529/2233/7596 8527/2236/7594 8531/2304/7598
f 8530/2232/7597 8529/2233/7596 8533/2306/7600
f 8531/2304/7598 8533/2306/7600 8529/2233/7596
f 8533/2306/7600 8534/2307/7601 8530/2232/7597
f 8535/2308/7602 8531/2304/7598 8536/2309/7603
f 8533/2306/7600 8531/2304/7598 8535/2308/7602
f 8534/2307/7601 8533/2306/7600 8537/2310/7604
f 8535/2308/7602 8537/2310/7604 8533/2306/7600
f 8537/2310/7604 8538/2311/7605 8534/2307/7601
f 8539/2312/7606 8535/2308/7602 8540/2313/7607
f 8537/2310/7604 8535/2308/7602 8539/2312/7606
f 8538/2311/7605 8537/2310/7604 8541/2314/7608
f 8539/2312/7606 8541/2314/7608 8537/2310/7604
f 8541/2314/7608 8542/2315/7609 8538/2311/7605
f 8543/2316/7610 8539/2312/7606 8544/2317/7611
f 8541/2314/7608 8539/2312/7606 8543/2316/7610
f 8542/2315/7609 8541/2314/7608 8545/2318/7612
f 8543/2316/7610 8545/2318/7612 8541/2314/7608
f 8545/2318/7612 8546/2319/7613 8542/2315/7609
f 8547/2320/7614 8543/2316/7610 8548/2321/7615
f 8545/2318/7612 8543/2316/7610 8547/2320/7614
f 8547/2320/7614 8549/2322/7616 8545/2318/7612
f 8546/2319/7613 8545/2318/7612 8549/2322/7616
f 8549/2322/7616 8550/2323/7617 8546/2319/7613
f 8551/2341/7618 8552/2340/7619 8553/2339/7620
f 8554/2342/7621 8551/2341/7618 8553/2339/7620
f 8553/2339/7620 8555/2347/7622 8556/2346/7623
f 8557/2344/7624 8558/2343/7625 8554/2342/7621
f 8557/2344/7624 8554/2342/7621 8559/2345/7626
f 8553/2339/7620 8556/2346/7623 8560/2350/7627
f 8554/2342/7621 8553/2339/7620 8560/2350/7627
f 8556/2346/7623 8561/2352/7628 8560/2350/7627
f 8554/2342/7621 8562/2348/7629 8559/2345/7626
f 8554/2342/7621 8560/2350/7627 8562/2348/7629
f 8562/2348/7629 8563/2349/7630 8559/2345/7626
f 8560/2350/7627 8564/2351/7631 8562/2348/7629
f 8565/106/7632 8566/104/7633 8567/107/7634
f 8568/108/7635 8565/106/7632 8567/107/7634
f 8568/108/7635 8569/609/7636 8565/106/7632
f 8569/609/7636 8570/610/7637 8565/106/7632
f 8570/610/7637 8571/611/7638 8565/106/7632
f 8572/660/7639 8573/653/7640 8574/650/7641
f 8572/660/7639 8575/1903/7642 8573/653/7640
f 8575/1903/7642 8576/659/7643 8573/653/7640
f 8572/660/7639 8577/1904/7644 8575/1903/7642
f 8578/664/7645 8575/1903/7642 8577/1904/7644
f 8578/664/7645 8577/1904/7644 8579/657/7646
f 8577/1904/7644 8580/663/7647 8579/657/7646
f 8578/664/7645 8579/657/7646 8581/654/7648
f 8582/2323/7649 8583/2319/7650 8584/2367/7649
f 8585/2319/7651 8582/2323/7649 8584/2367/7649
f 8586/2368/7652 8583/2319/7652 8587/2315/7652
f 8585/2319/7653 8586/2368/7653 8588/2315/7653
f 8587/2315/7649 8589/2311/7649 8590/2369/7649
f 8591/2311/7649 8588/2315/7649 8590/2369/7649
f 8592/2370/7649 8589/2311/7649 8593/2307/7649
f 8591/2311/7649 8592/2370/7649 8594/2307/7649
f 8593/2307/7654 8595/2232/7654 8596/2371/7654
f 8597/2232/7654 8594/2307/7654 8596/2371/7654
f 8598/2372/7655 8595/2232/7655 8599/2231/7655
f 8597/2232/7655 8598/2372/7655 8600/2231/7655
f 8599/2231/7649 8601/2235/7649 8602/2373/7649
f 8603/2235/7649 8600/2231/7649 8602/2373/7649
f 8604/2374/7649 8601/2235/7649 8605/2238/7649
f 8603/2235/7649 8604/2374/7649 8606/2238/7649
f 8605/2238/7649 8607/2242/7656 8608/2375/7649
f 8609/2242/7657 8606/2238/7649 8608/2375/7649
f 8610/2376/7650 8607/2242/7650 8611/2246/7650
f 8609/2242/7651 8610/2376/7651 8612/2246/7651
f 8613/2377/7649 8611/2246/7649 8614/2303/7649
f 8612/2246/7649 8613/2377/7649 8614/2303/7649
f 8615/2114/7658 8616/2116/7659 8617/2117/7660
f 8617/2117/7660 8618/2116/7661 8619/2114/7662
f 8617/2117/7660 8620/2378/7663 8615/2114/7658
f 8619/2114/7662 8620/2378/7663 8617/2117/7660
f 8621/2112/7664 8615/2114/7658 8620/2378/7663
f 8620/2378/7663 8619/2114/7662 8622/2112/7665
f 8620/2378/7663 8623/2379/7666 8621/2112/7664
f 8622/2112/7665 8623/2379/7666 8620/2378/7663
f 8624/1928/7667 8621/2112/7664 8623/2379/7666
f 8623/2379/7666 8622/2112/7665 8625/1928/7668
f 8623/2379/7666 8626/1929/7669 8624/1928/7667
f 8625/1928/7668 8626/1929/7669 8623/2379/7666
f 8627/2380/7670 8628/2381/7671 8629/2382/7672
f 8629/2382/7672 8630/2383/7673 8627/2380/7670
f 8627/2380/7670 8630/2383/7673 8631/2384/7674
f 8632/2385/7675 8630/2383/7673 8629/2382/7672
f 8629/2382/7672 8633/2386/7676 8632/2385/7675
f 8632/2385/7675 8633/2386/7676 8634/2382/7677
f 8635/2387/7678 8631/2384/7674 8630/2383/7673
f 8630/2383/7673 8632/2385/7675 8635/2387/7678
f 8636/2388/7679 8637/2389/7680 8631/2384/7674
f 8631/2384/7674 8635/2387/7678 8636/2388/7679
f 8634/2382/7677 8638/2383/7681 8632/2385/7675
f 8635/2387/7678 8632/2385/7675 8638/2383/7681
f 8634/2382/7677 8639/2381/7682 8640/2380/7683
f 8640/2380/7683 8638/2383/7681 8634/2382/7677
f 8638/2383/7681 8640/2380/7683 8641/2384/7684
f 8638/2383/7681 8641/2384/7684 8635/2387/7678
f 8636/2388/7679 8635/2387/7678 8641/2384/7684
f 8641/2384/7684 8642/2389/7685 8636/2388/7679
f 8643/2390/7686 8644/1289/7687 8645/1289/7688
f 8646/2391/7689 8645/1289/7688 8647/1288/7690
f 8646/2391/7689 8643/2390/7686 8645/1289/7688
f 8648/1289/7691 8643/2390/7686 8646/2391/7689
f 8648/1289/7691 8646/2391/7689 8649/1288/7692
f 8648/1289/7691 8650/1289/7693 8643/2390/7686
f 8651/2392/7694 8652/2393/7695 8653/2394/7696
f 8652/2393/7695 8654/2392/7697 8655/2394/7698
f 8651/2392/7694 8656/2395/7699 8652/2393/7695
f 8652/2393/7695 8656/2395/7699 8654/2392/7697
f 8651/2392/7694 8657/2396/7700 8656/2395/7699
f 8656/2395/7699 8658/2396/7700 8654/2392/7697
f 8659/2397/7701 8656/2395/7699 8657/2396/7700
f 8658/2396/7700 8656/2395/7699 8659/2397/7701
f 8657/2396/7700 8660/2398/7702 8659/2397/7701
f 8659/2397/7701 8661/2398/7702 8658/2396/7700
f 8662/2399/7703 8659/2397/7701 8660/2398/7702
f 8661/2398/7702 8659/2397/7701 8662/2399/7703
f 8660/2398/7702 8663/2400/7704 8662/2399/7703
f 8662/2399/7703 8664/2400/7704 8661/2398/7702
f 8665/2401/7705 8662/2399/7703 8663/2400/7704
f 8664/2400/7704 8662/2399/7703 8665/2401/7705
f 8663/2400/7704 8666/2402/7706 8665/2401/7705
f 8665/2401/7705 8667/2402/7706 8664/2400/7704
f 8665/2401/7705 8666/2402/7706 8668/2403/7707
f 8669/2403/7707 8667/2402/7706 8665/2401/7705
f 8668/2403/7707 8670/2404/7708 8665/2401/7705
f 8665/2401/7705 8670/2404/7708 8669/2403/7707
f 8670/2404/7708 8668/2403/7707 8671/2081/7709
f 8672/2081/7710 8669/2403/7707 8670/2404/7708
f 8671/2081/7709 8673/2080/7711 8670/2404/7708
f 8670/2404/7708 8673/2080/7711 8672/2081/7710
f 8674/404/7712 8675/405/7713 8676/405/7713
f 8676/405/7713 8677/404/7712 8674/404/7712
f 8678/2405/7714 8674/404/7712 8677/404/7712
f 8677/404/7712 8679/2405/7715 8678/2405/7714
f 8680/2405/7716 8679/2405/7715 8677/404/7712
f 8681/404/7712 8677/404/7712 8676/405/7713
f 8677/404/7712 8681/404/7712 8680/2405/7716
f 8676/405/7713 8682/405/7713 8681/404/7712
f 8681/404/7712 8682/405/7713 8683/405/7713
f 8680/2405/7716 8681/404/7712 8684/404/7712
f 8683/405/7713 8684/404/7712 8681/404/7712
f 8684/404/7712 8685/2405/7717 8680/2405/7716
f 8686/2405/7718 8685/2405/7717 8684/404/7712
f 8684/404/7712 8687/404/7712 8686/2405/7718
f 8687/404/7712 8684/404/7712 8683/405/7713
f 8683/405/7713 8688/405/7713 8687/404/7712
f 8689/2406/7719 8690/1571/7720 8691/494/7721
f 8692/494/7722 8693/1571/7723 8689/2406/7719
f 8691/494/7721 8694/2407/7724 8689/2406/7719
f 8689/2406/7719 8694/2407/7724 8692/494/7722
f 8694/2407/7724 8691/494/7721 8695/494/7725
f 8696/494/7726 8692/494/7722 8694/2407/7724
f 8695/494/7725 8697/2407/7727 8694/2407/7724
f 8694/2407/7724 8697/2407/7727 8696/494/7726
f 8697/2407/7727 8695/494/7725 8698/1572/7728
f 8699/1572/7729 8696/494/7726 8697/2407/7727
f 8698/1572/7728 8700/2408/7730 8697/2407/7727
f 8697/2407/7727 8700/2408/7730 8699/1572/7729
f 8701/2105/7731 8702/2104/7732 8703/2409/7733
f 8704/2085/7734 8705/2084/7735 8703/2409/7733
f 8705/2084/7735 8701/2105/7731 8703/2409/7733
f 8701/2105/7731 8705/2084/7735 8706/2409/7736
f 8705/2084/7735 8707/2085/7734 8706/2409/7736
f 8708/2104/7737 8701/2105/7731 8706/2409/7736
f 8709/2095/7738 8710/2094/7738 8711/2410/7739
f 8712/2410/7739 8713/2094/7738 8709/2095/7738
f 8711/2410/7739 8714/2411/7740 8709/2095/7738
f 8709/2095/7738 8714/2411/7740 8712/2410/7739
f 8714/2411/7740 8711/2410/7739 8715/2412/7741
f 8716/2412/7741 8712/2410/7739 8714/2411/7740
f 8715/2412/7741 8717/2413/7741 8714/2411/7740
f 8714/2411/7740 8717/2413/7741 8716/2412/7741
f 8718/2414/7742 8719/2415/7742 8720/2416/7743
f 8721/2416/7743 8722/2415/7742 8718/2414/7742
f 8720/2416/7743 8723/2417/7743 8718/2414/7742
f 8718/2414/7742 8723/2417/7743 8721/2416/7743
f 8723/2417/7743 8720/2416/7743 8724/2418/7744
f 8725/2418/7744 8721/2416/7743 8723/2417/7743
f 8724/2418/7744 8726/2419/7744 8723/2417/7743
f 8723/2417/7743 8726/2419/7744 8725/2418/7744
f 8726/2419/7744 8724/2418/7744 8727/2420/7745
f 8728/2420/7745 8725/2418/7744 8726/2419/7744
f 8727/2420/7745 8729/2421/7745 8726/2419/7744
f 8726/2419/7744 8729/2421/7745 8728/2420/7745
f 8729/2421/7745 8727/2420/7745 8730/2422/7746
f 8731/2422/7746 8728/2420/7745 8729/2421/7745
f 8730/2422/7746 8732/2423/7746 8729/2421/7745
f 8729/2421/7745 8732/2423/7746 8731/2422/7746
f 8732/2423/7746 8730/2422/7746 8733/2424/7747
f 8734/2424/7747 8731/2422/7746 8732/2423/7746
f 8733/2424/7747 8735/2425/7747 8732/2423/7746
f 8732/2423/7746 8735/2425/7747 8734/2424/7747
f 8736/2426/7748 8737/1513/7749 8738/1511/7750
f 8739/1511/7751 8740/1513/7752 8736/2426/7748
f 8738/1511/7750 8741/2427/7753 8736/2426/7748
f 8736/2426/7748 8741/2427/7753 8739/1511/7751
f 8741/2427/7753 8738/1511/7750 8742/1509/7754
f 8743/1509/7755 8739/1511/7751 8741/2427/7753
f 8742/1509/7754 8744/2428/7756 8741/2427/7753
f 8741/2427/7753 8744/2428/7756 8743/1509/7755
f 8744/2428/7756 8742/1509/7754 8745/1507/7757
f 8746/1507/7758 8743/1509/7755 8744/2428/7756
f 8745/1507/7757 8747/2429/7759 8744/2428/7756
f 8744/2428/7756 8747/2429/7759 8746/1507/7758
f 8747/2429/7759 8745/1507/7757 8748/1506/7760
f 8749/1506/7761 8746/1507/7758 8747/2429/7759
f 8748/1506/7760 8750/2430/7762 8747/2429/7759
f 8747/2429/7759 8750/2430/7762 8749/1506/7761
f 8750/2430/7762 8748/1506/7760 8751/1504/7763
f 8752/1504/7764 8749/1506/7761 8750/2430/7762
f 8751/1504/7763 8753/2431/7765 8750/2430/7762
f 8750/2430/7762 8753/2431/7765 8752/1504/7764
f 8753/2431/7765 8751/1504/7763 8754/1502/7766
f 8755/1502/7767 8752/1504/7764 8753/2431/7765
f 8754/1502/7766 8756/2432/7768 8753/2431/7765
f 8753/2431/7765 8756/2432/7768 8755/1502/7767
f 8756/2432/7768 8754/1502/7766 8757/1500/7769
f 8758/1500/7770 8755/1502/7767 8756/2432/7768
f 8757/1500/7769 8759/2433/7771 8756/2432/7768
f 8756/2432/7768 8759/2433/7771 8758/1500/7770
f 8759/2433/7771 8757/1500/7769 8760/1498/7772
f 8761/1498/7773 8758/1500/7770 8759/2433/7771
f 8760/1498/7772 8762/2434/7774 8759/2433/7771
f 8759/2433/7771 8762/2434/7774 8761/1498/7773
f 8762/2434/7774 8760/1498/7772 8763/1497/7775
f 8764/1497/7776 8761/1498/7773 8762/2434/7774
f 8763/1497/7775 8765/2435/7777 8762/2434/7774
f 8762/2434/7774 8765/2435/7777 8764/1497/7776
f 8766/657/7778 8767/663/7779 8768/660/7780
f 8769/664/7781 8770/654/7782 8766/657/7778
f 8769/664/7781 8766/657/7778 8768/660/7780
f 8771/653/7783 8769/664/7781 8768/660/7780
f 8771/653/7783 8768/660/7780 8772/650/7784
f 8771/653/7783 8773/659/7785 8769/664/7781
f 8774/664/7786 8775/659/7787 8776/653/7788
f 8777/660/7789 8776/653/7788 8778/650/7790
f 8777/660/7789 8774/664/7786 8776/653/7788
f 8777/660/7789 8779/657/7791 8774/664/7786
f 8779/657/7791 8780/654/7792 8774/664/7786
f 8777/660/7789 8781/663/7793 8779/657/7791
f 8782/649/7794 8783/297/7795 8784/300/7796
f 8785/647/7797 8786/646/7798 8782/649/7794
f 8787/2436/7799 8782/649/7794 8784/300/7796
f 8788/2437/7800 8787/2436/7799 8784/300/7796
f 8789/2438/7801 8787/2436/7799 8788/2437/7800
f 8782/649/7794 8790/2439/7802 8785/647/7797
f 8790/2439/7802 8782/649/7794 8787/2436/7799
f 8791/648/7803 8785/647/7797 8790/2439/7802
f 8792/2440/7804 8787/2436/7799 8789/2438/7801
f 8787/2436/7799 8792/2440/7804 8790/2439/7802
f 8789/2438/7801 8793/2441/7805 8792/2440/7804
f 8794/2442/7806 8790/2439/7802 8792/2440/7804
f 8790/2439/7802 8794/2442/7806 8791/648/7803
f 8795/2443/7807 8792/2440/7804 8793/2441/7805
f 8792/2440/7804 8795/2443/7807 8794/2442/7806
f 8793/2441/7805 8796/2444/7808 8795/2443/7807
f 8797/2445/7809 8798/2446/7810 8791/648/7803
f 8799/2447/7811 8795/2443/7807 8796/2444/7808
f 8796/2444/7808 8800/2448/7812 8799/2447/7811
f 8791/648/7803 8801/2449/7813 8797/2445/7809
f 8801/2449/7813 8791/648/7803 8794/2442/7806
f 8802/2450/7814 8797/2445/7809 8801/2449/7813
f 8803/2451/7815 8794/2442/7806 8795/2443/7807
f 8794/2442/7806 8803/2451/7815 8801/2449/7813
f 8795/2443/7807 8799/2447/7811 8803/2451/7815
f 8801/2449/7813 8804/2452/7816 8802/2450/7814
f 8804/2452/7816 8801/2449/7813 8803/2451/7815
f 8805/2453/7817 8802/2450/7814 8804/2452/7816
f 8806/2454/7818 8803/2451/7815 8799/2447/7811
f 8803/2451/7815 8806/2454/7818 8804/2452/7816
f 8804/2452/7816 8807/2455/7819 8805/2453/7817
f 8807/2455/7819 8804/2452/7816 8806/2454/7818
f 8808/2456/7820 8805/2453/7817 8807/2455/7819
f 8799/2447/7811 8809/2457/7821 8806/2454/7818
f 8809/2457/7821 8799/2447/7811 8800/2448/7812
f 8800/2448/7812 8810/2458/7822 8809/2457/7821
f 8810/2458/7822 8811/2459/7823 8809/2457/7821
f 8811/2459/7823 8812/2460/7824 8809/2457/7821
f 8813/2461/7825 8806/2454/7818 8809/2457/7821
f 8812/2460/7824 8813/2461/7825 8809/2457/7821
f 8806/2454/7818 8813/2461/7825 8807/2455/7819
f 8813/2461/7825 8812/2460/7824 8814/2462/7826
f 8807/2455/7819 8815/2463/7827 8808/2456/7820
f 8815/2463/7827 8807/2455/7819 8813/2461/7825
f 8816/2464/7828 8808/2456/7820 8815/2463/7827
f 8814/2462/7826 8817/2465/7829 8813/2461/7825
f 8813/2461/7825 8817/2465/7829 8815/2463/7827
f 8815/2463/7827 8818/2466/7830 8816/2464/7828
f 8818/2466/7830 8815/2463/7827 8817/2465/7829
f 8819/2467/7831 8816/2464/7828 8818/2466/7830
f 8820/2468/7832 8817/2465/7829 8814/2462/7826
f 8817/2465/7829 8820/2468/7832 8818/2466/7830
f 8814/2462/7826 8821/2469/7833 8820/2468/7832
f 8818/2466/7830 8822/2470/7834 8819/2467/7831
f 8822/2470/7834 8818/2466/7830 8820/2468/7832
f 8823/2471/7835 8819/2467/7831 8822/2470/7834
f 8824/2472/7836 8820/2468/7832 8821/2469/7833
f 8822/2470/7834 8825/2473/7837 8823/2471/7835
f 8820/2468/7832 8826/2474/7838 8822/2470/7834
f 8825/2473/7837 8822/2470/7834 8826/2474/7838
f 8824/2472/7836 8826/2474/7838 8820/2468/7832
f 8826/2474/7838 8827/2475/7839 8825/2473/7837
f 8828/2476/7840 8825/2473/7837 8827/2475/7839
f 8824/2472/7836 8829/2477/7841 8826/2474/7838
f 8827/2475/7839 8826/2474/7838 8829/2477/7841
f 8824/2472/7836 8830/2478/7842 8831/2479/7843
f 8831/2479/7843 8829/2477/7841 8824/2472/7836
f 8832/2480/7844 8829/2477/7841 8831/2479/7843
f 8829/2477/7841 8832/2480/7844 8827/2475/7839
f 8831/2479/7843 8833/2481/7845 8832/2480/7844
f 8827/2475/7839 8834/2482/7846 8828/2476/7840
f 8834/2482/7846 8827/2475/7839 8832/2480/7844
f 8835/2483/7847 8828/2476/7840 8834/2482/7846
f 8836/2484/7848 8832/2480/7844 8833/2481/7845
f 8832/2480/7844 8836/2484/7848 8834/2482/7846
f 8833/2481/7845 8837/2485/7849 8836/2484/7848
f 8834/2482/7846 8838/2486/7850 8835/2483/7847
f 8838/2486/7850 8834/2482/7846 8836/2484/7848
f 8839/2487/7851 8835/2483/7847 8838/2486/7850
f 8840/2488/7852 8836/2484/7848 8837/2485/7849
f 8836/2484/7848 8840/2488/7852 8838/2486/7850
f 8837/2485/7849 8841/2489/7853 8840/2488/7852
f 8838/2486/7850 8842/2490/7854 8839/2487/7851
f 8842/2490/7854 8838/2486/7850 8840/2488/7852
f 8843/2491/7855 8839/2487/7851 8842/2490/7854
f 8844/2492/7856 8840/2488/7852 8841/2489/7853
f 8840/2488/7852 8844/2492/7856 8842/2490/7854
f 8841/2489/7853 8845/2493/7857 8844/2492/7856
f 8842/2490/7854 8846/2494/7858 8843/2491/7855
f 8846/2494/7858 8842/2490/7854 8844/2492/7856
f 8847/2495/7859 8843/2491/7855 8846/2494/7858
f 8848/2496/7860 8844/2492/7856 8845/2493/7857
f 8844/2492/7856 8848/2496/7860 8846/2494/7858
f 8845/2493/7857 8849/2497/7861 8848/2496/7860
f 8846/2494/7858 8850/2498/7862 8847/2495/7859
f 8850/2498/7862 8846/2494/7858 8848/2496/7860
f 8851/2499/7863 8847/2495/7859 8850/2498/7862
f 8852/2500/7864 8848/2496/7860 8849/2497/7861
f 8848/2496/7860 8852/2500/7864 8850/2498/7862
f 8849/2497/7861 8853/2501/7865 8852/2500/7864
f 8850/2498/7862 8854/2502/7866 8851/2499/7863
f 8854/2502/7866 8850/2498/7862 8852/2500/7864
f 8855/2503/7867 8852/2500/7864 8853/2501/7865
f 8852/2500/7864 8855/2503/7867 8854/2502/7866
f 8853/2501/7865 8856/2504/7868 8855/2503/7867
f 8855/2503/7867 8856/2504/7868 8857/2501/7869
f 8857/2501/7869 8858/2500/7870 8855/2503/7867
f 8854/2502/7866 8855/2503/7867 8858/2500/7870
f 8858/2500/7870 8857/2501/7869 8859/2497/7871
f 8851/2499/7863 8854/2502/7866 8860/2498/7872
f 8858/2500/7870 8860/2498/7872 8854/2502/7866
f 8860/2498/7872 8861/2495/7873 8851/2499/7863
f 8859/2497/7871 8862/2496/7874 8858/2500/7870
f 8860/2498/7872 8858/2500/7870 8862/2496/7874
f 8862/2496/7874 8859/2497/7871 8863/2493/7875
f 8861/2495/7873 8860/2498/7872 8864/2494/7876
f 8862/2496/7874 8864/2494/7876 8860/2498/7872
f 8864/2494/7876 8865/2491/7877 8861/2495/7873
f 8863/2493/7875 8866/2492/7878 8862/2496/7874
f 8864/2494/7876 8862/2496/7874 8866/2492/7878
f 8866/2492/7878 8863/2493/7875 8867/2489/7879
f 8865/2491/7877 8864/2494/7876 8868/2490/7880
f 8866/2492/7878 8868/2490/7880 8864/2494/7876
f 8868/2490/7880 8869/2487/7881 8865/2491/7877
f 8867/2489/7879 8870/2488/7882 8866/2492/7878
f 8868/2490/7880 8866/2492/7878 8870/2488/7882
f 8870/2488/7882 8867/2489/7879 8871/2485/7883
f 8869/2487/7881 8868/2490/7880 8872/2486/7884
f 8870/2488/7882 8872/2486/7884 8868/2490/7880
f 8872/2486/7884 8873/2483/7885 8869/2487/7881
f 8871/2485/7883 8874/2484/7886 8870/2488/7882
f 8872/2486/7884 8870/2488/7882 8874/2484/7886
f 8874/2484/7886 8871/2485/7883 8875/2481/7887
f 8873/2483/7885 8872/2486/7884 8876/2482/7888
f 8874/2484/7886 8876/2482/7888 8872/2486/7884
f 8876/2482/7888 8877/2476/7889 8873/2483/7885
f 8875/2481/7887 8878/2480/7890 8874/2484/7886
f 8876/2482/7888 8874/2484/7886 8878/2480/7890
f 8878/2480/7890 8875/2481/7887 8879/2479/7891
f 8877/2476/7889 8876/2482/7888 8880/2475/7892
f 8878/2480/7890 8880/2475/7892 8876/2482/7888
f 8880/2475/7892 8881/2473/7893 8877/2476/7889
f 8879/2479/7891 8882/2477/7894 8878/2480/7890
f 8880/2475/7892 8878/2480/7890 8882/2477/7894
f 8879/2479/7891 8883/2478/7895 8884/2472/7896
f 8884/2472/7896 8882/2477/7894 8879/2479/7891
f 8882/2477/7894 8885/2474/7897 8880/2475/7892
f 8885/2474/7897 8882/2477/7894 8884/2472/7896
f 8881/2473/7893 8880/2475/7892 8885/2474/7897
f 8886/2468/7898 8885/2474/7897 8884/2472/7896
f 8886/2468/7898 8884/2472/7896 8887/2469/7899
f 8885/2474/7897 8888/2470/7900 8881/2473/7893
f 8888/2470/7900 8885/2474/7897 8886/2468/7898
f 8889/2471/7901 8881/2473/7893 8888/2470/7900
f 8886/2468/7898 8887/2469/7899 8890/2462/7902
f 8888/2470/7900 8891/2467/7903 8889/2471/7901
f 8891/2467/7903 8888/2470/7900 8892/2466/7904
f 8886/2468/7898 8892/2466/7904 8888/2470/7900
f 8892/2466/7904 8893/2464/7905 8891/2467/7903
f 8890/2462/7902 8894/2465/7906 8886/2468/7898
f 8892/2466/7904 8886/2468/7898 8894/2465/7906
f 8893/2464/7905 8892/2466/7904 8895/2463/7907
f 8894/2465/7906 8895/2463/7907 8892/2466/7904
f 8895/2463/7907 8896/2456/7908 8893/2464/7905
f 8897/2461/7909 8894/2465/7906 8890/2462/7902
f 8895/2463/7907 8894/2465/7906 8897/2461/7909
f 8890/2462/7902 8898/2460/7910 8897/2461/7909
f 8896/2456/7908 8895/2463/7907 8899/2455/7911
f 8897/2461/7909 8899/2455/7911 8895/2463/7907
f 8899/2455/7911 8900/2453/7912 8896/2456/7908
f 8897/2461/7909 8898/2460/7910 8901/2457/7913
f 8898/2460/7910 8902/2459/7914 8901/2457/7913
f 8902/2459/7914 8903/2458/7915 8901/2457/7913
f 8901/2457/7913 8903/2458/7915 8904/2448/7916
f 8899/2455/7911 8897/2461/7909 8905/2454/7917
f 8905/2454/7917 8897/2461/7909 8901/2457/7913
f 8900/2453/7912 8899/2455/7911 8906/2452/7918
f 8905/2454/7917 8906/2452/7918 8899/2455/7911
f 8906/2452/7918 8907/2450/7919 8900/2453/7912
f 8904/2448/7916 8908/2447/7920 8901/2457/7913
f 8905/2454/7917 8901/2457/7913 8908/2447/7920
f 8908/2447/7920 8904/2448/7916 8909/2444/7921
f 8906/2452/7918 8905/2454/7917 8910/2451/7922
f 8908/2447/7920 8910/2451/7922 8905/2454/7917
f 8907/2450/7919 8906/2452/7918 8911/2449/7923
f 8910/2451/7922 8911/2449/7923 8906/2452/7918
f 8911/2449/7923 8912/2445/7924 8907/2450/7919
f 8909/2444/7921 8913/2443/7925 8908/2447/7920
f 8910/2451/7922 8908/2447/7920 8913/2443/7925
f 8913/2443/7925 8909/2444/7921 8914/2441/7926
f 8915/648/7927 8916/2446/7928 8912/2445/7924
f 8912/2445/7924 8911/2449/7923 8915/648/7927
f 8914/2441/7926 8917/2440/7929 8913/2443/7925
f 8917/2440/7929 8914/2441/7926 8918/2438/7930
f 8913/2443/7925 8919/2442/7931 8910/2451/7922
f 8911/2449/7923 8910/2451/7922 8919/2442/7931
f 8919/2442/7931 8913/2443/7925 8917/2440/7929
f 8919/2442/7931 8915/648/7927 8911/2449/7923
f 8918/2438/7930 8920/2436/7932 8917/2440/7929
f 8920/2436/7932 8918/2438/7930 8921/2437/7933
f 8920/2436/7932 8921/2437/7933 8922/300/7934
f 8917/2440/7929 8923/2439/7935 8919/2442/7931
f 8915/648/7927 8919/2442/7931 8923/2439/7935
f 8923/2439/7935 8917/2440/7929 8920/2436/7932
f 8923/2439/7935 8924/647/7936 8915/648/7927
f 8925/649/7937 8920/2436/7932 8922/300/7934
f 8920/2436/7932 8925/649/7937 8923/2439/7935
f 8924/647/7936 8923/2439/7935 8925/649/7937
f 8926/297/7938 8925/649/7937 8922/300/7934
f 8925/649/7937 8927/646/7939 8924/647/7936
f 8928/2505/7940 8929/340/7941 8930/339/7942
f 8928/2505/7940 8930/339/7942 8931/2506/7943
f 8930/339/7942 8932/1474/7944 8931/2506/7943
f 8931/2506/7943 8932/1474/7944 8933/343/7945
f 8931/2506/7943 8934/2507/7946 8928/2505/7940
f 8933/343/7945 8935/2508/7947 8931/2506/7943
f 8934/2507/7946 8931/2506/7943 8935/2508/7947
f 8935/2508/7947 8933/343/7945 8936/2509/7948
f 8936/2509/7948 8933/343/7945 8937/342/7949
f 8936/2509/7948 8938/2510/7950 8935/2508/7947
f 8937/342/7949 8939/2511/7951 8936/2509/7948
f 8940/2512/7952 8939/2511/7951 8937/342/7949
f 8941/2513/7953 8935/2508/7947 8938/2510/7950
f 8935/2508/7947 8941/2513/7953 8934/2507/7946
f 8938/2510/7950 8942/2514/7954 8941/2513/7953
f 8937/342/7949 8943/2515/7955 8940/2512/7952
f 8944/2516/7956 8940/2512/7952 8943/2515/7955
f 8943/2515/7955 8937/342/7949 8945/1475/7957
f 8946/2517/7958 8941/2513/7953 8942/2514/7954
f 8942/2514/7954 8947/2518/7959 8946/2517/7958
f 8948/2519/7960 8934/2507/7946 8941/2513/7953
f 8941/2513/7953 8946/2517/7958 8948/2519/7960
f 8934/2507/7946 8948/2519/7960 8928/2505/7940
f 8949/2520/7961 8946/2517/7958 8947/2518/7959
f 8947/2518/7959 8950/2521/7962 8949/2520/7961
f 8951/2522/7963 8948/2519/7960 8946/2517/7958
f 8948/2519/7960 8951/2522/7963 8928/2505/7940
f 8946/2517/7958 8949/2520/7961 8951/2522/7963
f 8951/2522/7963 8952/2523/7964 8928/2505/7940
f 8952/2523/7964 8951/2522/7963 8949/2520/7961
f 8953/341/7965 8928/2505/7940 8952/2523/7964
f 8954/2524/7966 8949/2520/7961 8950/2521/7962
f 8949/2520/7961 8954/2524/7966 8952/2523/7964
f 8950/2521/7962 8955/2525/7967 8954/2524/7966
f 8952/2523/7964 8956/2526/7968 8953/341/7965
f 8956/2526/7968 8952/2523/7964 8954/2524/7966
f 8956/2526/7968 8957/1473/7969 8953/341/7965
f 8958/2527/7970 8954/2524/7966 8955/2525/7967
f 8954/2524/7966 8958/2527/7970 8956/2526/7968
f 8957/1473/7969 8956/2526/7968 8958/2527/7970
f 8955/2525/7967 8959/2528/7971 8958/2527/7970
f 8958/2527/7970 8960/348/7972 8957/1473/7969
f 8960/348/7972 8958/2527/7970 8959/2528/7971
f 8959/2528/7971 8961/2529/7973 8960/348/7972
f 8960/348/7972 8961/2529/7973 8962/2530/7974
f 8962/2530/7974 8963/349/7975 8960/348/7972
f 8964/2531/7976 8963/349/7975 8962/2530/7974
f 8962/2530/7974 8965/2532/7977 8964/2531/7976
f 8963/349/7975 8964/2531/7976 8966/2533/7978
f 8966/2533/7978 8967/1477/7979 8963/349/7975
f 8967/1477/7979 8966/2533/7978 8968/345/7980
f 8969/2534/7981 8964/2531/7976 8965/2532/7977
f 8965/2532/7977 8970/2535/7982 8969/2534/7981
f 8971/2536/7983 8966/2533/7978 8964/2531/7976
f 8966/2533/7978 8971/2536/7983 8968/345/7980
f 8964/2531/7976 8969/2534/7981 8971/2536/7983
f 8972/2537/7984 8973/346/7985 8968/345/7980
f 8972/2537/7984 8968/345/7980 8971/2536/7983
f 8974/2538/7986 8971/2536/7983 8969/2534/7981
f 8971/2536/7983 8974/2538/7986 8972/2537/7984
f 8975/2539/7987 8969/2534/7981 8970/2535/7982
f 8969/2534/7981 8975/2539/7987 8974/2538/7986
f 8970/2535/7982 8976/2540/7988 8975/2539/7987
f 8974/2538/7986 8977/2541/7989 8972/2537/7984
f 8977/2541/7989 8974/2538/7986 8975/2539/7987
f 8978/1476/7990 8972/2537/7984 8977/2541/7989
f 8979/2542/7991 8975/2539/7987 8976/2540/7988
f 8975/2539/7987 8979/2542/7991 8977/2541/7989
f 8976/2540/7988 8980/2543/7992 8979/2542/7991
f 8977/2541/7989 8981/2544/7993 8978/1476/7990
f 8981/2544/7993 8977/2541/7989 8979/2542/7991
f 8982/2545/7994 8979/2542/7991 8980/2543/7992
f 8979/2542/7991 8982/2545/7994 8981/2544/7993
f 8980/2543/7992 8944/2516/7956 8982/2545/7994
f 8943/2515/7955 8982/2545/7994 8944/2516/7956
f 8978/1476/7990 8981/2544/7993 8983/2546/7995
f 8983/2546/7995 8981/2544/7993 8982/2545/7994
f 8982/2545/7994 8943/2515/7955 8983/2546/7995
f 8983/2546/7995 8945/1475/7957 8978/1476/7990
f 8945/1475/7957 8983/2546/7995 8943/2515/7955
f 8984/2505/7996 8985/340/7997 8986/339/7998
f 8984/2505/7996 8986/339/7998 8987/2506/7999
f 8986/339/7998 8988/1474/8000 8987/2506/7999
f 8987/2506/7999 8988/1474/8000 8989/343/8001
f 8987/2506/7999 8990/2507/8002 8984/2505/7996
f 8989/343/8001 8991/2508/8003 8987/2506/7999
f 8990/2507/8002 8987/2506/7999 8991/2508/8003
f 8991/2508/8003 8989/343/8001 8992/2509/8004
f 8992/2509/8004 8989/343/8001 8993/342/8005
f 8992/2509/8004 8994/2510/8006 8991/2508/8003
f 8993/342/8005 8995/2511/8007 8992/2509/8004
f 8996/2512/8008 8995/2511/8007 8993/342/8005
f 8997/2513/8009 8991/2508/8003 8994/2510/8006
f 8991/2508/8003 8997/2513/8009 8990/2507/8002
f 8994/2510/8006 8998/2514/8010 8997/2513/8009
f 8993/342/8005 8999/2515/8011 8996/2512/8008
f 9000/2516/8012 8996/2512/8008 8999/2515/8011
f 8999/2515/8011 8993/342/8005 9001/1475/8013
f 9002/2517/8014 8997/2513/8009 8998/2514/8010
f 8998/2514/8010 9003/2518/8015 9002/2517/8014
f 9004/2519/8016 8990/2507/8002 8997/2513/8009
f 8997/2513/8009 9002/2517/8014 9004/2519/8016
f 8990/2507/8002 9004/2519/8016 8984/2505/7996
f 9005/2520/8017 9002/2517/8014 9003/2518/8015
f 9003/2518/8015 9006/2521/8018 9005/2520/8017
f 9007/2522/8019 9004/2519/8016 9002/2517/8014
f 9004/2519/8016 9007/2522/8019 8984/2505/7996
f 9002/2517/8014 9005/2520/8017 9007/2522/8019
f 9007/2522/8019 9008/2523/8020 8984/2505/7996
f 9008/2523/8020 9007/2522/8019 9005/2520/8017
f 9009/341/8021 8984/2505/7996 9008/2523/8020
f 9010/2524/8022 9005/2520/8017 9006/2521/8018
f 9005/2520/8017 9010/2524/8022 9008/2523/8020
f 9006/2521/8018 9011/2525/8023 9010/2524/8022
f 9008/2523/8020 9012/2526/8024 9009/341/8021
f 9012/2526/8024 9008/2523/8020 9010/2524/8022
f 9012/2526/8024 9013/1473/8025 9009/341/8021
f 9014/2527/8026 9010/2524/8022 9011/2525/8023
f 9010/2524/8022 9014/2527/8026 9012/2526/8024
f 9013/1473/8025 9012/2526/8024 9014/2527/8026
f 9011/2525/8023 9015/2528/8027 9014/2527/8026
f 9014/2527/8026 9016/348/8028 9013/1473/8025
f 9016/348/8028 9014/2527/8026 9015/2528/8027
f 9015/2528/8027 9017/2529/8029 9016/348/8028
f 9016/348/8028 9017/2529/8029 9018/2530/8030
f 9018/2530/8030 9019/349/8031 9016/348/8028
f 9020/2531/8032 9019/349/8031 9018/2530/8030
f 9018/2530/8030 9021/2532/8033 9020/2531/8032
f 9019/349/8031 9020/2531/8032 9022/2533/8034
f 9022/2533/8034 9023/1477/8035 9019/349/8031
f 9023/1477/8035 9022/2533/8034 9024/345/8036
f 9025/2534/8037 9020/2531/8032 9021/2532/8033
f 9021/2532/8033 9026/2535/8038 9025/2534/8037
f 9027/2536/8039 9022/2533/8034 9020/2531/8032
f 9022/2533/8034 9027/2536/8039 9024/345/8036
f 9020/2531/8032 9025/2534/8037 9027/2536/8039
f 9028/2537/8040 9029/346/8041 9024/345/8036
f 9028/2537/8040 9024/345/8036 9027/2536/8039
f 9030/2538/8042 9027/2536/8039 9025/2534/8037
f 9027/2536/8039 9030/2538/8042 9028/2537/8040
f 9031/2539/8043 9025/2534/8037 9026/2535/8038
f 9025/2534/8037 9031/2539/8043 9030/2538/8042
f 9026/2535/8038 9032/2540/8044 9031/2539/8043
f 9030/2538/8042 9033/2541/8045 9028/2537/8040
f 9033/2541/8045 9030/2538/8042 9031/2539/8043
f 9034/1476/8046 9028/2537/8040 9033/2541/8045
f 9035/2542/8047 9031/2539/8043 9032/2540/8044
f 9031/2539/8043 9035/2542/8047 9033/2541/8045
f 9032/2540/8044 9036/2543/8048 9035/2542/8047
f 9033/2541/8045 9037/2544/8049 9034/1476/8046
f 9037/2544/8049 9033/2541/8045 9035/2542/8047
f 9038/2545/8050 9035/2542/8047 9036/2543/8048
f 9035/2542/8047 9038/2545/8050 9037/2544/8049
f 9036/2543/8048 9000/2516/8012 9038/2545/8050
f 8999/2515/8011 9038/2545/8050 9000/2516/8012
f 9034/1476/8046 9037/2544/8049 9039/2546/8051
f 9039/2546/8051 9037/2544/8049 9038/2545/8050
f 9038/2545/8050 8999/2515/8011 9039/2546/8051
f 9039/2546/8051 9001/1475/8013 9034/1476/8046
f 9001/1475/8013 9039/2546/8051 8999/2515/8011
f 9040/340/8052 9041/2505/8053 9042/339/8054
f 9043/2506/8055 9042/339/8054 9041/2505/8053
f 9044/1474/8056 9042/339/8054 9043/2506/8055
f 9045/343/8057 9044/1474/8056 9043/2506/8055
f 9041/2505/8053 9046/2507/8058 9043/2506/8055
f 9043/2506/8055 9047/2508/8059 9045/343/8057
f 9047/2508/8059 9043/2506/8055 9046/2507/8058
f 9048/2509/8060 9045/343/8057 9047/2508/8059
f 9049/342/8061 9045/343/8057 9048/2509/8060
f 9047/2508/8059 9050/2510/8062 9048/2509/8060
f 9048/2509/8060 9051/2511/8063 9049/342/8061
f 9049/342/8061 9051/2511/8063 9052/2512/8064
f 9050/2510/8062 9047/2508/8059 9053/2513/8065
f 9046/2507/8058 9053/2513/8065 9047/2508/8059
f 9053/2513/8065 9054/2514/8066 9050/2510/8062
f 9052/2512/8064 9055/2515/8067 9049/342/8061
f 9056/1475/8068 9049/342/8061 9055/2515/8067
f 9055/2515/8067 9052/2512/8064 9057/2516/8069
f 9055/2515/8067 9058/2546/8070 9056/1475/8068
f 9056/1475/8068 9058/2546/8070 9059/1476/8071
f 9057/2516/8069 9060/2545/8072 9055/2515/8067
f 9058/2546/8070 9055/2515/8067 9060/2545/8072
f 9060/2545/8072 9057/2516/8069 9061/2543/8073
f 9062/2544/8074 9059/1476/8071 9058/2546/8070
f 9060/2545/8072 9062/2544/8074 9058/2546/8070
f 9061/2543/8073 9063/2542/8075 9060/2545/8072
f 9062/2544/8074 9060/2545/8072 9063/2542/8075
f 9063/2542/8075 9061/2543/8073 9064/2540/8076
f 9059/1476/8071 9062/2544/8074 9065/2541/8077
f 9063/2542/8075 9065/2541/8077 9062/2544/8074
f 9065/2541/8077 9066/2537/8078 9059/1476/8071
f 9064/2540/8076 9067/2539/8079 9063/2542/8075
f 9065/2541/8077 9063/2542/8075 9067/2539/8079
f 9067/2539/8079 9064/2540/8076 9068/2535/8080
f 9067/2539/8079 9069/2538/8081 9065/2541/8077
f 9065/2541/8077 9069/2538/8081 9066/2537/8078
f 9068/2535/8080 9070/2534/8082 9067/2539/8079
f 9069/2538/8081 9067/2539/8079 9070/2534/8082
f 9070/2534/8082 9068/2535/8080 9071/2532/8083
f 9066/2537/8078 9069/2538/8081 9072/2536/8084
f 9070/2534/8082 9072/2536/8084 9069/2538/8081
f 9073/346/8085 9066/2537/8078 9074/345/8086
f 9072/2536/8084 9074/345/8086 9066/2537/8078
f 9071/2532/8083 9075/2531/8087 9070/2534/8082
f 9072/2536/8084 9070/2534/8082 9075/2531/8087
f 9075/2531/8087 9071/2532/8083 9076/2530/8088
f 9072/2536/8084 9077/2533/8089 9074/345/8086
f 9075/2531/8087 9077/2533/8089 9072/2536/8084
f 9077/2533/8089 9078/1477/8090 9074/345/8086
f 9079/349/8091 9078/1477/8090 9077/2533/8089
f 9077/2533/8089 9075/2531/8087 9079/349/8091
f 9076/2530/8088 9079/349/8091 9075/2531/8087
f 9080/348/8092 9079/349/8091 9076/2530/8088
f 9076/2530/8088 9081/2529/8093 9080/348/8092
f 9080/348/8092 9081/2529/8093 9082/2528/8094
f 9082/2528/8094 9083/2527/8095 9080/348/8092
f 9084/1473/8096 9080/348/8092 9083/2527/8095
f 9083/2527/8095 9082/2528/8094 9085/2525/8097
f 9083/2527/8095 9086/2526/8098 9084/1473/8096
f 9084/1473/8096 9086/2526/8098 9087/341/8099
f 9085/2525/8097 9088/2524/8100 9083/2527/8095
f 9086/2526/8098 9083/2527/8095 9088/2524/8100
f 9088/2524/8100 9085/2525/8097 9089/2521/8101
f 9087/341/8099 9086/2526/8098 9090/2523/8102
f 9088/2524/8100 9090/2523/8102 9086/2526/8098
f 9090/2523/8102 9041/2505/8053 9087/341/8099
f 9089/2521/8101 9091/2520/8103 9088/2524/8100
f 9090/2523/8102 9088/2524/8100 9091/2520/8103
f 9091/2520/8103 9089/2521/8101 9092/2518/8104
f 9090/2523/8102 9093/2522/8105 9041/2505/8053
f 9091/2520/8103 9093/2522/8105 9090/2523/8102
f 9092/2518/8104 9094/2517/8106 9091/2520/8103
f 9093/2522/8105 9091/2520/8103 9094/2517/8106
f 9094/2517/8106 9092/2518/8104 9054/2514/8066
f 9054/2514/8066 9053/2513/8065 9094/2517/8106
f 9093/2522/8105 9095/2519/8107 9041/2505/8053
f 9094/2517/8106 9095/2519/8107 9093/2522/8105
f 9095/2519/8107 9094/2517/8106 9053/2513/8065
f 9095/2519/8107 9046/2507/8058 9041/2505/8053
f 9053/2513/8065 9046/2507/8058 9095/2519/8107
f 9096/340/8108 9097/2505/8109 9098/339/8110
f 9099/2506/8111 9098/339/8110 9097/2505/8109
f 9100/1474/8112 9098/339/8110 9099/2506/8111
f 9101/343/8113 9100/1474/8112 9099/2506/8111
f 9097/2505/8109 9102/2507/8114 9099/2506/8111
f 9099/2506/8111 9103/2508/8115 9101/343/8113
f 9103/2508/8115 9099/2506/8111 9102/2507/8114
f 9104/2509/8116 9101/343/8113 9103/2508/8115
f 9105/342/8117 9101/343/8113 9104/2509/8116
f 9103/2508/8115 9106/2510/8118 9104/2509/8116
f 9104/2509/8116 9107/2511/8119 9105/342/8117
f 9105/342/8117 9107/2511/8119 9108/2512/8120
f 9106/2510/8118 9103/2508/8115 9109/2513/8121
f 9102/2507/8114 9109/2513/8121 9103/2508/8115
f 9109/2513/8121 9110/2514/8122 9106/2510/8118
f 9108/2512/8120 9111/2515/8123 9105/342/8117
f 9112/1475/8124 9105/342/8117 9111/2515/8123
f 9111/2515/8123 9108/2512/8120 9113/2516/8125
f 9111/2515/8123 9114/2546/8126 9112/1475/8124
f 9112/1475/8124 9114/2546/8126 9115/1476/8127
f 9113/2516/8125 9116/2545/8128 9111/2515/8123
f 9114/2546/8126 9111/2515/8123 9116/2545/8128
f 9116/2545/8128 9113/2516/8125 9117/2543/8129
f 9118/2544/8130 9115/1476/8127 9114/2546/8126
f 9116/2545/8128 9118/2544/8130 9114/2546/8126
f 9117/2543/8129 9119/2542/8131 9116/2545/8128
f 9118/2544/8130 9116/2545/8128 9119/2542/8131
f 9119/2542/8131 9117/2543/8129 9120/2540/8132
f 9115/1476/8127 9118/2544/8130 9121/2541/8133
f 9119/2542/8131 9121/2541/8133 9118/2544/8130
f 9121/2541/8133 9122/2537/8134 9115/1476/8127
f 9120/2540/8132 9123/2539/8135 9119/2542/8131
f 9121/2541/8133 9119/2542/8131 9123/2539/8135
f 9123/2539/8135 9120/2540/8132 9124/2535/8136
f 9123/2539/8135 9125/2538/8137 9121/2541/8133
f 9121/2541/8133 9125/2538/8137 9122/2537/8134
f 9124/2535/8136 9126/2534/8138 9123/2539/8135
f 9125/2538/8137 9123/2539/8135 9126/2534/8138
f 9126/2534/8138 9124/2535/8136 9127/2532/8139
f 9122/2537/8134 9125/2538/8137 9128/2536/8140
f 9126/2534/8138 9128/2536/8140 9125/2538/8137
f 9129/346/8141 9122/2537/8134 9130/345/8142
f 9128/2536/8140 9130/345/8142 9122/2537/8134
f 9127/2532/8139 9131/2531/8143 9126/2534/8138
f 9128/2536/8140 9126/2534/8138 9131/2531/8143
f 9131/2531/8143 9127/2532/8139 9132/2530/8144
f 9128/2536/8140 9133/2533/8145 9130/345/8142
f 9131/2531/8143 9133/2533/8145 9128/2536/8140
f 9133/2533/8145 9134/1477/8146 9130/345/8142
f 9135/349/8147 9134/1477/8146 9133/2533/8145
f 9133/2533/8145 9131/2531/8143 9135/349/8147
f 9132/2530/8144 9135/349/8147 9131/2531/8143
f 9136/348/8148 9135/349/8147 9132/2530/8144
f 9132/2530/8144 9137/2529/8149 9136/348/8148
f 9136/348/8148 9137/2529/8149 9138/2528/8150
f 9138/2528/8150 9139/2527/8151 9136/348/8148
f 9140/1473/8152 9136/348/8148 9139/2527/8151
f 9139/2527/8151 9138/2528/8150 9141/2525/8153
f 9139/2527/8151 9142/2526/8154 9140/1473/8152
f 9140/1473/8152 9142/2526/8154 9143/341/8155
f 9141/2525/8153 9144/2524/8156 9139/2527/8151
f 9142/2526/8154 9139/2527/8151 9144/2524/8156
f 9144/2524/8156 9141/2525/8153 9145/2521/8157
f 9143/341/8155 9142/2526/8154 9146/2523/8158
f 9144/2524/8156 9146/2523/8158 9142/2526/8154
f 9146/2523/8158 9097/2505/8109 9143/341/8155
f 9145/2521/8157 9147/2520/8159 9144/2524/8156
f 9146/2523/8158 9144/2524/8156 9147/2520/8159
f 9147/2520/8159 9145/2521/8157 9148/2518/8160
f 9146/2523/8158 9149/2522/8161 9097/2505/8109
f 9147/2520/8159 9149/2522/8161 9146/2523/8158
f 9148/2518/8160 9150/2517/8162 9147/2520/8159
f 9149/2522/8161 9147/2520/8159 9150/2517/8162
f 9150/2517/8162 9148/2518/8160 9110/2514/8122
f 9110/2514/8122 9109/2513/8121 9150/2517/8162
f 9149/2522/8161 9151/2519/8163 9097/2505/8109
f 9150/2517/8162 9151/2519/8163 9149/2522/8161
f 9151/2519/8163 9150/2517/8162 9109/2513/8121
f 9151/2519/8163 9102/2507/8114 9097/2505/8109
f 9109/2513/8121 9102/2507/8114 9151/2519/8163
f 9152/2547/8164 9153/2548/8165 9154/2549/8166
f 9154/2549/8166 9155/2548/8167 9156/2547/8168
f 9154/2549/8166 9157/2550/8169 9152/2547/8164
f 9156/2547/8168 9157/2550/8169 9154/2549/8166
f 9158/2551/8170 9152/2547/8164 9157/2550/8169
f 9157/2550/8169 9159/2552/8171 9158/2551/8170
f 9152/2547/8164 9158/2551/8170 9160/2553/8172
f 9161/2551/8173 9159/2552/8171 9157/2550/8169
f 9157/2550/8169 9156/2547/8168 9161/2551/8173
f 9160/2553/8172 9162/2554/8174 9152/2547/8164
f 9163/2553/8175 9161/2551/8173 9156/2547/8168
f 9156/2547/8168 9164/2554/8176 9163/2553/8175
f 9165/2555/8177 9162/2554/8174 9160/2553/8172
f 9163/2553/8175 9164/2554/8176 9165/2555/8177
f 9160/2553/8172 9166/2556/8178 9165/2555/8177
f 9165/2555/8177 9166/2556/8178 9163/2553/8175
f 9165/2555/8177 9164/2554/8176 9167/2557/8179
f 9167/2557/8179 9164/2554/8176 9168/2558/8180
f 9167/2557/8179 9169/2559/8181 9165/2555/8177
f 9168/2558/8180 9170/2560/8182 9167/2557/8179
f 9165/2555/8177 9169/2559/8181 9171/2557/8183
f 9171/2557/8183 9162/2554/8174 9165/2555/8177
f 9172/2561/8184 9170/2560/8182 9168/2558/8180
f 9173/2558/8185 9162/2554/8174 9171/2557/8183
f 9168/2558/8180 9174/2562/8186 9172/2561/8184
f 9171/2557/8183 9175/2560/8187 9173/2558/8185
f 9172/2561/8184 9174/2562/8186 9176/2563/8188
f 9173/2558/8185 9175/2560/8187 9177/2561/8189
f 9176/2563/8188 9178/2564/8190 9172/2561/8184
f 9177/2561/8189 9178/2564/8190 9176/2563/8188
f 9177/2561/8189 9179/2562/8191 9173/2558/8185
f 9176/2563/8188 9179/2562/8191 9177/2561/8189
f 9180/13/8192 9181/14/8193 9182/15/8194
f 9182/15/8194 9181/14/8193 9183/11/8195
f 9180/13/8192 9182/15/8194 9184/14/8196
f 9183/11/8195 9185/10/8197 9182/15/8194
f 9184/14/8196 9182/15/8194 9185/10/8197
f 9185/10/8197 9183/11/8195 9186/2565/8198
f 9185/10/8197 9187/11/8199 9184/14/8196
f 9185/10/8197 9186/2565/8198 9187/11/8199
f 9188/2566/8200 9189/2567/8201 9190/2568/8202
f 9191/2569/8203 9188/2566/8200 9190/2568/8202
f 9190/2568/8202 9189/2567/8201 9192/2570/8204
f 9190/2568/8202 9193/2571/8205 9191/2569/8203
f 9192/2570/8204 9194/2572/8204 9190/2568/8202
f 9195/2573/8206 9191/2569/8203 9193/2571/8205
f 9196/2568/8207 9194/2572/8204 9192/2570/8204
f 9193/2571/8205 9197/2574/8208 9195/2573/8206
f 9192/2570/8204 9198/2567/8209 9196/2568/8207
f 9199/2575/8210 9195/2573/8206 9197/2574/8208
f 9198/2567/8209 9200/2566/8211 9196/2568/8207
f 9197/2574/8208 9201/2576/8212 9199/2575/8210
f 9196/2568/8207 9200/2566/8211 9202/2569/8213
f 9199/2575/8210 9201/2576/8212 9203/2577/8214
f 9202/2569/8213 9204/2571/8215 9196/2568/8207
f 9203/2577/8214 9205/2578/8216 9199/2575/8210
f 9204/2571/8215 9202/2569/8213 9206/2573/8217
f 9207/2579/8218 9205/2578/8216 9203/2577/8214
f 9206/2573/8217 9208/2574/8219 9204/2571/8215
f 9203/2577/8214 9209/2580/8220 9207/2579/8218
f 9208/2574/8219 9206/2573/8217 9210/2575/8221
f 9207/2579/8218 9209/2580/8220 9211/2577/8222
f 9210/2575/8221 9212/2576/8223 9208/2574/8219
f 9211/2577/8222 9212/2576/8223 9210/2575/8221
f 9211/2577/8222 9213/2578/8224 9207/2579/8218
f 9210/2575/8221 9213/2578/8224 9211/2577/8222
f 9214/14/8225 9215/13/8226 9216/15/8227
f 9216/15/8227 9215/13/8226 9217/14/8228
f 9218/11/8229 9214/14/8225 9216/15/8227
f 9219/10/8230 9216/15/8227 9217/14/8228
f 9216/15/8227 9219/10/8230 9218/11/8229
f 9217/14/8228 9220/11/8231 9219/10/8230
f 9218/11/8229 9219/10/8230 9221/2565/8232
f 9221/2565/8232 9219/10/8230 9220/11/8231
f 9222/585/8233 9223/700/8234 9224/2581/8235
f 9224/2581/8235 9223/700/8234 9225/701/8236
f 9224/2581/8235 9226/1743/8237 9222/585/8233
f 9225/701/8236 9227/2582/8238 9224/2581/8235
f 9227/2582/8238 9225/701/8236 9228/703/8239
f 9228/703/8239 9229/2583/8240 9227/2582/8238
f 9226/1743/8237 9224/2581/8235 9230/2584/8241
f 9230/2584/8241 9224/2581/8235 9227/2582/8238
f 9230/2584/8241 9231/1744/8242 9226/1743/8237
f 9232/2585/8243 9227/2582/8238 9229/2583/8240
f 9227/2582/8238 9232/2585/8243 9230/2584/8241
f 9229/2583/8240 9233/2586/8244 9232/2585/8243
f 9231/1744/8242 9230/2584/8241 9234/2587/8245
f 9234/2587/8245 9230/2584/8241 9232/2585/8243
f 9234/2587/8245 9235/1745/8246 9231/1744/8242
f 9236/1744/8247 9235/1745/8246 9234/2587/8245
f 9237/2588/8248 9232/2585/8243 9233/2586/8244
f 9232/2585/8243 9237/2588/8248 9234/2587/8245
f 9233/2586/8244 9238/2589/8249 9237/2588/8248
f 9237/2588/8248 9238/2589/8249 9239/2586/8250
f 9239/2586/8250 9240/2585/8251 9237/2588/8248
f 9234/2587/8245 9237/2588/8248 9240/2585/8251
f 9240/2585/8251 9239/2586/8250 9241/2583/8252
f 9234/2587/8245 9242/2584/8253 9236/1744/8247
f 9240/2585/8251 9242/2584/8253 9234/2587/8245
f 9243/1743/8254 9236/1744/8247 9242/2584/8253
f 9241/2583/8252 9244/2582/8255 9240/2585/8251
f 9242/2584/8253 9240/2585/8251 9244/2582/8255
f 9244/2582/8255 9241/2583/8252 9245/703/8256
f 9245/703/8256 9246/701/8257 9244/2582/8255
f 9242/2584/8253 9247/2581/8258 9243/1743/8254
f 9244/2582/8255 9247/2581/8258 9242/2584/8253
f 9247/2581/8258 9244/2582/8255 9246/701/8257
f 9248/585/8259 9243/1743/8254 9247/2581/8258
f 9246/701/8257 9249/700/8260 9247/2581/8258
f 9247/2581/8258 9249/700/8260 9248/585/8259
f 9250/1246/8261 9251/1244/8262 9252/2590/8263
f 9253/1244/8264 9250/1246/8261 9252/2590/8263
f 9252/2590/8263 9251/1244/8262 9254/1242/8265
f 9255/1242/8266 9253/1244/8264 9252/2590/8263
f 9256/2591/8267 9252/2590/8263 9254/1242/8265
f 9255/1242/8266 9252/2590/8263 9256/2591/8267
f 9256/2591/8267 9254/1242/8265 9257/2592/8268
f 9254/1242/8265 9258/1240/8269 9257/2592/8268
f 9258/1240/8269 9259/1238/8270 9257/2592/8268
f 9255/1242/8266 9256/2591/8267 9260/2592/8271
f 9261/1240/8272 9255/1242/8266 9260/2592/8271
f 9262/1238/8273 9261/1240/8272 9260/2592/8271
f 9256/2591/8267 9257/2592/8268 9263/2593/8274
f 9260/2592/8271 9256/2591/8267 9263/2593/8274
f 9264/2594/8275 9257/2592/8268 9259/1238/8270
f 9263/2593/8274 9257/2592/8268 9264/2594/8275
f 9259/1238/8270 9265/1236/8276 9264/2594/8275
f 9265/1236/8276 9266/1234/8277 9264/2594/8275
f 9264/2594/8275 9266/1234/8277 9267/1232/8278
f 9264/2594/8275 9267/1232/8278 9268/1230/8279
f 9262/1238/8273 9260/2592/8271 9269/2594/8280
f 9269/2594/8280 9260/2592/8271 9263/2593/8274
f 9269/2594/8280 9270/1236/8281 9262/1238/8273
f 9271/1234/8282 9270/1236/8281 9269/2594/8280
f 9271/1234/8282 9269/2594/8280 9272/1232/8283
f 9273/1230/8284 9272/1232/8283 9269/2594/8280
f 9263/2593/8274 9274/2595/8285 9269/2594/8280
f 9264/2594/8275 9274/2595/8285 9263/2593/8274
f 9269/2594/8280 9275/2596/8286 9273/1230/8284
f 9275/2596/8286 9269/2594/8280 9274/2595/8285
f 9273/1230/8284 9275/2596/8286 9276/1228/8287
f 9276/1228/8287 9275/2596/8286 9277/1226/8288
f 9274/2595/8285 9264/2594/8275 9278/2596/8289
f 9268/1230/8279 9278/2596/8289 9264/2594/8275
f 9278/2596/8289 9268/1230/8279 9279/1228/8290
f 9278/2596/8289 9279/1228/8290 9280/1226/8291
f 9274/2595/8285 9281/2597/8292 9275/2596/8286
f 9278/2596/8289 9281/2597/8292 9274/2595/8285
f 9275/2596/8286 9281/2597/8292 9282/2598/8293
f 9282/2598/8293 9281/2597/8292 9278/2596/8289
f 9277/1226/8288 9275/2596/8286 9283/2599/8294
f 9282/2598/8293 9283/2599/8294 9275/2596/8286
f 9283/2599/8294 9284/1224/8295 9277/1226/8288
f 9284/1224/8295 9283/2599/8294 9285/1221/8296
f 9283/2599/8294 9286/1220/8297 9285/1221/8296
f 9287/2599/8298 9278/2596/8289 9280/1226/8291
f 9278/2596/8289 9287/2599/8298 9282/2598/8293
f 9280/1226/8291 9288/1224/8299 9287/2599/8298
f 9287/2599/8298 9288/1224/8299 9289/1221/8300
f 9290/1220/8301 9287/2599/8298 9289/1221/8300
f 9282/2598/8293 9287/2599/8298 9291/2600/8302
f 9283/2599/8294 9282/2598/8293 9291/2600/8302
f 9292/2601/8303 9287/2599/8298 9290/1220/8301
f 9292/2601/8303 9291/2600/8302 9287/2599/8298
f 9283/2599/8294 9291/2600/8302 9292/2601/8303
f 9286/1220/8297 9283/2599/8294 9292/2601/8303
f 9292/2601/8303 9290/1220/8301 9293/1218/8304
f 9286/1220/8297 9292/2601/8303 9294/1218/8305
f 9295/2602/8306 9292/2601/8303 9293/1218/8304
f 9294/1218/8305 9292/2601/8303 9295/2602/8306
f 9295/2602/8306 9293/1218/8304 9296/2603/8307
f 9293/1218/8304 9297/1216/8308 9296/2603/8307
f 9298/1214/8309 9296/2603/8307 9297/1216/8308
f 9299/1213/8310 9296/2603/8307 9298/1214/8309
f 9294/1218/8305 9295/2602/8306 9300/2603/8311
f 9301/1216/8312 9294/1218/8305 9300/2603/8311
f 9300/2603/8311 9302/1214/8313 9301/1216/8312
f 9300/2603/8311 9303/1213/8314 9302/1214/8313
f 9304/2604/8315 9295/2602/8306 9296/2603/8307
f 9300/2603/8311 9295/2602/8306 9304/2604/8315
f 9299/1213/8310 9305/2605/8316 9296/2603/8307
f 9296/2603/8307 9305/2605/8316 9304/2604/8315
f 9299/1213/8310 9306/2606/8317 9305/2605/8316
f 9300/2603/8311 9307/2605/8318 9303/1213/8314
f 9304/2604/8315 9307/2605/8318 9300/2603/8311
f 9307/2605/8318 9308/2606/8319 9303/1213/8314
f 9304/2604/8315 9305/2605/8316 9309/2607/8320
f 9307/2605/8318 9304/2604/8315 9309/2607/8320
f 9309/2607/8320 9305/2605/8316 9306/2606/8317
f 9308/2606/8319 9307/2605/8318 9309/2607/8320
f 9306/2606/8317 9310/2608/8321 9309/2607/8320
f 9309/2607/8320 9310/2608/8321 9308/2606/8319
f 9311/2609/8322 9312/2610/8323 9313/2611/8324
f 9314/2612/8325 9313/2611/8324 9312/2610/8323
f 9315/2613/8326 9312/2610/8323 9311/2609/8322
f 9312/2610/8323 9316/2614/8327 9314/2612/8325
f 9311/2609/8322 9317/2615/8328 9315/2613/8326
f 9314/2612/8325 9316/2614/8327 9318/2616/8329
f 9319/2617/8330 9315/2613/8326 9317/2615/8328
f 9320/2618/8331 9318/2616/8329 9316/2614/8327
f 9317/2615/8328 9321/2619/8332 9319/2617/8330
f 9316/2614/8327 9322/2620/8333 9320/2618/8331
f 9323/2621/8334 9319/2617/8330 9321/2619/8332
f 9324/2622/8335 9320/2618/8331 9322/2620/8333
f 9321/2619/8332 9325/2623/8336 9323/2621/8334
f 9322/2620/8333 9326/2624/8337 9324/2622/8335
f 9327/2625/8338 9323/2621/8334 9325/2623/8336
f 9328/2626/8339 9324/2622/8335 9326/2624/8337
f 9325/2623/8336 9329/2627/8340 9327/2625/8338
f 9326/2624/8337 9330/2628/8341 9328/2626/8339
f 9331/2629/8342 9327/2625/8338 9329/2627/8340
f 9332/2630/8343 9328/2626/8339 9330/2628/8341
f 9333/2631/8344 9327/2625/8338 9331/2629/8342
f 9330/2628/8341 9333/2631/8344 9332/2630/8343
f 9331/2629/8342 9334/2632/8345 9333/2631/8344
f 9333/2631/8344 9334/2632/8345 9332/2630/8343
f 9335/2610/8346 9336/2609/8347 9337/2611/8348
f 9335/2610/8346 9337/2611/8348 9338/2612/8349
f 9336/2609/8347 9335/2610/8346 9339/2613/8350
f 9338/2612/8349 9340/2614/8351 9335/2610/8346
f 9339/2613/8350 9341/2615/8352 9336/2609/8347
f 9340/2614/8351 9338/2612/8349 9342/2616/8353
f 9341/2615/8352 9339/2613/8350 9343/2617/8354
f 9340/2614/8351 9342/2616/8353 9344/2618/8355
f 9343/2617/8354 9345/2619/8356 9341/2615/8352
f 9344/2618/8355 9346/2620/8357 9340/2614/8351
f 9345/2619/8356 9343/2617/8354 9347/2621/8358
f 9346/2620/8357 9344/2618/8355 9348/2622/8359
f 9347/2621/8358 9349/2623/8360 9345/2619/8356
f 9348/2622/8359 9350/2624/8361 9346/2620/8357
f 9349/2623/8360 9347/2621/8358 9351/2625/8362
f 9350/2624/8361 9348/2622/8359 9352/2626/8363
f 9351/2625/8362 9353/2627/8364 9349/2623/8360
f 9352/2626/8363 9354/2628/8365 9350/2624/8361
f 9351/2625/8362 9355/2629/8366 9353/2627/8364
f 9354/2628/8365 9352/2626/8363 9356/2630/8367
f 9355/2629/8366 9351/2625/8362 9357/2631/8368
f 9356/2630/8367 9357/2631/8368 9354/2628/8365
f 9357/2631/8368 9358/2632/8369 9355/2629/8366
f 9358/2632/8369 9357/2631/8368 9356/2630/8367
f 9359/2319/8370 9360/2323/8371 9361/2633/8372
f 9361/2633/8372 9360/2323/8371 9362/2319/8373
f 9361/2633/8372 9363/2634/8374 9359/2319/8370
f 9364/2315/8375 9359/2319/8370 9363/2634/8374
f 9362/2319/8373 9365/2634/8376 9361/2633/8372
f 9365/2634/8376 9362/2319/8373 9366/2315/8377
f 9363/2634/8374 9361/2633/8372 9367/2322/8378
f 9367/2322/8378 9361/2633/8372 9365/2634/8376
f 9363/2634/8374 9368/2635/8379 9364/2315/8375
f 9369/2311/8380 9364/2315/8375 9368/2635/8379
f 9366/2315/8377 9370/2635/8381 9365/2634/8376
f 9370/2635/8381 9366/2315/8377 9371/2311/8382
f 9368/2635/8379 9372/2636/8383 9369/2311/8380
f 9373/2307/8384 9369/2311/8380 9372/2636/8383
f 9368/2635/8379 9363/2634/8374 9374/2318/8385
f 9367/2322/8378 9374/2318/8385 9363/2634/8374
f 9372/2636/8383 9368/2635/8379 9375/2314/8386
f 9374/2318/8385 9375/2314/8386 9368/2635/8379
f 9372/2636/8383 9376/2637/8387 9373/2307/8384
f 9377/2232/8388 9373/2307/8384 9376/2637/8387
f 9375/2314/8386 9378/2310/8389 9372/2636/8383
f 9376/2637/8387 9372/2636/8383 9378/2310/8389
f 9376/2637/8387 9379/2638/8390 9377/2232/8388
f 9380/2231/8391 9377/2232/8388 9379/2638/8390
f 9378/2310/8389 9381/2306/8392 9376/2637/8387
f 9379/2638/8390 9376/2637/8387 9381/2306/8392
f 9379/2638/8390 9382/2639/8393 9380/2231/8391
f 9383/2235/8394 9380/2231/8391 9382/2639/8393
f 9381/2306/8392 9384/2233/8395 9379/2638/8390
f 9382/2639/8393 9379/2638/8390 9384/2233/8395
f 9382/2639/8393 9385/2640/8396 9383/2235/8394
f 9386/2238/8397 9383/2235/8394 9385/2640/8396
f 9384/2233/8395 9387/2234/8398 9382/2639/8393
f 9385/2640/8396 9382/2639/8393 9387/2234/8398
f 9385/2640/8396 9388/2641/8399 9386/2238/8397
f 9389/2242/8400 9386/2238/8397 9388/2641/8399
f 9387/2234/8398 9390/2237/8401 9385/2640/8396
f 9388/2641/8399 9385/2640/8396 9390/2237/8401
f 9388/2641/8399 9391/2642/8402 9389/2242/8400
f 9392/2246/8403 9389/2242/8400 9391/2642/8402
f 9390/2237/8401 9393/2241/8404 9388/2641/8399
f 9391/2642/8402 9388/2641/8399 9393/2241/8404
f 9391/2642/8402 9394/2332/8405 9392/2246/8403
f 9395/2303/8406 9392/2246/8403 9394/2332/8405
f 9393/2241/8404 9396/2245/8407 9391/2642/8402
f 9394/2332/8405 9391/2642/8402 9396/2245/8407
f 9393/2241/8404 9390/2237/8401 9397/2643/8408
f 9396/2245/8407 9393/2241/8404 9398/2644/8409
f 9397/2643/8408 9398/2644/8409 9393/2241/8404
f 9396/2245/8407 9399/2249/8410 9394/2332/8405
f 9400/2645/8411 9397/2643/8408 9390/2237/8401
f 9390/2237/8401 9387/2234/8398 9400/2645/8411
f 9401/2250/8412 9394/2332/8405 9399/2249/8410
f 9394/2332/8405 9401/2250/8412 9395/2303/8406
f 9402/2646/8413 9400/2645/8411 9387/2234/8398
f 9387/2234/8398 9384/2233/8395 9402/2646/8413
f 9395/2303/8406 9401/2250/8412 9403/2332/8414
f 9403/2332/8414 9404/2246/8415 9395/2303/8406
f 9405/2334/8416 9402/2646/8413 9384/2233/8395
f 9384/2233/8395 9381/2306/8392 9405/2334/8416
f 9404/2246/8415 9403/2332/8414 9406/2642/8417
f 9406/2642/8417 9407/2242/8418 9404/2246/8415
f 9408/2335/8419 9405/2334/8416 9381/2306/8392
f 9381/2306/8392 9378/2310/8389 9408/2335/8419
f 9407/2242/8418 9406/2642/8417 9409/2641/8420
f 9409/2641/8420 9410/2238/8421 9407/2242/8418
f 9411/2336/8422 9408/2335/8419 9378/2310/8389
f 9378/2310/8389 9375/2314/8386 9411/2336/8422
f 9410/2238/8421 9409/2641/8420 9412/2640/8423
f 9412/2640/8423 9413/2235/8424 9410/2238/8421
f 9414/2337/8425 9411/2336/8422 9375/2314/8386
f 9375/2314/8386 9374/2318/8385 9414/2337/8425
f 9413/2235/8424 9412/2640/8423 9415/2639/8426
f 9415/2639/8426 9416/2231/8427 9413/2235/8424
f 9417/2338/8428 9414/2337/8425 9374/2318/8385
f 9374/2318/8385 9367/2322/8378 9417/2338/8428
f 9416/2231/8427 9415/2639/8426 9418/2638/8429
f 9418/2638/8429 9419/2232/8430 9416/2231/8427
f 9417/2338/8428 9367/2322/8378 9420/2318/8431
f 9365/2634/8376 9420/2318/8431 9367/2322/8378
f 9420/2318/8431 9365/2634/8376 9370/2635/8381
f 9419/2232/8430 9418/2638/8429 9421/2637/8432
f 9421/2637/8432 9422/2307/8433 9419/2232/8430
f 9370/2635/8381 9423/2314/8434 9420/2318/8431
f 9422/2307/8433 9421/2637/8432 9424/2636/8435
f 9424/2636/8435 9371/2311/8382 9422/2307/8433
f 9371/2311/8382 9424/2636/8435 9370/2635/8381
f 9423/2314/8434 9370/2635/8381 9424/2636/8435
f 9425/2310/8436 9424/2636/8435 9421/2637/8432
f 9424/2636/8435 9425/2310/8436 9423/2314/8434
f 9426/2306/8437 9421/2637/8432 9418/2638/8429
f 9421/2637/8432 9426/2306/8437 9425/2310/8436
f 9427/2337/8438 9420/2318/8431 9423/2314/8434
f 9420/2318/8431 9427/2337/8438 9417/2338/8428
f 9428/2336/8439 9423/2314/8434 9425/2310/8436
f 9423/2314/8434 9428/2336/8439 9427/2337/8438
f 9429/2320/8440 9417/2338/8428 9427/2337/8438
f 9414/2337/8425 9417/2338/8428 9429/2320/8440
f 9430/2316/8441 9427/2337/8438 9428/2336/8439
f 9427/2337/8438 9430/2316/8441 9429/2320/8440
f 9430/2316/8441 9431/2321/8442 9429/2320/8440
f 9431/2321/8442 9432/2316/8443 9429/2320/8440
f 9429/2320/8440 9432/2316/8443 9414/2337/8425
f 9411/2336/8422 9414/2337/8425 9432/2316/8443
f 9432/2316/8443 9433/2312/8444 9411/2336/8422
f 9433/2312/8444 9432/2316/8443 9434/2317/8445
f 9408/2335/8419 9411/2336/8422 9433/2312/8444
f 9430/2316/8441 9435/2312/8446 9434/2317/8445
f 9428/2336/8439 9435/2312/8446 9430/2316/8441
f 9433/2312/8444 9436/2308/8447 9408/2335/8419
f 9436/2308/8447 9433/2312/8444 9437/2313/8448
f 9405/2334/8416 9408/2335/8419 9436/2308/8447
f 9435/2312/8446 9438/2308/8449 9437/2313/8448
f 9436/2308/8447 9439/2304/8450 9405/2334/8416
f 9440/2309/8451 9439/2304/8450 9436/2308/8447
f 9402/2646/8413 9405/2334/8416 9439/2304/8450
f 9441/2304/8452 9440/2309/8451 9438/2308/8449
f 9439/2304/8450 9442/2236/8453 9402/2646/8413
f 9442/2236/8453 9439/2304/8450 9443/2305/8454
f 9400/2645/8411 9402/2646/8413 9442/2236/8453
f 9441/2304/8452 9444/2236/8455 9443/2305/8454
f 9442/2236/8453 9445/2239/8456 9400/2645/8411
f 9446/2240/8457 9445/2239/8456 9442/2236/8453
f 9397/2643/8408 9400/2645/8411 9445/2239/8456
f 9447/2239/8458 9446/2240/8457 9444/2236/8455
f 9445/2239/8456 9448/2243/8459 9397/2643/8408
f 9448/2243/8459 9445/2239/8456 9449/2244/8460
f 9398/2644/8409 9397/2643/8408 9448/2243/8459
f 9447/2239/8458 9450/2243/8461 9449/2244/8462
f 9448/2243/8459 9451/2247/8463 9398/2644/8409
f 9452/2248/8464 9451/2247/8463 9448/2243/8459
f 9453/2247/8465 9452/2248/8466 9450/2243/8461
f 9454/2647/8467 9398/2644/8409 9451/2247/8463
f 9398/2644/8409 9454/2647/8467 9396/2245/8407
f 9399/2249/8410 9396/2245/8407 9454/2647/8467
f 9451/2247/8463 9455/2251/8468 9454/2647/8467
f 9455/2251/8468 9451/2247/8463 9456/2252/8469
f 9453/2247/8465 9457/2251/8470 9456/2252/8469
f 9458/2648/8471 9454/2647/8467 9455/2251/8468
f 9454/2647/8467 9458/2648/8471 9399/2249/8410
f 9455/2251/8468 9459/2255/8472 9458/2648/8471
f 9460/2256/8473 9459/2255/8472 9455/2251/8468
f 9461/2255/8474 9460/2256/8473 9457/2251/8470
f 9462/2253/8475 9399/2249/8410 9458/2648/8471
f 9399/2249/8410 9462/2253/8475 9401/2250/8412
f 9463/2649/8476 9458/2648/8471 9459/2255/8472
f 9458/2648/8471 9463/2649/8476 9462/2253/8475
f 9459/2255/8472 9464/2259/8477 9463/2649/8476
f 9464/2259/8477 9459/2255/8472 9465/2260/8478
f 9461/2255/8474 9464/2259/8477 9465/2260/8478
f 9463/2649/8476 9464/2259/8477 9461/2255/8474
f 9461/2255/8474 9466/2648/8479 9463/2649/8476
f 9462/2253/8475 9463/2649/8476 9466/2648/8479
f 9466/2648/8479 9461/2255/8474 9457/2251/8470
f 9401/2250/8412 9462/2253/8475 9467/2249/8480
f 9466/2648/8479 9467/2249/8480 9462/2253/8475
f 9467/2249/8480 9403/2332/8414 9401/2250/8412
f 9457/2251/8470 9468/2647/8481 9466/2648/8479
f 9467/2249/8480 9466/2648/8479 9468/2647/8481
f 9468/2647/8481 9457/2251/8470 9453/2247/8465
f 9403/2332/8414 9467/2249/8480 9469/2245/8482
f 9468/2647/8481 9469/2245/8482 9467/2249/8480
f 9469/2245/8482 9406/2642/8417 9403/2332/8414
f 9453/2247/8465 9470/2644/8483 9468/2647/8481
f 9469/2245/8482 9468/2647/8481 9470/2644/8483
f 9470/2644/8483 9453/2247/8465 9450/2243/8461
f 9406/2642/8417 9469/2245/8482 9471/2241/8484
f 9470/2644/8483 9471/2241/8484 9469/2245/8482
f 9471/2241/8484 9409/2641/8420 9406/2642/8417
f 9450/2243/8461 9472/2643/8485 9470/2644/8483
f 9471/2241/8484 9470/2644/8483 9472/2643/8485
f 9472/2643/8485 9450/2243/8461 9447/2239/8458
f 9409/2641/8420 9471/2241/8484 9473/2237/8486
f 9472/2643/8485 9473/2237/8486 9471/2241/8484
f 9473/2237/8486 9412/2640/8423 9409/2641/8420
f 9447/2239/8458 9474/2645/8487 9472/2643/8485
f 9473/2237/8486 9472/2643/8485 9474/2645/8487
f 9474/2645/8487 9447/2239/8458 9444/2236/8455
f 9412/2640/8423 9473/2237/8486 9475/2234/8488
f 9474/2645/8487 9475/2234/8488 9473/2237/8486
f 9475/2234/8488 9415/2639/8426 9412/2640/8423
f 9444/2236/8455 9476/2646/8489 9474/2645/8487
f 9475/2234/8488 9474/2645/8487 9476/2646/8489
f 9476/2646/8489 9444/2236/8455 9441/2304/8452
f 9415/2639/8426 9475/2234/8488 9477/2233/8490
f 9476/2646/8489 9477/2233/8490 9475/2234/8488
f 9477/2233/8490 9418/2638/8429 9415/2639/8426
f 9418/2638/8429 9477/2233/8490 9426/2306/8437
f 9441/2304/8452 9478/2334/8491 9476/2646/8489
f 9477/2233/8490 9476/2646/8489 9478/2334/8491
f 9478/2334/8491 9426/2306/8437 9477/2233/8490
f 9478/2334/8491 9441/2304/8452 9438/2308/8449
f 9426/2306/8437 9478/2334/8491 9479/2335/8492
f 9438/2308/8449 9479/2335/8492 9478/2334/8491
f 9479/2335/8492 9425/2310/8436 9426/2306/8437
f 9479/2335/8492 9438/2308/8449 9435/2312/8446
f 9425/2310/8436 9479/2335/8492 9428/2336/8439
f 9435/2312/8446 9428/2336/8439 9479/2335/8492
f 9480/2650/8493 9481/2651/8494 9482/2652/8495
f 9482/2652/8495 9481/2651/8494 9483/2653/8496
f 9484/2654/8497 9481/2651/8494 9480/2650/8493
f 9483/2653/8496 9481/2651/8494 9485/2655/8498
f 9486/2656/8499 9481/2651/8494 9484/2654/8497
f 9485/2655/8498 9481/2651/8494 9487/2657/8500
f 9488/2658/8501 9481/2651/8494 9486/2656/8499
f 9487/2657/8500 9481/2651/8494 9489/2659/8502
f 9490/2660/8503 9481/2651/8494 9488/2658/8501
f 9489/2659/8502 9481/2651/8494 9491/2661/8504
f 9492/2662/8505 9481/2651/8494 9490/2660/8503
f 9491/2661/8504 9481/2651/8494 9493/2663/8506
f 9494/2664/8507 9481/2651/8494 9492/2662/8505
f 9493/2663/8506 9481/2651/8494 9495/2665/8508
f 9496/2666/8509 9481/2651/8494 9494/2664/8507
f 9495/2665/8508 9481/2651/8494 9497/2667/8510
f 9498/2668/8511 9481/2651/8494 9496/2666/8509
f 9497/2667/8510 9481/2651/8494 9498/2668/8511
f 9499/2651/8512 9500/2650/8513 9501/2652/8514
f 9499/2651/8512 9502/2654/8515 9500/2650/8513
f 9499/2651/8512 9501/2652/8514 9503/2653/8516
f 9499/2651/8512 9504/2656/8517 9502/2654/8515
f 9499/2651/8512 9503/2653/8516 9505/2655/8518
f 9499/2651/8512 9506/2658/8519 9504/2656/8517
f 9499/2651/8512 9505/2655/8518 9507/2657/8520
f 9499/2651/8512 9508/2660/8521 9506/2658/8519
f 9499/2651/8512 9507/2657/8520 9509/2659/8522
f 9499/2651/8512 9510/2662/8523 9508/2660/8521
f 9499/2651/8512 9509/2659/8522 9511/2661/8524
f 9499/2651/8512 9512/2664/8525 9510/2662/8523
f 9499/2651/8512 9511/2661/8524 9513/2663/8526
f 9499/2651/8512 9514/2666/8527 9512/2664/8525
f 9499/2651/8512 9513/2663/8526 9515/2665/8528
f 9499/2651/8512 9516/2668/8529 9514/2666/8527
f 9499/2651/8512 9515/2665/8528 9517/2667/8530
f 9499/2651/8512 9517/2667/8530 9516/2668/8529
